img_id,variant,source_dataset,generator_family,label,prob,path
cifake_0485 (9),clean,cifake,real,0,0.535826563835144,data\cache\clean\test\cifake_0485 (9)\clean.jpg
cifake_0618 (3),clean,cifake,real,0,0.9499842524528503,data\cache\clean\test\cifake_0618 (3)\clean.jpg
cifake_0793,clean,cifake,real,0,0.9392747282981873,data\cache\clean\test\cifake_0793\clean.jpg
cifake_1139,clean,cifake,real,0,0.9090064764022827,data\cache\clean\test\cifake_1139\clean.jpg
cifake_1974,clean,cifake,real,0,0.545417845249176,data\cache\clean\test\cifake_1974\clean.jpg
cifake_2071,clean,cifake,real,0,0.6897249817848206,data\cache\clean\test\cifake_2071\clean.jpg
cifake_2122,clean,cifake,real,0,0.9140879511833191,data\cache\clean\test\cifake_2122\clean.jpg
cifake_2633 (10),clean,cifake,real,0,0.8267723321914673,data\cache\clean\test\cifake_2633 (10)\clean.jpg
cifake_2660,clean,cifake,real,0,0.7949906587600708,data\cache\clean\test\cifake_2660\clean.jpg
cifake_3280 (8),clean,cifake,real,0,0.7200369238853455,data\cache\clean\test\cifake_3280 (8)\clean.jpg
cifake_3891 (3),clean,cifake,real,0,0.8151235580444336,data\cache\clean\test\cifake_3891 (3)\clean.jpg
cifake_3916 (8),clean,cifake,real,0,0.7781004905700684,data\cache\clean\test\cifake_3916 (8)\clean.jpg
cifake_4660 (5),clean,cifake,real,0,0.9528075456619263,data\cache\clean\test\cifake_4660 (5)\clean.jpg
cifake_4673 (5),clean,cifake,real,0,0.6296579837799072,data\cache\clean\test\cifake_4673 (5)\clean.jpg
sidset_011c2e4461eb1fdc,clean,sidset,real,0,0.9733688831329346,data\cache\clean\test\sidset_011c2e4461eb1fdc\clean.jpg
sidset_01cfa603553a1a45,clean,sidset,real,0,0.8826994299888611,data\cache\clean\test\sidset_01cfa603553a1a45\clean.jpg
sidset_038789965a8f7606,clean,sidset,real,0,0.989682137966156,data\cache\clean\test\sidset_038789965a8f7606\clean.jpg
sidset_03a9da8756998d00,clean,sidset,real,0,0.9652811884880066,data\cache\clean\test\sidset_03a9da8756998d00\clean.jpg
sidset_075db643445af8e3,clean,sidset,real,0,0.9922716617584229,data\cache\clean\test\sidset_075db643445af8e3\clean.jpg
sidset_0e40f2f48ac5ec94,clean,sidset,real,0,0.9091269373893738,data\cache\clean\test\sidset_0e40f2f48ac5ec94\clean.jpg
sidset_0f8102c25fc764ea,clean,sidset,real,0,0.9978694915771484,data\cache\clean\test\sidset_0f8102c25fc764ea\clean.jpg
sidset_10932d70e80241b5,clean,sidset,real,0,0.8155155181884766,data\cache\clean\test\sidset_10932d70e80241b5\clean.jpg
sidset_14312756c1c94efa,clean,sidset,real,0,0.9999675750732422,data\cache\clean\test\sidset_14312756c1c94efa\clean.jpg
sidset_1577f06c8ee59ef0,clean,sidset,real,0,0.9808465838432312,data\cache\clean\test\sidset_1577f06c8ee59ef0\clean.jpg
sidset_16c4058cc17896fc,clean,sidset,real,0,0.6023654341697693,data\cache\clean\test\sidset_16c4058cc17896fc\clean.jpg
sidset_1b20d1ec3fd5a56f,clean,sidset,real,0,0.5744082927703857,data\cache\clean\test\sidset_1b20d1ec3fd5a56f\clean.jpg
sidset_1bfc154f6c762c73,clean,sidset,real,0,0.5455847382545471,data\cache\clean\test\sidset_1bfc154f6c762c73\clean.jpg
sidset_22164251d34be040,clean,sidset,real,0,0.9979516863822937,data\cache\clean\test\sidset_22164251d34be040\clean.jpg
sidset_22b07f2ffcaf319c,clean,sidset,real,0,0.9928404092788696,data\cache\clean\test\sidset_22b07f2ffcaf319c\clean.jpg
sidset_26c389b400ea1653,clean,sidset,real,0,0.724541962146759,data\cache\clean\test\sidset_26c389b400ea1653\clean.jpg
sidset_2800b0abf266ffba,clean,sidset,real,0,0.749535083770752,data\cache\clean\test\sidset_2800b0abf266ffba\clean.jpg
sidset_2fad2985c9860cfb,clean,sidset,real,0,0.5846194624900818,data\cache\clean\test\sidset_2fad2985c9860cfb\clean.jpg
sidset_39a3f029e2e17dd3,clean,sidset,real,0,0.9744665026664734,data\cache\clean\test\sidset_39a3f029e2e17dd3\clean.jpg
sidset_3beca4d6152a4aa5,clean,sidset,real,0,0.9206781387329102,data\cache\clean\test\sidset_3beca4d6152a4aa5\clean.jpg
sidset_3fbc4c1574ef987d,clean,sidset,real,0,0.7365514039993286,data\cache\clean\test\sidset_3fbc4c1574ef987d\clean.jpg
sidset_45a6cb8b20ae57d2,clean,sidset,real,0,0.9721305966377258,data\cache\clean\test\sidset_45a6cb8b20ae57d2\clean.jpg
sidset_45c5c68f5a74cd90,clean,sidset,real,0,0.7280712127685547,data\cache\clean\test\sidset_45c5c68f5a74cd90\clean.jpg
sidset_4b587c02c1897383,clean,sidset,real,0,0.7305260896682739,data\cache\clean\test\sidset_4b587c02c1897383\clean.jpg
sidset_4e4b9b1d6e8b2aca,clean,sidset,real,0,0.984148383140564,data\cache\clean\test\sidset_4e4b9b1d6e8b2aca\clean.jpg
sidset_52bf81b2d7f84101,clean,sidset,real,0,0.8061951398849487,data\cache\clean\test\sidset_52bf81b2d7f84101\clean.jpg
sidset_55ed6c0bbd54e07d,clean,sidset,real,0,0.9836040139198303,data\cache\clean\test\sidset_55ed6c0bbd54e07d\clean.jpg
sidset_5b291a7b5ae05cf0,clean,sidset,real,0,0.759323239326477,data\cache\clean\test\sidset_5b291a7b5ae05cf0\clean.jpg
sidset_5b8f12b78d13bfcd,clean,sidset,real,0,0.9957671165466309,data\cache\clean\test\sidset_5b8f12b78d13bfcd\clean.jpg
sidset_5ba522a91162ae70,clean,sidset,real,0,0.9950579404830933,data\cache\clean\test\sidset_5ba522a91162ae70\clean.jpg
sidset_68f0479b7dde7700,clean,sidset,real,0,0.9963077306747437,data\cache\clean\test\sidset_68f0479b7dde7700\clean.jpg
sidset_6b7167d906f4ff1f,clean,sidset,real,0,0.8564388751983643,data\cache\clean\test\sidset_6b7167d906f4ff1f\clean.jpg
sidset_6c4941996cd7f5fc,clean,sidset,real,0,0.8021172285079956,data\cache\clean\test\sidset_6c4941996cd7f5fc\clean.jpg
sidset_796b6212cfecb3de,clean,sidset,real,0,0.9952552914619446,data\cache\clean\test\sidset_796b6212cfecb3de\clean.jpg
sidset_7974984b83c15934,clean,sidset,real,0,0.8455273509025574,data\cache\clean\test\sidset_7974984b83c15934\clean.jpg
sidset_7b550aceb5ec111f,clean,sidset,real,0,0.6712220907211304,data\cache\clean\test\sidset_7b550aceb5ec111f\clean.jpg
sidset_7f1ce0ac000e1d6c,clean,sidset,real,0,0.8366016149520874,data\cache\clean\test\sidset_7f1ce0ac000e1d6c\clean.jpg
sidset_8619862cda88466c,clean,sidset,real,0,0.9414476156234741,data\cache\clean\test\sidset_8619862cda88466c\clean.jpg
sidset_88431f034d786206,clean,sidset,real,0,0.9436593651771545,data\cache\clean\test\sidset_88431f034d786206\clean.jpg
sidset_918190e0dd7fc829,clean,sidset,real,0,0.9129208922386169,data\cache\clean\test\sidset_918190e0dd7fc829\clean.jpg
sidset_9e2a9b16ff46f867,clean,sidset,real,0,0.8862953186035156,data\cache\clean\test\sidset_9e2a9b16ff46f867\clean.jpg
sidset_a3032d75347e6fa2,clean,sidset,real,0,0.8084138035774231,data\cache\clean\test\sidset_a3032d75347e6fa2\clean.jpg
sidset_a429805728e89e7d,clean,sidset,real,0,0.9703012108802795,data\cache\clean\test\sidset_a429805728e89e7d\clean.jpg
sidset_a8ad741ef85002f3,clean,sidset,real,0,0.9019349813461304,data\cache\clean\test\sidset_a8ad741ef85002f3\clean.jpg
sidset_ab1441008986f237,clean,sidset,real,0,0.8236041069030762,data\cache\clean\test\sidset_ab1441008986f237\clean.jpg
sidset_ac54ef2834f8bc74,clean,sidset,real,0,0.9826349020004272,data\cache\clean\test\sidset_ac54ef2834f8bc74\clean.jpg
sidset_b3d460c2a4f17eff,clean,sidset,real,0,0.8022609353065491,data\cache\clean\test\sidset_b3d460c2a4f17eff\clean.jpg
sidset_b56eb4cbcc71b00b,clean,sidset,real,0,0.5874657034873962,data\cache\clean\test\sidset_b56eb4cbcc71b00b\clean.jpg
sidset_b6d4573c9d24dcf3,clean,sidset,real,0,0.6529748439788818,data\cache\clean\test\sidset_b6d4573c9d24dcf3\clean.jpg
sidset_bbd015a643e96c80,clean,sidset,real,0,0.5024020075798035,data\cache\clean\test\sidset_bbd015a643e96c80\clean.jpg
sidset_bc70b06f0d603efd,clean,sidset,real,0,0.9988006353378296,data\cache\clean\test\sidset_bc70b06f0d603efd\clean.jpg
sidset_bf2d95dd1b29bfda,clean,sidset,real,0,0.6860882639884949,data\cache\clean\test\sidset_bf2d95dd1b29bfda\clean.jpg
sidset_c2f7255d9f5d9469,clean,sidset,real,0,0.5393922924995422,data\cache\clean\test\sidset_c2f7255d9f5d9469\clean.jpg
sidset_c5a378b0ea24d25e,clean,sidset,real,0,0.9768838286399841,data\cache\clean\test\sidset_c5a378b0ea24d25e\clean.jpg
sidset_c71adf7ec32fe698,clean,sidset,real,0,0.7755863070487976,data\cache\clean\test\sidset_c71adf7ec32fe698\clean.jpg
sidset_c790c7ca03b21797,clean,sidset,real,0,0.5540858507156372,data\cache\clean\test\sidset_c790c7ca03b21797\clean.jpg
sidset_cb68a83278e88b9d,clean,sidset,real,0,0.8333122134208679,data\cache\clean\test\sidset_cb68a83278e88b9d\clean.jpg
sidset_cc4571b1efacde65,clean,sidset,real,0,0.757114827632904,data\cache\clean\test\sidset_cc4571b1efacde65\clean.jpg
sidset_cd7b3621c53d1ffe,clean,sidset,real,0,0.6308780908584595,data\cache\clean\test\sidset_cd7b3621c53d1ffe\clean.jpg
sidset_d16d462a77a3e94c,clean,sidset,real,0,0.8562271595001221,data\cache\clean\test\sidset_d16d462a77a3e94c\clean.jpg
sidset_d652dc17bb0709b8,clean,sidset,real,0,0.9933089017868042,data\cache\clean\test\sidset_d652dc17bb0709b8\clean.jpg
sidset_db325b24acd0df24,clean,sidset,real,0,0.7690444588661194,data\cache\clean\test\sidset_db325b24acd0df24\clean.jpg
sidset_e67f5961f8d7c753,clean,sidset,real,0,0.6389499306678772,data\cache\clean\test\sidset_e67f5961f8d7c753\clean.jpg
sidset_e6f037cc020a3c67,clean,sidset,real,0,0.6174982786178589,data\cache\clean\test\sidset_e6f037cc020a3c67\clean.jpg
sidset_ef3f636bfc78f3a5,clean,sidset,real,0,0.9872241020202637,data\cache\clean\test\sidset_ef3f636bfc78f3a5\clean.jpg
sidset_f20a6b1e60fc7de3,clean,sidset,real,0,0.7058767080307007,data\cache\clean\test\sidset_f20a6b1e60fc7de3\clean.jpg
sidset_f250696304a3be0e,clean,sidset,real,0,0.9975515007972717,data\cache\clean\test\sidset_f250696304a3be0e\clean.jpg
sidset_f5044c17014681a8,clean,sidset,real,0,0.9777613878250122,data\cache\clean\test\sidset_f5044c17014681a8\clean.jpg
sidset_fac95db1f3df9775,clean,sidset,real,0,0.997841477394104,data\cache\clean\test\sidset_fac95db1f3df9775\clean.jpg
sidset_fe0bec3214706d60,clean,sidset,real,0,0.9865620732307434,data\cache\clean\test\sidset_fe0bec3214706d60\clean.jpg
cifake_0485 (9),blur_s0.5,cifake,real,0,0.535826563835144,data\cache\clean\test\cifake_0485 (9)\blur_s0.5.jpg
cifake_0618 (3),blur_s0.5,cifake,real,0,0.9499842524528503,data\cache\clean\test\cifake_0618 (3)\blur_s0.5.jpg
cifake_0793,blur_s0.5,cifake,real,0,0.9392747282981873,data\cache\clean\test\cifake_0793\blur_s0.5.jpg
cifake_1139,blur_s0.5,cifake,real,0,0.9090064764022827,data\cache\clean\test\cifake_1139\blur_s0.5.jpg
cifake_1974,blur_s0.5,cifake,real,0,0.545417845249176,data\cache\clean\test\cifake_1974\blur_s0.5.jpg
cifake_2071,blur_s0.5,cifake,real,0,0.6897249817848206,data\cache\clean\test\cifake_2071\blur_s0.5.jpg
cifake_2122,blur_s0.5,cifake,real,0,0.9140879511833191,data\cache\clean\test\cifake_2122\blur_s0.5.jpg
cifake_2633 (10),blur_s0.5,cifake,real,0,0.8267723321914673,data\cache\clean\test\cifake_2633 (10)\blur_s0.5.jpg
cifake_2660,blur_s0.5,cifake,real,0,0.7949906587600708,data\cache\clean\test\cifake_2660\blur_s0.5.jpg
cifake_3280 (8),blur_s0.5,cifake,real,0,0.7200369238853455,data\cache\clean\test\cifake_3280 (8)\blur_s0.5.jpg
cifake_3891 (3),blur_s0.5,cifake,real,0,0.8151235580444336,data\cache\clean\test\cifake_3891 (3)\blur_s0.5.jpg
cifake_3916 (8),blur_s0.5,cifake,real,0,0.7781004905700684,data\cache\clean\test\cifake_3916 (8)\blur_s0.5.jpg
cifake_4660 (5),blur_s0.5,cifake,real,0,0.9528075456619263,data\cache\clean\test\cifake_4660 (5)\blur_s0.5.jpg
cifake_4673 (5),blur_s0.5,cifake,real,0,0.6296579837799072,data\cache\clean\test\cifake_4673 (5)\blur_s0.5.jpg
sidset_011c2e4461eb1fdc,blur_s0.5,sidset,real,0,0.9724391102790833,data\cache\clean\test\sidset_011c2e4461eb1fdc\blur_s0.5.jpg
sidset_01cfa603553a1a45,blur_s0.5,sidset,real,0,0.9313842058181763,data\cache\clean\test\sidset_01cfa603553a1a45\blur_s0.5.jpg
sidset_038789965a8f7606,blur_s0.5,sidset,real,0,0.986158549785614,data\cache\clean\test\sidset_038789965a8f7606\blur_s0.5.jpg
sidset_03a9da8756998d00,blur_s0.5,sidset,real,0,0.9371452331542969,data\cache\clean\test\sidset_03a9da8756998d00\blur_s0.5.jpg
sidset_075db643445af8e3,blur_s0.5,sidset,real,0,0.9916267395019531,data\cache\clean\test\sidset_075db643445af8e3\blur_s0.5.jpg
sidset_0e40f2f48ac5ec94,blur_s0.5,sidset,real,0,0.7286170721054077,data\cache\clean\test\sidset_0e40f2f48ac5ec94\blur_s0.5.jpg
sidset_0f8102c25fc764ea,blur_s0.5,sidset,real,0,0.9952371120452881,data\cache\clean\test\sidset_0f8102c25fc764ea\blur_s0.5.jpg
sidset_10932d70e80241b5,blur_s0.5,sidset,real,0,0.8374221324920654,data\cache\clean\test\sidset_10932d70e80241b5\blur_s0.5.jpg
sidset_14312756c1c94efa,blur_s0.5,sidset,real,0,0.9999128580093384,data\cache\clean\test\sidset_14312756c1c94efa\blur_s0.5.jpg
sidset_1577f06c8ee59ef0,blur_s0.5,sidset,real,0,0.9300674796104431,data\cache\clean\test\sidset_1577f06c8ee59ef0\blur_s0.5.jpg
sidset_16c4058cc17896fc,blur_s0.5,sidset,real,0,0.6849667429924011,data\cache\clean\test\sidset_16c4058cc17896fc\blur_s0.5.jpg
sidset_1bfc154f6c762c73,blur_s0.5,sidset,real,0,0.519756555557251,data\cache\clean\test\sidset_1bfc154f6c762c73\blur_s0.5.jpg
sidset_22164251d34be040,blur_s0.5,sidset,real,0,0.9965943694114685,data\cache\clean\test\sidset_22164251d34be040\blur_s0.5.jpg
sidset_22b07f2ffcaf319c,blur_s0.5,sidset,real,0,0.9934797286987305,data\cache\clean\test\sidset_22b07f2ffcaf319c\blur_s0.5.jpg
sidset_26c389b400ea1653,blur_s0.5,sidset,real,0,0.8376311659812927,data\cache\clean\test\sidset_26c389b400ea1653\blur_s0.5.jpg
sidset_2800b0abf266ffba,blur_s0.5,sidset,real,0,0.7473440170288086,data\cache\clean\test\sidset_2800b0abf266ffba\blur_s0.5.jpg
sidset_2fad2985c9860cfb,blur_s0.5,sidset,real,0,0.5992239713668823,data\cache\clean\test\sidset_2fad2985c9860cfb\blur_s0.5.jpg
sidset_39a3f029e2e17dd3,blur_s0.5,sidset,real,0,0.9618086218833923,data\cache\clean\test\sidset_39a3f029e2e17dd3\blur_s0.5.jpg
sidset_3beca4d6152a4aa5,blur_s0.5,sidset,real,0,0.9241320490837097,data\cache\clean\test\sidset_3beca4d6152a4aa5\blur_s0.5.jpg
sidset_3fbc4c1574ef987d,blur_s0.5,sidset,real,0,0.76192307472229,data\cache\clean\test\sidset_3fbc4c1574ef987d\blur_s0.5.jpg
sidset_45a6cb8b20ae57d2,blur_s0.5,sidset,real,0,0.9611238241195679,data\cache\clean\test\sidset_45a6cb8b20ae57d2\blur_s0.5.jpg
sidset_45c5c68f5a74cd90,blur_s0.5,sidset,real,0,0.7120102047920227,data\cache\clean\test\sidset_45c5c68f5a74cd90\blur_s0.5.jpg
sidset_46a383463322d7a9,blur_s0.5,sidset,real,0,0.5028223991394043,data\cache\clean\test\sidset_46a383463322d7a9\blur_s0.5.jpg
sidset_4b587c02c1897383,blur_s0.5,sidset,real,0,0.7621353268623352,data\cache\clean\test\sidset_4b587c02c1897383\blur_s0.5.jpg
sidset_4e4b9b1d6e8b2aca,blur_s0.5,sidset,real,0,0.9751958250999451,data\cache\clean\test\sidset_4e4b9b1d6e8b2aca\blur_s0.5.jpg
sidset_52bf81b2d7f84101,blur_s0.5,sidset,real,0,0.7612132430076599,data\cache\clean\test\sidset_52bf81b2d7f84101\blur_s0.5.jpg
sidset_55ed6c0bbd54e07d,blur_s0.5,sidset,real,0,0.9768955707550049,data\cache\clean\test\sidset_55ed6c0bbd54e07d\blur_s0.5.jpg
sidset_5b291a7b5ae05cf0,blur_s0.5,sidset,real,0,0.6961067318916321,data\cache\clean\test\sidset_5b291a7b5ae05cf0\blur_s0.5.jpg
sidset_5b8f12b78d13bfcd,blur_s0.5,sidset,real,0,0.995419979095459,data\cache\clean\test\sidset_5b8f12b78d13bfcd\blur_s0.5.jpg
sidset_5ba522a91162ae70,blur_s0.5,sidset,real,0,0.9856735467910767,data\cache\clean\test\sidset_5ba522a91162ae70\blur_s0.5.jpg
sidset_68f0479b7dde7700,blur_s0.5,sidset,real,0,0.9921427965164185,data\cache\clean\test\sidset_68f0479b7dde7700\blur_s0.5.jpg
sidset_6b7167d906f4ff1f,blur_s0.5,sidset,real,0,0.8253020644187927,data\cache\clean\test\sidset_6b7167d906f4ff1f\blur_s0.5.jpg
sidset_6c4941996cd7f5fc,blur_s0.5,sidset,real,0,0.7584837675094604,data\cache\clean\test\sidset_6c4941996cd7f5fc\blur_s0.5.jpg
sidset_796b6212cfecb3de,blur_s0.5,sidset,real,0,0.9969747066497803,data\cache\clean\test\sidset_796b6212cfecb3de\blur_s0.5.jpg
sidset_7974984b83c15934,blur_s0.5,sidset,real,0,0.7997931241989136,data\cache\clean\test\sidset_7974984b83c15934\blur_s0.5.jpg
sidset_7b550aceb5ec111f,blur_s0.5,sidset,real,0,0.7474989295005798,data\cache\clean\test\sidset_7b550aceb5ec111f\blur_s0.5.jpg
sidset_7f1ce0ac000e1d6c,blur_s0.5,sidset,real,0,0.846510648727417,data\cache\clean\test\sidset_7f1ce0ac000e1d6c\blur_s0.5.jpg
sidset_8619862cda88466c,blur_s0.5,sidset,real,0,0.906686007976532,data\cache\clean\test\sidset_8619862cda88466c\blur_s0.5.jpg
sidset_88431f034d786206,blur_s0.5,sidset,real,0,0.9243682622909546,data\cache\clean\test\sidset_88431f034d786206\blur_s0.5.jpg
sidset_918190e0dd7fc829,blur_s0.5,sidset,real,0,0.8729164004325867,data\cache\clean\test\sidset_918190e0dd7fc829\blur_s0.5.jpg
sidset_9e2a9b16ff46f867,blur_s0.5,sidset,real,0,0.8664065599441528,data\cache\clean\test\sidset_9e2a9b16ff46f867\blur_s0.5.jpg
sidset_a3032d75347e6fa2,blur_s0.5,sidset,real,0,0.7859387993812561,data\cache\clean\test\sidset_a3032d75347e6fa2\blur_s0.5.jpg
sidset_a429805728e89e7d,blur_s0.5,sidset,real,0,0.9811937212944031,data\cache\clean\test\sidset_a429805728e89e7d\blur_s0.5.jpg
sidset_a8ad741ef85002f3,blur_s0.5,sidset,real,0,0.8658849000930786,data\cache\clean\test\sidset_a8ad741ef85002f3\blur_s0.5.jpg
sidset_ab1441008986f237,blur_s0.5,sidset,real,0,0.8211915493011475,data\cache\clean\test\sidset_ab1441008986f237\blur_s0.5.jpg
sidset_ac54ef2834f8bc74,blur_s0.5,sidset,real,0,0.9806930422782898,data\cache\clean\test\sidset_ac54ef2834f8bc74\blur_s0.5.jpg
sidset_b3d460c2a4f17eff,blur_s0.5,sidset,real,0,0.7156202793121338,data\cache\clean\test\sidset_b3d460c2a4f17eff\blur_s0.5.jpg
sidset_b56eb4cbcc71b00b,blur_s0.5,sidset,real,0,0.6159327030181885,data\cache\clean\test\sidset_b56eb4cbcc71b00b\blur_s0.5.jpg
sidset_b6d4573c9d24dcf3,blur_s0.5,sidset,real,0,0.6810519099235535,data\cache\clean\test\sidset_b6d4573c9d24dcf3\blur_s0.5.jpg
sidset_bbd015a643e96c80,blur_s0.5,sidset,real,0,0.5215944647789001,data\cache\clean\test\sidset_bbd015a643e96c80\blur_s0.5.jpg
sidset_bc70b06f0d603efd,blur_s0.5,sidset,real,0,0.9978222846984863,data\cache\clean\test\sidset_bc70b06f0d603efd\blur_s0.5.jpg
sidset_bf2d95dd1b29bfda,blur_s0.5,sidset,real,0,0.6720659732818604,data\cache\clean\test\sidset_bf2d95dd1b29bfda\blur_s0.5.jpg
sidset_c2f7255d9f5d9469,blur_s0.5,sidset,real,0,0.5079877376556396,data\cache\clean\test\sidset_c2f7255d9f5d9469\blur_s0.5.jpg
sidset_c5a378b0ea24d25e,blur_s0.5,sidset,real,0,0.9783762693405151,data\cache\clean\test\sidset_c5a378b0ea24d25e\blur_s0.5.jpg
sidset_c71adf7ec32fe698,blur_s0.5,sidset,real,0,0.7421854138374329,data\cache\clean\test\sidset_c71adf7ec32fe698\blur_s0.5.jpg
sidset_c790c7ca03b21797,blur_s0.5,sidset,real,0,0.5253210663795471,data\cache\clean\test\sidset_c790c7ca03b21797\blur_s0.5.jpg
sidset_cb68a83278e88b9d,blur_s0.5,sidset,real,0,0.780745267868042,data\cache\clean\test\sidset_cb68a83278e88b9d\blur_s0.5.jpg
sidset_cc4571b1efacde65,blur_s0.5,sidset,real,0,0.7028264999389648,data\cache\clean\test\sidset_cc4571b1efacde65\blur_s0.5.jpg
sidset_d16d462a77a3e94c,blur_s0.5,sidset,real,0,0.6110481023788452,data\cache\clean\test\sidset_d16d462a77a3e94c\blur_s0.5.jpg
sidset_d652dc17bb0709b8,blur_s0.5,sidset,real,0,0.9931617975234985,data\cache\clean\test\sidset_d652dc17bb0709b8\blur_s0.5.jpg
sidset_db325b24acd0df24,blur_s0.5,sidset,real,0,0.7631548643112183,data\cache\clean\test\sidset_db325b24acd0df24\blur_s0.5.jpg
sidset_e67f5961f8d7c753,blur_s0.5,sidset,real,0,0.5950751900672913,data\cache\clean\test\sidset_e67f5961f8d7c753\blur_s0.5.jpg
sidset_e6f037cc020a3c67,blur_s0.5,sidset,real,0,0.6597594618797302,data\cache\clean\test\sidset_e6f037cc020a3c67\blur_s0.5.jpg
sidset_ef3f636bfc78f3a5,blur_s0.5,sidset,real,0,0.9876031279563904,data\cache\clean\test\sidset_ef3f636bfc78f3a5\blur_s0.5.jpg
sidset_f20a6b1e60fc7de3,blur_s0.5,sidset,real,0,0.7544991970062256,data\cache\clean\test\sidset_f20a6b1e60fc7de3\blur_s0.5.jpg
sidset_f250696304a3be0e,blur_s0.5,sidset,real,0,0.9968624114990234,data\cache\clean\test\sidset_f250696304a3be0e\blur_s0.5.jpg
sidset_f5044c17014681a8,blur_s0.5,sidset,real,0,0.9804332256317139,data\cache\clean\test\sidset_f5044c17014681a8\blur_s0.5.jpg
sidset_fac95db1f3df9775,blur_s0.5,sidset,real,0,0.9979594945907593,data\cache\clean\test\sidset_fac95db1f3df9775\blur_s0.5.jpg
sidset_fe0bec3214706d60,blur_s0.5,sidset,real,0,0.987245500087738,data\cache\clean\test\sidset_fe0bec3214706d60\blur_s0.5.jpg
cifake_0485 (9),blur_s1.0,cifake,real,0,0.5367213487625122,data\cache\clean\test\cifake_0485 (9)\blur_s1.0.jpg
cifake_0618 (3),blur_s1.0,cifake,real,0,0.9488324522972107,data\cache\clean\test\cifake_0618 (3)\blur_s1.0.jpg
cifake_0793,blur_s1.0,cifake,real,0,0.9395995736122131,data\cache\clean\test\cifake_0793\blur_s1.0.jpg
cifake_1139,blur_s1.0,cifake,real,0,0.9086856842041016,data\cache\clean\test\cifake_1139\blur_s1.0.jpg
cifake_1974,blur_s1.0,cifake,real,0,0.5366650819778442,data\cache\clean\test\cifake_1974\blur_s1.0.jpg
cifake_2071,blur_s1.0,cifake,real,0,0.6955026984214783,data\cache\clean\test\cifake_2071\blur_s1.0.jpg
cifake_2122,blur_s1.0,cifake,real,0,0.913954496383667,data\cache\clean\test\cifake_2122\blur_s1.0.jpg
cifake_2633 (10),blur_s1.0,cifake,real,0,0.8375199437141418,data\cache\clean\test\cifake_2633 (10)\blur_s1.0.jpg
cifake_2660,blur_s1.0,cifake,real,0,0.7875884771347046,data\cache\clean\test\cifake_2660\blur_s1.0.jpg
cifake_3280 (8),blur_s1.0,cifake,real,0,0.7230245471000671,data\cache\clean\test\cifake_3280 (8)\blur_s1.0.jpg
cifake_3891 (3),blur_s1.0,cifake,real,0,0.813721776008606,data\cache\clean\test\cifake_3891 (3)\blur_s1.0.jpg
cifake_3916 (8),blur_s1.0,cifake,real,0,0.7979744076728821,data\cache\clean\test\cifake_3916 (8)\blur_s1.0.jpg
cifake_4660 (5),blur_s1.0,cifake,real,0,0.9510631561279297,data\cache\clean\test\cifake_4660 (5)\blur_s1.0.jpg
cifake_4673 (5),blur_s1.0,cifake,real,0,0.6302820444107056,data\cache\clean\test\cifake_4673 (5)\blur_s1.0.jpg
sidset_011c2e4461eb1fdc,blur_s1.0,sidset,real,0,0.9785701036453247,data\cache\clean\test\sidset_011c2e4461eb1fdc\blur_s1.0.jpg
sidset_01cfa603553a1a45,blur_s1.0,sidset,real,0,0.9024772047996521,data\cache\clean\test\sidset_01cfa603553a1a45\blur_s1.0.jpg
sidset_038789965a8f7606,blur_s1.0,sidset,real,0,0.9867216348648071,data\cache\clean\test\sidset_038789965a8f7606\blur_s1.0.jpg
sidset_03a9da8756998d00,blur_s1.0,sidset,real,0,0.7446652054786682,data\cache\clean\test\sidset_03a9da8756998d00\blur_s1.0.jpg
sidset_075db643445af8e3,blur_s1.0,sidset,real,0,0.9893592596054077,data\cache\clean\test\sidset_075db643445af8e3\blur_s1.0.jpg
sidset_09f7329f0c1c9fd4,blur_s1.0,sidset,real,0,0.7005269527435303,data\cache\clean\test\sidset_09f7329f0c1c9fd4\blur_s1.0.jpg
sidset_0f8102c25fc764ea,blur_s1.0,sidset,real,0,0.9876570701599121,data\cache\clean\test\sidset_0f8102c25fc764ea\blur_s1.0.jpg
sidset_10932d70e80241b5,blur_s1.0,sidset,real,0,0.8769978284835815,data\cache\clean\test\sidset_10932d70e80241b5\blur_s1.0.jpg
sidset_14312756c1c94efa,blur_s1.0,sidset,real,0,0.9994297623634338,data\cache\clean\test\sidset_14312756c1c94efa\blur_s1.0.jpg
sidset_1577f06c8ee59ef0,blur_s1.0,sidset,real,0,0.8986184597015381,data\cache\clean\test\sidset_1577f06c8ee59ef0\blur_s1.0.jpg
sidset_16c4058cc17896fc,blur_s1.0,sidset,real,0,0.7615735530853271,data\cache\clean\test\sidset_16c4058cc17896fc\blur_s1.0.jpg
sidset_22164251d34be040,blur_s1.0,sidset,real,0,0.9953792095184326,data\cache\clean\test\sidset_22164251d34be040\blur_s1.0.jpg
sidset_22b07f2ffcaf319c,blur_s1.0,sidset,real,0,0.9916765689849854,data\cache\clean\test\sidset_22b07f2ffcaf319c\blur_s1.0.jpg
sidset_26c389b400ea1653,blur_s1.0,sidset,real,0,0.9021421074867249,data\cache\clean\test\sidset_26c389b400ea1653\blur_s1.0.jpg
sidset_2800b0abf266ffba,blur_s1.0,sidset,real,0,0.5808904767036438,data\cache\clean\test\sidset_2800b0abf266ffba\blur_s1.0.jpg
sidset_2fad2985c9860cfb,blur_s1.0,sidset,real,0,0.6712422370910645,data\cache\clean\test\sidset_2fad2985c9860cfb\blur_s1.0.jpg
sidset_39a3f029e2e17dd3,blur_s1.0,sidset,real,0,0.9504239559173584,data\cache\clean\test\sidset_39a3f029e2e17dd3\blur_s1.0.jpg
sidset_3beca4d6152a4aa5,blur_s1.0,sidset,real,0,0.9408668279647827,data\cache\clean\test\sidset_3beca4d6152a4aa5\blur_s1.0.jpg
sidset_3fbc4c1574ef987d,blur_s1.0,sidset,real,0,0.7657188773155212,data\cache\clean\test\sidset_3fbc4c1574ef987d\blur_s1.0.jpg
sidset_45a6cb8b20ae57d2,blur_s1.0,sidset,real,0,0.9205713868141174,data\cache\clean\test\sidset_45a6cb8b20ae57d2\blur_s1.0.jpg
sidset_45c5c68f5a74cd90,blur_s1.0,sidset,real,0,0.5155523419380188,data\cache\clean\test\sidset_45c5c68f5a74cd90\blur_s1.0.jpg
sidset_4b587c02c1897383,blur_s1.0,sidset,real,0,0.8898215293884277,data\cache\clean\test\sidset_4b587c02c1897383\blur_s1.0.jpg
sidset_4e4b9b1d6e8b2aca,blur_s1.0,sidset,real,0,0.9346546530723572,data\cache\clean\test\sidset_4e4b9b1d6e8b2aca\blur_s1.0.jpg
sidset_52bf81b2d7f84101,blur_s1.0,sidset,real,0,0.7088629603385925,data\cache\clean\test\sidset_52bf81b2d7f84101\blur_s1.0.jpg
sidset_55ed6c0bbd54e07d,blur_s1.0,sidset,real,0,0.9661444425582886,data\cache\clean\test\sidset_55ed6c0bbd54e07d\blur_s1.0.jpg
sidset_5b291a7b5ae05cf0,blur_s1.0,sidset,real,0,0.83718341588974,data\cache\clean\test\sidset_5b291a7b5ae05cf0\blur_s1.0.jpg
sidset_5b8f12b78d13bfcd,blur_s1.0,sidset,real,0,0.9960921406745911,data\cache\clean\test\sidset_5b8f12b78d13bfcd\blur_s1.0.jpg
sidset_5ba522a91162ae70,blur_s1.0,sidset,real,0,0.990676999092102,data\cache\clean\test\sidset_5ba522a91162ae70\blur_s1.0.jpg
sidset_68f0479b7dde7700,blur_s1.0,sidset,real,0,0.9844879508018494,data\cache\clean\test\sidset_68f0479b7dde7700\blur_s1.0.jpg
sidset_6b7167d906f4ff1f,blur_s1.0,sidset,real,0,0.9237319231033325,data\cache\clean\test\sidset_6b7167d906f4ff1f\blur_s1.0.jpg
sidset_6c4941996cd7f5fc,blur_s1.0,sidset,real,0,0.7094325423240662,data\cache\clean\test\sidset_6c4941996cd7f5fc\blur_s1.0.jpg
sidset_75c4b6f64d7849f6,blur_s1.0,sidset,real,0,0.521308183670044,data\cache\clean\test\sidset_75c4b6f64d7849f6\blur_s1.0.jpg
sidset_796b6212cfecb3de,blur_s1.0,sidset,real,0,0.9969879984855652,data\cache\clean\test\sidset_796b6212cfecb3de\blur_s1.0.jpg
sidset_7974984b83c15934,blur_s1.0,sidset,real,0,0.797724187374115,data\cache\clean\test\sidset_7974984b83c15934\blur_s1.0.jpg
sidset_7b550aceb5ec111f,blur_s1.0,sidset,real,0,0.7940889596939087,data\cache\clean\test\sidset_7b550aceb5ec111f\blur_s1.0.jpg
sidset_7f1ce0ac000e1d6c,blur_s1.0,sidset,real,0,0.7540870904922485,data\cache\clean\test\sidset_7f1ce0ac000e1d6c\blur_s1.0.jpg
sidset_8619862cda88466c,blur_s1.0,sidset,real,0,0.8899171948432922,data\cache\clean\test\sidset_8619862cda88466c\blur_s1.0.jpg
sidset_88431f034d786206,blur_s1.0,sidset,real,0,0.6996684670448303,data\cache\clean\test\sidset_88431f034d786206\blur_s1.0.jpg
sidset_918190e0dd7fc829,blur_s1.0,sidset,real,0,0.8465188145637512,data\cache\clean\test\sidset_918190e0dd7fc829\blur_s1.0.jpg
sidset_9548acaeca2f5124,blur_s1.0,sidset,real,0,0.7229397892951965,data\cache\clean\test\sidset_9548acaeca2f5124\blur_s1.0.jpg
sidset_9e2a9b16ff46f867,blur_s1.0,sidset,real,0,0.5794190764427185,data\cache\clean\test\sidset_9e2a9b16ff46f867\blur_s1.0.jpg
sidset_a3032d75347e6fa2,blur_s1.0,sidset,real,0,0.8128435611724854,data\cache\clean\test\sidset_a3032d75347e6fa2\blur_s1.0.jpg
sidset_a429805728e89e7d,blur_s1.0,sidset,real,0,0.9826952219009399,data\cache\clean\test\sidset_a429805728e89e7d\blur_s1.0.jpg
sidset_a8ad741ef85002f3,blur_s1.0,sidset,real,0,0.77415531873703,data\cache\clean\test\sidset_a8ad741ef85002f3\blur_s1.0.jpg
sidset_ab1441008986f237,blur_s1.0,sidset,real,0,0.631560742855072,data\cache\clean\test\sidset_ab1441008986f237\blur_s1.0.jpg
sidset_ac54ef2834f8bc74,blur_s1.0,sidset,real,0,0.969943106174469,data\cache\clean\test\sidset_ac54ef2834f8bc74\blur_s1.0.jpg
sidset_addaecf6bdb9e66b,blur_s1.0,sidset,real,0,0.613064706325531,data\cache\clean\test\sidset_addaecf6bdb9e66b\blur_s1.0.jpg
sidset_b56eb4cbcc71b00b,blur_s1.0,sidset,real,0,0.5103757381439209,data\cache\clean\test\sidset_b56eb4cbcc71b00b\blur_s1.0.jpg
sidset_b6d4573c9d24dcf3,blur_s1.0,sidset,real,0,0.8211649656295776,data\cache\clean\test\sidset_b6d4573c9d24dcf3\blur_s1.0.jpg
sidset_bc70b06f0d603efd,blur_s1.0,sidset,real,0,0.9968439340591431,data\cache\clean\test\sidset_bc70b06f0d603efd\blur_s1.0.jpg
sidset_c5a378b0ea24d25e,blur_s1.0,sidset,real,0,0.9771932363510132,data\cache\clean\test\sidset_c5a378b0ea24d25e\blur_s1.0.jpg
sidset_c71adf7ec32fe698,blur_s1.0,sidset,real,0,0.7345116138458252,data\cache\clean\test\sidset_c71adf7ec32fe698\blur_s1.0.jpg
sidset_c790c7ca03b21797,blur_s1.0,sidset,real,0,0.5660520792007446,data\cache\clean\test\sidset_c790c7ca03b21797\blur_s1.0.jpg
sidset_c7d3774f16039f96,blur_s1.0,sidset,real,0,0.6908443570137024,data\cache\clean\test\sidset_c7d3774f16039f96\blur_s1.0.jpg
sidset_cb68a83278e88b9d,blur_s1.0,sidset,real,0,0.7575498819351196,data\cache\clean\test\sidset_cb68a83278e88b9d\blur_s1.0.jpg
sidset_cc4571b1efacde65,blur_s1.0,sidset,real,0,0.5149482488632202,data\cache\clean\test\sidset_cc4571b1efacde65\blur_s1.0.jpg
sidset_d652dc17bb0709b8,blur_s1.0,sidset,real,0,0.9905052781105042,data\cache\clean\test\sidset_d652dc17bb0709b8\blur_s1.0.jpg
sidset_db325b24acd0df24,blur_s1.0,sidset,real,0,0.8577684760093689,data\cache\clean\test\sidset_db325b24acd0df24\blur_s1.0.jpg
sidset_e17950e53d271009,blur_s1.0,sidset,real,0,0.547867476940155,data\cache\clean\test\sidset_e17950e53d271009\blur_s1.0.jpg
sidset_e6f037cc020a3c67,blur_s1.0,sidset,real,0,0.6465251445770264,data\cache\clean\test\sidset_e6f037cc020a3c67\blur_s1.0.jpg
sidset_ef3f636bfc78f3a5,blur_s1.0,sidset,real,0,0.9889219999313354,data\cache\clean\test\sidset_ef3f636bfc78f3a5\blur_s1.0.jpg
sidset_f20a6b1e60fc7de3,blur_s1.0,sidset,real,0,0.9081113934516907,data\cache\clean\test\sidset_f20a6b1e60fc7de3\blur_s1.0.jpg
sidset_f250696304a3be0e,blur_s1.0,sidset,real,0,0.9938797950744629,data\cache\clean\test\sidset_f250696304a3be0e\blur_s1.0.jpg
sidset_f5044c17014681a8,blur_s1.0,sidset,real,0,0.983838677406311,data\cache\clean\test\sidset_f5044c17014681a8\blur_s1.0.jpg
sidset_fac95db1f3df9775,blur_s1.0,sidset,real,0,0.99813312292099,data\cache\clean\test\sidset_fac95db1f3df9775\blur_s1.0.jpg
sidset_fe0bec3214706d60,blur_s1.0,sidset,real,0,0.9894439578056335,data\cache\clean\test\sidset_fe0bec3214706d60\blur_s1.0.jpg
cifake_0240 (9),blur_s2.0,cifake,real,0,0.5027668476104736,data\cache\clean\test\cifake_0240 (9)\blur_s2.0.jpg
cifake_0485 (9),blur_s2.0,cifake,real,0,0.5859788060188293,data\cache\clean\test\cifake_0485 (9)\blur_s2.0.jpg
cifake_0618 (3),blur_s2.0,cifake,real,0,0.9523624181747437,data\cache\clean\test\cifake_0618 (3)\blur_s2.0.jpg
cifake_0793,blur_s2.0,cifake,real,0,0.9397728443145752,data\cache\clean\test\cifake_0793\blur_s2.0.jpg
cifake_1139,blur_s2.0,cifake,real,0,0.8954401612281799,data\cache\clean\test\cifake_1139\blur_s2.0.jpg
cifake_2071,blur_s2.0,cifake,real,0,0.7138369679450989,data\cache\clean\test\cifake_2071\blur_s2.0.jpg
cifake_2122,blur_s2.0,cifake,real,0,0.8688294887542725,data\cache\clean\test\cifake_2122\blur_s2.0.jpg
cifake_2633 (10),blur_s2.0,cifake,real,0,0.9041973948478699,data\cache\clean\test\cifake_2633 (10)\blur_s2.0.jpg
cifake_2660,blur_s2.0,cifake,real,0,0.7517910003662109,data\cache\clean\test\cifake_2660\blur_s2.0.jpg
cifake_3280 (8),blur_s2.0,cifake,real,0,0.6968982219696045,data\cache\clean\test\cifake_3280 (8)\blur_s2.0.jpg
cifake_3891 (3),blur_s2.0,cifake,real,0,0.8025243282318115,data\cache\clean\test\cifake_3891 (3)\blur_s2.0.jpg
cifake_3916 (8),blur_s2.0,cifake,real,0,0.7681297063827515,data\cache\clean\test\cifake_3916 (8)\blur_s2.0.jpg
cifake_4660 (5),blur_s2.0,cifake,real,0,0.9463370442390442,data\cache\clean\test\cifake_4660 (5)\blur_s2.0.jpg
cifake_4673 (5),blur_s2.0,cifake,real,0,0.5298522710800171,data\cache\clean\test\cifake_4673 (5)\blur_s2.0.jpg
sidset_011c2e4461eb1fdc,blur_s2.0,sidset,real,0,0.939628005027771,data\cache\clean\test\sidset_011c2e4461eb1fdc\blur_s2.0.jpg
sidset_036df955965cb2f9,blur_s2.0,sidset,real,0,0.7447179555892944,data\cache\clean\test\sidset_036df955965cb2f9\blur_s2.0.jpg
sidset_038789965a8f7606,blur_s2.0,sidset,real,0,0.9882152080535889,data\cache\clean\test\sidset_038789965a8f7606\blur_s2.0.jpg
sidset_03a9da8756998d00,blur_s2.0,sidset,real,0,0.6688587665557861,data\cache\clean\test\sidset_03a9da8756998d00\blur_s2.0.jpg
sidset_075db643445af8e3,blur_s2.0,sidset,real,0,0.9988653659820557,data\cache\clean\test\sidset_075db643445af8e3\blur_s2.0.jpg
sidset_0e40f2f48ac5ec94,blur_s2.0,sidset,real,0,0.5497320294380188,data\cache\clean\test\sidset_0e40f2f48ac5ec94\blur_s2.0.jpg
sidset_0f8102c25fc764ea,blur_s2.0,sidset,real,0,0.9878833889961243,data\cache\clean\test\sidset_0f8102c25fc764ea\blur_s2.0.jpg
sidset_10932d70e80241b5,blur_s2.0,sidset,real,0,0.8038318753242493,data\cache\clean\test\sidset_10932d70e80241b5\blur_s2.0.jpg
sidset_14312756c1c94efa,blur_s2.0,sidset,real,0,0.9988872408866882,data\cache\clean\test\sidset_14312756c1c94efa\blur_s2.0.jpg
sidset_1577f06c8ee59ef0,blur_s2.0,sidset,real,0,0.919213593006134,data\cache\clean\test\sidset_1577f06c8ee59ef0\blur_s2.0.jpg
sidset_16c4058cc17896fc,blur_s2.0,sidset,real,0,0.797380268573761,data\cache\clean\test\sidset_16c4058cc17896fc\blur_s2.0.jpg
sidset_1b20d1ec3fd5a56f,blur_s2.0,sidset,real,0,0.5031741261482239,data\cache\clean\test\sidset_1b20d1ec3fd5a56f\blur_s2.0.jpg
sidset_22164251d34be040,blur_s2.0,sidset,real,0,0.995299220085144,data\cache\clean\test\sidset_22164251d34be040\blur_s2.0.jpg
sidset_22b07f2ffcaf319c,blur_s2.0,sidset,real,0,0.9948364496231079,data\cache\clean\test\sidset_22b07f2ffcaf319c\blur_s2.0.jpg
sidset_262ab01448a69651,blur_s2.0,sidset,real,0,0.5771492719650269,data\cache\clean\test\sidset_262ab01448a69651\blur_s2.0.jpg
sidset_26c389b400ea1653,blur_s2.0,sidset,real,0,0.9051874876022339,data\cache\clean\test\sidset_26c389b400ea1653\blur_s2.0.jpg
sidset_2800b0abf266ffba,blur_s2.0,sidset,real,0,0.5574122071266174,data\cache\clean\test\sidset_2800b0abf266ffba\blur_s2.0.jpg
sidset_2fad2985c9860cfb,blur_s2.0,sidset,real,0,0.5643455386161804,data\cache\clean\test\sidset_2fad2985c9860cfb\blur_s2.0.jpg
sidset_31d44fee2c336e78,blur_s2.0,sidset,real,0,0.7925481200218201,data\cache\clean\test\sidset_31d44fee2c336e78\blur_s2.0.jpg
sidset_326f495eb261b65e,blur_s2.0,sidset,real,0,0.5647604465484619,data\cache\clean\test\sidset_326f495eb261b65e\blur_s2.0.jpg
sidset_333b018473a06c71,blur_s2.0,sidset,real,0,0.8949538469314575,data\cache\clean\test\sidset_333b018473a06c71\blur_s2.0.jpg
sidset_34866edcc2800ae0,blur_s2.0,sidset,real,0,0.5867998003959656,data\cache\clean\test\sidset_34866edcc2800ae0\blur_s2.0.jpg
sidset_39a3f029e2e17dd3,blur_s2.0,sidset,real,0,0.9842421412467957,data\cache\clean\test\sidset_39a3f029e2e17dd3\blur_s2.0.jpg
sidset_3beca4d6152a4aa5,blur_s2.0,sidset,real,0,0.8779520392417908,data\cache\clean\test\sidset_3beca4d6152a4aa5\blur_s2.0.jpg
sidset_45a6cb8b20ae57d2,blur_s2.0,sidset,real,0,0.8352780342102051,data\cache\clean\test\sidset_45a6cb8b20ae57d2\blur_s2.0.jpg
sidset_475d67fc473d0989,blur_s2.0,sidset,real,0,0.7926802039146423,data\cache\clean\test\sidset_475d67fc473d0989\blur_s2.0.jpg
sidset_4e4b9b1d6e8b2aca,blur_s2.0,sidset,real,0,0.9192078113555908,data\cache\clean\test\sidset_4e4b9b1d6e8b2aca\blur_s2.0.jpg
sidset_55ed6c0bbd54e07d,blur_s2.0,sidset,real,0,0.6167718172073364,data\cache\clean\test\sidset_55ed6c0bbd54e07d\blur_s2.0.jpg
sidset_5b291a7b5ae05cf0,blur_s2.0,sidset,real,0,0.8340234756469727,data\cache\clean\test\sidset_5b291a7b5ae05cf0\blur_s2.0.jpg
sidset_5b8f12b78d13bfcd,blur_s2.0,sidset,real,0,0.9937680959701538,data\cache\clean\test\sidset_5b8f12b78d13bfcd\blur_s2.0.jpg
sidset_5ba522a91162ae70,blur_s2.0,sidset,real,0,0.9973738193511963,data\cache\clean\test\sidset_5ba522a91162ae70\blur_s2.0.jpg
sidset_615f67f3acd96d5c,blur_s2.0,sidset,real,0,0.5858914852142334,data\cache\clean\test\sidset_615f67f3acd96d5c\blur_s2.0.jpg
sidset_6431b1bc822a7f18,blur_s2.0,sidset,real,0,0.6068049669265747,data\cache\clean\test\sidset_6431b1bc822a7f18\blur_s2.0.jpg
sidset_656916e9c7039df4,blur_s2.0,sidset,real,0,0.9955020546913147,data\cache\clean\test\sidset_656916e9c7039df4\blur_s2.0.jpg
sidset_656e08da323e3b5e,blur_s2.0,sidset,real,0,0.5686741471290588,data\cache\clean\test\sidset_656e08da323e3b5e\blur_s2.0.jpg
sidset_68f0479b7dde7700,blur_s2.0,sidset,real,0,0.9808846712112427,data\cache\clean\test\sidset_68f0479b7dde7700\blur_s2.0.jpg
sidset_6a9b88d93d860623,blur_s2.0,sidset,real,0,0.8346700668334961,data\cache\clean\test\sidset_6a9b88d93d860623\blur_s2.0.jpg
sidset_6b7167d906f4ff1f,blur_s2.0,sidset,real,0,0.9736072421073914,data\cache\clean\test\sidset_6b7167d906f4ff1f\blur_s2.0.jpg
sidset_75c4b6f64d7849f6,blur_s2.0,sidset,real,0,0.8189631104469299,data\cache\clean\test\sidset_75c4b6f64d7849f6\blur_s2.0.jpg
sidset_796b6212cfecb3de,blur_s2.0,sidset,real,0,0.9529303908348083,data\cache\clean\test\sidset_796b6212cfecb3de\blur_s2.0.jpg
sidset_7974984b83c15934,blur_s2.0,sidset,real,0,0.6743224263191223,data\cache\clean\test\sidset_7974984b83c15934\blur_s2.0.jpg
sidset_7f1ce0ac000e1d6c,blur_s2.0,sidset,real,0,0.6585614085197449,data\cache\clean\test\sidset_7f1ce0ac000e1d6c\blur_s2.0.jpg
sidset_8619862cda88466c,blur_s2.0,sidset,real,0,0.9530842304229736,data\cache\clean\test\sidset_8619862cda88466c\blur_s2.0.jpg
sidset_8d2495ea75218578,blur_s2.0,sidset,real,0,0.6540501713752747,data\cache\clean\test\sidset_8d2495ea75218578\blur_s2.0.jpg
sidset_918190e0dd7fc829,blur_s2.0,sidset,real,0,0.9875482320785522,data\cache\clean\test\sidset_918190e0dd7fc829\blur_s2.0.jpg
sidset_9548acaeca2f5124,blur_s2.0,sidset,real,0,0.5223530530929565,data\cache\clean\test\sidset_9548acaeca2f5124\blur_s2.0.jpg
sidset_9e2a9b16ff46f867,blur_s2.0,sidset,real,0,0.9064878821372986,data\cache\clean\test\sidset_9e2a9b16ff46f867\blur_s2.0.jpg
sidset_a3032d75347e6fa2,blur_s2.0,sidset,real,0,0.7188557386398315,data\cache\clean\test\sidset_a3032d75347e6fa2\blur_s2.0.jpg
sidset_a429805728e89e7d,blur_s2.0,sidset,real,0,0.9883574843406677,data\cache\clean\test\sidset_a429805728e89e7d\blur_s2.0.jpg
sidset_a5b01f2aa66b2e86,blur_s2.0,sidset,real,0,0.6742332577705383,data\cache\clean\test\sidset_a5b01f2aa66b2e86\blur_s2.0.jpg
sidset_a8ad741ef85002f3,blur_s2.0,sidset,real,0,0.8741506934165955,data\cache\clean\test\sidset_a8ad741ef85002f3\blur_s2.0.jpg
sidset_a8c91bd501d586fa,blur_s2.0,sidset,real,0,0.7410189509391785,data\cache\clean\test\sidset_a8c91bd501d586fa\blur_s2.0.jpg
sidset_ac54ef2834f8bc74,blur_s2.0,sidset,real,0,0.9968196153640747,data\cache\clean\test\sidset_ac54ef2834f8bc74\blur_s2.0.jpg
sidset_addaecf6bdb9e66b,blur_s2.0,sidset,real,0,0.9677343964576721,data\cache\clean\test\sidset_addaecf6bdb9e66b\blur_s2.0.jpg
sidset_b2a36196721315df,blur_s2.0,sidset,real,0,0.9321002960205078,data\cache\clean\test\sidset_b2a36196721315df\blur_s2.0.jpg
sidset_b6d4573c9d24dcf3,blur_s2.0,sidset,real,0,0.876499593257904,data\cache\clean\test\sidset_b6d4573c9d24dcf3\blur_s2.0.jpg
sidset_bbd015a643e96c80,blur_s2.0,sidset,real,0,0.7000411152839661,data\cache\clean\test\sidset_bbd015a643e96c80\blur_s2.0.jpg
sidset_bc052518bd925a65,blur_s2.0,sidset,real,0,0.6286803483963013,data\cache\clean\test\sidset_bc052518bd925a65\blur_s2.0.jpg
sidset_bc70b06f0d603efd,blur_s2.0,sidset,real,0,0.9999659061431885,data\cache\clean\test\sidset_bc70b06f0d603efd\blur_s2.0.jpg
sidset_c104d5a827c3dc84,blur_s2.0,sidset,real,0,0.8004759550094604,data\cache\clean\test\sidset_c104d5a827c3dc84\blur_s2.0.jpg
sidset_c5a378b0ea24d25e,blur_s2.0,sidset,real,0,0.9063298106193542,data\cache\clean\test\sidset_c5a378b0ea24d25e\blur_s2.0.jpg
sidset_c71adf7ec32fe698,blur_s2.0,sidset,real,0,0.8366994261741638,data\cache\clean\test\sidset_c71adf7ec32fe698\blur_s2.0.jpg
sidset_c790c7ca03b21797,blur_s2.0,sidset,real,0,0.6156305074691772,data\cache\clean\test\sidset_c790c7ca03b21797\blur_s2.0.jpg
sidset_c7d3774f16039f96,blur_s2.0,sidset,real,0,0.9314190745353699,data\cache\clean\test\sidset_c7d3774f16039f96\blur_s2.0.jpg
sidset_cac550631e35c126,blur_s2.0,sidset,real,0,0.7103047370910645,data\cache\clean\test\sidset_cac550631e35c126\blur_s2.0.jpg
sidset_cb68a83278e88b9d,blur_s2.0,sidset,real,0,0.7659497857093811,data\cache\clean\test\sidset_cb68a83278e88b9d\blur_s2.0.jpg
sidset_ce09a25a50fdfe47,blur_s2.0,sidset,real,0,0.5547177195549011,data\cache\clean\test\sidset_ce09a25a50fdfe47\blur_s2.0.jpg
sidset_d652dc17bb0709b8,blur_s2.0,sidset,real,0,0.9269086122512817,data\cache\clean\test\sidset_d652dc17bb0709b8\blur_s2.0.jpg
sidset_db325b24acd0df24,blur_s2.0,sidset,real,0,0.9817134737968445,data\cache\clean\test\sidset_db325b24acd0df24\blur_s2.0.jpg
sidset_df089363fbc3dff5,blur_s2.0,sidset,real,0,0.5835188031196594,data\cache\clean\test\sidset_df089363fbc3dff5\blur_s2.0.jpg
sidset_e17950e53d271009,blur_s2.0,sidset,real,0,0.9320501685142517,data\cache\clean\test\sidset_e17950e53d271009\blur_s2.0.jpg
sidset_e35ca53982ee8372,blur_s2.0,sidset,real,0,0.6485493183135986,data\cache\clean\test\sidset_e35ca53982ee8372\blur_s2.0.jpg
sidset_e67f5961f8d7c753,blur_s2.0,sidset,real,0,0.9490610361099243,data\cache\clean\test\sidset_e67f5961f8d7c753\blur_s2.0.jpg
sidset_e99541e9ff8fadb2,blur_s2.0,sidset,real,0,0.921014666557312,data\cache\clean\test\sidset_e99541e9ff8fadb2\blur_s2.0.jpg
sidset_ef3f636bfc78f3a5,blur_s2.0,sidset,real,0,0.9841452240943909,data\cache\clean\test\sidset_ef3f636bfc78f3a5\blur_s2.0.jpg
sidset_f20a6b1e60fc7de3,blur_s2.0,sidset,real,0,0.845890462398529,data\cache\clean\test\sidset_f20a6b1e60fc7de3\blur_s2.0.jpg
sidset_f250696304a3be0e,blur_s2.0,sidset,real,0,0.9913082718849182,data\cache\clean\test\sidset_f250696304a3be0e\blur_s2.0.jpg
sidset_f5044c17014681a8,blur_s2.0,sidset,real,0,0.9368351101875305,data\cache\clean\test\sidset_f5044c17014681a8\blur_s2.0.jpg
sidset_fac95db1f3df9775,blur_s2.0,sidset,real,0,0.9991519451141357,data\cache\clean\test\sidset_fac95db1f3df9775\blur_s2.0.jpg
sidset_fe0bec3214706d60,blur_s2.0,sidset,real,0,0.9930794835090637,data\cache\clean\test\sidset_fe0bec3214706d60\blur_s2.0.jpg
cifake_0240 (9),color_down,cifake,real,0,0.8337356448173523,data\cache\clean\test\cifake_0240 (9)\color_down.jpg
cifake_0618 (3),color_down,cifake,real,0,0.7746734023094177,data\cache\clean\test\cifake_0618 (3)\color_down.jpg
cifake_0668 (3),color_down,cifake,real,0,0.8279969692230225,data\cache\clean\test\cifake_0668 (3)\color_down.jpg
cifake_0793,color_down,cifake,real,0,0.8364938497543335,data\cache\clean\test\cifake_0793\color_down.jpg
cifake_1139,color_down,cifake,real,0,0.7001550793647766,data\cache\clean\test\cifake_1139\color_down.jpg
cifake_1974,color_down,cifake,real,0,0.7613971829414368,data\cache\clean\test\cifake_1974\color_down.jpg
cifake_2122,color_down,cifake,real,0,0.8956020474433899,data\cache\clean\test\cifake_2122\color_down.jpg
cifake_2633 (10),color_down,cifake,real,0,0.5298388004302979,data\cache\clean\test\cifake_2633 (10)\color_down.jpg
cifake_2660,color_down,cifake,real,0,0.6855558753013611,data\cache\clean\test\cifake_2660\color_down.jpg
cifake_3819 (2),color_down,cifake,real,0,0.8640131950378418,data\cache\clean\test\cifake_3819 (2)\color_down.jpg
cifake_4592 (10),color_down,cifake,real,0,0.6190133690834045,data\cache\clean\test\cifake_4592 (10)\color_down.jpg
cifake_4609 (2),color_down,cifake,real,0,0.5262057781219482,data\cache\clean\test\cifake_4609 (2)\color_down.jpg
cifake_4673 (5),color_down,cifake,real,0,0.7122367024421692,data\cache\clean\test\cifake_4673 (5)\color_down.jpg
sidset_011c2e4461eb1fdc,color_down,sidset,real,0,0.8191914558410645,data\cache\clean\test\sidset_011c2e4461eb1fdc\color_down.jpg
sidset_01cfa603553a1a45,color_down,sidset,real,0,0.9520931243896484,data\cache\clean\test\sidset_01cfa603553a1a45\color_down.jpg
sidset_01e9eac7f3601b11,color_down,sidset,real,0,0.7382480502128601,data\cache\clean\test\sidset_01e9eac7f3601b11\color_down.jpg
sidset_036df955965cb2f9,color_down,sidset,real,0,0.944094717502594,data\cache\clean\test\sidset_036df955965cb2f9\color_down.jpg
sidset_038789965a8f7606,color_down,sidset,real,0,0.9918659329414368,data\cache\clean\test\sidset_038789965a8f7606\color_down.jpg
sidset_03a9da8756998d00,color_down,sidset,real,0,0.5867792367935181,data\cache\clean\test\sidset_03a9da8756998d00\color_down.jpg
sidset_075db643445af8e3,color_down,sidset,real,0,0.8879310488700867,data\cache\clean\test\sidset_075db643445af8e3\color_down.jpg
sidset_09f7329f0c1c9fd4,color_down,sidset,real,0,0.8527824878692627,data\cache\clean\test\sidset_09f7329f0c1c9fd4\color_down.jpg
sidset_0df1386082a76670,color_down,sidset,real,0,0.6529765129089355,data\cache\clean\test\sidset_0df1386082a76670\color_down.jpg
sidset_0ef4afc6c7902e61,color_down,sidset,real,0,0.7991279363632202,data\cache\clean\test\sidset_0ef4afc6c7902e61\color_down.jpg
sidset_0f8102c25fc764ea,color_down,sidset,real,0,0.9468352198600769,data\cache\clean\test\sidset_0f8102c25fc764ea\color_down.jpg
sidset_10932d70e80241b5,color_down,sidset,real,0,0.6595441699028015,data\cache\clean\test\sidset_10932d70e80241b5\color_down.jpg
sidset_14312756c1c94efa,color_down,sidset,real,0,0.9998314380645752,data\cache\clean\test\sidset_14312756c1c94efa\color_down.jpg
sidset_1493e45feef507e8,color_down,sidset,real,0,0.741354763507843,data\cache\clean\test\sidset_1493e45feef507e8\color_down.jpg
sidset_16c4058cc17896fc,color_down,sidset,real,0,0.5907052755355835,data\cache\clean\test\sidset_16c4058cc17896fc\color_down.jpg
sidset_1d24e17c0f598d7a,color_down,sidset,real,0,0.819139838218689,data\cache\clean\test\sidset_1d24e17c0f598d7a\color_down.jpg
sidset_22164251d34be040,color_down,sidset,real,0,0.9921607375144958,data\cache\clean\test\sidset_22164251d34be040\color_down.jpg
sidset_22b07f2ffcaf319c,color_down,sidset,real,0,0.8207318782806396,data\cache\clean\test\sidset_22b07f2ffcaf319c\color_down.jpg
sidset_262ab01448a69651,color_down,sidset,real,0,0.5516692996025085,data\cache\clean\test\sidset_262ab01448a69651\color_down.jpg
sidset_26c389b400ea1653,color_down,sidset,real,0,0.8120275139808655,data\cache\clean\test\sidset_26c389b400ea1653\color_down.jpg
sidset_2800b0abf266ffba,color_down,sidset,real,0,0.8938465714454651,data\cache\clean\test\sidset_2800b0abf266ffba\color_down.jpg
sidset_31d44fee2c336e78,color_down,sidset,real,0,0.8465752005577087,data\cache\clean\test\sidset_31d44fee2c336e78\color_down.jpg
sidset_333b018473a06c71,color_down,sidset,real,0,0.8061780333518982,data\cache\clean\test\sidset_333b018473a06c71\color_down.jpg
sidset_39a3f029e2e17dd3,color_down,sidset,real,0,0.9734766483306885,data\cache\clean\test\sidset_39a3f029e2e17dd3\color_down.jpg
sidset_3beca4d6152a4aa5,color_down,sidset,real,0,0.8727931380271912,data\cache\clean\test\sidset_3beca4d6152a4aa5\color_down.jpg
sidset_3fbc4c1574ef987d,color_down,sidset,real,0,0.7947623133659363,data\cache\clean\test\sidset_3fbc4c1574ef987d\color_down.jpg
sidset_45a6cb8b20ae57d2,color_down,sidset,real,0,0.9363802075386047,data\cache\clean\test\sidset_45a6cb8b20ae57d2\color_down.jpg
sidset_47927d08b0f027e7,color_down,sidset,real,0,0.8343881368637085,data\cache\clean\test\sidset_47927d08b0f027e7\color_down.jpg
sidset_4b587c02c1897383,color_down,sidset,real,0,0.5170990824699402,data\cache\clean\test\sidset_4b587c02c1897383\color_down.jpg
sidset_4e4b9b1d6e8b2aca,color_down,sidset,real,0,0.9776819348335266,data\cache\clean\test\sidset_4e4b9b1d6e8b2aca\color_down.jpg
sidset_4eb96685f68dd199,color_down,sidset,real,0,0.957683265209198,data\cache\clean\test\sidset_4eb96685f68dd199\color_down.jpg
sidset_52abd3a1d147812f,color_down,sidset,real,0,0.5826666355133057,data\cache\clean\test\sidset_52abd3a1d147812f\color_down.jpg
sidset_52bf81b2d7f84101,color_down,sidset,real,0,0.9260161519050598,data\cache\clean\test\sidset_52bf81b2d7f84101\color_down.jpg
sidset_55ed6c0bbd54e07d,color_down,sidset,real,0,0.981613039970398,data\cache\clean\test\sidset_55ed6c0bbd54e07d\color_down.jpg
sidset_5b291a7b5ae05cf0,color_down,sidset,real,0,0.9003164768218994,data\cache\clean\test\sidset_5b291a7b5ae05cf0\color_down.jpg
sidset_5b8f12b78d13bfcd,color_down,sidset,real,0,0.9967978596687317,data\cache\clean\test\sidset_5b8f12b78d13bfcd\color_down.jpg
sidset_5ba522a91162ae70,color_down,sidset,real,0,0.9506030678749084,data\cache\clean\test\sidset_5ba522a91162ae70\color_down.jpg
sidset_68f0479b7dde7700,color_down,sidset,real,0,0.9928287863731384,data\cache\clean\test\sidset_68f0479b7dde7700\color_down.jpg
sidset_69c93f68829cd211,color_down,sidset,real,0,0.738710343837738,data\cache\clean\test\sidset_69c93f68829cd211\color_down.jpg
sidset_6b7167d906f4ff1f,color_down,sidset,real,0,0.986790120601654,data\cache\clean\test\sidset_6b7167d906f4ff1f\color_down.jpg
sidset_6c4941996cd7f5fc,color_down,sidset,real,0,0.7595944404602051,data\cache\clean\test\sidset_6c4941996cd7f5fc\color_down.jpg
sidset_759a21da57c25774,color_down,sidset,real,0,0.9703994989395142,data\cache\clean\test\sidset_759a21da57c25774\color_down.jpg
sidset_796b6212cfecb3de,color_down,sidset,real,0,0.9788655042648315,data\cache\clean\test\sidset_796b6212cfecb3de\color_down.jpg
sidset_7974984b83c15934,color_down,sidset,real,0,0.9391077160835266,data\cache\clean\test\sidset_7974984b83c15934\color_down.jpg
sidset_7b550aceb5ec111f,color_down,sidset,real,0,0.9048060774803162,data\cache\clean\test\sidset_7b550aceb5ec111f\color_down.jpg
sidset_7f1ce0ac000e1d6c,color_down,sidset,real,0,0.6961659789085388,data\cache\clean\test\sidset_7f1ce0ac000e1d6c\color_down.jpg
sidset_8619862cda88466c,color_down,sidset,real,0,0.9999775886535645,data\cache\clean\test\sidset_8619862cda88466c\color_down.jpg
sidset_88431f034d786206,color_down,sidset,real,0,0.9919800758361816,data\cache\clean\test\sidset_88431f034d786206\color_down.jpg
sidset_8865c586ab64c0f9,color_down,sidset,real,0,0.5301465392112732,data\cache\clean\test\sidset_8865c586ab64c0f9\color_down.jpg
sidset_918190e0dd7fc829,color_down,sidset,real,0,0.8880013823509216,data\cache\clean\test\sidset_918190e0dd7fc829\color_down.jpg
sidset_92ceba260ba314a6,color_down,sidset,real,0,0.538249135017395,data\cache\clean\test\sidset_92ceba260ba314a6\color_down.jpg
sidset_9548acaeca2f5124,color_down,sidset,real,0,0.7528822422027588,data\cache\clean\test\sidset_9548acaeca2f5124\color_down.jpg
sidset_995429a562f1aed2,color_down,sidset,real,0,0.6335580348968506,data\cache\clean\test\sidset_995429a562f1aed2\color_down.jpg
sidset_a36a612621d64289,color_down,sidset,real,0,0.5190341472625732,data\cache\clean\test\sidset_a36a612621d64289\color_down.jpg
sidset_a429805728e89e7d,color_down,sidset,real,0,0.6374167203903198,data\cache\clean\test\sidset_a429805728e89e7d\color_down.jpg
sidset_a5b01f2aa66b2e86,color_down,sidset,real,0,0.9873513579368591,data\cache\clean\test\sidset_a5b01f2aa66b2e86\color_down.jpg
sidset_a8ad741ef85002f3,color_down,sidset,real,0,0.9460474848747253,data\cache\clean\test\sidset_a8ad741ef85002f3\color_down.jpg
sidset_a9461d28df2d46d8,color_down,sidset,real,0,0.5552409291267395,data\cache\clean\test\sidset_a9461d28df2d46d8\color_down.jpg
sidset_ab1441008986f237,color_down,sidset,real,0,0.6901988387107849,data\cache\clean\test\sidset_ab1441008986f237\color_down.jpg
sidset_ac54ef2834f8bc74,color_down,sidset,real,0,0.895678699016571,data\cache\clean\test\sidset_ac54ef2834f8bc74\color_down.jpg
sidset_addaecf6bdb9e66b,color_down,sidset,real,0,0.7950750589370728,data\cache\clean\test\sidset_addaecf6bdb9e66b\color_down.jpg
sidset_ae2a3178c574c716,color_down,sidset,real,0,0.5128940939903259,data\cache\clean\test\sidset_ae2a3178c574c716\color_down.jpg
sidset_b230de6baca8d392,color_down,sidset,real,0,0.8323029279708862,data\cache\clean\test\sidset_b230de6baca8d392\color_down.jpg
sidset_b3d460c2a4f17eff,color_down,sidset,real,0,0.754698634147644,data\cache\clean\test\sidset_b3d460c2a4f17eff\color_down.jpg
sidset_b6d4573c9d24dcf3,color_down,sidset,real,0,0.6996146440505981,data\cache\clean\test\sidset_b6d4573c9d24dcf3\color_down.jpg
sidset_bbd015a643e96c80,color_down,sidset,real,0,0.527971088886261,data\cache\clean\test\sidset_bbd015a643e96c80\color_down.jpg
sidset_bc70b06f0d603efd,color_down,sidset,real,0,0.9998594522476196,data\cache\clean\test\sidset_bc70b06f0d603efd\color_down.jpg
sidset_c104d5a827c3dc84,color_down,sidset,real,0,0.5107135772705078,data\cache\clean\test\sidset_c104d5a827c3dc84\color_down.jpg
sidset_c2f7255d9f5d9469,color_down,sidset,real,0,0.8424112200737,data\cache\clean\test\sidset_c2f7255d9f5d9469\color_down.jpg
sidset_c5a378b0ea24d25e,color_down,sidset,real,0,0.9670680165290833,data\cache\clean\test\sidset_c5a378b0ea24d25e\color_down.jpg
sidset_c71adf7ec32fe698,color_down,sidset,real,0,0.8760609030723572,data\cache\clean\test\sidset_c71adf7ec32fe698\color_down.jpg
sidset_c790c7ca03b21797,color_down,sidset,real,0,0.6412054896354675,data\cache\clean\test\sidset_c790c7ca03b21797\color_down.jpg
sidset_c90419b9eb89527a,color_down,sidset,real,0,0.8008144497871399,data\cache\clean\test\sidset_c90419b9eb89527a\color_down.jpg
sidset_cb68a83278e88b9d,color_down,sidset,real,0,0.6444718241691589,data\cache\clean\test\sidset_cb68a83278e88b9d\color_down.jpg
sidset_cc4571b1efacde65,color_down,sidset,real,0,0.6460985541343689,data\cache\clean\test\sidset_cc4571b1efacde65\color_down.jpg
sidset_d16d462a77a3e94c,color_down,sidset,real,0,0.9691023230552673,data\cache\clean\test\sidset_d16d462a77a3e94c\color_down.jpg
sidset_d652dc17bb0709b8,color_down,sidset,real,0,0.9612043499946594,data\cache\clean\test\sidset_d652dc17bb0709b8\color_down.jpg
sidset_db325b24acd0df24,color_down,sidset,real,0,0.6645112633705139,data\cache\clean\test\sidset_db325b24acd0df24\color_down.jpg
sidset_e19c80d7ff2e201b,color_down,sidset,real,0,0.5270163416862488,data\cache\clean\test\sidset_e19c80d7ff2e201b\color_down.jpg
sidset_e547ceb84d50e7bf,color_down,sidset,real,0,0.5840326547622681,data\cache\clean\test\sidset_e547ceb84d50e7bf\color_down.jpg
sidset_e67f5961f8d7c753,color_down,sidset,real,0,0.63242107629776,data\cache\clean\test\sidset_e67f5961f8d7c753\color_down.jpg
sidset_e99541e9ff8fadb2,color_down,sidset,real,0,0.9697219729423523,data\cache\clean\test\sidset_e99541e9ff8fadb2\color_down.jpg
sidset_ef3f636bfc78f3a5,color_down,sidset,real,0,0.9928036332130432,data\cache\clean\test\sidset_ef3f636bfc78f3a5\color_down.jpg
sidset_f250696304a3be0e,color_down,sidset,real,0,0.9919461607933044,data\cache\clean\test\sidset_f250696304a3be0e\color_down.jpg
sidset_f5044c17014681a8,color_down,sidset,real,0,0.9768090844154358,data\cache\clean\test\sidset_f5044c17014681a8\color_down.jpg
sidset_fac95db1f3df9775,color_down,sidset,real,0,0.9982385635375977,data\cache\clean\test\sidset_fac95db1f3df9775\color_down.jpg
sidset_fe0bec3214706d60,color_down,sidset,real,0,0.993868887424469,data\cache\clean\test\sidset_fe0bec3214706d60\color_down.jpg
cifake_0091 (9),color_up,cifake,real,0,0.7396714687347412,data\cache\clean\test\cifake_0091 (9)\color_up.jpg
cifake_0140 (3),color_up,cifake,real,0,0.576709508895874,data\cache\clean\test\cifake_0140 (3)\color_up.jpg
cifake_0235,color_up,cifake,real,0,0.9531868100166321,data\cache\clean\test\cifake_0235\color_up.jpg
cifake_0240 (9),color_up,cifake,real,0,0.7304713726043701,data\cache\clean\test\cifake_0240 (9)\color_up.jpg
cifake_0242 (4),color_up,cifake,real,0,0.9380395412445068,data\cache\clean\test\cifake_0242 (4)\color_up.jpg
cifake_0327 (5),color_up,cifake,real,0,0.7752055525779724,data\cache\clean\test\cifake_0327 (5)\color_up.jpg
cifake_0508 (3),color_up,cifake,real,0,0.5416175723075867,data\cache\clean\test\cifake_0508 (3)\color_up.jpg
cifake_0618 (3),color_up,cifake,real,0,0.7799549102783203,data\cache\clean\test\cifake_0618 (3)\color_up.jpg
cifake_0793,color_up,cifake,real,0,0.7804221510887146,data\cache\clean\test\cifake_0793\color_up.jpg
cifake_0858 (3),color_up,cifake,real,0,0.9608182311058044,data\cache\clean\test\cifake_0858 (3)\color_up.jpg
cifake_0967 (9),color_up,cifake,real,0,0.9417405128479004,data\cache\clean\test\cifake_0967 (9)\color_up.jpg
cifake_1139,color_up,cifake,real,0,0.569697916507721,data\cache\clean\test\cifake_1139\color_up.jpg
cifake_1311,color_up,cifake,real,0,0.5974811315536499,data\cache\clean\test\cifake_1311\color_up.jpg
cifake_1338 (4),color_up,cifake,real,0,0.7024903297424316,data\cache\clean\test\cifake_1338 (4)\color_up.jpg
cifake_1427,color_up,cifake,real,0,0.7036628723144531,data\cache\clean\test\cifake_1427\color_up.jpg
cifake_1974,color_up,cifake,real,0,0.909838855266571,data\cache\clean\test\cifake_1974\color_up.jpg
cifake_2071,color_up,cifake,real,0,0.6888197660446167,data\cache\clean\test\cifake_2071\color_up.jpg
cifake_2094 (3),color_up,cifake,real,0,0.5775344967842102,data\cache\clean\test\cifake_2094 (3)\color_up.jpg
cifake_2122,color_up,cifake,real,0,0.9701612591743469,data\cache\clean\test\cifake_2122\color_up.jpg
cifake_2633 (10),color_up,cifake,real,0,0.6843685507774353,data\cache\clean\test\cifake_2633 (10)\color_up.jpg
cifake_2660,color_up,cifake,real,0,0.6139073371887207,data\cache\clean\test\cifake_2660\color_up.jpg
cifake_3051 (7),color_up,cifake,real,0,0.8393847346305847,data\cache\clean\test\cifake_3051 (7)\color_up.jpg
cifake_3280 (8),color_up,cifake,real,0,0.7019096612930298,data\cache\clean\test\cifake_3280 (8)\color_up.jpg
cifake_3891 (3),color_up,cifake,real,0,0.9243496656417847,data\cache\clean\test\cifake_3891 (3)\color_up.jpg
cifake_4533 (5),color_up,cifake,real,0,0.5716992020606995,data\cache\clean\test\cifake_4533 (5)\color_up.jpg
cifake_4660 (5),color_up,cifake,real,0,0.9789061546325684,data\cache\clean\test\cifake_4660 (5)\color_up.jpg
cifake_4673 (5),color_up,cifake,real,0,0.870637059211731,data\cache\clean\test\cifake_4673 (5)\color_up.jpg
sidset_011c2e4461eb1fdc,color_up,sidset,real,0,0.9711819291114807,data\cache\clean\test\sidset_011c2e4461eb1fdc\color_up.jpg
sidset_01cfa603553a1a45,color_up,sidset,real,0,0.8953080177307129,data\cache\clean\test\sidset_01cfa603553a1a45\color_up.jpg
sidset_02146057fb279763,color_up,sidset,real,0,0.8939999341964722,data\cache\clean\test\sidset_02146057fb279763\color_up.jpg
sidset_036df955965cb2f9,color_up,sidset,real,0,0.9907423853874207,data\cache\clean\test\sidset_036df955965cb2f9\color_up.jpg
sidset_038789965a8f7606,color_up,sidset,real,0,0.9895855784416199,data\cache\clean\test\sidset_038789965a8f7606\color_up.jpg
sidset_03a9da8756998d00,color_up,sidset,real,0,0.6160382032394409,data\cache\clean\test\sidset_03a9da8756998d00\color_up.jpg
sidset_075db643445af8e3,color_up,sidset,real,0,0.9997767806053162,data\cache\clean\test\sidset_075db643445af8e3\color_up.jpg
sidset_0f8102c25fc764ea,color_up,sidset,real,0,0.9731066226959229,data\cache\clean\test\sidset_0f8102c25fc764ea\color_up.jpg
sidset_10932d70e80241b5,color_up,sidset,real,0,0.9675882458686829,data\cache\clean\test\sidset_10932d70e80241b5\color_up.jpg
sidset_1409961a28ec7db5,color_up,sidset,real,0,0.9343682527542114,data\cache\clean\test\sidset_1409961a28ec7db5\color_up.jpg
sidset_14312756c1c94efa,color_up,sidset,real,0,0.9998853206634521,data\cache\clean\test\sidset_14312756c1c94efa\color_up.jpg
sidset_1577f06c8ee59ef0,color_up,sidset,real,0,0.9805383086204529,data\cache\clean\test\sidset_1577f06c8ee59ef0\color_up.jpg
sidset_16c4058cc17896fc,color_up,sidset,real,0,0.6052238345146179,data\cache\clean\test\sidset_16c4058cc17896fc\color_up.jpg
sidset_1b20d1ec3fd5a56f,color_up,sidset,real,0,0.5165119171142578,data\cache\clean\test\sidset_1b20d1ec3fd5a56f\color_up.jpg
sidset_1d24e17c0f598d7a,color_up,sidset,real,0,0.5284348130226135,data\cache\clean\test\sidset_1d24e17c0f598d7a\color_up.jpg
sidset_22164251d34be040,color_up,sidset,real,0,0.999936580657959,data\cache\clean\test\sidset_22164251d34be040\color_up.jpg
sidset_22b07f2ffcaf319c,color_up,sidset,real,0,0.9979751706123352,data\cache\clean\test\sidset_22b07f2ffcaf319c\color_up.jpg
sidset_262ab01448a69651,color_up,sidset,real,0,0.5367633700370789,data\cache\clean\test\sidset_262ab01448a69651\color_up.jpg
sidset_26c389b400ea1653,color_up,sidset,real,0,0.8922395706176758,data\cache\clean\test\sidset_26c389b400ea1653\color_up.jpg
sidset_2800b0abf266ffba,color_up,sidset,real,0,0.5968572497367859,data\cache\clean\test\sidset_2800b0abf266ffba\color_up.jpg
sidset_310e74902f5337fc,color_up,sidset,real,0,0.8888843655586243,data\cache\clean\test\sidset_310e74902f5337fc\color_up.jpg
sidset_31d44fee2c336e78,color_up,sidset,real,0,0.6141901016235352,data\cache\clean\test\sidset_31d44fee2c336e78\color_up.jpg
sidset_326f495eb261b65e,color_up,sidset,real,0,0.8071211576461792,data\cache\clean\test\sidset_326f495eb261b65e\color_up.jpg
sidset_34866edcc2800ae0,color_up,sidset,real,0,0.9203546047210693,data\cache\clean\test\sidset_34866edcc2800ae0\color_up.jpg
sidset_39a3f029e2e17dd3,color_up,sidset,real,0,0.9933120608329773,data\cache\clean\test\sidset_39a3f029e2e17dd3\color_up.jpg
sidset_3beca4d6152a4aa5,color_up,sidset,real,0,0.9806106090545654,data\cache\clean\test\sidset_3beca4d6152a4aa5\color_up.jpg
sidset_45a6cb8b20ae57d2,color_up,sidset,real,0,0.9594963788986206,data\cache\clean\test\sidset_45a6cb8b20ae57d2\color_up.jpg
sidset_45c5c68f5a74cd90,color_up,sidset,real,0,0.6674343943595886,data\cache\clean\test\sidset_45c5c68f5a74cd90\color_up.jpg
sidset_4e4b9b1d6e8b2aca,color_up,sidset,real,0,0.980076014995575,data\cache\clean\test\sidset_4e4b9b1d6e8b2aca\color_up.jpg
sidset_52bf81b2d7f84101,color_up,sidset,real,0,0.9275092482566833,data\cache\clean\test\sidset_52bf81b2d7f84101\color_up.jpg
sidset_55ed6c0bbd54e07d,color_up,sidset,real,0,0.7969201803207397,data\cache\clean\test\sidset_55ed6c0bbd54e07d\color_up.jpg
sidset_5a165a26bf8ca4be,color_up,sidset,real,0,0.6652193069458008,data\cache\clean\test\sidset_5a165a26bf8ca4be\color_up.jpg
sidset_5b291a7b5ae05cf0,color_up,sidset,real,0,0.7857570648193359,data\cache\clean\test\sidset_5b291a7b5ae05cf0\color_up.jpg
sidset_5b8f12b78d13bfcd,color_up,sidset,real,0,0.990027129650116,data\cache\clean\test\sidset_5b8f12b78d13bfcd\color_up.jpg
sidset_5ba522a91162ae70,color_up,sidset,real,0,0.8298358917236328,data\cache\clean\test\sidset_5ba522a91162ae70\color_up.jpg
sidset_68f0479b7dde7700,color_up,sidset,real,0,0.8849114179611206,data\cache\clean\test\sidset_68f0479b7dde7700\color_up.jpg
sidset_6a9b88d93d860623,color_up,sidset,real,0,0.5810430645942688,data\cache\clean\test\sidset_6a9b88d93d860623\color_up.jpg
sidset_6b7167d906f4ff1f,color_up,sidset,real,0,0.964809775352478,data\cache\clean\test\sidset_6b7167d906f4ff1f\color_up.jpg
sidset_75c4b6f64d7849f6,color_up,sidset,real,0,0.9564335346221924,data\cache\clean\test\sidset_75c4b6f64d7849f6\color_up.jpg
sidset_796b6212cfecb3de,color_up,sidset,real,0,0.9978545308113098,data\cache\clean\test\sidset_796b6212cfecb3de\color_up.jpg
sidset_7974984b83c15934,color_up,sidset,real,0,0.769688606262207,data\cache\clean\test\sidset_7974984b83c15934\color_up.jpg
sidset_7b550aceb5ec111f,color_up,sidset,real,0,0.9624996781349182,data\cache\clean\test\sidset_7b550aceb5ec111f\color_up.jpg
sidset_7f1ce0ac000e1d6c,color_up,sidset,real,0,0.8161051869392395,data\cache\clean\test\sidset_7f1ce0ac000e1d6c\color_up.jpg
sidset_8619862cda88466c,color_up,sidset,real,0,0.992912232875824,data\cache\clean\test\sidset_8619862cda88466c\color_up.jpg
sidset_88431f034d786206,color_up,sidset,real,0,0.9867587685585022,data\cache\clean\test\sidset_88431f034d786206\color_up.jpg
sidset_9548acaeca2f5124,color_up,sidset,real,0,0.6640707850456238,data\cache\clean\test\sidset_9548acaeca2f5124\color_up.jpg
sidset_9811f04611ad082c,color_up,sidset,real,0,0.5441122651100159,data\cache\clean\test\sidset_9811f04611ad082c\color_up.jpg
sidset_a3032d75347e6fa2,color_up,sidset,real,0,0.8674362301826477,data\cache\clean\test\sidset_a3032d75347e6fa2\color_up.jpg
sidset_a429805728e89e7d,color_up,sidset,real,0,0.6577374935150146,data\cache\clean\test\sidset_a429805728e89e7d\color_up.jpg
sidset_a5b01f2aa66b2e86,color_up,sidset,real,0,0.5078296065330505,data\cache\clean\test\sidset_a5b01f2aa66b2e86\color_up.jpg
sidset_ab1441008986f237,color_up,sidset,real,0,0.9326107501983643,data\cache\clean\test\sidset_ab1441008986f237\color_up.jpg
sidset_ac54ef2834f8bc74,color_up,sidset,real,0,0.9961219429969788,data\cache\clean\test\sidset_ac54ef2834f8bc74\color_up.jpg
sidset_ae2a3178c574c716,color_up,sidset,real,0,0.6170269250869751,data\cache\clean\test\sidset_ae2a3178c574c716\color_up.jpg
sidset_b230de6baca8d392,color_up,sidset,real,0,0.9530976414680481,data\cache\clean\test\sidset_b230de6baca8d392\color_up.jpg
sidset_b3d460c2a4f17eff,color_up,sidset,real,0,0.7441919445991516,data\cache\clean\test\sidset_b3d460c2a4f17eff\color_up.jpg
sidset_b56eb4cbcc71b00b,color_up,sidset,real,0,0.6466864943504333,data\cache\clean\test\sidset_b56eb4cbcc71b00b\color_up.jpg
sidset_bc052518bd925a65,color_up,sidset,real,0,0.520846426486969,data\cache\clean\test\sidset_bc052518bd925a65\color_up.jpg
sidset_bc70b06f0d603efd,color_up,sidset,real,0,0.9949513673782349,data\cache\clean\test\sidset_bc70b06f0d603efd\color_up.jpg
sidset_bddc30edb2816122,color_up,sidset,real,0,0.7062810659408569,data\cache\clean\test\sidset_bddc30edb2816122\color_up.jpg
sidset_bf2d95dd1b29bfda,color_up,sidset,real,0,0.6401955485343933,data\cache\clean\test\sidset_bf2d95dd1b29bfda\color_up.jpg
sidset_c2f7255d9f5d9469,color_up,sidset,real,0,0.9771363139152527,data\cache\clean\test\sidset_c2f7255d9f5d9469\color_up.jpg
sidset_c5a378b0ea24d25e,color_up,sidset,real,0,0.9836758971214294,data\cache\clean\test\sidset_c5a378b0ea24d25e\color_up.jpg
sidset_c71adf7ec32fe698,color_up,sidset,real,0,0.8571454882621765,data\cache\clean\test\sidset_c71adf7ec32fe698\color_up.jpg
sidset_c7d3774f16039f96,color_up,sidset,real,0,0.9900000691413879,data\cache\clean\test\sidset_c7d3774f16039f96\color_up.jpg
sidset_c90419b9eb89527a,color_up,sidset,real,0,0.9063656330108643,data\cache\clean\test\sidset_c90419b9eb89527a\color_up.jpg
sidset_cac550631e35c126,color_up,sidset,real,0,0.8051263093948364,data\cache\clean\test\sidset_cac550631e35c126\color_up.jpg
sidset_cb68a83278e88b9d,color_up,sidset,real,0,0.9914214015007019,data\cache\clean\test\sidset_cb68a83278e88b9d\color_up.jpg
sidset_d652dc17bb0709b8,color_up,sidset,real,0,0.9791663289070129,data\cache\clean\test\sidset_d652dc17bb0709b8\color_up.jpg
sidset_d7c9ba7b7774dcd9,color_up,sidset,real,0,0.9556371569633484,data\cache\clean\test\sidset_d7c9ba7b7774dcd9\color_up.jpg
sidset_db325b24acd0df24,color_up,sidset,real,0,0.6200284361839294,data\cache\clean\test\sidset_db325b24acd0df24\color_up.jpg
sidset_df546351780cb733,color_up,sidset,real,0,0.5174559354782104,data\cache\clean\test\sidset_df546351780cb733\color_up.jpg
sidset_e6f037cc020a3c67,color_up,sidset,real,0,0.695483922958374,data\cache\clean\test\sidset_e6f037cc020a3c67\color_up.jpg
sidset_e99541e9ff8fadb2,color_up,sidset,real,0,0.7329520583152771,data\cache\clean\test\sidset_e99541e9ff8fadb2\color_up.jpg
sidset_ef3f636bfc78f3a5,color_up,sidset,real,0,0.9840167760848999,data\cache\clean\test\sidset_ef3f636bfc78f3a5\color_up.jpg
sidset_f250696304a3be0e,color_up,sidset,real,0,0.9930496215820312,data\cache\clean\test\sidset_f250696304a3be0e\color_up.jpg
sidset_f5044c17014681a8,color_up,sidset,real,0,0.9863818883895874,data\cache\clean\test\sidset_f5044c17014681a8\color_up.jpg
sidset_fac95db1f3df9775,color_up,sidset,real,0,0.9987851977348328,data\cache\clean\test\sidset_fac95db1f3df9775\color_up.jpg
sidset_fe0bec3214706d60,color_up,sidset,real,0,0.970493733882904,data\cache\clean\test\sidset_fe0bec3214706d60\color_up.jpg
cifake_0091 (9),crop80,cifake,real,0,0.5569112300872803,data\cache\clean\test\cifake_0091 (9)\crop80.jpg
cifake_0235,crop80,cifake,real,0,0.7453569173812866,data\cache\clean\test\cifake_0235\crop80.jpg
cifake_0327 (5),crop80,cifake,real,0,0.8793426752090454,data\cache\clean\test\cifake_0327 (5)\crop80.jpg
cifake_0485 (9),crop80,cifake,real,0,0.7315611839294434,data\cache\clean\test\cifake_0485 (9)\crop80.jpg
cifake_0697 (2),crop80,cifake,real,0,0.5680593848228455,data\cache\clean\test\cifake_0697 (2)\crop80.jpg
cifake_0793,crop80,cifake,real,0,0.9922258853912354,data\cache\clean\test\cifake_0793\crop80.jpg
cifake_0967 (9),crop80,cifake,real,0,0.6693803668022156,data\cache\clean\test\cifake_0967 (9)\crop80.jpg
cifake_1139,crop80,cifake,real,0,0.8119838833808899,data\cache\clean\test\cifake_1139\crop80.jpg
cifake_1435 (2),crop80,cifake,real,0,0.7571425437927246,data\cache\clean\test\cifake_1435 (2)\crop80.jpg
cifake_1614 (9),crop80,cifake,real,0,0.8574942946434021,data\cache\clean\test\cifake_1614 (9)\crop80.jpg
cifake_1974,crop80,cifake,real,0,0.8564221858978271,data\cache\clean\test\cifake_1974\crop80.jpg
cifake_2122,crop80,cifake,real,0,0.8214561343193054,data\cache\clean\test\cifake_2122\crop80.jpg
cifake_2660,crop80,cifake,real,0,0.8183563947677612,data\cache\clean\test\cifake_2660\crop80.jpg
cifake_2820 (8),crop80,cifake,real,0,0.5165059566497803,data\cache\clean\test\cifake_2820 (8)\crop80.jpg
cifake_2857 (10),crop80,cifake,real,0,0.8557234406471252,data\cache\clean\test\cifake_2857 (10)\crop80.jpg
cifake_3051 (7),crop80,cifake,real,0,0.9255010485649109,data\cache\clean\test\cifake_3051 (7)\crop80.jpg
cifake_3891 (3),crop80,cifake,real,0,0.7958429455757141,data\cache\clean\test\cifake_3891 (3)\crop80.jpg
cifake_3916 (8),crop80,cifake,real,0,0.5089356899261475,data\cache\clean\test\cifake_3916 (8)\crop80.jpg
cifake_4389,crop80,cifake,real,0,0.8077208399772644,data\cache\clean\test\cifake_4389\crop80.jpg
cifake_4609 (2),crop80,cifake,real,0,0.7987709045410156,data\cache\clean\test\cifake_4609 (2)\crop80.jpg
cifake_4660 (5),crop80,cifake,real,0,0.8376359939575195,data\cache\clean\test\cifake_4660 (5)\crop80.jpg
sidset_00e0167d680d60ff,crop80,sidset,real,0,0.512226939201355,data\cache\clean\test\sidset_00e0167d680d60ff\crop80.jpg
sidset_011c2e4461eb1fdc,crop80,sidset,real,0,0.99907386302948,data\cache\clean\test\sidset_011c2e4461eb1fdc\crop80.jpg
sidset_02eb47f790cba404,crop80,sidset,real,0,0.6920235753059387,data\cache\clean\test\sidset_02eb47f790cba404\crop80.jpg
sidset_038789965a8f7606,crop80,sidset,real,0,0.9835277795791626,data\cache\clean\test\sidset_038789965a8f7606\crop80.jpg
sidset_03a9da8756998d00,crop80,sidset,real,0,0.9009116291999817,data\cache\clean\test\sidset_03a9da8756998d00\crop80.jpg
sidset_04dca235b99ad328,crop80,sidset,real,0,0.8330113291740417,data\cache\clean\test\sidset_04dca235b99ad328\crop80.jpg
sidset_075db643445af8e3,crop80,sidset,real,0,0.9996566772460938,data\cache\clean\test\sidset_075db643445af8e3\crop80.jpg
sidset_09f7329f0c1c9fd4,crop80,sidset,real,0,0.9897484183311462,data\cache\clean\test\sidset_09f7329f0c1c9fd4\crop80.jpg
sidset_0ef4afc6c7902e61,crop80,sidset,real,0,0.6668795347213745,data\cache\clean\test\sidset_0ef4afc6c7902e61\crop80.jpg
sidset_0f8102c25fc764ea,crop80,sidset,real,0,0.9954079985618591,data\cache\clean\test\sidset_0f8102c25fc764ea\crop80.jpg
sidset_10932d70e80241b5,crop80,sidset,real,0,0.9768139719963074,data\cache\clean\test\sidset_10932d70e80241b5\crop80.jpg
sidset_14312756c1c94efa,crop80,sidset,real,0,0.9999305009841919,data\cache\clean\test\sidset_14312756c1c94efa\crop80.jpg
sidset_1577f06c8ee59ef0,crop80,sidset,real,0,0.9698362350463867,data\cache\clean\test\sidset_1577f06c8ee59ef0\crop80.jpg
sidset_19a1dd0dde3ed26c,crop80,sidset,real,0,0.802156388759613,data\cache\clean\test\sidset_19a1dd0dde3ed26c\crop80.jpg
sidset_1b20d1ec3fd5a56f,crop80,sidset,real,0,0.6074444055557251,data\cache\clean\test\sidset_1b20d1ec3fd5a56f\crop80.jpg
sidset_22164251d34be040,crop80,sidset,real,0,0.989203155040741,data\cache\clean\test\sidset_22164251d34be040\crop80.jpg
sidset_22b07f2ffcaf319c,crop80,sidset,real,0,0.9727602601051331,data\cache\clean\test\sidset_22b07f2ffcaf319c\crop80.jpg
sidset_2800b0abf266ffba,crop80,sidset,real,0,0.6949430108070374,data\cache\clean\test\sidset_2800b0abf266ffba\crop80.jpg
sidset_34866edcc2800ae0,crop80,sidset,real,0,0.7982643246650696,data\cache\clean\test\sidset_34866edcc2800ae0\crop80.jpg
sidset_34cdb10173e55171,crop80,sidset,real,0,0.5835075378417969,data\cache\clean\test\sidset_34cdb10173e55171\crop80.jpg
sidset_39a3f029e2e17dd3,crop80,sidset,real,0,0.9987467527389526,data\cache\clean\test\sidset_39a3f029e2e17dd3\crop80.jpg
sidset_3beca4d6152a4aa5,crop80,sidset,real,0,0.9673869609832764,data\cache\clean\test\sidset_3beca4d6152a4aa5\crop80.jpg
sidset_45a6cb8b20ae57d2,crop80,sidset,real,0,0.9062480330467224,data\cache\clean\test\sidset_45a6cb8b20ae57d2\crop80.jpg
sidset_475d67fc473d0989,crop80,sidset,real,0,0.7070637941360474,data\cache\clean\test\sidset_475d67fc473d0989\crop80.jpg
sidset_4b587c02c1897383,crop80,sidset,real,0,0.7160004377365112,data\cache\clean\test\sidset_4b587c02c1897383\crop80.jpg
sidset_4babe6eef86c29f6,crop80,sidset,real,0,0.7770358920097351,data\cache\clean\test\sidset_4babe6eef86c29f6\crop80.jpg
sidset_4e4b9b1d6e8b2aca,crop80,sidset,real,0,0.985500156879425,data\cache\clean\test\sidset_4e4b9b1d6e8b2aca\crop80.jpg
sidset_52bf81b2d7f84101,crop80,sidset,real,0,0.6813902258872986,data\cache\clean\test\sidset_52bf81b2d7f84101\crop80.jpg
sidset_55ed6c0bbd54e07d,crop80,sidset,real,0,0.9008474946022034,data\cache\clean\test\sidset_55ed6c0bbd54e07d\crop80.jpg
sidset_59fe7b3f437e993b,crop80,sidset,real,0,0.542793869972229,data\cache\clean\test\sidset_59fe7b3f437e993b\crop80.jpg
sidset_5a165a26bf8ca4be,crop80,sidset,real,0,0.9120098352432251,data\cache\clean\test\sidset_5a165a26bf8ca4be\crop80.jpg
sidset_5b291a7b5ae05cf0,crop80,sidset,real,0,0.9402973651885986,data\cache\clean\test\sidset_5b291a7b5ae05cf0\crop80.jpg
sidset_5b8f12b78d13bfcd,crop80,sidset,real,0,0.9827743172645569,data\cache\clean\test\sidset_5b8f12b78d13bfcd\crop80.jpg
sidset_5ba522a91162ae70,crop80,sidset,real,0,0.9823744297027588,data\cache\clean\test\sidset_5ba522a91162ae70\crop80.jpg
sidset_5c44352c47fabc57,crop80,sidset,real,0,0.8647165894508362,data\cache\clean\test\sidset_5c44352c47fabc57\crop80.jpg
sidset_5fd49a9afbba9bd6,crop80,sidset,real,0,0.9801422357559204,data\cache\clean\test\sidset_5fd49a9afbba9bd6\crop80.jpg
sidset_68f0479b7dde7700,crop80,sidset,real,0,0.9464719295501709,data\cache\clean\test\sidset_68f0479b7dde7700\crop80.jpg
sidset_69fb26faa8ba7f57,crop80,sidset,real,0,0.7955024242401123,data\cache\clean\test\sidset_69fb26faa8ba7f57\crop80.jpg
sidset_6b7167d906f4ff1f,crop80,sidset,real,0,0.5521175265312195,data\cache\clean\test\sidset_6b7167d906f4ff1f\crop80.jpg
sidset_6c4941996cd7f5fc,crop80,sidset,real,0,0.6313296556472778,data\cache\clean\test\sidset_6c4941996cd7f5fc\crop80.jpg
sidset_6facfe9bc72a2676,crop80,sidset,real,0,0.6042319536209106,data\cache\clean\test\sidset_6facfe9bc72a2676\crop80.jpg
sidset_796b6212cfecb3de,crop80,sidset,real,0,0.9768229722976685,data\cache\clean\test\sidset_796b6212cfecb3de\crop80.jpg
sidset_7974984b83c15934,crop80,sidset,real,0,0.7798512578010559,data\cache\clean\test\sidset_7974984b83c15934\crop80.jpg
sidset_7f1ce0ac000e1d6c,crop80,sidset,real,0,0.8034751415252686,data\cache\clean\test\sidset_7f1ce0ac000e1d6c\crop80.jpg
sidset_8619862cda88466c,crop80,sidset,real,0,0.9901965856552124,data\cache\clean\test\sidset_8619862cda88466c\crop80.jpg
sidset_869ee92950f5f574,crop80,sidset,real,0,0.7434165477752686,data\cache\clean\test\sidset_869ee92950f5f574\crop80.jpg
sidset_88431f034d786206,crop80,sidset,real,0,0.9882335662841797,data\cache\clean\test\sidset_88431f034d786206\crop80.jpg
sidset_918190e0dd7fc829,crop80,sidset,real,0,0.9487490653991699,data\cache\clean\test\sidset_918190e0dd7fc829\crop80.jpg
sidset_9811f04611ad082c,crop80,sidset,real,0,0.8705710768699646,data\cache\clean\test\sidset_9811f04611ad082c\crop80.jpg
sidset_995429a562f1aed2,crop80,sidset,real,0,0.8431476354598999,data\cache\clean\test\sidset_995429a562f1aed2\crop80.jpg
sidset_9e2a9b16ff46f867,crop80,sidset,real,0,0.8699634671211243,data\cache\clean\test\sidset_9e2a9b16ff46f867\crop80.jpg
sidset_a3032d75347e6fa2,crop80,sidset,real,0,0.9817484021186829,data\cache\clean\test\sidset_a3032d75347e6fa2\crop80.jpg
sidset_a429805728e89e7d,crop80,sidset,real,0,0.9971465468406677,data\cache\clean\test\sidset_a429805728e89e7d\crop80.jpg
sidset_a8ad741ef85002f3,crop80,sidset,real,0,0.9936231970787048,data\cache\clean\test\sidset_a8ad741ef85002f3\crop80.jpg
sidset_ab1441008986f237,crop80,sidset,real,0,0.6574339866638184,data\cache\clean\test\sidset_ab1441008986f237\crop80.jpg
sidset_abb21498da6986f6,crop80,sidset,real,0,0.8375231027603149,data\cache\clean\test\sidset_abb21498da6986f6\crop80.jpg
sidset_ac54ef2834f8bc74,crop80,sidset,real,0,0.972139835357666,data\cache\clean\test\sidset_ac54ef2834f8bc74\crop80.jpg
sidset_ae2a3178c574c716,crop80,sidset,real,0,0.9239742755889893,data\cache\clean\test\sidset_ae2a3178c574c716\crop80.jpg
sidset_b230de6baca8d392,crop80,sidset,real,0,0.7706397771835327,data\cache\clean\test\sidset_b230de6baca8d392\crop80.jpg
sidset_b3d460c2a4f17eff,crop80,sidset,real,0,0.9611891508102417,data\cache\clean\test\sidset_b3d460c2a4f17eff\crop80.jpg
sidset_b8d2d5fcb72a3a65,crop80,sidset,real,0,0.6337724924087524,data\cache\clean\test\sidset_b8d2d5fcb72a3a65\crop80.jpg
sidset_bc70b06f0d603efd,crop80,sidset,real,0,0.999701201915741,data\cache\clean\test\sidset_bc70b06f0d603efd\crop80.jpg
sidset_c2f7255d9f5d9469,crop80,sidset,real,0,0.877037525177002,data\cache\clean\test\sidset_c2f7255d9f5d9469\crop80.jpg
sidset_c5a378b0ea24d25e,crop80,sidset,real,0,0.9272871017456055,data\cache\clean\test\sidset_c5a378b0ea24d25e\crop80.jpg
sidset_c7d3774f16039f96,crop80,sidset,real,0,0.9973350167274475,data\cache\clean\test\sidset_c7d3774f16039f96\crop80.jpg
sidset_cb68a83278e88b9d,crop80,sidset,real,0,0.9765733480453491,data\cache\clean\test\sidset_cb68a83278e88b9d\crop80.jpg
sidset_cc4571b1efacde65,crop80,sidset,real,0,0.7838758230209351,data\cache\clean\test\sidset_cc4571b1efacde65\crop80.jpg
sidset_cf4b2c96a039ca9a,crop80,sidset,real,0,0.5402059555053711,data\cache\clean\test\sidset_cf4b2c96a039ca9a\crop80.jpg
sidset_d16d462a77a3e94c,crop80,sidset,real,0,0.9539883136749268,data\cache\clean\test\sidset_d16d462a77a3e94c\crop80.jpg
sidset_d652dc17bb0709b8,crop80,sidset,real,0,0.9032800197601318,data\cache\clean\test\sidset_d652dc17bb0709b8\crop80.jpg
sidset_d7c9ba7b7774dcd9,crop80,sidset,real,0,0.9811840057373047,data\cache\clean\test\sidset_d7c9ba7b7774dcd9\crop80.jpg
sidset_de57a1a3698e16cf,crop80,sidset,real,0,0.5334677696228027,data\cache\clean\test\sidset_de57a1a3698e16cf\crop80.jpg
sidset_df546351780cb733,crop80,sidset,real,0,0.5649073719978333,data\cache\clean\test\sidset_df546351780cb733\crop80.jpg
sidset_e17950e53d271009,crop80,sidset,real,0,0.7409343123435974,data\cache\clean\test\sidset_e17950e53d271009\crop80.jpg
sidset_e3560455d7084645,crop80,sidset,real,0,0.5428191423416138,data\cache\clean\test\sidset_e3560455d7084645\crop80.jpg
sidset_e6f037cc020a3c67,crop80,sidset,real,0,0.7900237441062927,data\cache\clean\test\sidset_e6f037cc020a3c67\crop80.jpg
sidset_ee10cfddcd14bfe8,crop80,sidset,real,0,0.5785807371139526,data\cache\clean\test\sidset_ee10cfddcd14bfe8\crop80.jpg
sidset_ee3e421ae3a8270d,crop80,sidset,real,0,0.9704012274742126,data\cache\clean\test\sidset_ee3e421ae3a8270d\crop80.jpg
sidset_ef3f636bfc78f3a5,crop80,sidset,real,0,0.988603949546814,data\cache\clean\test\sidset_ef3f636bfc78f3a5\crop80.jpg
sidset_f20a6b1e60fc7de3,crop80,sidset,real,0,0.5123265981674194,data\cache\clean\test\sidset_f20a6b1e60fc7de3\crop80.jpg
sidset_f250696304a3be0e,crop80,sidset,real,0,0.9939572811126709,data\cache\clean\test\sidset_f250696304a3be0e\crop80.jpg
sidset_f2be8bd472d53987,crop80,sidset,real,0,0.7837883830070496,data\cache\clean\test\sidset_f2be8bd472d53987\crop80.jpg
sidset_f5044c17014681a8,crop80,sidset,real,0,0.9824511408805847,data\cache\clean\test\sidset_f5044c17014681a8\crop80.jpg
sidset_f9064164718aa758,crop80,sidset,real,0,0.5448976159095764,data\cache\clean\test\sidset_f9064164718aa758\crop80.jpg
sidset_fac95db1f3df9775,crop80,sidset,real,0,0.9998083710670471,data\cache\clean\test\sidset_fac95db1f3df9775\crop80.jpg
sidset_fe0bec3214706d60,crop80,sidset,real,0,0.9788119196891785,data\cache\clean\test\sidset_fe0bec3214706d60\crop80.jpg
sidset_ffb6be41271c5645,crop80,sidset,real,0,0.7345852255821228,data\cache\clean\test\sidset_ffb6be41271c5645\crop80.jpg
cifake_0091 (9),jpeg_q30,cifake,real,0,0.5680450797080994,data\cache\clean\test\cifake_0091 (9)\jpeg_q30.jpg
cifake_0485 (9),jpeg_q30,cifake,real,0,0.6259859204292297,data\cache\clean\test\cifake_0485 (9)\jpeg_q30.jpg
cifake_0618 (3),jpeg_q30,cifake,real,0,0.6926835775375366,data\cache\clean\test\cifake_0618 (3)\jpeg_q30.jpg
cifake_0697 (2),jpeg_q30,cifake,real,0,0.5235986709594727,data\cache\clean\test\cifake_0697 (2)\jpeg_q30.jpg
cifake_0793,jpeg_q30,cifake,real,0,0.9391605257987976,data\cache\clean\test\cifake_0793\jpeg_q30.jpg
cifake_0811,jpeg_q30,cifake,real,0,0.6986391544342041,data\cache\clean\test\cifake_0811\jpeg_q30.jpg
cifake_0967 (9),jpeg_q30,cifake,real,0,0.9068204760551453,data\cache\clean\test\cifake_0967 (9)\jpeg_q30.jpg
cifake_1139,jpeg_q30,cifake,real,0,0.5386161804199219,data\cache\clean\test\cifake_1139\jpeg_q30.jpg
cifake_1306 (9),jpeg_q30,cifake,real,0,0.8931859135627747,data\cache\clean\test\cifake_1306 (9)\jpeg_q30.jpg
cifake_1311,jpeg_q30,cifake,real,0,0.55873042345047,data\cache\clean\test\cifake_1311\jpeg_q30.jpg
cifake_1331 (2),jpeg_q30,cifake,real,0,0.5864436626434326,data\cache\clean\test\cifake_1331 (2)\jpeg_q30.jpg
cifake_1974,jpeg_q30,cifake,real,0,0.881350040435791,data\cache\clean\test\cifake_1974\jpeg_q30.jpg
cifake_2602 (7),jpeg_q30,cifake,real,0,0.7706266045570374,data\cache\clean\test\cifake_2602 (7)\jpeg_q30.jpg
cifake_2660,jpeg_q30,cifake,real,0,0.6972780823707581,data\cache\clean\test\cifake_2660\jpeg_q30.jpg
cifake_2820 (8),jpeg_q30,cifake,real,0,0.5078238248825073,data\cache\clean\test\cifake_2820 (8)\jpeg_q30.jpg
cifake_3461 (5),jpeg_q30,cifake,real,0,0.8690135478973389,data\cache\clean\test\cifake_3461 (5)\jpeg_q30.jpg
cifake_3891 (3),jpeg_q30,cifake,real,0,0.6648684144020081,data\cache\clean\test\cifake_3891 (3)\jpeg_q30.jpg
cifake_3976,jpeg_q30,cifake,real,0,0.8696054220199585,data\cache\clean\test\cifake_3976\jpeg_q30.jpg
cifake_4369,jpeg_q30,cifake,real,0,0.8744902610778809,data\cache\clean\test\cifake_4369\jpeg_q30.jpg
cifake_4389,jpeg_q30,cifake,real,0,0.6223263144493103,data\cache\clean\test\cifake_4389\jpeg_q30.jpg
cifake_4932 (2),jpeg_q30,cifake,real,0,0.8828389644622803,data\cache\clean\test\cifake_4932 (2)\jpeg_q30.jpg
sidset_011c2e4461eb1fdc,jpeg_q30,sidset,real,0,0.9760103821754456,data\cache\clean\test\sidset_011c2e4461eb1fdc\jpeg_q30.jpg
sidset_01cfa603553a1a45,jpeg_q30,sidset,real,0,0.9213814735412598,data\cache\clean\test\sidset_01cfa603553a1a45\jpeg_q30.jpg
sidset_02146057fb279763,jpeg_q30,sidset,real,0,0.5687573552131653,data\cache\clean\test\sidset_02146057fb279763\jpeg_q30.jpg
sidset_02eb47f790cba404,jpeg_q30,sidset,real,0,0.8824177384376526,data\cache\clean\test\sidset_02eb47f790cba404\jpeg_q30.jpg
sidset_036df955965cb2f9,jpeg_q30,sidset,real,0,0.5504197478294373,data\cache\clean\test\sidset_036df955965cb2f9\jpeg_q30.jpg
sidset_038789965a8f7606,jpeg_q30,sidset,real,0,0.9883207082748413,data\cache\clean\test\sidset_038789965a8f7606\jpeg_q30.jpg
sidset_03a9da8756998d00,jpeg_q30,sidset,real,0,0.966362476348877,data\cache\clean\test\sidset_03a9da8756998d00\jpeg_q30.jpg
sidset_075db643445af8e3,jpeg_q30,sidset,real,0,0.9984934329986572,data\cache\clean\test\sidset_075db643445af8e3\jpeg_q30.jpg
sidset_0ef4afc6c7902e61,jpeg_q30,sidset,real,0,0.7386688590049744,data\cache\clean\test\sidset_0ef4afc6c7902e61\jpeg_q30.jpg
sidset_0f8102c25fc764ea,jpeg_q30,sidset,real,0,0.9994864463806152,data\cache\clean\test\sidset_0f8102c25fc764ea\jpeg_q30.jpg
sidset_14312756c1c94efa,jpeg_q30,sidset,real,0,0.9992592930793762,data\cache\clean\test\sidset_14312756c1c94efa\jpeg_q30.jpg
sidset_1493e45feef507e8,jpeg_q30,sidset,real,0,0.7591188549995422,data\cache\clean\test\sidset_1493e45feef507e8\jpeg_q30.jpg
sidset_1577f06c8ee59ef0,jpeg_q30,sidset,real,0,0.9765347242355347,data\cache\clean\test\sidset_1577f06c8ee59ef0\jpeg_q30.jpg
sidset_19a1dd0dde3ed26c,jpeg_q30,sidset,real,0,0.6131552457809448,data\cache\clean\test\sidset_19a1dd0dde3ed26c\jpeg_q30.jpg
sidset_1cae0a8c943c87f1,jpeg_q30,sidset,real,0,0.7163389325141907,data\cache\clean\test\sidset_1cae0a8c943c87f1\jpeg_q30.jpg
sidset_22164251d34be040,jpeg_q30,sidset,real,0,0.9997404217720032,data\cache\clean\test\sidset_22164251d34be040\jpeg_q30.jpg
sidset_22b07f2ffcaf319c,jpeg_q30,sidset,real,0,0.9925947785377502,data\cache\clean\test\sidset_22b07f2ffcaf319c\jpeg_q30.jpg
sidset_262ab01448a69651,jpeg_q30,sidset,real,0,0.9622185826301575,data\cache\clean\test\sidset_262ab01448a69651\jpeg_q30.jpg
sidset_26c389b400ea1653,jpeg_q30,sidset,real,0,0.8681253790855408,data\cache\clean\test\sidset_26c389b400ea1653\jpeg_q30.jpg
sidset_31d44fee2c336e78,jpeg_q30,sidset,real,0,0.8500518798828125,data\cache\clean\test\sidset_31d44fee2c336e78\jpeg_q30.jpg
sidset_31f7ec5269c0f867,jpeg_q30,sidset,real,0,0.7442762851715088,data\cache\clean\test\sidset_31f7ec5269c0f867\jpeg_q30.jpg
sidset_34866edcc2800ae0,jpeg_q30,sidset,real,0,0.9884814023971558,data\cache\clean\test\sidset_34866edcc2800ae0\jpeg_q30.jpg
sidset_39a3f029e2e17dd3,jpeg_q30,sidset,real,0,0.9803470373153687,data\cache\clean\test\sidset_39a3f029e2e17dd3\jpeg_q30.jpg
sidset_3beca4d6152a4aa5,jpeg_q30,sidset,real,0,0.9461504817008972,data\cache\clean\test\sidset_3beca4d6152a4aa5\jpeg_q30.jpg
sidset_3fbc4c1574ef987d,jpeg_q30,sidset,real,0,0.934583842754364,data\cache\clean\test\sidset_3fbc4c1574ef987d\jpeg_q30.jpg
sidset_45a6cb8b20ae57d2,jpeg_q30,sidset,real,0,0.964468777179718,data\cache\clean\test\sidset_45a6cb8b20ae57d2\jpeg_q30.jpg
sidset_45c5c68f5a74cd90,jpeg_q30,sidset,real,0,0.8386638164520264,data\cache\clean\test\sidset_45c5c68f5a74cd90\jpeg_q30.jpg
sidset_46a383463322d7a9,jpeg_q30,sidset,real,0,0.7264341115951538,data\cache\clean\test\sidset_46a383463322d7a9\jpeg_q30.jpg
sidset_4babe6eef86c29f6,jpeg_q30,sidset,real,0,0.7236864566802979,data\cache\clean\test\sidset_4babe6eef86c29f6\jpeg_q30.jpg
sidset_4e4b9b1d6e8b2aca,jpeg_q30,sidset,real,0,0.9651013612747192,data\cache\clean\test\sidset_4e4b9b1d6e8b2aca\jpeg_q30.jpg
sidset_52bf81b2d7f84101,jpeg_q30,sidset,real,0,0.6027264595031738,data\cache\clean\test\sidset_52bf81b2d7f84101\jpeg_q30.jpg
sidset_55ed6c0bbd54e07d,jpeg_q30,sidset,real,0,0.9118877053260803,data\cache\clean\test\sidset_55ed6c0bbd54e07d\jpeg_q30.jpg
sidset_5a165a26bf8ca4be,jpeg_q30,sidset,real,0,0.6392855644226074,data\cache\clean\test\sidset_5a165a26bf8ca4be\jpeg_q30.jpg
sidset_5b8f12b78d13bfcd,jpeg_q30,sidset,real,0,0.9944146871566772,data\cache\clean\test\sidset_5b8f12b78d13bfcd\jpeg_q30.jpg
sidset_5ba522a91162ae70,jpeg_q30,sidset,real,0,0.9810550212860107,data\cache\clean\test\sidset_5ba522a91162ae70\jpeg_q30.jpg
sidset_656916e9c7039df4,jpeg_q30,sidset,real,0,0.8046037554740906,data\cache\clean\test\sidset_656916e9c7039df4\jpeg_q30.jpg
sidset_68f0479b7dde7700,jpeg_q30,sidset,real,0,0.9973418116569519,data\cache\clean\test\sidset_68f0479b7dde7700\jpeg_q30.jpg
sidset_6b7167d906f4ff1f,jpeg_q30,sidset,real,0,0.9079856276512146,data\cache\clean\test\sidset_6b7167d906f4ff1f\jpeg_q30.jpg
sidset_6c4941996cd7f5fc,jpeg_q30,sidset,real,0,0.8477352261543274,data\cache\clean\test\sidset_6c4941996cd7f5fc\jpeg_q30.jpg
sidset_759a21da57c25774,jpeg_q30,sidset,real,0,0.948421061038971,data\cache\clean\test\sidset_759a21da57c25774\jpeg_q30.jpg
sidset_75c4b6f64d7849f6,jpeg_q30,sidset,real,0,0.9932926893234253,data\cache\clean\test\sidset_75c4b6f64d7849f6\jpeg_q30.jpg
sidset_796b6212cfecb3de,jpeg_q30,sidset,real,0,0.9886317849159241,data\cache\clean\test\sidset_796b6212cfecb3de\jpeg_q30.jpg
sidset_7974984b83c15934,jpeg_q30,sidset,real,0,0.6884983777999878,data\cache\clean\test\sidset_7974984b83c15934\jpeg_q30.jpg
sidset_7b550aceb5ec111f,jpeg_q30,sidset,real,0,0.9819223880767822,data\cache\clean\test\sidset_7b550aceb5ec111f\jpeg_q30.jpg
sidset_7bddd8020e088b07,jpeg_q30,sidset,real,0,0.8379088640213013,data\cache\clean\test\sidset_7bddd8020e088b07\jpeg_q30.jpg
sidset_7f1ce0ac000e1d6c,jpeg_q30,sidset,real,0,0.8230727314949036,data\cache\clean\test\sidset_7f1ce0ac000e1d6c\jpeg_q30.jpg
sidset_80d1af061a4ade59,jpeg_q30,sidset,real,0,0.5034401416778564,data\cache\clean\test\sidset_80d1af061a4ade59\jpeg_q30.jpg
sidset_8619862cda88466c,jpeg_q30,sidset,real,0,0.9993577599525452,data\cache\clean\test\sidset_8619862cda88466c\jpeg_q30.jpg
sidset_88431f034d786206,jpeg_q30,sidset,real,0,0.9954081177711487,data\cache\clean\test\sidset_88431f034d786206\jpeg_q30.jpg
sidset_8d2495ea75218578,jpeg_q30,sidset,real,0,0.9600200057029724,data\cache\clean\test\sidset_8d2495ea75218578\jpeg_q30.jpg
sidset_9548acaeca2f5124,jpeg_q30,sidset,real,0,0.7774487733840942,data\cache\clean\test\sidset_9548acaeca2f5124\jpeg_q30.jpg
sidset_9811f04611ad082c,jpeg_q30,sidset,real,0,0.5058698654174805,data\cache\clean\test\sidset_9811f04611ad082c\jpeg_q30.jpg
sidset_995429a562f1aed2,jpeg_q30,sidset,real,0,0.8112697005271912,data\cache\clean\test\sidset_995429a562f1aed2\jpeg_q30.jpg
sidset_9e2a9b16ff46f867,jpeg_q30,sidset,real,0,0.891257643699646,data\cache\clean\test\sidset_9e2a9b16ff46f867\jpeg_q30.jpg
sidset_a3032d75347e6fa2,jpeg_q30,sidset,real,0,0.9259008765220642,data\cache\clean\test\sidset_a3032d75347e6fa2\jpeg_q30.jpg
sidset_a429805728e89e7d,jpeg_q30,sidset,real,0,0.9976297616958618,data\cache\clean\test\sidset_a429805728e89e7d\jpeg_q30.jpg
sidset_a8ad741ef85002f3,jpeg_q30,sidset,real,0,0.6750437021255493,data\cache\clean\test\sidset_a8ad741ef85002f3\jpeg_q30.jpg
sidset_ab1441008986f237,jpeg_q30,sidset,real,0,0.9785746335983276,data\cache\clean\test\sidset_ab1441008986f237\jpeg_q30.jpg
sidset_ac54ef2834f8bc74,jpeg_q30,sidset,real,0,0.9972936511039734,data\cache\clean\test\sidset_ac54ef2834f8bc74\jpeg_q30.jpg
sidset_ae2a3178c574c716,jpeg_q30,sidset,real,0,0.731520414352417,data\cache\clean\test\sidset_ae2a3178c574c716\jpeg_q30.jpg
sidset_b230de6baca8d392,jpeg_q30,sidset,real,0,0.8172607421875,data\cache\clean\test\sidset_b230de6baca8d392\jpeg_q30.jpg
sidset_b2a36196721315df,jpeg_q30,sidset,real,0,0.7623034715652466,data\cache\clean\test\sidset_b2a36196721315df\jpeg_q30.jpg
sidset_b3d460c2a4f17eff,jpeg_q30,sidset,real,0,0.9387737512588501,data\cache\clean\test\sidset_b3d460c2a4f17eff\jpeg_q30.jpg
sidset_b56eb4cbcc71b00b,jpeg_q30,sidset,real,0,0.7058641910552979,data\cache\clean\test\sidset_b56eb4cbcc71b00b\jpeg_q30.jpg
sidset_b7e2bd65518fb887,jpeg_q30,sidset,real,0,0.5963067412376404,data\cache\clean\test\sidset_b7e2bd65518fb887\jpeg_q30.jpg
sidset_bc70b06f0d603efd,jpeg_q30,sidset,real,0,0.9998823404312134,data\cache\clean\test\sidset_bc70b06f0d603efd\jpeg_q30.jpg
sidset_c104d5a827c3dc84,jpeg_q30,sidset,real,0,0.505750298500061,data\cache\clean\test\sidset_c104d5a827c3dc84\jpeg_q30.jpg
sidset_c5a378b0ea24d25e,jpeg_q30,sidset,real,0,0.9754720330238342,data\cache\clean\test\sidset_c5a378b0ea24d25e\jpeg_q30.jpg
sidset_c7d3774f16039f96,jpeg_q30,sidset,real,0,0.9174306392669678,data\cache\clean\test\sidset_c7d3774f16039f96\jpeg_q30.jpg
sidset_cac550631e35c126,jpeg_q30,sidset,real,0,0.901536226272583,data\cache\clean\test\sidset_cac550631e35c126\jpeg_q30.jpg
sidset_cc4571b1efacde65,jpeg_q30,sidset,real,0,0.7566366195678711,data\cache\clean\test\sidset_cc4571b1efacde65\jpeg_q30.jpg
sidset_cefabeb567a88f94,jpeg_q30,sidset,real,0,0.522951602935791,data\cache\clean\test\sidset_cefabeb567a88f94\jpeg_q30.jpg
sidset_d652dc17bb0709b8,jpeg_q30,sidset,real,0,0.9992682337760925,data\cache\clean\test\sidset_d652dc17bb0709b8\jpeg_q30.jpg
sidset_d7c9ba7b7774dcd9,jpeg_q30,sidset,real,0,0.783313512802124,data\cache\clean\test\sidset_d7c9ba7b7774dcd9\jpeg_q30.jpg
sidset_e547ceb84d50e7bf,jpeg_q30,sidset,real,0,0.6934078931808472,data\cache\clean\test\sidset_e547ceb84d50e7bf\jpeg_q30.jpg
sidset_e67f5961f8d7c753,jpeg_q30,sidset,real,0,0.9409888386726379,data\cache\clean\test\sidset_e67f5961f8d7c753\jpeg_q30.jpg
sidset_e83254d4c55675a6,jpeg_q30,sidset,real,0,0.8491284847259521,data\cache\clean\test\sidset_e83254d4c55675a6\jpeg_q30.jpg
sidset_e99541e9ff8fadb2,jpeg_q30,sidset,real,0,0.9179787039756775,data\cache\clean\test\sidset_e99541e9ff8fadb2\jpeg_q30.jpg
sidset_ee3e421ae3a8270d,jpeg_q30,sidset,real,0,0.8922417759895325,data\cache\clean\test\sidset_ee3e421ae3a8270d\jpeg_q30.jpg
sidset_ef3f636bfc78f3a5,jpeg_q30,sidset,real,0,0.9897436499595642,data\cache\clean\test\sidset_ef3f636bfc78f3a5\jpeg_q30.jpg
sidset_f250696304a3be0e,jpeg_q30,sidset,real,0,0.9726482629776001,data\cache\clean\test\sidset_f250696304a3be0e\jpeg_q30.jpg
sidset_f5044c17014681a8,jpeg_q30,sidset,real,0,0.9752065539360046,data\cache\clean\test\sidset_f5044c17014681a8\jpeg_q30.jpg
sidset_fac95db1f3df9775,jpeg_q30,sidset,real,0,0.9993108510971069,data\cache\clean\test\sidset_fac95db1f3df9775\jpeg_q30.jpg
sidset_fe0bec3214706d60,jpeg_q30,sidset,real,0,0.997894823551178,data\cache\clean\test\sidset_fe0bec3214706d60\jpeg_q30.jpg
cifake_0260 (4),jpeg_q50,cifake,real,0,0.519485354423523,data\cache\clean\test\cifake_0260 (4)\jpeg_q50.jpg
cifake_0485 (9),jpeg_q50,cifake,real,0,0.8518340587615967,data\cache\clean\test\cifake_0485 (9)\jpeg_q50.jpg
cifake_0618 (3),jpeg_q50,cifake,real,0,0.9654509425163269,data\cache\clean\test\cifake_0618 (3)\jpeg_q50.jpg
cifake_0697 (2),jpeg_q50,cifake,real,0,0.8090670108795166,data\cache\clean\test\cifake_0697 (2)\jpeg_q50.jpg
cifake_0739 (4),jpeg_q50,cifake,real,0,0.528012216091156,data\cache\clean\test\cifake_0739 (4)\jpeg_q50.jpg
cifake_0793,jpeg_q50,cifake,real,0,0.9138532280921936,data\cache\clean\test\cifake_0793\jpeg_q50.jpg
cifake_0967 (9),jpeg_q50,cifake,real,0,0.7755117416381836,data\cache\clean\test\cifake_0967 (9)\jpeg_q50.jpg
cifake_1220 (2),jpeg_q50,cifake,real,0,0.5295935869216919,data\cache\clean\test\cifake_1220 (2)\jpeg_q50.jpg
cifake_1306 (9),jpeg_q50,cifake,real,0,0.5072594285011292,data\cache\clean\test\cifake_1306 (9)\jpeg_q50.jpg
cifake_1311,jpeg_q50,cifake,real,0,0.5697466731071472,data\cache\clean\test\cifake_1311\jpeg_q50.jpg
cifake_1427,jpeg_q50,cifake,real,0,0.6619153618812561,data\cache\clean\test\cifake_1427\jpeg_q50.jpg
cifake_1974,jpeg_q50,cifake,real,0,0.9147422313690186,data\cache\clean\test\cifake_1974\jpeg_q50.jpg
cifake_2094 (3),jpeg_q50,cifake,real,0,0.6088618636131287,data\cache\clean\test\cifake_2094 (3)\jpeg_q50.jpg
cifake_2122,jpeg_q50,cifake,real,0,0.70597904920578,data\cache\clean\test\cifake_2122\jpeg_q50.jpg
cifake_2633 (10),jpeg_q50,cifake,real,0,0.6130360960960388,data\cache\clean\test\cifake_2633 (10)\jpeg_q50.jpg
cifake_2660,jpeg_q50,cifake,real,0,0.929063081741333,data\cache\clean\test\cifake_2660\jpeg_q50.jpg
cifake_2666 (9),jpeg_q50,cifake,real,0,0.5511514544487,data\cache\clean\test\cifake_2666 (9)\jpeg_q50.jpg
cifake_3280 (8),jpeg_q50,cifake,real,0,0.8387621641159058,data\cache\clean\test\cifake_3280 (8)\jpeg_q50.jpg
cifake_3461 (5),jpeg_q50,cifake,real,0,0.8386638164520264,data\cache\clean\test\cifake_3461 (5)\jpeg_q50.jpg
cifake_3614,jpeg_q50,cifake,real,0,0.7403182983398438,data\cache\clean\test\cifake_3614\jpeg_q50.jpg
cifake_3872,jpeg_q50,cifake,real,0,0.6737475395202637,data\cache\clean\test\cifake_3872\jpeg_q50.jpg
cifake_3891 (3),jpeg_q50,cifake,real,0,0.7560604214668274,data\cache\clean\test\cifake_3891 (3)\jpeg_q50.jpg
cifake_3967 (9),jpeg_q50,cifake,real,0,0.642292320728302,data\cache\clean\test\cifake_3967 (9)\jpeg_q50.jpg
cifake_3976,jpeg_q50,cifake,real,0,0.6605024933815002,data\cache\clean\test\cifake_3976\jpeg_q50.jpg
cifake_4389,jpeg_q50,cifake,real,0,0.8843370079994202,data\cache\clean\test\cifake_4389\jpeg_q50.jpg
cifake_4609 (2),jpeg_q50,cifake,real,0,0.8085342049598694,data\cache\clean\test\cifake_4609 (2)\jpeg_q50.jpg
cifake_4660 (5),jpeg_q50,cifake,real,0,0.901225209236145,data\cache\clean\test\cifake_4660 (5)\jpeg_q50.jpg
cifake_4673 (5),jpeg_q50,cifake,real,0,0.802297830581665,data\cache\clean\test\cifake_4673 (5)\jpeg_q50.jpg
cifake_4707,jpeg_q50,cifake,real,0,0.8282213807106018,data\cache\clean\test\cifake_4707\jpeg_q50.jpg
sidset_011c2e4461eb1fdc,jpeg_q50,sidset,real,0,0.9818381071090698,data\cache\clean\test\sidset_011c2e4461eb1fdc\jpeg_q50.jpg
sidset_01cfa603553a1a45,jpeg_q50,sidset,real,0,0.8794404864311218,data\cache\clean\test\sidset_01cfa603553a1a45\jpeg_q50.jpg
sidset_02eb47f790cba404,jpeg_q50,sidset,real,0,0.6422390937805176,data\cache\clean\test\sidset_02eb47f790cba404\jpeg_q50.jpg
sidset_036df955965cb2f9,jpeg_q50,sidset,real,0,0.8425180315971375,data\cache\clean\test\sidset_036df955965cb2f9\jpeg_q50.jpg
sidset_038789965a8f7606,jpeg_q50,sidset,real,0,0.996325671672821,data\cache\clean\test\sidset_038789965a8f7606\jpeg_q50.jpg
sidset_03a9da8756998d00,jpeg_q50,sidset,real,0,0.9448907971382141,data\cache\clean\test\sidset_03a9da8756998d00\jpeg_q50.jpg
sidset_075db643445af8e3,jpeg_q50,sidset,real,0,0.9933577179908752,data\cache\clean\test\sidset_075db643445af8e3\jpeg_q50.jpg
sidset_09f7329f0c1c9fd4,jpeg_q50,sidset,real,0,0.8448987603187561,data\cache\clean\test\sidset_09f7329f0c1c9fd4\jpeg_q50.jpg
sidset_0f8102c25fc764ea,jpeg_q50,sidset,real,0,0.9982765913009644,data\cache\clean\test\sidset_0f8102c25fc764ea\jpeg_q50.jpg
sidset_10932d70e80241b5,jpeg_q50,sidset,real,0,0.8855650424957275,data\cache\clean\test\sidset_10932d70e80241b5\jpeg_q50.jpg
sidset_14312756c1c94efa,jpeg_q50,sidset,real,0,0.9948751330375671,data\cache\clean\test\sidset_14312756c1c94efa\jpeg_q50.jpg
sidset_1577f06c8ee59ef0,jpeg_q50,sidset,real,0,0.9633373618125916,data\cache\clean\test\sidset_1577f06c8ee59ef0\jpeg_q50.jpg
sidset_22164251d34be040,jpeg_q50,sidset,real,0,0.9953246116638184,data\cache\clean\test\sidset_22164251d34be040\jpeg_q50.jpg
sidset_22b07f2ffcaf319c,jpeg_q50,sidset,real,0,0.9969972372055054,data\cache\clean\test\sidset_22b07f2ffcaf319c\jpeg_q50.jpg
sidset_24a4409917faf56d,jpeg_q50,sidset,real,0,0.5687821507453918,data\cache\clean\test\sidset_24a4409917faf56d\jpeg_q50.jpg
sidset_262ab01448a69651,jpeg_q50,sidset,real,0,0.5070750117301941,data\cache\clean\test\sidset_262ab01448a69651\jpeg_q50.jpg
sidset_26c389b400ea1653,jpeg_q50,sidset,real,0,0.9450607895851135,data\cache\clean\test\sidset_26c389b400ea1653\jpeg_q50.jpg
sidset_2800b0abf266ffba,jpeg_q50,sidset,real,0,0.66169673204422,data\cache\clean\test\sidset_2800b0abf266ffba\jpeg_q50.jpg
sidset_310e74902f5337fc,jpeg_q50,sidset,real,0,0.5011357069015503,data\cache\clean\test\sidset_310e74902f5337fc\jpeg_q50.jpg
sidset_31d44fee2c336e78,jpeg_q50,sidset,real,0,0.8203392624855042,data\cache\clean\test\sidset_31d44fee2c336e78\jpeg_q50.jpg
sidset_31f7ec5269c0f867,jpeg_q50,sidset,real,0,0.7450478076934814,data\cache\clean\test\sidset_31f7ec5269c0f867\jpeg_q50.jpg
sidset_34866edcc2800ae0,jpeg_q50,sidset,real,0,0.8111982345581055,data\cache\clean\test\sidset_34866edcc2800ae0\jpeg_q50.jpg
sidset_39a3f029e2e17dd3,jpeg_q50,sidset,real,0,0.9866697788238525,data\cache\clean\test\sidset_39a3f029e2e17dd3\jpeg_q50.jpg
sidset_3beca4d6152a4aa5,jpeg_q50,sidset,real,0,0.9585193991661072,data\cache\clean\test\sidset_3beca4d6152a4aa5\jpeg_q50.jpg
sidset_3fbc4c1574ef987d,jpeg_q50,sidset,real,0,0.9603623747825623,data\cache\clean\test\sidset_3fbc4c1574ef987d\jpeg_q50.jpg
sidset_45a6cb8b20ae57d2,jpeg_q50,sidset,real,0,0.9722660183906555,data\cache\clean\test\sidset_45a6cb8b20ae57d2\jpeg_q50.jpg
sidset_45c5c68f5a74cd90,jpeg_q50,sidset,real,0,0.7283514142036438,data\cache\clean\test\sidset_45c5c68f5a74cd90\jpeg_q50.jpg
sidset_46a383463322d7a9,jpeg_q50,sidset,real,0,0.7416236996650696,data\cache\clean\test\sidset_46a383463322d7a9\jpeg_q50.jpg
sidset_52bf81b2d7f84101,jpeg_q50,sidset,real,0,0.6091087460517883,data\cache\clean\test\sidset_52bf81b2d7f84101\jpeg_q50.jpg
sidset_536280d2fbb07680,jpeg_q50,sidset,real,0,0.517436683177948,data\cache\clean\test\sidset_536280d2fbb07680\jpeg_q50.jpg
sidset_55ed6c0bbd54e07d,jpeg_q50,sidset,real,0,0.9094173908233643,data\cache\clean\test\sidset_55ed6c0bbd54e07d\jpeg_q50.jpg
sidset_5b8f12b78d13bfcd,jpeg_q50,sidset,real,0,0.995859682559967,data\cache\clean\test\sidset_5b8f12b78d13bfcd\jpeg_q50.jpg
sidset_5ba522a91162ae70,jpeg_q50,sidset,real,0,0.9833016991615295,data\cache\clean\test\sidset_5ba522a91162ae70\jpeg_q50.jpg
sidset_5c175a143c23a7b8,jpeg_q50,sidset,real,0,0.7954249978065491,data\cache\clean\test\sidset_5c175a143c23a7b8\jpeg_q50.jpg
sidset_656916e9c7039df4,jpeg_q50,sidset,real,0,0.8611414432525635,data\cache\clean\test\sidset_656916e9c7039df4\jpeg_q50.jpg
sidset_68f0479b7dde7700,jpeg_q50,sidset,real,0,0.98870450258255,data\cache\clean\test\sidset_68f0479b7dde7700\jpeg_q50.jpg
sidset_6b7167d906f4ff1f,jpeg_q50,sidset,real,0,0.8248734474182129,data\cache\clean\test\sidset_6b7167d906f4ff1f\jpeg_q50.jpg
sidset_6c4941996cd7f5fc,jpeg_q50,sidset,real,0,0.8329131603240967,data\cache\clean\test\sidset_6c4941996cd7f5fc\jpeg_q50.jpg
sidset_759a21da57c25774,jpeg_q50,sidset,real,0,0.7478262782096863,data\cache\clean\test\sidset_759a21da57c25774\jpeg_q50.jpg
sidset_75c4b6f64d7849f6,jpeg_q50,sidset,real,0,0.5207809805870056,data\cache\clean\test\sidset_75c4b6f64d7849f6\jpeg_q50.jpg
sidset_796b6212cfecb3de,jpeg_q50,sidset,real,0,0.9958968162536621,data\cache\clean\test\sidset_796b6212cfecb3de\jpeg_q50.jpg
sidset_7974984b83c15934,jpeg_q50,sidset,real,0,0.8689609169960022,data\cache\clean\test\sidset_7974984b83c15934\jpeg_q50.jpg
sidset_7b550aceb5ec111f,jpeg_q50,sidset,real,0,0.9888654351234436,data\cache\clean\test\sidset_7b550aceb5ec111f\jpeg_q50.jpg
sidset_7f1ce0ac000e1d6c,jpeg_q50,sidset,real,0,0.550826907157898,data\cache\clean\test\sidset_7f1ce0ac000e1d6c\jpeg_q50.jpg
sidset_8619862cda88466c,jpeg_q50,sidset,real,0,0.9950203895568848,data\cache\clean\test\sidset_8619862cda88466c\jpeg_q50.jpg
sidset_88431f034d786206,jpeg_q50,sidset,real,0,0.9664224982261658,data\cache\clean\test\sidset_88431f034d786206\jpeg_q50.jpg
sidset_8d2495ea75218578,jpeg_q50,sidset,real,0,0.9652210474014282,data\cache\clean\test\sidset_8d2495ea75218578\jpeg_q50.jpg
sidset_9811f04611ad082c,jpeg_q50,sidset,real,0,0.8363256454467773,data\cache\clean\test\sidset_9811f04611ad082c\jpeg_q50.jpg
sidset_987ced7fd98867b5,jpeg_q50,sidset,real,0,0.5110980272293091,data\cache\clean\test\sidset_987ced7fd98867b5\jpeg_q50.jpg
sidset_995429a562f1aed2,jpeg_q50,sidset,real,0,0.5438575744628906,data\cache\clean\test\sidset_995429a562f1aed2\jpeg_q50.jpg
sidset_9e2a9b16ff46f867,jpeg_q50,sidset,real,0,0.5167697668075562,data\cache\clean\test\sidset_9e2a9b16ff46f867\jpeg_q50.jpg
sidset_a3032d75347e6fa2,jpeg_q50,sidset,real,0,0.9520396590232849,data\cache\clean\test\sidset_a3032d75347e6fa2\jpeg_q50.jpg
sidset_a429805728e89e7d,jpeg_q50,sidset,real,0,0.9945858716964722,data\cache\clean\test\sidset_a429805728e89e7d\jpeg_q50.jpg
sidset_a8ad741ef85002f3,jpeg_q50,sidset,real,0,0.8057315349578857,data\cache\clean\test\sidset_a8ad741ef85002f3\jpeg_q50.jpg
sidset_a9461d28df2d46d8,jpeg_q50,sidset,real,0,0.5193812847137451,data\cache\clean\test\sidset_a9461d28df2d46d8\jpeg_q50.jpg
sidset_ab1441008986f237,jpeg_q50,sidset,real,0,0.9566479921340942,data\cache\clean\test\sidset_ab1441008986f237\jpeg_q50.jpg
sidset_ac54ef2834f8bc74,jpeg_q50,sidset,real,0,0.9970943927764893,data\cache\clean\test\sidset_ac54ef2834f8bc74\jpeg_q50.jpg
sidset_b230de6baca8d392,jpeg_q50,sidset,real,0,0.7501011490821838,data\cache\clean\test\sidset_b230de6baca8d392\jpeg_q50.jpg
sidset_b3d460c2a4f17eff,jpeg_q50,sidset,real,0,0.7048567533493042,data\cache\clean\test\sidset_b3d460c2a4f17eff\jpeg_q50.jpg
sidset_b56eb4cbcc71b00b,jpeg_q50,sidset,real,0,0.5760929584503174,data\cache\clean\test\sidset_b56eb4cbcc71b00b\jpeg_q50.jpg
sidset_bc70b06f0d603efd,jpeg_q50,sidset,real,0,0.9998977184295654,data\cache\clean\test\sidset_bc70b06f0d603efd\jpeg_q50.jpg
sidset_c2f7255d9f5d9469,jpeg_q50,sidset,real,0,0.9262428283691406,data\cache\clean\test\sidset_c2f7255d9f5d9469\jpeg_q50.jpg
sidset_c5a378b0ea24d25e,jpeg_q50,sidset,real,0,0.9855560660362244,data\cache\clean\test\sidset_c5a378b0ea24d25e\jpeg_q50.jpg
sidset_cac550631e35c126,jpeg_q50,sidset,real,0,0.8121443390846252,data\cache\clean\test\sidset_cac550631e35c126\jpeg_q50.jpg
sidset_cc4571b1efacde65,jpeg_q50,sidset,real,0,0.6434463858604431,data\cache\clean\test\sidset_cc4571b1efacde65\jpeg_q50.jpg
sidset_d652dc17bb0709b8,jpeg_q50,sidset,real,0,0.997410237789154,data\cache\clean\test\sidset_d652dc17bb0709b8\jpeg_q50.jpg
sidset_df089363fbc3dff5,jpeg_q50,sidset,real,0,0.5975630283355713,data\cache\clean\test\sidset_df089363fbc3dff5\jpeg_q50.jpg
sidset_df546351780cb733,jpeg_q50,sidset,real,0,0.6059904098510742,data\cache\clean\test\sidset_df546351780cb733\jpeg_q50.jpg
sidset_e17950e53d271009,jpeg_q50,sidset,real,0,0.7577942609786987,data\cache\clean\test\sidset_e17950e53d271009\jpeg_q50.jpg
sidset_e3560455d7084645,jpeg_q50,sidset,real,0,0.5036462545394897,data\cache\clean\test\sidset_e3560455d7084645\jpeg_q50.jpg
sidset_e67f5961f8d7c753,jpeg_q50,sidset,real,0,0.9710763692855835,data\cache\clean\test\sidset_e67f5961f8d7c753\jpeg_q50.jpg
sidset_e83254d4c55675a6,jpeg_q50,sidset,real,0,0.728096604347229,data\cache\clean\test\sidset_e83254d4c55675a6\jpeg_q50.jpg
sidset_e99541e9ff8fadb2,jpeg_q50,sidset,real,0,0.7820678353309631,data\cache\clean\test\sidset_e99541e9ff8fadb2\jpeg_q50.jpg
sidset_ef3f636bfc78f3a5,jpeg_q50,sidset,real,0,0.9782420992851257,data\cache\clean\test\sidset_ef3f636bfc78f3a5\jpeg_q50.jpg
sidset_f250696304a3be0e,jpeg_q50,sidset,real,0,0.9959973096847534,data\cache\clean\test\sidset_f250696304a3be0e\jpeg_q50.jpg
sidset_f5044c17014681a8,jpeg_q50,sidset,real,0,0.9770750999450684,data\cache\clean\test\sidset_f5044c17014681a8\jpeg_q50.jpg
sidset_fac95db1f3df9775,jpeg_q50,sidset,real,0,0.9975566864013672,data\cache\clean\test\sidset_fac95db1f3df9775\jpeg_q50.jpg
sidset_fe0bec3214706d60,jpeg_q50,sidset,real,0,0.999248206615448,data\cache\clean\test\sidset_fe0bec3214706d60\jpeg_q50.jpg
cifake_0005 (3),jpeg_q70,cifake,real,0,0.6288994550704956,data\cache\clean\test\cifake_0005 (3)\jpeg_q70.jpg
cifake_0179 (9),jpeg_q70,cifake,real,0,0.8274288773536682,data\cache\clean\test\cifake_0179 (9)\jpeg_q70.jpg
cifake_0235,jpeg_q70,cifake,real,0,0.7122402787208557,data\cache\clean\test\cifake_0235\jpeg_q70.jpg
cifake_0240 (9),jpeg_q70,cifake,real,0,0.5865452885627747,data\cache\clean\test\cifake_0240 (9)\jpeg_q70.jpg
cifake_0327 (5),jpeg_q70,cifake,real,0,0.5196663737297058,data\cache\clean\test\cifake_0327 (5)\jpeg_q70.jpg
cifake_0362,jpeg_q70,cifake,real,0,0.516334593296051,data\cache\clean\test\cifake_0362\jpeg_q70.jpg
cifake_0485 (9),jpeg_q70,cifake,real,0,0.7672197222709656,data\cache\clean\test\cifake_0485 (9)\jpeg_q70.jpg
cifake_0567,jpeg_q70,cifake,real,0,0.7665416598320007,data\cache\clean\test\cifake_0567\jpeg_q70.jpg
cifake_0618 (3),jpeg_q70,cifake,real,0,0.9180939793586731,data\cache\clean\test\cifake_0618 (3)\jpeg_q70.jpg
cifake_0697 (2),jpeg_q70,cifake,real,0,0.5441346168518066,data\cache\clean\test\cifake_0697 (2)\jpeg_q70.jpg
cifake_0793,jpeg_q70,cifake,real,0,0.9710822105407715,data\cache\clean\test\cifake_0793\jpeg_q70.jpg
cifake_0811,jpeg_q70,cifake,real,0,0.6535508036613464,data\cache\clean\test\cifake_0811\jpeg_q70.jpg
cifake_0858 (3),jpeg_q70,cifake,real,0,0.7047070860862732,data\cache\clean\test\cifake_0858 (3)\jpeg_q70.jpg
cifake_0967 (9),jpeg_q70,cifake,real,0,0.8854143023490906,data\cache\clean\test\cifake_0967 (9)\jpeg_q70.jpg
cifake_1139,jpeg_q70,cifake,real,0,0.8816189765930176,data\cache\clean\test\cifake_1139\jpeg_q70.jpg
cifake_1158,jpeg_q70,cifake,real,0,0.7650473713874817,data\cache\clean\test\cifake_1158\jpeg_q70.jpg
cifake_1311,jpeg_q70,cifake,real,0,0.5713293552398682,data\cache\clean\test\cifake_1311\jpeg_q70.jpg
cifake_1427,jpeg_q70,cifake,real,0,0.5411969423294067,data\cache\clean\test\cifake_1427\jpeg_q70.jpg
cifake_1974,jpeg_q70,cifake,real,0,0.9566529989242554,data\cache\clean\test\cifake_1974\jpeg_q70.jpg
cifake_1990 (9),jpeg_q70,cifake,real,0,0.6711061596870422,data\cache\clean\test\cifake_1990 (9)\jpeg_q70.jpg
cifake_2094 (3),jpeg_q70,cifake,real,0,0.5227072238922119,data\cache\clean\test\cifake_2094 (3)\jpeg_q70.jpg
cifake_2122,jpeg_q70,cifake,real,0,0.7945963740348816,data\cache\clean\test\cifake_2122\jpeg_q70.jpg
cifake_2633 (10),jpeg_q70,cifake,real,0,0.7912912368774414,data\cache\clean\test\cifake_2633 (10)\jpeg_q70.jpg
cifake_2660,jpeg_q70,cifake,real,0,0.8690742254257202,data\cache\clean\test\cifake_2660\jpeg_q70.jpg
cifake_3088 (3),jpeg_q70,cifake,real,0,0.6561691164970398,data\cache\clean\test\cifake_3088 (3)\jpeg_q70.jpg
cifake_3280 (8),jpeg_q70,cifake,real,0,0.7319517731666565,data\cache\clean\test\cifake_3280 (8)\jpeg_q70.jpg
cifake_3461 (5),jpeg_q70,cifake,real,0,0.5787316560745239,data\cache\clean\test\cifake_3461 (5)\jpeg_q70.jpg
cifake_3819 (2),jpeg_q70,cifake,real,0,0.6002207398414612,data\cache\clean\test\cifake_3819 (2)\jpeg_q70.jpg
cifake_3891 (3),jpeg_q70,cifake,real,0,0.5513067245483398,data\cache\clean\test\cifake_3891 (3)\jpeg_q70.jpg
cifake_4369,jpeg_q70,cifake,real,0,0.5265682339668274,data\cache\clean\test\cifake_4369\jpeg_q70.jpg
cifake_4389,jpeg_q70,cifake,real,0,0.8925756216049194,data\cache\clean\test\cifake_4389\jpeg_q70.jpg
cifake_4660 (5),jpeg_q70,cifake,real,0,0.8643503189086914,data\cache\clean\test\cifake_4660 (5)\jpeg_q70.jpg
cifake_4673 (5),jpeg_q70,cifake,real,0,0.9566431045532227,data\cache\clean\test\cifake_4673 (5)\jpeg_q70.jpg
cifake_4707,jpeg_q70,cifake,real,0,0.8123209476470947,data\cache\clean\test\cifake_4707\jpeg_q70.jpg
cifake_4932 (2),jpeg_q70,cifake,real,0,0.6665436625480652,data\cache\clean\test\cifake_4932 (2)\jpeg_q70.jpg
sidset_011c2e4461eb1fdc,jpeg_q70,sidset,real,0,0.8369426131248474,data\cache\clean\test\sidset_011c2e4461eb1fdc\jpeg_q70.jpg
sidset_01cfa603553a1a45,jpeg_q70,sidset,real,0,0.8819841146469116,data\cache\clean\test\sidset_01cfa603553a1a45\jpeg_q70.jpg
sidset_02eb47f790cba404,jpeg_q70,sidset,real,0,0.5292642712593079,data\cache\clean\test\sidset_02eb47f790cba404\jpeg_q70.jpg
sidset_036df955965cb2f9,jpeg_q70,sidset,real,0,0.5803382992744446,data\cache\clean\test\sidset_036df955965cb2f9\jpeg_q70.jpg
sidset_038789965a8f7606,jpeg_q70,sidset,real,0,0.9933462142944336,data\cache\clean\test\sidset_038789965a8f7606\jpeg_q70.jpg
sidset_03a9da8756998d00,jpeg_q70,sidset,real,0,0.9504797458648682,data\cache\clean\test\sidset_03a9da8756998d00\jpeg_q70.jpg
sidset_075db643445af8e3,jpeg_q70,sidset,real,0,0.9976092576980591,data\cache\clean\test\sidset_075db643445af8e3\jpeg_q70.jpg
sidset_09f7329f0c1c9fd4,jpeg_q70,sidset,real,0,0.9835519194602966,data\cache\clean\test\sidset_09f7329f0c1c9fd4\jpeg_q70.jpg
sidset_0f8102c25fc764ea,jpeg_q70,sidset,real,0,0.9977818131446838,data\cache\clean\test\sidset_0f8102c25fc764ea\jpeg_q70.jpg
sidset_10932d70e80241b5,jpeg_q70,sidset,real,0,0.868876576423645,data\cache\clean\test\sidset_10932d70e80241b5\jpeg_q70.jpg
sidset_14312756c1c94efa,jpeg_q70,sidset,real,0,0.998224675655365,data\cache\clean\test\sidset_14312756c1c94efa\jpeg_q70.jpg
sidset_1577f06c8ee59ef0,jpeg_q70,sidset,real,0,0.9539293050765991,data\cache\clean\test\sidset_1577f06c8ee59ef0\jpeg_q70.jpg
sidset_1b20d1ec3fd5a56f,jpeg_q70,sidset,real,0,0.5925852656364441,data\cache\clean\test\sidset_1b20d1ec3fd5a56f\jpeg_q70.jpg
sidset_1cae0a8c943c87f1,jpeg_q70,sidset,real,0,0.6462422013282776,data\cache\clean\test\sidset_1cae0a8c943c87f1\jpeg_q70.jpg
sidset_22164251d34be040,jpeg_q70,sidset,real,0,0.9994682669639587,data\cache\clean\test\sidset_22164251d34be040\jpeg_q70.jpg
sidset_22b07f2ffcaf319c,jpeg_q70,sidset,real,0,0.9874095320701599,data\cache\clean\test\sidset_22b07f2ffcaf319c\jpeg_q70.jpg
sidset_26c389b400ea1653,jpeg_q70,sidset,real,0,0.9603311419487,data\cache\clean\test\sidset_26c389b400ea1653\jpeg_q70.jpg
sidset_2800b0abf266ffba,jpeg_q70,sidset,real,0,0.6462469100952148,data\cache\clean\test\sidset_2800b0abf266ffba\jpeg_q70.jpg
sidset_2fad2985c9860cfb,jpeg_q70,sidset,real,0,0.7832679748535156,data\cache\clean\test\sidset_2fad2985c9860cfb\jpeg_q70.jpg
sidset_31d44fee2c336e78,jpeg_q70,sidset,real,0,0.6434450149536133,data\cache\clean\test\sidset_31d44fee2c336e78\jpeg_q70.jpg
sidset_31f7ec5269c0f867,jpeg_q70,sidset,real,0,0.6148005723953247,data\cache\clean\test\sidset_31f7ec5269c0f867\jpeg_q70.jpg
sidset_333b018473a06c71,jpeg_q70,sidset,real,0,0.5404344797134399,data\cache\clean\test\sidset_333b018473a06c71\jpeg_q70.jpg
sidset_34866edcc2800ae0,jpeg_q70,sidset,real,0,0.7252354025840759,data\cache\clean\test\sidset_34866edcc2800ae0\jpeg_q70.jpg
sidset_39a3f029e2e17dd3,jpeg_q70,sidset,real,0,0.9748320579528809,data\cache\clean\test\sidset_39a3f029e2e17dd3\jpeg_q70.jpg
sidset_3beca4d6152a4aa5,jpeg_q70,sidset,real,0,0.961449146270752,data\cache\clean\test\sidset_3beca4d6152a4aa5\jpeg_q70.jpg
sidset_3fbc4c1574ef987d,jpeg_q70,sidset,real,0,0.9785364866256714,data\cache\clean\test\sidset_3fbc4c1574ef987d\jpeg_q70.jpg
sidset_45a6cb8b20ae57d2,jpeg_q70,sidset,real,0,0.9351290464401245,data\cache\clean\test\sidset_45a6cb8b20ae57d2\jpeg_q70.jpg
sidset_45c5c68f5a74cd90,jpeg_q70,sidset,real,0,0.5753467679023743,data\cache\clean\test\sidset_45c5c68f5a74cd90\jpeg_q70.jpg
sidset_46a383463322d7a9,jpeg_q70,sidset,real,0,0.5952186584472656,data\cache\clean\test\sidset_46a383463322d7a9\jpeg_q70.jpg
sidset_4b587c02c1897383,jpeg_q70,sidset,real,0,0.617920458316803,data\cache\clean\test\sidset_4b587c02c1897383\jpeg_q70.jpg
sidset_4e4b9b1d6e8b2aca,jpeg_q70,sidset,real,0,0.8473542332649231,data\cache\clean\test\sidset_4e4b9b1d6e8b2aca\jpeg_q70.jpg
sidset_52bf81b2d7f84101,jpeg_q70,sidset,real,0,0.7746642827987671,data\cache\clean\test\sidset_52bf81b2d7f84101\jpeg_q70.jpg
sidset_536280d2fbb07680,jpeg_q70,sidset,real,0,0.6281225681304932,data\cache\clean\test\sidset_536280d2fbb07680\jpeg_q70.jpg
sidset_55ed6c0bbd54e07d,jpeg_q70,sidset,real,0,0.966120183467865,data\cache\clean\test\sidset_55ed6c0bbd54e07d\jpeg_q70.jpg
sidset_5b291a7b5ae05cf0,jpeg_q70,sidset,real,0,0.785686194896698,data\cache\clean\test\sidset_5b291a7b5ae05cf0\jpeg_q70.jpg
sidset_5b8f12b78d13bfcd,jpeg_q70,sidset,real,0,0.9886681437492371,data\cache\clean\test\sidset_5b8f12b78d13bfcd\jpeg_q70.jpg
sidset_5ba522a91162ae70,jpeg_q70,sidset,real,0,0.9947891235351562,data\cache\clean\test\sidset_5ba522a91162ae70\jpeg_q70.jpg
sidset_5c175a143c23a7b8,jpeg_q70,sidset,real,0,0.515013575553894,data\cache\clean\test\sidset_5c175a143c23a7b8\jpeg_q70.jpg
sidset_68f0479b7dde7700,jpeg_q70,sidset,real,0,0.9372025728225708,data\cache\clean\test\sidset_68f0479b7dde7700\jpeg_q70.jpg
sidset_6b7167d906f4ff1f,jpeg_q70,sidset,real,0,0.8920589089393616,data\cache\clean\test\sidset_6b7167d906f4ff1f\jpeg_q70.jpg
sidset_6c4941996cd7f5fc,jpeg_q70,sidset,real,0,0.8153899908065796,data\cache\clean\test\sidset_6c4941996cd7f5fc\jpeg_q70.jpg
sidset_75c4b6f64d7849f6,jpeg_q70,sidset,real,0,0.6743171215057373,data\cache\clean\test\sidset_75c4b6f64d7849f6\jpeg_q70.jpg
sidset_796b6212cfecb3de,jpeg_q70,sidset,real,0,0.9968241453170776,data\cache\clean\test\sidset_796b6212cfecb3de\jpeg_q70.jpg
sidset_7974984b83c15934,jpeg_q70,sidset,real,0,0.615720272064209,data\cache\clean\test\sidset_7974984b83c15934\jpeg_q70.jpg
sidset_7b550aceb5ec111f,jpeg_q70,sidset,real,0,0.9427779316902161,data\cache\clean\test\sidset_7b550aceb5ec111f\jpeg_q70.jpg
sidset_7f1ce0ac000e1d6c,jpeg_q70,sidset,real,0,0.7849664092063904,data\cache\clean\test\sidset_7f1ce0ac000e1d6c\jpeg_q70.jpg
sidset_8619862cda88466c,jpeg_q70,sidset,real,0,0.9836071729660034,data\cache\clean\test\sidset_8619862cda88466c\jpeg_q70.jpg
sidset_88431f034d786206,jpeg_q70,sidset,real,0,0.9850934743881226,data\cache\clean\test\sidset_88431f034d786206\jpeg_q70.jpg
sidset_8865c586ab64c0f9,jpeg_q70,sidset,real,0,0.5918712019920349,data\cache\clean\test\sidset_8865c586ab64c0f9\jpeg_q70.jpg
sidset_8d2495ea75218578,jpeg_q70,sidset,real,0,0.9872309565544128,data\cache\clean\test\sidset_8d2495ea75218578\jpeg_q70.jpg
sidset_9548acaeca2f5124,jpeg_q70,sidset,real,0,0.5934773087501526,data\cache\clean\test\sidset_9548acaeca2f5124\jpeg_q70.jpg
sidset_9e2a9b16ff46f867,jpeg_q70,sidset,real,0,0.696820855140686,data\cache\clean\test\sidset_9e2a9b16ff46f867\jpeg_q70.jpg
sidset_a3032d75347e6fa2,jpeg_q70,sidset,real,0,0.5980157256126404,data\cache\clean\test\sidset_a3032d75347e6fa2\jpeg_q70.jpg
sidset_a3293aebf3086c9f,jpeg_q70,sidset,real,0,0.5281526446342468,data\cache\clean\test\sidset_a3293aebf3086c9f\jpeg_q70.jpg
sidset_a429805728e89e7d,jpeg_q70,sidset,real,0,0.9931829571723938,data\cache\clean\test\sidset_a429805728e89e7d\jpeg_q70.jpg
sidset_a8ad741ef85002f3,jpeg_q70,sidset,real,0,0.7973727583885193,data\cache\clean\test\sidset_a8ad741ef85002f3\jpeg_q70.jpg
sidset_a9461d28df2d46d8,jpeg_q70,sidset,real,0,0.5650796294212341,data\cache\clean\test\sidset_a9461d28df2d46d8\jpeg_q70.jpg
sidset_ab1441008986f237,jpeg_q70,sidset,real,0,0.8859791159629822,data\cache\clean\test\sidset_ab1441008986f237\jpeg_q70.jpg
sidset_ac54ef2834f8bc74,jpeg_q70,sidset,real,0,0.9672138690948486,data\cache\clean\test\sidset_ac54ef2834f8bc74\jpeg_q70.jpg
sidset_ae456e85f08c0399,jpeg_q70,sidset,real,0,0.662137508392334,data\cache\clean\test\sidset_ae456e85f08c0399\jpeg_q70.jpg
sidset_b230de6baca8d392,jpeg_q70,sidset,real,0,0.6466310620307922,data\cache\clean\test\sidset_b230de6baca8d392\jpeg_q70.jpg
sidset_b6d4573c9d24dcf3,jpeg_q70,sidset,real,0,0.5183009505271912,data\cache\clean\test\sidset_b6d4573c9d24dcf3\jpeg_q70.jpg
sidset_bc70b06f0d603efd,jpeg_q70,sidset,real,0,0.9998267292976379,data\cache\clean\test\sidset_bc70b06f0d603efd\jpeg_q70.jpg
sidset_c2f7255d9f5d9469,jpeg_q70,sidset,real,0,0.6152896285057068,data\cache\clean\test\sidset_c2f7255d9f5d9469\jpeg_q70.jpg
sidset_c5a378b0ea24d25e,jpeg_q70,sidset,real,0,0.9620038270950317,data\cache\clean\test\sidset_c5a378b0ea24d25e\jpeg_q70.jpg
sidset_c5f4e20e7d2e391c,jpeg_q70,sidset,real,0,0.6834846138954163,data\cache\clean\test\sidset_c5f4e20e7d2e391c\jpeg_q70.jpg
sidset_c790c7ca03b21797,jpeg_q70,sidset,real,0,0.5737044811248779,data\cache\clean\test\sidset_c790c7ca03b21797\jpeg_q70.jpg
sidset_c7d3774f16039f96,jpeg_q70,sidset,real,0,0.5935265421867371,data\cache\clean\test\sidset_c7d3774f16039f96\jpeg_q70.jpg
sidset_cb68a83278e88b9d,jpeg_q70,sidset,real,0,0.6884328126907349,data\cache\clean\test\sidset_cb68a83278e88b9d\jpeg_q70.jpg
sidset_cc4571b1efacde65,jpeg_q70,sidset,real,0,0.7659002542495728,data\cache\clean\test\sidset_cc4571b1efacde65\jpeg_q70.jpg
sidset_cd7b3621c53d1ffe,jpeg_q70,sidset,real,0,0.5932334661483765,data\cache\clean\test\sidset_cd7b3621c53d1ffe\jpeg_q70.jpg
sidset_d652dc17bb0709b8,jpeg_q70,sidset,real,0,0.9992535710334778,data\cache\clean\test\sidset_d652dc17bb0709b8\jpeg_q70.jpg
sidset_e67f5961f8d7c753,jpeg_q70,sidset,real,0,0.9369687438011169,data\cache\clean\test\sidset_e67f5961f8d7c753\jpeg_q70.jpg
sidset_e6f037cc020a3c67,jpeg_q70,sidset,real,0,0.7018685936927795,data\cache\clean\test\sidset_e6f037cc020a3c67\jpeg_q70.jpg
sidset_e83254d4c55675a6,jpeg_q70,sidset,real,0,0.5383806228637695,data\cache\clean\test\sidset_e83254d4c55675a6\jpeg_q70.jpg
sidset_e99541e9ff8fadb2,jpeg_q70,sidset,real,0,0.8210132122039795,data\cache\clean\test\sidset_e99541e9ff8fadb2\jpeg_q70.jpg
sidset_ec0193adf7d72f96,jpeg_q70,sidset,real,0,0.5448870658874512,data\cache\clean\test\sidset_ec0193adf7d72f96\jpeg_q70.jpg
sidset_ef3f636bfc78f3a5,jpeg_q70,sidset,real,0,0.9799705743789673,data\cache\clean\test\sidset_ef3f636bfc78f3a5\jpeg_q70.jpg
sidset_f20a6b1e60fc7de3,jpeg_q70,sidset,real,0,0.5472805500030518,data\cache\clean\test\sidset_f20a6b1e60fc7de3\jpeg_q70.jpg
sidset_f250696304a3be0e,jpeg_q70,sidset,real,0,0.9957898259162903,data\cache\clean\test\sidset_f250696304a3be0e\jpeg_q70.jpg
sidset_f5044c17014681a8,jpeg_q70,sidset,real,0,0.984184980392456,data\cache\clean\test\sidset_f5044c17014681a8\jpeg_q70.jpg
sidset_fac95db1f3df9775,jpeg_q70,sidset,real,0,0.995418906211853,data\cache\clean\test\sidset_fac95db1f3df9775\jpeg_q70.jpg
sidset_fe0bec3214706d60,jpeg_q70,sidset,real,0,0.9983862638473511,data\cache\clean\test\sidset_fe0bec3214706d60\jpeg_q70.jpg
cifake_0235,jpeg_q90,cifake,real,0,0.5899250507354736,data\cache\clean\test\cifake_0235\jpeg_q90.jpg
cifake_0618 (3),jpeg_q90,cifake,real,0,0.8765273094177246,data\cache\clean\test\cifake_0618 (3)\jpeg_q90.jpg
cifake_0793,jpeg_q90,cifake,real,0,0.7892335653305054,data\cache\clean\test\cifake_0793\jpeg_q90.jpg
cifake_0967 (9),jpeg_q90,cifake,real,0,0.5121387839317322,data\cache\clean\test\cifake_0967 (9)\jpeg_q90.jpg
cifake_1139,jpeg_q90,cifake,real,0,0.897162139415741,data\cache\clean\test\cifake_1139\jpeg_q90.jpg
cifake_1974,jpeg_q90,cifake,real,0,0.8299561142921448,data\cache\clean\test\cifake_1974\jpeg_q90.jpg
cifake_2071,jpeg_q90,cifake,real,0,0.652449369430542,data\cache\clean\test\cifake_2071\jpeg_q90.jpg
cifake_2122,jpeg_q90,cifake,real,0,0.8249838948249817,data\cache\clean\test\cifake_2122\jpeg_q90.jpg
cifake_2633 (10),jpeg_q90,cifake,real,0,0.8266915678977966,data\cache\clean\test\cifake_2633 (10)\jpeg_q90.jpg
cifake_2660,jpeg_q90,cifake,real,0,0.8749380111694336,data\cache\clean\test\cifake_2660\jpeg_q90.jpg
cifake_2857 (10),jpeg_q90,cifake,real,0,0.5021528601646423,data\cache\clean\test\cifake_2857 (10)\jpeg_q90.jpg
cifake_3280 (8),jpeg_q90,cifake,real,0,0.6426838636398315,data\cache\clean\test\cifake_3280 (8)\jpeg_q90.jpg
cifake_3461 (5),jpeg_q90,cifake,real,0,0.5257373452186584,data\cache\clean\test\cifake_3461 (5)\jpeg_q90.jpg
cifake_3738 (10),jpeg_q90,cifake,real,0,0.5588207244873047,data\cache\clean\test\cifake_3738 (10)\jpeg_q90.jpg
cifake_3819 (2),jpeg_q90,cifake,real,0,0.6335253119468689,data\cache\clean\test\cifake_3819 (2)\jpeg_q90.jpg
cifake_3891 (3),jpeg_q90,cifake,real,0,0.6783729791641235,data\cache\clean\test\cifake_3891 (3)\jpeg_q90.jpg
cifake_4660 (5),jpeg_q90,cifake,real,0,0.8785609602928162,data\cache\clean\test\cifake_4660 (5)\jpeg_q90.jpg
cifake_4673 (5),jpeg_q90,cifake,real,0,0.7062329053878784,data\cache\clean\test\cifake_4673 (5)\jpeg_q90.jpg
sidset_011c2e4461eb1fdc,jpeg_q90,sidset,real,0,0.9357987642288208,data\cache\clean\test\sidset_011c2e4461eb1fdc\jpeg_q90.jpg
sidset_01cfa603553a1a45,jpeg_q90,sidset,real,0,0.8787047266960144,data\cache\clean\test\sidset_01cfa603553a1a45\jpeg_q90.jpg
sidset_02146057fb279763,jpeg_q90,sidset,real,0,0.8018353581428528,data\cache\clean\test\sidset_02146057fb279763\jpeg_q90.jpg
sidset_036df955965cb2f9,jpeg_q90,sidset,real,0,0.9851629137992859,data\cache\clean\test\sidset_036df955965cb2f9\jpeg_q90.jpg
sidset_038789965a8f7606,jpeg_q90,sidset,real,0,0.9894486665725708,data\cache\clean\test\sidset_038789965a8f7606\jpeg_q90.jpg
sidset_03a9da8756998d00,jpeg_q90,sidset,real,0,0.9471021890640259,data\cache\clean\test\sidset_03a9da8756998d00\jpeg_q90.jpg
sidset_075db643445af8e3,jpeg_q90,sidset,real,0,0.9968469738960266,data\cache\clean\test\sidset_075db643445af8e3\jpeg_q90.jpg
sidset_09f7329f0c1c9fd4,jpeg_q90,sidset,real,0,0.8661884665489197,data\cache\clean\test\sidset_09f7329f0c1c9fd4\jpeg_q90.jpg
sidset_0f8102c25fc764ea,jpeg_q90,sidset,real,0,0.9936671853065491,data\cache\clean\test\sidset_0f8102c25fc764ea\jpeg_q90.jpg
sidset_10932d70e80241b5,jpeg_q90,sidset,real,0,0.8236480951309204,data\cache\clean\test\sidset_10932d70e80241b5\jpeg_q90.jpg
sidset_14312756c1c94efa,jpeg_q90,sidset,real,0,0.9999363422393799,data\cache\clean\test\sidset_14312756c1c94efa\jpeg_q90.jpg
sidset_1577f06c8ee59ef0,jpeg_q90,sidset,real,0,0.9829302430152893,data\cache\clean\test\sidset_1577f06c8ee59ef0\jpeg_q90.jpg
sidset_16c4058cc17896fc,jpeg_q90,sidset,real,0,0.6257063150405884,data\cache\clean\test\sidset_16c4058cc17896fc\jpeg_q90.jpg
sidset_1b20d1ec3fd5a56f,jpeg_q90,sidset,real,0,0.7094159722328186,data\cache\clean\test\sidset_1b20d1ec3fd5a56f\jpeg_q90.jpg
sidset_22164251d34be040,jpeg_q90,sidset,real,0,0.9993970394134521,data\cache\clean\test\sidset_22164251d34be040\jpeg_q90.jpg
sidset_22b07f2ffcaf319c,jpeg_q90,sidset,real,0,0.9986572265625,data\cache\clean\test\sidset_22b07f2ffcaf319c\jpeg_q90.jpg
sidset_26c389b400ea1653,jpeg_q90,sidset,real,0,0.9124574065208435,data\cache\clean\test\sidset_26c389b400ea1653\jpeg_q90.jpg
sidset_2800b0abf266ffba,jpeg_q90,sidset,real,0,0.7201310396194458,data\cache\clean\test\sidset_2800b0abf266ffba\jpeg_q90.jpg
sidset_2fad2985c9860cfb,jpeg_q90,sidset,real,0,0.5733872056007385,data\cache\clean\test\sidset_2fad2985c9860cfb\jpeg_q90.jpg
sidset_34866edcc2800ae0,jpeg_q90,sidset,real,0,0.5818974375724792,data\cache\clean\test\sidset_34866edcc2800ae0\jpeg_q90.jpg
sidset_39a3f029e2e17dd3,jpeg_q90,sidset,real,0,0.9830038547515869,data\cache\clean\test\sidset_39a3f029e2e17dd3\jpeg_q90.jpg
sidset_3beca4d6152a4aa5,jpeg_q90,sidset,real,0,0.8671392798423767,data\cache\clean\test\sidset_3beca4d6152a4aa5\jpeg_q90.jpg
sidset_3fbc4c1574ef987d,jpeg_q90,sidset,real,0,0.9046972393989563,data\cache\clean\test\sidset_3fbc4c1574ef987d\jpeg_q90.jpg
sidset_41d1ae3e93b118ab,jpeg_q90,sidset,real,0,0.5825775265693665,data\cache\clean\test\sidset_41d1ae3e93b118ab\jpeg_q90.jpg
sidset_45a6cb8b20ae57d2,jpeg_q90,sidset,real,0,0.9489517211914062,data\cache\clean\test\sidset_45a6cb8b20ae57d2\jpeg_q90.jpg
sidset_45c5c68f5a74cd90,jpeg_q90,sidset,real,0,0.7440959811210632,data\cache\clean\test\sidset_45c5c68f5a74cd90\jpeg_q90.jpg
sidset_4b587c02c1897383,jpeg_q90,sidset,real,0,0.7008953094482422,data\cache\clean\test\sidset_4b587c02c1897383\jpeg_q90.jpg
sidset_4e4b9b1d6e8b2aca,jpeg_q90,sidset,real,0,0.9479553699493408,data\cache\clean\test\sidset_4e4b9b1d6e8b2aca\jpeg_q90.jpg
sidset_52bf81b2d7f84101,jpeg_q90,sidset,real,0,0.8732126355171204,data\cache\clean\test\sidset_52bf81b2d7f84101\jpeg_q90.jpg
sidset_536280d2fbb07680,jpeg_q90,sidset,real,0,0.5648874640464783,data\cache\clean\test\sidset_536280d2fbb07680\jpeg_q90.jpg
sidset_55ed6c0bbd54e07d,jpeg_q90,sidset,real,0,0.9826620817184448,data\cache\clean\test\sidset_55ed6c0bbd54e07d\jpeg_q90.jpg
sidset_5a165a26bf8ca4be,jpeg_q90,sidset,real,0,0.5571472644805908,data\cache\clean\test\sidset_5a165a26bf8ca4be\jpeg_q90.jpg
sidset_5b291a7b5ae05cf0,jpeg_q90,sidset,real,0,0.8716411590576172,data\cache\clean\test\sidset_5b291a7b5ae05cf0\jpeg_q90.jpg
sidset_5b8f12b78d13bfcd,jpeg_q90,sidset,real,0,0.9800040125846863,data\cache\clean\test\sidset_5b8f12b78d13bfcd\jpeg_q90.jpg
sidset_5ba522a91162ae70,jpeg_q90,sidset,real,0,0.9979211688041687,data\cache\clean\test\sidset_5ba522a91162ae70\jpeg_q90.jpg
sidset_615f67f3acd96d5c,jpeg_q90,sidset,real,0,0.5120725035667419,data\cache\clean\test\sidset_615f67f3acd96d5c\jpeg_q90.jpg
sidset_68f0479b7dde7700,jpeg_q90,sidset,real,0,0.9785863757133484,data\cache\clean\test\sidset_68f0479b7dde7700\jpeg_q90.jpg
sidset_6b7167d906f4ff1f,jpeg_q90,sidset,real,0,0.9044358134269714,data\cache\clean\test\sidset_6b7167d906f4ff1f\jpeg_q90.jpg
sidset_6c4941996cd7f5fc,jpeg_q90,sidset,real,0,0.8235749006271362,data\cache\clean\test\sidset_6c4941996cd7f5fc\jpeg_q90.jpg
sidset_796b6212cfecb3de,jpeg_q90,sidset,real,0,0.9938409328460693,data\cache\clean\test\sidset_796b6212cfecb3de\jpeg_q90.jpg
sidset_7974984b83c15934,jpeg_q90,sidset,real,0,0.6987238526344299,data\cache\clean\test\sidset_7974984b83c15934\jpeg_q90.jpg
sidset_7b550aceb5ec111f,jpeg_q90,sidset,real,0,0.9334036707878113,data\cache\clean\test\sidset_7b550aceb5ec111f\jpeg_q90.jpg
sidset_7f1ce0ac000e1d6c,jpeg_q90,sidset,real,0,0.7926710844039917,data\cache\clean\test\sidset_7f1ce0ac000e1d6c\jpeg_q90.jpg
sidset_8619862cda88466c,jpeg_q90,sidset,real,0,0.9848758578300476,data\cache\clean\test\sidset_8619862cda88466c\jpeg_q90.jpg
sidset_88431f034d786206,jpeg_q90,sidset,real,0,0.9384453296661377,data\cache\clean\test\sidset_88431f034d786206\jpeg_q90.jpg
sidset_918190e0dd7fc829,jpeg_q90,sidset,real,0,0.6415576934814453,data\cache\clean\test\sidset_918190e0dd7fc829\jpeg_q90.jpg
sidset_9e2a9b16ff46f867,jpeg_q90,sidset,real,0,0.9596720933914185,data\cache\clean\test\sidset_9e2a9b16ff46f867\jpeg_q90.jpg
sidset_a3032d75347e6fa2,jpeg_q90,sidset,real,0,0.8999163508415222,data\cache\clean\test\sidset_a3032d75347e6fa2\jpeg_q90.jpg
sidset_a429805728e89e7d,jpeg_q90,sidset,real,0,0.9888866543769836,data\cache\clean\test\sidset_a429805728e89e7d\jpeg_q90.jpg
sidset_a8ad741ef85002f3,jpeg_q90,sidset,real,0,0.9085716009140015,data\cache\clean\test\sidset_a8ad741ef85002f3\jpeg_q90.jpg
sidset_ab1441008986f237,jpeg_q90,sidset,real,0,0.9314998388290405,data\cache\clean\test\sidset_ab1441008986f237\jpeg_q90.jpg
sidset_ac54ef2834f8bc74,jpeg_q90,sidset,real,0,0.9948269724845886,data\cache\clean\test\sidset_ac54ef2834f8bc74\jpeg_q90.jpg
sidset_b230de6baca8d392,jpeg_q90,sidset,real,0,0.6078824996948242,data\cache\clean\test\sidset_b230de6baca8d392\jpeg_q90.jpg
sidset_b3a42a0308a160fa,jpeg_q90,sidset,real,0,0.5328742265701294,data\cache\clean\test\sidset_b3a42a0308a160fa\jpeg_q90.jpg
sidset_b3d460c2a4f17eff,jpeg_q90,sidset,real,0,0.7888801097869873,data\cache\clean\test\sidset_b3d460c2a4f17eff\jpeg_q90.jpg
sidset_b6d4573c9d24dcf3,jpeg_q90,sidset,real,0,0.8039827942848206,data\cache\clean\test\sidset_b6d4573c9d24dcf3\jpeg_q90.jpg
sidset_bc70b06f0d603efd,jpeg_q90,sidset,real,0,0.9983271956443787,data\cache\clean\test\sidset_bc70b06f0d603efd\jpeg_q90.jpg
sidset_c2f7255d9f5d9469,jpeg_q90,sidset,real,0,0.7365838289260864,data\cache\clean\test\sidset_c2f7255d9f5d9469\jpeg_q90.jpg
sidset_c5a378b0ea24d25e,jpeg_q90,sidset,real,0,0.9928620457649231,data\cache\clean\test\sidset_c5a378b0ea24d25e\jpeg_q90.jpg
sidset_c71adf7ec32fe698,jpeg_q90,sidset,real,0,0.7808163166046143,data\cache\clean\test\sidset_c71adf7ec32fe698\jpeg_q90.jpg
sidset_c790c7ca03b21797,jpeg_q90,sidset,real,0,0.5524904131889343,data\cache\clean\test\sidset_c790c7ca03b21797\jpeg_q90.jpg
sidset_c7d3774f16039f96,jpeg_q90,sidset,real,0,0.5911929607391357,data\cache\clean\test\sidset_c7d3774f16039f96\jpeg_q90.jpg
sidset_ca472f89d820942c,jpeg_q90,sidset,real,0,0.5037491321563721,data\cache\clean\test\sidset_ca472f89d820942c\jpeg_q90.jpg
sidset_cb68a83278e88b9d,jpeg_q90,sidset,real,0,0.6998640894889832,data\cache\clean\test\sidset_cb68a83278e88b9d\jpeg_q90.jpg
sidset_cc4571b1efacde65,jpeg_q90,sidset,real,0,0.738703727722168,data\cache\clean\test\sidset_cc4571b1efacde65\jpeg_q90.jpg
sidset_cd7b3621c53d1ffe,jpeg_q90,sidset,real,0,0.6646673083305359,data\cache\clean\test\sidset_cd7b3621c53d1ffe\jpeg_q90.jpg
sidset_d16d462a77a3e94c,jpeg_q90,sidset,real,0,0.7932937145233154,data\cache\clean\test\sidset_d16d462a77a3e94c\jpeg_q90.jpg
sidset_d652dc17bb0709b8,jpeg_q90,sidset,real,0,0.9962098598480225,data\cache\clean\test\sidset_d652dc17bb0709b8\jpeg_q90.jpg
sidset_d7c9ba7b7774dcd9,jpeg_q90,sidset,real,0,0.6937970519065857,data\cache\clean\test\sidset_d7c9ba7b7774dcd9\jpeg_q90.jpg
sidset_db325b24acd0df24,jpeg_q90,sidset,real,0,0.6149851679801941,data\cache\clean\test\sidset_db325b24acd0df24\jpeg_q90.jpg
sidset_e17950e53d271009,jpeg_q90,sidset,real,0,0.6539754271507263,data\cache\clean\test\sidset_e17950e53d271009\jpeg_q90.jpg
sidset_e67f5961f8d7c753,jpeg_q90,sidset,real,0,0.6824731826782227,data\cache\clean\test\sidset_e67f5961f8d7c753\jpeg_q90.jpg
sidset_e6f037cc020a3c67,jpeg_q90,sidset,real,0,0.8264312148094177,data\cache\clean\test\sidset_e6f037cc020a3c67\jpeg_q90.jpg
sidset_e83254d4c55675a6,jpeg_q90,sidset,real,0,0.8475099802017212,data\cache\clean\test\sidset_e83254d4c55675a6\jpeg_q90.jpg
sidset_e99541e9ff8fadb2,jpeg_q90,sidset,real,0,0.6668973565101624,data\cache\clean\test\sidset_e99541e9ff8fadb2\jpeg_q90.jpg
sidset_ee3e421ae3a8270d,jpeg_q90,sidset,real,0,0.7600265741348267,data\cache\clean\test\sidset_ee3e421ae3a8270d\jpeg_q90.jpg
sidset_ef3f636bfc78f3a5,jpeg_q90,sidset,real,0,0.9851521253585815,data\cache\clean\test\sidset_ef3f636bfc78f3a5\jpeg_q90.jpg
sidset_f20a6b1e60fc7de3,jpeg_q90,sidset,real,0,0.629487156867981,data\cache\clean\test\sidset_f20a6b1e60fc7de3\jpeg_q90.jpg
sidset_f250696304a3be0e,jpeg_q90,sidset,real,0,0.9927054047584534,data\cache\clean\test\sidset_f250696304a3be0e\jpeg_q90.jpg
sidset_f5044c17014681a8,jpeg_q90,sidset,real,0,0.9905374646186829,data\cache\clean\test\sidset_f5044c17014681a8\jpeg_q90.jpg
sidset_fac95db1f3df9775,jpeg_q90,sidset,real,0,0.9979290962219238,data\cache\clean\test\sidset_fac95db1f3df9775\jpeg_q90.jpg
sidset_fb0d94d75e3c68b1,jpeg_q90,sidset,real,0,0.7320544719696045,data\cache\clean\test\sidset_fb0d94d75e3c68b1\jpeg_q90.jpg
sidset_fe0bec3214706d60,jpeg_q90,sidset,real,0,0.996658205986023,data\cache\clean\test\sidset_fe0bec3214706d60\jpeg_q90.jpg
cifake_0085,noise_s0.02,cifake,real,0,0.6394189596176147,data\cache\clean\test\cifake_0085\noise_s0.02.jpg
cifake_0179 (9),noise_s0.02,cifake,real,0,0.8431004881858826,data\cache\clean\test\cifake_0179 (9)\noise_s0.02.jpg
cifake_0235,noise_s0.02,cifake,real,0,0.7309706807136536,data\cache\clean\test\cifake_0235\noise_s0.02.jpg
cifake_0239 (10),noise_s0.02,cifake,real,0,0.5689394474029541,data\cache\clean\test\cifake_0239 (10)\noise_s0.02.jpg
cifake_0260 (4),noise_s0.02,cifake,real,0,0.5700927972793579,data\cache\clean\test\cifake_0260 (4)\noise_s0.02.jpg
cifake_0327 (5),noise_s0.02,cifake,real,0,0.8182057738304138,data\cache\clean\test\cifake_0327 (5)\noise_s0.02.jpg
cifake_0485 (9),noise_s0.02,cifake,real,0,0.8395076990127563,data\cache\clean\test\cifake_0485 (9)\noise_s0.02.jpg
cifake_0618 (3),noise_s0.02,cifake,real,0,0.8004770278930664,data\cache\clean\test\cifake_0618 (3)\noise_s0.02.jpg
cifake_0745,noise_s0.02,cifake,real,0,0.6067889332771301,data\cache\clean\test\cifake_0745\noise_s0.02.jpg
cifake_0793,noise_s0.02,cifake,real,0,0.9665235877037048,data\cache\clean\test\cifake_0793\noise_s0.02.jpg
cifake_0811,noise_s0.02,cifake,real,0,0.8838492631912231,data\cache\clean\test\cifake_0811\noise_s0.02.jpg
cifake_0967 (9),noise_s0.02,cifake,real,0,0.8244699835777283,data\cache\clean\test\cifake_0967 (9)\noise_s0.02.jpg
cifake_1139,noise_s0.02,cifake,real,0,0.9098476767539978,data\cache\clean\test\cifake_1139\noise_s0.02.jpg
cifake_1331 (2),noise_s0.02,cifake,real,0,0.9071037769317627,data\cache\clean\test\cifake_1331 (2)\noise_s0.02.jpg
cifake_1353 (9),noise_s0.02,cifake,real,0,0.8325311541557312,data\cache\clean\test\cifake_1353 (9)\noise_s0.02.jpg
cifake_1427,noise_s0.02,cifake,real,0,0.6881891489028931,data\cache\clean\test\cifake_1427\noise_s0.02.jpg
cifake_1614 (9),noise_s0.02,cifake,real,0,0.559922993183136,data\cache\clean\test\cifake_1614 (9)\noise_s0.02.jpg
cifake_1974,noise_s0.02,cifake,real,0,0.8885737657546997,data\cache\clean\test\cifake_1974\noise_s0.02.jpg
cifake_2602 (7),noise_s0.02,cifake,real,0,0.8246891498565674,data\cache\clean\test\cifake_2602 (7)\noise_s0.02.jpg
cifake_2660,noise_s0.02,cifake,real,0,0.9026475548744202,data\cache\clean\test\cifake_2660\noise_s0.02.jpg
cifake_2857 (10),noise_s0.02,cifake,real,0,0.6423736810684204,data\cache\clean\test\cifake_2857 (10)\noise_s0.02.jpg
cifake_2972 (5),noise_s0.02,cifake,real,0,0.584472119808197,data\cache\clean\test\cifake_2972 (5)\noise_s0.02.jpg
cifake_3042 (4),noise_s0.02,cifake,real,0,0.8007580637931824,data\cache\clean\test\cifake_3042 (4)\noise_s0.02.jpg
cifake_3280 (8),noise_s0.02,cifake,real,0,0.927634060382843,data\cache\clean\test\cifake_3280 (8)\noise_s0.02.jpg
cifake_3614,noise_s0.02,cifake,real,0,0.773052453994751,data\cache\clean\test\cifake_3614\noise_s0.02.jpg
cifake_3819 (2),noise_s0.02,cifake,real,0,0.5103358030319214,data\cache\clean\test\cifake_3819 (2)\noise_s0.02.jpg
cifake_3872,noise_s0.02,cifake,real,0,0.6767743229866028,data\cache\clean\test\cifake_3872\noise_s0.02.jpg
cifake_3891 (3),noise_s0.02,cifake,real,0,0.6745506525039673,data\cache\clean\test\cifake_3891 (3)\noise_s0.02.jpg
cifake_3979,noise_s0.02,cifake,real,0,0.5515633821487427,data\cache\clean\test\cifake_3979\noise_s0.02.jpg
cifake_4103 (9),noise_s0.02,cifake,real,0,0.6028336882591248,data\cache\clean\test\cifake_4103 (9)\noise_s0.02.jpg
cifake_4186 (5),noise_s0.02,cifake,real,0,0.5788074731826782,data\cache\clean\test\cifake_4186 (5)\noise_s0.02.jpg
cifake_4369,noise_s0.02,cifake,real,0,0.8380005955696106,data\cache\clean\test\cifake_4369\noise_s0.02.jpg
cifake_4389,noise_s0.02,cifake,real,0,0.8673478960990906,data\cache\clean\test\cifake_4389\noise_s0.02.jpg
cifake_4592 (10),noise_s0.02,cifake,real,0,0.6550248265266418,data\cache\clean\test\cifake_4592 (10)\noise_s0.02.jpg
cifake_4609 (2),noise_s0.02,cifake,real,0,0.8044600486755371,data\cache\clean\test\cifake_4609 (2)\noise_s0.02.jpg
cifake_4660 (5),noise_s0.02,cifake,real,0,0.866516649723053,data\cache\clean\test\cifake_4660 (5)\noise_s0.02.jpg
cifake_4673 (5),noise_s0.02,cifake,real,0,0.8363273739814758,data\cache\clean\test\cifake_4673 (5)\noise_s0.02.jpg
cifake_4932 (2),noise_s0.02,cifake,real,0,0.7775389552116394,data\cache\clean\test\cifake_4932 (2)\noise_s0.02.jpg
sidset_011c2e4461eb1fdc,noise_s0.02,sidset,real,0,0.9545193314552307,data\cache\clean\test\sidset_011c2e4461eb1fdc\noise_s0.02.jpg
sidset_01cfa603553a1a45,noise_s0.02,sidset,real,0,0.9457216858863831,data\cache\clean\test\sidset_01cfa603553a1a45\noise_s0.02.jpg
sidset_036df955965cb2f9,noise_s0.02,sidset,real,0,0.865001380443573,data\cache\clean\test\sidset_036df955965cb2f9\noise_s0.02.jpg
sidset_038789965a8f7606,noise_s0.02,sidset,real,0,0.9929472208023071,data\cache\clean\test\sidset_038789965a8f7606\noise_s0.02.jpg
sidset_03a9da8756998d00,noise_s0.02,sidset,real,0,0.9909486174583435,data\cache\clean\test\sidset_03a9da8756998d00\noise_s0.02.jpg
sidset_075db643445af8e3,noise_s0.02,sidset,real,0,0.9927634596824646,data\cache\clean\test\sidset_075db643445af8e3\noise_s0.02.jpg
sidset_09f7329f0c1c9fd4,noise_s0.02,sidset,real,0,0.7597367167472839,data\cache\clean\test\sidset_09f7329f0c1c9fd4\noise_s0.02.jpg
sidset_0f8102c25fc764ea,noise_s0.02,sidset,real,0,0.9993014335632324,data\cache\clean\test\sidset_0f8102c25fc764ea\noise_s0.02.jpg
sidset_10932d70e80241b5,noise_s0.02,sidset,real,0,0.9471867680549622,data\cache\clean\test\sidset_10932d70e80241b5\noise_s0.02.jpg
sidset_14312756c1c94efa,noise_s0.02,sidset,real,0,0.9991176724433899,data\cache\clean\test\sidset_14312756c1c94efa\noise_s0.02.jpg
sidset_1577f06c8ee59ef0,noise_s0.02,sidset,real,0,0.9783784747123718,data\cache\clean\test\sidset_1577f06c8ee59ef0\noise_s0.02.jpg
sidset_16c4058cc17896fc,noise_s0.02,sidset,real,0,0.6439197659492493,data\cache\clean\test\sidset_16c4058cc17896fc\noise_s0.02.jpg
sidset_1bfc154f6c762c73,noise_s0.02,sidset,real,0,0.7407461404800415,data\cache\clean\test\sidset_1bfc154f6c762c73\noise_s0.02.jpg
sidset_1cae0a8c943c87f1,noise_s0.02,sidset,real,0,0.6041730642318726,data\cache\clean\test\sidset_1cae0a8c943c87f1\noise_s0.02.jpg
sidset_22164251d34be040,noise_s0.02,sidset,real,0,0.9998522996902466,data\cache\clean\test\sidset_22164251d34be040\noise_s0.02.jpg
sidset_22b07f2ffcaf319c,noise_s0.02,sidset,real,0,0.9981239438056946,data\cache\clean\test\sidset_22b07f2ffcaf319c\noise_s0.02.jpg
sidset_262ab01448a69651,noise_s0.02,sidset,real,0,0.8868886828422546,data\cache\clean\test\sidset_262ab01448a69651\noise_s0.02.jpg
sidset_26c389b400ea1653,noise_s0.02,sidset,real,0,0.7083831429481506,data\cache\clean\test\sidset_26c389b400ea1653\noise_s0.02.jpg
sidset_310e74902f5337fc,noise_s0.02,sidset,real,0,0.7211832404136658,data\cache\clean\test\sidset_310e74902f5337fc\noise_s0.02.jpg
sidset_34866edcc2800ae0,noise_s0.02,sidset,real,0,0.9454523324966431,data\cache\clean\test\sidset_34866edcc2800ae0\noise_s0.02.jpg
sidset_34cdb10173e55171,noise_s0.02,sidset,real,0,0.5346367359161377,data\cache\clean\test\sidset_34cdb10173e55171\noise_s0.02.jpg
sidset_39a3f029e2e17dd3,noise_s0.02,sidset,real,0,0.9654706120491028,data\cache\clean\test\sidset_39a3f029e2e17dd3\noise_s0.02.jpg
sidset_3beca4d6152a4aa5,noise_s0.02,sidset,real,0,0.9409370422363281,data\cache\clean\test\sidset_3beca4d6152a4aa5\noise_s0.02.jpg
sidset_3fbc4c1574ef987d,noise_s0.02,sidset,real,0,0.7374845743179321,data\cache\clean\test\sidset_3fbc4c1574ef987d\noise_s0.02.jpg
sidset_45a6cb8b20ae57d2,noise_s0.02,sidset,real,0,0.9815254211425781,data\cache\clean\test\sidset_45a6cb8b20ae57d2\noise_s0.02.jpg
sidset_45c5c68f5a74cd90,noise_s0.02,sidset,real,0,0.6707471013069153,data\cache\clean\test\sidset_45c5c68f5a74cd90\noise_s0.02.jpg
sidset_475d67fc473d0989,noise_s0.02,sidset,real,0,0.5151776671409607,data\cache\clean\test\sidset_475d67fc473d0989\noise_s0.02.jpg
sidset_4e4b9b1d6e8b2aca,noise_s0.02,sidset,real,0,0.9889519810676575,data\cache\clean\test\sidset_4e4b9b1d6e8b2aca\noise_s0.02.jpg
sidset_52bf81b2d7f84101,noise_s0.02,sidset,real,0,0.5250024795532227,data\cache\clean\test\sidset_52bf81b2d7f84101\noise_s0.02.jpg
sidset_536280d2fbb07680,noise_s0.02,sidset,real,0,0.6189786791801453,data\cache\clean\test\sidset_536280d2fbb07680\noise_s0.02.jpg
sidset_55ed6c0bbd54e07d,noise_s0.02,sidset,real,0,0.8167651891708374,data\cache\clean\test\sidset_55ed6c0bbd54e07d\noise_s0.02.jpg
sidset_5a165a26bf8ca4be,noise_s0.02,sidset,real,0,0.7150567770004272,data\cache\clean\test\sidset_5a165a26bf8ca4be\noise_s0.02.jpg
sidset_5b8f12b78d13bfcd,noise_s0.02,sidset,real,0,0.9920247793197632,data\cache\clean\test\sidset_5b8f12b78d13bfcd\noise_s0.02.jpg
sidset_5ba522a91162ae70,noise_s0.02,sidset,real,0,0.8981137871742249,data\cache\clean\test\sidset_5ba522a91162ae70\noise_s0.02.jpg
sidset_615f67f3acd96d5c,noise_s0.02,sidset,real,0,0.5015255212783813,data\cache\clean\test\sidset_615f67f3acd96d5c\noise_s0.02.jpg
sidset_630624a387e04a88,noise_s0.02,sidset,real,0,0.5033361315727234,data\cache\clean\test\sidset_630624a387e04a88\noise_s0.02.jpg
sidset_656916e9c7039df4,noise_s0.02,sidset,real,0,0.7836076021194458,data\cache\clean\test\sidset_656916e9c7039df4\noise_s0.02.jpg
sidset_68f0479b7dde7700,noise_s0.02,sidset,real,0,0.9837663173675537,data\cache\clean\test\sidset_68f0479b7dde7700\noise_s0.02.jpg
sidset_6c4941996cd7f5fc,noise_s0.02,sidset,real,0,0.6771275997161865,data\cache\clean\test\sidset_6c4941996cd7f5fc\noise_s0.02.jpg
sidset_796b6212cfecb3de,noise_s0.02,sidset,real,0,0.9968955516815186,data\cache\clean\test\sidset_796b6212cfecb3de\noise_s0.02.jpg
sidset_7974984b83c15934,noise_s0.02,sidset,real,0,0.7104417681694031,data\cache\clean\test\sidset_7974984b83c15934\noise_s0.02.jpg
sidset_7b550aceb5ec111f,noise_s0.02,sidset,real,0,0.9450440406799316,data\cache\clean\test\sidset_7b550aceb5ec111f\noise_s0.02.jpg
sidset_8619862cda88466c,noise_s0.02,sidset,real,0,0.9639864563941956,data\cache\clean\test\sidset_8619862cda88466c\noise_s0.02.jpg
sidset_88431f034d786206,noise_s0.02,sidset,real,0,0.9937098026275635,data\cache\clean\test\sidset_88431f034d786206\noise_s0.02.jpg
sidset_918190e0dd7fc829,noise_s0.02,sidset,real,0,0.9818934202194214,data\cache\clean\test\sidset_918190e0dd7fc829\noise_s0.02.jpg
sidset_9548acaeca2f5124,noise_s0.02,sidset,real,0,0.5490423440933228,data\cache\clean\test\sidset_9548acaeca2f5124\noise_s0.02.jpg
sidset_9e2a9b16ff46f867,noise_s0.02,sidset,real,0,0.9804292917251587,data\cache\clean\test\sidset_9e2a9b16ff46f867\noise_s0.02.jpg
sidset_a429805728e89e7d,noise_s0.02,sidset,real,0,0.7282865047454834,data\cache\clean\test\sidset_a429805728e89e7d\noise_s0.02.jpg
sidset_a5b01f2aa66b2e86,noise_s0.02,sidset,real,0,0.9443019032478333,data\cache\clean\test\sidset_a5b01f2aa66b2e86\noise_s0.02.jpg
sidset_a8ad741ef85002f3,noise_s0.02,sidset,real,0,0.8695653080940247,data\cache\clean\test\sidset_a8ad741ef85002f3\noise_s0.02.jpg
sidset_ab1441008986f237,noise_s0.02,sidset,real,0,0.8517134189605713,data\cache\clean\test\sidset_ab1441008986f237\noise_s0.02.jpg
sidset_ac54ef2834f8bc74,noise_s0.02,sidset,real,0,0.9971195459365845,data\cache\clean\test\sidset_ac54ef2834f8bc74\noise_s0.02.jpg
sidset_addaecf6bdb9e66b,noise_s0.02,sidset,real,0,0.6645722389221191,data\cache\clean\test\sidset_addaecf6bdb9e66b\noise_s0.02.jpg
sidset_b3d460c2a4f17eff,noise_s0.02,sidset,real,0,0.8923148512840271,data\cache\clean\test\sidset_b3d460c2a4f17eff\noise_s0.02.jpg
sidset_b56eb4cbcc71b00b,noise_s0.02,sidset,real,0,0.6232035756111145,data\cache\clean\test\sidset_b56eb4cbcc71b00b\noise_s0.02.jpg
sidset_bbd015a643e96c80,noise_s0.02,sidset,real,0,0.7086908221244812,data\cache\clean\test\sidset_bbd015a643e96c80\noise_s0.02.jpg
sidset_bc70b06f0d603efd,noise_s0.02,sidset,real,0,0.999985933303833,data\cache\clean\test\sidset_bc70b06f0d603efd\noise_s0.02.jpg
sidset_bf2d95dd1b29bfda,noise_s0.02,sidset,real,0,0.6053498983383179,data\cache\clean\test\sidset_bf2d95dd1b29bfda\noise_s0.02.jpg
sidset_c2f7255d9f5d9469,noise_s0.02,sidset,real,0,0.9775994420051575,data\cache\clean\test\sidset_c2f7255d9f5d9469\noise_s0.02.jpg
sidset_c5a378b0ea24d25e,noise_s0.02,sidset,real,0,0.9840673208236694,data\cache\clean\test\sidset_c5a378b0ea24d25e\noise_s0.02.jpg
sidset_c71adf7ec32fe698,noise_s0.02,sidset,real,0,0.7366927266120911,data\cache\clean\test\sidset_c71adf7ec32fe698\noise_s0.02.jpg
sidset_cac550631e35c126,noise_s0.02,sidset,real,0,0.5170385241508484,data\cache\clean\test\sidset_cac550631e35c126\noise_s0.02.jpg
sidset_cb68a83278e88b9d,noise_s0.02,sidset,real,0,0.8425312042236328,data\cache\clean\test\sidset_cb68a83278e88b9d\noise_s0.02.jpg
sidset_cc4571b1efacde65,noise_s0.02,sidset,real,0,0.7884058952331543,data\cache\clean\test\sidset_cc4571b1efacde65\noise_s0.02.jpg
sidset_cd7b3621c53d1ffe,noise_s0.02,sidset,real,0,0.8142504096031189,data\cache\clean\test\sidset_cd7b3621c53d1ffe\noise_s0.02.jpg
sidset_d16d462a77a3e94c,noise_s0.02,sidset,real,0,0.7451217770576477,data\cache\clean\test\sidset_d16d462a77a3e94c\noise_s0.02.jpg
sidset_d652dc17bb0709b8,noise_s0.02,sidset,real,0,0.9995827078819275,data\cache\clean\test\sidset_d652dc17bb0709b8\noise_s0.02.jpg
sidset_d7c9ba7b7774dcd9,noise_s0.02,sidset,real,0,0.7093918323516846,data\cache\clean\test\sidset_d7c9ba7b7774dcd9\noise_s0.02.jpg
sidset_db325b24acd0df24,noise_s0.02,sidset,real,0,0.7456122636795044,data\cache\clean\test\sidset_db325b24acd0df24\noise_s0.02.jpg
sidset_e67f5961f8d7c753,noise_s0.02,sidset,real,0,0.66328364610672,data\cache\clean\test\sidset_e67f5961f8d7c753\noise_s0.02.jpg
sidset_e8e76505f6a37089,noise_s0.02,sidset,real,0,0.5934987664222717,data\cache\clean\test\sidset_e8e76505f6a37089\noise_s0.02.jpg
sidset_ee3e421ae3a8270d,noise_s0.02,sidset,real,0,0.6444864273071289,data\cache\clean\test\sidset_ee3e421ae3a8270d\noise_s0.02.jpg
sidset_ef3f636bfc78f3a5,noise_s0.02,sidset,real,0,0.9893179535865784,data\cache\clean\test\sidset_ef3f636bfc78f3a5\noise_s0.02.jpg
sidset_f20a6b1e60fc7de3,noise_s0.02,sidset,real,0,0.9905182719230652,data\cache\clean\test\sidset_f20a6b1e60fc7de3\noise_s0.02.jpg
sidset_f250696304a3be0e,noise_s0.02,sidset,real,0,0.9836956262588501,data\cache\clean\test\sidset_f250696304a3be0e\noise_s0.02.jpg
sidset_f5044c17014681a8,noise_s0.02,sidset,real,0,0.9875732064247131,data\cache\clean\test\sidset_f5044c17014681a8\noise_s0.02.jpg
sidset_fac95db1f3df9775,noise_s0.02,sidset,real,0,0.9932003617286682,data\cache\clean\test\sidset_fac95db1f3df9775\noise_s0.02.jpg
sidset_fe0bec3214706d60,noise_s0.02,sidset,real,0,0.9089913964271545,data\cache\clean\test\sidset_fe0bec3214706d60\noise_s0.02.jpg
sidset_ffb6be41271c5645,noise_s0.02,sidset,real,0,0.5133581161499023,data\cache\clean\test\sidset_ffb6be41271c5645\noise_s0.02.jpg
cifake_0091 (9),noise_s0.05,cifake,real,0,0.5931616425514221,data\cache\clean\test\cifake_0091 (9)\noise_s0.05.jpg
cifake_0179 (9),noise_s0.05,cifake,real,0,0.5620424747467041,data\cache\clean\test\cifake_0179 (9)\noise_s0.05.jpg
cifake_0235,noise_s0.05,cifake,real,0,0.7874805927276611,data\cache\clean\test\cifake_0235\noise_s0.05.jpg
cifake_0327 (5),noise_s0.05,cifake,real,0,0.9184289574623108,data\cache\clean\test\cifake_0327 (5)\noise_s0.05.jpg
cifake_0485 (9),noise_s0.05,cifake,real,0,0.679632842540741,data\cache\clean\test\cifake_0485 (9)\noise_s0.05.jpg
cifake_0618 (3),noise_s0.05,cifake,real,0,0.6012950539588928,data\cache\clean\test\cifake_0618 (3)\noise_s0.05.jpg
cifake_0793,noise_s0.05,cifake,real,0,0.989635169506073,data\cache\clean\test\cifake_0793\noise_s0.05.jpg
cifake_0811,noise_s0.05,cifake,real,0,0.9189351797103882,data\cache\clean\test\cifake_0811\noise_s0.05.jpg
cifake_0967 (9),noise_s0.05,cifake,real,0,0.7829282283782959,data\cache\clean\test\cifake_0967 (9)\noise_s0.05.jpg
cifake_1139,noise_s0.05,cifake,real,0,0.9285843372344971,data\cache\clean\test\cifake_1139\noise_s0.05.jpg
cifake_1306 (9),noise_s0.05,cifake,real,0,0.7321208119392395,data\cache\clean\test\cifake_1306 (9)\noise_s0.05.jpg
cifake_1331 (2),noise_s0.05,cifake,real,0,0.5179908275604248,data\cache\clean\test\cifake_1331 (2)\noise_s0.05.jpg
cifake_1353 (9),noise_s0.05,cifake,real,0,0.8662287592887878,data\cache\clean\test\cifake_1353 (9)\noise_s0.05.jpg
cifake_1427,noise_s0.05,cifake,real,0,0.7133870124816895,data\cache\clean\test\cifake_1427\noise_s0.05.jpg
cifake_1545 (5),noise_s0.05,cifake,real,0,0.7572603225708008,data\cache\clean\test\cifake_1545 (5)\noise_s0.05.jpg
cifake_1557 (3),noise_s0.05,cifake,real,0,0.523884654045105,data\cache\clean\test\cifake_1557 (3)\noise_s0.05.jpg
cifake_1974,noise_s0.05,cifake,real,0,0.7993704676628113,data\cache\clean\test\cifake_1974\noise_s0.05.jpg
cifake_2602 (7),noise_s0.05,cifake,real,0,0.9756379127502441,data\cache\clean\test\cifake_2602 (7)\noise_s0.05.jpg
cifake_2660,noise_s0.05,cifake,real,0,0.886975109577179,data\cache\clean\test\cifake_2660\noise_s0.05.jpg
cifake_3042 (4),noise_s0.05,cifake,real,0,0.841884195804596,data\cache\clean\test\cifake_3042 (4)\noise_s0.05.jpg
cifake_3280 (8),noise_s0.05,cifake,real,0,0.893703818321228,data\cache\clean\test\cifake_3280 (8)\noise_s0.05.jpg
cifake_3458 (9),noise_s0.05,cifake,real,0,0.6360520720481873,data\cache\clean\test\cifake_3458 (9)\noise_s0.05.jpg
cifake_3614,noise_s0.05,cifake,real,0,0.7826431393623352,data\cache\clean\test\cifake_3614\noise_s0.05.jpg
cifake_3819 (2),noise_s0.05,cifake,real,0,0.7609907984733582,data\cache\clean\test\cifake_3819 (2)\noise_s0.05.jpg
cifake_3872,noise_s0.05,cifake,real,0,0.6648501753807068,data\cache\clean\test\cifake_3872\noise_s0.05.jpg
cifake_4186 (5),noise_s0.05,cifake,real,0,0.866643488407135,data\cache\clean\test\cifake_4186 (5)\noise_s0.05.jpg
cifake_4369,noise_s0.05,cifake,real,0,0.8462815880775452,data\cache\clean\test\cifake_4369\noise_s0.05.jpg
cifake_4389,noise_s0.05,cifake,real,0,0.7951512336730957,data\cache\clean\test\cifake_4389\noise_s0.05.jpg
cifake_4609 (2),noise_s0.05,cifake,real,0,0.9728386998176575,data\cache\clean\test\cifake_4609 (2)\noise_s0.05.jpg
cifake_4660 (5),noise_s0.05,cifake,real,0,0.8856821060180664,data\cache\clean\test\cifake_4660 (5)\noise_s0.05.jpg
cifake_4673 (5),noise_s0.05,cifake,real,0,0.93890380859375,data\cache\clean\test\cifake_4673 (5)\noise_s0.05.jpg
cifake_4932 (2),noise_s0.05,cifake,real,0,0.793254017829895,data\cache\clean\test\cifake_4932 (2)\noise_s0.05.jpg
sidset_011c2e4461eb1fdc,noise_s0.05,sidset,real,0,0.9970786571502686,data\cache\clean\test\sidset_011c2e4461eb1fdc\noise_s0.05.jpg
sidset_01cfa603553a1a45,noise_s0.05,sidset,real,0,0.9849912524223328,data\cache\clean\test\sidset_01cfa603553a1a45\noise_s0.05.jpg
sidset_036df955965cb2f9,noise_s0.05,sidset,real,0,0.9014908075332642,data\cache\clean\test\sidset_036df955965cb2f9\noise_s0.05.jpg
sidset_038789965a8f7606,noise_s0.05,sidset,real,0,0.9923977255821228,data\cache\clean\test\sidset_038789965a8f7606\noise_s0.05.jpg
sidset_03a9da8756998d00,noise_s0.05,sidset,real,0,0.8859126567840576,data\cache\clean\test\sidset_03a9da8756998d00\noise_s0.05.jpg
sidset_03eaaa4033ae7bc3,noise_s0.05,sidset,real,0,0.5682629346847534,data\cache\clean\test\sidset_03eaaa4033ae7bc3\noise_s0.05.jpg
sidset_075db643445af8e3,noise_s0.05,sidset,real,0,0.5287818908691406,data\cache\clean\test\sidset_075db643445af8e3\noise_s0.05.jpg
sidset_09f7329f0c1c9fd4,noise_s0.05,sidset,real,0,0.9362257719039917,data\cache\clean\test\sidset_09f7329f0c1c9fd4\noise_s0.05.jpg
sidset_0df1386082a76670,noise_s0.05,sidset,real,0,0.8049063086509705,data\cache\clean\test\sidset_0df1386082a76670\noise_s0.05.jpg
sidset_0f8102c25fc764ea,noise_s0.05,sidset,real,0,0.9992176294326782,data\cache\clean\test\sidset_0f8102c25fc764ea\noise_s0.05.jpg
sidset_10932d70e80241b5,noise_s0.05,sidset,real,0,0.8112097382545471,data\cache\clean\test\sidset_10932d70e80241b5\noise_s0.05.jpg
sidset_14312756c1c94efa,noise_s0.05,sidset,real,0,0.9999120235443115,data\cache\clean\test\sidset_14312756c1c94efa\noise_s0.05.jpg
sidset_1577f06c8ee59ef0,noise_s0.05,sidset,real,0,0.9530980587005615,data\cache\clean\test\sidset_1577f06c8ee59ef0\noise_s0.05.jpg
sidset_16c4058cc17896fc,noise_s0.05,sidset,real,0,0.5113549828529358,data\cache\clean\test\sidset_16c4058cc17896fc\noise_s0.05.jpg
sidset_1cae0a8c943c87f1,noise_s0.05,sidset,real,0,0.6934985518455505,data\cache\clean\test\sidset_1cae0a8c943c87f1\noise_s0.05.jpg
sidset_1dff9756ab9d9e0a,noise_s0.05,sidset,real,0,0.5008305311203003,data\cache\clean\test\sidset_1dff9756ab9d9e0a\noise_s0.05.jpg
sidset_22164251d34be040,noise_s0.05,sidset,real,0,0.9998857975006104,data\cache\clean\test\sidset_22164251d34be040\noise_s0.05.jpg
sidset_22b07f2ffcaf319c,noise_s0.05,sidset,real,0,0.9964197874069214,data\cache\clean\test\sidset_22b07f2ffcaf319c\noise_s0.05.jpg
sidset_262ab01448a69651,noise_s0.05,sidset,real,0,0.9908359050750732,data\cache\clean\test\sidset_262ab01448a69651\noise_s0.05.jpg
sidset_26c389b400ea1653,noise_s0.05,sidset,real,0,0.7009690403938293,data\cache\clean\test\sidset_26c389b400ea1653\noise_s0.05.jpg
sidset_310e74902f5337fc,noise_s0.05,sidset,real,0,0.9860438108444214,data\cache\clean\test\sidset_310e74902f5337fc\noise_s0.05.jpg
sidset_333b018473a06c71,noise_s0.05,sidset,real,0,0.7078098654747009,data\cache\clean\test\sidset_333b018473a06c71\noise_s0.05.jpg
sidset_34866edcc2800ae0,noise_s0.05,sidset,real,0,0.990151047706604,data\cache\clean\test\sidset_34866edcc2800ae0\noise_s0.05.jpg
sidset_39a3f029e2e17dd3,noise_s0.05,sidset,real,0,0.9741582274436951,data\cache\clean\test\sidset_39a3f029e2e17dd3\noise_s0.05.jpg
sidset_3beca4d6152a4aa5,noise_s0.05,sidset,real,0,0.9092383980751038,data\cache\clean\test\sidset_3beca4d6152a4aa5\noise_s0.05.jpg
sidset_45a6cb8b20ae57d2,noise_s0.05,sidset,real,0,0.971886157989502,data\cache\clean\test\sidset_45a6cb8b20ae57d2\noise_s0.05.jpg
sidset_45c5c68f5a74cd90,noise_s0.05,sidset,real,0,0.5725677013397217,data\cache\clean\test\sidset_45c5c68f5a74cd90\noise_s0.05.jpg
sidset_4babe6eef86c29f6,noise_s0.05,sidset,real,0,0.8116417527198792,data\cache\clean\test\sidset_4babe6eef86c29f6\noise_s0.05.jpg
sidset_4e4b9b1d6e8b2aca,noise_s0.05,sidset,real,0,0.9133387207984924,data\cache\clean\test\sidset_4e4b9b1d6e8b2aca\noise_s0.05.jpg
sidset_52bf81b2d7f84101,noise_s0.05,sidset,real,0,0.570701539516449,data\cache\clean\test\sidset_52bf81b2d7f84101\noise_s0.05.jpg
sidset_55ed6c0bbd54e07d,noise_s0.05,sidset,real,0,0.9936766028404236,data\cache\clean\test\sidset_55ed6c0bbd54e07d\noise_s0.05.jpg
sidset_5a165a26bf8ca4be,noise_s0.05,sidset,real,0,0.7175763249397278,data\cache\clean\test\sidset_5a165a26bf8ca4be\noise_s0.05.jpg
sidset_5b8f12b78d13bfcd,noise_s0.05,sidset,real,0,0.9922250509262085,data\cache\clean\test\sidset_5b8f12b78d13bfcd\noise_s0.05.jpg
sidset_5ba522a91162ae70,noise_s0.05,sidset,real,0,0.9392008781433105,data\cache\clean\test\sidset_5ba522a91162ae70\noise_s0.05.jpg
sidset_656916e9c7039df4,noise_s0.05,sidset,real,0,0.9600417017936707,data\cache\clean\test\sidset_656916e9c7039df4\noise_s0.05.jpg
sidset_68f0479b7dde7700,noise_s0.05,sidset,real,0,0.974946141242981,data\cache\clean\test\sidset_68f0479b7dde7700\noise_s0.05.jpg
sidset_6c4941996cd7f5fc,noise_s0.05,sidset,real,0,0.8623223304748535,data\cache\clean\test\sidset_6c4941996cd7f5fc\noise_s0.05.jpg
sidset_759a21da57c25774,noise_s0.05,sidset,real,0,0.8788738250732422,data\cache\clean\test\sidset_759a21da57c25774\noise_s0.05.jpg
sidset_75c4b6f64d7849f6,noise_s0.05,sidset,real,0,0.6886829733848572,data\cache\clean\test\sidset_75c4b6f64d7849f6\noise_s0.05.jpg
sidset_772850bc0fb9e17c,noise_s0.05,sidset,real,0,0.9425594806671143,data\cache\clean\test\sidset_772850bc0fb9e17c\noise_s0.05.jpg
sidset_796b6212cfecb3de,noise_s0.05,sidset,real,0,0.9911060929298401,data\cache\clean\test\sidset_796b6212cfecb3de\noise_s0.05.jpg
sidset_7974984b83c15934,noise_s0.05,sidset,real,0,0.5469210147857666,data\cache\clean\test\sidset_7974984b83c15934\noise_s0.05.jpg
sidset_7b550aceb5ec111f,noise_s0.05,sidset,real,0,0.9898955821990967,data\cache\clean\test\sidset_7b550aceb5ec111f\noise_s0.05.jpg
sidset_8619862cda88466c,noise_s0.05,sidset,real,0,0.9996991157531738,data\cache\clean\test\sidset_8619862cda88466c\noise_s0.05.jpg
sidset_88431f034d786206,noise_s0.05,sidset,real,0,0.998342752456665,data\cache\clean\test\sidset_88431f034d786206\noise_s0.05.jpg
sidset_918190e0dd7fc829,noise_s0.05,sidset,real,0,0.9789509177207947,data\cache\clean\test\sidset_918190e0dd7fc829\noise_s0.05.jpg
sidset_9548acaeca2f5124,noise_s0.05,sidset,real,0,0.6157534122467041,data\cache\clean\test\sidset_9548acaeca2f5124\noise_s0.05.jpg
sidset_9811f04611ad082c,noise_s0.05,sidset,real,0,0.551094114780426,data\cache\clean\test\sidset_9811f04611ad082c\noise_s0.05.jpg
sidset_995429a562f1aed2,noise_s0.05,sidset,real,0,0.605552613735199,data\cache\clean\test\sidset_995429a562f1aed2\noise_s0.05.jpg
sidset_9e2a9b16ff46f867,noise_s0.05,sidset,real,0,0.9767483472824097,data\cache\clean\test\sidset_9e2a9b16ff46f867\noise_s0.05.jpg
sidset_9fef864f1f832f63,noise_s0.05,sidset,real,0,0.5777292847633362,data\cache\clean\test\sidset_9fef864f1f832f63\noise_s0.05.jpg
sidset_a3293aebf3086c9f,noise_s0.05,sidset,real,0,0.5156428217887878,data\cache\clean\test\sidset_a3293aebf3086c9f\noise_s0.05.jpg
sidset_a4268c0135ca2c65,noise_s0.05,sidset,real,0,0.5673633813858032,data\cache\clean\test\sidset_a4268c0135ca2c65\noise_s0.05.jpg
sidset_a5b01f2aa66b2e86,noise_s0.05,sidset,real,0,0.953191339969635,data\cache\clean\test\sidset_a5b01f2aa66b2e86\noise_s0.05.jpg
sidset_a8ad741ef85002f3,noise_s0.05,sidset,real,0,0.8950330018997192,data\cache\clean\test\sidset_a8ad741ef85002f3\noise_s0.05.jpg
sidset_ab1441008986f237,noise_s0.05,sidset,real,0,0.8403967022895813,data\cache\clean\test\sidset_ab1441008986f237\noise_s0.05.jpg
sidset_ac54ef2834f8bc74,noise_s0.05,sidset,real,0,0.9909576177597046,data\cache\clean\test\sidset_ac54ef2834f8bc74\noise_s0.05.jpg
sidset_addaecf6bdb9e66b,noise_s0.05,sidset,real,0,0.9534330368041992,data\cache\clean\test\sidset_addaecf6bdb9e66b\noise_s0.05.jpg
sidset_b230de6baca8d392,noise_s0.05,sidset,real,0,0.8128012418746948,data\cache\clean\test\sidset_b230de6baca8d392\noise_s0.05.jpg
sidset_b3d460c2a4f17eff,noise_s0.05,sidset,real,0,0.9476894736289978,data\cache\clean\test\sidset_b3d460c2a4f17eff\noise_s0.05.jpg
sidset_b6d4573c9d24dcf3,noise_s0.05,sidset,real,0,0.7081285715103149,data\cache\clean\test\sidset_b6d4573c9d24dcf3\noise_s0.05.jpg
sidset_bc70b06f0d603efd,noise_s0.05,sidset,real,0,0.9999997615814209,data\cache\clean\test\sidset_bc70b06f0d603efd\noise_s0.05.jpg
sidset_bf2d95dd1b29bfda,noise_s0.05,sidset,real,0,0.7043697834014893,data\cache\clean\test\sidset_bf2d95dd1b29bfda\noise_s0.05.jpg
sidset_c104d5a827c3dc84,noise_s0.05,sidset,real,0,0.5984717607498169,data\cache\clean\test\sidset_c104d5a827c3dc84\noise_s0.05.jpg
sidset_c2f7255d9f5d9469,noise_s0.05,sidset,real,0,0.7804374098777771,data\cache\clean\test\sidset_c2f7255d9f5d9469\noise_s0.05.jpg
sidset_c51e9f52ce3dbd67,noise_s0.05,sidset,real,0,0.8541736602783203,data\cache\clean\test\sidset_c51e9f52ce3dbd67\noise_s0.05.jpg
sidset_c5a378b0ea24d25e,noise_s0.05,sidset,real,0,0.8681952953338623,data\cache\clean\test\sidset_c5a378b0ea24d25e\noise_s0.05.jpg
sidset_c5f4e20e7d2e391c,noise_s0.05,sidset,real,0,0.9367753863334656,data\cache\clean\test\sidset_c5f4e20e7d2e391c\noise_s0.05.jpg
sidset_c6912c30cccccdb7,noise_s0.05,sidset,real,0,0.6525454521179199,data\cache\clean\test\sidset_c6912c30cccccdb7\noise_s0.05.jpg
sidset_c71adf7ec32fe698,noise_s0.05,sidset,real,0,0.8000705242156982,data\cache\clean\test\sidset_c71adf7ec32fe698\noise_s0.05.jpg
sidset_c7d3774f16039f96,noise_s0.05,sidset,real,0,0.588125467300415,data\cache\clean\test\sidset_c7d3774f16039f96\noise_s0.05.jpg
sidset_cac550631e35c126,noise_s0.05,sidset,real,0,0.953920304775238,data\cache\clean\test\sidset_cac550631e35c126\noise_s0.05.jpg
sidset_cb68a83278e88b9d,noise_s0.05,sidset,real,0,0.8692878484725952,data\cache\clean\test\sidset_cb68a83278e88b9d\noise_s0.05.jpg
sidset_cc4571b1efacde65,noise_s0.05,sidset,real,0,0.8120219111442566,data\cache\clean\test\sidset_cc4571b1efacde65\noise_s0.05.jpg
sidset_cd7b3621c53d1ffe,noise_s0.05,sidset,real,0,0.6400558352470398,data\cache\clean\test\sidset_cd7b3621c53d1ffe\noise_s0.05.jpg
sidset_d16d462a77a3e94c,noise_s0.05,sidset,real,0,0.5566419959068298,data\cache\clean\test\sidset_d16d462a77a3e94c\noise_s0.05.jpg
sidset_d652dc17bb0709b8,noise_s0.05,sidset,real,0,0.9979693293571472,data\cache\clean\test\sidset_d652dc17bb0709b8\noise_s0.05.jpg
sidset_d7c9ba7b7774dcd9,noise_s0.05,sidset,real,0,0.8577762842178345,data\cache\clean\test\sidset_d7c9ba7b7774dcd9\noise_s0.05.jpg
sidset_db325b24acd0df24,noise_s0.05,sidset,real,0,0.9866325259208679,data\cache\clean\test\sidset_db325b24acd0df24\noise_s0.05.jpg
sidset_e011e1243821e052,noise_s0.05,sidset,real,0,0.8223539590835571,data\cache\clean\test\sidset_e011e1243821e052\noise_s0.05.jpg
sidset_e67f5961f8d7c753,noise_s0.05,sidset,real,0,0.8792926073074341,data\cache\clean\test\sidset_e67f5961f8d7c753\noise_s0.05.jpg
sidset_e83254d4c55675a6,noise_s0.05,sidset,real,0,0.790399968624115,data\cache\clean\test\sidset_e83254d4c55675a6\noise_s0.05.jpg
sidset_e8e76505f6a37089,noise_s0.05,sidset,real,0,0.6924015879631042,data\cache\clean\test\sidset_e8e76505f6a37089\noise_s0.05.jpg
sidset_ee3e421ae3a8270d,noise_s0.05,sidset,real,0,0.8048425316810608,data\cache\clean\test\sidset_ee3e421ae3a8270d\noise_s0.05.jpg
sidset_ef3f636bfc78f3a5,noise_s0.05,sidset,real,0,0.9925585985183716,data\cache\clean\test\sidset_ef3f636bfc78f3a5\noise_s0.05.jpg
sidset_f20a6b1e60fc7de3,noise_s0.05,sidset,real,0,0.9811351895332336,data\cache\clean\test\sidset_f20a6b1e60fc7de3\noise_s0.05.jpg
sidset_f250696304a3be0e,noise_s0.05,sidset,real,0,0.9757156372070312,data\cache\clean\test\sidset_f250696304a3be0e\noise_s0.05.jpg
sidset_f5044c17014681a8,noise_s0.05,sidset,real,0,0.9647466540336609,data\cache\clean\test\sidset_f5044c17014681a8\noise_s0.05.jpg
sidset_fac95db1f3df9775,noise_s0.05,sidset,real,0,0.9968122839927673,data\cache\clean\test\sidset_fac95db1f3df9775\noise_s0.05.jpg
sidset_fe0bec3214706d60,noise_s0.05,sidset,real,0,0.8844767808914185,data\cache\clean\test\sidset_fe0bec3214706d60\noise_s0.05.jpg
cifake_0235,noise_s0.1,cifake,real,0,0.7231188416481018,data\cache\clean\test\cifake_0235\noise_s0.1.jpg
cifake_0260 (4),noise_s0.1,cifake,real,0,0.6275816559791565,data\cache\clean\test\cifake_0260 (4)\noise_s0.1.jpg
cifake_0302 (9),noise_s0.1,cifake,real,0,0.8823125958442688,data\cache\clean\test\cifake_0302 (9)\noise_s0.1.jpg
cifake_0327 (5),noise_s0.1,cifake,real,0,0.6701266169548035,data\cache\clean\test\cifake_0327 (5)\noise_s0.1.jpg
cifake_0338 (2),noise_s0.1,cifake,real,0,0.7885006070137024,data\cache\clean\test\cifake_0338 (2)\noise_s0.1.jpg
cifake_0343 (6),noise_s0.1,cifake,real,0,0.6535447835922241,data\cache\clean\test\cifake_0343 (6)\noise_s0.1.jpg
cifake_0782,noise_s0.1,cifake,real,0,0.5294297933578491,data\cache\clean\test\cifake_0782\noise_s0.1.jpg
cifake_0793,noise_s0.1,cifake,real,0,0.8491798639297485,data\cache\clean\test\cifake_0793\noise_s0.1.jpg
cifake_0811,noise_s0.1,cifake,real,0,0.8437770009040833,data\cache\clean\test\cifake_0811\noise_s0.1.jpg
cifake_0967 (9),noise_s0.1,cifake,real,0,0.7272223234176636,data\cache\clean\test\cifake_0967 (9)\noise_s0.1.jpg
cifake_1139,noise_s0.1,cifake,real,0,0.5590277910232544,data\cache\clean\test\cifake_1139\noise_s0.1.jpg
cifake_1353 (9),noise_s0.1,cifake,real,0,0.8962270617485046,data\cache\clean\test\cifake_1353 (9)\noise_s0.1.jpg
cifake_1427,noise_s0.1,cifake,real,0,0.8625728487968445,data\cache\clean\test\cifake_1427\noise_s0.1.jpg
cifake_1545 (5),noise_s0.1,cifake,real,0,0.6693234443664551,data\cache\clean\test\cifake_1545 (5)\noise_s0.1.jpg
cifake_2122,noise_s0.1,cifake,real,0,0.6134184002876282,data\cache\clean\test\cifake_2122\noise_s0.1.jpg
cifake_2547,noise_s0.1,cifake,real,0,0.521764874458313,data\cache\clean\test\cifake_2547\noise_s0.1.jpg
cifake_2602 (7),noise_s0.1,cifake,real,0,0.7455408573150635,data\cache\clean\test\cifake_2602 (7)\noise_s0.1.jpg
cifake_2660,noise_s0.1,cifake,real,0,0.9374794363975525,data\cache\clean\test\cifake_2660\noise_s0.1.jpg
cifake_2874 (4),noise_s0.1,cifake,real,0,0.5689677596092224,data\cache\clean\test\cifake_2874 (4)\noise_s0.1.jpg
cifake_2972 (5),noise_s0.1,cifake,real,0,0.8861216306686401,data\cache\clean\test\cifake_2972 (5)\noise_s0.1.jpg
cifake_3280 (8),noise_s0.1,cifake,real,0,0.7895433902740479,data\cache\clean\test\cifake_3280 (8)\noise_s0.1.jpg
cifake_3295 (10),noise_s0.1,cifake,real,0,0.5791793465614319,data\cache\clean\test\cifake_3295 (10)\noise_s0.1.jpg
cifake_3614,noise_s0.1,cifake,real,0,0.546574592590332,data\cache\clean\test\cifake_3614\noise_s0.1.jpg
cifake_3819 (2),noise_s0.1,cifake,real,0,0.6980924010276794,data\cache\clean\test\cifake_3819 (2)\noise_s0.1.jpg
cifake_4103 (9),noise_s0.1,cifake,real,0,0.7143071293830872,data\cache\clean\test\cifake_4103 (9)\noise_s0.1.jpg
cifake_4186 (5),noise_s0.1,cifake,real,0,0.8856925964355469,data\cache\clean\test\cifake_4186 (5)\noise_s0.1.jpg
cifake_4389,noise_s0.1,cifake,real,0,0.5495253205299377,data\cache\clean\test\cifake_4389\noise_s0.1.jpg
cifake_4533 (5),noise_s0.1,cifake,real,0,0.7799673676490784,data\cache\clean\test\cifake_4533 (5)\noise_s0.1.jpg
cifake_4609 (2),noise_s0.1,cifake,real,0,0.9788461923599243,data\cache\clean\test\cifake_4609 (2)\noise_s0.1.jpg
cifake_4660 (5),noise_s0.1,cifake,real,0,0.9227314591407776,data\cache\clean\test\cifake_4660 (5)\noise_s0.1.jpg
cifake_4673 (5),noise_s0.1,cifake,real,0,0.907318115234375,data\cache\clean\test\cifake_4673 (5)\noise_s0.1.jpg
sidset_00e0167d680d60ff,noise_s0.1,sidset,real,0,0.710842490196228,data\cache\clean\test\sidset_00e0167d680d60ff\noise_s0.1.jpg
sidset_011c2e4461eb1fdc,noise_s0.1,sidset,real,0,0.9996151924133301,data\cache\clean\test\sidset_011c2e4461eb1fdc\noise_s0.1.jpg
sidset_01cc1b0f620bd54f,noise_s0.1,sidset,real,0,0.6593160033226013,data\cache\clean\test\sidset_01cc1b0f620bd54f\noise_s0.1.jpg
sidset_01cfa603553a1a45,noise_s0.1,sidset,real,0,0.9763120412826538,data\cache\clean\test\sidset_01cfa603553a1a45\noise_s0.1.jpg
sidset_036df955965cb2f9,noise_s0.1,sidset,real,0,0.9654550552368164,data\cache\clean\test\sidset_036df955965cb2f9\noise_s0.1.jpg
sidset_038789965a8f7606,noise_s0.1,sidset,real,0,0.9905746579170227,data\cache\clean\test\sidset_038789965a8f7606\noise_s0.1.jpg
sidset_03a9da8756998d00,noise_s0.1,sidset,real,0,0.6059480905532837,data\cache\clean\test\sidset_03a9da8756998d00\noise_s0.1.jpg
sidset_075db643445af8e3,noise_s0.1,sidset,real,0,0.5074862837791443,data\cache\clean\test\sidset_075db643445af8e3\noise_s0.1.jpg
sidset_09a76ff24fd5073b,noise_s0.1,sidset,real,0,0.8951539993286133,data\cache\clean\test\sidset_09a76ff24fd5073b\noise_s0.1.jpg
sidset_09f7329f0c1c9fd4,noise_s0.1,sidset,real,0,0.9623376727104187,data\cache\clean\test\sidset_09f7329f0c1c9fd4\noise_s0.1.jpg
sidset_0df1386082a76670,noise_s0.1,sidset,real,0,0.7412944436073303,data\cache\clean\test\sidset_0df1386082a76670\noise_s0.1.jpg
sidset_0ef4afc6c7902e61,noise_s0.1,sidset,real,0,0.8205423355102539,data\cache\clean\test\sidset_0ef4afc6c7902e61\noise_s0.1.jpg
sidset_0f8102c25fc764ea,noise_s0.1,sidset,real,0,0.9585216641426086,data\cache\clean\test\sidset_0f8102c25fc764ea\noise_s0.1.jpg
sidset_10932d70e80241b5,noise_s0.1,sidset,real,0,0.955010175704956,data\cache\clean\test\sidset_10932d70e80241b5\noise_s0.1.jpg
sidset_1409961a28ec7db5,noise_s0.1,sidset,real,0,0.7126595377922058,data\cache\clean\test\sidset_1409961a28ec7db5\noise_s0.1.jpg
sidset_14312756c1c94efa,noise_s0.1,sidset,real,0,0.9999585151672363,data\cache\clean\test\sidset_14312756c1c94efa\noise_s0.1.jpg
sidset_1577f06c8ee59ef0,noise_s0.1,sidset,real,0,0.7886136770248413,data\cache\clean\test\sidset_1577f06c8ee59ef0\noise_s0.1.jpg
sidset_19a1dd0dde3ed26c,noise_s0.1,sidset,real,0,0.8727061152458191,data\cache\clean\test\sidset_19a1dd0dde3ed26c\noise_s0.1.jpg
sidset_1d24e17c0f598d7a,noise_s0.1,sidset,real,0,0.6891059279441833,data\cache\clean\test\sidset_1d24e17c0f598d7a\noise_s0.1.jpg
sidset_1dff9756ab9d9e0a,noise_s0.1,sidset,real,0,0.5464972257614136,data\cache\clean\test\sidset_1dff9756ab9d9e0a\noise_s0.1.jpg
sidset_22164251d34be040,noise_s0.1,sidset,real,0,0.9965695142745972,data\cache\clean\test\sidset_22164251d34be040\noise_s0.1.jpg
sidset_22b07f2ffcaf319c,noise_s0.1,sidset,real,0,0.9960150122642517,data\cache\clean\test\sidset_22b07f2ffcaf319c\noise_s0.1.jpg
sidset_262ab01448a69651,noise_s0.1,sidset,real,0,0.9876798391342163,data\cache\clean\test\sidset_262ab01448a69651\noise_s0.1.jpg
sidset_26c389b400ea1653,noise_s0.1,sidset,real,0,0.7749748229980469,data\cache\clean\test\sidset_26c389b400ea1653\noise_s0.1.jpg
sidset_2800b0abf266ffba,noise_s0.1,sidset,real,0,0.8933508992195129,data\cache\clean\test\sidset_2800b0abf266ffba\noise_s0.1.jpg
sidset_310e74902f5337fc,noise_s0.1,sidset,real,0,0.857107937335968,data\cache\clean\test\sidset_310e74902f5337fc\noise_s0.1.jpg
sidset_326f495eb261b65e,noise_s0.1,sidset,real,0,0.9970645308494568,data\cache\clean\test\sidset_326f495eb261b65e\noise_s0.1.jpg
sidset_333b018473a06c71,noise_s0.1,sidset,real,0,0.5147932767868042,data\cache\clean\test\sidset_333b018473a06c71\noise_s0.1.jpg
sidset_34866edcc2800ae0,noise_s0.1,sidset,real,0,0.9523682594299316,data\cache\clean\test\sidset_34866edcc2800ae0\noise_s0.1.jpg
sidset_39a3f029e2e17dd3,noise_s0.1,sidset,real,0,0.9605942368507385,data\cache\clean\test\sidset_39a3f029e2e17dd3\noise_s0.1.jpg
sidset_3beca4d6152a4aa5,noise_s0.1,sidset,real,0,0.9633601903915405,data\cache\clean\test\sidset_3beca4d6152a4aa5\noise_s0.1.jpg
sidset_41fcb89ff22ef83c,noise_s0.1,sidset,real,0,0.5945731401443481,data\cache\clean\test\sidset_41fcb89ff22ef83c\noise_s0.1.jpg
sidset_44062c28bab0688d,noise_s0.1,sidset,real,0,0.7666655778884888,data\cache\clean\test\sidset_44062c28bab0688d\noise_s0.1.jpg
sidset_45a6cb8b20ae57d2,noise_s0.1,sidset,real,0,0.939755380153656,data\cache\clean\test\sidset_45a6cb8b20ae57d2\noise_s0.1.jpg
sidset_45c5c68f5a74cd90,noise_s0.1,sidset,real,0,0.6752969026565552,data\cache\clean\test\sidset_45c5c68f5a74cd90\noise_s0.1.jpg
sidset_4649ab3dc76d14bc,noise_s0.1,sidset,real,0,0.565121054649353,data\cache\clean\test\sidset_4649ab3dc76d14bc\noise_s0.1.jpg
sidset_4e4b9b1d6e8b2aca,noise_s0.1,sidset,real,0,0.9960928559303284,data\cache\clean\test\sidset_4e4b9b1d6e8b2aca\noise_s0.1.jpg
sidset_523fede5def083dd,noise_s0.1,sidset,real,0,0.6082499623298645,data\cache\clean\test\sidset_523fede5def083dd\noise_s0.1.jpg
sidset_524db7cc1caac0b0,noise_s0.1,sidset,real,0,0.6592875123023987,data\cache\clean\test\sidset_524db7cc1caac0b0\noise_s0.1.jpg
sidset_54188851eee1c3c4,noise_s0.1,sidset,real,0,0.9747271537780762,data\cache\clean\test\sidset_54188851eee1c3c4\noise_s0.1.jpg
sidset_55ed6c0bbd54e07d,noise_s0.1,sidset,real,0,0.9946401715278625,data\cache\clean\test\sidset_55ed6c0bbd54e07d\noise_s0.1.jpg
sidset_5a165a26bf8ca4be,noise_s0.1,sidset,real,0,0.5517208576202393,data\cache\clean\test\sidset_5a165a26bf8ca4be\noise_s0.1.jpg
sidset_5ac8dbc3e9cad39f,noise_s0.1,sidset,real,0,0.5174484252929688,data\cache\clean\test\sidset_5ac8dbc3e9cad39f\noise_s0.1.jpg
sidset_5b8f12b78d13bfcd,noise_s0.1,sidset,real,0,0.9665933847427368,data\cache\clean\test\sidset_5b8f12b78d13bfcd\noise_s0.1.jpg
sidset_5ba522a91162ae70,noise_s0.1,sidset,real,0,0.8692315816879272,data\cache\clean\test\sidset_5ba522a91162ae70\noise_s0.1.jpg
sidset_5fb439247718b13b,noise_s0.1,sidset,real,0,0.8505961298942566,data\cache\clean\test\sidset_5fb439247718b13b\noise_s0.1.jpg
sidset_6065e0e61c228b84,noise_s0.1,sidset,real,0,0.6893804669380188,data\cache\clean\test\sidset_6065e0e61c228b84\noise_s0.1.jpg
sidset_61788db65ec08fe7,noise_s0.1,sidset,real,0,0.6606103181838989,data\cache\clean\test\sidset_61788db65ec08fe7\noise_s0.1.jpg
sidset_630624a387e04a88,noise_s0.1,sidset,real,0,0.7394076585769653,data\cache\clean\test\sidset_630624a387e04a88\noise_s0.1.jpg
sidset_6431b1bc822a7f18,noise_s0.1,sidset,real,0,0.9659675359725952,data\cache\clean\test\sidset_6431b1bc822a7f18\noise_s0.1.jpg
sidset_656916e9c7039df4,noise_s0.1,sidset,real,0,0.9244675040245056,data\cache\clean\test\sidset_656916e9c7039df4\noise_s0.1.jpg
sidset_656e08da323e3b5e,noise_s0.1,sidset,real,0,0.872920572757721,data\cache\clean\test\sidset_656e08da323e3b5e\noise_s0.1.jpg
sidset_68f0479b7dde7700,noise_s0.1,sidset,real,0,0.970808744430542,data\cache\clean\test\sidset_68f0479b7dde7700\noise_s0.1.jpg
sidset_6b7167d906f4ff1f,noise_s0.1,sidset,real,0,0.8167340755462646,data\cache\clean\test\sidset_6b7167d906f4ff1f\noise_s0.1.jpg
sidset_6c4941996cd7f5fc,noise_s0.1,sidset,real,0,0.8256620168685913,data\cache\clean\test\sidset_6c4941996cd7f5fc\noise_s0.1.jpg
sidset_6e45a8ef8a8c22a0,noise_s0.1,sidset,real,0,0.8673256635665894,data\cache\clean\test\sidset_6e45a8ef8a8c22a0\noise_s0.1.jpg
sidset_759a21da57c25774,noise_s0.1,sidset,real,0,0.9953626394271851,data\cache\clean\test\sidset_759a21da57c25774\noise_s0.1.jpg
sidset_772850bc0fb9e17c,noise_s0.1,sidset,real,0,0.920286238193512,data\cache\clean\test\sidset_772850bc0fb9e17c\noise_s0.1.jpg
sidset_796b6212cfecb3de,noise_s0.1,sidset,real,0,0.9983806610107422,data\cache\clean\test\sidset_796b6212cfecb3de\noise_s0.1.jpg
sidset_7974984b83c15934,noise_s0.1,sidset,real,0,0.7316786050796509,data\cache\clean\test\sidset_7974984b83c15934\noise_s0.1.jpg
sidset_7b550aceb5ec111f,noise_s0.1,sidset,real,0,0.9939350485801697,data\cache\clean\test\sidset_7b550aceb5ec111f\noise_s0.1.jpg
sidset_7f1ce0ac000e1d6c,noise_s0.1,sidset,real,0,0.8545719981193542,data\cache\clean\test\sidset_7f1ce0ac000e1d6c\noise_s0.1.jpg
sidset_8619862cda88466c,noise_s0.1,sidset,real,0,0.9997952580451965,data\cache\clean\test\sidset_8619862cda88466c\noise_s0.1.jpg
sidset_88431f034d786206,noise_s0.1,sidset,real,0,0.9984727501869202,data\cache\clean\test\sidset_88431f034d786206\noise_s0.1.jpg
sidset_8d2495ea75218578,noise_s0.1,sidset,real,0,0.8729054927825928,data\cache\clean\test\sidset_8d2495ea75218578\noise_s0.1.jpg
sidset_8d98f1eeb3935d09,noise_s0.1,sidset,real,0,0.7644760608673096,data\cache\clean\test\sidset_8d98f1eeb3935d09\noise_s0.1.jpg
sidset_918190e0dd7fc829,noise_s0.1,sidset,real,0,0.9908419847488403,data\cache\clean\test\sidset_918190e0dd7fc829\noise_s0.1.jpg
sidset_9811f04611ad082c,noise_s0.1,sidset,real,0,0.8048192858695984,data\cache\clean\test\sidset_9811f04611ad082c\noise_s0.1.jpg
sidset_995429a562f1aed2,noise_s0.1,sidset,real,0,0.7552416324615479,data\cache\clean\test\sidset_995429a562f1aed2\noise_s0.1.jpg
sidset_9e2a9b16ff46f867,noise_s0.1,sidset,real,0,0.8856082558631897,data\cache\clean\test\sidset_9e2a9b16ff46f867\noise_s0.1.jpg
sidset_9eee677b8613974b,noise_s0.1,sidset,real,0,0.5429186820983887,data\cache\clean\test\sidset_9eee677b8613974b\noise_s0.1.jpg
sidset_a02993bbac9bbcb4,noise_s0.1,sidset,real,0,0.9179658889770508,data\cache\clean\test\sidset_a02993bbac9bbcb4\noise_s0.1.jpg
sidset_a3293aebf3086c9f,noise_s0.1,sidset,real,0,0.5293567180633545,data\cache\clean\test\sidset_a3293aebf3086c9f\noise_s0.1.jpg
sidset_a4268c0135ca2c65,noise_s0.1,sidset,real,0,0.514457643032074,data\cache\clean\test\sidset_a4268c0135ca2c65\noise_s0.1.jpg
sidset_a5b01f2aa66b2e86,noise_s0.1,sidset,real,0,0.9202012419700623,data\cache\clean\test\sidset_a5b01f2aa66b2e86\noise_s0.1.jpg
sidset_a79f0b1ae413f9bc,noise_s0.1,sidset,real,0,0.7485093474388123,data\cache\clean\test\sidset_a79f0b1ae413f9bc\noise_s0.1.jpg
sidset_a8ad741ef85002f3,noise_s0.1,sidset,real,0,0.6111927032470703,data\cache\clean\test\sidset_a8ad741ef85002f3\noise_s0.1.jpg
sidset_a9461d28df2d46d8,noise_s0.1,sidset,real,0,0.5411980152130127,data\cache\clean\test\sidset_a9461d28df2d46d8\noise_s0.1.jpg
sidset_ab1441008986f237,noise_s0.1,sidset,real,0,0.8361272215843201,data\cache\clean\test\sidset_ab1441008986f237\noise_s0.1.jpg
sidset_ac54ef2834f8bc74,noise_s0.1,sidset,real,0,0.9994156360626221,data\cache\clean\test\sidset_ac54ef2834f8bc74\noise_s0.1.jpg
sidset_addaecf6bdb9e66b,noise_s0.1,sidset,real,0,0.9831280708312988,data\cache\clean\test\sidset_addaecf6bdb9e66b\noise_s0.1.jpg
sidset_ae2a3178c574c716,noise_s0.1,sidset,real,0,0.5760255455970764,data\cache\clean\test\sidset_ae2a3178c574c716\noise_s0.1.jpg
sidset_af18b6bd4586f20d,noise_s0.1,sidset,real,0,0.9232102632522583,data\cache\clean\test\sidset_af18b6bd4586f20d\noise_s0.1.jpg
sidset_b3d460c2a4f17eff,noise_s0.1,sidset,real,0,0.9868528246879578,data\cache\clean\test\sidset_b3d460c2a4f17eff\noise_s0.1.jpg
sidset_b56eb4cbcc71b00b,noise_s0.1,sidset,real,0,0.6740447282791138,data\cache\clean\test\sidset_b56eb4cbcc71b00b\noise_s0.1.jpg
sidset_bbd015a643e96c80,noise_s0.1,sidset,real,0,0.6406486630439758,data\cache\clean\test\sidset_bbd015a643e96c80\noise_s0.1.jpg
sidset_bc70b06f0d603efd,noise_s0.1,sidset,real,0,0.9999998807907104,data\cache\clean\test\sidset_bc70b06f0d603efd\noise_s0.1.jpg
sidset_bf236ad30956e497,noise_s0.1,sidset,real,0,0.5120803117752075,data\cache\clean\test\sidset_bf236ad30956e497\noise_s0.1.jpg
sidset_bf7100f88bf3b0f3,noise_s0.1,sidset,real,0,0.6833630204200745,data\cache\clean\test\sidset_bf7100f88bf3b0f3\noise_s0.1.jpg
sidset_c104d5a827c3dc84,noise_s0.1,sidset,real,0,0.8310494422912598,data\cache\clean\test\sidset_c104d5a827c3dc84\noise_s0.1.jpg
sidset_c2f7255d9f5d9469,noise_s0.1,sidset,real,0,0.872776210308075,data\cache\clean\test\sidset_c2f7255d9f5d9469\noise_s0.1.jpg
sidset_c5a378b0ea24d25e,noise_s0.1,sidset,real,0,0.5990138649940491,data\cache\clean\test\sidset_c5a378b0ea24d25e\noise_s0.1.jpg
sidset_c5f4e20e7d2e391c,noise_s0.1,sidset,real,0,0.9847021698951721,data\cache\clean\test\sidset_c5f4e20e7d2e391c\noise_s0.1.jpg
sidset_c6912c30cccccdb7,noise_s0.1,sidset,real,0,0.991441547870636,data\cache\clean\test\sidset_c6912c30cccccdb7\noise_s0.1.jpg
sidset_c71adf7ec32fe698,noise_s0.1,sidset,real,0,0.6317111253738403,data\cache\clean\test\sidset_c71adf7ec32fe698\noise_s0.1.jpg
sidset_c7d3774f16039f96,noise_s0.1,sidset,real,0,0.7381322383880615,data\cache\clean\test\sidset_c7d3774f16039f96\noise_s0.1.jpg
sidset_cac550631e35c126,noise_s0.1,sidset,real,0,0.9902828931808472,data\cache\clean\test\sidset_cac550631e35c126\noise_s0.1.jpg
sidset_cb68a83278e88b9d,noise_s0.1,sidset,real,0,0.940514087677002,data\cache\clean\test\sidset_cb68a83278e88b9d\noise_s0.1.jpg
sidset_cc4571b1efacde65,noise_s0.1,sidset,real,0,0.6414621472358704,data\cache\clean\test\sidset_cc4571b1efacde65\noise_s0.1.jpg
sidset_d16d462a77a3e94c,noise_s0.1,sidset,real,0,0.836943507194519,data\cache\clean\test\sidset_d16d462a77a3e94c\noise_s0.1.jpg
sidset_d652dc17bb0709b8,noise_s0.1,sidset,real,0,0.990750253200531,data\cache\clean\test\sidset_d652dc17bb0709b8\noise_s0.1.jpg
sidset_d7c9ba7b7774dcd9,noise_s0.1,sidset,real,0,0.9522456526756287,data\cache\clean\test\sidset_d7c9ba7b7774dcd9\noise_s0.1.jpg
sidset_db325b24acd0df24,noise_s0.1,sidset,real,0,0.9926019310951233,data\cache\clean\test\sidset_db325b24acd0df24\noise_s0.1.jpg
sidset_df089363fbc3dff5,noise_s0.1,sidset,real,0,0.6374525427818298,data\cache\clean\test\sidset_df089363fbc3dff5\noise_s0.1.jpg
sidset_e011e1243821e052,noise_s0.1,sidset,real,0,0.598609447479248,data\cache\clean\test\sidset_e011e1243821e052\noise_s0.1.jpg
sidset_e17950e53d271009,noise_s0.1,sidset,real,0,0.690676748752594,data\cache\clean\test\sidset_e17950e53d271009\noise_s0.1.jpg
sidset_e19c80d7ff2e201b,noise_s0.1,sidset,real,0,0.7284084558486938,data\cache\clean\test\sidset_e19c80d7ff2e201b\noise_s0.1.jpg
sidset_e67f5961f8d7c753,noise_s0.1,sidset,real,0,0.7547021508216858,data\cache\clean\test\sidset_e67f5961f8d7c753\noise_s0.1.jpg
sidset_e83254d4c55675a6,noise_s0.1,sidset,real,0,0.6155936121940613,data\cache\clean\test\sidset_e83254d4c55675a6\noise_s0.1.jpg
sidset_e8e76505f6a37089,noise_s0.1,sidset,real,0,0.7814391851425171,data\cache\clean\test\sidset_e8e76505f6a37089\noise_s0.1.jpg
sidset_ee3e421ae3a8270d,noise_s0.1,sidset,real,0,0.5900086164474487,data\cache\clean\test\sidset_ee3e421ae3a8270d\noise_s0.1.jpg
sidset_ef3f636bfc78f3a5,noise_s0.1,sidset,real,0,0.9960967898368835,data\cache\clean\test\sidset_ef3f636bfc78f3a5\noise_s0.1.jpg
sidset_f20a6b1e60fc7de3,noise_s0.1,sidset,real,0,0.9893659353256226,data\cache\clean\test\sidset_f20a6b1e60fc7de3\noise_s0.1.jpg
sidset_f250696304a3be0e,noise_s0.1,sidset,real,0,0.9748729467391968,data\cache\clean\test\sidset_f250696304a3be0e\noise_s0.1.jpg
sidset_f2be8bd472d53987,noise_s0.1,sidset,real,0,0.9075798392295837,data\cache\clean\test\sidset_f2be8bd472d53987\noise_s0.1.jpg
sidset_f5044c17014681a8,noise_s0.1,sidset,real,0,0.9581854343414307,data\cache\clean\test\sidset_f5044c17014681a8\noise_s0.1.jpg
sidset_fac95db1f3df9775,noise_s0.1,sidset,real,0,0.9982783794403076,data\cache\clean\test\sidset_fac95db1f3df9775\noise_s0.1.jpg
sidset_fe0bec3214706d60,noise_s0.1,sidset,real,0,0.8300254940986633,data\cache\clean\test\sidset_fe0bec3214706d60\noise_s0.1.jpg
cifake_0179 (9),resize_0.25,cifake,real,0,0.547603189945221,data\cache\clean\test\cifake_0179 (9)\resize_0.25.jpg
cifake_0235,resize_0.25,cifake,real,0,0.730560839176178,data\cache\clean\test\cifake_0235\resize_0.25.jpg
cifake_0240 (9),resize_0.25,cifake,real,0,0.5723912119865417,data\cache\clean\test\cifake_0240 (9)\resize_0.25.jpg
cifake_0327 (5),resize_0.25,cifake,real,0,0.5645210146903992,data\cache\clean\test\cifake_0327 (5)\resize_0.25.jpg
cifake_0485 (9),resize_0.25,cifake,real,0,0.5204998850822449,data\cache\clean\test\cifake_0485 (9)\resize_0.25.jpg
cifake_0618 (3),resize_0.25,cifake,real,0,0.9190012216567993,data\cache\clean\test\cifake_0618 (3)\resize_0.25.jpg
cifake_0793,resize_0.25,cifake,real,0,0.9730849266052246,data\cache\clean\test\cifake_0793\resize_0.25.jpg
cifake_0967 (9),resize_0.25,cifake,real,0,0.5591363906860352,data\cache\clean\test\cifake_0967 (9)\resize_0.25.jpg
cifake_1139,resize_0.25,cifake,real,0,0.9208494424819946,data\cache\clean\test\cifake_1139\resize_0.25.jpg
cifake_1974,resize_0.25,cifake,real,0,0.8474579453468323,data\cache\clean\test\cifake_1974\resize_0.25.jpg
cifake_2071,resize_0.25,cifake,real,0,0.6429382562637329,data\cache\clean\test\cifake_2071\resize_0.25.jpg
cifake_2122,resize_0.25,cifake,real,0,0.7418734431266785,data\cache\clean\test\cifake_2122\resize_0.25.jpg
cifake_2633 (10),resize_0.25,cifake,real,0,0.5108670592308044,data\cache\clean\test\cifake_2633 (10)\resize_0.25.jpg
cifake_2660,resize_0.25,cifake,real,0,0.8148206472396851,data\cache\clean\test\cifake_2660\resize_0.25.jpg
cifake_2857 (10),resize_0.25,cifake,real,0,0.5059519410133362,data\cache\clean\test\cifake_2857 (10)\resize_0.25.jpg
cifake_2874 (4),resize_0.25,cifake,real,0,0.5032283067703247,data\cache\clean\test\cifake_2874 (4)\resize_0.25.jpg
cifake_3280 (8),resize_0.25,cifake,real,0,0.5771428346633911,data\cache\clean\test\cifake_3280 (8)\resize_0.25.jpg
cifake_3458 (9),resize_0.25,cifake,real,0,0.5106152892112732,data\cache\clean\test\cifake_3458 (9)\resize_0.25.jpg
cifake_3891 (3),resize_0.25,cifake,real,0,0.6722801327705383,data\cache\clean\test\cifake_3891 (3)\resize_0.25.jpg
cifake_4660 (5),resize_0.25,cifake,real,0,0.9498521685600281,data\cache\clean\test\cifake_4660 (5)\resize_0.25.jpg
cifake_4673 (5),resize_0.25,cifake,real,0,0.5863417387008667,data\cache\clean\test\cifake_4673 (5)\resize_0.25.jpg
sidset_011c2e4461eb1fdc,resize_0.25,sidset,real,0,0.8466216325759888,data\cache\clean\test\sidset_011c2e4461eb1fdc\resize_0.25.jpg
sidset_036df955965cb2f9,resize_0.25,sidset,real,0,0.8085867166519165,data\cache\clean\test\sidset_036df955965cb2f9\resize_0.25.jpg
sidset_038789965a8f7606,resize_0.25,sidset,real,0,0.9923162460327148,data\cache\clean\test\sidset_038789965a8f7606\resize_0.25.jpg
sidset_03a9da8756998d00,resize_0.25,sidset,real,0,0.6685055494308472,data\cache\clean\test\sidset_03a9da8756998d00\resize_0.25.jpg
sidset_075db643445af8e3,resize_0.25,sidset,real,0,0.9996985197067261,data\cache\clean\test\sidset_075db643445af8e3\resize_0.25.jpg
sidset_0e40f2f48ac5ec94,resize_0.25,sidset,real,0,0.9340271353721619,data\cache\clean\test\sidset_0e40f2f48ac5ec94\resize_0.25.jpg
sidset_0ef4afc6c7902e61,resize_0.25,sidset,real,0,0.7549651861190796,data\cache\clean\test\sidset_0ef4afc6c7902e61\resize_0.25.jpg
sidset_0f8102c25fc764ea,resize_0.25,sidset,real,0,0.9941034913063049,data\cache\clean\test\sidset_0f8102c25fc764ea\resize_0.25.jpg
sidset_10932d70e80241b5,resize_0.25,sidset,real,0,0.7711275815963745,data\cache\clean\test\sidset_10932d70e80241b5\resize_0.25.jpg
sidset_14312756c1c94efa,resize_0.25,sidset,real,0,0.9980995059013367,data\cache\clean\test\sidset_14312756c1c94efa\resize_0.25.jpg
sidset_1577f06c8ee59ef0,resize_0.25,sidset,real,0,0.9653857946395874,data\cache\clean\test\sidset_1577f06c8ee59ef0\resize_0.25.jpg
sidset_16c4058cc17896fc,resize_0.25,sidset,real,0,0.922703742980957,data\cache\clean\test\sidset_16c4058cc17896fc\resize_0.25.jpg
sidset_19a1dd0dde3ed26c,resize_0.25,sidset,real,0,0.6415533423423767,data\cache\clean\test\sidset_19a1dd0dde3ed26c\resize_0.25.jpg
sidset_1b20d1ec3fd5a56f,resize_0.25,sidset,real,0,0.6540921926498413,data\cache\clean\test\sidset_1b20d1ec3fd5a56f\resize_0.25.jpg
sidset_1d24e17c0f598d7a,resize_0.25,sidset,real,0,0.5792312622070312,data\cache\clean\test\sidset_1d24e17c0f598d7a\resize_0.25.jpg
sidset_22164251d34be040,resize_0.25,sidset,real,0,0.9904614090919495,data\cache\clean\test\sidset_22164251d34be040\resize_0.25.jpg
sidset_22b07f2ffcaf319c,resize_0.25,sidset,real,0,0.9991831183433533,data\cache\clean\test\sidset_22b07f2ffcaf319c\resize_0.25.jpg
sidset_262ab01448a69651,resize_0.25,sidset,real,0,0.949876070022583,data\cache\clean\test\sidset_262ab01448a69651\resize_0.25.jpg
sidset_26c389b400ea1653,resize_0.25,sidset,real,0,0.9431491494178772,data\cache\clean\test\sidset_26c389b400ea1653\resize_0.25.jpg
sidset_2800b0abf266ffba,resize_0.25,sidset,real,0,0.8176555633544922,data\cache\clean\test\sidset_2800b0abf266ffba\resize_0.25.jpg
sidset_31d44fee2c336e78,resize_0.25,sidset,real,0,0.9166141748428345,data\cache\clean\test\sidset_31d44fee2c336e78\resize_0.25.jpg
sidset_333b018473a06c71,resize_0.25,sidset,real,0,0.7028584480285645,data\cache\clean\test\sidset_333b018473a06c71\resize_0.25.jpg
sidset_36ec0b674a14714a,resize_0.25,sidset,real,0,0.5176248550415039,data\cache\clean\test\sidset_36ec0b674a14714a\resize_0.25.jpg
sidset_39a3f029e2e17dd3,resize_0.25,sidset,real,0,0.9811449646949768,data\cache\clean\test\sidset_39a3f029e2e17dd3\resize_0.25.jpg
sidset_3beca4d6152a4aa5,resize_0.25,sidset,real,0,0.9638553857803345,data\cache\clean\test\sidset_3beca4d6152a4aa5\resize_0.25.jpg
sidset_45a6cb8b20ae57d2,resize_0.25,sidset,real,0,0.8573508858680725,data\cache\clean\test\sidset_45a6cb8b20ae57d2\resize_0.25.jpg
sidset_4b587c02c1897383,resize_0.25,sidset,real,0,0.6141464710235596,data\cache\clean\test\sidset_4b587c02c1897383\resize_0.25.jpg
sidset_4e4b9b1d6e8b2aca,resize_0.25,sidset,real,0,0.9973799586296082,data\cache\clean\test\sidset_4e4b9b1d6e8b2aca\resize_0.25.jpg
sidset_55ed6c0bbd54e07d,resize_0.25,sidset,real,0,0.8022286891937256,data\cache\clean\test\sidset_55ed6c0bbd54e07d\resize_0.25.jpg
sidset_5b291a7b5ae05cf0,resize_0.25,sidset,real,0,0.9297562837600708,data\cache\clean\test\sidset_5b291a7b5ae05cf0\resize_0.25.jpg
sidset_5b8f12b78d13bfcd,resize_0.25,sidset,real,0,0.9936916828155518,data\cache\clean\test\sidset_5b8f12b78d13bfcd\resize_0.25.jpg
sidset_5ba522a91162ae70,resize_0.25,sidset,real,0,0.9910882711410522,data\cache\clean\test\sidset_5ba522a91162ae70\resize_0.25.jpg
sidset_68f0479b7dde7700,resize_0.25,sidset,real,0,0.992152750492096,data\cache\clean\test\sidset_68f0479b7dde7700\resize_0.25.jpg
sidset_6b7167d906f4ff1f,resize_0.25,sidset,real,0,0.9911455512046814,data\cache\clean\test\sidset_6b7167d906f4ff1f\resize_0.25.jpg
sidset_6c4941996cd7f5fc,resize_0.25,sidset,real,0,0.7449460029602051,data\cache\clean\test\sidset_6c4941996cd7f5fc\resize_0.25.jpg
sidset_75c4b6f64d7849f6,resize_0.25,sidset,real,0,0.9865645170211792,data\cache\clean\test\sidset_75c4b6f64d7849f6\resize_0.25.jpg
sidset_796b6212cfecb3de,resize_0.25,sidset,real,0,0.9606149196624756,data\cache\clean\test\sidset_796b6212cfecb3de\resize_0.25.jpg
sidset_7974984b83c15934,resize_0.25,sidset,real,0,0.5622233748435974,data\cache\clean\test\sidset_7974984b83c15934\resize_0.25.jpg
sidset_7b550aceb5ec111f,resize_0.25,sidset,real,0,0.8704652786254883,data\cache\clean\test\sidset_7b550aceb5ec111f\resize_0.25.jpg
sidset_7f1ce0ac000e1d6c,resize_0.25,sidset,real,0,0.5940284132957458,data\cache\clean\test\sidset_7f1ce0ac000e1d6c\resize_0.25.jpg
sidset_8619862cda88466c,resize_0.25,sidset,real,0,0.9810627102851868,data\cache\clean\test\sidset_8619862cda88466c\resize_0.25.jpg
sidset_995429a562f1aed2,resize_0.25,sidset,real,0,0.8942115902900696,data\cache\clean\test\sidset_995429a562f1aed2\resize_0.25.jpg
sidset_9e2a9b16ff46f867,resize_0.25,sidset,real,0,0.6732198596000671,data\cache\clean\test\sidset_9e2a9b16ff46f867\resize_0.25.jpg
sidset_a3032d75347e6fa2,resize_0.25,sidset,real,0,0.8607382774353027,data\cache\clean\test\sidset_a3032d75347e6fa2\resize_0.25.jpg
sidset_a429805728e89e7d,resize_0.25,sidset,real,0,0.9932535290718079,data\cache\clean\test\sidset_a429805728e89e7d\resize_0.25.jpg
sidset_a5b01f2aa66b2e86,resize_0.25,sidset,real,0,0.5585000514984131,data\cache\clean\test\sidset_a5b01f2aa66b2e86\resize_0.25.jpg
sidset_a8ad741ef85002f3,resize_0.25,sidset,real,0,0.9529516100883484,data\cache\clean\test\sidset_a8ad741ef85002f3\resize_0.25.jpg
sidset_a9461d28df2d46d8,resize_0.25,sidset,real,0,0.5027486085891724,data\cache\clean\test\sidset_a9461d28df2d46d8\resize_0.25.jpg
sidset_ab1441008986f237,resize_0.25,sidset,real,0,0.757513701915741,data\cache\clean\test\sidset_ab1441008986f237\resize_0.25.jpg
sidset_ac54ef2834f8bc74,resize_0.25,sidset,real,0,0.9988231062889099,data\cache\clean\test\sidset_ac54ef2834f8bc74\resize_0.25.jpg
sidset_b230de6baca8d392,resize_0.25,sidset,real,0,0.5298411250114441,data\cache\clean\test\sidset_b230de6baca8d392\resize_0.25.jpg
sidset_b2a36196721315df,resize_0.25,sidset,real,0,0.8222543001174927,data\cache\clean\test\sidset_b2a36196721315df\resize_0.25.jpg
sidset_b3d460c2a4f17eff,resize_0.25,sidset,real,0,0.5546066761016846,data\cache\clean\test\sidset_b3d460c2a4f17eff\resize_0.25.jpg
sidset_b6d4573c9d24dcf3,resize_0.25,sidset,real,0,0.9342955350875854,data\cache\clean\test\sidset_b6d4573c9d24dcf3\resize_0.25.jpg
sidset_bc052518bd925a65,resize_0.25,sidset,real,0,0.8957133293151855,data\cache\clean\test\sidset_bc052518bd925a65\resize_0.25.jpg
sidset_bc70b06f0d603efd,resize_0.25,sidset,real,0,0.9999456405639648,data\cache\clean\test\sidset_bc70b06f0d603efd\resize_0.25.jpg
sidset_c104d5a827c3dc84,resize_0.25,sidset,real,0,0.9179140329360962,data\cache\clean\test\sidset_c104d5a827c3dc84\resize_0.25.jpg
sidset_c2f7255d9f5d9469,resize_0.25,sidset,real,0,0.8211027979850769,data\cache\clean\test\sidset_c2f7255d9f5d9469\resize_0.25.jpg
sidset_c5a378b0ea24d25e,resize_0.25,sidset,real,0,0.9795635342597961,data\cache\clean\test\sidset_c5a378b0ea24d25e\resize_0.25.jpg
sidset_c790c7ca03b21797,resize_0.25,sidset,real,0,0.6345148682594299,data\cache\clean\test\sidset_c790c7ca03b21797\resize_0.25.jpg
sidset_c7d3774f16039f96,resize_0.25,sidset,real,0,0.768644392490387,data\cache\clean\test\sidset_c7d3774f16039f96\resize_0.25.jpg
sidset_c90419b9eb89527a,resize_0.25,sidset,real,0,0.5420286059379578,data\cache\clean\test\sidset_c90419b9eb89527a\resize_0.25.jpg
sidset_cac550631e35c126,resize_0.25,sidset,real,0,0.7718390822410583,data\cache\clean\test\sidset_cac550631e35c126\resize_0.25.jpg
sidset_cb68a83278e88b9d,resize_0.25,sidset,real,0,0.8531461358070374,data\cache\clean\test\sidset_cb68a83278e88b9d\resize_0.25.jpg
sidset_ce09a25a50fdfe47,resize_0.25,sidset,real,0,0.6034889221191406,data\cache\clean\test\sidset_ce09a25a50fdfe47\resize_0.25.jpg
sidset_d652dc17bb0709b8,resize_0.25,sidset,real,0,0.99873286485672,data\cache\clean\test\sidset_d652dc17bb0709b8\resize_0.25.jpg
sidset_db325b24acd0df24,resize_0.25,sidset,real,0,0.8996989130973816,data\cache\clean\test\sidset_db325b24acd0df24\resize_0.25.jpg
sidset_e17950e53d271009,resize_0.25,sidset,real,0,0.8404244780540466,data\cache\clean\test\sidset_e17950e53d271009\resize_0.25.jpg
sidset_e67f5961f8d7c753,resize_0.25,sidset,real,0,0.9545042514801025,data\cache\clean\test\sidset_e67f5961f8d7c753\resize_0.25.jpg
sidset_e6f037cc020a3c67,resize_0.25,sidset,real,0,0.5971420407295227,data\cache\clean\test\sidset_e6f037cc020a3c67\resize_0.25.jpg
sidset_e99541e9ff8fadb2,resize_0.25,sidset,real,0,0.6352964639663696,data\cache\clean\test\sidset_e99541e9ff8fadb2\resize_0.25.jpg
sidset_ef3f636bfc78f3a5,resize_0.25,sidset,real,0,0.9828855991363525,data\cache\clean\test\sidset_ef3f636bfc78f3a5\resize_0.25.jpg
sidset_f20a6b1e60fc7de3,resize_0.25,sidset,real,0,0.7783267498016357,data\cache\clean\test\sidset_f20a6b1e60fc7de3\resize_0.25.jpg
sidset_f250696304a3be0e,resize_0.25,sidset,real,0,0.9911198019981384,data\cache\clean\test\sidset_f250696304a3be0e\resize_0.25.jpg
sidset_f5044c17014681a8,resize_0.25,sidset,real,0,0.9646337032318115,data\cache\clean\test\sidset_f5044c17014681a8\resize_0.25.jpg
sidset_fac95db1f3df9775,resize_0.25,sidset,real,0,0.9965856075286865,data\cache\clean\test\sidset_fac95db1f3df9775\resize_0.25.jpg
sidset_fb820a8756e04447,resize_0.25,sidset,real,0,0.6994415521621704,data\cache\clean\test\sidset_fb820a8756e04447\resize_0.25.jpg
sidset_fe0bec3214706d60,resize_0.25,sidset,real,0,0.9783706665039062,data\cache\clean\test\sidset_fe0bec3214706d60\resize_0.25.jpg
cifake_0179 (9),resize_0.5,cifake,real,0,0.5767939686775208,data\cache\clean\test\cifake_0179 (9)\resize_0.5.jpg
cifake_0235,resize_0.5,cifake,real,0,0.7700313925743103,data\cache\clean\test\cifake_0235\resize_0.5.jpg
cifake_0240 (9),resize_0.5,cifake,real,0,0.5708566904067993,data\cache\clean\test\cifake_0240 (9)\resize_0.5.jpg
cifake_0485 (9),resize_0.5,cifake,real,0,0.526473343372345,data\cache\clean\test\cifake_0485 (9)\resize_0.5.jpg
cifake_0618 (3),resize_0.5,cifake,real,0,0.9320278763771057,data\cache\clean\test\cifake_0618 (3)\resize_0.5.jpg
cifake_0793,resize_0.5,cifake,real,0,0.9730347990989685,data\cache\clean\test\cifake_0793\resize_0.5.jpg
cifake_1139,resize_0.5,cifake,real,0,0.9116042852401733,data\cache\clean\test\cifake_1139\resize_0.5.jpg
cifake_1435 (2),resize_0.5,cifake,real,0,0.5167813897132874,data\cache\clean\test\cifake_1435 (2)\resize_0.5.jpg
cifake_1974,resize_0.5,cifake,real,0,0.8471078872680664,data\cache\clean\test\cifake_1974\resize_0.5.jpg
cifake_2122,resize_0.5,cifake,real,0,0.8458359837532043,data\cache\clean\test\cifake_2122\resize_0.5.jpg
cifake_2633 (10),resize_0.5,cifake,real,0,0.6677136421203613,data\cache\clean\test\cifake_2633 (10)\resize_0.5.jpg
cifake_2660,resize_0.5,cifake,real,0,0.8938878178596497,data\cache\clean\test\cifake_2660\resize_0.5.jpg
cifake_3280 (8),resize_0.5,cifake,real,0,0.7536039352416992,data\cache\clean\test\cifake_3280 (8)\resize_0.5.jpg
cifake_3891 (3),resize_0.5,cifake,real,0,0.7414923906326294,data\cache\clean\test\cifake_3891 (3)\resize_0.5.jpg
cifake_4660 (5),resize_0.5,cifake,real,0,0.9416723251342773,data\cache\clean\test\cifake_4660 (5)\resize_0.5.jpg
cifake_4673 (5),resize_0.5,cifake,real,0,0.6422016620635986,data\cache\clean\test\cifake_4673 (5)\resize_0.5.jpg
sidset_011c2e4461eb1fdc,resize_0.5,sidset,real,0,0.890052318572998,data\cache\clean\test\sidset_011c2e4461eb1fdc\resize_0.5.jpg
sidset_01cfa603553a1a45,resize_0.5,sidset,real,0,0.9556643962860107,data\cache\clean\test\sidset_01cfa603553a1a45\resize_0.5.jpg
sidset_036df955965cb2f9,resize_0.5,sidset,real,0,0.5524808168411255,data\cache\clean\test\sidset_036df955965cb2f9\resize_0.5.jpg
sidset_038789965a8f7606,resize_0.5,sidset,real,0,0.9907312989234924,data\cache\clean\test\sidset_038789965a8f7606\resize_0.5.jpg
sidset_03a9da8756998d00,resize_0.5,sidset,real,0,0.9301610589027405,data\cache\clean\test\sidset_03a9da8756998d00\resize_0.5.jpg
sidset_075db643445af8e3,resize_0.5,sidset,real,0,0.9961960315704346,data\cache\clean\test\sidset_075db643445af8e3\resize_0.5.jpg
sidset_0e40f2f48ac5ec94,resize_0.5,sidset,real,0,0.9115607738494873,data\cache\clean\test\sidset_0e40f2f48ac5ec94\resize_0.5.jpg
sidset_0f8102c25fc764ea,resize_0.5,sidset,real,0,0.9976059198379517,data\cache\clean\test\sidset_0f8102c25fc764ea\resize_0.5.jpg
sidset_10932d70e80241b5,resize_0.5,sidset,real,0,0.8240823745727539,data\cache\clean\test\sidset_10932d70e80241b5\resize_0.5.jpg
sidset_14312756c1c94efa,resize_0.5,sidset,real,0,0.9999312162399292,data\cache\clean\test\sidset_14312756c1c94efa\resize_0.5.jpg
sidset_1577f06c8ee59ef0,resize_0.5,sidset,real,0,0.9661775827407837,data\cache\clean\test\sidset_1577f06c8ee59ef0\resize_0.5.jpg
sidset_16c4058cc17896fc,resize_0.5,sidset,real,0,0.9223229885101318,data\cache\clean\test\sidset_16c4058cc17896fc\resize_0.5.jpg
sidset_1b20d1ec3fd5a56f,resize_0.5,sidset,real,0,0.5099907517433167,data\cache\clean\test\sidset_1b20d1ec3fd5a56f\resize_0.5.jpg
sidset_22164251d34be040,resize_0.5,sidset,real,0,0.9987413287162781,data\cache\clean\test\sidset_22164251d34be040\resize_0.5.jpg
sidset_22b07f2ffcaf319c,resize_0.5,sidset,real,0,0.996068000793457,data\cache\clean\test\sidset_22b07f2ffcaf319c\resize_0.5.jpg
sidset_26c389b400ea1653,resize_0.5,sidset,real,0,0.8594550490379333,data\cache\clean\test\sidset_26c389b400ea1653\resize_0.5.jpg
sidset_2800b0abf266ffba,resize_0.5,sidset,real,0,0.7283360958099365,data\cache\clean\test\sidset_2800b0abf266ffba\resize_0.5.jpg
sidset_2fad2985c9860cfb,resize_0.5,sidset,real,0,0.657767653465271,data\cache\clean\test\sidset_2fad2985c9860cfb\resize_0.5.jpg
sidset_31d44fee2c336e78,resize_0.5,sidset,real,0,0.5380306243896484,data\cache\clean\test\sidset_31d44fee2c336e78\resize_0.5.jpg
sidset_34866edcc2800ae0,resize_0.5,sidset,real,0,0.5959257483482361,data\cache\clean\test\sidset_34866edcc2800ae0\resize_0.5.jpg
sidset_39a3f029e2e17dd3,resize_0.5,sidset,real,0,0.9622873067855835,data\cache\clean\test\sidset_39a3f029e2e17dd3\resize_0.5.jpg
sidset_3beca4d6152a4aa5,resize_0.5,sidset,real,0,0.9257798790931702,data\cache\clean\test\sidset_3beca4d6152a4aa5\resize_0.5.jpg
sidset_3fbc4c1574ef987d,resize_0.5,sidset,real,0,0.7875089049339294,data\cache\clean\test\sidset_3fbc4c1574ef987d\resize_0.5.jpg
sidset_45a6cb8b20ae57d2,resize_0.5,sidset,real,0,0.9645587205886841,data\cache\clean\test\sidset_45a6cb8b20ae57d2\resize_0.5.jpg
sidset_4e4b9b1d6e8b2aca,resize_0.5,sidset,real,0,0.9898622035980225,data\cache\clean\test\sidset_4e4b9b1d6e8b2aca\resize_0.5.jpg
sidset_52bf81b2d7f84101,resize_0.5,sidset,real,0,0.7808457016944885,data\cache\clean\test\sidset_52bf81b2d7f84101\resize_0.5.jpg
sidset_55ed6c0bbd54e07d,resize_0.5,sidset,real,0,0.9838629364967346,data\cache\clean\test\sidset_55ed6c0bbd54e07d\resize_0.5.jpg
sidset_5b291a7b5ae05cf0,resize_0.5,sidset,real,0,0.901007354259491,data\cache\clean\test\sidset_5b291a7b5ae05cf0\resize_0.5.jpg
sidset_5b8f12b78d13bfcd,resize_0.5,sidset,real,0,0.9933004379272461,data\cache\clean\test\sidset_5b8f12b78d13bfcd\resize_0.5.jpg
sidset_5ba522a91162ae70,resize_0.5,sidset,real,0,0.9942821264266968,data\cache\clean\test\sidset_5ba522a91162ae70\resize_0.5.jpg
sidset_615f67f3acd96d5c,resize_0.5,sidset,real,0,0.5530359148979187,data\cache\clean\test\sidset_615f67f3acd96d5c\resize_0.5.jpg
sidset_68f0479b7dde7700,resize_0.5,sidset,real,0,0.9938271641731262,data\cache\clean\test\sidset_68f0479b7dde7700\resize_0.5.jpg
sidset_6b7167d906f4ff1f,resize_0.5,sidset,real,0,0.9844451546669006,data\cache\clean\test\sidset_6b7167d906f4ff1f\resize_0.5.jpg
sidset_6c4941996cd7f5fc,resize_0.5,sidset,real,0,0.7399035096168518,data\cache\clean\test\sidset_6c4941996cd7f5fc\resize_0.5.jpg
sidset_75c4b6f64d7849f6,resize_0.5,sidset,real,0,0.5892025232315063,data\cache\clean\test\sidset_75c4b6f64d7849f6\resize_0.5.jpg
sidset_796b6212cfecb3de,resize_0.5,sidset,real,0,0.9969925880432129,data\cache\clean\test\sidset_796b6212cfecb3de\resize_0.5.jpg
sidset_7974984b83c15934,resize_0.5,sidset,real,0,0.7950613498687744,data\cache\clean\test\sidset_7974984b83c15934\resize_0.5.jpg
sidset_7b550aceb5ec111f,resize_0.5,sidset,real,0,0.9285786747932434,data\cache\clean\test\sidset_7b550aceb5ec111f\resize_0.5.jpg
sidset_7f1ce0ac000e1d6c,resize_0.5,sidset,real,0,0.5919124484062195,data\cache\clean\test\sidset_7f1ce0ac000e1d6c\resize_0.5.jpg
sidset_8619862cda88466c,resize_0.5,sidset,real,0,0.9882169365882874,data\cache\clean\test\sidset_8619862cda88466c\resize_0.5.jpg
sidset_88431f034d786206,resize_0.5,sidset,real,0,0.848813533782959,data\cache\clean\test\sidset_88431f034d786206\resize_0.5.jpg
sidset_918190e0dd7fc829,resize_0.5,sidset,real,0,0.9732687473297119,data\cache\clean\test\sidset_918190e0dd7fc829\resize_0.5.jpg
sidset_9e2a9b16ff46f867,resize_0.5,sidset,real,0,0.7273989915847778,data\cache\clean\test\sidset_9e2a9b16ff46f867\resize_0.5.jpg
sidset_a3032d75347e6fa2,resize_0.5,sidset,real,0,0.58917635679245,data\cache\clean\test\sidset_a3032d75347e6fa2\resize_0.5.jpg
sidset_a429805728e89e7d,resize_0.5,sidset,real,0,0.9750461578369141,data\cache\clean\test\sidset_a429805728e89e7d\resize_0.5.jpg
sidset_a8ad741ef85002f3,resize_0.5,sidset,real,0,0.9124546647071838,data\cache\clean\test\sidset_a8ad741ef85002f3\resize_0.5.jpg
sidset_ab1441008986f237,resize_0.5,sidset,real,0,0.5603170990943909,data\cache\clean\test\sidset_ab1441008986f237\resize_0.5.jpg
sidset_ac54ef2834f8bc74,resize_0.5,sidset,real,0,0.9182066321372986,data\cache\clean\test\sidset_ac54ef2834f8bc74\resize_0.5.jpg
sidset_b3d460c2a4f17eff,resize_0.5,sidset,real,0,0.7467926740646362,data\cache\clean\test\sidset_b3d460c2a4f17eff\resize_0.5.jpg
sidset_b6d4573c9d24dcf3,resize_0.5,sidset,real,0,0.8634983897209167,data\cache\clean\test\sidset_b6d4573c9d24dcf3\resize_0.5.jpg
sidset_bbd015a643e96c80,resize_0.5,sidset,real,0,0.6285218000411987,data\cache\clean\test\sidset_bbd015a643e96c80\resize_0.5.jpg
sidset_bc70b06f0d603efd,resize_0.5,sidset,real,0,0.9970042109489441,data\cache\clean\test\sidset_bc70b06f0d603efd\resize_0.5.jpg
sidset_c2f7255d9f5d9469,resize_0.5,sidset,real,0,0.8893823623657227,data\cache\clean\test\sidset_c2f7255d9f5d9469\resize_0.5.jpg
sidset_c5a378b0ea24d25e,resize_0.5,sidset,real,0,0.9841459393501282,data\cache\clean\test\sidset_c5a378b0ea24d25e\resize_0.5.jpg
sidset_c71adf7ec32fe698,resize_0.5,sidset,real,0,0.8859841823577881,data\cache\clean\test\sidset_c71adf7ec32fe698\resize_0.5.jpg
sidset_c790c7ca03b21797,resize_0.5,sidset,real,0,0.6078580021858215,data\cache\clean\test\sidset_c790c7ca03b21797\resize_0.5.jpg
sidset_c7d3774f16039f96,resize_0.5,sidset,real,0,0.7117348909378052,data\cache\clean\test\sidset_c7d3774f16039f96\resize_0.5.jpg
sidset_cb68a83278e88b9d,resize_0.5,sidset,real,0,0.9152668118476868,data\cache\clean\test\sidset_cb68a83278e88b9d\resize_0.5.jpg
sidset_cc4571b1efacde65,resize_0.5,sidset,real,0,0.5422835350036621,data\cache\clean\test\sidset_cc4571b1efacde65\resize_0.5.jpg
sidset_cd7b3621c53d1ffe,resize_0.5,sidset,real,0,0.6107161045074463,data\cache\clean\test\sidset_cd7b3621c53d1ffe\resize_0.5.jpg
sidset_d652dc17bb0709b8,resize_0.5,sidset,real,0,0.9983223080635071,data\cache\clean\test\sidset_d652dc17bb0709b8\resize_0.5.jpg
sidset_db325b24acd0df24,resize_0.5,sidset,real,0,0.9238547086715698,data\cache\clean\test\sidset_db325b24acd0df24\resize_0.5.jpg
sidset_e3560455d7084645,resize_0.5,sidset,real,0,0.5010864734649658,data\cache\clean\test\sidset_e3560455d7084645\resize_0.5.jpg
sidset_e67f5961f8d7c753,resize_0.5,sidset,real,0,0.6540210843086243,data\cache\clean\test\sidset_e67f5961f8d7c753\resize_0.5.jpg
sidset_ef3f636bfc78f3a5,resize_0.5,sidset,real,0,0.9902423024177551,data\cache\clean\test\sidset_ef3f636bfc78f3a5\resize_0.5.jpg
sidset_f20a6b1e60fc7de3,resize_0.5,sidset,real,0,0.9308194518089294,data\cache\clean\test\sidset_f20a6b1e60fc7de3\resize_0.5.jpg
sidset_f250696304a3be0e,resize_0.5,sidset,real,0,0.9966147541999817,data\cache\clean\test\sidset_f250696304a3be0e\resize_0.5.jpg
sidset_f5044c17014681a8,resize_0.5,sidset,real,0,0.9874295592308044,data\cache\clean\test\sidset_f5044c17014681a8\resize_0.5.jpg
sidset_fac95db1f3df9775,resize_0.5,sidset,real,0,0.9960689544677734,data\cache\clean\test\sidset_fac95db1f3df9775\resize_0.5.jpg
sidset_fe0bec3214706d60,resize_0.5,sidset,real,0,0.9895375967025757,data\cache\clean\test\sidset_fe0bec3214706d60\resize_0.5.jpg
