img_id,variant,source_dataset,generator_family,label,prob,path
cifake_1028 (10),clean,cifake,stable_diffusion,1,0.4941713511943817,data\cache\clean\test\cifake_1028 (10)\clean.jpg
cifake_2286 (2),clean,cifake,stable_diffusion,1,0.14912466704845428,data\cache\clean\test\cifake_2286 (2)\clean.jpg
cifake_2850 (3),clean,cifake,stable_diffusion,1,0.18289998173713684,data\cache\clean\test\cifake_2850 (3)\clean.jpg
cifake_3053 (4),clean,cifake,stable_diffusion,1,0.4909467101097107,data\cache\clean\test\cifake_3053 (4)\clean.jpg
cifake_3582 (9),clean,cifake,stable_diffusion,1,0.0423823781311512,data\cache\clean\test\cifake_3582 (9)\clean.jpg
cifake_4127 (3),clean,cifake,stable_diffusion,1,0.4301324784755707,data\cache\clean\test\cifake_4127 (3)\clean.jpg
cifake_4443,clean,cifake,stable_diffusion,1,0.4252190887928009,data\cache\clean\test\cifake_4443\clean.jpg
cifake_4615 (3),clean,cifake,stable_diffusion,1,0.21918568015098572,data\cache\clean\test\cifake_4615 (3)\clean.jpg
cifake_5607 (3),clean,cifake,stable_diffusion,1,0.056685127317905426,data\cache\clean\test\cifake_5607 (3)\clean.jpg
cifake_5845 (9),clean,cifake,stable_diffusion,1,0.25230103731155396,data\cache\clean\test\cifake_5845 (9)\clean.jpg
cifake_954 (9),clean,cifake,stable_diffusion,1,0.113347128033638,data\cache\clean\test\cifake_954 (9)\clean.jpg
dalle_10420,clean,dalle,dalle,1,0.41542792320251465,data\cache\clean\test\dalle_10420\clean.jpg
dalle_19590,clean,dalle,dalle,1,0.4561852514743805,data\cache\clean\test\dalle_19590\clean.jpg
dalle_20080,clean,dalle,dalle,1,0.020482780411839485,data\cache\clean\test\dalle_20080\clean.jpg
dalle_27029,clean,dalle,dalle,1,0.48687630891799927,data\cache\clean\test\dalle_27029\clean.jpg
dalle_29659,clean,dalle,dalle,1,0.42497384548187256,data\cache\clean\test\dalle_29659\clean.jpg
dalle_3007,clean,dalle,dalle,1,0.39546534419059753,data\cache\clean\test\dalle_3007\clean.jpg
dalle_33159,clean,dalle,dalle,1,0.15733842551708221,data\cache\clean\test\dalle_33159\clean.jpg
dalle_41791,clean,dalle,dalle,1,0.012092892080545425,data\cache\clean\test\dalle_41791\clean.jpg
dalle_5781,clean,dalle,dalle,1,0.42264366149902344,data\cache\clean\test\dalle_5781\clean.jpg
dalle_6481,clean,dalle,dalle,1,0.13115844130516052,data\cache\clean\test\dalle_6481\clean.jpg
dalle_6890,clean,dalle,dalle,1,0.11356691271066666,data\cache\clean\test\dalle_6890\clean.jpg
dalle_6f0f61883f111368d770c54801f33449,clean,dalle,dalle,1,0.0150443809106946,data\cache\clean\test\dalle_6f0f61883f111368d770c54801f33449\clean.jpg
dalle_8017,clean,dalle,dalle,1,0.4927319586277008,data\cache\clean\test\dalle_8017\clean.jpg
dalle_9068,clean,dalle,dalle,1,0.03390786424279213,data\cache\clean\test\dalle_9068\clean.jpg
gigagan_01605,clean,gigagan,gigagan,1,0.0031337826512753963,data\cache\clean\test\gigagan_01605\clean.jpg
gigagan_05738,clean,gigagan,gigagan,1,0.007014999631792307,data\cache\clean\test\gigagan_05738\clean.jpg
gigagan_06526,clean,gigagan,gigagan,1,0.05078304186463356,data\cache\clean\test\gigagan_06526\clean.jpg
gigagan_09742,clean,gigagan,gigagan,1,0.04777922108769417,data\cache\clean\test\gigagan_09742\clean.jpg
gigagan_10024,clean,gigagan,gigagan,1,0.3317391872406006,data\cache\clean\test\gigagan_10024\clean.jpg
gigagan_10914,clean,gigagan,gigagan,1,0.0011845332337543368,data\cache\clean\test\gigagan_10914\clean.jpg
gigagan_14071,clean,gigagan,gigagan,1,4.1252874325437006e-06,data\cache\clean\test\gigagan_14071\clean.jpg
gigagan_15561,clean,gigagan,gigagan,1,0.09546267986297607,data\cache\clean\test\gigagan_15561\clean.jpg
gigagan_20327,clean,gigagan,gigagan,1,0.4043397605419159,data\cache\clean\test\gigagan_20327\clean.jpg
gigagan_21611,clean,gigagan,gigagan,1,0.45156988501548767,data\cache\clean\test\gigagan_21611\clean.jpg
gigagan_24679,clean,gigagan,gigagan,1,0.08637987077236176,data\cache\clean\test\gigagan_24679\clean.jpg
gigagan_25090,clean,gigagan,gigagan,1,0.0020688658114522696,data\cache\clean\test\gigagan_25090\clean.jpg
gigagan_25645,clean,gigagan,gigagan,1,0.11422557383775711,data\cache\clean\test\gigagan_25645\clean.jpg
imagen3_045e6da6fd7f6fb0,clean,imagen3,imagen3,1,3.182330328854732e-05,data\cache\clean\test\imagen3_045e6da6fd7f6fb0\clean.jpg
imagen3_07747d6ffd056bee,clean,imagen3,imagen3,1,0.009999923408031464,data\cache\clean\test\imagen3_07747d6ffd056bee\clean.jpg
imagen3_13ed1f9391224848,clean,imagen3,imagen3,1,0.18128913640975952,data\cache\clean\test\imagen3_13ed1f9391224848\clean.jpg
imagen3_17643da56f35c6f7,clean,imagen3,imagen3,1,1.907800651679281e-06,data\cache\clean\test\imagen3_17643da56f35c6f7\clean.jpg
imagen3_17919c9ffd792ad9,clean,imagen3,imagen3,1,0.25006285309791565,data\cache\clean\test\imagen3_17919c9ffd792ad9\clean.jpg
imagen3_1fe9a0379cffa709,clean,imagen3,imagen3,1,0.03433805704116821,data\cache\clean\test\imagen3_1fe9a0379cffa709\clean.jpg
imagen3_24e64d19ddde11cb,clean,imagen3,imagen3,1,8.544462359871829e-10,data\cache\clean\test\imagen3_24e64d19ddde11cb\clean.jpg
imagen3_260ae6b06f1f50e2,clean,imagen3,imagen3,1,0.0006512421532534063,data\cache\clean\test\imagen3_260ae6b06f1f50e2\clean.jpg
imagen3_2be4510162a8a76e,clean,imagen3,imagen3,1,0.2481841742992401,data\cache\clean\test\imagen3_2be4510162a8a76e\clean.jpg
imagen3_3403b18fc93acbfc,clean,imagen3,imagen3,1,0.05784270912408829,data\cache\clean\test\imagen3_3403b18fc93acbfc\clean.jpg
imagen3_43058,clean,imagen3,imagen3,1,2.471281732141506e-05,data\cache\clean\test\imagen3_43058\clean.jpg
imagen3_44015,clean,imagen3,imagen3,1,0.00028575240867212415,data\cache\clean\test\imagen3_44015\clean.jpg
imagen3_44075,clean,imagen3,imagen3,1,0.047677792608737946,data\cache\clean\test\imagen3_44075\clean.jpg
imagen3_44476,clean,imagen3,imagen3,1,0.4235049784183502,data\cache\clean\test\imagen3_44476\clean.jpg
imagen3_46922,clean,imagen3,imagen3,1,0.37463274598121643,data\cache\clean\test\imagen3_46922\clean.jpg
imagen3_473ffc5e3d5dc373,clean,imagen3,imagen3,1,0.042579133063554764,data\cache\clean\test\imagen3_473ffc5e3d5dc373\clean.jpg
imagen3_48174,clean,imagen3,imagen3,1,0.3083191514015198,data\cache\clean\test\imagen3_48174\clean.jpg
imagen3_519f5c348fe55fcd,clean,imagen3,imagen3,1,9.135311847785488e-05,data\cache\clean\test\imagen3_519f5c348fe55fcd\clean.jpg
imagen3_52520,clean,imagen3,imagen3,1,0.05995498597621918,data\cache\clean\test\imagen3_52520\clean.jpg
imagen3_53132,clean,imagen3,imagen3,1,0.22035957872867584,data\cache\clean\test\imagen3_53132\clean.jpg
imagen3_560ead164dab63a5,clean,imagen3,imagen3,1,0.02140541933476925,data\cache\clean\test\imagen3_560ead164dab63a5\clean.jpg
imagen3_5e95809bd47d157b,clean,imagen3,imagen3,1,0.0017925876891240478,data\cache\clean\test\imagen3_5e95809bd47d157b\clean.jpg
imagen3_69467160e53f71bc,clean,imagen3,imagen3,1,0.027792317792773247,data\cache\clean\test\imagen3_69467160e53f71bc\clean.jpg
imagen3_6a8270ea182a9194,clean,imagen3,imagen3,1,2.384722392889671e-05,data\cache\clean\test\imagen3_6a8270ea182a9194\clean.jpg
imagen3_6c7624322b04ce43,clean,imagen3,imagen3,1,1.944824390420763e-07,data\cache\clean\test\imagen3_6c7624322b04ce43\clean.jpg
imagen3_77fb2d4f372634f8,clean,imagen3,imagen3,1,0.00045621697790920734,data\cache\clean\test\imagen3_77fb2d4f372634f8\clean.jpg
imagen3_7ee1485909c59826,clean,imagen3,imagen3,1,0.24779558181762695,data\cache\clean\test\imagen3_7ee1485909c59826\clean.jpg
imagen3_8b13dc3bff918841,clean,imagen3,imagen3,1,0.047011181712150574,data\cache\clean\test\imagen3_8b13dc3bff918841\clean.jpg
imagen3_8c20e4bf83ffff36,clean,imagen3,imagen3,1,0.06992456316947937,data\cache\clean\test\imagen3_8c20e4bf83ffff36\clean.jpg
imagen3_9e82651e214a25c8,clean,imagen3,imagen3,1,0.023389067500829697,data\cache\clean\test\imagen3_9e82651e214a25c8\clean.jpg
imagen3_aa13646e437b7afa,clean,imagen3,imagen3,1,0.2847221791744232,data\cache\clean\test\imagen3_aa13646e437b7afa\clean.jpg
imagen3_ad860df8c2a1a848,clean,imagen3,imagen3,1,0.0007871785783208907,data\cache\clean\test\imagen3_ad860df8c2a1a848\clean.jpg
imagen3_b69c9976ced306d1,clean,imagen3,imagen3,1,0.16204571723937988,data\cache\clean\test\imagen3_b69c9976ced306d1\clean.jpg
imagen3_ca44bb7db1e73a9a,clean,imagen3,imagen3,1,0.0026274132542312145,data\cache\clean\test\imagen3_ca44bb7db1e73a9a\clean.jpg
imagen3_d326e7c87fb1d966,clean,imagen3,imagen3,1,0.412020206451416,data\cache\clean\test\imagen3_d326e7c87fb1d966\clean.jpg
imagen3_e63f3b6f8bdee43a,clean,imagen3,imagen3,1,3.409422788536176e-05,data\cache\clean\test\imagen3_e63f3b6f8bdee43a\clean.jpg
imagen3_eaf94916ce926270,clean,imagen3,imagen3,1,0.0156613327562809,data\cache\clean\test\imagen3_eaf94916ce926270\clean.jpg
imagen3_f69a20bda8f47fea,clean,imagen3,imagen3,1,0.2177359163761139,data\cache\clean\test\imagen3_f69a20bda8f47fea\clean.jpg
imagen3_fd568a2839353a92,clean,imagen3,imagen3,1,0.15905119478702545,data\cache\clean\test\imagen3_fd568a2839353a92\clean.jpg
imagen3_fe7048efd51b15b8,clean,imagen3,imagen3,1,9.42853293963708e-05,data\cache\clean\test\imagen3_fe7048efd51b15b8\clean.jpg
imagen3_Imagen3_3546,clean,imagen3,imagen3,1,0.4666171073913574,data\cache\clean\test\imagen3_Imagen3_3546\clean.jpg
imagen3_Imagen3_3556,clean,imagen3,imagen3,1,0.19727757573127747,data\cache\clean\test\imagen3_Imagen3_3556\clean.jpg
sidset_full_synthetic_001692,clean,sidset,full_synthetic,1,0.3225562572479248,data\cache\clean\test\sidset_full_synthetic_001692\clean.jpg
sidset_full_synthetic_033528,clean,sidset,full_synthetic,1,0.11206870526075363,data\cache\clean\test\sidset_full_synthetic_033528\clean.jpg
sidset_full_synthetic_046026,clean,sidset,full_synthetic,1,0.004026289097964764,data\cache\clean\test\sidset_full_synthetic_046026\clean.jpg
sidset_full_synthetic_060524,clean,sidset,full_synthetic,1,0.0009277963545173407,data\cache\clean\test\sidset_full_synthetic_060524\clean.jpg
sidset_full_synthetic_062086,clean,sidset,full_synthetic,1,0.0004876893071923405,data\cache\clean\test\sidset_full_synthetic_062086\clean.jpg
sidset_full_synthetic_067084,clean,sidset,full_synthetic,1,0.4909432530403137,data\cache\clean\test\sidset_full_synthetic_067084\clean.jpg
stylegan_xl_0097a2e24789bc7a,clean,stylegan_xl,stylegan_xl,1,0.0016333587700501084,data\cache\clean\test\stylegan_xl_0097a2e24789bc7a\clean.jpg
stylegan_xl_00a4591cf03df584,clean,stylegan_xl,stylegan_xl,1,6.430801295209676e-05,data\cache\clean\test\stylegan_xl_00a4591cf03df584\clean.jpg
stylegan_xl_031391f1ab18ab62,clean,stylegan_xl,stylegan_xl,1,0.0029444179963320494,data\cache\clean\test\stylegan_xl_031391f1ab18ab62\clean.jpg
stylegan_xl_0a4244f8a9185bad,clean,stylegan_xl,stylegan_xl,1,0.24096432328224182,data\cache\clean\test\stylegan_xl_0a4244f8a9185bad\clean.jpg
stylegan_xl_0f7efa4c31bcd8f4,clean,stylegan_xl,stylegan_xl,1,8.469275599054527e-06,data\cache\clean\test\stylegan_xl_0f7efa4c31bcd8f4\clean.jpg
stylegan_xl_1060d58257bc5130,clean,stylegan_xl,stylegan_xl,1,0.003116289619356394,data\cache\clean\test\stylegan_xl_1060d58257bc5130\clean.jpg
stylegan_xl_1440252ff76f525f,clean,stylegan_xl,stylegan_xl,1,0.04649870842695236,data\cache\clean\test\stylegan_xl_1440252ff76f525f\clean.jpg
stylegan_xl_17f8bf0ef8d2f478,clean,stylegan_xl,stylegan_xl,1,0.002654265845194459,data\cache\clean\test\stylegan_xl_17f8bf0ef8d2f478\clean.jpg
stylegan_xl_2013fe0d44f84041,clean,stylegan_xl,stylegan_xl,1,0.00030995410634204745,data\cache\clean\test\stylegan_xl_2013fe0d44f84041\clean.jpg
stylegan_xl_3621cf0be1fc8d68,clean,stylegan_xl,stylegan_xl,1,0.014567182399332523,data\cache\clean\test\stylegan_xl_3621cf0be1fc8d68\clean.jpg
stylegan_xl_38c489e3b0d8c700,clean,stylegan_xl,stylegan_xl,1,0.30187857151031494,data\cache\clean\test\stylegan_xl_38c489e3b0d8c700\clean.jpg
stylegan_xl_3b5e18f8fc06450d,clean,stylegan_xl,stylegan_xl,1,0.0028176605701446533,data\cache\clean\test\stylegan_xl_3b5e18f8fc06450d\clean.jpg
stylegan_xl_43847,clean,stylegan_xl,stylegan_xl,1,0.013573955744504929,data\cache\clean\test\stylegan_xl_43847\clean.jpg
stylegan_xl_45602,clean,stylegan_xl,stylegan_xl,1,0.14344364404678345,data\cache\clean\test\stylegan_xl_45602\clean.jpg
stylegan_xl_48611,clean,stylegan_xl,stylegan_xl,1,0.03331178054213524,data\cache\clean\test\stylegan_xl_48611\clean.jpg
stylegan_xl_4f991f9638e28675,clean,stylegan_xl,stylegan_xl,1,0.009459440596401691,data\cache\clean\test\stylegan_xl_4f991f9638e28675\clean.jpg
stylegan_xl_548aed682dc65ef2,clean,stylegan_xl,stylegan_xl,1,0.3989108204841614,data\cache\clean\test\stylegan_xl_548aed682dc65ef2\clean.jpg
stylegan_xl_60ed9d3511d333bf,clean,stylegan_xl,stylegan_xl,1,0.0008881399990059435,data\cache\clean\test\stylegan_xl_60ed9d3511d333bf\clean.jpg
stylegan_xl_65bb283a1280639e,clean,stylegan_xl,stylegan_xl,1,0.0021899982821196318,data\cache\clean\test\stylegan_xl_65bb283a1280639e\clean.jpg
stylegan_xl_729fee52c5b7f95b,clean,stylegan_xl,stylegan_xl,1,0.0066298539750278,data\cache\clean\test\stylegan_xl_729fee52c5b7f95b\clean.jpg
stylegan_xl_7d433e90bcd7bd53,clean,stylegan_xl,stylegan_xl,1,4.355041164672002e-05,data\cache\clean\test\stylegan_xl_7d433e90bcd7bd53\clean.jpg
stylegan_xl_7ffebe6032f8209f,clean,stylegan_xl,stylegan_xl,1,0.42180782556533813,data\cache\clean\test\stylegan_xl_7ffebe6032f8209f\clean.jpg
stylegan_xl_80fc8be6e7c11eb3,clean,stylegan_xl,stylegan_xl,1,1.524982690170873e-05,data\cache\clean\test\stylegan_xl_80fc8be6e7c11eb3\clean.jpg
stylegan_xl_8f9dfd75dde8914f,clean,stylegan_xl,stylegan_xl,1,0.002176084090024233,data\cache\clean\test\stylegan_xl_8f9dfd75dde8914f\clean.jpg
stylegan_xl_a1ed16fffc5ecb68,clean,stylegan_xl,stylegan_xl,1,0.008998124860227108,data\cache\clean\test\stylegan_xl_a1ed16fffc5ecb68\clean.jpg
stylegan_xl_a72f3ace10a8f550,clean,stylegan_xl,stylegan_xl,1,1.5624149455106817e-05,data\cache\clean\test\stylegan_xl_a72f3ace10a8f550\clean.jpg
stylegan_xl_ae09b95535340878,clean,stylegan_xl,stylegan_xl,1,0.31501537561416626,data\cache\clean\test\stylegan_xl_ae09b95535340878\clean.jpg
stylegan_xl_b6abe358484b287a,clean,stylegan_xl,stylegan_xl,1,0.03104434721171856,data\cache\clean\test\stylegan_xl_b6abe358484b287a\clean.jpg
stylegan_xl_bd69757ff485d03e,clean,stylegan_xl,stylegan_xl,1,0.36047065258026123,data\cache\clean\test\stylegan_xl_bd69757ff485d03e\clean.jpg
stylegan_xl_cf9c332a1ebfb587,clean,stylegan_xl,stylegan_xl,1,0.003956951666623354,data\cache\clean\test\stylegan_xl_cf9c332a1ebfb587\clean.jpg
stylegan_xl_d686a15f05d09472,clean,stylegan_xl,stylegan_xl,1,0.0025760624557733536,data\cache\clean\test\stylegan_xl_d686a15f05d09472\clean.jpg
stylegan_xl_d7c4ece8c8a01de0,clean,stylegan_xl,stylegan_xl,1,0.0012856090907007456,data\cache\clean\test\stylegan_xl_d7c4ece8c8a01de0\clean.jpg
stylegan_xl_e4b8e7ef72cabaf2,clean,stylegan_xl,stylegan_xl,1,4.7836660996836144e-06,data\cache\clean\test\stylegan_xl_e4b8e7ef72cabaf2\clean.jpg
stylegan_xl_f2ea3473d8b1a62f,clean,stylegan_xl,stylegan_xl,1,0.002362282248213887,data\cache\clean\test\stylegan_xl_f2ea3473d8b1a62f\clean.jpg
stylegan_xl_fef6a66b8deaa7ab,clean,stylegan_xl,stylegan_xl,1,6.306137493083952e-06,data\cache\clean\test\stylegan_xl_fef6a66b8deaa7ab\clean.jpg
cifake_1028 (10),blur_s0.5,cifake,stable_diffusion,1,0.4941713511943817,data\cache\clean\test\cifake_1028 (10)\blur_s0.5.jpg
cifake_2286 (2),blur_s0.5,cifake,stable_diffusion,1,0.14912466704845428,data\cache\clean\test\cifake_2286 (2)\blur_s0.5.jpg
cifake_2850 (3),blur_s0.5,cifake,stable_diffusion,1,0.18289998173713684,data\cache\clean\test\cifake_2850 (3)\blur_s0.5.jpg
cifake_3053 (4),blur_s0.5,cifake,stable_diffusion,1,0.4909467101097107,data\cache\clean\test\cifake_3053 (4)\blur_s0.5.jpg
cifake_3582 (9),blur_s0.5,cifake,stable_diffusion,1,0.0423823781311512,data\cache\clean\test\cifake_3582 (9)\blur_s0.5.jpg
cifake_4127 (3),blur_s0.5,cifake,stable_diffusion,1,0.4301324784755707,data\cache\clean\test\cifake_4127 (3)\blur_s0.5.jpg
cifake_4443,blur_s0.5,cifake,stable_diffusion,1,0.4252190887928009,data\cache\clean\test\cifake_4443\blur_s0.5.jpg
cifake_4615 (3),blur_s0.5,cifake,stable_diffusion,1,0.21918568015098572,data\cache\clean\test\cifake_4615 (3)\blur_s0.5.jpg
cifake_5607 (3),blur_s0.5,cifake,stable_diffusion,1,0.056685127317905426,data\cache\clean\test\cifake_5607 (3)\blur_s0.5.jpg
cifake_5845 (9),blur_s0.5,cifake,stable_diffusion,1,0.25230103731155396,data\cache\clean\test\cifake_5845 (9)\blur_s0.5.jpg
cifake_954 (9),blur_s0.5,cifake,stable_diffusion,1,0.113347128033638,data\cache\clean\test\cifake_954 (9)\blur_s0.5.jpg
dalle_10420,blur_s0.5,dalle,dalle,1,0.3628481328487396,data\cache\clean\test\dalle_10420\blur_s0.5.jpg
dalle_19590,blur_s0.5,dalle,dalle,1,0.2502501308917999,data\cache\clean\test\dalle_19590\blur_s0.5.jpg
dalle_20080,blur_s0.5,dalle,dalle,1,0.022355634719133377,data\cache\clean\test\dalle_20080\blur_s0.5.jpg
dalle_27029,blur_s0.5,dalle,dalle,1,0.49338752031326294,data\cache\clean\test\dalle_27029\blur_s0.5.jpg
dalle_29659,blur_s0.5,dalle,dalle,1,0.4943876266479492,data\cache\clean\test\dalle_29659\blur_s0.5.jpg
dalle_3007,blur_s0.5,dalle,dalle,1,0.43089744448661804,data\cache\clean\test\dalle_3007\blur_s0.5.jpg
dalle_33159,blur_s0.5,dalle,dalle,1,0.19109973311424255,data\cache\clean\test\dalle_33159\blur_s0.5.jpg
dalle_3c589aa7fd4a6705f1fd7918daf4ffb9,blur_s0.5,dalle,dalle,1,0.413703054189682,data\cache\clean\test\dalle_3c589aa7fd4a6705f1fd7918daf4ffb9\blur_s0.5.jpg
dalle_40387,blur_s0.5,dalle,dalle,1,0.4611709713935852,data\cache\clean\test\dalle_40387\blur_s0.5.jpg
dalle_41791,blur_s0.5,dalle,dalle,1,0.016136670485138893,data\cache\clean\test\dalle_41791\blur_s0.5.jpg
dalle_6481,blur_s0.5,dalle,dalle,1,0.12343525886535645,data\cache\clean\test\dalle_6481\blur_s0.5.jpg
dalle_6890,blur_s0.5,dalle,dalle,1,0.11003494262695312,data\cache\clean\test\dalle_6890\blur_s0.5.jpg
dalle_6f0f61883f111368d770c54801f33449,blur_s0.5,dalle,dalle,1,0.013256623409688473,data\cache\clean\test\dalle_6f0f61883f111368d770c54801f33449\blur_s0.5.jpg
dalle_8017,blur_s0.5,dalle,dalle,1,0.3489904999732971,data\cache\clean\test\dalle_8017\blur_s0.5.jpg
dalle_9068,blur_s0.5,dalle,dalle,1,0.024628592655062675,data\cache\clean\test\dalle_9068\blur_s0.5.jpg
gigagan_01605,blur_s0.5,gigagan,gigagan,1,0.003099318128079176,data\cache\clean\test\gigagan_01605\blur_s0.5.jpg
gigagan_05738,blur_s0.5,gigagan,gigagan,1,0.006004110909998417,data\cache\clean\test\gigagan_05738\blur_s0.5.jpg
gigagan_06526,blur_s0.5,gigagan,gigagan,1,0.039439376443624496,data\cache\clean\test\gigagan_06526\blur_s0.5.jpg
gigagan_09742,blur_s0.5,gigagan,gigagan,1,0.027862977236509323,data\cache\clean\test\gigagan_09742\blur_s0.5.jpg
gigagan_10024,blur_s0.5,gigagan,gigagan,1,0.29142728447914124,data\cache\clean\test\gigagan_10024\blur_s0.5.jpg
gigagan_10914,blur_s0.5,gigagan,gigagan,1,0.0008135503740049899,data\cache\clean\test\gigagan_10914\blur_s0.5.jpg
gigagan_14071,blur_s0.5,gigagan,gigagan,1,5.192197932046838e-06,data\cache\clean\test\gigagan_14071\blur_s0.5.jpg
gigagan_15561,blur_s0.5,gigagan,gigagan,1,0.09049075096845627,data\cache\clean\test\gigagan_15561\blur_s0.5.jpg
gigagan_20327,blur_s0.5,gigagan,gigagan,1,0.3433912694454193,data\cache\clean\test\gigagan_20327\blur_s0.5.jpg
gigagan_21611,blur_s0.5,gigagan,gigagan,1,0.4215802848339081,data\cache\clean\test\gigagan_21611\blur_s0.5.jpg
gigagan_23134,blur_s0.5,gigagan,gigagan,1,0.43292614817619324,data\cache\clean\test\gigagan_23134\blur_s0.5.jpg
gigagan_24679,blur_s0.5,gigagan,gigagan,1,0.05356009677052498,data\cache\clean\test\gigagan_24679\blur_s0.5.jpg
gigagan_25090,blur_s0.5,gigagan,gigagan,1,0.00225700531154871,data\cache\clean\test\gigagan_25090\blur_s0.5.jpg
gigagan_25645,blur_s0.5,gigagan,gigagan,1,0.1096867248415947,data\cache\clean\test\gigagan_25645\blur_s0.5.jpg
imagen3_045e6da6fd7f6fb0,blur_s0.5,imagen3,imagen3,1,6.0383681557141244e-05,data\cache\clean\test\imagen3_045e6da6fd7f6fb0\blur_s0.5.jpg
imagen3_07747d6ffd056bee,blur_s0.5,imagen3,imagen3,1,0.008985593914985657,data\cache\clean\test\imagen3_07747d6ffd056bee\blur_s0.5.jpg
imagen3_13ed1f9391224848,blur_s0.5,imagen3,imagen3,1,0.15816627442836761,data\cache\clean\test\imagen3_13ed1f9391224848\blur_s0.5.jpg
imagen3_17643da56f35c6f7,blur_s0.5,imagen3,imagen3,1,1.599927713868965e-06,data\cache\clean\test\imagen3_17643da56f35c6f7\blur_s0.5.jpg
imagen3_17919c9ffd792ad9,blur_s0.5,imagen3,imagen3,1,0.2883317172527313,data\cache\clean\test\imagen3_17919c9ffd792ad9\blur_s0.5.jpg
imagen3_1fe9a0379cffa709,blur_s0.5,imagen3,imagen3,1,0.03415067493915558,data\cache\clean\test\imagen3_1fe9a0379cffa709\blur_s0.5.jpg
imagen3_24e64d19ddde11cb,blur_s0.5,imagen3,imagen3,1,1.6265835345308233e-09,data\cache\clean\test\imagen3_24e64d19ddde11cb\blur_s0.5.jpg
imagen3_260ae6b06f1f50e2,blur_s0.5,imagen3,imagen3,1,0.000714549736585468,data\cache\clean\test\imagen3_260ae6b06f1f50e2\blur_s0.5.jpg
imagen3_2be4510162a8a76e,blur_s0.5,imagen3,imagen3,1,0.2216150462627411,data\cache\clean\test\imagen3_2be4510162a8a76e\blur_s0.5.jpg
imagen3_3403b18fc93acbfc,blur_s0.5,imagen3,imagen3,1,0.029721414670348167,data\cache\clean\test\imagen3_3403b18fc93acbfc\blur_s0.5.jpg
imagen3_43058,blur_s0.5,imagen3,imagen3,1,1.3211844816396479e-05,data\cache\clean\test\imagen3_43058\blur_s0.5.jpg
imagen3_44015,blur_s0.5,imagen3,imagen3,1,0.0002791728766169399,data\cache\clean\test\imagen3_44015\blur_s0.5.jpg
imagen3_44075,blur_s0.5,imagen3,imagen3,1,0.026684248819947243,data\cache\clean\test\imagen3_44075\blur_s0.5.jpg
imagen3_44476,blur_s0.5,imagen3,imagen3,1,0.30258435010910034,data\cache\clean\test\imagen3_44476\blur_s0.5.jpg
imagen3_46922,blur_s0.5,imagen3,imagen3,1,0.26873579621315,data\cache\clean\test\imagen3_46922\blur_s0.5.jpg
imagen3_473ffc5e3d5dc373,blur_s0.5,imagen3,imagen3,1,0.05728292837738991,data\cache\clean\test\imagen3_473ffc5e3d5dc373\blur_s0.5.jpg
imagen3_48174,blur_s0.5,imagen3,imagen3,1,0.33361145853996277,data\cache\clean\test\imagen3_48174\blur_s0.5.jpg
imagen3_519f5c348fe55fcd,blur_s0.5,imagen3,imagen3,1,7.935583562357351e-05,data\cache\clean\test\imagen3_519f5c348fe55fcd\blur_s0.5.jpg
imagen3_52520,blur_s0.5,imagen3,imagen3,1,0.045655764639377594,data\cache\clean\test\imagen3_52520\blur_s0.5.jpg
imagen3_53132,blur_s0.5,imagen3,imagen3,1,0.2459530085325241,data\cache\clean\test\imagen3_53132\blur_s0.5.jpg
imagen3_560ead164dab63a5,blur_s0.5,imagen3,imagen3,1,0.0239704679697752,data\cache\clean\test\imagen3_560ead164dab63a5\blur_s0.5.jpg
imagen3_5e95809bd47d157b,blur_s0.5,imagen3,imagen3,1,0.0028053668793290854,data\cache\clean\test\imagen3_5e95809bd47d157b\blur_s0.5.jpg
imagen3_69467160e53f71bc,blur_s0.5,imagen3,imagen3,1,0.029099728912115097,data\cache\clean\test\imagen3_69467160e53f71bc\blur_s0.5.jpg
imagen3_6a8270ea182a9194,blur_s0.5,imagen3,imagen3,1,2.2733082005288452e-05,data\cache\clean\test\imagen3_6a8270ea182a9194\blur_s0.5.jpg
imagen3_6c7624322b04ce43,blur_s0.5,imagen3,imagen3,1,1.7290683729243028e-07,data\cache\clean\test\imagen3_6c7624322b04ce43\blur_s0.5.jpg
imagen3_77fb2d4f372634f8,blur_s0.5,imagen3,imagen3,1,0.0003236323536839336,data\cache\clean\test\imagen3_77fb2d4f372634f8\blur_s0.5.jpg
imagen3_7ee1485909c59826,blur_s0.5,imagen3,imagen3,1,0.24228045344352722,data\cache\clean\test\imagen3_7ee1485909c59826\blur_s0.5.jpg
imagen3_8b13dc3bff918841,blur_s0.5,imagen3,imagen3,1,0.05411785468459129,data\cache\clean\test\imagen3_8b13dc3bff918841\blur_s0.5.jpg
imagen3_8c20e4bf83ffff36,blur_s0.5,imagen3,imagen3,1,0.07974526286125183,data\cache\clean\test\imagen3_8c20e4bf83ffff36\blur_s0.5.jpg
imagen3_9e82651e214a25c8,blur_s0.5,imagen3,imagen3,1,0.02069050259888172,data\cache\clean\test\imagen3_9e82651e214a25c8\blur_s0.5.jpg
imagen3_aa13646e437b7afa,blur_s0.5,imagen3,imagen3,1,0.21545390784740448,data\cache\clean\test\imagen3_aa13646e437b7afa\blur_s0.5.jpg
imagen3_ad860df8c2a1a848,blur_s0.5,imagen3,imagen3,1,0.001287521910853684,data\cache\clean\test\imagen3_ad860df8c2a1a848\blur_s0.5.jpg
imagen3_b69c9976ced306d1,blur_s0.5,imagen3,imagen3,1,0.15736506879329681,data\cache\clean\test\imagen3_b69c9976ced306d1\blur_s0.5.jpg
imagen3_ca44bb7db1e73a9a,blur_s0.5,imagen3,imagen3,1,0.0013688149629160762,data\cache\clean\test\imagen3_ca44bb7db1e73a9a\blur_s0.5.jpg
imagen3_d326e7c87fb1d966,blur_s0.5,imagen3,imagen3,1,0.39131876826286316,data\cache\clean\test\imagen3_d326e7c87fb1d966\blur_s0.5.jpg
imagen3_e63f3b6f8bdee43a,blur_s0.5,imagen3,imagen3,1,5.4382584494305775e-05,data\cache\clean\test\imagen3_e63f3b6f8bdee43a\blur_s0.5.jpg
imagen3_eaf94916ce926270,blur_s0.5,imagen3,imagen3,1,0.02033599279820919,data\cache\clean\test\imagen3_eaf94916ce926270\blur_s0.5.jpg
imagen3_f69a20bda8f47fea,blur_s0.5,imagen3,imagen3,1,0.1984940767288208,data\cache\clean\test\imagen3_f69a20bda8f47fea\blur_s0.5.jpg
imagen3_fa8535259782583b,blur_s0.5,imagen3,imagen3,1,0.3845249116420746,data\cache\clean\test\imagen3_fa8535259782583b\blur_s0.5.jpg
imagen3_fd568a2839353a92,blur_s0.5,imagen3,imagen3,1,0.12277254462242126,data\cache\clean\test\imagen3_fd568a2839353a92\blur_s0.5.jpg
imagen3_fe7048efd51b15b8,blur_s0.5,imagen3,imagen3,1,0.00021490780636668205,data\cache\clean\test\imagen3_fe7048efd51b15b8\blur_s0.5.jpg
imagen3_Imagen3_2403,blur_s0.5,imagen3,imagen3,1,0.4090985059738159,data\cache\clean\test\imagen3_Imagen3_2403\blur_s0.5.jpg
imagen3_Imagen3_3546,blur_s0.5,imagen3,imagen3,1,0.24332363903522491,data\cache\clean\test\imagen3_Imagen3_3546\blur_s0.5.jpg
imagen3_Imagen3_3556,blur_s0.5,imagen3,imagen3,1,0.056038085371255875,data\cache\clean\test\imagen3_Imagen3_3556\blur_s0.5.jpg
sidset_full_synthetic_001692,blur_s0.5,sidset,full_synthetic,1,0.17179889976978302,data\cache\clean\test\sidset_full_synthetic_001692\blur_s0.5.jpg
sidset_full_synthetic_004754,blur_s0.5,sidset,full_synthetic,1,0.34342655539512634,data\cache\clean\test\sidset_full_synthetic_004754\blur_s0.5.jpg
sidset_full_synthetic_033528,blur_s0.5,sidset,full_synthetic,1,0.04515356570482254,data\cache\clean\test\sidset_full_synthetic_033528\blur_s0.5.jpg
sidset_full_synthetic_046026,blur_s0.5,sidset,full_synthetic,1,0.002814956707879901,data\cache\clean\test\sidset_full_synthetic_046026\blur_s0.5.jpg
sidset_full_synthetic_060524,blur_s0.5,sidset,full_synthetic,1,0.00034233913174830377,data\cache\clean\test\sidset_full_synthetic_060524\blur_s0.5.jpg
sidset_full_synthetic_062086,blur_s0.5,sidset,full_synthetic,1,0.00019083847291767597,data\cache\clean\test\sidset_full_synthetic_062086\blur_s0.5.jpg
sidset_full_synthetic_068023,blur_s0.5,sidset,full_synthetic,1,0.4353973865509033,data\cache\clean\test\sidset_full_synthetic_068023\blur_s0.5.jpg
stylegan_xl_0097a2e24789bc7a,blur_s0.5,stylegan_xl,stylegan_xl,1,0.00306330481544137,data\cache\clean\test\stylegan_xl_0097a2e24789bc7a\blur_s0.5.jpg
stylegan_xl_00a4591cf03df584,blur_s0.5,stylegan_xl,stylegan_xl,1,6.119758472777903e-05,data\cache\clean\test\stylegan_xl_00a4591cf03df584\blur_s0.5.jpg
stylegan_xl_031391f1ab18ab62,blur_s0.5,stylegan_xl,stylegan_xl,1,0.0033599617891013622,data\cache\clean\test\stylegan_xl_031391f1ab18ab62\blur_s0.5.jpg
stylegan_xl_0a4244f8a9185bad,blur_s0.5,stylegan_xl,stylegan_xl,1,0.2470920830965042,data\cache\clean\test\stylegan_xl_0a4244f8a9185bad\blur_s0.5.jpg
stylegan_xl_0f7efa4c31bcd8f4,blur_s0.5,stylegan_xl,stylegan_xl,1,1.3323759958439041e-05,data\cache\clean\test\stylegan_xl_0f7efa4c31bcd8f4\blur_s0.5.jpg
stylegan_xl_1060d58257bc5130,blur_s0.5,stylegan_xl,stylegan_xl,1,0.003369443817064166,data\cache\clean\test\stylegan_xl_1060d58257bc5130\blur_s0.5.jpg
stylegan_xl_1440252ff76f525f,blur_s0.5,stylegan_xl,stylegan_xl,1,0.043205004185438156,data\cache\clean\test\stylegan_xl_1440252ff76f525f\blur_s0.5.jpg
stylegan_xl_17f8bf0ef8d2f478,blur_s0.5,stylegan_xl,stylegan_xl,1,0.0033637627493590117,data\cache\clean\test\stylegan_xl_17f8bf0ef8d2f478\blur_s0.5.jpg
stylegan_xl_2013fe0d44f84041,blur_s0.5,stylegan_xl,stylegan_xl,1,0.00027372324257157743,data\cache\clean\test\stylegan_xl_2013fe0d44f84041\blur_s0.5.jpg
stylegan_xl_3621cf0be1fc8d68,blur_s0.5,stylegan_xl,stylegan_xl,1,0.014303646050393581,data\cache\clean\test\stylegan_xl_3621cf0be1fc8d68\blur_s0.5.jpg
stylegan_xl_38c489e3b0d8c700,blur_s0.5,stylegan_xl,stylegan_xl,1,0.3607262074947357,data\cache\clean\test\stylegan_xl_38c489e3b0d8c700\blur_s0.5.jpg
stylegan_xl_3b5e18f8fc06450d,blur_s0.5,stylegan_xl,stylegan_xl,1,0.002905747154727578,data\cache\clean\test\stylegan_xl_3b5e18f8fc06450d\blur_s0.5.jpg
stylegan_xl_43847,blur_s0.5,stylegan_xl,stylegan_xl,1,0.012007995508611202,data\cache\clean\test\stylegan_xl_43847\blur_s0.5.jpg
stylegan_xl_45602,blur_s0.5,stylegan_xl,stylegan_xl,1,0.12728600203990936,data\cache\clean\test\stylegan_xl_45602\blur_s0.5.jpg
stylegan_xl_48611,blur_s0.5,stylegan_xl,stylegan_xl,1,0.043612610548734665,data\cache\clean\test\stylegan_xl_48611\blur_s0.5.jpg
stylegan_xl_4f991f9638e28675,blur_s0.5,stylegan_xl,stylegan_xl,1,0.010454138740897179,data\cache\clean\test\stylegan_xl_4f991f9638e28675\blur_s0.5.jpg
stylegan_xl_60ed9d3511d333bf,blur_s0.5,stylegan_xl,stylegan_xl,1,0.0006316051003523171,data\cache\clean\test\stylegan_xl_60ed9d3511d333bf\blur_s0.5.jpg
stylegan_xl_65bb283a1280639e,blur_s0.5,stylegan_xl,stylegan_xl,1,0.0033562402240931988,data\cache\clean\test\stylegan_xl_65bb283a1280639e\blur_s0.5.jpg
stylegan_xl_729fee52c5b7f95b,blur_s0.5,stylegan_xl,stylegan_xl,1,0.006521207746118307,data\cache\clean\test\stylegan_xl_729fee52c5b7f95b\blur_s0.5.jpg
stylegan_xl_7d433e90bcd7bd53,blur_s0.5,stylegan_xl,stylegan_xl,1,4.0660052036400884e-05,data\cache\clean\test\stylegan_xl_7d433e90bcd7bd53\blur_s0.5.jpg
stylegan_xl_7ffebe6032f8209f,blur_s0.5,stylegan_xl,stylegan_xl,1,0.398142546415329,data\cache\clean\test\stylegan_xl_7ffebe6032f8209f\blur_s0.5.jpg
stylegan_xl_80fc8be6e7c11eb3,blur_s0.5,stylegan_xl,stylegan_xl,1,2.3577384126838297e-05,data\cache\clean\test\stylegan_xl_80fc8be6e7c11eb3\blur_s0.5.jpg
stylegan_xl_8f9dfd75dde8914f,blur_s0.5,stylegan_xl,stylegan_xl,1,0.002416243078187108,data\cache\clean\test\stylegan_xl_8f9dfd75dde8914f\blur_s0.5.jpg
stylegan_xl_a1ed16fffc5ecb68,blur_s0.5,stylegan_xl,stylegan_xl,1,0.0065427846275269985,data\cache\clean\test\stylegan_xl_a1ed16fffc5ecb68\blur_s0.5.jpg
stylegan_xl_a72f3ace10a8f550,blur_s0.5,stylegan_xl,stylegan_xl,1,1.3979120922158472e-05,data\cache\clean\test\stylegan_xl_a72f3ace10a8f550\blur_s0.5.jpg
stylegan_xl_ae09b95535340878,blur_s0.5,stylegan_xl,stylegan_xl,1,0.3098762631416321,data\cache\clean\test\stylegan_xl_ae09b95535340878\blur_s0.5.jpg
stylegan_xl_b6abe358484b287a,blur_s0.5,stylegan_xl,stylegan_xl,1,0.031682033091783524,data\cache\clean\test\stylegan_xl_b6abe358484b287a\blur_s0.5.jpg
stylegan_xl_bd69757ff485d03e,blur_s0.5,stylegan_xl,stylegan_xl,1,0.42688143253326416,data\cache\clean\test\stylegan_xl_bd69757ff485d03e\blur_s0.5.jpg
stylegan_xl_cf9c332a1ebfb587,blur_s0.5,stylegan_xl,stylegan_xl,1,0.0035988411400467157,data\cache\clean\test\stylegan_xl_cf9c332a1ebfb587\blur_s0.5.jpg
stylegan_xl_d686a15f05d09472,blur_s0.5,stylegan_xl,stylegan_xl,1,0.002046446315944195,data\cache\clean\test\stylegan_xl_d686a15f05d09472\blur_s0.5.jpg
stylegan_xl_d7c4ece8c8a01de0,blur_s0.5,stylegan_xl,stylegan_xl,1,0.0028095985762774944,data\cache\clean\test\stylegan_xl_d7c4ece8c8a01de0\blur_s0.5.jpg
stylegan_xl_e4b8e7ef72cabaf2,blur_s0.5,stylegan_xl,stylegan_xl,1,6.596337243536254e-06,data\cache\clean\test\stylegan_xl_e4b8e7ef72cabaf2\blur_s0.5.jpg
stylegan_xl_f2ea3473d8b1a62f,blur_s0.5,stylegan_xl,stylegan_xl,1,0.0028180049266666174,data\cache\clean\test\stylegan_xl_f2ea3473d8b1a62f\blur_s0.5.jpg
stylegan_xl_fef6a66b8deaa7ab,blur_s0.5,stylegan_xl,stylegan_xl,1,8.36391973280115e-06,data\cache\clean\test\stylegan_xl_fef6a66b8deaa7ab\blur_s0.5.jpg
cifake_2286 (2),blur_s1.0,cifake,stable_diffusion,1,0.16301019489765167,data\cache\clean\test\cifake_2286 (2)\blur_s1.0.jpg
cifake_2850 (3),blur_s1.0,cifake,stable_diffusion,1,0.17717058956623077,data\cache\clean\test\cifake_2850 (3)\blur_s1.0.jpg
cifake_3053 (4),blur_s1.0,cifake,stable_diffusion,1,0.49075502157211304,data\cache\clean\test\cifake_3053 (4)\blur_s1.0.jpg
cifake_3582 (9),blur_s1.0,cifake,stable_diffusion,1,0.043485112488269806,data\cache\clean\test\cifake_3582 (9)\blur_s1.0.jpg
cifake_4127 (3),blur_s1.0,cifake,stable_diffusion,1,0.4298570156097412,data\cache\clean\test\cifake_4127 (3)\blur_s1.0.jpg
cifake_4443,blur_s1.0,cifake,stable_diffusion,1,0.42592936754226685,data\cache\clean\test\cifake_4443\blur_s1.0.jpg
cifake_4615 (3),blur_s1.0,cifake,stable_diffusion,1,0.22326447069644928,data\cache\clean\test\cifake_4615 (3)\blur_s1.0.jpg
cifake_5607 (3),blur_s1.0,cifake,stable_diffusion,1,0.05751090124249458,data\cache\clean\test\cifake_5607 (3)\blur_s1.0.jpg
cifake_5845 (9),blur_s1.0,cifake,stable_diffusion,1,0.25414201617240906,data\cache\clean\test\cifake_5845 (9)\blur_s1.0.jpg
cifake_954 (9),blur_s1.0,cifake,stable_diffusion,1,0.11899403482675552,data\cache\clean\test\cifake_954 (9)\blur_s1.0.jpg
dalle_10420,blur_s1.0,dalle,dalle,1,0.1740306317806244,data\cache\clean\test\dalle_10420\blur_s1.0.jpg
dalle_17768,blur_s1.0,dalle,dalle,1,0.3758717477321625,data\cache\clean\test\dalle_17768\blur_s1.0.jpg
dalle_1895b86b74caac5dad51022c3d3b33df,blur_s1.0,dalle,dalle,1,0.35469308495521545,data\cache\clean\test\dalle_1895b86b74caac5dad51022c3d3b33df\blur_s1.0.jpg
dalle_19590,blur_s1.0,dalle,dalle,1,0.0120703661814332,data\cache\clean\test\dalle_19590\blur_s1.0.jpg
dalle_20080,blur_s1.0,dalle,dalle,1,0.0026093879714608192,data\cache\clean\test\dalle_20080\blur_s1.0.jpg
dalle_29659,blur_s1.0,dalle,dalle,1,0.2774273753166199,data\cache\clean\test\dalle_29659\blur_s1.0.jpg
dalle_3007,blur_s1.0,dalle,dalle,1,0.16370218992233276,data\cache\clean\test\dalle_3007\blur_s1.0.jpg
dalle_33159,blur_s1.0,dalle,dalle,1,0.1473831981420517,data\cache\clean\test\dalle_33159\blur_s1.0.jpg
dalle_3c589aa7fd4a6705f1fd7918daf4ffb9,blur_s1.0,dalle,dalle,1,0.22859185934066772,data\cache\clean\test\dalle_3c589aa7fd4a6705f1fd7918daf4ffb9\blur_s1.0.jpg
dalle_40387,blur_s1.0,dalle,dalle,1,0.3399311602115631,data\cache\clean\test\dalle_40387\blur_s1.0.jpg
dalle_41791,blur_s1.0,dalle,dalle,1,0.00036056889803148806,data\cache\clean\test\dalle_41791\blur_s1.0.jpg
dalle_41855,blur_s1.0,dalle,dalle,1,0.1832830160856247,data\cache\clean\test\dalle_41855\blur_s1.0.jpg
dalle_5781,blur_s1.0,dalle,dalle,1,0.4921204149723053,data\cache\clean\test\dalle_5781\blur_s1.0.jpg
dalle_6481,blur_s1.0,dalle,dalle,1,0.0073443870060145855,data\cache\clean\test\dalle_6481\blur_s1.0.jpg
dalle_6890,blur_s1.0,dalle,dalle,1,0.0771549865603447,data\cache\clean\test\dalle_6890\blur_s1.0.jpg
dalle_6f0f61883f111368d770c54801f33449,blur_s1.0,dalle,dalle,1,0.010311935096979141,data\cache\clean\test\dalle_6f0f61883f111368d770c54801f33449\blur_s1.0.jpg
dalle_8017,blur_s1.0,dalle,dalle,1,0.13036036491394043,data\cache\clean\test\dalle_8017\blur_s1.0.jpg
dalle_9068,blur_s1.0,dalle,dalle,1,0.03125786408782005,data\cache\clean\test\dalle_9068\blur_s1.0.jpg
gigagan_01605,blur_s1.0,gigagan,gigagan,1,0.001896012108772993,data\cache\clean\test\gigagan_01605\blur_s1.0.jpg
gigagan_05738,blur_s1.0,gigagan,gigagan,1,0.010116239078342915,data\cache\clean\test\gigagan_05738\blur_s1.0.jpg
gigagan_06526,blur_s1.0,gigagan,gigagan,1,0.0888812243938446,data\cache\clean\test\gigagan_06526\blur_s1.0.jpg
gigagan_09742,blur_s1.0,gigagan,gigagan,1,0.02605290338397026,data\cache\clean\test\gigagan_09742\blur_s1.0.jpg
gigagan_10914,blur_s1.0,gigagan,gigagan,1,0.00041920208605006337,data\cache\clean\test\gigagan_10914\blur_s1.0.jpg
gigagan_11518,blur_s1.0,gigagan,gigagan,1,0.23092755675315857,data\cache\clean\test\gigagan_11518\blur_s1.0.jpg
gigagan_11787,blur_s1.0,gigagan,gigagan,1,0.45354825258255005,data\cache\clean\test\gigagan_11787\blur_s1.0.jpg
gigagan_14071,blur_s1.0,gigagan,gigagan,1,4.30778845839086e-06,data\cache\clean\test\gigagan_14071\blur_s1.0.jpg
gigagan_15454,blur_s1.0,gigagan,gigagan,1,0.34016937017440796,data\cache\clean\test\gigagan_15454\blur_s1.0.jpg
gigagan_15561,blur_s1.0,gigagan,gigagan,1,0.057341717183589935,data\cache\clean\test\gigagan_15561\blur_s1.0.jpg
gigagan_20327,blur_s1.0,gigagan,gigagan,1,0.12715362012386322,data\cache\clean\test\gigagan_20327\blur_s1.0.jpg
gigagan_21611,blur_s1.0,gigagan,gigagan,1,0.13829849660396576,data\cache\clean\test\gigagan_21611\blur_s1.0.jpg
gigagan_23134,blur_s1.0,gigagan,gigagan,1,0.0983862653374672,data\cache\clean\test\gigagan_23134\blur_s1.0.jpg
gigagan_24679,blur_s1.0,gigagan,gigagan,1,0.05134984105825424,data\cache\clean\test\gigagan_24679\blur_s1.0.jpg
gigagan_25090,blur_s1.0,gigagan,gigagan,1,0.0018631587736308575,data\cache\clean\test\gigagan_25090\blur_s1.0.jpg
gigagan_25645,blur_s1.0,gigagan,gigagan,1,0.1931944638490677,data\cache\clean\test\gigagan_25645\blur_s1.0.jpg
gigagan_27593,blur_s1.0,gigagan,gigagan,1,0.18436837196350098,data\cache\clean\test\gigagan_27593\blur_s1.0.jpg
imagen3_045e6da6fd7f6fb0,blur_s1.0,imagen3,imagen3,1,0.00018847656610887498,data\cache\clean\test\imagen3_045e6da6fd7f6fb0\blur_s1.0.jpg
imagen3_07747d6ffd056bee,blur_s1.0,imagen3,imagen3,1,0.06514578312635422,data\cache\clean\test\imagen3_07747d6ffd056bee\blur_s1.0.jpg
imagen3_13ed1f9391224848,blur_s1.0,imagen3,imagen3,1,0.2711382210254669,data\cache\clean\test\imagen3_13ed1f9391224848\blur_s1.0.jpg
imagen3_17643da56f35c6f7,blur_s1.0,imagen3,imagen3,1,1.4233229421733995e-06,data\cache\clean\test\imagen3_17643da56f35c6f7\blur_s1.0.jpg
imagen3_17919c9ffd792ad9,blur_s1.0,imagen3,imagen3,1,0.3240959048271179,data\cache\clean\test\imagen3_17919c9ffd792ad9\blur_s1.0.jpg
imagen3_1fe9a0379cffa709,blur_s1.0,imagen3,imagen3,1,0.02748090960085392,data\cache\clean\test\imagen3_1fe9a0379cffa709\blur_s1.0.jpg
imagen3_24e64d19ddde11cb,blur_s1.0,imagen3,imagen3,1,2.1760322432839985e-09,data\cache\clean\test\imagen3_24e64d19ddde11cb\blur_s1.0.jpg
imagen3_260ae6b06f1f50e2,blur_s1.0,imagen3,imagen3,1,0.00046817385009489954,data\cache\clean\test\imagen3_260ae6b06f1f50e2\blur_s1.0.jpg
imagen3_2be4510162a8a76e,blur_s1.0,imagen3,imagen3,1,0.22989697754383087,data\cache\clean\test\imagen3_2be4510162a8a76e\blur_s1.0.jpg
imagen3_3403b18fc93acbfc,blur_s1.0,imagen3,imagen3,1,0.015349118039011955,data\cache\clean\test\imagen3_3403b18fc93acbfc\blur_s1.0.jpg
imagen3_43058,blur_s1.0,imagen3,imagen3,1,1.2930349839734845e-05,data\cache\clean\test\imagen3_43058\blur_s1.0.jpg
imagen3_43180,blur_s1.0,imagen3,imagen3,1,0.47366857528686523,data\cache\clean\test\imagen3_43180\blur_s1.0.jpg
imagen3_44015,blur_s1.0,imagen3,imagen3,1,0.0005333549343049526,data\cache\clean\test\imagen3_44015\blur_s1.0.jpg
imagen3_44075,blur_s1.0,imagen3,imagen3,1,0.014873230829834938,data\cache\clean\test\imagen3_44075\blur_s1.0.jpg
imagen3_44476,blur_s1.0,imagen3,imagen3,1,0.19828391075134277,data\cache\clean\test\imagen3_44476\blur_s1.0.jpg
imagen3_46922,blur_s1.0,imagen3,imagen3,1,0.1481141448020935,data\cache\clean\test\imagen3_46922\blur_s1.0.jpg
imagen3_473ffc5e3d5dc373,blur_s1.0,imagen3,imagen3,1,0.15965807437896729,data\cache\clean\test\imagen3_473ffc5e3d5dc373\blur_s1.0.jpg
imagen3_48174,blur_s1.0,imagen3,imagen3,1,0.2926253080368042,data\cache\clean\test\imagen3_48174\blur_s1.0.jpg
imagen3_519f5c348fe55fcd,blur_s1.0,imagen3,imagen3,1,3.814964657067321e-05,data\cache\clean\test\imagen3_519f5c348fe55fcd\blur_s1.0.jpg
imagen3_52520,blur_s1.0,imagen3,imagen3,1,0.08649927377700806,data\cache\clean\test\imagen3_52520\blur_s1.0.jpg
imagen3_53132,blur_s1.0,imagen3,imagen3,1,0.1652800589799881,data\cache\clean\test\imagen3_53132\blur_s1.0.jpg
imagen3_560ead164dab63a5,blur_s1.0,imagen3,imagen3,1,0.014097340404987335,data\cache\clean\test\imagen3_560ead164dab63a5\blur_s1.0.jpg
imagen3_5e95809bd47d157b,blur_s1.0,imagen3,imagen3,1,0.0025444685015827417,data\cache\clean\test\imagen3_5e95809bd47d157b\blur_s1.0.jpg
imagen3_69467160e53f71bc,blur_s1.0,imagen3,imagen3,1,0.03203057125210762,data\cache\clean\test\imagen3_69467160e53f71bc\blur_s1.0.jpg
imagen3_6a8270ea182a9194,blur_s1.0,imagen3,imagen3,1,2.7236450478085317e-05,data\cache\clean\test\imagen3_6a8270ea182a9194\blur_s1.0.jpg
imagen3_6c7624322b04ce43,blur_s1.0,imagen3,imagen3,1,2.462237773670495e-07,data\cache\clean\test\imagen3_6c7624322b04ce43\blur_s1.0.jpg
imagen3_77fb2d4f372634f8,blur_s1.0,imagen3,imagen3,1,0.0003285087877884507,data\cache\clean\test\imagen3_77fb2d4f372634f8\blur_s1.0.jpg
imagen3_7ee1485909c59826,blur_s1.0,imagen3,imagen3,1,0.24684463441371918,data\cache\clean\test\imagen3_7ee1485909c59826\blur_s1.0.jpg
imagen3_8b13dc3bff918841,blur_s1.0,imagen3,imagen3,1,0.09632221609354019,data\cache\clean\test\imagen3_8b13dc3bff918841\blur_s1.0.jpg
imagen3_8c20e4bf83ffff36,blur_s1.0,imagen3,imagen3,1,0.09941702336072922,data\cache\clean\test\imagen3_8c20e4bf83ffff36\blur_s1.0.jpg
imagen3_9e82651e214a25c8,blur_s1.0,imagen3,imagen3,1,0.0690855085849762,data\cache\clean\test\imagen3_9e82651e214a25c8\blur_s1.0.jpg
imagen3_aa13646e437b7afa,blur_s1.0,imagen3,imagen3,1,0.16894559562206268,data\cache\clean\test\imagen3_aa13646e437b7afa\blur_s1.0.jpg
imagen3_ad860df8c2a1a848,blur_s1.0,imagen3,imagen3,1,0.0020767515525221825,data\cache\clean\test\imagen3_ad860df8c2a1a848\blur_s1.0.jpg
imagen3_b69c9976ced306d1,blur_s1.0,imagen3,imagen3,1,0.21683618426322937,data\cache\clean\test\imagen3_b69c9976ced306d1\blur_s1.0.jpg
imagen3_ca44bb7db1e73a9a,blur_s1.0,imagen3,imagen3,1,0.0007721993024460971,data\cache\clean\test\imagen3_ca44bb7db1e73a9a\blur_s1.0.jpg
imagen3_d326e7c87fb1d966,blur_s1.0,imagen3,imagen3,1,0.33566445112228394,data\cache\clean\test\imagen3_d326e7c87fb1d966\blur_s1.0.jpg
imagen3_e63f3b6f8bdee43a,blur_s1.0,imagen3,imagen3,1,9.084881457965821e-05,data\cache\clean\test\imagen3_e63f3b6f8bdee43a\blur_s1.0.jpg
imagen3_eaf94916ce926270,blur_s1.0,imagen3,imagen3,1,0.024470308795571327,data\cache\clean\test\imagen3_eaf94916ce926270\blur_s1.0.jpg
imagen3_f2da05bffbe27dab,blur_s1.0,imagen3,imagen3,1,0.442512184381485,data\cache\clean\test\imagen3_f2da05bffbe27dab\blur_s1.0.jpg
imagen3_f69a20bda8f47fea,blur_s1.0,imagen3,imagen3,1,0.06994835287332535,data\cache\clean\test\imagen3_f69a20bda8f47fea\blur_s1.0.jpg
imagen3_fa8535259782583b,blur_s1.0,imagen3,imagen3,1,0.14816859364509583,data\cache\clean\test\imagen3_fa8535259782583b\blur_s1.0.jpg
imagen3_fd568a2839353a92,blur_s1.0,imagen3,imagen3,1,0.15050140023231506,data\cache\clean\test\imagen3_fd568a2839353a92\blur_s1.0.jpg
imagen3_fe7048efd51b15b8,blur_s1.0,imagen3,imagen3,1,0.00016124386456795037,data\cache\clean\test\imagen3_fe7048efd51b15b8\blur_s1.0.jpg
imagen3_Imagen3_2403,blur_s1.0,imagen3,imagen3,1,0.05198302119970322,data\cache\clean\test\imagen3_Imagen3_2403\blur_s1.0.jpg
imagen3_Imagen3_3235,blur_s1.0,imagen3,imagen3,1,0.45231321454048157,data\cache\clean\test\imagen3_Imagen3_3235\blur_s1.0.jpg
imagen3_Imagen3_3546,blur_s1.0,imagen3,imagen3,1,0.11719269305467606,data\cache\clean\test\imagen3_Imagen3_3546\blur_s1.0.jpg
imagen3_Imagen3_3556,blur_s1.0,imagen3,imagen3,1,0.0034717642702162266,data\cache\clean\test\imagen3_Imagen3_3556\blur_s1.0.jpg
sidset_full_synthetic_001692,blur_s1.0,sidset,full_synthetic,1,0.14380702376365662,data\cache\clean\test\sidset_full_synthetic_001692\blur_s1.0.jpg
sidset_full_synthetic_004754,blur_s1.0,sidset,full_synthetic,1,0.07993695139884949,data\cache\clean\test\sidset_full_synthetic_004754\blur_s1.0.jpg
sidset_full_synthetic_005710,blur_s1.0,sidset,full_synthetic,1,0.3686404526233673,data\cache\clean\test\sidset_full_synthetic_005710\blur_s1.0.jpg
sidset_full_synthetic_033528,blur_s1.0,sidset,full_synthetic,1,0.01817714050412178,data\cache\clean\test\sidset_full_synthetic_033528\blur_s1.0.jpg
sidset_full_synthetic_040322,blur_s1.0,sidset,full_synthetic,1,0.129133403301239,data\cache\clean\test\sidset_full_synthetic_040322\blur_s1.0.jpg
sidset_full_synthetic_046026,blur_s1.0,sidset,full_synthetic,1,0.003020677948370576,data\cache\clean\test\sidset_full_synthetic_046026\blur_s1.0.jpg
sidset_full_synthetic_060524,blur_s1.0,sidset,full_synthetic,1,9.960171882994473e-05,data\cache\clean\test\sidset_full_synthetic_060524\blur_s1.0.jpg
sidset_full_synthetic_062086,blur_s1.0,sidset,full_synthetic,1,9.145884541794658e-05,data\cache\clean\test\sidset_full_synthetic_062086\blur_s1.0.jpg
sidset_full_synthetic_063062,blur_s1.0,sidset,full_synthetic,1,0.268696665763855,data\cache\clean\test\sidset_full_synthetic_063062\blur_s1.0.jpg
sidset_full_synthetic_068023,blur_s1.0,sidset,full_synthetic,1,0.15259581804275513,data\cache\clean\test\sidset_full_synthetic_068023\blur_s1.0.jpg
stylegan_xl_0097a2e24789bc7a,blur_s1.0,stylegan_xl,stylegan_xl,1,0.0042086378671228886,data\cache\clean\test\stylegan_xl_0097a2e24789bc7a\blur_s1.0.jpg
stylegan_xl_00a4591cf03df584,blur_s1.0,stylegan_xl,stylegan_xl,1,5.0872557039838284e-05,data\cache\clean\test\stylegan_xl_00a4591cf03df584\blur_s1.0.jpg
stylegan_xl_031391f1ab18ab62,blur_s1.0,stylegan_xl,stylegan_xl,1,0.0016991784796118736,data\cache\clean\test\stylegan_xl_031391f1ab18ab62\blur_s1.0.jpg
stylegan_xl_0a4244f8a9185bad,blur_s1.0,stylegan_xl,stylegan_xl,1,0.22016125917434692,data\cache\clean\test\stylegan_xl_0a4244f8a9185bad\blur_s1.0.jpg
stylegan_xl_0f7efa4c31bcd8f4,blur_s1.0,stylegan_xl,stylegan_xl,1,2.9725111744483e-05,data\cache\clean\test\stylegan_xl_0f7efa4c31bcd8f4\blur_s1.0.jpg
stylegan_xl_1060d58257bc5130,blur_s1.0,stylegan_xl,stylegan_xl,1,0.006415816489607096,data\cache\clean\test\stylegan_xl_1060d58257bc5130\blur_s1.0.jpg
stylegan_xl_1440252ff76f525f,blur_s1.0,stylegan_xl,stylegan_xl,1,0.07608845084905624,data\cache\clean\test\stylegan_xl_1440252ff76f525f\blur_s1.0.jpg
stylegan_xl_17f8bf0ef8d2f478,blur_s1.0,stylegan_xl,stylegan_xl,1,0.002995232818648219,data\cache\clean\test\stylegan_xl_17f8bf0ef8d2f478\blur_s1.0.jpg
stylegan_xl_2013fe0d44f84041,blur_s1.0,stylegan_xl,stylegan_xl,1,0.0001704478927422315,data\cache\clean\test\stylegan_xl_2013fe0d44f84041\blur_s1.0.jpg
stylegan_xl_324e332686aa6966,blur_s1.0,stylegan_xl,stylegan_xl,1,0.24265031516551971,data\cache\clean\test\stylegan_xl_324e332686aa6966\blur_s1.0.jpg
stylegan_xl_3621cf0be1fc8d68,blur_s1.0,stylegan_xl,stylegan_xl,1,0.08447059243917465,data\cache\clean\test\stylegan_xl_3621cf0be1fc8d68\blur_s1.0.jpg
stylegan_xl_38c489e3b0d8c700,blur_s1.0,stylegan_xl,stylegan_xl,1,0.32591646909713745,data\cache\clean\test\stylegan_xl_38c489e3b0d8c700\blur_s1.0.jpg
stylegan_xl_3b5e18f8fc06450d,blur_s1.0,stylegan_xl,stylegan_xl,1,0.0013807234354317188,data\cache\clean\test\stylegan_xl_3b5e18f8fc06450d\blur_s1.0.jpg
stylegan_xl_43847,blur_s1.0,stylegan_xl,stylegan_xl,1,0.011578705161809921,data\cache\clean\test\stylegan_xl_43847\blur_s1.0.jpg
stylegan_xl_44451,blur_s1.0,stylegan_xl,stylegan_xl,1,0.1262039840221405,data\cache\clean\test\stylegan_xl_44451\blur_s1.0.jpg
stylegan_xl_45602,blur_s1.0,stylegan_xl,stylegan_xl,1,0.10943407565355301,data\cache\clean\test\stylegan_xl_45602\blur_s1.0.jpg
stylegan_xl_48611,blur_s1.0,stylegan_xl,stylegan_xl,1,0.016420982778072357,data\cache\clean\test\stylegan_xl_48611\blur_s1.0.jpg
stylegan_xl_4f991f9638e28675,blur_s1.0,stylegan_xl,stylegan_xl,1,0.010265031829476357,data\cache\clean\test\stylegan_xl_4f991f9638e28675\blur_s1.0.jpg
stylegan_xl_548aed682dc65ef2,blur_s1.0,stylegan_xl,stylegan_xl,1,0.44459810853004456,data\cache\clean\test\stylegan_xl_548aed682dc65ef2\blur_s1.0.jpg
stylegan_xl_60ed9d3511d333bf,blur_s1.0,stylegan_xl,stylegan_xl,1,0.0008810896542854607,data\cache\clean\test\stylegan_xl_60ed9d3511d333bf\blur_s1.0.jpg
stylegan_xl_65bb283a1280639e,blur_s1.0,stylegan_xl,stylegan_xl,1,0.008154520764946938,data\cache\clean\test\stylegan_xl_65bb283a1280639e\blur_s1.0.jpg
stylegan_xl_729fee52c5b7f95b,blur_s1.0,stylegan_xl,stylegan_xl,1,0.0013264833251014352,data\cache\clean\test\stylegan_xl_729fee52c5b7f95b\blur_s1.0.jpg
stylegan_xl_7d433e90bcd7bd53,blur_s1.0,stylegan_xl,stylegan_xl,1,5.9197875089012086e-05,data\cache\clean\test\stylegan_xl_7d433e90bcd7bd53\blur_s1.0.jpg
stylegan_xl_7ffebe6032f8209f,blur_s1.0,stylegan_xl,stylegan_xl,1,0.19924819469451904,data\cache\clean\test\stylegan_xl_7ffebe6032f8209f\blur_s1.0.jpg
stylegan_xl_80fc8be6e7c11eb3,blur_s1.0,stylegan_xl,stylegan_xl,1,1.7238016880583018e-05,data\cache\clean\test\stylegan_xl_80fc8be6e7c11eb3\blur_s1.0.jpg
stylegan_xl_8f9dfd75dde8914f,blur_s1.0,stylegan_xl,stylegan_xl,1,0.0005604206817224622,data\cache\clean\test\stylegan_xl_8f9dfd75dde8914f\blur_s1.0.jpg
stylegan_xl_a1ed16fffc5ecb68,blur_s1.0,stylegan_xl,stylegan_xl,1,0.007117404602468014,data\cache\clean\test\stylegan_xl_a1ed16fffc5ecb68\blur_s1.0.jpg
stylegan_xl_a72f3ace10a8f550,blur_s1.0,stylegan_xl,stylegan_xl,1,1.461413467040984e-05,data\cache\clean\test\stylegan_xl_a72f3ace10a8f550\blur_s1.0.jpg
stylegan_xl_ae09b95535340878,blur_s1.0,stylegan_xl,stylegan_xl,1,0.28638607263565063,data\cache\clean\test\stylegan_xl_ae09b95535340878\blur_s1.0.jpg
stylegan_xl_b6abe358484b287a,blur_s1.0,stylegan_xl,stylegan_xl,1,0.03134813904762268,data\cache\clean\test\stylegan_xl_b6abe358484b287a\blur_s1.0.jpg
stylegan_xl_bd69757ff485d03e,blur_s1.0,stylegan_xl,stylegan_xl,1,0.41016533970832825,data\cache\clean\test\stylegan_xl_bd69757ff485d03e\blur_s1.0.jpg
stylegan_xl_cf9c332a1ebfb587,blur_s1.0,stylegan_xl,stylegan_xl,1,0.005700188223272562,data\cache\clean\test\stylegan_xl_cf9c332a1ebfb587\blur_s1.0.jpg
stylegan_xl_d686a15f05d09472,blur_s1.0,stylegan_xl,stylegan_xl,1,0.0016246832674369216,data\cache\clean\test\stylegan_xl_d686a15f05d09472\blur_s1.0.jpg
stylegan_xl_d7c4ece8c8a01de0,blur_s1.0,stylegan_xl,stylegan_xl,1,0.08828850835561752,data\cache\clean\test\stylegan_xl_d7c4ece8c8a01de0\blur_s1.0.jpg
stylegan_xl_e4b8e7ef72cabaf2,blur_s1.0,stylegan_xl,stylegan_xl,1,9.577287528372835e-06,data\cache\clean\test\stylegan_xl_e4b8e7ef72cabaf2\blur_s1.0.jpg
stylegan_xl_f2ea3473d8b1a62f,blur_s1.0,stylegan_xl,stylegan_xl,1,0.0059968046844005585,data\cache\clean\test\stylegan_xl_f2ea3473d8b1a62f\blur_s1.0.jpg
stylegan_xl_fef6a66b8deaa7ab,blur_s1.0,stylegan_xl,stylegan_xl,1,5.394922936829971e-06,data\cache\clean\test\stylegan_xl_fef6a66b8deaa7ab\blur_s1.0.jpg
cifake_1028 (10),blur_s2.0,cifake,stable_diffusion,1,0.43293294310569763,data\cache\clean\test\cifake_1028 (10)\blur_s2.0.jpg
cifake_2286 (2),blur_s2.0,cifake,stable_diffusion,1,0.1435154378414154,data\cache\clean\test\cifake_2286 (2)\blur_s2.0.jpg
cifake_2850 (3),blur_s2.0,cifake,stable_diffusion,1,0.1959204226732254,data\cache\clean\test\cifake_2850 (3)\blur_s2.0.jpg
cifake_3053 (4),blur_s2.0,cifake,stable_diffusion,1,0.3945733904838562,data\cache\clean\test\cifake_3053 (4)\blur_s2.0.jpg
cifake_3582 (9),blur_s2.0,cifake,stable_diffusion,1,0.034924108535051346,data\cache\clean\test\cifake_3582 (9)\blur_s2.0.jpg
cifake_4127 (3),blur_s2.0,cifake,stable_diffusion,1,0.40540850162506104,data\cache\clean\test\cifake_4127 (3)\blur_s2.0.jpg
cifake_4443,blur_s2.0,cifake,stable_diffusion,1,0.38255077600479126,data\cache\clean\test\cifake_4443\blur_s2.0.jpg
cifake_4615 (3),blur_s2.0,cifake,stable_diffusion,1,0.18131889402866364,data\cache\clean\test\cifake_4615 (3)\blur_s2.0.jpg
cifake_5511 (9),blur_s2.0,cifake,stable_diffusion,1,0.45236337184906006,data\cache\clean\test\cifake_5511 (9)\blur_s2.0.jpg
cifake_5607 (3),blur_s2.0,cifake,stable_diffusion,1,0.04288632050156593,data\cache\clean\test\cifake_5607 (3)\blur_s2.0.jpg
cifake_5845 (9),blur_s2.0,cifake,stable_diffusion,1,0.15350759029388428,data\cache\clean\test\cifake_5845 (9)\blur_s2.0.jpg
cifake_954 (9),blur_s2.0,cifake,stable_diffusion,1,0.1385132074356079,data\cache\clean\test\cifake_954 (9)\blur_s2.0.jpg
dalle_10420,blur_s2.0,dalle,dalle,1,0.08358735591173172,data\cache\clean\test\dalle_10420\blur_s2.0.jpg
dalle_12367,blur_s2.0,dalle,dalle,1,0.2237161099910736,data\cache\clean\test\dalle_12367\blur_s2.0.jpg
dalle_17768,blur_s2.0,dalle,dalle,1,0.16463060677051544,data\cache\clean\test\dalle_17768\blur_s2.0.jpg
dalle_1895b86b74caac5dad51022c3d3b33df,blur_s2.0,dalle,dalle,1,0.13408909738063812,data\cache\clean\test\dalle_1895b86b74caac5dad51022c3d3b33df\blur_s2.0.jpg
dalle_19590,blur_s2.0,dalle,dalle,1,0.006644570734351873,data\cache\clean\test\dalle_19590\blur_s2.0.jpg
dalle_20080,blur_s2.0,dalle,dalle,1,0.007180120795965195,data\cache\clean\test\dalle_20080\blur_s2.0.jpg
dalle_26611,blur_s2.0,dalle,dalle,1,0.3120279014110565,data\cache\clean\test\dalle_26611\blur_s2.0.jpg
dalle_27029,blur_s2.0,dalle,dalle,1,0.03972728177905083,data\cache\clean\test\dalle_27029\blur_s2.0.jpg
dalle_3007,blur_s2.0,dalle,dalle,1,0.49235501885414124,data\cache\clean\test\dalle_3007\blur_s2.0.jpg
dalle_40387,blur_s2.0,dalle,dalle,1,0.029637297615408897,data\cache\clean\test\dalle_40387\blur_s2.0.jpg
dalle_41791,blur_s2.0,dalle,dalle,1,0.00039781242958270013,data\cache\clean\test\dalle_41791\blur_s2.0.jpg
dalle_41855,blur_s2.0,dalle,dalle,1,0.07046722620725632,data\cache\clean\test\dalle_41855\blur_s2.0.jpg
dalle_42344,blur_s2.0,dalle,dalle,1,0.3631725013256073,data\cache\clean\test\dalle_42344\blur_s2.0.jpg
dalle_6481,blur_s2.0,dalle,dalle,1,0.0001271773362532258,data\cache\clean\test\dalle_6481\blur_s2.0.jpg
dalle_6f0f61883f111368d770c54801f33449,blur_s2.0,dalle,dalle,1,0.016245286911725998,data\cache\clean\test\dalle_6f0f61883f111368d770c54801f33449\blur_s2.0.jpg
dalle_8017,blur_s2.0,dalle,dalle,1,0.027920834720134735,data\cache\clean\test\dalle_8017\blur_s2.0.jpg
dalle_8688,blur_s2.0,dalle,dalle,1,0.3606428802013397,data\cache\clean\test\dalle_8688\blur_s2.0.jpg
dalle_9068,blur_s2.0,dalle,dalle,1,0.007511106785386801,data\cache\clean\test\dalle_9068\blur_s2.0.jpg
gigagan_01605,blur_s2.0,gigagan,gigagan,1,0.004499012138694525,data\cache\clean\test\gigagan_01605\blur_s2.0.jpg
gigagan_05738,blur_s2.0,gigagan,gigagan,1,0.05448421090841293,data\cache\clean\test\gigagan_05738\blur_s2.0.jpg
gigagan_06111,blur_s2.0,gigagan,gigagan,1,0.14006265997886658,data\cache\clean\test\gigagan_06111\blur_s2.0.jpg
gigagan_06526,blur_s2.0,gigagan,gigagan,1,0.2678481340408325,data\cache\clean\test\gigagan_06526\blur_s2.0.jpg
gigagan_09026,blur_s2.0,gigagan,gigagan,1,0.43579331040382385,data\cache\clean\test\gigagan_09026\blur_s2.0.jpg
gigagan_09302,blur_s2.0,gigagan,gigagan,1,0.0657002255320549,data\cache\clean\test\gigagan_09302\blur_s2.0.jpg
gigagan_09742,blur_s2.0,gigagan,gigagan,1,0.21690721809864044,data\cache\clean\test\gigagan_09742\blur_s2.0.jpg
gigagan_09888,blur_s2.0,gigagan,gigagan,1,0.3218052089214325,data\cache\clean\test\gigagan_09888\blur_s2.0.jpg
gigagan_10914,blur_s2.0,gigagan,gigagan,1,0.0004571751633193344,data\cache\clean\test\gigagan_10914\blur_s2.0.jpg
gigagan_11787,blur_s2.0,gigagan,gigagan,1,0.21743519604206085,data\cache\clean\test\gigagan_11787\blur_s2.0.jpg
gigagan_13110,blur_s2.0,gigagan,gigagan,1,0.13598401844501495,data\cache\clean\test\gigagan_13110\blur_s2.0.jpg
gigagan_14071,blur_s2.0,gigagan,gigagan,1,0.00031967106042429805,data\cache\clean\test\gigagan_14071\blur_s2.0.jpg
gigagan_15454,blur_s2.0,gigagan,gigagan,1,0.217680424451828,data\cache\clean\test\gigagan_15454\blur_s2.0.jpg
gigagan_15561,blur_s2.0,gigagan,gigagan,1,0.22628891468048096,data\cache\clean\test\gigagan_15561\blur_s2.0.jpg
gigagan_18085,blur_s2.0,gigagan,gigagan,1,0.31529542803764343,data\cache\clean\test\gigagan_18085\blur_s2.0.jpg
gigagan_20327,blur_s2.0,gigagan,gigagan,1,0.10692755877971649,data\cache\clean\test\gigagan_20327\blur_s2.0.jpg
gigagan_21185,blur_s2.0,gigagan,gigagan,1,0.23030003905296326,data\cache\clean\test\gigagan_21185\blur_s2.0.jpg
gigagan_21611,blur_s2.0,gigagan,gigagan,1,0.01255290862172842,data\cache\clean\test\gigagan_21611\blur_s2.0.jpg
gigagan_23134,blur_s2.0,gigagan,gigagan,1,0.02555885910987854,data\cache\clean\test\gigagan_23134\blur_s2.0.jpg
gigagan_24679,blur_s2.0,gigagan,gigagan,1,0.10814371705055237,data\cache\clean\test\gigagan_24679\blur_s2.0.jpg
gigagan_24933,blur_s2.0,gigagan,gigagan,1,0.1450476050376892,data\cache\clean\test\gigagan_24933\blur_s2.0.jpg
gigagan_25090,blur_s2.0,gigagan,gigagan,1,0.006403666455298662,data\cache\clean\test\gigagan_25090\blur_s2.0.jpg
gigagan_26681,blur_s2.0,gigagan,gigagan,1,0.07241621613502502,data\cache\clean\test\gigagan_26681\blur_s2.0.jpg
gigagan_27593,blur_s2.0,gigagan,gigagan,1,0.07979676127433777,data\cache\clean\test\gigagan_27593\blur_s2.0.jpg
imagen3_045e6da6fd7f6fb0,blur_s2.0,imagen3,imagen3,1,0.00025425697094760835,data\cache\clean\test\imagen3_045e6da6fd7f6fb0\blur_s2.0.jpg
imagen3_07747d6ffd056bee,blur_s2.0,imagen3,imagen3,1,0.3576636016368866,data\cache\clean\test\imagen3_07747d6ffd056bee\blur_s2.0.jpg
imagen3_17643da56f35c6f7,blur_s2.0,imagen3,imagen3,1,1.3816906175634358e-05,data\cache\clean\test\imagen3_17643da56f35c6f7\blur_s2.0.jpg
imagen3_17919c9ffd792ad9,blur_s2.0,imagen3,imagen3,1,0.2893998622894287,data\cache\clean\test\imagen3_17919c9ffd792ad9\blur_s2.0.jpg
imagen3_1fe9a0379cffa709,blur_s2.0,imagen3,imagen3,1,0.07763510197401047,data\cache\clean\test\imagen3_1fe9a0379cffa709\blur_s2.0.jpg
imagen3_24e64d19ddde11cb,blur_s2.0,imagen3,imagen3,1,1.1111234243799117e-07,data\cache\clean\test\imagen3_24e64d19ddde11cb\blur_s2.0.jpg
imagen3_260ae6b06f1f50e2,blur_s2.0,imagen3,imagen3,1,0.00035552892950363457,data\cache\clean\test\imagen3_260ae6b06f1f50e2\blur_s2.0.jpg
imagen3_2be4510162a8a76e,blur_s2.0,imagen3,imagen3,1,0.1905830204486847,data\cache\clean\test\imagen3_2be4510162a8a76e\blur_s2.0.jpg
imagen3_3403b18fc93acbfc,blur_s2.0,imagen3,imagen3,1,0.23529575765132904,data\cache\clean\test\imagen3_3403b18fc93acbfc\blur_s2.0.jpg
imagen3_43058,blur_s2.0,imagen3,imagen3,1,0.0023436786141246557,data\cache\clean\test\imagen3_43058\blur_s2.0.jpg
imagen3_44015,blur_s2.0,imagen3,imagen3,1,0.019302895292639732,data\cache\clean\test\imagen3_44015\blur_s2.0.jpg
imagen3_44075,blur_s2.0,imagen3,imagen3,1,0.04332699254155159,data\cache\clean\test\imagen3_44075\blur_s2.0.jpg
imagen3_44476,blur_s2.0,imagen3,imagen3,1,0.25495457649230957,data\cache\clean\test\imagen3_44476\blur_s2.0.jpg
imagen3_473ffc5e3d5dc373,blur_s2.0,imagen3,imagen3,1,0.04867849126458168,data\cache\clean\test\imagen3_473ffc5e3d5dc373\blur_s2.0.jpg
imagen3_519f5c348fe55fcd,blur_s2.0,imagen3,imagen3,1,1.6968875570455566e-05,data\cache\clean\test\imagen3_519f5c348fe55fcd\blur_s2.0.jpg
imagen3_52520,blur_s2.0,imagen3,imagen3,1,0.4142856001853943,data\cache\clean\test\imagen3_52520\blur_s2.0.jpg
imagen3_53132,blur_s2.0,imagen3,imagen3,1,0.18572300672531128,data\cache\clean\test\imagen3_53132\blur_s2.0.jpg
imagen3_560ead164dab63a5,blur_s2.0,imagen3,imagen3,1,0.02249588444828987,data\cache\clean\test\imagen3_560ead164dab63a5\blur_s2.0.jpg
imagen3_5e95809bd47d157b,blur_s2.0,imagen3,imagen3,1,0.0070187244564294815,data\cache\clean\test\imagen3_5e95809bd47d157b\blur_s2.0.jpg
imagen3_69467160e53f71bc,blur_s2.0,imagen3,imagen3,1,0.04769669473171234,data\cache\clean\test\imagen3_69467160e53f71bc\blur_s2.0.jpg
imagen3_6a8270ea182a9194,blur_s2.0,imagen3,imagen3,1,9.572613635100424e-05,data\cache\clean\test\imagen3_6a8270ea182a9194\blur_s2.0.jpg
imagen3_6c7624322b04ce43,blur_s2.0,imagen3,imagen3,1,6.722089892718941e-05,data\cache\clean\test\imagen3_6c7624322b04ce43\blur_s2.0.jpg
imagen3_77fb2d4f372634f8,blur_s2.0,imagen3,imagen3,1,0.00882943905889988,data\cache\clean\test\imagen3_77fb2d4f372634f8\blur_s2.0.jpg
imagen3_7ee1485909c59826,blur_s2.0,imagen3,imagen3,1,0.29296234250068665,data\cache\clean\test\imagen3_7ee1485909c59826\blur_s2.0.jpg
imagen3_8b13dc3bff918841,blur_s2.0,imagen3,imagen3,1,0.14052090048789978,data\cache\clean\test\imagen3_8b13dc3bff918841\blur_s2.0.jpg
imagen3_9e82651e214a25c8,blur_s2.0,imagen3,imagen3,1,0.10008091479539871,data\cache\clean\test\imagen3_9e82651e214a25c8\blur_s2.0.jpg
imagen3_ad860df8c2a1a848,blur_s2.0,imagen3,imagen3,1,0.001090041478164494,data\cache\clean\test\imagen3_ad860df8c2a1a848\blur_s2.0.jpg
imagen3_b69c9976ced306d1,blur_s2.0,imagen3,imagen3,1,0.1701778620481491,data\cache\clean\test\imagen3_b69c9976ced306d1\blur_s2.0.jpg
imagen3_ca44bb7db1e73a9a,blur_s2.0,imagen3,imagen3,1,0.000789281795732677,data\cache\clean\test\imagen3_ca44bb7db1e73a9a\blur_s2.0.jpg
imagen3_d326e7c87fb1d966,blur_s2.0,imagen3,imagen3,1,0.11274661868810654,data\cache\clean\test\imagen3_d326e7c87fb1d966\blur_s2.0.jpg
imagen3_e63f3b6f8bdee43a,blur_s2.0,imagen3,imagen3,1,0.0001526266714790836,data\cache\clean\test\imagen3_e63f3b6f8bdee43a\blur_s2.0.jpg
imagen3_eaf94916ce926270,blur_s2.0,imagen3,imagen3,1,0.11331715434789658,data\cache\clean\test\imagen3_eaf94916ce926270\blur_s2.0.jpg
imagen3_f69a20bda8f47fea,blur_s2.0,imagen3,imagen3,1,0.09125521034002304,data\cache\clean\test\imagen3_f69a20bda8f47fea\blur_s2.0.jpg
imagen3_fd568a2839353a92,blur_s2.0,imagen3,imagen3,1,0.2572445273399353,data\cache\clean\test\imagen3_fd568a2839353a92\blur_s2.0.jpg
imagen3_fe7048efd51b15b8,blur_s2.0,imagen3,imagen3,1,0.004472609143704176,data\cache\clean\test\imagen3_fe7048efd51b15b8\blur_s2.0.jpg
imagen3_Imagen3_2403,blur_s2.0,imagen3,imagen3,1,0.03472810238599777,data\cache\clean\test\imagen3_Imagen3_2403\blur_s2.0.jpg
imagen3_Imagen3_3556,blur_s2.0,imagen3,imagen3,1,0.05267863720655441,data\cache\clean\test\imagen3_Imagen3_3556\blur_s2.0.jpg
sidset_full_synthetic_001692,blur_s2.0,sidset,full_synthetic,1,0.4253748059272766,data\cache\clean\test\sidset_full_synthetic_001692\blur_s2.0.jpg
sidset_full_synthetic_033528,blur_s2.0,sidset,full_synthetic,1,0.029528122395277023,data\cache\clean\test\sidset_full_synthetic_033528\blur_s2.0.jpg
sidset_full_synthetic_040322,blur_s2.0,sidset,full_synthetic,1,0.05310221016407013,data\cache\clean\test\sidset_full_synthetic_040322\blur_s2.0.jpg
sidset_full_synthetic_046026,blur_s2.0,sidset,full_synthetic,1,0.008749349042773247,data\cache\clean\test\sidset_full_synthetic_046026\blur_s2.0.jpg
sidset_full_synthetic_060524,blur_s2.0,sidset,full_synthetic,1,7.301932055270299e-05,data\cache\clean\test\sidset_full_synthetic_060524\blur_s2.0.jpg
sidset_full_synthetic_062086,blur_s2.0,sidset,full_synthetic,1,3.968178134527989e-05,data\cache\clean\test\sidset_full_synthetic_062086\blur_s2.0.jpg
stylegan_xl_0097a2e24789bc7a,blur_s2.0,stylegan_xl,stylegan_xl,1,0.006868625991046429,data\cache\clean\test\stylegan_xl_0097a2e24789bc7a\blur_s2.0.jpg
stylegan_xl_00a4591cf03df584,blur_s2.0,stylegan_xl,stylegan_xl,1,5.6157863582484424e-05,data\cache\clean\test\stylegan_xl_00a4591cf03df584\blur_s2.0.jpg
stylegan_xl_031391f1ab18ab62,blur_s2.0,stylegan_xl,stylegan_xl,1,0.0061057861894369125,data\cache\clean\test\stylegan_xl_031391f1ab18ab62\blur_s2.0.jpg
stylegan_xl_0a4244f8a9185bad,blur_s2.0,stylegan_xl,stylegan_xl,1,0.10622871667146683,data\cache\clean\test\stylegan_xl_0a4244f8a9185bad\blur_s2.0.jpg
stylegan_xl_0f7efa4c31bcd8f4,blur_s2.0,stylegan_xl,stylegan_xl,1,0.008084727451205254,data\cache\clean\test\stylegan_xl_0f7efa4c31bcd8f4\blur_s2.0.jpg
stylegan_xl_1060d58257bc5130,blur_s2.0,stylegan_xl,stylegan_xl,1,0.00239946530200541,data\cache\clean\test\stylegan_xl_1060d58257bc5130\blur_s2.0.jpg
stylegan_xl_1440252ff76f525f,blur_s2.0,stylegan_xl,stylegan_xl,1,0.4393746852874756,data\cache\clean\test\stylegan_xl_1440252ff76f525f\blur_s2.0.jpg
stylegan_xl_17f8bf0ef8d2f478,blur_s2.0,stylegan_xl,stylegan_xl,1,0.011873047798871994,data\cache\clean\test\stylegan_xl_17f8bf0ef8d2f478\blur_s2.0.jpg
stylegan_xl_2013fe0d44f84041,blur_s2.0,stylegan_xl,stylegan_xl,1,0.002229392994195223,data\cache\clean\test\stylegan_xl_2013fe0d44f84041\blur_s2.0.jpg
stylegan_xl_324e332686aa6966,blur_s2.0,stylegan_xl,stylegan_xl,1,0.10276177525520325,data\cache\clean\test\stylegan_xl_324e332686aa6966\blur_s2.0.jpg
stylegan_xl_3621cf0be1fc8d68,blur_s2.0,stylegan_xl,stylegan_xl,1,0.33754849433898926,data\cache\clean\test\stylegan_xl_3621cf0be1fc8d68\blur_s2.0.jpg
stylegan_xl_3b5e18f8fc06450d,blur_s2.0,stylegan_xl,stylegan_xl,1,0.0011109979823231697,data\cache\clean\test\stylegan_xl_3b5e18f8fc06450d\blur_s2.0.jpg
stylegan_xl_43847,blur_s2.0,stylegan_xl,stylegan_xl,1,0.28937509655952454,data\cache\clean\test\stylegan_xl_43847\blur_s2.0.jpg
stylegan_xl_44451,blur_s2.0,stylegan_xl,stylegan_xl,1,0.27644604444503784,data\cache\clean\test\stylegan_xl_44451\blur_s2.0.jpg
stylegan_xl_45602,blur_s2.0,stylegan_xl,stylegan_xl,1,0.09159991145133972,data\cache\clean\test\stylegan_xl_45602\blur_s2.0.jpg
stylegan_xl_48611,blur_s2.0,stylegan_xl,stylegan_xl,1,0.04976361617445946,data\cache\clean\test\stylegan_xl_48611\blur_s2.0.jpg
stylegan_xl_49539,blur_s2.0,stylegan_xl,stylegan_xl,1,0.2944204807281494,data\cache\clean\test\stylegan_xl_49539\blur_s2.0.jpg
stylegan_xl_4f991f9638e28675,blur_s2.0,stylegan_xl,stylegan_xl,1,0.01697443053126335,data\cache\clean\test\stylegan_xl_4f991f9638e28675\blur_s2.0.jpg
stylegan_xl_60ed9d3511d333bf,blur_s2.0,stylegan_xl,stylegan_xl,1,0.008509891107678413,data\cache\clean\test\stylegan_xl_60ed9d3511d333bf\blur_s2.0.jpg
stylegan_xl_65bb283a1280639e,blur_s2.0,stylegan_xl,stylegan_xl,1,0.07326887547969818,data\cache\clean\test\stylegan_xl_65bb283a1280639e\blur_s2.0.jpg
stylegan_xl_729fee52c5b7f95b,blur_s2.0,stylegan_xl,stylegan_xl,1,0.012224570848047733,data\cache\clean\test\stylegan_xl_729fee52c5b7f95b\blur_s2.0.jpg
stylegan_xl_7d433e90bcd7bd53,blur_s2.0,stylegan_xl,stylegan_xl,1,6.801134441047907e-05,data\cache\clean\test\stylegan_xl_7d433e90bcd7bd53\blur_s2.0.jpg
stylegan_xl_7ffebe6032f8209f,blur_s2.0,stylegan_xl,stylegan_xl,1,0.25534120202064514,data\cache\clean\test\stylegan_xl_7ffebe6032f8209f\blur_s2.0.jpg
stylegan_xl_80fc8be6e7c11eb3,blur_s2.0,stylegan_xl,stylegan_xl,1,3.4537911233201157e-06,data\cache\clean\test\stylegan_xl_80fc8be6e7c11eb3\blur_s2.0.jpg
stylegan_xl_8f9dfd75dde8914f,blur_s2.0,stylegan_xl,stylegan_xl,1,0.0018951910315081477,data\cache\clean\test\stylegan_xl_8f9dfd75dde8914f\blur_s2.0.jpg
stylegan_xl_a1ed16fffc5ecb68,blur_s2.0,stylegan_xl,stylegan_xl,1,0.3236207962036133,data\cache\clean\test\stylegan_xl_a1ed16fffc5ecb68\blur_s2.0.jpg
stylegan_xl_a72f3ace10a8f550,blur_s2.0,stylegan_xl,stylegan_xl,1,1.8584260033094324e-05,data\cache\clean\test\stylegan_xl_a72f3ace10a8f550\blur_s2.0.jpg
stylegan_xl_ae09b95535340878,blur_s2.0,stylegan_xl,stylegan_xl,1,0.19774886965751648,data\cache\clean\test\stylegan_xl_ae09b95535340878\blur_s2.0.jpg
stylegan_xl_b6abe358484b287a,blur_s2.0,stylegan_xl,stylegan_xl,1,0.0673488900065422,data\cache\clean\test\stylegan_xl_b6abe358484b287a\blur_s2.0.jpg
stylegan_xl_cf9c332a1ebfb587,blur_s2.0,stylegan_xl,stylegan_xl,1,0.031154219061136246,data\cache\clean\test\stylegan_xl_cf9c332a1ebfb587\blur_s2.0.jpg
stylegan_xl_d686a15f05d09472,blur_s2.0,stylegan_xl,stylegan_xl,1,0.002685686806216836,data\cache\clean\test\stylegan_xl_d686a15f05d09472\blur_s2.0.jpg
stylegan_xl_d7c4ece8c8a01de0,blur_s2.0,stylegan_xl,stylegan_xl,1,0.021489806473255157,data\cache\clean\test\stylegan_xl_d7c4ece8c8a01de0\blur_s2.0.jpg
stylegan_xl_e4b8e7ef72cabaf2,blur_s2.0,stylegan_xl,stylegan_xl,1,7.651850319234654e-05,data\cache\clean\test\stylegan_xl_e4b8e7ef72cabaf2\blur_s2.0.jpg
stylegan_xl_f2ea3473d8b1a62f,blur_s2.0,stylegan_xl,stylegan_xl,1,0.06904368847608566,data\cache\clean\test\stylegan_xl_f2ea3473d8b1a62f\blur_s2.0.jpg
stylegan_xl_fef6a66b8deaa7ab,blur_s2.0,stylegan_xl,stylegan_xl,1,5.268726681606495e-07,data\cache\clean\test\stylegan_xl_fef6a66b8deaa7ab\blur_s2.0.jpg
cifake_1088 (3),color_down,cifake,stable_diffusion,1,0.33493536710739136,data\cache\clean\test\cifake_1088 (3)\color_down.jpg
cifake_1167 (3),color_down,cifake,stable_diffusion,1,0.3820262551307678,data\cache\clean\test\cifake_1167 (3)\color_down.jpg
cifake_1270 (7),color_down,cifake,stable_diffusion,1,0.20384110510349274,data\cache\clean\test\cifake_1270 (7)\color_down.jpg
cifake_1729 (4),color_down,cifake,stable_diffusion,1,0.4312801659107208,data\cache\clean\test\cifake_1729 (4)\color_down.jpg
cifake_1927 (7),color_down,cifake,stable_diffusion,1,0.415331095457077,data\cache\clean\test\cifake_1927 (7)\color_down.jpg
cifake_2286 (2),color_down,cifake,stable_diffusion,1,0.0952506884932518,data\cache\clean\test\cifake_2286 (2)\color_down.jpg
cifake_2293 (8),color_down,cifake,stable_diffusion,1,0.4313161373138428,data\cache\clean\test\cifake_2293 (8)\color_down.jpg
cifake_2438 (2),color_down,cifake,stable_diffusion,1,0.475503146648407,data\cache\clean\test\cifake_2438 (2)\color_down.jpg
cifake_2787 (7),color_down,cifake,stable_diffusion,1,0.4521980285644531,data\cache\clean\test\cifake_2787 (7)\color_down.jpg
cifake_2831,color_down,cifake,stable_diffusion,1,0.3240109086036682,data\cache\clean\test\cifake_2831\color_down.jpg
cifake_2850 (3),color_down,cifake,stable_diffusion,1,0.07967852056026459,data\cache\clean\test\cifake_2850 (3)\color_down.jpg
cifake_3053 (4),color_down,cifake,stable_diffusion,1,0.33249595761299133,data\cache\clean\test\cifake_3053 (4)\color_down.jpg
cifake_3582 (9),color_down,cifake,stable_diffusion,1,0.3370887339115143,data\cache\clean\test\cifake_3582 (9)\color_down.jpg
cifake_3608,color_down,cifake,stable_diffusion,1,0.4517988860607147,data\cache\clean\test\cifake_3608\color_down.jpg
cifake_3702 (10),color_down,cifake,stable_diffusion,1,0.14837706089019775,data\cache\clean\test\cifake_3702 (10)\color_down.jpg
cifake_3750 (6),color_down,cifake,stable_diffusion,1,0.30496203899383545,data\cache\clean\test\cifake_3750 (6)\color_down.jpg
cifake_3921_1,color_down,cifake,stable_diffusion,1,0.35279661417007446,data\cache\clean\test\cifake_3921_1\color_down.jpg
cifake_4127 (3),color_down,cifake,stable_diffusion,1,0.13822229206562042,data\cache\clean\test\cifake_4127 (3)\color_down.jpg
cifake_4615 (3),color_down,cifake,stable_diffusion,1,0.14633585512638092,data\cache\clean\test\cifake_4615 (3)\color_down.jpg
cifake_4682 (7),color_down,cifake,stable_diffusion,1,0.39261937141418457,data\cache\clean\test\cifake_4682 (7)\color_down.jpg
cifake_4827 (7),color_down,cifake,stable_diffusion,1,0.46575167775154114,data\cache\clean\test\cifake_4827 (7)\color_down.jpg
cifake_5511 (9),color_down,cifake,stable_diffusion,1,0.3340803384780884,data\cache\clean\test\cifake_5511 (9)\color_down.jpg
cifake_5607 (3),color_down,cifake,stable_diffusion,1,0.3248683512210846,data\cache\clean\test\cifake_5607 (3)\color_down.jpg
cifake_5828 (4),color_down,cifake,stable_diffusion,1,0.3887759745121002,data\cache\clean\test\cifake_5828 (4)\color_down.jpg
cifake_75,color_down,cifake,stable_diffusion,1,0.25469350814819336,data\cache\clean\test\cifake_75\color_down.jpg
dalle_10420,color_down,dalle,dalle,1,0.0847940742969513,data\cache\clean\test\dalle_10420\color_down.jpg
dalle_19590,color_down,dalle,dalle,1,0.040737420320510864,data\cache\clean\test\dalle_19590\color_down.jpg
dalle_20080,color_down,dalle,dalle,1,0.002524866024032235,data\cache\clean\test\dalle_20080\color_down.jpg
dalle_28,color_down,dalle,dalle,1,0.34780654311180115,data\cache\clean\test\dalle_28\color_down.jpg
dalle_3007,color_down,dalle,dalle,1,0.23732507228851318,data\cache\clean\test\dalle_3007\color_down.jpg
dalle_3c589aa7fd4a6705f1fd7918daf4ffb9,color_down,dalle,dalle,1,0.09933685511350632,data\cache\clean\test\dalle_3c589aa7fd4a6705f1fd7918daf4ffb9\color_down.jpg
dalle_40387,color_down,dalle,dalle,1,0.3317684531211853,data\cache\clean\test\dalle_40387\color_down.jpg
dalle_41791,color_down,dalle,dalle,1,9.449946810491383e-05,data\cache\clean\test\dalle_41791\color_down.jpg
dalle_6481,color_down,dalle,dalle,1,0.042424801737070084,data\cache\clean\test\dalle_6481\color_down.jpg
dalle_6f0f61883f111368d770c54801f33449,color_down,dalle,dalle,1,0.1877690553665161,data\cache\clean\test\dalle_6f0f61883f111368d770c54801f33449\color_down.jpg
dalle_8688,color_down,dalle,dalle,1,0.44877132773399353,data\cache\clean\test\dalle_8688\color_down.jpg
dalle_9068,color_down,dalle,dalle,1,0.049482572823762894,data\cache\clean\test\dalle_9068\color_down.jpg
gigagan_01605,color_down,gigagan,gigagan,1,0.004318526480346918,data\cache\clean\test\gigagan_01605\color_down.jpg
gigagan_05738,color_down,gigagan,gigagan,1,0.10321516543626785,data\cache\clean\test\gigagan_05738\color_down.jpg
gigagan_07350,color_down,gigagan,gigagan,1,0.10169664770364761,data\cache\clean\test\gigagan_07350\color_down.jpg
gigagan_09418,color_down,gigagan,gigagan,1,0.3983443081378937,data\cache\clean\test\gigagan_09418\color_down.jpg
gigagan_09742,color_down,gigagan,gigagan,1,0.36107945442199707,data\cache\clean\test\gigagan_09742\color_down.jpg
gigagan_10024,color_down,gigagan,gigagan,1,0.23678787052631378,data\cache\clean\test\gigagan_10024\color_down.jpg
gigagan_10914,color_down,gigagan,gigagan,1,0.00024174925056286156,data\cache\clean\test\gigagan_10914\color_down.jpg
gigagan_11518,color_down,gigagan,gigagan,1,0.1529676616191864,data\cache\clean\test\gigagan_11518\color_down.jpg
gigagan_12489,color_down,gigagan,gigagan,1,0.3475031852722168,data\cache\clean\test\gigagan_12489\color_down.jpg
gigagan_14071,color_down,gigagan,gigagan,1,0.00011054833157686517,data\cache\clean\test\gigagan_14071\color_down.jpg
gigagan_14138,color_down,gigagan,gigagan,1,0.2161383181810379,data\cache\clean\test\gigagan_14138\color_down.jpg
gigagan_15454,color_down,gigagan,gigagan,1,0.4012419879436493,data\cache\clean\test\gigagan_15454\color_down.jpg
gigagan_15561,color_down,gigagan,gigagan,1,0.10123346000909805,data\cache\clean\test\gigagan_15561\color_down.jpg
gigagan_16357,color_down,gigagan,gigagan,1,0.21464727818965912,data\cache\clean\test\gigagan_16357\color_down.jpg
gigagan_19196,color_down,gigagan,gigagan,1,0.43896642327308655,data\cache\clean\test\gigagan_19196\color_down.jpg
gigagan_20327,color_down,gigagan,gigagan,1,0.0954047217965126,data\cache\clean\test\gigagan_20327\color_down.jpg
gigagan_20756,color_down,gigagan,gigagan,1,0.15527087450027466,data\cache\clean\test\gigagan_20756\color_down.jpg
gigagan_21611,color_down,gigagan,gigagan,1,0.32894742488861084,data\cache\clean\test\gigagan_21611\color_down.jpg
gigagan_23134,color_down,gigagan,gigagan,1,0.4615491032600403,data\cache\clean\test\gigagan_23134\color_down.jpg
gigagan_24679,color_down,gigagan,gigagan,1,0.019235864281654358,data\cache\clean\test\gigagan_24679\color_down.jpg
gigagan_25090,color_down,gigagan,gigagan,1,0.0033014665823429823,data\cache\clean\test\gigagan_25090\color_down.jpg
gigagan_25645,color_down,gigagan,gigagan,1,0.4462839365005493,data\cache\clean\test\gigagan_25645\color_down.jpg
gigagan_27593,color_down,gigagan,gigagan,1,0.16065959632396698,data\cache\clean\test\gigagan_27593\color_down.jpg
gigagan_28945,color_down,gigagan,gigagan,1,0.2750145494937897,data\cache\clean\test\gigagan_28945\color_down.jpg
gigagan_29456,color_down,gigagan,gigagan,1,0.4582609534263611,data\cache\clean\test\gigagan_29456\color_down.jpg
imagen3_045e6da6fd7f6fb0,color_down,imagen3,imagen3,1,6.934789416845888e-05,data\cache\clean\test\imagen3_045e6da6fd7f6fb0\color_down.jpg
imagen3_07747d6ffd056bee,color_down,imagen3,imagen3,1,0.05004357174038887,data\cache\clean\test\imagen3_07747d6ffd056bee\color_down.jpg
imagen3_17643da56f35c6f7,color_down,imagen3,imagen3,1,2.3305818103835918e-05,data\cache\clean\test\imagen3_17643da56f35c6f7\color_down.jpg
imagen3_17919c9ffd792ad9,color_down,imagen3,imagen3,1,0.11076994240283966,data\cache\clean\test\imagen3_17919c9ffd792ad9\color_down.jpg
imagen3_1fe9a0379cffa709,color_down,imagen3,imagen3,1,0.06472720205783844,data\cache\clean\test\imagen3_1fe9a0379cffa709\color_down.jpg
imagen3_24e64d19ddde11cb,color_down,imagen3,imagen3,1,7.512213962002079e-09,data\cache\clean\test\imagen3_24e64d19ddde11cb\color_down.jpg
imagen3_260ae6b06f1f50e2,color_down,imagen3,imagen3,1,0.0013268775073811412,data\cache\clean\test\imagen3_260ae6b06f1f50e2\color_down.jpg
imagen3_43058,color_down,imagen3,imagen3,1,2.3219541617436334e-05,data\cache\clean\test\imagen3_43058\color_down.jpg
imagen3_43208,color_down,imagen3,imagen3,1,0.440751850605011,data\cache\clean\test\imagen3_43208\color_down.jpg
imagen3_44015,color_down,imagen3,imagen3,1,0.00014528387691825628,data\cache\clean\test\imagen3_44015\color_down.jpg
imagen3_44075,color_down,imagen3,imagen3,1,0.03830710053443909,data\cache\clean\test\imagen3_44075\color_down.jpg
imagen3_46922,color_down,imagen3,imagen3,1,0.084668830037117,data\cache\clean\test\imagen3_46922\color_down.jpg
imagen3_473ffc5e3d5dc373,color_down,imagen3,imagen3,1,0.19174359738826752,data\cache\clean\test\imagen3_473ffc5e3d5dc373\color_down.jpg
imagen3_519f5c348fe55fcd,color_down,imagen3,imagen3,1,0.0005573380040004849,data\cache\clean\test\imagen3_519f5c348fe55fcd\color_down.jpg
imagen3_52115,color_down,imagen3,imagen3,1,0.01931806094944477,data\cache\clean\test\imagen3_52115\color_down.jpg
imagen3_52520,color_down,imagen3,imagen3,1,0.03443681821227074,data\cache\clean\test\imagen3_52520\color_down.jpg
imagen3_53132,color_down,imagen3,imagen3,1,0.08636372536420822,data\cache\clean\test\imagen3_53132\color_down.jpg
imagen3_560ead164dab63a5,color_down,imagen3,imagen3,1,0.019504282623529434,data\cache\clean\test\imagen3_560ead164dab63a5\color_down.jpg
imagen3_5e95809bd47d157b,color_down,imagen3,imagen3,1,0.002601728541776538,data\cache\clean\test\imagen3_5e95809bd47d157b\color_down.jpg
imagen3_69467160e53f71bc,color_down,imagen3,imagen3,1,0.03104490600526333,data\cache\clean\test\imagen3_69467160e53f71bc\color_down.jpg
imagen3_6a8270ea182a9194,color_down,imagen3,imagen3,1,9.9833523563575e-06,data\cache\clean\test\imagen3_6a8270ea182a9194\color_down.jpg
imagen3_6c7624322b04ce43,color_down,imagen3,imagen3,1,2.681007572391536e-06,data\cache\clean\test\imagen3_6c7624322b04ce43\color_down.jpg
imagen3_77fb2d4f372634f8,color_down,imagen3,imagen3,1,0.0003446117916610092,data\cache\clean\test\imagen3_77fb2d4f372634f8\color_down.jpg
imagen3_7ee1485909c59826,color_down,imagen3,imagen3,1,0.3554859161376953,data\cache\clean\test\imagen3_7ee1485909c59826\color_down.jpg
imagen3_8b13dc3bff918841,color_down,imagen3,imagen3,1,0.018753232434391975,data\cache\clean\test\imagen3_8b13dc3bff918841\color_down.jpg
imagen3_8c20e4bf83ffff36,color_down,imagen3,imagen3,1,0.07091417908668518,data\cache\clean\test\imagen3_8c20e4bf83ffff36\color_down.jpg
imagen3_9e82651e214a25c8,color_down,imagen3,imagen3,1,0.11736355721950531,data\cache\clean\test\imagen3_9e82651e214a25c8\color_down.jpg
imagen3_aa13646e437b7afa,color_down,imagen3,imagen3,1,0.30481237173080444,data\cache\clean\test\imagen3_aa13646e437b7afa\color_down.jpg
imagen3_ad860df8c2a1a848,color_down,imagen3,imagen3,1,0.0004394259594846517,data\cache\clean\test\imagen3_ad860df8c2a1a848\color_down.jpg
imagen3_b69c9976ced306d1,color_down,imagen3,imagen3,1,0.10693197697401047,data\cache\clean\test\imagen3_b69c9976ced306d1\color_down.jpg
imagen3_ca44bb7db1e73a9a,color_down,imagen3,imagen3,1,0.0024734572507441044,data\cache\clean\test\imagen3_ca44bb7db1e73a9a\color_down.jpg
imagen3_d326e7c87fb1d966,color_down,imagen3,imagen3,1,0.11637161672115326,data\cache\clean\test\imagen3_d326e7c87fb1d966\color_down.jpg
imagen3_e63f3b6f8bdee43a,color_down,imagen3,imagen3,1,0.00028573742019943893,data\cache\clean\test\imagen3_e63f3b6f8bdee43a\color_down.jpg
imagen3_eaf94916ce926270,color_down,imagen3,imagen3,1,0.022142013534903526,data\cache\clean\test\imagen3_eaf94916ce926270\color_down.jpg
imagen3_fa8535259782583b,color_down,imagen3,imagen3,1,0.07964424043893814,data\cache\clean\test\imagen3_fa8535259782583b\color_down.jpg
imagen3_fd568a2839353a92,color_down,imagen3,imagen3,1,0.22907814383506775,data\cache\clean\test\imagen3_fd568a2839353a92\color_down.jpg
imagen3_fe7048efd51b15b8,color_down,imagen3,imagen3,1,0.00033291929867118597,data\cache\clean\test\imagen3_fe7048efd51b15b8\color_down.jpg
imagen3_Imagen3_2403,color_down,imagen3,imagen3,1,0.21951144933700562,data\cache\clean\test\imagen3_Imagen3_2403\color_down.jpg
imagen3_Imagen3_3192,color_down,imagen3,imagen3,1,0.2043738216161728,data\cache\clean\test\imagen3_Imagen3_3192\color_down.jpg
imagen3_Imagen3_3546,color_down,imagen3,imagen3,1,0.048162687569856644,data\cache\clean\test\imagen3_Imagen3_3546\color_down.jpg
imagen3_Imagen3_3556,color_down,imagen3,imagen3,1,0.4699033796787262,data\cache\clean\test\imagen3_Imagen3_3556\color_down.jpg
sidset_full_synthetic_011347,color_down,sidset,full_synthetic,1,0.47944414615631104,data\cache\clean\test\sidset_full_synthetic_011347\color_down.jpg
sidset_full_synthetic_033528,color_down,sidset,full_synthetic,1,0.07522143423557281,data\cache\clean\test\sidset_full_synthetic_033528\color_down.jpg
sidset_full_synthetic_046026,color_down,sidset,full_synthetic,1,0.0009286715066991746,data\cache\clean\test\sidset_full_synthetic_046026\color_down.jpg
sidset_full_synthetic_060524,color_down,sidset,full_synthetic,1,0.012435843236744404,data\cache\clean\test\sidset_full_synthetic_060524\color_down.jpg
sidset_full_synthetic_062086,color_down,sidset,full_synthetic,1,0.006583125796169043,data\cache\clean\test\sidset_full_synthetic_062086\color_down.jpg
stylegan_xl_0097a2e24789bc7a,color_down,stylegan_xl,stylegan_xl,1,0.0007667303434573114,data\cache\clean\test\stylegan_xl_0097a2e24789bc7a\color_down.jpg
stylegan_xl_00a4591cf03df584,color_down,stylegan_xl,stylegan_xl,1,0.00011781039938796312,data\cache\clean\test\stylegan_xl_00a4591cf03df584\color_down.jpg
stylegan_xl_031391f1ab18ab62,color_down,stylegan_xl,stylegan_xl,1,0.00010261738498229533,data\cache\clean\test\stylegan_xl_031391f1ab18ab62\color_down.jpg
stylegan_xl_0a4244f8a9185bad,color_down,stylegan_xl,stylegan_xl,1,0.1151408776640892,data\cache\clean\test\stylegan_xl_0a4244f8a9185bad\color_down.jpg
stylegan_xl_0f7efa4c31bcd8f4,color_down,stylegan_xl,stylegan_xl,1,8.571916987420991e-05,data\cache\clean\test\stylegan_xl_0f7efa4c31bcd8f4\color_down.jpg
stylegan_xl_1060d58257bc5130,color_down,stylegan_xl,stylegan_xl,1,0.037846073508262634,data\cache\clean\test\stylegan_xl_1060d58257bc5130\color_down.jpg
stylegan_xl_1440252ff76f525f,color_down,stylegan_xl,stylegan_xl,1,0.16058285534381866,data\cache\clean\test\stylegan_xl_1440252ff76f525f\color_down.jpg
stylegan_xl_17f8bf0ef8d2f478,color_down,stylegan_xl,stylegan_xl,1,0.005138338077813387,data\cache\clean\test\stylegan_xl_17f8bf0ef8d2f478\color_down.jpg
stylegan_xl_2013fe0d44f84041,color_down,stylegan_xl,stylegan_xl,1,9.588583634467795e-05,data\cache\clean\test\stylegan_xl_2013fe0d44f84041\color_down.jpg
stylegan_xl_3621cf0be1fc8d68,color_down,stylegan_xl,stylegan_xl,1,0.011536183767020702,data\cache\clean\test\stylegan_xl_3621cf0be1fc8d68\color_down.jpg
stylegan_xl_3b5e18f8fc06450d,color_down,stylegan_xl,stylegan_xl,1,0.020601067692041397,data\cache\clean\test\stylegan_xl_3b5e18f8fc06450d\color_down.jpg
stylegan_xl_43847,color_down,stylegan_xl,stylegan_xl,1,0.015502621419727802,data\cache\clean\test\stylegan_xl_43847\color_down.jpg
stylegan_xl_45602,color_down,stylegan_xl,stylegan_xl,1,0.03266729414463043,data\cache\clean\test\stylegan_xl_45602\color_down.jpg
stylegan_xl_48611,color_down,stylegan_xl,stylegan_xl,1,0.011808957904577255,data\cache\clean\test\stylegan_xl_48611\color_down.jpg
stylegan_xl_4f991f9638e28675,color_down,stylegan_xl,stylegan_xl,1,0.06014910712838173,data\cache\clean\test\stylegan_xl_4f991f9638e28675\color_down.jpg
stylegan_xl_548aed682dc65ef2,color_down,stylegan_xl,stylegan_xl,1,0.3392239511013031,data\cache\clean\test\stylegan_xl_548aed682dc65ef2\color_down.jpg
stylegan_xl_60ed9d3511d333bf,color_down,stylegan_xl,stylegan_xl,1,0.0010559310903772712,data\cache\clean\test\stylegan_xl_60ed9d3511d333bf\color_down.jpg
stylegan_xl_65bb283a1280639e,color_down,stylegan_xl,stylegan_xl,1,0.03585878014564514,data\cache\clean\test\stylegan_xl_65bb283a1280639e\color_down.jpg
stylegan_xl_729fee52c5b7f95b,color_down,stylegan_xl,stylegan_xl,1,0.016067804768681526,data\cache\clean\test\stylegan_xl_729fee52c5b7f95b\color_down.jpg
stylegan_xl_7d433e90bcd7bd53,color_down,stylegan_xl,stylegan_xl,1,0.0005653603002429008,data\cache\clean\test\stylegan_xl_7d433e90bcd7bd53\color_down.jpg
stylegan_xl_7ffebe6032f8209f,color_down,stylegan_xl,stylegan_xl,1,0.35355067253112793,data\cache\clean\test\stylegan_xl_7ffebe6032f8209f\color_down.jpg
stylegan_xl_80fc8be6e7c11eb3,color_down,stylegan_xl,stylegan_xl,1,0.0004004277870990336,data\cache\clean\test\stylegan_xl_80fc8be6e7c11eb3\color_down.jpg
stylegan_xl_8f9dfd75dde8914f,color_down,stylegan_xl,stylegan_xl,1,0.24808566272258759,data\cache\clean\test\stylegan_xl_8f9dfd75dde8914f\color_down.jpg
stylegan_xl_a1ed16fffc5ecb68,color_down,stylegan_xl,stylegan_xl,1,0.12570104002952576,data\cache\clean\test\stylegan_xl_a1ed16fffc5ecb68\color_down.jpg
stylegan_xl_a72f3ace10a8f550,color_down,stylegan_xl,stylegan_xl,1,0.00032309931702911854,data\cache\clean\test\stylegan_xl_a72f3ace10a8f550\color_down.jpg
stylegan_xl_ae09b95535340878,color_down,stylegan_xl,stylegan_xl,1,0.37324851751327515,data\cache\clean\test\stylegan_xl_ae09b95535340878\color_down.jpg
stylegan_xl_b6abe358484b287a,color_down,stylegan_xl,stylegan_xl,1,0.15735091269016266,data\cache\clean\test\stylegan_xl_b6abe358484b287a\color_down.jpg
stylegan_xl_bd69757ff485d03e,color_down,stylegan_xl,stylegan_xl,1,0.4036499857902527,data\cache\clean\test\stylegan_xl_bd69757ff485d03e\color_down.jpg
stylegan_xl_c9421141bcf3a15a,color_down,stylegan_xl,stylegan_xl,1,0.35763609409332275,data\cache\clean\test\stylegan_xl_c9421141bcf3a15a\color_down.jpg
stylegan_xl_cccbc1d57a7e095e,color_down,stylegan_xl,stylegan_xl,1,0.30548298358917236,data\cache\clean\test\stylegan_xl_cccbc1d57a7e095e\color_down.jpg
stylegan_xl_cf9c332a1ebfb587,color_down,stylegan_xl,stylegan_xl,1,0.08084876835346222,data\cache\clean\test\stylegan_xl_cf9c332a1ebfb587\color_down.jpg
stylegan_xl_d686a15f05d09472,color_down,stylegan_xl,stylegan_xl,1,0.0013933596201241016,data\cache\clean\test\stylegan_xl_d686a15f05d09472\color_down.jpg
stylegan_xl_d7c4ece8c8a01de0,color_down,stylegan_xl,stylegan_xl,1,0.021188290789723396,data\cache\clean\test\stylegan_xl_d7c4ece8c8a01de0\color_down.jpg
stylegan_xl_e4b8e7ef72cabaf2,color_down,stylegan_xl,stylegan_xl,1,7.830601134628523e-06,data\cache\clean\test\stylegan_xl_e4b8e7ef72cabaf2\color_down.jpg
stylegan_xl_f2ea3473d8b1a62f,color_down,stylegan_xl,stylegan_xl,1,0.003933465573936701,data\cache\clean\test\stylegan_xl_f2ea3473d8b1a62f\color_down.jpg
stylegan_xl_fef6a66b8deaa7ab,color_down,stylegan_xl,stylegan_xl,1,2.0722271074191667e-05,data\cache\clean\test\stylegan_xl_fef6a66b8deaa7ab\color_down.jpg
cifake_1167 (3),color_up,cifake,stable_diffusion,1,0.48191535472869873,data\cache\clean\test\cifake_1167 (3)\color_up.jpg
cifake_1297 (6),color_up,cifake,stable_diffusion,1,0.4195363223552704,data\cache\clean\test\cifake_1297 (6)\color_up.jpg
cifake_1937 (8),color_up,cifake,stable_diffusion,1,0.22188802063465118,data\cache\clean\test\cifake_1937 (8)\color_up.jpg
cifake_2286 (2),color_up,cifake,stable_diffusion,1,0.30694350600242615,data\cache\clean\test\cifake_2286 (2)\color_up.jpg
cifake_2293 (8),color_up,cifake,stable_diffusion,1,0.08004970848560333,data\cache\clean\test\cifake_2293 (8)\color_up.jpg
cifake_2438 (2),color_up,cifake,stable_diffusion,1,0.38270869851112366,data\cache\clean\test\cifake_2438 (2)\color_up.jpg
cifake_2710 (8),color_up,cifake,stable_diffusion,1,0.41151463985443115,data\cache\clean\test\cifake_2710 (8)\color_up.jpg
cifake_2787 (7),color_up,cifake,stable_diffusion,1,0.47878438234329224,data\cache\clean\test\cifake_2787 (7)\color_up.jpg
cifake_2831,color_up,cifake,stable_diffusion,1,0.11421588063240051,data\cache\clean\test\cifake_2831\color_up.jpg
cifake_2857 (10)_1,color_up,cifake,stable_diffusion,1,0.3911934196949005,data\cache\clean\test\cifake_2857 (10)_1\color_up.jpg
cifake_3006 (4)_1,color_up,cifake,stable_diffusion,1,0.37883779406547546,data\cache\clean\test\cifake_3006 (4)_1\color_up.jpg
cifake_3379 (8),color_up,cifake,stable_diffusion,1,0.15406669676303864,data\cache\clean\test\cifake_3379 (8)\color_up.jpg
cifake_3582 (9),color_up,cifake,stable_diffusion,1,0.3045937418937683,data\cache\clean\test\cifake_3582 (9)\color_up.jpg
cifake_3608,color_up,cifake,stable_diffusion,1,0.4909883141517639,data\cache\clean\test\cifake_3608\color_up.jpg
cifake_4127 (3),color_up,cifake,stable_diffusion,1,0.3656105399131775,data\cache\clean\test\cifake_4127 (3)\color_up.jpg
cifake_4221 (2),color_up,cifake,stable_diffusion,1,0.4606378674507141,data\cache\clean\test\cifake_4221 (2)\color_up.jpg
cifake_4453,color_up,cifake,stable_diffusion,1,0.15447326004505157,data\cache\clean\test\cifake_4453\color_up.jpg
cifake_4615 (3),color_up,cifake,stable_diffusion,1,0.20038361847400665,data\cache\clean\test\cifake_4615 (3)\color_up.jpg
cifake_4670 (4),color_up,cifake,stable_diffusion,1,0.16774733364582062,data\cache\clean\test\cifake_4670 (4)\color_up.jpg
cifake_4682 (7),color_up,cifake,stable_diffusion,1,0.4130079746246338,data\cache\clean\test\cifake_4682 (7)\color_up.jpg
cifake_5221 (3),color_up,cifake,stable_diffusion,1,0.4635286033153534,data\cache\clean\test\cifake_5221 (3)\color_up.jpg
cifake_5470 (4),color_up,cifake,stable_diffusion,1,0.16341714560985565,data\cache\clean\test\cifake_5470 (4)\color_up.jpg
cifake_5828 (4),color_up,cifake,stable_diffusion,1,0.28050529956817627,data\cache\clean\test\cifake_5828 (4)\color_up.jpg
cifake_75,color_up,cifake,stable_diffusion,1,0.044951945543289185,data\cache\clean\test\cifake_75\color_up.jpg
cifake_791 (6),color_up,cifake,stable_diffusion,1,0.14789295196533203,data\cache\clean\test\cifake_791 (6)\color_up.jpg
dalle_10420,color_up,dalle,dalle,1,0.00600972818210721,data\cache\clean\test\dalle_10420\color_up.jpg
dalle_1895b86b74caac5dad51022c3d3b33df,color_up,dalle,dalle,1,0.002180621726438403,data\cache\clean\test\dalle_1895b86b74caac5dad51022c3d3b33df\color_up.jpg
dalle_20080,color_up,dalle,dalle,1,0.23198655247688293,data\cache\clean\test\dalle_20080\color_up.jpg
dalle_27029,color_up,dalle,dalle,1,0.09728635102510452,data\cache\clean\test\dalle_27029\color_up.jpg
dalle_29659,color_up,dalle,dalle,1,0.4679577648639679,data\cache\clean\test\dalle_29659\color_up.jpg
dalle_3007,color_up,dalle,dalle,1,0.34572187066078186,data\cache\clean\test\dalle_3007\color_up.jpg
dalle_33159,color_up,dalle,dalle,1,0.2397332340478897,data\cache\clean\test\dalle_33159\color_up.jpg
dalle_40387,color_up,dalle,dalle,1,0.1406598538160324,data\cache\clean\test\dalle_40387\color_up.jpg
dalle_41791,color_up,dalle,dalle,1,0.00016825344937387854,data\cache\clean\test\dalle_41791\color_up.jpg
dalle_42344,color_up,dalle,dalle,1,0.1461075097322464,data\cache\clean\test\dalle_42344\color_up.jpg
dalle_6481,color_up,dalle,dalle,1,0.13503868877887726,data\cache\clean\test\dalle_6481\color_up.jpg
dalle_6f0f61883f111368d770c54801f33449,color_up,dalle,dalle,1,0.023113099858164787,data\cache\clean\test\dalle_6f0f61883f111368d770c54801f33449\color_up.jpg
dalle_9068,color_up,dalle,dalle,1,0.01442433800548315,data\cache\clean\test\dalle_9068\color_up.jpg
gigagan_01605,color_up,gigagan,gigagan,1,0.01891516149044037,data\cache\clean\test\gigagan_01605\color_up.jpg
gigagan_05738,color_up,gigagan,gigagan,1,0.4230361878871918,data\cache\clean\test\gigagan_05738\color_up.jpg
gigagan_06526,color_up,gigagan,gigagan,1,0.45084601640701294,data\cache\clean\test\gigagan_06526\color_up.jpg
gigagan_07350,color_up,gigagan,gigagan,1,0.034354209899902344,data\cache\clean\test\gigagan_07350\color_up.jpg
gigagan_09742,color_up,gigagan,gigagan,1,0.4522014260292053,data\cache\clean\test\gigagan_09742\color_up.jpg
gigagan_10914,color_up,gigagan,gigagan,1,0.0022801319137215614,data\cache\clean\test\gigagan_10914\color_up.jpg
gigagan_14071,color_up,gigagan,gigagan,1,2.590451003925409e-05,data\cache\clean\test\gigagan_14071\color_up.jpg
gigagan_14138,color_up,gigagan,gigagan,1,0.36118051409721375,data\cache\clean\test\gigagan_14138\color_up.jpg
gigagan_14946,color_up,gigagan,gigagan,1,0.30853280425071716,data\cache\clean\test\gigagan_14946\color_up.jpg
gigagan_15454,color_up,gigagan,gigagan,1,0.49258434772491455,data\cache\clean\test\gigagan_15454\color_up.jpg
gigagan_15561,color_up,gigagan,gigagan,1,0.01148980762809515,data\cache\clean\test\gigagan_15561\color_up.jpg
gigagan_16357,color_up,gigagan,gigagan,1,0.057367466390132904,data\cache\clean\test\gigagan_16357\color_up.jpg
gigagan_20207,color_up,gigagan,gigagan,1,0.010586399585008621,data\cache\clean\test\gigagan_20207\color_up.jpg
gigagan_20327,color_up,gigagan,gigagan,1,0.2885148227214813,data\cache\clean\test\gigagan_20327\color_up.jpg
gigagan_21185,color_up,gigagan,gigagan,1,0.011742774397134781,data\cache\clean\test\gigagan_21185\color_up.jpg
gigagan_22418,color_up,gigagan,gigagan,1,0.053628720343112946,data\cache\clean\test\gigagan_22418\color_up.jpg
gigagan_24679,color_up,gigagan,gigagan,1,0.006315181497484446,data\cache\clean\test\gigagan_24679\color_up.jpg
gigagan_25090,color_up,gigagan,gigagan,1,0.008060405030846596,data\cache\clean\test\gigagan_25090\color_up.jpg
gigagan_27593,color_up,gigagan,gigagan,1,0.28629499673843384,data\cache\clean\test\gigagan_27593\color_up.jpg
gigagan_28900,color_up,gigagan,gigagan,1,0.3995266258716583,data\cache\clean\test\gigagan_28900\color_up.jpg
gigagan_28945,color_up,gigagan,gigagan,1,0.10487307608127594,data\cache\clean\test\gigagan_28945\color_up.jpg
imagen3_045e6da6fd7f6fb0,color_up,imagen3,imagen3,1,0.00015141065523494035,data\cache\clean\test\imagen3_045e6da6fd7f6fb0\color_up.jpg
imagen3_07747d6ffd056bee,color_up,imagen3,imagen3,1,0.014339160174131393,data\cache\clean\test\imagen3_07747d6ffd056bee\color_up.jpg
imagen3_13ed1f9391224848,color_up,imagen3,imagen3,1,0.14887866377830505,data\cache\clean\test\imagen3_13ed1f9391224848\color_up.jpg
imagen3_17643da56f35c6f7,color_up,imagen3,imagen3,1,6.094019227020908e-07,data\cache\clean\test\imagen3_17643da56f35c6f7\color_up.jpg
imagen3_17919c9ffd792ad9,color_up,imagen3,imagen3,1,0.09317546337842941,data\cache\clean\test\imagen3_17919c9ffd792ad9\color_up.jpg
imagen3_1fe9a0379cffa709,color_up,imagen3,imagen3,1,0.044563233852386475,data\cache\clean\test\imagen3_1fe9a0379cffa709\color_up.jpg
imagen3_24e64d19ddde11cb,color_up,imagen3,imagen3,1,5.484074083739188e-09,data\cache\clean\test\imagen3_24e64d19ddde11cb\color_up.jpg
imagen3_260ae6b06f1f50e2,color_up,imagen3,imagen3,1,0.0007101304363459349,data\cache\clean\test\imagen3_260ae6b06f1f50e2\color_up.jpg
imagen3_2be4510162a8a76e,color_up,imagen3,imagen3,1,0.2638777494430542,data\cache\clean\test\imagen3_2be4510162a8a76e\color_up.jpg
imagen3_3403b18fc93acbfc,color_up,imagen3,imagen3,1,0.006211335305124521,data\cache\clean\test\imagen3_3403b18fc93acbfc\color_up.jpg
imagen3_43058,color_up,imagen3,imagen3,1,0.000976630370132625,data\cache\clean\test\imagen3_43058\color_up.jpg
imagen3_43208,color_up,imagen3,imagen3,1,0.20362979173660278,data\cache\clean\test\imagen3_43208\color_up.jpg
imagen3_44015,color_up,imagen3,imagen3,1,0.00035287413629703224,data\cache\clean\test\imagen3_44015\color_up.jpg
imagen3_44075,color_up,imagen3,imagen3,1,0.06654347479343414,data\cache\clean\test\imagen3_44075\color_up.jpg
imagen3_44476,color_up,imagen3,imagen3,1,0.31286075711250305,data\cache\clean\test\imagen3_44476\color_up.jpg
imagen3_46922,color_up,imagen3,imagen3,1,0.03126633167266846,data\cache\clean\test\imagen3_46922\color_up.jpg
imagen3_473ffc5e3d5dc373,color_up,imagen3,imagen3,1,0.1387103945016861,data\cache\clean\test\imagen3_473ffc5e3d5dc373\color_up.jpg
imagen3_519f5c348fe55fcd,color_up,imagen3,imagen3,1,6.152069545350969e-05,data\cache\clean\test\imagen3_519f5c348fe55fcd\color_up.jpg
imagen3_52520,color_up,imagen3,imagen3,1,0.11318853497505188,data\cache\clean\test\imagen3_52520\color_up.jpg
imagen3_53132,color_up,imagen3,imagen3,1,0.0356573760509491,data\cache\clean\test\imagen3_53132\color_up.jpg
imagen3_560ead164dab63a5,color_up,imagen3,imagen3,1,0.03383207321166992,data\cache\clean\test\imagen3_560ead164dab63a5\color_up.jpg
imagen3_5e95809bd47d157b,color_up,imagen3,imagen3,1,0.006591607350856066,data\cache\clean\test\imagen3_5e95809bd47d157b\color_up.jpg
imagen3_69467160e53f71bc,color_up,imagen3,imagen3,1,0.03885301947593689,data\cache\clean\test\imagen3_69467160e53f71bc\color_up.jpg
imagen3_6a8270ea182a9194,color_up,imagen3,imagen3,1,4.520713264355436e-05,data\cache\clean\test\imagen3_6a8270ea182a9194\color_up.jpg
imagen3_6c7624322b04ce43,color_up,imagen3,imagen3,1,2.1581305986728694e-07,data\cache\clean\test\imagen3_6c7624322b04ce43\color_up.jpg
imagen3_77fb2d4f372634f8,color_up,imagen3,imagen3,1,0.00018090178491547704,data\cache\clean\test\imagen3_77fb2d4f372634f8\color_up.jpg
imagen3_8b13dc3bff918841,color_up,imagen3,imagen3,1,0.028624042868614197,data\cache\clean\test\imagen3_8b13dc3bff918841\color_up.jpg
imagen3_8c20e4bf83ffff36,color_up,imagen3,imagen3,1,0.057805534452199936,data\cache\clean\test\imagen3_8c20e4bf83ffff36\color_up.jpg
imagen3_9e82651e214a25c8,color_up,imagen3,imagen3,1,0.005171958822757006,data\cache\clean\test\imagen3_9e82651e214a25c8\color_up.jpg
imagen3_aa13646e437b7afa,color_up,imagen3,imagen3,1,0.33808210492134094,data\cache\clean\test\imagen3_aa13646e437b7afa\color_up.jpg
imagen3_ad860df8c2a1a848,color_up,imagen3,imagen3,1,0.0007712440565228462,data\cache\clean\test\imagen3_ad860df8c2a1a848\color_up.jpg
imagen3_b69c9976ced306d1,color_up,imagen3,imagen3,1,0.033859334886074066,data\cache\clean\test\imagen3_b69c9976ced306d1\color_up.jpg
imagen3_ca44bb7db1e73a9a,color_up,imagen3,imagen3,1,0.023024752736091614,data\cache\clean\test\imagen3_ca44bb7db1e73a9a\color_up.jpg
imagen3_d326e7c87fb1d966,color_up,imagen3,imagen3,1,0.0737420842051506,data\cache\clean\test\imagen3_d326e7c87fb1d966\color_up.jpg
imagen3_e63f3b6f8bdee43a,color_up,imagen3,imagen3,1,3.208007547073066e-05,data\cache\clean\test\imagen3_e63f3b6f8bdee43a\color_up.jpg
imagen3_eaf94916ce926270,color_up,imagen3,imagen3,1,0.047116685658693314,data\cache\clean\test\imagen3_eaf94916ce926270\color_up.jpg
imagen3_f69a20bda8f47fea,color_up,imagen3,imagen3,1,0.43552443385124207,data\cache\clean\test\imagen3_f69a20bda8f47fea\color_up.jpg
imagen3_fd568a2839353a92,color_up,imagen3,imagen3,1,0.159382164478302,data\cache\clean\test\imagen3_fd568a2839353a92\color_up.jpg
imagen3_fe7048efd51b15b8,color_up,imagen3,imagen3,1,0.0006060788873583078,data\cache\clean\test\imagen3_fe7048efd51b15b8\color_up.jpg
imagen3_Imagen3_2877,color_up,imagen3,imagen3,1,0.13264358043670654,data\cache\clean\test\imagen3_Imagen3_2877\color_up.jpg
imagen3_Imagen3_3235,color_up,imagen3,imagen3,1,0.3853271007537842,data\cache\clean\test\imagen3_Imagen3_3235\color_up.jpg
imagen3_Imagen3_3556,color_up,imagen3,imagen3,1,0.05526329204440117,data\cache\clean\test\imagen3_Imagen3_3556\color_up.jpg
sidset_full_synthetic_003461,color_up,sidset,full_synthetic,1,0.17039276659488678,data\cache\clean\test\sidset_full_synthetic_003461\color_up.jpg
sidset_full_synthetic_004754,color_up,sidset,full_synthetic,1,0.16833974421024323,data\cache\clean\test\sidset_full_synthetic_004754\color_up.jpg
sidset_full_synthetic_033528,color_up,sidset,full_synthetic,1,0.028427978977560997,data\cache\clean\test\sidset_full_synthetic_033528\color_up.jpg
sidset_full_synthetic_046026,color_up,sidset,full_synthetic,1,0.010012025013566017,data\cache\clean\test\sidset_full_synthetic_046026\color_up.jpg
sidset_full_synthetic_060524,color_up,sidset,full_synthetic,1,0.00010700421989895403,data\cache\clean\test\sidset_full_synthetic_060524\color_up.jpg
sidset_full_synthetic_062086,color_up,sidset,full_synthetic,1,0.0015307830180972815,data\cache\clean\test\sidset_full_synthetic_062086\color_up.jpg
stylegan_xl_0097a2e24789bc7a,color_up,stylegan_xl,stylegan_xl,1,0.0061164903454482555,data\cache\clean\test\stylegan_xl_0097a2e24789bc7a\color_up.jpg
stylegan_xl_00a4591cf03df584,color_up,stylegan_xl,stylegan_xl,1,0.0001423802605131641,data\cache\clean\test\stylegan_xl_00a4591cf03df584\color_up.jpg
stylegan_xl_031391f1ab18ab62,color_up,stylegan_xl,stylegan_xl,1,0.00219396548345685,data\cache\clean\test\stylegan_xl_031391f1ab18ab62\color_up.jpg
stylegan_xl_0a4244f8a9185bad,color_up,stylegan_xl,stylegan_xl,1,0.20113429427146912,data\cache\clean\test\stylegan_xl_0a4244f8a9185bad\color_up.jpg
stylegan_xl_0f7efa4c31bcd8f4,color_up,stylegan_xl,stylegan_xl,1,3.7875885027460754e-05,data\cache\clean\test\stylegan_xl_0f7efa4c31bcd8f4\color_up.jpg
stylegan_xl_1060d58257bc5130,color_up,stylegan_xl,stylegan_xl,1,0.003458920167759061,data\cache\clean\test\stylegan_xl_1060d58257bc5130\color_up.jpg
stylegan_xl_1440252ff76f525f,color_up,stylegan_xl,stylegan_xl,1,0.4223271310329437,data\cache\clean\test\stylegan_xl_1440252ff76f525f\color_up.jpg
stylegan_xl_17f8bf0ef8d2f478,color_up,stylegan_xl,stylegan_xl,1,0.000710689346306026,data\cache\clean\test\stylegan_xl_17f8bf0ef8d2f478\color_up.jpg
stylegan_xl_2013fe0d44f84041,color_up,stylegan_xl,stylegan_xl,1,0.004385029431432486,data\cache\clean\test\stylegan_xl_2013fe0d44f84041\color_up.jpg
stylegan_xl_3621cf0be1fc8d68,color_up,stylegan_xl,stylegan_xl,1,0.014344505034387112,data\cache\clean\test\stylegan_xl_3621cf0be1fc8d68\color_up.jpg
stylegan_xl_38c489e3b0d8c700,color_up,stylegan_xl,stylegan_xl,1,0.40785324573516846,data\cache\clean\test\stylegan_xl_38c489e3b0d8c700\color_up.jpg
stylegan_xl_3b5e18f8fc06450d,color_up,stylegan_xl,stylegan_xl,1,0.018717143684625626,data\cache\clean\test\stylegan_xl_3b5e18f8fc06450d\color_up.jpg
stylegan_xl_43847,color_up,stylegan_xl,stylegan_xl,1,0.0003011814842466265,data\cache\clean\test\stylegan_xl_43847\color_up.jpg
stylegan_xl_44451,color_up,stylegan_xl,stylegan_xl,1,0.26608899235725403,data\cache\clean\test\stylegan_xl_44451\color_up.jpg
stylegan_xl_45602,color_up,stylegan_xl,stylegan_xl,1,0.09293437004089355,data\cache\clean\test\stylegan_xl_45602\color_up.jpg
stylegan_xl_48611,color_up,stylegan_xl,stylegan_xl,1,0.1043185144662857,data\cache\clean\test\stylegan_xl_48611\color_up.jpg
stylegan_xl_4f991f9638e28675,color_up,stylegan_xl,stylegan_xl,1,0.002659230027347803,data\cache\clean\test\stylegan_xl_4f991f9638e28675\color_up.jpg
stylegan_xl_60ed9d3511d333bf,color_up,stylegan_xl,stylegan_xl,1,0.0016881789779290557,data\cache\clean\test\stylegan_xl_60ed9d3511d333bf\color_up.jpg
stylegan_xl_65bb283a1280639e,color_up,stylegan_xl,stylegan_xl,1,0.0037242767866700888,data\cache\clean\test\stylegan_xl_65bb283a1280639e\color_up.jpg
stylegan_xl_729fee52c5b7f95b,color_up,stylegan_xl,stylegan_xl,1,0.013371274806559086,data\cache\clean\test\stylegan_xl_729fee52c5b7f95b\color_up.jpg
stylegan_xl_7d433e90bcd7bd53,color_up,stylegan_xl,stylegan_xl,1,4.315188925829716e-05,data\cache\clean\test\stylegan_xl_7d433e90bcd7bd53\color_up.jpg
stylegan_xl_7ffebe6032f8209f,color_up,stylegan_xl,stylegan_xl,1,0.07287897914648056,data\cache\clean\test\stylegan_xl_7ffebe6032f8209f\color_up.jpg
stylegan_xl_80fc8be6e7c11eb3,color_up,stylegan_xl,stylegan_xl,1,1.531682937638834e-05,data\cache\clean\test\stylegan_xl_80fc8be6e7c11eb3\color_up.jpg
stylegan_xl_8f9dfd75dde8914f,color_up,stylegan_xl,stylegan_xl,1,0.016297057271003723,data\cache\clean\test\stylegan_xl_8f9dfd75dde8914f\color_up.jpg
stylegan_xl_a1ed16fffc5ecb68,color_up,stylegan_xl,stylegan_xl,1,0.09540379047393799,data\cache\clean\test\stylegan_xl_a1ed16fffc5ecb68\color_up.jpg
stylegan_xl_a72f3ace10a8f550,color_up,stylegan_xl,stylegan_xl,1,0.00024018465774133801,data\cache\clean\test\stylegan_xl_a72f3ace10a8f550\color_up.jpg
stylegan_xl_ae09b95535340878,color_up,stylegan_xl,stylegan_xl,1,0.49729105830192566,data\cache\clean\test\stylegan_xl_ae09b95535340878\color_up.jpg
stylegan_xl_b6abe358484b287a,color_up,stylegan_xl,stylegan_xl,1,0.025428790599107742,data\cache\clean\test\stylegan_xl_b6abe358484b287a\color_up.jpg
stylegan_xl_c9421141bcf3a15a,color_up,stylegan_xl,stylegan_xl,1,0.15366025269031525,data\cache\clean\test\stylegan_xl_c9421141bcf3a15a\color_up.jpg
stylegan_xl_cccbc1d57a7e095e,color_up,stylegan_xl,stylegan_xl,1,0.3933420777320862,data\cache\clean\test\stylegan_xl_cccbc1d57a7e095e\color_up.jpg
stylegan_xl_cf9c332a1ebfb587,color_up,stylegan_xl,stylegan_xl,1,0.001510964473709464,data\cache\clean\test\stylegan_xl_cf9c332a1ebfb587\color_up.jpg
stylegan_xl_d686a15f05d09472,color_up,stylegan_xl,stylegan_xl,1,0.007145346142351627,data\cache\clean\test\stylegan_xl_d686a15f05d09472\color_up.jpg
stylegan_xl_d7c4ece8c8a01de0,color_up,stylegan_xl,stylegan_xl,1,0.01329794805496931,data\cache\clean\test\stylegan_xl_d7c4ece8c8a01de0\color_up.jpg
stylegan_xl_e4b8e7ef72cabaf2,color_up,stylegan_xl,stylegan_xl,1,1.0203639249084517e-05,data\cache\clean\test\stylegan_xl_e4b8e7ef72cabaf2\color_up.jpg
stylegan_xl_f2ea3473d8b1a62f,color_up,stylegan_xl,stylegan_xl,1,0.0008960113045759499,data\cache\clean\test\stylegan_xl_f2ea3473d8b1a62f\color_up.jpg
stylegan_xl_fef6a66b8deaa7ab,color_up,stylegan_xl,stylegan_xl,1,0.00034128071274608374,data\cache\clean\test\stylegan_xl_fef6a66b8deaa7ab\color_up.jpg
cifake_1088 (3),crop80,cifake,stable_diffusion,1,0.4498087763786316,data\cache\clean\test\cifake_1088 (3)\crop80.jpg
cifake_3053 (4),crop80,cifake,stable_diffusion,1,0.2954251170158386,data\cache\clean\test\cifake_3053 (4)\crop80.jpg
cifake_3395 (5),crop80,cifake,stable_diffusion,1,0.15001031756401062,data\cache\clean\test\cifake_3395 (5)\crop80.jpg
cifake_3582 (9),crop80,cifake,stable_diffusion,1,0.3959301710128784,data\cache\clean\test\cifake_3582 (9)\crop80.jpg
cifake_4127 (3),crop80,cifake,stable_diffusion,1,0.19303788244724274,data\cache\clean\test\cifake_4127 (3)\crop80.jpg
cifake_4160 (8)_1,crop80,cifake,stable_diffusion,1,0.16571779549121857,data\cache\clean\test\cifake_4160 (8)_1\crop80.jpg
cifake_4221 (2),crop80,cifake,stable_diffusion,1,0.31548839807510376,data\cache\clean\test\cifake_4221 (2)\crop80.jpg
cifake_4615 (3),crop80,cifake,stable_diffusion,1,0.17247113585472107,data\cache\clean\test\cifake_4615 (3)\crop80.jpg
cifake_462 (2),crop80,cifake,stable_diffusion,1,0.260968416929245,data\cache\clean\test\cifake_462 (2)\crop80.jpg
cifake_4670 (4),crop80,cifake,stable_diffusion,1,0.297730952501297,data\cache\clean\test\cifake_4670 (4)\crop80.jpg
cifake_5777 (3),crop80,cifake,stable_diffusion,1,0.447386234998703,data\cache\clean\test\cifake_5777 (3)\crop80.jpg
cifake_5821 (4),crop80,cifake,stable_diffusion,1,0.2689646780490875,data\cache\clean\test\cifake_5821 (4)\crop80.jpg
cifake_5932 (10),crop80,cifake,stable_diffusion,1,0.16539272665977478,data\cache\clean\test\cifake_5932 (10)\crop80.jpg
cifake_784 (4),crop80,cifake,stable_diffusion,1,0.27355441451072693,data\cache\clean\test\cifake_784 (4)\crop80.jpg
cifake_791 (6),crop80,cifake,stable_diffusion,1,0.0760347992181778,data\cache\clean\test\cifake_791 (6)\crop80.jpg
cifake_943 (5),crop80,cifake,stable_diffusion,1,0.3878892958164215,data\cache\clean\test\cifake_943 (5)\crop80.jpg
cifake_966 (4),crop80,cifake,stable_diffusion,1,0.135295107960701,data\cache\clean\test\cifake_966 (4)\crop80.jpg
cifake_966 (6),crop80,cifake,stable_diffusion,1,0.15770071744918823,data\cache\clean\test\cifake_966 (6)\crop80.jpg
dalle_20080,crop80,dalle,dalle,1,0.034162864089012146,data\cache\clean\test\dalle_20080\crop80.jpg
dalle_24299,crop80,dalle,dalle,1,0.40204283595085144,data\cache\clean\test\dalle_24299\crop80.jpg
dalle_41791,crop80,dalle,dalle,1,0.025950348004698753,data\cache\clean\test\dalle_41791\crop80.jpg
dalle_6481,crop80,dalle,dalle,1,0.16886469721794128,data\cache\clean\test\dalle_6481\crop80.jpg
dalle_6f0f61883f111368d770c54801f33449,crop80,dalle,dalle,1,0.009245369583368301,data\cache\clean\test\dalle_6f0f61883f111368d770c54801f33449\crop80.jpg
dalle_9068,crop80,dalle,dalle,1,0.1741105169057846,data\cache\clean\test\dalle_9068\crop80.jpg
dalle_922b5e79fad8826dcd5de84d84a76f37,crop80,dalle,dalle,1,0.08389247953891754,data\cache\clean\test\dalle_922b5e79fad8826dcd5de84d84a76f37\crop80.jpg
gigagan_01605,crop80,gigagan,gigagan,1,0.28796231746673584,data\cache\clean\test\gigagan_01605\crop80.jpg
gigagan_03422,crop80,gigagan,gigagan,1,0.3563164472579956,data\cache\clean\test\gigagan_03422\crop80.jpg
gigagan_05738,crop80,gigagan,gigagan,1,0.18923363089561462,data\cache\clean\test\gigagan_05738\crop80.jpg
gigagan_06224,crop80,gigagan,gigagan,1,0.46508973836898804,data\cache\clean\test\gigagan_06224\crop80.jpg
gigagan_06628,crop80,gigagan,gigagan,1,0.3065313398838043,data\cache\clean\test\gigagan_06628\crop80.jpg
gigagan_07350,crop80,gigagan,gigagan,1,0.001753802876919508,data\cache\clean\test\gigagan_07350\crop80.jpg
gigagan_10914,crop80,gigagan,gigagan,1,0.015466609969735146,data\cache\clean\test\gigagan_10914\crop80.jpg
gigagan_14071,crop80,gigagan,gigagan,1,6.968034995225025e-06,data\cache\clean\test\gigagan_14071\crop80.jpg
gigagan_14138,crop80,gigagan,gigagan,1,0.05321981757879257,data\cache\clean\test\gigagan_14138\crop80.jpg
gigagan_15561,crop80,gigagan,gigagan,1,0.09860087931156158,data\cache\clean\test\gigagan_15561\crop80.jpg
gigagan_21611,crop80,gigagan,gigagan,1,0.20513233542442322,data\cache\clean\test\gigagan_21611\crop80.jpg
gigagan_23134,crop80,gigagan,gigagan,1,0.23467431962490082,data\cache\clean\test\gigagan_23134\crop80.jpg
gigagan_24679,crop80,gigagan,gigagan,1,0.04002932459115982,data\cache\clean\test\gigagan_24679\crop80.jpg
gigagan_25645,crop80,gigagan,gigagan,1,0.4069225490093231,data\cache\clean\test\gigagan_25645\crop80.jpg
gigagan_27542,crop80,gigagan,gigagan,1,0.18488648533821106,data\cache\clean\test\gigagan_27542\crop80.jpg
gigagan_27593,crop80,gigagan,gigagan,1,0.030697045847773552,data\cache\clean\test\gigagan_27593\crop80.jpg
gigagan_28945,crop80,gigagan,gigagan,1,0.3944132328033447,data\cache\clean\test\gigagan_28945\crop80.jpg
imagen3_045e6da6fd7f6fb0,crop80,imagen3,imagen3,1,9.434360981686041e-05,data\cache\clean\test\imagen3_045e6da6fd7f6fb0\crop80.jpg
imagen3_07747d6ffd056bee,crop80,imagen3,imagen3,1,0.056558772921562195,data\cache\clean\test\imagen3_07747d6ffd056bee\crop80.jpg
imagen3_13ed1f9391224848,crop80,imagen3,imagen3,1,0.25530949234962463,data\cache\clean\test\imagen3_13ed1f9391224848\crop80.jpg
imagen3_17643da56f35c6f7,crop80,imagen3,imagen3,1,5.3073152230354026e-05,data\cache\clean\test\imagen3_17643da56f35c6f7\crop80.jpg
imagen3_17919c9ffd792ad9,crop80,imagen3,imagen3,1,0.18572348356246948,data\cache\clean\test\imagen3_17919c9ffd792ad9\crop80.jpg
imagen3_24e64d19ddde11cb,crop80,imagen3,imagen3,1,2.6153921695026838e-08,data\cache\clean\test\imagen3_24e64d19ddde11cb\crop80.jpg
imagen3_260ae6b06f1f50e2,crop80,imagen3,imagen3,1,0.0011089948238804936,data\cache\clean\test\imagen3_260ae6b06f1f50e2\crop80.jpg
imagen3_3403b18fc93acbfc,crop80,imagen3,imagen3,1,0.003724869340658188,data\cache\clean\test\imagen3_3403b18fc93acbfc\crop80.jpg
imagen3_43058,crop80,imagen3,imagen3,1,0.003580183256417513,data\cache\clean\test\imagen3_43058\crop80.jpg
imagen3_44015,crop80,imagen3,imagen3,1,0.0003219195350538939,data\cache\clean\test\imagen3_44015\crop80.jpg
imagen3_473ffc5e3d5dc373,crop80,imagen3,imagen3,1,0.12121470272541046,data\cache\clean\test\imagen3_473ffc5e3d5dc373\crop80.jpg
imagen3_519f5c348fe55fcd,crop80,imagen3,imagen3,1,2.7519836294231936e-05,data\cache\clean\test\imagen3_519f5c348fe55fcd\crop80.jpg
imagen3_560ead164dab63a5,crop80,imagen3,imagen3,1,0.0342072919011116,data\cache\clean\test\imagen3_560ead164dab63a5\crop80.jpg
imagen3_5e95809bd47d157b,crop80,imagen3,imagen3,1,0.1795375496149063,data\cache\clean\test\imagen3_5e95809bd47d157b\crop80.jpg
imagen3_69467160e53f71bc,crop80,imagen3,imagen3,1,0.011366080492734909,data\cache\clean\test\imagen3_69467160e53f71bc\crop80.jpg
imagen3_6a8270ea182a9194,crop80,imagen3,imagen3,1,2.7258276531938463e-05,data\cache\clean\test\imagen3_6a8270ea182a9194\crop80.jpg
imagen3_6c7624322b04ce43,crop80,imagen3,imagen3,1,1.6192086604860378e-07,data\cache\clean\test\imagen3_6c7624322b04ce43\crop80.jpg
imagen3_77fb2d4f372634f8,crop80,imagen3,imagen3,1,0.2787007987499237,data\cache\clean\test\imagen3_77fb2d4f372634f8\crop80.jpg
imagen3_7ee1485909c59826,crop80,imagen3,imagen3,1,0.10932561755180359,data\cache\clean\test\imagen3_7ee1485909c59826\crop80.jpg
imagen3_8b13dc3bff918841,crop80,imagen3,imagen3,1,0.09758731722831726,data\cache\clean\test\imagen3_8b13dc3bff918841\crop80.jpg
imagen3_8c20e4bf83ffff36,crop80,imagen3,imagen3,1,0.20695728063583374,data\cache\clean\test\imagen3_8c20e4bf83ffff36\crop80.jpg
imagen3_9e82651e214a25c8,crop80,imagen3,imagen3,1,0.054986368864774704,data\cache\clean\test\imagen3_9e82651e214a25c8\crop80.jpg
imagen3_ad860df8c2a1a848,crop80,imagen3,imagen3,1,0.00019164207333233207,data\cache\clean\test\imagen3_ad860df8c2a1a848\crop80.jpg
imagen3_b69c9976ced306d1,crop80,imagen3,imagen3,1,0.04196956008672714,data\cache\clean\test\imagen3_b69c9976ced306d1\crop80.jpg
imagen3_ca44bb7db1e73a9a,crop80,imagen3,imagen3,1,0.0012709293514490128,data\cache\clean\test\imagen3_ca44bb7db1e73a9a\crop80.jpg
imagen3_e63f3b6f8bdee43a,crop80,imagen3,imagen3,1,8.246343895734753e-06,data\cache\clean\test\imagen3_e63f3b6f8bdee43a\crop80.jpg
imagen3_eaf94916ce926270,crop80,imagen3,imagen3,1,0.01820601522922516,data\cache\clean\test\imagen3_eaf94916ce926270\crop80.jpg
imagen3_fa8535259782583b,crop80,imagen3,imagen3,1,0.060186587274074554,data\cache\clean\test\imagen3_fa8535259782583b\crop80.jpg
imagen3_fd568a2839353a92,crop80,imagen3,imagen3,1,0.10396197438240051,data\cache\clean\test\imagen3_fd568a2839353a92\crop80.jpg
imagen3_fe7048efd51b15b8,crop80,imagen3,imagen3,1,0.002456218935549259,data\cache\clean\test\imagen3_fe7048efd51b15b8\crop80.jpg
imagen3_Imagen3_3546,crop80,imagen3,imagen3,1,0.0953017994761467,data\cache\clean\test\imagen3_Imagen3_3546\crop80.jpg
imagen3_Imagen3_3556,crop80,imagen3,imagen3,1,0.017931295558810234,data\cache\clean\test\imagen3_Imagen3_3556\crop80.jpg
sidset_full_synthetic_001692,crop80,sidset,full_synthetic,1,0.2589489817619324,data\cache\clean\test\sidset_full_synthetic_001692\crop80.jpg
sidset_full_synthetic_046026,crop80,sidset,full_synthetic,1,0.016703778877854347,data\cache\clean\test\sidset_full_synthetic_046026\crop80.jpg
sidset_full_synthetic_048809,crop80,sidset,full_synthetic,1,0.14984974265098572,data\cache\clean\test\sidset_full_synthetic_048809\crop80.jpg
sidset_full_synthetic_060524,crop80,sidset,full_synthetic,1,0.0009356255759485066,data\cache\clean\test\sidset_full_synthetic_060524\crop80.jpg
sidset_full_synthetic_062086,crop80,sidset,full_synthetic,1,0.0002235455031041056,data\cache\clean\test\sidset_full_synthetic_062086\crop80.jpg
sidset_full_synthetic_063062,crop80,sidset,full_synthetic,1,0.22773104906082153,data\cache\clean\test\sidset_full_synthetic_063062\crop80.jpg
sidset_full_synthetic_067084,crop80,sidset,full_synthetic,1,0.16491758823394775,data\cache\clean\test\sidset_full_synthetic_067084\crop80.jpg
stylegan_xl_0097a2e24789bc7a,crop80,stylegan_xl,stylegan_xl,1,0.0028528310358524323,data\cache\clean\test\stylegan_xl_0097a2e24789bc7a\crop80.jpg
stylegan_xl_00a4591cf03df584,crop80,stylegan_xl,stylegan_xl,1,0.0002510002814233303,data\cache\clean\test\stylegan_xl_00a4591cf03df584\crop80.jpg
stylegan_xl_031391f1ab18ab62,crop80,stylegan_xl,stylegan_xl,1,0.0008094897493720055,data\cache\clean\test\stylegan_xl_031391f1ab18ab62\crop80.jpg
stylegan_xl_0a4244f8a9185bad,crop80,stylegan_xl,stylegan_xl,1,0.12258347868919373,data\cache\clean\test\stylegan_xl_0a4244f8a9185bad\crop80.jpg
stylegan_xl_0f7efa4c31bcd8f4,crop80,stylegan_xl,stylegan_xl,1,2.7905682145501487e-05,data\cache\clean\test\stylegan_xl_0f7efa4c31bcd8f4\crop80.jpg
stylegan_xl_1060d58257bc5130,crop80,stylegan_xl,stylegan_xl,1,0.005949021782726049,data\cache\clean\test\stylegan_xl_1060d58257bc5130\crop80.jpg
stylegan_xl_1440252ff76f525f,crop80,stylegan_xl,stylegan_xl,1,0.12108199298381805,data\cache\clean\test\stylegan_xl_1440252ff76f525f\crop80.jpg
stylegan_xl_17f8bf0ef8d2f478,crop80,stylegan_xl,stylegan_xl,1,0.009771890938282013,data\cache\clean\test\stylegan_xl_17f8bf0ef8d2f478\crop80.jpg
stylegan_xl_2013fe0d44f84041,crop80,stylegan_xl,stylegan_xl,1,6.638049671892077e-05,data\cache\clean\test\stylegan_xl_2013fe0d44f84041\crop80.jpg
stylegan_xl_3621cf0be1fc8d68,crop80,stylegan_xl,stylegan_xl,1,0.0033434086944907904,data\cache\clean\test\stylegan_xl_3621cf0be1fc8d68\crop80.jpg
stylegan_xl_3b5e18f8fc06450d,crop80,stylegan_xl,stylegan_xl,1,0.0010885342489928007,data\cache\clean\test\stylegan_xl_3b5e18f8fc06450d\crop80.jpg
stylegan_xl_48611,crop80,stylegan_xl,stylegan_xl,1,0.20628514885902405,data\cache\clean\test\stylegan_xl_48611\crop80.jpg
stylegan_xl_4f991f9638e28675,crop80,stylegan_xl,stylegan_xl,1,0.0011704530334100127,data\cache\clean\test\stylegan_xl_4f991f9638e28675\crop80.jpg
stylegan_xl_60ed9d3511d333bf,crop80,stylegan_xl,stylegan_xl,1,0.030588842928409576,data\cache\clean\test\stylegan_xl_60ed9d3511d333bf\crop80.jpg
stylegan_xl_65bb283a1280639e,crop80,stylegan_xl,stylegan_xl,1,0.021974053233861923,data\cache\clean\test\stylegan_xl_65bb283a1280639e\crop80.jpg
stylegan_xl_729fee52c5b7f95b,crop80,stylegan_xl,stylegan_xl,1,6.226875120773911e-05,data\cache\clean\test\stylegan_xl_729fee52c5b7f95b\crop80.jpg
stylegan_xl_7d433e90bcd7bd53,crop80,stylegan_xl,stylegan_xl,1,0.0007565308478660882,data\cache\clean\test\stylegan_xl_7d433e90bcd7bd53\crop80.jpg
stylegan_xl_80fc8be6e7c11eb3,crop80,stylegan_xl,stylegan_xl,1,0.000659748213365674,data\cache\clean\test\stylegan_xl_80fc8be6e7c11eb3\crop80.jpg
stylegan_xl_8f9dfd75dde8914f,crop80,stylegan_xl,stylegan_xl,1,0.001124096568673849,data\cache\clean\test\stylegan_xl_8f9dfd75dde8914f\crop80.jpg
stylegan_xl_a1ed16fffc5ecb68,crop80,stylegan_xl,stylegan_xl,1,0.03365667164325714,data\cache\clean\test\stylegan_xl_a1ed16fffc5ecb68\crop80.jpg
stylegan_xl_a72f3ace10a8f550,crop80,stylegan_xl,stylegan_xl,1,2.490485485395766e-06,data\cache\clean\test\stylegan_xl_a72f3ace10a8f550\crop80.jpg
stylegan_xl_b6abe358484b287a,crop80,stylegan_xl,stylegan_xl,1,0.021243715658783913,data\cache\clean\test\stylegan_xl_b6abe358484b287a\crop80.jpg
stylegan_xl_cccbc1d57a7e095e,crop80,stylegan_xl,stylegan_xl,1,0.25907090306282043,data\cache\clean\test\stylegan_xl_cccbc1d57a7e095e\crop80.jpg
stylegan_xl_cf9c332a1ebfb587,crop80,stylegan_xl,stylegan_xl,1,0.0030303578823804855,data\cache\clean\test\stylegan_xl_cf9c332a1ebfb587\crop80.jpg
stylegan_xl_d686a15f05d09472,crop80,stylegan_xl,stylegan_xl,1,0.02577868290245533,data\cache\clean\test\stylegan_xl_d686a15f05d09472\crop80.jpg
stylegan_xl_d7c4ece8c8a01de0,crop80,stylegan_xl,stylegan_xl,1,0.0065254042856395245,data\cache\clean\test\stylegan_xl_d7c4ece8c8a01de0\crop80.jpg
stylegan_xl_e4b8e7ef72cabaf2,crop80,stylegan_xl,stylegan_xl,1,3.516736614983529e-05,data\cache\clean\test\stylegan_xl_e4b8e7ef72cabaf2\crop80.jpg
stylegan_xl_f2ea3473d8b1a62f,crop80,stylegan_xl,stylegan_xl,1,0.0034745403099805117,data\cache\clean\test\stylegan_xl_f2ea3473d8b1a62f\crop80.jpg
stylegan_xl_fef6a66b8deaa7ab,crop80,stylegan_xl,stylegan_xl,1,0.0004793002153746784,data\cache\clean\test\stylegan_xl_fef6a66b8deaa7ab\crop80.jpg
cifake_1028 (10),jpeg_q30,cifake,stable_diffusion,1,0.48615002632141113,data\cache\clean\test\cifake_1028 (10)\jpeg_q30.jpg
cifake_1088 (3),jpeg_q30,cifake,stable_diffusion,1,0.31276223063468933,data\cache\clean\test\cifake_1088 (3)\jpeg_q30.jpg
cifake_1167 (3),jpeg_q30,cifake,stable_diffusion,1,0.448480486869812,data\cache\clean\test\cifake_1167 (3)\jpeg_q30.jpg
cifake_1270 (7),jpeg_q30,cifake,stable_diffusion,1,0.3492805063724518,data\cache\clean\test\cifake_1270 (7)\jpeg_q30.jpg
cifake_1867 (9),jpeg_q30,cifake,stable_diffusion,1,0.3408258557319641,data\cache\clean\test\cifake_1867 (9)\jpeg_q30.jpg
cifake_1937 (8),jpeg_q30,cifake,stable_diffusion,1,0.40430113673210144,data\cache\clean\test\cifake_1937 (8)\jpeg_q30.jpg
cifake_2228 (3),jpeg_q30,cifake,stable_diffusion,1,0.43515557050704956,data\cache\clean\test\cifake_2228 (3)\jpeg_q30.jpg
cifake_2831,jpeg_q30,cifake,stable_diffusion,1,0.3130719065666199,data\cache\clean\test\cifake_2831\jpeg_q30.jpg
cifake_2850 (3),jpeg_q30,cifake,stable_diffusion,1,0.3542501926422119,data\cache\clean\test\cifake_2850 (3)\jpeg_q30.jpg
cifake_3379 (8),jpeg_q30,cifake,stable_diffusion,1,0.22759418189525604,data\cache\clean\test\cifake_3379 (8)\jpeg_q30.jpg
cifake_4127 (3),jpeg_q30,cifake,stable_diffusion,1,0.18143296241760254,data\cache\clean\test\cifake_4127 (3)\jpeg_q30.jpg
cifake_4160 (8)_1,jpeg_q30,cifake,stable_diffusion,1,0.17815996706485748,data\cache\clean\test\cifake_4160 (8)_1\jpeg_q30.jpg
cifake_4615 (3),jpeg_q30,cifake,stable_diffusion,1,0.2079513520002365,data\cache\clean\test\cifake_4615 (3)\jpeg_q30.jpg
cifake_5221 (3),jpeg_q30,cifake,stable_diffusion,1,0.3718331754207611,data\cache\clean\test\cifake_5221 (3)\jpeg_q30.jpg
cifake_5288 (5),jpeg_q30,cifake,stable_diffusion,1,0.1600452959537506,data\cache\clean\test\cifake_5288 (5)\jpeg_q30.jpg
cifake_5607 (3),jpeg_q30,cifake,stable_diffusion,1,0.13538436591625214,data\cache\clean\test\cifake_5607 (3)\jpeg_q30.jpg
cifake_5821 (4),jpeg_q30,cifake,stable_diffusion,1,0.20233739912509918,data\cache\clean\test\cifake_5821 (4)\jpeg_q30.jpg
cifake_939 (6),jpeg_q30,cifake,stable_diffusion,1,0.42944884300231934,data\cache\clean\test\cifake_939 (6)\jpeg_q30.jpg
dalle_10648,jpeg_q30,dalle,dalle,1,0.10641495883464813,data\cache\clean\test\dalle_10648\jpeg_q30.jpg
dalle_1895b86b74caac5dad51022c3d3b33df,jpeg_q30,dalle,dalle,1,0.05041163042187691,data\cache\clean\test\dalle_1895b86b74caac5dad51022c3d3b33df\jpeg_q30.jpg
dalle_19590,jpeg_q30,dalle,dalle,1,0.007606419734656811,data\cache\clean\test\dalle_19590\jpeg_q30.jpg
dalle_20080,jpeg_q30,dalle,dalle,1,0.02162196859717369,data\cache\clean\test\dalle_20080\jpeg_q30.jpg
dalle_2561,jpeg_q30,dalle,dalle,1,0.2670583128929138,data\cache\clean\test\dalle_2561\jpeg_q30.jpg
dalle_29659,jpeg_q30,dalle,dalle,1,0.18638551235198975,data\cache\clean\test\dalle_29659\jpeg_q30.jpg
dalle_33159,jpeg_q30,dalle,dalle,1,0.009789273142814636,data\cache\clean\test\dalle_33159\jpeg_q30.jpg
dalle_35682,jpeg_q30,dalle,dalle,1,0.4198906719684601,data\cache\clean\test\dalle_35682\jpeg_q30.jpg
dalle_41791,jpeg_q30,dalle,dalle,1,0.031575318425893784,data\cache\clean\test\dalle_41791\jpeg_q30.jpg
dalle_41855,jpeg_q30,dalle,dalle,1,0.21316328644752502,data\cache\clean\test\dalle_41855\jpeg_q30.jpg
dalle_6481,jpeg_q30,dalle,dalle,1,0.007468606811016798,data\cache\clean\test\dalle_6481\jpeg_q30.jpg
dalle_6f0f61883f111368d770c54801f33449,jpeg_q30,dalle,dalle,1,0.014348423108458519,data\cache\clean\test\dalle_6f0f61883f111368d770c54801f33449\jpeg_q30.jpg
dalle_8017,jpeg_q30,dalle,dalle,1,0.2453109472990036,data\cache\clean\test\dalle_8017\jpeg_q30.jpg
dalle_9068,jpeg_q30,dalle,dalle,1,0.034881241619586945,data\cache\clean\test\dalle_9068\jpeg_q30.jpg
gigagan_01204,jpeg_q30,gigagan,gigagan,1,0.43554291129112244,data\cache\clean\test\gigagan_01204\jpeg_q30.jpg
gigagan_01605,jpeg_q30,gigagan,gigagan,1,0.016852622851729393,data\cache\clean\test\gigagan_01605\jpeg_q30.jpg
gigagan_05738,jpeg_q30,gigagan,gigagan,1,0.003346036421135068,data\cache\clean\test\gigagan_05738\jpeg_q30.jpg
gigagan_06526,jpeg_q30,gigagan,gigagan,1,0.17841388285160065,data\cache\clean\test\gigagan_06526\jpeg_q30.jpg
gigagan_07350,jpeg_q30,gigagan,gigagan,1,0.002304914640262723,data\cache\clean\test\gigagan_07350\jpeg_q30.jpg
gigagan_07986,jpeg_q30,gigagan,gigagan,1,0.07653181254863739,data\cache\clean\test\gigagan_07986\jpeg_q30.jpg
gigagan_10024,jpeg_q30,gigagan,gigagan,1,0.12778376042842865,data\cache\clean\test\gigagan_10024\jpeg_q30.jpg
gigagan_10769,jpeg_q30,gigagan,gigagan,1,0.29171183705329895,data\cache\clean\test\gigagan_10769\jpeg_q30.jpg
gigagan_10914,jpeg_q30,gigagan,gigagan,1,0.0007423129281960428,data\cache\clean\test\gigagan_10914\jpeg_q30.jpg
gigagan_11787,jpeg_q30,gigagan,gigagan,1,0.47125008702278137,data\cache\clean\test\gigagan_11787\jpeg_q30.jpg
gigagan_12489,jpeg_q30,gigagan,gigagan,1,0.4364071488380432,data\cache\clean\test\gigagan_12489\jpeg_q30.jpg
gigagan_14071,jpeg_q30,gigagan,gigagan,1,1.5932738506307942e-06,data\cache\clean\test\gigagan_14071\jpeg_q30.jpg
gigagan_14909,jpeg_q30,gigagan,gigagan,1,0.4182380735874176,data\cache\clean\test\gigagan_14909\jpeg_q30.jpg
gigagan_15454,jpeg_q30,gigagan,gigagan,1,0.384104460477829,data\cache\clean\test\gigagan_15454\jpeg_q30.jpg
gigagan_15561,jpeg_q30,gigagan,gigagan,1,0.04672236740589142,data\cache\clean\test\gigagan_15561\jpeg_q30.jpg
gigagan_16357,jpeg_q30,gigagan,gigagan,1,0.3829532861709595,data\cache\clean\test\gigagan_16357\jpeg_q30.jpg
gigagan_17666,jpeg_q30,gigagan,gigagan,1,0.24463161826133728,data\cache\clean\test\gigagan_17666\jpeg_q30.jpg
gigagan_18085,jpeg_q30,gigagan,gigagan,1,0.4162372648715973,data\cache\clean\test\gigagan_18085\jpeg_q30.jpg
gigagan_18797,jpeg_q30,gigagan,gigagan,1,0.09919019788503647,data\cache\clean\test\gigagan_18797\jpeg_q30.jpg
gigagan_20207,jpeg_q30,gigagan,gigagan,1,0.05420224741101265,data\cache\clean\test\gigagan_20207\jpeg_q30.jpg
gigagan_20327,jpeg_q30,gigagan,gigagan,1,0.0017462490359321237,data\cache\clean\test\gigagan_20327\jpeg_q30.jpg
gigagan_21611,jpeg_q30,gigagan,gigagan,1,0.05837345868349075,data\cache\clean\test\gigagan_21611\jpeg_q30.jpg
gigagan_22418,jpeg_q30,gigagan,gigagan,1,0.481220006942749,data\cache\clean\test\gigagan_22418\jpeg_q30.jpg
gigagan_23134,jpeg_q30,gigagan,gigagan,1,0.1983102560043335,data\cache\clean\test\gigagan_23134\jpeg_q30.jpg
gigagan_23834,jpeg_q30,gigagan,gigagan,1,0.22964026033878326,data\cache\clean\test\gigagan_23834\jpeg_q30.jpg
gigagan_24445,jpeg_q30,gigagan,gigagan,1,0.022853607311844826,data\cache\clean\test\gigagan_24445\jpeg_q30.jpg
gigagan_24679,jpeg_q30,gigagan,gigagan,1,0.007946007885038853,data\cache\clean\test\gigagan_24679\jpeg_q30.jpg
gigagan_25090,jpeg_q30,gigagan,gigagan,1,0.00928643811494112,data\cache\clean\test\gigagan_25090\jpeg_q30.jpg
gigagan_25645,jpeg_q30,gigagan,gigagan,1,0.2300495058298111,data\cache\clean\test\gigagan_25645\jpeg_q30.jpg
gigagan_27542,jpeg_q30,gigagan,gigagan,1,0.44341668486595154,data\cache\clean\test\gigagan_27542\jpeg_q30.jpg
gigagan_27593,jpeg_q30,gigagan,gigagan,1,0.016418710350990295,data\cache\clean\test\gigagan_27593\jpeg_q30.jpg
imagen3_045e6da6fd7f6fb0,jpeg_q30,imagen3,imagen3,1,2.2481122869066894e-05,data\cache\clean\test\imagen3_045e6da6fd7f6fb0\jpeg_q30.jpg
imagen3_07747d6ffd056bee,jpeg_q30,imagen3,imagen3,1,0.006421226542443037,data\cache\clean\test\imagen3_07747d6ffd056bee\jpeg_q30.jpg
imagen3_13ed1f9391224848,jpeg_q30,imagen3,imagen3,1,0.031556934118270874,data\cache\clean\test\imagen3_13ed1f9391224848\jpeg_q30.jpg
imagen3_17405,jpeg_q30,imagen3,imagen3,1,0.4660927653312683,data\cache\clean\test\imagen3_17405\jpeg_q30.jpg
imagen3_17643da56f35c6f7,jpeg_q30,imagen3,imagen3,1,3.624142436819966e-06,data\cache\clean\test\imagen3_17643da56f35c6f7\jpeg_q30.jpg
imagen3_17919c9ffd792ad9,jpeg_q30,imagen3,imagen3,1,0.030756793916225433,data\cache\clean\test\imagen3_17919c9ffd792ad9\jpeg_q30.jpg
imagen3_1fe9a0379cffa709,jpeg_q30,imagen3,imagen3,1,0.011807555332779884,data\cache\clean\test\imagen3_1fe9a0379cffa709\jpeg_q30.jpg
imagen3_24e64d19ddde11cb,jpeg_q30,imagen3,imagen3,1,4.3110475189678255e-09,data\cache\clean\test\imagen3_24e64d19ddde11cb\jpeg_q30.jpg
imagen3_260ae6b06f1f50e2,jpeg_q30,imagen3,imagen3,1,0.00045786358532495797,data\cache\clean\test\imagen3_260ae6b06f1f50e2\jpeg_q30.jpg
imagen3_3403b18fc93acbfc,jpeg_q30,imagen3,imagen3,1,0.005878086667507887,data\cache\clean\test\imagen3_3403b18fc93acbfc\jpeg_q30.jpg
imagen3_43058,jpeg_q30,imagen3,imagen3,1,2.5229124730685726e-05,data\cache\clean\test\imagen3_43058\jpeg_q30.jpg
imagen3_44015,jpeg_q30,imagen3,imagen3,1,0.0008516889647580683,data\cache\clean\test\imagen3_44015\jpeg_q30.jpg
imagen3_46922,jpeg_q30,imagen3,imagen3,1,0.37821754813194275,data\cache\clean\test\imagen3_46922\jpeg_q30.jpg
imagen3_473ffc5e3d5dc373,jpeg_q30,imagen3,imagen3,1,0.28019222617149353,data\cache\clean\test\imagen3_473ffc5e3d5dc373\jpeg_q30.jpg
imagen3_519f5c348fe55fcd,jpeg_q30,imagen3,imagen3,1,0.00010408987873233855,data\cache\clean\test\imagen3_519f5c348fe55fcd\jpeg_q30.jpg
imagen3_52520,jpeg_q30,imagen3,imagen3,1,0.008834260515868664,data\cache\clean\test\imagen3_52520\jpeg_q30.jpg
imagen3_560ead164dab63a5,jpeg_q30,imagen3,imagen3,1,0.0013901254860684276,data\cache\clean\test\imagen3_560ead164dab63a5\jpeg_q30.jpg
imagen3_5e95809bd47d157b,jpeg_q30,imagen3,imagen3,1,0.02152055874466896,data\cache\clean\test\imagen3_5e95809bd47d157b\jpeg_q30.jpg
imagen3_69467160e53f71bc,jpeg_q30,imagen3,imagen3,1,0.018356718122959137,data\cache\clean\test\imagen3_69467160e53f71bc\jpeg_q30.jpg
imagen3_6a8270ea182a9194,jpeg_q30,imagen3,imagen3,1,1.08799567897222e-05,data\cache\clean\test\imagen3_6a8270ea182a9194\jpeg_q30.jpg
imagen3_6c7624322b04ce43,jpeg_q30,imagen3,imagen3,1,4.494375843933085e-06,data\cache\clean\test\imagen3_6c7624322b04ce43\jpeg_q30.jpg
imagen3_77fb2d4f372634f8,jpeg_q30,imagen3,imagen3,1,0.0001408492389600724,data\cache\clean\test\imagen3_77fb2d4f372634f8\jpeg_q30.jpg
imagen3_7ee1485909c59826,jpeg_q30,imagen3,imagen3,1,0.020131299272179604,data\cache\clean\test\imagen3_7ee1485909c59826\jpeg_q30.jpg
imagen3_8b13dc3bff918841,jpeg_q30,imagen3,imagen3,1,0.0299390722066164,data\cache\clean\test\imagen3_8b13dc3bff918841\jpeg_q30.jpg
imagen3_8c20e4bf83ffff36,jpeg_q30,imagen3,imagen3,1,0.19343259930610657,data\cache\clean\test\imagen3_8c20e4bf83ffff36\jpeg_q30.jpg
imagen3_9e82651e214a25c8,jpeg_q30,imagen3,imagen3,1,0.0017704521305859089,data\cache\clean\test\imagen3_9e82651e214a25c8\jpeg_q30.jpg
imagen3_aa13646e437b7afa,jpeg_q30,imagen3,imagen3,1,0.27770736813545227,data\cache\clean\test\imagen3_aa13646e437b7afa\jpeg_q30.jpg
imagen3_ad860df8c2a1a848,jpeg_q30,imagen3,imagen3,1,0.00027673933072946966,data\cache\clean\test\imagen3_ad860df8c2a1a848\jpeg_q30.jpg
imagen3_b69c9976ced306d1,jpeg_q30,imagen3,imagen3,1,0.062845379114151,data\cache\clean\test\imagen3_b69c9976ced306d1\jpeg_q30.jpg
imagen3_ca44bb7db1e73a9a,jpeg_q30,imagen3,imagen3,1,0.0006010099314153194,data\cache\clean\test\imagen3_ca44bb7db1e73a9a\jpeg_q30.jpg
imagen3_d326e7c87fb1d966,jpeg_q30,imagen3,imagen3,1,0.29586586356163025,data\cache\clean\test\imagen3_d326e7c87fb1d966\jpeg_q30.jpg
imagen3_e63f3b6f8bdee43a,jpeg_q30,imagen3,imagen3,1,2.1469953935593367e-05,data\cache\clean\test\imagen3_e63f3b6f8bdee43a\jpeg_q30.jpg
imagen3_eaf94916ce926270,jpeg_q30,imagen3,imagen3,1,0.05949986353516579,data\cache\clean\test\imagen3_eaf94916ce926270\jpeg_q30.jpg
imagen3_f69a20bda8f47fea,jpeg_q30,imagen3,imagen3,1,0.046477850526571274,data\cache\clean\test\imagen3_f69a20bda8f47fea\jpeg_q30.jpg
imagen3_fa8535259782583b,jpeg_q30,imagen3,imagen3,1,0.413717120885849,data\cache\clean\test\imagen3_fa8535259782583b\jpeg_q30.jpg
imagen3_fd568a2839353a92,jpeg_q30,imagen3,imagen3,1,0.22316528856754303,data\cache\clean\test\imagen3_fd568a2839353a92\jpeg_q30.jpg
imagen3_fe7048efd51b15b8,jpeg_q30,imagen3,imagen3,1,0.005360430106520653,data\cache\clean\test\imagen3_fe7048efd51b15b8\jpeg_q30.jpg
imagen3_Imagen3_2403,jpeg_q30,imagen3,imagen3,1,0.23840202391147614,data\cache\clean\test\imagen3_Imagen3_2403\jpeg_q30.jpg
imagen3_Imagen3_3556,jpeg_q30,imagen3,imagen3,1,0.03900514170527458,data\cache\clean\test\imagen3_Imagen3_3556\jpeg_q30.jpg
sidset_full_synthetic_017359,jpeg_q30,sidset,full_synthetic,1,0.34395915269851685,data\cache\clean\test\sidset_full_synthetic_017359\jpeg_q30.jpg
sidset_full_synthetic_033528,jpeg_q30,sidset,full_synthetic,1,0.2799413800239563,data\cache\clean\test\sidset_full_synthetic_033528\jpeg_q30.jpg
sidset_full_synthetic_046026,jpeg_q30,sidset,full_synthetic,1,0.2937365770339966,data\cache\clean\test\sidset_full_synthetic_046026\jpeg_q30.jpg
sidset_full_synthetic_048809,jpeg_q30,sidset,full_synthetic,1,0.17975345253944397,data\cache\clean\test\sidset_full_synthetic_048809\jpeg_q30.jpg
sidset_full_synthetic_060524,jpeg_q30,sidset,full_synthetic,1,0.0005430509918369353,data\cache\clean\test\sidset_full_synthetic_060524\jpeg_q30.jpg
sidset_full_synthetic_062086,jpeg_q30,sidset,full_synthetic,1,0.0016043954528868198,data\cache\clean\test\sidset_full_synthetic_062086\jpeg_q30.jpg
stylegan_xl_0097a2e24789bc7a,jpeg_q30,stylegan_xl,stylegan_xl,1,0.00028840621234849095,data\cache\clean\test\stylegan_xl_0097a2e24789bc7a\jpeg_q30.jpg
stylegan_xl_00a4591cf03df584,jpeg_q30,stylegan_xl,stylegan_xl,1,3.8244572351686656e-05,data\cache\clean\test\stylegan_xl_00a4591cf03df584\jpeg_q30.jpg
stylegan_xl_031391f1ab18ab62,jpeg_q30,stylegan_xl,stylegan_xl,1,0.013577991165220737,data\cache\clean\test\stylegan_xl_031391f1ab18ab62\jpeg_q30.jpg
stylegan_xl_0a4244f8a9185bad,jpeg_q30,stylegan_xl,stylegan_xl,1,0.3816223740577698,data\cache\clean\test\stylegan_xl_0a4244f8a9185bad\jpeg_q30.jpg
stylegan_xl_0f7efa4c31bcd8f4,jpeg_q30,stylegan_xl,stylegan_xl,1,1.5616613382007927e-05,data\cache\clean\test\stylegan_xl_0f7efa4c31bcd8f4\jpeg_q30.jpg
stylegan_xl_1060d58257bc5130,jpeg_q30,stylegan_xl,stylegan_xl,1,0.0016242858255282044,data\cache\clean\test\stylegan_xl_1060d58257bc5130\jpeg_q30.jpg
stylegan_xl_1440252ff76f525f,jpeg_q30,stylegan_xl,stylegan_xl,1,0.12107325345277786,data\cache\clean\test\stylegan_xl_1440252ff76f525f\jpeg_q30.jpg
stylegan_xl_17f8bf0ef8d2f478,jpeg_q30,stylegan_xl,stylegan_xl,1,0.0012630053097382188,data\cache\clean\test\stylegan_xl_17f8bf0ef8d2f478\jpeg_q30.jpg
stylegan_xl_2013fe0d44f84041,jpeg_q30,stylegan_xl,stylegan_xl,1,0.0017177843255922198,data\cache\clean\test\stylegan_xl_2013fe0d44f84041\jpeg_q30.jpg
stylegan_xl_3621cf0be1fc8d68,jpeg_q30,stylegan_xl,stylegan_xl,1,0.03870033845305443,data\cache\clean\test\stylegan_xl_3621cf0be1fc8d68\jpeg_q30.jpg
stylegan_xl_38c489e3b0d8c700,jpeg_q30,stylegan_xl,stylegan_xl,1,0.1328737884759903,data\cache\clean\test\stylegan_xl_38c489e3b0d8c700\jpeg_q30.jpg
stylegan_xl_3b5e18f8fc06450d,jpeg_q30,stylegan_xl,stylegan_xl,1,0.0032363554928451777,data\cache\clean\test\stylegan_xl_3b5e18f8fc06450d\jpeg_q30.jpg
stylegan_xl_43847,jpeg_q30,stylegan_xl,stylegan_xl,1,0.0021763925906270742,data\cache\clean\test\stylegan_xl_43847\jpeg_q30.jpg
stylegan_xl_45602,jpeg_q30,stylegan_xl,stylegan_xl,1,0.11992335319519043,data\cache\clean\test\stylegan_xl_45602\jpeg_q30.jpg
stylegan_xl_48611,jpeg_q30,stylegan_xl,stylegan_xl,1,0.035059183835983276,data\cache\clean\test\stylegan_xl_48611\jpeg_q30.jpg
stylegan_xl_4f991f9638e28675,jpeg_q30,stylegan_xl,stylegan_xl,1,0.03775734081864357,data\cache\clean\test\stylegan_xl_4f991f9638e28675\jpeg_q30.jpg
stylegan_xl_548aed682dc65ef2,jpeg_q30,stylegan_xl,stylegan_xl,1,0.46109989285469055,data\cache\clean\test\stylegan_xl_548aed682dc65ef2\jpeg_q30.jpg
stylegan_xl_60ed9d3511d333bf,jpeg_q30,stylegan_xl,stylegan_xl,1,0.00044904527021571994,data\cache\clean\test\stylegan_xl_60ed9d3511d333bf\jpeg_q30.jpg
stylegan_xl_65bb283a1280639e,jpeg_q30,stylegan_xl,stylegan_xl,1,0.039473406970500946,data\cache\clean\test\stylegan_xl_65bb283a1280639e\jpeg_q30.jpg
stylegan_xl_729fee52c5b7f95b,jpeg_q30,stylegan_xl,stylegan_xl,1,0.011780745349824429,data\cache\clean\test\stylegan_xl_729fee52c5b7f95b\jpeg_q30.jpg
stylegan_xl_7d433e90bcd7bd53,jpeg_q30,stylegan_xl,stylegan_xl,1,3.42475796060171e-05,data\cache\clean\test\stylegan_xl_7d433e90bcd7bd53\jpeg_q30.jpg
stylegan_xl_80fc8be6e7c11eb3,jpeg_q30,stylegan_xl,stylegan_xl,1,1.0299499990651384e-06,data\cache\clean\test\stylegan_xl_80fc8be6e7c11eb3\jpeg_q30.jpg
stylegan_xl_8461b1ae87c22c20,jpeg_q30,stylegan_xl,stylegan_xl,1,0.450140118598938,data\cache\clean\test\stylegan_xl_8461b1ae87c22c20\jpeg_q30.jpg
stylegan_xl_8f9dfd75dde8914f,jpeg_q30,stylegan_xl,stylegan_xl,1,0.014199652709066868,data\cache\clean\test\stylegan_xl_8f9dfd75dde8914f\jpeg_q30.jpg
stylegan_xl_a1ed16fffc5ecb68,jpeg_q30,stylegan_xl,stylegan_xl,1,0.04463857412338257,data\cache\clean\test\stylegan_xl_a1ed16fffc5ecb68\jpeg_q30.jpg
stylegan_xl_a72f3ace10a8f550,jpeg_q30,stylegan_xl,stylegan_xl,1,8.738509495742619e-05,data\cache\clean\test\stylegan_xl_a72f3ace10a8f550\jpeg_q30.jpg
stylegan_xl_b6abe358484b287a,jpeg_q30,stylegan_xl,stylegan_xl,1,0.21483848989009857,data\cache\clean\test\stylegan_xl_b6abe358484b287a\jpeg_q30.jpg
stylegan_xl_bd69757ff485d03e,jpeg_q30,stylegan_xl,stylegan_xl,1,0.2175579071044922,data\cache\clean\test\stylegan_xl_bd69757ff485d03e\jpeg_q30.jpg
stylegan_xl_c9421141bcf3a15a,jpeg_q30,stylegan_xl,stylegan_xl,1,0.06306569278240204,data\cache\clean\test\stylegan_xl_c9421141bcf3a15a\jpeg_q30.jpg
stylegan_xl_cccbc1d57a7e095e,jpeg_q30,stylegan_xl,stylegan_xl,1,0.3884637653827667,data\cache\clean\test\stylegan_xl_cccbc1d57a7e095e\jpeg_q30.jpg
stylegan_xl_cf9c332a1ebfb587,jpeg_q30,stylegan_xl,stylegan_xl,1,0.0278508011251688,data\cache\clean\test\stylegan_xl_cf9c332a1ebfb587\jpeg_q30.jpg
stylegan_xl_d686a15f05d09472,jpeg_q30,stylegan_xl,stylegan_xl,1,0.004624302498996258,data\cache\clean\test\stylegan_xl_d686a15f05d09472\jpeg_q30.jpg
stylegan_xl_d7c4ece8c8a01de0,jpeg_q30,stylegan_xl,stylegan_xl,1,0.19847780466079712,data\cache\clean\test\stylegan_xl_d7c4ece8c8a01de0\jpeg_q30.jpg
stylegan_xl_e4b8e7ef72cabaf2,jpeg_q30,stylegan_xl,stylegan_xl,1,0.0024976080749183893,data\cache\clean\test\stylegan_xl_e4b8e7ef72cabaf2\jpeg_q30.jpg
stylegan_xl_f2ea3473d8b1a62f,jpeg_q30,stylegan_xl,stylegan_xl,1,0.002172404434531927,data\cache\clean\test\stylegan_xl_f2ea3473d8b1a62f\jpeg_q30.jpg
stylegan_xl_fef6a66b8deaa7ab,jpeg_q30,stylegan_xl,stylegan_xl,1,7.4106296779064e-06,data\cache\clean\test\stylegan_xl_fef6a66b8deaa7ab\jpeg_q30.jpg
cifake_1088 (3),jpeg_q50,cifake,stable_diffusion,1,0.40108054876327515,data\cache\clean\test\cifake_1088 (3)\jpeg_q50.jpg
cifake_1167 (3),jpeg_q50,cifake,stable_diffusion,1,0.35829034447669983,data\cache\clean\test\cifake_1167 (3)\jpeg_q50.jpg
cifake_1612 (9),jpeg_q50,cifake,stable_diffusion,1,0.485409140586853,data\cache\clean\test\cifake_1612 (9)\jpeg_q50.jpg
cifake_1753 (7),jpeg_q50,cifake,stable_diffusion,1,0.2203379124403,data\cache\clean\test\cifake_1753 (7)\jpeg_q50.jpg
cifake_2286 (2),jpeg_q50,cifake,stable_diffusion,1,0.25926145911216736,data\cache\clean\test\cifake_2286 (2)\jpeg_q50.jpg
cifake_2438 (2),jpeg_q50,cifake,stable_diffusion,1,0.3783109784126282,data\cache\clean\test\cifake_2438 (2)\jpeg_q50.jpg
cifake_2588 (7),jpeg_q50,cifake,stable_diffusion,1,0.32721129059791565,data\cache\clean\test\cifake_2588 (7)\jpeg_q50.jpg
cifake_2831,jpeg_q50,cifake,stable_diffusion,1,0.28867700695991516,data\cache\clean\test\cifake_2831\jpeg_q50.jpg
cifake_3239 (3),jpeg_q50,cifake,stable_diffusion,1,0.46361586451530457,data\cache\clean\test\cifake_3239 (3)\jpeg_q50.jpg
cifake_3379 (8),jpeg_q50,cifake,stable_diffusion,1,0.0754304751753807,data\cache\clean\test\cifake_3379 (8)\jpeg_q50.jpg
cifake_3582 (9),jpeg_q50,cifake,stable_diffusion,1,0.4521474838256836,data\cache\clean\test\cifake_3582 (9)\jpeg_q50.jpg
cifake_4127 (3),jpeg_q50,cifake,stable_diffusion,1,0.1100751981139183,data\cache\clean\test\cifake_4127 (3)\jpeg_q50.jpg
cifake_4615 (3),jpeg_q50,cifake,stable_diffusion,1,0.38278648257255554,data\cache\clean\test\cifake_4615 (3)\jpeg_q50.jpg
cifake_5221 (3),jpeg_q50,cifake,stable_diffusion,1,0.49293726682662964,data\cache\clean\test\cifake_5221 (3)\jpeg_q50.jpg
cifake_5607 (3),jpeg_q50,cifake,stable_diffusion,1,0.23915132880210876,data\cache\clean\test\cifake_5607 (3)\jpeg_q50.jpg
cifake_5831,jpeg_q50,cifake,stable_diffusion,1,0.4504004418849945,data\cache\clean\test\cifake_5831\jpeg_q50.jpg
dalle_1895b86b74caac5dad51022c3d3b33df,jpeg_q50,dalle,dalle,1,0.2054813802242279,data\cache\clean\test\dalle_1895b86b74caac5dad51022c3d3b33df\jpeg_q50.jpg
dalle_19590,jpeg_q50,dalle,dalle,1,0.004402196034789085,data\cache\clean\test\dalle_19590\jpeg_q50.jpg
dalle_20080,jpeg_q50,dalle,dalle,1,0.00592896668240428,data\cache\clean\test\dalle_20080\jpeg_q50.jpg
dalle_2561,jpeg_q50,dalle,dalle,1,0.3064696788787842,data\cache\clean\test\dalle_2561\jpeg_q50.jpg
dalle_33159,jpeg_q50,dalle,dalle,1,0.005372774787247181,data\cache\clean\test\dalle_33159\jpeg_q50.jpg
dalle_35682,jpeg_q50,dalle,dalle,1,0.2247215211391449,data\cache\clean\test\dalle_35682\jpeg_q50.jpg
dalle_40387,jpeg_q50,dalle,dalle,1,0.44293412566185,data\cache\clean\test\dalle_40387\jpeg_q50.jpg
dalle_41791,jpeg_q50,dalle,dalle,1,0.013183657079935074,data\cache\clean\test\dalle_41791\jpeg_q50.jpg
dalle_6481,jpeg_q50,dalle,dalle,1,0.0007243378786370158,data\cache\clean\test\dalle_6481\jpeg_q50.jpg
dalle_6f0f61883f111368d770c54801f33449,jpeg_q50,dalle,dalle,1,0.017884165048599243,data\cache\clean\test\dalle_6f0f61883f111368d770c54801f33449\jpeg_q50.jpg
dalle_8017,jpeg_q50,dalle,dalle,1,0.03450123965740204,data\cache\clean\test\dalle_8017\jpeg_q50.jpg
dalle_9068,jpeg_q50,dalle,dalle,1,0.01848304085433483,data\cache\clean\test\dalle_9068\jpeg_q50.jpg
gigagan_01605,jpeg_q50,gigagan,gigagan,1,0.0013372105313465,data\cache\clean\test\gigagan_01605\jpeg_q50.jpg
gigagan_03422,jpeg_q50,gigagan,gigagan,1,0.4354270398616791,data\cache\clean\test\gigagan_03422\jpeg_q50.jpg
gigagan_05738,jpeg_q50,gigagan,gigagan,1,0.007084084674715996,data\cache\clean\test\gigagan_05738\jpeg_q50.jpg
gigagan_06526,jpeg_q50,gigagan,gigagan,1,0.13298164308071136,data\cache\clean\test\gigagan_06526\jpeg_q50.jpg
gigagan_07350,jpeg_q50,gigagan,gigagan,1,0.014515628106892109,data\cache\clean\test\gigagan_07350\jpeg_q50.jpg
gigagan_09742,jpeg_q50,gigagan,gigagan,1,0.4372912645339966,data\cache\clean\test\gigagan_09742\jpeg_q50.jpg
gigagan_10024,jpeg_q50,gigagan,gigagan,1,0.016460537910461426,data\cache\clean\test\gigagan_10024\jpeg_q50.jpg
gigagan_10914,jpeg_q50,gigagan,gigagan,1,0.00021987620857544243,data\cache\clean\test\gigagan_10914\jpeg_q50.jpg
gigagan_14071,jpeg_q50,gigagan,gigagan,1,2.0014053347949812e-07,data\cache\clean\test\gigagan_14071\jpeg_q50.jpg
gigagan_15454,jpeg_q50,gigagan,gigagan,1,0.28522786498069763,data\cache\clean\test\gigagan_15454\jpeg_q50.jpg
gigagan_15561,jpeg_q50,gigagan,gigagan,1,0.006506673991680145,data\cache\clean\test\gigagan_15561\jpeg_q50.jpg
gigagan_17666,jpeg_q50,gigagan,gigagan,1,0.25868985056877136,data\cache\clean\test\gigagan_17666\jpeg_q50.jpg
gigagan_18085,jpeg_q50,gigagan,gigagan,1,0.2756402790546417,data\cache\clean\test\gigagan_18085\jpeg_q50.jpg
gigagan_18797,jpeg_q50,gigagan,gigagan,1,0.12516334652900696,data\cache\clean\test\gigagan_18797\jpeg_q50.jpg
gigagan_20207,jpeg_q50,gigagan,gigagan,1,0.4442143142223358,data\cache\clean\test\gigagan_20207\jpeg_q50.jpg
gigagan_21611,jpeg_q50,gigagan,gigagan,1,0.027942480519413948,data\cache\clean\test\gigagan_21611\jpeg_q50.jpg
gigagan_23834,jpeg_q50,gigagan,gigagan,1,0.287156343460083,data\cache\clean\test\gigagan_23834\jpeg_q50.jpg
gigagan_24445,jpeg_q50,gigagan,gigagan,1,0.49241775274276733,data\cache\clean\test\gigagan_24445\jpeg_q50.jpg
gigagan_24679,jpeg_q50,gigagan,gigagan,1,0.013162382878363132,data\cache\clean\test\gigagan_24679\jpeg_q50.jpg
gigagan_25090,jpeg_q50,gigagan,gigagan,1,0.000711205939296633,data\cache\clean\test\gigagan_25090\jpeg_q50.jpg
gigagan_25645,jpeg_q50,gigagan,gigagan,1,0.020136017352342606,data\cache\clean\test\gigagan_25645\jpeg_q50.jpg
gigagan_27593,jpeg_q50,gigagan,gigagan,1,0.09764565527439117,data\cache\clean\test\gigagan_27593\jpeg_q50.jpg
gigagan_28900,jpeg_q50,gigagan,gigagan,1,0.3866055905818939,data\cache\clean\test\gigagan_28900\jpeg_q50.jpg
imagen3_045e6da6fd7f6fb0,jpeg_q50,imagen3,imagen3,1,7.70893384469673e-05,data\cache\clean\test\imagen3_045e6da6fd7f6fb0\jpeg_q50.jpg
imagen3_07747d6ffd056bee,jpeg_q50,imagen3,imagen3,1,0.05569020286202431,data\cache\clean\test\imagen3_07747d6ffd056bee\jpeg_q50.jpg
imagen3_13ed1f9391224848,jpeg_q50,imagen3,imagen3,1,0.12922830879688263,data\cache\clean\test\imagen3_13ed1f9391224848\jpeg_q50.jpg
imagen3_17643da56f35c6f7,jpeg_q50,imagen3,imagen3,1,2.6316458843211876e-06,data\cache\clean\test\imagen3_17643da56f35c6f7\jpeg_q50.jpg
imagen3_17919c9ffd792ad9,jpeg_q50,imagen3,imagen3,1,0.04611840844154358,data\cache\clean\test\imagen3_17919c9ffd792ad9\jpeg_q50.jpg
imagen3_1fe9a0379cffa709,jpeg_q50,imagen3,imagen3,1,0.010813816450536251,data\cache\clean\test\imagen3_1fe9a0379cffa709\jpeg_q50.jpg
imagen3_24e64d19ddde11cb,jpeg_q50,imagen3,imagen3,1,4.186004431971924e-09,data\cache\clean\test\imagen3_24e64d19ddde11cb\jpeg_q50.jpg
imagen3_260ae6b06f1f50e2,jpeg_q50,imagen3,imagen3,1,0.0016992860473692417,data\cache\clean\test\imagen3_260ae6b06f1f50e2\jpeg_q50.jpg
imagen3_3403b18fc93acbfc,jpeg_q50,imagen3,imagen3,1,0.0043929098173975945,data\cache\clean\test\imagen3_3403b18fc93acbfc\jpeg_q50.jpg
imagen3_43058,jpeg_q50,imagen3,imagen3,1,1.8839635913536767e-06,data\cache\clean\test\imagen3_43058\jpeg_q50.jpg
imagen3_43208,jpeg_q50,imagen3,imagen3,1,0.24904640018939972,data\cache\clean\test\imagen3_43208\jpeg_q50.jpg
imagen3_44015,jpeg_q50,imagen3,imagen3,1,0.00037411879748106003,data\cache\clean\test\imagen3_44015\jpeg_q50.jpg
imagen3_44075,jpeg_q50,imagen3,imagen3,1,0.1848585307598114,data\cache\clean\test\imagen3_44075\jpeg_q50.jpg
imagen3_44476,jpeg_q50,imagen3,imagen3,1,0.24692808091640472,data\cache\clean\test\imagen3_44476\jpeg_q50.jpg
imagen3_46922,jpeg_q50,imagen3,imagen3,1,0.1097872331738472,data\cache\clean\test\imagen3_46922\jpeg_q50.jpg
imagen3_473ffc5e3d5dc373,jpeg_q50,imagen3,imagen3,1,0.4384286403656006,data\cache\clean\test\imagen3_473ffc5e3d5dc373\jpeg_q50.jpg
imagen3_49809,jpeg_q50,imagen3,imagen3,1,0.169556125998497,data\cache\clean\test\imagen3_49809\jpeg_q50.jpg
imagen3_519f5c348fe55fcd,jpeg_q50,imagen3,imagen3,1,2.8193422622280195e-05,data\cache\clean\test\imagen3_519f5c348fe55fcd\jpeg_q50.jpg
imagen3_52520,jpeg_q50,imagen3,imagen3,1,0.016352994367480278,data\cache\clean\test\imagen3_52520\jpeg_q50.jpg
imagen3_560ead164dab63a5,jpeg_q50,imagen3,imagen3,1,0.0051887971349060535,data\cache\clean\test\imagen3_560ead164dab63a5\jpeg_q50.jpg
imagen3_5e95809bd47d157b,jpeg_q50,imagen3,imagen3,1,0.0012484126491472125,data\cache\clean\test\imagen3_5e95809bd47d157b\jpeg_q50.jpg
imagen3_69467160e53f71bc,jpeg_q50,imagen3,imagen3,1,0.016963349655270576,data\cache\clean\test\imagen3_69467160e53f71bc\jpeg_q50.jpg
imagen3_6a8270ea182a9194,jpeg_q50,imagen3,imagen3,1,8.217940376198385e-06,data\cache\clean\test\imagen3_6a8270ea182a9194\jpeg_q50.jpg
imagen3_6c7624322b04ce43,jpeg_q50,imagen3,imagen3,1,5.140858547747484e-07,data\cache\clean\test\imagen3_6c7624322b04ce43\jpeg_q50.jpg
imagen3_77fb2d4f372634f8,jpeg_q50,imagen3,imagen3,1,0.00028626175480894744,data\cache\clean\test\imagen3_77fb2d4f372634f8\jpeg_q50.jpg
imagen3_7ee1485909c59826,jpeg_q50,imagen3,imagen3,1,0.0672651007771492,data\cache\clean\test\imagen3_7ee1485909c59826\jpeg_q50.jpg
imagen3_8b13dc3bff918841,jpeg_q50,imagen3,imagen3,1,0.03687477484345436,data\cache\clean\test\imagen3_8b13dc3bff918841\jpeg_q50.jpg
imagen3_8c20e4bf83ffff36,jpeg_q50,imagen3,imagen3,1,0.17410244047641754,data\cache\clean\test\imagen3_8c20e4bf83ffff36\jpeg_q50.jpg
imagen3_9e82651e214a25c8,jpeg_q50,imagen3,imagen3,1,0.0011905250139534473,data\cache\clean\test\imagen3_9e82651e214a25c8\jpeg_q50.jpg
imagen3_aa13646e437b7afa,jpeg_q50,imagen3,imagen3,1,0.13061265647411346,data\cache\clean\test\imagen3_aa13646e437b7afa\jpeg_q50.jpg
imagen3_ad860df8c2a1a848,jpeg_q50,imagen3,imagen3,1,0.003554187249392271,data\cache\clean\test\imagen3_ad860df8c2a1a848\jpeg_q50.jpg
imagen3_b69c9976ced306d1,jpeg_q50,imagen3,imagen3,1,0.0512685552239418,data\cache\clean\test\imagen3_b69c9976ced306d1\jpeg_q50.jpg
imagen3_ca44bb7db1e73a9a,jpeg_q50,imagen3,imagen3,1,0.00040053625707514584,data\cache\clean\test\imagen3_ca44bb7db1e73a9a\jpeg_q50.jpg
imagen3_d326e7c87fb1d966,jpeg_q50,imagen3,imagen3,1,0.25565528869628906,data\cache\clean\test\imagen3_d326e7c87fb1d966\jpeg_q50.jpg
imagen3_e63f3b6f8bdee43a,jpeg_q50,imagen3,imagen3,1,1.2753313058055937e-05,data\cache\clean\test\imagen3_e63f3b6f8bdee43a\jpeg_q50.jpg
imagen3_eaf94916ce926270,jpeg_q50,imagen3,imagen3,1,0.03302384167909622,data\cache\clean\test\imagen3_eaf94916ce926270\jpeg_q50.jpg
imagen3_f2da05bffbe27dab,jpeg_q50,imagen3,imagen3,1,0.1316978484392166,data\cache\clean\test\imagen3_f2da05bffbe27dab\jpeg_q50.jpg
imagen3_f69a20bda8f47fea,jpeg_q50,imagen3,imagen3,1,0.4335487484931946,data\cache\clean\test\imagen3_f69a20bda8f47fea\jpeg_q50.jpg
imagen3_fa8535259782583b,jpeg_q50,imagen3,imagen3,1,0.024542417377233505,data\cache\clean\test\imagen3_fa8535259782583b\jpeg_q50.jpg
imagen3_fd568a2839353a92,jpeg_q50,imagen3,imagen3,1,0.26271817088127136,data\cache\clean\test\imagen3_fd568a2839353a92\jpeg_q50.jpg
imagen3_fe7048efd51b15b8,jpeg_q50,imagen3,imagen3,1,0.001264859107322991,data\cache\clean\test\imagen3_fe7048efd51b15b8\jpeg_q50.jpg
imagen3_Imagen3_2403,jpeg_q50,imagen3,imagen3,1,0.4244006276130676,data\cache\clean\test\imagen3_Imagen3_2403\jpeg_q50.jpg
imagen3_Imagen3_3556,jpeg_q50,imagen3,imagen3,1,0.003385608782991767,data\cache\clean\test\imagen3_Imagen3_3556\jpeg_q50.jpg
sidset_full_synthetic_033528,jpeg_q50,sidset,full_synthetic,1,0.21657678484916687,data\cache\clean\test\sidset_full_synthetic_033528\jpeg_q50.jpg
sidset_full_synthetic_040322,jpeg_q50,sidset,full_synthetic,1,0.41478171944618225,data\cache\clean\test\sidset_full_synthetic_040322\jpeg_q50.jpg
sidset_full_synthetic_046026,jpeg_q50,sidset,full_synthetic,1,0.0009121178300119936,data\cache\clean\test\sidset_full_synthetic_046026\jpeg_q50.jpg
sidset_full_synthetic_048809,jpeg_q50,sidset,full_synthetic,1,0.48910555243492126,data\cache\clean\test\sidset_full_synthetic_048809\jpeg_q50.jpg
sidset_full_synthetic_060524,jpeg_q50,sidset,full_synthetic,1,6.693683099001646e-05,data\cache\clean\test\sidset_full_synthetic_060524\jpeg_q50.jpg
sidset_full_synthetic_062086,jpeg_q50,sidset,full_synthetic,1,0.0009162927744910121,data\cache\clean\test\sidset_full_synthetic_062086\jpeg_q50.jpg
sidset_full_synthetic_063062,jpeg_q50,sidset,full_synthetic,1,0.039003636687994,data\cache\clean\test\sidset_full_synthetic_063062\jpeg_q50.jpg
stylegan_xl_0097a2e24789bc7a,jpeg_q50,stylegan_xl,stylegan_xl,1,0.0002557980769779533,data\cache\clean\test\stylegan_xl_0097a2e24789bc7a\jpeg_q50.jpg
stylegan_xl_00a4591cf03df584,jpeg_q50,stylegan_xl,stylegan_xl,1,3.0292527299025096e-05,data\cache\clean\test\stylegan_xl_00a4591cf03df584\jpeg_q50.jpg
stylegan_xl_031391f1ab18ab62,jpeg_q50,stylegan_xl,stylegan_xl,1,0.001597542897798121,data\cache\clean\test\stylegan_xl_031391f1ab18ab62\jpeg_q50.jpg
stylegan_xl_0a4244f8a9185bad,jpeg_q50,stylegan_xl,stylegan_xl,1,0.2895220220088959,data\cache\clean\test\stylegan_xl_0a4244f8a9185bad\jpeg_q50.jpg
stylegan_xl_0f7efa4c31bcd8f4,jpeg_q50,stylegan_xl,stylegan_xl,1,2.2212096155271865e-05,data\cache\clean\test\stylegan_xl_0f7efa4c31bcd8f4\jpeg_q50.jpg
stylegan_xl_1060d58257bc5130,jpeg_q50,stylegan_xl,stylegan_xl,1,0.009492659941315651,data\cache\clean\test\stylegan_xl_1060d58257bc5130\jpeg_q50.jpg
stylegan_xl_1440252ff76f525f,jpeg_q50,stylegan_xl,stylegan_xl,1,0.02910689450800419,data\cache\clean\test\stylegan_xl_1440252ff76f525f\jpeg_q50.jpg
stylegan_xl_17f8bf0ef8d2f478,jpeg_q50,stylegan_xl,stylegan_xl,1,0.00414299825206399,data\cache\clean\test\stylegan_xl_17f8bf0ef8d2f478\jpeg_q50.jpg
stylegan_xl_2013fe0d44f84041,jpeg_q50,stylegan_xl,stylegan_xl,1,0.0001366377400700003,data\cache\clean\test\stylegan_xl_2013fe0d44f84041\jpeg_q50.jpg
stylegan_xl_3621cf0be1fc8d68,jpeg_q50,stylegan_xl,stylegan_xl,1,0.013464202173054218,data\cache\clean\test\stylegan_xl_3621cf0be1fc8d68\jpeg_q50.jpg
stylegan_xl_38c489e3b0d8c700,jpeg_q50,stylegan_xl,stylegan_xl,1,0.41873788833618164,data\cache\clean\test\stylegan_xl_38c489e3b0d8c700\jpeg_q50.jpg
stylegan_xl_3b5e18f8fc06450d,jpeg_q50,stylegan_xl,stylegan_xl,1,0.00017149874474853277,data\cache\clean\test\stylegan_xl_3b5e18f8fc06450d\jpeg_q50.jpg
stylegan_xl_43847,jpeg_q50,stylegan_xl,stylegan_xl,1,0.0007325158803723752,data\cache\clean\test\stylegan_xl_43847\jpeg_q50.jpg
stylegan_xl_45602,jpeg_q50,stylegan_xl,stylegan_xl,1,0.09345237910747528,data\cache\clean\test\stylegan_xl_45602\jpeg_q50.jpg
stylegan_xl_48611,jpeg_q50,stylegan_xl,stylegan_xl,1,0.12197940796613693,data\cache\clean\test\stylegan_xl_48611\jpeg_q50.jpg
stylegan_xl_49539,jpeg_q50,stylegan_xl,stylegan_xl,1,0.1276775598526001,data\cache\clean\test\stylegan_xl_49539\jpeg_q50.jpg
stylegan_xl_4f991f9638e28675,jpeg_q50,stylegan_xl,stylegan_xl,1,0.00552055099979043,data\cache\clean\test\stylegan_xl_4f991f9638e28675\jpeg_q50.jpg
stylegan_xl_60ed9d3511d333bf,jpeg_q50,stylegan_xl,stylegan_xl,1,0.0008770327549427748,data\cache\clean\test\stylegan_xl_60ed9d3511d333bf\jpeg_q50.jpg
stylegan_xl_64ffd4ae7d4c7d9a,jpeg_q50,stylegan_xl,stylegan_xl,1,0.4733731746673584,data\cache\clean\test\stylegan_xl_64ffd4ae7d4c7d9a\jpeg_q50.jpg
stylegan_xl_65bb283a1280639e,jpeg_q50,stylegan_xl,stylegan_xl,1,0.024137750267982483,data\cache\clean\test\stylegan_xl_65bb283a1280639e\jpeg_q50.jpg
stylegan_xl_729fee52c5b7f95b,jpeg_q50,stylegan_xl,stylegan_xl,1,0.0034644012339413166,data\cache\clean\test\stylegan_xl_729fee52c5b7f95b\jpeg_q50.jpg
stylegan_xl_7d433e90bcd7bd53,jpeg_q50,stylegan_xl,stylegan_xl,1,1.7378979464410804e-05,data\cache\clean\test\stylegan_xl_7d433e90bcd7bd53\jpeg_q50.jpg
stylegan_xl_80fc8be6e7c11eb3,jpeg_q50,stylegan_xl,stylegan_xl,1,3.7835703551536426e-05,data\cache\clean\test\stylegan_xl_80fc8be6e7c11eb3\jpeg_q50.jpg
stylegan_xl_8f9dfd75dde8914f,jpeg_q50,stylegan_xl,stylegan_xl,1,0.11700964719057083,data\cache\clean\test\stylegan_xl_8f9dfd75dde8914f\jpeg_q50.jpg
stylegan_xl_a1ed16fffc5ecb68,jpeg_q50,stylegan_xl,stylegan_xl,1,0.020411264151334763,data\cache\clean\test\stylegan_xl_a1ed16fffc5ecb68\jpeg_q50.jpg
stylegan_xl_a72f3ace10a8f550,jpeg_q50,stylegan_xl,stylegan_xl,1,3.822180588031188e-06,data\cache\clean\test\stylegan_xl_a72f3ace10a8f550\jpeg_q50.jpg
stylegan_xl_b6abe358484b287a,jpeg_q50,stylegan_xl,stylegan_xl,1,0.06570789217948914,data\cache\clean\test\stylegan_xl_b6abe358484b287a\jpeg_q50.jpg
stylegan_xl_c9421141bcf3a15a,jpeg_q50,stylegan_xl,stylegan_xl,1,0.1892595887184143,data\cache\clean\test\stylegan_xl_c9421141bcf3a15a\jpeg_q50.jpg
stylegan_xl_cccbc1d57a7e095e,jpeg_q50,stylegan_xl,stylegan_xl,1,0.42576900124549866,data\cache\clean\test\stylegan_xl_cccbc1d57a7e095e\jpeg_q50.jpg
stylegan_xl_cf9c332a1ebfb587,jpeg_q50,stylegan_xl,stylegan_xl,1,0.017717909067869186,data\cache\clean\test\stylegan_xl_cf9c332a1ebfb587\jpeg_q50.jpg
stylegan_xl_d686a15f05d09472,jpeg_q50,stylegan_xl,stylegan_xl,1,0.001560769509524107,data\cache\clean\test\stylegan_xl_d686a15f05d09472\jpeg_q50.jpg
stylegan_xl_d7c4ece8c8a01de0,jpeg_q50,stylegan_xl,stylegan_xl,1,0.12031537294387817,data\cache\clean\test\stylegan_xl_d7c4ece8c8a01de0\jpeg_q50.jpg
stylegan_xl_e4b8e7ef72cabaf2,jpeg_q50,stylegan_xl,stylegan_xl,1,0.0001608142483746633,data\cache\clean\test\stylegan_xl_e4b8e7ef72cabaf2\jpeg_q50.jpg
stylegan_xl_f2ea3473d8b1a62f,jpeg_q50,stylegan_xl,stylegan_xl,1,0.001805798034183681,data\cache\clean\test\stylegan_xl_f2ea3473d8b1a62f\jpeg_q50.jpg
stylegan_xl_fef6a66b8deaa7ab,jpeg_q50,stylegan_xl,stylegan_xl,1,1.1755571904359385e-05,data\cache\clean\test\stylegan_xl_fef6a66b8deaa7ab\jpeg_q50.jpg
cifake_1028 (10),jpeg_q70,cifake,stable_diffusion,1,0.48624908924102783,data\cache\clean\test\cifake_1028 (10)\jpeg_q70.jpg
cifake_1088 (3),jpeg_q70,cifake,stable_diffusion,1,0.4019315540790558,data\cache\clean\test\cifake_1088 (3)\jpeg_q70.jpg
cifake_1270 (7),jpeg_q70,cifake,stable_diffusion,1,0.4965208172798157,data\cache\clean\test\cifake_1270 (7)\jpeg_q70.jpg
cifake_1297 (6),jpeg_q70,cifake,stable_diffusion,1,0.4638839364051819,data\cache\clean\test\cifake_1297 (6)\jpeg_q70.jpg
cifake_1927 (7),jpeg_q70,cifake,stable_diffusion,1,0.27369216084480286,data\cache\clean\test\cifake_1927 (7)\jpeg_q70.jpg
cifake_1995 (4),jpeg_q70,cifake,stable_diffusion,1,0.4640118181705475,data\cache\clean\test\cifake_1995 (4)\jpeg_q70.jpg
cifake_2286 (2),jpeg_q70,cifake,stable_diffusion,1,0.039169520139694214,data\cache\clean\test\cifake_2286 (2)\jpeg_q70.jpg
cifake_2437 (6),jpeg_q70,cifake,stable_diffusion,1,0.250789999961853,data\cache\clean\test\cifake_2437 (6)\jpeg_q70.jpg
cifake_2790 (9),jpeg_q70,cifake,stable_diffusion,1,0.23768943548202515,data\cache\clean\test\cifake_2790 (9)\jpeg_q70.jpg
cifake_2831,jpeg_q70,cifake,stable_diffusion,1,0.263653039932251,data\cache\clean\test\cifake_2831\jpeg_q70.jpg
cifake_3582 (9),jpeg_q70,cifake,stable_diffusion,1,0.24418865144252777,data\cache\clean\test\cifake_3582 (9)\jpeg_q70.jpg
cifake_3608,jpeg_q70,cifake,stable_diffusion,1,0.49855732917785645,data\cache\clean\test\cifake_3608\jpeg_q70.jpg
cifake_4127 (3),jpeg_q70,cifake,stable_diffusion,1,0.10025444626808167,data\cache\clean\test\cifake_4127 (3)\jpeg_q70.jpg
cifake_4615 (3),jpeg_q70,cifake,stable_diffusion,1,0.15651294589042664,data\cache\clean\test\cifake_4615 (3)\jpeg_q70.jpg
cifake_462 (2),jpeg_q70,cifake,stable_diffusion,1,0.47843819856643677,data\cache\clean\test\cifake_462 (2)\jpeg_q70.jpg
cifake_4670 (4),jpeg_q70,cifake,stable_diffusion,1,0.40438112616539,data\cache\clean\test\cifake_4670 (4)\jpeg_q70.jpg
cifake_4682 (7),jpeg_q70,cifake,stable_diffusion,1,0.39644601941108704,data\cache\clean\test\cifake_4682 (7)\jpeg_q70.jpg
cifake_5607 (3),jpeg_q70,cifake,stable_diffusion,1,0.13696642220020294,data\cache\clean\test\cifake_5607 (3)\jpeg_q70.jpg
cifake_954 (9),jpeg_q70,cifake,stable_diffusion,1,0.07986404001712799,data\cache\clean\test\cifake_954 (9)\jpeg_q70.jpg
dalle_19590,jpeg_q70,dalle,dalle,1,0.00436111306771636,data\cache\clean\test\dalle_19590\jpeg_q70.jpg
dalle_20080,jpeg_q70,dalle,dalle,1,0.22234725952148438,data\cache\clean\test\dalle_20080\jpeg_q70.jpg
dalle_2561,jpeg_q70,dalle,dalle,1,0.42310404777526855,data\cache\clean\test\dalle_2561\jpeg_q70.jpg
dalle_33159,jpeg_q70,dalle,dalle,1,0.03440963476896286,data\cache\clean\test\dalle_33159\jpeg_q70.jpg
dalle_35682,jpeg_q70,dalle,dalle,1,0.15996195375919342,data\cache\clean\test\dalle_35682\jpeg_q70.jpg
dalle_3c589aa7fd4a6705f1fd7918daf4ffb9,jpeg_q70,dalle,dalle,1,0.4452224373817444,data\cache\clean\test\dalle_3c589aa7fd4a6705f1fd7918daf4ffb9\jpeg_q70.jpg
dalle_40387,jpeg_q70,dalle,dalle,1,0.29585760831832886,data\cache\clean\test\dalle_40387\jpeg_q70.jpg
dalle_41791,jpeg_q70,dalle,dalle,1,0.032171450555324554,data\cache\clean\test\dalle_41791\jpeg_q70.jpg
dalle_6481,jpeg_q70,dalle,dalle,1,0.003560870885848999,data\cache\clean\test\dalle_6481\jpeg_q70.jpg
dalle_6f0f61883f111368d770c54801f33449,jpeg_q70,dalle,dalle,1,0.009154519066214561,data\cache\clean\test\dalle_6f0f61883f111368d770c54801f33449\jpeg_q70.jpg
dalle_8017,jpeg_q70,dalle,dalle,1,0.39384934306144714,data\cache\clean\test\dalle_8017\jpeg_q70.jpg
dalle_9068,jpeg_q70,dalle,dalle,1,0.1465732753276825,data\cache\clean\test\dalle_9068\jpeg_q70.jpg
gigagan_01605,jpeg_q70,gigagan,gigagan,1,0.012858493253588676,data\cache\clean\test\gigagan_01605\jpeg_q70.jpg
gigagan_05738,jpeg_q70,gigagan,gigagan,1,0.019949739798903465,data\cache\clean\test\gigagan_05738\jpeg_q70.jpg
gigagan_06526,jpeg_q70,gigagan,gigagan,1,0.20731255412101746,data\cache\clean\test\gigagan_06526\jpeg_q70.jpg
gigagan_07350,jpeg_q70,gigagan,gigagan,1,0.10607927292585373,data\cache\clean\test\gigagan_07350\jpeg_q70.jpg
gigagan_10024,jpeg_q70,gigagan,gigagan,1,0.010486855171620846,data\cache\clean\test\gigagan_10024\jpeg_q70.jpg
gigagan_10914,jpeg_q70,gigagan,gigagan,1,0.00019117430201731622,data\cache\clean\test\gigagan_10914\jpeg_q70.jpg
gigagan_14071,jpeg_q70,gigagan,gigagan,1,9.672938858784619e-07,data\cache\clean\test\gigagan_14071\jpeg_q70.jpg
gigagan_14946,jpeg_q70,gigagan,gigagan,1,0.3729879558086395,data\cache\clean\test\gigagan_14946\jpeg_q70.jpg
gigagan_15454,jpeg_q70,gigagan,gigagan,1,0.4368760883808136,data\cache\clean\test\gigagan_15454\jpeg_q70.jpg
gigagan_15561,jpeg_q70,gigagan,gigagan,1,0.09335257112979889,data\cache\clean\test\gigagan_15561\jpeg_q70.jpg
gigagan_17666,jpeg_q70,gigagan,gigagan,1,0.011731921695172787,data\cache\clean\test\gigagan_17666\jpeg_q70.jpg
gigagan_20327,jpeg_q70,gigagan,gigagan,1,0.3996080458164215,data\cache\clean\test\gigagan_20327\jpeg_q70.jpg
gigagan_21611,jpeg_q70,gigagan,gigagan,1,0.23801720142364502,data\cache\clean\test\gigagan_21611\jpeg_q70.jpg
gigagan_23134,jpeg_q70,gigagan,gigagan,1,0.20584098994731903,data\cache\clean\test\gigagan_23134\jpeg_q70.jpg
gigagan_24679,jpeg_q70,gigagan,gigagan,1,0.0329979807138443,data\cache\clean\test\gigagan_24679\jpeg_q70.jpg
gigagan_25090,jpeg_q70,gigagan,gigagan,1,0.000891766685526818,data\cache\clean\test\gigagan_25090\jpeg_q70.jpg
gigagan_25645,jpeg_q70,gigagan,gigagan,1,0.031107503920793533,data\cache\clean\test\gigagan_25645\jpeg_q70.jpg
gigagan_28900,jpeg_q70,gigagan,gigagan,1,0.46312984824180603,data\cache\clean\test\gigagan_28900\jpeg_q70.jpg
imagen3_045e6da6fd7f6fb0,jpeg_q70,imagen3,imagen3,1,1.8114695194526576e-05,data\cache\clean\test\imagen3_045e6da6fd7f6fb0\jpeg_q70.jpg
imagen3_07747d6ffd056bee,jpeg_q70,imagen3,imagen3,1,0.03445511311292648,data\cache\clean\test\imagen3_07747d6ffd056bee\jpeg_q70.jpg
imagen3_13ed1f9391224848,jpeg_q70,imagen3,imagen3,1,0.07585988193750381,data\cache\clean\test\imagen3_13ed1f9391224848\jpeg_q70.jpg
imagen3_17643da56f35c6f7,jpeg_q70,imagen3,imagen3,1,9.382131338497857e-07,data\cache\clean\test\imagen3_17643da56f35c6f7\jpeg_q70.jpg
imagen3_17919c9ffd792ad9,jpeg_q70,imagen3,imagen3,1,0.0736081674695015,data\cache\clean\test\imagen3_17919c9ffd792ad9\jpeg_q70.jpg
imagen3_1fe9a0379cffa709,jpeg_q70,imagen3,imagen3,1,0.07911185175180435,data\cache\clean\test\imagen3_1fe9a0379cffa709\jpeg_q70.jpg
imagen3_24e64d19ddde11cb,jpeg_q70,imagen3,imagen3,1,2.5069686326872898e-09,data\cache\clean\test\imagen3_24e64d19ddde11cb\jpeg_q70.jpg
imagen3_260ae6b06f1f50e2,jpeg_q70,imagen3,imagen3,1,0.0004915430909022689,data\cache\clean\test\imagen3_260ae6b06f1f50e2\jpeg_q70.jpg
imagen3_3403b18fc93acbfc,jpeg_q70,imagen3,imagen3,1,0.01807343401014805,data\cache\clean\test\imagen3_3403b18fc93acbfc\jpeg_q70.jpg
imagen3_43058,jpeg_q70,imagen3,imagen3,1,0.0014028055593371391,data\cache\clean\test\imagen3_43058\jpeg_q70.jpg
imagen3_43180,jpeg_q70,imagen3,imagen3,1,0.30241671204566956,data\cache\clean\test\imagen3_43180\jpeg_q70.jpg
imagen3_43208,jpeg_q70,imagen3,imagen3,1,0.47066959738731384,data\cache\clean\test\imagen3_43208\jpeg_q70.jpg
imagen3_44015,jpeg_q70,imagen3,imagen3,1,0.0006862861919216812,data\cache\clean\test\imagen3_44015\jpeg_q70.jpg
imagen3_44075,jpeg_q70,imagen3,imagen3,1,0.051212143152952194,data\cache\clean\test\imagen3_44075\jpeg_q70.jpg
imagen3_44476,jpeg_q70,imagen3,imagen3,1,0.058384861797094345,data\cache\clean\test\imagen3_44476\jpeg_q70.jpg
imagen3_46922,jpeg_q70,imagen3,imagen3,1,0.27829509973526,data\cache\clean\test\imagen3_46922\jpeg_q70.jpg
imagen3_473ffc5e3d5dc373,jpeg_q70,imagen3,imagen3,1,0.13489283621311188,data\cache\clean\test\imagen3_473ffc5e3d5dc373\jpeg_q70.jpg
imagen3_519f5c348fe55fcd,jpeg_q70,imagen3,imagen3,1,7.207829912658781e-05,data\cache\clean\test\imagen3_519f5c348fe55fcd\jpeg_q70.jpg
imagen3_52115,jpeg_q70,imagen3,imagen3,1,0.41490742564201355,data\cache\clean\test\imagen3_52115\jpeg_q70.jpg
imagen3_52520,jpeg_q70,imagen3,imagen3,1,0.023686770349740982,data\cache\clean\test\imagen3_52520\jpeg_q70.jpg
imagen3_53132,jpeg_q70,imagen3,imagen3,1,0.3677459955215454,data\cache\clean\test\imagen3_53132\jpeg_q70.jpg
imagen3_560ead164dab63a5,jpeg_q70,imagen3,imagen3,1,0.010826198384165764,data\cache\clean\test\imagen3_560ead164dab63a5\jpeg_q70.jpg
imagen3_5e95809bd47d157b,jpeg_q70,imagen3,imagen3,1,0.0006251163431443274,data\cache\clean\test\imagen3_5e95809bd47d157b\jpeg_q70.jpg
imagen3_69467160e53f71bc,jpeg_q70,imagen3,imagen3,1,0.04888508468866348,data\cache\clean\test\imagen3_69467160e53f71bc\jpeg_q70.jpg
imagen3_6a8270ea182a9194,jpeg_q70,imagen3,imagen3,1,1.617937050468754e-05,data\cache\clean\test\imagen3_6a8270ea182a9194\jpeg_q70.jpg
imagen3_6c7624322b04ce43,jpeg_q70,imagen3,imagen3,1,6.775766792088689e-07,data\cache\clean\test\imagen3_6c7624322b04ce43\jpeg_q70.jpg
imagen3_77fb2d4f372634f8,jpeg_q70,imagen3,imagen3,1,0.0007307293126359582,data\cache\clean\test\imagen3_77fb2d4f372634f8\jpeg_q70.jpg
imagen3_7ee1485909c59826,jpeg_q70,imagen3,imagen3,1,0.07819873094558716,data\cache\clean\test\imagen3_7ee1485909c59826\jpeg_q70.jpg
imagen3_8b13dc3bff918841,jpeg_q70,imagen3,imagen3,1,0.037833329290151596,data\cache\clean\test\imagen3_8b13dc3bff918841\jpeg_q70.jpg
imagen3_8c20e4bf83ffff36,jpeg_q70,imagen3,imagen3,1,0.060247138142585754,data\cache\clean\test\imagen3_8c20e4bf83ffff36\jpeg_q70.jpg
imagen3_9e82651e214a25c8,jpeg_q70,imagen3,imagen3,1,0.00512853404507041,data\cache\clean\test\imagen3_9e82651e214a25c8\jpeg_q70.jpg
imagen3_aa13646e437b7afa,jpeg_q70,imagen3,imagen3,1,0.06660628318786621,data\cache\clean\test\imagen3_aa13646e437b7afa\jpeg_q70.jpg
imagen3_ad860df8c2a1a848,jpeg_q70,imagen3,imagen3,1,0.00037348270416259766,data\cache\clean\test\imagen3_ad860df8c2a1a848\jpeg_q70.jpg
imagen3_b69c9976ced306d1,jpeg_q70,imagen3,imagen3,1,0.01046687737107277,data\cache\clean\test\imagen3_b69c9976ced306d1\jpeg_q70.jpg
imagen3_ca44bb7db1e73a9a,jpeg_q70,imagen3,imagen3,1,0.0018073795363307,data\cache\clean\test\imagen3_ca44bb7db1e73a9a\jpeg_q70.jpg
imagen3_d326e7c87fb1d966,jpeg_q70,imagen3,imagen3,1,0.09871888160705566,data\cache\clean\test\imagen3_d326e7c87fb1d966\jpeg_q70.jpg
imagen3_e63f3b6f8bdee43a,jpeg_q70,imagen3,imagen3,1,2.3207763661048375e-05,data\cache\clean\test\imagen3_e63f3b6f8bdee43a\jpeg_q70.jpg
imagen3_eaf94916ce926270,jpeg_q70,imagen3,imagen3,1,0.020995263010263443,data\cache\clean\test\imagen3_eaf94916ce926270\jpeg_q70.jpg
imagen3_f2da05bffbe27dab,jpeg_q70,imagen3,imagen3,1,0.13049474358558655,data\cache\clean\test\imagen3_f2da05bffbe27dab\jpeg_q70.jpg
imagen3_f69a20bda8f47fea,jpeg_q70,imagen3,imagen3,1,0.43100544810295105,data\cache\clean\test\imagen3_f69a20bda8f47fea\jpeg_q70.jpg
imagen3_fd568a2839353a92,jpeg_q70,imagen3,imagen3,1,0.27379199862480164,data\cache\clean\test\imagen3_fd568a2839353a92\jpeg_q70.jpg
imagen3_fe7048efd51b15b8,jpeg_q70,imagen3,imagen3,1,0.00024976537679322064,data\cache\clean\test\imagen3_fe7048efd51b15b8\jpeg_q70.jpg
imagen3_Imagen3_2403,jpeg_q70,imagen3,imagen3,1,0.1560240387916565,data\cache\clean\test\imagen3_Imagen3_2403\jpeg_q70.jpg
imagen3_Imagen3_2445,jpeg_q70,imagen3,imagen3,1,0.37184956669807434,data\cache\clean\test\imagen3_Imagen3_2445\jpeg_q70.jpg
imagen3_Imagen3_3556,jpeg_q70,imagen3,imagen3,1,0.008872218430042267,data\cache\clean\test\imagen3_Imagen3_3556\jpeg_q70.jpg
sidset_full_synthetic_033528,jpeg_q70,sidset,full_synthetic,1,0.03763045743107796,data\cache\clean\test\sidset_full_synthetic_033528\jpeg_q70.jpg
sidset_full_synthetic_040322,jpeg_q70,sidset,full_synthetic,1,0.19804219901561737,data\cache\clean\test\sidset_full_synthetic_040322\jpeg_q70.jpg
sidset_full_synthetic_046026,jpeg_q70,sidset,full_synthetic,1,0.0028819250874221325,data\cache\clean\test\sidset_full_synthetic_046026\jpeg_q70.jpg
sidset_full_synthetic_059810,jpeg_q70,sidset,full_synthetic,1,0.490405797958374,data\cache\clean\test\sidset_full_synthetic_059810\jpeg_q70.jpg
sidset_full_synthetic_060524,jpeg_q70,sidset,full_synthetic,1,1.50828336700215e-05,data\cache\clean\test\sidset_full_synthetic_060524\jpeg_q70.jpg
sidset_full_synthetic_062086,jpeg_q70,sidset,full_synthetic,1,0.00040448823710903525,data\cache\clean\test\sidset_full_synthetic_062086\jpeg_q70.jpg
sidset_full_synthetic_063062,jpeg_q70,sidset,full_synthetic,1,0.4835927486419678,data\cache\clean\test\sidset_full_synthetic_063062\jpeg_q70.jpg
stylegan_xl_0097a2e24789bc7a,jpeg_q70,stylegan_xl,stylegan_xl,1,0.0014933007769286633,data\cache\clean\test\stylegan_xl_0097a2e24789bc7a\jpeg_q70.jpg
stylegan_xl_00a4591cf03df584,jpeg_q70,stylegan_xl,stylegan_xl,1,0.00026370101841166615,data\cache\clean\test\stylegan_xl_00a4591cf03df584\jpeg_q70.jpg
stylegan_xl_031391f1ab18ab62,jpeg_q70,stylegan_xl,stylegan_xl,1,0.0020359561312943697,data\cache\clean\test\stylegan_xl_031391f1ab18ab62\jpeg_q70.jpg
stylegan_xl_0a4244f8a9185bad,jpeg_q70,stylegan_xl,stylegan_xl,1,0.4067251980304718,data\cache\clean\test\stylegan_xl_0a4244f8a9185bad\jpeg_q70.jpg
stylegan_xl_0f7efa4c31bcd8f4,jpeg_q70,stylegan_xl,stylegan_xl,1,1.709511343506165e-05,data\cache\clean\test\stylegan_xl_0f7efa4c31bcd8f4\jpeg_q70.jpg
stylegan_xl_1060d58257bc5130,jpeg_q70,stylegan_xl,stylegan_xl,1,0.0021682335063815117,data\cache\clean\test\stylegan_xl_1060d58257bc5130\jpeg_q70.jpg
stylegan_xl_1440252ff76f525f,jpeg_q70,stylegan_xl,stylegan_xl,1,0.020493479445576668,data\cache\clean\test\stylegan_xl_1440252ff76f525f\jpeg_q70.jpg
stylegan_xl_17f8bf0ef8d2f478,jpeg_q70,stylegan_xl,stylegan_xl,1,0.002998743671923876,data\cache\clean\test\stylegan_xl_17f8bf0ef8d2f478\jpeg_q70.jpg
stylegan_xl_2013fe0d44f84041,jpeg_q70,stylegan_xl,stylegan_xl,1,0.00013948902778793126,data\cache\clean\test\stylegan_xl_2013fe0d44f84041\jpeg_q70.jpg
stylegan_xl_324e332686aa6966,jpeg_q70,stylegan_xl,stylegan_xl,1,0.12176195532083511,data\cache\clean\test\stylegan_xl_324e332686aa6966\jpeg_q70.jpg
stylegan_xl_3621cf0be1fc8d68,jpeg_q70,stylegan_xl,stylegan_xl,1,0.014287910424172878,data\cache\clean\test\stylegan_xl_3621cf0be1fc8d68\jpeg_q70.jpg
stylegan_xl_38c489e3b0d8c700,jpeg_q70,stylegan_xl,stylegan_xl,1,0.4356589615345001,data\cache\clean\test\stylegan_xl_38c489e3b0d8c700\jpeg_q70.jpg
stylegan_xl_3b5e18f8fc06450d,jpeg_q70,stylegan_xl,stylegan_xl,1,0.00012842289288528264,data\cache\clean\test\stylegan_xl_3b5e18f8fc06450d\jpeg_q70.jpg
stylegan_xl_43847,jpeg_q70,stylegan_xl,stylegan_xl,1,0.0011661907192319632,data\cache\clean\test\stylegan_xl_43847\jpeg_q70.jpg
stylegan_xl_45602,jpeg_q70,stylegan_xl,stylegan_xl,1,0.19946999847888947,data\cache\clean\test\stylegan_xl_45602\jpeg_q70.jpg
stylegan_xl_48611,jpeg_q70,stylegan_xl,stylegan_xl,1,0.042236268520355225,data\cache\clean\test\stylegan_xl_48611\jpeg_q70.jpg
stylegan_xl_4f991f9638e28675,jpeg_q70,stylegan_xl,stylegan_xl,1,0.0036254008300602436,data\cache\clean\test\stylegan_xl_4f991f9638e28675\jpeg_q70.jpg
stylegan_xl_548aed682dc65ef2,jpeg_q70,stylegan_xl,stylegan_xl,1,0.48080897331237793,data\cache\clean\test\stylegan_xl_548aed682dc65ef2\jpeg_q70.jpg
stylegan_xl_60ed9d3511d333bf,jpeg_q70,stylegan_xl,stylegan_xl,1,0.0013241034466773272,data\cache\clean\test\stylegan_xl_60ed9d3511d333bf\jpeg_q70.jpg
stylegan_xl_65bb283a1280639e,jpeg_q70,stylegan_xl,stylegan_xl,1,0.009610528126358986,data\cache\clean\test\stylegan_xl_65bb283a1280639e\jpeg_q70.jpg
stylegan_xl_729fee52c5b7f95b,jpeg_q70,stylegan_xl,stylegan_xl,1,0.002879002131521702,data\cache\clean\test\stylegan_xl_729fee52c5b7f95b\jpeg_q70.jpg
stylegan_xl_7d433e90bcd7bd53,jpeg_q70,stylegan_xl,stylegan_xl,1,1.7202741219080053e-05,data\cache\clean\test\stylegan_xl_7d433e90bcd7bd53\jpeg_q70.jpg
stylegan_xl_7ffebe6032f8209f,jpeg_q70,stylegan_xl,stylegan_xl,1,0.493747740983963,data\cache\clean\test\stylegan_xl_7ffebe6032f8209f\jpeg_q70.jpg
stylegan_xl_80fc8be6e7c11eb3,jpeg_q70,stylegan_xl,stylegan_xl,1,4.300678847357631e-05,data\cache\clean\test\stylegan_xl_80fc8be6e7c11eb3\jpeg_q70.jpg
stylegan_xl_8f9dfd75dde8914f,jpeg_q70,stylegan_xl,stylegan_xl,1,0.0032772726844996214,data\cache\clean\test\stylegan_xl_8f9dfd75dde8914f\jpeg_q70.jpg
stylegan_xl_a1ed16fffc5ecb68,jpeg_q70,stylegan_xl,stylegan_xl,1,0.0044803377240896225,data\cache\clean\test\stylegan_xl_a1ed16fffc5ecb68\jpeg_q70.jpg
stylegan_xl_a72f3ace10a8f550,jpeg_q70,stylegan_xl,stylegan_xl,1,2.9599123081425205e-05,data\cache\clean\test\stylegan_xl_a72f3ace10a8f550\jpeg_q70.jpg
stylegan_xl_b6abe358484b287a,jpeg_q70,stylegan_xl,stylegan_xl,1,0.1254180371761322,data\cache\clean\test\stylegan_xl_b6abe358484b287a\jpeg_q70.jpg
stylegan_xl_c9421141bcf3a15a,jpeg_q70,stylegan_xl,stylegan_xl,1,0.07046905159950256,data\cache\clean\test\stylegan_xl_c9421141bcf3a15a\jpeg_q70.jpg
stylegan_xl_cccbc1d57a7e095e,jpeg_q70,stylegan_xl,stylegan_xl,1,0.4918842613697052,data\cache\clean\test\stylegan_xl_cccbc1d57a7e095e\jpeg_q70.jpg
stylegan_xl_cf9c332a1ebfb587,jpeg_q70,stylegan_xl,stylegan_xl,1,0.03087499924004078,data\cache\clean\test\stylegan_xl_cf9c332a1ebfb587\jpeg_q70.jpg
stylegan_xl_d686a15f05d09472,jpeg_q70,stylegan_xl,stylegan_xl,1,0.0037906328216195107,data\cache\clean\test\stylegan_xl_d686a15f05d09472\jpeg_q70.jpg
stylegan_xl_d7c4ece8c8a01de0,jpeg_q70,stylegan_xl,stylegan_xl,1,0.10483971238136292,data\cache\clean\test\stylegan_xl_d7c4ece8c8a01de0\jpeg_q70.jpg
stylegan_xl_e4b8e7ef72cabaf2,jpeg_q70,stylegan_xl,stylegan_xl,1,0.00010343042231397703,data\cache\clean\test\stylegan_xl_e4b8e7ef72cabaf2\jpeg_q70.jpg
stylegan_xl_f2ea3473d8b1a62f,jpeg_q70,stylegan_xl,stylegan_xl,1,0.0016484303632751107,data\cache\clean\test\stylegan_xl_f2ea3473d8b1a62f\jpeg_q70.jpg
stylegan_xl_fef6a66b8deaa7ab,jpeg_q70,stylegan_xl,stylegan_xl,1,1.4294648281065747e-05,data\cache\clean\test\stylegan_xl_fef6a66b8deaa7ab\jpeg_q70.jpg
cifake_1088 (3),jpeg_q90,cifake,stable_diffusion,1,0.46100786328315735,data\cache\clean\test\cifake_1088 (3)\jpeg_q90.jpg
cifake_2286 (2),jpeg_q90,cifake,stable_diffusion,1,0.20015060901641846,data\cache\clean\test\cifake_2286 (2)\jpeg_q90.jpg
cifake_2787 (7),jpeg_q90,cifake,stable_diffusion,1,0.1879957616329193,data\cache\clean\test\cifake_2787 (7)\jpeg_q90.jpg
cifake_2850 (3),jpeg_q90,cifake,stable_diffusion,1,0.1501181274652481,data\cache\clean\test\cifake_2850 (3)\jpeg_q90.jpg
cifake_3379 (8),jpeg_q90,cifake,stable_diffusion,1,0.194478377699852,data\cache\clean\test\cifake_3379 (8)\jpeg_q90.jpg
cifake_3582 (9),jpeg_q90,cifake,stable_diffusion,1,0.05097963288426399,data\cache\clean\test\cifake_3582 (9)\jpeg_q90.jpg
cifake_4127 (3),jpeg_q90,cifake,stable_diffusion,1,0.220485657453537,data\cache\clean\test\cifake_4127 (3)\jpeg_q90.jpg
cifake_4615 (3),jpeg_q90,cifake,stable_diffusion,1,0.1028471514582634,data\cache\clean\test\cifake_4615 (3)\jpeg_q90.jpg
cifake_4682 (7),jpeg_q90,cifake,stable_diffusion,1,0.4150913953781128,data\cache\clean\test\cifake_4682 (7)\jpeg_q90.jpg
cifake_5053 (9),jpeg_q90,cifake,stable_diffusion,1,0.40555593371391296,data\cache\clean\test\cifake_5053 (9)\jpeg_q90.jpg
cifake_5607 (3),jpeg_q90,cifake,stable_diffusion,1,0.05741356685757637,data\cache\clean\test\cifake_5607 (3)\jpeg_q90.jpg
cifake_5831,jpeg_q90,cifake,stable_diffusion,1,0.4707750976085663,data\cache\clean\test\cifake_5831\jpeg_q90.jpg
cifake_5845 (9),jpeg_q90,cifake,stable_diffusion,1,0.23252718150615692,data\cache\clean\test\cifake_5845 (9)\jpeg_q90.jpg
cifake_954 (9),jpeg_q90,cifake,stable_diffusion,1,0.09661432355642319,data\cache\clean\test\cifake_954 (9)\jpeg_q90.jpg
dalle_19590,jpeg_q90,dalle,dalle,1,0.4065653383731842,data\cache\clean\test\dalle_19590\jpeg_q90.jpg
dalle_20080,jpeg_q90,dalle,dalle,1,0.02903139404952526,data\cache\clean\test\dalle_20080\jpeg_q90.jpg
dalle_27029,jpeg_q90,dalle,dalle,1,0.48468276858329773,data\cache\clean\test\dalle_27029\jpeg_q90.jpg
dalle_29659,jpeg_q90,dalle,dalle,1,0.28196409344673157,data\cache\clean\test\dalle_29659\jpeg_q90.jpg
dalle_3007,jpeg_q90,dalle,dalle,1,0.2569997310638428,data\cache\clean\test\dalle_3007\jpeg_q90.jpg
dalle_33159,jpeg_q90,dalle,dalle,1,0.2096450924873352,data\cache\clean\test\dalle_33159\jpeg_q90.jpg
dalle_41791,jpeg_q90,dalle,dalle,1,0.27549511194229126,data\cache\clean\test\dalle_41791\jpeg_q90.jpg
dalle_6481,jpeg_q90,dalle,dalle,1,0.11982430517673492,data\cache\clean\test\dalle_6481\jpeg_q90.jpg
dalle_6f0f61883f111368d770c54801f33449,jpeg_q90,dalle,dalle,1,0.012896498665213585,data\cache\clean\test\dalle_6f0f61883f111368d770c54801f33449\jpeg_q90.jpg
dalle_8017,jpeg_q90,dalle,dalle,1,0.29634496569633484,data\cache\clean\test\dalle_8017\jpeg_q90.jpg
dalle_9068,jpeg_q90,dalle,dalle,1,0.018521878868341446,data\cache\clean\test\dalle_9068\jpeg_q90.jpg
gigagan_01605,jpeg_q90,gigagan,gigagan,1,0.035600606352090836,data\cache\clean\test\gigagan_01605\jpeg_q90.jpg
gigagan_03422,jpeg_q90,gigagan,gigagan,1,0.3023228049278259,data\cache\clean\test\gigagan_03422\jpeg_q90.jpg
gigagan_05738,jpeg_q90,gigagan,gigagan,1,0.01624176651239395,data\cache\clean\test\gigagan_05738\jpeg_q90.jpg
gigagan_06526,jpeg_q90,gigagan,gigagan,1,0.06104147806763649,data\cache\clean\test\gigagan_06526\jpeg_q90.jpg
gigagan_09742,jpeg_q90,gigagan,gigagan,1,0.45183491706848145,data\cache\clean\test\gigagan_09742\jpeg_q90.jpg
gigagan_10024,jpeg_q90,gigagan,gigagan,1,0.21270032227039337,data\cache\clean\test\gigagan_10024\jpeg_q90.jpg
gigagan_10914,jpeg_q90,gigagan,gigagan,1,0.0008363571832887828,data\cache\clean\test\gigagan_10914\jpeg_q90.jpg
gigagan_14071,jpeg_q90,gigagan,gigagan,1,8.467696375191736e-07,data\cache\clean\test\gigagan_14071\jpeg_q90.jpg
gigagan_15561,jpeg_q90,gigagan,gigagan,1,0.08068905025720596,data\cache\clean\test\gigagan_15561\jpeg_q90.jpg
gigagan_20327,jpeg_q90,gigagan,gigagan,1,0.04055261239409447,data\cache\clean\test\gigagan_20327\jpeg_q90.jpg
gigagan_21611,jpeg_q90,gigagan,gigagan,1,0.3296845853328705,data\cache\clean\test\gigagan_21611\jpeg_q90.jpg
gigagan_23134,jpeg_q90,gigagan,gigagan,1,0.3407590687274933,data\cache\clean\test\gigagan_23134\jpeg_q90.jpg
gigagan_24679,jpeg_q90,gigagan,gigagan,1,0.03906382620334625,data\cache\clean\test\gigagan_24679\jpeg_q90.jpg
gigagan_25090,jpeg_q90,gigagan,gigagan,1,0.0008721484919078648,data\cache\clean\test\gigagan_25090\jpeg_q90.jpg
imagen3_045e6da6fd7f6fb0,jpeg_q90,imagen3,imagen3,1,3.180585554218851e-05,data\cache\clean\test\imagen3_045e6da6fd7f6fb0\jpeg_q90.jpg
imagen3_07747d6ffd056bee,jpeg_q90,imagen3,imagen3,1,0.060552630573511124,data\cache\clean\test\imagen3_07747d6ffd056bee\jpeg_q90.jpg
imagen3_13ed1f9391224848,jpeg_q90,imagen3,imagen3,1,0.13199873268604279,data\cache\clean\test\imagen3_13ed1f9391224848\jpeg_q90.jpg
imagen3_17643da56f35c6f7,jpeg_q90,imagen3,imagen3,1,2.3556294763693586e-06,data\cache\clean\test\imagen3_17643da56f35c6f7\jpeg_q90.jpg
imagen3_17919c9ffd792ad9,jpeg_q90,imagen3,imagen3,1,0.08057759702205658,data\cache\clean\test\imagen3_17919c9ffd792ad9\jpeg_q90.jpg
imagen3_1fe9a0379cffa709,jpeg_q90,imagen3,imagen3,1,0.031489767134189606,data\cache\clean\test\imagen3_1fe9a0379cffa709\jpeg_q90.jpg
imagen3_24e64d19ddde11cb,jpeg_q90,imagen3,imagen3,1,3.1296996105822927e-09,data\cache\clean\test\imagen3_24e64d19ddde11cb\jpeg_q90.jpg
imagen3_260ae6b06f1f50e2,jpeg_q90,imagen3,imagen3,1,0.00037649914156645536,data\cache\clean\test\imagen3_260ae6b06f1f50e2\jpeg_q90.jpg
imagen3_3403b18fc93acbfc,jpeg_q90,imagen3,imagen3,1,0.09944578260183334,data\cache\clean\test\imagen3_3403b18fc93acbfc\jpeg_q90.jpg
imagen3_43058,jpeg_q90,imagen3,imagen3,1,9.021197183756158e-05,data\cache\clean\test\imagen3_43058\jpeg_q90.jpg
imagen3_43208,jpeg_q90,imagen3,imagen3,1,0.3338177502155304,data\cache\clean\test\imagen3_43208\jpeg_q90.jpg
imagen3_44015,jpeg_q90,imagen3,imagen3,1,0.00025648478185757995,data\cache\clean\test\imagen3_44015\jpeg_q90.jpg
imagen3_44075,jpeg_q90,imagen3,imagen3,1,0.04867555573582649,data\cache\clean\test\imagen3_44075\jpeg_q90.jpg
imagen3_44476,jpeg_q90,imagen3,imagen3,1,0.04943390563130379,data\cache\clean\test\imagen3_44476\jpeg_q90.jpg
imagen3_46922,jpeg_q90,imagen3,imagen3,1,0.19330301880836487,data\cache\clean\test\imagen3_46922\jpeg_q90.jpg
imagen3_473ffc5e3d5dc373,jpeg_q90,imagen3,imagen3,1,0.07962711900472641,data\cache\clean\test\imagen3_473ffc5e3d5dc373\jpeg_q90.jpg
imagen3_48174,jpeg_q90,imagen3,imagen3,1,0.2712196409702301,data\cache\clean\test\imagen3_48174\jpeg_q90.jpg
imagen3_519f5c348fe55fcd,jpeg_q90,imagen3,imagen3,1,0.00013566533743869513,data\cache\clean\test\imagen3_519f5c348fe55fcd\jpeg_q90.jpg
imagen3_52115,jpeg_q90,imagen3,imagen3,1,0.2842969000339508,data\cache\clean\test\imagen3_52115\jpeg_q90.jpg
imagen3_52520,jpeg_q90,imagen3,imagen3,1,0.047028444707393646,data\cache\clean\test\imagen3_52520\jpeg_q90.jpg
imagen3_53132,jpeg_q90,imagen3,imagen3,1,0.13562297821044922,data\cache\clean\test\imagen3_53132\jpeg_q90.jpg
imagen3_560ead164dab63a5,jpeg_q90,imagen3,imagen3,1,0.02063511498272419,data\cache\clean\test\imagen3_560ead164dab63a5\jpeg_q90.jpg
imagen3_5e95809bd47d157b,jpeg_q90,imagen3,imagen3,1,0.0015362779377028346,data\cache\clean\test\imagen3_5e95809bd47d157b\jpeg_q90.jpg
imagen3_69467160e53f71bc,jpeg_q90,imagen3,imagen3,1,0.01791377179324627,data\cache\clean\test\imagen3_69467160e53f71bc\jpeg_q90.jpg
imagen3_6a8270ea182a9194,jpeg_q90,imagen3,imagen3,1,1.3002329069422558e-05,data\cache\clean\test\imagen3_6a8270ea182a9194\jpeg_q90.jpg
imagen3_6c7624322b04ce43,jpeg_q90,imagen3,imagen3,1,6.524088007608952e-07,data\cache\clean\test\imagen3_6c7624322b04ce43\jpeg_q90.jpg
imagen3_77fb2d4f372634f8,jpeg_q90,imagen3,imagen3,1,0.00019601924577727914,data\cache\clean\test\imagen3_77fb2d4f372634f8\jpeg_q90.jpg
imagen3_7ee1485909c59826,jpeg_q90,imagen3,imagen3,1,0.09410349279642105,data\cache\clean\test\imagen3_7ee1485909c59826\jpeg_q90.jpg
imagen3_8b13dc3bff918841,jpeg_q90,imagen3,imagen3,1,0.043896082788705826,data\cache\clean\test\imagen3_8b13dc3bff918841\jpeg_q90.jpg
imagen3_8c20e4bf83ffff36,jpeg_q90,imagen3,imagen3,1,0.0693189725279808,data\cache\clean\test\imagen3_8c20e4bf83ffff36\jpeg_q90.jpg
imagen3_9e82651e214a25c8,jpeg_q90,imagen3,imagen3,1,0.01071030180901289,data\cache\clean\test\imagen3_9e82651e214a25c8\jpeg_q90.jpg
imagen3_aa13646e437b7afa,jpeg_q90,imagen3,imagen3,1,0.06685729324817657,data\cache\clean\test\imagen3_aa13646e437b7afa\jpeg_q90.jpg
imagen3_ad860df8c2a1a848,jpeg_q90,imagen3,imagen3,1,0.0004184746358077973,data\cache\clean\test\imagen3_ad860df8c2a1a848\jpeg_q90.jpg
imagen3_b69c9976ced306d1,jpeg_q90,imagen3,imagen3,1,0.08843069523572922,data\cache\clean\test\imagen3_b69c9976ced306d1\jpeg_q90.jpg
imagen3_ca44bb7db1e73a9a,jpeg_q90,imagen3,imagen3,1,0.0033398722298443317,data\cache\clean\test\imagen3_ca44bb7db1e73a9a\jpeg_q90.jpg
imagen3_d326e7c87fb1d966,jpeg_q90,imagen3,imagen3,1,0.3691508173942566,data\cache\clean\test\imagen3_d326e7c87fb1d966\jpeg_q90.jpg
imagen3_e63f3b6f8bdee43a,jpeg_q90,imagen3,imagen3,1,3.706198185682297e-05,data\cache\clean\test\imagen3_e63f3b6f8bdee43a\jpeg_q90.jpg
imagen3_eaf94916ce926270,jpeg_q90,imagen3,imagen3,1,0.02658875100314617,data\cache\clean\test\imagen3_eaf94916ce926270\jpeg_q90.jpg
imagen3_f2da05bffbe27dab,jpeg_q90,imagen3,imagen3,1,0.20221547782421112,data\cache\clean\test\imagen3_f2da05bffbe27dab\jpeg_q90.jpg
imagen3_f69a20bda8f47fea,jpeg_q90,imagen3,imagen3,1,0.39356333017349243,data\cache\clean\test\imagen3_f69a20bda8f47fea\jpeg_q90.jpg
imagen3_fd568a2839353a92,jpeg_q90,imagen3,imagen3,1,0.24826306104660034,data\cache\clean\test\imagen3_fd568a2839353a92\jpeg_q90.jpg
imagen3_fe7048efd51b15b8,jpeg_q90,imagen3,imagen3,1,0.0004564394475892186,data\cache\clean\test\imagen3_fe7048efd51b15b8\jpeg_q90.jpg
imagen3_Imagen3_2403,jpeg_q90,imagen3,imagen3,1,0.19172406196594238,data\cache\clean\test\imagen3_Imagen3_2403\jpeg_q90.jpg
imagen3_Imagen3_3556,jpeg_q90,imagen3,imagen3,1,0.2820410430431366,data\cache\clean\test\imagen3_Imagen3_3556\jpeg_q90.jpg
sidset_full_synthetic_033528,jpeg_q90,sidset,full_synthetic,1,0.18396896123886108,data\cache\clean\test\sidset_full_synthetic_033528\jpeg_q90.jpg
sidset_full_synthetic_046026,jpeg_q90,sidset,full_synthetic,1,0.002933820243924856,data\cache\clean\test\sidset_full_synthetic_046026\jpeg_q90.jpg
sidset_full_synthetic_060524,jpeg_q90,sidset,full_synthetic,1,0.00042545486940070987,data\cache\clean\test\sidset_full_synthetic_060524\jpeg_q90.jpg
sidset_full_synthetic_062086,jpeg_q90,sidset,full_synthetic,1,0.001922407653182745,data\cache\clean\test\sidset_full_synthetic_062086\jpeg_q90.jpg
stylegan_xl_0097a2e24789bc7a,jpeg_q90,stylegan_xl,stylegan_xl,1,0.0015010263305157423,data\cache\clean\test\stylegan_xl_0097a2e24789bc7a\jpeg_q90.jpg
stylegan_xl_00a4591cf03df584,jpeg_q90,stylegan_xl,stylegan_xl,1,6.797484093112871e-05,data\cache\clean\test\stylegan_xl_00a4591cf03df584\jpeg_q90.jpg
stylegan_xl_031391f1ab18ab62,jpeg_q90,stylegan_xl,stylegan_xl,1,0.008981005288660526,data\cache\clean\test\stylegan_xl_031391f1ab18ab62\jpeg_q90.jpg
stylegan_xl_0a4244f8a9185bad,jpeg_q90,stylegan_xl,stylegan_xl,1,0.46894362568855286,data\cache\clean\test\stylegan_xl_0a4244f8a9185bad\jpeg_q90.jpg
stylegan_xl_0f7efa4c31bcd8f4,jpeg_q90,stylegan_xl,stylegan_xl,1,7.044277481327299e-06,data\cache\clean\test\stylegan_xl_0f7efa4c31bcd8f4\jpeg_q90.jpg
stylegan_xl_1060d58257bc5130,jpeg_q90,stylegan_xl,stylegan_xl,1,0.004773020278662443,data\cache\clean\test\stylegan_xl_1060d58257bc5130\jpeg_q90.jpg
stylegan_xl_1440252ff76f525f,jpeg_q90,stylegan_xl,stylegan_xl,1,0.03767291083931923,data\cache\clean\test\stylegan_xl_1440252ff76f525f\jpeg_q90.jpg
stylegan_xl_17f8bf0ef8d2f478,jpeg_q90,stylegan_xl,stylegan_xl,1,0.006584635470062494,data\cache\clean\test\stylegan_xl_17f8bf0ef8d2f478\jpeg_q90.jpg
stylegan_xl_2013fe0d44f84041,jpeg_q90,stylegan_xl,stylegan_xl,1,8.582074224250391e-05,data\cache\clean\test\stylegan_xl_2013fe0d44f84041\jpeg_q90.jpg
stylegan_xl_324e332686aa6966,jpeg_q90,stylegan_xl,stylegan_xl,1,0.4870312511920929,data\cache\clean\test\stylegan_xl_324e332686aa6966\jpeg_q90.jpg
stylegan_xl_3621cf0be1fc8d68,jpeg_q90,stylegan_xl,stylegan_xl,1,0.017601000145077705,data\cache\clean\test\stylegan_xl_3621cf0be1fc8d68\jpeg_q90.jpg
stylegan_xl_38c489e3b0d8c700,jpeg_q90,stylegan_xl,stylegan_xl,1,0.38429105281829834,data\cache\clean\test\stylegan_xl_38c489e3b0d8c700\jpeg_q90.jpg
stylegan_xl_3b5e18f8fc06450d,jpeg_q90,stylegan_xl,stylegan_xl,1,0.0012761178659275174,data\cache\clean\test\stylegan_xl_3b5e18f8fc06450d\jpeg_q90.jpg
stylegan_xl_43847,jpeg_q90,stylegan_xl,stylegan_xl,1,0.0051118447445333,data\cache\clean\test\stylegan_xl_43847\jpeg_q90.jpg
stylegan_xl_45602,jpeg_q90,stylegan_xl,stylegan_xl,1,0.04923965409398079,data\cache\clean\test\stylegan_xl_45602\jpeg_q90.jpg
stylegan_xl_48611,jpeg_q90,stylegan_xl,stylegan_xl,1,0.014190612360835075,data\cache\clean\test\stylegan_xl_48611\jpeg_q90.jpg
stylegan_xl_4f991f9638e28675,jpeg_q90,stylegan_xl,stylegan_xl,1,0.0058342027477920055,data\cache\clean\test\stylegan_xl_4f991f9638e28675\jpeg_q90.jpg
stylegan_xl_548aed682dc65ef2,jpeg_q90,stylegan_xl,stylegan_xl,1,0.49880990386009216,data\cache\clean\test\stylegan_xl_548aed682dc65ef2\jpeg_q90.jpg
stylegan_xl_60ed9d3511d333bf,jpeg_q90,stylegan_xl,stylegan_xl,1,0.0017563941655680537,data\cache\clean\test\stylegan_xl_60ed9d3511d333bf\jpeg_q90.jpg
stylegan_xl_65bb283a1280639e,jpeg_q90,stylegan_xl,stylegan_xl,1,0.008207309991121292,data\cache\clean\test\stylegan_xl_65bb283a1280639e\jpeg_q90.jpg
stylegan_xl_729fee52c5b7f95b,jpeg_q90,stylegan_xl,stylegan_xl,1,0.004627780523151159,data\cache\clean\test\stylegan_xl_729fee52c5b7f95b\jpeg_q90.jpg
stylegan_xl_7d433e90bcd7bd53,jpeg_q90,stylegan_xl,stylegan_xl,1,6.133558781584725e-05,data\cache\clean\test\stylegan_xl_7d433e90bcd7bd53\jpeg_q90.jpg
stylegan_xl_7ffebe6032f8209f,jpeg_q90,stylegan_xl,stylegan_xl,1,0.40596964955329895,data\cache\clean\test\stylegan_xl_7ffebe6032f8209f\jpeg_q90.jpg
stylegan_xl_80fc8be6e7c11eb3,jpeg_q90,stylegan_xl,stylegan_xl,1,3.194784949300811e-05,data\cache\clean\test\stylegan_xl_80fc8be6e7c11eb3\jpeg_q90.jpg
stylegan_xl_8f9dfd75dde8914f,jpeg_q90,stylegan_xl,stylegan_xl,1,0.0005272009293548763,data\cache\clean\test\stylegan_xl_8f9dfd75dde8914f\jpeg_q90.jpg
stylegan_xl_a1ed16fffc5ecb68,jpeg_q90,stylegan_xl,stylegan_xl,1,0.00864089373499155,data\cache\clean\test\stylegan_xl_a1ed16fffc5ecb68\jpeg_q90.jpg
stylegan_xl_a72f3ace10a8f550,jpeg_q90,stylegan_xl,stylegan_xl,1,1.2169082765467465e-05,data\cache\clean\test\stylegan_xl_a72f3ace10a8f550\jpeg_q90.jpg
stylegan_xl_ae09b95535340878,jpeg_q90,stylegan_xl,stylegan_xl,1,0.38542553782463074,data\cache\clean\test\stylegan_xl_ae09b95535340878\jpeg_q90.jpg
stylegan_xl_b6abe358484b287a,jpeg_q90,stylegan_xl,stylegan_xl,1,0.04364154115319252,data\cache\clean\test\stylegan_xl_b6abe358484b287a\jpeg_q90.jpg
stylegan_xl_c9421141bcf3a15a,jpeg_q90,stylegan_xl,stylegan_xl,1,0.469499409198761,data\cache\clean\test\stylegan_xl_c9421141bcf3a15a\jpeg_q90.jpg
stylegan_xl_cf9c332a1ebfb587,jpeg_q90,stylegan_xl,stylegan_xl,1,0.010337071493268013,data\cache\clean\test\stylegan_xl_cf9c332a1ebfb587\jpeg_q90.jpg
stylegan_xl_d686a15f05d09472,jpeg_q90,stylegan_xl,stylegan_xl,1,0.0013777443673461676,data\cache\clean\test\stylegan_xl_d686a15f05d09472\jpeg_q90.jpg
stylegan_xl_d7c4ece8c8a01de0,jpeg_q90,stylegan_xl,stylegan_xl,1,0.01233163382858038,data\cache\clean\test\stylegan_xl_d7c4ece8c8a01de0\jpeg_q90.jpg
stylegan_xl_e4b8e7ef72cabaf2,jpeg_q90,stylegan_xl,stylegan_xl,1,8.743193029658869e-05,data\cache\clean\test\stylegan_xl_e4b8e7ef72cabaf2\jpeg_q90.jpg
stylegan_xl_f2ea3473d8b1a62f,jpeg_q90,stylegan_xl,stylegan_xl,1,0.003214576980099082,data\cache\clean\test\stylegan_xl_f2ea3473d8b1a62f\jpeg_q90.jpg
stylegan_xl_fef6a66b8deaa7ab,jpeg_q90,stylegan_xl,stylegan_xl,1,2.0349957594589796e-06,data\cache\clean\test\stylegan_xl_fef6a66b8deaa7ab\jpeg_q90.jpg
cifake_1028 (10),noise_s0.02,cifake,stable_diffusion,1,0.24915392696857452,data\cache\clean\test\cifake_1028 (10)\noise_s0.02.jpg
cifake_1088 (3),noise_s0.02,cifake,stable_diffusion,1,0.4538975656032562,data\cache\clean\test\cifake_1088 (3)\noise_s0.02.jpg
cifake_1867 (9),noise_s0.02,cifake,stable_diffusion,1,0.19062505662441254,data\cache\clean\test\cifake_1867 (9)\noise_s0.02.jpg
cifake_1937 (8),noise_s0.02,cifake,stable_diffusion,1,0.07238152623176575,data\cache\clean\test\cifake_1937 (8)\noise_s0.02.jpg
cifake_2293 (8),noise_s0.02,cifake,stable_diffusion,1,0.24874849617481232,data\cache\clean\test\cifake_2293 (8)\noise_s0.02.jpg
cifake_2438 (2),noise_s0.02,cifake,stable_diffusion,1,0.15086595714092255,data\cache\clean\test\cifake_2438 (2)\noise_s0.02.jpg
cifake_2509 (6),noise_s0.02,cifake,stable_diffusion,1,0.3688884973526001,data\cache\clean\test\cifake_2509 (6)\noise_s0.02.jpg
cifake_251 (10),noise_s0.02,cifake,stable_diffusion,1,0.4717678427696228,data\cache\clean\test\cifake_251 (10)\noise_s0.02.jpg
cifake_3160,noise_s0.02,cifake,stable_diffusion,1,0.46460598707199097,data\cache\clean\test\cifake_3160\noise_s0.02.jpg
cifake_3217 (6),noise_s0.02,cifake,stable_diffusion,1,0.49807530641555786,data\cache\clean\test\cifake_3217 (6)\noise_s0.02.jpg
cifake_3395 (5),noise_s0.02,cifake,stable_diffusion,1,0.48131290078163147,data\cache\clean\test\cifake_3395 (5)\noise_s0.02.jpg
cifake_406 (3),noise_s0.02,cifake,stable_diffusion,1,0.4362616240978241,data\cache\clean\test\cifake_406 (3)\noise_s0.02.jpg
cifake_4127 (3),noise_s0.02,cifake,stable_diffusion,1,0.18469515442848206,data\cache\clean\test\cifake_4127 (3)\noise_s0.02.jpg
cifake_4457 (9)_1,noise_s0.02,cifake,stable_diffusion,1,0.4757060408592224,data\cache\clean\test\cifake_4457 (9)_1\noise_s0.02.jpg
cifake_4615 (3),noise_s0.02,cifake,stable_diffusion,1,0.09910184144973755,data\cache\clean\test\cifake_4615 (3)\noise_s0.02.jpg
cifake_462 (2),noise_s0.02,cifake,stable_diffusion,1,0.41061732172966003,data\cache\clean\test\cifake_462 (2)\noise_s0.02.jpg
cifake_4746 (3),noise_s0.02,cifake,stable_diffusion,1,0.3760469853878021,data\cache\clean\test\cifake_4746 (3)\noise_s0.02.jpg
cifake_5221 (3),noise_s0.02,cifake,stable_diffusion,1,0.4317743480205536,data\cache\clean\test\cifake_5221 (3)\noise_s0.02.jpg
cifake_5523 (6),noise_s0.02,cifake,stable_diffusion,1,0.2391166239976883,data\cache\clean\test\cifake_5523 (6)\noise_s0.02.jpg
cifake_5777 (3),noise_s0.02,cifake,stable_diffusion,1,0.07530821859836578,data\cache\clean\test\cifake_5777 (3)\noise_s0.02.jpg
cifake_771 (8),noise_s0.02,cifake,stable_diffusion,1,0.2740761339664459,data\cache\clean\test\cifake_771 (8)\noise_s0.02.jpg
cifake_954 (9),noise_s0.02,cifake,stable_diffusion,1,0.2838222086429596,data\cache\clean\test\cifake_954 (9)\noise_s0.02.jpg
dalle_10420,noise_s0.02,dalle,dalle,1,0.42620301246643066,data\cache\clean\test\dalle_10420\noise_s0.02.jpg
dalle_19590,noise_s0.02,dalle,dalle,1,0.21394777297973633,data\cache\clean\test\dalle_19590\noise_s0.02.jpg
dalle_20080,noise_s0.02,dalle,dalle,1,0.11152157187461853,data\cache\clean\test\dalle_20080\noise_s0.02.jpg
dalle_33159,noise_s0.02,dalle,dalle,1,0.12777121365070343,data\cache\clean\test\dalle_33159\noise_s0.02.jpg
dalle_40387,noise_s0.02,dalle,dalle,1,0.3349999189376831,data\cache\clean\test\dalle_40387\noise_s0.02.jpg
dalle_41791,noise_s0.02,dalle,dalle,1,0.0072660925798118114,data\cache\clean\test\dalle_41791\noise_s0.02.jpg
dalle_6481,noise_s0.02,dalle,dalle,1,0.0022827249485999346,data\cache\clean\test\dalle_6481\noise_s0.02.jpg
dalle_6890,noise_s0.02,dalle,dalle,1,0.20995575189590454,data\cache\clean\test\dalle_6890\noise_s0.02.jpg
dalle_6f0f61883f111368d770c54801f33449,noise_s0.02,dalle,dalle,1,0.023154333233833313,data\cache\clean\test\dalle_6f0f61883f111368d770c54801f33449\noise_s0.02.jpg
dalle_8017,noise_s0.02,dalle,dalle,1,0.2893037796020508,data\cache\clean\test\dalle_8017\noise_s0.02.jpg
dalle_9068,noise_s0.02,dalle,dalle,1,0.0411100760102272,data\cache\clean\test\dalle_9068\noise_s0.02.jpg
gigagan_01605,noise_s0.02,gigagan,gigagan,1,0.005166380200535059,data\cache\clean\test\gigagan_01605\noise_s0.02.jpg
gigagan_05738,noise_s0.02,gigagan,gigagan,1,0.0004258679400663823,data\cache\clean\test\gigagan_05738\noise_s0.02.jpg
gigagan_06526,noise_s0.02,gigagan,gigagan,1,0.0450335331261158,data\cache\clean\test\gigagan_06526\noise_s0.02.jpg
gigagan_07350,noise_s0.02,gigagan,gigagan,1,0.26738789677619934,data\cache\clean\test\gigagan_07350\noise_s0.02.jpg
gigagan_10024,noise_s0.02,gigagan,gigagan,1,0.48097357153892517,data\cache\clean\test\gigagan_10024\noise_s0.02.jpg
gigagan_10914,noise_s0.02,gigagan,gigagan,1,0.0004604974528774619,data\cache\clean\test\gigagan_10914\noise_s0.02.jpg
gigagan_14071,noise_s0.02,gigagan,gigagan,1,1.0926132745225914e-05,data\cache\clean\test\gigagan_14071\noise_s0.02.jpg
gigagan_14138,noise_s0.02,gigagan,gigagan,1,0.25155332684516907,data\cache\clean\test\gigagan_14138\noise_s0.02.jpg
gigagan_15454,noise_s0.02,gigagan,gigagan,1,0.3966432511806488,data\cache\clean\test\gigagan_15454\noise_s0.02.jpg
gigagan_15561,noise_s0.02,gigagan,gigagan,1,0.00833035632967949,data\cache\clean\test\gigagan_15561\noise_s0.02.jpg
gigagan_20327,noise_s0.02,gigagan,gigagan,1,0.02343878522515297,data\cache\clean\test\gigagan_20327\noise_s0.02.jpg
gigagan_21611,noise_s0.02,gigagan,gigagan,1,0.16096028685569763,data\cache\clean\test\gigagan_21611\noise_s0.02.jpg
gigagan_24679,noise_s0.02,gigagan,gigagan,1,0.05256887897849083,data\cache\clean\test\gigagan_24679\noise_s0.02.jpg
gigagan_25090,noise_s0.02,gigagan,gigagan,1,0.004079182166606188,data\cache\clean\test\gigagan_25090\noise_s0.02.jpg
gigagan_28945,noise_s0.02,gigagan,gigagan,1,0.26890620589256287,data\cache\clean\test\gigagan_28945\noise_s0.02.jpg
gigagan_29456,noise_s0.02,gigagan,gigagan,1,0.3701396584510803,data\cache\clean\test\gigagan_29456\noise_s0.02.jpg
gigagan_29717,noise_s0.02,gigagan,gigagan,1,0.15726669132709503,data\cache\clean\test\gigagan_29717\noise_s0.02.jpg
imagen3_045e6da6fd7f6fb0,noise_s0.02,imagen3,imagen3,1,3.8931444578338414e-05,data\cache\clean\test\imagen3_045e6da6fd7f6fb0\noise_s0.02.jpg
imagen3_04e3097ac2f57647,noise_s0.02,imagen3,imagen3,1,0.4887855648994446,data\cache\clean\test\imagen3_04e3097ac2f57647\noise_s0.02.jpg
imagen3_07747d6ffd056bee,noise_s0.02,imagen3,imagen3,1,0.026291104033589363,data\cache\clean\test\imagen3_07747d6ffd056bee\noise_s0.02.jpg
imagen3_13ed1f9391224848,noise_s0.02,imagen3,imagen3,1,0.13274012506008148,data\cache\clean\test\imagen3_13ed1f9391224848\noise_s0.02.jpg
imagen3_17643da56f35c6f7,noise_s0.02,imagen3,imagen3,1,1.674354393799149e-06,data\cache\clean\test\imagen3_17643da56f35c6f7\noise_s0.02.jpg
imagen3_17919c9ffd792ad9,noise_s0.02,imagen3,imagen3,1,0.14505772292613983,data\cache\clean\test\imagen3_17919c9ffd792ad9\noise_s0.02.jpg
imagen3_1fe9a0379cffa709,noise_s0.02,imagen3,imagen3,1,0.016154387965798378,data\cache\clean\test\imagen3_1fe9a0379cffa709\noise_s0.02.jpg
imagen3_24e64d19ddde11cb,noise_s0.02,imagen3,imagen3,1,1.8612956509400647e-08,data\cache\clean\test\imagen3_24e64d19ddde11cb\noise_s0.02.jpg
imagen3_260ae6b06f1f50e2,noise_s0.02,imagen3,imagen3,1,0.0009572830167599022,data\cache\clean\test\imagen3_260ae6b06f1f50e2\noise_s0.02.jpg
imagen3_2be4510162a8a76e,noise_s0.02,imagen3,imagen3,1,0.21787050366401672,data\cache\clean\test\imagen3_2be4510162a8a76e\noise_s0.02.jpg
imagen3_3403b18fc93acbfc,noise_s0.02,imagen3,imagen3,1,0.024827824905514717,data\cache\clean\test\imagen3_3403b18fc93acbfc\noise_s0.02.jpg
imagen3_43058,noise_s0.02,imagen3,imagen3,1,0.0004689557245001197,data\cache\clean\test\imagen3_43058\noise_s0.02.jpg
imagen3_44015,noise_s0.02,imagen3,imagen3,1,0.00021095464762765914,data\cache\clean\test\imagen3_44015\noise_s0.02.jpg
imagen3_44075,noise_s0.02,imagen3,imagen3,1,0.18834620714187622,data\cache\clean\test\imagen3_44075\noise_s0.02.jpg
imagen3_44476,noise_s0.02,imagen3,imagen3,1,0.47910240292549133,data\cache\clean\test\imagen3_44476\noise_s0.02.jpg
imagen3_46922,noise_s0.02,imagen3,imagen3,1,0.06914913654327393,data\cache\clean\test\imagen3_46922\noise_s0.02.jpg
imagen3_473ffc5e3d5dc373,noise_s0.02,imagen3,imagen3,1,0.09393993765115738,data\cache\clean\test\imagen3_473ffc5e3d5dc373\noise_s0.02.jpg
imagen3_519f5c348fe55fcd,noise_s0.02,imagen3,imagen3,1,0.0004246467142365873,data\cache\clean\test\imagen3_519f5c348fe55fcd\noise_s0.02.jpg
imagen3_52520,noise_s0.02,imagen3,imagen3,1,0.041637714952230453,data\cache\clean\test\imagen3_52520\noise_s0.02.jpg
imagen3_53132,noise_s0.02,imagen3,imagen3,1,0.02931053563952446,data\cache\clean\test\imagen3_53132\noise_s0.02.jpg
imagen3_560ead164dab63a5,noise_s0.02,imagen3,imagen3,1,0.05037463828921318,data\cache\clean\test\imagen3_560ead164dab63a5\noise_s0.02.jpg
imagen3_5e95809bd47d157b,noise_s0.02,imagen3,imagen3,1,0.010653204284608364,data\cache\clean\test\imagen3_5e95809bd47d157b\noise_s0.02.jpg
imagen3_69467160e53f71bc,noise_s0.02,imagen3,imagen3,1,0.03235100209712982,data\cache\clean\test\imagen3_69467160e53f71bc\noise_s0.02.jpg
imagen3_6a8270ea182a9194,noise_s0.02,imagen3,imagen3,1,0.00012545684876386076,data\cache\clean\test\imagen3_6a8270ea182a9194\noise_s0.02.jpg
imagen3_6c7624322b04ce43,noise_s0.02,imagen3,imagen3,1,1.6563555504944816e-07,data\cache\clean\test\imagen3_6c7624322b04ce43\noise_s0.02.jpg
imagen3_77fb2d4f372634f8,noise_s0.02,imagen3,imagen3,1,0.0005529799382202327,data\cache\clean\test\imagen3_77fb2d4f372634f8\noise_s0.02.jpg
imagen3_7ee1485909c59826,noise_s0.02,imagen3,imagen3,1,0.23831993341445923,data\cache\clean\test\imagen3_7ee1485909c59826\noise_s0.02.jpg
imagen3_8b13dc3bff918841,noise_s0.02,imagen3,imagen3,1,0.037228163331747055,data\cache\clean\test\imagen3_8b13dc3bff918841\noise_s0.02.jpg
imagen3_8c20e4bf83ffff36,noise_s0.02,imagen3,imagen3,1,0.1792517900466919,data\cache\clean\test\imagen3_8c20e4bf83ffff36\noise_s0.02.jpg
imagen3_9e82651e214a25c8,noise_s0.02,imagen3,imagen3,1,0.022365786135196686,data\cache\clean\test\imagen3_9e82651e214a25c8\noise_s0.02.jpg
imagen3_aa13646e437b7afa,noise_s0.02,imagen3,imagen3,1,0.4379938840866089,data\cache\clean\test\imagen3_aa13646e437b7afa\noise_s0.02.jpg
imagen3_ad860df8c2a1a848,noise_s0.02,imagen3,imagen3,1,0.005062632262706757,data\cache\clean\test\imagen3_ad860df8c2a1a848\noise_s0.02.jpg
imagen3_b69c9976ced306d1,noise_s0.02,imagen3,imagen3,1,0.04206573963165283,data\cache\clean\test\imagen3_b69c9976ced306d1\noise_s0.02.jpg
imagen3_ca44bb7db1e73a9a,noise_s0.02,imagen3,imagen3,1,0.000181740295374766,data\cache\clean\test\imagen3_ca44bb7db1e73a9a\noise_s0.02.jpg
imagen3_e63f3b6f8bdee43a,noise_s0.02,imagen3,imagen3,1,0.0003072198014706373,data\cache\clean\test\imagen3_e63f3b6f8bdee43a\noise_s0.02.jpg
imagen3_eaf94916ce926270,noise_s0.02,imagen3,imagen3,1,0.027099011465907097,data\cache\clean\test\imagen3_eaf94916ce926270\noise_s0.02.jpg
imagen3_f69a20bda8f47fea,noise_s0.02,imagen3,imagen3,1,0.11754677444696426,data\cache\clean\test\imagen3_f69a20bda8f47fea\noise_s0.02.jpg
imagen3_fd568a2839353a92,noise_s0.02,imagen3,imagen3,1,0.16128894686698914,data\cache\clean\test\imagen3_fd568a2839353a92\noise_s0.02.jpg
imagen3_fe7048efd51b15b8,noise_s0.02,imagen3,imagen3,1,0.002190160797908902,data\cache\clean\test\imagen3_fe7048efd51b15b8\noise_s0.02.jpg
imagen3_Imagen3_3546,noise_s0.02,imagen3,imagen3,1,0.06570123136043549,data\cache\clean\test\imagen3_Imagen3_3546\noise_s0.02.jpg
imagen3_Imagen3_3556,noise_s0.02,imagen3,imagen3,1,0.2262350171804428,data\cache\clean\test\imagen3_Imagen3_3556\noise_s0.02.jpg
sidset_full_synthetic_001692,noise_s0.02,sidset,full_synthetic,1,0.36766496300697327,data\cache\clean\test\sidset_full_synthetic_001692\noise_s0.02.jpg
sidset_full_synthetic_003461,noise_s0.02,sidset,full_synthetic,1,0.033063482493162155,data\cache\clean\test\sidset_full_synthetic_003461\noise_s0.02.jpg
sidset_full_synthetic_004754,noise_s0.02,sidset,full_synthetic,1,0.453386515378952,data\cache\clean\test\sidset_full_synthetic_004754\noise_s0.02.jpg
sidset_full_synthetic_033528,noise_s0.02,sidset,full_synthetic,1,0.4335070550441742,data\cache\clean\test\sidset_full_synthetic_033528\noise_s0.02.jpg
sidset_full_synthetic_048809,noise_s0.02,sidset,full_synthetic,1,0.0963236540555954,data\cache\clean\test\sidset_full_synthetic_048809\noise_s0.02.jpg
sidset_full_synthetic_060524,noise_s0.02,sidset,full_synthetic,1,9.121288894675672e-05,data\cache\clean\test\sidset_full_synthetic_060524\noise_s0.02.jpg
sidset_full_synthetic_062086,noise_s0.02,sidset,full_synthetic,1,0.0004201470292173326,data\cache\clean\test\sidset_full_synthetic_062086\noise_s0.02.jpg
sidset_full_synthetic_063062,noise_s0.02,sidset,full_synthetic,1,0.17422807216644287,data\cache\clean\test\sidset_full_synthetic_063062\noise_s0.02.jpg
sidset_full_synthetic_068023,noise_s0.02,sidset,full_synthetic,1,0.2505982220172882,data\cache\clean\test\sidset_full_synthetic_068023\noise_s0.02.jpg
stylegan_xl_0097a2e24789bc7a,noise_s0.02,stylegan_xl,stylegan_xl,1,0.004039136227220297,data\cache\clean\test\stylegan_xl_0097a2e24789bc7a\noise_s0.02.jpg
stylegan_xl_00a4591cf03df584,noise_s0.02,stylegan_xl,stylegan_xl,1,0.00015783609705977142,data\cache\clean\test\stylegan_xl_00a4591cf03df584\noise_s0.02.jpg
stylegan_xl_031391f1ab18ab62,noise_s0.02,stylegan_xl,stylegan_xl,1,0.01247602142393589,data\cache\clean\test\stylegan_xl_031391f1ab18ab62\noise_s0.02.jpg
stylegan_xl_0a4244f8a9185bad,noise_s0.02,stylegan_xl,stylegan_xl,1,0.20622378587722778,data\cache\clean\test\stylegan_xl_0a4244f8a9185bad\noise_s0.02.jpg
stylegan_xl_0f7efa4c31bcd8f4,noise_s0.02,stylegan_xl,stylegan_xl,1,1.1630711014731787e-05,data\cache\clean\test\stylegan_xl_0f7efa4c31bcd8f4\noise_s0.02.jpg
stylegan_xl_1060d58257bc5130,noise_s0.02,stylegan_xl,stylegan_xl,1,0.024470774456858635,data\cache\clean\test\stylegan_xl_1060d58257bc5130\noise_s0.02.jpg
stylegan_xl_1440252ff76f525f,noise_s0.02,stylegan_xl,stylegan_xl,1,0.06674829870462418,data\cache\clean\test\stylegan_xl_1440252ff76f525f\noise_s0.02.jpg
stylegan_xl_17f8bf0ef8d2f478,noise_s0.02,stylegan_xl,stylegan_xl,1,0.0017265904461964965,data\cache\clean\test\stylegan_xl_17f8bf0ef8d2f478\noise_s0.02.jpg
stylegan_xl_2013fe0d44f84041,noise_s0.02,stylegan_xl,stylegan_xl,1,0.001863235142081976,data\cache\clean\test\stylegan_xl_2013fe0d44f84041\noise_s0.02.jpg
stylegan_xl_3621cf0be1fc8d68,noise_s0.02,stylegan_xl,stylegan_xl,1,0.015890903770923615,data\cache\clean\test\stylegan_xl_3621cf0be1fc8d68\noise_s0.02.jpg
stylegan_xl_38c489e3b0d8c700,noise_s0.02,stylegan_xl,stylegan_xl,1,0.42256540060043335,data\cache\clean\test\stylegan_xl_38c489e3b0d8c700\noise_s0.02.jpg
stylegan_xl_3b5e18f8fc06450d,noise_s0.02,stylegan_xl,stylegan_xl,1,0.00425470806658268,data\cache\clean\test\stylegan_xl_3b5e18f8fc06450d\noise_s0.02.jpg
stylegan_xl_43847,noise_s0.02,stylegan_xl,stylegan_xl,1,0.0036184692289680243,data\cache\clean\test\stylegan_xl_43847\noise_s0.02.jpg
stylegan_xl_45400,noise_s0.02,stylegan_xl,stylegan_xl,1,0.276162326335907,data\cache\clean\test\stylegan_xl_45400\noise_s0.02.jpg
stylegan_xl_45602,noise_s0.02,stylegan_xl,stylegan_xl,1,0.028600240126252174,data\cache\clean\test\stylegan_xl_45602\noise_s0.02.jpg
stylegan_xl_48611,noise_s0.02,stylegan_xl,stylegan_xl,1,0.011137893423438072,data\cache\clean\test\stylegan_xl_48611\noise_s0.02.jpg
stylegan_xl_4f991f9638e28675,noise_s0.02,stylegan_xl,stylegan_xl,1,0.012086531147360802,data\cache\clean\test\stylegan_xl_4f991f9638e28675\noise_s0.02.jpg
stylegan_xl_53453,noise_s0.02,stylegan_xl,stylegan_xl,1,0.029295222833752632,data\cache\clean\test\stylegan_xl_53453\noise_s0.02.jpg
stylegan_xl_60ed9d3511d333bf,noise_s0.02,stylegan_xl,stylegan_xl,1,0.001548398402519524,data\cache\clean\test\stylegan_xl_60ed9d3511d333bf\noise_s0.02.jpg
stylegan_xl_65bb283a1280639e,noise_s0.02,stylegan_xl,stylegan_xl,1,0.028124703094363213,data\cache\clean\test\stylegan_xl_65bb283a1280639e\noise_s0.02.jpg
stylegan_xl_729fee52c5b7f95b,noise_s0.02,stylegan_xl,stylegan_xl,1,0.008313565514981747,data\cache\clean\test\stylegan_xl_729fee52c5b7f95b\noise_s0.02.jpg
stylegan_xl_7d433e90bcd7bd53,noise_s0.02,stylegan_xl,stylegan_xl,1,0.0007497850456275046,data\cache\clean\test\stylegan_xl_7d433e90bcd7bd53\noise_s0.02.jpg
stylegan_xl_80fc8be6e7c11eb3,noise_s0.02,stylegan_xl,stylegan_xl,1,1.755675475578755e-05,data\cache\clean\test\stylegan_xl_80fc8be6e7c11eb3\noise_s0.02.jpg
stylegan_xl_8f9dfd75dde8914f,noise_s0.02,stylegan_xl,stylegan_xl,1,0.013297603465616703,data\cache\clean\test\stylegan_xl_8f9dfd75dde8914f\noise_s0.02.jpg
stylegan_xl_a1ed16fffc5ecb68,noise_s0.02,stylegan_xl,stylegan_xl,1,0.012887081131339073,data\cache\clean\test\stylegan_xl_a1ed16fffc5ecb68\noise_s0.02.jpg
stylegan_xl_a72f3ace10a8f550,noise_s0.02,stylegan_xl,stylegan_xl,1,7.88772085797973e-05,data\cache\clean\test\stylegan_xl_a72f3ace10a8f550\noise_s0.02.jpg
stylegan_xl_ae09b95535340878,noise_s0.02,stylegan_xl,stylegan_xl,1,0.15811611711978912,data\cache\clean\test\stylegan_xl_ae09b95535340878\noise_s0.02.jpg
stylegan_xl_b6abe358484b287a,noise_s0.02,stylegan_xl,stylegan_xl,1,0.04462456703186035,data\cache\clean\test\stylegan_xl_b6abe358484b287a\noise_s0.02.jpg
stylegan_xl_bd69757ff485d03e,noise_s0.02,stylegan_xl,stylegan_xl,1,0.28465503454208374,data\cache\clean\test\stylegan_xl_bd69757ff485d03e\noise_s0.02.jpg
stylegan_xl_c9421141bcf3a15a,noise_s0.02,stylegan_xl,stylegan_xl,1,0.07229826599359512,data\cache\clean\test\stylegan_xl_c9421141bcf3a15a\noise_s0.02.jpg
stylegan_xl_cccbc1d57a7e095e,noise_s0.02,stylegan_xl,stylegan_xl,1,0.30091822147369385,data\cache\clean\test\stylegan_xl_cccbc1d57a7e095e\noise_s0.02.jpg
stylegan_xl_cf9c332a1ebfb587,noise_s0.02,stylegan_xl,stylegan_xl,1,0.013948691077530384,data\cache\clean\test\stylegan_xl_cf9c332a1ebfb587\noise_s0.02.jpg
stylegan_xl_d686a15f05d09472,noise_s0.02,stylegan_xl,stylegan_xl,1,0.0030823424458503723,data\cache\clean\test\stylegan_xl_d686a15f05d09472\noise_s0.02.jpg
stylegan_xl_d7c4ece8c8a01de0,noise_s0.02,stylegan_xl,stylegan_xl,1,0.002324544358998537,data\cache\clean\test\stylegan_xl_d7c4ece8c8a01de0\noise_s0.02.jpg
stylegan_xl_e4b8e7ef72cabaf2,noise_s0.02,stylegan_xl,stylegan_xl,1,4.95004715048708e-05,data\cache\clean\test\stylegan_xl_e4b8e7ef72cabaf2\noise_s0.02.jpg
stylegan_xl_f2ea3473d8b1a62f,noise_s0.02,stylegan_xl,stylegan_xl,1,0.006570853758603334,data\cache\clean\test\stylegan_xl_f2ea3473d8b1a62f\noise_s0.02.jpg
stylegan_xl_fef6a66b8deaa7ab,noise_s0.02,stylegan_xl,stylegan_xl,1,4.373440333438339e-06,data\cache\clean\test\stylegan_xl_fef6a66b8deaa7ab\noise_s0.02.jpg
cifake_1028 (10),noise_s0.05,cifake,stable_diffusion,1,0.024267492815852165,data\cache\clean\test\cifake_1028 (10)\noise_s0.05.jpg
cifake_1278 (9),noise_s0.05,cifake,stable_diffusion,1,0.45424920320510864,data\cache\clean\test\cifake_1278 (9)\noise_s0.05.jpg
cifake_1392 (10),noise_s0.05,cifake,stable_diffusion,1,0.41802549362182617,data\cache\clean\test\cifake_1392 (10)\noise_s0.05.jpg
cifake_1623 (9),noise_s0.05,cifake,stable_diffusion,1,0.4492926299571991,data\cache\clean\test\cifake_1623 (9)\noise_s0.05.jpg
cifake_1867 (9),noise_s0.05,cifake,stable_diffusion,1,0.2643699049949646,data\cache\clean\test\cifake_1867 (9)\noise_s0.05.jpg
cifake_1927 (7),noise_s0.05,cifake,stable_diffusion,1,0.2528957426548004,data\cache\clean\test\cifake_1927 (7)\noise_s0.05.jpg
cifake_2438 (2),noise_s0.05,cifake,stable_diffusion,1,0.33365440368652344,data\cache\clean\test\cifake_2438 (2)\noise_s0.05.jpg
cifake_295,noise_s0.05,cifake,stable_diffusion,1,0.33962756395339966,data\cache\clean\test\cifake_295\noise_s0.05.jpg
cifake_3339 (9),noise_s0.05,cifake,stable_diffusion,1,0.44402334094047546,data\cache\clean\test\cifake_3339 (9)\noise_s0.05.jpg
cifake_3379 (8),noise_s0.05,cifake,stable_diffusion,1,0.40460076928138733,data\cache\clean\test\cifake_3379 (8)\noise_s0.05.jpg
cifake_3395 (5),noise_s0.05,cifake,stable_diffusion,1,0.4528675079345703,data\cache\clean\test\cifake_3395 (5)\noise_s0.05.jpg
cifake_3975 (6),noise_s0.05,cifake,stable_diffusion,1,0.24768875539302826,data\cache\clean\test\cifake_3975 (6)\noise_s0.05.jpg
cifake_4127 (3),noise_s0.05,cifake,stable_diffusion,1,0.3166215121746063,data\cache\clean\test\cifake_4127 (3)\noise_s0.05.jpg
cifake_4221 (2),noise_s0.05,cifake,stable_diffusion,1,0.3556937277317047,data\cache\clean\test\cifake_4221 (2)\noise_s0.05.jpg
cifake_4615 (3),noise_s0.05,cifake,stable_diffusion,1,0.4031454920768738,data\cache\clean\test\cifake_4615 (3)\noise_s0.05.jpg
cifake_4746 (3),noise_s0.05,cifake,stable_diffusion,1,0.33374232053756714,data\cache\clean\test\cifake_4746 (3)\noise_s0.05.jpg
cifake_5221 (3),noise_s0.05,cifake,stable_diffusion,1,0.4527199864387512,data\cache\clean\test\cifake_5221 (3)\noise_s0.05.jpg
cifake_5607 (3),noise_s0.05,cifake,stable_diffusion,1,0.4791175127029419,data\cache\clean\test\cifake_5607 (3)\noise_s0.05.jpg
cifake_5777 (3),noise_s0.05,cifake,stable_diffusion,1,0.11775687336921692,data\cache\clean\test\cifake_5777 (3)\noise_s0.05.jpg
cifake_771 (8),noise_s0.05,cifake,stable_diffusion,1,0.01505458727478981,data\cache\clean\test\cifake_771 (8)\noise_s0.05.jpg
cifake_939 (6),noise_s0.05,cifake,stable_diffusion,1,0.27944180369377136,data\cache\clean\test\cifake_939 (6)\noise_s0.05.jpg
dalle_19590,noise_s0.05,dalle,dalle,1,0.011853785254061222,data\cache\clean\test\dalle_19590\noise_s0.05.jpg
dalle_20080,noise_s0.05,dalle,dalle,1,0.006006763316690922,data\cache\clean\test\dalle_20080\noise_s0.05.jpg
dalle_26742,noise_s0.05,dalle,dalle,1,0.0066307587549090385,data\cache\clean\test\dalle_26742\noise_s0.05.jpg
dalle_33159,noise_s0.05,dalle,dalle,1,0.21712924540042877,data\cache\clean\test\dalle_33159\noise_s0.05.jpg
dalle_40387,noise_s0.05,dalle,dalle,1,0.1971539556980133,data\cache\clean\test\dalle_40387\noise_s0.05.jpg
dalle_41791,noise_s0.05,dalle,dalle,1,0.0005267125088721514,data\cache\clean\test\dalle_41791\noise_s0.05.jpg
dalle_6481,noise_s0.05,dalle,dalle,1,0.0028533032163977623,data\cache\clean\test\dalle_6481\noise_s0.05.jpg
dalle_6890,noise_s0.05,dalle,dalle,1,0.17361870408058167,data\cache\clean\test\dalle_6890\noise_s0.05.jpg
dalle_6f0f61883f111368d770c54801f33449,noise_s0.05,dalle,dalle,1,0.013180159032344818,data\cache\clean\test\dalle_6f0f61883f111368d770c54801f33449\noise_s0.05.jpg
dalle_8017,noise_s0.05,dalle,dalle,1,0.3504890501499176,data\cache\clean\test\dalle_8017\noise_s0.05.jpg
dalle_9068,noise_s0.05,dalle,dalle,1,0.10224729031324387,data\cache\clean\test\dalle_9068\noise_s0.05.jpg
gigagan_01605,noise_s0.05,gigagan,gigagan,1,0.023271268233656883,data\cache\clean\test\gigagan_01605\noise_s0.05.jpg
gigagan_05738,noise_s0.05,gigagan,gigagan,1,0.0016123809618875384,data\cache\clean\test\gigagan_05738\noise_s0.05.jpg
gigagan_06526,noise_s0.05,gigagan,gigagan,1,0.3338923156261444,data\cache\clean\test\gigagan_06526\noise_s0.05.jpg
gigagan_07350,noise_s0.05,gigagan,gigagan,1,0.26130566000938416,data\cache\clean\test\gigagan_07350\noise_s0.05.jpg
gigagan_09302,noise_s0.05,gigagan,gigagan,1,0.2526736855506897,data\cache\clean\test\gigagan_09302\noise_s0.05.jpg
gigagan_10024,noise_s0.05,gigagan,gigagan,1,0.0807848870754242,data\cache\clean\test\gigagan_10024\noise_s0.05.jpg
gigagan_10914,noise_s0.05,gigagan,gigagan,1,0.01629403792321682,data\cache\clean\test\gigagan_10914\noise_s0.05.jpg
gigagan_12083,noise_s0.05,gigagan,gigagan,1,0.3224899470806122,data\cache\clean\test\gigagan_12083\noise_s0.05.jpg
gigagan_14071,noise_s0.05,gigagan,gigagan,1,1.9084011455561267e-06,data\cache\clean\test\gigagan_14071\noise_s0.05.jpg
gigagan_14138,noise_s0.05,gigagan,gigagan,1,0.002499587833881378,data\cache\clean\test\gigagan_14138\noise_s0.05.jpg
gigagan_15454,noise_s0.05,gigagan,gigagan,1,0.1231473758816719,data\cache\clean\test\gigagan_15454\noise_s0.05.jpg
gigagan_15561,noise_s0.05,gigagan,gigagan,1,0.000824248418211937,data\cache\clean\test\gigagan_15561\noise_s0.05.jpg
gigagan_20207,noise_s0.05,gigagan,gigagan,1,0.3240041434764862,data\cache\clean\test\gigagan_20207\noise_s0.05.jpg
gigagan_21611,noise_s0.05,gigagan,gigagan,1,0.002423439407721162,data\cache\clean\test\gigagan_21611\noise_s0.05.jpg
gigagan_22418,noise_s0.05,gigagan,gigagan,1,0.12911896407604218,data\cache\clean\test\gigagan_22418\noise_s0.05.jpg
gigagan_24679,noise_s0.05,gigagan,gigagan,1,0.08890745043754578,data\cache\clean\test\gigagan_24679\noise_s0.05.jpg
gigagan_25090,noise_s0.05,gigagan,gigagan,1,0.00911793578416109,data\cache\clean\test\gigagan_25090\noise_s0.05.jpg
gigagan_28900,noise_s0.05,gigagan,gigagan,1,0.08085477352142334,data\cache\clean\test\gigagan_28900\noise_s0.05.jpg
gigagan_28945,noise_s0.05,gigagan,gigagan,1,0.24573495984077454,data\cache\clean\test\gigagan_28945\noise_s0.05.jpg
gigagan_29456,noise_s0.05,gigagan,gigagan,1,0.1714717447757721,data\cache\clean\test\gigagan_29456\noise_s0.05.jpg
imagen3_045e6da6fd7f6fb0,noise_s0.05,imagen3,imagen3,1,3.852555528283119e-05,data\cache\clean\test\imagen3_045e6da6fd7f6fb0\noise_s0.05.jpg
imagen3_07747d6ffd056bee,noise_s0.05,imagen3,imagen3,1,0.006334919016808271,data\cache\clean\test\imagen3_07747d6ffd056bee\noise_s0.05.jpg
imagen3_13ed1f9391224848,noise_s0.05,imagen3,imagen3,1,0.17836040258407593,data\cache\clean\test\imagen3_13ed1f9391224848\noise_s0.05.jpg
imagen3_17643da56f35c6f7,noise_s0.05,imagen3,imagen3,1,1.389173462484905e-06,data\cache\clean\test\imagen3_17643da56f35c6f7\noise_s0.05.jpg
imagen3_17919c9ffd792ad9,noise_s0.05,imagen3,imagen3,1,0.05839292332530022,data\cache\clean\test\imagen3_17919c9ffd792ad9\noise_s0.05.jpg
imagen3_1fe9a0379cffa709,noise_s0.05,imagen3,imagen3,1,0.007705357391387224,data\cache\clean\test\imagen3_1fe9a0379cffa709\noise_s0.05.jpg
imagen3_24e64d19ddde11cb,noise_s0.05,imagen3,imagen3,1,1.939728804245533e-07,data\cache\clean\test\imagen3_24e64d19ddde11cb\noise_s0.05.jpg
imagen3_260ae6b06f1f50e2,noise_s0.05,imagen3,imagen3,1,0.0010171502362936735,data\cache\clean\test\imagen3_260ae6b06f1f50e2\noise_s0.05.jpg
imagen3_2be4510162a8a76e,noise_s0.05,imagen3,imagen3,1,0.10412710905075073,data\cache\clean\test\imagen3_2be4510162a8a76e\noise_s0.05.jpg
imagen3_3403b18fc93acbfc,noise_s0.05,imagen3,imagen3,1,0.001838042284362018,data\cache\clean\test\imagen3_3403b18fc93acbfc\noise_s0.05.jpg
imagen3_43058,noise_s0.05,imagen3,imagen3,1,0.0005464993882924318,data\cache\clean\test\imagen3_43058\noise_s0.05.jpg
imagen3_44015,noise_s0.05,imagen3,imagen3,1,4.026070746476762e-05,data\cache\clean\test\imagen3_44015\noise_s0.05.jpg
imagen3_44075,noise_s0.05,imagen3,imagen3,1,0.14028936624526978,data\cache\clean\test\imagen3_44075\noise_s0.05.jpg
imagen3_44476,noise_s0.05,imagen3,imagen3,1,0.19230836629867554,data\cache\clean\test\imagen3_44476\noise_s0.05.jpg
imagen3_46922,noise_s0.05,imagen3,imagen3,1,0.04152751341462135,data\cache\clean\test\imagen3_46922\noise_s0.05.jpg
imagen3_473ffc5e3d5dc373,noise_s0.05,imagen3,imagen3,1,0.08937831223011017,data\cache\clean\test\imagen3_473ffc5e3d5dc373\noise_s0.05.jpg
imagen3_519f5c348fe55fcd,noise_s0.05,imagen3,imagen3,1,0.00035020612995140254,data\cache\clean\test\imagen3_519f5c348fe55fcd\noise_s0.05.jpg
imagen3_52520,noise_s0.05,imagen3,imagen3,1,0.054350048303604126,data\cache\clean\test\imagen3_52520\noise_s0.05.jpg
imagen3_53132,noise_s0.05,imagen3,imagen3,1,0.05531635880470276,data\cache\clean\test\imagen3_53132\noise_s0.05.jpg
imagen3_560ead164dab63a5,noise_s0.05,imagen3,imagen3,1,0.05061253532767296,data\cache\clean\test\imagen3_560ead164dab63a5\noise_s0.05.jpg
imagen3_5e95809bd47d157b,noise_s0.05,imagen3,imagen3,1,0.010007881559431553,data\cache\clean\test\imagen3_5e95809bd47d157b\noise_s0.05.jpg
imagen3_69467160e53f71bc,noise_s0.05,imagen3,imagen3,1,0.03785096853971481,data\cache\clean\test\imagen3_69467160e53f71bc\noise_s0.05.jpg
imagen3_6a8270ea182a9194,noise_s0.05,imagen3,imagen3,1,3.9574380934936926e-05,data\cache\clean\test\imagen3_6a8270ea182a9194\noise_s0.05.jpg
imagen3_6c7624322b04ce43,noise_s0.05,imagen3,imagen3,1,2.991038854815997e-06,data\cache\clean\test\imagen3_6c7624322b04ce43\noise_s0.05.jpg
imagen3_77fb2d4f372634f8,noise_s0.05,imagen3,imagen3,1,0.0005469668540172279,data\cache\clean\test\imagen3_77fb2d4f372634f8\noise_s0.05.jpg
imagen3_7ee1485909c59826,noise_s0.05,imagen3,imagen3,1,0.05848617106676102,data\cache\clean\test\imagen3_7ee1485909c59826\noise_s0.05.jpg
imagen3_8b13dc3bff918841,noise_s0.05,imagen3,imagen3,1,0.018331440165638924,data\cache\clean\test\imagen3_8b13dc3bff918841\noise_s0.05.jpg
imagen3_9e82651e214a25c8,noise_s0.05,imagen3,imagen3,1,0.04325701296329498,data\cache\clean\test\imagen3_9e82651e214a25c8\noise_s0.05.jpg
imagen3_aa13646e437b7afa,noise_s0.05,imagen3,imagen3,1,0.2846929132938385,data\cache\clean\test\imagen3_aa13646e437b7afa\noise_s0.05.jpg
imagen3_ad860df8c2a1a848,noise_s0.05,imagen3,imagen3,1,0.04456065222620964,data\cache\clean\test\imagen3_ad860df8c2a1a848\noise_s0.05.jpg
imagen3_b69c9976ced306d1,noise_s0.05,imagen3,imagen3,1,0.010381566360592842,data\cache\clean\test\imagen3_b69c9976ced306d1\noise_s0.05.jpg
imagen3_ca44bb7db1e73a9a,noise_s0.05,imagen3,imagen3,1,0.0005852888571098447,data\cache\clean\test\imagen3_ca44bb7db1e73a9a\noise_s0.05.jpg
imagen3_d326e7c87fb1d966,noise_s0.05,imagen3,imagen3,1,0.07806918025016785,data\cache\clean\test\imagen3_d326e7c87fb1d966\noise_s0.05.jpg
imagen3_e63f3b6f8bdee43a,noise_s0.05,imagen3,imagen3,1,0.0010782013414427638,data\cache\clean\test\imagen3_e63f3b6f8bdee43a\noise_s0.05.jpg
imagen3_eaf94916ce926270,noise_s0.05,imagen3,imagen3,1,0.14243784546852112,data\cache\clean\test\imagen3_eaf94916ce926270\noise_s0.05.jpg
imagen3_f69a20bda8f47fea,noise_s0.05,imagen3,imagen3,1,0.03140292316675186,data\cache\clean\test\imagen3_f69a20bda8f47fea\noise_s0.05.jpg
imagen3_fa8535259782583b,noise_s0.05,imagen3,imagen3,1,0.08836650848388672,data\cache\clean\test\imagen3_fa8535259782583b\noise_s0.05.jpg
imagen3_fd568a2839353a92,noise_s0.05,imagen3,imagen3,1,0.19225932657718658,data\cache\clean\test\imagen3_fd568a2839353a92\noise_s0.05.jpg
imagen3_fe7048efd51b15b8,noise_s0.05,imagen3,imagen3,1,0.00235740770585835,data\cache\clean\test\imagen3_fe7048efd51b15b8\noise_s0.05.jpg
imagen3_Imagen3_2403,noise_s0.05,imagen3,imagen3,1,0.07865729182958603,data\cache\clean\test\imagen3_Imagen3_2403\noise_s0.05.jpg
imagen3_Imagen3_3546,noise_s0.05,imagen3,imagen3,1,0.0649845078587532,data\cache\clean\test\imagen3_Imagen3_3546\noise_s0.05.jpg
imagen3_Imagen3_3556,noise_s0.05,imagen3,imagen3,1,0.3409990668296814,data\cache\clean\test\imagen3_Imagen3_3556\noise_s0.05.jpg
sidset_full_synthetic_003461,noise_s0.05,sidset,full_synthetic,1,0.212941512465477,data\cache\clean\test\sidset_full_synthetic_003461\noise_s0.05.jpg
sidset_full_synthetic_004754,noise_s0.05,sidset,full_synthetic,1,0.2671361267566681,data\cache\clean\test\sidset_full_synthetic_004754\noise_s0.05.jpg
sidset_full_synthetic_033528,noise_s0.05,sidset,full_synthetic,1,0.04961587116122246,data\cache\clean\test\sidset_full_synthetic_033528\noise_s0.05.jpg
sidset_full_synthetic_060524,noise_s0.05,sidset,full_synthetic,1,5.826414417242631e-05,data\cache\clean\test\sidset_full_synthetic_060524\noise_s0.05.jpg
sidset_full_synthetic_060650,noise_s0.05,sidset,full_synthetic,1,0.17352835834026337,data\cache\clean\test\sidset_full_synthetic_060650\noise_s0.05.jpg
sidset_full_synthetic_062086,noise_s0.05,sidset,full_synthetic,1,0.0004841537738684565,data\cache\clean\test\sidset_full_synthetic_062086\noise_s0.05.jpg
sidset_full_synthetic_063062,noise_s0.05,sidset,full_synthetic,1,0.21250435709953308,data\cache\clean\test\sidset_full_synthetic_063062\noise_s0.05.jpg
sidset_full_synthetic_068023,noise_s0.05,sidset,full_synthetic,1,0.3402669131755829,data\cache\clean\test\sidset_full_synthetic_068023\noise_s0.05.jpg
stylegan_xl_0097a2e24789bc7a,noise_s0.05,stylegan_xl,stylegan_xl,1,0.0017654483672231436,data\cache\clean\test\stylegan_xl_0097a2e24789bc7a\noise_s0.05.jpg
stylegan_xl_00a4591cf03df584,noise_s0.05,stylegan_xl,stylegan_xl,1,0.0004757003334816545,data\cache\clean\test\stylegan_xl_00a4591cf03df584\noise_s0.05.jpg
stylegan_xl_031391f1ab18ab62,noise_s0.05,stylegan_xl,stylegan_xl,1,0.00318255927413702,data\cache\clean\test\stylegan_xl_031391f1ab18ab62\noise_s0.05.jpg
stylegan_xl_0f7efa4c31bcd8f4,noise_s0.05,stylegan_xl,stylegan_xl,1,2.0464709450607188e-05,data\cache\clean\test\stylegan_xl_0f7efa4c31bcd8f4\noise_s0.05.jpg
stylegan_xl_1060d58257bc5130,noise_s0.05,stylegan_xl,stylegan_xl,1,0.0013648804742842913,data\cache\clean\test\stylegan_xl_1060d58257bc5130\noise_s0.05.jpg
stylegan_xl_1440252ff76f525f,noise_s0.05,stylegan_xl,stylegan_xl,1,0.04181593284010887,data\cache\clean\test\stylegan_xl_1440252ff76f525f\noise_s0.05.jpg
stylegan_xl_17f8bf0ef8d2f478,noise_s0.05,stylegan_xl,stylegan_xl,1,0.0010215528309345245,data\cache\clean\test\stylegan_xl_17f8bf0ef8d2f478\noise_s0.05.jpg
stylegan_xl_2013fe0d44f84041,noise_s0.05,stylegan_xl,stylegan_xl,1,0.0006589652039110661,data\cache\clean\test\stylegan_xl_2013fe0d44f84041\noise_s0.05.jpg
stylegan_xl_324e332686aa6966,noise_s0.05,stylegan_xl,stylegan_xl,1,0.07992185652256012,data\cache\clean\test\stylegan_xl_324e332686aa6966\noise_s0.05.jpg
stylegan_xl_3621cf0be1fc8d68,noise_s0.05,stylegan_xl,stylegan_xl,1,0.018767107278108597,data\cache\clean\test\stylegan_xl_3621cf0be1fc8d68\noise_s0.05.jpg
stylegan_xl_3b5e18f8fc06450d,noise_s0.05,stylegan_xl,stylegan_xl,1,0.005481015890836716,data\cache\clean\test\stylegan_xl_3b5e18f8fc06450d\noise_s0.05.jpg
stylegan_xl_43847,noise_s0.05,stylegan_xl,stylegan_xl,1,0.023112228140234947,data\cache\clean\test\stylegan_xl_43847\noise_s0.05.jpg
stylegan_xl_45602,noise_s0.05,stylegan_xl,stylegan_xl,1,0.4846186935901642,data\cache\clean\test\stylegan_xl_45602\noise_s0.05.jpg
stylegan_xl_47813,noise_s0.05,stylegan_xl,stylegan_xl,1,0.3903869688510895,data\cache\clean\test\stylegan_xl_47813\noise_s0.05.jpg
stylegan_xl_48611,noise_s0.05,stylegan_xl,stylegan_xl,1,0.05832090228796005,data\cache\clean\test\stylegan_xl_48611\noise_s0.05.jpg
stylegan_xl_4f991f9638e28675,noise_s0.05,stylegan_xl,stylegan_xl,1,0.03336205706000328,data\cache\clean\test\stylegan_xl_4f991f9638e28675\noise_s0.05.jpg
stylegan_xl_53453,noise_s0.05,stylegan_xl,stylegan_xl,1,0.12107241898775101,data\cache\clean\test\stylegan_xl_53453\noise_s0.05.jpg
stylegan_xl_60ed9d3511d333bf,noise_s0.05,stylegan_xl,stylegan_xl,1,0.008192666806280613,data\cache\clean\test\stylegan_xl_60ed9d3511d333bf\noise_s0.05.jpg
stylegan_xl_65bb283a1280639e,noise_s0.05,stylegan_xl,stylegan_xl,1,0.04733984172344208,data\cache\clean\test\stylegan_xl_65bb283a1280639e\noise_s0.05.jpg
stylegan_xl_729fee52c5b7f95b,noise_s0.05,stylegan_xl,stylegan_xl,1,0.005540976766496897,data\cache\clean\test\stylegan_xl_729fee52c5b7f95b\noise_s0.05.jpg
stylegan_xl_7d433e90bcd7bd53,noise_s0.05,stylegan_xl,stylegan_xl,1,3.119798202533275e-05,data\cache\clean\test\stylegan_xl_7d433e90bcd7bd53\noise_s0.05.jpg
stylegan_xl_80fc8be6e7c11eb3,noise_s0.05,stylegan_xl,stylegan_xl,1,1.3081593351671472e-05,data\cache\clean\test\stylegan_xl_80fc8be6e7c11eb3\noise_s0.05.jpg
stylegan_xl_8461b1ae87c22c20,noise_s0.05,stylegan_xl,stylegan_xl,1,0.27505621314048767,data\cache\clean\test\stylegan_xl_8461b1ae87c22c20\noise_s0.05.jpg
stylegan_xl_8f9dfd75dde8914f,noise_s0.05,stylegan_xl,stylegan_xl,1,0.028503548353910446,data\cache\clean\test\stylegan_xl_8f9dfd75dde8914f\noise_s0.05.jpg
stylegan_xl_a1ed16fffc5ecb68,noise_s0.05,stylegan_xl,stylegan_xl,1,0.07387672364711761,data\cache\clean\test\stylegan_xl_a1ed16fffc5ecb68\noise_s0.05.jpg
stylegan_xl_a72f3ace10a8f550,noise_s0.05,stylegan_xl,stylegan_xl,1,0.0001564754347782582,data\cache\clean\test\stylegan_xl_a72f3ace10a8f550\noise_s0.05.jpg
stylegan_xl_ae09b95535340878,noise_s0.05,stylegan_xl,stylegan_xl,1,0.31460386514663696,data\cache\clean\test\stylegan_xl_ae09b95535340878\noise_s0.05.jpg
stylegan_xl_bd69757ff485d03e,noise_s0.05,stylegan_xl,stylegan_xl,1,0.3186918795108795,data\cache\clean\test\stylegan_xl_bd69757ff485d03e\noise_s0.05.jpg
stylegan_xl_c9421141bcf3a15a,noise_s0.05,stylegan_xl,stylegan_xl,1,0.04705358296632767,data\cache\clean\test\stylegan_xl_c9421141bcf3a15a\noise_s0.05.jpg
stylegan_xl_cccbc1d57a7e095e,noise_s0.05,stylegan_xl,stylegan_xl,1,0.2728419303894043,data\cache\clean\test\stylegan_xl_cccbc1d57a7e095e\noise_s0.05.jpg
stylegan_xl_cf9c332a1ebfb587,noise_s0.05,stylegan_xl,stylegan_xl,1,0.03686616197228432,data\cache\clean\test\stylegan_xl_cf9c332a1ebfb587\noise_s0.05.jpg
stylegan_xl_d686a15f05d09472,noise_s0.05,stylegan_xl,stylegan_xl,1,0.0066725583747029305,data\cache\clean\test\stylegan_xl_d686a15f05d09472\noise_s0.05.jpg
stylegan_xl_d7c4ece8c8a01de0,noise_s0.05,stylegan_xl,stylegan_xl,1,0.0014550518244504929,data\cache\clean\test\stylegan_xl_d7c4ece8c8a01de0\noise_s0.05.jpg
stylegan_xl_e4b8e7ef72cabaf2,noise_s0.05,stylegan_xl,stylegan_xl,1,0.0015633271541446447,data\cache\clean\test\stylegan_xl_e4b8e7ef72cabaf2\noise_s0.05.jpg
stylegan_xl_f2ea3473d8b1a62f,noise_s0.05,stylegan_xl,stylegan_xl,1,0.028815342113375664,data\cache\clean\test\stylegan_xl_f2ea3473d8b1a62f\noise_s0.05.jpg
stylegan_xl_fef6a66b8deaa7ab,noise_s0.05,stylegan_xl,stylegan_xl,1,8.5302563093137e-06,data\cache\clean\test\stylegan_xl_fef6a66b8deaa7ab\noise_s0.05.jpg
cifake_1028 (10),noise_s0.1,cifake,stable_diffusion,1,0.0056623294949531555,data\cache\clean\test\cifake_1028 (10)\noise_s0.1.jpg
cifake_1088 (3),noise_s0.1,cifake,stable_diffusion,1,0.34883999824523926,data\cache\clean\test\cifake_1088 (3)\noise_s0.1.jpg
cifake_1867 (9),noise_s0.1,cifake,stable_diffusion,1,0.14354950189590454,data\cache\clean\test\cifake_1867 (9)\noise_s0.1.jpg
cifake_2293 (8),noise_s0.1,cifake,stable_diffusion,1,0.4007086753845215,data\cache\clean\test\cifake_2293 (8)\noise_s0.1.jpg
cifake_2634 (7),noise_s0.1,cifake,stable_diffusion,1,0.44979482889175415,data\cache\clean\test\cifake_2634 (7)\noise_s0.1.jpg
cifake_2831,noise_s0.1,cifake,stable_diffusion,1,0.2731599509716034,data\cache\clean\test\cifake_2831\noise_s0.1.jpg
cifake_3217 (6),noise_s0.1,cifake,stable_diffusion,1,0.07912787050008774,data\cache\clean\test\cifake_3217 (6)\noise_s0.1.jpg
cifake_3339 (9),noise_s0.1,cifake,stable_diffusion,1,0.45236119627952576,data\cache\clean\test\cifake_3339 (9)\noise_s0.1.jpg
cifake_3672 (10),noise_s0.1,cifake,stable_diffusion,1,0.3396475315093994,data\cache\clean\test\cifake_3672 (10)\noise_s0.1.jpg
cifake_3975 (6),noise_s0.1,cifake,stable_diffusion,1,0.21082642674446106,data\cache\clean\test\cifake_3975 (6)\noise_s0.1.jpg
cifake_4074 (3),noise_s0.1,cifake,stable_diffusion,1,0.25473663210868835,data\cache\clean\test\cifake_4074 (3)\noise_s0.1.jpg
cifake_4127 (3),noise_s0.1,cifake,stable_diffusion,1,0.14622357487678528,data\cache\clean\test\cifake_4127 (3)\noise_s0.1.jpg
cifake_4221 (2),noise_s0.1,cifake,stable_diffusion,1,0.19908170402050018,data\cache\clean\test\cifake_4221 (2)\noise_s0.1.jpg
cifake_4457 (9)_1,noise_s0.1,cifake,stable_diffusion,1,0.38083577156066895,data\cache\clean\test\cifake_4457 (9)_1\noise_s0.1.jpg
cifake_4746 (3),noise_s0.1,cifake,stable_diffusion,1,0.43161657452583313,data\cache\clean\test\cifake_4746 (3)\noise_s0.1.jpg
cifake_5066 (2),noise_s0.1,cifake,stable_diffusion,1,0.46859145164489746,data\cache\clean\test\cifake_5066 (2)\noise_s0.1.jpg
cifake_5221 (3),noise_s0.1,cifake,stable_diffusion,1,0.29622799158096313,data\cache\clean\test\cifake_5221 (3)\noise_s0.1.jpg
cifake_5607 (3),noise_s0.1,cifake,stable_diffusion,1,0.20375056564807892,data\cache\clean\test\cifake_5607 (3)\noise_s0.1.jpg
cifake_5642 (3),noise_s0.1,cifake,stable_diffusion,1,0.4522644281387329,data\cache\clean\test\cifake_5642 (3)\noise_s0.1.jpg
cifake_5777 (3),noise_s0.1,cifake,stable_diffusion,1,0.09523312747478485,data\cache\clean\test\cifake_5777 (3)\noise_s0.1.jpg
cifake_771 (8),noise_s0.1,cifake,stable_diffusion,1,0.17789660394191742,data\cache\clean\test\cifake_771 (8)\noise_s0.1.jpg
cifake_939 (6),noise_s0.1,cifake,stable_diffusion,1,0.0952771008014679,data\cache\clean\test\cifake_939 (6)\noise_s0.1.jpg
cifake_966 (4),noise_s0.1,cifake,stable_diffusion,1,0.4482640027999878,data\cache\clean\test\cifake_966 (4)\noise_s0.1.jpg
dalle_1895b86b74caac5dad51022c3d3b33df,noise_s0.1,dalle,dalle,1,0.3225920498371124,data\cache\clean\test\dalle_1895b86b74caac5dad51022c3d3b33df\noise_s0.1.jpg
dalle_19590,noise_s0.1,dalle,dalle,1,0.004016140941530466,data\cache\clean\test\dalle_19590\noise_s0.1.jpg
dalle_20080,noise_s0.1,dalle,dalle,1,0.0010524913668632507,data\cache\clean\test\dalle_20080\noise_s0.1.jpg
dalle_26742,noise_s0.1,dalle,dalle,1,0.4875466227531433,data\cache\clean\test\dalle_26742\noise_s0.1.jpg
dalle_33159,noise_s0.1,dalle,dalle,1,0.0568602979183197,data\cache\clean\test\dalle_33159\noise_s0.1.jpg
dalle_40387,noise_s0.1,dalle,dalle,1,0.0200869832187891,data\cache\clean\test\dalle_40387\noise_s0.1.jpg
dalle_41791,noise_s0.1,dalle,dalle,1,9.871122165350243e-05,data\cache\clean\test\dalle_41791\noise_s0.1.jpg
dalle_6481,noise_s0.1,dalle,dalle,1,0.0015415319940075278,data\cache\clean\test\dalle_6481\noise_s0.1.jpg
dalle_6f0f61883f111368d770c54801f33449,noise_s0.1,dalle,dalle,1,0.004086862318217754,data\cache\clean\test\dalle_6f0f61883f111368d770c54801f33449\noise_s0.1.jpg
dalle_9068,noise_s0.1,dalle,dalle,1,0.0006849610363133252,data\cache\clean\test\dalle_9068\noise_s0.1.jpg
gigagan_01605,noise_s0.1,gigagan,gigagan,1,0.005381932947784662,data\cache\clean\test\gigagan_01605\noise_s0.1.jpg
gigagan_03422,noise_s0.1,gigagan,gigagan,1,0.25045162439346313,data\cache\clean\test\gigagan_03422\noise_s0.1.jpg
gigagan_05720,noise_s0.1,gigagan,gigagan,1,0.07547729462385178,data\cache\clean\test\gigagan_05720\noise_s0.1.jpg
gigagan_05738,noise_s0.1,gigagan,gigagan,1,0.01620846800506115,data\cache\clean\test\gigagan_05738\noise_s0.1.jpg
gigagan_07350,noise_s0.1,gigagan,gigagan,1,0.0014554037479683757,data\cache\clean\test\gigagan_07350\noise_s0.1.jpg
gigagan_08689,noise_s0.1,gigagan,gigagan,1,0.35594606399536133,data\cache\clean\test\gigagan_08689\noise_s0.1.jpg
gigagan_10914,noise_s0.1,gigagan,gigagan,1,0.001208803034387529,data\cache\clean\test\gigagan_10914\noise_s0.1.jpg
gigagan_12083,noise_s0.1,gigagan,gigagan,1,0.0826217457652092,data\cache\clean\test\gigagan_12083\noise_s0.1.jpg
gigagan_12489,noise_s0.1,gigagan,gigagan,1,0.28959226608276367,data\cache\clean\test\gigagan_12489\noise_s0.1.jpg
gigagan_12654,noise_s0.1,gigagan,gigagan,1,0.38054707646369934,data\cache\clean\test\gigagan_12654\noise_s0.1.jpg
gigagan_14071,noise_s0.1,gigagan,gigagan,1,9.181748282571789e-06,data\cache\clean\test\gigagan_14071\noise_s0.1.jpg
gigagan_14138,noise_s0.1,gigagan,gigagan,1,0.004496774636209011,data\cache\clean\test\gigagan_14138\noise_s0.1.jpg
gigagan_15454,noise_s0.1,gigagan,gigagan,1,0.05063267797231674,data\cache\clean\test\gigagan_15454\noise_s0.1.jpg
gigagan_15561,noise_s0.1,gigagan,gigagan,1,0.00027071626391261816,data\cache\clean\test\gigagan_15561\noise_s0.1.jpg
gigagan_15694,noise_s0.1,gigagan,gigagan,1,0.3789316415786743,data\cache\clean\test\gigagan_15694\noise_s0.1.jpg
gigagan_16357,noise_s0.1,gigagan,gigagan,1,0.2230689972639084,data\cache\clean\test\gigagan_16357\noise_s0.1.jpg
gigagan_17003,noise_s0.1,gigagan,gigagan,1,0.10054953396320343,data\cache\clean\test\gigagan_17003\noise_s0.1.jpg
gigagan_18378,noise_s0.1,gigagan,gigagan,1,0.13297252357006073,data\cache\clean\test\gigagan_18378\noise_s0.1.jpg
gigagan_20207,noise_s0.1,gigagan,gigagan,1,0.48308873176574707,data\cache\clean\test\gigagan_20207\noise_s0.1.jpg
gigagan_20327,noise_s0.1,gigagan,gigagan,1,0.21135298907756805,data\cache\clean\test\gigagan_20327\noise_s0.1.jpg
gigagan_21611,noise_s0.1,gigagan,gigagan,1,0.009369502775371075,data\cache\clean\test\gigagan_21611\noise_s0.1.jpg
gigagan_22418,noise_s0.1,gigagan,gigagan,1,0.1020452231168747,data\cache\clean\test\gigagan_22418\noise_s0.1.jpg
gigagan_22533,noise_s0.1,gigagan,gigagan,1,0.3710692822933197,data\cache\clean\test\gigagan_22533\noise_s0.1.jpg
gigagan_23134,noise_s0.1,gigagan,gigagan,1,0.08034300804138184,data\cache\clean\test\gigagan_23134\noise_s0.1.jpg
gigagan_25090,noise_s0.1,gigagan,gigagan,1,0.26620981097221375,data\cache\clean\test\gigagan_25090\noise_s0.1.jpg
gigagan_26067,noise_s0.1,gigagan,gigagan,1,0.06162401661276817,data\cache\clean\test\gigagan_26067\noise_s0.1.jpg
gigagan_28900,noise_s0.1,gigagan,gigagan,1,0.14044871926307678,data\cache\clean\test\gigagan_28900\noise_s0.1.jpg
gigagan_28945,noise_s0.1,gigagan,gigagan,1,0.00827870424836874,data\cache\clean\test\gigagan_28945\noise_s0.1.jpg
gigagan_29456,noise_s0.1,gigagan,gigagan,1,0.13277149200439453,data\cache\clean\test\gigagan_29456\noise_s0.1.jpg
imagen3_045e6da6fd7f6fb0,noise_s0.1,imagen3,imagen3,1,5.3166259021963924e-05,data\cache\clean\test\imagen3_045e6da6fd7f6fb0\noise_s0.1.jpg
imagen3_07747d6ffd056bee,noise_s0.1,imagen3,imagen3,1,0.006664109416306019,data\cache\clean\test\imagen3_07747d6ffd056bee\noise_s0.1.jpg
imagen3_13ed1f9391224848,noise_s0.1,imagen3,imagen3,1,0.08229199796915054,data\cache\clean\test\imagen3_13ed1f9391224848\noise_s0.1.jpg
imagen3_17643da56f35c6f7,noise_s0.1,imagen3,imagen3,1,1.262508249055827e-06,data\cache\clean\test\imagen3_17643da56f35c6f7\noise_s0.1.jpg
imagen3_17919c9ffd792ad9,noise_s0.1,imagen3,imagen3,1,0.10929152369499207,data\cache\clean\test\imagen3_17919c9ffd792ad9\noise_s0.1.jpg
imagen3_1fe9a0379cffa709,noise_s0.1,imagen3,imagen3,1,0.009210248477756977,data\cache\clean\test\imagen3_1fe9a0379cffa709\noise_s0.1.jpg
imagen3_24e64d19ddde11cb,noise_s0.1,imagen3,imagen3,1,1.8556262659785716e-07,data\cache\clean\test\imagen3_24e64d19ddde11cb\noise_s0.1.jpg
imagen3_260ae6b06f1f50e2,noise_s0.1,imagen3,imagen3,1,0.0016847484512254596,data\cache\clean\test\imagen3_260ae6b06f1f50e2\noise_s0.1.jpg
imagen3_2be4510162a8a76e,noise_s0.1,imagen3,imagen3,1,0.025945616886019707,data\cache\clean\test\imagen3_2be4510162a8a76e\noise_s0.1.jpg
imagen3_3403b18fc93acbfc,noise_s0.1,imagen3,imagen3,1,0.0013246742310002446,data\cache\clean\test\imagen3_3403b18fc93acbfc\noise_s0.1.jpg
imagen3_43058,noise_s0.1,imagen3,imagen3,1,0.027221349999308586,data\cache\clean\test\imagen3_43058\noise_s0.1.jpg
imagen3_44015,noise_s0.1,imagen3,imagen3,1,4.7005785745568573e-05,data\cache\clean\test\imagen3_44015\noise_s0.1.jpg
imagen3_44075,noise_s0.1,imagen3,imagen3,1,0.044535547494888306,data\cache\clean\test\imagen3_44075\noise_s0.1.jpg
imagen3_46922,noise_s0.1,imagen3,imagen3,1,0.07427368313074112,data\cache\clean\test\imagen3_46922\noise_s0.1.jpg
imagen3_473ffc5e3d5dc373,noise_s0.1,imagen3,imagen3,1,0.1449025273323059,data\cache\clean\test\imagen3_473ffc5e3d5dc373\noise_s0.1.jpg
imagen3_519f5c348fe55fcd,noise_s0.1,imagen3,imagen3,1,9.099118324229494e-05,data\cache\clean\test\imagen3_519f5c348fe55fcd\noise_s0.1.jpg
imagen3_52520,noise_s0.1,imagen3,imagen3,1,0.05011017248034477,data\cache\clean\test\imagen3_52520\noise_s0.1.jpg
imagen3_53132,noise_s0.1,imagen3,imagen3,1,0.040359288454055786,data\cache\clean\test\imagen3_53132\noise_s0.1.jpg
imagen3_560ead164dab63a5,noise_s0.1,imagen3,imagen3,1,0.3830864429473877,data\cache\clean\test\imagen3_560ead164dab63a5\noise_s0.1.jpg
imagen3_5e95809bd47d157b,noise_s0.1,imagen3,imagen3,1,0.017359454184770584,data\cache\clean\test\imagen3_5e95809bd47d157b\noise_s0.1.jpg
imagen3_69467160e53f71bc,noise_s0.1,imagen3,imagen3,1,0.11144829541444778,data\cache\clean\test\imagen3_69467160e53f71bc\noise_s0.1.jpg
imagen3_6a8270ea182a9194,noise_s0.1,imagen3,imagen3,1,2.4050975753198145e-06,data\cache\clean\test\imagen3_6a8270ea182a9194\noise_s0.1.jpg
imagen3_6c7624322b04ce43,noise_s0.1,imagen3,imagen3,1,5.428857548395172e-06,data\cache\clean\test\imagen3_6c7624322b04ce43\noise_s0.1.jpg
imagen3_77fb2d4f372634f8,noise_s0.1,imagen3,imagen3,1,0.003674654057249427,data\cache\clean\test\imagen3_77fb2d4f372634f8\noise_s0.1.jpg
imagen3_8b13dc3bff918841,noise_s0.1,imagen3,imagen3,1,0.006974886637181044,data\cache\clean\test\imagen3_8b13dc3bff918841\noise_s0.1.jpg
imagen3_9e82651e214a25c8,noise_s0.1,imagen3,imagen3,1,0.010787914507091045,data\cache\clean\test\imagen3_9e82651e214a25c8\noise_s0.1.jpg
imagen3_ad860df8c2a1a848,noise_s0.1,imagen3,imagen3,1,0.0008238977752625942,data\cache\clean\test\imagen3_ad860df8c2a1a848\noise_s0.1.jpg
imagen3_b69c9976ced306d1,noise_s0.1,imagen3,imagen3,1,0.007237812038511038,data\cache\clean\test\imagen3_b69c9976ced306d1\noise_s0.1.jpg
imagen3_ca44bb7db1e73a9a,noise_s0.1,imagen3,imagen3,1,0.0022834984119981527,data\cache\clean\test\imagen3_ca44bb7db1e73a9a\noise_s0.1.jpg
imagen3_d326e7c87fb1d966,noise_s0.1,imagen3,imagen3,1,0.16065652668476105,data\cache\clean\test\imagen3_d326e7c87fb1d966\noise_s0.1.jpg
imagen3_e63f3b6f8bdee43a,noise_s0.1,imagen3,imagen3,1,0.000539765867870301,data\cache\clean\test\imagen3_e63f3b6f8bdee43a\noise_s0.1.jpg
imagen3_eaf94916ce926270,noise_s0.1,imagen3,imagen3,1,0.17041461169719696,data\cache\clean\test\imagen3_eaf94916ce926270\noise_s0.1.jpg
imagen3_f69a20bda8f47fea,noise_s0.1,imagen3,imagen3,1,0.03879799693822861,data\cache\clean\test\imagen3_f69a20bda8f47fea\noise_s0.1.jpg
imagen3_fa8535259782583b,noise_s0.1,imagen3,imagen3,1,0.4340452253818512,data\cache\clean\test\imagen3_fa8535259782583b\noise_s0.1.jpg
imagen3_fd568a2839353a92,noise_s0.1,imagen3,imagen3,1,0.15975478291511536,data\cache\clean\test\imagen3_fd568a2839353a92\noise_s0.1.jpg
imagen3_fe7048efd51b15b8,noise_s0.1,imagen3,imagen3,1,0.12445778399705887,data\cache\clean\test\imagen3_fe7048efd51b15b8\noise_s0.1.jpg
imagen3_Imagen3_2403,noise_s0.1,imagen3,imagen3,1,0.033203739672899246,data\cache\clean\test\imagen3_Imagen3_2403\noise_s0.1.jpg
imagen3_Imagen3_3546,noise_s0.1,imagen3,imagen3,1,0.18033704161643982,data\cache\clean\test\imagen3_Imagen3_3546\noise_s0.1.jpg
imagen3_Imagen3_3556,noise_s0.1,imagen3,imagen3,1,0.06107080727815628,data\cache\clean\test\imagen3_Imagen3_3556\noise_s0.1.jpg
sidset_full_synthetic_001692,noise_s0.1,sidset,full_synthetic,1,0.33161190152168274,data\cache\clean\test\sidset_full_synthetic_001692\noise_s0.1.jpg
sidset_full_synthetic_003461,noise_s0.1,sidset,full_synthetic,1,0.13357417285442352,data\cache\clean\test\sidset_full_synthetic_003461\noise_s0.1.jpg
sidset_full_synthetic_004754,noise_s0.1,sidset,full_synthetic,1,0.12611325085163116,data\cache\clean\test\sidset_full_synthetic_004754\noise_s0.1.jpg
sidset_full_synthetic_005710,noise_s0.1,sidset,full_synthetic,1,0.2159021496772766,data\cache\clean\test\sidset_full_synthetic_005710\noise_s0.1.jpg
sidset_full_synthetic_033528,noise_s0.1,sidset,full_synthetic,1,0.008666165173053741,data\cache\clean\test\sidset_full_synthetic_033528\noise_s0.1.jpg
sidset_full_synthetic_033729,noise_s0.1,sidset,full_synthetic,1,0.33560144901275635,data\cache\clean\test\sidset_full_synthetic_033729\noise_s0.1.jpg
sidset_full_synthetic_046026,noise_s0.1,sidset,full_synthetic,1,0.051794763654470444,data\cache\clean\test\sidset_full_synthetic_046026\noise_s0.1.jpg
sidset_full_synthetic_048809,noise_s0.1,sidset,full_synthetic,1,0.09908441454172134,data\cache\clean\test\sidset_full_synthetic_048809\noise_s0.1.jpg
sidset_full_synthetic_060524,noise_s0.1,sidset,full_synthetic,1,5.894775677006692e-05,data\cache\clean\test\sidset_full_synthetic_060524\noise_s0.1.jpg
sidset_full_synthetic_060650,noise_s0.1,sidset,full_synthetic,1,0.04038951173424721,data\cache\clean\test\sidset_full_synthetic_060650\noise_s0.1.jpg
sidset_full_synthetic_062086,noise_s0.1,sidset,full_synthetic,1,0.0001913130545290187,data\cache\clean\test\sidset_full_synthetic_062086\noise_s0.1.jpg
sidset_full_synthetic_062467,noise_s0.1,sidset,full_synthetic,1,0.0020061524119228125,data\cache\clean\test\sidset_full_synthetic_062467\noise_s0.1.jpg
stylegan_xl_0097a2e24789bc7a,noise_s0.1,stylegan_xl,stylegan_xl,1,1.254916514881188e-05,data\cache\clean\test\stylegan_xl_0097a2e24789bc7a\noise_s0.1.jpg
stylegan_xl_00a4591cf03df584,noise_s0.1,stylegan_xl,stylegan_xl,1,0.00012221945507917553,data\cache\clean\test\stylegan_xl_00a4591cf03df584\noise_s0.1.jpg
stylegan_xl_031391f1ab18ab62,noise_s0.1,stylegan_xl,stylegan_xl,1,0.0045261685736477375,data\cache\clean\test\stylegan_xl_031391f1ab18ab62\noise_s0.1.jpg
stylegan_xl_0f7efa4c31bcd8f4,noise_s0.1,stylegan_xl,stylegan_xl,1,9.778223466128111e-05,data\cache\clean\test\stylegan_xl_0f7efa4c31bcd8f4\noise_s0.1.jpg
stylegan_xl_1060d58257bc5130,noise_s0.1,stylegan_xl,stylegan_xl,1,0.0029382745269685984,data\cache\clean\test\stylegan_xl_1060d58257bc5130\noise_s0.1.jpg
stylegan_xl_1440252ff76f525f,noise_s0.1,stylegan_xl,stylegan_xl,1,0.22747381031513214,data\cache\clean\test\stylegan_xl_1440252ff76f525f\noise_s0.1.jpg
stylegan_xl_17f8bf0ef8d2f478,noise_s0.1,stylegan_xl,stylegan_xl,1,0.0017890245653688908,data\cache\clean\test\stylegan_xl_17f8bf0ef8d2f478\noise_s0.1.jpg
stylegan_xl_2013fe0d44f84041,noise_s0.1,stylegan_xl,stylegan_xl,1,0.0003816956013906747,data\cache\clean\test\stylegan_xl_2013fe0d44f84041\noise_s0.1.jpg
stylegan_xl_324e332686aa6966,noise_s0.1,stylegan_xl,stylegan_xl,1,0.04198797047138214,data\cache\clean\test\stylegan_xl_324e332686aa6966\noise_s0.1.jpg
stylegan_xl_3621cf0be1fc8d68,noise_s0.1,stylegan_xl,stylegan_xl,1,0.0069932336919009686,data\cache\clean\test\stylegan_xl_3621cf0be1fc8d68\noise_s0.1.jpg
stylegan_xl_38c489e3b0d8c700,noise_s0.1,stylegan_xl,stylegan_xl,1,0.4570194184780121,data\cache\clean\test\stylegan_xl_38c489e3b0d8c700\noise_s0.1.jpg
stylegan_xl_3b5e18f8fc06450d,noise_s0.1,stylegan_xl,stylegan_xl,1,0.012122361920773983,data\cache\clean\test\stylegan_xl_3b5e18f8fc06450d\noise_s0.1.jpg
stylegan_xl_48611,noise_s0.1,stylegan_xl,stylegan_xl,1,0.3885989487171173,data\cache\clean\test\stylegan_xl_48611\noise_s0.1.jpg
stylegan_xl_4f991f9638e28675,noise_s0.1,stylegan_xl,stylegan_xl,1,0.025703655555844307,data\cache\clean\test\stylegan_xl_4f991f9638e28675\noise_s0.1.jpg
stylegan_xl_53453,noise_s0.1,stylegan_xl,stylegan_xl,1,0.15753160417079926,data\cache\clean\test\stylegan_xl_53453\noise_s0.1.jpg
stylegan_xl_60ed9d3511d333bf,noise_s0.1,stylegan_xl,stylegan_xl,1,0.010500093922019005,data\cache\clean\test\stylegan_xl_60ed9d3511d333bf\noise_s0.1.jpg
stylegan_xl_65bb283a1280639e,noise_s0.1,stylegan_xl,stylegan_xl,1,0.12147209048271179,data\cache\clean\test\stylegan_xl_65bb283a1280639e\noise_s0.1.jpg
stylegan_xl_729fee52c5b7f95b,noise_s0.1,stylegan_xl,stylegan_xl,1,0.010209931991994381,data\cache\clean\test\stylegan_xl_729fee52c5b7f95b\noise_s0.1.jpg
stylegan_xl_7d433e90bcd7bd53,noise_s0.1,stylegan_xl,stylegan_xl,1,0.0002789278223644942,data\cache\clean\test\stylegan_xl_7d433e90bcd7bd53\noise_s0.1.jpg
stylegan_xl_80fc8be6e7c11eb3,noise_s0.1,stylegan_xl,stylegan_xl,1,1.3079323252895847e-05,data\cache\clean\test\stylegan_xl_80fc8be6e7c11eb3\noise_s0.1.jpg
stylegan_xl_8461b1ae87c22c20,noise_s0.1,stylegan_xl,stylegan_xl,1,0.36314818263053894,data\cache\clean\test\stylegan_xl_8461b1ae87c22c20\noise_s0.1.jpg
stylegan_xl_8f9dfd75dde8914f,noise_s0.1,stylegan_xl,stylegan_xl,1,0.05242421105504036,data\cache\clean\test\stylegan_xl_8f9dfd75dde8914f\noise_s0.1.jpg
stylegan_xl_a1ed16fffc5ecb68,noise_s0.1,stylegan_xl,stylegan_xl,1,0.031656838953495026,data\cache\clean\test\stylegan_xl_a1ed16fffc5ecb68\noise_s0.1.jpg
stylegan_xl_a72f3ace10a8f550,noise_s0.1,stylegan_xl,stylegan_xl,1,0.006434083450585604,data\cache\clean\test\stylegan_xl_a72f3ace10a8f550\noise_s0.1.jpg
stylegan_xl_bd69757ff485d03e,noise_s0.1,stylegan_xl,stylegan_xl,1,0.16650892794132233,data\cache\clean\test\stylegan_xl_bd69757ff485d03e\noise_s0.1.jpg
stylegan_xl_c9421141bcf3a15a,noise_s0.1,stylegan_xl,stylegan_xl,1,0.02384861372411251,data\cache\clean\test\stylegan_xl_c9421141bcf3a15a\noise_s0.1.jpg
stylegan_xl_cf9c332a1ebfb587,noise_s0.1,stylegan_xl,stylegan_xl,1,0.008402891457080841,data\cache\clean\test\stylegan_xl_cf9c332a1ebfb587\noise_s0.1.jpg
stylegan_xl_d686a15f05d09472,noise_s0.1,stylegan_xl,stylegan_xl,1,0.05158965289592743,data\cache\clean\test\stylegan_xl_d686a15f05d09472\noise_s0.1.jpg
stylegan_xl_d7c4ece8c8a01de0,noise_s0.1,stylegan_xl,stylegan_xl,1,0.005053950008004904,data\cache\clean\test\stylegan_xl_d7c4ece8c8a01de0\noise_s0.1.jpg
stylegan_xl_e4b8e7ef72cabaf2,noise_s0.1,stylegan_xl,stylegan_xl,1,0.002290051896125078,data\cache\clean\test\stylegan_xl_e4b8e7ef72cabaf2\noise_s0.1.jpg
stylegan_xl_f2ea3473d8b1a62f,noise_s0.1,stylegan_xl,stylegan_xl,1,0.009967389516532421,data\cache\clean\test\stylegan_xl_f2ea3473d8b1a62f\noise_s0.1.jpg
stylegan_xl_fef6a66b8deaa7ab,noise_s0.1,stylegan_xl,stylegan_xl,1,3.9672926504863426e-05,data\cache\clean\test\stylegan_xl_fef6a66b8deaa7ab\noise_s0.1.jpg
cifake_2286 (2),resize_0.25,cifake,stable_diffusion,1,0.15641815960407257,data\cache\clean\test\cifake_2286 (2)\resize_0.25.jpg
cifake_2438 (2),resize_0.25,cifake,stable_diffusion,1,0.48174187541007996,data\cache\clean\test\cifake_2438 (2)\resize_0.25.jpg
cifake_2850 (3),resize_0.25,cifake,stable_diffusion,1,0.20093490183353424,data\cache\clean\test\cifake_2850 (3)\resize_0.25.jpg
cifake_3053 (4),resize_0.25,cifake,stable_diffusion,1,0.3899899125099182,data\cache\clean\test\cifake_3053 (4)\resize_0.25.jpg
cifake_3582 (9),resize_0.25,cifake,stable_diffusion,1,0.07314302772283554,data\cache\clean\test\cifake_3582 (9)\resize_0.25.jpg
cifake_4127 (3),resize_0.25,cifake,stable_diffusion,1,0.33946341276168823,data\cache\clean\test\cifake_4127 (3)\resize_0.25.jpg
cifake_4615 (3),resize_0.25,cifake,stable_diffusion,1,0.11201471090316772,data\cache\clean\test\cifake_4615 (3)\resize_0.25.jpg
cifake_5607 (3),resize_0.25,cifake,stable_diffusion,1,0.21668896079063416,data\cache\clean\test\cifake_5607 (3)\resize_0.25.jpg
dalle_10420,resize_0.25,dalle,dalle,1,0.007600361481308937,data\cache\clean\test\dalle_10420\resize_0.25.jpg
dalle_12132,resize_0.25,dalle,dalle,1,0.325896680355072,data\cache\clean\test\dalle_12132\resize_0.25.jpg
dalle_19157,resize_0.25,dalle,dalle,1,0.44603484869003296,data\cache\clean\test\dalle_19157\resize_0.25.jpg
dalle_19590,resize_0.25,dalle,dalle,1,0.0027373493649065495,data\cache\clean\test\dalle_19590\resize_0.25.jpg
dalle_20080,resize_0.25,dalle,dalle,1,0.001122941728681326,data\cache\clean\test\dalle_20080\resize_0.25.jpg
dalle_26611,resize_0.25,dalle,dalle,1,0.3478350341320038,data\cache\clean\test\dalle_26611\resize_0.25.jpg
dalle_27029,resize_0.25,dalle,dalle,1,0.11639150977134705,data\cache\clean\test\dalle_27029\resize_0.25.jpg
dalle_28,resize_0.25,dalle,dalle,1,0.44521114230155945,data\cache\clean\test\dalle_28\resize_0.25.jpg
dalle_29482,resize_0.25,dalle,dalle,1,0.45049452781677246,data\cache\clean\test\dalle_29482\resize_0.25.jpg
dalle_29659,resize_0.25,dalle,dalle,1,0.37527671456336975,data\cache\clean\test\dalle_29659\resize_0.25.jpg
dalle_3007,resize_0.25,dalle,dalle,1,0.08236556500196457,data\cache\clean\test\dalle_3007\resize_0.25.jpg
dalle_33159,resize_0.25,dalle,dalle,1,0.4665496349334717,data\cache\clean\test\dalle_33159\resize_0.25.jpg
dalle_40387,resize_0.25,dalle,dalle,1,0.008201695047318935,data\cache\clean\test\dalle_40387\resize_0.25.jpg
dalle_41791,resize_0.25,dalle,dalle,1,0.00010945679969154298,data\cache\clean\test\dalle_41791\resize_0.25.jpg
dalle_6481,resize_0.25,dalle,dalle,1,9.529952512821183e-05,data\cache\clean\test\dalle_6481\resize_0.25.jpg
dalle_6f0f61883f111368d770c54801f33449,resize_0.25,dalle,dalle,1,0.0075499024242162704,data\cache\clean\test\dalle_6f0f61883f111368d770c54801f33449\resize_0.25.jpg
dalle_8017,resize_0.25,dalle,dalle,1,0.018104590475559235,data\cache\clean\test\dalle_8017\resize_0.25.jpg
dalle_8688,resize_0.25,dalle,dalle,1,0.4913346767425537,data\cache\clean\test\dalle_8688\resize_0.25.jpg
dalle_9068,resize_0.25,dalle,dalle,1,0.015168662182986736,data\cache\clean\test\dalle_9068\resize_0.25.jpg
gigagan_01605,resize_0.25,gigagan,gigagan,1,0.019147906452417374,data\cache\clean\test\gigagan_01605\resize_0.25.jpg
gigagan_05738,resize_0.25,gigagan,gigagan,1,0.042848508805036545,data\cache\clean\test\gigagan_05738\resize_0.25.jpg
gigagan_06526,resize_0.25,gigagan,gigagan,1,0.1671069711446762,data\cache\clean\test\gigagan_06526\resize_0.25.jpg
gigagan_07350,resize_0.25,gigagan,gigagan,1,0.17013071477413177,data\cache\clean\test\gigagan_07350\resize_0.25.jpg
gigagan_10769,resize_0.25,gigagan,gigagan,1,0.44134554266929626,data\cache\clean\test\gigagan_10769\resize_0.25.jpg
gigagan_10914,resize_0.25,gigagan,gigagan,1,0.0001200533370138146,data\cache\clean\test\gigagan_10914\resize_0.25.jpg
gigagan_14071,resize_0.25,gigagan,gigagan,1,7.536619523307309e-05,data\cache\clean\test\gigagan_14071\resize_0.25.jpg
gigagan_15454,resize_0.25,gigagan,gigagan,1,0.12136133015155792,data\cache\clean\test\gigagan_15454\resize_0.25.jpg
gigagan_15561,resize_0.25,gigagan,gigagan,1,0.30201083421707153,data\cache\clean\test\gigagan_15561\resize_0.25.jpg
gigagan_16357,resize_0.25,gigagan,gigagan,1,0.4331142008304596,data\cache\clean\test\gigagan_16357\resize_0.25.jpg
gigagan_17003,resize_0.25,gigagan,gigagan,1,0.2644319534301758,data\cache\clean\test\gigagan_17003\resize_0.25.jpg
gigagan_21611,resize_0.25,gigagan,gigagan,1,0.090857595205307,data\cache\clean\test\gigagan_21611\resize_0.25.jpg
gigagan_23134,resize_0.25,gigagan,gigagan,1,0.01680171675980091,data\cache\clean\test\gigagan_23134\resize_0.25.jpg
gigagan_24933,resize_0.25,gigagan,gigagan,1,0.40891310572624207,data\cache\clean\test\gigagan_24933\resize_0.25.jpg
gigagan_25090,resize_0.25,gigagan,gigagan,1,0.011841525323688984,data\cache\clean\test\gigagan_25090\resize_0.25.jpg
gigagan_25645,resize_0.25,gigagan,gigagan,1,0.4468952417373657,data\cache\clean\test\gigagan_25645\resize_0.25.jpg
gigagan_26681,resize_0.25,gigagan,gigagan,1,0.142264723777771,data\cache\clean\test\gigagan_26681\resize_0.25.jpg
gigagan_27542,resize_0.25,gigagan,gigagan,1,0.18615205585956573,data\cache\clean\test\gigagan_27542\resize_0.25.jpg
gigagan_27593,resize_0.25,gigagan,gigagan,1,0.013664107769727707,data\cache\clean\test\gigagan_27593\resize_0.25.jpg
gigagan_29456,resize_0.25,gigagan,gigagan,1,0.3446035087108612,data\cache\clean\test\gigagan_29456\resize_0.25.jpg
imagen3_045e6da6fd7f6fb0,resize_0.25,imagen3,imagen3,1,0.00011082761193392798,data\cache\clean\test\imagen3_045e6da6fd7f6fb0\resize_0.25.jpg
imagen3_07747d6ffd056bee,resize_0.25,imagen3,imagen3,1,0.3169630467891693,data\cache\clean\test\imagen3_07747d6ffd056bee\resize_0.25.jpg
imagen3_13ed1f9391224848,resize_0.25,imagen3,imagen3,1,0.42696669697761536,data\cache\clean\test\imagen3_13ed1f9391224848\resize_0.25.jpg
imagen3_17643da56f35c6f7,resize_0.25,imagen3,imagen3,1,7.807655492797494e-05,data\cache\clean\test\imagen3_17643da56f35c6f7\resize_0.25.jpg
imagen3_17919c9ffd792ad9,resize_0.25,imagen3,imagen3,1,0.15044987201690674,data\cache\clean\test\imagen3_17919c9ffd792ad9\resize_0.25.jpg
imagen3_1fe9a0379cffa709,resize_0.25,imagen3,imagen3,1,0.026815298944711685,data\cache\clean\test\imagen3_1fe9a0379cffa709\resize_0.25.jpg
imagen3_24e64d19ddde11cb,resize_0.25,imagen3,imagen3,1,6.305340320977848e-07,data\cache\clean\test\imagen3_24e64d19ddde11cb\resize_0.25.jpg
imagen3_260ae6b06f1f50e2,resize_0.25,imagen3,imagen3,1,0.0009675103356130421,data\cache\clean\test\imagen3_260ae6b06f1f50e2\resize_0.25.jpg
imagen3_2be4510162a8a76e,resize_0.25,imagen3,imagen3,1,0.45581576228141785,data\cache\clean\test\imagen3_2be4510162a8a76e\resize_0.25.jpg
imagen3_3403b18fc93acbfc,resize_0.25,imagen3,imagen3,1,0.49382033944129944,data\cache\clean\test\imagen3_3403b18fc93acbfc\resize_0.25.jpg
imagen3_43058,resize_0.25,imagen3,imagen3,1,0.0016471438575536013,data\cache\clean\test\imagen3_43058\resize_0.25.jpg
imagen3_44015,resize_0.25,imagen3,imagen3,1,0.014099753461778164,data\cache\clean\test\imagen3_44015\resize_0.25.jpg
imagen3_44075,resize_0.25,imagen3,imagen3,1,0.013420632109045982,data\cache\clean\test\imagen3_44075\resize_0.25.jpg
imagen3_473ffc5e3d5dc373,resize_0.25,imagen3,imagen3,1,0.2554536759853363,data\cache\clean\test\imagen3_473ffc5e3d5dc373\resize_0.25.jpg
imagen3_519f5c348fe55fcd,resize_0.25,imagen3,imagen3,1,4.381268081488088e-05,data\cache\clean\test\imagen3_519f5c348fe55fcd\resize_0.25.jpg
imagen3_52520,resize_0.25,imagen3,imagen3,1,0.2102997750043869,data\cache\clean\test\imagen3_52520\resize_0.25.jpg
imagen3_53132,resize_0.25,imagen3,imagen3,1,0.3420508801937103,data\cache\clean\test\imagen3_53132\resize_0.25.jpg
imagen3_560ead164dab63a5,resize_0.25,imagen3,imagen3,1,0.03320673480629921,data\cache\clean\test\imagen3_560ead164dab63a5\resize_0.25.jpg
imagen3_5e95809bd47d157b,resize_0.25,imagen3,imagen3,1,0.014919442124664783,data\cache\clean\test\imagen3_5e95809bd47d157b\resize_0.25.jpg
imagen3_69467160e53f71bc,resize_0.25,imagen3,imagen3,1,0.04905156418681145,data\cache\clean\test\imagen3_69467160e53f71bc\resize_0.25.jpg
imagen3_6a8270ea182a9194,resize_0.25,imagen3,imagen3,1,2.7213109206059016e-05,data\cache\clean\test\imagen3_6a8270ea182a9194\resize_0.25.jpg
imagen3_6c7624322b04ce43,resize_0.25,imagen3,imagen3,1,4.743186309497105e-06,data\cache\clean\test\imagen3_6c7624322b04ce43\resize_0.25.jpg
imagen3_77fb2d4f372634f8,resize_0.25,imagen3,imagen3,1,0.0018155851867049932,data\cache\clean\test\imagen3_77fb2d4f372634f8\resize_0.25.jpg
imagen3_7ee1485909c59826,resize_0.25,imagen3,imagen3,1,0.21404439210891724,data\cache\clean\test\imagen3_7ee1485909c59826\resize_0.25.jpg
imagen3_8b13dc3bff918841,resize_0.25,imagen3,imagen3,1,0.07571288198232651,data\cache\clean\test\imagen3_8b13dc3bff918841\resize_0.25.jpg
imagen3_8c20e4bf83ffff36,resize_0.25,imagen3,imagen3,1,0.10157419741153717,data\cache\clean\test\imagen3_8c20e4bf83ffff36\resize_0.25.jpg
imagen3_9e82651e214a25c8,resize_0.25,imagen3,imagen3,1,0.21731947362422943,data\cache\clean\test\imagen3_9e82651e214a25c8\resize_0.25.jpg
imagen3_aa13646e437b7afa,resize_0.25,imagen3,imagen3,1,0.15951146185398102,data\cache\clean\test\imagen3_aa13646e437b7afa\resize_0.25.jpg
imagen3_ad860df8c2a1a848,resize_0.25,imagen3,imagen3,1,0.0005188328796066344,data\cache\clean\test\imagen3_ad860df8c2a1a848\resize_0.25.jpg
imagen3_b69c9976ced306d1,resize_0.25,imagen3,imagen3,1,0.12680009007453918,data\cache\clean\test\imagen3_b69c9976ced306d1\resize_0.25.jpg
imagen3_ca44bb7db1e73a9a,resize_0.25,imagen3,imagen3,1,0.0013212960911914706,data\cache\clean\test\imagen3_ca44bb7db1e73a9a\resize_0.25.jpg
imagen3_d326e7c87fb1d966,resize_0.25,imagen3,imagen3,1,0.027458783239126205,data\cache\clean\test\imagen3_d326e7c87fb1d966\resize_0.25.jpg
imagen3_e63f3b6f8bdee43a,resize_0.25,imagen3,imagen3,1,6.28671987215057e-05,data\cache\clean\test\imagen3_e63f3b6f8bdee43a\resize_0.25.jpg
imagen3_ea646e585cc24088,resize_0.25,imagen3,imagen3,1,0.35298651456832886,data\cache\clean\test\imagen3_ea646e585cc24088\resize_0.25.jpg
imagen3_eaf94916ce926270,resize_0.25,imagen3,imagen3,1,0.018005486577749252,data\cache\clean\test\imagen3_eaf94916ce926270\resize_0.25.jpg
imagen3_f69a20bda8f47fea,resize_0.25,imagen3,imagen3,1,0.1763923615217209,data\cache\clean\test\imagen3_f69a20bda8f47fea\resize_0.25.jpg
imagen3_fa8535259782583b,resize_0.25,imagen3,imagen3,1,0.35604724287986755,data\cache\clean\test\imagen3_fa8535259782583b\resize_0.25.jpg
imagen3_fd568a2839353a92,resize_0.25,imagen3,imagen3,1,0.11453593522310257,data\cache\clean\test\imagen3_fd568a2839353a92\resize_0.25.jpg
imagen3_fe7048efd51b15b8,resize_0.25,imagen3,imagen3,1,0.003619284136220813,data\cache\clean\test\imagen3_fe7048efd51b15b8\resize_0.25.jpg
imagen3_Imagen3_3556,resize_0.25,imagen3,imagen3,1,0.021247651427984238,data\cache\clean\test\imagen3_Imagen3_3556\resize_0.25.jpg
sidset_full_synthetic_033528,resize_0.25,sidset,full_synthetic,1,0.004610530566424131,data\cache\clean\test\sidset_full_synthetic_033528\resize_0.25.jpg
sidset_full_synthetic_040322,resize_0.25,sidset,full_synthetic,1,0.07621169835329056,data\cache\clean\test\sidset_full_synthetic_040322\resize_0.25.jpg
sidset_full_synthetic_046026,resize_0.25,sidset,full_synthetic,1,0.013328658416867256,data\cache\clean\test\sidset_full_synthetic_046026\resize_0.25.jpg
sidset_full_synthetic_060524,resize_0.25,sidset,full_synthetic,1,8.874940249370411e-05,data\cache\clean\test\sidset_full_synthetic_060524\resize_0.25.jpg
sidset_full_synthetic_062086,resize_0.25,sidset,full_synthetic,1,0.0002672337868716568,data\cache\clean\test\sidset_full_synthetic_062086\resize_0.25.jpg
sidset_full_synthetic_063062,resize_0.25,sidset,full_synthetic,1,0.15973936021327972,data\cache\clean\test\sidset_full_synthetic_063062\resize_0.25.jpg
sidset_full_synthetic_068023,resize_0.25,sidset,full_synthetic,1,0.2866566777229309,data\cache\clean\test\sidset_full_synthetic_068023\resize_0.25.jpg
stylegan_xl_0097a2e24789bc7a,resize_0.25,stylegan_xl,stylegan_xl,1,0.0009401458082720637,data\cache\clean\test\stylegan_xl_0097a2e24789bc7a\resize_0.25.jpg
stylegan_xl_00a4591cf03df584,resize_0.25,stylegan_xl,stylegan_xl,1,0.0007847546366974711,data\cache\clean\test\stylegan_xl_00a4591cf03df584\resize_0.25.jpg
stylegan_xl_031391f1ab18ab62,resize_0.25,stylegan_xl,stylegan_xl,1,0.010896822437644005,data\cache\clean\test\stylegan_xl_031391f1ab18ab62\resize_0.25.jpg
stylegan_xl_0a4244f8a9185bad,resize_0.25,stylegan_xl,stylegan_xl,1,0.04243830591440201,data\cache\clean\test\stylegan_xl_0a4244f8a9185bad\resize_0.25.jpg
stylegan_xl_0f7efa4c31bcd8f4,resize_0.25,stylegan_xl,stylegan_xl,1,0.0011129608610644937,data\cache\clean\test\stylegan_xl_0f7efa4c31bcd8f4\resize_0.25.jpg
stylegan_xl_1060d58257bc5130,resize_0.25,stylegan_xl,stylegan_xl,1,0.0020107526797801256,data\cache\clean\test\stylegan_xl_1060d58257bc5130\resize_0.25.jpg
stylegan_xl_17f8bf0ef8d2f478,resize_0.25,stylegan_xl,stylegan_xl,1,0.0023551054764539003,data\cache\clean\test\stylegan_xl_17f8bf0ef8d2f478\resize_0.25.jpg
stylegan_xl_2013fe0d44f84041,resize_0.25,stylegan_xl,stylegan_xl,1,0.00016157954814843833,data\cache\clean\test\stylegan_xl_2013fe0d44f84041\resize_0.25.jpg
stylegan_xl_324e332686aa6966,resize_0.25,stylegan_xl,stylegan_xl,1,0.01755957491695881,data\cache\clean\test\stylegan_xl_324e332686aa6966\resize_0.25.jpg
stylegan_xl_3621cf0be1fc8d68,resize_0.25,stylegan_xl,stylegan_xl,1,0.18858619034290314,data\cache\clean\test\stylegan_xl_3621cf0be1fc8d68\resize_0.25.jpg
stylegan_xl_38c489e3b0d8c700,resize_0.25,stylegan_xl,stylegan_xl,1,0.3174712359905243,data\cache\clean\test\stylegan_xl_38c489e3b0d8c700\resize_0.25.jpg
stylegan_xl_3b5e18f8fc06450d,resize_0.25,stylegan_xl,stylegan_xl,1,0.00026339897885918617,data\cache\clean\test\stylegan_xl_3b5e18f8fc06450d\resize_0.25.jpg
stylegan_xl_43847,resize_0.25,stylegan_xl,stylegan_xl,1,0.012285750359296799,data\cache\clean\test\stylegan_xl_43847\resize_0.25.jpg
stylegan_xl_45602,resize_0.25,stylegan_xl,stylegan_xl,1,0.29326632618904114,data\cache\clean\test\stylegan_xl_45602\resize_0.25.jpg
stylegan_xl_48611,resize_0.25,stylegan_xl,stylegan_xl,1,0.16985554993152618,data\cache\clean\test\stylegan_xl_48611\resize_0.25.jpg
stylegan_xl_49539,resize_0.25,stylegan_xl,stylegan_xl,1,0.16147951781749725,data\cache\clean\test\stylegan_xl_49539\resize_0.25.jpg
stylegan_xl_4f991f9638e28675,resize_0.25,stylegan_xl,stylegan_xl,1,0.0011693916749209166,data\cache\clean\test\stylegan_xl_4f991f9638e28675\resize_0.25.jpg
stylegan_xl_60ed9d3511d333bf,resize_0.25,stylegan_xl,stylegan_xl,1,0.0029043450485914946,data\cache\clean\test\stylegan_xl_60ed9d3511d333bf\resize_0.25.jpg
stylegan_xl_65bb283a1280639e,resize_0.25,stylegan_xl,stylegan_xl,1,0.01752983033657074,data\cache\clean\test\stylegan_xl_65bb283a1280639e\resize_0.25.jpg
stylegan_xl_729fee52c5b7f95b,resize_0.25,stylegan_xl,stylegan_xl,1,0.0017789046978577971,data\cache\clean\test\stylegan_xl_729fee52c5b7f95b\resize_0.25.jpg
stylegan_xl_7d433e90bcd7bd53,resize_0.25,stylegan_xl,stylegan_xl,1,9.631562716094777e-05,data\cache\clean\test\stylegan_xl_7d433e90bcd7bd53\resize_0.25.jpg
stylegan_xl_7ffebe6032f8209f,resize_0.25,stylegan_xl,stylegan_xl,1,0.05522182211279869,data\cache\clean\test\stylegan_xl_7ffebe6032f8209f\resize_0.25.jpg
stylegan_xl_80fc8be6e7c11eb3,resize_0.25,stylegan_xl,stylegan_xl,1,5.789450369775295e-05,data\cache\clean\test\stylegan_xl_80fc8be6e7c11eb3\resize_0.25.jpg
stylegan_xl_8f9dfd75dde8914f,resize_0.25,stylegan_xl,stylegan_xl,1,0.0014375759055837989,data\cache\clean\test\stylegan_xl_8f9dfd75dde8914f\resize_0.25.jpg
stylegan_xl_a1ed16fffc5ecb68,resize_0.25,stylegan_xl,stylegan_xl,1,0.13448894023895264,data\cache\clean\test\stylegan_xl_a1ed16fffc5ecb68\resize_0.25.jpg
stylegan_xl_a72f3ace10a8f550,resize_0.25,stylegan_xl,stylegan_xl,1,5.3830597607884556e-05,data\cache\clean\test\stylegan_xl_a72f3ace10a8f550\resize_0.25.jpg
stylegan_xl_ae09b95535340878,resize_0.25,stylegan_xl,stylegan_xl,1,0.2468775510787964,data\cache\clean\test\stylegan_xl_ae09b95535340878\resize_0.25.jpg
stylegan_xl_b6abe358484b287a,resize_0.25,stylegan_xl,stylegan_xl,1,0.04585976526141167,data\cache\clean\test\stylegan_xl_b6abe358484b287a\resize_0.25.jpg
stylegan_xl_bd69757ff485d03e,resize_0.25,stylegan_xl,stylegan_xl,1,0.2565985321998596,data\cache\clean\test\stylegan_xl_bd69757ff485d03e\resize_0.25.jpg
stylegan_xl_cf9c332a1ebfb587,resize_0.25,stylegan_xl,stylegan_xl,1,0.04912308230996132,data\cache\clean\test\stylegan_xl_cf9c332a1ebfb587\resize_0.25.jpg
stylegan_xl_d686a15f05d09472,resize_0.25,stylegan_xl,stylegan_xl,1,0.0038856614846736193,data\cache\clean\test\stylegan_xl_d686a15f05d09472\resize_0.25.jpg
stylegan_xl_d7c4ece8c8a01de0,resize_0.25,stylegan_xl,stylegan_xl,1,0.0428294762969017,data\cache\clean\test\stylegan_xl_d7c4ece8c8a01de0\resize_0.25.jpg
stylegan_xl_e4b8e7ef72cabaf2,resize_0.25,stylegan_xl,stylegan_xl,1,1.7911155737238005e-05,data\cache\clean\test\stylegan_xl_e4b8e7ef72cabaf2\resize_0.25.jpg
stylegan_xl_f2ea3473d8b1a62f,resize_0.25,stylegan_xl,stylegan_xl,1,0.011285120621323586,data\cache\clean\test\stylegan_xl_f2ea3473d8b1a62f\resize_0.25.jpg
stylegan_xl_fef6a66b8deaa7ab,resize_0.25,stylegan_xl,stylegan_xl,1,1.0374972589488607e-05,data\cache\clean\test\stylegan_xl_fef6a66b8deaa7ab\resize_0.25.jpg
cifake_2286 (2),resize_0.5,cifake,stable_diffusion,1,0.14884053170681,data\cache\clean\test\cifake_2286 (2)\resize_0.5.jpg
cifake_2438 (2),resize_0.5,cifake,stable_diffusion,1,0.4450949430465698,data\cache\clean\test\cifake_2438 (2)\resize_0.5.jpg
cifake_2787 (7),resize_0.5,cifake,stable_diffusion,1,0.29798486828804016,data\cache\clean\test\cifake_2787 (7)\resize_0.5.jpg
cifake_2850 (3),resize_0.5,cifake,stable_diffusion,1,0.18946199119091034,data\cache\clean\test\cifake_2850 (3)\resize_0.5.jpg
cifake_3053 (4),resize_0.5,cifake,stable_diffusion,1,0.31620296835899353,data\cache\clean\test\cifake_3053 (4)\resize_0.5.jpg
cifake_3582 (9),resize_0.5,cifake,stable_diffusion,1,0.1068921759724617,data\cache\clean\test\cifake_3582 (9)\resize_0.5.jpg
cifake_4127 (3),resize_0.5,cifake,stable_diffusion,1,0.40020954608917236,data\cache\clean\test\cifake_4127 (3)\resize_0.5.jpg
cifake_4615 (3),resize_0.5,cifake,stable_diffusion,1,0.11041083186864853,data\cache\clean\test\cifake_4615 (3)\resize_0.5.jpg
cifake_5607 (3),resize_0.5,cifake,stable_diffusion,1,0.1866181641817093,data\cache\clean\test\cifake_5607 (3)\resize_0.5.jpg
cifake_5845 (9),resize_0.5,cifake,stable_diffusion,1,0.45681220293045044,data\cache\clean\test\cifake_5845 (9)\resize_0.5.jpg
cifake_954 (9),resize_0.5,cifake,stable_diffusion,1,0.4500770568847656,data\cache\clean\test\cifake_954 (9)\resize_0.5.jpg
dalle_10420,resize_0.5,dalle,dalle,1,0.29615554213523865,data\cache\clean\test\dalle_10420\resize_0.5.jpg
dalle_19590,resize_0.5,dalle,dalle,1,0.17575441300868988,data\cache\clean\test\dalle_19590\resize_0.5.jpg
dalle_20080,resize_0.5,dalle,dalle,1,0.007531424518674612,data\cache\clean\test\dalle_20080\resize_0.5.jpg
dalle_27029,resize_0.5,dalle,dalle,1,0.3605116307735443,data\cache\clean\test\dalle_27029\resize_0.5.jpg
dalle_29659,resize_0.5,dalle,dalle,1,0.16011516749858856,data\cache\clean\test\dalle_29659\resize_0.5.jpg
dalle_3007,resize_0.5,dalle,dalle,1,0.3903861343860626,data\cache\clean\test\dalle_3007\resize_0.5.jpg
dalle_33159,resize_0.5,dalle,dalle,1,0.11434705555438995,data\cache\clean\test\dalle_33159\resize_0.5.jpg
dalle_40387,resize_0.5,dalle,dalle,1,0.11935137957334518,data\cache\clean\test\dalle_40387\resize_0.5.jpg
dalle_41791,resize_0.5,dalle,dalle,1,0.005238381680101156,data\cache\clean\test\dalle_41791\resize_0.5.jpg
dalle_5781,resize_0.5,dalle,dalle,1,0.407900869846344,data\cache\clean\test\dalle_5781\resize_0.5.jpg
dalle_6481,resize_0.5,dalle,dalle,1,0.012923525646328926,data\cache\clean\test\dalle_6481\resize_0.5.jpg
dalle_6890,resize_0.5,dalle,dalle,1,0.15099717676639557,data\cache\clean\test\dalle_6890\resize_0.5.jpg
dalle_6f0f61883f111368d770c54801f33449,resize_0.5,dalle,dalle,1,0.017185622826218605,data\cache\clean\test\dalle_6f0f61883f111368d770c54801f33449\resize_0.5.jpg
dalle_8017,resize_0.5,dalle,dalle,1,0.36840811371803284,data\cache\clean\test\dalle_8017\resize_0.5.jpg
dalle_9068,resize_0.5,dalle,dalle,1,0.017620328813791275,data\cache\clean\test\dalle_9068\resize_0.5.jpg
gigagan_01605,resize_0.5,gigagan,gigagan,1,0.011038513854146004,data\cache\clean\test\gigagan_01605\resize_0.5.jpg
gigagan_05738,resize_0.5,gigagan,gigagan,1,0.008557473309338093,data\cache\clean\test\gigagan_05738\resize_0.5.jpg
gigagan_06526,resize_0.5,gigagan,gigagan,1,0.07621955871582031,data\cache\clean\test\gigagan_06526\resize_0.5.jpg
gigagan_09742,resize_0.5,gigagan,gigagan,1,0.1408325731754303,data\cache\clean\test\gigagan_09742\resize_0.5.jpg
gigagan_10914,resize_0.5,gigagan,gigagan,1,0.0001282326120417565,data\cache\clean\test\gigagan_10914\resize_0.5.jpg
gigagan_14071,resize_0.5,gigagan,gigagan,1,3.886494141625008e-06,data\cache\clean\test\gigagan_14071\resize_0.5.jpg
gigagan_15454,resize_0.5,gigagan,gigagan,1,0.46192216873168945,data\cache\clean\test\gigagan_15454\resize_0.5.jpg
gigagan_20327,resize_0.5,gigagan,gigagan,1,0.4753640592098236,data\cache\clean\test\gigagan_20327\resize_0.5.jpg
gigagan_21611,resize_0.5,gigagan,gigagan,1,0.14308235049247742,data\cache\clean\test\gigagan_21611\resize_0.5.jpg
gigagan_23134,resize_0.5,gigagan,gigagan,1,0.10726920515298843,data\cache\clean\test\gigagan_23134\resize_0.5.jpg
gigagan_24679,resize_0.5,gigagan,gigagan,1,0.11523828655481339,data\cache\clean\test\gigagan_24679\resize_0.5.jpg
gigagan_25090,resize_0.5,gigagan,gigagan,1,0.0013838948216289282,data\cache\clean\test\gigagan_25090\resize_0.5.jpg
gigagan_27593,resize_0.5,gigagan,gigagan,1,0.3307836949825287,data\cache\clean\test\gigagan_27593\resize_0.5.jpg
imagen3_045e6da6fd7f6fb0,resize_0.5,imagen3,imagen3,1,5.269934263196774e-05,data\cache\clean\test\imagen3_045e6da6fd7f6fb0\resize_0.5.jpg
imagen3_07747d6ffd056bee,resize_0.5,imagen3,imagen3,1,0.14015959203243256,data\cache\clean\test\imagen3_07747d6ffd056bee\resize_0.5.jpg
imagen3_13ed1f9391224848,resize_0.5,imagen3,imagen3,1,0.40652504563331604,data\cache\clean\test\imagen3_13ed1f9391224848\resize_0.5.jpg
imagen3_17643da56f35c6f7,resize_0.5,imagen3,imagen3,1,1.8538696622272255e-06,data\cache\clean\test\imagen3_17643da56f35c6f7\resize_0.5.jpg
imagen3_17919c9ffd792ad9,resize_0.5,imagen3,imagen3,1,0.14916665852069855,data\cache\clean\test\imagen3_17919c9ffd792ad9\resize_0.5.jpg
imagen3_1fe9a0379cffa709,resize_0.5,imagen3,imagen3,1,0.04798591509461403,data\cache\clean\test\imagen3_1fe9a0379cffa709\resize_0.5.jpg
imagen3_24e64d19ddde11cb,resize_0.5,imagen3,imagen3,1,2.8777971117222023e-09,data\cache\clean\test\imagen3_24e64d19ddde11cb\resize_0.5.jpg
imagen3_260ae6b06f1f50e2,resize_0.5,imagen3,imagen3,1,0.0009322903351858258,data\cache\clean\test\imagen3_260ae6b06f1f50e2\resize_0.5.jpg
imagen3_2be4510162a8a76e,resize_0.5,imagen3,imagen3,1,0.3141592741012573,data\cache\clean\test\imagen3_2be4510162a8a76e\resize_0.5.jpg
imagen3_3403b18fc93acbfc,resize_0.5,imagen3,imagen3,1,0.02810308150947094,data\cache\clean\test\imagen3_3403b18fc93acbfc\resize_0.5.jpg
imagen3_43058,resize_0.5,imagen3,imagen3,1,0.00013723930169362575,data\cache\clean\test\imagen3_43058\resize_0.5.jpg
imagen3_44015,resize_0.5,imagen3,imagen3,1,0.0004244101874064654,data\cache\clean\test\imagen3_44015\resize_0.5.jpg
imagen3_44075,resize_0.5,imagen3,imagen3,1,0.024341115728020668,data\cache\clean\test\imagen3_44075\resize_0.5.jpg
imagen3_46922,resize_0.5,imagen3,imagen3,1,0.12674270570278168,data\cache\clean\test\imagen3_46922\resize_0.5.jpg
imagen3_473ffc5e3d5dc373,resize_0.5,imagen3,imagen3,1,0.2547737658023834,data\cache\clean\test\imagen3_473ffc5e3d5dc373\resize_0.5.jpg
imagen3_48174,resize_0.5,imagen3,imagen3,1,0.09003914892673492,data\cache\clean\test\imagen3_48174\resize_0.5.jpg
imagen3_519f5c348fe55fcd,resize_0.5,imagen3,imagen3,1,0.0001157964943558909,data\cache\clean\test\imagen3_519f5c348fe55fcd\resize_0.5.jpg
imagen3_52520,resize_0.5,imagen3,imagen3,1,0.07658662647008896,data\cache\clean\test\imagen3_52520\resize_0.5.jpg
imagen3_53132,resize_0.5,imagen3,imagen3,1,0.15163125097751617,data\cache\clean\test\imagen3_53132\resize_0.5.jpg
imagen3_560ead164dab63a5,resize_0.5,imagen3,imagen3,1,0.03826906159520149,data\cache\clean\test\imagen3_560ead164dab63a5\resize_0.5.jpg
imagen3_5e95809bd47d157b,resize_0.5,imagen3,imagen3,1,0.0026581932324916124,data\cache\clean\test\imagen3_5e95809bd47d157b\resize_0.5.jpg
imagen3_69467160e53f71bc,resize_0.5,imagen3,imagen3,1,0.031435612589120865,data\cache\clean\test\imagen3_69467160e53f71bc\resize_0.5.jpg
imagen3_6a8270ea182a9194,resize_0.5,imagen3,imagen3,1,9.69108623394277e-06,data\cache\clean\test\imagen3_6a8270ea182a9194\resize_0.5.jpg
imagen3_6c7624322b04ce43,resize_0.5,imagen3,imagen3,1,4.3160767404515354e-07,data\cache\clean\test\imagen3_6c7624322b04ce43\resize_0.5.jpg
imagen3_77fb2d4f372634f8,resize_0.5,imagen3,imagen3,1,0.000684849452227354,data\cache\clean\test\imagen3_77fb2d4f372634f8\resize_0.5.jpg
imagen3_7ee1485909c59826,resize_0.5,imagen3,imagen3,1,0.28517183661460876,data\cache\clean\test\imagen3_7ee1485909c59826\resize_0.5.jpg
imagen3_8b13dc3bff918841,resize_0.5,imagen3,imagen3,1,0.08949826657772064,data\cache\clean\test\imagen3_8b13dc3bff918841\resize_0.5.jpg
imagen3_8c20e4bf83ffff36,resize_0.5,imagen3,imagen3,1,0.054523468017578125,data\cache\clean\test\imagen3_8c20e4bf83ffff36\resize_0.5.jpg
imagen3_9e82651e214a25c8,resize_0.5,imagen3,imagen3,1,0.045371267944574356,data\cache\clean\test\imagen3_9e82651e214a25c8\resize_0.5.jpg
imagen3_aa13646e437b7afa,resize_0.5,imagen3,imagen3,1,0.22949445247650146,data\cache\clean\test\imagen3_aa13646e437b7afa\resize_0.5.jpg
imagen3_ad860df8c2a1a848,resize_0.5,imagen3,imagen3,1,0.0007624526042491198,data\cache\clean\test\imagen3_ad860df8c2a1a848\resize_0.5.jpg
imagen3_b69c9976ced306d1,resize_0.5,imagen3,imagen3,1,0.08276330679655075,data\cache\clean\test\imagen3_b69c9976ced306d1\resize_0.5.jpg
imagen3_ca44bb7db1e73a9a,resize_0.5,imagen3,imagen3,1,0.0013471319107338786,data\cache\clean\test\imagen3_ca44bb7db1e73a9a\resize_0.5.jpg
imagen3_d326e7c87fb1d966,resize_0.5,imagen3,imagen3,1,0.06206555664539337,data\cache\clean\test\imagen3_d326e7c87fb1d966\resize_0.5.jpg
imagen3_e63f3b6f8bdee43a,resize_0.5,imagen3,imagen3,1,3.41281556757167e-05,data\cache\clean\test\imagen3_e63f3b6f8bdee43a\resize_0.5.jpg
imagen3_eaf94916ce926270,resize_0.5,imagen3,imagen3,1,0.007124962750822306,data\cache\clean\test\imagen3_eaf94916ce926270\resize_0.5.jpg
imagen3_f69a20bda8f47fea,resize_0.5,imagen3,imagen3,1,0.10195337980985641,data\cache\clean\test\imagen3_f69a20bda8f47fea\resize_0.5.jpg
imagen3_fa8535259782583b,resize_0.5,imagen3,imagen3,1,0.47805821895599365,data\cache\clean\test\imagen3_fa8535259782583b\resize_0.5.jpg
imagen3_fd568a2839353a92,resize_0.5,imagen3,imagen3,1,0.18468143045902252,data\cache\clean\test\imagen3_fd568a2839353a92\resize_0.5.jpg
imagen3_fe7048efd51b15b8,resize_0.5,imagen3,imagen3,1,0.0010095475008711219,data\cache\clean\test\imagen3_fe7048efd51b15b8\resize_0.5.jpg
imagen3_Imagen3_2403,resize_0.5,imagen3,imagen3,1,0.4570544958114624,data\cache\clean\test\imagen3_Imagen3_2403\resize_0.5.jpg
imagen3_Imagen3_3546,resize_0.5,imagen3,imagen3,1,0.2557442784309387,data\cache\clean\test\imagen3_Imagen3_3546\resize_0.5.jpg
imagen3_Imagen3_3556,resize_0.5,imagen3,imagen3,1,0.04238219931721687,data\cache\clean\test\imagen3_Imagen3_3556\resize_0.5.jpg
sidset_full_synthetic_033528,resize_0.5,sidset,full_synthetic,1,0.01036688033491373,data\cache\clean\test\sidset_full_synthetic_033528\resize_0.5.jpg
sidset_full_synthetic_040322,resize_0.5,sidset,full_synthetic,1,0.15405255556106567,data\cache\clean\test\sidset_full_synthetic_040322\resize_0.5.jpg
sidset_full_synthetic_046026,resize_0.5,sidset,full_synthetic,1,0.004037751816213131,data\cache\clean\test\sidset_full_synthetic_046026\resize_0.5.jpg
sidset_full_synthetic_060524,resize_0.5,sidset,full_synthetic,1,0.00047683031880296767,data\cache\clean\test\sidset_full_synthetic_060524\resize_0.5.jpg
sidset_full_synthetic_062086,resize_0.5,sidset,full_synthetic,1,0.00035369308898225427,data\cache\clean\test\sidset_full_synthetic_062086\resize_0.5.jpg
sidset_full_synthetic_068023,resize_0.5,sidset,full_synthetic,1,0.4949929118156433,data\cache\clean\test\sidset_full_synthetic_068023\resize_0.5.jpg
stylegan_xl_0097a2e24789bc7a,resize_0.5,stylegan_xl,stylegan_xl,1,0.002777512650936842,data\cache\clean\test\stylegan_xl_0097a2e24789bc7a\resize_0.5.jpg
stylegan_xl_00a4591cf03df584,resize_0.5,stylegan_xl,stylegan_xl,1,0.000112757486931514,data\cache\clean\test\stylegan_xl_00a4591cf03df584\resize_0.5.jpg
stylegan_xl_031391f1ab18ab62,resize_0.5,stylegan_xl,stylegan_xl,1,0.0016825011698529124,data\cache\clean\test\stylegan_xl_031391f1ab18ab62\resize_0.5.jpg
stylegan_xl_0a4244f8a9185bad,resize_0.5,stylegan_xl,stylegan_xl,1,0.19024941325187683,data\cache\clean\test\stylegan_xl_0a4244f8a9185bad\resize_0.5.jpg
stylegan_xl_0f7efa4c31bcd8f4,resize_0.5,stylegan_xl,stylegan_xl,1,3.5329961974639446e-05,data\cache\clean\test\stylegan_xl_0f7efa4c31bcd8f4\resize_0.5.jpg
stylegan_xl_1060d58257bc5130,resize_0.5,stylegan_xl,stylegan_xl,1,0.003274870105087757,data\cache\clean\test\stylegan_xl_1060d58257bc5130\resize_0.5.jpg
stylegan_xl_1440252ff76f525f,resize_0.5,stylegan_xl,stylegan_xl,1,0.07357767969369888,data\cache\clean\test\stylegan_xl_1440252ff76f525f\resize_0.5.jpg
stylegan_xl_17f8bf0ef8d2f478,resize_0.5,stylegan_xl,stylegan_xl,1,0.0018571005202829838,data\cache\clean\test\stylegan_xl_17f8bf0ef8d2f478\resize_0.5.jpg
stylegan_xl_2013fe0d44f84041,resize_0.5,stylegan_xl,stylegan_xl,1,0.00023580892593599856,data\cache\clean\test\stylegan_xl_2013fe0d44f84041\resize_0.5.jpg
stylegan_xl_324e332686aa6966,resize_0.5,stylegan_xl,stylegan_xl,1,0.40994372963905334,data\cache\clean\test\stylegan_xl_324e332686aa6966\resize_0.5.jpg
stylegan_xl_3621cf0be1fc8d68,resize_0.5,stylegan_xl,stylegan_xl,1,0.013600221835076809,data\cache\clean\test\stylegan_xl_3621cf0be1fc8d68\resize_0.5.jpg
stylegan_xl_38c489e3b0d8c700,resize_0.5,stylegan_xl,stylegan_xl,1,0.23174522817134857,data\cache\clean\test\stylegan_xl_38c489e3b0d8c700\resize_0.5.jpg
stylegan_xl_3b5e18f8fc06450d,resize_0.5,stylegan_xl,stylegan_xl,1,0.0015389220789074898,data\cache\clean\test\stylegan_xl_3b5e18f8fc06450d\resize_0.5.jpg
stylegan_xl_43847,resize_0.5,stylegan_xl,stylegan_xl,1,0.005897165276110172,data\cache\clean\test\stylegan_xl_43847\resize_0.5.jpg
stylegan_xl_44451,resize_0.5,stylegan_xl,stylegan_xl,1,0.3632594048976898,data\cache\clean\test\stylegan_xl_44451\resize_0.5.jpg
stylegan_xl_45602,resize_0.5,stylegan_xl,stylegan_xl,1,0.17161110043525696,data\cache\clean\test\stylegan_xl_45602\resize_0.5.jpg
stylegan_xl_48611,resize_0.5,stylegan_xl,stylegan_xl,1,0.1175304651260376,data\cache\clean\test\stylegan_xl_48611\resize_0.5.jpg
stylegan_xl_4f991f9638e28675,resize_0.5,stylegan_xl,stylegan_xl,1,0.007228761911392212,data\cache\clean\test\stylegan_xl_4f991f9638e28675\resize_0.5.jpg
stylegan_xl_548aed682dc65ef2,resize_0.5,stylegan_xl,stylegan_xl,1,0.35327816009521484,data\cache\clean\test\stylegan_xl_548aed682dc65ef2\resize_0.5.jpg
stylegan_xl_60ed9d3511d333bf,resize_0.5,stylegan_xl,stylegan_xl,1,0.0018227171385660768,data\cache\clean\test\stylegan_xl_60ed9d3511d333bf\resize_0.5.jpg
stylegan_xl_65bb283a1280639e,resize_0.5,stylegan_xl,stylegan_xl,1,0.0011942829005420208,data\cache\clean\test\stylegan_xl_65bb283a1280639e\resize_0.5.jpg
stylegan_xl_729fee52c5b7f95b,resize_0.5,stylegan_xl,stylegan_xl,1,0.007656920235604048,data\cache\clean\test\stylegan_xl_729fee52c5b7f95b\resize_0.5.jpg
stylegan_xl_7d433e90bcd7bd53,resize_0.5,stylegan_xl,stylegan_xl,1,6.54432296869345e-05,data\cache\clean\test\stylegan_xl_7d433e90bcd7bd53\resize_0.5.jpg
stylegan_xl_80fc8be6e7c11eb3,resize_0.5,stylegan_xl,stylegan_xl,1,9.515452802588698e-06,data\cache\clean\test\stylegan_xl_80fc8be6e7c11eb3\resize_0.5.jpg
stylegan_xl_8f9dfd75dde8914f,resize_0.5,stylegan_xl,stylegan_xl,1,0.003396894782781601,data\cache\clean\test\stylegan_xl_8f9dfd75dde8914f\resize_0.5.jpg
stylegan_xl_a1ed16fffc5ecb68,resize_0.5,stylegan_xl,stylegan_xl,1,0.014406608417630196,data\cache\clean\test\stylegan_xl_a1ed16fffc5ecb68\resize_0.5.jpg
stylegan_xl_a72f3ace10a8f550,resize_0.5,stylegan_xl,stylegan_xl,1,1.7021080566337332e-05,data\cache\clean\test\stylegan_xl_a72f3ace10a8f550\resize_0.5.jpg
stylegan_xl_ae09b95535340878,resize_0.5,stylegan_xl,stylegan_xl,1,0.298141747713089,data\cache\clean\test\stylegan_xl_ae09b95535340878\resize_0.5.jpg
stylegan_xl_b6abe358484b287a,resize_0.5,stylegan_xl,stylegan_xl,1,0.013455926440656185,data\cache\clean\test\stylegan_xl_b6abe358484b287a\resize_0.5.jpg
stylegan_xl_cf9c332a1ebfb587,resize_0.5,stylegan_xl,stylegan_xl,1,0.0046792724169790745,data\cache\clean\test\stylegan_xl_cf9c332a1ebfb587\resize_0.5.jpg
stylegan_xl_d686a15f05d09472,resize_0.5,stylegan_xl,stylegan_xl,1,0.003012744477018714,data\cache\clean\test\stylegan_xl_d686a15f05d09472\resize_0.5.jpg
stylegan_xl_d7c4ece8c8a01de0,resize_0.5,stylegan_xl,stylegan_xl,1,0.003805875312536955,data\cache\clean\test\stylegan_xl_d7c4ece8c8a01de0\resize_0.5.jpg
stylegan_xl_e4b8e7ef72cabaf2,resize_0.5,stylegan_xl,stylegan_xl,1,9.374670298711862e-06,data\cache\clean\test\stylegan_xl_e4b8e7ef72cabaf2\resize_0.5.jpg
stylegan_xl_f2ea3473d8b1a62f,resize_0.5,stylegan_xl,stylegan_xl,1,0.0035579432733356953,data\cache\clean\test\stylegan_xl_f2ea3473d8b1a62f\resize_0.5.jpg
stylegan_xl_fef6a66b8deaa7ab,resize_0.5,stylegan_xl,stylegan_xl,1,6.662995019723894e-06,data\cache\clean\test\stylegan_xl_fef6a66b8deaa7ab\resize_0.5.jpg
