img_id,variant,source_dataset,generator_family,label,prob,path
cifake_1028 (10),clean,cifake,stable_diffusion,1,0.15921778976917267,data\cache\clean\test\cifake_1028 (10)\clean.jpg
cifake_2286 (2),clean,cifake,stable_diffusion,1,0.4267871379852295,data\cache\clean\test\cifake_2286 (2)\clean.jpg
cifake_2703 (7),clean,cifake,stable_diffusion,1,0.056856513023376465,data\cache\clean\test\cifake_2703 (7)\clean.jpg
cifake_2850 (3),clean,cifake,stable_diffusion,1,0.38462674617767334,data\cache\clean\test\cifake_2850 (3)\clean.jpg
cifake_3582 (9),clean,cifake,stable_diffusion,1,0.29633042216300964,data\cache\clean\test\cifake_3582 (9)\clean.jpg
cifake_4221 (2),clean,cifake,stable_diffusion,1,0.2522185444831848,data\cache\clean\test\cifake_4221 (2)\clean.jpg
cifake_4443,clean,cifake,stable_diffusion,1,0.3502596616744995,data\cache\clean\test\cifake_4443\clean.jpg
cifake_4615 (3),clean,cifake,stable_diffusion,1,0.10752489417791367,data\cache\clean\test\cifake_4615 (3)\clean.jpg
cifake_5607 (3),clean,cifake,stable_diffusion,1,0.08044777810573578,data\cache\clean\test\cifake_5607 (3)\clean.jpg
cifake_5845 (9),clean,cifake,stable_diffusion,1,0.49342697858810425,data\cache\clean\test\cifake_5845 (9)\clean.jpg
cifake_954 (9),clean,cifake,stable_diffusion,1,0.22086238861083984,data\cache\clean\test\cifake_954 (9)\clean.jpg
dalle_19157,clean,dalle,dalle,1,0.4949900209903717,data\cache\clean\test\dalle_19157\clean.jpg
dalle_2561,clean,dalle,dalle,1,0.053524501621723175,data\cache\clean\test\dalle_2561\clean.jpg
dalle_27029,clean,dalle,dalle,1,0.4335196018218994,data\cache\clean\test\dalle_27029\clean.jpg
dalle_28,clean,dalle,dalle,1,0.02804574742913246,data\cache\clean\test\dalle_28\clean.jpg
dalle_3007,clean,dalle,dalle,1,0.1881704032421112,data\cache\clean\test\dalle_3007\clean.jpg
dalle_33159,clean,dalle,dalle,1,0.021563399583101273,data\cache\clean\test\dalle_33159\clean.jpg
dalle_3c589aa7fd4a6705f1fd7918daf4ffb9,clean,dalle,dalle,1,0.2650802731513977,data\cache\clean\test\dalle_3c589aa7fd4a6705f1fd7918daf4ffb9\clean.jpg
dalle_40387,clean,dalle,dalle,1,0.33843088150024414,data\cache\clean\test\dalle_40387\clean.jpg
dalle_41791,clean,dalle,dalle,1,0.037729378789663315,data\cache\clean\test\dalle_41791\clean.jpg
dalle_6f0f61883f111368d770c54801f33449,clean,dalle,dalle,1,0.004568552598357201,data\cache\clean\test\dalle_6f0f61883f111368d770c54801f33449\clean.jpg
gigagan_01605,clean,gigagan,gigagan,1,0.3418083190917969,data\cache\clean\test\gigagan_01605\clean.jpg
gigagan_05738,clean,gigagan,gigagan,1,0.004293928854167461,data\cache\clean\test\gigagan_05738\clean.jpg
gigagan_06526,clean,gigagan,gigagan,1,0.0525263249874115,data\cache\clean\test\gigagan_06526\clean.jpg
gigagan_07350,clean,gigagan,gigagan,1,0.016562990844249725,data\cache\clean\test\gigagan_07350\clean.jpg
gigagan_09742,clean,gigagan,gigagan,1,0.4492219388484955,data\cache\clean\test\gigagan_09742\clean.jpg
gigagan_10914,clean,gigagan,gigagan,1,0.0014004275435581803,data\cache\clean\test\gigagan_10914\clean.jpg
gigagan_14071,clean,gigagan,gigagan,1,0.0023345905356109142,data\cache\clean\test\gigagan_14071\clean.jpg
gigagan_14946,clean,gigagan,gigagan,1,0.005053918808698654,data\cache\clean\test\gigagan_14946\clean.jpg
gigagan_15561,clean,gigagan,gigagan,1,0.005724424961954355,data\cache\clean\test\gigagan_15561\clean.jpg
gigagan_17003,clean,gigagan,gigagan,1,0.31127387285232544,data\cache\clean\test\gigagan_17003\clean.jpg
gigagan_20207,clean,gigagan,gigagan,1,0.0766446441411972,data\cache\clean\test\gigagan_20207\clean.jpg
gigagan_20327,clean,gigagan,gigagan,1,0.026909170672297478,data\cache\clean\test\gigagan_20327\clean.jpg
gigagan_20468,clean,gigagan,gigagan,1,0.030008191242814064,data\cache\clean\test\gigagan_20468\clean.jpg
gigagan_21611,clean,gigagan,gigagan,1,0.04934705048799515,data\cache\clean\test\gigagan_21611\clean.jpg
gigagan_22418,clean,gigagan,gigagan,1,0.30724361538887024,data\cache\clean\test\gigagan_22418\clean.jpg
gigagan_24679,clean,gigagan,gigagan,1,0.04719187691807747,data\cache\clean\test\gigagan_24679\clean.jpg
gigagan_24726,clean,gigagan,gigagan,1,0.42080819606781006,data\cache\clean\test\gigagan_24726\clean.jpg
gigagan_25090,clean,gigagan,gigagan,1,0.009319385513663292,data\cache\clean\test\gigagan_25090\clean.jpg
imagen3_045e6da6fd7f6fb0,clean,imagen3,imagen3,1,0.01546602975577116,data\cache\clean\test\imagen3_045e6da6fd7f6fb0\clean.jpg
imagen3_04e3097ac2f57647,clean,imagen3,imagen3,1,0.36657896637916565,data\cache\clean\test\imagen3_04e3097ac2f57647\clean.jpg
imagen3_07747d6ffd056bee,clean,imagen3,imagen3,1,0.00369336549192667,data\cache\clean\test\imagen3_07747d6ffd056bee\clean.jpg
imagen3_13ed1f9391224848,clean,imagen3,imagen3,1,0.024418091401457787,data\cache\clean\test\imagen3_13ed1f9391224848\clean.jpg
imagen3_15906,clean,imagen3,imagen3,1,0.02024928294122219,data\cache\clean\test\imagen3_15906\clean.jpg
imagen3_17643da56f35c6f7,clean,imagen3,imagen3,1,4.0670984162716195e-06,data\cache\clean\test\imagen3_17643da56f35c6f7\clean.jpg
imagen3_1fe9a0379cffa709,clean,imagen3,imagen3,1,0.48007968068122864,data\cache\clean\test\imagen3_1fe9a0379cffa709\clean.jpg
imagen3_24629,clean,imagen3,imagen3,1,0.0807613655924797,data\cache\clean\test\imagen3_24629\clean.jpg
imagen3_24e64d19ddde11cb,clean,imagen3,imagen3,1,1.8851000760378156e-09,data\cache\clean\test\imagen3_24e64d19ddde11cb\clean.jpg
imagen3_260ae6b06f1f50e2,clean,imagen3,imagen3,1,1.7491913240519352e-05,data\cache\clean\test\imagen3_260ae6b06f1f50e2\clean.jpg
imagen3_2be4510162a8a76e,clean,imagen3,imagen3,1,0.004392934963107109,data\cache\clean\test\imagen3_2be4510162a8a76e\clean.jpg
imagen3_3403b18fc93acbfc,clean,imagen3,imagen3,1,0.0021140086464583874,data\cache\clean\test\imagen3_3403b18fc93acbfc\clean.jpg
imagen3_43058,clean,imagen3,imagen3,1,0.00027901295106858015,data\cache\clean\test\imagen3_43058\clean.jpg
imagen3_43208,clean,imagen3,imagen3,1,0.15791106224060059,data\cache\clean\test\imagen3_43208\clean.jpg
imagen3_44015,clean,imagen3,imagen3,1,0.0030696121975779533,data\cache\clean\test\imagen3_44015\clean.jpg
imagen3_44476,clean,imagen3,imagen3,1,0.07422979921102524,data\cache\clean\test\imagen3_44476\clean.jpg
imagen3_46922,clean,imagen3,imagen3,1,0.03769529238343239,data\cache\clean\test\imagen3_46922\clean.jpg
imagen3_51659,clean,imagen3,imagen3,1,0.016566595062613487,data\cache\clean\test\imagen3_51659\clean.jpg
imagen3_519f5c348fe55fcd,clean,imagen3,imagen3,1,0.0010548945283517241,data\cache\clean\test\imagen3_519f5c348fe55fcd\clean.jpg
imagen3_52520,clean,imagen3,imagen3,1,0.010794970206916332,data\cache\clean\test\imagen3_52520\clean.jpg
imagen3_53632,clean,imagen3,imagen3,1,0.28385236859321594,data\cache\clean\test\imagen3_53632\clean.jpg
imagen3_560ead164dab63a5,clean,imagen3,imagen3,1,0.3060263395309448,data\cache\clean\test\imagen3_560ead164dab63a5\clean.jpg
imagen3_5e95809bd47d157b,clean,imagen3,imagen3,1,0.08608272671699524,data\cache\clean\test\imagen3_5e95809bd47d157b\clean.jpg
imagen3_69467160e53f71bc,clean,imagen3,imagen3,1,0.03281673043966293,data\cache\clean\test\imagen3_69467160e53f71bc\clean.jpg
imagen3_6a8270ea182a9194,clean,imagen3,imagen3,1,0.00017656390264164656,data\cache\clean\test\imagen3_6a8270ea182a9194\clean.jpg
imagen3_6c7624322b04ce43,clean,imagen3,imagen3,1,1.3039196346653625e-05,data\cache\clean\test\imagen3_6c7624322b04ce43\clean.jpg
imagen3_77fb2d4f372634f8,clean,imagen3,imagen3,1,0.004107000771909952,data\cache\clean\test\imagen3_77fb2d4f372634f8\clean.jpg
imagen3_7ee1485909c59826,clean,imagen3,imagen3,1,0.006815486587584019,data\cache\clean\test\imagen3_7ee1485909c59826\clean.jpg
imagen3_8b13dc3bff918841,clean,imagen3,imagen3,1,0.09848301857709885,data\cache\clean\test\imagen3_8b13dc3bff918841\clean.jpg
imagen3_8c20e4bf83ffff36,clean,imagen3,imagen3,1,0.12278334051370621,data\cache\clean\test\imagen3_8c20e4bf83ffff36\clean.jpg
imagen3_8e6f8acd28fd8f35,clean,imagen3,imagen3,1,0.47442305088043213,data\cache\clean\test\imagen3_8e6f8acd28fd8f35\clean.jpg
imagen3_9e82651e214a25c8,clean,imagen3,imagen3,1,0.0007613959023728967,data\cache\clean\test\imagen3_9e82651e214a25c8\clean.jpg
imagen3_a1b5be9a5f0d1f7a,clean,imagen3,imagen3,1,0.16654936969280243,data\cache\clean\test\imagen3_a1b5be9a5f0d1f7a\clean.jpg
imagen3_aa13646e437b7afa,clean,imagen3,imagen3,1,0.0008386691915802658,data\cache\clean\test\imagen3_aa13646e437b7afa\clean.jpg
imagen3_ad860df8c2a1a848,clean,imagen3,imagen3,1,0.002735694171860814,data\cache\clean\test\imagen3_ad860df8c2a1a848\clean.jpg
imagen3_b69c9976ced306d1,clean,imagen3,imagen3,1,0.0979451835155487,data\cache\clean\test\imagen3_b69c9976ced306d1\clean.jpg
imagen3_ca44bb7db1e73a9a,clean,imagen3,imagen3,1,0.023590927943587303,data\cache\clean\test\imagen3_ca44bb7db1e73a9a\clean.jpg
imagen3_d326e7c87fb1d966,clean,imagen3,imagen3,1,0.004574533086270094,data\cache\clean\test\imagen3_d326e7c87fb1d966\clean.jpg
imagen3_e63f3b6f8bdee43a,clean,imagen3,imagen3,1,0.011443189345300198,data\cache\clean\test\imagen3_e63f3b6f8bdee43a\clean.jpg
imagen3_ea646e585cc24088,clean,imagen3,imagen3,1,0.002870859345421195,data\cache\clean\test\imagen3_ea646e585cc24088\clean.jpg
imagen3_eaf94916ce926270,clean,imagen3,imagen3,1,0.053638335317373276,data\cache\clean\test\imagen3_eaf94916ce926270\clean.jpg
imagen3_fd568a2839353a92,clean,imagen3,imagen3,1,0.41069507598876953,data\cache\clean\test\imagen3_fd568a2839353a92\clean.jpg
imagen3_fe7048efd51b15b8,clean,imagen3,imagen3,1,1.1060778888349887e-05,data\cache\clean\test\imagen3_fe7048efd51b15b8\clean.jpg
imagen3_Imagen3_1208,clean,imagen3,imagen3,1,0.3858838975429535,data\cache\clean\test\imagen3_Imagen3_1208\clean.jpg
imagen3_Imagen3_3004,clean,imagen3,imagen3,1,0.45956262946128845,data\cache\clean\test\imagen3_Imagen3_3004\clean.jpg
imagen3_Imagen3_3546,clean,imagen3,imagen3,1,0.05210092291235924,data\cache\clean\test\imagen3_Imagen3_3546\clean.jpg
imagen3_Imagen3_3556,clean,imagen3,imagen3,1,0.3075125515460968,data\cache\clean\test\imagen3_Imagen3_3556\clean.jpg
sidset_full_synthetic_001692,clean,sidset,full_synthetic,1,0.03086390532553196,data\cache\clean\test\sidset_full_synthetic_001692\clean.jpg
sidset_full_synthetic_046026,clean,sidset,full_synthetic,1,0.1043895035982132,data\cache\clean\test\sidset_full_synthetic_046026\clean.jpg
sidset_full_synthetic_060524,clean,sidset,full_synthetic,1,0.34699830412864685,data\cache\clean\test\sidset_full_synthetic_060524\clean.jpg
sidset_full_synthetic_062086,clean,sidset,full_synthetic,1,0.3555237948894501,data\cache\clean\test\sidset_full_synthetic_062086\clean.jpg
sidset_full_synthetic_063062,clean,sidset,full_synthetic,1,0.028554361313581467,data\cache\clean\test\sidset_full_synthetic_063062\clean.jpg
stylegan_xl_0097a2e24789bc7a,clean,stylegan_xl,stylegan_xl,1,0.011576206423342228,data\cache\clean\test\stylegan_xl_0097a2e24789bc7a\clean.jpg
stylegan_xl_00a4591cf03df584,clean,stylegan_xl,stylegan_xl,1,1.3653454971063184e-06,data\cache\clean\test\stylegan_xl_00a4591cf03df584\clean.jpg
stylegan_xl_031391f1ab18ab62,clean,stylegan_xl,stylegan_xl,1,0.04971519485116005,data\cache\clean\test\stylegan_xl_031391f1ab18ab62\clean.jpg
stylegan_xl_0a4244f8a9185bad,clean,stylegan_xl,stylegan_xl,1,0.01997765339910984,data\cache\clean\test\stylegan_xl_0a4244f8a9185bad\clean.jpg
stylegan_xl_0f7efa4c31bcd8f4,clean,stylegan_xl,stylegan_xl,1,0.0008718992467038333,data\cache\clean\test\stylegan_xl_0f7efa4c31bcd8f4\clean.jpg
stylegan_xl_1060d58257bc5130,clean,stylegan_xl,stylegan_xl,1,0.00032467441633343697,data\cache\clean\test\stylegan_xl_1060d58257bc5130\clean.jpg
stylegan_xl_1440252ff76f525f,clean,stylegan_xl,stylegan_xl,1,0.20479005575180054,data\cache\clean\test\stylegan_xl_1440252ff76f525f\clean.jpg
stylegan_xl_17f8bf0ef8d2f478,clean,stylegan_xl,stylegan_xl,1,0.0057862563990056515,data\cache\clean\test\stylegan_xl_17f8bf0ef8d2f478\clean.jpg
stylegan_xl_2013fe0d44f84041,clean,stylegan_xl,stylegan_xl,1,4.4806136429542676e-05,data\cache\clean\test\stylegan_xl_2013fe0d44f84041\clean.jpg
stylegan_xl_324e332686aa6966,clean,stylegan_xl,stylegan_xl,1,0.046910930424928665,data\cache\clean\test\stylegan_xl_324e332686aa6966\clean.jpg
stylegan_xl_3621cf0be1fc8d68,clean,stylegan_xl,stylegan_xl,1,0.20704522728919983,data\cache\clean\test\stylegan_xl_3621cf0be1fc8d68\clean.jpg
stylegan_xl_3b5e18f8fc06450d,clean,stylegan_xl,stylegan_xl,1,0.0003978423774242401,data\cache\clean\test\stylegan_xl_3b5e18f8fc06450d\clean.jpg
stylegan_xl_43847,clean,stylegan_xl,stylegan_xl,1,0.007585686631500721,data\cache\clean\test\stylegan_xl_43847\clean.jpg
stylegan_xl_44451,clean,stylegan_xl,stylegan_xl,1,0.08709331601858139,data\cache\clean\test\stylegan_xl_44451\clean.jpg
stylegan_xl_45081,clean,stylegan_xl,stylegan_xl,1,0.19010674953460693,data\cache\clean\test\stylegan_xl_45081\clean.jpg
stylegan_xl_45602,clean,stylegan_xl,stylegan_xl,1,0.006586662959307432,data\cache\clean\test\stylegan_xl_45602\clean.jpg
stylegan_xl_48611,clean,stylegan_xl,stylegan_xl,1,0.0009331622277386487,data\cache\clean\test\stylegan_xl_48611\clean.jpg
stylegan_xl_49074,clean,stylegan_xl,stylegan_xl,1,0.013505522161722183,data\cache\clean\test\stylegan_xl_49074\clean.jpg
stylegan_xl_4f991f9638e28675,clean,stylegan_xl,stylegan_xl,1,0.003234605537727475,data\cache\clean\test\stylegan_xl_4f991f9638e28675\clean.jpg
stylegan_xl_53453,clean,stylegan_xl,stylegan_xl,1,0.020362935960292816,data\cache\clean\test\stylegan_xl_53453\clean.jpg
stylegan_xl_548aed682dc65ef2,clean,stylegan_xl,stylegan_xl,1,0.12590292096138,data\cache\clean\test\stylegan_xl_548aed682dc65ef2\clean.jpg
stylegan_xl_60ed9d3511d333bf,clean,stylegan_xl,stylegan_xl,1,0.00018013737280853093,data\cache\clean\test\stylegan_xl_60ed9d3511d333bf\clean.jpg
stylegan_xl_65bb283a1280639e,clean,stylegan_xl,stylegan_xl,1,0.009167088195681572,data\cache\clean\test\stylegan_xl_65bb283a1280639e\clean.jpg
stylegan_xl_729fee52c5b7f95b,clean,stylegan_xl,stylegan_xl,1,0.09513534605503082,data\cache\clean\test\stylegan_xl_729fee52c5b7f95b\clean.jpg
stylegan_xl_7d433e90bcd7bd53,clean,stylegan_xl,stylegan_xl,1,0.001969221979379654,data\cache\clean\test\stylegan_xl_7d433e90bcd7bd53\clean.jpg
stylegan_xl_7ffebe6032f8209f,clean,stylegan_xl,stylegan_xl,1,0.20755413174629211,data\cache\clean\test\stylegan_xl_7ffebe6032f8209f\clean.jpg
stylegan_xl_80fc8be6e7c11eb3,clean,stylegan_xl,stylegan_xl,1,8.033409244490031e-07,data\cache\clean\test\stylegan_xl_80fc8be6e7c11eb3\clean.jpg
stylegan_xl_8461b1ae87c22c20,clean,stylegan_xl,stylegan_xl,1,0.08072110265493393,data\cache\clean\test\stylegan_xl_8461b1ae87c22c20\clean.jpg
stylegan_xl_8f9dfd75dde8914f,clean,stylegan_xl,stylegan_xl,1,0.0006363585707731545,data\cache\clean\test\stylegan_xl_8f9dfd75dde8914f\clean.jpg
stylegan_xl_a1ed16fffc5ecb68,clean,stylegan_xl,stylegan_xl,1,0.006180635187774897,data\cache\clean\test\stylegan_xl_a1ed16fffc5ecb68\clean.jpg
stylegan_xl_a72f3ace10a8f550,clean,stylegan_xl,stylegan_xl,1,1.296562345487473e-06,data\cache\clean\test\stylegan_xl_a72f3ace10a8f550\clean.jpg
stylegan_xl_cf9c332a1ebfb587,clean,stylegan_xl,stylegan_xl,1,0.0034971546847373247,data\cache\clean\test\stylegan_xl_cf9c332a1ebfb587\clean.jpg
stylegan_xl_d686a15f05d09472,clean,stylegan_xl,stylegan_xl,1,0.36731451749801636,data\cache\clean\test\stylegan_xl_d686a15f05d09472\clean.jpg
stylegan_xl_d7c4ece8c8a01de0,clean,stylegan_xl,stylegan_xl,1,0.15022587776184082,data\cache\clean\test\stylegan_xl_d7c4ece8c8a01de0\clean.jpg
stylegan_xl_e4b8e7ef72cabaf2,clean,stylegan_xl,stylegan_xl,1,0.00010709047637647018,data\cache\clean\test\stylegan_xl_e4b8e7ef72cabaf2\clean.jpg
stylegan_xl_f2ea3473d8b1a62f,clean,stylegan_xl,stylegan_xl,1,0.00019281932327430695,data\cache\clean\test\stylegan_xl_f2ea3473d8b1a62f\clean.jpg
stylegan_xl_fef6a66b8deaa7ab,clean,stylegan_xl,stylegan_xl,1,3.645433025667444e-05,data\cache\clean\test\stylegan_xl_fef6a66b8deaa7ab\clean.jpg
cifake_1028 (10),blur_s0.5,cifake,stable_diffusion,1,0.15921778976917267,data\cache\clean\test\cifake_1028 (10)\blur_s0.5.jpg
cifake_2286 (2),blur_s0.5,cifake,stable_diffusion,1,0.4267871379852295,data\cache\clean\test\cifake_2286 (2)\blur_s0.5.jpg
cifake_2703 (7),blur_s0.5,cifake,stable_diffusion,1,0.056856513023376465,data\cache\clean\test\cifake_2703 (7)\blur_s0.5.jpg
cifake_2850 (3),blur_s0.5,cifake,stable_diffusion,1,0.38462674617767334,data\cache\clean\test\cifake_2850 (3)\blur_s0.5.jpg
cifake_3582 (9),blur_s0.5,cifake,stable_diffusion,1,0.29633042216300964,data\cache\clean\test\cifake_3582 (9)\blur_s0.5.jpg
cifake_4221 (2),blur_s0.5,cifake,stable_diffusion,1,0.2522185444831848,data\cache\clean\test\cifake_4221 (2)\blur_s0.5.jpg
cifake_4443,blur_s0.5,cifake,stable_diffusion,1,0.3502596616744995,data\cache\clean\test\cifake_4443\blur_s0.5.jpg
cifake_4615 (3),blur_s0.5,cifake,stable_diffusion,1,0.10752489417791367,data\cache\clean\test\cifake_4615 (3)\blur_s0.5.jpg
cifake_5607 (3),blur_s0.5,cifake,stable_diffusion,1,0.08044777810573578,data\cache\clean\test\cifake_5607 (3)\blur_s0.5.jpg
cifake_5845 (9),blur_s0.5,cifake,stable_diffusion,1,0.49342697858810425,data\cache\clean\test\cifake_5845 (9)\blur_s0.5.jpg
cifake_954 (9),blur_s0.5,cifake,stable_diffusion,1,0.22086238861083984,data\cache\clean\test\cifake_954 (9)\blur_s0.5.jpg
dalle_19157,blur_s0.5,dalle,dalle,1,0.30499979853630066,data\cache\clean\test\dalle_19157\blur_s0.5.jpg
dalle_24299,blur_s0.5,dalle,dalle,1,0.42746493220329285,data\cache\clean\test\dalle_24299\blur_s0.5.jpg
dalle_2561,blur_s0.5,dalle,dalle,1,0.04051978513598442,data\cache\clean\test\dalle_2561\blur_s0.5.jpg
dalle_27029,blur_s0.5,dalle,dalle,1,0.40625569224357605,data\cache\clean\test\dalle_27029\blur_s0.5.jpg
dalle_28,blur_s0.5,dalle,dalle,1,0.01907602697610855,data\cache\clean\test\dalle_28\blur_s0.5.jpg
dalle_3007,blur_s0.5,dalle,dalle,1,0.21746952831745148,data\cache\clean\test\dalle_3007\blur_s0.5.jpg
dalle_33159,blur_s0.5,dalle,dalle,1,0.03169833496212959,data\cache\clean\test\dalle_33159\blur_s0.5.jpg
dalle_3c589aa7fd4a6705f1fd7918daf4ffb9,blur_s0.5,dalle,dalle,1,0.13267074525356293,data\cache\clean\test\dalle_3c589aa7fd4a6705f1fd7918daf4ffb9\blur_s0.5.jpg
dalle_40387,blur_s0.5,dalle,dalle,1,0.17707115411758423,data\cache\clean\test\dalle_40387\blur_s0.5.jpg
dalle_41791,blur_s0.5,dalle,dalle,1,0.02175404131412506,data\cache\clean\test\dalle_41791\blur_s0.5.jpg
dalle_6f0f61883f111368d770c54801f33449,blur_s0.5,dalle,dalle,1,0.005014876369386911,data\cache\clean\test\dalle_6f0f61883f111368d770c54801f33449\blur_s0.5.jpg
dalle_fcb663a4c7f01f5a548e4c1088d00a91,blur_s0.5,dalle,dalle,1,0.3579137623310089,data\cache\clean\test\dalle_fcb663a4c7f01f5a548e4c1088d00a91\blur_s0.5.jpg
gigagan_01605,blur_s0.5,gigagan,gigagan,1,0.35328468680381775,data\cache\clean\test\gigagan_01605\blur_s0.5.jpg
gigagan_03860,blur_s0.5,gigagan,gigagan,1,0.4774027466773987,data\cache\clean\test\gigagan_03860\blur_s0.5.jpg
gigagan_05738,blur_s0.5,gigagan,gigagan,1,0.004257060121744871,data\cache\clean\test\gigagan_05738\blur_s0.5.jpg
gigagan_06526,blur_s0.5,gigagan,gigagan,1,0.042484816163778305,data\cache\clean\test\gigagan_06526\blur_s0.5.jpg
gigagan_07350,blur_s0.5,gigagan,gigagan,1,0.012072679586708546,data\cache\clean\test\gigagan_07350\blur_s0.5.jpg
gigagan_09742,blur_s0.5,gigagan,gigagan,1,0.35191667079925537,data\cache\clean\test\gigagan_09742\blur_s0.5.jpg
gigagan_10914,blur_s0.5,gigagan,gigagan,1,0.0017720573814585805,data\cache\clean\test\gigagan_10914\blur_s0.5.jpg
gigagan_14071,blur_s0.5,gigagan,gigagan,1,0.00281710596755147,data\cache\clean\test\gigagan_14071\blur_s0.5.jpg
gigagan_14946,blur_s0.5,gigagan,gigagan,1,0.004599656444042921,data\cache\clean\test\gigagan_14946\blur_s0.5.jpg
gigagan_15454,blur_s0.5,gigagan,gigagan,1,0.3323620557785034,data\cache\clean\test\gigagan_15454\blur_s0.5.jpg
gigagan_15561,blur_s0.5,gigagan,gigagan,1,0.003353225300088525,data\cache\clean\test\gigagan_15561\blur_s0.5.jpg
gigagan_17003,blur_s0.5,gigagan,gigagan,1,0.3361663222312927,data\cache\clean\test\gigagan_17003\blur_s0.5.jpg
gigagan_20207,blur_s0.5,gigagan,gigagan,1,0.08415799587965012,data\cache\clean\test\gigagan_20207\blur_s0.5.jpg
gigagan_20327,blur_s0.5,gigagan,gigagan,1,0.04228900372982025,data\cache\clean\test\gigagan_20327\blur_s0.5.jpg
gigagan_20468,blur_s0.5,gigagan,gigagan,1,0.04558710381388664,data\cache\clean\test\gigagan_20468\blur_s0.5.jpg
gigagan_21611,blur_s0.5,gigagan,gigagan,1,0.049073800444602966,data\cache\clean\test\gigagan_21611\blur_s0.5.jpg
gigagan_22418,blur_s0.5,gigagan,gigagan,1,0.2259746938943863,data\cache\clean\test\gigagan_22418\blur_s0.5.jpg
gigagan_24445,blur_s0.5,gigagan,gigagan,1,0.28679919242858887,data\cache\clean\test\gigagan_24445\blur_s0.5.jpg
gigagan_24679,blur_s0.5,gigagan,gigagan,1,0.031864769756793976,data\cache\clean\test\gigagan_24679\blur_s0.5.jpg
gigagan_24726,blur_s0.5,gigagan,gigagan,1,0.29609134793281555,data\cache\clean\test\gigagan_24726\blur_s0.5.jpg
gigagan_25090,blur_s0.5,gigagan,gigagan,1,0.010404174216091633,data\cache\clean\test\gigagan_25090\blur_s0.5.jpg
imagen3_045e6da6fd7f6fb0,blur_s0.5,imagen3,imagen3,1,0.021356625482439995,data\cache\clean\test\imagen3_045e6da6fd7f6fb0\blur_s0.5.jpg
imagen3_04e3097ac2f57647,blur_s0.5,imagen3,imagen3,1,0.43138521909713745,data\cache\clean\test\imagen3_04e3097ac2f57647\blur_s0.5.jpg
imagen3_07747d6ffd056bee,blur_s0.5,imagen3,imagen3,1,0.002858539344742894,data\cache\clean\test\imagen3_07747d6ffd056bee\blur_s0.5.jpg
imagen3_13ed1f9391224848,blur_s0.5,imagen3,imagen3,1,0.018581723794341087,data\cache\clean\test\imagen3_13ed1f9391224848\blur_s0.5.jpg
imagen3_15906,blur_s0.5,imagen3,imagen3,1,0.015181631781160831,data\cache\clean\test\imagen3_15906\blur_s0.5.jpg
imagen3_17643da56f35c6f7,blur_s0.5,imagen3,imagen3,1,2.404501174169127e-06,data\cache\clean\test\imagen3_17643da56f35c6f7\blur_s0.5.jpg
imagen3_1fe9a0379cffa709,blur_s0.5,imagen3,imagen3,1,0.4964003562927246,data\cache\clean\test\imagen3_1fe9a0379cffa709\blur_s0.5.jpg
imagen3_24629,blur_s0.5,imagen3,imagen3,1,0.0795411765575409,data\cache\clean\test\imagen3_24629\blur_s0.5.jpg
imagen3_24e64d19ddde11cb,blur_s0.5,imagen3,imagen3,1,2.9289035641255623e-09,data\cache\clean\test\imagen3_24e64d19ddde11cb\blur_s0.5.jpg
imagen3_260ae6b06f1f50e2,blur_s0.5,imagen3,imagen3,1,1.5283487300621346e-05,data\cache\clean\test\imagen3_260ae6b06f1f50e2\blur_s0.5.jpg
imagen3_2be4510162a8a76e,blur_s0.5,imagen3,imagen3,1,0.0034215187188237906,data\cache\clean\test\imagen3_2be4510162a8a76e\blur_s0.5.jpg
imagen3_3403b18fc93acbfc,blur_s0.5,imagen3,imagen3,1,0.0009818493854254484,data\cache\clean\test\imagen3_3403b18fc93acbfc\blur_s0.5.jpg
imagen3_43058,blur_s0.5,imagen3,imagen3,1,0.0001785511412890628,data\cache\clean\test\imagen3_43058\blur_s0.5.jpg
imagen3_43180,blur_s0.5,imagen3,imagen3,1,0.3161171078681946,data\cache\clean\test\imagen3_43180\blur_s0.5.jpg
imagen3_43208,blur_s0.5,imagen3,imagen3,1,0.14175985753536224,data\cache\clean\test\imagen3_43208\blur_s0.5.jpg
imagen3_44015,blur_s0.5,imagen3,imagen3,1,0.00443281838670373,data\cache\clean\test\imagen3_44015\blur_s0.5.jpg
imagen3_44476,blur_s0.5,imagen3,imagen3,1,0.049211736768484116,data\cache\clean\test\imagen3_44476\blur_s0.5.jpg
imagen3_46922,blur_s0.5,imagen3,imagen3,1,0.02690569870173931,data\cache\clean\test\imagen3_46922\blur_s0.5.jpg
imagen3_51659,blur_s0.5,imagen3,imagen3,1,0.025238659232854843,data\cache\clean\test\imagen3_51659\blur_s0.5.jpg
imagen3_519f5c348fe55fcd,blur_s0.5,imagen3,imagen3,1,0.0008511802298016846,data\cache\clean\test\imagen3_519f5c348fe55fcd\blur_s0.5.jpg
imagen3_52520,blur_s0.5,imagen3,imagen3,1,0.009360403753817081,data\cache\clean\test\imagen3_52520\blur_s0.5.jpg
imagen3_53632,blur_s0.5,imagen3,imagen3,1,0.24366997182369232,data\cache\clean\test\imagen3_53632\blur_s0.5.jpg
imagen3_560ead164dab63a5,blur_s0.5,imagen3,imagen3,1,0.27506905794143677,data\cache\clean\test\imagen3_560ead164dab63a5\blur_s0.5.jpg
imagen3_5e95809bd47d157b,blur_s0.5,imagen3,imagen3,1,0.1333366483449936,data\cache\clean\test\imagen3_5e95809bd47d157b\blur_s0.5.jpg
imagen3_69467160e53f71bc,blur_s0.5,imagen3,imagen3,1,0.0359429195523262,data\cache\clean\test\imagen3_69467160e53f71bc\blur_s0.5.jpg
imagen3_6a8270ea182a9194,blur_s0.5,imagen3,imagen3,1,0.000205866017495282,data\cache\clean\test\imagen3_6a8270ea182a9194\blur_s0.5.jpg
imagen3_6c7624322b04ce43,blur_s0.5,imagen3,imagen3,1,9.900995792122558e-06,data\cache\clean\test\imagen3_6c7624322b04ce43\blur_s0.5.jpg
imagen3_77fb2d4f372634f8,blur_s0.5,imagen3,imagen3,1,0.002973720198497176,data\cache\clean\test\imagen3_77fb2d4f372634f8\blur_s0.5.jpg
imagen3_7ee1485909c59826,blur_s0.5,imagen3,imagen3,1,0.007646941114217043,data\cache\clean\test\imagen3_7ee1485909c59826\blur_s0.5.jpg
imagen3_8b13dc3bff918841,blur_s0.5,imagen3,imagen3,1,0.04552397504448891,data\cache\clean\test\imagen3_8b13dc3bff918841\blur_s0.5.jpg
imagen3_8c20e4bf83ffff36,blur_s0.5,imagen3,imagen3,1,0.09981196373701096,data\cache\clean\test\imagen3_8c20e4bf83ffff36\blur_s0.5.jpg
imagen3_9e82651e214a25c8,blur_s0.5,imagen3,imagen3,1,0.0008617640705779195,data\cache\clean\test\imagen3_9e82651e214a25c8\blur_s0.5.jpg
imagen3_a1b5be9a5f0d1f7a,blur_s0.5,imagen3,imagen3,1,0.13485895097255707,data\cache\clean\test\imagen3_a1b5be9a5f0d1f7a\blur_s0.5.jpg
imagen3_aa13646e437b7afa,blur_s0.5,imagen3,imagen3,1,0.0006367519963532686,data\cache\clean\test\imagen3_aa13646e437b7afa\blur_s0.5.jpg
imagen3_ad860df8c2a1a848,blur_s0.5,imagen3,imagen3,1,0.0025749942287802696,data\cache\clean\test\imagen3_ad860df8c2a1a848\blur_s0.5.jpg
imagen3_b69c9976ced306d1,blur_s0.5,imagen3,imagen3,1,0.09945797920227051,data\cache\clean\test\imagen3_b69c9976ced306d1\blur_s0.5.jpg
imagen3_ca44bb7db1e73a9a,blur_s0.5,imagen3,imagen3,1,0.02526206150650978,data\cache\clean\test\imagen3_ca44bb7db1e73a9a\blur_s0.5.jpg
imagen3_d326e7c87fb1d966,blur_s0.5,imagen3,imagen3,1,0.00544998561963439,data\cache\clean\test\imagen3_d326e7c87fb1d966\blur_s0.5.jpg
imagen3_e63f3b6f8bdee43a,blur_s0.5,imagen3,imagen3,1,0.015603344887495041,data\cache\clean\test\imagen3_e63f3b6f8bdee43a\blur_s0.5.jpg
imagen3_ea646e585cc24088,blur_s0.5,imagen3,imagen3,1,0.0026325578801333904,data\cache\clean\test\imagen3_ea646e585cc24088\blur_s0.5.jpg
imagen3_eaf94916ce926270,blur_s0.5,imagen3,imagen3,1,0.05435984209179878,data\cache\clean\test\imagen3_eaf94916ce926270\blur_s0.5.jpg
imagen3_fd568a2839353a92,blur_s0.5,imagen3,imagen3,1,0.34089332818984985,data\cache\clean\test\imagen3_fd568a2839353a92\blur_s0.5.jpg
imagen3_fe7048efd51b15b8,blur_s0.5,imagen3,imagen3,1,2.0621631847461686e-05,data\cache\clean\test\imagen3_fe7048efd51b15b8\blur_s0.5.jpg
imagen3_Imagen3_1208,blur_s0.5,imagen3,imagen3,1,0.08522019535303116,data\cache\clean\test\imagen3_Imagen3_1208\blur_s0.5.jpg
imagen3_Imagen3_2403,blur_s0.5,imagen3,imagen3,1,0.3519614338874817,data\cache\clean\test\imagen3_Imagen3_2403\blur_s0.5.jpg
imagen3_Imagen3_3004,blur_s0.5,imagen3,imagen3,1,0.25054293870925903,data\cache\clean\test\imagen3_Imagen3_3004\blur_s0.5.jpg
imagen3_Imagen3_3546,blur_s0.5,imagen3,imagen3,1,0.029168283566832542,data\cache\clean\test\imagen3_Imagen3_3546\blur_s0.5.jpg
imagen3_Imagen3_3556,blur_s0.5,imagen3,imagen3,1,0.026980949565768242,data\cache\clean\test\imagen3_Imagen3_3556\blur_s0.5.jpg
sidset_full_synthetic_001692,blur_s0.5,sidset,full_synthetic,1,0.014815486036241055,data\cache\clean\test\sidset_full_synthetic_001692\blur_s0.5.jpg
sidset_full_synthetic_046026,blur_s0.5,sidset,full_synthetic,1,0.06731241941452026,data\cache\clean\test\sidset_full_synthetic_046026\blur_s0.5.jpg
sidset_full_synthetic_060524,blur_s0.5,sidset,full_synthetic,1,0.11330413073301315,data\cache\clean\test\sidset_full_synthetic_060524\blur_s0.5.jpg
sidset_full_synthetic_062086,blur_s0.5,sidset,full_synthetic,1,0.11958755552768707,data\cache\clean\test\sidset_full_synthetic_062086\blur_s0.5.jpg
sidset_full_synthetic_063062,blur_s0.5,sidset,full_synthetic,1,0.0172907505184412,data\cache\clean\test\sidset_full_synthetic_063062\blur_s0.5.jpg
stylegan_xl_0097a2e24789bc7a,blur_s0.5,stylegan_xl,stylegan_xl,1,0.013489142060279846,data\cache\clean\test\stylegan_xl_0097a2e24789bc7a\blur_s0.5.jpg
stylegan_xl_00a4591cf03df584,blur_s0.5,stylegan_xl,stylegan_xl,1,1.2898557315565995e-06,data\cache\clean\test\stylegan_xl_00a4591cf03df584\blur_s0.5.jpg
stylegan_xl_031391f1ab18ab62,blur_s0.5,stylegan_xl,stylegan_xl,1,0.05151164531707764,data\cache\clean\test\stylegan_xl_031391f1ab18ab62\blur_s0.5.jpg
stylegan_xl_0a4244f8a9185bad,blur_s0.5,stylegan_xl,stylegan_xl,1,0.025435393676161766,data\cache\clean\test\stylegan_xl_0a4244f8a9185bad\blur_s0.5.jpg
stylegan_xl_0f7efa4c31bcd8f4,blur_s0.5,stylegan_xl,stylegan_xl,1,0.0009756748331710696,data\cache\clean\test\stylegan_xl_0f7efa4c31bcd8f4\blur_s0.5.jpg
stylegan_xl_1060d58257bc5130,blur_s0.5,stylegan_xl,stylegan_xl,1,0.0003705862909555435,data\cache\clean\test\stylegan_xl_1060d58257bc5130\blur_s0.5.jpg
stylegan_xl_1440252ff76f525f,blur_s0.5,stylegan_xl,stylegan_xl,1,0.18644538521766663,data\cache\clean\test\stylegan_xl_1440252ff76f525f\blur_s0.5.jpg
stylegan_xl_17f8bf0ef8d2f478,blur_s0.5,stylegan_xl,stylegan_xl,1,0.006632222328335047,data\cache\clean\test\stylegan_xl_17f8bf0ef8d2f478\blur_s0.5.jpg
stylegan_xl_2013fe0d44f84041,blur_s0.5,stylegan_xl,stylegan_xl,1,3.96346949855797e-05,data\cache\clean\test\stylegan_xl_2013fe0d44f84041\blur_s0.5.jpg
stylegan_xl_324e332686aa6966,blur_s0.5,stylegan_xl,stylegan_xl,1,0.05100506171584129,data\cache\clean\test\stylegan_xl_324e332686aa6966\blur_s0.5.jpg
stylegan_xl_3621cf0be1fc8d68,blur_s0.5,stylegan_xl,stylegan_xl,1,0.17733703553676605,data\cache\clean\test\stylegan_xl_3621cf0be1fc8d68\blur_s0.5.jpg
stylegan_xl_3b5e18f8fc06450d,blur_s0.5,stylegan_xl,stylegan_xl,1,0.0004516000335570425,data\cache\clean\test\stylegan_xl_3b5e18f8fc06450d\blur_s0.5.jpg
stylegan_xl_43847,blur_s0.5,stylegan_xl,stylegan_xl,1,0.005811633542180061,data\cache\clean\test\stylegan_xl_43847\blur_s0.5.jpg
stylegan_xl_44451,blur_s0.5,stylegan_xl,stylegan_xl,1,0.05937100574374199,data\cache\clean\test\stylegan_xl_44451\blur_s0.5.jpg
stylegan_xl_45081,blur_s0.5,stylegan_xl,stylegan_xl,1,0.1702909916639328,data\cache\clean\test\stylegan_xl_45081\blur_s0.5.jpg
stylegan_xl_45602,blur_s0.5,stylegan_xl,stylegan_xl,1,0.006802861578762531,data\cache\clean\test\stylegan_xl_45602\blur_s0.5.jpg
stylegan_xl_48611,blur_s0.5,stylegan_xl,stylegan_xl,1,0.0015284031396731734,data\cache\clean\test\stylegan_xl_48611\blur_s0.5.jpg
stylegan_xl_49074,blur_s0.5,stylegan_xl,stylegan_xl,1,0.009477916173636913,data\cache\clean\test\stylegan_xl_49074\blur_s0.5.jpg
stylegan_xl_4f991f9638e28675,blur_s0.5,stylegan_xl,stylegan_xl,1,0.002841508248820901,data\cache\clean\test\stylegan_xl_4f991f9638e28675\blur_s0.5.jpg
stylegan_xl_53453,blur_s0.5,stylegan_xl,stylegan_xl,1,0.030093375593423843,data\cache\clean\test\stylegan_xl_53453\blur_s0.5.jpg
stylegan_xl_548aed682dc65ef2,blur_s0.5,stylegan_xl,stylegan_xl,1,0.17266526818275452,data\cache\clean\test\stylegan_xl_548aed682dc65ef2\blur_s0.5.jpg
stylegan_xl_60ed9d3511d333bf,blur_s0.5,stylegan_xl,stylegan_xl,1,0.00024486889014951885,data\cache\clean\test\stylegan_xl_60ed9d3511d333bf\blur_s0.5.jpg
stylegan_xl_65bb283a1280639e,blur_s0.5,stylegan_xl,stylegan_xl,1,0.018878992646932602,data\cache\clean\test\stylegan_xl_65bb283a1280639e\blur_s0.5.jpg
stylegan_xl_729fee52c5b7f95b,blur_s0.5,stylegan_xl,stylegan_xl,1,0.10486689954996109,data\cache\clean\test\stylegan_xl_729fee52c5b7f95b\blur_s0.5.jpg
stylegan_xl_7d433e90bcd7bd53,blur_s0.5,stylegan_xl,stylegan_xl,1,0.001848887070082128,data\cache\clean\test\stylegan_xl_7d433e90bcd7bd53\blur_s0.5.jpg
stylegan_xl_7ffebe6032f8209f,blur_s0.5,stylegan_xl,stylegan_xl,1,0.200351282954216,data\cache\clean\test\stylegan_xl_7ffebe6032f8209f\blur_s0.5.jpg
stylegan_xl_80fc8be6e7c11eb3,blur_s0.5,stylegan_xl,stylegan_xl,1,1.3055220051683136e-06,data\cache\clean\test\stylegan_xl_80fc8be6e7c11eb3\blur_s0.5.jpg
stylegan_xl_8461b1ae87c22c20,blur_s0.5,stylegan_xl,stylegan_xl,1,0.0547829270362854,data\cache\clean\test\stylegan_xl_8461b1ae87c22c20\blur_s0.5.jpg
stylegan_xl_8f9dfd75dde8914f,blur_s0.5,stylegan_xl,stylegan_xl,1,0.0006104462663643062,data\cache\clean\test\stylegan_xl_8f9dfd75dde8914f\blur_s0.5.jpg
stylegan_xl_a1ed16fffc5ecb68,blur_s0.5,stylegan_xl,stylegan_xl,1,0.0049975356087088585,data\cache\clean\test\stylegan_xl_a1ed16fffc5ecb68\blur_s0.5.jpg
stylegan_xl_a72f3ace10a8f550,blur_s0.5,stylegan_xl,stylegan_xl,1,1.3770451232630876e-06,data\cache\clean\test\stylegan_xl_a72f3ace10a8f550\blur_s0.5.jpg
stylegan_xl_cf9c332a1ebfb587,blur_s0.5,stylegan_xl,stylegan_xl,1,0.004898681305348873,data\cache\clean\test\stylegan_xl_cf9c332a1ebfb587\blur_s0.5.jpg
stylegan_xl_d686a15f05d09472,blur_s0.5,stylegan_xl,stylegan_xl,1,0.31217512488365173,data\cache\clean\test\stylegan_xl_d686a15f05d09472\blur_s0.5.jpg
stylegan_xl_e4b8e7ef72cabaf2,blur_s0.5,stylegan_xl,stylegan_xl,1,9.525364293949679e-05,data\cache\clean\test\stylegan_xl_e4b8e7ef72cabaf2\blur_s0.5.jpg
stylegan_xl_f2ea3473d8b1a62f,blur_s0.5,stylegan_xl,stylegan_xl,1,0.00020453459001146257,data\cache\clean\test\stylegan_xl_f2ea3473d8b1a62f\blur_s0.5.jpg
stylegan_xl_fef6a66b8deaa7ab,blur_s0.5,stylegan_xl,stylegan_xl,1,4.726794213638641e-05,data\cache\clean\test\stylegan_xl_fef6a66b8deaa7ab\blur_s0.5.jpg
cifake_1028 (10),blur_s1.0,cifake,stable_diffusion,1,0.15945518016815186,data\cache\clean\test\cifake_1028 (10)\blur_s1.0.jpg
cifake_2286 (2),blur_s1.0,cifake,stable_diffusion,1,0.42269471287727356,data\cache\clean\test\cifake_2286 (2)\blur_s1.0.jpg
cifake_2703 (7),blur_s1.0,cifake,stable_diffusion,1,0.05959011986851692,data\cache\clean\test\cifake_2703 (7)\blur_s1.0.jpg
cifake_2850 (3),blur_s1.0,cifake,stable_diffusion,1,0.37253090739250183,data\cache\clean\test\cifake_2850 (3)\blur_s1.0.jpg
cifake_3582 (9),blur_s1.0,cifake,stable_diffusion,1,0.30703315138816833,data\cache\clean\test\cifake_3582 (9)\blur_s1.0.jpg
cifake_4221 (2),blur_s1.0,cifake,stable_diffusion,1,0.3008623719215393,data\cache\clean\test\cifake_4221 (2)\blur_s1.0.jpg
cifake_4443,blur_s1.0,cifake,stable_diffusion,1,0.35461845993995667,data\cache\clean\test\cifake_4443\blur_s1.0.jpg
cifake_4615 (3),blur_s1.0,cifake,stable_diffusion,1,0.1081574410200119,data\cache\clean\test\cifake_4615 (3)\blur_s1.0.jpg
cifake_5607 (3),blur_s1.0,cifake,stable_diffusion,1,0.07948647439479828,data\cache\clean\test\cifake_5607 (3)\blur_s1.0.jpg
cifake_5845 (9),blur_s1.0,cifake,stable_diffusion,1,0.49189314246177673,data\cache\clean\test\cifake_5845 (9)\blur_s1.0.jpg
cifake_954 (9),blur_s1.0,cifake,stable_diffusion,1,0.22409354150295258,data\cache\clean\test\cifake_954 (9)\blur_s1.0.jpg
dalle_1895b86b74caac5dad51022c3d3b33df,blur_s1.0,dalle,dalle,1,0.37406447529792786,data\cache\clean\test\dalle_1895b86b74caac5dad51022c3d3b33df\blur_s1.0.jpg
dalle_19157,blur_s1.0,dalle,dalle,1,0.05557524785399437,data\cache\clean\test\dalle_19157\blur_s1.0.jpg
dalle_19590,blur_s1.0,dalle,dalle,1,0.30711808800697327,data\cache\clean\test\dalle_19590\blur_s1.0.jpg
dalle_20080,blur_s1.0,dalle,dalle,1,0.16829228401184082,data\cache\clean\test\dalle_20080\blur_s1.0.jpg
dalle_24299,blur_s1.0,dalle,dalle,1,0.12719014286994934,data\cache\clean\test\dalle_24299\blur_s1.0.jpg
dalle_2561,blur_s1.0,dalle,dalle,1,0.03933662176132202,data\cache\clean\test\dalle_2561\blur_s1.0.jpg
dalle_27029,blur_s1.0,dalle,dalle,1,0.2526172995567322,data\cache\clean\test\dalle_27029\blur_s1.0.jpg
dalle_28,blur_s1.0,dalle,dalle,1,0.010856613516807556,data\cache\clean\test\dalle_28\blur_s1.0.jpg
dalle_3007,blur_s1.0,dalle,dalle,1,0.06699950993061066,data\cache\clean\test\dalle_3007\blur_s1.0.jpg
dalle_33159,blur_s1.0,dalle,dalle,1,0.014217299409210682,data\cache\clean\test\dalle_33159\blur_s1.0.jpg
dalle_3c589aa7fd4a6705f1fd7918daf4ffb9,blur_s1.0,dalle,dalle,1,0.08026882261037827,data\cache\clean\test\dalle_3c589aa7fd4a6705f1fd7918daf4ffb9\blur_s1.0.jpg
dalle_40387,blur_s1.0,dalle,dalle,1,0.14662206172943115,data\cache\clean\test\dalle_40387\blur_s1.0.jpg
dalle_41791,blur_s1.0,dalle,dalle,1,0.0010366258211433887,data\cache\clean\test\dalle_41791\blur_s1.0.jpg
dalle_41855,blur_s1.0,dalle,dalle,1,0.22656165063381195,data\cache\clean\test\dalle_41855\blur_s1.0.jpg
dalle_6481,blur_s1.0,dalle,dalle,1,0.09602958709001541,data\cache\clean\test\dalle_6481\blur_s1.0.jpg
dalle_6f0f61883f111368d770c54801f33449,blur_s1.0,dalle,dalle,1,0.006686406210064888,data\cache\clean\test\dalle_6f0f61883f111368d770c54801f33449\blur_s1.0.jpg
dalle_fcb663a4c7f01f5a548e4c1088d00a91,blur_s1.0,dalle,dalle,1,0.04710542410612106,data\cache\clean\test\dalle_fcb663a4c7f01f5a548e4c1088d00a91\blur_s1.0.jpg
gigagan_01605,blur_s1.0,gigagan,gigagan,1,0.3252541422843933,data\cache\clean\test\gigagan_01605\blur_s1.0.jpg
gigagan_03860,blur_s1.0,gigagan,gigagan,1,0.25465402007102966,data\cache\clean\test\gigagan_03860\blur_s1.0.jpg
gigagan_05738,blur_s1.0,gigagan,gigagan,1,0.004405946936458349,data\cache\clean\test\gigagan_05738\blur_s1.0.jpg
gigagan_06526,blur_s1.0,gigagan,gigagan,1,0.08458206057548523,data\cache\clean\test\gigagan_06526\blur_s1.0.jpg
gigagan_07350,blur_s1.0,gigagan,gigagan,1,0.008645960129797459,data\cache\clean\test\gigagan_07350\blur_s1.0.jpg
gigagan_07676,blur_s1.0,gigagan,gigagan,1,0.195595845580101,data\cache\clean\test\gigagan_07676\blur_s1.0.jpg
gigagan_09742,blur_s1.0,gigagan,gigagan,1,0.22196312248706818,data\cache\clean\test\gigagan_09742\blur_s1.0.jpg
gigagan_10914,blur_s1.0,gigagan,gigagan,1,0.0016791271045804024,data\cache\clean\test\gigagan_10914\blur_s1.0.jpg
gigagan_14071,blur_s1.0,gigagan,gigagan,1,0.0008148126653395593,data\cache\clean\test\gigagan_14071\blur_s1.0.jpg
gigagan_14946,blur_s1.0,gigagan,gigagan,1,0.005553883966058493,data\cache\clean\test\gigagan_14946\blur_s1.0.jpg
gigagan_15454,blur_s1.0,gigagan,gigagan,1,0.1607411950826645,data\cache\clean\test\gigagan_15454\blur_s1.0.jpg
gigagan_15561,blur_s1.0,gigagan,gigagan,1,0.0017737520392984152,data\cache\clean\test\gigagan_15561\blur_s1.0.jpg
gigagan_17003,blur_s1.0,gigagan,gigagan,1,0.35754087567329407,data\cache\clean\test\gigagan_17003\blur_s1.0.jpg
gigagan_20207,blur_s1.0,gigagan,gigagan,1,0.06998149305582047,data\cache\clean\test\gigagan_20207\blur_s1.0.jpg
gigagan_20327,blur_s1.0,gigagan,gigagan,1,0.03114817850291729,data\cache\clean\test\gigagan_20327\blur_s1.0.jpg
gigagan_20468,blur_s1.0,gigagan,gigagan,1,0.024102114140987396,data\cache\clean\test\gigagan_20468\blur_s1.0.jpg
gigagan_21611,blur_s1.0,gigagan,gigagan,1,0.016656968742609024,data\cache\clean\test\gigagan_21611\blur_s1.0.jpg
gigagan_22418,blur_s1.0,gigagan,gigagan,1,0.2994994819164276,data\cache\clean\test\gigagan_22418\blur_s1.0.jpg
gigagan_24445,blur_s1.0,gigagan,gigagan,1,0.12059644609689713,data\cache\clean\test\gigagan_24445\blur_s1.0.jpg
gigagan_24679,blur_s1.0,gigagan,gigagan,1,0.0898357480764389,data\cache\clean\test\gigagan_24679\blur_s1.0.jpg
gigagan_24726,blur_s1.0,gigagan,gigagan,1,0.32824447751045227,data\cache\clean\test\gigagan_24726\blur_s1.0.jpg
gigagan_25090,blur_s1.0,gigagan,gigagan,1,0.008756096474826336,data\cache\clean\test\gigagan_25090\blur_s1.0.jpg
gigagan_28900,blur_s1.0,gigagan,gigagan,1,0.4782586991786957,data\cache\clean\test\gigagan_28900\blur_s1.0.jpg
imagen3_045e6da6fd7f6fb0,blur_s1.0,imagen3,imagen3,1,0.0341227762401104,data\cache\clean\test\imagen3_045e6da6fd7f6fb0\blur_s1.0.jpg
imagen3_04e3097ac2f57647,blur_s1.0,imagen3,imagen3,1,0.38642939925193787,data\cache\clean\test\imagen3_04e3097ac2f57647\blur_s1.0.jpg
imagen3_07747d6ffd056bee,blur_s1.0,imagen3,imagen3,1,0.0040924204513430595,data\cache\clean\test\imagen3_07747d6ffd056bee\blur_s1.0.jpg
imagen3_13ed1f9391224848,blur_s1.0,imagen3,imagen3,1,0.023274334147572517,data\cache\clean\test\imagen3_13ed1f9391224848\blur_s1.0.jpg
imagen3_15906,blur_s1.0,imagen3,imagen3,1,0.005146418232470751,data\cache\clean\test\imagen3_15906\blur_s1.0.jpg
imagen3_17643da56f35c6f7,blur_s1.0,imagen3,imagen3,1,1.4453399899139185e-06,data\cache\clean\test\imagen3_17643da56f35c6f7\blur_s1.0.jpg
imagen3_24629,blur_s1.0,imagen3,imagen3,1,0.13077804446220398,data\cache\clean\test\imagen3_24629\blur_s1.0.jpg
imagen3_24e64d19ddde11cb,blur_s1.0,imagen3,imagen3,1,9.875805062620202e-09,data\cache\clean\test\imagen3_24e64d19ddde11cb\blur_s1.0.jpg
imagen3_260ae6b06f1f50e2,blur_s1.0,imagen3,imagen3,1,6.23268124400056e-06,data\cache\clean\test\imagen3_260ae6b06f1f50e2\blur_s1.0.jpg
imagen3_2be4510162a8a76e,blur_s1.0,imagen3,imagen3,1,0.0029036381747573614,data\cache\clean\test\imagen3_2be4510162a8a76e\blur_s1.0.jpg
imagen3_3403b18fc93acbfc,blur_s1.0,imagen3,imagen3,1,0.0006127245142124593,data\cache\clean\test\imagen3_3403b18fc93acbfc\blur_s1.0.jpg
imagen3_43058,blur_s1.0,imagen3,imagen3,1,0.0001332805259153247,data\cache\clean\test\imagen3_43058\blur_s1.0.jpg
imagen3_43180,blur_s1.0,imagen3,imagen3,1,0.22534389793872833,data\cache\clean\test\imagen3_43180\blur_s1.0.jpg
imagen3_43208,blur_s1.0,imagen3,imagen3,1,0.16254307329654694,data\cache\clean\test\imagen3_43208\blur_s1.0.jpg
imagen3_44015,blur_s1.0,imagen3,imagen3,1,0.008015742525458336,data\cache\clean\test\imagen3_44015\blur_s1.0.jpg
imagen3_44476,blur_s1.0,imagen3,imagen3,1,0.036686912178993225,data\cache\clean\test\imagen3_44476\blur_s1.0.jpg
imagen3_46922,blur_s1.0,imagen3,imagen3,1,0.020220881327986717,data\cache\clean\test\imagen3_46922\blur_s1.0.jpg
imagen3_51659,blur_s1.0,imagen3,imagen3,1,0.025400718674063683,data\cache\clean\test\imagen3_51659\blur_s1.0.jpg
imagen3_519f5c348fe55fcd,blur_s1.0,imagen3,imagen3,1,0.0007542792009189725,data\cache\clean\test\imagen3_519f5c348fe55fcd\blur_s1.0.jpg
imagen3_52115,blur_s1.0,imagen3,imagen3,1,0.4547446370124817,data\cache\clean\test\imagen3_52115\blur_s1.0.jpg
imagen3_52520,blur_s1.0,imagen3,imagen3,1,0.01482671033591032,data\cache\clean\test\imagen3_52520\blur_s1.0.jpg
imagen3_53132,blur_s1.0,imagen3,imagen3,1,0.4022676646709442,data\cache\clean\test\imagen3_53132\blur_s1.0.jpg
imagen3_53632,blur_s1.0,imagen3,imagen3,1,0.13754843175411224,data\cache\clean\test\imagen3_53632\blur_s1.0.jpg
imagen3_560ead164dab63a5,blur_s1.0,imagen3,imagen3,1,0.1532718390226364,data\cache\clean\test\imagen3_560ead164dab63a5\blur_s1.0.jpg
imagen3_5e95809bd47d157b,blur_s1.0,imagen3,imagen3,1,0.13014057278633118,data\cache\clean\test\imagen3_5e95809bd47d157b\blur_s1.0.jpg
imagen3_69467160e53f71bc,blur_s1.0,imagen3,imagen3,1,0.043863583356142044,data\cache\clean\test\imagen3_69467160e53f71bc\blur_s1.0.jpg
imagen3_6a8270ea182a9194,blur_s1.0,imagen3,imagen3,1,0.00013852407573722303,data\cache\clean\test\imagen3_6a8270ea182a9194\blur_s1.0.jpg
imagen3_6c7624322b04ce43,blur_s1.0,imagen3,imagen3,1,1.313509710598737e-05,data\cache\clean\test\imagen3_6c7624322b04ce43\blur_s1.0.jpg
imagen3_77fb2d4f372634f8,blur_s1.0,imagen3,imagen3,1,0.004569591488689184,data\cache\clean\test\imagen3_77fb2d4f372634f8\blur_s1.0.jpg
imagen3_7ee1485909c59826,blur_s1.0,imagen3,imagen3,1,0.011571994051337242,data\cache\clean\test\imagen3_7ee1485909c59826\blur_s1.0.jpg
imagen3_8b13dc3bff918841,blur_s1.0,imagen3,imagen3,1,0.029063355177640915,data\cache\clean\test\imagen3_8b13dc3bff918841\blur_s1.0.jpg
imagen3_8c20e4bf83ffff36,blur_s1.0,imagen3,imagen3,1,0.08375420421361923,data\cache\clean\test\imagen3_8c20e4bf83ffff36\blur_s1.0.jpg
imagen3_9e82651e214a25c8,blur_s1.0,imagen3,imagen3,1,0.0015985667705535889,data\cache\clean\test\imagen3_9e82651e214a25c8\blur_s1.0.jpg
imagen3_a1b5be9a5f0d1f7a,blur_s1.0,imagen3,imagen3,1,0.0322030633687973,data\cache\clean\test\imagen3_a1b5be9a5f0d1f7a\blur_s1.0.jpg
imagen3_aa13646e437b7afa,blur_s1.0,imagen3,imagen3,1,0.0008300339104607701,data\cache\clean\test\imagen3_aa13646e437b7afa\blur_s1.0.jpg
imagen3_ad860df8c2a1a848,blur_s1.0,imagen3,imagen3,1,0.003761008847504854,data\cache\clean\test\imagen3_ad860df8c2a1a848\blur_s1.0.jpg
imagen3_b69c9976ced306d1,blur_s1.0,imagen3,imagen3,1,0.13164237141609192,data\cache\clean\test\imagen3_b69c9976ced306d1\blur_s1.0.jpg
imagen3_ca44bb7db1e73a9a,blur_s1.0,imagen3,imagen3,1,0.02917771227657795,data\cache\clean\test\imagen3_ca44bb7db1e73a9a\blur_s1.0.jpg
imagen3_d326e7c87fb1d966,blur_s1.0,imagen3,imagen3,1,0.007103770039975643,data\cache\clean\test\imagen3_d326e7c87fb1d966\blur_s1.0.jpg
imagen3_e63f3b6f8bdee43a,blur_s1.0,imagen3,imagen3,1,0.023473689332604408,data\cache\clean\test\imagen3_e63f3b6f8bdee43a\blur_s1.0.jpg
imagen3_ea646e585cc24088,blur_s1.0,imagen3,imagen3,1,0.0017215752741321921,data\cache\clean\test\imagen3_ea646e585cc24088\blur_s1.0.jpg
imagen3_eaf94916ce926270,blur_s1.0,imagen3,imagen3,1,0.04039885848760605,data\cache\clean\test\imagen3_eaf94916ce926270\blur_s1.0.jpg
imagen3_fd568a2839353a92,blur_s1.0,imagen3,imagen3,1,0.2757076323032379,data\cache\clean\test\imagen3_fd568a2839353a92\blur_s1.0.jpg
imagen3_fe7048efd51b15b8,blur_s1.0,imagen3,imagen3,1,2.2894142603036016e-05,data\cache\clean\test\imagen3_fe7048efd51b15b8\blur_s1.0.jpg
imagen3_Imagen3_1208,blur_s1.0,imagen3,imagen3,1,0.0010667629539966583,data\cache\clean\test\imagen3_Imagen3_1208\blur_s1.0.jpg
imagen3_Imagen3_2403,blur_s1.0,imagen3,imagen3,1,0.1812034547328949,data\cache\clean\test\imagen3_Imagen3_2403\blur_s1.0.jpg
imagen3_Imagen3_3004,blur_s1.0,imagen3,imagen3,1,0.18763510882854462,data\cache\clean\test\imagen3_Imagen3_3004\blur_s1.0.jpg
imagen3_Imagen3_3546,blur_s1.0,imagen3,imagen3,1,0.02429078333079815,data\cache\clean\test\imagen3_Imagen3_3546\blur_s1.0.jpg
imagen3_Imagen3_3556,blur_s1.0,imagen3,imagen3,1,0.0009295443305745721,data\cache\clean\test\imagen3_Imagen3_3556\blur_s1.0.jpg
sidset_full_synthetic_001692,blur_s1.0,sidset,full_synthetic,1,0.012470494024455547,data\cache\clean\test\sidset_full_synthetic_001692\blur_s1.0.jpg
sidset_full_synthetic_004754,blur_s1.0,sidset,full_synthetic,1,0.09963969886302948,data\cache\clean\test\sidset_full_synthetic_004754\blur_s1.0.jpg
sidset_full_synthetic_005710,blur_s1.0,sidset,full_synthetic,1,0.2691797614097595,data\cache\clean\test\sidset_full_synthetic_005710\blur_s1.0.jpg
sidset_full_synthetic_017359,blur_s1.0,sidset,full_synthetic,1,0.23245960474014282,data\cache\clean\test\sidset_full_synthetic_017359\blur_s1.0.jpg
sidset_full_synthetic_033528,blur_s1.0,sidset,full_synthetic,1,0.09743843972682953,data\cache\clean\test\sidset_full_synthetic_033528\blur_s1.0.jpg
sidset_full_synthetic_046026,blur_s1.0,sidset,full_synthetic,1,0.04730720818042755,data\cache\clean\test\sidset_full_synthetic_046026\blur_s1.0.jpg
sidset_full_synthetic_048809,blur_s1.0,sidset,full_synthetic,1,0.27845436334609985,data\cache\clean\test\sidset_full_synthetic_048809\blur_s1.0.jpg
sidset_full_synthetic_060524,blur_s1.0,sidset,full_synthetic,1,0.01350073330104351,data\cache\clean\test\sidset_full_synthetic_060524\blur_s1.0.jpg
sidset_full_synthetic_062086,blur_s1.0,sidset,full_synthetic,1,0.04820312559604645,data\cache\clean\test\sidset_full_synthetic_062086\blur_s1.0.jpg
sidset_full_synthetic_063062,blur_s1.0,sidset,full_synthetic,1,0.009861703962087631,data\cache\clean\test\sidset_full_synthetic_063062\blur_s1.0.jpg
stylegan_xl_0097a2e24789bc7a,blur_s1.0,stylegan_xl,stylegan_xl,1,0.042309317737817764,data\cache\clean\test\stylegan_xl_0097a2e24789bc7a\blur_s1.0.jpg
stylegan_xl_00a4591cf03df584,blur_s1.0,stylegan_xl,stylegan_xl,1,1.408327420904243e-06,data\cache\clean\test\stylegan_xl_00a4591cf03df584\blur_s1.0.jpg
stylegan_xl_031391f1ab18ab62,blur_s1.0,stylegan_xl,stylegan_xl,1,0.021676840260624886,data\cache\clean\test\stylegan_xl_031391f1ab18ab62\blur_s1.0.jpg
stylegan_xl_0a4244f8a9185bad,blur_s1.0,stylegan_xl,stylegan_xl,1,0.057331521064043045,data\cache\clean\test\stylegan_xl_0a4244f8a9185bad\blur_s1.0.jpg
stylegan_xl_0f7efa4c31bcd8f4,blur_s1.0,stylegan_xl,stylegan_xl,1,0.0006543538765981793,data\cache\clean\test\stylegan_xl_0f7efa4c31bcd8f4\blur_s1.0.jpg
stylegan_xl_1060d58257bc5130,blur_s1.0,stylegan_xl,stylegan_xl,1,0.0004591096076183021,data\cache\clean\test\stylegan_xl_1060d58257bc5130\blur_s1.0.jpg
stylegan_xl_1440252ff76f525f,blur_s1.0,stylegan_xl,stylegan_xl,1,0.3231510519981384,data\cache\clean\test\stylegan_xl_1440252ff76f525f\blur_s1.0.jpg
stylegan_xl_17f8bf0ef8d2f478,blur_s1.0,stylegan_xl,stylegan_xl,1,0.007771217729896307,data\cache\clean\test\stylegan_xl_17f8bf0ef8d2f478\blur_s1.0.jpg
stylegan_xl_2013fe0d44f84041,blur_s1.0,stylegan_xl,stylegan_xl,1,1.0039778317150194e-05,data\cache\clean\test\stylegan_xl_2013fe0d44f84041\blur_s1.0.jpg
stylegan_xl_324e332686aa6966,blur_s1.0,stylegan_xl,stylegan_xl,1,0.03116030804812908,data\cache\clean\test\stylegan_xl_324e332686aa6966\blur_s1.0.jpg
stylegan_xl_3621cf0be1fc8d68,blur_s1.0,stylegan_xl,stylegan_xl,1,0.17155708372592926,data\cache\clean\test\stylegan_xl_3621cf0be1fc8d68\blur_s1.0.jpg
stylegan_xl_3b5e18f8fc06450d,blur_s1.0,stylegan_xl,stylegan_xl,1,0.00022030388936400414,data\cache\clean\test\stylegan_xl_3b5e18f8fc06450d\blur_s1.0.jpg
stylegan_xl_43847,blur_s1.0,stylegan_xl,stylegan_xl,1,0.0030266118701547384,data\cache\clean\test\stylegan_xl_43847\blur_s1.0.jpg
stylegan_xl_44451,blur_s1.0,stylegan_xl,stylegan_xl,1,0.012232422828674316,data\cache\clean\test\stylegan_xl_44451\blur_s1.0.jpg
stylegan_xl_45081,blur_s1.0,stylegan_xl,stylegan_xl,1,0.25182560086250305,data\cache\clean\test\stylegan_xl_45081\blur_s1.0.jpg
stylegan_xl_45602,blur_s1.0,stylegan_xl,stylegan_xl,1,0.00801507942378521,data\cache\clean\test\stylegan_xl_45602\blur_s1.0.jpg
stylegan_xl_48611,blur_s1.0,stylegan_xl,stylegan_xl,1,0.0014749271795153618,data\cache\clean\test\stylegan_xl_48611\blur_s1.0.jpg
stylegan_xl_49074,blur_s1.0,stylegan_xl,stylegan_xl,1,0.007705739699304104,data\cache\clean\test\stylegan_xl_49074\blur_s1.0.jpg
stylegan_xl_49539,blur_s1.0,stylegan_xl,stylegan_xl,1,0.4940378665924072,data\cache\clean\test\stylegan_xl_49539\blur_s1.0.jpg
stylegan_xl_4f991f9638e28675,blur_s1.0,stylegan_xl,stylegan_xl,1,0.0031312599312514067,data\cache\clean\test\stylegan_xl_4f991f9638e28675\blur_s1.0.jpg
stylegan_xl_53453,blur_s1.0,stylegan_xl,stylegan_xl,1,0.10264094918966293,data\cache\clean\test\stylegan_xl_53453\blur_s1.0.jpg
stylegan_xl_548aed682dc65ef2,blur_s1.0,stylegan_xl,stylegan_xl,1,0.172603040933609,data\cache\clean\test\stylegan_xl_548aed682dc65ef2\blur_s1.0.jpg
stylegan_xl_60ed9d3511d333bf,blur_s1.0,stylegan_xl,stylegan_xl,1,0.00041723859612829983,data\cache\clean\test\stylegan_xl_60ed9d3511d333bf\blur_s1.0.jpg
stylegan_xl_65bb283a1280639e,blur_s1.0,stylegan_xl,stylegan_xl,1,0.07076071202754974,data\cache\clean\test\stylegan_xl_65bb283a1280639e\blur_s1.0.jpg
stylegan_xl_729fee52c5b7f95b,blur_s1.0,stylegan_xl,stylegan_xl,1,0.09734371304512024,data\cache\clean\test\stylegan_xl_729fee52c5b7f95b\blur_s1.0.jpg
stylegan_xl_7d433e90bcd7bd53,blur_s1.0,stylegan_xl,stylegan_xl,1,0.0008889061282388866,data\cache\clean\test\stylegan_xl_7d433e90bcd7bd53\blur_s1.0.jpg
stylegan_xl_7ffebe6032f8209f,blur_s1.0,stylegan_xl,stylegan_xl,1,0.30757206678390503,data\cache\clean\test\stylegan_xl_7ffebe6032f8209f\blur_s1.0.jpg
stylegan_xl_80fc8be6e7c11eb3,blur_s1.0,stylegan_xl,stylegan_xl,1,2.1497035049833357e-06,data\cache\clean\test\stylegan_xl_80fc8be6e7c11eb3\blur_s1.0.jpg
stylegan_xl_8461b1ae87c22c20,blur_s1.0,stylegan_xl,stylegan_xl,1,0.021070240065455437,data\cache\clean\test\stylegan_xl_8461b1ae87c22c20\blur_s1.0.jpg
stylegan_xl_8f9dfd75dde8914f,blur_s1.0,stylegan_xl,stylegan_xl,1,0.00014606800687033683,data\cache\clean\test\stylegan_xl_8f9dfd75dde8914f\blur_s1.0.jpg
stylegan_xl_a1ed16fffc5ecb68,blur_s1.0,stylegan_xl,stylegan_xl,1,0.0034273588098585606,data\cache\clean\test\stylegan_xl_a1ed16fffc5ecb68\blur_s1.0.jpg
stylegan_xl_a72f3ace10a8f550,blur_s1.0,stylegan_xl,stylegan_xl,1,3.3486855954834027e-06,data\cache\clean\test\stylegan_xl_a72f3ace10a8f550\blur_s1.0.jpg
stylegan_xl_cf9c332a1ebfb587,blur_s1.0,stylegan_xl,stylegan_xl,1,0.0071506015956401825,data\cache\clean\test\stylegan_xl_cf9c332a1ebfb587\blur_s1.0.jpg
stylegan_xl_d686a15f05d09472,blur_s1.0,stylegan_xl,stylegan_xl,1,0.19852519035339355,data\cache\clean\test\stylegan_xl_d686a15f05d09472\blur_s1.0.jpg
stylegan_xl_e4b8e7ef72cabaf2,blur_s1.0,stylegan_xl,stylegan_xl,1,0.00018440595886204392,data\cache\clean\test\stylegan_xl_e4b8e7ef72cabaf2\blur_s1.0.jpg
stylegan_xl_f2ea3473d8b1a62f,blur_s1.0,stylegan_xl,stylegan_xl,1,0.00031303425203077495,data\cache\clean\test\stylegan_xl_f2ea3473d8b1a62f\blur_s1.0.jpg
stylegan_xl_fef6a66b8deaa7ab,blur_s1.0,stylegan_xl,stylegan_xl,1,3.149181793560274e-05,data\cache\clean\test\stylegan_xl_fef6a66b8deaa7ab\blur_s1.0.jpg
cifake_1028 (10),blur_s2.0,cifake,stable_diffusion,1,0.12509435415267944,data\cache\clean\test\cifake_1028 (10)\blur_s2.0.jpg
cifake_2703 (7),blur_s2.0,cifake,stable_diffusion,1,0.09497812390327454,data\cache\clean\test\cifake_2703 (7)\blur_s2.0.jpg
cifake_2850 (3),blur_s2.0,cifake,stable_diffusion,1,0.3741922676563263,data\cache\clean\test\cifake_2850 (3)\blur_s2.0.jpg
cifake_3053 (4),blur_s2.0,cifake,stable_diffusion,1,0.47909945249557495,data\cache\clean\test\cifake_3053 (4)\blur_s2.0.jpg
cifake_3582 (9),blur_s2.0,cifake,stable_diffusion,1,0.27281710505485535,data\cache\clean\test\cifake_3582 (9)\blur_s2.0.jpg
cifake_4127 (3),blur_s2.0,cifake,stable_diffusion,1,0.4797285497188568,data\cache\clean\test\cifake_4127 (3)\blur_s2.0.jpg
cifake_4221 (2),blur_s2.0,cifake,stable_diffusion,1,0.280297189950943,data\cache\clean\test\cifake_4221 (2)\blur_s2.0.jpg
cifake_4443,blur_s2.0,cifake,stable_diffusion,1,0.28422772884368896,data\cache\clean\test\cifake_4443\blur_s2.0.jpg
cifake_4615 (3),blur_s2.0,cifake,stable_diffusion,1,0.07129719853401184,data\cache\clean\test\cifake_4615 (3)\blur_s2.0.jpg
cifake_5221 (3),blur_s2.0,cifake,stable_diffusion,1,0.4251474440097809,data\cache\clean\test\cifake_5221 (3)\blur_s2.0.jpg
cifake_5607 (3),blur_s2.0,cifake,stable_diffusion,1,0.0605175644159317,data\cache\clean\test\cifake_5607 (3)\blur_s2.0.jpg
cifake_5845 (9),blur_s2.0,cifake,stable_diffusion,1,0.41119837760925293,data\cache\clean\test\cifake_5845 (9)\blur_s2.0.jpg
cifake_954 (9),blur_s2.0,cifake,stable_diffusion,1,0.23609398305416107,data\cache\clean\test\cifake_954 (9)\blur_s2.0.jpg
dalle_10420,blur_s2.0,dalle,dalle,1,0.2863751947879791,data\cache\clean\test\dalle_10420\blur_s2.0.jpg
dalle_1895b86b74caac5dad51022c3d3b33df,blur_s2.0,dalle,dalle,1,0.2688649296760559,data\cache\clean\test\dalle_1895b86b74caac5dad51022c3d3b33df\blur_s2.0.jpg
dalle_19157,blur_s2.0,dalle,dalle,1,0.028402645140886307,data\cache\clean\test\dalle_19157\blur_s2.0.jpg
dalle_19590,blur_s2.0,dalle,dalle,1,0.3324121832847595,data\cache\clean\test\dalle_19590\blur_s2.0.jpg
dalle_20080,blur_s2.0,dalle,dalle,1,0.2557983994483948,data\cache\clean\test\dalle_20080\blur_s2.0.jpg
dalle_24299,blur_s2.0,dalle,dalle,1,0.04204319790005684,data\cache\clean\test\dalle_24299\blur_s2.0.jpg
dalle_2561,blur_s2.0,dalle,dalle,1,0.12182057648897171,data\cache\clean\test\dalle_2561\blur_s2.0.jpg
dalle_26611,blur_s2.0,dalle,dalle,1,0.20646344125270844,data\cache\clean\test\dalle_26611\blur_s2.0.jpg
dalle_27029,blur_s2.0,dalle,dalle,1,0.03760693594813347,data\cache\clean\test\dalle_27029\blur_s2.0.jpg
dalle_28,blur_s2.0,dalle,dalle,1,0.25436675548553467,data\cache\clean\test\dalle_28\blur_s2.0.jpg
dalle_28652,blur_s2.0,dalle,dalle,1,0.46536898612976074,data\cache\clean\test\dalle_28652\blur_s2.0.jpg
dalle_3007,blur_s2.0,dalle,dalle,1,0.12484370172023773,data\cache\clean\test\dalle_3007\blur_s2.0.jpg
dalle_3c589aa7fd4a6705f1fd7918daf4ffb9,blur_s2.0,dalle,dalle,1,0.13887548446655273,data\cache\clean\test\dalle_3c589aa7fd4a6705f1fd7918daf4ffb9\blur_s2.0.jpg
dalle_40387,blur_s2.0,dalle,dalle,1,0.17911110818386078,data\cache\clean\test\dalle_40387\blur_s2.0.jpg
dalle_41791,blur_s2.0,dalle,dalle,1,0.0008099666447378695,data\cache\clean\test\dalle_41791\blur_s2.0.jpg
dalle_41855,blur_s2.0,dalle,dalle,1,0.12242841720581055,data\cache\clean\test\dalle_41855\blur_s2.0.jpg
dalle_6481,blur_s2.0,dalle,dalle,1,0.001089500612579286,data\cache\clean\test\dalle_6481\blur_s2.0.jpg
dalle_6f0f61883f111368d770c54801f33449,blur_s2.0,dalle,dalle,1,0.007775395177304745,data\cache\clean\test\dalle_6f0f61883f111368d770c54801f33449\blur_s2.0.jpg
dalle_8017,blur_s2.0,dalle,dalle,1,0.0058147418312728405,data\cache\clean\test\dalle_8017\blur_s2.0.jpg
dalle_9068,blur_s2.0,dalle,dalle,1,0.3099435865879059,data\cache\clean\test\dalle_9068\blur_s2.0.jpg
dalle_fcb663a4c7f01f5a548e4c1088d00a91,blur_s2.0,dalle,dalle,1,0.18896125257015228,data\cache\clean\test\dalle_fcb663a4c7f01f5a548e4c1088d00a91\blur_s2.0.jpg
gigagan_01605,blur_s2.0,gigagan,gigagan,1,0.3449726104736328,data\cache\clean\test\gigagan_01605\blur_s2.0.jpg
gigagan_05738,blur_s2.0,gigagan,gigagan,1,0.02200424298644066,data\cache\clean\test\gigagan_05738\blur_s2.0.jpg
gigagan_06111,blur_s2.0,gigagan,gigagan,1,0.2524954676628113,data\cache\clean\test\gigagan_06111\blur_s2.0.jpg
gigagan_06526,blur_s2.0,gigagan,gigagan,1,0.1211189329624176,data\cache\clean\test\gigagan_06526\blur_s2.0.jpg
gigagan_07350,blur_s2.0,gigagan,gigagan,1,0.014437617734074593,data\cache\clean\test\gigagan_07350\blur_s2.0.jpg
gigagan_07676,blur_s2.0,gigagan,gigagan,1,0.23544059693813324,data\cache\clean\test\gigagan_07676\blur_s2.0.jpg
gigagan_09742,blur_s2.0,gigagan,gigagan,1,0.3528056740760803,data\cache\clean\test\gigagan_09742\blur_s2.0.jpg
gigagan_09888,blur_s2.0,gigagan,gigagan,1,0.41350528597831726,data\cache\clean\test\gigagan_09888\blur_s2.0.jpg
gigagan_10769,blur_s2.0,gigagan,gigagan,1,0.055572185665369034,data\cache\clean\test\gigagan_10769\blur_s2.0.jpg
gigagan_10914,blur_s2.0,gigagan,gigagan,1,0.0019382602768018842,data\cache\clean\test\gigagan_10914\blur_s2.0.jpg
gigagan_12489,blur_s2.0,gigagan,gigagan,1,0.13193270564079285,data\cache\clean\test\gigagan_12489\blur_s2.0.jpg
gigagan_13110,blur_s2.0,gigagan,gigagan,1,0.2788029611110687,data\cache\clean\test\gigagan_13110\blur_s2.0.jpg
gigagan_14071,blur_s2.0,gigagan,gigagan,1,0.015339501202106476,data\cache\clean\test\gigagan_14071\blur_s2.0.jpg
gigagan_14946,blur_s2.0,gigagan,gigagan,1,0.18834975361824036,data\cache\clean\test\gigagan_14946\blur_s2.0.jpg
gigagan_15454,blur_s2.0,gigagan,gigagan,1,0.055143531411886215,data\cache\clean\test\gigagan_15454\blur_s2.0.jpg
gigagan_15561,blur_s2.0,gigagan,gigagan,1,0.00910246092826128,data\cache\clean\test\gigagan_15561\blur_s2.0.jpg
gigagan_16231,blur_s2.0,gigagan,gigagan,1,0.41672083735466003,data\cache\clean\test\gigagan_16231\blur_s2.0.jpg
gigagan_17003,blur_s2.0,gigagan,gigagan,1,0.013973839581012726,data\cache\clean\test\gigagan_17003\blur_s2.0.jpg
gigagan_19199,blur_s2.0,gigagan,gigagan,1,0.3724496364593506,data\cache\clean\test\gigagan_19199\blur_s2.0.jpg
gigagan_20207,blur_s2.0,gigagan,gigagan,1,0.04947081208229065,data\cache\clean\test\gigagan_20207\blur_s2.0.jpg
gigagan_20327,blur_s2.0,gigagan,gigagan,1,0.017150798812508583,data\cache\clean\test\gigagan_20327\blur_s2.0.jpg
gigagan_20468,blur_s2.0,gigagan,gigagan,1,0.002085819374769926,data\cache\clean\test\gigagan_20468\blur_s2.0.jpg
gigagan_21611,blur_s2.0,gigagan,gigagan,1,0.005374872125685215,data\cache\clean\test\gigagan_21611\blur_s2.0.jpg
gigagan_22418,blur_s2.0,gigagan,gigagan,1,0.20282688736915588,data\cache\clean\test\gigagan_22418\blur_s2.0.jpg
gigagan_23134,blur_s2.0,gigagan,gigagan,1,0.004123120568692684,data\cache\clean\test\gigagan_23134\blur_s2.0.jpg
gigagan_24445,blur_s2.0,gigagan,gigagan,1,0.21650752425193787,data\cache\clean\test\gigagan_24445\blur_s2.0.jpg
gigagan_24679,blur_s2.0,gigagan,gigagan,1,0.35864752531051636,data\cache\clean\test\gigagan_24679\blur_s2.0.jpg
gigagan_24726,blur_s2.0,gigagan,gigagan,1,0.020370498299598694,data\cache\clean\test\gigagan_24726\blur_s2.0.jpg
gigagan_25090,blur_s2.0,gigagan,gigagan,1,0.02208568900823593,data\cache\clean\test\gigagan_25090\blur_s2.0.jpg
gigagan_25801,blur_s2.0,gigagan,gigagan,1,0.0888785794377327,data\cache\clean\test\gigagan_25801\blur_s2.0.jpg
gigagan_26681,blur_s2.0,gigagan,gigagan,1,0.39689475297927856,data\cache\clean\test\gigagan_26681\blur_s2.0.jpg
gigagan_29717,blur_s2.0,gigagan,gigagan,1,0.43973788619041443,data\cache\clean\test\gigagan_29717\blur_s2.0.jpg
imagen3_045e6da6fd7f6fb0,blur_s2.0,imagen3,imagen3,1,0.028969842940568924,data\cache\clean\test\imagen3_045e6da6fd7f6fb0\blur_s2.0.jpg
imagen3_07747d6ffd056bee,blur_s2.0,imagen3,imagen3,1,0.002801979426294565,data\cache\clean\test\imagen3_07747d6ffd056bee\blur_s2.0.jpg
imagen3_13ed1f9391224848,blur_s2.0,imagen3,imagen3,1,0.05048071965575218,data\cache\clean\test\imagen3_13ed1f9391224848\blur_s2.0.jpg
imagen3_15906,blur_s2.0,imagen3,imagen3,1,0.0370342917740345,data\cache\clean\test\imagen3_15906\blur_s2.0.jpg
imagen3_17643da56f35c6f7,blur_s2.0,imagen3,imagen3,1,7.2342436396866105e-06,data\cache\clean\test\imagen3_17643da56f35c6f7\blur_s2.0.jpg
imagen3_1fe9a0379cffa709,blur_s2.0,imagen3,imagen3,1,0.39872312545776367,data\cache\clean\test\imagen3_1fe9a0379cffa709\blur_s2.0.jpg
imagen3_24e64d19ddde11cb,blur_s2.0,imagen3,imagen3,1,5.15316912697017e-07,data\cache\clean\test\imagen3_24e64d19ddde11cb\blur_s2.0.jpg
imagen3_260ae6b06f1f50e2,blur_s2.0,imagen3,imagen3,1,1.8339601410843898e-06,data\cache\clean\test\imagen3_260ae6b06f1f50e2\blur_s2.0.jpg
imagen3_2be4510162a8a76e,blur_s2.0,imagen3,imagen3,1,0.0014122521970421076,data\cache\clean\test\imagen3_2be4510162a8a76e\blur_s2.0.jpg
imagen3_3403b18fc93acbfc,blur_s2.0,imagen3,imagen3,1,0.012936348095536232,data\cache\clean\test\imagen3_3403b18fc93acbfc\blur_s2.0.jpg
imagen3_43058,blur_s2.0,imagen3,imagen3,1,0.00289362296462059,data\cache\clean\test\imagen3_43058\blur_s2.0.jpg
imagen3_44015,blur_s2.0,imagen3,imagen3,1,0.052309490740299225,data\cache\clean\test\imagen3_44015\blur_s2.0.jpg
imagen3_44476,blur_s2.0,imagen3,imagen3,1,0.009248056448996067,data\cache\clean\test\imagen3_44476\blur_s2.0.jpg
imagen3_46922,blur_s2.0,imagen3,imagen3,1,0.3753564655780792,data\cache\clean\test\imagen3_46922\blur_s2.0.jpg
imagen3_473ffc5e3d5dc373,blur_s2.0,imagen3,imagen3,1,0.12189560383558273,data\cache\clean\test\imagen3_473ffc5e3d5dc373\blur_s2.0.jpg
imagen3_51659,blur_s2.0,imagen3,imagen3,1,0.27301621437072754,data\cache\clean\test\imagen3_51659\blur_s2.0.jpg
imagen3_519f5c348fe55fcd,blur_s2.0,imagen3,imagen3,1,0.0006530159153044224,data\cache\clean\test\imagen3_519f5c348fe55fcd\blur_s2.0.jpg
imagen3_52520,blur_s2.0,imagen3,imagen3,1,0.16688139736652374,data\cache\clean\test\imagen3_52520\blur_s2.0.jpg
imagen3_53132,blur_s2.0,imagen3,imagen3,1,0.25995782017707825,data\cache\clean\test\imagen3_53132\blur_s2.0.jpg
imagen3_53632,blur_s2.0,imagen3,imagen3,1,0.03356029465794563,data\cache\clean\test\imagen3_53632\blur_s2.0.jpg
imagen3_560ead164dab63a5,blur_s2.0,imagen3,imagen3,1,0.1266811490058899,data\cache\clean\test\imagen3_560ead164dab63a5\blur_s2.0.jpg
imagen3_5e95809bd47d157b,blur_s2.0,imagen3,imagen3,1,0.04847853630781174,data\cache\clean\test\imagen3_5e95809bd47d157b\blur_s2.0.jpg
imagen3_69467160e53f71bc,blur_s2.0,imagen3,imagen3,1,0.04012242704629898,data\cache\clean\test\imagen3_69467160e53f71bc\blur_s2.0.jpg
imagen3_6a8270ea182a9194,blur_s2.0,imagen3,imagen3,1,8.249298844020814e-05,data\cache\clean\test\imagen3_6a8270ea182a9194\blur_s2.0.jpg
imagen3_6c7624322b04ce43,blur_s2.0,imagen3,imagen3,1,0.00024919878342188895,data\cache\clean\test\imagen3_6c7624322b04ce43\blur_s2.0.jpg
imagen3_77fb2d4f372634f8,blur_s2.0,imagen3,imagen3,1,0.01321314461529255,data\cache\clean\test\imagen3_77fb2d4f372634f8\blur_s2.0.jpg
imagen3_7ee1485909c59826,blur_s2.0,imagen3,imagen3,1,0.0598968043923378,data\cache\clean\test\imagen3_7ee1485909c59826\blur_s2.0.jpg
imagen3_8b13dc3bff918841,blur_s2.0,imagen3,imagen3,1,0.006395101081579924,data\cache\clean\test\imagen3_8b13dc3bff918841\blur_s2.0.jpg
imagen3_9e82651e214a25c8,blur_s2.0,imagen3,imagen3,1,0.011370930820703506,data\cache\clean\test\imagen3_9e82651e214a25c8\blur_s2.0.jpg
imagen3_a1b5be9a5f0d1f7a,blur_s2.0,imagen3,imagen3,1,0.0890754982829094,data\cache\clean\test\imagen3_a1b5be9a5f0d1f7a\blur_s2.0.jpg
imagen3_aa13646e437b7afa,blur_s2.0,imagen3,imagen3,1,0.015581605955958366,data\cache\clean\test\imagen3_aa13646e437b7afa\blur_s2.0.jpg
imagen3_ad860df8c2a1a848,blur_s2.0,imagen3,imagen3,1,0.0071464586071670055,data\cache\clean\test\imagen3_ad860df8c2a1a848\blur_s2.0.jpg
imagen3_b69c9976ced306d1,blur_s2.0,imagen3,imagen3,1,0.19992443919181824,data\cache\clean\test\imagen3_b69c9976ced306d1\blur_s2.0.jpg
imagen3_ca44bb7db1e73a9a,blur_s2.0,imagen3,imagen3,1,0.02862311527132988,data\cache\clean\test\imagen3_ca44bb7db1e73a9a\blur_s2.0.jpg
imagen3_d326e7c87fb1d966,blur_s2.0,imagen3,imagen3,1,0.0007080059149302542,data\cache\clean\test\imagen3_d326e7c87fb1d966\blur_s2.0.jpg
imagen3_e63f3b6f8bdee43a,blur_s2.0,imagen3,imagen3,1,0.0038331879768520594,data\cache\clean\test\imagen3_e63f3b6f8bdee43a\blur_s2.0.jpg
imagen3_ea646e585cc24088,blur_s2.0,imagen3,imagen3,1,0.00219995086081326,data\cache\clean\test\imagen3_ea646e585cc24088\blur_s2.0.jpg
imagen3_eaf94916ce926270,blur_s2.0,imagen3,imagen3,1,0.41192278265953064,data\cache\clean\test\imagen3_eaf94916ce926270\blur_s2.0.jpg
imagen3_f69a20bda8f47fea,blur_s2.0,imagen3,imagen3,1,0.31041377782821655,data\cache\clean\test\imagen3_f69a20bda8f47fea\blur_s2.0.jpg
imagen3_fd568a2839353a92,blur_s2.0,imagen3,imagen3,1,0.49284568428993225,data\cache\clean\test\imagen3_fd568a2839353a92\blur_s2.0.jpg
imagen3_fe7048efd51b15b8,blur_s2.0,imagen3,imagen3,1,0.001485549728386104,data\cache\clean\test\imagen3_fe7048efd51b15b8\blur_s2.0.jpg
imagen3_Imagen3_1208,blur_s2.0,imagen3,imagen3,1,0.0005434787017293274,data\cache\clean\test\imagen3_Imagen3_1208\blur_s2.0.jpg
imagen3_Imagen3_1328,blur_s2.0,imagen3,imagen3,1,0.2942505180835724,data\cache\clean\test\imagen3_Imagen3_1328\blur_s2.0.jpg
imagen3_Imagen3_2403,blur_s2.0,imagen3,imagen3,1,0.11761317402124405,data\cache\clean\test\imagen3_Imagen3_2403\blur_s2.0.jpg
imagen3_Imagen3_2877,blur_s2.0,imagen3,imagen3,1,0.4867187738418579,data\cache\clean\test\imagen3_Imagen3_2877\blur_s2.0.jpg
imagen3_Imagen3_3235,blur_s2.0,imagen3,imagen3,1,0.4558146297931671,data\cache\clean\test\imagen3_Imagen3_3235\blur_s2.0.jpg
imagen3_Imagen3_3546,blur_s2.0,imagen3,imagen3,1,0.35414597392082214,data\cache\clean\test\imagen3_Imagen3_3546\blur_s2.0.jpg
imagen3_Imagen3_3556,blur_s2.0,imagen3,imagen3,1,0.0012274564942345023,data\cache\clean\test\imagen3_Imagen3_3556\blur_s2.0.jpg
sidset_full_synthetic_001692,blur_s2.0,sidset,full_synthetic,1,0.007430264260619879,data\cache\clean\test\sidset_full_synthetic_001692\blur_s2.0.jpg
sidset_full_synthetic_004754,blur_s2.0,sidset,full_synthetic,1,0.10459915548563004,data\cache\clean\test\sidset_full_synthetic_004754\blur_s2.0.jpg
sidset_full_synthetic_005710,blur_s2.0,sidset,full_synthetic,1,0.11953617632389069,data\cache\clean\test\sidset_full_synthetic_005710\blur_s2.0.jpg
sidset_full_synthetic_013708,blur_s2.0,sidset,full_synthetic,1,0.25478461384773254,data\cache\clean\test\sidset_full_synthetic_013708\blur_s2.0.jpg
sidset_full_synthetic_017359,blur_s2.0,sidset,full_synthetic,1,0.16332155466079712,data\cache\clean\test\sidset_full_synthetic_017359\blur_s2.0.jpg
sidset_full_synthetic_033528,blur_s2.0,sidset,full_synthetic,1,0.05794186890125275,data\cache\clean\test\sidset_full_synthetic_033528\blur_s2.0.jpg
sidset_full_synthetic_033729,blur_s2.0,sidset,full_synthetic,1,0.08191610872745514,data\cache\clean\test\sidset_full_synthetic_033729\blur_s2.0.jpg
sidset_full_synthetic_040322,blur_s2.0,sidset,full_synthetic,1,0.3419857919216156,data\cache\clean\test\sidset_full_synthetic_040322\blur_s2.0.jpg
sidset_full_synthetic_046026,blur_s2.0,sidset,full_synthetic,1,0.07675368338823318,data\cache\clean\test\sidset_full_synthetic_046026\blur_s2.0.jpg
sidset_full_synthetic_048809,blur_s2.0,sidset,full_synthetic,1,0.45698338747024536,data\cache\clean\test\sidset_full_synthetic_048809\blur_s2.0.jpg
sidset_full_synthetic_060524,blur_s2.0,sidset,full_synthetic,1,0.0014013060135766864,data\cache\clean\test\sidset_full_synthetic_060524\blur_s2.0.jpg
sidset_full_synthetic_062086,blur_s2.0,sidset,full_synthetic,1,0.04396317899227142,data\cache\clean\test\sidset_full_synthetic_062086\blur_s2.0.jpg
sidset_full_synthetic_063062,blur_s2.0,sidset,full_synthetic,1,0.050124723464250565,data\cache\clean\test\sidset_full_synthetic_063062\blur_s2.0.jpg
sidset_full_synthetic_069762,blur_s2.0,sidset,full_synthetic,1,0.2505818009376526,data\cache\clean\test\sidset_full_synthetic_069762\blur_s2.0.jpg
stylegan_xl_0097a2e24789bc7a,blur_s2.0,stylegan_xl,stylegan_xl,1,0.0024376821238547564,data\cache\clean\test\stylegan_xl_0097a2e24789bc7a\blur_s2.0.jpg
stylegan_xl_00a4591cf03df584,blur_s2.0,stylegan_xl,stylegan_xl,1,6.180021500767907e-06,data\cache\clean\test\stylegan_xl_00a4591cf03df584\blur_s2.0.jpg
stylegan_xl_031391f1ab18ab62,blur_s2.0,stylegan_xl,stylegan_xl,1,0.0076639954932034016,data\cache\clean\test\stylegan_xl_031391f1ab18ab62\blur_s2.0.jpg
stylegan_xl_0a4244f8a9185bad,blur_s2.0,stylegan_xl,stylegan_xl,1,0.11158368736505508,data\cache\clean\test\stylegan_xl_0a4244f8a9185bad\blur_s2.0.jpg
stylegan_xl_0f7efa4c31bcd8f4,blur_s2.0,stylegan_xl,stylegan_xl,1,0.049796752631664276,data\cache\clean\test\stylegan_xl_0f7efa4c31bcd8f4\blur_s2.0.jpg
stylegan_xl_1060d58257bc5130,blur_s2.0,stylegan_xl,stylegan_xl,1,0.0011913287453353405,data\cache\clean\test\stylegan_xl_1060d58257bc5130\blur_s2.0.jpg
stylegan_xl_17f8bf0ef8d2f478,blur_s2.0,stylegan_xl,stylegan_xl,1,0.05032024160027504,data\cache\clean\test\stylegan_xl_17f8bf0ef8d2f478\blur_s2.0.jpg
stylegan_xl_2013fe0d44f84041,blur_s2.0,stylegan_xl,stylegan_xl,1,1.7019228835124522e-05,data\cache\clean\test\stylegan_xl_2013fe0d44f84041\blur_s2.0.jpg
stylegan_xl_324e332686aa6966,blur_s2.0,stylegan_xl,stylegan_xl,1,0.023202788084745407,data\cache\clean\test\stylegan_xl_324e332686aa6966\blur_s2.0.jpg
stylegan_xl_3621cf0be1fc8d68,blur_s2.0,stylegan_xl,stylegan_xl,1,0.3554508686065674,data\cache\clean\test\stylegan_xl_3621cf0be1fc8d68\blur_s2.0.jpg
stylegan_xl_3b5e18f8fc06450d,blur_s2.0,stylegan_xl,stylegan_xl,1,0.00012043802416883409,data\cache\clean\test\stylegan_xl_3b5e18f8fc06450d\blur_s2.0.jpg
stylegan_xl_43847,blur_s2.0,stylegan_xl,stylegan_xl,1,0.09573733806610107,data\cache\clean\test\stylegan_xl_43847\blur_s2.0.jpg
stylegan_xl_44451,blur_s2.0,stylegan_xl,stylegan_xl,1,0.03006846085190773,data\cache\clean\test\stylegan_xl_44451\blur_s2.0.jpg
stylegan_xl_45602,blur_s2.0,stylegan_xl,stylegan_xl,1,0.007141247391700745,data\cache\clean\test\stylegan_xl_45602\blur_s2.0.jpg
stylegan_xl_48611,blur_s2.0,stylegan_xl,stylegan_xl,1,0.0026096161454916,data\cache\clean\test\stylegan_xl_48611\blur_s2.0.jpg
stylegan_xl_49074,blur_s2.0,stylegan_xl,stylegan_xl,1,0.043886587023735046,data\cache\clean\test\stylegan_xl_49074\blur_s2.0.jpg
stylegan_xl_49539,blur_s2.0,stylegan_xl,stylegan_xl,1,0.11925283819437027,data\cache\clean\test\stylegan_xl_49539\blur_s2.0.jpg
stylegan_xl_4f991f9638e28675,blur_s2.0,stylegan_xl,stylegan_xl,1,0.0036335361655801535,data\cache\clean\test\stylegan_xl_4f991f9638e28675\blur_s2.0.jpg
stylegan_xl_53453,blur_s2.0,stylegan_xl,stylegan_xl,1,0.41426074504852295,data\cache\clean\test\stylegan_xl_53453\blur_s2.0.jpg
stylegan_xl_53551,blur_s2.0,stylegan_xl,stylegan_xl,1,0.04081146791577339,data\cache\clean\test\stylegan_xl_53551\blur_s2.0.jpg
stylegan_xl_60ed9d3511d333bf,blur_s2.0,stylegan_xl,stylegan_xl,1,0.0007080386276356876,data\cache\clean\test\stylegan_xl_60ed9d3511d333bf\blur_s2.0.jpg
stylegan_xl_65bb283a1280639e,blur_s2.0,stylegan_xl,stylegan_xl,1,0.4612792134284973,data\cache\clean\test\stylegan_xl_65bb283a1280639e\blur_s2.0.jpg
stylegan_xl_729fee52c5b7f95b,blur_s2.0,stylegan_xl,stylegan_xl,1,0.27578890323638916,data\cache\clean\test\stylegan_xl_729fee52c5b7f95b\blur_s2.0.jpg
stylegan_xl_7d433e90bcd7bd53,blur_s2.0,stylegan_xl,stylegan_xl,1,0.0007459045737050474,data\cache\clean\test\stylegan_xl_7d433e90bcd7bd53\blur_s2.0.jpg
stylegan_xl_7ffebe6032f8209f,blur_s2.0,stylegan_xl,stylegan_xl,1,0.16582082211971283,data\cache\clean\test\stylegan_xl_7ffebe6032f8209f\blur_s2.0.jpg
stylegan_xl_80fc8be6e7c11eb3,blur_s2.0,stylegan_xl,stylegan_xl,1,2.0783884338015923e-06,data\cache\clean\test\stylegan_xl_80fc8be6e7c11eb3\blur_s2.0.jpg
stylegan_xl_8461b1ae87c22c20,blur_s2.0,stylegan_xl,stylegan_xl,1,0.11296547204256058,data\cache\clean\test\stylegan_xl_8461b1ae87c22c20\blur_s2.0.jpg
stylegan_xl_8f9dfd75dde8914f,blur_s2.0,stylegan_xl,stylegan_xl,1,0.0013371227541938424,data\cache\clean\test\stylegan_xl_8f9dfd75dde8914f\blur_s2.0.jpg
stylegan_xl_a1ed16fffc5ecb68,blur_s2.0,stylegan_xl,stylegan_xl,1,0.01778644509613514,data\cache\clean\test\stylegan_xl_a1ed16fffc5ecb68\blur_s2.0.jpg
stylegan_xl_a72f3ace10a8f550,blur_s2.0,stylegan_xl,stylegan_xl,1,1.734970101097133e-05,data\cache\clean\test\stylegan_xl_a72f3ace10a8f550\blur_s2.0.jpg
stylegan_xl_ae09b95535340878,blur_s2.0,stylegan_xl,stylegan_xl,1,0.4033310115337372,data\cache\clean\test\stylegan_xl_ae09b95535340878\blur_s2.0.jpg
stylegan_xl_cf9c332a1ebfb587,blur_s2.0,stylegan_xl,stylegan_xl,1,0.006882545072585344,data\cache\clean\test\stylegan_xl_cf9c332a1ebfb587\blur_s2.0.jpg
stylegan_xl_d686a15f05d09472,blur_s2.0,stylegan_xl,stylegan_xl,1,0.1788942664861679,data\cache\clean\test\stylegan_xl_d686a15f05d09472\blur_s2.0.jpg
stylegan_xl_e4b8e7ef72cabaf2,blur_s2.0,stylegan_xl,stylegan_xl,1,0.0010112811578437686,data\cache\clean\test\stylegan_xl_e4b8e7ef72cabaf2\blur_s2.0.jpg
stylegan_xl_f2ea3473d8b1a62f,blur_s2.0,stylegan_xl,stylegan_xl,1,0.003549181856215,data\cache\clean\test\stylegan_xl_f2ea3473d8b1a62f\blur_s2.0.jpg
stylegan_xl_fef6a66b8deaa7ab,blur_s2.0,stylegan_xl,stylegan_xl,1,5.754398443968967e-06,data\cache\clean\test\stylegan_xl_fef6a66b8deaa7ab\blur_s2.0.jpg
cifake_1028 (10),color_down,cifake,stable_diffusion,1,0.3038552403450012,data\cache\clean\test\cifake_1028 (10)\color_down.jpg
cifake_1088 (3),color_down,cifake,stable_diffusion,1,0.2471563220024109,data\cache\clean\test\cifake_1088 (3)\color_down.jpg
cifake_1270 (7),color_down,cifake,stable_diffusion,1,0.3899173140525818,data\cache\clean\test\cifake_1270 (7)\color_down.jpg
cifake_2286 (2),color_down,cifake,stable_diffusion,1,0.3273469805717468,data\cache\clean\test\cifake_2286 (2)\color_down.jpg
cifake_2787 (7),color_down,cifake,stable_diffusion,1,0.3953176736831665,data\cache\clean\test\cifake_2787 (7)\color_down.jpg
cifake_2850 (3),color_down,cifake,stable_diffusion,1,0.22185488045215607,data\cache\clean\test\cifake_2850 (3)\color_down.jpg
cifake_3395 (5),color_down,cifake,stable_diffusion,1,0.46026769280433655,data\cache\clean\test\cifake_3395 (5)\color_down.jpg
cifake_3702 (10),color_down,cifake,stable_diffusion,1,0.06905607134103775,data\cache\clean\test\cifake_3702 (10)\color_down.jpg
cifake_4127 (3),color_down,cifake,stable_diffusion,1,0.12179511040449142,data\cache\clean\test\cifake_4127 (3)\color_down.jpg
cifake_4443,color_down,cifake,stable_diffusion,1,0.4587300419807434,data\cache\clean\test\cifake_4443\color_down.jpg
cifake_4615 (3),color_down,cifake,stable_diffusion,1,0.11694122850894928,data\cache\clean\test\cifake_4615 (3)\color_down.jpg
cifake_4827 (7),color_down,cifake,stable_diffusion,1,0.3222339153289795,data\cache\clean\test\cifake_4827 (7)\color_down.jpg
cifake_5006 (3),color_down,cifake,stable_diffusion,1,0.44210994243621826,data\cache\clean\test\cifake_5006 (3)\color_down.jpg
cifake_75,color_down,cifake,stable_diffusion,1,0.46395736932754517,data\cache\clean\test\cifake_75\color_down.jpg
dalle_1895b86b74caac5dad51022c3d3b33df,color_down,dalle,dalle,1,0.44847777485847473,data\cache\clean\test\dalle_1895b86b74caac5dad51022c3d3b33df\color_down.jpg
dalle_20080,color_down,dalle,dalle,1,0.3080586791038513,data\cache\clean\test\dalle_20080\color_down.jpg
dalle_2561,color_down,dalle,dalle,1,0.3870553970336914,data\cache\clean\test\dalle_2561\color_down.jpg
dalle_28,color_down,dalle,dalle,1,0.06236663833260536,data\cache\clean\test\dalle_28\color_down.jpg
dalle_3007,color_down,dalle,dalle,1,0.1754285991191864,data\cache\clean\test\dalle_3007\color_down.jpg
dalle_33159,color_down,dalle,dalle,1,0.3908047080039978,data\cache\clean\test\dalle_33159\color_down.jpg
dalle_3c589aa7fd4a6705f1fd7918daf4ffb9,color_down,dalle,dalle,1,0.08695409446954727,data\cache\clean\test\dalle_3c589aa7fd4a6705f1fd7918daf4ffb9\color_down.jpg
dalle_40387,color_down,dalle,dalle,1,0.04337644577026367,data\cache\clean\test\dalle_40387\color_down.jpg
dalle_41791,color_down,dalle,dalle,1,0.001598705304786563,data\cache\clean\test\dalle_41791\color_down.jpg
dalle_5781,color_down,dalle,dalle,1,0.46758079528808594,data\cache\clean\test\dalle_5781\color_down.jpg
dalle_6481,color_down,dalle,dalle,1,0.23147833347320557,data\cache\clean\test\dalle_6481\color_down.jpg
dalle_6f0f61883f111368d770c54801f33449,color_down,dalle,dalle,1,0.023966267704963684,data\cache\clean\test\dalle_6f0f61883f111368d770c54801f33449\color_down.jpg
gigagan_05738,color_down,gigagan,gigagan,1,0.03804127871990204,data\cache\clean\test\gigagan_05738\color_down.jpg
gigagan_07350,color_down,gigagan,gigagan,1,0.002738167066127062,data\cache\clean\test\gigagan_07350\color_down.jpg
gigagan_07676,color_down,gigagan,gigagan,1,0.23511803150177002,data\cache\clean\test\gigagan_07676\color_down.jpg
gigagan_07986,color_down,gigagan,gigagan,1,0.3583900034427643,data\cache\clean\test\gigagan_07986\color_down.jpg
gigagan_09026,color_down,gigagan,gigagan,1,0.3378280997276306,data\cache\clean\test\gigagan_09026\color_down.jpg
gigagan_10914,color_down,gigagan,gigagan,1,0.0004505259566940367,data\cache\clean\test\gigagan_10914\color_down.jpg
gigagan_14071,color_down,gigagan,gigagan,1,0.0036699138581752777,data\cache\clean\test\gigagan_14071\color_down.jpg
gigagan_14138,color_down,gigagan,gigagan,1,0.4107171893119812,data\cache\clean\test\gigagan_14138\color_down.jpg
gigagan_14946,color_down,gigagan,gigagan,1,0.022799644619226456,data\cache\clean\test\gigagan_14946\color_down.jpg
gigagan_15561,color_down,gigagan,gigagan,1,0.029223386198282242,data\cache\clean\test\gigagan_15561\color_down.jpg
gigagan_17003,color_down,gigagan,gigagan,1,0.498951256275177,data\cache\clean\test\gigagan_17003\color_down.jpg
gigagan_20207,color_down,gigagan,gigagan,1,0.04343914985656738,data\cache\clean\test\gigagan_20207\color_down.jpg
gigagan_20327,color_down,gigagan,gigagan,1,0.007250315509736538,data\cache\clean\test\gigagan_20327\color_down.jpg
gigagan_20468,color_down,gigagan,gigagan,1,0.46010321378707886,data\cache\clean\test\gigagan_20468\color_down.jpg
gigagan_21611,color_down,gigagan,gigagan,1,0.04917607456445694,data\cache\clean\test\gigagan_21611\color_down.jpg
gigagan_22309,color_down,gigagan,gigagan,1,0.33582016825675964,data\cache\clean\test\gigagan_22309\color_down.jpg
gigagan_22418,color_down,gigagan,gigagan,1,0.05773647874593735,data\cache\clean\test\gigagan_22418\color_down.jpg
gigagan_24445,color_down,gigagan,gigagan,1,0.14662602543830872,data\cache\clean\test\gigagan_24445\color_down.jpg
gigagan_24679,color_down,gigagan,gigagan,1,0.13979314267635345,data\cache\clean\test\gigagan_24679\color_down.jpg
gigagan_25090,color_down,gigagan,gigagan,1,0.054345209151506424,data\cache\clean\test\gigagan_25090\color_down.jpg
imagen3_045e6da6fd7f6fb0,color_down,imagen3,imagen3,1,0.006915205158293247,data\cache\clean\test\imagen3_045e6da6fd7f6fb0\color_down.jpg
imagen3_04e3097ac2f57647,color_down,imagen3,imagen3,1,0.4384693503379822,data\cache\clean\test\imagen3_04e3097ac2f57647\color_down.jpg
imagen3_07747d6ffd056bee,color_down,imagen3,imagen3,1,0.0035289390943944454,data\cache\clean\test\imagen3_07747d6ffd056bee\color_down.jpg
imagen3_13641,color_down,imagen3,imagen3,1,0.3064533770084381,data\cache\clean\test\imagen3_13641\color_down.jpg
imagen3_13ed1f9391224848,color_down,imagen3,imagen3,1,0.24767547845840454,data\cache\clean\test\imagen3_13ed1f9391224848\color_down.jpg
imagen3_15906,color_down,imagen3,imagen3,1,0.02916910871863365,data\cache\clean\test\imagen3_15906\color_down.jpg
imagen3_17643da56f35c6f7,color_down,imagen3,imagen3,1,4.442531462700572e-06,data\cache\clean\test\imagen3_17643da56f35c6f7\color_down.jpg
imagen3_24629,color_down,imagen3,imagen3,1,0.4522746205329895,data\cache\clean\test\imagen3_24629\color_down.jpg
imagen3_24e64d19ddde11cb,color_down,imagen3,imagen3,1,1.9262047956658535e-08,data\cache\clean\test\imagen3_24e64d19ddde11cb\color_down.jpg
imagen3_260ae6b06f1f50e2,color_down,imagen3,imagen3,1,1.1723619536496699e-05,data\cache\clean\test\imagen3_260ae6b06f1f50e2\color_down.jpg
imagen3_2be4510162a8a76e,color_down,imagen3,imagen3,1,0.1060745045542717,data\cache\clean\test\imagen3_2be4510162a8a76e\color_down.jpg
imagen3_3403b18fc93acbfc,color_down,imagen3,imagen3,1,0.22951339185237885,data\cache\clean\test\imagen3_3403b18fc93acbfc\color_down.jpg
imagen3_43058,color_down,imagen3,imagen3,1,1.336239256488625e-05,data\cache\clean\test\imagen3_43058\color_down.jpg
imagen3_43208,color_down,imagen3,imagen3,1,0.2841777205467224,data\cache\clean\test\imagen3_43208\color_down.jpg
imagen3_44015,color_down,imagen3,imagen3,1,0.0013710225466638803,data\cache\clean\test\imagen3_44015\color_down.jpg
imagen3_44476,color_down,imagen3,imagen3,1,0.17059697210788727,data\cache\clean\test\imagen3_44476\color_down.jpg
imagen3_46922,color_down,imagen3,imagen3,1,0.020343517884612083,data\cache\clean\test\imagen3_46922\color_down.jpg
imagen3_51379,color_down,imagen3,imagen3,1,0.44323354959487915,data\cache\clean\test\imagen3_51379\color_down.jpg
imagen3_51659,color_down,imagen3,imagen3,1,0.03986871987581253,data\cache\clean\test\imagen3_51659\color_down.jpg
imagen3_519f5c348fe55fcd,color_down,imagen3,imagen3,1,0.006903527304530144,data\cache\clean\test\imagen3_519f5c348fe55fcd\color_down.jpg
imagen3_52115,color_down,imagen3,imagen3,1,0.012083940207958221,data\cache\clean\test\imagen3_52115\color_down.jpg
imagen3_52520,color_down,imagen3,imagen3,1,0.00834584329277277,data\cache\clean\test\imagen3_52520\color_down.jpg
imagen3_53132,color_down,imagen3,imagen3,1,0.2514880895614624,data\cache\clean\test\imagen3_53132\color_down.jpg
imagen3_560ead164dab63a5,color_down,imagen3,imagen3,1,0.44613054394721985,data\cache\clean\test\imagen3_560ead164dab63a5\color_down.jpg
imagen3_5e95809bd47d157b,color_down,imagen3,imagen3,1,0.020867154002189636,data\cache\clean\test\imagen3_5e95809bd47d157b\color_down.jpg
imagen3_69467160e53f71bc,color_down,imagen3,imagen3,1,0.02271605283021927,data\cache\clean\test\imagen3_69467160e53f71bc\color_down.jpg
imagen3_6a8270ea182a9194,color_down,imagen3,imagen3,1,4.136154166189954e-05,data\cache\clean\test\imagen3_6a8270ea182a9194\color_down.jpg
imagen3_6c7624322b04ce43,color_down,imagen3,imagen3,1,5.808728019474074e-05,data\cache\clean\test\imagen3_6c7624322b04ce43\color_down.jpg
imagen3_77fb2d4f372634f8,color_down,imagen3,imagen3,1,0.0020826745312660933,data\cache\clean\test\imagen3_77fb2d4f372634f8\color_down.jpg
imagen3_7ee1485909c59826,color_down,imagen3,imagen3,1,0.02182554267346859,data\cache\clean\test\imagen3_7ee1485909c59826\color_down.jpg
imagen3_8b13dc3bff918841,color_down,imagen3,imagen3,1,0.025054926052689552,data\cache\clean\test\imagen3_8b13dc3bff918841\color_down.jpg
imagen3_8c20e4bf83ffff36,color_down,imagen3,imagen3,1,0.021240368485450745,data\cache\clean\test\imagen3_8c20e4bf83ffff36\color_down.jpg
imagen3_8e6f8acd28fd8f35,color_down,imagen3,imagen3,1,0.23367752134799957,data\cache\clean\test\imagen3_8e6f8acd28fd8f35\color_down.jpg
imagen3_9e82651e214a25c8,color_down,imagen3,imagen3,1,0.005950493738055229,data\cache\clean\test\imagen3_9e82651e214a25c8\color_down.jpg
imagen3_a1b5be9a5f0d1f7a,color_down,imagen3,imagen3,1,0.06826910376548767,data\cache\clean\test\imagen3_a1b5be9a5f0d1f7a\color_down.jpg
imagen3_aa13646e437b7afa,color_down,imagen3,imagen3,1,0.0019695463124662638,data\cache\clean\test\imagen3_aa13646e437b7afa\color_down.jpg
imagen3_ad860df8c2a1a848,color_down,imagen3,imagen3,1,0.000867962371557951,data\cache\clean\test\imagen3_ad860df8c2a1a848\color_down.jpg
imagen3_b69c9976ced306d1,color_down,imagen3,imagen3,1,0.055882107466459274,data\cache\clean\test\imagen3_b69c9976ced306d1\color_down.jpg
imagen3_ca44bb7db1e73a9a,color_down,imagen3,imagen3,1,0.004881096072494984,data\cache\clean\test\imagen3_ca44bb7db1e73a9a\color_down.jpg
imagen3_d326e7c87fb1d966,color_down,imagen3,imagen3,1,0.0011227031936869025,data\cache\clean\test\imagen3_d326e7c87fb1d966\color_down.jpg
imagen3_e63f3b6f8bdee43a,color_down,imagen3,imagen3,1,0.11676698923110962,data\cache\clean\test\imagen3_e63f3b6f8bdee43a\color_down.jpg
imagen3_ea646e585cc24088,color_down,imagen3,imagen3,1,0.002089140936732292,data\cache\clean\test\imagen3_ea646e585cc24088\color_down.jpg
imagen3_eaf94916ce926270,color_down,imagen3,imagen3,1,0.0495477095246315,data\cache\clean\test\imagen3_eaf94916ce926270\color_down.jpg
imagen3_f69a20bda8f47fea,color_down,imagen3,imagen3,1,0.4160091280937195,data\cache\clean\test\imagen3_f69a20bda8f47fea\color_down.jpg
imagen3_fe7048efd51b15b8,color_down,imagen3,imagen3,1,9.041315206559375e-05,data\cache\clean\test\imagen3_fe7048efd51b15b8\color_down.jpg
imagen3_Imagen3_2403,color_down,imagen3,imagen3,1,0.40657708048820496,data\cache\clean\test\imagen3_Imagen3_2403\color_down.jpg
imagen3_Imagen3_2754,color_down,imagen3,imagen3,1,0.3345409631729126,data\cache\clean\test\imagen3_Imagen3_2754\color_down.jpg
imagen3_Imagen3_3546,color_down,imagen3,imagen3,1,0.003135940060019493,data\cache\clean\test\imagen3_Imagen3_3546\color_down.jpg
imagen3_Imagen3_3556,color_down,imagen3,imagen3,1,0.09706283360719681,data\cache\clean\test\imagen3_Imagen3_3556\color_down.jpg
sidset_full_synthetic_001692,color_down,sidset,full_synthetic,1,0.015049668028950691,data\cache\clean\test\sidset_full_synthetic_001692\color_down.jpg
sidset_full_synthetic_033528,color_down,sidset,full_synthetic,1,0.19210459291934967,data\cache\clean\test\sidset_full_synthetic_033528\color_down.jpg
sidset_full_synthetic_046026,color_down,sidset,full_synthetic,1,0.01856929250061512,data\cache\clean\test\sidset_full_synthetic_046026\color_down.jpg
sidset_full_synthetic_060524,color_down,sidset,full_synthetic,1,0.24127842485904694,data\cache\clean\test\sidset_full_synthetic_060524\color_down.jpg
sidset_full_synthetic_062086,color_down,sidset,full_synthetic,1,0.49700555205345154,data\cache\clean\test\sidset_full_synthetic_062086\color_down.jpg
sidset_full_synthetic_063062,color_down,sidset,full_synthetic,1,0.04179944843053818,data\cache\clean\test\sidset_full_synthetic_063062\color_down.jpg
sidset_full_synthetic_067084,color_down,sidset,full_synthetic,1,0.3267441689968109,data\cache\clean\test\sidset_full_synthetic_067084\color_down.jpg
stylegan_xl_0097a2e24789bc7a,color_down,stylegan_xl,stylegan_xl,1,0.033544786274433136,data\cache\clean\test\stylegan_xl_0097a2e24789bc7a\color_down.jpg
stylegan_xl_00a4591cf03df584,color_down,stylegan_xl,stylegan_xl,1,3.393267661522259e-06,data\cache\clean\test\stylegan_xl_00a4591cf03df584\color_down.jpg
stylegan_xl_031391f1ab18ab62,color_down,stylegan_xl,stylegan_xl,1,0.0017442842945456505,data\cache\clean\test\stylegan_xl_031391f1ab18ab62\color_down.jpg
stylegan_xl_0a4244f8a9185bad,color_down,stylegan_xl,stylegan_xl,1,0.042095474898815155,data\cache\clean\test\stylegan_xl_0a4244f8a9185bad\color_down.jpg
stylegan_xl_0f7efa4c31bcd8f4,color_down,stylegan_xl,stylegan_xl,1,0.0012795767979696393,data\cache\clean\test\stylegan_xl_0f7efa4c31bcd8f4\color_down.jpg
stylegan_xl_1060d58257bc5130,color_down,stylegan_xl,stylegan_xl,1,0.002561180153861642,data\cache\clean\test\stylegan_xl_1060d58257bc5130\color_down.jpg
stylegan_xl_1440252ff76f525f,color_down,stylegan_xl,stylegan_xl,1,0.4295876920223236,data\cache\clean\test\stylegan_xl_1440252ff76f525f\color_down.jpg
stylegan_xl_17f8bf0ef8d2f478,color_down,stylegan_xl,stylegan_xl,1,0.0061278436332941055,data\cache\clean\test\stylegan_xl_17f8bf0ef8d2f478\color_down.jpg
stylegan_xl_2013fe0d44f84041,color_down,stylegan_xl,stylegan_xl,1,7.517701760662021e-06,data\cache\clean\test\stylegan_xl_2013fe0d44f84041\color_down.jpg
stylegan_xl_324e332686aa6966,color_down,stylegan_xl,stylegan_xl,1,0.07783585786819458,data\cache\clean\test\stylegan_xl_324e332686aa6966\color_down.jpg
stylegan_xl_3621cf0be1fc8d68,color_down,stylegan_xl,stylegan_xl,1,0.38010022044181824,data\cache\clean\test\stylegan_xl_3621cf0be1fc8d68\color_down.jpg
stylegan_xl_3b5e18f8fc06450d,color_down,stylegan_xl,stylegan_xl,1,0.0012283413670957088,data\cache\clean\test\stylegan_xl_3b5e18f8fc06450d\color_down.jpg
stylegan_xl_43847,color_down,stylegan_xl,stylegan_xl,1,0.009239444509148598,data\cache\clean\test\stylegan_xl_43847\color_down.jpg
stylegan_xl_44451,color_down,stylegan_xl,stylegan_xl,1,0.19332273304462433,data\cache\clean\test\stylegan_xl_44451\color_down.jpg
stylegan_xl_45081,color_down,stylegan_xl,stylegan_xl,1,0.3542447090148926,data\cache\clean\test\stylegan_xl_45081\color_down.jpg
stylegan_xl_45400,color_down,stylegan_xl,stylegan_xl,1,0.45463821291923523,data\cache\clean\test\stylegan_xl_45400\color_down.jpg
stylegan_xl_45602,color_down,stylegan_xl,stylegan_xl,1,0.004093631636351347,data\cache\clean\test\stylegan_xl_45602\color_down.jpg
stylegan_xl_48611,color_down,stylegan_xl,stylegan_xl,1,0.0010567840654402971,data\cache\clean\test\stylegan_xl_48611\color_down.jpg
stylegan_xl_49074,color_down,stylegan_xl,stylegan_xl,1,0.3881385624408722,data\cache\clean\test\stylegan_xl_49074\color_down.jpg
stylegan_xl_4f991f9638e28675,color_down,stylegan_xl,stylegan_xl,1,0.009473937563598156,data\cache\clean\test\stylegan_xl_4f991f9638e28675\color_down.jpg
stylegan_xl_53453,color_down,stylegan_xl,stylegan_xl,1,0.0019517859909683466,data\cache\clean\test\stylegan_xl_53453\color_down.jpg
stylegan_xl_53551,color_down,stylegan_xl,stylegan_xl,1,0.17466853559017181,data\cache\clean\test\stylegan_xl_53551\color_down.jpg
stylegan_xl_548aed682dc65ef2,color_down,stylegan_xl,stylegan_xl,1,0.10656223446130753,data\cache\clean\test\stylegan_xl_548aed682dc65ef2\color_down.jpg
stylegan_xl_60ed9d3511d333bf,color_down,stylegan_xl,stylegan_xl,1,0.0005724194343201816,data\cache\clean\test\stylegan_xl_60ed9d3511d333bf\color_down.jpg
stylegan_xl_65bb283a1280639e,color_down,stylegan_xl,stylegan_xl,1,0.08269329369068146,data\cache\clean\test\stylegan_xl_65bb283a1280639e\color_down.jpg
stylegan_xl_729fee52c5b7f95b,color_down,stylegan_xl,stylegan_xl,1,0.1506858766078949,data\cache\clean\test\stylegan_xl_729fee52c5b7f95b\color_down.jpg
stylegan_xl_7d433e90bcd7bd53,color_down,stylegan_xl,stylegan_xl,1,0.01324787549674511,data\cache\clean\test\stylegan_xl_7d433e90bcd7bd53\color_down.jpg
stylegan_xl_7ffebe6032f8209f,color_down,stylegan_xl,stylegan_xl,1,0.16215580701828003,data\cache\clean\test\stylegan_xl_7ffebe6032f8209f\color_down.jpg
stylegan_xl_80fc8be6e7c11eb3,color_down,stylegan_xl,stylegan_xl,1,2.3716183932265267e-05,data\cache\clean\test\stylegan_xl_80fc8be6e7c11eb3\color_down.jpg
stylegan_xl_8461b1ae87c22c20,color_down,stylegan_xl,stylegan_xl,1,0.05722709745168686,data\cache\clean\test\stylegan_xl_8461b1ae87c22c20\color_down.jpg
stylegan_xl_8f9dfd75dde8914f,color_down,stylegan_xl,stylegan_xl,1,0.005309117026627064,data\cache\clean\test\stylegan_xl_8f9dfd75dde8914f\color_down.jpg
stylegan_xl_a1ed16fffc5ecb68,color_down,stylegan_xl,stylegan_xl,1,0.1506047397851944,data\cache\clean\test\stylegan_xl_a1ed16fffc5ecb68\color_down.jpg
stylegan_xl_a72f3ace10a8f550,color_down,stylegan_xl,stylegan_xl,1,1.3665902770298999e-05,data\cache\clean\test\stylegan_xl_a72f3ace10a8f550\color_down.jpg
stylegan_xl_bd69757ff485d03e,color_down,stylegan_xl,stylegan_xl,1,0.2719501256942749,data\cache\clean\test\stylegan_xl_bd69757ff485d03e\color_down.jpg
stylegan_xl_cf9c332a1ebfb587,color_down,stylegan_xl,stylegan_xl,1,0.03781216964125633,data\cache\clean\test\stylegan_xl_cf9c332a1ebfb587\color_down.jpg
stylegan_xl_e4b8e7ef72cabaf2,color_down,stylegan_xl,stylegan_xl,1,0.00016847818915266544,data\cache\clean\test\stylegan_xl_e4b8e7ef72cabaf2\color_down.jpg
stylegan_xl_f2ea3473d8b1a62f,color_down,stylegan_xl,stylegan_xl,1,0.011771611869335175,data\cache\clean\test\stylegan_xl_f2ea3473d8b1a62f\color_down.jpg
stylegan_xl_fef6a66b8deaa7ab,color_down,stylegan_xl,stylegan_xl,1,6.740281241945922e-05,data\cache\clean\test\stylegan_xl_fef6a66b8deaa7ab\color_down.jpg
cifake_1141 (9),color_up,cifake,stable_diffusion,1,0.15546832978725433,data\cache\clean\test\cifake_1141 (9)\color_up.jpg
cifake_1297 (6),color_up,cifake,stable_diffusion,1,0.014998797327280045,data\cache\clean\test\cifake_1297 (6)\color_up.jpg
cifake_1937 (8),color_up,cifake,stable_diffusion,1,0.4120301306247711,data\cache\clean\test\cifake_1937 (8)\color_up.jpg
cifake_2293 (8),color_up,cifake,stable_diffusion,1,0.09795264154672623,data\cache\clean\test\cifake_2293 (8)\color_up.jpg
cifake_2710 (8),color_up,cifake,stable_diffusion,1,0.31830811500549316,data\cache\clean\test\cifake_2710 (8)\color_up.jpg
cifake_2831,color_up,cifake,stable_diffusion,1,0.10653195530176163,data\cache\clean\test\cifake_2831\color_up.jpg
cifake_2857 (10)_1,color_up,cifake,stable_diffusion,1,0.03862200304865837,data\cache\clean\test\cifake_2857 (10)_1\color_up.jpg
cifake_3006 (4)_1,color_up,cifake,stable_diffusion,1,0.4483506381511688,data\cache\clean\test\cifake_3006 (4)_1\color_up.jpg
cifake_3234 (2),color_up,cifake,stable_diffusion,1,0.23506875336170197,data\cache\clean\test\cifake_3234 (2)\color_up.jpg
cifake_3379 (8),color_up,cifake,stable_diffusion,1,0.041245222091674805,data\cache\clean\test\cifake_3379 (8)\color_up.jpg
cifake_3395 (5),color_up,cifake,stable_diffusion,1,0.48134559392929077,data\cache\clean\test\cifake_3395 (5)\color_up.jpg
cifake_3608,color_up,cifake,stable_diffusion,1,0.44911983609199524,data\cache\clean\test\cifake_3608\color_up.jpg
cifake_3702 (10),color_up,cifake,stable_diffusion,1,0.22389046847820282,data\cache\clean\test\cifake_3702 (10)\color_up.jpg
cifake_4127 (3),color_up,cifake,stable_diffusion,1,0.12969738245010376,data\cache\clean\test\cifake_4127 (3)\color_up.jpg
cifake_4221 (2),color_up,cifake,stable_diffusion,1,0.09061132371425629,data\cache\clean\test\cifake_4221 (2)\color_up.jpg
cifake_4453,color_up,cifake,stable_diffusion,1,0.21255135536193848,data\cache\clean\test\cifake_4453\color_up.jpg
cifake_4615 (3),color_up,cifake,stable_diffusion,1,0.06370703876018524,data\cache\clean\test\cifake_4615 (3)\color_up.jpg
cifake_4670 (4),color_up,cifake,stable_diffusion,1,0.03317771479487419,data\cache\clean\test\cifake_4670 (4)\color_up.jpg
cifake_5221 (3),color_up,cifake,stable_diffusion,1,0.3135771155357361,data\cache\clean\test\cifake_5221 (3)\color_up.jpg
cifake_5381 (2),color_up,cifake,stable_diffusion,1,0.1677585393190384,data\cache\clean\test\cifake_5381 (2)\color_up.jpg
cifake_5470 (4),color_up,cifake,stable_diffusion,1,0.2002694308757782,data\cache\clean\test\cifake_5470 (4)\color_up.jpg
cifake_75,color_up,cifake,stable_diffusion,1,0.038660548627376556,data\cache\clean\test\cifake_75\color_up.jpg
cifake_784 (4),color_up,cifake,stable_diffusion,1,0.4390052855014801,data\cache\clean\test\cifake_784 (4)\color_up.jpg
cifake_791 (6),color_up,cifake,stable_diffusion,1,0.056886691600084305,data\cache\clean\test\cifake_791 (6)\color_up.jpg
cifake_954 (9),color_up,cifake,stable_diffusion,1,0.4356478750705719,data\cache\clean\test\cifake_954 (9)\color_up.jpg
dalle_10420,color_up,dalle,dalle,1,0.05112324655056,data\cache\clean\test\dalle_10420\color_up.jpg
dalle_1895b86b74caac5dad51022c3d3b33df,color_up,dalle,dalle,1,0.03969760239124298,data\cache\clean\test\dalle_1895b86b74caac5dad51022c3d3b33df\color_up.jpg
dalle_19157,color_up,dalle,dalle,1,0.15297117829322815,data\cache\clean\test\dalle_19157\color_up.jpg
dalle_2561,color_up,dalle,dalle,1,0.13953018188476562,data\cache\clean\test\dalle_2561\color_up.jpg
dalle_27029,color_up,dalle,dalle,1,0.3150572180747986,data\cache\clean\test\dalle_27029\color_up.jpg
dalle_3007,color_up,dalle,dalle,1,0.3535267412662506,data\cache\clean\test\dalle_3007\color_up.jpg
dalle_32515,color_up,dalle,dalle,1,0.2647251486778259,data\cache\clean\test\dalle_32515\color_up.jpg
dalle_40387,color_up,dalle,dalle,1,0.0606255978345871,data\cache\clean\test\dalle_40387\color_up.jpg
dalle_41791,color_up,dalle,dalle,1,0.003370510647073388,data\cache\clean\test\dalle_41791\color_up.jpg
dalle_5781,color_up,dalle,dalle,1,0.1626274287700653,data\cache\clean\test\dalle_5781\color_up.jpg
dalle_6f0f61883f111368d770c54801f33449,color_up,dalle,dalle,1,0.0063908519223332405,data\cache\clean\test\dalle_6f0f61883f111368d770c54801f33449\color_up.jpg
gigagan_05738,color_up,gigagan,gigagan,1,0.0886615589261055,data\cache\clean\test\gigagan_05738\color_up.jpg
gigagan_07242,color_up,gigagan,gigagan,1,0.0978328213095665,data\cache\clean\test\gigagan_07242\color_up.jpg
gigagan_07350,color_up,gigagan,gigagan,1,0.0004325584741309285,data\cache\clean\test\gigagan_07350\color_up.jpg
gigagan_07986,color_up,gigagan,gigagan,1,0.31773146986961365,data\cache\clean\test\gigagan_07986\color_up.jpg
gigagan_08561,color_up,gigagan,gigagan,1,0.19511744379997253,data\cache\clean\test\gigagan_08561\color_up.jpg
gigagan_10024,color_up,gigagan,gigagan,1,0.359097957611084,data\cache\clean\test\gigagan_10024\color_up.jpg
gigagan_10914,color_up,gigagan,gigagan,1,0.013643552549183369,data\cache\clean\test\gigagan_10914\color_up.jpg
gigagan_12288,color_up,gigagan,gigagan,1,0.4140383005142212,data\cache\clean\test\gigagan_12288\color_up.jpg
gigagan_12399,color_up,gigagan,gigagan,1,0.2308429628610611,data\cache\clean\test\gigagan_12399\color_up.jpg
gigagan_14071,color_up,gigagan,gigagan,1,0.004756161477416754,data\cache\clean\test\gigagan_14071\color_up.jpg
gigagan_14858,color_up,gigagan,gigagan,1,0.46500349044799805,data\cache\clean\test\gigagan_14858\color_up.jpg
gigagan_14946,color_up,gigagan,gigagan,1,0.00930119026452303,data\cache\clean\test\gigagan_14946\color_up.jpg
gigagan_15454,color_up,gigagan,gigagan,1,0.003139528911560774,data\cache\clean\test\gigagan_15454\color_up.jpg
gigagan_15561,color_up,gigagan,gigagan,1,0.001296253758482635,data\cache\clean\test\gigagan_15561\color_up.jpg
gigagan_15694,color_up,gigagan,gigagan,1,0.11325541883707047,data\cache\clean\test\gigagan_15694\color_up.jpg
gigagan_18507,color_up,gigagan,gigagan,1,0.4894443452358246,data\cache\clean\test\gigagan_18507\color_up.jpg
gigagan_19199,color_up,gigagan,gigagan,1,0.40447017550468445,data\cache\clean\test\gigagan_19199\color_up.jpg
gigagan_20207,color_up,gigagan,gigagan,1,0.002691085683181882,data\cache\clean\test\gigagan_20207\color_up.jpg
gigagan_20327,color_up,gigagan,gigagan,1,0.0049116709269583225,data\cache\clean\test\gigagan_20327\color_up.jpg
gigagan_20468,color_up,gigagan,gigagan,1,0.01186036691069603,data\cache\clean\test\gigagan_20468\color_up.jpg
gigagan_22418,color_up,gigagan,gigagan,1,0.0022685143630951643,data\cache\clean\test\gigagan_22418\color_up.jpg
gigagan_24679,color_up,gigagan,gigagan,1,0.004325236659497023,data\cache\clean\test\gigagan_24679\color_up.jpg
gigagan_24726,color_up,gigagan,gigagan,1,0.0306044053286314,data\cache\clean\test\gigagan_24726\color_up.jpg
gigagan_25090,color_up,gigagan,gigagan,1,0.012069291435182095,data\cache\clean\test\gigagan_25090\color_up.jpg
gigagan_29717,color_up,gigagan,gigagan,1,0.47650644183158875,data\cache\clean\test\gigagan_29717\color_up.jpg
imagen3_045e6da6fd7f6fb0,color_up,imagen3,imagen3,1,0.021538905799388885,data\cache\clean\test\imagen3_045e6da6fd7f6fb0\color_up.jpg
imagen3_04e3097ac2f57647,color_up,imagen3,imagen3,1,0.02244429662823677,data\cache\clean\test\imagen3_04e3097ac2f57647\color_up.jpg
imagen3_07747d6ffd056bee,color_up,imagen3,imagen3,1,0.003431994002312422,data\cache\clean\test\imagen3_07747d6ffd056bee\color_up.jpg
imagen3_13ed1f9391224848,color_up,imagen3,imagen3,1,0.08864068239927292,data\cache\clean\test\imagen3_13ed1f9391224848\color_up.jpg
imagen3_15906,color_up,imagen3,imagen3,1,0.3579167127609253,data\cache\clean\test\imagen3_15906\color_up.jpg
imagen3_17643da56f35c6f7,color_up,imagen3,imagen3,1,3.971695718973933e-07,data\cache\clean\test\imagen3_17643da56f35c6f7\color_up.jpg
imagen3_1fe9a0379cffa709,color_up,imagen3,imagen3,1,0.3988310992717743,data\cache\clean\test\imagen3_1fe9a0379cffa709\color_up.jpg
imagen3_24e64d19ddde11cb,color_up,imagen3,imagen3,1,1.4497360645293611e-08,data\cache\clean\test\imagen3_24e64d19ddde11cb\color_up.jpg
imagen3_260ae6b06f1f50e2,color_up,imagen3,imagen3,1,2.0327366655692458e-05,data\cache\clean\test\imagen3_260ae6b06f1f50e2\color_up.jpg
imagen3_2be4510162a8a76e,color_up,imagen3,imagen3,1,0.006625283509492874,data\cache\clean\test\imagen3_2be4510162a8a76e\color_up.jpg
imagen3_3403b18fc93acbfc,color_up,imagen3,imagen3,1,0.002191350096836686,data\cache\clean\test\imagen3_3403b18fc93acbfc\color_up.jpg
imagen3_43058,color_up,imagen3,imagen3,1,0.0015542657347396016,data\cache\clean\test\imagen3_43058\color_up.jpg
imagen3_43208,color_up,imagen3,imagen3,1,0.07458171993494034,data\cache\clean\test\imagen3_43208\color_up.jpg
imagen3_44015,color_up,imagen3,imagen3,1,0.029401957988739014,data\cache\clean\test\imagen3_44015\color_up.jpg
imagen3_44476,color_up,imagen3,imagen3,1,0.013897920958697796,data\cache\clean\test\imagen3_44476\color_up.jpg
imagen3_46922,color_up,imagen3,imagen3,1,0.009031402878463268,data\cache\clean\test\imagen3_46922\color_up.jpg
imagen3_473ffc5e3d5dc373,color_up,imagen3,imagen3,1,0.41719067096710205,data\cache\clean\test\imagen3_473ffc5e3d5dc373\color_up.jpg
imagen3_51659,color_up,imagen3,imagen3,1,0.014630462042987347,data\cache\clean\test\imagen3_51659\color_up.jpg
imagen3_519f5c348fe55fcd,color_up,imagen3,imagen3,1,0.0007213506614789367,data\cache\clean\test\imagen3_519f5c348fe55fcd\color_up.jpg
imagen3_52520,color_up,imagen3,imagen3,1,0.008049874566495419,data\cache\clean\test\imagen3_52520\color_up.jpg
imagen3_53132,color_up,imagen3,imagen3,1,0.16684496402740479,data\cache\clean\test\imagen3_53132\color_up.jpg
imagen3_53632,color_up,imagen3,imagen3,1,0.17319339513778687,data\cache\clean\test\imagen3_53632\color_up.jpg
imagen3_5e95809bd47d157b,color_up,imagen3,imagen3,1,0.02242191880941391,data\cache\clean\test\imagen3_5e95809bd47d157b\color_up.jpg
imagen3_69467160e53f71bc,color_up,imagen3,imagen3,1,0.020482288673520088,data\cache\clean\test\imagen3_69467160e53f71bc\color_up.jpg
imagen3_6a8270ea182a9194,color_up,imagen3,imagen3,1,0.00012507461360655725,data\cache\clean\test\imagen3_6a8270ea182a9194\color_up.jpg
imagen3_6c7624322b04ce43,color_up,imagen3,imagen3,1,1.6926434909692034e-05,data\cache\clean\test\imagen3_6c7624322b04ce43\color_up.jpg
imagen3_77fb2d4f372634f8,color_up,imagen3,imagen3,1,0.00026474648620933294,data\cache\clean\test\imagen3_77fb2d4f372634f8\color_up.jpg
imagen3_7ee1485909c59826,color_up,imagen3,imagen3,1,0.09910476952791214,data\cache\clean\test\imagen3_7ee1485909c59826\color_up.jpg
imagen3_8b13dc3bff918841,color_up,imagen3,imagen3,1,0.00309939356520772,data\cache\clean\test\imagen3_8b13dc3bff918841\color_up.jpg
imagen3_8c20e4bf83ffff36,color_up,imagen3,imagen3,1,0.3211368918418884,data\cache\clean\test\imagen3_8c20e4bf83ffff36\color_up.jpg
imagen3_9e82651e214a25c8,color_up,imagen3,imagen3,1,0.001728070667013526,data\cache\clean\test\imagen3_9e82651e214a25c8\color_up.jpg
imagen3_a1b5be9a5f0d1f7a,color_up,imagen3,imagen3,1,0.358695387840271,data\cache\clean\test\imagen3_a1b5be9a5f0d1f7a\color_up.jpg
imagen3_aa13646e437b7afa,color_up,imagen3,imagen3,1,0.002612919779494405,data\cache\clean\test\imagen3_aa13646e437b7afa\color_up.jpg
imagen3_ad860df8c2a1a848,color_up,imagen3,imagen3,1,0.001295453286729753,data\cache\clean\test\imagen3_ad860df8c2a1a848\color_up.jpg
imagen3_b69c9976ced306d1,color_up,imagen3,imagen3,1,0.05405986309051514,data\cache\clean\test\imagen3_b69c9976ced306d1\color_up.jpg
imagen3_ca44bb7db1e73a9a,color_up,imagen3,imagen3,1,0.09880553185939789,data\cache\clean\test\imagen3_ca44bb7db1e73a9a\color_up.jpg
imagen3_d326e7c87fb1d966,color_up,imagen3,imagen3,1,0.002668471774086356,data\cache\clean\test\imagen3_d326e7c87fb1d966\color_up.jpg
imagen3_e63f3b6f8bdee43a,color_up,imagen3,imagen3,1,0.013207673095166683,data\cache\clean\test\imagen3_e63f3b6f8bdee43a\color_up.jpg
imagen3_ea646e585cc24088,color_up,imagen3,imagen3,1,0.004097015596926212,data\cache\clean\test\imagen3_ea646e585cc24088\color_up.jpg
imagen3_eaf94916ce926270,color_up,imagen3,imagen3,1,0.04026902839541435,data\cache\clean\test\imagen3_eaf94916ce926270\color_up.jpg
imagen3_fe7048efd51b15b8,color_up,imagen3,imagen3,1,0.0001206605666084215,data\cache\clean\test\imagen3_fe7048efd51b15b8\color_up.jpg
imagen3_Imagen3_2403,color_up,imagen3,imagen3,1,0.4305879771709442,data\cache\clean\test\imagen3_Imagen3_2403\color_up.jpg
imagen3_Imagen3_3546,color_up,imagen3,imagen3,1,0.14871013164520264,data\cache\clean\test\imagen3_Imagen3_3546\color_up.jpg
imagen3_Imagen3_3556,color_up,imagen3,imagen3,1,0.35693076252937317,data\cache\clean\test\imagen3_Imagen3_3556\color_up.jpg
sidset_full_synthetic_001692,color_up,sidset,full_synthetic,1,0.1322304904460907,data\cache\clean\test\sidset_full_synthetic_001692\color_up.jpg
sidset_full_synthetic_004754,color_up,sidset,full_synthetic,1,0.12696361541748047,data\cache\clean\test\sidset_full_synthetic_004754\color_up.jpg
sidset_full_synthetic_031321,color_up,sidset,full_synthetic,1,0.46902427077293396,data\cache\clean\test\sidset_full_synthetic_031321\color_up.jpg
sidset_full_synthetic_033528,color_up,sidset,full_synthetic,1,0.17496901750564575,data\cache\clean\test\sidset_full_synthetic_033528\color_up.jpg
sidset_full_synthetic_045344,color_up,sidset,full_synthetic,1,0.35687148571014404,data\cache\clean\test\sidset_full_synthetic_045344\color_up.jpg
sidset_full_synthetic_046026,color_up,sidset,full_synthetic,1,0.23216676712036133,data\cache\clean\test\sidset_full_synthetic_046026\color_up.jpg
sidset_full_synthetic_048809,color_up,sidset,full_synthetic,1,0.30007800459861755,data\cache\clean\test\sidset_full_synthetic_048809\color_up.jpg
sidset_full_synthetic_060524,color_up,sidset,full_synthetic,1,0.007424801588058472,data\cache\clean\test\sidset_full_synthetic_060524\color_up.jpg
sidset_full_synthetic_062086,color_up,sidset,full_synthetic,1,0.3765872120857239,data\cache\clean\test\sidset_full_synthetic_062086\color_up.jpg
sidset_full_synthetic_063062,color_up,sidset,full_synthetic,1,0.12148445844650269,data\cache\clean\test\sidset_full_synthetic_063062\color_up.jpg
sidset_full_synthetic_066065,color_up,sidset,full_synthetic,1,0.08859001845121384,data\cache\clean\test\sidset_full_synthetic_066065\color_up.jpg
stylegan_xl_0097a2e24789bc7a,color_up,stylegan_xl,stylegan_xl,1,0.013746238313615322,data\cache\clean\test\stylegan_xl_0097a2e24789bc7a\color_up.jpg
stylegan_xl_00a4591cf03df584,color_up,stylegan_xl,stylegan_xl,1,2.9365851332840975e-06,data\cache\clean\test\stylegan_xl_00a4591cf03df584\color_up.jpg
stylegan_xl_031391f1ab18ab62,color_up,stylegan_xl,stylegan_xl,1,0.015366769395768642,data\cache\clean\test\stylegan_xl_031391f1ab18ab62\color_up.jpg
stylegan_xl_0a4244f8a9185bad,color_up,stylegan_xl,stylegan_xl,1,0.05224265903234482,data\cache\clean\test\stylegan_xl_0a4244f8a9185bad\color_up.jpg
stylegan_xl_0f7efa4c31bcd8f4,color_up,stylegan_xl,stylegan_xl,1,0.0013867577072232962,data\cache\clean\test\stylegan_xl_0f7efa4c31bcd8f4\color_up.jpg
stylegan_xl_1060d58257bc5130,color_up,stylegan_xl,stylegan_xl,1,0.0006758596282452345,data\cache\clean\test\stylegan_xl_1060d58257bc5130\color_up.jpg
stylegan_xl_17f8bf0ef8d2f478,color_up,stylegan_xl,stylegan_xl,1,0.004622099455446005,data\cache\clean\test\stylegan_xl_17f8bf0ef8d2f478\color_up.jpg
stylegan_xl_2013fe0d44f84041,color_up,stylegan_xl,stylegan_xl,1,3.689064396894537e-05,data\cache\clean\test\stylegan_xl_2013fe0d44f84041\color_up.jpg
stylegan_xl_324e332686aa6966,color_up,stylegan_xl,stylegan_xl,1,0.02034693770110607,data\cache\clean\test\stylegan_xl_324e332686aa6966\color_up.jpg
stylegan_xl_3621cf0be1fc8d68,color_up,stylegan_xl,stylegan_xl,1,0.290355920791626,data\cache\clean\test\stylegan_xl_3621cf0be1fc8d68\color_up.jpg
stylegan_xl_3b5e18f8fc06450d,color_up,stylegan_xl,stylegan_xl,1,0.0006491219974122941,data\cache\clean\test\stylegan_xl_3b5e18f8fc06450d\color_up.jpg
stylegan_xl_43847,color_up,stylegan_xl,stylegan_xl,1,3.5998080420540646e-05,data\cache\clean\test\stylegan_xl_43847\color_up.jpg
stylegan_xl_43921,color_up,stylegan_xl,stylegan_xl,1,0.40564191341400146,data\cache\clean\test\stylegan_xl_43921\color_up.jpg
stylegan_xl_44451,color_up,stylegan_xl,stylegan_xl,1,0.019307376816868782,data\cache\clean\test\stylegan_xl_44451\color_up.jpg
stylegan_xl_45602,color_up,stylegan_xl,stylegan_xl,1,0.005688794888556004,data\cache\clean\test\stylegan_xl_45602\color_up.jpg
stylegan_xl_48611,color_up,stylegan_xl,stylegan_xl,1,0.0028692095074802637,data\cache\clean\test\stylegan_xl_48611\color_up.jpg
stylegan_xl_49074,color_up,stylegan_xl,stylegan_xl,1,0.05646928399801254,data\cache\clean\test\stylegan_xl_49074\color_up.jpg
stylegan_xl_4f991f9638e28675,color_up,stylegan_xl,stylegan_xl,1,0.0025944788940250874,data\cache\clean\test\stylegan_xl_4f991f9638e28675\color_up.jpg
stylegan_xl_53453,color_up,stylegan_xl,stylegan_xl,1,0.00732833705842495,data\cache\clean\test\stylegan_xl_53453\color_up.jpg
stylegan_xl_53551,color_up,stylegan_xl,stylegan_xl,1,0.4403221011161804,data\cache\clean\test\stylegan_xl_53551\color_up.jpg
stylegan_xl_60ed9d3511d333bf,color_up,stylegan_xl,stylegan_xl,1,0.00022562664526049048,data\cache\clean\test\stylegan_xl_60ed9d3511d333bf\color_up.jpg
stylegan_xl_65bb283a1280639e,color_up,stylegan_xl,stylegan_xl,1,0.1269853413105011,data\cache\clean\test\stylegan_xl_65bb283a1280639e\color_up.jpg
stylegan_xl_729fee52c5b7f95b,color_up,stylegan_xl,stylegan_xl,1,0.23752105236053467,data\cache\clean\test\stylegan_xl_729fee52c5b7f95b\color_up.jpg
stylegan_xl_7d433e90bcd7bd53,color_up,stylegan_xl,stylegan_xl,1,0.0030949441716074944,data\cache\clean\test\stylegan_xl_7d433e90bcd7bd53\color_up.jpg
stylegan_xl_7ffebe6032f8209f,color_up,stylegan_xl,stylegan_xl,1,0.1274872124195099,data\cache\clean\test\stylegan_xl_7ffebe6032f8209f\color_up.jpg
stylegan_xl_80fc8be6e7c11eb3,color_up,stylegan_xl,stylegan_xl,1,5.158153271622723e-06,data\cache\clean\test\stylegan_xl_80fc8be6e7c11eb3\color_up.jpg
stylegan_xl_8461b1ae87c22c20,color_up,stylegan_xl,stylegan_xl,1,0.02331327088177204,data\cache\clean\test\stylegan_xl_8461b1ae87c22c20\color_up.jpg
stylegan_xl_8f9dfd75dde8914f,color_up,stylegan_xl,stylegan_xl,1,0.0040242779068648815,data\cache\clean\test\stylegan_xl_8f9dfd75dde8914f\color_up.jpg
stylegan_xl_a1ed16fffc5ecb68,color_up,stylegan_xl,stylegan_xl,1,0.06348686665296555,data\cache\clean\test\stylegan_xl_a1ed16fffc5ecb68\color_up.jpg
stylegan_xl_a72f3ace10a8f550,color_up,stylegan_xl,stylegan_xl,1,1.2673148376052268e-05,data\cache\clean\test\stylegan_xl_a72f3ace10a8f550\color_up.jpg
stylegan_xl_cccbc1d57a7e095e,color_up,stylegan_xl,stylegan_xl,1,0.38151928782463074,data\cache\clean\test\stylegan_xl_cccbc1d57a7e095e\color_up.jpg
stylegan_xl_cf9c332a1ebfb587,color_up,stylegan_xl,stylegan_xl,1,0.001539656426757574,data\cache\clean\test\stylegan_xl_cf9c332a1ebfb587\color_up.jpg
stylegan_xl_e4b8e7ef72cabaf2,color_up,stylegan_xl,stylegan_xl,1,0.00033070586505346,data\cache\clean\test\stylegan_xl_e4b8e7ef72cabaf2\color_up.jpg
stylegan_xl_f2ea3473d8b1a62f,color_up,stylegan_xl,stylegan_xl,1,0.000583463057409972,data\cache\clean\test\stylegan_xl_f2ea3473d8b1a62f\color_up.jpg
stylegan_xl_fef6a66b8deaa7ab,color_up,stylegan_xl,stylegan_xl,1,0.0011666484642773867,data\cache\clean\test\stylegan_xl_fef6a66b8deaa7ab\color_up.jpg
cifake_3053 (4),crop80,cifake,stable_diffusion,1,0.49130964279174805,data\cache\clean\test\cifake_3053 (4)\crop80.jpg
cifake_3234 (2),crop80,cifake,stable_diffusion,1,0.16132037341594696,data\cache\clean\test\cifake_3234 (2)\crop80.jpg
cifake_3239 (3),crop80,cifake,stable_diffusion,1,0.4344405233860016,data\cache\clean\test\cifake_3239 (3)\crop80.jpg
cifake_3309 (8),crop80,cifake,stable_diffusion,1,0.2891238331794739,data\cache\clean\test\cifake_3309 (8)\crop80.jpg
cifake_3395 (5),crop80,cifake,stable_diffusion,1,0.293652206659317,data\cache\clean\test\cifake_3395 (5)\crop80.jpg
cifake_3971 (2),crop80,cifake,stable_diffusion,1,0.24163858592510223,data\cache\clean\test\cifake_3971 (2)\crop80.jpg
cifake_4127 (3),crop80,cifake,stable_diffusion,1,0.11809719353914261,data\cache\clean\test\cifake_4127 (3)\crop80.jpg
cifake_4160 (8)_1,crop80,cifake,stable_diffusion,1,0.4725310802459717,data\cache\clean\test\cifake_4160 (8)_1\crop80.jpg
cifake_4221 (2),crop80,cifake,stable_diffusion,1,0.15403181314468384,data\cache\clean\test\cifake_4221 (2)\crop80.jpg
cifake_4615 (3),crop80,cifake,stable_diffusion,1,0.14155521988868713,data\cache\clean\test\cifake_4615 (3)\crop80.jpg
cifake_5706 (4),crop80,cifake,stable_diffusion,1,0.2723923325538635,data\cache\clean\test\cifake_5706 (4)\crop80.jpg
cifake_5821 (4),crop80,cifake,stable_diffusion,1,0.2868397831916809,data\cache\clean\test\cifake_5821 (4)\crop80.jpg
cifake_5932 (10),crop80,cifake,stable_diffusion,1,0.08309531211853027,data\cache\clean\test\cifake_5932 (10)\crop80.jpg
cifake_791 (6),crop80,cifake,stable_diffusion,1,0.058577995747327805,data\cache\clean\test\cifake_791 (6)\crop80.jpg
cifake_943 (5),crop80,cifake,stable_diffusion,1,0.39726269245147705,data\cache\clean\test\cifake_943 (5)\crop80.jpg
cifake_966 (4),crop80,cifake,stable_diffusion,1,0.06327925622463226,data\cache\clean\test\cifake_966 (4)\crop80.jpg
cifake_966 (6),crop80,cifake,stable_diffusion,1,0.2708430886268616,data\cache\clean\test\cifake_966 (6)\crop80.jpg
dalle_24299,crop80,dalle,dalle,1,0.20731942355632782,data\cache\clean\test\dalle_24299\crop80.jpg
dalle_2561,crop80,dalle,dalle,1,0.2383888214826584,data\cache\clean\test\dalle_2561\crop80.jpg
dalle_26742,crop80,dalle,dalle,1,0.22340065240859985,data\cache\clean\test\dalle_26742\crop80.jpg
dalle_27029,crop80,dalle,dalle,1,0.07243121415376663,data\cache\clean\test\dalle_27029\crop80.jpg
dalle_28,crop80,dalle,dalle,1,0.383026659488678,data\cache\clean\test\dalle_28\crop80.jpg
dalle_33159,crop80,dalle,dalle,1,0.289165198802948,data\cache\clean\test\dalle_33159\crop80.jpg
dalle_41791,crop80,dalle,dalle,1,0.04452221840620041,data\cache\clean\test\dalle_41791\crop80.jpg
dalle_6f0f61883f111368d770c54801f33449,crop80,dalle,dalle,1,0.008871934376657009,data\cache\clean\test\dalle_6f0f61883f111368d770c54801f33449\crop80.jpg
dalle_8688,crop80,dalle,dalle,1,0.12604239583015442,data\cache\clean\test\dalle_8688\crop80.jpg
gigagan_05738,crop80,gigagan,gigagan,1,0.05457973852753639,data\cache\clean\test\gigagan_05738\crop80.jpg
gigagan_06526,crop80,gigagan,gigagan,1,0.16345129907131195,data\cache\clean\test\gigagan_06526\crop80.jpg
gigagan_07350,crop80,gigagan,gigagan,1,3.831860885838978e-05,data\cache\clean\test\gigagan_07350\crop80.jpg
gigagan_10914,crop80,gigagan,gigagan,1,0.12684723734855652,data\cache\clean\test\gigagan_10914\crop80.jpg
gigagan_14071,crop80,gigagan,gigagan,1,0.0004191427433397621,data\cache\clean\test\gigagan_14071\crop80.jpg
gigagan_14946,crop80,gigagan,gigagan,1,0.4657074213027954,data\cache\clean\test\gigagan_14946\crop80.jpg
gigagan_15561,crop80,gigagan,gigagan,1,0.021121006458997726,data\cache\clean\test\gigagan_15561\crop80.jpg
gigagan_21611,crop80,gigagan,gigagan,1,0.07047741115093231,data\cache\clean\test\gigagan_21611\crop80.jpg
gigagan_22418,crop80,gigagan,gigagan,1,0.12071315199136734,data\cache\clean\test\gigagan_22418\crop80.jpg
gigagan_23134,crop80,gigagan,gigagan,1,0.4898069500923157,data\cache\clean\test\gigagan_23134\crop80.jpg
gigagan_24679,crop80,gigagan,gigagan,1,0.07495337724685669,data\cache\clean\test\gigagan_24679\crop80.jpg
imagen3_045e6da6fd7f6fb0,crop80,imagen3,imagen3,1,0.04536600410938263,data\cache\clean\test\imagen3_045e6da6fd7f6fb0\crop80.jpg
imagen3_07747d6ffd056bee,crop80,imagen3,imagen3,1,0.0027948031201958656,data\cache\clean\test\imagen3_07747d6ffd056bee\crop80.jpg
imagen3_13ed1f9391224848,crop80,imagen3,imagen3,1,0.015390482731163502,data\cache\clean\test\imagen3_13ed1f9391224848\crop80.jpg
imagen3_15906,crop80,imagen3,imagen3,1,0.06162111088633537,data\cache\clean\test\imagen3_15906\crop80.jpg
imagen3_17643da56f35c6f7,crop80,imagen3,imagen3,1,2.058286736428272e-05,data\cache\clean\test\imagen3_17643da56f35c6f7\crop80.jpg
imagen3_24e64d19ddde11cb,crop80,imagen3,imagen3,1,1.202221877605325e-08,data\cache\clean\test\imagen3_24e64d19ddde11cb\crop80.jpg
imagen3_260ae6b06f1f50e2,crop80,imagen3,imagen3,1,4.567818541545421e-05,data\cache\clean\test\imagen3_260ae6b06f1f50e2\crop80.jpg
imagen3_2be4510162a8a76e,crop80,imagen3,imagen3,1,0.049890048801898956,data\cache\clean\test\imagen3_2be4510162a8a76e\crop80.jpg
imagen3_3403b18fc93acbfc,crop80,imagen3,imagen3,1,0.11679201573133469,data\cache\clean\test\imagen3_3403b18fc93acbfc\crop80.jpg
imagen3_43058,crop80,imagen3,imagen3,1,0.012879240326583385,data\cache\clean\test\imagen3_43058\crop80.jpg
imagen3_44015,crop80,imagen3,imagen3,1,0.418133020401001,data\cache\clean\test\imagen3_44015\crop80.jpg
imagen3_473ffc5e3d5dc373,crop80,imagen3,imagen3,1,0.32530665397644043,data\cache\clean\test\imagen3_473ffc5e3d5dc373\crop80.jpg
imagen3_519f5c348fe55fcd,crop80,imagen3,imagen3,1,0.00026518982485868037,data\cache\clean\test\imagen3_519f5c348fe55fcd\crop80.jpg
imagen3_560ead164dab63a5,crop80,imagen3,imagen3,1,0.25168201327323914,data\cache\clean\test\imagen3_560ead164dab63a5\crop80.jpg
imagen3_5e95809bd47d157b,crop80,imagen3,imagen3,1,0.032810889184474945,data\cache\clean\test\imagen3_5e95809bd47d157b\crop80.jpg
imagen3_69467160e53f71bc,crop80,imagen3,imagen3,1,0.02203265018761158,data\cache\clean\test\imagen3_69467160e53f71bc\crop80.jpg
imagen3_6a8270ea182a9194,crop80,imagen3,imagen3,1,0.0006751994369551539,data\cache\clean\test\imagen3_6a8270ea182a9194\crop80.jpg
imagen3_6c7624322b04ce43,crop80,imagen3,imagen3,1,6.199874042067677e-05,data\cache\clean\test\imagen3_6c7624322b04ce43\crop80.jpg
imagen3_77fb2d4f372634f8,crop80,imagen3,imagen3,1,0.46484851837158203,data\cache\clean\test\imagen3_77fb2d4f372634f8\crop80.jpg
imagen3_7ee1485909c59826,crop80,imagen3,imagen3,1,0.0479445643723011,data\cache\clean\test\imagen3_7ee1485909c59826\crop80.jpg
imagen3_8b13dc3bff918841,crop80,imagen3,imagen3,1,0.05530548095703125,data\cache\clean\test\imagen3_8b13dc3bff918841\crop80.jpg
imagen3_8c20e4bf83ffff36,crop80,imagen3,imagen3,1,0.4470941722393036,data\cache\clean\test\imagen3_8c20e4bf83ffff36\crop80.jpg
imagen3_9e82651e214a25c8,crop80,imagen3,imagen3,1,0.00220707175321877,data\cache\clean\test\imagen3_9e82651e214a25c8\crop80.jpg
imagen3_a1b5be9a5f0d1f7a,crop80,imagen3,imagen3,1,0.17064782977104187,data\cache\clean\test\imagen3_a1b5be9a5f0d1f7a\crop80.jpg
imagen3_aa13646e437b7afa,crop80,imagen3,imagen3,1,0.09358945488929749,data\cache\clean\test\imagen3_aa13646e437b7afa\crop80.jpg
imagen3_ad860df8c2a1a848,crop80,imagen3,imagen3,1,0.0005806708941236138,data\cache\clean\test\imagen3_ad860df8c2a1a848\crop80.jpg
imagen3_b69c9976ced306d1,crop80,imagen3,imagen3,1,0.08384164422750473,data\cache\clean\test\imagen3_b69c9976ced306d1\crop80.jpg
imagen3_ca44bb7db1e73a9a,crop80,imagen3,imagen3,1,0.06443444639444351,data\cache\clean\test\imagen3_ca44bb7db1e73a9a\crop80.jpg
imagen3_d326e7c87fb1d966,crop80,imagen3,imagen3,1,0.11263598501682281,data\cache\clean\test\imagen3_d326e7c87fb1d966\crop80.jpg
imagen3_e63f3b6f8bdee43a,crop80,imagen3,imagen3,1,0.10641307383775711,data\cache\clean\test\imagen3_e63f3b6f8bdee43a\crop80.jpg
imagen3_ea646e585cc24088,crop80,imagen3,imagen3,1,0.009857038967311382,data\cache\clean\test\imagen3_ea646e585cc24088\crop80.jpg
imagen3_eaf94916ce926270,crop80,imagen3,imagen3,1,0.2910577356815338,data\cache\clean\test\imagen3_eaf94916ce926270\crop80.jpg
imagen3_fe7048efd51b15b8,crop80,imagen3,imagen3,1,0.0037487761583179235,data\cache\clean\test\imagen3_fe7048efd51b15b8\crop80.jpg
imagen3_Imagen3_1328,crop80,imagen3,imagen3,1,0.4853796064853668,data\cache\clean\test\imagen3_Imagen3_1328\crop80.jpg
imagen3_Imagen3_3004,crop80,imagen3,imagen3,1,0.08267676085233688,data\cache\clean\test\imagen3_Imagen3_3004\crop80.jpg
imagen3_Imagen3_3546,crop80,imagen3,imagen3,1,0.007420252077281475,data\cache\clean\test\imagen3_Imagen3_3546\crop80.jpg
imagen3_Imagen3_3556,crop80,imagen3,imagen3,1,0.014666507951915264,data\cache\clean\test\imagen3_Imagen3_3556\crop80.jpg
sidset_full_synthetic_001692,crop80,sidset,full_synthetic,1,0.005029814783483744,data\cache\clean\test\sidset_full_synthetic_001692\crop80.jpg
sidset_full_synthetic_046026,crop80,sidset,full_synthetic,1,0.041575632989406586,data\cache\clean\test\sidset_full_synthetic_046026\crop80.jpg
sidset_full_synthetic_060524,crop80,sidset,full_synthetic,1,0.10807254165410995,data\cache\clean\test\sidset_full_synthetic_060524\crop80.jpg
sidset_full_synthetic_062086,crop80,sidset,full_synthetic,1,0.049157705157995224,data\cache\clean\test\sidset_full_synthetic_062086\crop80.jpg
sidset_full_synthetic_063062,crop80,sidset,full_synthetic,1,0.0044466969557106495,data\cache\clean\test\sidset_full_synthetic_063062\crop80.jpg
sidset_full_synthetic_067084,crop80,sidset,full_synthetic,1,0.2211267054080963,data\cache\clean\test\sidset_full_synthetic_067084\crop80.jpg
stylegan_xl_0097a2e24789bc7a,crop80,stylegan_xl,stylegan_xl,1,0.09743496775627136,data\cache\clean\test\stylegan_xl_0097a2e24789bc7a\crop80.jpg
stylegan_xl_00a4591cf03df584,crop80,stylegan_xl,stylegan_xl,1,2.866426257241983e-06,data\cache\clean\test\stylegan_xl_00a4591cf03df584\crop80.jpg
stylegan_xl_031391f1ab18ab62,crop80,stylegan_xl,stylegan_xl,1,0.019078584387898445,data\cache\clean\test\stylegan_xl_031391f1ab18ab62\crop80.jpg
stylegan_xl_0a4244f8a9185bad,crop80,stylegan_xl,stylegan_xl,1,0.014127467758953571,data\cache\clean\test\stylegan_xl_0a4244f8a9185bad\crop80.jpg
stylegan_xl_0f7efa4c31bcd8f4,crop80,stylegan_xl,stylegan_xl,1,0.0007005158113315701,data\cache\clean\test\stylegan_xl_0f7efa4c31bcd8f4\crop80.jpg
stylegan_xl_1060d58257bc5130,crop80,stylegan_xl,stylegan_xl,1,0.0023244183976203203,data\cache\clean\test\stylegan_xl_1060d58257bc5130\crop80.jpg
stylegan_xl_1440252ff76f525f,crop80,stylegan_xl,stylegan_xl,1,0.24863480031490326,data\cache\clean\test\stylegan_xl_1440252ff76f525f\crop80.jpg
stylegan_xl_17f8bf0ef8d2f478,crop80,stylegan_xl,stylegan_xl,1,0.02587941847741604,data\cache\clean\test\stylegan_xl_17f8bf0ef8d2f478\crop80.jpg
stylegan_xl_2013fe0d44f84041,crop80,stylegan_xl,stylegan_xl,1,8.045872527873144e-05,data\cache\clean\test\stylegan_xl_2013fe0d44f84041\crop80.jpg
stylegan_xl_324e332686aa6966,crop80,stylegan_xl,stylegan_xl,1,0.14791034162044525,data\cache\clean\test\stylegan_xl_324e332686aa6966\crop80.jpg
stylegan_xl_3621cf0be1fc8d68,crop80,stylegan_xl,stylegan_xl,1,0.2561056315898895,data\cache\clean\test\stylegan_xl_3621cf0be1fc8d68\crop80.jpg
stylegan_xl_3b5e18f8fc06450d,crop80,stylegan_xl,stylegan_xl,1,0.00015159512986429036,data\cache\clean\test\stylegan_xl_3b5e18f8fc06450d\crop80.jpg
stylegan_xl_44451,crop80,stylegan_xl,stylegan_xl,1,0.05544712394475937,data\cache\clean\test\stylegan_xl_44451\crop80.jpg
stylegan_xl_45081,crop80,stylegan_xl,stylegan_xl,1,0.1129782497882843,data\cache\clean\test\stylegan_xl_45081\crop80.jpg
stylegan_xl_48611,crop80,stylegan_xl,stylegan_xl,1,0.06649971008300781,data\cache\clean\test\stylegan_xl_48611\crop80.jpg
stylegan_xl_49074,crop80,stylegan_xl,stylegan_xl,1,0.25534749031066895,data\cache\clean\test\stylegan_xl_49074\crop80.jpg
stylegan_xl_4f991f9638e28675,crop80,stylegan_xl,stylegan_xl,1,0.000573420082218945,data\cache\clean\test\stylegan_xl_4f991f9638e28675\crop80.jpg
stylegan_xl_548aed682dc65ef2,crop80,stylegan_xl,stylegan_xl,1,0.11645419150590897,data\cache\clean\test\stylegan_xl_548aed682dc65ef2\crop80.jpg
stylegan_xl_60ed9d3511d333bf,crop80,stylegan_xl,stylegan_xl,1,0.0004097897035535425,data\cache\clean\test\stylegan_xl_60ed9d3511d333bf\crop80.jpg
stylegan_xl_65bb283a1280639e,crop80,stylegan_xl,stylegan_xl,1,0.14762555062770844,data\cache\clean\test\stylegan_xl_65bb283a1280639e\crop80.jpg
stylegan_xl_729fee52c5b7f95b,crop80,stylegan_xl,stylegan_xl,1,0.0020542957354336977,data\cache\clean\test\stylegan_xl_729fee52c5b7f95b\crop80.jpg
stylegan_xl_7d433e90bcd7bd53,crop80,stylegan_xl,stylegan_xl,1,0.014698348939418793,data\cache\clean\test\stylegan_xl_7d433e90bcd7bd53\crop80.jpg
stylegan_xl_7ffebe6032f8209f,crop80,stylegan_xl,stylegan_xl,1,0.20970790088176727,data\cache\clean\test\stylegan_xl_7ffebe6032f8209f\crop80.jpg
stylegan_xl_80fc8be6e7c11eb3,crop80,stylegan_xl,stylegan_xl,1,1.386688290949678e-05,data\cache\clean\test\stylegan_xl_80fc8be6e7c11eb3\crop80.jpg
stylegan_xl_8461b1ae87c22c20,crop80,stylegan_xl,stylegan_xl,1,0.11220203340053558,data\cache\clean\test\stylegan_xl_8461b1ae87c22c20\crop80.jpg
stylegan_xl_8f9dfd75dde8914f,crop80,stylegan_xl,stylegan_xl,1,0.0002981042198371142,data\cache\clean\test\stylegan_xl_8f9dfd75dde8914f\crop80.jpg
stylegan_xl_a1ed16fffc5ecb68,crop80,stylegan_xl,stylegan_xl,1,0.05006394907832146,data\cache\clean\test\stylegan_xl_a1ed16fffc5ecb68\crop80.jpg
stylegan_xl_a72f3ace10a8f550,crop80,stylegan_xl,stylegan_xl,1,1.1090986618000898e-06,data\cache\clean\test\stylegan_xl_a72f3ace10a8f550\crop80.jpg
stylegan_xl_cf9c332a1ebfb587,crop80,stylegan_xl,stylegan_xl,1,0.009430439211428165,data\cache\clean\test\stylegan_xl_cf9c332a1ebfb587\crop80.jpg
stylegan_xl_d7c4ece8c8a01de0,crop80,stylegan_xl,stylegan_xl,1,0.3187287449836731,data\cache\clean\test\stylegan_xl_d7c4ece8c8a01de0\crop80.jpg
stylegan_xl_e4b8e7ef72cabaf2,crop80,stylegan_xl,stylegan_xl,1,0.0002711965062189847,data\cache\clean\test\stylegan_xl_e4b8e7ef72cabaf2\crop80.jpg
stylegan_xl_f2ea3473d8b1a62f,crop80,stylegan_xl,stylegan_xl,1,0.0005590207874774933,data\cache\clean\test\stylegan_xl_f2ea3473d8b1a62f\crop80.jpg
stylegan_xl_fef6a66b8deaa7ab,crop80,stylegan_xl,stylegan_xl,1,0.00025922496570274234,data\cache\clean\test\stylegan_xl_fef6a66b8deaa7ab\crop80.jpg
cifake_1088 (3),jpeg_q30,cifake,stable_diffusion,1,0.18998251855373383,data\cache\clean\test\cifake_1088 (3)\jpeg_q30.jpg
cifake_1270 (7),jpeg_q30,cifake,stable_diffusion,1,0.31920042634010315,data\cache\clean\test\cifake_1270 (7)\jpeg_q30.jpg
cifake_1297 (6),jpeg_q30,cifake,stable_diffusion,1,0.40217071771621704,data\cache\clean\test\cifake_1297 (6)\jpeg_q30.jpg
cifake_2710 (8),jpeg_q30,cifake,stable_diffusion,1,0.47424817085266113,data\cache\clean\test\cifake_2710 (8)\jpeg_q30.jpg
cifake_2752 (3),jpeg_q30,cifake,stable_diffusion,1,0.37245967984199524,data\cache\clean\test\cifake_2752 (3)\jpeg_q30.jpg
cifake_2850 (3),jpeg_q30,cifake,stable_diffusion,1,0.4443071484565735,data\cache\clean\test\cifake_2850 (3)\jpeg_q30.jpg
cifake_3702 (10),jpeg_q30,cifake,stable_diffusion,1,0.2884056270122528,data\cache\clean\test\cifake_3702 (10)\jpeg_q30.jpg
cifake_3975 (6),jpeg_q30,cifake,stable_diffusion,1,0.38653069734573364,data\cache\clean\test\cifake_3975 (6)\jpeg_q30.jpg
cifake_4127 (3),jpeg_q30,cifake,stable_diffusion,1,0.1032148152589798,data\cache\clean\test\cifake_4127 (3)\jpeg_q30.jpg
cifake_4615 (3),jpeg_q30,cifake,stable_diffusion,1,0.13334360718727112,data\cache\clean\test\cifake_4615 (3)\jpeg_q30.jpg
cifake_5221 (3),jpeg_q30,cifake,stable_diffusion,1,0.1302395462989807,data\cache\clean\test\cifake_5221 (3)\jpeg_q30.jpg
cifake_5288 (5),jpeg_q30,cifake,stable_diffusion,1,0.07977772504091263,data\cache\clean\test\cifake_5288 (5)\jpeg_q30.jpg
cifake_5607 (3),jpeg_q30,cifake,stable_diffusion,1,0.3048807680606842,data\cache\clean\test\cifake_5607 (3)\jpeg_q30.jpg
cifake_5777 (3),jpeg_q30,cifake,stable_diffusion,1,0.47697195410728455,data\cache\clean\test\cifake_5777 (3)\jpeg_q30.jpg
cifake_5821 (4),jpeg_q30,cifake,stable_diffusion,1,0.19663162529468536,data\cache\clean\test\cifake_5821 (4)\jpeg_q30.jpg
cifake_75,jpeg_q30,cifake,stable_diffusion,1,0.46215739846229553,data\cache\clean\test\cifake_75\jpeg_q30.jpg
cifake_939 (6),jpeg_q30,cifake,stable_diffusion,1,0.35010966658592224,data\cache\clean\test\cifake_939 (6)\jpeg_q30.jpg
dalle_10648,jpeg_q30,dalle,dalle,1,0.1833099126815796,data\cache\clean\test\dalle_10648\jpeg_q30.jpg
dalle_13377,jpeg_q30,dalle,dalle,1,0.18099728226661682,data\cache\clean\test\dalle_13377\jpeg_q30.jpg
dalle_13820,jpeg_q30,dalle,dalle,1,0.45505648851394653,data\cache\clean\test\dalle_13820\jpeg_q30.jpg
dalle_1895b86b74caac5dad51022c3d3b33df,jpeg_q30,dalle,dalle,1,0.09886131435632706,data\cache\clean\test\dalle_1895b86b74caac5dad51022c3d3b33df\jpeg_q30.jpg
dalle_19157,jpeg_q30,dalle,dalle,1,0.05375082790851593,data\cache\clean\test\dalle_19157\jpeg_q30.jpg
dalle_19590,jpeg_q30,dalle,dalle,1,0.06039389595389366,data\cache\clean\test\dalle_19590\jpeg_q30.jpg
dalle_24299,jpeg_q30,dalle,dalle,1,0.02593151479959488,data\cache\clean\test\dalle_24299\jpeg_q30.jpg
dalle_2561,jpeg_q30,dalle,dalle,1,0.04002602770924568,data\cache\clean\test\dalle_2561\jpeg_q30.jpg
dalle_27029,jpeg_q30,dalle,dalle,1,0.03830479085445404,data\cache\clean\test\dalle_27029\jpeg_q30.jpg
dalle_33159,jpeg_q30,dalle,dalle,1,0.0038961952086538076,data\cache\clean\test\dalle_33159\jpeg_q30.jpg
dalle_41791,jpeg_q30,dalle,dalle,1,0.05612052604556084,data\cache\clean\test\dalle_41791\jpeg_q30.jpg
dalle_41855,jpeg_q30,dalle,dalle,1,0.10929913073778152,data\cache\clean\test\dalle_41855\jpeg_q30.jpg
dalle_6481,jpeg_q30,dalle,dalle,1,0.019681068137288094,data\cache\clean\test\dalle_6481\jpeg_q30.jpg
dalle_6f0f61883f111368d770c54801f33449,jpeg_q30,dalle,dalle,1,0.005283137317746878,data\cache\clean\test\dalle_6f0f61883f111368d770c54801f33449\jpeg_q30.jpg
dalle_8017,jpeg_q30,dalle,dalle,1,0.25298359990119934,data\cache\clean\test\dalle_8017\jpeg_q30.jpg
gigagan_01605,jpeg_q30,gigagan,gigagan,1,0.03225855529308319,data\cache\clean\test\gigagan_01605\jpeg_q30.jpg
gigagan_03860,jpeg_q30,gigagan,gigagan,1,0.1766863465309143,data\cache\clean\test\gigagan_03860\jpeg_q30.jpg
gigagan_05738,jpeg_q30,gigagan,gigagan,1,0.004684827756136656,data\cache\clean\test\gigagan_05738\jpeg_q30.jpg
gigagan_05849,jpeg_q30,gigagan,gigagan,1,0.19866943359375,data\cache\clean\test\gigagan_05849\jpeg_q30.jpg
gigagan_06526,jpeg_q30,gigagan,gigagan,1,0.011716175824403763,data\cache\clean\test\gigagan_06526\jpeg_q30.jpg
gigagan_07008,jpeg_q30,gigagan,gigagan,1,0.36899951100349426,data\cache\clean\test\gigagan_07008\jpeg_q30.jpg
gigagan_07350,jpeg_q30,gigagan,gigagan,1,0.00013565007247962058,data\cache\clean\test\gigagan_07350\jpeg_q30.jpg
gigagan_07676,jpeg_q30,gigagan,gigagan,1,0.22532455623149872,data\cache\clean\test\gigagan_07676\jpeg_q30.jpg
gigagan_07932,jpeg_q30,gigagan,gigagan,1,0.30346542596817017,data\cache\clean\test\gigagan_07932\jpeg_q30.jpg
gigagan_07986,jpeg_q30,gigagan,gigagan,1,0.03779878839850426,data\cache\clean\test\gigagan_07986\jpeg_q30.jpg
gigagan_08561,jpeg_q30,gigagan,gigagan,1,0.06645402312278748,data\cache\clean\test\gigagan_08561\jpeg_q30.jpg
gigagan_10769,jpeg_q30,gigagan,gigagan,1,0.05852072685956955,data\cache\clean\test\gigagan_10769\jpeg_q30.jpg
gigagan_10914,jpeg_q30,gigagan,gigagan,1,0.00036698710755445063,data\cache\clean\test\gigagan_10914\jpeg_q30.jpg
gigagan_12288,jpeg_q30,gigagan,gigagan,1,0.013138077221810818,data\cache\clean\test\gigagan_12288\jpeg_q30.jpg
gigagan_12399,jpeg_q30,gigagan,gigagan,1,0.013691267929971218,data\cache\clean\test\gigagan_12399\jpeg_q30.jpg
gigagan_12489,jpeg_q30,gigagan,gigagan,1,0.46854549646377563,data\cache\clean\test\gigagan_12489\jpeg_q30.jpg
gigagan_14071,jpeg_q30,gigagan,gigagan,1,0.00032301954342983663,data\cache\clean\test\gigagan_14071\jpeg_q30.jpg
gigagan_14138,jpeg_q30,gigagan,gigagan,1,0.45140722393989563,data\cache\clean\test\gigagan_14138\jpeg_q30.jpg
gigagan_14909,jpeg_q30,gigagan,gigagan,1,0.21252335608005524,data\cache\clean\test\gigagan_14909\jpeg_q30.jpg
gigagan_14946,jpeg_q30,gigagan,gigagan,1,0.024206995964050293,data\cache\clean\test\gigagan_14946\jpeg_q30.jpg
gigagan_15454,jpeg_q30,gigagan,gigagan,1,0.36449939012527466,data\cache\clean\test\gigagan_15454\jpeg_q30.jpg
gigagan_15561,jpeg_q30,gigagan,gigagan,1,0.0028489164542406797,data\cache\clean\test\gigagan_15561\jpeg_q30.jpg
gigagan_16433,jpeg_q30,gigagan,gigagan,1,0.41326475143432617,data\cache\clean\test\gigagan_16433\jpeg_q30.jpg
gigagan_17003,jpeg_q30,gigagan,gigagan,1,0.012228482402861118,data\cache\clean\test\gigagan_17003\jpeg_q30.jpg
gigagan_17666,jpeg_q30,gigagan,gigagan,1,0.21343758702278137,data\cache\clean\test\gigagan_17666\jpeg_q30.jpg
gigagan_18507,jpeg_q30,gigagan,gigagan,1,0.3370096683502197,data\cache\clean\test\gigagan_18507\jpeg_q30.jpg
gigagan_20207,jpeg_q30,gigagan,gigagan,1,0.0007187883020378649,data\cache\clean\test\gigagan_20207\jpeg_q30.jpg
gigagan_20327,jpeg_q30,gigagan,gigagan,1,0.0014359778724610806,data\cache\clean\test\gigagan_20327\jpeg_q30.jpg
gigagan_20468,jpeg_q30,gigagan,gigagan,1,0.04376703128218651,data\cache\clean\test\gigagan_20468\jpeg_q30.jpg
gigagan_20968,jpeg_q30,gigagan,gigagan,1,0.34213170409202576,data\cache\clean\test\gigagan_20968\jpeg_q30.jpg
gigagan_21611,jpeg_q30,gigagan,gigagan,1,0.009197455830872059,data\cache\clean\test\gigagan_21611\jpeg_q30.jpg
gigagan_22418,jpeg_q30,gigagan,gigagan,1,0.0001826650695875287,data\cache\clean\test\gigagan_22418\jpeg_q30.jpg
gigagan_22533,jpeg_q30,gigagan,gigagan,1,0.35807618498802185,data\cache\clean\test\gigagan_22533\jpeg_q30.jpg
gigagan_23834,jpeg_q30,gigagan,gigagan,1,0.4645029902458191,data\cache\clean\test\gigagan_23834\jpeg_q30.jpg
gigagan_24445,jpeg_q30,gigagan,gigagan,1,0.01166622620075941,data\cache\clean\test\gigagan_24445\jpeg_q30.jpg
gigagan_24679,jpeg_q30,gigagan,gigagan,1,0.009505248628556728,data\cache\clean\test\gigagan_24679\jpeg_q30.jpg
gigagan_24726,jpeg_q30,gigagan,gigagan,1,0.28093430399894714,data\cache\clean\test\gigagan_24726\jpeg_q30.jpg
gigagan_25090,jpeg_q30,gigagan,gigagan,1,0.07451650500297546,data\cache\clean\test\gigagan_25090\jpeg_q30.jpg
gigagan_29717,jpeg_q30,gigagan,gigagan,1,0.08158314973115921,data\cache\clean\test\gigagan_29717\jpeg_q30.jpg
imagen3_045e6da6fd7f6fb0,jpeg_q30,imagen3,imagen3,1,0.012639151886105537,data\cache\clean\test\imagen3_045e6da6fd7f6fb0\jpeg_q30.jpg
imagen3_04e3097ac2f57647,jpeg_q30,imagen3,imagen3,1,0.47952035069465637,data\cache\clean\test\imagen3_04e3097ac2f57647\jpeg_q30.jpg
imagen3_07747d6ffd056bee,jpeg_q30,imagen3,imagen3,1,0.00031633678008802235,data\cache\clean\test\imagen3_07747d6ffd056bee\jpeg_q30.jpg
imagen3_13641,jpeg_q30,imagen3,imagen3,1,0.42054349184036255,data\cache\clean\test\imagen3_13641\jpeg_q30.jpg
imagen3_13ed1f9391224848,jpeg_q30,imagen3,imagen3,1,0.03666582703590393,data\cache\clean\test\imagen3_13ed1f9391224848\jpeg_q30.jpg
imagen3_15906,jpeg_q30,imagen3,imagen3,1,0.1295497864484787,data\cache\clean\test\imagen3_15906\jpeg_q30.jpg
imagen3_17643da56f35c6f7,jpeg_q30,imagen3,imagen3,1,4.8516121751163155e-06,data\cache\clean\test\imagen3_17643da56f35c6f7\jpeg_q30.jpg
imagen3_1fe9a0379cffa709,jpeg_q30,imagen3,imagen3,1,0.37492895126342773,data\cache\clean\test\imagen3_1fe9a0379cffa709\jpeg_q30.jpg
imagen3_24629,jpeg_q30,imagen3,imagen3,1,0.3093067705631256,data\cache\clean\test\imagen3_24629\jpeg_q30.jpg
imagen3_24e64d19ddde11cb,jpeg_q30,imagen3,imagen3,1,3.853300256650982e-08,data\cache\clean\test\imagen3_24e64d19ddde11cb\jpeg_q30.jpg
imagen3_260ae6b06f1f50e2,jpeg_q30,imagen3,imagen3,1,5.861282716068672e-06,data\cache\clean\test\imagen3_260ae6b06f1f50e2\jpeg_q30.jpg
imagen3_2be4510162a8a76e,jpeg_q30,imagen3,imagen3,1,0.03135181590914726,data\cache\clean\test\imagen3_2be4510162a8a76e\jpeg_q30.jpg
imagen3_3403b18fc93acbfc,jpeg_q30,imagen3,imagen3,1,0.0007593720220029354,data\cache\clean\test\imagen3_3403b18fc93acbfc\jpeg_q30.jpg
imagen3_43058,jpeg_q30,imagen3,imagen3,1,5.529130248760339e-06,data\cache\clean\test\imagen3_43058\jpeg_q30.jpg
imagen3_43208,jpeg_q30,imagen3,imagen3,1,0.36756885051727295,data\cache\clean\test\imagen3_43208\jpeg_q30.jpg
imagen3_44015,jpeg_q30,imagen3,imagen3,1,0.005678046029061079,data\cache\clean\test\imagen3_44015\jpeg_q30.jpg
imagen3_46922,jpeg_q30,imagen3,imagen3,1,0.08024603128433228,data\cache\clean\test\imagen3_46922\jpeg_q30.jpg
imagen3_519f5c348fe55fcd,jpeg_q30,imagen3,imagen3,1,0.0009992022532969713,data\cache\clean\test\imagen3_519f5c348fe55fcd\jpeg_q30.jpg
imagen3_52115,jpeg_q30,imagen3,imagen3,1,0.32200467586517334,data\cache\clean\test\imagen3_52115\jpeg_q30.jpg
imagen3_52520,jpeg_q30,imagen3,imagen3,1,0.037458375096321106,data\cache\clean\test\imagen3_52520\jpeg_q30.jpg
imagen3_53132,jpeg_q30,imagen3,imagen3,1,0.2658960819244385,data\cache\clean\test\imagen3_53132\jpeg_q30.jpg
imagen3_53632,jpeg_q30,imagen3,imagen3,1,0.44919583201408386,data\cache\clean\test\imagen3_53632\jpeg_q30.jpg
imagen3_560ead164dab63a5,jpeg_q30,imagen3,imagen3,1,0.039466120302677155,data\cache\clean\test\imagen3_560ead164dab63a5\jpeg_q30.jpg
imagen3_5e95809bd47d157b,jpeg_q30,imagen3,imagen3,1,0.02968301810324192,data\cache\clean\test\imagen3_5e95809bd47d157b\jpeg_q30.jpg
imagen3_69467160e53f71bc,jpeg_q30,imagen3,imagen3,1,0.01991027221083641,data\cache\clean\test\imagen3_69467160e53f71bc\jpeg_q30.jpg
imagen3_6a8270ea182a9194,jpeg_q30,imagen3,imagen3,1,2.0153127479716204e-05,data\cache\clean\test\imagen3_6a8270ea182a9194\jpeg_q30.jpg
imagen3_6c7624322b04ce43,jpeg_q30,imagen3,imagen3,1,0.00030792297911830246,data\cache\clean\test\imagen3_6c7624322b04ce43\jpeg_q30.jpg
imagen3_77fb2d4f372634f8,jpeg_q30,imagen3,imagen3,1,8.283233182737604e-05,data\cache\clean\test\imagen3_77fb2d4f372634f8\jpeg_q30.jpg
imagen3_7ee1485909c59826,jpeg_q30,imagen3,imagen3,1,0.05582418292760849,data\cache\clean\test\imagen3_7ee1485909c59826\jpeg_q30.jpg
imagen3_8b13dc3bff918841,jpeg_q30,imagen3,imagen3,1,0.002344425767660141,data\cache\clean\test\imagen3_8b13dc3bff918841\jpeg_q30.jpg
imagen3_9e82651e214a25c8,jpeg_q30,imagen3,imagen3,1,0.0003219054196961224,data\cache\clean\test\imagen3_9e82651e214a25c8\jpeg_q30.jpg
imagen3_a1b5be9a5f0d1f7a,jpeg_q30,imagen3,imagen3,1,0.026290323585271835,data\cache\clean\test\imagen3_a1b5be9a5f0d1f7a\jpeg_q30.jpg
imagen3_aa13646e437b7afa,jpeg_q30,imagen3,imagen3,1,0.0007977072964422405,data\cache\clean\test\imagen3_aa13646e437b7afa\jpeg_q30.jpg
imagen3_ad860df8c2a1a848,jpeg_q30,imagen3,imagen3,1,0.0007628545863553882,data\cache\clean\test\imagen3_ad860df8c2a1a848\jpeg_q30.jpg
imagen3_b69c9976ced306d1,jpeg_q30,imagen3,imagen3,1,0.07999087870121002,data\cache\clean\test\imagen3_b69c9976ced306d1\jpeg_q30.jpg
imagen3_ca44bb7db1e73a9a,jpeg_q30,imagen3,imagen3,1,0.010902096517384052,data\cache\clean\test\imagen3_ca44bb7db1e73a9a\jpeg_q30.jpg
imagen3_d326e7c87fb1d966,jpeg_q30,imagen3,imagen3,1,0.01569199375808239,data\cache\clean\test\imagen3_d326e7c87fb1d966\jpeg_q30.jpg
imagen3_e63f3b6f8bdee43a,jpeg_q30,imagen3,imagen3,1,0.013767516240477562,data\cache\clean\test\imagen3_e63f3b6f8bdee43a\jpeg_q30.jpg
imagen3_ea646e585cc24088,jpeg_q30,imagen3,imagen3,1,0.04118596389889717,data\cache\clean\test\imagen3_ea646e585cc24088\jpeg_q30.jpg
imagen3_eaf94916ce926270,jpeg_q30,imagen3,imagen3,1,0.20560748875141144,data\cache\clean\test\imagen3_eaf94916ce926270\jpeg_q30.jpg
imagen3_f2da05bffbe27dab,jpeg_q30,imagen3,imagen3,1,0.42483165860176086,data\cache\clean\test\imagen3_f2da05bffbe27dab\jpeg_q30.jpg
imagen3_fd568a2839353a92,jpeg_q30,imagen3,imagen3,1,0.35640960931777954,data\cache\clean\test\imagen3_fd568a2839353a92\jpeg_q30.jpg
imagen3_fe7048efd51b15b8,jpeg_q30,imagen3,imagen3,1,0.0014349478296935558,data\cache\clean\test\imagen3_fe7048efd51b15b8\jpeg_q30.jpg
imagen3_Imagen3_1208,jpeg_q30,imagen3,imagen3,1,0.001132256700657308,data\cache\clean\test\imagen3_Imagen3_1208\jpeg_q30.jpg
imagen3_Imagen3_2403,jpeg_q30,imagen3,imagen3,1,0.34034112095832825,data\cache\clean\test\imagen3_Imagen3_2403\jpeg_q30.jpg
imagen3_Imagen3_3437,jpeg_q30,imagen3,imagen3,1,0.25392475724220276,data\cache\clean\test\imagen3_Imagen3_3437\jpeg_q30.jpg
imagen3_Imagen3_3546,jpeg_q30,imagen3,imagen3,1,0.018003905192017555,data\cache\clean\test\imagen3_Imagen3_3546\jpeg_q30.jpg
imagen3_Imagen3_3556,jpeg_q30,imagen3,imagen3,1,0.03303088620305061,data\cache\clean\test\imagen3_Imagen3_3556\jpeg_q30.jpg
sidset_full_synthetic_017359,jpeg_q30,sidset,full_synthetic,1,0.014054559171199799,data\cache\clean\test\sidset_full_synthetic_017359\jpeg_q30.jpg
sidset_full_synthetic_038531,jpeg_q30,sidset,full_synthetic,1,0.45451170206069946,data\cache\clean\test\sidset_full_synthetic_038531\jpeg_q30.jpg
sidset_full_synthetic_046026,jpeg_q30,sidset,full_synthetic,1,0.24605931341648102,data\cache\clean\test\sidset_full_synthetic_046026\jpeg_q30.jpg
sidset_full_synthetic_048809,jpeg_q30,sidset,full_synthetic,1,0.18317918479442596,data\cache\clean\test\sidset_full_synthetic_048809\jpeg_q30.jpg
sidset_full_synthetic_060524,jpeg_q30,sidset,full_synthetic,1,0.0631243884563446,data\cache\clean\test\sidset_full_synthetic_060524\jpeg_q30.jpg
sidset_full_synthetic_062467,jpeg_q30,sidset,full_synthetic,1,0.38339468836784363,data\cache\clean\test\sidset_full_synthetic_062467\jpeg_q30.jpg
sidset_full_synthetic_063062,jpeg_q30,sidset,full_synthetic,1,0.019900768995285034,data\cache\clean\test\sidset_full_synthetic_063062\jpeg_q30.jpg
sidset_full_synthetic_069762,jpeg_q30,sidset,full_synthetic,1,0.36843061447143555,data\cache\clean\test\sidset_full_synthetic_069762\jpeg_q30.jpg
stylegan_xl_0097a2e24789bc7a,jpeg_q30,stylegan_xl,stylegan_xl,1,0.0025627324357628822,data\cache\clean\test\stylegan_xl_0097a2e24789bc7a\jpeg_q30.jpg
stylegan_xl_00a4591cf03df584,jpeg_q30,stylegan_xl,stylegan_xl,1,3.1378474432131043e-06,data\cache\clean\test\stylegan_xl_00a4591cf03df584\jpeg_q30.jpg
stylegan_xl_031391f1ab18ab62,jpeg_q30,stylegan_xl,stylegan_xl,1,0.031588662415742874,data\cache\clean\test\stylegan_xl_031391f1ab18ab62\jpeg_q30.jpg
stylegan_xl_0a4244f8a9185bad,jpeg_q30,stylegan_xl,stylegan_xl,1,0.004621454514563084,data\cache\clean\test\stylegan_xl_0a4244f8a9185bad\jpeg_q30.jpg
stylegan_xl_0f7efa4c31bcd8f4,jpeg_q30,stylegan_xl,stylegan_xl,1,0.000182220246642828,data\cache\clean\test\stylegan_xl_0f7efa4c31bcd8f4\jpeg_q30.jpg
stylegan_xl_1060d58257bc5130,jpeg_q30,stylegan_xl,stylegan_xl,1,0.0003025761980097741,data\cache\clean\test\stylegan_xl_1060d58257bc5130\jpeg_q30.jpg
stylegan_xl_1440252ff76f525f,jpeg_q30,stylegan_xl,stylegan_xl,1,0.219608336687088,data\cache\clean\test\stylegan_xl_1440252ff76f525f\jpeg_q30.jpg
stylegan_xl_17f8bf0ef8d2f478,jpeg_q30,stylegan_xl,stylegan_xl,1,0.001176824327558279,data\cache\clean\test\stylegan_xl_17f8bf0ef8d2f478\jpeg_q30.jpg
stylegan_xl_2013fe0d44f84041,jpeg_q30,stylegan_xl,stylegan_xl,1,4.905844616587274e-05,data\cache\clean\test\stylegan_xl_2013fe0d44f84041\jpeg_q30.jpg
stylegan_xl_324e332686aa6966,jpeg_q30,stylegan_xl,stylegan_xl,1,0.03313255310058594,data\cache\clean\test\stylegan_xl_324e332686aa6966\jpeg_q30.jpg
stylegan_xl_3621cf0be1fc8d68,jpeg_q30,stylegan_xl,stylegan_xl,1,0.19247967004776,data\cache\clean\test\stylegan_xl_3621cf0be1fc8d68\jpeg_q30.jpg
stylegan_xl_3b5e18f8fc06450d,jpeg_q30,stylegan_xl,stylegan_xl,1,0.00034694105852395296,data\cache\clean\test\stylegan_xl_3b5e18f8fc06450d\jpeg_q30.jpg
stylegan_xl_43847,jpeg_q30,stylegan_xl,stylegan_xl,1,0.003772281575948,data\cache\clean\test\stylegan_xl_43847\jpeg_q30.jpg
stylegan_xl_45602,jpeg_q30,stylegan_xl,stylegan_xl,1,0.043626297265291214,data\cache\clean\test\stylegan_xl_45602\jpeg_q30.jpg
stylegan_xl_48611,jpeg_q30,stylegan_xl,stylegan_xl,1,0.00389800569973886,data\cache\clean\test\stylegan_xl_48611\jpeg_q30.jpg
stylegan_xl_49074,jpeg_q30,stylegan_xl,stylegan_xl,1,0.09198702871799469,data\cache\clean\test\stylegan_xl_49074\jpeg_q30.jpg
stylegan_xl_4f991f9638e28675,jpeg_q30,stylegan_xl,stylegan_xl,1,0.0050544654950499535,data\cache\clean\test\stylegan_xl_4f991f9638e28675\jpeg_q30.jpg
stylegan_xl_53453,jpeg_q30,stylegan_xl,stylegan_xl,1,0.017414411529898643,data\cache\clean\test\stylegan_xl_53453\jpeg_q30.jpg
stylegan_xl_53551,jpeg_q30,stylegan_xl,stylegan_xl,1,0.33149272203445435,data\cache\clean\test\stylegan_xl_53551\jpeg_q30.jpg
stylegan_xl_548aed682dc65ef2,jpeg_q30,stylegan_xl,stylegan_xl,1,0.29548510909080505,data\cache\clean\test\stylegan_xl_548aed682dc65ef2\jpeg_q30.jpg
stylegan_xl_60ed9d3511d333bf,jpeg_q30,stylegan_xl,stylegan_xl,1,0.00013196846703067422,data\cache\clean\test\stylegan_xl_60ed9d3511d333bf\jpeg_q30.jpg
stylegan_xl_65bb283a1280639e,jpeg_q30,stylegan_xl,stylegan_xl,1,0.12189082056283951,data\cache\clean\test\stylegan_xl_65bb283a1280639e\jpeg_q30.jpg
stylegan_xl_729fee52c5b7f95b,jpeg_q30,stylegan_xl,stylegan_xl,1,0.15108954906463623,data\cache\clean\test\stylegan_xl_729fee52c5b7f95b\jpeg_q30.jpg
stylegan_xl_7d433e90bcd7bd53,jpeg_q30,stylegan_xl,stylegan_xl,1,0.00029872613959014416,data\cache\clean\test\stylegan_xl_7d433e90bcd7bd53\jpeg_q30.jpg
stylegan_xl_7ffebe6032f8209f,jpeg_q30,stylegan_xl,stylegan_xl,1,0.18157246708869934,data\cache\clean\test\stylegan_xl_7ffebe6032f8209f\jpeg_q30.jpg
stylegan_xl_80fc8be6e7c11eb3,jpeg_q30,stylegan_xl,stylegan_xl,1,1.9708438685483998e-06,data\cache\clean\test\stylegan_xl_80fc8be6e7c11eb3\jpeg_q30.jpg
stylegan_xl_8461b1ae87c22c20,jpeg_q30,stylegan_xl,stylegan_xl,1,0.022930921986699104,data\cache\clean\test\stylegan_xl_8461b1ae87c22c20\jpeg_q30.jpg
stylegan_xl_8f9dfd75dde8914f,jpeg_q30,stylegan_xl,stylegan_xl,1,0.0032345824874937534,data\cache\clean\test\stylegan_xl_8f9dfd75dde8914f\jpeg_q30.jpg
stylegan_xl_9689384e6be6b968,jpeg_q30,stylegan_xl,stylegan_xl,1,0.3423895835876465,data\cache\clean\test\stylegan_xl_9689384e6be6b968\jpeg_q30.jpg
stylegan_xl_a1ed16fffc5ecb68,jpeg_q30,stylegan_xl,stylegan_xl,1,0.00921313464641571,data\cache\clean\test\stylegan_xl_a1ed16fffc5ecb68\jpeg_q30.jpg
stylegan_xl_a72f3ace10a8f550,jpeg_q30,stylegan_xl,stylegan_xl,1,9.285612577514257e-06,data\cache\clean\test\stylegan_xl_a72f3ace10a8f550\jpeg_q30.jpg
stylegan_xl_ae09b95535340878,jpeg_q30,stylegan_xl,stylegan_xl,1,0.4902186691761017,data\cache\clean\test\stylegan_xl_ae09b95535340878\jpeg_q30.jpg
stylegan_xl_cf9c332a1ebfb587,jpeg_q30,stylegan_xl,stylegan_xl,1,0.009290914051234722,data\cache\clean\test\stylegan_xl_cf9c332a1ebfb587\jpeg_q30.jpg
stylegan_xl_d686a15f05d09472,jpeg_q30,stylegan_xl,stylegan_xl,1,0.35402342677116394,data\cache\clean\test\stylegan_xl_d686a15f05d09472\jpeg_q30.jpg
stylegan_xl_e4b8e7ef72cabaf2,jpeg_q30,stylegan_xl,stylegan_xl,1,0.04545922577381134,data\cache\clean\test\stylegan_xl_e4b8e7ef72cabaf2\jpeg_q30.jpg
stylegan_xl_f2ea3473d8b1a62f,jpeg_q30,stylegan_xl,stylegan_xl,1,0.00011228087532799691,data\cache\clean\test\stylegan_xl_f2ea3473d8b1a62f\jpeg_q30.jpg
stylegan_xl_fef6a66b8deaa7ab,jpeg_q30,stylegan_xl,stylegan_xl,1,1.9384138795430772e-05,data\cache\clean\test\stylegan_xl_fef6a66b8deaa7ab\jpeg_q30.jpg
cifake_1028 (10),jpeg_q50,cifake,stable_diffusion,1,0.27258893847465515,data\cache\clean\test\cifake_1028 (10)\jpeg_q50.jpg
cifake_1088 (3),jpeg_q50,cifake,stable_diffusion,1,0.16385935246944427,data\cache\clean\test\cifake_1088 (3)\jpeg_q50.jpg
cifake_1167 (3),jpeg_q50,cifake,stable_diffusion,1,0.4049709141254425,data\cache\clean\test\cifake_1167 (3)\jpeg_q50.jpg
cifake_1629 (9),jpeg_q50,cifake,stable_diffusion,1,0.4227638840675354,data\cache\clean\test\cifake_1629 (9)\jpeg_q50.jpg
cifake_1927 (7),jpeg_q50,cifake,stable_diffusion,1,0.46700820326805115,data\cache\clean\test\cifake_1927 (7)\jpeg_q50.jpg
cifake_2286 (2),jpeg_q50,cifake,stable_diffusion,1,0.37431856989860535,data\cache\clean\test\cifake_2286 (2)\jpeg_q50.jpg
cifake_3006 (4)_1,jpeg_q50,cifake,stable_diffusion,1,0.42911237478256226,data\cache\clean\test\cifake_3006 (4)_1\jpeg_q50.jpg
cifake_3239 (3),jpeg_q50,cifake,stable_diffusion,1,0.4559277892112732,data\cache\clean\test\cifake_3239 (3)\jpeg_q50.jpg
cifake_3379 (8),jpeg_q50,cifake,stable_diffusion,1,0.16066254675388336,data\cache\clean\test\cifake_3379 (8)\jpeg_q50.jpg
cifake_3582 (9),jpeg_q50,cifake,stable_diffusion,1,0.3316173255443573,data\cache\clean\test\cifake_3582 (9)\jpeg_q50.jpg
cifake_4127 (3),jpeg_q50,cifake,stable_diffusion,1,0.025897011160850525,data\cache\clean\test\cifake_4127 (3)\jpeg_q50.jpg
cifake_4615 (3),jpeg_q50,cifake,stable_diffusion,1,0.19064956903457642,data\cache\clean\test\cifake_4615 (3)\jpeg_q50.jpg
cifake_5221 (3),jpeg_q50,cifake,stable_diffusion,1,0.13588616251945496,data\cache\clean\test\cifake_5221 (3)\jpeg_q50.jpg
cifake_5932 (2),jpeg_q50,cifake,stable_diffusion,1,0.43911680579185486,data\cache\clean\test\cifake_5932 (2)\jpeg_q50.jpg
cifake_939 (6),jpeg_q50,cifake,stable_diffusion,1,0.2582436800003052,data\cache\clean\test\cifake_939 (6)\jpeg_q50.jpg
cifake_954 (9),jpeg_q50,cifake,stable_diffusion,1,0.35188809037208557,data\cache\clean\test\cifake_954 (9)\jpeg_q50.jpg
dalle_12052,jpeg_q50,dalle,dalle,1,0.4596576988697052,data\cache\clean\test\dalle_12052\jpeg_q50.jpg
dalle_1895b86b74caac5dad51022c3d3b33df,jpeg_q50,dalle,dalle,1,0.036511268466711044,data\cache\clean\test\dalle_1895b86b74caac5dad51022c3d3b33df\jpeg_q50.jpg
dalle_19157,jpeg_q50,dalle,dalle,1,0.0028430286329239607,data\cache\clean\test\dalle_19157\jpeg_q50.jpg
dalle_19590,jpeg_q50,dalle,dalle,1,0.11498074978590012,data\cache\clean\test\dalle_19590\jpeg_q50.jpg
dalle_2561,jpeg_q50,dalle,dalle,1,0.029368674382567406,data\cache\clean\test\dalle_2561\jpeg_q50.jpg
dalle_27029,jpeg_q50,dalle,dalle,1,0.1610189527273178,data\cache\clean\test\dalle_27029\jpeg_q50.jpg
dalle_33159,jpeg_q50,dalle,dalle,1,0.00747004896402359,data\cache\clean\test\dalle_33159\jpeg_q50.jpg
dalle_3c589aa7fd4a6705f1fd7918daf4ffb9,jpeg_q50,dalle,dalle,1,0.4401688277721405,data\cache\clean\test\dalle_3c589aa7fd4a6705f1fd7918daf4ffb9\jpeg_q50.jpg
dalle_40387,jpeg_q50,dalle,dalle,1,0.46636763215065,data\cache\clean\test\dalle_40387\jpeg_q50.jpg
dalle_41791,jpeg_q50,dalle,dalle,1,0.033730290830135345,data\cache\clean\test\dalle_41791\jpeg_q50.jpg
dalle_41855,jpeg_q50,dalle,dalle,1,0.24337339401245117,data\cache\clean\test\dalle_41855\jpeg_q50.jpg
dalle_6481,jpeg_q50,dalle,dalle,1,0.001617263536900282,data\cache\clean\test\dalle_6481\jpeg_q50.jpg
dalle_6f0f61883f111368d770c54801f33449,jpeg_q50,dalle,dalle,1,0.004946767818182707,data\cache\clean\test\dalle_6f0f61883f111368d770c54801f33449\jpeg_q50.jpg
dalle_8017,jpeg_q50,dalle,dalle,1,0.12722738087177277,data\cache\clean\test\dalle_8017\jpeg_q50.jpg
gigagan_01605,jpeg_q50,gigagan,gigagan,1,0.09857602417469025,data\cache\clean\test\gigagan_01605\jpeg_q50.jpg
gigagan_03860,jpeg_q50,gigagan,gigagan,1,0.3934769034385681,data\cache\clean\test\gigagan_03860\jpeg_q50.jpg
gigagan_05738,jpeg_q50,gigagan,gigagan,1,0.003863857127726078,data\cache\clean\test\gigagan_05738\jpeg_q50.jpg
gigagan_05849,jpeg_q50,gigagan,gigagan,1,0.30852842330932617,data\cache\clean\test\gigagan_05849\jpeg_q50.jpg
gigagan_06526,jpeg_q50,gigagan,gigagan,1,0.018962055444717407,data\cache\clean\test\gigagan_06526\jpeg_q50.jpg
gigagan_07350,jpeg_q50,gigagan,gigagan,1,0.00040502555202692747,data\cache\clean\test\gigagan_07350\jpeg_q50.jpg
gigagan_07676,jpeg_q50,gigagan,gigagan,1,0.22020599246025085,data\cache\clean\test\gigagan_07676\jpeg_q50.jpg
gigagan_08561,jpeg_q50,gigagan,gigagan,1,0.08274315297603607,data\cache\clean\test\gigagan_08561\jpeg_q50.jpg
gigagan_10914,jpeg_q50,gigagan,gigagan,1,0.0006505386554636061,data\cache\clean\test\gigagan_10914\jpeg_q50.jpg
gigagan_12288,jpeg_q50,gigagan,gigagan,1,0.45012977719306946,data\cache\clean\test\gigagan_12288\jpeg_q50.jpg
gigagan_14071,jpeg_q50,gigagan,gigagan,1,0.0002935908269137144,data\cache\clean\test\gigagan_14071\jpeg_q50.jpg
gigagan_14138,jpeg_q50,gigagan,gigagan,1,0.2916436791419983,data\cache\clean\test\gigagan_14138\jpeg_q50.jpg
gigagan_14946,jpeg_q50,gigagan,gigagan,1,0.0158875472843647,data\cache\clean\test\gigagan_14946\jpeg_q50.jpg
gigagan_15454,jpeg_q50,gigagan,gigagan,1,0.2657591700553894,data\cache\clean\test\gigagan_15454\jpeg_q50.jpg
gigagan_15561,jpeg_q50,gigagan,gigagan,1,0.00018716513295657933,data\cache\clean\test\gigagan_15561\jpeg_q50.jpg
gigagan_15694,jpeg_q50,gigagan,gigagan,1,0.21071773767471313,data\cache\clean\test\gigagan_15694\jpeg_q50.jpg
gigagan_16859,jpeg_q50,gigagan,gigagan,1,0.42808717489242554,data\cache\clean\test\gigagan_16859\jpeg_q50.jpg
gigagan_17003,jpeg_q50,gigagan,gigagan,1,0.07456772029399872,data\cache\clean\test\gigagan_17003\jpeg_q50.jpg
gigagan_17666,jpeg_q50,gigagan,gigagan,1,0.043515197932720184,data\cache\clean\test\gigagan_17666\jpeg_q50.jpg
gigagan_20207,jpeg_q50,gigagan,gigagan,1,0.020510859787464142,data\cache\clean\test\gigagan_20207\jpeg_q50.jpg
gigagan_20327,jpeg_q50,gigagan,gigagan,1,0.04440869390964508,data\cache\clean\test\gigagan_20327\jpeg_q50.jpg
gigagan_20468,jpeg_q50,gigagan,gigagan,1,0.008846661075949669,data\cache\clean\test\gigagan_20468\jpeg_q50.jpg
gigagan_21116,jpeg_q50,gigagan,gigagan,1,0.3343518376350403,data\cache\clean\test\gigagan_21116\jpeg_q50.jpg
gigagan_21611,jpeg_q50,gigagan,gigagan,1,0.004375925287604332,data\cache\clean\test\gigagan_21611\jpeg_q50.jpg
gigagan_22418,jpeg_q50,gigagan,gigagan,1,0.030942175537347794,data\cache\clean\test\gigagan_22418\jpeg_q50.jpg
gigagan_23834,jpeg_q50,gigagan,gigagan,1,0.23902611434459686,data\cache\clean\test\gigagan_23834\jpeg_q50.jpg
gigagan_24445,jpeg_q50,gigagan,gigagan,1,0.16356830298900604,data\cache\clean\test\gigagan_24445\jpeg_q50.jpg
gigagan_24679,jpeg_q50,gigagan,gigagan,1,0.003657230641692877,data\cache\clean\test\gigagan_24679\jpeg_q50.jpg
gigagan_24726,jpeg_q50,gigagan,gigagan,1,0.1568143367767334,data\cache\clean\test\gigagan_24726\jpeg_q50.jpg
gigagan_25090,jpeg_q50,gigagan,gigagan,1,0.008685710839927197,data\cache\clean\test\gigagan_25090\jpeg_q50.jpg
gigagan_25645,jpeg_q50,gigagan,gigagan,1,0.4823293387889862,data\cache\clean\test\gigagan_25645\jpeg_q50.jpg
gigagan_29717,jpeg_q50,gigagan,gigagan,1,0.04065630957484245,data\cache\clean\test\gigagan_29717\jpeg_q50.jpg
imagen3_045e6da6fd7f6fb0,jpeg_q50,imagen3,imagen3,1,0.044014133512973785,data\cache\clean\test\imagen3_045e6da6fd7f6fb0\jpeg_q50.jpg
imagen3_07747d6ffd056bee,jpeg_q50,imagen3,imagen3,1,0.0022469095420092344,data\cache\clean\test\imagen3_07747d6ffd056bee\jpeg_q50.jpg
imagen3_13641,jpeg_q50,imagen3,imagen3,1,0.14171788096427917,data\cache\clean\test\imagen3_13641\jpeg_q50.jpg
imagen3_13ed1f9391224848,jpeg_q50,imagen3,imagen3,1,0.03768126666545868,data\cache\clean\test\imagen3_13ed1f9391224848\jpeg_q50.jpg
imagen3_17643da56f35c6f7,jpeg_q50,imagen3,imagen3,1,1.0118481441168115e-05,data\cache\clean\test\imagen3_17643da56f35c6f7\jpeg_q50.jpg
imagen3_24629,jpeg_q50,imagen3,imagen3,1,0.3809882402420044,data\cache\clean\test\imagen3_24629\jpeg_q50.jpg
imagen3_24e64d19ddde11cb,jpeg_q50,imagen3,imagen3,1,1.2888785150266813e-08,data\cache\clean\test\imagen3_24e64d19ddde11cb\jpeg_q50.jpg
imagen3_260ae6b06f1f50e2,jpeg_q50,imagen3,imagen3,1,8.797609552857466e-06,data\cache\clean\test\imagen3_260ae6b06f1f50e2\jpeg_q50.jpg
imagen3_2be4510162a8a76e,jpeg_q50,imagen3,imagen3,1,0.03205403313040733,data\cache\clean\test\imagen3_2be4510162a8a76e\jpeg_q50.jpg
imagen3_3403b18fc93acbfc,jpeg_q50,imagen3,imagen3,1,0.0004766853526234627,data\cache\clean\test\imagen3_3403b18fc93acbfc\jpeg_q50.jpg
imagen3_43058,jpeg_q50,imagen3,imagen3,1,3.851224846584955e-06,data\cache\clean\test\imagen3_43058\jpeg_q50.jpg
imagen3_43208,jpeg_q50,imagen3,imagen3,1,0.07517194747924805,data\cache\clean\test\imagen3_43208\jpeg_q50.jpg
imagen3_44015,jpeg_q50,imagen3,imagen3,1,0.0013069453416392207,data\cache\clean\test\imagen3_44015\jpeg_q50.jpg
imagen3_44476,jpeg_q50,imagen3,imagen3,1,0.07871897518634796,data\cache\clean\test\imagen3_44476\jpeg_q50.jpg
imagen3_46922,jpeg_q50,imagen3,imagen3,1,0.05196119472384453,data\cache\clean\test\imagen3_46922\jpeg_q50.jpg
imagen3_473ffc5e3d5dc373,jpeg_q50,imagen3,imagen3,1,0.14186421036720276,data\cache\clean\test\imagen3_473ffc5e3d5dc373\jpeg_q50.jpg
imagen3_51659,jpeg_q50,imagen3,imagen3,1,0.11947496980428696,data\cache\clean\test\imagen3_51659\jpeg_q50.jpg
imagen3_519f5c348fe55fcd,jpeg_q50,imagen3,imagen3,1,0.0014170907670632005,data\cache\clean\test\imagen3_519f5c348fe55fcd\jpeg_q50.jpg
imagen3_52115,jpeg_q50,imagen3,imagen3,1,0.052367012947797775,data\cache\clean\test\imagen3_52115\jpeg_q50.jpg
imagen3_52520,jpeg_q50,imagen3,imagen3,1,0.011064545251429081,data\cache\clean\test\imagen3_52520\jpeg_q50.jpg
imagen3_53132,jpeg_q50,imagen3,imagen3,1,0.3285106122493744,data\cache\clean\test\imagen3_53132\jpeg_q50.jpg
imagen3_53632,jpeg_q50,imagen3,imagen3,1,0.14078910648822784,data\cache\clean\test\imagen3_53632\jpeg_q50.jpg
imagen3_560ead164dab63a5,jpeg_q50,imagen3,imagen3,1,0.21175028383731842,data\cache\clean\test\imagen3_560ead164dab63a5\jpeg_q50.jpg
imagen3_5e95809bd47d157b,jpeg_q50,imagen3,imagen3,1,0.026524817571043968,data\cache\clean\test\imagen3_5e95809bd47d157b\jpeg_q50.jpg
imagen3_69467160e53f71bc,jpeg_q50,imagen3,imagen3,1,0.017423070967197418,data\cache\clean\test\imagen3_69467160e53f71bc\jpeg_q50.jpg
imagen3_6a8270ea182a9194,jpeg_q50,imagen3,imagen3,1,5.381535811466165e-05,data\cache\clean\test\imagen3_6a8270ea182a9194\jpeg_q50.jpg
imagen3_6c7624322b04ce43,jpeg_q50,imagen3,imagen3,1,5.7761542848311365e-05,data\cache\clean\test\imagen3_6c7624322b04ce43\jpeg_q50.jpg
imagen3_77fb2d4f372634f8,jpeg_q50,imagen3,imagen3,1,0.01869693584740162,data\cache\clean\test\imagen3_77fb2d4f372634f8\jpeg_q50.jpg
imagen3_7ee1485909c59826,jpeg_q50,imagen3,imagen3,1,0.0012983004562556744,data\cache\clean\test\imagen3_7ee1485909c59826\jpeg_q50.jpg
imagen3_8b13dc3bff918841,jpeg_q50,imagen3,imagen3,1,0.006570910569280386,data\cache\clean\test\imagen3_8b13dc3bff918841\jpeg_q50.jpg
imagen3_8e6f8acd28fd8f35,jpeg_q50,imagen3,imagen3,1,0.37880322337150574,data\cache\clean\test\imagen3_8e6f8acd28fd8f35\jpeg_q50.jpg
imagen3_9e82651e214a25c8,jpeg_q50,imagen3,imagen3,1,0.00017253060650546104,data\cache\clean\test\imagen3_9e82651e214a25c8\jpeg_q50.jpg
imagen3_a1b5be9a5f0d1f7a,jpeg_q50,imagen3,imagen3,1,0.06547823548316956,data\cache\clean\test\imagen3_a1b5be9a5f0d1f7a\jpeg_q50.jpg
imagen3_aa13646e437b7afa,jpeg_q50,imagen3,imagen3,1,0.0006478074355982244,data\cache\clean\test\imagen3_aa13646e437b7afa\jpeg_q50.jpg
imagen3_ad860df8c2a1a848,jpeg_q50,imagen3,imagen3,1,0.0022174371406435966,data\cache\clean\test\imagen3_ad860df8c2a1a848\jpeg_q50.jpg
imagen3_b69c9976ced306d1,jpeg_q50,imagen3,imagen3,1,0.0764002650976181,data\cache\clean\test\imagen3_b69c9976ced306d1\jpeg_q50.jpg
imagen3_ca44bb7db1e73a9a,jpeg_q50,imagen3,imagen3,1,0.010020175948739052,data\cache\clean\test\imagen3_ca44bb7db1e73a9a\jpeg_q50.jpg
imagen3_d326e7c87fb1d966,jpeg_q50,imagen3,imagen3,1,0.007588228210806847,data\cache\clean\test\imagen3_d326e7c87fb1d966\jpeg_q50.jpg
imagen3_e63f3b6f8bdee43a,jpeg_q50,imagen3,imagen3,1,0.007602951023727655,data\cache\clean\test\imagen3_e63f3b6f8bdee43a\jpeg_q50.jpg
imagen3_ea646e585cc24088,jpeg_q50,imagen3,imagen3,1,0.007370372768491507,data\cache\clean\test\imagen3_ea646e585cc24088\jpeg_q50.jpg
imagen3_eaf94916ce926270,jpeg_q50,imagen3,imagen3,1,0.11042739450931549,data\cache\clean\test\imagen3_eaf94916ce926270\jpeg_q50.jpg
imagen3_f2da05bffbe27dab,jpeg_q50,imagen3,imagen3,1,0.20140543580055237,data\cache\clean\test\imagen3_f2da05bffbe27dab\jpeg_q50.jpg
imagen3_fd568a2839353a92,jpeg_q50,imagen3,imagen3,1,0.3704542815685272,data\cache\clean\test\imagen3_fd568a2839353a92\jpeg_q50.jpg
imagen3_fe7048efd51b15b8,jpeg_q50,imagen3,imagen3,1,0.0002921647683251649,data\cache\clean\test\imagen3_fe7048efd51b15b8\jpeg_q50.jpg
imagen3_Imagen3_1208,jpeg_q50,imagen3,imagen3,1,0.016553029417991638,data\cache\clean\test\imagen3_Imagen3_1208\jpeg_q50.jpg
imagen3_Imagen3_2403,jpeg_q50,imagen3,imagen3,1,0.13406823575496674,data\cache\clean\test\imagen3_Imagen3_2403\jpeg_q50.jpg
imagen3_Imagen3_2445,jpeg_q50,imagen3,imagen3,1,0.33321213722229004,data\cache\clean\test\imagen3_Imagen3_2445\jpeg_q50.jpg
imagen3_Imagen3_3546,jpeg_q50,imagen3,imagen3,1,0.04180608317255974,data\cache\clean\test\imagen3_Imagen3_3546\jpeg_q50.jpg
imagen3_Imagen3_3556,jpeg_q50,imagen3,imagen3,1,0.0067658438347280025,data\cache\clean\test\imagen3_Imagen3_3556\jpeg_q50.jpg
sidset_full_synthetic_001692,jpeg_q50,sidset,full_synthetic,1,0.40836986899375916,data\cache\clean\test\sidset_full_synthetic_001692\jpeg_q50.jpg
sidset_full_synthetic_017359,jpeg_q50,sidset,full_synthetic,1,0.008038626983761787,data\cache\clean\test\sidset_full_synthetic_017359\jpeg_q50.jpg
sidset_full_synthetic_038531,jpeg_q50,sidset,full_synthetic,1,0.3036434054374695,data\cache\clean\test\sidset_full_synthetic_038531\jpeg_q50.jpg
sidset_full_synthetic_046026,jpeg_q50,sidset,full_synthetic,1,0.06314869225025177,data\cache\clean\test\sidset_full_synthetic_046026\jpeg_q50.jpg
sidset_full_synthetic_048809,jpeg_q50,sidset,full_synthetic,1,0.4502831697463989,data\cache\clean\test\sidset_full_synthetic_048809\jpeg_q50.jpg
sidset_full_synthetic_060524,jpeg_q50,sidset,full_synthetic,1,0.04070540517568588,data\cache\clean\test\sidset_full_synthetic_060524\jpeg_q50.jpg
sidset_full_synthetic_062086,jpeg_q50,sidset,full_synthetic,1,0.2428891658782959,data\cache\clean\test\sidset_full_synthetic_062086\jpeg_q50.jpg
sidset_full_synthetic_063062,jpeg_q50,sidset,full_synthetic,1,0.0027754437178373337,data\cache\clean\test\sidset_full_synthetic_063062\jpeg_q50.jpg
sidset_full_synthetic_069762,jpeg_q50,sidset,full_synthetic,1,0.49311158061027527,data\cache\clean\test\sidset_full_synthetic_069762\jpeg_q50.jpg
stylegan_xl_0097a2e24789bc7a,jpeg_q50,stylegan_xl,stylegan_xl,1,0.0012156039010733366,data\cache\clean\test\stylegan_xl_0097a2e24789bc7a\jpeg_q50.jpg
stylegan_xl_00a4591cf03df584,jpeg_q50,stylegan_xl,stylegan_xl,1,1.0409066817373969e-06,data\cache\clean\test\stylegan_xl_00a4591cf03df584\jpeg_q50.jpg
stylegan_xl_031391f1ab18ab62,jpeg_q50,stylegan_xl,stylegan_xl,1,0.01108967512845993,data\cache\clean\test\stylegan_xl_031391f1ab18ab62\jpeg_q50.jpg
stylegan_xl_0a4244f8a9185bad,jpeg_q50,stylegan_xl,stylegan_xl,1,0.037825293838977814,data\cache\clean\test\stylegan_xl_0a4244f8a9185bad\jpeg_q50.jpg
stylegan_xl_0f7efa4c31bcd8f4,jpeg_q50,stylegan_xl,stylegan_xl,1,0.001861809752881527,data\cache\clean\test\stylegan_xl_0f7efa4c31bcd8f4\jpeg_q50.jpg
stylegan_xl_1060d58257bc5130,jpeg_q50,stylegan_xl,stylegan_xl,1,0.0013218587264418602,data\cache\clean\test\stylegan_xl_1060d58257bc5130\jpeg_q50.jpg
stylegan_xl_1440252ff76f525f,jpeg_q50,stylegan_xl,stylegan_xl,1,0.24477504193782806,data\cache\clean\test\stylegan_xl_1440252ff76f525f\jpeg_q50.jpg
stylegan_xl_17f8bf0ef8d2f478,jpeg_q50,stylegan_xl,stylegan_xl,1,0.0021136587020009756,data\cache\clean\test\stylegan_xl_17f8bf0ef8d2f478\jpeg_q50.jpg
stylegan_xl_2013fe0d44f84041,jpeg_q50,stylegan_xl,stylegan_xl,1,4.411433565110201e-06,data\cache\clean\test\stylegan_xl_2013fe0d44f84041\jpeg_q50.jpg
stylegan_xl_324e332686aa6966,jpeg_q50,stylegan_xl,stylegan_xl,1,0.037425365298986435,data\cache\clean\test\stylegan_xl_324e332686aa6966\jpeg_q50.jpg
stylegan_xl_3621cf0be1fc8d68,jpeg_q50,stylegan_xl,stylegan_xl,1,0.2638773024082184,data\cache\clean\test\stylegan_xl_3621cf0be1fc8d68\jpeg_q50.jpg
stylegan_xl_3b5e18f8fc06450d,jpeg_q50,stylegan_xl,stylegan_xl,1,0.0001238809054484591,data\cache\clean\test\stylegan_xl_3b5e18f8fc06450d\jpeg_q50.jpg
stylegan_xl_43847,jpeg_q50,stylegan_xl,stylegan_xl,1,0.004269193392246962,data\cache\clean\test\stylegan_xl_43847\jpeg_q50.jpg
stylegan_xl_45602,jpeg_q50,stylegan_xl,stylegan_xl,1,0.0024334744084626436,data\cache\clean\test\stylegan_xl_45602\jpeg_q50.jpg
stylegan_xl_48611,jpeg_q50,stylegan_xl,stylegan_xl,1,0.00046970328548923135,data\cache\clean\test\stylegan_xl_48611\jpeg_q50.jpg
stylegan_xl_49074,jpeg_q50,stylegan_xl,stylegan_xl,1,0.1847374141216278,data\cache\clean\test\stylegan_xl_49074\jpeg_q50.jpg
stylegan_xl_49539,jpeg_q50,stylegan_xl,stylegan_xl,1,0.19268737733364105,data\cache\clean\test\stylegan_xl_49539\jpeg_q50.jpg
stylegan_xl_4f991f9638e28675,jpeg_q50,stylegan_xl,stylegan_xl,1,0.002463592914864421,data\cache\clean\test\stylegan_xl_4f991f9638e28675\jpeg_q50.jpg
stylegan_xl_53453,jpeg_q50,stylegan_xl,stylegan_xl,1,0.20842181146144867,data\cache\clean\test\stylegan_xl_53453\jpeg_q50.jpg
stylegan_xl_53551,jpeg_q50,stylegan_xl,stylegan_xl,1,0.12450915575027466,data\cache\clean\test\stylegan_xl_53551\jpeg_q50.jpg
stylegan_xl_548aed682dc65ef2,jpeg_q50,stylegan_xl,stylegan_xl,1,0.10508190840482712,data\cache\clean\test\stylegan_xl_548aed682dc65ef2\jpeg_q50.jpg
stylegan_xl_60ed9d3511d333bf,jpeg_q50,stylegan_xl,stylegan_xl,1,0.0001305025944020599,data\cache\clean\test\stylegan_xl_60ed9d3511d333bf\jpeg_q50.jpg
stylegan_xl_65bb283a1280639e,jpeg_q50,stylegan_xl,stylegan_xl,1,0.08021476864814758,data\cache\clean\test\stylegan_xl_65bb283a1280639e\jpeg_q50.jpg
stylegan_xl_729fee52c5b7f95b,jpeg_q50,stylegan_xl,stylegan_xl,1,0.04914451017975807,data\cache\clean\test\stylegan_xl_729fee52c5b7f95b\jpeg_q50.jpg
stylegan_xl_7d433e90bcd7bd53,jpeg_q50,stylegan_xl,stylegan_xl,1,0.0003606933751143515,data\cache\clean\test\stylegan_xl_7d433e90bcd7bd53\jpeg_q50.jpg
stylegan_xl_7ffebe6032f8209f,jpeg_q50,stylegan_xl,stylegan_xl,1,0.3680426776409149,data\cache\clean\test\stylegan_xl_7ffebe6032f8209f\jpeg_q50.jpg
stylegan_xl_80fc8be6e7c11eb3,jpeg_q50,stylegan_xl,stylegan_xl,1,1.571357302054821e-06,data\cache\clean\test\stylegan_xl_80fc8be6e7c11eb3\jpeg_q50.jpg
stylegan_xl_8461b1ae87c22c20,jpeg_q50,stylegan_xl,stylegan_xl,1,0.03799985721707344,data\cache\clean\test\stylegan_xl_8461b1ae87c22c20\jpeg_q50.jpg
stylegan_xl_8f9dfd75dde8914f,jpeg_q50,stylegan_xl,stylegan_xl,1,0.0109331039711833,data\cache\clean\test\stylegan_xl_8f9dfd75dde8914f\jpeg_q50.jpg
stylegan_xl_a1ed16fffc5ecb68,jpeg_q50,stylegan_xl,stylegan_xl,1,0.0028647929430007935,data\cache\clean\test\stylegan_xl_a1ed16fffc5ecb68\jpeg_q50.jpg
stylegan_xl_a72f3ace10a8f550,jpeg_q50,stylegan_xl,stylegan_xl,1,2.523704779378022e-06,data\cache\clean\test\stylegan_xl_a72f3ace10a8f550\jpeg_q50.jpg
stylegan_xl_cf9c332a1ebfb587,jpeg_q50,stylegan_xl,stylegan_xl,1,0.011179095134139061,data\cache\clean\test\stylegan_xl_cf9c332a1ebfb587\jpeg_q50.jpg
stylegan_xl_d686a15f05d09472,jpeg_q50,stylegan_xl,stylegan_xl,1,0.2582729458808899,data\cache\clean\test\stylegan_xl_d686a15f05d09472\jpeg_q50.jpg
stylegan_xl_e4b8e7ef72cabaf2,jpeg_q50,stylegan_xl,stylegan_xl,1,0.0019613972399383783,data\cache\clean\test\stylegan_xl_e4b8e7ef72cabaf2\jpeg_q50.jpg
stylegan_xl_f2ea3473d8b1a62f,jpeg_q50,stylegan_xl,stylegan_xl,1,7.990903395693749e-05,data\cache\clean\test\stylegan_xl_f2ea3473d8b1a62f\jpeg_q50.jpg
stylegan_xl_fef6a66b8deaa7ab,jpeg_q50,stylegan_xl,stylegan_xl,1,0.00019316804537083954,data\cache\clean\test\stylegan_xl_fef6a66b8deaa7ab\jpeg_q50.jpg
cifake_1088 (3),jpeg_q70,cifake,stable_diffusion,1,0.35543474555015564,data\cache\clean\test\cifake_1088 (3)\jpeg_q70.jpg
cifake_1297 (6),jpeg_q70,cifake,stable_diffusion,1,0.10994051396846771,data\cache\clean\test\cifake_1297 (6)\jpeg_q70.jpg
cifake_1927 (7),jpeg_q70,cifake,stable_diffusion,1,0.2324465960264206,data\cache\clean\test\cifake_1927 (7)\jpeg_q70.jpg
cifake_1995 (4),jpeg_q70,cifake,stable_diffusion,1,0.24001596868038177,data\cache\clean\test\cifake_1995 (4)\jpeg_q70.jpg
cifake_2286 (2),jpeg_q70,cifake,stable_diffusion,1,0.14157016575336456,data\cache\clean\test\cifake_2286 (2)\jpeg_q70.jpg
cifake_2437 (6),jpeg_q70,cifake,stable_diffusion,1,0.04790040850639343,data\cache\clean\test\cifake_2437 (6)\jpeg_q70.jpg
cifake_2787 (7),jpeg_q70,cifake,stable_diffusion,1,0.4846884608268738,data\cache\clean\test\cifake_2787 (7)\jpeg_q70.jpg
cifake_3582 (9),jpeg_q70,cifake,stable_diffusion,1,0.18548059463500977,data\cache\clean\test\cifake_3582 (9)\jpeg_q70.jpg
cifake_4127 (3),jpeg_q70,cifake,stable_diffusion,1,0.08895263820886612,data\cache\clean\test\cifake_4127 (3)\jpeg_q70.jpg
cifake_4221 (2),jpeg_q70,cifake,stable_diffusion,1,0.33801597356796265,data\cache\clean\test\cifake_4221 (2)\jpeg_q70.jpg
cifake_4615 (3),jpeg_q70,cifake,stable_diffusion,1,0.0940931886434555,data\cache\clean\test\cifake_4615 (3)\jpeg_q70.jpg
cifake_5221 (3),jpeg_q70,cifake,stable_diffusion,1,0.3006502091884613,data\cache\clean\test\cifake_5221 (3)\jpeg_q70.jpg
cifake_5777 (3),jpeg_q70,cifake,stable_diffusion,1,0.37522733211517334,data\cache\clean\test\cifake_5777 (3)\jpeg_q70.jpg
cifake_954 (9),jpeg_q70,cifake,stable_diffusion,1,0.07080665975809097,data\cache\clean\test\cifake_954 (9)\jpeg_q70.jpg
dalle_19157,jpeg_q70,dalle,dalle,1,0.1697595715522766,data\cache\clean\test\dalle_19157\jpeg_q70.jpg
dalle_19590,jpeg_q70,dalle,dalle,1,0.06388066709041595,data\cache\clean\test\dalle_19590\jpeg_q70.jpg
dalle_2561,jpeg_q70,dalle,dalle,1,0.04222973436117172,data\cache\clean\test\dalle_2561\jpeg_q70.jpg
dalle_26742,jpeg_q70,dalle,dalle,1,0.48858389258384705,data\cache\clean\test\dalle_26742\jpeg_q70.jpg
dalle_27029,jpeg_q70,dalle,dalle,1,0.07812672853469849,data\cache\clean\test\dalle_27029\jpeg_q70.jpg
dalle_33159,jpeg_q70,dalle,dalle,1,0.027494875714182854,data\cache\clean\test\dalle_33159\jpeg_q70.jpg
dalle_3c589aa7fd4a6705f1fd7918daf4ffb9,jpeg_q70,dalle,dalle,1,0.07593394815921783,data\cache\clean\test\dalle_3c589aa7fd4a6705f1fd7918daf4ffb9\jpeg_q70.jpg
dalle_40387,jpeg_q70,dalle,dalle,1,0.3041958510875702,data\cache\clean\test\dalle_40387\jpeg_q70.jpg
dalle_41791,jpeg_q70,dalle,dalle,1,0.025213556364178658,data\cache\clean\test\dalle_41791\jpeg_q70.jpg
dalle_6481,jpeg_q70,dalle,dalle,1,0.0072876629419624805,data\cache\clean\test\dalle_6481\jpeg_q70.jpg
dalle_6f0f61883f111368d770c54801f33449,jpeg_q70,dalle,dalle,1,0.009640187956392765,data\cache\clean\test\dalle_6f0f61883f111368d770c54801f33449\jpeg_q70.jpg
dalle_8017,jpeg_q70,dalle,dalle,1,0.13046185672283173,data\cache\clean\test\dalle_8017\jpeg_q70.jpg
gigagan_05738,jpeg_q70,gigagan,gigagan,1,0.03293396905064583,data\cache\clean\test\gigagan_05738\jpeg_q70.jpg
gigagan_05849,jpeg_q70,gigagan,gigagan,1,0.3575496971607208,data\cache\clean\test\gigagan_05849\jpeg_q70.jpg
gigagan_06526,jpeg_q70,gigagan,gigagan,1,0.07572752982378006,data\cache\clean\test\gigagan_06526\jpeg_q70.jpg
gigagan_07350,jpeg_q70,gigagan,gigagan,1,0.0012166880769655108,data\cache\clean\test\gigagan_07350\jpeg_q70.jpg
gigagan_08561,jpeg_q70,gigagan,gigagan,1,0.07416767627000809,data\cache\clean\test\gigagan_08561\jpeg_q70.jpg
gigagan_10769,jpeg_q70,gigagan,gigagan,1,0.3563728630542755,data\cache\clean\test\gigagan_10769\jpeg_q70.jpg
gigagan_10914,jpeg_q70,gigagan,gigagan,1,0.002987662563100457,data\cache\clean\test\gigagan_10914\jpeg_q70.jpg
gigagan_14071,jpeg_q70,gigagan,gigagan,1,0.0009734491468407214,data\cache\clean\test\gigagan_14071\jpeg_q70.jpg
gigagan_14946,jpeg_q70,gigagan,gigagan,1,0.0030184085480868816,data\cache\clean\test\gigagan_14946\jpeg_q70.jpg
gigagan_15454,jpeg_q70,gigagan,gigagan,1,0.2744872272014618,data\cache\clean\test\gigagan_15454\jpeg_q70.jpg
gigagan_15561,jpeg_q70,gigagan,gigagan,1,0.001505026826635003,data\cache\clean\test\gigagan_15561\jpeg_q70.jpg
gigagan_15694,jpeg_q70,gigagan,gigagan,1,0.21783047914505005,data\cache\clean\test\gigagan_15694\jpeg_q70.jpg
gigagan_17003,jpeg_q70,gigagan,gigagan,1,0.11904983967542648,data\cache\clean\test\gigagan_17003\jpeg_q70.jpg
gigagan_17666,jpeg_q70,gigagan,gigagan,1,0.014812230132520199,data\cache\clean\test\gigagan_17666\jpeg_q70.jpg
gigagan_20207,jpeg_q70,gigagan,gigagan,1,0.03646646440029144,data\cache\clean\test\gigagan_20207\jpeg_q70.jpg
gigagan_20327,jpeg_q70,gigagan,gigagan,1,0.013380581513047218,data\cache\clean\test\gigagan_20327\jpeg_q70.jpg
gigagan_20468,jpeg_q70,gigagan,gigagan,1,0.01840694434940815,data\cache\clean\test\gigagan_20468\jpeg_q70.jpg
gigagan_21611,jpeg_q70,gigagan,gigagan,1,0.036689337342977524,data\cache\clean\test\gigagan_21611\jpeg_q70.jpg
gigagan_22418,jpeg_q70,gigagan,gigagan,1,0.10333346575498581,data\cache\clean\test\gigagan_22418\jpeg_q70.jpg
gigagan_23834,jpeg_q70,gigagan,gigagan,1,0.4793553948402405,data\cache\clean\test\gigagan_23834\jpeg_q70.jpg
gigagan_24445,jpeg_q70,gigagan,gigagan,1,0.14094582200050354,data\cache\clean\test\gigagan_24445\jpeg_q70.jpg
gigagan_24679,jpeg_q70,gigagan,gigagan,1,0.030016403645277023,data\cache\clean\test\gigagan_24679\jpeg_q70.jpg
gigagan_24726,jpeg_q70,gigagan,gigagan,1,0.1262267529964447,data\cache\clean\test\gigagan_24726\jpeg_q70.jpg
gigagan_25090,jpeg_q70,gigagan,gigagan,1,0.003458805149421096,data\cache\clean\test\gigagan_25090\jpeg_q70.jpg
gigagan_25645,jpeg_q70,gigagan,gigagan,1,0.391200989484787,data\cache\clean\test\gigagan_25645\jpeg_q70.jpg
imagen3_045e6da6fd7f6fb0,jpeg_q70,imagen3,imagen3,1,0.021462853997945786,data\cache\clean\test\imagen3_045e6da6fd7f6fb0\jpeg_q70.jpg
imagen3_04e3097ac2f57647,jpeg_q70,imagen3,imagen3,1,0.3551551401615143,data\cache\clean\test\imagen3_04e3097ac2f57647\jpeg_q70.jpg
imagen3_07747d6ffd056bee,jpeg_q70,imagen3,imagen3,1,0.0023727675434201956,data\cache\clean\test\imagen3_07747d6ffd056bee\jpeg_q70.jpg
imagen3_13641,jpeg_q70,imagen3,imagen3,1,0.3928426206111908,data\cache\clean\test\imagen3_13641\jpeg_q70.jpg
imagen3_13ed1f9391224848,jpeg_q70,imagen3,imagen3,1,0.05727091431617737,data\cache\clean\test\imagen3_13ed1f9391224848\jpeg_q70.jpg
imagen3_17643da56f35c6f7,jpeg_q70,imagen3,imagen3,1,6.066654350433964e-06,data\cache\clean\test\imagen3_17643da56f35c6f7\jpeg_q70.jpg
imagen3_24629,jpeg_q70,imagen3,imagen3,1,0.43721744418144226,data\cache\clean\test\imagen3_24629\jpeg_q70.jpg
imagen3_24e64d19ddde11cb,jpeg_q70,imagen3,imagen3,1,5.53779599954396e-09,data\cache\clean\test\imagen3_24e64d19ddde11cb\jpeg_q70.jpg
imagen3_260ae6b06f1f50e2,jpeg_q70,imagen3,imagen3,1,6.306425802904414e-06,data\cache\clean\test\imagen3_260ae6b06f1f50e2\jpeg_q70.jpg
imagen3_2be4510162a8a76e,jpeg_q70,imagen3,imagen3,1,0.008421625941991806,data\cache\clean\test\imagen3_2be4510162a8a76e\jpeg_q70.jpg
imagen3_3403b18fc93acbfc,jpeg_q70,imagen3,imagen3,1,0.0008510670741088688,data\cache\clean\test\imagen3_3403b18fc93acbfc\jpeg_q70.jpg
imagen3_43058,jpeg_q70,imagen3,imagen3,1,0.0002878441591747105,data\cache\clean\test\imagen3_43058\jpeg_q70.jpg
imagen3_43208,jpeg_q70,imagen3,imagen3,1,0.22911250591278076,data\cache\clean\test\imagen3_43208\jpeg_q70.jpg
imagen3_44015,jpeg_q70,imagen3,imagen3,1,0.003194494405761361,data\cache\clean\test\imagen3_44015\jpeg_q70.jpg
imagen3_44476,jpeg_q70,imagen3,imagen3,1,0.031969789415597916,data\cache\clean\test\imagen3_44476\jpeg_q70.jpg
imagen3_46922,jpeg_q70,imagen3,imagen3,1,0.04013621434569359,data\cache\clean\test\imagen3_46922\jpeg_q70.jpg
imagen3_51659,jpeg_q70,imagen3,imagen3,1,0.1555808037519455,data\cache\clean\test\imagen3_51659\jpeg_q70.jpg
imagen3_519f5c348fe55fcd,jpeg_q70,imagen3,imagen3,1,0.0010078249033540487,data\cache\clean\test\imagen3_519f5c348fe55fcd\jpeg_q70.jpg
imagen3_52115,jpeg_q70,imagen3,imagen3,1,0.07564626634120941,data\cache\clean\test\imagen3_52115\jpeg_q70.jpg
imagen3_52520,jpeg_q70,imagen3,imagen3,1,0.03411062806844711,data\cache\clean\test\imagen3_52520\jpeg_q70.jpg
imagen3_53132,jpeg_q70,imagen3,imagen3,1,0.27796101570129395,data\cache\clean\test\imagen3_53132\jpeg_q70.jpg
imagen3_53632,jpeg_q70,imagen3,imagen3,1,0.3057793974876404,data\cache\clean\test\imagen3_53632\jpeg_q70.jpg
imagen3_560ead164dab63a5,jpeg_q70,imagen3,imagen3,1,0.14996904134750366,data\cache\clean\test\imagen3_560ead164dab63a5\jpeg_q70.jpg
imagen3_5e95809bd47d157b,jpeg_q70,imagen3,imagen3,1,0.013140147551894188,data\cache\clean\test\imagen3_5e95809bd47d157b\jpeg_q70.jpg
imagen3_69467160e53f71bc,jpeg_q70,imagen3,imagen3,1,0.03213895857334137,data\cache\clean\test\imagen3_69467160e53f71bc\jpeg_q70.jpg
imagen3_6a8270ea182a9194,jpeg_q70,imagen3,imagen3,1,0.00012128035450587049,data\cache\clean\test\imagen3_6a8270ea182a9194\jpeg_q70.jpg
imagen3_6c7624322b04ce43,jpeg_q70,imagen3,imagen3,1,9.925451740855351e-05,data\cache\clean\test\imagen3_6c7624322b04ce43\jpeg_q70.jpg
imagen3_77fb2d4f372634f8,jpeg_q70,imagen3,imagen3,1,0.017825473099946976,data\cache\clean\test\imagen3_77fb2d4f372634f8\jpeg_q70.jpg
imagen3_7ee1485909c59826,jpeg_q70,imagen3,imagen3,1,0.0021397655364125967,data\cache\clean\test\imagen3_7ee1485909c59826\jpeg_q70.jpg
imagen3_8b13dc3bff918841,jpeg_q70,imagen3,imagen3,1,0.024161597713828087,data\cache\clean\test\imagen3_8b13dc3bff918841\jpeg_q70.jpg
imagen3_8e6f8acd28fd8f35,jpeg_q70,imagen3,imagen3,1,0.32890769839286804,data\cache\clean\test\imagen3_8e6f8acd28fd8f35\jpeg_q70.jpg
imagen3_9e82651e214a25c8,jpeg_q70,imagen3,imagen3,1,0.000482896197354421,data\cache\clean\test\imagen3_9e82651e214a25c8\jpeg_q70.jpg
imagen3_a1b5be9a5f0d1f7a,jpeg_q70,imagen3,imagen3,1,0.07736331224441528,data\cache\clean\test\imagen3_a1b5be9a5f0d1f7a\jpeg_q70.jpg
imagen3_aa13646e437b7afa,jpeg_q70,imagen3,imagen3,1,0.0009383756550960243,data\cache\clean\test\imagen3_aa13646e437b7afa\jpeg_q70.jpg
imagen3_ad860df8c2a1a848,jpeg_q70,imagen3,imagen3,1,0.001003638724796474,data\cache\clean\test\imagen3_ad860df8c2a1a848\jpeg_q70.jpg
imagen3_b69c9976ced306d1,jpeg_q70,imagen3,imagen3,1,0.11933837831020355,data\cache\clean\test\imagen3_b69c9976ced306d1\jpeg_q70.jpg
imagen3_ca44bb7db1e73a9a,jpeg_q70,imagen3,imagen3,1,0.028403276577591896,data\cache\clean\test\imagen3_ca44bb7db1e73a9a\jpeg_q70.jpg
imagen3_d326e7c87fb1d966,jpeg_q70,imagen3,imagen3,1,0.002724934834986925,data\cache\clean\test\imagen3_d326e7c87fb1d966\jpeg_q70.jpg
imagen3_e63f3b6f8bdee43a,jpeg_q70,imagen3,imagen3,1,0.006200889591127634,data\cache\clean\test\imagen3_e63f3b6f8bdee43a\jpeg_q70.jpg
imagen3_ea646e585cc24088,jpeg_q70,imagen3,imagen3,1,0.006999886129051447,data\cache\clean\test\imagen3_ea646e585cc24088\jpeg_q70.jpg
imagen3_eaf94916ce926270,jpeg_q70,imagen3,imagen3,1,0.05784342437982559,data\cache\clean\test\imagen3_eaf94916ce926270\jpeg_q70.jpg
imagen3_f2da05bffbe27dab,jpeg_q70,imagen3,imagen3,1,0.15526865422725677,data\cache\clean\test\imagen3_f2da05bffbe27dab\jpeg_q70.jpg
imagen3_fd568a2839353a92,jpeg_q70,imagen3,imagen3,1,0.45388415455818176,data\cache\clean\test\imagen3_fd568a2839353a92\jpeg_q70.jpg
imagen3_fe7048efd51b15b8,jpeg_q70,imagen3,imagen3,1,3.915611159754917e-05,data\cache\clean\test\imagen3_fe7048efd51b15b8\jpeg_q70.jpg
imagen3_Imagen3_1208,jpeg_q70,imagen3,imagen3,1,0.06077924743294716,data\cache\clean\test\imagen3_Imagen3_1208\jpeg_q70.jpg
imagen3_Imagen3_2403,jpeg_q70,imagen3,imagen3,1,0.21349121630191803,data\cache\clean\test\imagen3_Imagen3_2403\jpeg_q70.jpg
imagen3_Imagen3_3004,jpeg_q70,imagen3,imagen3,1,0.1487046331167221,data\cache\clean\test\imagen3_Imagen3_3004\jpeg_q70.jpg
imagen3_Imagen3_3546,jpeg_q70,imagen3,imagen3,1,0.021836698055267334,data\cache\clean\test\imagen3_Imagen3_3546\jpeg_q70.jpg
imagen3_Imagen3_3556,jpeg_q70,imagen3,imagen3,1,0.017893681302666664,data\cache\clean\test\imagen3_Imagen3_3556\jpeg_q70.jpg
sidset_full_synthetic_001692,jpeg_q70,sidset,full_synthetic,1,0.3712615668773651,data\cache\clean\test\sidset_full_synthetic_001692\jpeg_q70.jpg
sidset_full_synthetic_017359,jpeg_q70,sidset,full_synthetic,1,0.029112230986356735,data\cache\clean\test\sidset_full_synthetic_017359\jpeg_q70.jpg
sidset_full_synthetic_031321,jpeg_q70,sidset,full_synthetic,1,0.4784198999404907,data\cache\clean\test\sidset_full_synthetic_031321\jpeg_q70.jpg
sidset_full_synthetic_033528,jpeg_q70,sidset,full_synthetic,1,0.4091847836971283,data\cache\clean\test\sidset_full_synthetic_033528\jpeg_q70.jpg
sidset_full_synthetic_038531,jpeg_q70,sidset,full_synthetic,1,0.12738288938999176,data\cache\clean\test\sidset_full_synthetic_038531\jpeg_q70.jpg
sidset_full_synthetic_046026,jpeg_q70,sidset,full_synthetic,1,0.07820115238428116,data\cache\clean\test\sidset_full_synthetic_046026\jpeg_q70.jpg
sidset_full_synthetic_060524,jpeg_q70,sidset,full_synthetic,1,0.02219991944730282,data\cache\clean\test\sidset_full_synthetic_060524\jpeg_q70.jpg
sidset_full_synthetic_062086,jpeg_q70,sidset,full_synthetic,1,0.38954436779022217,data\cache\clean\test\sidset_full_synthetic_062086\jpeg_q70.jpg
sidset_full_synthetic_063062,jpeg_q70,sidset,full_synthetic,1,0.016273872926831245,data\cache\clean\test\sidset_full_synthetic_063062\jpeg_q70.jpg
stylegan_xl_0097a2e24789bc7a,jpeg_q70,stylegan_xl,stylegan_xl,1,0.0028857202269136906,data\cache\clean\test\stylegan_xl_0097a2e24789bc7a\jpeg_q70.jpg
stylegan_xl_00a4591cf03df584,jpeg_q70,stylegan_xl,stylegan_xl,1,5.860052624484524e-06,data\cache\clean\test\stylegan_xl_00a4591cf03df584\jpeg_q70.jpg
stylegan_xl_031391f1ab18ab62,jpeg_q70,stylegan_xl,stylegan_xl,1,0.011801437474787235,data\cache\clean\test\stylegan_xl_031391f1ab18ab62\jpeg_q70.jpg
stylegan_xl_0a4244f8a9185bad,jpeg_q70,stylegan_xl,stylegan_xl,1,0.08594866842031479,data\cache\clean\test\stylegan_xl_0a4244f8a9185bad\jpeg_q70.jpg
stylegan_xl_0f7efa4c31bcd8f4,jpeg_q70,stylegan_xl,stylegan_xl,1,0.0014726255321875215,data\cache\clean\test\stylegan_xl_0f7efa4c31bcd8f4\jpeg_q70.jpg
stylegan_xl_1060d58257bc5130,jpeg_q70,stylegan_xl,stylegan_xl,1,0.0007918997434899211,data\cache\clean\test\stylegan_xl_1060d58257bc5130\jpeg_q70.jpg
stylegan_xl_1440252ff76f525f,jpeg_q70,stylegan_xl,stylegan_xl,1,0.09431634098291397,data\cache\clean\test\stylegan_xl_1440252ff76f525f\jpeg_q70.jpg
stylegan_xl_17f8bf0ef8d2f478,jpeg_q70,stylegan_xl,stylegan_xl,1,0.004061911720782518,data\cache\clean\test\stylegan_xl_17f8bf0ef8d2f478\jpeg_q70.jpg
stylegan_xl_2013fe0d44f84041,jpeg_q70,stylegan_xl,stylegan_xl,1,1.1141331924591213e-05,data\cache\clean\test\stylegan_xl_2013fe0d44f84041\jpeg_q70.jpg
stylegan_xl_324e332686aa6966,jpeg_q70,stylegan_xl,stylegan_xl,1,0.014998923987150192,data\cache\clean\test\stylegan_xl_324e332686aa6966\jpeg_q70.jpg
stylegan_xl_3621cf0be1fc8d68,jpeg_q70,stylegan_xl,stylegan_xl,1,0.17285585403442383,data\cache\clean\test\stylegan_xl_3621cf0be1fc8d68\jpeg_q70.jpg
stylegan_xl_3b5e18f8fc06450d,jpeg_q70,stylegan_xl,stylegan_xl,1,0.00011219675070606172,data\cache\clean\test\stylegan_xl_3b5e18f8fc06450d\jpeg_q70.jpg
stylegan_xl_43847,jpeg_q70,stylegan_xl,stylegan_xl,1,0.026009920984506607,data\cache\clean\test\stylegan_xl_43847\jpeg_q70.jpg
stylegan_xl_45602,jpeg_q70,stylegan_xl,stylegan_xl,1,0.0072467876598238945,data\cache\clean\test\stylegan_xl_45602\jpeg_q70.jpg
stylegan_xl_48611,jpeg_q70,stylegan_xl,stylegan_xl,1,0.00039899529656395316,data\cache\clean\test\stylegan_xl_48611\jpeg_q70.jpg
stylegan_xl_49074,jpeg_q70,stylegan_xl,stylegan_xl,1,0.06861936300992966,data\cache\clean\test\stylegan_xl_49074\jpeg_q70.jpg
stylegan_xl_49539,jpeg_q70,stylegan_xl,stylegan_xl,1,0.2569601535797119,data\cache\clean\test\stylegan_xl_49539\jpeg_q70.jpg
stylegan_xl_4f991f9638e28675,jpeg_q70,stylegan_xl,stylegan_xl,1,0.006437065079808235,data\cache\clean\test\stylegan_xl_4f991f9638e28675\jpeg_q70.jpg
stylegan_xl_53453,jpeg_q70,stylegan_xl,stylegan_xl,1,0.01764729805290699,data\cache\clean\test\stylegan_xl_53453\jpeg_q70.jpg
stylegan_xl_53551,jpeg_q70,stylegan_xl,stylegan_xl,1,0.40766650438308716,data\cache\clean\test\stylegan_xl_53551\jpeg_q70.jpg
stylegan_xl_548aed682dc65ef2,jpeg_q70,stylegan_xl,stylegan_xl,1,0.08680438995361328,data\cache\clean\test\stylegan_xl_548aed682dc65ef2\jpeg_q70.jpg
stylegan_xl_60ed9d3511d333bf,jpeg_q70,stylegan_xl,stylegan_xl,1,0.00016032262647058815,data\cache\clean\test\stylegan_xl_60ed9d3511d333bf\jpeg_q70.jpg
stylegan_xl_65bb283a1280639e,jpeg_q70,stylegan_xl,stylegan_xl,1,0.0735720545053482,data\cache\clean\test\stylegan_xl_65bb283a1280639e\jpeg_q70.jpg
stylegan_xl_729fee52c5b7f95b,jpeg_q70,stylegan_xl,stylegan_xl,1,0.09124696254730225,data\cache\clean\test\stylegan_xl_729fee52c5b7f95b\jpeg_q70.jpg
stylegan_xl_7d433e90bcd7bd53,jpeg_q70,stylegan_xl,stylegan_xl,1,0.00013285329623613507,data\cache\clean\test\stylegan_xl_7d433e90bcd7bd53\jpeg_q70.jpg
stylegan_xl_7ffebe6032f8209f,jpeg_q70,stylegan_xl,stylegan_xl,1,0.31139492988586426,data\cache\clean\test\stylegan_xl_7ffebe6032f8209f\jpeg_q70.jpg
stylegan_xl_80fc8be6e7c11eb3,jpeg_q70,stylegan_xl,stylegan_xl,1,2.7284029329166515e-06,data\cache\clean\test\stylegan_xl_80fc8be6e7c11eb3\jpeg_q70.jpg
stylegan_xl_8461b1ae87c22c20,jpeg_q70,stylegan_xl,stylegan_xl,1,0.029213862493634224,data\cache\clean\test\stylegan_xl_8461b1ae87c22c20\jpeg_q70.jpg
stylegan_xl_8f9dfd75dde8914f,jpeg_q70,stylegan_xl,stylegan_xl,1,0.0010009139077737927,data\cache\clean\test\stylegan_xl_8f9dfd75dde8914f\jpeg_q70.jpg
stylegan_xl_a1ed16fffc5ecb68,jpeg_q70,stylegan_xl,stylegan_xl,1,0.0038577192462980747,data\cache\clean\test\stylegan_xl_a1ed16fffc5ecb68\jpeg_q70.jpg
stylegan_xl_a72f3ace10a8f550,jpeg_q70,stylegan_xl,stylegan_xl,1,6.0527272580657154e-06,data\cache\clean\test\stylegan_xl_a72f3ace10a8f550\jpeg_q70.jpg
stylegan_xl_cf9c332a1ebfb587,jpeg_q70,stylegan_xl,stylegan_xl,1,0.019830716773867607,data\cache\clean\test\stylegan_xl_cf9c332a1ebfb587\jpeg_q70.jpg
stylegan_xl_d686a15f05d09472,jpeg_q70,stylegan_xl,stylegan_xl,1,0.14246147871017456,data\cache\clean\test\stylegan_xl_d686a15f05d09472\jpeg_q70.jpg
stylegan_xl_e4b8e7ef72cabaf2,jpeg_q70,stylegan_xl,stylegan_xl,1,0.0019318185513839126,data\cache\clean\test\stylegan_xl_e4b8e7ef72cabaf2\jpeg_q70.jpg
stylegan_xl_f2ea3473d8b1a62f,jpeg_q70,stylegan_xl,stylegan_xl,1,0.00011900383105967194,data\cache\clean\test\stylegan_xl_f2ea3473d8b1a62f\jpeg_q70.jpg
stylegan_xl_fef6a66b8deaa7ab,jpeg_q70,stylegan_xl,stylegan_xl,1,0.00011522592103574425,data\cache\clean\test\stylegan_xl_fef6a66b8deaa7ab\jpeg_q70.jpg
cifake_1028 (10),jpeg_q90,cifake,stable_diffusion,1,0.1629069447517395,data\cache\clean\test\cifake_1028 (10)\jpeg_q90.jpg
cifake_2787 (7),jpeg_q90,cifake,stable_diffusion,1,0.28662562370300293,data\cache\clean\test\cifake_2787 (7)\jpeg_q90.jpg
cifake_2850 (3),jpeg_q90,cifake,stable_diffusion,1,0.09201978892087936,data\cache\clean\test\cifake_2850 (3)\jpeg_q90.jpg
cifake_3582 (9),jpeg_q90,cifake,stable_diffusion,1,0.4652140140533447,data\cache\clean\test\cifake_3582 (9)\jpeg_q90.jpg
cifake_4127 (3),jpeg_q90,cifake,stable_diffusion,1,0.23598654568195343,data\cache\clean\test\cifake_4127 (3)\jpeg_q90.jpg
cifake_4221 (2),jpeg_q90,cifake,stable_diffusion,1,0.21744756400585175,data\cache\clean\test\cifake_4221 (2)\jpeg_q90.jpg
cifake_4615 (3),jpeg_q90,cifake,stable_diffusion,1,0.05544786900281906,data\cache\clean\test\cifake_4615 (3)\jpeg_q90.jpg
cifake_5607 (3),jpeg_q90,cifake,stable_diffusion,1,0.45907241106033325,data\cache\clean\test\cifake_5607 (3)\jpeg_q90.jpg
cifake_5845 (9),jpeg_q90,cifake,stable_diffusion,1,0.42791086435317993,data\cache\clean\test\cifake_5845 (9)\jpeg_q90.jpg
cifake_75,jpeg_q90,cifake,stable_diffusion,1,0.3551112413406372,data\cache\clean\test\cifake_75\jpeg_q90.jpg
cifake_954 (9),jpeg_q90,cifake,stable_diffusion,1,0.11031408607959747,data\cache\clean\test\cifake_954 (9)\jpeg_q90.jpg
dalle_19157,jpeg_q90,dalle,dalle,1,0.06236613169312477,data\cache\clean\test\dalle_19157\jpeg_q90.jpg
dalle_2561,jpeg_q90,dalle,dalle,1,0.03199530020356178,data\cache\clean\test\dalle_2561\jpeg_q90.jpg
dalle_27029,jpeg_q90,dalle,dalle,1,0.339139848947525,data\cache\clean\test\dalle_27029\jpeg_q90.jpg
dalle_28,jpeg_q90,dalle,dalle,1,0.11341405659914017,data\cache\clean\test\dalle_28\jpeg_q90.jpg
dalle_3007,jpeg_q90,dalle,dalle,1,0.10794480890035629,data\cache\clean\test\dalle_3007\jpeg_q90.jpg
dalle_33159,jpeg_q90,dalle,dalle,1,0.031279899179935455,data\cache\clean\test\dalle_33159\jpeg_q90.jpg
dalle_3c589aa7fd4a6705f1fd7918daf4ffb9,jpeg_q90,dalle,dalle,1,0.17414720356464386,data\cache\clean\test\dalle_3c589aa7fd4a6705f1fd7918daf4ffb9\jpeg_q90.jpg
dalle_41791,jpeg_q90,dalle,dalle,1,0.09390794485807419,data\cache\clean\test\dalle_41791\jpeg_q90.jpg
dalle_5781,jpeg_q90,dalle,dalle,1,0.43660786747932434,data\cache\clean\test\dalle_5781\jpeg_q90.jpg
dalle_6f0f61883f111368d770c54801f33449,jpeg_q90,dalle,dalle,1,0.004862915724515915,data\cache\clean\test\dalle_6f0f61883f111368d770c54801f33449\jpeg_q90.jpg
dalle_8017,jpeg_q90,dalle,dalle,1,0.4898453652858734,data\cache\clean\test\dalle_8017\jpeg_q90.jpg
dalle_fcb663a4c7f01f5a548e4c1088d00a91,jpeg_q90,dalle,dalle,1,0.4787977933883667,data\cache\clean\test\dalle_fcb663a4c7f01f5a548e4c1088d00a91\jpeg_q90.jpg
gigagan_05738,jpeg_q90,gigagan,gigagan,1,0.014503237791359425,data\cache\clean\test\gigagan_05738\jpeg_q90.jpg
gigagan_06526,jpeg_q90,gigagan,gigagan,1,0.05019384250044823,data\cache\clean\test\gigagan_06526\jpeg_q90.jpg
gigagan_07350,jpeg_q90,gigagan,gigagan,1,0.006230278871953487,data\cache\clean\test\gigagan_07350\jpeg_q90.jpg
gigagan_07676,jpeg_q90,gigagan,gigagan,1,0.31097978353500366,data\cache\clean\test\gigagan_07676\jpeg_q90.jpg
gigagan_08561,jpeg_q90,gigagan,gigagan,1,0.3485189378261566,data\cache\clean\test\gigagan_08561\jpeg_q90.jpg
gigagan_10914,jpeg_q90,gigagan,gigagan,1,0.0007345917983911932,data\cache\clean\test\gigagan_10914\jpeg_q90.jpg
gigagan_14071,jpeg_q90,gigagan,gigagan,1,0.0007171995239332318,data\cache\clean\test\gigagan_14071\jpeg_q90.jpg
gigagan_14946,jpeg_q90,gigagan,gigagan,1,0.002570285927504301,data\cache\clean\test\gigagan_14946\jpeg_q90.jpg
gigagan_15561,jpeg_q90,gigagan,gigagan,1,0.0014697478618472815,data\cache\clean\test\gigagan_15561\jpeg_q90.jpg
gigagan_20207,jpeg_q90,gigagan,gigagan,1,0.06527858972549438,data\cache\clean\test\gigagan_20207\jpeg_q90.jpg
gigagan_20327,jpeg_q90,gigagan,gigagan,1,0.001756506273522973,data\cache\clean\test\gigagan_20327\jpeg_q90.jpg
gigagan_20468,jpeg_q90,gigagan,gigagan,1,0.06308767199516296,data\cache\clean\test\gigagan_20468\jpeg_q90.jpg
gigagan_21611,jpeg_q90,gigagan,gigagan,1,0.028869129717350006,data\cache\clean\test\gigagan_21611\jpeg_q90.jpg
gigagan_22418,jpeg_q90,gigagan,gigagan,1,0.15762123465538025,data\cache\clean\test\gigagan_22418\jpeg_q90.jpg
gigagan_24679,jpeg_q90,gigagan,gigagan,1,0.00979689322412014,data\cache\clean\test\gigagan_24679\jpeg_q90.jpg
gigagan_24726,jpeg_q90,gigagan,gigagan,1,0.05311468988656998,data\cache\clean\test\gigagan_24726\jpeg_q90.jpg
gigagan_25090,jpeg_q90,gigagan,gigagan,1,0.003653567982837558,data\cache\clean\test\gigagan_25090\jpeg_q90.jpg
imagen3_045e6da6fd7f6fb0,jpeg_q90,imagen3,imagen3,1,0.03683449700474739,data\cache\clean\test\imagen3_045e6da6fd7f6fb0\jpeg_q90.jpg
imagen3_04e3097ac2f57647,jpeg_q90,imagen3,imagen3,1,0.48346003890037537,data\cache\clean\test\imagen3_04e3097ac2f57647\jpeg_q90.jpg
imagen3_07747d6ffd056bee,jpeg_q90,imagen3,imagen3,1,0.004589091055095196,data\cache\clean\test\imagen3_07747d6ffd056bee\jpeg_q90.jpg
imagen3_13ed1f9391224848,jpeg_q90,imagen3,imagen3,1,0.05543065071105957,data\cache\clean\test\imagen3_13ed1f9391224848\jpeg_q90.jpg
imagen3_15906,jpeg_q90,imagen3,imagen3,1,0.05910034105181694,data\cache\clean\test\imagen3_15906\jpeg_q90.jpg
imagen3_17643da56f35c6f7,jpeg_q90,imagen3,imagen3,1,8.374934623134322e-06,data\cache\clean\test\imagen3_17643da56f35c6f7\jpeg_q90.jpg
imagen3_24629,jpeg_q90,imagen3,imagen3,1,0.05218825489282608,data\cache\clean\test\imagen3_24629\jpeg_q90.jpg
imagen3_24e64d19ddde11cb,jpeg_q90,imagen3,imagen3,1,6.162676591259242e-09,data\cache\clean\test\imagen3_24e64d19ddde11cb\jpeg_q90.jpg
imagen3_260ae6b06f1f50e2,jpeg_q90,imagen3,imagen3,1,1.3461351045407355e-05,data\cache\clean\test\imagen3_260ae6b06f1f50e2\jpeg_q90.jpg
imagen3_2be4510162a8a76e,jpeg_q90,imagen3,imagen3,1,0.007093303836882114,data\cache\clean\test\imagen3_2be4510162a8a76e\jpeg_q90.jpg
imagen3_3403b18fc93acbfc,jpeg_q90,imagen3,imagen3,1,0.0028170845471322536,data\cache\clean\test\imagen3_3403b18fc93acbfc\jpeg_q90.jpg
imagen3_43058,jpeg_q90,imagen3,imagen3,1,0.0001020000345306471,data\cache\clean\test\imagen3_43058\jpeg_q90.jpg
imagen3_43208,jpeg_q90,imagen3,imagen3,1,0.040862083435058594,data\cache\clean\test\imagen3_43208\jpeg_q90.jpg
imagen3_44015,jpeg_q90,imagen3,imagen3,1,0.0024100339505821466,data\cache\clean\test\imagen3_44015\jpeg_q90.jpg
imagen3_44476,jpeg_q90,imagen3,imagen3,1,0.025262201204895973,data\cache\clean\test\imagen3_44476\jpeg_q90.jpg
imagen3_46922,jpeg_q90,imagen3,imagen3,1,0.027502302080392838,data\cache\clean\test\imagen3_46922\jpeg_q90.jpg
imagen3_473ffc5e3d5dc373,jpeg_q90,imagen3,imagen3,1,0.41599729657173157,data\cache\clean\test\imagen3_473ffc5e3d5dc373\jpeg_q90.jpg
imagen3_48301,jpeg_q90,imagen3,imagen3,1,0.32724347710609436,data\cache\clean\test\imagen3_48301\jpeg_q90.jpg
imagen3_51659,jpeg_q90,imagen3,imagen3,1,0.08541495352983475,data\cache\clean\test\imagen3_51659\jpeg_q90.jpg
imagen3_519f5c348fe55fcd,jpeg_q90,imagen3,imagen3,1,0.002362215658649802,data\cache\clean\test\imagen3_519f5c348fe55fcd\jpeg_q90.jpg
imagen3_52115,jpeg_q90,imagen3,imagen3,1,0.11211635172367096,data\cache\clean\test\imagen3_52115\jpeg_q90.jpg
imagen3_52520,jpeg_q90,imagen3,imagen3,1,0.00855165347456932,data\cache\clean\test\imagen3_52520\jpeg_q90.jpg
imagen3_53132,jpeg_q90,imagen3,imagen3,1,0.392646849155426,data\cache\clean\test\imagen3_53132\jpeg_q90.jpg
imagen3_53632,jpeg_q90,imagen3,imagen3,1,0.07130537927150726,data\cache\clean\test\imagen3_53632\jpeg_q90.jpg
imagen3_560ead164dab63a5,jpeg_q90,imagen3,imagen3,1,0.2635735869407654,data\cache\clean\test\imagen3_560ead164dab63a5\jpeg_q90.jpg
imagen3_5e95809bd47d157b,jpeg_q90,imagen3,imagen3,1,0.01643640175461769,data\cache\clean\test\imagen3_5e95809bd47d157b\jpeg_q90.jpg
imagen3_69467160e53f71bc,jpeg_q90,imagen3,imagen3,1,0.02841227687895298,data\cache\clean\test\imagen3_69467160e53f71bc\jpeg_q90.jpg
imagen3_6a8270ea182a9194,jpeg_q90,imagen3,imagen3,1,0.0001170221803477034,data\cache\clean\test\imagen3_6a8270ea182a9194\jpeg_q90.jpg
imagen3_6c7624322b04ce43,jpeg_q90,imagen3,imagen3,1,3.822932922048494e-05,data\cache\clean\test\imagen3_6c7624322b04ce43\jpeg_q90.jpg
imagen3_77fb2d4f372634f8,jpeg_q90,imagen3,imagen3,1,0.0008599824504926801,data\cache\clean\test\imagen3_77fb2d4f372634f8\jpeg_q90.jpg
imagen3_7ee1485909c59826,jpeg_q90,imagen3,imagen3,1,0.0027676154859364033,data\cache\clean\test\imagen3_7ee1485909c59826\jpeg_q90.jpg
imagen3_8b13dc3bff918841,jpeg_q90,imagen3,imagen3,1,0.07796899974346161,data\cache\clean\test\imagen3_8b13dc3bff918841\jpeg_q90.jpg
imagen3_8c20e4bf83ffff36,jpeg_q90,imagen3,imagen3,1,0.22814832627773285,data\cache\clean\test\imagen3_8c20e4bf83ffff36\jpeg_q90.jpg
imagen3_8e6f8acd28fd8f35,jpeg_q90,imagen3,imagen3,1,0.14969824254512787,data\cache\clean\test\imagen3_8e6f8acd28fd8f35\jpeg_q90.jpg
imagen3_9e82651e214a25c8,jpeg_q90,imagen3,imagen3,1,0.00039991625817492604,data\cache\clean\test\imagen3_9e82651e214a25c8\jpeg_q90.jpg
imagen3_a1b5be9a5f0d1f7a,jpeg_q90,imagen3,imagen3,1,0.14629597961902618,data\cache\clean\test\imagen3_a1b5be9a5f0d1f7a\jpeg_q90.jpg
imagen3_aa13646e437b7afa,jpeg_q90,imagen3,imagen3,1,0.00030041951686143875,data\cache\clean\test\imagen3_aa13646e437b7afa\jpeg_q90.jpg
imagen3_ad860df8c2a1a848,jpeg_q90,imagen3,imagen3,1,0.0013052684953436255,data\cache\clean\test\imagen3_ad860df8c2a1a848\jpeg_q90.jpg
imagen3_b69c9976ced306d1,jpeg_q90,imagen3,imagen3,1,0.08584023267030716,data\cache\clean\test\imagen3_b69c9976ced306d1\jpeg_q90.jpg
imagen3_ca44bb7db1e73a9a,jpeg_q90,imagen3,imagen3,1,0.13379216194152832,data\cache\clean\test\imagen3_ca44bb7db1e73a9a\jpeg_q90.jpg
imagen3_d326e7c87fb1d966,jpeg_q90,imagen3,imagen3,1,0.0027475866954773664,data\cache\clean\test\imagen3_d326e7c87fb1d966\jpeg_q90.jpg
imagen3_e63f3b6f8bdee43a,jpeg_q90,imagen3,imagen3,1,0.009895550087094307,data\cache\clean\test\imagen3_e63f3b6f8bdee43a\jpeg_q90.jpg
imagen3_ea646e585cc24088,jpeg_q90,imagen3,imagen3,1,0.006644781678915024,data\cache\clean\test\imagen3_ea646e585cc24088\jpeg_q90.jpg
imagen3_eaf94916ce926270,jpeg_q90,imagen3,imagen3,1,0.055012837052345276,data\cache\clean\test\imagen3_eaf94916ce926270\jpeg_q90.jpg
imagen3_f2da05bffbe27dab,jpeg_q90,imagen3,imagen3,1,0.4613281786441803,data\cache\clean\test\imagen3_f2da05bffbe27dab\jpeg_q90.jpg
imagen3_fd568a2839353a92,jpeg_q90,imagen3,imagen3,1,0.4454784095287323,data\cache\clean\test\imagen3_fd568a2839353a92\jpeg_q90.jpg
imagen3_fe7048efd51b15b8,jpeg_q90,imagen3,imagen3,1,3.8576286897296086e-05,data\cache\clean\test\imagen3_fe7048efd51b15b8\jpeg_q90.jpg
imagen3_Imagen3_1208,jpeg_q90,imagen3,imagen3,1,0.2281765341758728,data\cache\clean\test\imagen3_Imagen3_1208\jpeg_q90.jpg
imagen3_Imagen3_2403,jpeg_q90,imagen3,imagen3,1,0.45741206407546997,data\cache\clean\test\imagen3_Imagen3_2403\jpeg_q90.jpg
imagen3_Imagen3_3546,jpeg_q90,imagen3,imagen3,1,0.03770289570093155,data\cache\clean\test\imagen3_Imagen3_3546\jpeg_q90.jpg
imagen3_Imagen3_3556,jpeg_q90,imagen3,imagen3,1,0.38880595564842224,data\cache\clean\test\imagen3_Imagen3_3556\jpeg_q90.jpg
sidset_full_synthetic_001692,jpeg_q90,sidset,full_synthetic,1,0.17217238247394562,data\cache\clean\test\sidset_full_synthetic_001692\jpeg_q90.jpg
sidset_full_synthetic_017359,jpeg_q90,sidset,full_synthetic,1,0.10148243606090546,data\cache\clean\test\sidset_full_synthetic_017359\jpeg_q90.jpg
sidset_full_synthetic_046026,jpeg_q90,sidset,full_synthetic,1,0.07318763434886932,data\cache\clean\test\sidset_full_synthetic_046026\jpeg_q90.jpg
sidset_full_synthetic_060524,jpeg_q90,sidset,full_synthetic,1,0.14883793890476227,data\cache\clean\test\sidset_full_synthetic_060524\jpeg_q90.jpg
sidset_full_synthetic_063062,jpeg_q90,sidset,full_synthetic,1,0.032578013837337494,data\cache\clean\test\sidset_full_synthetic_063062\jpeg_q90.jpg
stylegan_xl_0097a2e24789bc7a,jpeg_q90,stylegan_xl,stylegan_xl,1,0.0064667947590351105,data\cache\clean\test\stylegan_xl_0097a2e24789bc7a\jpeg_q90.jpg
stylegan_xl_00a4591cf03df584,jpeg_q90,stylegan_xl,stylegan_xl,1,2.179312332373229e-06,data\cache\clean\test\stylegan_xl_00a4591cf03df584\jpeg_q90.jpg
stylegan_xl_031391f1ab18ab62,jpeg_q90,stylegan_xl,stylegan_xl,1,0.16922026872634888,data\cache\clean\test\stylegan_xl_031391f1ab18ab62\jpeg_q90.jpg
stylegan_xl_0a4244f8a9185bad,jpeg_q90,stylegan_xl,stylegan_xl,1,0.0781128779053688,data\cache\clean\test\stylegan_xl_0a4244f8a9185bad\jpeg_q90.jpg
stylegan_xl_0f7efa4c31bcd8f4,jpeg_q90,stylegan_xl,stylegan_xl,1,0.001208626781590283,data\cache\clean\test\stylegan_xl_0f7efa4c31bcd8f4\jpeg_q90.jpg
stylegan_xl_1060d58257bc5130,jpeg_q90,stylegan_xl,stylegan_xl,1,0.0006944715860299766,data\cache\clean\test\stylegan_xl_1060d58257bc5130\jpeg_q90.jpg
stylegan_xl_1440252ff76f525f,jpeg_q90,stylegan_xl,stylegan_xl,1,0.15962791442871094,data\cache\clean\test\stylegan_xl_1440252ff76f525f\jpeg_q90.jpg
stylegan_xl_17f8bf0ef8d2f478,jpeg_q90,stylegan_xl,stylegan_xl,1,0.011143415234982967,data\cache\clean\test\stylegan_xl_17f8bf0ef8d2f478\jpeg_q90.jpg
stylegan_xl_2013fe0d44f84041,jpeg_q90,stylegan_xl,stylegan_xl,1,1.1154323146911338e-05,data\cache\clean\test\stylegan_xl_2013fe0d44f84041\jpeg_q90.jpg
stylegan_xl_324e332686aa6966,jpeg_q90,stylegan_xl,stylegan_xl,1,0.03936729207634926,data\cache\clean\test\stylegan_xl_324e332686aa6966\jpeg_q90.jpg
stylegan_xl_3621cf0be1fc8d68,jpeg_q90,stylegan_xl,stylegan_xl,1,0.21818400919437408,data\cache\clean\test\stylegan_xl_3621cf0be1fc8d68\jpeg_q90.jpg
stylegan_xl_3b5e18f8fc06450d,jpeg_q90,stylegan_xl,stylegan_xl,1,0.00032563722925260663,data\cache\clean\test\stylegan_xl_3b5e18f8fc06450d\jpeg_q90.jpg
stylegan_xl_43847,jpeg_q90,stylegan_xl,stylegan_xl,1,0.004129910375922918,data\cache\clean\test\stylegan_xl_43847\jpeg_q90.jpg
stylegan_xl_45081,jpeg_q90,stylegan_xl,stylegan_xl,1,0.34118589758872986,data\cache\clean\test\stylegan_xl_45081\jpeg_q90.jpg
stylegan_xl_45602,jpeg_q90,stylegan_xl,stylegan_xl,1,0.0029030763544142246,data\cache\clean\test\stylegan_xl_45602\jpeg_q90.jpg
stylegan_xl_48611,jpeg_q90,stylegan_xl,stylegan_xl,1,0.0005659978487528861,data\cache\clean\test\stylegan_xl_48611\jpeg_q90.jpg
stylegan_xl_49074,jpeg_q90,stylegan_xl,stylegan_xl,1,0.010495849885046482,data\cache\clean\test\stylegan_xl_49074\jpeg_q90.jpg
stylegan_xl_4f991f9638e28675,jpeg_q90,stylegan_xl,stylegan_xl,1,0.0038287441711872816,data\cache\clean\test\stylegan_xl_4f991f9638e28675\jpeg_q90.jpg
stylegan_xl_53453,jpeg_q90,stylegan_xl,stylegan_xl,1,0.029832778498530388,data\cache\clean\test\stylegan_xl_53453\jpeg_q90.jpg
stylegan_xl_548aed682dc65ef2,jpeg_q90,stylegan_xl,stylegan_xl,1,0.11474183946847916,data\cache\clean\test\stylegan_xl_548aed682dc65ef2\jpeg_q90.jpg
stylegan_xl_60ed9d3511d333bf,jpeg_q90,stylegan_xl,stylegan_xl,1,0.0001828262466005981,data\cache\clean\test\stylegan_xl_60ed9d3511d333bf\jpeg_q90.jpg
stylegan_xl_65bb283a1280639e,jpeg_q90,stylegan_xl,stylegan_xl,1,0.05107370391488075,data\cache\clean\test\stylegan_xl_65bb283a1280639e\jpeg_q90.jpg
stylegan_xl_729fee52c5b7f95b,jpeg_q90,stylegan_xl,stylegan_xl,1,0.3010694682598114,data\cache\clean\test\stylegan_xl_729fee52c5b7f95b\jpeg_q90.jpg
stylegan_xl_7d433e90bcd7bd53,jpeg_q90,stylegan_xl,stylegan_xl,1,0.005666922312229872,data\cache\clean\test\stylegan_xl_7d433e90bcd7bd53\jpeg_q90.jpg
stylegan_xl_7ffebe6032f8209f,jpeg_q90,stylegan_xl,stylegan_xl,1,0.3656213879585266,data\cache\clean\test\stylegan_xl_7ffebe6032f8209f\jpeg_q90.jpg
stylegan_xl_80fc8be6e7c11eb3,jpeg_q90,stylegan_xl,stylegan_xl,1,8.990746778181347e-07,data\cache\clean\test\stylegan_xl_80fc8be6e7c11eb3\jpeg_q90.jpg
stylegan_xl_8461b1ae87c22c20,jpeg_q90,stylegan_xl,stylegan_xl,1,0.03728102520108223,data\cache\clean\test\stylegan_xl_8461b1ae87c22c20\jpeg_q90.jpg
stylegan_xl_8f9dfd75dde8914f,jpeg_q90,stylegan_xl,stylegan_xl,1,0.0001314294640906155,data\cache\clean\test\stylegan_xl_8f9dfd75dde8914f\jpeg_q90.jpg
stylegan_xl_a1ed16fffc5ecb68,jpeg_q90,stylegan_xl,stylegan_xl,1,0.011699077673256397,data\cache\clean\test\stylegan_xl_a1ed16fffc5ecb68\jpeg_q90.jpg
stylegan_xl_a72f3ace10a8f550,jpeg_q90,stylegan_xl,stylegan_xl,1,2.0267314084776444e-06,data\cache\clean\test\stylegan_xl_a72f3ace10a8f550\jpeg_q90.jpg
stylegan_xl_cf9c332a1ebfb587,jpeg_q90,stylegan_xl,stylegan_xl,1,0.004227450583130121,data\cache\clean\test\stylegan_xl_cf9c332a1ebfb587\jpeg_q90.jpg
stylegan_xl_d686a15f05d09472,jpeg_q90,stylegan_xl,stylegan_xl,1,0.27593767642974854,data\cache\clean\test\stylegan_xl_d686a15f05d09472\jpeg_q90.jpg
stylegan_xl_e4b8e7ef72cabaf2,jpeg_q90,stylegan_xl,stylegan_xl,1,0.005035955924540758,data\cache\clean\test\stylegan_xl_e4b8e7ef72cabaf2\jpeg_q90.jpg
stylegan_xl_f2ea3473d8b1a62f,jpeg_q90,stylegan_xl,stylegan_xl,1,0.00020188308553770185,data\cache\clean\test\stylegan_xl_f2ea3473d8b1a62f\jpeg_q90.jpg
stylegan_xl_fef6a66b8deaa7ab,jpeg_q90,stylegan_xl,stylegan_xl,1,1.1281867045909166e-05,data\cache\clean\test\stylegan_xl_fef6a66b8deaa7ab\jpeg_q90.jpg
cifake_1028 (10),noise_s0.02,cifake,stable_diffusion,1,0.368720680475235,data\cache\clean\test\cifake_1028 (10)\noise_s0.02.jpg
cifake_1088 (3),noise_s0.02,cifake,stable_diffusion,1,0.20365308225154877,data\cache\clean\test\cifake_1088 (3)\noise_s0.02.jpg
cifake_1710 (5),noise_s0.02,cifake,stable_diffusion,1,0.4169543981552124,data\cache\clean\test\cifake_1710 (5)\noise_s0.02.jpg
cifake_2293 (8),noise_s0.02,cifake,stable_diffusion,1,0.3200008273124695,data\cache\clean\test\cifake_2293 (8)\noise_s0.02.jpg
cifake_2509 (6),noise_s0.02,cifake,stable_diffusion,1,0.2730560600757599,data\cache\clean\test\cifake_2509 (6)\noise_s0.02.jpg
cifake_3234 (2),noise_s0.02,cifake,stable_diffusion,1,0.376607209444046,data\cache\clean\test\cifake_3234 (2)\noise_s0.02.jpg
cifake_3395 (5),noise_s0.02,cifake,stable_diffusion,1,0.145350843667984,data\cache\clean\test\cifake_3395 (5)\noise_s0.02.jpg
cifake_4127 (3),noise_s0.02,cifake,stable_diffusion,1,0.06356340646743774,data\cache\clean\test\cifake_4127 (3)\noise_s0.02.jpg
cifake_4615 (3),noise_s0.02,cifake,stable_diffusion,1,0.08926268666982651,data\cache\clean\test\cifake_4615 (3)\noise_s0.02.jpg
cifake_4681 (5),noise_s0.02,cifake,stable_diffusion,1,0.39218899607658386,data\cache\clean\test\cifake_4681 (5)\noise_s0.02.jpg
cifake_4746 (3),noise_s0.02,cifake,stable_diffusion,1,0.227137491106987,data\cache\clean\test\cifake_4746 (3)\noise_s0.02.jpg
cifake_4859 (9),noise_s0.02,cifake,stable_diffusion,1,0.23440542817115784,data\cache\clean\test\cifake_4859 (9)\noise_s0.02.jpg
cifake_5221 (3),noise_s0.02,cifake,stable_diffusion,1,0.1293940395116806,data\cache\clean\test\cifake_5221 (3)\noise_s0.02.jpg
cifake_5523 (6),noise_s0.02,cifake,stable_diffusion,1,0.24593661725521088,data\cache\clean\test\cifake_5523 (6)\noise_s0.02.jpg
cifake_5777 (3),noise_s0.02,cifake,stable_diffusion,1,0.09755957871675491,data\cache\clean\test\cifake_5777 (3)\noise_s0.02.jpg
cifake_771 (8),noise_s0.02,cifake,stable_diffusion,1,0.03965873643755913,data\cache\clean\test\cifake_771 (8)\noise_s0.02.jpg
cifake_954 (9),noise_s0.02,cifake,stable_diffusion,1,0.06283187121152878,data\cache\clean\test\cifake_954 (9)\noise_s0.02.jpg
dalle_13377,noise_s0.02,dalle,dalle,1,0.25274530053138733,data\cache\clean\test\dalle_13377\noise_s0.02.jpg
dalle_19590,noise_s0.02,dalle,dalle,1,0.4589720368385315,data\cache\clean\test\dalle_19590\noise_s0.02.jpg
dalle_2561,noise_s0.02,dalle,dalle,1,0.0298196729272604,data\cache\clean\test\dalle_2561\noise_s0.02.jpg
dalle_26742,noise_s0.02,dalle,dalle,1,0.21092268824577332,data\cache\clean\test\dalle_26742\noise_s0.02.jpg
dalle_27029,noise_s0.02,dalle,dalle,1,0.2171315848827362,data\cache\clean\test\dalle_27029\noise_s0.02.jpg
dalle_33159,noise_s0.02,dalle,dalle,1,0.01215445064008236,data\cache\clean\test\dalle_33159\noise_s0.02.jpg
dalle_40387,noise_s0.02,dalle,dalle,1,0.24340718984603882,data\cache\clean\test\dalle_40387\noise_s0.02.jpg
dalle_41791,noise_s0.02,dalle,dalle,1,0.02983969636261463,data\cache\clean\test\dalle_41791\noise_s0.02.jpg
dalle_5781,noise_s0.02,dalle,dalle,1,0.44388893246650696,data\cache\clean\test\dalle_5781\noise_s0.02.jpg
dalle_6481,noise_s0.02,dalle,dalle,1,0.059377796947956085,data\cache\clean\test\dalle_6481\noise_s0.02.jpg
dalle_6f0f61883f111368d770c54801f33449,noise_s0.02,dalle,dalle,1,0.03432692214846611,data\cache\clean\test\dalle_6f0f61883f111368d770c54801f33449\noise_s0.02.jpg
dalle_8017,noise_s0.02,dalle,dalle,1,0.42083433270454407,data\cache\clean\test\dalle_8017\noise_s0.02.jpg
gigagan_05738,noise_s0.02,gigagan,gigagan,1,0.0005710570840165019,data\cache\clean\test\gigagan_05738\noise_s0.02.jpg
gigagan_06526,noise_s0.02,gigagan,gigagan,1,0.012730899266898632,data\cache\clean\test\gigagan_06526\noise_s0.02.jpg
gigagan_07350,noise_s0.02,gigagan,gigagan,1,0.0016718959668651223,data\cache\clean\test\gigagan_07350\noise_s0.02.jpg
gigagan_10914,noise_s0.02,gigagan,gigagan,1,0.0004633019270841032,data\cache\clean\test\gigagan_10914\noise_s0.02.jpg
gigagan_14071,noise_s0.02,gigagan,gigagan,1,0.0005936668603681028,data\cache\clean\test\gigagan_14071\noise_s0.02.jpg
gigagan_14138,noise_s0.02,gigagan,gigagan,1,0.3713124990463257,data\cache\clean\test\gigagan_14138\noise_s0.02.jpg
gigagan_14946,noise_s0.02,gigagan,gigagan,1,0.13690310716629028,data\cache\clean\test\gigagan_14946\noise_s0.02.jpg
gigagan_15454,noise_s0.02,gigagan,gigagan,1,0.3500725030899048,data\cache\clean\test\gigagan_15454\noise_s0.02.jpg
gigagan_15561,noise_s0.02,gigagan,gigagan,1,0.00028551658033393323,data\cache\clean\test\gigagan_15561\noise_s0.02.jpg
gigagan_15694,noise_s0.02,gigagan,gigagan,1,0.43432357907295227,data\cache\clean\test\gigagan_15694\noise_s0.02.jpg
gigagan_17003,noise_s0.02,gigagan,gigagan,1,0.28391969203948975,data\cache\clean\test\gigagan_17003\noise_s0.02.jpg
gigagan_20207,noise_s0.02,gigagan,gigagan,1,0.043522145599126816,data\cache\clean\test\gigagan_20207\noise_s0.02.jpg
gigagan_20327,noise_s0.02,gigagan,gigagan,1,0.00039648107485845685,data\cache\clean\test\gigagan_20327\noise_s0.02.jpg
gigagan_20468,noise_s0.02,gigagan,gigagan,1,0.1629665195941925,data\cache\clean\test\gigagan_20468\noise_s0.02.jpg
gigagan_21611,noise_s0.02,gigagan,gigagan,1,0.009285016916692257,data\cache\clean\test\gigagan_21611\noise_s0.02.jpg
gigagan_22418,noise_s0.02,gigagan,gigagan,1,0.2234843373298645,data\cache\clean\test\gigagan_22418\noise_s0.02.jpg
gigagan_24445,noise_s0.02,gigagan,gigagan,1,0.4145890772342682,data\cache\clean\test\gigagan_24445\noise_s0.02.jpg
gigagan_24679,noise_s0.02,gigagan,gigagan,1,0.01912274770438671,data\cache\clean\test\gigagan_24679\noise_s0.02.jpg
gigagan_24726,noise_s0.02,gigagan,gigagan,1,0.20608055591583252,data\cache\clean\test\gigagan_24726\noise_s0.02.jpg
gigagan_25090,noise_s0.02,gigagan,gigagan,1,0.041460663080215454,data\cache\clean\test\gigagan_25090\noise_s0.02.jpg
gigagan_29456,noise_s0.02,gigagan,gigagan,1,0.4815913140773773,data\cache\clean\test\gigagan_29456\noise_s0.02.jpg
gigagan_29717,noise_s0.02,gigagan,gigagan,1,0.18704178929328918,data\cache\clean\test\gigagan_29717\noise_s0.02.jpg
imagen3_045e6da6fd7f6fb0,noise_s0.02,imagen3,imagen3,1,0.04240408167243004,data\cache\clean\test\imagen3_045e6da6fd7f6fb0\noise_s0.02.jpg
imagen3_07747d6ffd056bee,noise_s0.02,imagen3,imagen3,1,0.021358508616685867,data\cache\clean\test\imagen3_07747d6ffd056bee\noise_s0.02.jpg
imagen3_13ed1f9391224848,noise_s0.02,imagen3,imagen3,1,0.09787397086620331,data\cache\clean\test\imagen3_13ed1f9391224848\noise_s0.02.jpg
imagen3_15906,noise_s0.02,imagen3,imagen3,1,0.43457067012786865,data\cache\clean\test\imagen3_15906\noise_s0.02.jpg
imagen3_17643da56f35c6f7,noise_s0.02,imagen3,imagen3,1,2.135726163032814e-06,data\cache\clean\test\imagen3_17643da56f35c6f7\noise_s0.02.jpg
imagen3_24629,noise_s0.02,imagen3,imagen3,1,0.22100861370563507,data\cache\clean\test\imagen3_24629\noise_s0.02.jpg
imagen3_24e64d19ddde11cb,noise_s0.02,imagen3,imagen3,1,9.430877412341943e-09,data\cache\clean\test\imagen3_24e64d19ddde11cb\noise_s0.02.jpg
imagen3_260ae6b06f1f50e2,noise_s0.02,imagen3,imagen3,1,1.5553432604065165e-05,data\cache\clean\test\imagen3_260ae6b06f1f50e2\noise_s0.02.jpg
imagen3_2be4510162a8a76e,noise_s0.02,imagen3,imagen3,1,0.010030697099864483,data\cache\clean\test\imagen3_2be4510162a8a76e\noise_s0.02.jpg
imagen3_3403b18fc93acbfc,noise_s0.02,imagen3,imagen3,1,0.006730011198669672,data\cache\clean\test\imagen3_3403b18fc93acbfc\noise_s0.02.jpg
imagen3_43058,noise_s0.02,imagen3,imagen3,1,0.0013165025738999248,data\cache\clean\test\imagen3_43058\noise_s0.02.jpg
imagen3_43208,noise_s0.02,imagen3,imagen3,1,0.3588268756866455,data\cache\clean\test\imagen3_43208\noise_s0.02.jpg
imagen3_44015,noise_s0.02,imagen3,imagen3,1,0.003732590703293681,data\cache\clean\test\imagen3_44015\noise_s0.02.jpg
imagen3_44476,noise_s0.02,imagen3,imagen3,1,0.057842887938022614,data\cache\clean\test\imagen3_44476\noise_s0.02.jpg
imagen3_46922,noise_s0.02,imagen3,imagen3,1,0.020286835730075836,data\cache\clean\test\imagen3_46922\noise_s0.02.jpg
imagen3_473ffc5e3d5dc373,noise_s0.02,imagen3,imagen3,1,0.3940815031528473,data\cache\clean\test\imagen3_473ffc5e3d5dc373\noise_s0.02.jpg
imagen3_51659,noise_s0.02,imagen3,imagen3,1,0.009166283532977104,data\cache\clean\test\imagen3_51659\noise_s0.02.jpg
imagen3_519f5c348fe55fcd,noise_s0.02,imagen3,imagen3,1,0.006661124061793089,data\cache\clean\test\imagen3_519f5c348fe55fcd\noise_s0.02.jpg
imagen3_52520,noise_s0.02,imagen3,imagen3,1,0.010633761994540691,data\cache\clean\test\imagen3_52520\noise_s0.02.jpg
imagen3_53132,noise_s0.02,imagen3,imagen3,1,0.2534482479095459,data\cache\clean\test\imagen3_53132\noise_s0.02.jpg
imagen3_53632,noise_s0.02,imagen3,imagen3,1,0.051849886775016785,data\cache\clean\test\imagen3_53632\noise_s0.02.jpg
imagen3_5e95809bd47d157b,noise_s0.02,imagen3,imagen3,1,0.17398002743721008,data\cache\clean\test\imagen3_5e95809bd47d157b\noise_s0.02.jpg
imagen3_69467160e53f71bc,noise_s0.02,imagen3,imagen3,1,0.030975546687841415,data\cache\clean\test\imagen3_69467160e53f71bc\noise_s0.02.jpg
imagen3_6a8270ea182a9194,noise_s0.02,imagen3,imagen3,1,0.0011829867726191878,data\cache\clean\test\imagen3_6a8270ea182a9194\noise_s0.02.jpg
imagen3_6c7624322b04ce43,noise_s0.02,imagen3,imagen3,1,2.8001675673294812e-05,data\cache\clean\test\imagen3_6c7624322b04ce43\noise_s0.02.jpg
imagen3_77fb2d4f372634f8,noise_s0.02,imagen3,imagen3,1,0.0043935626745224,data\cache\clean\test\imagen3_77fb2d4f372634f8\noise_s0.02.jpg
imagen3_7ee1485909c59826,noise_s0.02,imagen3,imagen3,1,0.015393898822367191,data\cache\clean\test\imagen3_7ee1485909c59826\noise_s0.02.jpg
imagen3_8b13dc3bff918841,noise_s0.02,imagen3,imagen3,1,0.06677563488483429,data\cache\clean\test\imagen3_8b13dc3bff918841\noise_s0.02.jpg
imagen3_8c20e4bf83ffff36,noise_s0.02,imagen3,imagen3,1,0.16218246519565582,data\cache\clean\test\imagen3_8c20e4bf83ffff36\noise_s0.02.jpg
imagen3_9e82651e214a25c8,noise_s0.02,imagen3,imagen3,1,0.0013862228952348232,data\cache\clean\test\imagen3_9e82651e214a25c8\noise_s0.02.jpg
imagen3_aa13646e437b7afa,noise_s0.02,imagen3,imagen3,1,0.0006979426252655685,data\cache\clean\test\imagen3_aa13646e437b7afa\noise_s0.02.jpg
imagen3_ad860df8c2a1a848,noise_s0.02,imagen3,imagen3,1,0.005496967118233442,data\cache\clean\test\imagen3_ad860df8c2a1a848\noise_s0.02.jpg
imagen3_b69c9976ced306d1,noise_s0.02,imagen3,imagen3,1,0.12501420080661774,data\cache\clean\test\imagen3_b69c9976ced306d1\noise_s0.02.jpg
imagen3_ca44bb7db1e73a9a,noise_s0.02,imagen3,imagen3,1,0.007788186427205801,data\cache\clean\test\imagen3_ca44bb7db1e73a9a\noise_s0.02.jpg
imagen3_d326e7c87fb1d966,noise_s0.02,imagen3,imagen3,1,0.010396979749202728,data\cache\clean\test\imagen3_d326e7c87fb1d966\noise_s0.02.jpg
imagen3_e63f3b6f8bdee43a,noise_s0.02,imagen3,imagen3,1,0.10791684687137604,data\cache\clean\test\imagen3_e63f3b6f8bdee43a\noise_s0.02.jpg
imagen3_ea646e585cc24088,noise_s0.02,imagen3,imagen3,1,0.0015784160932525992,data\cache\clean\test\imagen3_ea646e585cc24088\noise_s0.02.jpg
imagen3_eaf94916ce926270,noise_s0.02,imagen3,imagen3,1,0.14676010608673096,data\cache\clean\test\imagen3_eaf94916ce926270\noise_s0.02.jpg
imagen3_fd568a2839353a92,noise_s0.02,imagen3,imagen3,1,0.3662700355052948,data\cache\clean\test\imagen3_fd568a2839353a92\noise_s0.02.jpg
imagen3_fe7048efd51b15b8,noise_s0.02,imagen3,imagen3,1,0.0003572751593310386,data\cache\clean\test\imagen3_fe7048efd51b15b8\noise_s0.02.jpg
imagen3_Imagen3_2403,noise_s0.02,imagen3,imagen3,1,0.1493498831987381,data\cache\clean\test\imagen3_Imagen3_2403\noise_s0.02.jpg
imagen3_Imagen3_3546,noise_s0.02,imagen3,imagen3,1,0.006489899009466171,data\cache\clean\test\imagen3_Imagen3_3546\noise_s0.02.jpg
sidset_full_synthetic_001692,noise_s0.02,sidset,full_synthetic,1,0.015513673424720764,data\cache\clean\test\sidset_full_synthetic_001692\noise_s0.02.jpg
sidset_full_synthetic_004754,noise_s0.02,sidset,full_synthetic,1,0.3089865744113922,data\cache\clean\test\sidset_full_synthetic_004754\noise_s0.02.jpg
sidset_full_synthetic_017359,noise_s0.02,sidset,full_synthetic,1,0.4843418002128601,data\cache\clean\test\sidset_full_synthetic_017359\noise_s0.02.jpg
sidset_full_synthetic_031321,noise_s0.02,sidset,full_synthetic,1,0.41456252336502075,data\cache\clean\test\sidset_full_synthetic_031321\noise_s0.02.jpg
sidset_full_synthetic_038531,noise_s0.02,sidset,full_synthetic,1,0.32757794857025146,data\cache\clean\test\sidset_full_synthetic_038531\noise_s0.02.jpg
sidset_full_synthetic_048809,noise_s0.02,sidset,full_synthetic,1,0.04464344680309296,data\cache\clean\test\sidset_full_synthetic_048809\noise_s0.02.jpg
sidset_full_synthetic_060524,noise_s0.02,sidset,full_synthetic,1,0.004757075570523739,data\cache\clean\test\sidset_full_synthetic_060524\noise_s0.02.jpg
sidset_full_synthetic_062086,noise_s0.02,sidset,full_synthetic,1,0.49641233682632446,data\cache\clean\test\sidset_full_synthetic_062086\noise_s0.02.jpg
sidset_full_synthetic_063062,noise_s0.02,sidset,full_synthetic,1,0.02499993145465851,data\cache\clean\test\sidset_full_synthetic_063062\noise_s0.02.jpg
sidset_full_synthetic_067084,noise_s0.02,sidset,full_synthetic,1,0.20417463779449463,data\cache\clean\test\sidset_full_synthetic_067084\noise_s0.02.jpg
sidset_full_synthetic_069762,noise_s0.02,sidset,full_synthetic,1,0.4511856734752655,data\cache\clean\test\sidset_full_synthetic_069762\noise_s0.02.jpg
stylegan_xl_0097a2e24789bc7a,noise_s0.02,stylegan_xl,stylegan_xl,1,0.006619828287512064,data\cache\clean\test\stylegan_xl_0097a2e24789bc7a\noise_s0.02.jpg
stylegan_xl_00a4591cf03df584,noise_s0.02,stylegan_xl,stylegan_xl,1,5.144358965480933e-06,data\cache\clean\test\stylegan_xl_00a4591cf03df584\noise_s0.02.jpg
stylegan_xl_031391f1ab18ab62,noise_s0.02,stylegan_xl,stylegan_xl,1,0.20678730309009552,data\cache\clean\test\stylegan_xl_031391f1ab18ab62\noise_s0.02.jpg
stylegan_xl_0a4244f8a9185bad,noise_s0.02,stylegan_xl,stylegan_xl,1,0.013445618562400341,data\cache\clean\test\stylegan_xl_0a4244f8a9185bad\noise_s0.02.jpg
stylegan_xl_0f7efa4c31bcd8f4,noise_s0.02,stylegan_xl,stylegan_xl,1,0.0003623621887527406,data\cache\clean\test\stylegan_xl_0f7efa4c31bcd8f4\noise_s0.02.jpg
stylegan_xl_1060d58257bc5130,noise_s0.02,stylegan_xl,stylegan_xl,1,0.00046866099000908434,data\cache\clean\test\stylegan_xl_1060d58257bc5130\noise_s0.02.jpg
stylegan_xl_1440252ff76f525f,noise_s0.02,stylegan_xl,stylegan_xl,1,0.23825424909591675,data\cache\clean\test\stylegan_xl_1440252ff76f525f\noise_s0.02.jpg
stylegan_xl_17f8bf0ef8d2f478,noise_s0.02,stylegan_xl,stylegan_xl,1,0.0036717639304697514,data\cache\clean\test\stylegan_xl_17f8bf0ef8d2f478\noise_s0.02.jpg
stylegan_xl_2013fe0d44f84041,noise_s0.02,stylegan_xl,stylegan_xl,1,0.00011253760021645576,data\cache\clean\test\stylegan_xl_2013fe0d44f84041\noise_s0.02.jpg
stylegan_xl_324e332686aa6966,noise_s0.02,stylegan_xl,stylegan_xl,1,0.07644888013601303,data\cache\clean\test\stylegan_xl_324e332686aa6966\noise_s0.02.jpg
stylegan_xl_3621cf0be1fc8d68,noise_s0.02,stylegan_xl,stylegan_xl,1,0.44936224818229675,data\cache\clean\test\stylegan_xl_3621cf0be1fc8d68\noise_s0.02.jpg
stylegan_xl_3b5e18f8fc06450d,noise_s0.02,stylegan_xl,stylegan_xl,1,0.000275377300567925,data\cache\clean\test\stylegan_xl_3b5e18f8fc06450d\noise_s0.02.jpg
stylegan_xl_43847,noise_s0.02,stylegan_xl,stylegan_xl,1,0.0021025172900408506,data\cache\clean\test\stylegan_xl_43847\noise_s0.02.jpg
stylegan_xl_44451,noise_s0.02,stylegan_xl,stylegan_xl,1,0.1534126102924347,data\cache\clean\test\stylegan_xl_44451\noise_s0.02.jpg
stylegan_xl_45400,noise_s0.02,stylegan_xl,stylegan_xl,1,0.12526346743106842,data\cache\clean\test\stylegan_xl_45400\noise_s0.02.jpg
stylegan_xl_45602,noise_s0.02,stylegan_xl,stylegan_xl,1,0.004595669452100992,data\cache\clean\test\stylegan_xl_45602\noise_s0.02.jpg
stylegan_xl_48611,noise_s0.02,stylegan_xl,stylegan_xl,1,0.0008123407606035471,data\cache\clean\test\stylegan_xl_48611\noise_s0.02.jpg
stylegan_xl_49074,noise_s0.02,stylegan_xl,stylegan_xl,1,0.11342986673116684,data\cache\clean\test\stylegan_xl_49074\noise_s0.02.jpg
stylegan_xl_4f991f9638e28675,noise_s0.02,stylegan_xl,stylegan_xl,1,0.0032984570134431124,data\cache\clean\test\stylegan_xl_4f991f9638e28675\noise_s0.02.jpg
stylegan_xl_53453,noise_s0.02,stylegan_xl,stylegan_xl,1,0.0005781796062365174,data\cache\clean\test\stylegan_xl_53453\noise_s0.02.jpg
stylegan_xl_548aed682dc65ef2,noise_s0.02,stylegan_xl,stylegan_xl,1,0.18393827974796295,data\cache\clean\test\stylegan_xl_548aed682dc65ef2\noise_s0.02.jpg
stylegan_xl_60ed9d3511d333bf,noise_s0.02,stylegan_xl,stylegan_xl,1,0.00018231739522889256,data\cache\clean\test\stylegan_xl_60ed9d3511d333bf\noise_s0.02.jpg
stylegan_xl_65bb283a1280639e,noise_s0.02,stylegan_xl,stylegan_xl,1,0.09225955605506897,data\cache\clean\test\stylegan_xl_65bb283a1280639e\noise_s0.02.jpg
stylegan_xl_729fee52c5b7f95b,noise_s0.02,stylegan_xl,stylegan_xl,1,0.14870525896549225,data\cache\clean\test\stylegan_xl_729fee52c5b7f95b\noise_s0.02.jpg
stylegan_xl_7d433e90bcd7bd53,noise_s0.02,stylegan_xl,stylegan_xl,1,0.011706617660820484,data\cache\clean\test\stylegan_xl_7d433e90bcd7bd53\noise_s0.02.jpg
stylegan_xl_7ffebe6032f8209f,noise_s0.02,stylegan_xl,stylegan_xl,1,0.15686549246311188,data\cache\clean\test\stylegan_xl_7ffebe6032f8209f\noise_s0.02.jpg
stylegan_xl_80fc8be6e7c11eb3,noise_s0.02,stylegan_xl,stylegan_xl,1,1.9285851067252224e-06,data\cache\clean\test\stylegan_xl_80fc8be6e7c11eb3\noise_s0.02.jpg
stylegan_xl_8461b1ae87c22c20,noise_s0.02,stylegan_xl,stylegan_xl,1,0.07434612512588501,data\cache\clean\test\stylegan_xl_8461b1ae87c22c20\noise_s0.02.jpg
stylegan_xl_8f9dfd75dde8914f,noise_s0.02,stylegan_xl,stylegan_xl,1,0.0029869142454117537,data\cache\clean\test\stylegan_xl_8f9dfd75dde8914f\noise_s0.02.jpg
stylegan_xl_a1ed16fffc5ecb68,noise_s0.02,stylegan_xl,stylegan_xl,1,0.019203931093215942,data\cache\clean\test\stylegan_xl_a1ed16fffc5ecb68\noise_s0.02.jpg
stylegan_xl_a72f3ace10a8f550,noise_s0.02,stylegan_xl,stylegan_xl,1,3.985289367847145e-06,data\cache\clean\test\stylegan_xl_a72f3ace10a8f550\noise_s0.02.jpg
stylegan_xl_cf9c332a1ebfb587,noise_s0.02,stylegan_xl,stylegan_xl,1,0.014946404844522476,data\cache\clean\test\stylegan_xl_cf9c332a1ebfb587\noise_s0.02.jpg
stylegan_xl_d686a15f05d09472,noise_s0.02,stylegan_xl,stylegan_xl,1,0.33517852425575256,data\cache\clean\test\stylegan_xl_d686a15f05d09472\noise_s0.02.jpg
stylegan_xl_d7c4ece8c8a01de0,noise_s0.02,stylegan_xl,stylegan_xl,1,0.2499413937330246,data\cache\clean\test\stylegan_xl_d7c4ece8c8a01de0\noise_s0.02.jpg
stylegan_xl_e4b8e7ef72cabaf2,noise_s0.02,stylegan_xl,stylegan_xl,1,0.002640642924234271,data\cache\clean\test\stylegan_xl_e4b8e7ef72cabaf2\noise_s0.02.jpg
stylegan_xl_f2ea3473d8b1a62f,noise_s0.02,stylegan_xl,stylegan_xl,1,0.001010326319374144,data\cache\clean\test\stylegan_xl_f2ea3473d8b1a62f\noise_s0.02.jpg
stylegan_xl_fef6a66b8deaa7ab,noise_s0.02,stylegan_xl,stylegan_xl,1,0.00011714298307197168,data\cache\clean\test\stylegan_xl_fef6a66b8deaa7ab\noise_s0.02.jpg
cifake_1028 (10),noise_s0.05,cifake,stable_diffusion,1,0.01884416490793228,data\cache\clean\test\cifake_1028 (10)\noise_s0.05.jpg
cifake_1088 (3),noise_s0.05,cifake,stable_diffusion,1,0.4800112843513489,data\cache\clean\test\cifake_1088 (3)\noise_s0.05.jpg
cifake_1278 (9),noise_s0.05,cifake,stable_diffusion,1,0.254974901676178,data\cache\clean\test\cifake_1278 (9)\noise_s0.05.jpg
cifake_1867 (9),noise_s0.05,cifake,stable_diffusion,1,0.49641644954681396,data\cache\clean\test\cifake_1867 (9)\noise_s0.05.jpg
cifake_1927 (7),noise_s0.05,cifake,stable_diffusion,1,0.1678992509841919,data\cache\clean\test\cifake_1927 (7)\noise_s0.05.jpg
cifake_2623 (9),noise_s0.05,cifake,stable_diffusion,1,0.4848743677139282,data\cache\clean\test\cifake_2623 (9)\noise_s0.05.jpg
cifake_28,noise_s0.05,cifake,stable_diffusion,1,0.3478834331035614,data\cache\clean\test\cifake_28\noise_s0.05.jpg
cifake_3309 (8),noise_s0.05,cifake,stable_diffusion,1,0.3578070402145386,data\cache\clean\test\cifake_3309 (8)\noise_s0.05.jpg
cifake_3395 (5),noise_s0.05,cifake,stable_diffusion,1,0.10414440184831619,data\cache\clean\test\cifake_3395 (5)\noise_s0.05.jpg
cifake_3450 (4),noise_s0.05,cifake,stable_diffusion,1,0.4174826443195343,data\cache\clean\test\cifake_3450 (4)\noise_s0.05.jpg
cifake_3532 (9),noise_s0.05,cifake,stable_diffusion,1,0.3555065095424652,data\cache\clean\test\cifake_3532 (9)\noise_s0.05.jpg
cifake_3975 (6),noise_s0.05,cifake,stable_diffusion,1,0.07012742012739182,data\cache\clean\test\cifake_3975 (6)\noise_s0.05.jpg
cifake_4127 (3),noise_s0.05,cifake,stable_diffusion,1,0.2289910912513733,data\cache\clean\test\cifake_4127 (3)\noise_s0.05.jpg
cifake_4160 (8)_1,noise_s0.05,cifake,stable_diffusion,1,0.4883081018924713,data\cache\clean\test\cifake_4160 (8)_1\noise_s0.05.jpg
cifake_4221 (2),noise_s0.05,cifake,stable_diffusion,1,0.423622727394104,data\cache\clean\test\cifake_4221 (2)\noise_s0.05.jpg
cifake_4615 (3),noise_s0.05,cifake,stable_diffusion,1,0.23716194927692413,data\cache\clean\test\cifake_4615 (3)\noise_s0.05.jpg
cifake_5221 (3),noise_s0.05,cifake,stable_diffusion,1,0.35485339164733887,data\cache\clean\test\cifake_5221 (3)\noise_s0.05.jpg
cifake_5607 (3),noise_s0.05,cifake,stable_diffusion,1,0.3977018892765045,data\cache\clean\test\cifake_5607 (3)\noise_s0.05.jpg
cifake_5777 (3),noise_s0.05,cifake,stable_diffusion,1,0.08491523563861847,data\cache\clean\test\cifake_5777 (3)\noise_s0.05.jpg
cifake_771 (8),noise_s0.05,cifake,stable_diffusion,1,0.02415168285369873,data\cache\clean\test\cifake_771 (8)\noise_s0.05.jpg
cifake_939 (6),noise_s0.05,cifake,stable_diffusion,1,0.09503111988306046,data\cache\clean\test\cifake_939 (6)\noise_s0.05.jpg
cifake_954 (9),noise_s0.05,cifake,stable_diffusion,1,0.26627427339553833,data\cache\clean\test\cifake_954 (9)\noise_s0.05.jpg
dalle_13377,noise_s0.05,dalle,dalle,1,0.49062487483024597,data\cache\clean\test\dalle_13377\noise_s0.05.jpg
dalle_19590,noise_s0.05,dalle,dalle,1,0.04637954384088516,data\cache\clean\test\dalle_19590\noise_s0.05.jpg
dalle_2561,noise_s0.05,dalle,dalle,1,0.07740364223718643,data\cache\clean\test\dalle_2561\noise_s0.05.jpg
dalle_26742,noise_s0.05,dalle,dalle,1,0.014652450568974018,data\cache\clean\test\dalle_26742\noise_s0.05.jpg
dalle_27029,noise_s0.05,dalle,dalle,1,0.062315043061971664,data\cache\clean\test\dalle_27029\noise_s0.05.jpg
dalle_40387,noise_s0.05,dalle,dalle,1,0.49000585079193115,data\cache\clean\test\dalle_40387\noise_s0.05.jpg
dalle_41791,noise_s0.05,dalle,dalle,1,0.006943966262042522,data\cache\clean\test\dalle_41791\noise_s0.05.jpg
dalle_6481,noise_s0.05,dalle,dalle,1,0.05235275626182556,data\cache\clean\test\dalle_6481\noise_s0.05.jpg
dalle_6f0f61883f111368d770c54801f33449,noise_s0.05,dalle,dalle,1,0.034165240824222565,data\cache\clean\test\dalle_6f0f61883f111368d770c54801f33449\noise_s0.05.jpg
dalle_8017,noise_s0.05,dalle,dalle,1,0.437622994184494,data\cache\clean\test\dalle_8017\noise_s0.05.jpg
gigagan_05738,noise_s0.05,gigagan,gigagan,1,0.0011248645605519414,data\cache\clean\test\gigagan_05738\noise_s0.05.jpg
gigagan_06526,noise_s0.05,gigagan,gigagan,1,0.23500129580497742,data\cache\clean\test\gigagan_06526\noise_s0.05.jpg
gigagan_07350,noise_s0.05,gigagan,gigagan,1,0.001325348042882979,data\cache\clean\test\gigagan_07350\noise_s0.05.jpg
gigagan_10769,noise_s0.05,gigagan,gigagan,1,0.1691220998764038,data\cache\clean\test\gigagan_10769\noise_s0.05.jpg
gigagan_10914,noise_s0.05,gigagan,gigagan,1,0.004432084038853645,data\cache\clean\test\gigagan_10914\noise_s0.05.jpg
gigagan_14071,noise_s0.05,gigagan,gigagan,1,0.00018050325161311775,data\cache\clean\test\gigagan_14071\noise_s0.05.jpg
gigagan_14138,noise_s0.05,gigagan,gigagan,1,0.09714080393314362,data\cache\clean\test\gigagan_14138\noise_s0.05.jpg
gigagan_14946,noise_s0.05,gigagan,gigagan,1,0.4530526101589203,data\cache\clean\test\gigagan_14946\noise_s0.05.jpg
gigagan_15454,noise_s0.05,gigagan,gigagan,1,0.005426768213510513,data\cache\clean\test\gigagan_15454\noise_s0.05.jpg
gigagan_15561,noise_s0.05,gigagan,gigagan,1,5.826619963045232e-05,data\cache\clean\test\gigagan_15561\noise_s0.05.jpg
gigagan_17003,noise_s0.05,gigagan,gigagan,1,0.33241334557533264,data\cache\clean\test\gigagan_17003\noise_s0.05.jpg
gigagan_19199,noise_s0.05,gigagan,gigagan,1,0.14294540882110596,data\cache\clean\test\gigagan_19199\noise_s0.05.jpg
gigagan_20207,noise_s0.05,gigagan,gigagan,1,0.03694280982017517,data\cache\clean\test\gigagan_20207\noise_s0.05.jpg
gigagan_20327,noise_s0.05,gigagan,gigagan,1,0.009262175299227238,data\cache\clean\test\gigagan_20327\noise_s0.05.jpg
gigagan_20468,noise_s0.05,gigagan,gigagan,1,0.441089004278183,data\cache\clean\test\gigagan_20468\noise_s0.05.jpg
gigagan_21611,noise_s0.05,gigagan,gigagan,1,0.00042854840285144746,data\cache\clean\test\gigagan_21611\noise_s0.05.jpg
gigagan_22418,noise_s0.05,gigagan,gigagan,1,0.012793962843716145,data\cache\clean\test\gigagan_22418\noise_s0.05.jpg
gigagan_24679,noise_s0.05,gigagan,gigagan,1,0.04428335279226303,data\cache\clean\test\gigagan_24679\noise_s0.05.jpg
gigagan_25090,noise_s0.05,gigagan,gigagan,1,0.0312633141875267,data\cache\clean\test\gigagan_25090\noise_s0.05.jpg
gigagan_28613,noise_s0.05,gigagan,gigagan,1,0.4096985161304474,data\cache\clean\test\gigagan_28613\noise_s0.05.jpg
gigagan_29456,noise_s0.05,gigagan,gigagan,1,0.44722050428390503,data\cache\clean\test\gigagan_29456\noise_s0.05.jpg
gigagan_29717,noise_s0.05,gigagan,gigagan,1,0.19750656187534332,data\cache\clean\test\gigagan_29717\noise_s0.05.jpg
gigagan_29846,noise_s0.05,gigagan,gigagan,1,0.26547732949256897,data\cache\clean\test\gigagan_29846\noise_s0.05.jpg
imagen3_045e6da6fd7f6fb0,noise_s0.05,imagen3,imagen3,1,0.10473078489303589,data\cache\clean\test\imagen3_045e6da6fd7f6fb0\noise_s0.05.jpg
imagen3_04e3097ac2f57647,noise_s0.05,imagen3,imagen3,1,0.36100947856903076,data\cache\clean\test\imagen3_04e3097ac2f57647\noise_s0.05.jpg
imagen3_07747d6ffd056bee,noise_s0.05,imagen3,imagen3,1,0.01580623723566532,data\cache\clean\test\imagen3_07747d6ffd056bee\noise_s0.05.jpg
imagen3_13ed1f9391224848,noise_s0.05,imagen3,imagen3,1,0.0985969752073288,data\cache\clean\test\imagen3_13ed1f9391224848\noise_s0.05.jpg
imagen3_17643da56f35c6f7,noise_s0.05,imagen3,imagen3,1,2.69057181867538e-06,data\cache\clean\test\imagen3_17643da56f35c6f7\noise_s0.05.jpg
imagen3_17919c9ffd792ad9,noise_s0.05,imagen3,imagen3,1,0.3622764050960541,data\cache\clean\test\imagen3_17919c9ffd792ad9\noise_s0.05.jpg
imagen3_24e64d19ddde11cb,noise_s0.05,imagen3,imagen3,1,1.1488809548154677e-07,data\cache\clean\test\imagen3_24e64d19ddde11cb\noise_s0.05.jpg
imagen3_260ae6b06f1f50e2,noise_s0.05,imagen3,imagen3,1,1.2325072930252645e-05,data\cache\clean\test\imagen3_260ae6b06f1f50e2\noise_s0.05.jpg
imagen3_2be4510162a8a76e,noise_s0.05,imagen3,imagen3,1,0.010587552562355995,data\cache\clean\test\imagen3_2be4510162a8a76e\noise_s0.05.jpg
imagen3_3403b18fc93acbfc,noise_s0.05,imagen3,imagen3,1,0.000987688428722322,data\cache\clean\test\imagen3_3403b18fc93acbfc\noise_s0.05.jpg
imagen3_43058,noise_s0.05,imagen3,imagen3,1,0.000642591156065464,data\cache\clean\test\imagen3_43058\noise_s0.05.jpg
imagen3_44015,noise_s0.05,imagen3,imagen3,1,0.0011011762544512749,data\cache\clean\test\imagen3_44015\noise_s0.05.jpg
imagen3_44476,noise_s0.05,imagen3,imagen3,1,0.07273434847593307,data\cache\clean\test\imagen3_44476\noise_s0.05.jpg
imagen3_46922,noise_s0.05,imagen3,imagen3,1,0.027405941858887672,data\cache\clean\test\imagen3_46922\noise_s0.05.jpg
imagen3_473ffc5e3d5dc373,noise_s0.05,imagen3,imagen3,1,0.47554272413253784,data\cache\clean\test\imagen3_473ffc5e3d5dc373\noise_s0.05.jpg
imagen3_519f5c348fe55fcd,noise_s0.05,imagen3,imagen3,1,0.008015443570911884,data\cache\clean\test\imagen3_519f5c348fe55fcd\noise_s0.05.jpg
imagen3_52520,noise_s0.05,imagen3,imagen3,1,0.06033191829919815,data\cache\clean\test\imagen3_52520\noise_s0.05.jpg
imagen3_53132,noise_s0.05,imagen3,imagen3,1,0.25556081533432007,data\cache\clean\test\imagen3_53132\noise_s0.05.jpg
imagen3_53632,noise_s0.05,imagen3,imagen3,1,0.056551896035671234,data\cache\clean\test\imagen3_53632\noise_s0.05.jpg
imagen3_5e95809bd47d157b,noise_s0.05,imagen3,imagen3,1,0.029022391885519028,data\cache\clean\test\imagen3_5e95809bd47d157b\noise_s0.05.jpg
imagen3_69467160e53f71bc,noise_s0.05,imagen3,imagen3,1,0.029423831030726433,data\cache\clean\test\imagen3_69467160e53f71bc\noise_s0.05.jpg
imagen3_6a8270ea182a9194,noise_s0.05,imagen3,imagen3,1,0.00017378009215462953,data\cache\clean\test\imagen3_6a8270ea182a9194\noise_s0.05.jpg
imagen3_6c7624322b04ce43,noise_s0.05,imagen3,imagen3,1,0.00036410067696124315,data\cache\clean\test\imagen3_6c7624322b04ce43\noise_s0.05.jpg
imagen3_77fb2d4f372634f8,noise_s0.05,imagen3,imagen3,1,0.004765607882291079,data\cache\clean\test\imagen3_77fb2d4f372634f8\noise_s0.05.jpg
imagen3_7ee1485909c59826,noise_s0.05,imagen3,imagen3,1,0.007240944541990757,data\cache\clean\test\imagen3_7ee1485909c59826\noise_s0.05.jpg
imagen3_8b13dc3bff918841,noise_s0.05,imagen3,imagen3,1,0.06231816112995148,data\cache\clean\test\imagen3_8b13dc3bff918841\noise_s0.05.jpg
imagen3_8c20e4bf83ffff36,noise_s0.05,imagen3,imagen3,1,0.33128082752227783,data\cache\clean\test\imagen3_8c20e4bf83ffff36\noise_s0.05.jpg
imagen3_9e82651e214a25c8,noise_s0.05,imagen3,imagen3,1,0.006903239991515875,data\cache\clean\test\imagen3_9e82651e214a25c8\noise_s0.05.jpg
imagen3_aa13646e437b7afa,noise_s0.05,imagen3,imagen3,1,0.009211989119648933,data\cache\clean\test\imagen3_aa13646e437b7afa\noise_s0.05.jpg
imagen3_ad860df8c2a1a848,noise_s0.05,imagen3,imagen3,1,0.021687788888812065,data\cache\clean\test\imagen3_ad860df8c2a1a848\noise_s0.05.jpg
imagen3_b69c9976ced306d1,noise_s0.05,imagen3,imagen3,1,0.02932201512157917,data\cache\clean\test\imagen3_b69c9976ced306d1\noise_s0.05.jpg
imagen3_ca44bb7db1e73a9a,noise_s0.05,imagen3,imagen3,1,0.004827815108001232,data\cache\clean\test\imagen3_ca44bb7db1e73a9a\noise_s0.05.jpg
imagen3_d326e7c87fb1d966,noise_s0.05,imagen3,imagen3,1,0.00709060812368989,data\cache\clean\test\imagen3_d326e7c87fb1d966\noise_s0.05.jpg
imagen3_e63f3b6f8bdee43a,noise_s0.05,imagen3,imagen3,1,0.18471179902553558,data\cache\clean\test\imagen3_e63f3b6f8bdee43a\noise_s0.05.jpg
imagen3_ea646e585cc24088,noise_s0.05,imagen3,imagen3,1,0.0029199146665632725,data\cache\clean\test\imagen3_ea646e585cc24088\noise_s0.05.jpg
imagen3_fa8535259782583b,noise_s0.05,imagen3,imagen3,1,0.2319970577955246,data\cache\clean\test\imagen3_fa8535259782583b\noise_s0.05.jpg
imagen3_fd568a2839353a92,noise_s0.05,imagen3,imagen3,1,0.47147926688194275,data\cache\clean\test\imagen3_fd568a2839353a92\noise_s0.05.jpg
imagen3_fe7048efd51b15b8,noise_s0.05,imagen3,imagen3,1,0.00038123613921925426,data\cache\clean\test\imagen3_fe7048efd51b15b8\noise_s0.05.jpg
imagen3_Imagen3_1208,noise_s0.05,imagen3,imagen3,1,0.008619588799774647,data\cache\clean\test\imagen3_Imagen3_1208\noise_s0.05.jpg
imagen3_Imagen3_1860,noise_s0.05,imagen3,imagen3,1,0.20080415904521942,data\cache\clean\test\imagen3_Imagen3_1860\noise_s0.05.jpg
imagen3_Imagen3_2403,noise_s0.05,imagen3,imagen3,1,0.030262241140007973,data\cache\clean\test\imagen3_Imagen3_2403\noise_s0.05.jpg
imagen3_Imagen3_3546,noise_s0.05,imagen3,imagen3,1,0.003209381829947233,data\cache\clean\test\imagen3_Imagen3_3546\noise_s0.05.jpg
sidset_full_synthetic_001692,noise_s0.05,sidset,full_synthetic,1,0.032402049750089645,data\cache\clean\test\sidset_full_synthetic_001692\noise_s0.05.jpg
sidset_full_synthetic_004754,noise_s0.05,sidset,full_synthetic,1,0.02551974542438984,data\cache\clean\test\sidset_full_synthetic_004754\noise_s0.05.jpg
sidset_full_synthetic_017359,noise_s0.05,sidset,full_synthetic,1,0.4570832848548889,data\cache\clean\test\sidset_full_synthetic_017359\noise_s0.05.jpg
sidset_full_synthetic_033528,noise_s0.05,sidset,full_synthetic,1,0.09317506104707718,data\cache\clean\test\sidset_full_synthetic_033528\noise_s0.05.jpg
sidset_full_synthetic_038531,noise_s0.05,sidset,full_synthetic,1,0.012053393758833408,data\cache\clean\test\sidset_full_synthetic_038531\noise_s0.05.jpg
sidset_full_synthetic_048376,noise_s0.05,sidset,full_synthetic,1,0.38226449489593506,data\cache\clean\test\sidset_full_synthetic_048376\noise_s0.05.jpg
sidset_full_synthetic_060524,noise_s0.05,sidset,full_synthetic,1,0.007951945066452026,data\cache\clean\test\sidset_full_synthetic_060524\noise_s0.05.jpg
sidset_full_synthetic_062467,noise_s0.05,sidset,full_synthetic,1,0.3964654505252838,data\cache\clean\test\sidset_full_synthetic_062467\noise_s0.05.jpg
sidset_full_synthetic_063062,noise_s0.05,sidset,full_synthetic,1,0.13428308069705963,data\cache\clean\test\sidset_full_synthetic_063062\noise_s0.05.jpg
sidset_full_synthetic_067084,noise_s0.05,sidset,full_synthetic,1,0.4788797199726105,data\cache\clean\test\sidset_full_synthetic_067084\noise_s0.05.jpg
sidset_full_synthetic_069762,noise_s0.05,sidset,full_synthetic,1,0.02347409352660179,data\cache\clean\test\sidset_full_synthetic_069762\noise_s0.05.jpg
stylegan_xl_0097a2e24789bc7a,noise_s0.05,stylegan_xl,stylegan_xl,1,0.0010053478181362152,data\cache\clean\test\stylegan_xl_0097a2e24789bc7a\noise_s0.05.jpg
stylegan_xl_00a4591cf03df584,noise_s0.05,stylegan_xl,stylegan_xl,1,3.7491399780265056e-06,data\cache\clean\test\stylegan_xl_00a4591cf03df584\noise_s0.05.jpg
stylegan_xl_031391f1ab18ab62,noise_s0.05,stylegan_xl,stylegan_xl,1,0.011273171752691269,data\cache\clean\test\stylegan_xl_031391f1ab18ab62\noise_s0.05.jpg
stylegan_xl_0a4244f8a9185bad,noise_s0.05,stylegan_xl,stylegan_xl,1,0.08327750861644745,data\cache\clean\test\stylegan_xl_0a4244f8a9185bad\noise_s0.05.jpg
stylegan_xl_0f7efa4c31bcd8f4,noise_s0.05,stylegan_xl,stylegan_xl,1,0.003070645499974489,data\cache\clean\test\stylegan_xl_0f7efa4c31bcd8f4\noise_s0.05.jpg
stylegan_xl_1060d58257bc5130,noise_s0.05,stylegan_xl,stylegan_xl,1,6.715164636261761e-05,data\cache\clean\test\stylegan_xl_1060d58257bc5130\noise_s0.05.jpg
stylegan_xl_1440252ff76f525f,noise_s0.05,stylegan_xl,stylegan_xl,1,0.22184158861637115,data\cache\clean\test\stylegan_xl_1440252ff76f525f\noise_s0.05.jpg
stylegan_xl_17f8bf0ef8d2f478,noise_s0.05,stylegan_xl,stylegan_xl,1,0.0015468561323359609,data\cache\clean\test\stylegan_xl_17f8bf0ef8d2f478\noise_s0.05.jpg
stylegan_xl_2013fe0d44f84041,noise_s0.05,stylegan_xl,stylegan_xl,1,6.089829912525602e-05,data\cache\clean\test\stylegan_xl_2013fe0d44f84041\noise_s0.05.jpg
stylegan_xl_324e332686aa6966,noise_s0.05,stylegan_xl,stylegan_xl,1,0.03379496932029724,data\cache\clean\test\stylegan_xl_324e332686aa6966\noise_s0.05.jpg
stylegan_xl_3621cf0be1fc8d68,noise_s0.05,stylegan_xl,stylegan_xl,1,0.4796847105026245,data\cache\clean\test\stylegan_xl_3621cf0be1fc8d68\noise_s0.05.jpg
stylegan_xl_3b5e18f8fc06450d,noise_s0.05,stylegan_xl,stylegan_xl,1,0.00039156965794973075,data\cache\clean\test\stylegan_xl_3b5e18f8fc06450d\noise_s0.05.jpg
stylegan_xl_43847,noise_s0.05,stylegan_xl,stylegan_xl,1,0.06321411579847336,data\cache\clean\test\stylegan_xl_43847\noise_s0.05.jpg
stylegan_xl_44451,noise_s0.05,stylegan_xl,stylegan_xl,1,0.49933284521102905,data\cache\clean\test\stylegan_xl_44451\noise_s0.05.jpg
stylegan_xl_45400,noise_s0.05,stylegan_xl,stylegan_xl,1,0.31295132637023926,data\cache\clean\test\stylegan_xl_45400\noise_s0.05.jpg
stylegan_xl_45602,noise_s0.05,stylegan_xl,stylegan_xl,1,0.018735719844698906,data\cache\clean\test\stylegan_xl_45602\noise_s0.05.jpg
stylegan_xl_48611,noise_s0.05,stylegan_xl,stylegan_xl,1,0.007164701819419861,data\cache\clean\test\stylegan_xl_48611\noise_s0.05.jpg
stylegan_xl_49539,noise_s0.05,stylegan_xl,stylegan_xl,1,0.38322195410728455,data\cache\clean\test\stylegan_xl_49539\noise_s0.05.jpg
stylegan_xl_4f991f9638e28675,noise_s0.05,stylegan_xl,stylegan_xl,1,0.0025081734638661146,data\cache\clean\test\stylegan_xl_4f991f9638e28675\noise_s0.05.jpg
stylegan_xl_53453,noise_s0.05,stylegan_xl,stylegan_xl,1,0.015162901021540165,data\cache\clean\test\stylegan_xl_53453\noise_s0.05.jpg
stylegan_xl_548aed682dc65ef2,noise_s0.05,stylegan_xl,stylegan_xl,1,0.3377699851989746,data\cache\clean\test\stylegan_xl_548aed682dc65ef2\noise_s0.05.jpg
stylegan_xl_60ed9d3511d333bf,noise_s0.05,stylegan_xl,stylegan_xl,1,0.0004142677062191069,data\cache\clean\test\stylegan_xl_60ed9d3511d333bf\noise_s0.05.jpg
stylegan_xl_65bb283a1280639e,noise_s0.05,stylegan_xl,stylegan_xl,1,0.319324791431427,data\cache\clean\test\stylegan_xl_65bb283a1280639e\noise_s0.05.jpg
stylegan_xl_729fee52c5b7f95b,noise_s0.05,stylegan_xl,stylegan_xl,1,0.15093043446540833,data\cache\clean\test\stylegan_xl_729fee52c5b7f95b\noise_s0.05.jpg
stylegan_xl_7d433e90bcd7bd53,noise_s0.05,stylegan_xl,stylegan_xl,1,0.0018004769226536155,data\cache\clean\test\stylegan_xl_7d433e90bcd7bd53\noise_s0.05.jpg
stylegan_xl_7ffebe6032f8209f,noise_s0.05,stylegan_xl,stylegan_xl,1,0.3956686854362488,data\cache\clean\test\stylegan_xl_7ffebe6032f8209f\noise_s0.05.jpg
stylegan_xl_80fc8be6e7c11eb3,noise_s0.05,stylegan_xl,stylegan_xl,1,3.2160996852326207e-06,data\cache\clean\test\stylegan_xl_80fc8be6e7c11eb3\noise_s0.05.jpg
stylegan_xl_8461b1ae87c22c20,noise_s0.05,stylegan_xl,stylegan_xl,1,0.035896435379981995,data\cache\clean\test\stylegan_xl_8461b1ae87c22c20\noise_s0.05.jpg
stylegan_xl_8f9dfd75dde8914f,noise_s0.05,stylegan_xl,stylegan_xl,1,0.004275201354175806,data\cache\clean\test\stylegan_xl_8f9dfd75dde8914f\noise_s0.05.jpg
stylegan_xl_a1ed16fffc5ecb68,noise_s0.05,stylegan_xl,stylegan_xl,1,0.23752619326114655,data\cache\clean\test\stylegan_xl_a1ed16fffc5ecb68\noise_s0.05.jpg
stylegan_xl_a72f3ace10a8f550,noise_s0.05,stylegan_xl,stylegan_xl,1,1.3466204109136015e-05,data\cache\clean\test\stylegan_xl_a72f3ace10a8f550\noise_s0.05.jpg
stylegan_xl_cf9c332a1ebfb587,noise_s0.05,stylegan_xl,stylegan_xl,1,0.050109751522541046,data\cache\clean\test\stylegan_xl_cf9c332a1ebfb587\noise_s0.05.jpg
stylegan_xl_d686a15f05d09472,noise_s0.05,stylegan_xl,stylegan_xl,1,0.2713509798049927,data\cache\clean\test\stylegan_xl_d686a15f05d09472\noise_s0.05.jpg
stylegan_xl_d7c4ece8c8a01de0,noise_s0.05,stylegan_xl,stylegan_xl,1,0.23478291928768158,data\cache\clean\test\stylegan_xl_d7c4ece8c8a01de0\noise_s0.05.jpg
stylegan_xl_e4b8e7ef72cabaf2,noise_s0.05,stylegan_xl,stylegan_xl,1,0.005006429739296436,data\cache\clean\test\stylegan_xl_e4b8e7ef72cabaf2\noise_s0.05.jpg
stylegan_xl_f2ea3473d8b1a62f,noise_s0.05,stylegan_xl,stylegan_xl,1,0.04968741163611412,data\cache\clean\test\stylegan_xl_f2ea3473d8b1a62f\noise_s0.05.jpg
stylegan_xl_fef6a66b8deaa7ab,noise_s0.05,stylegan_xl,stylegan_xl,1,0.0003080418973695487,data\cache\clean\test\stylegan_xl_fef6a66b8deaa7ab\noise_s0.05.jpg
cifake_1028 (10),noise_s0.1,cifake,stable_diffusion,1,0.00663731386885047,data\cache\clean\test\cifake_1028 (10)\noise_s0.1.jpg
cifake_1088 (3),noise_s0.1,cifake,stable_diffusion,1,0.14053651690483093,data\cache\clean\test\cifake_1088 (3)\noise_s0.1.jpg
cifake_1710 (5),noise_s0.1,cifake,stable_diffusion,1,0.10129297524690628,data\cache\clean\test\cifake_1710 (5)\noise_s0.1.jpg
cifake_1867 (9),noise_s0.1,cifake,stable_diffusion,1,0.48003116250038147,data\cache\clean\test\cifake_1867 (9)\noise_s0.1.jpg
cifake_2831,noise_s0.1,cifake,stable_diffusion,1,0.4260617196559906,data\cache\clean\test\cifake_2831\noise_s0.1.jpg
cifake_3006 (4)_1,noise_s0.1,cifake,stable_diffusion,1,0.3661786913871765,data\cache\clean\test\cifake_3006 (4)_1\noise_s0.1.jpg
cifake_3217 (6),noise_s0.1,cifake,stable_diffusion,1,0.20793452858924866,data\cache\clean\test\cifake_3217 (6)\noise_s0.1.jpg
cifake_3975 (6),noise_s0.1,cifake,stable_diffusion,1,0.014625954441726208,data\cache\clean\test\cifake_3975 (6)\noise_s0.1.jpg
cifake_4074 (3),noise_s0.1,cifake,stable_diffusion,1,0.4771939516067505,data\cache\clean\test\cifake_4074 (3)\noise_s0.1.jpg
cifake_4127 (3),noise_s0.1,cifake,stable_diffusion,1,0.05399255454540253,data\cache\clean\test\cifake_4127 (3)\noise_s0.1.jpg
cifake_4221 (2),noise_s0.1,cifake,stable_diffusion,1,0.20360009372234344,data\cache\clean\test\cifake_4221 (2)\noise_s0.1.jpg
cifake_4615 (3),noise_s0.1,cifake,stable_diffusion,1,0.416238933801651,data\cache\clean\test\cifake_4615 (3)\noise_s0.1.jpg
cifake_4681 (5),noise_s0.1,cifake,stable_diffusion,1,0.4942123293876648,data\cache\clean\test\cifake_4681 (5)\noise_s0.1.jpg
cifake_5221 (3),noise_s0.1,cifake,stable_diffusion,1,0.22157680988311768,data\cache\clean\test\cifake_5221 (3)\noise_s0.1.jpg
cifake_5607 (3),noise_s0.1,cifake,stable_diffusion,1,0.0982803925871849,data\cache\clean\test\cifake_5607 (3)\noise_s0.1.jpg
cifake_5777 (3),noise_s0.1,cifake,stable_diffusion,1,0.09849070012569427,data\cache\clean\test\cifake_5777 (3)\noise_s0.1.jpg
cifake_739 (8),noise_s0.1,cifake,stable_diffusion,1,0.30262377858161926,data\cache\clean\test\cifake_739 (8)\noise_s0.1.jpg
cifake_771 (8),noise_s0.1,cifake,stable_diffusion,1,0.19298802316188812,data\cache\clean\test\cifake_771 (8)\noise_s0.1.jpg
cifake_784 (4),noise_s0.1,cifake,stable_diffusion,1,0.3512081205844879,data\cache\clean\test\cifake_784 (4)\noise_s0.1.jpg
cifake_939 (6),noise_s0.1,cifake,stable_diffusion,1,0.07569067180156708,data\cache\clean\test\cifake_939 (6)\noise_s0.1.jpg
cifake_954 (9),noise_s0.1,cifake,stable_diffusion,1,0.48858246207237244,data\cache\clean\test\cifake_954 (9)\noise_s0.1.jpg
cifake_966 (4),noise_s0.1,cifake,stable_diffusion,1,0.1356876641511917,data\cache\clean\test\cifake_966 (4)\noise_s0.1.jpg
dalle_10420,noise_s0.1,dalle,dalle,1,0.4495158791542053,data\cache\clean\test\dalle_10420\noise_s0.1.jpg
dalle_19590,noise_s0.1,dalle,dalle,1,0.030259065330028534,data\cache\clean\test\dalle_19590\noise_s0.1.jpg
dalle_20080,noise_s0.1,dalle,dalle,1,0.011536695063114166,data\cache\clean\test\dalle_20080\noise_s0.1.jpg
dalle_24599,noise_s0.1,dalle,dalle,1,0.15056829154491425,data\cache\clean\test\dalle_24599\noise_s0.1.jpg
dalle_2561,noise_s0.1,dalle,dalle,1,0.2544350028038025,data\cache\clean\test\dalle_2561\noise_s0.1.jpg
dalle_26742,noise_s0.1,dalle,dalle,1,0.37146565318107605,data\cache\clean\test\dalle_26742\noise_s0.1.jpg
dalle_27029,noise_s0.1,dalle,dalle,1,0.09017127752304077,data\cache\clean\test\dalle_27029\noise_s0.1.jpg
dalle_33159,noise_s0.1,dalle,dalle,1,0.01540058571845293,data\cache\clean\test\dalle_33159\noise_s0.1.jpg
dalle_40387,noise_s0.1,dalle,dalle,1,0.046309735625982285,data\cache\clean\test\dalle_40387\noise_s0.1.jpg
dalle_41791,noise_s0.1,dalle,dalle,1,0.0018903877353295684,data\cache\clean\test\dalle_41791\noise_s0.1.jpg
dalle_6481,noise_s0.1,dalle,dalle,1,0.005155615508556366,data\cache\clean\test\dalle_6481\noise_s0.1.jpg
dalle_6f0f61883f111368d770c54801f33449,noise_s0.1,dalle,dalle,1,0.0037710240576416254,data\cache\clean\test\dalle_6f0f61883f111368d770c54801f33449\noise_s0.1.jpg
dalle_8017,noise_s0.1,dalle,dalle,1,0.24724403023719788,data\cache\clean\test\dalle_8017\noise_s0.1.jpg
dalle_9068,noise_s0.1,dalle,dalle,1,0.4244823455810547,data\cache\clean\test\dalle_9068\noise_s0.1.jpg
gigagan_05738,noise_s0.1,gigagan,gigagan,1,0.004001629073172808,data\cache\clean\test\gigagan_05738\noise_s0.1.jpg
gigagan_07350,noise_s0.1,gigagan,gigagan,1,2.494476575520821e-05,data\cache\clean\test\gigagan_07350\noise_s0.1.jpg
gigagan_08561,noise_s0.1,gigagan,gigagan,1,0.3549039661884308,data\cache\clean\test\gigagan_08561\noise_s0.1.jpg
gigagan_10914,noise_s0.1,gigagan,gigagan,1,0.004379119258373976,data\cache\clean\test\gigagan_10914\noise_s0.1.jpg
gigagan_14071,noise_s0.1,gigagan,gigagan,1,0.0002798057394102216,data\cache\clean\test\gigagan_14071\noise_s0.1.jpg
gigagan_14138,noise_s0.1,gigagan,gigagan,1,0.24050255119800568,data\cache\clean\test\gigagan_14138\noise_s0.1.jpg
gigagan_15454,noise_s0.1,gigagan,gigagan,1,0.0037644568365067244,data\cache\clean\test\gigagan_15454\noise_s0.1.jpg
gigagan_15561,noise_s0.1,gigagan,gigagan,1,1.5364608998424956e-06,data\cache\clean\test\gigagan_15561\noise_s0.1.jpg
gigagan_15694,noise_s0.1,gigagan,gigagan,1,0.05577867105603218,data\cache\clean\test\gigagan_15694\noise_s0.1.jpg
gigagan_17003,noise_s0.1,gigagan,gigagan,1,0.05659421160817146,data\cache\clean\test\gigagan_17003\noise_s0.1.jpg
gigagan_18378,noise_s0.1,gigagan,gigagan,1,0.050386980175971985,data\cache\clean\test\gigagan_18378\noise_s0.1.jpg
gigagan_19199,noise_s0.1,gigagan,gigagan,1,0.06538990139961243,data\cache\clean\test\gigagan_19199\noise_s0.1.jpg
gigagan_20207,noise_s0.1,gigagan,gigagan,1,0.04350127652287483,data\cache\clean\test\gigagan_20207\noise_s0.1.jpg
gigagan_20327,noise_s0.1,gigagan,gigagan,1,0.001597333699464798,data\cache\clean\test\gigagan_20327\noise_s0.1.jpg
gigagan_20468,noise_s0.1,gigagan,gigagan,1,0.3866244852542877,data\cache\clean\test\gigagan_20468\noise_s0.1.jpg
gigagan_21611,noise_s0.1,gigagan,gigagan,1,0.008216483518481255,data\cache\clean\test\gigagan_21611\noise_s0.1.jpg
gigagan_22418,noise_s0.1,gigagan,gigagan,1,0.005830915179103613,data\cache\clean\test\gigagan_22418\noise_s0.1.jpg
gigagan_23134,noise_s0.1,gigagan,gigagan,1,0.11843056976795197,data\cache\clean\test\gigagan_23134\noise_s0.1.jpg
gigagan_24726,noise_s0.1,gigagan,gigagan,1,0.15353736281394958,data\cache\clean\test\gigagan_24726\noise_s0.1.jpg
gigagan_25090,noise_s0.1,gigagan,gigagan,1,0.3215615749359131,data\cache\clean\test\gigagan_25090\noise_s0.1.jpg
gigagan_26067,noise_s0.1,gigagan,gigagan,1,0.4412955939769745,data\cache\clean\test\gigagan_26067\noise_s0.1.jpg
gigagan_29456,noise_s0.1,gigagan,gigagan,1,0.11024436354637146,data\cache\clean\test\gigagan_29456\noise_s0.1.jpg
gigagan_29846,noise_s0.1,gigagan,gigagan,1,0.02918999269604683,data\cache\clean\test\gigagan_29846\noise_s0.1.jpg
imagen3_045e6da6fd7f6fb0,noise_s0.1,imagen3,imagen3,1,0.017824696376919746,data\cache\clean\test\imagen3_045e6da6fd7f6fb0\noise_s0.1.jpg
imagen3_04e3097ac2f57647,noise_s0.1,imagen3,imagen3,1,0.006772332824766636,data\cache\clean\test\imagen3_04e3097ac2f57647\noise_s0.1.jpg
imagen3_07747d6ffd056bee,noise_s0.1,imagen3,imagen3,1,0.006806854624301195,data\cache\clean\test\imagen3_07747d6ffd056bee\noise_s0.1.jpg
imagen3_13ed1f9391224848,noise_s0.1,imagen3,imagen3,1,0.1467609405517578,data\cache\clean\test\imagen3_13ed1f9391224848\noise_s0.1.jpg
imagen3_15906,noise_s0.1,imagen3,imagen3,1,0.15596818923950195,data\cache\clean\test\imagen3_15906\noise_s0.1.jpg
imagen3_17643da56f35c6f7,noise_s0.1,imagen3,imagen3,1,7.96254312263045e-07,data\cache\clean\test\imagen3_17643da56f35c6f7\noise_s0.1.jpg
imagen3_17919c9ffd792ad9,noise_s0.1,imagen3,imagen3,1,0.2997789978981018,data\cache\clean\test\imagen3_17919c9ffd792ad9\noise_s0.1.jpg
imagen3_24e64d19ddde11cb,noise_s0.1,imagen3,imagen3,1,1.2417935124631185e-07,data\cache\clean\test\imagen3_24e64d19ddde11cb\noise_s0.1.jpg
imagen3_260ae6b06f1f50e2,noise_s0.1,imagen3,imagen3,1,1.2231224900460802e-05,data\cache\clean\test\imagen3_260ae6b06f1f50e2\noise_s0.1.jpg
imagen3_2be4510162a8a76e,noise_s0.1,imagen3,imagen3,1,0.024954915046691895,data\cache\clean\test\imagen3_2be4510162a8a76e\noise_s0.1.jpg
imagen3_3403b18fc93acbfc,noise_s0.1,imagen3,imagen3,1,0.0013707882026210427,data\cache\clean\test\imagen3_3403b18fc93acbfc\noise_s0.1.jpg
imagen3_43058,noise_s0.1,imagen3,imagen3,1,0.005958116613328457,data\cache\clean\test\imagen3_43058\noise_s0.1.jpg
imagen3_44015,noise_s0.1,imagen3,imagen3,1,0.0020177788101136684,data\cache\clean\test\imagen3_44015\noise_s0.1.jpg
imagen3_46922,noise_s0.1,imagen3,imagen3,1,0.029071517288684845,data\cache\clean\test\imagen3_46922\noise_s0.1.jpg
imagen3_473ffc5e3d5dc373,noise_s0.1,imagen3,imagen3,1,0.35705164074897766,data\cache\clean\test\imagen3_473ffc5e3d5dc373\noise_s0.1.jpg
imagen3_519f5c348fe55fcd,noise_s0.1,imagen3,imagen3,1,0.0037943818606436253,data\cache\clean\test\imagen3_519f5c348fe55fcd\noise_s0.1.jpg
imagen3_52520,noise_s0.1,imagen3,imagen3,1,0.021565040573477745,data\cache\clean\test\imagen3_52520\noise_s0.1.jpg
imagen3_53132,noise_s0.1,imagen3,imagen3,1,0.1894843876361847,data\cache\clean\test\imagen3_53132\noise_s0.1.jpg
imagen3_53632,noise_s0.1,imagen3,imagen3,1,0.06323862820863724,data\cache\clean\test\imagen3_53632\noise_s0.1.jpg
imagen3_5e95809bd47d157b,noise_s0.1,imagen3,imagen3,1,0.0009435930987820029,data\cache\clean\test\imagen3_5e95809bd47d157b\noise_s0.1.jpg
imagen3_69467160e53f71bc,noise_s0.1,imagen3,imagen3,1,0.07853734493255615,data\cache\clean\test\imagen3_69467160e53f71bc\noise_s0.1.jpg
imagen3_6a8270ea182a9194,noise_s0.1,imagen3,imagen3,1,3.708847998495912e-06,data\cache\clean\test\imagen3_6a8270ea182a9194\noise_s0.1.jpg
imagen3_6c7624322b04ce43,noise_s0.1,imagen3,imagen3,1,0.0006770871113985777,data\cache\clean\test\imagen3_6c7624322b04ce43\noise_s0.1.jpg
imagen3_77fb2d4f372634f8,noise_s0.1,imagen3,imagen3,1,0.0011335539165884256,data\cache\clean\test\imagen3_77fb2d4f372634f8\noise_s0.1.jpg
imagen3_7ee1485909c59826,noise_s0.1,imagen3,imagen3,1,0.3211950361728668,data\cache\clean\test\imagen3_7ee1485909c59826\noise_s0.1.jpg
imagen3_8b13dc3bff918841,noise_s0.1,imagen3,imagen3,1,0.0008986591710709035,data\cache\clean\test\imagen3_8b13dc3bff918841\noise_s0.1.jpg
imagen3_8c20e4bf83ffff36,noise_s0.1,imagen3,imagen3,1,0.4053254723548889,data\cache\clean\test\imagen3_8c20e4bf83ffff36\noise_s0.1.jpg
imagen3_8e6f8acd28fd8f35,noise_s0.1,imagen3,imagen3,1,0.36611270904541016,data\cache\clean\test\imagen3_8e6f8acd28fd8f35\noise_s0.1.jpg
imagen3_9e82651e214a25c8,noise_s0.1,imagen3,imagen3,1,0.009172642603516579,data\cache\clean\test\imagen3_9e82651e214a25c8\noise_s0.1.jpg
imagen3_ad860df8c2a1a848,noise_s0.1,imagen3,imagen3,1,0.001294772489927709,data\cache\clean\test\imagen3_ad860df8c2a1a848\noise_s0.1.jpg
imagen3_b69c9976ced306d1,noise_s0.1,imagen3,imagen3,1,0.020979253575205803,data\cache\clean\test\imagen3_b69c9976ced306d1\noise_s0.1.jpg
imagen3_ca44bb7db1e73a9a,noise_s0.1,imagen3,imagen3,1,0.008202126249670982,data\cache\clean\test\imagen3_ca44bb7db1e73a9a\noise_s0.1.jpg
imagen3_d326e7c87fb1d966,noise_s0.1,imagen3,imagen3,1,0.062048040330410004,data\cache\clean\test\imagen3_d326e7c87fb1d966\noise_s0.1.jpg
imagen3_e63f3b6f8bdee43a,noise_s0.1,imagen3,imagen3,1,0.34637969732284546,data\cache\clean\test\imagen3_e63f3b6f8bdee43a\noise_s0.1.jpg
imagen3_ea646e585cc24088,noise_s0.1,imagen3,imagen3,1,0.06327351182699203,data\cache\clean\test\imagen3_ea646e585cc24088\noise_s0.1.jpg
imagen3_fe7048efd51b15b8,noise_s0.1,imagen3,imagen3,1,0.22479912638664246,data\cache\clean\test\imagen3_fe7048efd51b15b8\noise_s0.1.jpg
imagen3_Imagen3_1208,noise_s0.1,imagen3,imagen3,1,0.24133329093456268,data\cache\clean\test\imagen3_Imagen3_1208\noise_s0.1.jpg
imagen3_Imagen3_1860,noise_s0.1,imagen3,imagen3,1,0.07586536556482315,data\cache\clean\test\imagen3_Imagen3_1860\noise_s0.1.jpg
imagen3_Imagen3_2403,noise_s0.1,imagen3,imagen3,1,0.036807771772146225,data\cache\clean\test\imagen3_Imagen3_2403\noise_s0.1.jpg
imagen3_Imagen3_3546,noise_s0.1,imagen3,imagen3,1,0.1232917383313179,data\cache\clean\test\imagen3_Imagen3_3546\noise_s0.1.jpg
sidset_full_synthetic_001692,noise_s0.1,sidset,full_synthetic,1,0.020349780097603798,data\cache\clean\test\sidset_full_synthetic_001692\noise_s0.1.jpg
sidset_full_synthetic_004754,noise_s0.1,sidset,full_synthetic,1,0.0801919475197792,data\cache\clean\test\sidset_full_synthetic_004754\noise_s0.1.jpg
sidset_full_synthetic_033528,noise_s0.1,sidset,full_synthetic,1,0.020835675299167633,data\cache\clean\test\sidset_full_synthetic_033528\noise_s0.1.jpg
sidset_full_synthetic_033729,noise_s0.1,sidset,full_synthetic,1,0.4285494089126587,data\cache\clean\test\sidset_full_synthetic_033729\noise_s0.1.jpg
sidset_full_synthetic_060524,noise_s0.1,sidset,full_synthetic,1,0.002360538812354207,data\cache\clean\test\sidset_full_synthetic_060524\noise_s0.1.jpg
sidset_full_synthetic_060650,noise_s0.1,sidset,full_synthetic,1,0.09846745431423187,data\cache\clean\test\sidset_full_synthetic_060650\noise_s0.1.jpg
sidset_full_synthetic_062467,noise_s0.1,sidset,full_synthetic,1,0.0022551247384399176,data\cache\clean\test\sidset_full_synthetic_062467\noise_s0.1.jpg
sidset_full_synthetic_063062,noise_s0.1,sidset,full_synthetic,1,0.22054564952850342,data\cache\clean\test\sidset_full_synthetic_063062\noise_s0.1.jpg
sidset_full_synthetic_067084,noise_s0.1,sidset,full_synthetic,1,0.26326820254325867,data\cache\clean\test\sidset_full_synthetic_067084\noise_s0.1.jpg
sidset_full_synthetic_069762,noise_s0.1,sidset,full_synthetic,1,0.29379919171333313,data\cache\clean\test\sidset_full_synthetic_069762\noise_s0.1.jpg
stylegan_xl_0097a2e24789bc7a,noise_s0.1,stylegan_xl,stylegan_xl,1,0.0008867818978615105,data\cache\clean\test\stylegan_xl_0097a2e24789bc7a\noise_s0.1.jpg
stylegan_xl_00a4591cf03df584,noise_s0.1,stylegan_xl,stylegan_xl,1,6.907660463184584e-06,data\cache\clean\test\stylegan_xl_00a4591cf03df584\noise_s0.1.jpg
stylegan_xl_031391f1ab18ab62,noise_s0.1,stylegan_xl,stylegan_xl,1,0.004481954965740442,data\cache\clean\test\stylegan_xl_031391f1ab18ab62\noise_s0.1.jpg
stylegan_xl_0a4244f8a9185bad,noise_s0.1,stylegan_xl,stylegan_xl,1,0.1265009492635727,data\cache\clean\test\stylegan_xl_0a4244f8a9185bad\noise_s0.1.jpg
stylegan_xl_0f7efa4c31bcd8f4,noise_s0.1,stylegan_xl,stylegan_xl,1,0.0010772260138764977,data\cache\clean\test\stylegan_xl_0f7efa4c31bcd8f4\noise_s0.1.jpg
stylegan_xl_1060d58257bc5130,noise_s0.1,stylegan_xl,stylegan_xl,1,0.0003704944683704525,data\cache\clean\test\stylegan_xl_1060d58257bc5130\noise_s0.1.jpg
stylegan_xl_17f8bf0ef8d2f478,noise_s0.1,stylegan_xl,stylegan_xl,1,0.0024854063522070646,data\cache\clean\test\stylegan_xl_17f8bf0ef8d2f478\noise_s0.1.jpg
stylegan_xl_2013fe0d44f84041,noise_s0.1,stylegan_xl,stylegan_xl,1,3.846146501018666e-05,data\cache\clean\test\stylegan_xl_2013fe0d44f84041\noise_s0.1.jpg
stylegan_xl_324e332686aa6966,noise_s0.1,stylegan_xl,stylegan_xl,1,0.06898216903209686,data\cache\clean\test\stylegan_xl_324e332686aa6966\noise_s0.1.jpg
stylegan_xl_3621cf0be1fc8d68,noise_s0.1,stylegan_xl,stylegan_xl,1,0.29964450001716614,data\cache\clean\test\stylegan_xl_3621cf0be1fc8d68\noise_s0.1.jpg
stylegan_xl_3b5e18f8fc06450d,noise_s0.1,stylegan_xl,stylegan_xl,1,0.00109196943230927,data\cache\clean\test\stylegan_xl_3b5e18f8fc06450d\noise_s0.1.jpg
stylegan_xl_44451,noise_s0.1,stylegan_xl,stylegan_xl,1,0.2473791092634201,data\cache\clean\test\stylegan_xl_44451\noise_s0.1.jpg
stylegan_xl_45602,noise_s0.1,stylegan_xl,stylegan_xl,1,0.01602361351251602,data\cache\clean\test\stylegan_xl_45602\noise_s0.1.jpg
stylegan_xl_48611,noise_s0.1,stylegan_xl,stylegan_xl,1,0.006062691565603018,data\cache\clean\test\stylegan_xl_48611\noise_s0.1.jpg
stylegan_xl_4f991f9638e28675,noise_s0.1,stylegan_xl,stylegan_xl,1,0.004165636841207743,data\cache\clean\test\stylegan_xl_4f991f9638e28675\noise_s0.1.jpg
stylegan_xl_51829,noise_s0.1,stylegan_xl,stylegan_xl,1,0.3601379990577698,data\cache\clean\test\stylegan_xl_51829\noise_s0.1.jpg
stylegan_xl_53453,noise_s0.1,stylegan_xl,stylegan_xl,1,0.006939308252185583,data\cache\clean\test\stylegan_xl_53453\noise_s0.1.jpg
stylegan_xl_548aed682dc65ef2,noise_s0.1,stylegan_xl,stylegan_xl,1,0.27385950088500977,data\cache\clean\test\stylegan_xl_548aed682dc65ef2\noise_s0.1.jpg
stylegan_xl_60ed9d3511d333bf,noise_s0.1,stylegan_xl,stylegan_xl,1,0.000643411127384752,data\cache\clean\test\stylegan_xl_60ed9d3511d333bf\noise_s0.1.jpg
stylegan_xl_729fee52c5b7f95b,noise_s0.1,stylegan_xl,stylegan_xl,1,0.24705703556537628,data\cache\clean\test\stylegan_xl_729fee52c5b7f95b\noise_s0.1.jpg
stylegan_xl_7d433e90bcd7bd53,noise_s0.1,stylegan_xl,stylegan_xl,1,0.0005856661009602249,data\cache\clean\test\stylegan_xl_7d433e90bcd7bd53\noise_s0.1.jpg
stylegan_xl_7ffebe6032f8209f,noise_s0.1,stylegan_xl,stylegan_xl,1,0.24030694365501404,data\cache\clean\test\stylegan_xl_7ffebe6032f8209f\noise_s0.1.jpg
stylegan_xl_80fc8be6e7c11eb3,noise_s0.1,stylegan_xl,stylegan_xl,1,4.19630532633164e-06,data\cache\clean\test\stylegan_xl_80fc8be6e7c11eb3\noise_s0.1.jpg
stylegan_xl_8461b1ae87c22c20,noise_s0.1,stylegan_xl,stylegan_xl,1,0.13210855424404144,data\cache\clean\test\stylegan_xl_8461b1ae87c22c20\noise_s0.1.jpg
stylegan_xl_8f9dfd75dde8914f,noise_s0.1,stylegan_xl,stylegan_xl,1,0.01520952582359314,data\cache\clean\test\stylegan_xl_8f9dfd75dde8914f\noise_s0.1.jpg
stylegan_xl_a1ed16fffc5ecb68,noise_s0.1,stylegan_xl,stylegan_xl,1,0.028405381366610527,data\cache\clean\test\stylegan_xl_a1ed16fffc5ecb68\noise_s0.1.jpg
stylegan_xl_a72f3ace10a8f550,noise_s0.1,stylegan_xl,stylegan_xl,1,1.166696074506035e-05,data\cache\clean\test\stylegan_xl_a72f3ace10a8f550\noise_s0.1.jpg
stylegan_xl_bd69757ff485d03e,noise_s0.1,stylegan_xl,stylegan_xl,1,0.4131256937980652,data\cache\clean\test\stylegan_xl_bd69757ff485d03e\noise_s0.1.jpg
stylegan_xl_cf9c332a1ebfb587,noise_s0.1,stylegan_xl,stylegan_xl,1,0.008064554072916508,data\cache\clean\test\stylegan_xl_cf9c332a1ebfb587\noise_s0.1.jpg
stylegan_xl_d686a15f05d09472,noise_s0.1,stylegan_xl,stylegan_xl,1,0.3948150873184204,data\cache\clean\test\stylegan_xl_d686a15f05d09472\noise_s0.1.jpg
stylegan_xl_d7c4ece8c8a01de0,noise_s0.1,stylegan_xl,stylegan_xl,1,0.28104063868522644,data\cache\clean\test\stylegan_xl_d7c4ece8c8a01de0\noise_s0.1.jpg
stylegan_xl_e4b8e7ef72cabaf2,noise_s0.1,stylegan_xl,stylegan_xl,1,0.0022271538618952036,data\cache\clean\test\stylegan_xl_e4b8e7ef72cabaf2\noise_s0.1.jpg
stylegan_xl_f2ea3473d8b1a62f,noise_s0.1,stylegan_xl,stylegan_xl,1,0.006118557881563902,data\cache\clean\test\stylegan_xl_f2ea3473d8b1a62f\noise_s0.1.jpg
stylegan_xl_fef6a66b8deaa7ab,noise_s0.1,stylegan_xl,stylegan_xl,1,0.00016199420497287065,data\cache\clean\test\stylegan_xl_fef6a66b8deaa7ab\noise_s0.1.jpg
cifake_1028 (10),resize_0.25,cifake,stable_diffusion,1,0.2548508048057556,data\cache\clean\test\cifake_1028 (10)\resize_0.25.jpg
cifake_2787 (7),resize_0.25,cifake,stable_diffusion,1,0.4742019474506378,data\cache\clean\test\cifake_2787 (7)\resize_0.25.jpg
cifake_2850 (3),resize_0.25,cifake,stable_diffusion,1,0.32902103662490845,data\cache\clean\test\cifake_2850 (3)\resize_0.25.jpg
cifake_3053 (4),resize_0.25,cifake,stable_diffusion,1,0.4801408350467682,data\cache\clean\test\cifake_3053 (4)\resize_0.25.jpg
cifake_4127 (3),resize_0.25,cifake,stable_diffusion,1,0.34356871247291565,data\cache\clean\test\cifake_4127 (3)\resize_0.25.jpg
cifake_4221 (2),resize_0.25,cifake,stable_diffusion,1,0.28514376282691956,data\cache\clean\test\cifake_4221 (2)\resize_0.25.jpg
cifake_4615 (3),resize_0.25,cifake,stable_diffusion,1,0.061021093279123306,data\cache\clean\test\cifake_4615 (3)\resize_0.25.jpg
cifake_954 (9),resize_0.25,cifake,stable_diffusion,1,0.3013717532157898,data\cache\clean\test\cifake_954 (9)\resize_0.25.jpg
dalle_10420,resize_0.25,dalle,dalle,1,0.4652843475341797,data\cache\clean\test\dalle_10420\resize_0.25.jpg
dalle_12052,resize_0.25,dalle,dalle,1,0.24144287407398224,data\cache\clean\test\dalle_12052\resize_0.25.jpg
dalle_19157,resize_0.25,dalle,dalle,1,0.07811468839645386,data\cache\clean\test\dalle_19157\resize_0.25.jpg
dalle_19590,resize_0.25,dalle,dalle,1,0.3396517336368561,data\cache\clean\test\dalle_19590\resize_0.25.jpg
dalle_20080,resize_0.25,dalle,dalle,1,0.050642579793930054,data\cache\clean\test\dalle_20080\resize_0.25.jpg
dalle_24299,resize_0.25,dalle,dalle,1,0.03004894219338894,data\cache\clean\test\dalle_24299\resize_0.25.jpg
dalle_26611,resize_0.25,dalle,dalle,1,0.20714253187179565,data\cache\clean\test\dalle_26611\resize_0.25.jpg
dalle_27029,resize_0.25,dalle,dalle,1,0.10199053585529327,data\cache\clean\test\dalle_27029\resize_0.25.jpg
dalle_28,resize_0.25,dalle,dalle,1,0.131548672914505,data\cache\clean\test\dalle_28\resize_0.25.jpg
dalle_28652,resize_0.25,dalle,dalle,1,0.46521902084350586,data\cache\clean\test\dalle_28652\resize_0.25.jpg
dalle_3007,resize_0.25,dalle,dalle,1,0.03675686940550804,data\cache\clean\test\dalle_3007\resize_0.25.jpg
dalle_33159,resize_0.25,dalle,dalle,1,0.029862461611628532,data\cache\clean\test\dalle_33159\resize_0.25.jpg
dalle_3c589aa7fd4a6705f1fd7918daf4ffb9,resize_0.25,dalle,dalle,1,0.13837842643260956,data\cache\clean\test\dalle_3c589aa7fd4a6705f1fd7918daf4ffb9\resize_0.25.jpg
dalle_40387,resize_0.25,dalle,dalle,1,0.14993035793304443,data\cache\clean\test\dalle_40387\resize_0.25.jpg
dalle_41791,resize_0.25,dalle,dalle,1,0.0008802418014965951,data\cache\clean\test\dalle_41791\resize_0.25.jpg
dalle_6481,resize_0.25,dalle,dalle,1,0.0006407290347851813,data\cache\clean\test\dalle_6481\resize_0.25.jpg
dalle_6f0f61883f111368d770c54801f33449,resize_0.25,dalle,dalle,1,0.0038226237520575523,data\cache\clean\test\dalle_6f0f61883f111368d770c54801f33449\resize_0.25.jpg
dalle_8017,resize_0.25,dalle,dalle,1,0.0028604345861822367,data\cache\clean\test\dalle_8017\resize_0.25.jpg
dalle_fcb663a4c7f01f5a548e4c1088d00a91,resize_0.25,dalle,dalle,1,0.15066714584827423,data\cache\clean\test\dalle_fcb663a4c7f01f5a548e4c1088d00a91\resize_0.25.jpg
gigagan_01605,resize_0.25,gigagan,gigagan,1,0.43447810411453247,data\cache\clean\test\gigagan_01605\resize_0.25.jpg
gigagan_05738,resize_0.25,gigagan,gigagan,1,0.004386235494166613,data\cache\clean\test\gigagan_05738\resize_0.25.jpg
gigagan_05849,resize_0.25,gigagan,gigagan,1,0.46800166368484497,data\cache\clean\test\gigagan_05849\resize_0.25.jpg
gigagan_06526,resize_0.25,gigagan,gigagan,1,0.10125903785228729,data\cache\clean\test\gigagan_06526\resize_0.25.jpg
gigagan_07350,resize_0.25,gigagan,gigagan,1,0.005584576167166233,data\cache\clean\test\gigagan_07350\resize_0.25.jpg
gigagan_07676,resize_0.25,gigagan,gigagan,1,0.13175922632217407,data\cache\clean\test\gigagan_07676\resize_0.25.jpg
gigagan_10769,resize_0.25,gigagan,gigagan,1,0.16418716311454773,data\cache\clean\test\gigagan_10769\resize_0.25.jpg
gigagan_10914,resize_0.25,gigagan,gigagan,1,0.0002272900746902451,data\cache\clean\test\gigagan_10914\resize_0.25.jpg
gigagan_12489,resize_0.25,gigagan,gigagan,1,0.42379695177078247,data\cache\clean\test\gigagan_12489\resize_0.25.jpg
gigagan_13110,resize_0.25,gigagan,gigagan,1,0.46429243683815,data\cache\clean\test\gigagan_13110\resize_0.25.jpg
gigagan_14071,resize_0.25,gigagan,gigagan,1,0.0043904539197683334,data\cache\clean\test\gigagan_14071\resize_0.25.jpg
gigagan_15454,resize_0.25,gigagan,gigagan,1,0.008922981098294258,data\cache\clean\test\gigagan_15454\resize_0.25.jpg
gigagan_15561,resize_0.25,gigagan,gigagan,1,0.0021232084836810827,data\cache\clean\test\gigagan_15561\resize_0.25.jpg
gigagan_17003,resize_0.25,gigagan,gigagan,1,0.018777601420879364,data\cache\clean\test\gigagan_17003\resize_0.25.jpg
gigagan_19199,resize_0.25,gigagan,gigagan,1,0.016215814277529716,data\cache\clean\test\gigagan_19199\resize_0.25.jpg
gigagan_20207,resize_0.25,gigagan,gigagan,1,0.15504619479179382,data\cache\clean\test\gigagan_20207\resize_0.25.jpg
gigagan_20241,resize_0.25,gigagan,gigagan,1,0.19830772280693054,data\cache\clean\test\gigagan_20241\resize_0.25.jpg
gigagan_20327,resize_0.25,gigagan,gigagan,1,0.27728036046028137,data\cache\clean\test\gigagan_20327\resize_0.25.jpg
gigagan_20468,resize_0.25,gigagan,gigagan,1,0.0020327535457909107,data\cache\clean\test\gigagan_20468\resize_0.25.jpg
gigagan_21611,resize_0.25,gigagan,gigagan,1,0.007837550714612007,data\cache\clean\test\gigagan_21611\resize_0.25.jpg
gigagan_22418,resize_0.25,gigagan,gigagan,1,0.037110816687345505,data\cache\clean\test\gigagan_22418\resize_0.25.jpg
gigagan_22533,resize_0.25,gigagan,gigagan,1,0.45641210675239563,data\cache\clean\test\gigagan_22533\resize_0.25.jpg
gigagan_23134,resize_0.25,gigagan,gigagan,1,0.005515294149518013,data\cache\clean\test\gigagan_23134\resize_0.25.jpg
gigagan_24445,resize_0.25,gigagan,gigagan,1,0.3045118749141693,data\cache\clean\test\gigagan_24445\resize_0.25.jpg
gigagan_24726,resize_0.25,gigagan,gigagan,1,0.015078059397637844,data\cache\clean\test\gigagan_24726\resize_0.25.jpg
gigagan_25090,resize_0.25,gigagan,gigagan,1,0.024036210030317307,data\cache\clean\test\gigagan_25090\resize_0.25.jpg
imagen3_045e6da6fd7f6fb0,resize_0.25,imagen3,imagen3,1,0.029458753764629364,data\cache\clean\test\imagen3_045e6da6fd7f6fb0\resize_0.25.jpg
imagen3_04e3097ac2f57647,resize_0.25,imagen3,imagen3,1,0.37958815693855286,data\cache\clean\test\imagen3_04e3097ac2f57647\resize_0.25.jpg
imagen3_07747d6ffd056bee,resize_0.25,imagen3,imagen3,1,0.0017426982522010803,data\cache\clean\test\imagen3_07747d6ffd056bee\resize_0.25.jpg
imagen3_13641,resize_0.25,imagen3,imagen3,1,0.46386393904685974,data\cache\clean\test\imagen3_13641\resize_0.25.jpg
imagen3_13ed1f9391224848,resize_0.25,imagen3,imagen3,1,0.03452911972999573,data\cache\clean\test\imagen3_13ed1f9391224848\resize_0.25.jpg
imagen3_15906,resize_0.25,imagen3,imagen3,1,0.002894919365644455,data\cache\clean\test\imagen3_15906\resize_0.25.jpg
imagen3_17643da56f35c6f7,resize_0.25,imagen3,imagen3,1,0.00015532871475443244,data\cache\clean\test\imagen3_17643da56f35c6f7\resize_0.25.jpg
imagen3_17919c9ffd792ad9,resize_0.25,imagen3,imagen3,1,0.4308274984359741,data\cache\clean\test\imagen3_17919c9ffd792ad9\resize_0.25.jpg
imagen3_24e64d19ddde11cb,resize_0.25,imagen3,imagen3,1,1.1564939086383674e-06,data\cache\clean\test\imagen3_24e64d19ddde11cb\resize_0.25.jpg
imagen3_260ae6b06f1f50e2,resize_0.25,imagen3,imagen3,1,5.491630417964188e-06,data\cache\clean\test\imagen3_260ae6b06f1f50e2\resize_0.25.jpg
imagen3_2be4510162a8a76e,resize_0.25,imagen3,imagen3,1,0.009288158267736435,data\cache\clean\test\imagen3_2be4510162a8a76e\resize_0.25.jpg
imagen3_3403b18fc93acbfc,resize_0.25,imagen3,imagen3,1,0.030222425237298012,data\cache\clean\test\imagen3_3403b18fc93acbfc\resize_0.25.jpg
imagen3_43058,resize_0.25,imagen3,imagen3,1,0.01259717345237732,data\cache\clean\test\imagen3_43058\resize_0.25.jpg
imagen3_43208,resize_0.25,imagen3,imagen3,1,0.4016979932785034,data\cache\clean\test\imagen3_43208\resize_0.25.jpg
imagen3_44015,resize_0.25,imagen3,imagen3,1,0.004755996633321047,data\cache\clean\test\imagen3_44015\resize_0.25.jpg
imagen3_44476,resize_0.25,imagen3,imagen3,1,0.1324617862701416,data\cache\clean\test\imagen3_44476\resize_0.25.jpg
imagen3_46922,resize_0.25,imagen3,imagen3,1,0.25401097536087036,data\cache\clean\test\imagen3_46922\resize_0.25.jpg
imagen3_473ffc5e3d5dc373,resize_0.25,imagen3,imagen3,1,0.04158644750714302,data\cache\clean\test\imagen3_473ffc5e3d5dc373\resize_0.25.jpg
imagen3_51379,resize_0.25,imagen3,imagen3,1,0.43706920742988586,data\cache\clean\test\imagen3_51379\resize_0.25.jpg
imagen3_51659,resize_0.25,imagen3,imagen3,1,0.22148701548576355,data\cache\clean\test\imagen3_51659\resize_0.25.jpg
imagen3_519f5c348fe55fcd,resize_0.25,imagen3,imagen3,1,0.0012708512367680669,data\cache\clean\test\imagen3_519f5c348fe55fcd\resize_0.25.jpg
imagen3_52520,resize_0.25,imagen3,imagen3,1,0.0602385550737381,data\cache\clean\test\imagen3_52520\resize_0.25.jpg
imagen3_53132,resize_0.25,imagen3,imagen3,1,0.35695427656173706,data\cache\clean\test\imagen3_53132\resize_0.25.jpg
imagen3_53632,resize_0.25,imagen3,imagen3,1,0.07666375488042831,data\cache\clean\test\imagen3_53632\resize_0.25.jpg
imagen3_560ead164dab63a5,resize_0.25,imagen3,imagen3,1,0.06875903904438019,data\cache\clean\test\imagen3_560ead164dab63a5\resize_0.25.jpg
imagen3_5e95809bd47d157b,resize_0.25,imagen3,imagen3,1,0.06330374628305435,data\cache\clean\test\imagen3_5e95809bd47d157b\resize_0.25.jpg
imagen3_69467160e53f71bc,resize_0.25,imagen3,imagen3,1,0.07883939146995544,data\cache\clean\test\imagen3_69467160e53f71bc\resize_0.25.jpg
imagen3_6a8270ea182a9194,resize_0.25,imagen3,imagen3,1,0.00011767746764235198,data\cache\clean\test\imagen3_6a8270ea182a9194\resize_0.25.jpg
imagen3_6c7624322b04ce43,resize_0.25,imagen3,imagen3,1,7.38980234018527e-05,data\cache\clean\test\imagen3_6c7624322b04ce43\resize_0.25.jpg
imagen3_77fb2d4f372634f8,resize_0.25,imagen3,imagen3,1,0.0026881538797169924,data\cache\clean\test\imagen3_77fb2d4f372634f8\resize_0.25.jpg
imagen3_7ee1485909c59826,resize_0.25,imagen3,imagen3,1,0.07240340858697891,data\cache\clean\test\imagen3_7ee1485909c59826\resize_0.25.jpg
imagen3_8b13dc3bff918841,resize_0.25,imagen3,imagen3,1,0.1034398153424263,data\cache\clean\test\imagen3_8b13dc3bff918841\resize_0.25.jpg
imagen3_8c20e4bf83ffff36,resize_0.25,imagen3,imagen3,1,0.4207741320133209,data\cache\clean\test\imagen3_8c20e4bf83ffff36\resize_0.25.jpg
imagen3_8e6f8acd28fd8f35,resize_0.25,imagen3,imagen3,1,0.10025793313980103,data\cache\clean\test\imagen3_8e6f8acd28fd8f35\resize_0.25.jpg
imagen3_9e82651e214a25c8,resize_0.25,imagen3,imagen3,1,0.006048648618161678,data\cache\clean\test\imagen3_9e82651e214a25c8\resize_0.25.jpg
imagen3_a1b5be9a5f0d1f7a,resize_0.25,imagen3,imagen3,1,0.05407688394188881,data\cache\clean\test\imagen3_a1b5be9a5f0d1f7a\resize_0.25.jpg
imagen3_aa13646e437b7afa,resize_0.25,imagen3,imagen3,1,0.002117105294018984,data\cache\clean\test\imagen3_aa13646e437b7afa\resize_0.25.jpg
imagen3_ad860df8c2a1a848,resize_0.25,imagen3,imagen3,1,0.002438861643895507,data\cache\clean\test\imagen3_ad860df8c2a1a848\resize_0.25.jpg
imagen3_b69c9976ced306d1,resize_0.25,imagen3,imagen3,1,0.2630312144756317,data\cache\clean\test\imagen3_b69c9976ced306d1\resize_0.25.jpg
imagen3_ca44bb7db1e73a9a,resize_0.25,imagen3,imagen3,1,0.07315893471240997,data\cache\clean\test\imagen3_ca44bb7db1e73a9a\resize_0.25.jpg
imagen3_d326e7c87fb1d966,resize_0.25,imagen3,imagen3,1,0.0005499033140949905,data\cache\clean\test\imagen3_d326e7c87fb1d966\resize_0.25.jpg
imagen3_e63f3b6f8bdee43a,resize_0.25,imagen3,imagen3,1,0.0051231603138148785,data\cache\clean\test\imagen3_e63f3b6f8bdee43a\resize_0.25.jpg
imagen3_ea646e585cc24088,resize_0.25,imagen3,imagen3,1,0.002281756605952978,data\cache\clean\test\imagen3_ea646e585cc24088\resize_0.25.jpg
imagen3_eaf94916ce926270,resize_0.25,imagen3,imagen3,1,0.15722252428531647,data\cache\clean\test\imagen3_eaf94916ce926270\resize_0.25.jpg
imagen3_f69a20bda8f47fea,resize_0.25,imagen3,imagen3,1,0.21072857081890106,data\cache\clean\test\imagen3_f69a20bda8f47fea\resize_0.25.jpg
imagen3_fe7048efd51b15b8,resize_0.25,imagen3,imagen3,1,0.0006221768562681973,data\cache\clean\test\imagen3_fe7048efd51b15b8\resize_0.25.jpg
imagen3_Imagen3_1208,resize_0.25,imagen3,imagen3,1,0.014298006892204285,data\cache\clean\test\imagen3_Imagen3_1208\resize_0.25.jpg
imagen3_Imagen3_3556,resize_0.25,imagen3,imagen3,1,0.0009031649096868932,data\cache\clean\test\imagen3_Imagen3_3556\resize_0.25.jpg
sidset_full_synthetic_001692,resize_0.25,sidset,full_synthetic,1,0.25302010774612427,data\cache\clean\test\sidset_full_synthetic_001692\resize_0.25.jpg
sidset_full_synthetic_005710,resize_0.25,sidset,full_synthetic,1,0.24669943749904633,data\cache\clean\test\sidset_full_synthetic_005710\resize_0.25.jpg
sidset_full_synthetic_017359,resize_0.25,sidset,full_synthetic,1,0.12314864993095398,data\cache\clean\test\sidset_full_synthetic_017359\resize_0.25.jpg
sidset_full_synthetic_033528,resize_0.25,sidset,full_synthetic,1,0.35003596544265747,data\cache\clean\test\sidset_full_synthetic_033528\resize_0.25.jpg
sidset_full_synthetic_033729,resize_0.25,sidset,full_synthetic,1,0.18599562346935272,data\cache\clean\test\sidset_full_synthetic_033729\resize_0.25.jpg
sidset_full_synthetic_046026,resize_0.25,sidset,full_synthetic,1,0.2935441732406616,data\cache\clean\test\sidset_full_synthetic_046026\resize_0.25.jpg
sidset_full_synthetic_048809,resize_0.25,sidset,full_synthetic,1,0.20041416585445404,data\cache\clean\test\sidset_full_synthetic_048809\resize_0.25.jpg
sidset_full_synthetic_060524,resize_0.25,sidset,full_synthetic,1,0.0017181638395413756,data\cache\clean\test\sidset_full_synthetic_060524\resize_0.25.jpg
sidset_full_synthetic_062086,resize_0.25,sidset,full_synthetic,1,0.17622746527194977,data\cache\clean\test\sidset_full_synthetic_062086\resize_0.25.jpg
sidset_full_synthetic_063062,resize_0.25,sidset,full_synthetic,1,0.009217235259711742,data\cache\clean\test\sidset_full_synthetic_063062\resize_0.25.jpg
stylegan_xl_0097a2e24789bc7a,resize_0.25,stylegan_xl,stylegan_xl,1,0.0009933501714840531,data\cache\clean\test\stylegan_xl_0097a2e24789bc7a\resize_0.25.jpg
stylegan_xl_00a4591cf03df584,resize_0.25,stylegan_xl,stylegan_xl,1,5.065640652901493e-05,data\cache\clean\test\stylegan_xl_00a4591cf03df584\resize_0.25.jpg
stylegan_xl_031391f1ab18ab62,resize_0.25,stylegan_xl,stylegan_xl,1,0.008490724489092827,data\cache\clean\test\stylegan_xl_031391f1ab18ab62\resize_0.25.jpg
stylegan_xl_0a4244f8a9185bad,resize_0.25,stylegan_xl,stylegan_xl,1,0.20719283819198608,data\cache\clean\test\stylegan_xl_0a4244f8a9185bad\resize_0.25.jpg
stylegan_xl_0f7efa4c31bcd8f4,resize_0.25,stylegan_xl,stylegan_xl,1,0.004640680737793446,data\cache\clean\test\stylegan_xl_0f7efa4c31bcd8f4\resize_0.25.jpg
stylegan_xl_1060d58257bc5130,resize_0.25,stylegan_xl,stylegan_xl,1,0.00026890734443441033,data\cache\clean\test\stylegan_xl_1060d58257bc5130\resize_0.25.jpg
stylegan_xl_17f8bf0ef8d2f478,resize_0.25,stylegan_xl,stylegan_xl,1,0.0027681984938681126,data\cache\clean\test\stylegan_xl_17f8bf0ef8d2f478\resize_0.25.jpg
stylegan_xl_2013fe0d44f84041,resize_0.25,stylegan_xl,stylegan_xl,1,3.303464472992346e-05,data\cache\clean\test\stylegan_xl_2013fe0d44f84041\resize_0.25.jpg
stylegan_xl_324e332686aa6966,resize_0.25,stylegan_xl,stylegan_xl,1,0.005273311398923397,data\cache\clean\test\stylegan_xl_324e332686aa6966\resize_0.25.jpg
stylegan_xl_3621cf0be1fc8d68,resize_0.25,stylegan_xl,stylegan_xl,1,0.2626934349536896,data\cache\clean\test\stylegan_xl_3621cf0be1fc8d68\resize_0.25.jpg
stylegan_xl_3b5e18f8fc06450d,resize_0.25,stylegan_xl,stylegan_xl,1,4.9047641368815675e-05,data\cache\clean\test\stylegan_xl_3b5e18f8fc06450d\resize_0.25.jpg
stylegan_xl_43847,resize_0.25,stylegan_xl,stylegan_xl,1,0.0015795398503541946,data\cache\clean\test\stylegan_xl_43847\resize_0.25.jpg
stylegan_xl_44451,resize_0.25,stylegan_xl,stylegan_xl,1,0.04378607124090195,data\cache\clean\test\stylegan_xl_44451\resize_0.25.jpg
stylegan_xl_45602,resize_0.25,stylegan_xl,stylegan_xl,1,0.07423920184373856,data\cache\clean\test\stylegan_xl_45602\resize_0.25.jpg
stylegan_xl_48611,resize_0.25,stylegan_xl,stylegan_xl,1,0.005948186852037907,data\cache\clean\test\stylegan_xl_48611\resize_0.25.jpg
stylegan_xl_49074,resize_0.25,stylegan_xl,stylegan_xl,1,0.10023297369480133,data\cache\clean\test\stylegan_xl_49074\resize_0.25.jpg
stylegan_xl_49539,resize_0.25,stylegan_xl,stylegan_xl,1,0.11466801911592484,data\cache\clean\test\stylegan_xl_49539\resize_0.25.jpg
stylegan_xl_4f991f9638e28675,resize_0.25,stylegan_xl,stylegan_xl,1,0.00021728572028223425,data\cache\clean\test\stylegan_xl_4f991f9638e28675\resize_0.25.jpg
stylegan_xl_53453,resize_0.25,stylegan_xl,stylegan_xl,1,0.12444320321083069,data\cache\clean\test\stylegan_xl_53453\resize_0.25.jpg
stylegan_xl_53551,resize_0.25,stylegan_xl,stylegan_xl,1,0.0691428929567337,data\cache\clean\test\stylegan_xl_53551\resize_0.25.jpg
stylegan_xl_60ed9d3511d333bf,resize_0.25,stylegan_xl,stylegan_xl,1,0.0003388653858564794,data\cache\clean\test\stylegan_xl_60ed9d3511d333bf\resize_0.25.jpg
stylegan_xl_65bb283a1280639e,resize_0.25,stylegan_xl,stylegan_xl,1,0.23061829805374146,data\cache\clean\test\stylegan_xl_65bb283a1280639e\resize_0.25.jpg
stylegan_xl_729fee52c5b7f95b,resize_0.25,stylegan_xl,stylegan_xl,1,0.06907348334789276,data\cache\clean\test\stylegan_xl_729fee52c5b7f95b\resize_0.25.jpg
stylegan_xl_7d433e90bcd7bd53,resize_0.25,stylegan_xl,stylegan_xl,1,0.0005380025249905884,data\cache\clean\test\stylegan_xl_7d433e90bcd7bd53\resize_0.25.jpg
stylegan_xl_7ffebe6032f8209f,resize_0.25,stylegan_xl,stylegan_xl,1,0.03678053990006447,data\cache\clean\test\stylegan_xl_7ffebe6032f8209f\resize_0.25.jpg
stylegan_xl_80fc8be6e7c11eb3,resize_0.25,stylegan_xl,stylegan_xl,1,2.0118397969781654e-06,data\cache\clean\test\stylegan_xl_80fc8be6e7c11eb3\resize_0.25.jpg
stylegan_xl_8461b1ae87c22c20,resize_0.25,stylegan_xl,stylegan_xl,1,0.1441115438938141,data\cache\clean\test\stylegan_xl_8461b1ae87c22c20\resize_0.25.jpg
stylegan_xl_8f9dfd75dde8914f,resize_0.25,stylegan_xl,stylegan_xl,1,0.0007949466817080975,data\cache\clean\test\stylegan_xl_8f9dfd75dde8914f\resize_0.25.jpg
stylegan_xl_a1ed16fffc5ecb68,resize_0.25,stylegan_xl,stylegan_xl,1,0.00573386624455452,data\cache\clean\test\stylegan_xl_a1ed16fffc5ecb68\resize_0.25.jpg
stylegan_xl_a72f3ace10a8f550,resize_0.25,stylegan_xl,stylegan_xl,1,2.0997969841118902e-05,data\cache\clean\test\stylegan_xl_a72f3ace10a8f550\resize_0.25.jpg
stylegan_xl_ae09b95535340878,resize_0.25,stylegan_xl,stylegan_xl,1,0.07638968527317047,data\cache\clean\test\stylegan_xl_ae09b95535340878\resize_0.25.jpg
stylegan_xl_bd69757ff485d03e,resize_0.25,stylegan_xl,stylegan_xl,1,0.4787244498729706,data\cache\clean\test\stylegan_xl_bd69757ff485d03e\resize_0.25.jpg
stylegan_xl_cf9c332a1ebfb587,resize_0.25,stylegan_xl,stylegan_xl,1,0.003127171192318201,data\cache\clean\test\stylegan_xl_cf9c332a1ebfb587\resize_0.25.jpg
stylegan_xl_d686a15f05d09472,resize_0.25,stylegan_xl,stylegan_xl,1,0.4949134588241577,data\cache\clean\test\stylegan_xl_d686a15f05d09472\resize_0.25.jpg
stylegan_xl_e4b8e7ef72cabaf2,resize_0.25,stylegan_xl,stylegan_xl,1,0.00011363784869899973,data\cache\clean\test\stylegan_xl_e4b8e7ef72cabaf2\resize_0.25.jpg
stylegan_xl_f2ea3473d8b1a62f,resize_0.25,stylegan_xl,stylegan_xl,1,0.0012887230841442943,data\cache\clean\test\stylegan_xl_f2ea3473d8b1a62f\resize_0.25.jpg
stylegan_xl_fef6a66b8deaa7ab,resize_0.25,stylegan_xl,stylegan_xl,1,4.150112727074884e-05,data\cache\clean\test\stylegan_xl_fef6a66b8deaa7ab\resize_0.25.jpg
cifake_1028 (10),resize_0.5,cifake,stable_diffusion,1,0.29273465275764465,data\cache\clean\test\cifake_1028 (10)\resize_0.5.jpg
cifake_2703 (7),resize_0.5,cifake,stable_diffusion,1,0.35293444991111755,data\cache\clean\test\cifake_2703 (7)\resize_0.5.jpg
cifake_2787 (7),resize_0.5,cifake,stable_diffusion,1,0.2978731095790863,data\cache\clean\test\cifake_2787 (7)\resize_0.5.jpg
cifake_2850 (3),resize_0.5,cifake,stable_diffusion,1,0.20813077688217163,data\cache\clean\test\cifake_2850 (3)\resize_0.5.jpg
cifake_3053 (4),resize_0.5,cifake,stable_diffusion,1,0.36806797981262207,data\cache\clean\test\cifake_3053 (4)\resize_0.5.jpg
cifake_4055 (5),resize_0.5,cifake,stable_diffusion,1,0.4159126579761505,data\cache\clean\test\cifake_4055 (5)\resize_0.5.jpg
cifake_4127 (3),resize_0.5,cifake,stable_diffusion,1,0.40325820446014404,data\cache\clean\test\cifake_4127 (3)\resize_0.5.jpg
cifake_4221 (2),resize_0.5,cifake,stable_diffusion,1,0.23692183196544647,data\cache\clean\test\cifake_4221 (2)\resize_0.5.jpg
cifake_4443,resize_0.5,cifake,stable_diffusion,1,0.4887716472148895,data\cache\clean\test\cifake_4443\resize_0.5.jpg
cifake_4615 (3),resize_0.5,cifake,stable_diffusion,1,0.062352053821086884,data\cache\clean\test\cifake_4615 (3)\resize_0.5.jpg
cifake_954 (9),resize_0.5,cifake,stable_diffusion,1,0.23898661136627197,data\cache\clean\test\cifake_954 (9)\resize_0.5.jpg
dalle_19157,resize_0.5,dalle,dalle,1,0.48138856887817383,data\cache\clean\test\dalle_19157\resize_0.5.jpg
dalle_24299,resize_0.5,dalle,dalle,1,0.40529483556747437,data\cache\clean\test\dalle_24299\resize_0.5.jpg
dalle_2561,resize_0.5,dalle,dalle,1,0.06066044792532921,data\cache\clean\test\dalle_2561\resize_0.5.jpg
dalle_27029,resize_0.5,dalle,dalle,1,0.15868829190731049,data\cache\clean\test\dalle_27029\resize_0.5.jpg
dalle_28,resize_0.5,dalle,dalle,1,0.02011691778898239,data\cache\clean\test\dalle_28\resize_0.5.jpg
dalle_3007,resize_0.5,dalle,dalle,1,0.10217087715864182,data\cache\clean\test\dalle_3007\resize_0.5.jpg
dalle_33159,resize_0.5,dalle,dalle,1,0.024022575467824936,data\cache\clean\test\dalle_33159\resize_0.5.jpg
dalle_3c589aa7fd4a6705f1fd7918daf4ffb9,resize_0.5,dalle,dalle,1,0.18518364429473877,data\cache\clean\test\dalle_3c589aa7fd4a6705f1fd7918daf4ffb9\resize_0.5.jpg
dalle_40387,resize_0.5,dalle,dalle,1,0.19365231692790985,data\cache\clean\test\dalle_40387\resize_0.5.jpg
dalle_41791,resize_0.5,dalle,dalle,1,0.02915206551551819,data\cache\clean\test\dalle_41791\resize_0.5.jpg
dalle_6481,resize_0.5,dalle,dalle,1,0.25935086607933044,data\cache\clean\test\dalle_6481\resize_0.5.jpg
dalle_6f0f61883f111368d770c54801f33449,resize_0.5,dalle,dalle,1,0.011070771142840385,data\cache\clean\test\dalle_6f0f61883f111368d770c54801f33449\resize_0.5.jpg
dalle_fcb663a4c7f01f5a548e4c1088d00a91,resize_0.5,dalle,dalle,1,0.22939574718475342,data\cache\clean\test\dalle_fcb663a4c7f01f5a548e4c1088d00a91\resize_0.5.jpg
gigagan_05738,resize_0.5,gigagan,gigagan,1,0.0055364035069942474,data\cache\clean\test\gigagan_05738\resize_0.5.jpg
gigagan_06526,resize_0.5,gigagan,gigagan,1,0.02604779787361622,data\cache\clean\test\gigagan_06526\resize_0.5.jpg
gigagan_07350,resize_0.5,gigagan,gigagan,1,0.03735271841287613,data\cache\clean\test\gigagan_07350\resize_0.5.jpg
gigagan_07676,resize_0.5,gigagan,gigagan,1,0.39195260405540466,data\cache\clean\test\gigagan_07676\resize_0.5.jpg
gigagan_09742,resize_0.5,gigagan,gigagan,1,0.3653039336204529,data\cache\clean\test\gigagan_09742\resize_0.5.jpg
gigagan_10914,resize_0.5,gigagan,gigagan,1,0.00110246567055583,data\cache\clean\test\gigagan_10914\resize_0.5.jpg
gigagan_14071,resize_0.5,gigagan,gigagan,1,0.0005604473990388215,data\cache\clean\test\gigagan_14071\resize_0.5.jpg
gigagan_14946,resize_0.5,gigagan,gigagan,1,0.026143863797187805,data\cache\clean\test\gigagan_14946\resize_0.5.jpg
gigagan_15454,resize_0.5,gigagan,gigagan,1,0.333030104637146,data\cache\clean\test\gigagan_15454\resize_0.5.jpg
gigagan_15561,resize_0.5,gigagan,gigagan,1,0.030744215473532677,data\cache\clean\test\gigagan_15561\resize_0.5.jpg
gigagan_17003,resize_0.5,gigagan,gigagan,1,0.3646679222583771,data\cache\clean\test\gigagan_17003\resize_0.5.jpg
gigagan_20207,resize_0.5,gigagan,gigagan,1,0.02062464877963066,data\cache\clean\test\gigagan_20207\resize_0.5.jpg
gigagan_20327,resize_0.5,gigagan,gigagan,1,0.024769676849246025,data\cache\clean\test\gigagan_20327\resize_0.5.jpg
gigagan_20468,resize_0.5,gigagan,gigagan,1,0.014463375322520733,data\cache\clean\test\gigagan_20468\resize_0.5.jpg
gigagan_21611,resize_0.5,gigagan,gigagan,1,0.0186562929302454,data\cache\clean\test\gigagan_21611\resize_0.5.jpg
gigagan_22418,resize_0.5,gigagan,gigagan,1,0.3110159933567047,data\cache\clean\test\gigagan_22418\resize_0.5.jpg
gigagan_23134,resize_0.5,gigagan,gigagan,1,0.410847544670105,data\cache\clean\test\gigagan_23134\resize_0.5.jpg
gigagan_24679,resize_0.5,gigagan,gigagan,1,0.04763169586658478,data\cache\clean\test\gigagan_24679\resize_0.5.jpg
gigagan_24726,resize_0.5,gigagan,gigagan,1,0.2211015373468399,data\cache\clean\test\gigagan_24726\resize_0.5.jpg
gigagan_25090,resize_0.5,gigagan,gigagan,1,0.009163386188447475,data\cache\clean\test\gigagan_25090\resize_0.5.jpg
imagen3_045e6da6fd7f6fb0,resize_0.5,imagen3,imagen3,1,0.030581941828131676,data\cache\clean\test\imagen3_045e6da6fd7f6fb0\resize_0.5.jpg
imagen3_04e3097ac2f57647,resize_0.5,imagen3,imagen3,1,0.15261207520961761,data\cache\clean\test\imagen3_04e3097ac2f57647\resize_0.5.jpg
imagen3_07747d6ffd056bee,resize_0.5,imagen3,imagen3,1,0.007857123389840126,data\cache\clean\test\imagen3_07747d6ffd056bee\resize_0.5.jpg
imagen3_13ed1f9391224848,resize_0.5,imagen3,imagen3,1,0.019183263182640076,data\cache\clean\test\imagen3_13ed1f9391224848\resize_0.5.jpg
imagen3_15906,resize_0.5,imagen3,imagen3,1,0.010795692913234234,data\cache\clean\test\imagen3_15906\resize_0.5.jpg
imagen3_17643da56f35c6f7,resize_0.5,imagen3,imagen3,1,2.6521167910686927e-06,data\cache\clean\test\imagen3_17643da56f35c6f7\resize_0.5.jpg
imagen3_1fe9a0379cffa709,resize_0.5,imagen3,imagen3,1,0.36768439412117004,data\cache\clean\test\imagen3_1fe9a0379cffa709\resize_0.5.jpg
imagen3_24629,resize_0.5,imagen3,imagen3,1,0.0705917626619339,data\cache\clean\test\imagen3_24629\resize_0.5.jpg
imagen3_24e64d19ddde11cb,resize_0.5,imagen3,imagen3,1,5.407625902620339e-09,data\cache\clean\test\imagen3_24e64d19ddde11cb\resize_0.5.jpg
imagen3_260ae6b06f1f50e2,resize_0.5,imagen3,imagen3,1,1.7117217794293538e-05,data\cache\clean\test\imagen3_260ae6b06f1f50e2\resize_0.5.jpg
imagen3_2be4510162a8a76e,resize_0.5,imagen3,imagen3,1,0.005174076650291681,data\cache\clean\test\imagen3_2be4510162a8a76e\resize_0.5.jpg
imagen3_3403b18fc93acbfc,resize_0.5,imagen3,imagen3,1,0.0012005240423604846,data\cache\clean\test\imagen3_3403b18fc93acbfc\resize_0.5.jpg
imagen3_43058,resize_0.5,imagen3,imagen3,1,0.00043897333671338856,data\cache\clean\test\imagen3_43058\resize_0.5.jpg
imagen3_43180,resize_0.5,imagen3,imagen3,1,0.3477344512939453,data\cache\clean\test\imagen3_43180\resize_0.5.jpg
imagen3_43208,resize_0.5,imagen3,imagen3,1,0.3378867208957672,data\cache\clean\test\imagen3_43208\resize_0.5.jpg
imagen3_44015,resize_0.5,imagen3,imagen3,1,0.00297905202023685,data\cache\clean\test\imagen3_44015\resize_0.5.jpg
imagen3_44476,resize_0.5,imagen3,imagen3,1,0.04875098168849945,data\cache\clean\test\imagen3_44476\resize_0.5.jpg
imagen3_46922,resize_0.5,imagen3,imagen3,1,0.02298372983932495,data\cache\clean\test\imagen3_46922\resize_0.5.jpg
imagen3_51659,resize_0.5,imagen3,imagen3,1,0.08741548657417297,data\cache\clean\test\imagen3_51659\resize_0.5.jpg
imagen3_519f5c348fe55fcd,resize_0.5,imagen3,imagen3,1,0.0014982018619775772,data\cache\clean\test\imagen3_519f5c348fe55fcd\resize_0.5.jpg
imagen3_52520,resize_0.5,imagen3,imagen3,1,0.009223573841154575,data\cache\clean\test\imagen3_52520\resize_0.5.jpg
imagen3_53132,resize_0.5,imagen3,imagen3,1,0.39913541078567505,data\cache\clean\test\imagen3_53132\resize_0.5.jpg
imagen3_53632,resize_0.5,imagen3,imagen3,1,0.13457973301410675,data\cache\clean\test\imagen3_53632\resize_0.5.jpg
imagen3_560ead164dab63a5,resize_0.5,imagen3,imagen3,1,0.1969572752714157,data\cache\clean\test\imagen3_560ead164dab63a5\resize_0.5.jpg
imagen3_5e95809bd47d157b,resize_0.5,imagen3,imagen3,1,0.04223909229040146,data\cache\clean\test\imagen3_5e95809bd47d157b\resize_0.5.jpg
imagen3_69467160e53f71bc,resize_0.5,imagen3,imagen3,1,0.04847995191812515,data\cache\clean\test\imagen3_69467160e53f71bc\resize_0.5.jpg
imagen3_6a8270ea182a9194,resize_0.5,imagen3,imagen3,1,3.0661289201816544e-05,data\cache\clean\test\imagen3_6a8270ea182a9194\resize_0.5.jpg
imagen3_6c7624322b04ce43,resize_0.5,imagen3,imagen3,1,2.1421321434900165e-05,data\cache\clean\test\imagen3_6c7624322b04ce43\resize_0.5.jpg
imagen3_77fb2d4f372634f8,resize_0.5,imagen3,imagen3,1,0.0044581275433301926,data\cache\clean\test\imagen3_77fb2d4f372634f8\resize_0.5.jpg
imagen3_7ee1485909c59826,resize_0.5,imagen3,imagen3,1,0.02628132328391075,data\cache\clean\test\imagen3_7ee1485909c59826\resize_0.5.jpg
imagen3_8b13dc3bff918841,resize_0.5,imagen3,imagen3,1,0.15577982366085052,data\cache\clean\test\imagen3_8b13dc3bff918841\resize_0.5.jpg
imagen3_8c20e4bf83ffff36,resize_0.5,imagen3,imagen3,1,0.04672461003065109,data\cache\clean\test\imagen3_8c20e4bf83ffff36\resize_0.5.jpg
imagen3_9e82651e214a25c8,resize_0.5,imagen3,imagen3,1,0.001188027672469616,data\cache\clean\test\imagen3_9e82651e214a25c8\resize_0.5.jpg
imagen3_a1b5be9a5f0d1f7a,resize_0.5,imagen3,imagen3,1,0.028857694938778877,data\cache\clean\test\imagen3_a1b5be9a5f0d1f7a\resize_0.5.jpg
imagen3_aa13646e437b7afa,resize_0.5,imagen3,imagen3,1,0.0011818570783361793,data\cache\clean\test\imagen3_aa13646e437b7afa\resize_0.5.jpg
imagen3_ad860df8c2a1a848,resize_0.5,imagen3,imagen3,1,0.0023514681961387396,data\cache\clean\test\imagen3_ad860df8c2a1a848\resize_0.5.jpg
imagen3_b69c9976ced306d1,resize_0.5,imagen3,imagen3,1,0.09750842303037643,data\cache\clean\test\imagen3_b69c9976ced306d1\resize_0.5.jpg
imagen3_ca44bb7db1e73a9a,resize_0.5,imagen3,imagen3,1,0.02991759404540062,data\cache\clean\test\imagen3_ca44bb7db1e73a9a\resize_0.5.jpg
imagen3_d326e7c87fb1d966,resize_0.5,imagen3,imagen3,1,0.0007445893133990467,data\cache\clean\test\imagen3_d326e7c87fb1d966\resize_0.5.jpg
imagen3_e63f3b6f8bdee43a,resize_0.5,imagen3,imagen3,1,0.0107123339548707,data\cache\clean\test\imagen3_e63f3b6f8bdee43a\resize_0.5.jpg
imagen3_ea646e585cc24088,resize_0.5,imagen3,imagen3,1,0.0015961090102791786,data\cache\clean\test\imagen3_ea646e585cc24088\resize_0.5.jpg
imagen3_eaf94916ce926270,resize_0.5,imagen3,imagen3,1,0.01867414265871048,data\cache\clean\test\imagen3_eaf94916ce926270\resize_0.5.jpg
imagen3_fd568a2839353a92,resize_0.5,imagen3,imagen3,1,0.3199821710586548,data\cache\clean\test\imagen3_fd568a2839353a92\resize_0.5.jpg
imagen3_fe7048efd51b15b8,resize_0.5,imagen3,imagen3,1,0.00015606389206368476,data\cache\clean\test\imagen3_fe7048efd51b15b8\resize_0.5.jpg
imagen3_Imagen3_1208,resize_0.5,imagen3,imagen3,1,0.1985187828540802,data\cache\clean\test\imagen3_Imagen3_1208\resize_0.5.jpg
imagen3_Imagen3_2403,resize_0.5,imagen3,imagen3,1,0.36677315831184387,data\cache\clean\test\imagen3_Imagen3_2403\resize_0.5.jpg
imagen3_Imagen3_3004,resize_0.5,imagen3,imagen3,1,0.49252238869667053,data\cache\clean\test\imagen3_Imagen3_3004\resize_0.5.jpg
imagen3_Imagen3_3546,resize_0.5,imagen3,imagen3,1,0.039272528141736984,data\cache\clean\test\imagen3_Imagen3_3546\resize_0.5.jpg
imagen3_Imagen3_3556,resize_0.5,imagen3,imagen3,1,0.02204679138958454,data\cache\clean\test\imagen3_Imagen3_3556\resize_0.5.jpg
sidset_full_synthetic_001692,resize_0.5,sidset,full_synthetic,1,0.24658651649951935,data\cache\clean\test\sidset_full_synthetic_001692\resize_0.5.jpg
sidset_full_synthetic_033528,resize_0.5,sidset,full_synthetic,1,0.2407207041978836,data\cache\clean\test\sidset_full_synthetic_033528\resize_0.5.jpg
sidset_full_synthetic_046026,resize_0.5,sidset,full_synthetic,1,0.0932241678237915,data\cache\clean\test\sidset_full_synthetic_046026\resize_0.5.jpg
sidset_full_synthetic_060524,resize_0.5,sidset,full_synthetic,1,0.15251806378364563,data\cache\clean\test\sidset_full_synthetic_060524\resize_0.5.jpg
sidset_full_synthetic_062086,resize_0.5,sidset,full_synthetic,1,0.11749232560396194,data\cache\clean\test\sidset_full_synthetic_062086\resize_0.5.jpg
sidset_full_synthetic_063062,resize_0.5,sidset,full_synthetic,1,0.01726646162569523,data\cache\clean\test\sidset_full_synthetic_063062\resize_0.5.jpg
stylegan_xl_0097a2e24789bc7a,resize_0.5,stylegan_xl,stylegan_xl,1,0.016303792595863342,data\cache\clean\test\stylegan_xl_0097a2e24789bc7a\resize_0.5.jpg
stylegan_xl_00a4591cf03df584,resize_0.5,stylegan_xl,stylegan_xl,1,2.935566044470761e-06,data\cache\clean\test\stylegan_xl_00a4591cf03df584\resize_0.5.jpg
stylegan_xl_031391f1ab18ab62,resize_0.5,stylegan_xl,stylegan_xl,1,0.029756734147667885,data\cache\clean\test\stylegan_xl_031391f1ab18ab62\resize_0.5.jpg
stylegan_xl_0a4244f8a9185bad,resize_0.5,stylegan_xl,stylegan_xl,1,0.014278564602136612,data\cache\clean\test\stylegan_xl_0a4244f8a9185bad\resize_0.5.jpg
stylegan_xl_0f7efa4c31bcd8f4,resize_0.5,stylegan_xl,stylegan_xl,1,0.004243051633238792,data\cache\clean\test\stylegan_xl_0f7efa4c31bcd8f4\resize_0.5.jpg
stylegan_xl_1060d58257bc5130,resize_0.5,stylegan_xl,stylegan_xl,1,0.00014982797438278794,data\cache\clean\test\stylegan_xl_1060d58257bc5130\resize_0.5.jpg
stylegan_xl_1440252ff76f525f,resize_0.5,stylegan_xl,stylegan_xl,1,0.24463030695915222,data\cache\clean\test\stylegan_xl_1440252ff76f525f\resize_0.5.jpg
stylegan_xl_17f8bf0ef8d2f478,resize_0.5,stylegan_xl,stylegan_xl,1,0.0047578364610672,data\cache\clean\test\stylegan_xl_17f8bf0ef8d2f478\resize_0.5.jpg
stylegan_xl_2013fe0d44f84041,resize_0.5,stylegan_xl,stylegan_xl,1,2.0004576072096825e-05,data\cache\clean\test\stylegan_xl_2013fe0d44f84041\resize_0.5.jpg
stylegan_xl_324e332686aa6966,resize_0.5,stylegan_xl,stylegan_xl,1,0.01720738224685192,data\cache\clean\test\stylegan_xl_324e332686aa6966\resize_0.5.jpg
stylegan_xl_3621cf0be1fc8d68,resize_0.5,stylegan_xl,stylegan_xl,1,0.14661382138729095,data\cache\clean\test\stylegan_xl_3621cf0be1fc8d68\resize_0.5.jpg
stylegan_xl_3b5e18f8fc06450d,resize_0.5,stylegan_xl,stylegan_xl,1,0.0002986876934301108,data\cache\clean\test\stylegan_xl_3b5e18f8fc06450d\resize_0.5.jpg
stylegan_xl_43847,resize_0.5,stylegan_xl,stylegan_xl,1,0.001326854107901454,data\cache\clean\test\stylegan_xl_43847\resize_0.5.jpg
stylegan_xl_44451,resize_0.5,stylegan_xl,stylegan_xl,1,0.019369199872016907,data\cache\clean\test\stylegan_xl_44451\resize_0.5.jpg
stylegan_xl_45081,resize_0.5,stylegan_xl,stylegan_xl,1,0.25534555315971375,data\cache\clean\test\stylegan_xl_45081\resize_0.5.jpg
stylegan_xl_45602,resize_0.5,stylegan_xl,stylegan_xl,1,0.017162740230560303,data\cache\clean\test\stylegan_xl_45602\resize_0.5.jpg
stylegan_xl_48611,resize_0.5,stylegan_xl,stylegan_xl,1,0.005573108326643705,data\cache\clean\test\stylegan_xl_48611\resize_0.5.jpg
stylegan_xl_49074,resize_0.5,stylegan_xl,stylegan_xl,1,0.01641399785876274,data\cache\clean\test\stylegan_xl_49074\resize_0.5.jpg
stylegan_xl_4f991f9638e28675,resize_0.5,stylegan_xl,stylegan_xl,1,0.003133723046630621,data\cache\clean\test\stylegan_xl_4f991f9638e28675\resize_0.5.jpg
stylegan_xl_53453,resize_0.5,stylegan_xl,stylegan_xl,1,0.01937241479754448,data\cache\clean\test\stylegan_xl_53453\resize_0.5.jpg
stylegan_xl_53551,resize_0.5,stylegan_xl,stylegan_xl,1,0.4832381308078766,data\cache\clean\test\stylegan_xl_53551\resize_0.5.jpg
stylegan_xl_548aed682dc65ef2,resize_0.5,stylegan_xl,stylegan_xl,1,0.3250330686569214,data\cache\clean\test\stylegan_xl_548aed682dc65ef2\resize_0.5.jpg
stylegan_xl_60ed9d3511d333bf,resize_0.5,stylegan_xl,stylegan_xl,1,0.0003244339895900339,data\cache\clean\test\stylegan_xl_60ed9d3511d333bf\resize_0.5.jpg
stylegan_xl_65bb283a1280639e,resize_0.5,stylegan_xl,stylegan_xl,1,0.027584100142121315,data\cache\clean\test\stylegan_xl_65bb283a1280639e\resize_0.5.jpg
stylegan_xl_729fee52c5b7f95b,resize_0.5,stylegan_xl,stylegan_xl,1,0.12468444555997849,data\cache\clean\test\stylegan_xl_729fee52c5b7f95b\resize_0.5.jpg
stylegan_xl_7d433e90bcd7bd53,resize_0.5,stylegan_xl,stylegan_xl,1,0.0030749724246561527,data\cache\clean\test\stylegan_xl_7d433e90bcd7bd53\resize_0.5.jpg
stylegan_xl_7ffebe6032f8209f,resize_0.5,stylegan_xl,stylegan_xl,1,0.22270022332668304,data\cache\clean\test\stylegan_xl_7ffebe6032f8209f\resize_0.5.jpg
stylegan_xl_80fc8be6e7c11eb3,resize_0.5,stylegan_xl,stylegan_xl,1,1.0213044561169227e-06,data\cache\clean\test\stylegan_xl_80fc8be6e7c11eb3\resize_0.5.jpg
stylegan_xl_8461b1ae87c22c20,resize_0.5,stylegan_xl,stylegan_xl,1,0.08311149477958679,data\cache\clean\test\stylegan_xl_8461b1ae87c22c20\resize_0.5.jpg
stylegan_xl_8f9dfd75dde8914f,resize_0.5,stylegan_xl,stylegan_xl,1,0.0005546242464333773,data\cache\clean\test\stylegan_xl_8f9dfd75dde8914f\resize_0.5.jpg
stylegan_xl_a1ed16fffc5ecb68,resize_0.5,stylegan_xl,stylegan_xl,1,0.029500644654035568,data\cache\clean\test\stylegan_xl_a1ed16fffc5ecb68\resize_0.5.jpg
stylegan_xl_a72f3ace10a8f550,resize_0.5,stylegan_xl,stylegan_xl,1,2.650930809977581e-06,data\cache\clean\test\stylegan_xl_a72f3ace10a8f550\resize_0.5.jpg
stylegan_xl_cf9c332a1ebfb587,resize_0.5,stylegan_xl,stylegan_xl,1,0.0048959506675601006,data\cache\clean\test\stylegan_xl_cf9c332a1ebfb587\resize_0.5.jpg
stylegan_xl_d686a15f05d09472,resize_0.5,stylegan_xl,stylegan_xl,1,0.10538806766271591,data\cache\clean\test\stylegan_xl_d686a15f05d09472\resize_0.5.jpg
stylegan_xl_e4b8e7ef72cabaf2,resize_0.5,stylegan_xl,stylegan_xl,1,0.00010821577598107979,data\cache\clean\test\stylegan_xl_e4b8e7ef72cabaf2\resize_0.5.jpg
stylegan_xl_f2ea3473d8b1a62f,resize_0.5,stylegan_xl,stylegan_xl,1,0.00041010507266037166,data\cache\clean\test\stylegan_xl_f2ea3473d8b1a62f\resize_0.5.jpg
stylegan_xl_fef6a66b8deaa7ab,resize_0.5,stylegan_xl,stylegan_xl,1,6.426877371268347e-05,data\cache\clean\test\stylegan_xl_fef6a66b8deaa7ab\resize_0.5.jpg
