img_id,variant,source_dataset,generator_family,label,prob,path
cifake_0618 (3),clean,cifake,real,0,0.8847852945327759,data\cache\clean\test\cifake_0618 (3)\clean.jpg
cifake_0793,clean,cifake,real,0,0.9386695027351379,data\cache\clean\test\cifake_0793\clean.jpg
cifake_0967 (9),clean,cifake,real,0,0.5033817887306213,data\cache\clean\test\cifake_0967 (9)\clean.jpg
cifake_1139,clean,cifake,real,0,0.7809227108955383,data\cache\clean\test\cifake_1139\clean.jpg
cifake_1974,clean,cifake,real,0,0.7304157614707947,data\cache\clean\test\cifake_1974\clean.jpg
cifake_2071,clean,cifake,real,0,0.7793744802474976,data\cache\clean\test\cifake_2071\clean.jpg
cifake_2122,clean,cifake,real,0,0.6983716487884521,data\cache\clean\test\cifake_2122\clean.jpg
cifake_2633 (10),clean,cifake,real,0,0.5667783617973328,data\cache\clean\test\cifake_2633 (10)\clean.jpg
cifake_2660,clean,cifake,real,0,0.7369649410247803,data\cache\clean\test\cifake_2660\clean.jpg
cifake_3891 (3),clean,cifake,real,0,0.681891143321991,data\cache\clean\test\cifake_3891 (3)\clean.jpg
cifake_3916 (8),clean,cifake,real,0,0.8492270708084106,data\cache\clean\test\cifake_3916 (8)\clean.jpg
cifake_4660 (5),clean,cifake,real,0,0.950129508972168,data\cache\clean\test\cifake_4660 (5)\clean.jpg
sidset_01cfa603553a1a45,clean,sidset,real,0,0.9561484456062317,data\cache\clean\test\sidset_01cfa603553a1a45\clean.jpg
sidset_036df955965cb2f9,clean,sidset,real,0,0.8108847737312317,data\cache\clean\test\sidset_036df955965cb2f9\clean.jpg
sidset_038789965a8f7606,clean,sidset,real,0,0.9881078600883484,data\cache\clean\test\sidset_038789965a8f7606\clean.jpg
sidset_03a9da8756998d00,clean,sidset,real,0,0.6272740364074707,data\cache\clean\test\sidset_03a9da8756998d00\clean.jpg
sidset_04ed850366fa5d69,clean,sidset,real,0,0.599149227142334,data\cache\clean\test\sidset_04ed850366fa5d69\clean.jpg
sidset_075db643445af8e3,clean,sidset,real,0,0.9520771503448486,data\cache\clean\test\sidset_075db643445af8e3\clean.jpg
sidset_0f8102c25fc764ea,clean,sidset,real,0,0.9874982237815857,data\cache\clean\test\sidset_0f8102c25fc764ea\clean.jpg
sidset_0fde67f4281cb3ac,clean,sidset,real,0,0.6996880769729614,data\cache\clean\test\sidset_0fde67f4281cb3ac\clean.jpg
sidset_10932d70e80241b5,clean,sidset,real,0,0.976538360118866,data\cache\clean\test\sidset_10932d70e80241b5\clean.jpg
sidset_137115a40fe7347b,clean,sidset,real,0,0.560107409954071,data\cache\clean\test\sidset_137115a40fe7347b\clean.jpg
sidset_1409961a28ec7db5,clean,sidset,real,0,0.9804336428642273,data\cache\clean\test\sidset_1409961a28ec7db5\clean.jpg
sidset_14312756c1c94efa,clean,sidset,real,0,0.9999966621398926,data\cache\clean\test\sidset_14312756c1c94efa\clean.jpg
sidset_1577f06c8ee59ef0,clean,sidset,real,0,0.8981637954711914,data\cache\clean\test\sidset_1577f06c8ee59ef0\clean.jpg
sidset_165e94520f73e349,clean,sidset,real,0,0.8287479281425476,data\cache\clean\test\sidset_165e94520f73e349\clean.jpg
sidset_18e30e95478d3da6,clean,sidset,real,0,0.5003726482391357,data\cache\clean\test\sidset_18e30e95478d3da6\clean.jpg
sidset_1d24e17c0f598d7a,clean,sidset,real,0,0.7825185060501099,data\cache\clean\test\sidset_1d24e17c0f598d7a\clean.jpg
sidset_22b07f2ffcaf319c,clean,sidset,real,0,0.9963808655738831,data\cache\clean\test\sidset_22b07f2ffcaf319c\clean.jpg
sidset_247241c5aa1f3f9c,clean,sidset,real,0,0.6430527567863464,data\cache\clean\test\sidset_247241c5aa1f3f9c\clean.jpg
sidset_26c389b400ea1653,clean,sidset,real,0,0.8566653728485107,data\cache\clean\test\sidset_26c389b400ea1653\clean.jpg
sidset_310e74902f5337fc,clean,sidset,real,0,0.5612301230430603,data\cache\clean\test\sidset_310e74902f5337fc\clean.jpg
sidset_31d44fee2c336e78,clean,sidset,real,0,0.5253775715827942,data\cache\clean\test\sidset_31d44fee2c336e78\clean.jpg
sidset_31f7ec5269c0f867,clean,sidset,real,0,0.7257674932479858,data\cache\clean\test\sidset_31f7ec5269c0f867\clean.jpg
sidset_34866edcc2800ae0,clean,sidset,real,0,0.9589086771011353,data\cache\clean\test\sidset_34866edcc2800ae0\clean.jpg
sidset_39a3f029e2e17dd3,clean,sidset,real,0,0.9997468590736389,data\cache\clean\test\sidset_39a3f029e2e17dd3\clean.jpg
sidset_3beca4d6152a4aa5,clean,sidset,real,0,0.7889834046363831,data\cache\clean\test\sidset_3beca4d6152a4aa5\clean.jpg
sidset_44062c28bab0688d,clean,sidset,real,0,0.5585841536521912,data\cache\clean\test\sidset_44062c28bab0688d\clean.jpg
sidset_45c5c68f5a74cd90,clean,sidset,real,0,0.7495747804641724,data\cache\clean\test\sidset_45c5c68f5a74cd90\clean.jpg
sidset_4ac34f7de95d2879,clean,sidset,real,0,0.7790343761444092,data\cache\clean\test\sidset_4ac34f7de95d2879\clean.jpg
sidset_4efd021afbfb3ae6,clean,sidset,real,0,0.591993510723114,data\cache\clean\test\sidset_4efd021afbfb3ae6\clean.jpg
sidset_524db7cc1caac0b0,clean,sidset,real,0,0.5664817690849304,data\cache\clean\test\sidset_524db7cc1caac0b0\clean.jpg
sidset_52bf81b2d7f84101,clean,sidset,real,0,0.8289463520050049,data\cache\clean\test\sidset_52bf81b2d7f84101\clean.jpg
sidset_55ed6c0bbd54e07d,clean,sidset,real,0,0.881817638874054,data\cache\clean\test\sidset_55ed6c0bbd54e07d\clean.jpg
sidset_5a165a26bf8ca4be,clean,sidset,real,0,0.9847556948661804,data\cache\clean\test\sidset_5a165a26bf8ca4be\clean.jpg
sidset_5b291a7b5ae05cf0,clean,sidset,real,0,0.8415309190750122,data\cache\clean\test\sidset_5b291a7b5ae05cf0\clean.jpg
sidset_5b8f12b78d13bfcd,clean,sidset,real,0,0.996557891368866,data\cache\clean\test\sidset_5b8f12b78d13bfcd\clean.jpg
sidset_5ba522a91162ae70,clean,sidset,real,0,0.9984397292137146,data\cache\clean\test\sidset_5ba522a91162ae70\clean.jpg
sidset_615f67f3acd96d5c,clean,sidset,real,0,0.7640730738639832,data\cache\clean\test\sidset_615f67f3acd96d5c\clean.jpg
sidset_630624a387e04a88,clean,sidset,real,0,0.5772749185562134,data\cache\clean\test\sidset_630624a387e04a88\clean.jpg
sidset_65d4916b9f3f47ba,clean,sidset,real,0,0.7039445638656616,data\cache\clean\test\sidset_65d4916b9f3f47ba\clean.jpg
sidset_68f0479b7dde7700,clean,sidset,real,0,0.9947012662887573,data\cache\clean\test\sidset_68f0479b7dde7700\clean.jpg
sidset_6b7167d906f4ff1f,clean,sidset,real,0,0.9998251795768738,data\cache\clean\test\sidset_6b7167d906f4ff1f\clean.jpg
sidset_6c4941996cd7f5fc,clean,sidset,real,0,0.5227751731872559,data\cache\clean\test\sidset_6c4941996cd7f5fc\clean.jpg
sidset_70f5dafbaa7da68a,clean,sidset,real,0,0.5509341955184937,data\cache\clean\test\sidset_70f5dafbaa7da68a\clean.jpg
sidset_796b6212cfecb3de,clean,sidset,real,0,0.8970214128494263,data\cache\clean\test\sidset_796b6212cfecb3de\clean.jpg
sidset_7974984b83c15934,clean,sidset,real,0,0.9225188493728638,data\cache\clean\test\sidset_7974984b83c15934\clean.jpg
sidset_7b550aceb5ec111f,clean,sidset,real,0,0.5317620038986206,data\cache\clean\test\sidset_7b550aceb5ec111f\clean.jpg
sidset_8619862cda88466c,clean,sidset,real,0,0.9658001661300659,data\cache\clean\test\sidset_8619862cda88466c\clean.jpg
sidset_995429a562f1aed2,clean,sidset,real,0,0.8525714874267578,data\cache\clean\test\sidset_995429a562f1aed2\clean.jpg
sidset_9e2a9b16ff46f867,clean,sidset,real,0,0.9339905381202698,data\cache\clean\test\sidset_9e2a9b16ff46f867\clean.jpg
sidset_9f5c482e3984891a,clean,sidset,real,0,0.6043606400489807,data\cache\clean\test\sidset_9f5c482e3984891a\clean.jpg
sidset_a3032d75347e6fa2,clean,sidset,real,0,0.8259840607643127,data\cache\clean\test\sidset_a3032d75347e6fa2\clean.jpg
sidset_a3293aebf3086c9f,clean,sidset,real,0,0.6675192713737488,data\cache\clean\test\sidset_a3293aebf3086c9f\clean.jpg
sidset_a4268c0135ca2c65,clean,sidset,real,0,0.5902440547943115,data\cache\clean\test\sidset_a4268c0135ca2c65\clean.jpg
sidset_a429805728e89e7d,clean,sidset,real,0,0.8913536071777344,data\cache\clean\test\sidset_a429805728e89e7d\clean.jpg
sidset_a8ad741ef85002f3,clean,sidset,real,0,0.7360759377479553,data\cache\clean\test\sidset_a8ad741ef85002f3\clean.jpg
sidset_ab1441008986f237,clean,sidset,real,0,0.8847814798355103,data\cache\clean\test\sidset_ab1441008986f237\clean.jpg
sidset_ac54ef2834f8bc74,clean,sidset,real,0,0.794839084148407,data\cache\clean\test\sidset_ac54ef2834f8bc74\clean.jpg
sidset_ae2a3178c574c716,clean,sidset,real,0,0.8649731278419495,data\cache\clean\test\sidset_ae2a3178c574c716\clean.jpg
sidset_b3a42a0308a160fa,clean,sidset,real,0,0.5579045414924622,data\cache\clean\test\sidset_b3a42a0308a160fa\clean.jpg
sidset_b3d460c2a4f17eff,clean,sidset,real,0,0.9365150928497314,data\cache\clean\test\sidset_b3d460c2a4f17eff\clean.jpg
sidset_b6d4573c9d24dcf3,clean,sidset,real,0,0.9403532147407532,data\cache\clean\test\sidset_b6d4573c9d24dcf3\clean.jpg
sidset_bc70b06f0d603efd,clean,sidset,real,0,0.9999874830245972,data\cache\clean\test\sidset_bc70b06f0d603efd\clean.jpg
sidset_c5a378b0ea24d25e,clean,sidset,real,0,0.9854871034622192,data\cache\clean\test\sidset_c5a378b0ea24d25e\clean.jpg
sidset_c790c7ca03b21797,clean,sidset,real,0,0.8138758540153503,data\cache\clean\test\sidset_c790c7ca03b21797\clean.jpg
sidset_cb68a83278e88b9d,clean,sidset,real,0,0.9903167486190796,data\cache\clean\test\sidset_cb68a83278e88b9d\clean.jpg
sidset_cc4571b1efacde65,clean,sidset,real,0,0.8524860143661499,data\cache\clean\test\sidset_cc4571b1efacde65\clean.jpg
sidset_d16d462a77a3e94c,clean,sidset,real,0,0.5830721855163574,data\cache\clean\test\sidset_d16d462a77a3e94c\clean.jpg
sidset_d652dc17bb0709b8,clean,sidset,real,0,0.883864164352417,data\cache\clean\test\sidset_d652dc17bb0709b8\clean.jpg
sidset_de2d4b37000ff09c,clean,sidset,real,0,0.5780036449432373,data\cache\clean\test\sidset_de2d4b37000ff09c\clean.jpg
sidset_e67f5961f8d7c753,clean,sidset,real,0,0.6961690187454224,data\cache\clean\test\sidset_e67f5961f8d7c753\clean.jpg
sidset_e83254d4c55675a6,clean,sidset,real,0,0.7852596044540405,data\cache\clean\test\sidset_e83254d4c55675a6\clean.jpg
sidset_e99541e9ff8fadb2,clean,sidset,real,0,0.9664701223373413,data\cache\clean\test\sidset_e99541e9ff8fadb2\clean.jpg
sidset_ef3f636bfc78f3a5,clean,sidset,real,0,0.9633814096450806,data\cache\clean\test\sidset_ef3f636bfc78f3a5\clean.jpg
sidset_f250696304a3be0e,clean,sidset,real,0,0.9567957520484924,data\cache\clean\test\sidset_f250696304a3be0e\clean.jpg
sidset_f546b6139401dfc1,clean,sidset,real,0,0.663463294506073,data\cache\clean\test\sidset_f546b6139401dfc1\clean.jpg
sidset_fac95db1f3df9775,clean,sidset,real,0,0.9966586828231812,data\cache\clean\test\sidset_fac95db1f3df9775\clean.jpg
sidset_fb876f14b96f08aa,clean,sidset,real,0,0.9775141477584839,data\cache\clean\test\sidset_fb876f14b96f08aa\clean.jpg
sidset_fe0bec3214706d60,clean,sidset,real,0,0.9693796038627625,data\cache\clean\test\sidset_fe0bec3214706d60\clean.jpg
cifake_0618 (3),blur_s0.5,cifake,real,0,0.8847806453704834,data\cache\clean\test\cifake_0618 (3)\blur_s0.5.jpg
cifake_0793,blur_s0.5,cifake,real,0,0.9365255236625671,data\cache\clean\test\cifake_0793\blur_s0.5.jpg
cifake_1139,blur_s0.5,cifake,real,0,0.7835444211959839,data\cache\clean\test\cifake_1139\blur_s0.5.jpg
cifake_1974,blur_s0.5,cifake,real,0,0.73028963804245,data\cache\clean\test\cifake_1974\blur_s0.5.jpg
cifake_2071,blur_s0.5,cifake,real,0,0.77802574634552,data\cache\clean\test\cifake_2071\blur_s0.5.jpg
cifake_2122,blur_s0.5,cifake,real,0,0.7072586417198181,data\cache\clean\test\cifake_2122\blur_s0.5.jpg
cifake_2547,blur_s0.5,cifake,real,0,0.5018572211265564,data\cache\clean\test\cifake_2547\blur_s0.5.jpg
cifake_2633 (10),blur_s0.5,cifake,real,0,0.5667837262153625,data\cache\clean\test\cifake_2633 (10)\blur_s0.5.jpg
cifake_2660,blur_s0.5,cifake,real,0,0.7429773211479187,data\cache\clean\test\cifake_2660\blur_s0.5.jpg
cifake_3891 (3),blur_s0.5,cifake,real,0,0.6820234656333923,data\cache\clean\test\cifake_3891 (3)\blur_s0.5.jpg
cifake_3916 (8),blur_s0.5,cifake,real,0,0.8462538719177246,data\cache\clean\test\cifake_3916 (8)\blur_s0.5.jpg
cifake_4660 (5),blur_s0.5,cifake,real,0,0.9504920840263367,data\cache\clean\test\cifake_4660 (5)\blur_s0.5.jpg
sidset_01cfa603553a1a45,blur_s0.5,sidset,real,0,0.9683279991149902,data\cache\clean\test\sidset_01cfa603553a1a45\blur_s0.5.jpg
sidset_02eb47f790cba404,blur_s0.5,sidset,real,0,0.5069471001625061,data\cache\clean\test\sidset_02eb47f790cba404\blur_s0.5.jpg
sidset_036df955965cb2f9,blur_s0.5,sidset,real,0,0.6952065825462341,data\cache\clean\test\sidset_036df955965cb2f9\blur_s0.5.jpg
sidset_038789965a8f7606,blur_s0.5,sidset,real,0,0.9785687327384949,data\cache\clean\test\sidset_038789965a8f7606\blur_s0.5.jpg
sidset_04ed850366fa5d69,blur_s0.5,sidset,real,0,0.5125641226768494,data\cache\clean\test\sidset_04ed850366fa5d69\blur_s0.5.jpg
sidset_075db643445af8e3,blur_s0.5,sidset,real,0,0.9669560790061951,data\cache\clean\test\sidset_075db643445af8e3\blur_s0.5.jpg
sidset_0f8102c25fc764ea,blur_s0.5,sidset,real,0,0.9818383455276489,data\cache\clean\test\sidset_0f8102c25fc764ea\blur_s0.5.jpg
sidset_0fde67f4281cb3ac,blur_s0.5,sidset,real,0,0.5770699977874756,data\cache\clean\test\sidset_0fde67f4281cb3ac\blur_s0.5.jpg
sidset_10932d70e80241b5,blur_s0.5,sidset,real,0,0.9773739576339722,data\cache\clean\test\sidset_10932d70e80241b5\blur_s0.5.jpg
sidset_137115a40fe7347b,blur_s0.5,sidset,real,0,0.5504334568977356,data\cache\clean\test\sidset_137115a40fe7347b\blur_s0.5.jpg
sidset_1409961a28ec7db5,blur_s0.5,sidset,real,0,0.9819973111152649,data\cache\clean\test\sidset_1409961a28ec7db5\blur_s0.5.jpg
sidset_14312756c1c94efa,blur_s0.5,sidset,real,0,0.9999942779541016,data\cache\clean\test\sidset_14312756c1c94efa\blur_s0.5.jpg
sidset_1577f06c8ee59ef0,blur_s0.5,sidset,real,0,0.6167165637016296,data\cache\clean\test\sidset_1577f06c8ee59ef0\blur_s0.5.jpg
sidset_165e94520f73e349,blur_s0.5,sidset,real,0,0.7572859525680542,data\cache\clean\test\sidset_165e94520f73e349\blur_s0.5.jpg
sidset_18e30e95478d3da6,blur_s0.5,sidset,real,0,0.6574662923812866,data\cache\clean\test\sidset_18e30e95478d3da6\blur_s0.5.jpg
sidset_1d24e17c0f598d7a,blur_s0.5,sidset,real,0,0.7196853756904602,data\cache\clean\test\sidset_1d24e17c0f598d7a\blur_s0.5.jpg
sidset_22b07f2ffcaf319c,blur_s0.5,sidset,real,0,0.9966533780097961,data\cache\clean\test\sidset_22b07f2ffcaf319c\blur_s0.5.jpg
sidset_240eaccddb6506ef,blur_s0.5,sidset,real,0,0.5537644624710083,data\cache\clean\test\sidset_240eaccddb6506ef\blur_s0.5.jpg
sidset_247241c5aa1f3f9c,blur_s0.5,sidset,real,0,0.6257746815681458,data\cache\clean\test\sidset_247241c5aa1f3f9c\blur_s0.5.jpg
sidset_26c389b400ea1653,blur_s0.5,sidset,real,0,0.9337603449821472,data\cache\clean\test\sidset_26c389b400ea1653\blur_s0.5.jpg
sidset_31f7ec5269c0f867,blur_s0.5,sidset,real,0,0.7302208542823792,data\cache\clean\test\sidset_31f7ec5269c0f867\blur_s0.5.jpg
sidset_34866edcc2800ae0,blur_s0.5,sidset,real,0,0.9453274607658386,data\cache\clean\test\sidset_34866edcc2800ae0\blur_s0.5.jpg
sidset_39a3f029e2e17dd3,blur_s0.5,sidset,real,0,0.9997156262397766,data\cache\clean\test\sidset_39a3f029e2e17dd3\blur_s0.5.jpg
sidset_3beca4d6152a4aa5,blur_s0.5,sidset,real,0,0.8029263019561768,data\cache\clean\test\sidset_3beca4d6152a4aa5\blur_s0.5.jpg
sidset_45c5c68f5a74cd90,blur_s0.5,sidset,real,0,0.8014771938323975,data\cache\clean\test\sidset_45c5c68f5a74cd90\blur_s0.5.jpg
sidset_4ac34f7de95d2879,blur_s0.5,sidset,real,0,0.7446774244308472,data\cache\clean\test\sidset_4ac34f7de95d2879\blur_s0.5.jpg
sidset_4efd021afbfb3ae6,blur_s0.5,sidset,real,0,0.5909750461578369,data\cache\clean\test\sidset_4efd021afbfb3ae6\blur_s0.5.jpg
sidset_524db7cc1caac0b0,blur_s0.5,sidset,real,0,0.7600287199020386,data\cache\clean\test\sidset_524db7cc1caac0b0\blur_s0.5.jpg
sidset_52bf81b2d7f84101,blur_s0.5,sidset,real,0,0.8975996375083923,data\cache\clean\test\sidset_52bf81b2d7f84101\blur_s0.5.jpg
sidset_55ed6c0bbd54e07d,blur_s0.5,sidset,real,0,0.8780965209007263,data\cache\clean\test\sidset_55ed6c0bbd54e07d\blur_s0.5.jpg
sidset_5a165a26bf8ca4be,blur_s0.5,sidset,real,0,0.9770492911338806,data\cache\clean\test\sidset_5a165a26bf8ca4be\blur_s0.5.jpg
sidset_5b291a7b5ae05cf0,blur_s0.5,sidset,real,0,0.7469600439071655,data\cache\clean\test\sidset_5b291a7b5ae05cf0\blur_s0.5.jpg
sidset_5b8f12b78d13bfcd,blur_s0.5,sidset,real,0,0.9970398545265198,data\cache\clean\test\sidset_5b8f12b78d13bfcd\blur_s0.5.jpg
sidset_5ba522a91162ae70,blur_s0.5,sidset,real,0,0.9968410730361938,data\cache\clean\test\sidset_5ba522a91162ae70\blur_s0.5.jpg
sidset_615f67f3acd96d5c,blur_s0.5,sidset,real,0,0.7918049693107605,data\cache\clean\test\sidset_615f67f3acd96d5c\blur_s0.5.jpg
sidset_65d4916b9f3f47ba,blur_s0.5,sidset,real,0,0.6561662554740906,data\cache\clean\test\sidset_65d4916b9f3f47ba\blur_s0.5.jpg
sidset_68f0479b7dde7700,blur_s0.5,sidset,real,0,0.989662766456604,data\cache\clean\test\sidset_68f0479b7dde7700\blur_s0.5.jpg
sidset_6a9b88d93d860623,blur_s0.5,sidset,real,0,0.5602192878723145,data\cache\clean\test\sidset_6a9b88d93d860623\blur_s0.5.jpg
sidset_6b7167d906f4ff1f,blur_s0.5,sidset,real,0,0.9997866749763489,data\cache\clean\test\sidset_6b7167d906f4ff1f\blur_s0.5.jpg
sidset_6c4941996cd7f5fc,blur_s0.5,sidset,real,0,0.5702491402626038,data\cache\clean\test\sidset_6c4941996cd7f5fc\blur_s0.5.jpg
sidset_70f5dafbaa7da68a,blur_s0.5,sidset,real,0,0.6535682678222656,data\cache\clean\test\sidset_70f5dafbaa7da68a\blur_s0.5.jpg
sidset_796b6212cfecb3de,blur_s0.5,sidset,real,0,0.9297611117362976,data\cache\clean\test\sidset_796b6212cfecb3de\blur_s0.5.jpg
sidset_7974984b83c15934,blur_s0.5,sidset,real,0,0.9173986315727234,data\cache\clean\test\sidset_7974984b83c15934\blur_s0.5.jpg
sidset_7b550aceb5ec111f,blur_s0.5,sidset,real,0,0.6620873212814331,data\cache\clean\test\sidset_7b550aceb5ec111f\blur_s0.5.jpg
sidset_8619862cda88466c,blur_s0.5,sidset,real,0,0.9448891878128052,data\cache\clean\test\sidset_8619862cda88466c\blur_s0.5.jpg
sidset_995429a562f1aed2,blur_s0.5,sidset,real,0,0.8037649393081665,data\cache\clean\test\sidset_995429a562f1aed2\blur_s0.5.jpg
sidset_9e2a9b16ff46f867,blur_s0.5,sidset,real,0,0.9262443780899048,data\cache\clean\test\sidset_9e2a9b16ff46f867\blur_s0.5.jpg
sidset_9f5c482e3984891a,blur_s0.5,sidset,real,0,0.7660157680511475,data\cache\clean\test\sidset_9f5c482e3984891a\blur_s0.5.jpg
sidset_a3032d75347e6fa2,blur_s0.5,sidset,real,0,0.8706064224243164,data\cache\clean\test\sidset_a3032d75347e6fa2\blur_s0.5.jpg
sidset_a3293aebf3086c9f,blur_s0.5,sidset,real,0,0.5268868803977966,data\cache\clean\test\sidset_a3293aebf3086c9f\blur_s0.5.jpg
sidset_a4268c0135ca2c65,blur_s0.5,sidset,real,0,0.6381387710571289,data\cache\clean\test\sidset_a4268c0135ca2c65\blur_s0.5.jpg
sidset_a429805728e89e7d,blur_s0.5,sidset,real,0,0.9194736480712891,data\cache\clean\test\sidset_a429805728e89e7d\blur_s0.5.jpg
sidset_a8ad741ef85002f3,blur_s0.5,sidset,real,0,0.7708793878555298,data\cache\clean\test\sidset_a8ad741ef85002f3\blur_s0.5.jpg
sidset_a9461d28df2d46d8,blur_s0.5,sidset,real,0,0.5112450122833252,data\cache\clean\test\sidset_a9461d28df2d46d8\blur_s0.5.jpg
sidset_ab1441008986f237,blur_s0.5,sidset,real,0,0.8716135025024414,data\cache\clean\test\sidset_ab1441008986f237\blur_s0.5.jpg
sidset_ac54ef2834f8bc74,blur_s0.5,sidset,real,0,0.8165480494499207,data\cache\clean\test\sidset_ac54ef2834f8bc74\blur_s0.5.jpg
sidset_ae2a3178c574c716,blur_s0.5,sidset,real,0,0.859604001045227,data\cache\clean\test\sidset_ae2a3178c574c716\blur_s0.5.jpg
sidset_b3d460c2a4f17eff,blur_s0.5,sidset,real,0,0.9371109008789062,data\cache\clean\test\sidset_b3d460c2a4f17eff\blur_s0.5.jpg
sidset_b6d4573c9d24dcf3,blur_s0.5,sidset,real,0,0.9340947270393372,data\cache\clean\test\sidset_b6d4573c9d24dcf3\blur_s0.5.jpg
sidset_bc70b06f0d603efd,blur_s0.5,sidset,real,0,0.9999769926071167,data\cache\clean\test\sidset_bc70b06f0d603efd\blur_s0.5.jpg
sidset_c5a378b0ea24d25e,blur_s0.5,sidset,real,0,0.9853696823120117,data\cache\clean\test\sidset_c5a378b0ea24d25e\blur_s0.5.jpg
sidset_c790c7ca03b21797,blur_s0.5,sidset,real,0,0.7709516286849976,data\cache\clean\test\sidset_c790c7ca03b21797\blur_s0.5.jpg
sidset_cb68a83278e88b9d,blur_s0.5,sidset,real,0,0.9918004870414734,data\cache\clean\test\sidset_cb68a83278e88b9d\blur_s0.5.jpg
sidset_cc4571b1efacde65,blur_s0.5,sidset,real,0,0.8377025723457336,data\cache\clean\test\sidset_cc4571b1efacde65\blur_s0.5.jpg
sidset_d652dc17bb0709b8,blur_s0.5,sidset,real,0,0.950206458568573,data\cache\clean\test\sidset_d652dc17bb0709b8\blur_s0.5.jpg
sidset_de2d4b37000ff09c,blur_s0.5,sidset,real,0,0.5854955315589905,data\cache\clean\test\sidset_de2d4b37000ff09c\blur_s0.5.jpg
sidset_e67f5961f8d7c753,blur_s0.5,sidset,real,0,0.5620078444480896,data\cache\clean\test\sidset_e67f5961f8d7c753\blur_s0.5.jpg
sidset_e83254d4c55675a6,blur_s0.5,sidset,real,0,0.6567798852920532,data\cache\clean\test\sidset_e83254d4c55675a6\blur_s0.5.jpg
sidset_e99541e9ff8fadb2,blur_s0.5,sidset,real,0,0.9623426198959351,data\cache\clean\test\sidset_e99541e9ff8fadb2\blur_s0.5.jpg
sidset_ef3f636bfc78f3a5,blur_s0.5,sidset,real,0,0.9679598212242126,data\cache\clean\test\sidset_ef3f636bfc78f3a5\blur_s0.5.jpg
sidset_f250696304a3be0e,blur_s0.5,sidset,real,0,0.9403079152107239,data\cache\clean\test\sidset_f250696304a3be0e\blur_s0.5.jpg
sidset_f546b6139401dfc1,blur_s0.5,sidset,real,0,0.7378341555595398,data\cache\clean\test\sidset_f546b6139401dfc1\blur_s0.5.jpg
sidset_fac95db1f3df9775,blur_s0.5,sidset,real,0,0.9972643852233887,data\cache\clean\test\sidset_fac95db1f3df9775\blur_s0.5.jpg
sidset_fb876f14b96f08aa,blur_s0.5,sidset,real,0,0.9716312885284424,data\cache\clean\test\sidset_fb876f14b96f08aa\blur_s0.5.jpg
sidset_fe0bec3214706d60,blur_s0.5,sidset,real,0,0.9718241095542908,data\cache\clean\test\sidset_fe0bec3214706d60\blur_s0.5.jpg
cifake_0618 (3),blur_s1.0,cifake,real,0,0.8842605948448181,data\cache\clean\test\cifake_0618 (3)\blur_s1.0.jpg
cifake_0793,blur_s1.0,cifake,real,0,0.9378328323364258,data\cache\clean\test\cifake_0793\blur_s1.0.jpg
cifake_0967 (9),blur_s1.0,cifake,real,0,0.5010983347892761,data\cache\clean\test\cifake_0967 (9)\blur_s1.0.jpg
cifake_1139,blur_s1.0,cifake,real,0,0.7790710926055908,data\cache\clean\test\cifake_1139\blur_s1.0.jpg
cifake_1974,blur_s1.0,cifake,real,0,0.7225162386894226,data\cache\clean\test\cifake_1974\blur_s1.0.jpg
cifake_2071,blur_s1.0,cifake,real,0,0.7730255126953125,data\cache\clean\test\cifake_2071\blur_s1.0.jpg
cifake_2122,blur_s1.0,cifake,real,0,0.6967166662216187,data\cache\clean\test\cifake_2122\blur_s1.0.jpg
cifake_2633 (10),blur_s1.0,cifake,real,0,0.5906992554664612,data\cache\clean\test\cifake_2633 (10)\blur_s1.0.jpg
cifake_2660,blur_s1.0,cifake,real,0,0.7337411642074585,data\cache\clean\test\cifake_2660\blur_s1.0.jpg
cifake_3891 (3),blur_s1.0,cifake,real,0,0.6810144782066345,data\cache\clean\test\cifake_3891 (3)\blur_s1.0.jpg
cifake_3916 (8),blur_s1.0,cifake,real,0,0.8568713665008545,data\cache\clean\test\cifake_3916 (8)\blur_s1.0.jpg
cifake_4660 (5),blur_s1.0,cifake,real,0,0.9483665227890015,data\cache\clean\test\cifake_4660 (5)\blur_s1.0.jpg
sidset_01cfa603553a1a45,blur_s1.0,sidset,real,0,0.9670128226280212,data\cache\clean\test\sidset_01cfa603553a1a45\blur_s1.0.jpg
sidset_02eb47f790cba404,blur_s1.0,sidset,real,0,0.5923175811767578,data\cache\clean\test\sidset_02eb47f790cba404\blur_s1.0.jpg
sidset_038789965a8f7606,blur_s1.0,sidset,real,0,0.9438811540603638,data\cache\clean\test\sidset_038789965a8f7606\blur_s1.0.jpg
sidset_075db643445af8e3,blur_s1.0,sidset,real,0,0.9691776037216187,data\cache\clean\test\sidset_075db643445af8e3\blur_s1.0.jpg
sidset_0f8102c25fc764ea,blur_s1.0,sidset,real,0,0.9687913060188293,data\cache\clean\test\sidset_0f8102c25fc764ea\blur_s1.0.jpg
sidset_10932d70e80241b5,blur_s1.0,sidset,real,0,0.9580958485603333,data\cache\clean\test\sidset_10932d70e80241b5\blur_s1.0.jpg
sidset_1409961a28ec7db5,blur_s1.0,sidset,real,0,0.9633718729019165,data\cache\clean\test\sidset_1409961a28ec7db5\blur_s1.0.jpg
sidset_14312756c1c94efa,blur_s1.0,sidset,real,0,0.9999693632125854,data\cache\clean\test\sidset_14312756c1c94efa\blur_s1.0.jpg
sidset_1577f06c8ee59ef0,blur_s1.0,sidset,real,0,0.5667860507965088,data\cache\clean\test\sidset_1577f06c8ee59ef0\blur_s1.0.jpg
sidset_165e94520f73e349,blur_s1.0,sidset,real,0,0.8314613103866577,data\cache\clean\test\sidset_165e94520f73e349\blur_s1.0.jpg
sidset_16c4058cc17896fc,blur_s1.0,sidset,real,0,0.5894412398338318,data\cache\clean\test\sidset_16c4058cc17896fc\blur_s1.0.jpg
sidset_18e30e95478d3da6,blur_s1.0,sidset,real,0,0.9229252338409424,data\cache\clean\test\sidset_18e30e95478d3da6\blur_s1.0.jpg
sidset_1d24e17c0f598d7a,blur_s1.0,sidset,real,0,0.8666866421699524,data\cache\clean\test\sidset_1d24e17c0f598d7a\blur_s1.0.jpg
sidset_22b07f2ffcaf319c,blur_s1.0,sidset,real,0,0.9985560774803162,data\cache\clean\test\sidset_22b07f2ffcaf319c\blur_s1.0.jpg
sidset_240eaccddb6506ef,blur_s1.0,sidset,real,0,0.531721830368042,data\cache\clean\test\sidset_240eaccddb6506ef\blur_s1.0.jpg
sidset_247241c5aa1f3f9c,blur_s1.0,sidset,real,0,0.6000913977622986,data\cache\clean\test\sidset_247241c5aa1f3f9c\blur_s1.0.jpg
sidset_26c389b400ea1653,blur_s1.0,sidset,real,0,0.9709132313728333,data\cache\clean\test\sidset_26c389b400ea1653\blur_s1.0.jpg
sidset_31f7ec5269c0f867,blur_s1.0,sidset,real,0,0.6283129453659058,data\cache\clean\test\sidset_31f7ec5269c0f867\blur_s1.0.jpg
sidset_34866edcc2800ae0,blur_s1.0,sidset,real,0,0.8697854280471802,data\cache\clean\test\sidset_34866edcc2800ae0\blur_s1.0.jpg
sidset_39a3f029e2e17dd3,blur_s1.0,sidset,real,0,0.999519944190979,data\cache\clean\test\sidset_39a3f029e2e17dd3\blur_s1.0.jpg
sidset_3beca4d6152a4aa5,blur_s1.0,sidset,real,0,0.8188889026641846,data\cache\clean\test\sidset_3beca4d6152a4aa5\blur_s1.0.jpg
sidset_41fcb89ff22ef83c,blur_s1.0,sidset,real,0,0.7190817594528198,data\cache\clean\test\sidset_41fcb89ff22ef83c\blur_s1.0.jpg
sidset_44062c28bab0688d,blur_s1.0,sidset,real,0,0.5005531311035156,data\cache\clean\test\sidset_44062c28bab0688d\blur_s1.0.jpg
sidset_45c5c68f5a74cd90,blur_s1.0,sidset,real,0,0.813406765460968,data\cache\clean\test\sidset_45c5c68f5a74cd90\blur_s1.0.jpg
sidset_4ac34f7de95d2879,blur_s1.0,sidset,real,0,0.6301034092903137,data\cache\clean\test\sidset_4ac34f7de95d2879\blur_s1.0.jpg
sidset_4b587c02c1897383,blur_s1.0,sidset,real,0,0.5443077087402344,data\cache\clean\test\sidset_4b587c02c1897383\blur_s1.0.jpg
sidset_4efd021afbfb3ae6,blur_s1.0,sidset,real,0,0.5857105255126953,data\cache\clean\test\sidset_4efd021afbfb3ae6\blur_s1.0.jpg
sidset_524db7cc1caac0b0,blur_s1.0,sidset,real,0,0.9631422758102417,data\cache\clean\test\sidset_524db7cc1caac0b0\blur_s1.0.jpg
sidset_52bf81b2d7f84101,blur_s1.0,sidset,real,0,0.9055294990539551,data\cache\clean\test\sidset_52bf81b2d7f84101\blur_s1.0.jpg
sidset_55ed6c0bbd54e07d,blur_s1.0,sidset,real,0,0.9047412276268005,data\cache\clean\test\sidset_55ed6c0bbd54e07d\blur_s1.0.jpg
sidset_5a165a26bf8ca4be,blur_s1.0,sidset,real,0,0.9731661081314087,data\cache\clean\test\sidset_5a165a26bf8ca4be\blur_s1.0.jpg
sidset_5b291a7b5ae05cf0,blur_s1.0,sidset,real,0,0.7280324101448059,data\cache\clean\test\sidset_5b291a7b5ae05cf0\blur_s1.0.jpg
sidset_5b8f12b78d13bfcd,blur_s1.0,sidset,real,0,0.9971207976341248,data\cache\clean\test\sidset_5b8f12b78d13bfcd\blur_s1.0.jpg
sidset_5ba522a91162ae70,blur_s1.0,sidset,real,0,0.9979039430618286,data\cache\clean\test\sidset_5ba522a91162ae70\blur_s1.0.jpg
sidset_615f67f3acd96d5c,blur_s1.0,sidset,real,0,0.7764109373092651,data\cache\clean\test\sidset_615f67f3acd96d5c\blur_s1.0.jpg
sidset_65d4916b9f3f47ba,blur_s1.0,sidset,real,0,0.557490348815918,data\cache\clean\test\sidset_65d4916b9f3f47ba\blur_s1.0.jpg
sidset_68f0479b7dde7700,blur_s1.0,sidset,real,0,0.9803558588027954,data\cache\clean\test\sidset_68f0479b7dde7700\blur_s1.0.jpg
sidset_6a9b88d93d860623,blur_s1.0,sidset,real,0,0.8499420881271362,data\cache\clean\test\sidset_6a9b88d93d860623\blur_s1.0.jpg
sidset_6b7167d906f4ff1f,blur_s1.0,sidset,real,0,0.9998751878738403,data\cache\clean\test\sidset_6b7167d906f4ff1f\blur_s1.0.jpg
sidset_70f5dafbaa7da68a,blur_s1.0,sidset,real,0,0.6364627480506897,data\cache\clean\test\sidset_70f5dafbaa7da68a\blur_s1.0.jpg
sidset_796b6212cfecb3de,blur_s1.0,sidset,real,0,0.9397232532501221,data\cache\clean\test\sidset_796b6212cfecb3de\blur_s1.0.jpg
sidset_7974984b83c15934,blur_s1.0,sidset,real,0,0.8859354257583618,data\cache\clean\test\sidset_7974984b83c15934\blur_s1.0.jpg
sidset_7b550aceb5ec111f,blur_s1.0,sidset,real,0,0.8422204852104187,data\cache\clean\test\sidset_7b550aceb5ec111f\blur_s1.0.jpg
sidset_8619862cda88466c,blur_s1.0,sidset,real,0,0.920038640499115,data\cache\clean\test\sidset_8619862cda88466c\blur_s1.0.jpg
sidset_9548acaeca2f5124,blur_s1.0,sidset,real,0,0.5178397297859192,data\cache\clean\test\sidset_9548acaeca2f5124\blur_s1.0.jpg
sidset_995429a562f1aed2,blur_s1.0,sidset,real,0,0.8923962712287903,data\cache\clean\test\sidset_995429a562f1aed2\blur_s1.0.jpg
sidset_9e2a9b16ff46f867,blur_s1.0,sidset,real,0,0.7972754836082458,data\cache\clean\test\sidset_9e2a9b16ff46f867\blur_s1.0.jpg
sidset_9f5c482e3984891a,blur_s1.0,sidset,real,0,0.8017262816429138,data\cache\clean\test\sidset_9f5c482e3984891a\blur_s1.0.jpg
sidset_a3032d75347e6fa2,blur_s1.0,sidset,real,0,0.9063164591789246,data\cache\clean\test\sidset_a3032d75347e6fa2\blur_s1.0.jpg
sidset_a3293aebf3086c9f,blur_s1.0,sidset,real,0,0.529325008392334,data\cache\clean\test\sidset_a3293aebf3086c9f\blur_s1.0.jpg
sidset_a429805728e89e7d,blur_s1.0,sidset,real,0,0.9134974479675293,data\cache\clean\test\sidset_a429805728e89e7d\blur_s1.0.jpg
sidset_a8ad741ef85002f3,blur_s1.0,sidset,real,0,0.7878007292747498,data\cache\clean\test\sidset_a8ad741ef85002f3\blur_s1.0.jpg
sidset_a9461d28df2d46d8,blur_s1.0,sidset,real,0,0.5520296096801758,data\cache\clean\test\sidset_a9461d28df2d46d8\blur_s1.0.jpg
sidset_ab1441008986f237,blur_s1.0,sidset,real,0,0.7999046444892883,data\cache\clean\test\sidset_ab1441008986f237\blur_s1.0.jpg
sidset_ac54ef2834f8bc74,blur_s1.0,sidset,real,0,0.8166436553001404,data\cache\clean\test\sidset_ac54ef2834f8bc74\blur_s1.0.jpg
sidset_ae2a3178c574c716,blur_s1.0,sidset,real,0,0.864858090877533,data\cache\clean\test\sidset_ae2a3178c574c716\blur_s1.0.jpg
sidset_b3d460c2a4f17eff,blur_s1.0,sidset,real,0,0.91630619764328,data\cache\clean\test\sidset_b3d460c2a4f17eff\blur_s1.0.jpg
sidset_b6d4573c9d24dcf3,blur_s1.0,sidset,real,0,0.9279702305793762,data\cache\clean\test\sidset_b6d4573c9d24dcf3\blur_s1.0.jpg
sidset_bc70b06f0d603efd,blur_s1.0,sidset,real,0,0.9999626874923706,data\cache\clean\test\sidset_bc70b06f0d603efd\blur_s1.0.jpg
sidset_c5a378b0ea24d25e,blur_s1.0,sidset,real,0,0.9801822900772095,data\cache\clean\test\sidset_c5a378b0ea24d25e\blur_s1.0.jpg
sidset_c5f4e20e7d2e391c,blur_s1.0,sidset,real,0,0.5273869633674622,data\cache\clean\test\sidset_c5f4e20e7d2e391c\blur_s1.0.jpg
sidset_c790c7ca03b21797,blur_s1.0,sidset,real,0,0.7481499314308167,data\cache\clean\test\sidset_c790c7ca03b21797\blur_s1.0.jpg
sidset_cb68a83278e88b9d,blur_s1.0,sidset,real,0,0.9884945750236511,data\cache\clean\test\sidset_cb68a83278e88b9d\blur_s1.0.jpg
sidset_cc4571b1efacde65,blur_s1.0,sidset,real,0,0.8255494832992554,data\cache\clean\test\sidset_cc4571b1efacde65\blur_s1.0.jpg
sidset_d652dc17bb0709b8,blur_s1.0,sidset,real,0,0.9751061201095581,data\cache\clean\test\sidset_d652dc17bb0709b8\blur_s1.0.jpg
sidset_df089363fbc3dff5,blur_s1.0,sidset,real,0,0.7373268008232117,data\cache\clean\test\sidset_df089363fbc3dff5\blur_s1.0.jpg
sidset_e99541e9ff8fadb2,blur_s1.0,sidset,real,0,0.9536818861961365,data\cache\clean\test\sidset_e99541e9ff8fadb2\blur_s1.0.jpg
sidset_ef3f636bfc78f3a5,blur_s1.0,sidset,real,0,0.9513852000236511,data\cache\clean\test\sidset_ef3f636bfc78f3a5\blur_s1.0.jpg
sidset_f250696304a3be0e,blur_s1.0,sidset,real,0,0.9389014840126038,data\cache\clean\test\sidset_f250696304a3be0e\blur_s1.0.jpg
sidset_f546b6139401dfc1,blur_s1.0,sidset,real,0,0.8066321611404419,data\cache\clean\test\sidset_f546b6139401dfc1\blur_s1.0.jpg
sidset_fac95db1f3df9775,blur_s1.0,sidset,real,0,0.9987258315086365,data\cache\clean\test\sidset_fac95db1f3df9775\blur_s1.0.jpg
sidset_fb876f14b96f08aa,blur_s1.0,sidset,real,0,0.986040472984314,data\cache\clean\test\sidset_fb876f14b96f08aa\blur_s1.0.jpg
sidset_fe0bec3214706d60,blur_s1.0,sidset,real,0,0.9831099510192871,data\cache\clean\test\sidset_fe0bec3214706d60\blur_s1.0.jpg
cifake_0618 (3),blur_s2.0,cifake,real,0,0.888419508934021,data\cache\clean\test\cifake_0618 (3)\blur_s2.0.jpg
cifake_0793,blur_s2.0,cifake,real,0,0.9342619180679321,data\cache\clean\test\cifake_0793\blur_s2.0.jpg
cifake_1139,blur_s2.0,cifake,real,0,0.7274783849716187,data\cache\clean\test\cifake_1139\blur_s2.0.jpg
cifake_1974,blur_s2.0,cifake,real,0,0.6901559829711914,data\cache\clean\test\cifake_1974\blur_s2.0.jpg
cifake_2071,blur_s2.0,cifake,real,0,0.7877828478813171,data\cache\clean\test\cifake_2071\blur_s2.0.jpg
cifake_2122,blur_s2.0,cifake,real,0,0.6446584463119507,data\cache\clean\test\cifake_2122\blur_s2.0.jpg
cifake_2633 (10),blur_s2.0,cifake,real,0,0.7285301685333252,data\cache\clean\test\cifake_2633 (10)\blur_s2.0.jpg
cifake_2660,blur_s2.0,cifake,real,0,0.6889499425888062,data\cache\clean\test\cifake_2660\blur_s2.0.jpg
cifake_3891 (3),blur_s2.0,cifake,real,0,0.6523328423500061,data\cache\clean\test\cifake_3891 (3)\blur_s2.0.jpg
cifake_3916 (8),blur_s2.0,cifake,real,0,0.8327691555023193,data\cache\clean\test\cifake_3916 (8)\blur_s2.0.jpg
cifake_4660 (5),blur_s2.0,cifake,real,0,0.9429370760917664,data\cache\clean\test\cifake_4660 (5)\blur_s2.0.jpg
sidset_0030a581819d8d74,blur_s2.0,sidset,real,0,0.8038240671157837,data\cache\clean\test\sidset_0030a581819d8d74\blur_s2.0.jpg
sidset_01cfa603553a1a45,blur_s2.0,sidset,real,0,0.8657887578010559,data\cache\clean\test\sidset_01cfa603553a1a45\blur_s2.0.jpg
sidset_02eb47f790cba404,blur_s2.0,sidset,real,0,0.5130026340484619,data\cache\clean\test\sidset_02eb47f790cba404\blur_s2.0.jpg
sidset_036df955965cb2f9,blur_s2.0,sidset,real,0,0.745895266532898,data\cache\clean\test\sidset_036df955965cb2f9\blur_s2.0.jpg
sidset_038789965a8f7606,blur_s2.0,sidset,real,0,0.9441061615943909,data\cache\clean\test\sidset_038789965a8f7606\blur_s2.0.jpg
sidset_04c57e00f9d1b966,blur_s2.0,sidset,real,0,0.9037067294120789,data\cache\clean\test\sidset_04c57e00f9d1b966\blur_s2.0.jpg
sidset_0f8102c25fc764ea,blur_s2.0,sidset,real,0,0.9339223504066467,data\cache\clean\test\sidset_0f8102c25fc764ea\blur_s2.0.jpg
sidset_10932d70e80241b5,blur_s2.0,sidset,real,0,0.988709032535553,data\cache\clean\test\sidset_10932d70e80241b5\blur_s2.0.jpg
sidset_1409961a28ec7db5,blur_s2.0,sidset,real,0,0.9739830493927002,data\cache\clean\test\sidset_1409961a28ec7db5\blur_s2.0.jpg
sidset_14312756c1c94efa,blur_s2.0,sidset,real,0,0.9999878406524658,data\cache\clean\test\sidset_14312756c1c94efa\blur_s2.0.jpg
sidset_1577f06c8ee59ef0,blur_s2.0,sidset,real,0,0.8822275996208191,data\cache\clean\test\sidset_1577f06c8ee59ef0\blur_s2.0.jpg
sidset_165e94520f73e349,blur_s2.0,sidset,real,0,0.6621692180633545,data\cache\clean\test\sidset_165e94520f73e349\blur_s2.0.jpg
sidset_16c4058cc17896fc,blur_s2.0,sidset,real,0,0.8343577980995178,data\cache\clean\test\sidset_16c4058cc17896fc\blur_s2.0.jpg
sidset_18e30e95478d3da6,blur_s2.0,sidset,real,0,0.9405642151832581,data\cache\clean\test\sidset_18e30e95478d3da6\blur_s2.0.jpg
sidset_19a1dd0dde3ed26c,blur_s2.0,sidset,real,0,0.6040567755699158,data\cache\clean\test\sidset_19a1dd0dde3ed26c\blur_s2.0.jpg
sidset_1cae0a8c943c87f1,blur_s2.0,sidset,real,0,0.6634883880615234,data\cache\clean\test\sidset_1cae0a8c943c87f1\blur_s2.0.jpg
sidset_1d24e17c0f598d7a,blur_s2.0,sidset,real,0,0.8977077603340149,data\cache\clean\test\sidset_1d24e17c0f598d7a\blur_s2.0.jpg
sidset_22b07f2ffcaf319c,blur_s2.0,sidset,real,0,0.999858021736145,data\cache\clean\test\sidset_22b07f2ffcaf319c\blur_s2.0.jpg
sidset_230a893e83782a7f,blur_s2.0,sidset,real,0,0.5399616956710815,data\cache\clean\test\sidset_230a893e83782a7f\blur_s2.0.jpg
sidset_240eaccddb6506ef,blur_s2.0,sidset,real,0,0.8020774722099304,data\cache\clean\test\sidset_240eaccddb6506ef\blur_s2.0.jpg
sidset_247241c5aa1f3f9c,blur_s2.0,sidset,real,0,0.808851420879364,data\cache\clean\test\sidset_247241c5aa1f3f9c\blur_s2.0.jpg
sidset_26c389b400ea1653,blur_s2.0,sidset,real,0,0.9592910408973694,data\cache\clean\test\sidset_26c389b400ea1653\blur_s2.0.jpg
sidset_31d44fee2c336e78,blur_s2.0,sidset,real,0,0.7516936659812927,data\cache\clean\test\sidset_31d44fee2c336e78\blur_s2.0.jpg
sidset_34866edcc2800ae0,blur_s2.0,sidset,real,0,0.9521484971046448,data\cache\clean\test\sidset_34866edcc2800ae0\blur_s2.0.jpg
sidset_36ec0b674a14714a,blur_s2.0,sidset,real,0,0.8384751677513123,data\cache\clean\test\sidset_36ec0b674a14714a\blur_s2.0.jpg
sidset_39a3f029e2e17dd3,blur_s2.0,sidset,real,0,0.9990777969360352,data\cache\clean\test\sidset_39a3f029e2e17dd3\blur_s2.0.jpg
sidset_3beca4d6152a4aa5,blur_s2.0,sidset,real,0,0.8598341345787048,data\cache\clean\test\sidset_3beca4d6152a4aa5\blur_s2.0.jpg
sidset_41fcb89ff22ef83c,blur_s2.0,sidset,real,0,0.8469529151916504,data\cache\clean\test\sidset_41fcb89ff22ef83c\blur_s2.0.jpg
sidset_45c5c68f5a74cd90,blur_s2.0,sidset,real,0,0.6308805346488953,data\cache\clean\test\sidset_45c5c68f5a74cd90\blur_s2.0.jpg
sidset_475d67fc473d0989,blur_s2.0,sidset,real,0,0.7093052268028259,data\cache\clean\test\sidset_475d67fc473d0989\blur_s2.0.jpg
sidset_4ac34f7de95d2879,blur_s2.0,sidset,real,0,0.9692333340644836,data\cache\clean\test\sidset_4ac34f7de95d2879\blur_s2.0.jpg
sidset_4e4b9b1d6e8b2aca,blur_s2.0,sidset,real,0,0.5607221126556396,data\cache\clean\test\sidset_4e4b9b1d6e8b2aca\blur_s2.0.jpg
sidset_4efd021afbfb3ae6,blur_s2.0,sidset,real,0,0.7822939157485962,data\cache\clean\test\sidset_4efd021afbfb3ae6\blur_s2.0.jpg
sidset_51655a8a28f25f11,blur_s2.0,sidset,real,0,0.9311268925666809,data\cache\clean\test\sidset_51655a8a28f25f11\blur_s2.0.jpg
sidset_524db7cc1caac0b0,blur_s2.0,sidset,real,0,0.9809591174125671,data\cache\clean\test\sidset_524db7cc1caac0b0\blur_s2.0.jpg
sidset_52bf81b2d7f84101,blur_s2.0,sidset,real,0,0.6304693818092346,data\cache\clean\test\sidset_52bf81b2d7f84101\blur_s2.0.jpg
sidset_5a165a26bf8ca4be,blur_s2.0,sidset,real,0,0.9865694046020508,data\cache\clean\test\sidset_5a165a26bf8ca4be\blur_s2.0.jpg
sidset_5b8f12b78d13bfcd,blur_s2.0,sidset,real,0,0.996508777141571,data\cache\clean\test\sidset_5b8f12b78d13bfcd\blur_s2.0.jpg
sidset_5ba522a91162ae70,blur_s2.0,sidset,real,0,0.9987456798553467,data\cache\clean\test\sidset_5ba522a91162ae70\blur_s2.0.jpg
sidset_5bfa50b83754c8c0,blur_s2.0,sidset,real,0,0.6603940725326538,data\cache\clean\test\sidset_5bfa50b83754c8c0\blur_s2.0.jpg
sidset_5c175a143c23a7b8,blur_s2.0,sidset,real,0,0.9734642505645752,data\cache\clean\test\sidset_5c175a143c23a7b8\blur_s2.0.jpg
sidset_615f67f3acd96d5c,blur_s2.0,sidset,real,0,0.839519739151001,data\cache\clean\test\sidset_615f67f3acd96d5c\blur_s2.0.jpg
sidset_65d4916b9f3f47ba,blur_s2.0,sidset,real,0,0.7071771621704102,data\cache\clean\test\sidset_65d4916b9f3f47ba\blur_s2.0.jpg
sidset_65fc1b103d53aa5c,blur_s2.0,sidset,real,0,0.7265905141830444,data\cache\clean\test\sidset_65fc1b103d53aa5c\blur_s2.0.jpg
sidset_68f0479b7dde7700,blur_s2.0,sidset,real,0,0.9691765904426575,data\cache\clean\test\sidset_68f0479b7dde7700\blur_s2.0.jpg
sidset_6a9b88d93d860623,blur_s2.0,sidset,real,0,0.977093517780304,data\cache\clean\test\sidset_6a9b88d93d860623\blur_s2.0.jpg
sidset_6b7167d906f4ff1f,blur_s2.0,sidset,real,0,0.999233603477478,data\cache\clean\test\sidset_6b7167d906f4ff1f\blur_s2.0.jpg
sidset_6c4941996cd7f5fc,blur_s2.0,sidset,real,0,0.5308623909950256,data\cache\clean\test\sidset_6c4941996cd7f5fc\blur_s2.0.jpg
sidset_7254e49d19ffec76,blur_s2.0,sidset,real,0,0.6754082441329956,data\cache\clean\test\sidset_7254e49d19ffec76\blur_s2.0.jpg
sidset_759a21da57c25774,blur_s2.0,sidset,real,0,0.8667882084846497,data\cache\clean\test\sidset_759a21da57c25774\blur_s2.0.jpg
sidset_772850bc0fb9e17c,blur_s2.0,sidset,real,0,0.9898273944854736,data\cache\clean\test\sidset_772850bc0fb9e17c\blur_s2.0.jpg
sidset_796b6212cfecb3de,blur_s2.0,sidset,real,0,0.760931670665741,data\cache\clean\test\sidset_796b6212cfecb3de\blur_s2.0.jpg
sidset_7974984b83c15934,blur_s2.0,sidset,real,0,0.9095848202705383,data\cache\clean\test\sidset_7974984b83c15934\blur_s2.0.jpg
sidset_7b550aceb5ec111f,blur_s2.0,sidset,real,0,0.6611529588699341,data\cache\clean\test\sidset_7b550aceb5ec111f\blur_s2.0.jpg
sidset_8619862cda88466c,blur_s2.0,sidset,real,0,0.9342736601829529,data\cache\clean\test\sidset_8619862cda88466c\blur_s2.0.jpg
sidset_9548acaeca2f5124,blur_s2.0,sidset,real,0,0.5630806088447571,data\cache\clean\test\sidset_9548acaeca2f5124\blur_s2.0.jpg
sidset_9915729405b9e03e,blur_s2.0,sidset,real,0,0.7863873839378357,data\cache\clean\test\sidset_9915729405b9e03e\blur_s2.0.jpg
sidset_995429a562f1aed2,blur_s2.0,sidset,real,0,0.8437754511833191,data\cache\clean\test\sidset_995429a562f1aed2\blur_s2.0.jpg
sidset_9e2a9b16ff46f867,blur_s2.0,sidset,real,0,0.9265862703323364,data\cache\clean\test\sidset_9e2a9b16ff46f867\blur_s2.0.jpg
sidset_9f5c482e3984891a,blur_s2.0,sidset,real,0,0.5687112212181091,data\cache\clean\test\sidset_9f5c482e3984891a\blur_s2.0.jpg
sidset_a3032d75347e6fa2,blur_s2.0,sidset,real,0,0.989281415939331,data\cache\clean\test\sidset_a3032d75347e6fa2\blur_s2.0.jpg
sidset_a3293aebf3086c9f,blur_s2.0,sidset,real,0,0.6316040754318237,data\cache\clean\test\sidset_a3293aebf3086c9f\blur_s2.0.jpg
sidset_a4268c0135ca2c65,blur_s2.0,sidset,real,0,0.6329059600830078,data\cache\clean\test\sidset_a4268c0135ca2c65\blur_s2.0.jpg
sidset_a429805728e89e7d,blur_s2.0,sidset,real,0,0.9909775257110596,data\cache\clean\test\sidset_a429805728e89e7d\blur_s2.0.jpg
sidset_a8ad741ef85002f3,blur_s2.0,sidset,real,0,0.5062089562416077,data\cache\clean\test\sidset_a8ad741ef85002f3\blur_s2.0.jpg
sidset_a8c91bd501d586fa,blur_s2.0,sidset,real,0,0.8668355941772461,data\cache\clean\test\sidset_a8c91bd501d586fa\blur_s2.0.jpg
sidset_a9461d28df2d46d8,blur_s2.0,sidset,real,0,0.595518171787262,data\cache\clean\test\sidset_a9461d28df2d46d8\blur_s2.0.jpg
sidset_ab1441008986f237,blur_s2.0,sidset,real,0,0.6472159028053284,data\cache\clean\test\sidset_ab1441008986f237\blur_s2.0.jpg
sidset_ac54ef2834f8bc74,blur_s2.0,sidset,real,0,0.8673573732376099,data\cache\clean\test\sidset_ac54ef2834f8bc74\blur_s2.0.jpg
sidset_ace6b1574d0e0f60,blur_s2.0,sidset,real,0,0.6674016714096069,data\cache\clean\test\sidset_ace6b1574d0e0f60\blur_s2.0.jpg
sidset_ada487d9073d8dd5,blur_s2.0,sidset,real,0,0.5198675394058228,data\cache\clean\test\sidset_ada487d9073d8dd5\blur_s2.0.jpg
sidset_b230de6baca8d392,blur_s2.0,sidset,real,0,0.8768953680992126,data\cache\clean\test\sidset_b230de6baca8d392\blur_s2.0.jpg
sidset_b2a36196721315df,blur_s2.0,sidset,real,0,0.9643786549568176,data\cache\clean\test\sidset_b2a36196721315df\blur_s2.0.jpg
sidset_b3d460c2a4f17eff,blur_s2.0,sidset,real,0,0.8622716665267944,data\cache\clean\test\sidset_b3d460c2a4f17eff\blur_s2.0.jpg
sidset_b6d4573c9d24dcf3,blur_s2.0,sidset,real,0,0.9843927621841431,data\cache\clean\test\sidset_b6d4573c9d24dcf3\blur_s2.0.jpg
sidset_bc280ffeb57ce51b,blur_s2.0,sidset,real,0,0.9228829145431519,data\cache\clean\test\sidset_bc280ffeb57ce51b\blur_s2.0.jpg
sidset_bc70b06f0d603efd,blur_s2.0,sidset,real,0,0.9999957084655762,data\cache\clean\test\sidset_bc70b06f0d603efd\blur_s2.0.jpg
sidset_bf7100f88bf3b0f3,blur_s2.0,sidset,real,0,0.8042082786560059,data\cache\clean\test\sidset_bf7100f88bf3b0f3\blur_s2.0.jpg
sidset_c104d5a827c3dc84,blur_s2.0,sidset,real,0,0.9777498841285706,data\cache\clean\test\sidset_c104d5a827c3dc84\blur_s2.0.jpg
sidset_c5a378b0ea24d25e,blur_s2.0,sidset,real,0,0.9278978109359741,data\cache\clean\test\sidset_c5a378b0ea24d25e\blur_s2.0.jpg
sidset_c5f4e20e7d2e391c,blur_s2.0,sidset,real,0,0.6430245041847229,data\cache\clean\test\sidset_c5f4e20e7d2e391c\blur_s2.0.jpg
sidset_c790c7ca03b21797,blur_s2.0,sidset,real,0,0.6451442837715149,data\cache\clean\test\sidset_c790c7ca03b21797\blur_s2.0.jpg
sidset_c7d3774f16039f96,blur_s2.0,sidset,real,0,0.658988893032074,data\cache\clean\test\sidset_c7d3774f16039f96\blur_s2.0.jpg
sidset_cac550631e35c126,blur_s2.0,sidset,real,0,0.5444223880767822,data\cache\clean\test\sidset_cac550631e35c126\blur_s2.0.jpg
sidset_cb68a83278e88b9d,blur_s2.0,sidset,real,0,0.9802399277687073,data\cache\clean\test\sidset_cb68a83278e88b9d\blur_s2.0.jpg
sidset_cc4571b1efacde65,blur_s2.0,sidset,real,0,0.7924330830574036,data\cache\clean\test\sidset_cc4571b1efacde65\blur_s2.0.jpg
sidset_ce09a25a50fdfe47,blur_s2.0,sidset,real,0,0.8668128252029419,data\cache\clean\test\sidset_ce09a25a50fdfe47\blur_s2.0.jpg
sidset_d1bccd9512c32cdc,blur_s2.0,sidset,real,0,0.6872069835662842,data\cache\clean\test\sidset_d1bccd9512c32cdc\blur_s2.0.jpg
sidset_d652dc17bb0709b8,blur_s2.0,sidset,real,0,0.8814974427223206,data\cache\clean\test\sidset_d652dc17bb0709b8\blur_s2.0.jpg
sidset_d7c9ba7b7774dcd9,blur_s2.0,sidset,real,0,0.5881858468055725,data\cache\clean\test\sidset_d7c9ba7b7774dcd9\blur_s2.0.jpg
sidset_d95699590a6b3fa6,blur_s2.0,sidset,real,0,0.6668620109558105,data\cache\clean\test\sidset_d95699590a6b3fa6\blur_s2.0.jpg
sidset_db325b24acd0df24,blur_s2.0,sidset,real,0,0.7846372127532959,data\cache\clean\test\sidset_db325b24acd0df24\blur_s2.0.jpg
sidset_de2d4b37000ff09c,blur_s2.0,sidset,real,0,0.9131197929382324,data\cache\clean\test\sidset_de2d4b37000ff09c\blur_s2.0.jpg
sidset_df089363fbc3dff5,blur_s2.0,sidset,real,0,0.9542916417121887,data\cache\clean\test\sidset_df089363fbc3dff5\blur_s2.0.jpg
sidset_e67f5961f8d7c753,blur_s2.0,sidset,real,0,0.9313238263130188,data\cache\clean\test\sidset_e67f5961f8d7c753\blur_s2.0.jpg
sidset_e99541e9ff8fadb2,blur_s2.0,sidset,real,0,0.997895359992981,data\cache\clean\test\sidset_e99541e9ff8fadb2\blur_s2.0.jpg
sidset_ef3f636bfc78f3a5,blur_s2.0,sidset,real,0,0.9169597029685974,data\cache\clean\test\sidset_ef3f636bfc78f3a5\blur_s2.0.jpg
sidset_f1dcc7d3f0ff18ab,blur_s2.0,sidset,real,0,0.7426262497901917,data\cache\clean\test\sidset_f1dcc7d3f0ff18ab\blur_s2.0.jpg
sidset_f250696304a3be0e,blur_s2.0,sidset,real,0,0.9558596611022949,data\cache\clean\test\sidset_f250696304a3be0e\blur_s2.0.jpg
sidset_f29b3c5fffbd0d2c,blur_s2.0,sidset,real,0,0.8400266170501709,data\cache\clean\test\sidset_f29b3c5fffbd0d2c\blur_s2.0.jpg
sidset_f546b6139401dfc1,blur_s2.0,sidset,real,0,0.8824978470802307,data\cache\clean\test\sidset_f546b6139401dfc1\blur_s2.0.jpg
sidset_fac95db1f3df9775,blur_s2.0,sidset,real,0,0.9998935461044312,data\cache\clean\test\sidset_fac95db1f3df9775\blur_s2.0.jpg
sidset_fb876f14b96f08aa,blur_s2.0,sidset,real,0,0.8746422529220581,data\cache\clean\test\sidset_fb876f14b96f08aa\blur_s2.0.jpg
sidset_fe0bec3214706d60,blur_s2.0,sidset,real,0,0.9984435439109802,data\cache\clean\test\sidset_fe0bec3214706d60\blur_s2.0.jpg
cifake_0240 (9),color_down,cifake,real,0,0.7195174098014832,data\cache\clean\test\cifake_0240 (9)\color_down.jpg
cifake_0618 (3),color_down,cifake,real,0,0.9247673153877258,data\cache\clean\test\cifake_0618 (3)\color_down.jpg
cifake_0793,color_down,cifake,real,0,0.8914421796798706,data\cache\clean\test\cifake_0793\color_down.jpg
cifake_1974,color_down,cifake,real,0,0.8244894742965698,data\cache\clean\test\cifake_1974\color_down.jpg
cifake_2071,color_down,cifake,real,0,0.5849597454071045,data\cache\clean\test\cifake_2071\color_down.jpg
cifake_2122,color_down,cifake,real,0,0.7375654578208923,data\cache\clean\test\cifake_2122\color_down.jpg
cifake_4660 (5),color_down,cifake,real,0,0.6684672236442566,data\cache\clean\test\cifake_4660 (5)\color_down.jpg
cifake_4673 (5),color_down,cifake,real,0,0.7946840524673462,data\cache\clean\test\cifake_4673 (5)\color_down.jpg
sidset_0030a581819d8d74,color_down,sidset,real,0,0.9092652797698975,data\cache\clean\test\sidset_0030a581819d8d74\color_down.jpg
sidset_01cfa603553a1a45,color_down,sidset,real,0,0.9751474261283875,data\cache\clean\test\sidset_01cfa603553a1a45\color_down.jpg
sidset_036df955965cb2f9,color_down,sidset,real,0,0.9837393164634705,data\cache\clean\test\sidset_036df955965cb2f9\color_down.jpg
sidset_038789965a8f7606,color_down,sidset,real,0,0.9763982892036438,data\cache\clean\test\sidset_038789965a8f7606\color_down.jpg
sidset_075db643445af8e3,color_down,sidset,real,0,0.9077029824256897,data\cache\clean\test\sidset_075db643445af8e3\color_down.jpg
sidset_09f7329f0c1c9fd4,color_down,sidset,real,0,0.5903427600860596,data\cache\clean\test\sidset_09f7329f0c1c9fd4\color_down.jpg
sidset_0f8102c25fc764ea,color_down,sidset,real,0,0.8956661224365234,data\cache\clean\test\sidset_0f8102c25fc764ea\color_down.jpg
sidset_10932d70e80241b5,color_down,sidset,real,0,0.9812497496604919,data\cache\clean\test\sidset_10932d70e80241b5\color_down.jpg
sidset_1409961a28ec7db5,color_down,sidset,real,0,0.9582199454307556,data\cache\clean\test\sidset_1409961a28ec7db5\color_down.jpg
sidset_14312756c1c94efa,color_down,sidset,real,0,0.9999852180480957,data\cache\clean\test\sidset_14312756c1c94efa\color_down.jpg
sidset_1493e45feef507e8,color_down,sidset,real,0,0.9128422141075134,data\cache\clean\test\sidset_1493e45feef507e8\color_down.jpg
sidset_1577f06c8ee59ef0,color_down,sidset,real,0,0.6515290141105652,data\cache\clean\test\sidset_1577f06c8ee59ef0\color_down.jpg
sidset_16c4058cc17896fc,color_down,sidset,real,0,0.5299773812294006,data\cache\clean\test\sidset_16c4058cc17896fc\color_down.jpg
sidset_1b20d1ec3fd5a56f,color_down,sidset,real,0,0.7715838551521301,data\cache\clean\test\sidset_1b20d1ec3fd5a56f\color_down.jpg
sidset_1cae0a8c943c87f1,color_down,sidset,real,0,0.6202545762062073,data\cache\clean\test\sidset_1cae0a8c943c87f1\color_down.jpg
sidset_1d24e17c0f598d7a,color_down,sidset,real,0,0.9844470024108887,data\cache\clean\test\sidset_1d24e17c0f598d7a\color_down.jpg
sidset_22b07f2ffcaf319c,color_down,sidset,real,0,0.8678956627845764,data\cache\clean\test\sidset_22b07f2ffcaf319c\color_down.jpg
sidset_230a893e83782a7f,color_down,sidset,real,0,0.9154095649719238,data\cache\clean\test\sidset_230a893e83782a7f\color_down.jpg
sidset_247241c5aa1f3f9c,color_down,sidset,real,0,0.9381393790245056,data\cache\clean\test\sidset_247241c5aa1f3f9c\color_down.jpg
sidset_262ab01448a69651,color_down,sidset,real,0,0.8563371896743774,data\cache\clean\test\sidset_262ab01448a69651\color_down.jpg
sidset_26c389b400ea1653,color_down,sidset,real,0,0.8609653115272522,data\cache\clean\test\sidset_26c389b400ea1653\color_down.jpg
sidset_31d44fee2c336e78,color_down,sidset,real,0,0.5834568738937378,data\cache\clean\test\sidset_31d44fee2c336e78\color_down.jpg
sidset_31f7ec5269c0f867,color_down,sidset,real,0,0.6532769799232483,data\cache\clean\test\sidset_31f7ec5269c0f867\color_down.jpg
sidset_34866edcc2800ae0,color_down,sidset,real,0,0.7833079695701599,data\cache\clean\test\sidset_34866edcc2800ae0\color_down.jpg
sidset_39a3f029e2e17dd3,color_down,sidset,real,0,0.9998725652694702,data\cache\clean\test\sidset_39a3f029e2e17dd3\color_down.jpg
sidset_3beca4d6152a4aa5,color_down,sidset,real,0,0.8233308792114258,data\cache\clean\test\sidset_3beca4d6152a4aa5\color_down.jpg
sidset_3dc4bd55df5c075d,color_down,sidset,real,0,0.7164639830589294,data\cache\clean\test\sidset_3dc4bd55df5c075d\color_down.jpg
sidset_45c5c68f5a74cd90,color_down,sidset,real,0,0.8193076848983765,data\cache\clean\test\sidset_45c5c68f5a74cd90\color_down.jpg
sidset_4ac34f7de95d2879,color_down,sidset,real,0,0.9764230847358704,data\cache\clean\test\sidset_4ac34f7de95d2879\color_down.jpg
sidset_4efd021afbfb3ae6,color_down,sidset,real,0,0.9047831892967224,data\cache\clean\test\sidset_4efd021afbfb3ae6\color_down.jpg
sidset_52abd3a1d147812f,color_down,sidset,real,0,0.871051549911499,data\cache\clean\test\sidset_52abd3a1d147812f\color_down.jpg
sidset_52bf81b2d7f84101,color_down,sidset,real,0,0.8282108902931213,data\cache\clean\test\sidset_52bf81b2d7f84101\color_down.jpg
sidset_55ed6c0bbd54e07d,color_down,sidset,real,0,0.7548849582672119,data\cache\clean\test\sidset_55ed6c0bbd54e07d\color_down.jpg
sidset_5a165a26bf8ca4be,color_down,sidset,real,0,0.9891058802604675,data\cache\clean\test\sidset_5a165a26bf8ca4be\color_down.jpg
sidset_5b291a7b5ae05cf0,color_down,sidset,real,0,0.6448429226875305,data\cache\clean\test\sidset_5b291a7b5ae05cf0\color_down.jpg
sidset_5b8f12b78d13bfcd,color_down,sidset,real,0,0.9988207221031189,data\cache\clean\test\sidset_5b8f12b78d13bfcd\color_down.jpg
sidset_5ba522a91162ae70,color_down,sidset,real,0,0.990003228187561,data\cache\clean\test\sidset_5ba522a91162ae70\color_down.jpg
sidset_5bfa50b83754c8c0,color_down,sidset,real,0,0.8114060759544373,data\cache\clean\test\sidset_5bfa50b83754c8c0\color_down.jpg
sidset_5d6c80bf53edd038,color_down,sidset,real,0,0.6273612380027771,data\cache\clean\test\sidset_5d6c80bf53edd038\color_down.jpg
sidset_5f38de5989bc70a2,color_down,sidset,real,0,0.9052087068557739,data\cache\clean\test\sidset_5f38de5989bc70a2\color_down.jpg
sidset_615f67f3acd96d5c,color_down,sidset,real,0,0.7562210559844971,data\cache\clean\test\sidset_615f67f3acd96d5c\color_down.jpg
sidset_630624a387e04a88,color_down,sidset,real,0,0.6579899191856384,data\cache\clean\test\sidset_630624a387e04a88\color_down.jpg
sidset_68f0479b7dde7700,color_down,sidset,real,0,0.9941253662109375,data\cache\clean\test\sidset_68f0479b7dde7700\color_down.jpg
sidset_6b7167d906f4ff1f,color_down,sidset,real,0,0.9999322891235352,data\cache\clean\test\sidset_6b7167d906f4ff1f\color_down.jpg
sidset_6fc49bbc6acde1e9,color_down,sidset,real,0,0.6049900650978088,data\cache\clean\test\sidset_6fc49bbc6acde1e9\color_down.jpg
sidset_70f5dafbaa7da68a,color_down,sidset,real,0,0.6975800395011902,data\cache\clean\test\sidset_70f5dafbaa7da68a\color_down.jpg
sidset_759a21da57c25774,color_down,sidset,real,0,0.9977565407752991,data\cache\clean\test\sidset_759a21da57c25774\color_down.jpg
sidset_772850bc0fb9e17c,color_down,sidset,real,0,0.8429837226867676,data\cache\clean\test\sidset_772850bc0fb9e17c\color_down.jpg
sidset_7974984b83c15934,color_down,sidset,real,0,0.9864830374717712,data\cache\clean\test\sidset_7974984b83c15934\color_down.jpg
sidset_7b550aceb5ec111f,color_down,sidset,real,0,0.9169143438339233,data\cache\clean\test\sidset_7b550aceb5ec111f\color_down.jpg
sidset_832e43df048c6d1a,color_down,sidset,real,0,0.6127861738204956,data\cache\clean\test\sidset_832e43df048c6d1a\color_down.jpg
sidset_8619862cda88466c,color_down,sidset,real,0,0.9984468817710876,data\cache\clean\test\sidset_8619862cda88466c\color_down.jpg
sidset_88431f034d786206,color_down,sidset,real,0,0.6183069944381714,data\cache\clean\test\sidset_88431f034d786206\color_down.jpg
sidset_9396f525ca983a0d,color_down,sidset,real,0,0.7752996683120728,data\cache\clean\test\sidset_9396f525ca983a0d\color_down.jpg
sidset_9915729405b9e03e,color_down,sidset,real,0,0.6997489929199219,data\cache\clean\test\sidset_9915729405b9e03e\color_down.jpg
sidset_995429a562f1aed2,color_down,sidset,real,0,0.9134501218795776,data\cache\clean\test\sidset_995429a562f1aed2\color_down.jpg
sidset_9ad980e066bd4c5e,color_down,sidset,real,0,0.639823853969574,data\cache\clean\test\sidset_9ad980e066bd4c5e\color_down.jpg
sidset_9e2a9b16ff46f867,color_down,sidset,real,0,0.7576621770858765,data\cache\clean\test\sidset_9e2a9b16ff46f867\color_down.jpg
sidset_a3293aebf3086c9f,color_down,sidset,real,0,0.8863999247550964,data\cache\clean\test\sidset_a3293aebf3086c9f\color_down.jpg
sidset_a429805728e89e7d,color_down,sidset,real,0,0.7262254953384399,data\cache\clean\test\sidset_a429805728e89e7d\color_down.jpg
sidset_a5b01f2aa66b2e86,color_down,sidset,real,0,0.8015842437744141,data\cache\clean\test\sidset_a5b01f2aa66b2e86\color_down.jpg
sidset_a8ad741ef85002f3,color_down,sidset,real,0,0.9339329600334167,data\cache\clean\test\sidset_a8ad741ef85002f3\color_down.jpg
sidset_a9461d28df2d46d8,color_down,sidset,real,0,0.7569061517715454,data\cache\clean\test\sidset_a9461d28df2d46d8\color_down.jpg
sidset_ab1441008986f237,color_down,sidset,real,0,0.6958510875701904,data\cache\clean\test\sidset_ab1441008986f237\color_down.jpg
sidset_ac54ef2834f8bc74,color_down,sidset,real,0,0.6865090727806091,data\cache\clean\test\sidset_ac54ef2834f8bc74\color_down.jpg
sidset_b230de6baca8d392,color_down,sidset,real,0,0.9045257568359375,data\cache\clean\test\sidset_b230de6baca8d392\color_down.jpg
sidset_b3d460c2a4f17eff,color_down,sidset,real,0,0.9354758262634277,data\cache\clean\test\sidset_b3d460c2a4f17eff\color_down.jpg
sidset_b6d4573c9d24dcf3,color_down,sidset,real,0,0.9010059833526611,data\cache\clean\test\sidset_b6d4573c9d24dcf3\color_down.jpg
sidset_bc70b06f0d603efd,color_down,sidset,real,0,0.9999890327453613,data\cache\clean\test\sidset_bc70b06f0d603efd\color_down.jpg
sidset_c2f7255d9f5d9469,color_down,sidset,real,0,0.7394832968711853,data\cache\clean\test\sidset_c2f7255d9f5d9469\color_down.jpg
sidset_c5a378b0ea24d25e,color_down,sidset,real,0,0.9800360798835754,data\cache\clean\test\sidset_c5a378b0ea24d25e\color_down.jpg
sidset_c5f4e20e7d2e391c,color_down,sidset,real,0,0.9012790322303772,data\cache\clean\test\sidset_c5f4e20e7d2e391c\color_down.jpg
sidset_c790c7ca03b21797,color_down,sidset,real,0,0.7087289690971375,data\cache\clean\test\sidset_c790c7ca03b21797\color_down.jpg
sidset_cb68a83278e88b9d,color_down,sidset,real,0,0.8233994245529175,data\cache\clean\test\sidset_cb68a83278e88b9d\color_down.jpg
sidset_cc4571b1efacde65,color_down,sidset,real,0,0.9148184657096863,data\cache\clean\test\sidset_cc4571b1efacde65\color_down.jpg
sidset_cefabeb567a88f94,color_down,sidset,real,0,0.8623868227005005,data\cache\clean\test\sidset_cefabeb567a88f94\color_down.jpg
sidset_d16d462a77a3e94c,color_down,sidset,real,0,0.9792435765266418,data\cache\clean\test\sidset_d16d462a77a3e94c\color_down.jpg
sidset_e67f5961f8d7c753,color_down,sidset,real,0,0.7732412219047546,data\cache\clean\test\sidset_e67f5961f8d7c753\color_down.jpg
sidset_e8e76505f6a37089,color_down,sidset,real,0,0.7798500061035156,data\cache\clean\test\sidset_e8e76505f6a37089\color_down.jpg
sidset_e99541e9ff8fadb2,color_down,sidset,real,0,0.9955997467041016,data\cache\clean\test\sidset_e99541e9ff8fadb2\color_down.jpg
sidset_ef3f636bfc78f3a5,color_down,sidset,real,0,0.9813706278800964,data\cache\clean\test\sidset_ef3f636bfc78f3a5\color_down.jpg
sidset_f250696304a3be0e,color_down,sidset,real,0,0.9349914789199829,data\cache\clean\test\sidset_f250696304a3be0e\color_down.jpg
sidset_f546b6139401dfc1,color_down,sidset,real,0,0.8526704907417297,data\cache\clean\test\sidset_f546b6139401dfc1\color_down.jpg
sidset_f630570a5eab971b,color_down,sidset,real,0,0.6531714797019958,data\cache\clean\test\sidset_f630570a5eab971b\color_down.jpg
sidset_fac95db1f3df9775,color_down,sidset,real,0,0.9993535876274109,data\cache\clean\test\sidset_fac95db1f3df9775\color_down.jpg
sidset_fb876f14b96f08aa,color_down,sidset,real,0,0.9974397420883179,data\cache\clean\test\sidset_fb876f14b96f08aa\color_down.jpg
sidset_fe0bec3214706d60,color_down,sidset,real,0,0.9038293361663818,data\cache\clean\test\sidset_fe0bec3214706d60\color_down.jpg
cifake_0235,color_up,cifake,real,0,0.9072790741920471,data\cache\clean\test\cifake_0235\color_up.jpg
cifake_0240 (9),color_up,cifake,real,0,0.650971531867981,data\cache\clean\test\cifake_0240 (9)\color_up.jpg
cifake_0242 (4),color_up,cifake,real,0,0.8875318765640259,data\cache\clean\test\cifake_0242 (4)\color_up.jpg
cifake_0327 (5),color_up,cifake,real,0,0.9209434986114502,data\cache\clean\test\cifake_0327 (5)\color_up.jpg
cifake_0618 (3),color_up,cifake,real,0,0.8682947754859924,data\cache\clean\test\cifake_0618 (3)\color_up.jpg
cifake_0745,color_up,cifake,real,0,0.6791267991065979,data\cache\clean\test\cifake_0745\color_up.jpg
cifake_0793,color_up,cifake,real,0,0.7004284858703613,data\cache\clean\test\cifake_0793\color_up.jpg
cifake_0858 (3),color_up,cifake,real,0,0.8989399075508118,data\cache\clean\test\cifake_0858 (3)\color_up.jpg
cifake_0967 (9),color_up,cifake,real,0,0.7825882434844971,data\cache\clean\test\cifake_0967 (9)\color_up.jpg
cifake_1974,color_up,cifake,real,0,0.8481816649436951,data\cache\clean\test\cifake_1974\color_up.jpg
cifake_2071,color_up,cifake,real,0,0.6472549438476562,data\cache\clean\test\cifake_2071\color_up.jpg
cifake_2122,color_up,cifake,real,0,0.8280827403068542,data\cache\clean\test\cifake_2122\color_up.jpg
cifake_2633 (10),color_up,cifake,real,0,0.5037280321121216,data\cache\clean\test\cifake_2633 (10)\color_up.jpg
cifake_2660,color_up,cifake,real,0,0.5909489393234253,data\cache\clean\test\cifake_2660\color_up.jpg
cifake_3891 (3),color_up,cifake,real,0,0.8178625702857971,data\cache\clean\test\cifake_3891 (3)\color_up.jpg
cifake_4660 (5),color_up,cifake,real,0,0.9563632011413574,data\cache\clean\test\cifake_4660 (5)\color_up.jpg
cifake_4673 (5),color_up,cifake,real,0,0.848834753036499,data\cache\clean\test\cifake_4673 (5)\color_up.jpg
sidset_01cc1b0f620bd54f,color_up,sidset,real,0,0.8264966011047363,data\cache\clean\test\sidset_01cc1b0f620bd54f\color_up.jpg
sidset_01cfa603553a1a45,color_up,sidset,real,0,0.9555891752243042,data\cache\clean\test\sidset_01cfa603553a1a45\color_up.jpg
sidset_036df955965cb2f9,color_up,sidset,real,0,0.993546187877655,data\cache\clean\test\sidset_036df955965cb2f9\color_up.jpg
sidset_038789965a8f7606,color_up,sidset,real,0,0.9578800797462463,data\cache\clean\test\sidset_038789965a8f7606\color_up.jpg
sidset_04dca235b99ad328,color_up,sidset,real,0,0.6464468836784363,data\cache\clean\test\sidset_04dca235b99ad328\color_up.jpg
sidset_04f2ca3f7633822b,color_up,sidset,real,0,0.5572040677070618,data\cache\clean\test\sidset_04f2ca3f7633822b\color_up.jpg
sidset_075db643445af8e3,color_up,sidset,real,0,0.9986947178840637,data\cache\clean\test\sidset_075db643445af8e3\color_up.jpg
sidset_0deb07ac44f13954,color_up,sidset,real,0,0.7701677680015564,data\cache\clean\test\sidset_0deb07ac44f13954\color_up.jpg
sidset_0f8102c25fc764ea,color_up,sidset,real,0,0.9809338450431824,data\cache\clean\test\sidset_0f8102c25fc764ea\color_up.jpg
sidset_0fde67f4281cb3ac,color_up,sidset,real,0,0.6122983694076538,data\cache\clean\test\sidset_0fde67f4281cb3ac\color_up.jpg
sidset_10932d70e80241b5,color_up,sidset,real,0,0.8014042377471924,data\cache\clean\test\sidset_10932d70e80241b5\color_up.jpg
sidset_1409961a28ec7db5,color_up,sidset,real,0,0.9852370619773865,data\cache\clean\test\sidset_1409961a28ec7db5\color_up.jpg
sidset_14312756c1c94efa,color_up,sidset,real,0,0.9999891519546509,data\cache\clean\test\sidset_14312756c1c94efa\color_up.jpg
sidset_1493e45feef507e8,color_up,sidset,real,0,0.6939305067062378,data\cache\clean\test\sidset_1493e45feef507e8\color_up.jpg
sidset_1577f06c8ee59ef0,color_up,sidset,real,0,0.678034782409668,data\cache\clean\test\sidset_1577f06c8ee59ef0\color_up.jpg
sidset_165e94520f73e349,color_up,sidset,real,0,0.6328562498092651,data\cache\clean\test\sidset_165e94520f73e349\color_up.jpg
sidset_18e31327000165d6,color_up,sidset,real,0,0.7607339024543762,data\cache\clean\test\sidset_18e31327000165d6\color_up.jpg
sidset_1cae0a8c943c87f1,color_up,sidset,real,0,0.5399216413497925,data\cache\clean\test\sidset_1cae0a8c943c87f1\color_up.jpg
sidset_1d24e17c0f598d7a,color_up,sidset,real,0,0.9901143312454224,data\cache\clean\test\sidset_1d24e17c0f598d7a\color_up.jpg
sidset_22164251d34be040,color_up,sidset,real,0,0.7485738396644592,data\cache\clean\test\sidset_22164251d34be040\color_up.jpg
sidset_22b07f2ffcaf319c,color_up,sidset,real,0,0.9993533492088318,data\cache\clean\test\sidset_22b07f2ffcaf319c\color_up.jpg
sidset_240eaccddb6506ef,color_up,sidset,real,0,0.5120130181312561,data\cache\clean\test\sidset_240eaccddb6506ef\color_up.jpg
sidset_262ab01448a69651,color_up,sidset,real,0,0.9546305537223816,data\cache\clean\test\sidset_262ab01448a69651\color_up.jpg
sidset_26c389b400ea1653,color_up,sidset,real,0,0.9633556604385376,data\cache\clean\test\sidset_26c389b400ea1653\color_up.jpg
sidset_310e74902f5337fc,color_up,sidset,real,0,0.6322165131568909,data\cache\clean\test\sidset_310e74902f5337fc\color_up.jpg
sidset_31f7ec5269c0f867,color_up,sidset,real,0,0.7799184918403625,data\cache\clean\test\sidset_31f7ec5269c0f867\color_up.jpg
sidset_34866edcc2800ae0,color_up,sidset,real,0,0.9970698356628418,data\cache\clean\test\sidset_34866edcc2800ae0\color_up.jpg
sidset_39a3f029e2e17dd3,color_up,sidset,real,0,0.9995437264442444,data\cache\clean\test\sidset_39a3f029e2e17dd3\color_up.jpg
sidset_3beca4d6152a4aa5,color_up,sidset,real,0,0.8469181060791016,data\cache\clean\test\sidset_3beca4d6152a4aa5\color_up.jpg
sidset_45c5c68f5a74cd90,color_up,sidset,real,0,0.5519108772277832,data\cache\clean\test\sidset_45c5c68f5a74cd90\color_up.jpg
sidset_52bf81b2d7f84101,color_up,sidset,real,0,0.9841079711914062,data\cache\clean\test\sidset_52bf81b2d7f84101\color_up.jpg
sidset_5a165a26bf8ca4be,color_up,sidset,real,0,0.9960952401161194,data\cache\clean\test\sidset_5a165a26bf8ca4be\color_up.jpg
sidset_5ae51a789c118b75,color_up,sidset,real,0,0.6243582963943481,data\cache\clean\test\sidset_5ae51a789c118b75\color_up.jpg
sidset_5b291a7b5ae05cf0,color_up,sidset,real,0,0.8630176186561584,data\cache\clean\test\sidset_5b291a7b5ae05cf0\color_up.jpg
sidset_5b8f12b78d13bfcd,color_up,sidset,real,0,0.96783047914505,data\cache\clean\test\sidset_5b8f12b78d13bfcd\color_up.jpg
sidset_5ba522a91162ae70,color_up,sidset,real,0,0.986064076423645,data\cache\clean\test\sidset_5ba522a91162ae70\color_up.jpg
sidset_5c175a143c23a7b8,color_up,sidset,real,0,0.5894052982330322,data\cache\clean\test\sidset_5c175a143c23a7b8\color_up.jpg
sidset_5f38de5989bc70a2,color_up,sidset,real,0,0.7483954429626465,data\cache\clean\test\sidset_5f38de5989bc70a2\color_up.jpg
sidset_615f67f3acd96d5c,color_up,sidset,real,0,0.666051983833313,data\cache\clean\test\sidset_615f67f3acd96d5c\color_up.jpg
sidset_68f0479b7dde7700,color_up,sidset,real,0,0.6445214748382568,data\cache\clean\test\sidset_68f0479b7dde7700\color_up.jpg
sidset_6a9b88d93d860623,color_up,sidset,real,0,0.92795729637146,data\cache\clean\test\sidset_6a9b88d93d860623\color_up.jpg
sidset_6b7167d906f4ff1f,color_up,sidset,real,0,0.9993947744369507,data\cache\clean\test\sidset_6b7167d906f4ff1f\color_up.jpg
sidset_6c4941996cd7f5fc,color_up,sidset,real,0,0.5002952218055725,data\cache\clean\test\sidset_6c4941996cd7f5fc\color_up.jpg
sidset_759a21da57c25774,color_up,sidset,real,0,0.7309938073158264,data\cache\clean\test\sidset_759a21da57c25774\color_up.jpg
sidset_796b6212cfecb3de,color_up,sidset,real,0,0.9772870540618896,data\cache\clean\test\sidset_796b6212cfecb3de\color_up.jpg
sidset_7974984b83c15934,color_up,sidset,real,0,0.8772952556610107,data\cache\clean\test\sidset_7974984b83c15934\color_up.jpg
sidset_7b550aceb5ec111f,color_up,sidset,real,0,0.8530580997467041,data\cache\clean\test\sidset_7b550aceb5ec111f\color_up.jpg
sidset_8619862cda88466c,color_up,sidset,real,0,0.9555754661560059,data\cache\clean\test\sidset_8619862cda88466c\color_up.jpg
sidset_88431f034d786206,color_up,sidset,real,0,0.922643780708313,data\cache\clean\test\sidset_88431f034d786206\color_up.jpg
sidset_8d2495ea75218578,color_up,sidset,real,0,0.7173110842704773,data\cache\clean\test\sidset_8d2495ea75218578\color_up.jpg
sidset_995429a562f1aed2,color_up,sidset,real,0,0.6447935104370117,data\cache\clean\test\sidset_995429a562f1aed2\color_up.jpg
sidset_9e2a9b16ff46f867,color_up,sidset,real,0,0.955797553062439,data\cache\clean\test\sidset_9e2a9b16ff46f867\color_up.jpg
sidset_9f5c482e3984891a,color_up,sidset,real,0,0.584830105304718,data\cache\clean\test\sidset_9f5c482e3984891a\color_up.jpg
sidset_a0c976304a971d8f,color_up,sidset,real,0,0.550514817237854,data\cache\clean\test\sidset_a0c976304a971d8f\color_up.jpg
sidset_a3032d75347e6fa2,color_up,sidset,real,0,0.9475147724151611,data\cache\clean\test\sidset_a3032d75347e6fa2\color_up.jpg
sidset_a3293aebf3086c9f,color_up,sidset,real,0,0.7359134554862976,data\cache\clean\test\sidset_a3293aebf3086c9f\color_up.jpg
sidset_a429805728e89e7d,color_up,sidset,real,0,0.7124929428100586,data\cache\clean\test\sidset_a429805728e89e7d\color_up.jpg
sidset_a8c91bd501d586fa,color_up,sidset,real,0,0.6917651295661926,data\cache\clean\test\sidset_a8c91bd501d586fa\color_up.jpg
sidset_ab1441008986f237,color_up,sidset,real,0,0.9320361018180847,data\cache\clean\test\sidset_ab1441008986f237\color_up.jpg
sidset_ac54ef2834f8bc74,color_up,sidset,real,0,0.9179102182388306,data\cache\clean\test\sidset_ac54ef2834f8bc74\color_up.jpg
sidset_ae2a3178c574c716,color_up,sidset,real,0,0.7532793879508972,data\cache\clean\test\sidset_ae2a3178c574c716\color_up.jpg
sidset_b230de6baca8d392,color_up,sidset,real,0,0.678977370262146,data\cache\clean\test\sidset_b230de6baca8d392\color_up.jpg
sidset_b3d460c2a4f17eff,color_up,sidset,real,0,0.9046763777732849,data\cache\clean\test\sidset_b3d460c2a4f17eff\color_up.jpg
sidset_b6d4573c9d24dcf3,color_up,sidset,real,0,0.717735230922699,data\cache\clean\test\sidset_b6d4573c9d24dcf3\color_up.jpg
sidset_bc70b06f0d603efd,color_up,sidset,real,0,0.9997453093528748,data\cache\clean\test\sidset_bc70b06f0d603efd\color_up.jpg
sidset_bf7100f88bf3b0f3,color_up,sidset,real,0,0.5192404389381409,data\cache\clean\test\sidset_bf7100f88bf3b0f3\color_up.jpg
sidset_c104d5a827c3dc84,color_up,sidset,real,0,0.6212789416313171,data\cache\clean\test\sidset_c104d5a827c3dc84\color_up.jpg
sidset_c2f7255d9f5d9469,color_up,sidset,real,0,0.680517852306366,data\cache\clean\test\sidset_c2f7255d9f5d9469\color_up.jpg
sidset_c5a378b0ea24d25e,color_up,sidset,real,0,0.9876065850257874,data\cache\clean\test\sidset_c5a378b0ea24d25e\color_up.jpg
sidset_c5f4e20e7d2e391c,color_up,sidset,real,0,0.8057751059532166,data\cache\clean\test\sidset_c5f4e20e7d2e391c\color_up.jpg
sidset_c790c7ca03b21797,color_up,sidset,real,0,0.7797311544418335,data\cache\clean\test\sidset_c790c7ca03b21797\color_up.jpg
sidset_c90419b9eb89527a,color_up,sidset,real,0,0.974928081035614,data\cache\clean\test\sidset_c90419b9eb89527a\color_up.jpg
sidset_cb68a83278e88b9d,color_up,sidset,real,0,0.9990187883377075,data\cache\clean\test\sidset_cb68a83278e88b9d\color_up.jpg
sidset_cc4571b1efacde65,color_up,sidset,real,0,0.6693270802497864,data\cache\clean\test\sidset_cc4571b1efacde65\color_up.jpg
sidset_d5b1f51ca14baa4e,color_up,sidset,real,0,0.5688403844833374,data\cache\clean\test\sidset_d5b1f51ca14baa4e\color_up.jpg
sidset_d652dc17bb0709b8,color_up,sidset,real,0,0.5321176648139954,data\cache\clean\test\sidset_d652dc17bb0709b8\color_up.jpg
sidset_d7c9ba7b7774dcd9,color_up,sidset,real,0,0.9780744314193726,data\cache\clean\test\sidset_d7c9ba7b7774dcd9\color_up.jpg
sidset_de2d4b37000ff09c,color_up,sidset,real,0,0.827389121055603,data\cache\clean\test\sidset_de2d4b37000ff09c\color_up.jpg
sidset_df089363fbc3dff5,color_up,sidset,real,0,0.5218729376792908,data\cache\clean\test\sidset_df089363fbc3dff5\color_up.jpg
sidset_e67f5961f8d7c753,color_up,sidset,real,0,0.8443006277084351,data\cache\clean\test\sidset_e67f5961f8d7c753\color_up.jpg
sidset_e8e76505f6a37089,color_up,sidset,real,0,0.7904557585716248,data\cache\clean\test\sidset_e8e76505f6a37089\color_up.jpg
sidset_e99541e9ff8fadb2,color_up,sidset,real,0,0.9815388321876526,data\cache\clean\test\sidset_e99541e9ff8fadb2\color_up.jpg
sidset_ef3f636bfc78f3a5,color_up,sidset,real,0,0.9604228734970093,data\cache\clean\test\sidset_ef3f636bfc78f3a5\color_up.jpg
sidset_f250696304a3be0e,color_up,sidset,real,0,0.9630210995674133,data\cache\clean\test\sidset_f250696304a3be0e\color_up.jpg
sidset_f2be8bd472d53987,color_up,sidset,real,0,0.666462242603302,data\cache\clean\test\sidset_f2be8bd472d53987\color_up.jpg
sidset_f546b6139401dfc1,color_up,sidset,real,0,0.7974108457565308,data\cache\clean\test\sidset_f546b6139401dfc1\color_up.jpg
sidset_fac95db1f3df9775,color_up,sidset,real,0,0.9994982481002808,data\cache\clean\test\sidset_fac95db1f3df9775\color_up.jpg
sidset_fb876f14b96f08aa,color_up,sidset,real,0,0.8259820342063904,data\cache\clean\test\sidset_fb876f14b96f08aa\color_up.jpg
sidset_fe0bec3214706d60,color_up,sidset,real,0,0.8442518711090088,data\cache\clean\test\sidset_fe0bec3214706d60\color_up.jpg
cifake_0179 (9),crop80,cifake,real,0,0.6887377500534058,data\cache\clean\test\cifake_0179 (9)\crop80.jpg
cifake_0235,crop80,cifake,real,0,0.8652864694595337,data\cache\clean\test\cifake_0235\crop80.jpg
cifake_0327 (5),crop80,cifake,real,0,0.8817048668861389,data\cache\clean\test\cifake_0327 (5)\crop80.jpg
cifake_0745,crop80,cifake,real,0,0.6706998348236084,data\cache\clean\test\cifake_0745\crop80.jpg
cifake_0793,crop80,cifake,real,0,0.9854356646537781,data\cache\clean\test\cifake_0793\crop80.jpg
cifake_0967 (9),crop80,cifake,real,0,0.6439111828804016,data\cache\clean\test\cifake_0967 (9)\crop80.jpg
cifake_1139,crop80,cifake,real,0,0.6570538878440857,data\cache\clean\test\cifake_1139\crop80.jpg
cifake_1435 (2),crop80,cifake,real,0,0.8859065771102905,data\cache\clean\test\cifake_1435 (2)\crop80.jpg
cifake_1614 (9),crop80,cifake,real,0,0.8164230585098267,data\cache\clean\test\cifake_1614 (9)\crop80.jpg
cifake_1974,crop80,cifake,real,0,0.8947109580039978,data\cache\clean\test\cifake_1974\crop80.jpg
cifake_2122,crop80,cifake,real,0,0.5822924971580505,data\cache\clean\test\cifake_2122\crop80.jpg
cifake_2400,crop80,cifake,real,0,0.5227293968200684,data\cache\clean\test\cifake_2400\crop80.jpg
cifake_2660,crop80,cifake,real,0,0.6933272480964661,data\cache\clean\test\cifake_2660\crop80.jpg
cifake_2820 (8),crop80,cifake,real,0,0.7516173720359802,data\cache\clean\test\cifake_2820 (8)\crop80.jpg
cifake_2857 (10),crop80,cifake,real,0,0.9216909408569336,data\cache\clean\test\cifake_2857 (10)\crop80.jpg
cifake_2874 (4),crop80,cifake,real,0,0.6077542901039124,data\cache\clean\test\cifake_2874 (4)\crop80.jpg
cifake_3051 (7),crop80,cifake,real,0,0.7049192190170288,data\cache\clean\test\cifake_3051 (7)\crop80.jpg
cifake_3295 (10),crop80,cifake,real,0,0.8117681741714478,data\cache\clean\test\cifake_3295 (10)\crop80.jpg
cifake_3446 (10),crop80,cifake,real,0,0.5211887955665588,data\cache\clean\test\cifake_3446 (10)\crop80.jpg
cifake_3891 (3),crop80,cifake,real,0,0.8075304627418518,data\cache\clean\test\cifake_3891 (3)\crop80.jpg
cifake_3916 (8),crop80,cifake,real,0,0.5867688059806824,data\cache\clean\test\cifake_3916 (8)\crop80.jpg
cifake_4389,crop80,cifake,real,0,0.8561762571334839,data\cache\clean\test\cifake_4389\crop80.jpg
cifake_4609 (2),crop80,cifake,real,0,0.6105256676673889,data\cache\clean\test\cifake_4609 (2)\crop80.jpg
cifake_4660 (5),crop80,cifake,real,0,0.831931471824646,data\cache\clean\test\cifake_4660 (5)\crop80.jpg
sidset_01cc1b0f620bd54f,crop80,sidset,real,0,0.6421783566474915,data\cache\clean\test\sidset_01cc1b0f620bd54f\crop80.jpg
sidset_038789965a8f7606,crop80,sidset,real,0,0.9817385077476501,data\cache\clean\test\sidset_038789965a8f7606\crop80.jpg
sidset_04dca235b99ad328,crop80,sidset,real,0,0.9924322366714478,data\cache\clean\test\sidset_04dca235b99ad328\crop80.jpg
sidset_04ed850366fa5d69,crop80,sidset,real,0,0.8857784271240234,data\cache\clean\test\sidset_04ed850366fa5d69\crop80.jpg
sidset_075db643445af8e3,crop80,sidset,real,0,0.9620890021324158,data\cache\clean\test\sidset_075db643445af8e3\crop80.jpg
sidset_09f7329f0c1c9fd4,crop80,sidset,real,0,0.9844554662704468,data\cache\clean\test\sidset_09f7329f0c1c9fd4\crop80.jpg
sidset_0deb07ac44f13954,crop80,sidset,real,0,0.5479994416236877,data\cache\clean\test\sidset_0deb07ac44f13954\crop80.jpg
sidset_0ef4afc6c7902e61,crop80,sidset,real,0,0.605594277381897,data\cache\clean\test\sidset_0ef4afc6c7902e61\crop80.jpg
sidset_0f8102c25fc764ea,crop80,sidset,real,0,0.9898842573165894,data\cache\clean\test\sidset_0f8102c25fc764ea\crop80.jpg
sidset_0fde67f4281cb3ac,crop80,sidset,real,0,0.7446293234825134,data\cache\clean\test\sidset_0fde67f4281cb3ac\crop80.jpg
sidset_10932d70e80241b5,crop80,sidset,real,0,0.9896532893180847,data\cache\clean\test\sidset_10932d70e80241b5\crop80.jpg
sidset_1409961a28ec7db5,crop80,sidset,real,0,0.7511065006256104,data\cache\clean\test\sidset_1409961a28ec7db5\crop80.jpg
sidset_14312756c1c94efa,crop80,sidset,real,0,0.9999980926513672,data\cache\clean\test\sidset_14312756c1c94efa\crop80.jpg
sidset_1577f06c8ee59ef0,crop80,sidset,real,0,0.9363219738006592,data\cache\clean\test\sidset_1577f06c8ee59ef0\crop80.jpg
sidset_19a1dd0dde3ed26c,crop80,sidset,real,0,0.7758610844612122,data\cache\clean\test\sidset_19a1dd0dde3ed26c\crop80.jpg
sidset_1d24e17c0f598d7a,crop80,sidset,real,0,0.8808940649032593,data\cache\clean\test\sidset_1d24e17c0f598d7a\crop80.jpg
sidset_22b07f2ffcaf319c,crop80,sidset,real,0,0.9988194108009338,data\cache\clean\test\sidset_22b07f2ffcaf319c\crop80.jpg
sidset_230a893e83782a7f,crop80,sidset,real,0,0.7934173345565796,data\cache\clean\test\sidset_230a893e83782a7f\crop80.jpg
sidset_240eaccddb6506ef,crop80,sidset,real,0,0.8294452428817749,data\cache\clean\test\sidset_240eaccddb6506ef\crop80.jpg
sidset_247241c5aa1f3f9c,crop80,sidset,real,0,0.9181302189826965,data\cache\clean\test\sidset_247241c5aa1f3f9c\crop80.jpg
sidset_2c1459dad82c7713,crop80,sidset,real,0,0.8007763028144836,data\cache\clean\test\sidset_2c1459dad82c7713\crop80.jpg
sidset_31f7ec5269c0f867,crop80,sidset,real,0,0.7866539359092712,data\cache\clean\test\sidset_31f7ec5269c0f867\crop80.jpg
sidset_34866edcc2800ae0,crop80,sidset,real,0,0.986840009689331,data\cache\clean\test\sidset_34866edcc2800ae0\crop80.jpg
sidset_34cdb10173e55171,crop80,sidset,real,0,0.7585771679878235,data\cache\clean\test\sidset_34cdb10173e55171\crop80.jpg
sidset_39a3f029e2e17dd3,crop80,sidset,real,0,0.9980137348175049,data\cache\clean\test\sidset_39a3f029e2e17dd3\crop80.jpg
sidset_3beca4d6152a4aa5,crop80,sidset,real,0,0.8067561984062195,data\cache\clean\test\sidset_3beca4d6152a4aa5\crop80.jpg
sidset_41fcb89ff22ef83c,crop80,sidset,real,0,0.5391976237297058,data\cache\clean\test\sidset_41fcb89ff22ef83c\crop80.jpg
sidset_45c5c68f5a74cd90,crop80,sidset,real,0,0.5654848217964172,data\cache\clean\test\sidset_45c5c68f5a74cd90\crop80.jpg
sidset_4e4b9b1d6e8b2aca,crop80,sidset,real,0,0.9414933919906616,data\cache\clean\test\sidset_4e4b9b1d6e8b2aca\crop80.jpg
sidset_524db7cc1caac0b0,crop80,sidset,real,0,0.8649048209190369,data\cache\clean\test\sidset_524db7cc1caac0b0\crop80.jpg
sidset_52bf81b2d7f84101,crop80,sidset,real,0,0.6524500250816345,data\cache\clean\test\sidset_52bf81b2d7f84101\crop80.jpg
sidset_55ed6c0bbd54e07d,crop80,sidset,real,0,0.7011166214942932,data\cache\clean\test\sidset_55ed6c0bbd54e07d\crop80.jpg
sidset_5a165a26bf8ca4be,crop80,sidset,real,0,0.9724187254905701,data\cache\clean\test\sidset_5a165a26bf8ca4be\crop80.jpg
sidset_5ae51a789c118b75,crop80,sidset,real,0,0.5187437534332275,data\cache\clean\test\sidset_5ae51a789c118b75\crop80.jpg
sidset_5b291a7b5ae05cf0,crop80,sidset,real,0,0.8700276017189026,data\cache\clean\test\sidset_5b291a7b5ae05cf0\crop80.jpg
sidset_5b8f12b78d13bfcd,crop80,sidset,real,0,0.9887949228286743,data\cache\clean\test\sidset_5b8f12b78d13bfcd\crop80.jpg
sidset_5ba522a91162ae70,crop80,sidset,real,0,0.9801185131072998,data\cache\clean\test\sidset_5ba522a91162ae70\crop80.jpg
sidset_5d6c80bf53edd038,crop80,sidset,real,0,0.6423029899597168,data\cache\clean\test\sidset_5d6c80bf53edd038\crop80.jpg
sidset_5e28f638c2311f57,crop80,sidset,real,0,0.5527181029319763,data\cache\clean\test\sidset_5e28f638c2311f57\crop80.jpg
sidset_5f38de5989bc70a2,crop80,sidset,real,0,0.5039746761322021,data\cache\clean\test\sidset_5f38de5989bc70a2\crop80.jpg
sidset_5fd49a9afbba9bd6,crop80,sidset,real,0,0.7724313735961914,data\cache\clean\test\sidset_5fd49a9afbba9bd6\crop80.jpg
sidset_630624a387e04a88,crop80,sidset,real,0,0.9559262990951538,data\cache\clean\test\sidset_630624a387e04a88\crop80.jpg
sidset_68f0479b7dde7700,crop80,sidset,real,0,0.938198983669281,data\cache\clean\test\sidset_68f0479b7dde7700\crop80.jpg
sidset_69fb26faa8ba7f57,crop80,sidset,real,0,0.9472196102142334,data\cache\clean\test\sidset_69fb26faa8ba7f57\crop80.jpg
sidset_6b7167d906f4ff1f,crop80,sidset,real,0,0.9780499339103699,data\cache\clean\test\sidset_6b7167d906f4ff1f\crop80.jpg
sidset_6c4941996cd7f5fc,crop80,sidset,real,0,0.5073024034500122,data\cache\clean\test\sidset_6c4941996cd7f5fc\crop80.jpg
sidset_70f5dafbaa7da68a,crop80,sidset,real,0,0.5945631265640259,data\cache\clean\test\sidset_70f5dafbaa7da68a\crop80.jpg
sidset_796b6212cfecb3de,crop80,sidset,real,0,0.9508981108665466,data\cache\clean\test\sidset_796b6212cfecb3de\crop80.jpg
sidset_7974984b83c15934,crop80,sidset,real,0,0.8818187713623047,data\cache\clean\test\sidset_7974984b83c15934\crop80.jpg
sidset_8619862cda88466c,crop80,sidset,real,0,0.9828633666038513,data\cache\clean\test\sidset_8619862cda88466c\crop80.jpg
sidset_869ee92950f5f574,crop80,sidset,real,0,0.5808283686637878,data\cache\clean\test\sidset_869ee92950f5f574\crop80.jpg
sidset_918190e0dd7fc829,crop80,sidset,real,0,0.8552128076553345,data\cache\clean\test\sidset_918190e0dd7fc829\crop80.jpg
sidset_9548acaeca2f5124,crop80,sidset,real,0,0.5913610458374023,data\cache\clean\test\sidset_9548acaeca2f5124\crop80.jpg
sidset_9915729405b9e03e,crop80,sidset,real,0,0.7119293212890625,data\cache\clean\test\sidset_9915729405b9e03e\crop80.jpg
sidset_995429a562f1aed2,crop80,sidset,real,0,0.8046348690986633,data\cache\clean\test\sidset_995429a562f1aed2\crop80.jpg
sidset_9bd8ecc186d59fe9,crop80,sidset,real,0,0.7702351808547974,data\cache\clean\test\sidset_9bd8ecc186d59fe9\crop80.jpg
sidset_9e2a9b16ff46f867,crop80,sidset,real,0,0.833227276802063,data\cache\clean\test\sidset_9e2a9b16ff46f867\crop80.jpg
sidset_9f5c482e3984891a,crop80,sidset,real,0,0.6262940168380737,data\cache\clean\test\sidset_9f5c482e3984891a\crop80.jpg
sidset_a3032d75347e6fa2,crop80,sidset,real,0,0.997523844242096,data\cache\clean\test\sidset_a3032d75347e6fa2\crop80.jpg
sidset_a3293aebf3086c9f,crop80,sidset,real,0,0.9820797443389893,data\cache\clean\test\sidset_a3293aebf3086c9f\crop80.jpg
sidset_a4268c0135ca2c65,crop80,sidset,real,0,0.9064289331436157,data\cache\clean\test\sidset_a4268c0135ca2c65\crop80.jpg
sidset_a429805728e89e7d,crop80,sidset,real,0,0.9961611032485962,data\cache\clean\test\sidset_a429805728e89e7d\crop80.jpg
sidset_a8ad741ef85002f3,crop80,sidset,real,0,0.8807118535041809,data\cache\clean\test\sidset_a8ad741ef85002f3\crop80.jpg
sidset_ab1441008986f237,crop80,sidset,real,0,0.8930771946907043,data\cache\clean\test\sidset_ab1441008986f237\crop80.jpg
sidset_abb21498da6986f6,crop80,sidset,real,0,0.8378182053565979,data\cache\clean\test\sidset_abb21498da6986f6\crop80.jpg
sidset_ac54ef2834f8bc74,crop80,sidset,real,0,0.6395164728164673,data\cache\clean\test\sidset_ac54ef2834f8bc74\crop80.jpg
sidset_ae2a3178c574c716,crop80,sidset,real,0,0.8432334065437317,data\cache\clean\test\sidset_ae2a3178c574c716\crop80.jpg
sidset_b3a42a0308a160fa,crop80,sidset,real,0,0.7442259788513184,data\cache\clean\test\sidset_b3a42a0308a160fa\crop80.jpg
sidset_b3d460c2a4f17eff,crop80,sidset,real,0,0.9194492101669312,data\cache\clean\test\sidset_b3d460c2a4f17eff\crop80.jpg
sidset_b6c1cda22555b681,crop80,sidset,real,0,0.8064184784889221,data\cache\clean\test\sidset_b6c1cda22555b681\crop80.jpg
sidset_b6d4573c9d24dcf3,crop80,sidset,real,0,0.867443859577179,data\cache\clean\test\sidset_b6d4573c9d24dcf3\crop80.jpg
sidset_bc70b06f0d603efd,crop80,sidset,real,0,0.9999912977218628,data\cache\clean\test\sidset_bc70b06f0d603efd\crop80.jpg
sidset_bf7100f88bf3b0f3,crop80,sidset,real,0,0.8167707324028015,data\cache\clean\test\sidset_bf7100f88bf3b0f3\crop80.jpg
sidset_c104d5a827c3dc84,crop80,sidset,real,0,0.5350979566574097,data\cache\clean\test\sidset_c104d5a827c3dc84\crop80.jpg
sidset_c5a378b0ea24d25e,crop80,sidset,real,0,0.968505322933197,data\cache\clean\test\sidset_c5a378b0ea24d25e\crop80.jpg
sidset_c790c7ca03b21797,crop80,sidset,real,0,0.6323598027229309,data\cache\clean\test\sidset_c790c7ca03b21797\crop80.jpg
sidset_c7d3774f16039f96,crop80,sidset,real,0,0.9966636300086975,data\cache\clean\test\sidset_c7d3774f16039f96\crop80.jpg
sidset_cb68a83278e88b9d,crop80,sidset,real,0,0.9992929697036743,data\cache\clean\test\sidset_cb68a83278e88b9d\crop80.jpg
sidset_cc4571b1efacde65,crop80,sidset,real,0,0.7442070245742798,data\cache\clean\test\sidset_cc4571b1efacde65\crop80.jpg
sidset_d16d462a77a3e94c,crop80,sidset,real,0,0.9360858798027039,data\cache\clean\test\sidset_d16d462a77a3e94c\crop80.jpg
sidset_d652dc17bb0709b8,crop80,sidset,real,0,0.7703319787979126,data\cache\clean\test\sidset_d652dc17bb0709b8\crop80.jpg
sidset_d7c9ba7b7774dcd9,crop80,sidset,real,0,0.9051125049591064,data\cache\clean\test\sidset_d7c9ba7b7774dcd9\crop80.jpg
sidset_d95699590a6b3fa6,crop80,sidset,real,0,0.8414633870124817,data\cache\clean\test\sidset_d95699590a6b3fa6\crop80.jpg
sidset_e6f037cc020a3c67,crop80,sidset,real,0,0.8178925514221191,data\cache\clean\test\sidset_e6f037cc020a3c67\crop80.jpg
sidset_e99541e9ff8fadb2,crop80,sidset,real,0,0.7749086618423462,data\cache\clean\test\sidset_e99541e9ff8fadb2\crop80.jpg
sidset_ef3f636bfc78f3a5,crop80,sidset,real,0,0.9566552042961121,data\cache\clean\test\sidset_ef3f636bfc78f3a5\crop80.jpg
sidset_f250696304a3be0e,crop80,sidset,real,0,0.9346937537193298,data\cache\clean\test\sidset_f250696304a3be0e\crop80.jpg
sidset_f29b3c5fffbd0d2c,crop80,sidset,real,0,0.7982221245765686,data\cache\clean\test\sidset_f29b3c5fffbd0d2c\crop80.jpg
sidset_f2be8bd472d53987,crop80,sidset,real,0,0.9970163106918335,data\cache\clean\test\sidset_f2be8bd472d53987\crop80.jpg
sidset_f5044c17014681a8,crop80,sidset,real,0,0.6627826690673828,data\cache\clean\test\sidset_f5044c17014681a8\crop80.jpg
sidset_f546b6139401dfc1,crop80,sidset,real,0,0.6716812252998352,data\cache\clean\test\sidset_f546b6139401dfc1\crop80.jpg
sidset_f897e748d7e721a1,crop80,sidset,real,0,0.5735598206520081,data\cache\clean\test\sidset_f897e748d7e721a1\crop80.jpg
sidset_fac95db1f3df9775,crop80,sidset,real,0,0.9998289346694946,data\cache\clean\test\sidset_fac95db1f3df9775\crop80.jpg
sidset_fb876f14b96f08aa,crop80,sidset,real,0,0.9705789685249329,data\cache\clean\test\sidset_fb876f14b96f08aa\crop80.jpg
sidset_fe0bec3214706d60,crop80,sidset,real,0,0.9803866744041443,data\cache\clean\test\sidset_fe0bec3214706d60\crop80.jpg
cifake_0235,jpeg_q30,cifake,real,0,0.6032288074493408,data\cache\clean\test\cifake_0235\jpeg_q30.jpg
cifake_0240 (9),jpeg_q30,cifake,real,0,0.5379486680030823,data\cache\clean\test\cifake_0240 (9)\jpeg_q30.jpg
cifake_0327 (5),jpeg_q30,cifake,real,0,0.7957350015640259,data\cache\clean\test\cifake_0327 (5)\jpeg_q30.jpg
cifake_0618 (3),jpeg_q30,cifake,real,0,0.7401365637779236,data\cache\clean\test\cifake_0618 (3)\jpeg_q30.jpg
cifake_0793,jpeg_q30,cifake,real,0,0.8713839054107666,data\cache\clean\test\cifake_0793\jpeg_q30.jpg
cifake_0967 (9),jpeg_q30,cifake,real,0,0.8303204774856567,data\cache\clean\test\cifake_0967 (9)\jpeg_q30.jpg
cifake_1306 (9),jpeg_q30,cifake,real,0,0.9062187671661377,data\cache\clean\test\cifake_1306 (9)\jpeg_q30.jpg
cifake_1974,jpeg_q30,cifake,real,0,0.9142040014266968,data\cache\clean\test\cifake_1974\jpeg_q30.jpg
cifake_2660,jpeg_q30,cifake,real,0,0.7730822563171387,data\cache\clean\test\cifake_2660\jpeg_q30.jpg
cifake_3461 (5),jpeg_q30,cifake,real,0,0.7420700192451477,data\cache\clean\test\cifake_3461 (5)\jpeg_q30.jpg
cifake_3891 (3),jpeg_q30,cifake,real,0,0.5605345368385315,data\cache\clean\test\cifake_3891 (3)\jpeg_q30.jpg
cifake_4660 (5),jpeg_q30,cifake,real,0,0.5680364370346069,data\cache\clean\test\cifake_4660 (5)\jpeg_q30.jpg
cifake_4932 (2),jpeg_q30,cifake,real,0,0.7384411692619324,data\cache\clean\test\cifake_4932 (2)\jpeg_q30.jpg
sidset_012403dc87252ad4,jpeg_q30,sidset,real,0,0.542921781539917,data\cache\clean\test\sidset_012403dc87252ad4\jpeg_q30.jpg
sidset_01cfa603553a1a45,jpeg_q30,sidset,real,0,0.9488286972045898,data\cache\clean\test\sidset_01cfa603553a1a45\jpeg_q30.jpg
sidset_036df955965cb2f9,jpeg_q30,sidset,real,0,0.9763190150260925,data\cache\clean\test\sidset_036df955965cb2f9\jpeg_q30.jpg
sidset_038789965a8f7606,jpeg_q30,sidset,real,0,0.8856399655342102,data\cache\clean\test\sidset_038789965a8f7606\jpeg_q30.jpg
sidset_04dca235b99ad328,jpeg_q30,sidset,real,0,0.6695431470870972,data\cache\clean\test\sidset_04dca235b99ad328\jpeg_q30.jpg
sidset_04ed850366fa5d69,jpeg_q30,sidset,real,0,0.6822184324264526,data\cache\clean\test\sidset_04ed850366fa5d69\jpeg_q30.jpg
sidset_075db643445af8e3,jpeg_q30,sidset,real,0,0.9569061994552612,data\cache\clean\test\sidset_075db643445af8e3\jpeg_q30.jpg
sidset_08c441dcd482e8c7,jpeg_q30,sidset,real,0,0.5176105499267578,data\cache\clean\test\sidset_08c441dcd482e8c7\jpeg_q30.jpg
sidset_0f8102c25fc764ea,jpeg_q30,sidset,real,0,0.9950926303863525,data\cache\clean\test\sidset_0f8102c25fc764ea\jpeg_q30.jpg
sidset_0fde67f4281cb3ac,jpeg_q30,sidset,real,0,0.5117197632789612,data\cache\clean\test\sidset_0fde67f4281cb3ac\jpeg_q30.jpg
sidset_1409961a28ec7db5,jpeg_q30,sidset,real,0,0.7674897313117981,data\cache\clean\test\sidset_1409961a28ec7db5\jpeg_q30.jpg
sidset_14312756c1c94efa,jpeg_q30,sidset,real,0,0.9999773502349854,data\cache\clean\test\sidset_14312756c1c94efa\jpeg_q30.jpg
sidset_1577f06c8ee59ef0,jpeg_q30,sidset,real,0,0.9304937720298767,data\cache\clean\test\sidset_1577f06c8ee59ef0\jpeg_q30.jpg
sidset_1d24e17c0f598d7a,jpeg_q30,sidset,real,0,0.7591351866722107,data\cache\clean\test\sidset_1d24e17c0f598d7a\jpeg_q30.jpg
sidset_22164251d34be040,jpeg_q30,sidset,real,0,0.9568493962287903,data\cache\clean\test\sidset_22164251d34be040\jpeg_q30.jpg
sidset_22b07f2ffcaf319c,jpeg_q30,sidset,real,0,0.9874479174613953,data\cache\clean\test\sidset_22b07f2ffcaf319c\jpeg_q30.jpg
sidset_240eaccddb6506ef,jpeg_q30,sidset,real,0,0.5007163286209106,data\cache\clean\test\sidset_240eaccddb6506ef\jpeg_q30.jpg
sidset_247241c5aa1f3f9c,jpeg_q30,sidset,real,0,0.9765907526016235,data\cache\clean\test\sidset_247241c5aa1f3f9c\jpeg_q30.jpg
sidset_262ab01448a69651,jpeg_q30,sidset,real,0,0.9932175278663635,data\cache\clean\test\sidset_262ab01448a69651\jpeg_q30.jpg
sidset_26c389b400ea1653,jpeg_q30,sidset,real,0,0.9535327553749084,data\cache\clean\test\sidset_26c389b400ea1653\jpeg_q30.jpg
sidset_31d44fee2c336e78,jpeg_q30,sidset,real,0,0.8888804316520691,data\cache\clean\test\sidset_31d44fee2c336e78\jpeg_q30.jpg
sidset_31f7ec5269c0f867,jpeg_q30,sidset,real,0,0.9838693737983704,data\cache\clean\test\sidset_31f7ec5269c0f867\jpeg_q30.jpg
sidset_34866edcc2800ae0,jpeg_q30,sidset,real,0,0.9671922326087952,data\cache\clean\test\sidset_34866edcc2800ae0\jpeg_q30.jpg
sidset_39a3f029e2e17dd3,jpeg_q30,sidset,real,0,0.9998340606689453,data\cache\clean\test\sidset_39a3f029e2e17dd3\jpeg_q30.jpg
sidset_3beca4d6152a4aa5,jpeg_q30,sidset,real,0,0.8496583700180054,data\cache\clean\test\sidset_3beca4d6152a4aa5\jpeg_q30.jpg
sidset_3dc4bd55df5c075d,jpeg_q30,sidset,real,0,0.6047947406768799,data\cache\clean\test\sidset_3dc4bd55df5c075d\jpeg_q30.jpg
sidset_41fcb89ff22ef83c,jpeg_q30,sidset,real,0,0.8258296847343445,data\cache\clean\test\sidset_41fcb89ff22ef83c\jpeg_q30.jpg
sidset_45a6cb8b20ae57d2,jpeg_q30,sidset,real,0,0.7572863101959229,data\cache\clean\test\sidset_45a6cb8b20ae57d2\jpeg_q30.jpg
sidset_45c5c68f5a74cd90,jpeg_q30,sidset,real,0,0.7617749571800232,data\cache\clean\test\sidset_45c5c68f5a74cd90\jpeg_q30.jpg
sidset_475d67fc473d0989,jpeg_q30,sidset,real,0,0.5476986765861511,data\cache\clean\test\sidset_475d67fc473d0989\jpeg_q30.jpg
sidset_4efd021afbfb3ae6,jpeg_q30,sidset,real,0,0.6323493123054504,data\cache\clean\test\sidset_4efd021afbfb3ae6\jpeg_q30.jpg
sidset_524db7cc1caac0b0,jpeg_q30,sidset,real,0,0.8677335977554321,data\cache\clean\test\sidset_524db7cc1caac0b0\jpeg_q30.jpg
sidset_52bf81b2d7f84101,jpeg_q30,sidset,real,0,0.8697559237480164,data\cache\clean\test\sidset_52bf81b2d7f84101\jpeg_q30.jpg
sidset_55ed6c0bbd54e07d,jpeg_q30,sidset,real,0,0.7664903402328491,data\cache\clean\test\sidset_55ed6c0bbd54e07d\jpeg_q30.jpg
sidset_5a165a26bf8ca4be,jpeg_q30,sidset,real,0,0.996231734752655,data\cache\clean\test\sidset_5a165a26bf8ca4be\jpeg_q30.jpg
sidset_5b8f12b78d13bfcd,jpeg_q30,sidset,real,0,0.9975956082344055,data\cache\clean\test\sidset_5b8f12b78d13bfcd\jpeg_q30.jpg
sidset_5ba522a91162ae70,jpeg_q30,sidset,real,0,0.997584342956543,data\cache\clean\test\sidset_5ba522a91162ae70\jpeg_q30.jpg
sidset_5c175a143c23a7b8,jpeg_q30,sidset,real,0,0.5066230893135071,data\cache\clean\test\sidset_5c175a143c23a7b8\jpeg_q30.jpg
sidset_615f67f3acd96d5c,jpeg_q30,sidset,real,0,0.6254693865776062,data\cache\clean\test\sidset_615f67f3acd96d5c\jpeg_q30.jpg
sidset_630624a387e04a88,jpeg_q30,sidset,real,0,0.5180909037590027,data\cache\clean\test\sidset_630624a387e04a88\jpeg_q30.jpg
sidset_68f0479b7dde7700,jpeg_q30,sidset,real,0,0.991399884223938,data\cache\clean\test\sidset_68f0479b7dde7700\jpeg_q30.jpg
sidset_6b7167d906f4ff1f,jpeg_q30,sidset,real,0,0.9996787309646606,data\cache\clean\test\sidset_6b7167d906f4ff1f\jpeg_q30.jpg
sidset_6c4941996cd7f5fc,jpeg_q30,sidset,real,0,0.6439368724822998,data\cache\clean\test\sidset_6c4941996cd7f5fc\jpeg_q30.jpg
sidset_7254e49d19ffec76,jpeg_q30,sidset,real,0,0.9105865359306335,data\cache\clean\test\sidset_7254e49d19ffec76\jpeg_q30.jpg
sidset_759a21da57c25774,jpeg_q30,sidset,real,0,0.985928475856781,data\cache\clean\test\sidset_759a21da57c25774\jpeg_q30.jpg
sidset_75c4b6f64d7849f6,jpeg_q30,sidset,real,0,0.8905706405639648,data\cache\clean\test\sidset_75c4b6f64d7849f6\jpeg_q30.jpg
sidset_772850bc0fb9e17c,jpeg_q30,sidset,real,0,0.9621912240982056,data\cache\clean\test\sidset_772850bc0fb9e17c\jpeg_q30.jpg
sidset_796b6212cfecb3de,jpeg_q30,sidset,real,0,0.9542791247367859,data\cache\clean\test\sidset_796b6212cfecb3de\jpeg_q30.jpg
sidset_7974984b83c15934,jpeg_q30,sidset,real,0,0.9038914442062378,data\cache\clean\test\sidset_7974984b83c15934\jpeg_q30.jpg
sidset_7b550aceb5ec111f,jpeg_q30,sidset,real,0,0.9137652516365051,data\cache\clean\test\sidset_7b550aceb5ec111f\jpeg_q30.jpg
sidset_8619862cda88466c,jpeg_q30,sidset,real,0,0.9945247173309326,data\cache\clean\test\sidset_8619862cda88466c\jpeg_q30.jpg
sidset_8d2495ea75218578,jpeg_q30,sidset,real,0,0.9788483381271362,data\cache\clean\test\sidset_8d2495ea75218578\jpeg_q30.jpg
sidset_9548acaeca2f5124,jpeg_q30,sidset,real,0,0.5559918284416199,data\cache\clean\test\sidset_9548acaeca2f5124\jpeg_q30.jpg
sidset_995429a562f1aed2,jpeg_q30,sidset,real,0,0.9362643361091614,data\cache\clean\test\sidset_995429a562f1aed2\jpeg_q30.jpg
sidset_9e2a9b16ff46f867,jpeg_q30,sidset,real,0,0.9713167548179626,data\cache\clean\test\sidset_9e2a9b16ff46f867\jpeg_q30.jpg
sidset_a0c976304a971d8f,jpeg_q30,sidset,real,0,0.5433549284934998,data\cache\clean\test\sidset_a0c976304a971d8f\jpeg_q30.jpg
sidset_a3032d75347e6fa2,jpeg_q30,sidset,real,0,0.9979428648948669,data\cache\clean\test\sidset_a3032d75347e6fa2\jpeg_q30.jpg
sidset_a3293aebf3086c9f,jpeg_q30,sidset,real,0,0.965803861618042,data\cache\clean\test\sidset_a3293aebf3086c9f\jpeg_q30.jpg
sidset_a429805728e89e7d,jpeg_q30,sidset,real,0,0.9986194372177124,data\cache\clean\test\sidset_a429805728e89e7d\jpeg_q30.jpg
sidset_a8c91bd501d586fa,jpeg_q30,sidset,real,0,0.8329647183418274,data\cache\clean\test\sidset_a8c91bd501d586fa\jpeg_q30.jpg
sidset_ab1441008986f237,jpeg_q30,sidset,real,0,0.9245473146438599,data\cache\clean\test\sidset_ab1441008986f237\jpeg_q30.jpg
sidset_ab4f5a8a2f533316,jpeg_q30,sidset,real,0,0.6589619517326355,data\cache\clean\test\sidset_ab4f5a8a2f533316\jpeg_q30.jpg
sidset_ac54ef2834f8bc74,jpeg_q30,sidset,real,0,0.9032712578773499,data\cache\clean\test\sidset_ac54ef2834f8bc74\jpeg_q30.jpg
sidset_ae2a3178c574c716,jpeg_q30,sidset,real,0,0.5240718126296997,data\cache\clean\test\sidset_ae2a3178c574c716\jpeg_q30.jpg
sidset_b230de6baca8d392,jpeg_q30,sidset,real,0,0.7445162534713745,data\cache\clean\test\sidset_b230de6baca8d392\jpeg_q30.jpg
sidset_b3d460c2a4f17eff,jpeg_q30,sidset,real,0,0.9163747429847717,data\cache\clean\test\sidset_b3d460c2a4f17eff\jpeg_q30.jpg
sidset_b6d4573c9d24dcf3,jpeg_q30,sidset,real,0,0.6663936376571655,data\cache\clean\test\sidset_b6d4573c9d24dcf3\jpeg_q30.jpg
sidset_bc70b06f0d603efd,jpeg_q30,sidset,real,0,0.9999899864196777,data\cache\clean\test\sidset_bc70b06f0d603efd\jpeg_q30.jpg
sidset_c104d5a827c3dc84,jpeg_q30,sidset,real,0,0.9623358249664307,data\cache\clean\test\sidset_c104d5a827c3dc84\jpeg_q30.jpg
sidset_c2ea9829195e05c8,jpeg_q30,sidset,real,0,0.5176660418510437,data\cache\clean\test\sidset_c2ea9829195e05c8\jpeg_q30.jpg
sidset_c2f7255d9f5d9469,jpeg_q30,sidset,real,0,0.5272405743598938,data\cache\clean\test\sidset_c2f7255d9f5d9469\jpeg_q30.jpg
sidset_c5a378b0ea24d25e,jpeg_q30,sidset,real,0,0.9796095490455627,data\cache\clean\test\sidset_c5a378b0ea24d25e\jpeg_q30.jpg
sidset_c5f4e20e7d2e391c,jpeg_q30,sidset,real,0,0.6725569367408752,data\cache\clean\test\sidset_c5f4e20e7d2e391c\jpeg_q30.jpg
sidset_c790c7ca03b21797,jpeg_q30,sidset,real,0,0.8509669899940491,data\cache\clean\test\sidset_c790c7ca03b21797\jpeg_q30.jpg
sidset_c979e1ce90deac08,jpeg_q30,sidset,real,0,0.7353031039237976,data\cache\clean\test\sidset_c979e1ce90deac08\jpeg_q30.jpg
sidset_cb68a83278e88b9d,jpeg_q30,sidset,real,0,0.9678211212158203,data\cache\clean\test\sidset_cb68a83278e88b9d\jpeg_q30.jpg
sidset_cc4571b1efacde65,jpeg_q30,sidset,real,0,0.6458840370178223,data\cache\clean\test\sidset_cc4571b1efacde65\jpeg_q30.jpg
sidset_cefabeb567a88f94,jpeg_q30,sidset,real,0,0.8582818508148193,data\cache\clean\test\sidset_cefabeb567a88f94\jpeg_q30.jpg
sidset_d652dc17bb0709b8,jpeg_q30,sidset,real,0,0.999224066734314,data\cache\clean\test\sidset_d652dc17bb0709b8\jpeg_q30.jpg
sidset_d7c9ba7b7774dcd9,jpeg_q30,sidset,real,0,0.7014150619506836,data\cache\clean\test\sidset_d7c9ba7b7774dcd9\jpeg_q30.jpg
sidset_df089363fbc3dff5,jpeg_q30,sidset,real,0,0.9788738489151001,data\cache\clean\test\sidset_df089363fbc3dff5\jpeg_q30.jpg
sidset_df546351780cb733,jpeg_q30,sidset,real,0,0.5513340830802917,data\cache\clean\test\sidset_df546351780cb733\jpeg_q30.jpg
sidset_e67f5961f8d7c753,jpeg_q30,sidset,real,0,0.8492218255996704,data\cache\clean\test\sidset_e67f5961f8d7c753\jpeg_q30.jpg
sidset_e83254d4c55675a6,jpeg_q30,sidset,real,0,0.850214421749115,data\cache\clean\test\sidset_e83254d4c55675a6\jpeg_q30.jpg
sidset_e8e76505f6a37089,jpeg_q30,sidset,real,0,0.6132320761680603,data\cache\clean\test\sidset_e8e76505f6a37089\jpeg_q30.jpg
sidset_e99541e9ff8fadb2,jpeg_q30,sidset,real,0,0.9885604977607727,data\cache\clean\test\sidset_e99541e9ff8fadb2\jpeg_q30.jpg
sidset_ef3f636bfc78f3a5,jpeg_q30,sidset,real,0,0.9125380516052246,data\cache\clean\test\sidset_ef3f636bfc78f3a5\jpeg_q30.jpg
sidset_f250696304a3be0e,jpeg_q30,sidset,real,0,0.9203290939331055,data\cache\clean\test\sidset_f250696304a3be0e\jpeg_q30.jpg
sidset_f29b3c5fffbd0d2c,jpeg_q30,sidset,real,0,0.6010624766349792,data\cache\clean\test\sidset_f29b3c5fffbd0d2c\jpeg_q30.jpg
sidset_f546b6139401dfc1,jpeg_q30,sidset,real,0,0.923599362373352,data\cache\clean\test\sidset_f546b6139401dfc1\jpeg_q30.jpg
sidset_fac95db1f3df9775,jpeg_q30,sidset,real,0,0.9996496438980103,data\cache\clean\test\sidset_fac95db1f3df9775\jpeg_q30.jpg
sidset_fb876f14b96f08aa,jpeg_q30,sidset,real,0,0.7754133939743042,data\cache\clean\test\sidset_fb876f14b96f08aa\jpeg_q30.jpg
sidset_fe0bec3214706d60,jpeg_q30,sidset,real,0,0.9349327087402344,data\cache\clean\test\sidset_fe0bec3214706d60\jpeg_q30.jpg
cifake_0539 (5),jpeg_q50,cifake,real,0,0.5272493362426758,data\cache\clean\test\cifake_0539 (5)\jpeg_q50.jpg
cifake_0618 (3),jpeg_q50,cifake,real,0,0.893834114074707,data\cache\clean\test\cifake_0618 (3)\jpeg_q50.jpg
cifake_0793,jpeg_q50,cifake,real,0,0.5244520902633667,data\cache\clean\test\cifake_0793\jpeg_q50.jpg
cifake_0967 (9),jpeg_q50,cifake,real,0,0.6528534889221191,data\cache\clean\test\cifake_0967 (9)\jpeg_q50.jpg
cifake_1306 (9),jpeg_q50,cifake,real,0,0.6038073897361755,data\cache\clean\test\cifake_1306 (9)\jpeg_q50.jpg
cifake_1974,jpeg_q50,cifake,real,0,0.9152174592018127,data\cache\clean\test\cifake_1974\jpeg_q50.jpg
cifake_2547,jpeg_q50,cifake,real,0,0.5278446674346924,data\cache\clean\test\cifake_2547\jpeg_q50.jpg
cifake_2633 (10),jpeg_q50,cifake,real,0,0.5919877886772156,data\cache\clean\test\cifake_2633 (10)\jpeg_q50.jpg
cifake_2660,jpeg_q50,cifake,real,0,0.902594268321991,data\cache\clean\test\cifake_2660\jpeg_q50.jpg
cifake_2666 (9),jpeg_q50,cifake,real,0,0.5530437231063843,data\cache\clean\test\cifake_2666 (9)\jpeg_q50.jpg
cifake_3461 (5),jpeg_q50,cifake,real,0,0.7204676866531372,data\cache\clean\test\cifake_3461 (5)\jpeg_q50.jpg
cifake_3614,jpeg_q50,cifake,real,0,0.7012220025062561,data\cache\clean\test\cifake_3614\jpeg_q50.jpg
cifake_3872,jpeg_q50,cifake,real,0,0.623920202255249,data\cache\clean\test\cifake_3872\jpeg_q50.jpg
cifake_3891 (3),jpeg_q50,cifake,real,0,0.6910413503646851,data\cache\clean\test\cifake_3891 (3)\jpeg_q50.jpg
cifake_4389,jpeg_q50,cifake,real,0,0.77904212474823,data\cache\clean\test\cifake_4389\jpeg_q50.jpg
cifake_4660 (5),jpeg_q50,cifake,real,0,0.8964748382568359,data\cache\clean\test\cifake_4660 (5)\jpeg_q50.jpg
cifake_4673 (5),jpeg_q50,cifake,real,0,0.5099939107894897,data\cache\clean\test\cifake_4673 (5)\jpeg_q50.jpg
cifake_4707,jpeg_q50,cifake,real,0,0.7059832811355591,data\cache\clean\test\cifake_4707\jpeg_q50.jpg
sidset_01cfa603553a1a45,jpeg_q50,sidset,real,0,0.933342695236206,data\cache\clean\test\sidset_01cfa603553a1a45\jpeg_q50.jpg
sidset_036df955965cb2f9,jpeg_q50,sidset,real,0,0.987352728843689,data\cache\clean\test\sidset_036df955965cb2f9\jpeg_q50.jpg
sidset_038789965a8f7606,jpeg_q50,sidset,real,0,0.9789326786994934,data\cache\clean\test\sidset_038789965a8f7606\jpeg_q50.jpg
sidset_04c57e00f9d1b966,jpeg_q50,sidset,real,0,0.764383852481842,data\cache\clean\test\sidset_04c57e00f9d1b966\jpeg_q50.jpg
sidset_04dca235b99ad328,jpeg_q50,sidset,real,0,0.9463750720024109,data\cache\clean\test\sidset_04dca235b99ad328\jpeg_q50.jpg
sidset_04ed850366fa5d69,jpeg_q50,sidset,real,0,0.7848097681999207,data\cache\clean\test\sidset_04ed850366fa5d69\jpeg_q50.jpg
sidset_0f8102c25fc764ea,jpeg_q50,sidset,real,0,0.9888383150100708,data\cache\clean\test\sidset_0f8102c25fc764ea\jpeg_q50.jpg
sidset_0fde67f4281cb3ac,jpeg_q50,sidset,real,0,0.6742876768112183,data\cache\clean\test\sidset_0fde67f4281cb3ac\jpeg_q50.jpg
sidset_10932d70e80241b5,jpeg_q50,sidset,real,0,0.8850210309028625,data\cache\clean\test\sidset_10932d70e80241b5\jpeg_q50.jpg
sidset_1409961a28ec7db5,jpeg_q50,sidset,real,0,0.9735172986984253,data\cache\clean\test\sidset_1409961a28ec7db5\jpeg_q50.jpg
sidset_14312756c1c94efa,jpeg_q50,sidset,real,0,0.999862551689148,data\cache\clean\test\sidset_14312756c1c94efa\jpeg_q50.jpg
sidset_1577f06c8ee59ef0,jpeg_q50,sidset,real,0,0.8944551944732666,data\cache\clean\test\sidset_1577f06c8ee59ef0\jpeg_q50.jpg
sidset_1d24e17c0f598d7a,jpeg_q50,sidset,real,0,0.6360474824905396,data\cache\clean\test\sidset_1d24e17c0f598d7a\jpeg_q50.jpg
sidset_22b07f2ffcaf319c,jpeg_q50,sidset,real,0,0.999875545501709,data\cache\clean\test\sidset_22b07f2ffcaf319c\jpeg_q50.jpg
sidset_247241c5aa1f3f9c,jpeg_q50,sidset,real,0,0.7245084047317505,data\cache\clean\test\sidset_247241c5aa1f3f9c\jpeg_q50.jpg
sidset_262ab01448a69651,jpeg_q50,sidset,real,0,0.932248592376709,data\cache\clean\test\sidset_262ab01448a69651\jpeg_q50.jpg
sidset_26c389b400ea1653,jpeg_q50,sidset,real,0,0.9626906514167786,data\cache\clean\test\sidset_26c389b400ea1653\jpeg_q50.jpg
sidset_31d44fee2c336e78,jpeg_q50,sidset,real,0,0.9057291746139526,data\cache\clean\test\sidset_31d44fee2c336e78\jpeg_q50.jpg
sidset_31f7ec5269c0f867,jpeg_q50,sidset,real,0,0.9855667352676392,data\cache\clean\test\sidset_31f7ec5269c0f867\jpeg_q50.jpg
sidset_34866edcc2800ae0,jpeg_q50,sidset,real,0,0.9419541954994202,data\cache\clean\test\sidset_34866edcc2800ae0\jpeg_q50.jpg
sidset_39a3f029e2e17dd3,jpeg_q50,sidset,real,0,0.9998149275779724,data\cache\clean\test\sidset_39a3f029e2e17dd3\jpeg_q50.jpg
sidset_3beca4d6152a4aa5,jpeg_q50,sidset,real,0,0.8631306290626526,data\cache\clean\test\sidset_3beca4d6152a4aa5\jpeg_q50.jpg
sidset_45a6cb8b20ae57d2,jpeg_q50,sidset,real,0,0.8388934135437012,data\cache\clean\test\sidset_45a6cb8b20ae57d2\jpeg_q50.jpg
sidset_45c5c68f5a74cd90,jpeg_q50,sidset,real,0,0.802568793296814,data\cache\clean\test\sidset_45c5c68f5a74cd90\jpeg_q50.jpg
sidset_46a383463322d7a9,jpeg_q50,sidset,real,0,0.5498349666595459,data\cache\clean\test\sidset_46a383463322d7a9\jpeg_q50.jpg
sidset_4ac34f7de95d2879,jpeg_q50,sidset,real,0,0.8043909668922424,data\cache\clean\test\sidset_4ac34f7de95d2879\jpeg_q50.jpg
sidset_4efd021afbfb3ae6,jpeg_q50,sidset,real,0,0.7880438566207886,data\cache\clean\test\sidset_4efd021afbfb3ae6\jpeg_q50.jpg
sidset_52bf81b2d7f84101,jpeg_q50,sidset,real,0,0.6867794990539551,data\cache\clean\test\sidset_52bf81b2d7f84101\jpeg_q50.jpg
sidset_55ed6c0bbd54e07d,jpeg_q50,sidset,real,0,0.8735971450805664,data\cache\clean\test\sidset_55ed6c0bbd54e07d\jpeg_q50.jpg
sidset_5a165a26bf8ca4be,jpeg_q50,sidset,real,0,0.9779151678085327,data\cache\clean\test\sidset_5a165a26bf8ca4be\jpeg_q50.jpg
sidset_5b8f12b78d13bfcd,jpeg_q50,sidset,real,0,0.9026370048522949,data\cache\clean\test\sidset_5b8f12b78d13bfcd\jpeg_q50.jpg
sidset_5ba522a91162ae70,jpeg_q50,sidset,real,0,0.9944720268249512,data\cache\clean\test\sidset_5ba522a91162ae70\jpeg_q50.jpg
sidset_5c175a143c23a7b8,jpeg_q50,sidset,real,0,0.7552332282066345,data\cache\clean\test\sidset_5c175a143c23a7b8\jpeg_q50.jpg
sidset_615f67f3acd96d5c,jpeg_q50,sidset,real,0,0.9371951818466187,data\cache\clean\test\sidset_615f67f3acd96d5c\jpeg_q50.jpg
sidset_630624a387e04a88,jpeg_q50,sidset,real,0,0.837437629699707,data\cache\clean\test\sidset_630624a387e04a88\jpeg_q50.jpg
sidset_65d4916b9f3f47ba,jpeg_q50,sidset,real,0,0.5454303622245789,data\cache\clean\test\sidset_65d4916b9f3f47ba\jpeg_q50.jpg
sidset_68f0479b7dde7700,jpeg_q50,sidset,real,0,0.9802373051643372,data\cache\clean\test\sidset_68f0479b7dde7700\jpeg_q50.jpg
sidset_6b7167d906f4ff1f,jpeg_q50,sidset,real,0,0.9995948672294617,data\cache\clean\test\sidset_6b7167d906f4ff1f\jpeg_q50.jpg
sidset_6c4941996cd7f5fc,jpeg_q50,sidset,real,0,0.5425099730491638,data\cache\clean\test\sidset_6c4941996cd7f5fc\jpeg_q50.jpg
sidset_759a21da57c25774,jpeg_q50,sidset,real,0,0.9270918369293213,data\cache\clean\test\sidset_759a21da57c25774\jpeg_q50.jpg
sidset_772850bc0fb9e17c,jpeg_q50,sidset,real,0,0.9195883274078369,data\cache\clean\test\sidset_772850bc0fb9e17c\jpeg_q50.jpg
sidset_796b6212cfecb3de,jpeg_q50,sidset,real,0,0.992473840713501,data\cache\clean\test\sidset_796b6212cfecb3de\jpeg_q50.jpg
sidset_7974984b83c15934,jpeg_q50,sidset,real,0,0.9333199858665466,data\cache\clean\test\sidset_7974984b83c15934\jpeg_q50.jpg
sidset_7b550aceb5ec111f,jpeg_q50,sidset,real,0,0.9400355219841003,data\cache\clean\test\sidset_7b550aceb5ec111f\jpeg_q50.jpg
sidset_8619862cda88466c,jpeg_q50,sidset,real,0,0.9868451356887817,data\cache\clean\test\sidset_8619862cda88466c\jpeg_q50.jpg
sidset_8d2495ea75218578,jpeg_q50,sidset,real,0,0.9865716695785522,data\cache\clean\test\sidset_8d2495ea75218578\jpeg_q50.jpg
sidset_987ced7fd98867b5,jpeg_q50,sidset,real,0,0.5572644472122192,data\cache\clean\test\sidset_987ced7fd98867b5\jpeg_q50.jpg
sidset_9915729405b9e03e,jpeg_q50,sidset,real,0,0.6756994128227234,data\cache\clean\test\sidset_9915729405b9e03e\jpeg_q50.jpg
sidset_995429a562f1aed2,jpeg_q50,sidset,real,0,0.7867566347122192,data\cache\clean\test\sidset_995429a562f1aed2\jpeg_q50.jpg
sidset_9e2a9b16ff46f867,jpeg_q50,sidset,real,0,0.8095846772193909,data\cache\clean\test\sidset_9e2a9b16ff46f867\jpeg_q50.jpg
sidset_a0c976304a971d8f,jpeg_q50,sidset,real,0,0.7404844164848328,data\cache\clean\test\sidset_a0c976304a971d8f\jpeg_q50.jpg
sidset_a3032d75347e6fa2,jpeg_q50,sidset,real,0,0.9871199131011963,data\cache\clean\test\sidset_a3032d75347e6fa2\jpeg_q50.jpg
sidset_a3293aebf3086c9f,jpeg_q50,sidset,real,0,0.8624585270881653,data\cache\clean\test\sidset_a3293aebf3086c9f\jpeg_q50.jpg
sidset_a4268c0135ca2c65,jpeg_q50,sidset,real,0,0.7798992991447449,data\cache\clean\test\sidset_a4268c0135ca2c65\jpeg_q50.jpg
sidset_a429805728e89e7d,jpeg_q50,sidset,real,0,0.9992602467536926,data\cache\clean\test\sidset_a429805728e89e7d\jpeg_q50.jpg
sidset_a8ad741ef85002f3,jpeg_q50,sidset,real,0,0.6396487355232239,data\cache\clean\test\sidset_a8ad741ef85002f3\jpeg_q50.jpg
sidset_ab1441008986f237,jpeg_q50,sidset,real,0,0.8126700520515442,data\cache\clean\test\sidset_ab1441008986f237\jpeg_q50.jpg
sidset_ac54ef2834f8bc74,jpeg_q50,sidset,real,0,0.8795162439346313,data\cache\clean\test\sidset_ac54ef2834f8bc74\jpeg_q50.jpg
sidset_ae2a3178c574c716,jpeg_q50,sidset,real,0,0.7258497476577759,data\cache\clean\test\sidset_ae2a3178c574c716\jpeg_q50.jpg
sidset_b230de6baca8d392,jpeg_q50,sidset,real,0,0.5240906476974487,data\cache\clean\test\sidset_b230de6baca8d392\jpeg_q50.jpg
sidset_b3d460c2a4f17eff,jpeg_q50,sidset,real,0,0.9028306007385254,data\cache\clean\test\sidset_b3d460c2a4f17eff\jpeg_q50.jpg
sidset_bc70b06f0d603efd,jpeg_q50,sidset,real,0,0.9999959468841553,data\cache\clean\test\sidset_bc70b06f0d603efd\jpeg_q50.jpg
sidset_bf7100f88bf3b0f3,jpeg_q50,sidset,real,0,0.8849117755889893,data\cache\clean\test\sidset_bf7100f88bf3b0f3\jpeg_q50.jpg
sidset_c2ea9829195e05c8,jpeg_q50,sidset,real,0,0.6426463723182678,data\cache\clean\test\sidset_c2ea9829195e05c8\jpeg_q50.jpg
sidset_c2f7255d9f5d9469,jpeg_q50,sidset,real,0,0.6478762030601501,data\cache\clean\test\sidset_c2f7255d9f5d9469\jpeg_q50.jpg
sidset_c4527bae1db9f157,jpeg_q50,sidset,real,0,0.7638686299324036,data\cache\clean\test\sidset_c4527bae1db9f157\jpeg_q50.jpg
sidset_c5a378b0ea24d25e,jpeg_q50,sidset,real,0,0.9912897348403931,data\cache\clean\test\sidset_c5a378b0ea24d25e\jpeg_q50.jpg
sidset_c5f4e20e7d2e391c,jpeg_q50,sidset,real,0,0.9068569540977478,data\cache\clean\test\sidset_c5f4e20e7d2e391c\jpeg_q50.jpg
sidset_c790c7ca03b21797,jpeg_q50,sidset,real,0,0.8618160486221313,data\cache\clean\test\sidset_c790c7ca03b21797\jpeg_q50.jpg
sidset_cb68a83278e88b9d,jpeg_q50,sidset,real,0,0.9666922092437744,data\cache\clean\test\sidset_cb68a83278e88b9d\jpeg_q50.jpg
sidset_cc4571b1efacde65,jpeg_q50,sidset,real,0,0.7948126196861267,data\cache\clean\test\sidset_cc4571b1efacde65\jpeg_q50.jpg
sidset_cefabeb567a88f94,jpeg_q50,sidset,real,0,0.7198287844657898,data\cache\clean\test\sidset_cefabeb567a88f94\jpeg_q50.jpg
sidset_d652dc17bb0709b8,jpeg_q50,sidset,real,0,0.9967564940452576,data\cache\clean\test\sidset_d652dc17bb0709b8\jpeg_q50.jpg
sidset_d7c9ba7b7774dcd9,jpeg_q50,sidset,real,0,0.6571441292762756,data\cache\clean\test\sidset_d7c9ba7b7774dcd9\jpeg_q50.jpg
sidset_df089363fbc3dff5,jpeg_q50,sidset,real,0,0.9955059289932251,data\cache\clean\test\sidset_df089363fbc3dff5\jpeg_q50.jpg
sidset_df546351780cb733,jpeg_q50,sidset,real,0,0.6268497705459595,data\cache\clean\test\sidset_df546351780cb733\jpeg_q50.jpg
sidset_e67f5961f8d7c753,jpeg_q50,sidset,real,0,0.9316591024398804,data\cache\clean\test\sidset_e67f5961f8d7c753\jpeg_q50.jpg
sidset_e99541e9ff8fadb2,jpeg_q50,sidset,real,0,0.9847993850708008,data\cache\clean\test\sidset_e99541e9ff8fadb2\jpeg_q50.jpg
sidset_ef3f636bfc78f3a5,jpeg_q50,sidset,real,0,0.9314578771591187,data\cache\clean\test\sidset_ef3f636bfc78f3a5\jpeg_q50.jpg
sidset_f250696304a3be0e,jpeg_q50,sidset,real,0,0.7557161450386047,data\cache\clean\test\sidset_f250696304a3be0e\jpeg_q50.jpg
sidset_f29b3c5fffbd0d2c,jpeg_q50,sidset,real,0,0.6591613292694092,data\cache\clean\test\sidset_f29b3c5fffbd0d2c\jpeg_q50.jpg
sidset_f546b6139401dfc1,jpeg_q50,sidset,real,0,0.6800925135612488,data\cache\clean\test\sidset_f546b6139401dfc1\jpeg_q50.jpg
sidset_fac95db1f3df9775,jpeg_q50,sidset,real,0,0.999345600605011,data\cache\clean\test\sidset_fac95db1f3df9775\jpeg_q50.jpg
sidset_fb876f14b96f08aa,jpeg_q50,sidset,real,0,0.9720534086227417,data\cache\clean\test\sidset_fb876f14b96f08aa\jpeg_q50.jpg
sidset_fe0bec3214706d60,jpeg_q50,sidset,real,0,0.994117259979248,data\cache\clean\test\sidset_fe0bec3214706d60\jpeg_q50.jpg
cifake_0179 (9),jpeg_q70,cifake,real,0,0.8470916748046875,data\cache\clean\test\cifake_0179 (9)\jpeg_q70.jpg
cifake_0235,jpeg_q70,cifake,real,0,0.7563557624816895,data\cache\clean\test\cifake_0235\jpeg_q70.jpg
cifake_0618 (3),jpeg_q70,cifake,real,0,0.6701515913009644,data\cache\clean\test\cifake_0618 (3)\jpeg_q70.jpg
cifake_0793,jpeg_q70,cifake,real,0,0.8021901845932007,data\cache\clean\test\cifake_0793\jpeg_q70.jpg
cifake_0967 (9),jpeg_q70,cifake,real,0,0.7239208221435547,data\cache\clean\test\cifake_0967 (9)\jpeg_q70.jpg
cifake_1139,jpeg_q70,cifake,real,0,0.5730544328689575,data\cache\clean\test\cifake_1139\jpeg_q70.jpg
cifake_1974,jpeg_q70,cifake,real,0,0.8511624932289124,data\cache\clean\test\cifake_1974\jpeg_q70.jpg
cifake_2122,jpeg_q70,cifake,real,0,0.6831403374671936,data\cache\clean\test\cifake_2122\jpeg_q70.jpg
cifake_2633 (10),jpeg_q70,cifake,real,0,0.5150351524353027,data\cache\clean\test\cifake_2633 (10)\jpeg_q70.jpg
cifake_2660,jpeg_q70,cifake,real,0,0.8005374073982239,data\cache\clean\test\cifake_2660\jpeg_q70.jpg
cifake_2698 (9),jpeg_q70,cifake,real,0,0.5038302540779114,data\cache\clean\test\cifake_2698 (9)\jpeg_q70.jpg
cifake_3014 (5),jpeg_q70,cifake,real,0,0.5693116784095764,data\cache\clean\test\cifake_3014 (5)\jpeg_q70.jpg
cifake_3461 (5),jpeg_q70,cifake,real,0,0.720486044883728,data\cache\clean\test\cifake_3461 (5)\jpeg_q70.jpg
cifake_3916 (8),jpeg_q70,cifake,real,0,0.7585076093673706,data\cache\clean\test\cifake_3916 (8)\jpeg_q70.jpg
cifake_4389,jpeg_q70,cifake,real,0,0.6470442414283752,data\cache\clean\test\cifake_4389\jpeg_q70.jpg
cifake_4660 (5),jpeg_q70,cifake,real,0,0.8482204079627991,data\cache\clean\test\cifake_4660 (5)\jpeg_q70.jpg
cifake_4673 (5),jpeg_q70,cifake,real,0,0.9048027396202087,data\cache\clean\test\cifake_4673 (5)\jpeg_q70.jpg
cifake_4707,jpeg_q70,cifake,real,0,0.6781628131866455,data\cache\clean\test\cifake_4707\jpeg_q70.jpg
sidset_01cfa603553a1a45,jpeg_q70,sidset,real,0,0.9491694569587708,data\cache\clean\test\sidset_01cfa603553a1a45\jpeg_q70.jpg
sidset_036df955965cb2f9,jpeg_q70,sidset,real,0,0.9244881868362427,data\cache\clean\test\sidset_036df955965cb2f9\jpeg_q70.jpg
sidset_038789965a8f7606,jpeg_q70,sidset,real,0,0.9791814088821411,data\cache\clean\test\sidset_038789965a8f7606\jpeg_q70.jpg
sidset_04dca235b99ad328,jpeg_q70,sidset,real,0,0.5664294362068176,data\cache\clean\test\sidset_04dca235b99ad328\jpeg_q70.jpg
sidset_04ed850366fa5d69,jpeg_q70,sidset,real,0,0.5248161554336548,data\cache\clean\test\sidset_04ed850366fa5d69\jpeg_q70.jpg
sidset_075db643445af8e3,jpeg_q70,sidset,real,0,0.8350833654403687,data\cache\clean\test\sidset_075db643445af8e3\jpeg_q70.jpg
sidset_09f7329f0c1c9fd4,jpeg_q70,sidset,real,0,0.8157432079315186,data\cache\clean\test\sidset_09f7329f0c1c9fd4\jpeg_q70.jpg
sidset_0f8102c25fc764ea,jpeg_q70,sidset,real,0,0.9865873456001282,data\cache\clean\test\sidset_0f8102c25fc764ea\jpeg_q70.jpg
sidset_0fde67f4281cb3ac,jpeg_q70,sidset,real,0,0.9093099236488342,data\cache\clean\test\sidset_0fde67f4281cb3ac\jpeg_q70.jpg
sidset_10932d70e80241b5,jpeg_q70,sidset,real,0,0.9588732719421387,data\cache\clean\test\sidset_10932d70e80241b5\jpeg_q70.jpg
sidset_1409961a28ec7db5,jpeg_q70,sidset,real,0,0.9631173014640808,data\cache\clean\test\sidset_1409961a28ec7db5\jpeg_q70.jpg
sidset_14312756c1c94efa,jpeg_q70,sidset,real,0,0.9999288320541382,data\cache\clean\test\sidset_14312756c1c94efa\jpeg_q70.jpg
sidset_1577f06c8ee59ef0,jpeg_q70,sidset,real,0,0.7906049489974976,data\cache\clean\test\sidset_1577f06c8ee59ef0\jpeg_q70.jpg
sidset_18e30e95478d3da6,jpeg_q70,sidset,real,0,0.5658019185066223,data\cache\clean\test\sidset_18e30e95478d3da6\jpeg_q70.jpg
sidset_1d24e17c0f598d7a,jpeg_q70,sidset,real,0,0.6910244226455688,data\cache\clean\test\sidset_1d24e17c0f598d7a\jpeg_q70.jpg
sidset_22b07f2ffcaf319c,jpeg_q70,sidset,real,0,0.9994944334030151,data\cache\clean\test\sidset_22b07f2ffcaf319c\jpeg_q70.jpg
sidset_247241c5aa1f3f9c,jpeg_q70,sidset,real,0,0.5867711305618286,data\cache\clean\test\sidset_247241c5aa1f3f9c\jpeg_q70.jpg
sidset_26c389b400ea1653,jpeg_q70,sidset,real,0,0.9751276969909668,data\cache\clean\test\sidset_26c389b400ea1653\jpeg_q70.jpg
sidset_2800b0abf266ffba,jpeg_q70,sidset,real,0,0.6237664222717285,data\cache\clean\test\sidset_2800b0abf266ffba\jpeg_q70.jpg
sidset_31d44fee2c336e78,jpeg_q70,sidset,real,0,0.8434789180755615,data\cache\clean\test\sidset_31d44fee2c336e78\jpeg_q70.jpg
sidset_31f7ec5269c0f867,jpeg_q70,sidset,real,0,0.9914582371711731,data\cache\clean\test\sidset_31f7ec5269c0f867\jpeg_q70.jpg
sidset_34866edcc2800ae0,jpeg_q70,sidset,real,0,0.946389377117157,data\cache\clean\test\sidset_34866edcc2800ae0\jpeg_q70.jpg
sidset_39a3f029e2e17dd3,jpeg_q70,sidset,real,0,0.9998262524604797,data\cache\clean\test\sidset_39a3f029e2e17dd3\jpeg_q70.jpg
sidset_3beca4d6152a4aa5,jpeg_q70,sidset,real,0,0.9001108407974243,data\cache\clean\test\sidset_3beca4d6152a4aa5\jpeg_q70.jpg
sidset_3dc4bd55df5c075d,jpeg_q70,sidset,real,0,0.5401033759117126,data\cache\clean\test\sidset_3dc4bd55df5c075d\jpeg_q70.jpg
sidset_3fbc4c1574ef987d,jpeg_q70,sidset,real,0,0.8802798986434937,data\cache\clean\test\sidset_3fbc4c1574ef987d\jpeg_q70.jpg
sidset_41fcb89ff22ef83c,jpeg_q70,sidset,real,0,0.6420987248420715,data\cache\clean\test\sidset_41fcb89ff22ef83c\jpeg_q70.jpg
sidset_45a6cb8b20ae57d2,jpeg_q70,sidset,real,0,0.5157361626625061,data\cache\clean\test\sidset_45a6cb8b20ae57d2\jpeg_q70.jpg
sidset_45c5c68f5a74cd90,jpeg_q70,sidset,real,0,0.7945013046264648,data\cache\clean\test\sidset_45c5c68f5a74cd90\jpeg_q70.jpg
sidset_4ac34f7de95d2879,jpeg_q70,sidset,real,0,0.8286016583442688,data\cache\clean\test\sidset_4ac34f7de95d2879\jpeg_q70.jpg
sidset_4efd021afbfb3ae6,jpeg_q70,sidset,real,0,0.8203993439674377,data\cache\clean\test\sidset_4efd021afbfb3ae6\jpeg_q70.jpg
sidset_524db7cc1caac0b0,jpeg_q70,sidset,real,0,0.8099391460418701,data\cache\clean\test\sidset_524db7cc1caac0b0\jpeg_q70.jpg
sidset_55ed6c0bbd54e07d,jpeg_q70,sidset,real,0,0.9500206112861633,data\cache\clean\test\sidset_55ed6c0bbd54e07d\jpeg_q70.jpg
sidset_5a165a26bf8ca4be,jpeg_q70,sidset,real,0,0.9865458011627197,data\cache\clean\test\sidset_5a165a26bf8ca4be\jpeg_q70.jpg
sidset_5b8f12b78d13bfcd,jpeg_q70,sidset,real,0,0.9947237968444824,data\cache\clean\test\sidset_5b8f12b78d13bfcd\jpeg_q70.jpg
sidset_5ba522a91162ae70,jpeg_q70,sidset,real,0,0.9959633350372314,data\cache\clean\test\sidset_5ba522a91162ae70\jpeg_q70.jpg
sidset_5c175a143c23a7b8,jpeg_q70,sidset,real,0,0.5008063316345215,data\cache\clean\test\sidset_5c175a143c23a7b8\jpeg_q70.jpg
sidset_615f67f3acd96d5c,jpeg_q70,sidset,real,0,0.9180570840835571,data\cache\clean\test\sidset_615f67f3acd96d5c\jpeg_q70.jpg
sidset_630624a387e04a88,jpeg_q70,sidset,real,0,0.5134736895561218,data\cache\clean\test\sidset_630624a387e04a88\jpeg_q70.jpg
sidset_65d4916b9f3f47ba,jpeg_q70,sidset,real,0,0.5612983107566833,data\cache\clean\test\sidset_65d4916b9f3f47ba\jpeg_q70.jpg
sidset_68f0479b7dde7700,jpeg_q70,sidset,real,0,0.9411922097206116,data\cache\clean\test\sidset_68f0479b7dde7700\jpeg_q70.jpg
sidset_6b7167d906f4ff1f,jpeg_q70,sidset,real,0,0.9995090961456299,data\cache\clean\test\sidset_6b7167d906f4ff1f\jpeg_q70.jpg
sidset_6c4941996cd7f5fc,jpeg_q70,sidset,real,0,0.5418998599052429,data\cache\clean\test\sidset_6c4941996cd7f5fc\jpeg_q70.jpg
sidset_796b6212cfecb3de,jpeg_q70,sidset,real,0,0.9820360541343689,data\cache\clean\test\sidset_796b6212cfecb3de\jpeg_q70.jpg
sidset_7974984b83c15934,jpeg_q70,sidset,real,0,0.9634527564048767,data\cache\clean\test\sidset_7974984b83c15934\jpeg_q70.jpg
sidset_7b550aceb5ec111f,jpeg_q70,sidset,real,0,0.7503984570503235,data\cache\clean\test\sidset_7b550aceb5ec111f\jpeg_q70.jpg
sidset_8619862cda88466c,jpeg_q70,sidset,real,0,0.9514502882957458,data\cache\clean\test\sidset_8619862cda88466c\jpeg_q70.jpg
sidset_8d2495ea75218578,jpeg_q70,sidset,real,0,0.9947919249534607,data\cache\clean\test\sidset_8d2495ea75218578\jpeg_q70.jpg
sidset_9548acaeca2f5124,jpeg_q70,sidset,real,0,0.5603306889533997,data\cache\clean\test\sidset_9548acaeca2f5124\jpeg_q70.jpg
sidset_9915729405b9e03e,jpeg_q70,sidset,real,0,0.7470554709434509,data\cache\clean\test\sidset_9915729405b9e03e\jpeg_q70.jpg
sidset_995429a562f1aed2,jpeg_q70,sidset,real,0,0.8734118342399597,data\cache\clean\test\sidset_995429a562f1aed2\jpeg_q70.jpg
sidset_9e2a9b16ff46f867,jpeg_q70,sidset,real,0,0.8854045867919922,data\cache\clean\test\sidset_9e2a9b16ff46f867\jpeg_q70.jpg
sidset_9f5c482e3984891a,jpeg_q70,sidset,real,0,0.596905529499054,data\cache\clean\test\sidset_9f5c482e3984891a\jpeg_q70.jpg
sidset_a0c976304a971d8f,jpeg_q70,sidset,real,0,0.5582401752471924,data\cache\clean\test\sidset_a0c976304a971d8f\jpeg_q70.jpg
sidset_a3032d75347e6fa2,jpeg_q70,sidset,real,0,0.8477123379707336,data\cache\clean\test\sidset_a3032d75347e6fa2\jpeg_q70.jpg
sidset_a3293aebf3086c9f,jpeg_q70,sidset,real,0,0.9804624319076538,data\cache\clean\test\sidset_a3293aebf3086c9f\jpeg_q70.jpg
sidset_a4268c0135ca2c65,jpeg_q70,sidset,real,0,0.8113505840301514,data\cache\clean\test\sidset_a4268c0135ca2c65\jpeg_q70.jpg
sidset_a429805728e89e7d,jpeg_q70,sidset,real,0,0.9994397759437561,data\cache\clean\test\sidset_a429805728e89e7d\jpeg_q70.jpg
sidset_a8ad741ef85002f3,jpeg_q70,sidset,real,0,0.7272007465362549,data\cache\clean\test\sidset_a8ad741ef85002f3\jpeg_q70.jpg
sidset_ab1441008986f237,jpeg_q70,sidset,real,0,0.8467805981636047,data\cache\clean\test\sidset_ab1441008986f237\jpeg_q70.jpg
sidset_ac54ef2834f8bc74,jpeg_q70,sidset,real,0,0.50566565990448,data\cache\clean\test\sidset_ac54ef2834f8bc74\jpeg_q70.jpg
sidset_ae2a3178c574c716,jpeg_q70,sidset,real,0,0.5717623829841614,data\cache\clean\test\sidset_ae2a3178c574c716\jpeg_q70.jpg
sidset_b3d460c2a4f17eff,jpeg_q70,sidset,real,0,0.8691977262496948,data\cache\clean\test\sidset_b3d460c2a4f17eff\jpeg_q70.jpg
sidset_b6d4573c9d24dcf3,jpeg_q70,sidset,real,0,0.8640140891075134,data\cache\clean\test\sidset_b6d4573c9d24dcf3\jpeg_q70.jpg
sidset_bc70b06f0d603efd,jpeg_q70,sidset,real,0,0.9999963045120239,data\cache\clean\test\sidset_bc70b06f0d603efd\jpeg_q70.jpg
sidset_bf7100f88bf3b0f3,jpeg_q70,sidset,real,0,0.568629801273346,data\cache\clean\test\sidset_bf7100f88bf3b0f3\jpeg_q70.jpg
sidset_c104d5a827c3dc84,jpeg_q70,sidset,real,0,0.7333965301513672,data\cache\clean\test\sidset_c104d5a827c3dc84\jpeg_q70.jpg
sidset_c2ea9829195e05c8,jpeg_q70,sidset,real,0,0.7400007247924805,data\cache\clean\test\sidset_c2ea9829195e05c8\jpeg_q70.jpg
sidset_c5a378b0ea24d25e,jpeg_q70,sidset,real,0,0.9794959425926208,data\cache\clean\test\sidset_c5a378b0ea24d25e\jpeg_q70.jpg
sidset_c5f4e20e7d2e391c,jpeg_q70,sidset,real,0,0.8189802169799805,data\cache\clean\test\sidset_c5f4e20e7d2e391c\jpeg_q70.jpg
sidset_c790c7ca03b21797,jpeg_q70,sidset,real,0,0.8177843689918518,data\cache\clean\test\sidset_c790c7ca03b21797\jpeg_q70.jpg
sidset_cb68a83278e88b9d,jpeg_q70,sidset,real,0,0.9570316076278687,data\cache\clean\test\sidset_cb68a83278e88b9d\jpeg_q70.jpg
sidset_cc4571b1efacde65,jpeg_q70,sidset,real,0,0.8703305721282959,data\cache\clean\test\sidset_cc4571b1efacde65\jpeg_q70.jpg
sidset_d652dc17bb0709b8,jpeg_q70,sidset,real,0,0.9986054301261902,data\cache\clean\test\sidset_d652dc17bb0709b8\jpeg_q70.jpg
sidset_d7c9ba7b7774dcd9,jpeg_q70,sidset,real,0,0.5138985514640808,data\cache\clean\test\sidset_d7c9ba7b7774dcd9\jpeg_q70.jpg
sidset_d95699590a6b3fa6,jpeg_q70,sidset,real,0,0.6175861358642578,data\cache\clean\test\sidset_d95699590a6b3fa6\jpeg_q70.jpg
sidset_df089363fbc3dff5,jpeg_q70,sidset,real,0,0.960433304309845,data\cache\clean\test\sidset_df089363fbc3dff5\jpeg_q70.jpg
sidset_df546351780cb733,jpeg_q70,sidset,real,0,0.7196970582008362,data\cache\clean\test\sidset_df546351780cb733\jpeg_q70.jpg
sidset_e67f5961f8d7c753,jpeg_q70,sidset,real,0,0.9492219090461731,data\cache\clean\test\sidset_e67f5961f8d7c753\jpeg_q70.jpg
sidset_e83254d4c55675a6,jpeg_q70,sidset,real,0,0.6139270663261414,data\cache\clean\test\sidset_e83254d4c55675a6\jpeg_q70.jpg
sidset_e8e76505f6a37089,jpeg_q70,sidset,real,0,0.5013406872749329,data\cache\clean\test\sidset_e8e76505f6a37089\jpeg_q70.jpg
sidset_e99541e9ff8fadb2,jpeg_q70,sidset,real,0,0.991904616355896,data\cache\clean\test\sidset_e99541e9ff8fadb2\jpeg_q70.jpg
sidset_ef3f636bfc78f3a5,jpeg_q70,sidset,real,0,0.94649338722229,data\cache\clean\test\sidset_ef3f636bfc78f3a5\jpeg_q70.jpg
sidset_f250696304a3be0e,jpeg_q70,sidset,real,0,0.9314048886299133,data\cache\clean\test\sidset_f250696304a3be0e\jpeg_q70.jpg
sidset_f546b6139401dfc1,jpeg_q70,sidset,real,0,0.5712651014328003,data\cache\clean\test\sidset_f546b6139401dfc1\jpeg_q70.jpg
sidset_fac95db1f3df9775,jpeg_q70,sidset,real,0,0.9925678968429565,data\cache\clean\test\sidset_fac95db1f3df9775\jpeg_q70.jpg
sidset_fb876f14b96f08aa,jpeg_q70,sidset,real,0,0.9799391031265259,data\cache\clean\test\sidset_fb876f14b96f08aa\jpeg_q70.jpg
sidset_fe0bec3214706d60,jpeg_q70,sidset,real,0,0.9931042790412903,data\cache\clean\test\sidset_fe0bec3214706d60\jpeg_q70.jpg
cifake_0235,jpeg_q90,cifake,real,0,0.7316588759422302,data\cache\clean\test\cifake_0235\jpeg_q90.jpg
cifake_0618 (3),jpeg_q90,cifake,real,0,0.8646069169044495,data\cache\clean\test\cifake_0618 (3)\jpeg_q90.jpg
cifake_0793,jpeg_q90,cifake,real,0,0.6706320643424988,data\cache\clean\test\cifake_0793\jpeg_q90.jpg
cifake_1139,jpeg_q90,cifake,real,0,0.7636452317237854,data\cache\clean\test\cifake_1139\jpeg_q90.jpg
cifake_1974,jpeg_q90,cifake,real,0,0.7551352381706238,data\cache\clean\test\cifake_1974\jpeg_q90.jpg
cifake_2071,jpeg_q90,cifake,real,0,0.7855430245399475,data\cache\clean\test\cifake_2071\jpeg_q90.jpg
cifake_2633 (10),jpeg_q90,cifake,real,0,0.5151352286338806,data\cache\clean\test\cifake_2633 (10)\jpeg_q90.jpg
cifake_2660,jpeg_q90,cifake,real,0,0.7340843081474304,data\cache\clean\test\cifake_2660\jpeg_q90.jpg
cifake_3891 (3),jpeg_q90,cifake,real,0,0.5844712853431702,data\cache\clean\test\cifake_3891 (3)\jpeg_q90.jpg
cifake_4660 (5),jpeg_q90,cifake,real,0,0.9275155067443848,data\cache\clean\test\cifake_4660 (5)\jpeg_q90.jpg
sidset_01cfa603553a1a45,jpeg_q90,sidset,real,0,0.960502028465271,data\cache\clean\test\sidset_01cfa603553a1a45\jpeg_q90.jpg
sidset_02eb47f790cba404,jpeg_q90,sidset,real,0,0.6198903322219849,data\cache\clean\test\sidset_02eb47f790cba404\jpeg_q90.jpg
sidset_036df955965cb2f9,jpeg_q90,sidset,real,0,0.9947414398193359,data\cache\clean\test\sidset_036df955965cb2f9\jpeg_q90.jpg
sidset_038789965a8f7606,jpeg_q90,sidset,real,0,0.9848870635032654,data\cache\clean\test\sidset_038789965a8f7606\jpeg_q90.jpg
sidset_04c57e00f9d1b966,jpeg_q90,sidset,real,0,0.5287268161773682,data\cache\clean\test\sidset_04c57e00f9d1b966\jpeg_q90.jpg
sidset_04ed850366fa5d69,jpeg_q90,sidset,real,0,0.5784623622894287,data\cache\clean\test\sidset_04ed850366fa5d69\jpeg_q90.jpg
sidset_075db643445af8e3,jpeg_q90,sidset,real,0,0.9800752401351929,data\cache\clean\test\sidset_075db643445af8e3\jpeg_q90.jpg
sidset_0f8102c25fc764ea,jpeg_q90,sidset,real,0,0.9824355244636536,data\cache\clean\test\sidset_0f8102c25fc764ea\jpeg_q90.jpg
sidset_0fde67f4281cb3ac,jpeg_q90,sidset,real,0,0.8007214665412903,data\cache\clean\test\sidset_0fde67f4281cb3ac\jpeg_q90.jpg
sidset_10932d70e80241b5,jpeg_q90,sidset,real,0,0.9889968633651733,data\cache\clean\test\sidset_10932d70e80241b5\jpeg_q90.jpg
sidset_1409961a28ec7db5,jpeg_q90,sidset,real,0,0.9891031980514526,data\cache\clean\test\sidset_1409961a28ec7db5\jpeg_q90.jpg
sidset_14312756c1c94efa,jpeg_q90,sidset,real,0,0.9999896287918091,data\cache\clean\test\sidset_14312756c1c94efa\jpeg_q90.jpg
sidset_1577f06c8ee59ef0,jpeg_q90,sidset,real,0,0.9551624059677124,data\cache\clean\test\sidset_1577f06c8ee59ef0\jpeg_q90.jpg
sidset_165e94520f73e349,jpeg_q90,sidset,real,0,0.9718456268310547,data\cache\clean\test\sidset_165e94520f73e349\jpeg_q90.jpg
sidset_18e30e95478d3da6,jpeg_q90,sidset,real,0,0.6923837661743164,data\cache\clean\test\sidset_18e30e95478d3da6\jpeg_q90.jpg
sidset_1d24e17c0f598d7a,jpeg_q90,sidset,real,0,0.7717124223709106,data\cache\clean\test\sidset_1d24e17c0f598d7a\jpeg_q90.jpg
sidset_22b07f2ffcaf319c,jpeg_q90,sidset,real,0,0.9998517036437988,data\cache\clean\test\sidset_22b07f2ffcaf319c\jpeg_q90.jpg
sidset_240eaccddb6506ef,jpeg_q90,sidset,real,0,0.5009031295776367,data\cache\clean\test\sidset_240eaccddb6506ef\jpeg_q90.jpg
sidset_26c389b400ea1653,jpeg_q90,sidset,real,0,0.944866955280304,data\cache\clean\test\sidset_26c389b400ea1653\jpeg_q90.jpg
sidset_310e74902f5337fc,jpeg_q90,sidset,real,0,0.6067256927490234,data\cache\clean\test\sidset_310e74902f5337fc\jpeg_q90.jpg
sidset_31d44fee2c336e78,jpeg_q90,sidset,real,0,0.5824345350265503,data\cache\clean\test\sidset_31d44fee2c336e78\jpeg_q90.jpg
sidset_31f7ec5269c0f867,jpeg_q90,sidset,real,0,0.9460344910621643,data\cache\clean\test\sidset_31f7ec5269c0f867\jpeg_q90.jpg
sidset_34866edcc2800ae0,jpeg_q90,sidset,real,0,0.9562733769416809,data\cache\clean\test\sidset_34866edcc2800ae0\jpeg_q90.jpg
sidset_39a3f029e2e17dd3,jpeg_q90,sidset,real,0,0.9998719692230225,data\cache\clean\test\sidset_39a3f029e2e17dd3\jpeg_q90.jpg
sidset_3beca4d6152a4aa5,jpeg_q90,sidset,real,0,0.8456494212150574,data\cache\clean\test\sidset_3beca4d6152a4aa5\jpeg_q90.jpg
sidset_3fbc4c1574ef987d,jpeg_q90,sidset,real,0,0.5320667624473572,data\cache\clean\test\sidset_3fbc4c1574ef987d\jpeg_q90.jpg
sidset_45c5c68f5a74cd90,jpeg_q90,sidset,real,0,0.6903457641601562,data\cache\clean\test\sidset_45c5c68f5a74cd90\jpeg_q90.jpg
sidset_4ac34f7de95d2879,jpeg_q90,sidset,real,0,0.7455266118049622,data\cache\clean\test\sidset_4ac34f7de95d2879\jpeg_q90.jpg
sidset_4efd021afbfb3ae6,jpeg_q90,sidset,real,0,0.8085980415344238,data\cache\clean\test\sidset_4efd021afbfb3ae6\jpeg_q90.jpg
sidset_524db7cc1caac0b0,jpeg_q90,sidset,real,0,0.7040823101997375,data\cache\clean\test\sidset_524db7cc1caac0b0\jpeg_q90.jpg
sidset_52bf81b2d7f84101,jpeg_q90,sidset,real,0,0.910376250743866,data\cache\clean\test\sidset_52bf81b2d7f84101\jpeg_q90.jpg
sidset_55ed6c0bbd54e07d,jpeg_q90,sidset,real,0,0.9063425064086914,data\cache\clean\test\sidset_55ed6c0bbd54e07d\jpeg_q90.jpg
sidset_5a165a26bf8ca4be,jpeg_q90,sidset,real,0,0.9878746867179871,data\cache\clean\test\sidset_5a165a26bf8ca4be\jpeg_q90.jpg
sidset_5b291a7b5ae05cf0,jpeg_q90,sidset,real,0,0.8319200873374939,data\cache\clean\test\sidset_5b291a7b5ae05cf0\jpeg_q90.jpg
sidset_5b8f12b78d13bfcd,jpeg_q90,sidset,real,0,0.9666191339492798,data\cache\clean\test\sidset_5b8f12b78d13bfcd\jpeg_q90.jpg
sidset_5ba522a91162ae70,jpeg_q90,sidset,real,0,0.9976040720939636,data\cache\clean\test\sidset_5ba522a91162ae70\jpeg_q90.jpg
sidset_5c175a143c23a7b8,jpeg_q90,sidset,real,0,0.5435388088226318,data\cache\clean\test\sidset_5c175a143c23a7b8\jpeg_q90.jpg
sidset_615f67f3acd96d5c,jpeg_q90,sidset,real,0,0.8153170347213745,data\cache\clean\test\sidset_615f67f3acd96d5c\jpeg_q90.jpg
sidset_65d4916b9f3f47ba,jpeg_q90,sidset,real,0,0.7829300165176392,data\cache\clean\test\sidset_65d4916b9f3f47ba\jpeg_q90.jpg
sidset_68f0479b7dde7700,jpeg_q90,sidset,real,0,0.9670780301094055,data\cache\clean\test\sidset_68f0479b7dde7700\jpeg_q90.jpg
sidset_6b7167d906f4ff1f,jpeg_q90,sidset,real,0,0.9998747110366821,data\cache\clean\test\sidset_6b7167d906f4ff1f\jpeg_q90.jpg
sidset_6c4941996cd7f5fc,jpeg_q90,sidset,real,0,0.5410844087600708,data\cache\clean\test\sidset_6c4941996cd7f5fc\jpeg_q90.jpg
sidset_796b6212cfecb3de,jpeg_q90,sidset,real,0,0.9375537037849426,data\cache\clean\test\sidset_796b6212cfecb3de\jpeg_q90.jpg
sidset_7974984b83c15934,jpeg_q90,sidset,real,0,0.9071733951568604,data\cache\clean\test\sidset_7974984b83c15934\jpeg_q90.jpg
sidset_7b550aceb5ec111f,jpeg_q90,sidset,real,0,0.8109154105186462,data\cache\clean\test\sidset_7b550aceb5ec111f\jpeg_q90.jpg
sidset_8619862cda88466c,jpeg_q90,sidset,real,0,0.9909617304801941,data\cache\clean\test\sidset_8619862cda88466c\jpeg_q90.jpg
sidset_8d2495ea75218578,jpeg_q90,sidset,real,0,0.8379513025283813,data\cache\clean\test\sidset_8d2495ea75218578\jpeg_q90.jpg
sidset_995429a562f1aed2,jpeg_q90,sidset,real,0,0.8633677363395691,data\cache\clean\test\sidset_995429a562f1aed2\jpeg_q90.jpg
sidset_9e2a9b16ff46f867,jpeg_q90,sidset,real,0,0.9759376049041748,data\cache\clean\test\sidset_9e2a9b16ff46f867\jpeg_q90.jpg
sidset_9f5c482e3984891a,jpeg_q90,sidset,real,0,0.5699470043182373,data\cache\clean\test\sidset_9f5c482e3984891a\jpeg_q90.jpg
sidset_a0c976304a971d8f,jpeg_q90,sidset,real,0,0.6279053688049316,data\cache\clean\test\sidset_a0c976304a971d8f\jpeg_q90.jpg
sidset_a3032d75347e6fa2,jpeg_q90,sidset,real,0,0.9554670453071594,data\cache\clean\test\sidset_a3032d75347e6fa2\jpeg_q90.jpg
sidset_a3293aebf3086c9f,jpeg_q90,sidset,real,0,0.9106627106666565,data\cache\clean\test\sidset_a3293aebf3086c9f\jpeg_q90.jpg
sidset_a4268c0135ca2c65,jpeg_q90,sidset,real,0,0.81633460521698,data\cache\clean\test\sidset_a4268c0135ca2c65\jpeg_q90.jpg
sidset_a429805728e89e7d,jpeg_q90,sidset,real,0,0.9901548624038696,data\cache\clean\test\sidset_a429805728e89e7d\jpeg_q90.jpg
sidset_a8ad741ef85002f3,jpeg_q90,sidset,real,0,0.8589572310447693,data\cache\clean\test\sidset_a8ad741ef85002f3\jpeg_q90.jpg
sidset_ab1441008986f237,jpeg_q90,sidset,real,0,0.8585277795791626,data\cache\clean\test\sidset_ab1441008986f237\jpeg_q90.jpg
sidset_ac54ef2834f8bc74,jpeg_q90,sidset,real,0,0.7807420492172241,data\cache\clean\test\sidset_ac54ef2834f8bc74\jpeg_q90.jpg
sidset_b3a42a0308a160fa,jpeg_q90,sidset,real,0,0.658928394317627,data\cache\clean\test\sidset_b3a42a0308a160fa\jpeg_q90.jpg
sidset_b3d460c2a4f17eff,jpeg_q90,sidset,real,0,0.9268684387207031,data\cache\clean\test\sidset_b3d460c2a4f17eff\jpeg_q90.jpg
sidset_b6d4573c9d24dcf3,jpeg_q90,sidset,real,0,0.9401478171348572,data\cache\clean\test\sidset_b6d4573c9d24dcf3\jpeg_q90.jpg
sidset_bc70b06f0d603efd,jpeg_q90,sidset,real,0,0.9999828338623047,data\cache\clean\test\sidset_bc70b06f0d603efd\jpeg_q90.jpg
sidset_c2ea9829195e05c8,jpeg_q90,sidset,real,0,0.5254971981048584,data\cache\clean\test\sidset_c2ea9829195e05c8\jpeg_q90.jpg
sidset_c2f7255d9f5d9469,jpeg_q90,sidset,real,0,0.8174748420715332,data\cache\clean\test\sidset_c2f7255d9f5d9469\jpeg_q90.jpg
sidset_c5a378b0ea24d25e,jpeg_q90,sidset,real,0,0.9898417592048645,data\cache\clean\test\sidset_c5a378b0ea24d25e\jpeg_q90.jpg
sidset_c5f4e20e7d2e391c,jpeg_q90,sidset,real,0,0.742769718170166,data\cache\clean\test\sidset_c5f4e20e7d2e391c\jpeg_q90.jpg
sidset_c790c7ca03b21797,jpeg_q90,sidset,real,0,0.7631995677947998,data\cache\clean\test\sidset_c790c7ca03b21797\jpeg_q90.jpg
sidset_c90419b9eb89527a,jpeg_q90,sidset,real,0,0.5847206115722656,data\cache\clean\test\sidset_c90419b9eb89527a\jpeg_q90.jpg
sidset_cb68a83278e88b9d,jpeg_q90,sidset,real,0,0.983359694480896,data\cache\clean\test\sidset_cb68a83278e88b9d\jpeg_q90.jpg
sidset_cc4571b1efacde65,jpeg_q90,sidset,real,0,0.8784806132316589,data\cache\clean\test\sidset_cc4571b1efacde65\jpeg_q90.jpg
sidset_cefabeb567a88f94,jpeg_q90,sidset,real,0,0.5007850527763367,data\cache\clean\test\sidset_cefabeb567a88f94\jpeg_q90.jpg
sidset_d16d462a77a3e94c,jpeg_q90,sidset,real,0,0.5214785933494568,data\cache\clean\test\sidset_d16d462a77a3e94c\jpeg_q90.jpg
sidset_d652dc17bb0709b8,jpeg_q90,sidset,real,0,0.9736078381538391,data\cache\clean\test\sidset_d652dc17bb0709b8\jpeg_q90.jpg
sidset_d7c9ba7b7774dcd9,jpeg_q90,sidset,real,0,0.8919692635536194,data\cache\clean\test\sidset_d7c9ba7b7774dcd9\jpeg_q90.jpg
sidset_df089363fbc3dff5,jpeg_q90,sidset,real,0,0.8182308077812195,data\cache\clean\test\sidset_df089363fbc3dff5\jpeg_q90.jpg
sidset_e67f5961f8d7c753,jpeg_q90,sidset,real,0,0.7583839297294617,data\cache\clean\test\sidset_e67f5961f8d7c753\jpeg_q90.jpg
sidset_e83254d4c55675a6,jpeg_q90,sidset,real,0,0.9765627980232239,data\cache\clean\test\sidset_e83254d4c55675a6\jpeg_q90.jpg
sidset_e99541e9ff8fadb2,jpeg_q90,sidset,real,0,0.9847063422203064,data\cache\clean\test\sidset_e99541e9ff8fadb2\jpeg_q90.jpg
sidset_ef3f636bfc78f3a5,jpeg_q90,sidset,real,0,0.9644225239753723,data\cache\clean\test\sidset_ef3f636bfc78f3a5\jpeg_q90.jpg
sidset_f250696304a3be0e,jpeg_q90,sidset,real,0,0.9313464760780334,data\cache\clean\test\sidset_f250696304a3be0e\jpeg_q90.jpg
sidset_f546b6139401dfc1,jpeg_q90,sidset,real,0,0.634920060634613,data\cache\clean\test\sidset_f546b6139401dfc1\jpeg_q90.jpg
sidset_fac95db1f3df9775,jpeg_q90,sidset,real,0,0.9989707469940186,data\cache\clean\test\sidset_fac95db1f3df9775\jpeg_q90.jpg
sidset_fb876f14b96f08aa,jpeg_q90,sidset,real,0,0.8953997492790222,data\cache\clean\test\sidset_fb876f14b96f08aa\jpeg_q90.jpg
sidset_fe0bec3214706d60,jpeg_q90,sidset,real,0,0.9817283749580383,data\cache\clean\test\sidset_fe0bec3214706d60\jpeg_q90.jpg
cifake_0085,noise_s0.02,cifake,real,0,0.8479968905448914,data\cache\clean\test\cifake_0085\noise_s0.02.jpg
cifake_0179 (9),noise_s0.02,cifake,real,0,0.6832053065299988,data\cache\clean\test\cifake_0179 (9)\noise_s0.02.jpg
cifake_0235,noise_s0.02,cifake,real,0,0.7193244695663452,data\cache\clean\test\cifake_0235\noise_s0.02.jpg
cifake_0239 (10),noise_s0.02,cifake,real,0,0.5633488297462463,data\cache\clean\test\cifake_0239 (10)\noise_s0.02.jpg
cifake_0327 (5),noise_s0.02,cifake,real,0,0.7477894425392151,data\cache\clean\test\cifake_0327 (5)\noise_s0.02.jpg
cifake_0485 (9),noise_s0.02,cifake,real,0,0.8596757650375366,data\cache\clean\test\cifake_0485 (9)\noise_s0.02.jpg
cifake_0618 (3),noise_s0.02,cifake,real,0,0.7099515795707703,data\cache\clean\test\cifake_0618 (3)\noise_s0.02.jpg
cifake_0745,noise_s0.02,cifake,real,0,0.8123159408569336,data\cache\clean\test\cifake_0745\noise_s0.02.jpg
cifake_0793,noise_s0.02,cifake,real,0,0.8820316791534424,data\cache\clean\test\cifake_0793\noise_s0.02.jpg
cifake_0811,noise_s0.02,cifake,real,0,0.8081722259521484,data\cache\clean\test\cifake_0811\noise_s0.02.jpg
cifake_0858 (3),noise_s0.02,cifake,real,0,0.5717586874961853,data\cache\clean\test\cifake_0858 (3)\noise_s0.02.jpg
cifake_0967 (9),noise_s0.02,cifake,real,0,0.6752667427062988,data\cache\clean\test\cifake_0967 (9)\noise_s0.02.jpg
cifake_1139,noise_s0.02,cifake,real,0,0.7192698121070862,data\cache\clean\test\cifake_1139\noise_s0.02.jpg
cifake_1331 (2),noise_s0.02,cifake,real,0,0.9675819873809814,data\cache\clean\test\cifake_1331 (2)\noise_s0.02.jpg
cifake_1353 (9),noise_s0.02,cifake,real,0,0.6813487410545349,data\cache\clean\test\cifake_1353 (9)\noise_s0.02.jpg
cifake_1427,noise_s0.02,cifake,real,0,0.5868354439735413,data\cache\clean\test\cifake_1427\noise_s0.02.jpg
cifake_1974,noise_s0.02,cifake,real,0,0.9159746170043945,data\cache\clean\test\cifake_1974\noise_s0.02.jpg
cifake_2547,noise_s0.02,cifake,real,0,0.5829203724861145,data\cache\clean\test\cifake_2547\noise_s0.02.jpg
cifake_2660,noise_s0.02,cifake,real,0,0.9044188857078552,data\cache\clean\test\cifake_2660\noise_s0.02.jpg
cifake_3042 (4),noise_s0.02,cifake,real,0,0.5317746996879578,data\cache\clean\test\cifake_3042 (4)\noise_s0.02.jpg
cifake_3280 (8),noise_s0.02,cifake,real,0,0.7174369096755981,data\cache\clean\test\cifake_3280 (8)\noise_s0.02.jpg
cifake_3614,noise_s0.02,cifake,real,0,0.771723210811615,data\cache\clean\test\cifake_3614\noise_s0.02.jpg
cifake_3872,noise_s0.02,cifake,real,0,0.796507716178894,data\cache\clean\test\cifake_3872\noise_s0.02.jpg
cifake_3891 (3),noise_s0.02,cifake,real,0,0.6942269802093506,data\cache\clean\test\cifake_3891 (3)\noise_s0.02.jpg
cifake_3979,noise_s0.02,cifake,real,0,0.6243576407432556,data\cache\clean\test\cifake_3979\noise_s0.02.jpg
cifake_4369,noise_s0.02,cifake,real,0,0.516325056552887,data\cache\clean\test\cifake_4369\noise_s0.02.jpg
cifake_4389,noise_s0.02,cifake,real,0,0.8949289917945862,data\cache\clean\test\cifake_4389\noise_s0.02.jpg
cifake_4660 (5),noise_s0.02,cifake,real,0,0.5857675671577454,data\cache\clean\test\cifake_4660 (5)\noise_s0.02.jpg
cifake_4673 (5),noise_s0.02,cifake,real,0,0.819342315196991,data\cache\clean\test\cifake_4673 (5)\noise_s0.02.jpg
cifake_4932 (2),noise_s0.02,cifake,real,0,0.8273030519485474,data\cache\clean\test\cifake_4932 (2)\noise_s0.02.jpg
sidset_01cfa603553a1a45,noise_s0.02,sidset,real,0,0.8987008929252625,data\cache\clean\test\sidset_01cfa603553a1a45\noise_s0.02.jpg
sidset_036df955965cb2f9,noise_s0.02,sidset,real,0,0.9545667767524719,data\cache\clean\test\sidset_036df955965cb2f9\noise_s0.02.jpg
sidset_038789965a8f7606,noise_s0.02,sidset,real,0,0.973111093044281,data\cache\clean\test\sidset_038789965a8f7606\noise_s0.02.jpg
sidset_03a9da8756998d00,noise_s0.02,sidset,real,0,0.6988413333892822,data\cache\clean\test\sidset_03a9da8756998d00\noise_s0.02.jpg
sidset_04dca235b99ad328,noise_s0.02,sidset,real,0,0.7500308752059937,data\cache\clean\test\sidset_04dca235b99ad328\noise_s0.02.jpg
sidset_04ed850366fa5d69,noise_s0.02,sidset,real,0,0.8591763973236084,data\cache\clean\test\sidset_04ed850366fa5d69\noise_s0.02.jpg
sidset_075db643445af8e3,noise_s0.02,sidset,real,0,0.9011611342430115,data\cache\clean\test\sidset_075db643445af8e3\noise_s0.02.jpg
sidset_0f8102c25fc764ea,noise_s0.02,sidset,real,0,0.9755226373672485,data\cache\clean\test\sidset_0f8102c25fc764ea\noise_s0.02.jpg
sidset_0fde67f4281cb3ac,noise_s0.02,sidset,real,0,0.6904050707817078,data\cache\clean\test\sidset_0fde67f4281cb3ac\noise_s0.02.jpg
sidset_10932d70e80241b5,noise_s0.02,sidset,real,0,0.9936367273330688,data\cache\clean\test\sidset_10932d70e80241b5\noise_s0.02.jpg
sidset_1409961a28ec7db5,noise_s0.02,sidset,real,0,0.9639322757720947,data\cache\clean\test\sidset_1409961a28ec7db5\noise_s0.02.jpg
sidset_14312756c1c94efa,noise_s0.02,sidset,real,0,0.9999637603759766,data\cache\clean\test\sidset_14312756c1c94efa\noise_s0.02.jpg
sidset_1577f06c8ee59ef0,noise_s0.02,sidset,real,0,0.8195459842681885,data\cache\clean\test\sidset_1577f06c8ee59ef0\noise_s0.02.jpg
sidset_165e94520f73e349,noise_s0.02,sidset,real,0,0.930404007434845,data\cache\clean\test\sidset_165e94520f73e349\noise_s0.02.jpg
sidset_1d24e17c0f598d7a,noise_s0.02,sidset,real,0,0.8610638380050659,data\cache\clean\test\sidset_1d24e17c0f598d7a\noise_s0.02.jpg
sidset_22164251d34be040,noise_s0.02,sidset,real,0,0.7717839479446411,data\cache\clean\test\sidset_22164251d34be040\noise_s0.02.jpg
sidset_22b07f2ffcaf319c,noise_s0.02,sidset,real,0,0.998441755771637,data\cache\clean\test\sidset_22b07f2ffcaf319c\noise_s0.02.jpg
sidset_240eaccddb6506ef,noise_s0.02,sidset,real,0,0.6411758661270142,data\cache\clean\test\sidset_240eaccddb6506ef\noise_s0.02.jpg
sidset_262ab01448a69651,noise_s0.02,sidset,real,0,0.9345636963844299,data\cache\clean\test\sidset_262ab01448a69651\noise_s0.02.jpg
sidset_26c389b400ea1653,noise_s0.02,sidset,real,0,0.8962610363960266,data\cache\clean\test\sidset_26c389b400ea1653\noise_s0.02.jpg
sidset_310e74902f5337fc,noise_s0.02,sidset,real,0,0.8430929780006409,data\cache\clean\test\sidset_310e74902f5337fc\noise_s0.02.jpg
sidset_31f7ec5269c0f867,noise_s0.02,sidset,real,0,0.8046466112136841,data\cache\clean\test\sidset_31f7ec5269c0f867\noise_s0.02.jpg
sidset_34866edcc2800ae0,noise_s0.02,sidset,real,0,0.989071249961853,data\cache\clean\test\sidset_34866edcc2800ae0\noise_s0.02.jpg
sidset_39a3f029e2e17dd3,noise_s0.02,sidset,real,0,0.9997156262397766,data\cache\clean\test\sidset_39a3f029e2e17dd3\noise_s0.02.jpg
sidset_3beca4d6152a4aa5,noise_s0.02,sidset,real,0,0.804792046546936,data\cache\clean\test\sidset_3beca4d6152a4aa5\noise_s0.02.jpg
sidset_3dc4bd55df5c075d,noise_s0.02,sidset,real,0,0.6825080513954163,data\cache\clean\test\sidset_3dc4bd55df5c075d\noise_s0.02.jpg
sidset_3fbc4c1574ef987d,noise_s0.02,sidset,real,0,0.5374585390090942,data\cache\clean\test\sidset_3fbc4c1574ef987d\noise_s0.02.jpg
sidset_45a6cb8b20ae57d2,noise_s0.02,sidset,real,0,0.884368896484375,data\cache\clean\test\sidset_45a6cb8b20ae57d2\noise_s0.02.jpg
sidset_45c5c68f5a74cd90,noise_s0.02,sidset,real,0,0.8580167889595032,data\cache\clean\test\sidset_45c5c68f5a74cd90\noise_s0.02.jpg
sidset_4ac34f7de95d2879,noise_s0.02,sidset,real,0,0.5308015942573547,data\cache\clean\test\sidset_4ac34f7de95d2879\noise_s0.02.jpg
sidset_4efd021afbfb3ae6,noise_s0.02,sidset,real,0,0.6782485246658325,data\cache\clean\test\sidset_4efd021afbfb3ae6\noise_s0.02.jpg
sidset_52bf81b2d7f84101,noise_s0.02,sidset,real,0,0.7462543845176697,data\cache\clean\test\sidset_52bf81b2d7f84101\noise_s0.02.jpg
sidset_55ed6c0bbd54e07d,noise_s0.02,sidset,real,0,0.6983281373977661,data\cache\clean\test\sidset_55ed6c0bbd54e07d\noise_s0.02.jpg
sidset_5a165a26bf8ca4be,noise_s0.02,sidset,real,0,0.9948092699050903,data\cache\clean\test\sidset_5a165a26bf8ca4be\noise_s0.02.jpg
sidset_5b291a7b5ae05cf0,noise_s0.02,sidset,real,0,0.82957923412323,data\cache\clean\test\sidset_5b291a7b5ae05cf0\noise_s0.02.jpg
sidset_5b8f12b78d13bfcd,noise_s0.02,sidset,real,0,0.9885534048080444,data\cache\clean\test\sidset_5b8f12b78d13bfcd\noise_s0.02.jpg
sidset_5ba522a91162ae70,noise_s0.02,sidset,real,0,0.9899721145629883,data\cache\clean\test\sidset_5ba522a91162ae70\noise_s0.02.jpg
sidset_615f67f3acd96d5c,noise_s0.02,sidset,real,0,0.8954427242279053,data\cache\clean\test\sidset_615f67f3acd96d5c\noise_s0.02.jpg
sidset_630624a387e04a88,noise_s0.02,sidset,real,0,0.9785561561584473,data\cache\clean\test\sidset_630624a387e04a88\noise_s0.02.jpg
sidset_68f0479b7dde7700,noise_s0.02,sidset,real,0,0.9468204975128174,data\cache\clean\test\sidset_68f0479b7dde7700\noise_s0.02.jpg
sidset_6b7167d906f4ff1f,noise_s0.02,sidset,real,0,0.9751948118209839,data\cache\clean\test\sidset_6b7167d906f4ff1f\noise_s0.02.jpg
sidset_796b6212cfecb3de,noise_s0.02,sidset,real,0,0.9816555380821228,data\cache\clean\test\sidset_796b6212cfecb3de\noise_s0.02.jpg
sidset_7974984b83c15934,noise_s0.02,sidset,real,0,0.9028986096382141,data\cache\clean\test\sidset_7974984b83c15934\noise_s0.02.jpg
sidset_7b550aceb5ec111f,noise_s0.02,sidset,real,0,0.7673833966255188,data\cache\clean\test\sidset_7b550aceb5ec111f\noise_s0.02.jpg
sidset_8619862cda88466c,noise_s0.02,sidset,real,0,0.9740777015686035,data\cache\clean\test\sidset_8619862cda88466c\noise_s0.02.jpg
sidset_8865c586ab64c0f9,noise_s0.02,sidset,real,0,0.6070738434791565,data\cache\clean\test\sidset_8865c586ab64c0f9\noise_s0.02.jpg
sidset_8d2495ea75218578,noise_s0.02,sidset,real,0,0.5852288007736206,data\cache\clean\test\sidset_8d2495ea75218578\noise_s0.02.jpg
sidset_9548acaeca2f5124,noise_s0.02,sidset,real,0,0.5553648471832275,data\cache\clean\test\sidset_9548acaeca2f5124\noise_s0.02.jpg
sidset_9915729405b9e03e,noise_s0.02,sidset,real,0,0.5024632215499878,data\cache\clean\test\sidset_9915729405b9e03e\noise_s0.02.jpg
sidset_995429a562f1aed2,noise_s0.02,sidset,real,0,0.6984894871711731,data\cache\clean\test\sidset_995429a562f1aed2\noise_s0.02.jpg
sidset_9e2a9b16ff46f867,noise_s0.02,sidset,real,0,0.9076000452041626,data\cache\clean\test\sidset_9e2a9b16ff46f867\noise_s0.02.jpg
sidset_a3293aebf3086c9f,noise_s0.02,sidset,real,0,0.92807936668396,data\cache\clean\test\sidset_a3293aebf3086c9f\noise_s0.02.jpg
sidset_a429805728e89e7d,noise_s0.02,sidset,real,0,0.7097837328910828,data\cache\clean\test\sidset_a429805728e89e7d\noise_s0.02.jpg
sidset_ab1441008986f237,noise_s0.02,sidset,real,0,0.7963060736656189,data\cache\clean\test\sidset_ab1441008986f237\noise_s0.02.jpg
sidset_ac54ef2834f8bc74,noise_s0.02,sidset,real,0,0.8636010885238647,data\cache\clean\test\sidset_ac54ef2834f8bc74\noise_s0.02.jpg
sidset_b230de6baca8d392,noise_s0.02,sidset,real,0,0.9736044406890869,data\cache\clean\test\sidset_b230de6baca8d392\noise_s0.02.jpg
sidset_b3d460c2a4f17eff,noise_s0.02,sidset,real,0,0.9345762729644775,data\cache\clean\test\sidset_b3d460c2a4f17eff\noise_s0.02.jpg
sidset_b6d4573c9d24dcf3,noise_s0.02,sidset,real,0,0.8201940059661865,data\cache\clean\test\sidset_b6d4573c9d24dcf3\noise_s0.02.jpg
sidset_bc70b06f0d603efd,noise_s0.02,sidset,real,0,0.999997615814209,data\cache\clean\test\sidset_bc70b06f0d603efd\noise_s0.02.jpg
sidset_bf236ad30956e497,noise_s0.02,sidset,real,0,0.8522216081619263,data\cache\clean\test\sidset_bf236ad30956e497\noise_s0.02.jpg
sidset_bf7100f88bf3b0f3,noise_s0.02,sidset,real,0,0.5996755957603455,data\cache\clean\test\sidset_bf7100f88bf3b0f3\noise_s0.02.jpg
sidset_c2f7255d9f5d9469,noise_s0.02,sidset,real,0,0.6115703582763672,data\cache\clean\test\sidset_c2f7255d9f5d9469\noise_s0.02.jpg
sidset_c5a378b0ea24d25e,noise_s0.02,sidset,real,0,0.9796503782272339,data\cache\clean\test\sidset_c5a378b0ea24d25e\noise_s0.02.jpg
sidset_c5f4e20e7d2e391c,noise_s0.02,sidset,real,0,0.7655022740364075,data\cache\clean\test\sidset_c5f4e20e7d2e391c\noise_s0.02.jpg
sidset_c790c7ca03b21797,noise_s0.02,sidset,real,0,0.841365396976471,data\cache\clean\test\sidset_c790c7ca03b21797\noise_s0.02.jpg
sidset_cb68a83278e88b9d,noise_s0.02,sidset,real,0,0.9354061484336853,data\cache\clean\test\sidset_cb68a83278e88b9d\noise_s0.02.jpg
sidset_cc4571b1efacde65,noise_s0.02,sidset,real,0,0.8342770934104919,data\cache\clean\test\sidset_cc4571b1efacde65\noise_s0.02.jpg
sidset_d652dc17bb0709b8,noise_s0.02,sidset,real,0,0.9895380735397339,data\cache\clean\test\sidset_d652dc17bb0709b8\noise_s0.02.jpg
sidset_d7c9ba7b7774dcd9,noise_s0.02,sidset,real,0,0.8981986045837402,data\cache\clean\test\sidset_d7c9ba7b7774dcd9\noise_s0.02.jpg
sidset_de2d4b37000ff09c,noise_s0.02,sidset,real,0,0.6138558387756348,data\cache\clean\test\sidset_de2d4b37000ff09c\noise_s0.02.jpg
sidset_df089363fbc3dff5,noise_s0.02,sidset,real,0,0.9093591570854187,data\cache\clean\test\sidset_df089363fbc3dff5\noise_s0.02.jpg
sidset_e83254d4c55675a6,noise_s0.02,sidset,real,0,0.8030640482902527,data\cache\clean\test\sidset_e83254d4c55675a6\noise_s0.02.jpg
sidset_e8e76505f6a37089,noise_s0.02,sidset,real,0,0.5952433347702026,data\cache\clean\test\sidset_e8e76505f6a37089\noise_s0.02.jpg
sidset_e99541e9ff8fadb2,noise_s0.02,sidset,real,0,0.812110424041748,data\cache\clean\test\sidset_e99541e9ff8fadb2\noise_s0.02.jpg
sidset_ef3f636bfc78f3a5,noise_s0.02,sidset,real,0,0.931587815284729,data\cache\clean\test\sidset_ef3f636bfc78f3a5\noise_s0.02.jpg
sidset_f250696304a3be0e,noise_s0.02,sidset,real,0,0.8577715754508972,data\cache\clean\test\sidset_f250696304a3be0e\noise_s0.02.jpg
sidset_f546b6139401dfc1,noise_s0.02,sidset,real,0,0.6391679048538208,data\cache\clean\test\sidset_f546b6139401dfc1\noise_s0.02.jpg
sidset_fac95db1f3df9775,noise_s0.02,sidset,real,0,0.9904913306236267,data\cache\clean\test\sidset_fac95db1f3df9775\noise_s0.02.jpg
sidset_fb876f14b96f08aa,noise_s0.02,sidset,real,0,0.9608854651451111,data\cache\clean\test\sidset_fb876f14b96f08aa\noise_s0.02.jpg
cifake_0085,noise_s0.05,cifake,real,0,0.7213948965072632,data\cache\clean\test\cifake_0085\noise_s0.05.jpg
cifake_0235,noise_s0.05,cifake,real,0,0.7524635195732117,data\cache\clean\test\cifake_0235\noise_s0.05.jpg
cifake_0327 (5),noise_s0.05,cifake,real,0,0.5996595025062561,data\cache\clean\test\cifake_0327 (5)\noise_s0.05.jpg
cifake_0618 (3),noise_s0.05,cifake,real,0,0.6297616362571716,data\cache\clean\test\cifake_0618 (3)\noise_s0.05.jpg
cifake_0782,noise_s0.05,cifake,real,0,0.5258387327194214,data\cache\clean\test\cifake_0782\noise_s0.05.jpg
cifake_0793,noise_s0.05,cifake,real,0,0.8943634033203125,data\cache\clean\test\cifake_0793\noise_s0.05.jpg
cifake_0811,noise_s0.05,cifake,real,0,0.8250114321708679,data\cache\clean\test\cifake_0811\noise_s0.05.jpg
cifake_0858 (3),noise_s0.05,cifake,real,0,0.535568118095398,data\cache\clean\test\cifake_0858 (3)\noise_s0.05.jpg
cifake_0967 (9),noise_s0.05,cifake,real,0,0.6289736032485962,data\cache\clean\test\cifake_0967 (9)\noise_s0.05.jpg
cifake_1139,noise_s0.05,cifake,real,0,0.8700177073478699,data\cache\clean\test\cifake_1139\noise_s0.05.jpg
cifake_1306 (9),noise_s0.05,cifake,real,0,0.5542776584625244,data\cache\clean\test\cifake_1306 (9)\noise_s0.05.jpg
cifake_1311,noise_s0.05,cifake,real,0,0.5112215876579285,data\cache\clean\test\cifake_1311\noise_s0.05.jpg
cifake_1353 (9),noise_s0.05,cifake,real,0,0.7213321328163147,data\cache\clean\test\cifake_1353 (9)\noise_s0.05.jpg
cifake_1427,noise_s0.05,cifake,real,0,0.6095912456512451,data\cache\clean\test\cifake_1427\noise_s0.05.jpg
cifake_1545 (5),noise_s0.05,cifake,real,0,0.5607118606567383,data\cache\clean\test\cifake_1545 (5)\noise_s0.05.jpg
cifake_1974,noise_s0.05,cifake,real,0,0.8419046401977539,data\cache\clean\test\cifake_1974\noise_s0.05.jpg
cifake_2547,noise_s0.05,cifake,real,0,0.702515721321106,data\cache\clean\test\cifake_2547\noise_s0.05.jpg
cifake_2602 (7),noise_s0.05,cifake,real,0,0.8983385562896729,data\cache\clean\test\cifake_2602 (7)\noise_s0.05.jpg
cifake_2660,noise_s0.05,cifake,real,0,0.8515257239341736,data\cache\clean\test\cifake_2660\noise_s0.05.jpg
cifake_3042 (4),noise_s0.05,cifake,real,0,0.5964624285697937,data\cache\clean\test\cifake_3042 (4)\noise_s0.05.jpg
cifake_3458 (9),noise_s0.05,cifake,real,0,0.5216417908668518,data\cache\clean\test\cifake_3458 (9)\noise_s0.05.jpg
cifake_3614,noise_s0.05,cifake,real,0,0.8680606484413147,data\cache\clean\test\cifake_3614\noise_s0.05.jpg
cifake_3872,noise_s0.05,cifake,real,0,0.7071685194969177,data\cache\clean\test\cifake_3872\noise_s0.05.jpg
cifake_4186 (5),noise_s0.05,cifake,real,0,0.5607713460922241,data\cache\clean\test\cifake_4186 (5)\noise_s0.05.jpg
cifake_4389,noise_s0.05,cifake,real,0,0.8232144713401794,data\cache\clean\test\cifake_4389\noise_s0.05.jpg
cifake_4609 (2),noise_s0.05,cifake,real,0,0.869269609451294,data\cache\clean\test\cifake_4609 (2)\noise_s0.05.jpg
cifake_4660 (5),noise_s0.05,cifake,real,0,0.6405966281890869,data\cache\clean\test\cifake_4660 (5)\noise_s0.05.jpg
cifake_4673 (5),noise_s0.05,cifake,real,0,0.8176880478858948,data\cache\clean\test\cifake_4673 (5)\noise_s0.05.jpg
cifake_4932 (2),noise_s0.05,cifake,real,0,0.6243166327476501,data\cache\clean\test\cifake_4932 (2)\noise_s0.05.jpg
sidset_01cfa603553a1a45,noise_s0.05,sidset,real,0,0.9847046136856079,data\cache\clean\test\sidset_01cfa603553a1a45\noise_s0.05.jpg
sidset_036df955965cb2f9,noise_s0.05,sidset,real,0,0.9344574809074402,data\cache\clean\test\sidset_036df955965cb2f9\noise_s0.05.jpg
sidset_038789965a8f7606,noise_s0.05,sidset,real,0,0.9626805782318115,data\cache\clean\test\sidset_038789965a8f7606\noise_s0.05.jpg
sidset_04dca235b99ad328,noise_s0.05,sidset,real,0,0.8482148051261902,data\cache\clean\test\sidset_04dca235b99ad328\noise_s0.05.jpg
sidset_04ed850366fa5d69,noise_s0.05,sidset,real,0,0.6504637598991394,data\cache\clean\test\sidset_04ed850366fa5d69\noise_s0.05.jpg
sidset_09f7329f0c1c9fd4,noise_s0.05,sidset,real,0,0.8773928880691528,data\cache\clean\test\sidset_09f7329f0c1c9fd4\noise_s0.05.jpg
sidset_0f8102c25fc764ea,noise_s0.05,sidset,real,0,0.9768029451370239,data\cache\clean\test\sidset_0f8102c25fc764ea\noise_s0.05.jpg
sidset_10932d70e80241b5,noise_s0.05,sidset,real,0,0.9339209794998169,data\cache\clean\test\sidset_10932d70e80241b5\noise_s0.05.jpg
sidset_1409961a28ec7db5,noise_s0.05,sidset,real,0,0.92951899766922,data\cache\clean\test\sidset_1409961a28ec7db5\noise_s0.05.jpg
sidset_14312756c1c94efa,noise_s0.05,sidset,real,0,0.9999901056289673,data\cache\clean\test\sidset_14312756c1c94efa\noise_s0.05.jpg
sidset_1577f06c8ee59ef0,noise_s0.05,sidset,real,0,0.7911744117736816,data\cache\clean\test\sidset_1577f06c8ee59ef0\noise_s0.05.jpg
sidset_19a1dd0dde3ed26c,noise_s0.05,sidset,real,0,0.5931967496871948,data\cache\clean\test\sidset_19a1dd0dde3ed26c\noise_s0.05.jpg
sidset_1cae0a8c943c87f1,noise_s0.05,sidset,real,0,0.50757896900177,data\cache\clean\test\sidset_1cae0a8c943c87f1\noise_s0.05.jpg
sidset_1d24e17c0f598d7a,noise_s0.05,sidset,real,0,0.940311074256897,data\cache\clean\test\sidset_1d24e17c0f598d7a\noise_s0.05.jpg
sidset_22164251d34be040,noise_s0.05,sidset,real,0,0.9946433305740356,data\cache\clean\test\sidset_22164251d34be040\noise_s0.05.jpg
sidset_22b07f2ffcaf319c,noise_s0.05,sidset,real,0,0.9993970394134521,data\cache\clean\test\sidset_22b07f2ffcaf319c\noise_s0.05.jpg
sidset_240eaccddb6506ef,noise_s0.05,sidset,real,0,0.5670223236083984,data\cache\clean\test\sidset_240eaccddb6506ef\noise_s0.05.jpg
sidset_247241c5aa1f3f9c,noise_s0.05,sidset,real,0,0.7322878837585449,data\cache\clean\test\sidset_247241c5aa1f3f9c\noise_s0.05.jpg
sidset_262ab01448a69651,noise_s0.05,sidset,real,0,0.9731467962265015,data\cache\clean\test\sidset_262ab01448a69651\noise_s0.05.jpg
sidset_26c389b400ea1653,noise_s0.05,sidset,real,0,0.5997189283370972,data\cache\clean\test\sidset_26c389b400ea1653\noise_s0.05.jpg
sidset_2800b0abf266ffba,noise_s0.05,sidset,real,0,0.6239784359931946,data\cache\clean\test\sidset_2800b0abf266ffba\noise_s0.05.jpg
sidset_310e74902f5337fc,noise_s0.05,sidset,real,0,0.9425413012504578,data\cache\clean\test\sidset_310e74902f5337fc\noise_s0.05.jpg
sidset_31f7ec5269c0f867,noise_s0.05,sidset,real,0,0.618849515914917,data\cache\clean\test\sidset_31f7ec5269c0f867\noise_s0.05.jpg
sidset_34866edcc2800ae0,noise_s0.05,sidset,real,0,0.9483845233917236,data\cache\clean\test\sidset_34866edcc2800ae0\noise_s0.05.jpg
sidset_39a3f029e2e17dd3,noise_s0.05,sidset,real,0,0.9995238780975342,data\cache\clean\test\sidset_39a3f029e2e17dd3\noise_s0.05.jpg
sidset_3beca4d6152a4aa5,noise_s0.05,sidset,real,0,0.6476806402206421,data\cache\clean\test\sidset_3beca4d6152a4aa5\noise_s0.05.jpg
sidset_3dc4bd55df5c075d,noise_s0.05,sidset,real,0,0.6413570642471313,data\cache\clean\test\sidset_3dc4bd55df5c075d\noise_s0.05.jpg
sidset_41fb52633e2258f5,noise_s0.05,sidset,real,0,0.6956728100776672,data\cache\clean\test\sidset_41fb52633e2258f5\noise_s0.05.jpg
sidset_45a6cb8b20ae57d2,noise_s0.05,sidset,real,0,0.9171304702758789,data\cache\clean\test\sidset_45a6cb8b20ae57d2\noise_s0.05.jpg
sidset_45c5c68f5a74cd90,noise_s0.05,sidset,real,0,0.8557926416397095,data\cache\clean\test\sidset_45c5c68f5a74cd90\noise_s0.05.jpg
sidset_4efd021afbfb3ae6,noise_s0.05,sidset,real,0,0.519586980342865,data\cache\clean\test\sidset_4efd021afbfb3ae6\noise_s0.05.jpg
sidset_52bf81b2d7f84101,noise_s0.05,sidset,real,0,0.7402411103248596,data\cache\clean\test\sidset_52bf81b2d7f84101\noise_s0.05.jpg
sidset_55ed6c0bbd54e07d,noise_s0.05,sidset,real,0,0.9782364964485168,data\cache\clean\test\sidset_55ed6c0bbd54e07d\noise_s0.05.jpg
sidset_5a165a26bf8ca4be,noise_s0.05,sidset,real,0,0.9985117316246033,data\cache\clean\test\sidset_5a165a26bf8ca4be\noise_s0.05.jpg
sidset_5b8f12b78d13bfcd,noise_s0.05,sidset,real,0,0.9949539303779602,data\cache\clean\test\sidset_5b8f12b78d13bfcd\noise_s0.05.jpg
sidset_5ba522a91162ae70,noise_s0.05,sidset,real,0,0.9911686182022095,data\cache\clean\test\sidset_5ba522a91162ae70\noise_s0.05.jpg
sidset_5d6c80bf53edd038,noise_s0.05,sidset,real,0,0.6631767749786377,data\cache\clean\test\sidset_5d6c80bf53edd038\noise_s0.05.jpg
sidset_615f67f3acd96d5c,noise_s0.05,sidset,real,0,0.7988923788070679,data\cache\clean\test\sidset_615f67f3acd96d5c\noise_s0.05.jpg
sidset_630624a387e04a88,noise_s0.05,sidset,real,0,0.9959163069725037,data\cache\clean\test\sidset_630624a387e04a88\noise_s0.05.jpg
sidset_656916e9c7039df4,noise_s0.05,sidset,real,0,0.8156765103340149,data\cache\clean\test\sidset_656916e9c7039df4\noise_s0.05.jpg
sidset_68f0479b7dde7700,noise_s0.05,sidset,real,0,0.9032167196273804,data\cache\clean\test\sidset_68f0479b7dde7700\noise_s0.05.jpg
sidset_6a9b88d93d860623,noise_s0.05,sidset,real,0,0.6053534746170044,data\cache\clean\test\sidset_6a9b88d93d860623\noise_s0.05.jpg
sidset_6b7167d906f4ff1f,noise_s0.05,sidset,real,0,0.9958375692367554,data\cache\clean\test\sidset_6b7167d906f4ff1f\noise_s0.05.jpg
sidset_6c4941996cd7f5fc,noise_s0.05,sidset,real,0,0.8319061398506165,data\cache\clean\test\sidset_6c4941996cd7f5fc\noise_s0.05.jpg
sidset_70f5dafbaa7da68a,noise_s0.05,sidset,real,0,0.8103657364845276,data\cache\clean\test\sidset_70f5dafbaa7da68a\noise_s0.05.jpg
sidset_759a21da57c25774,noise_s0.05,sidset,real,0,0.9876577854156494,data\cache\clean\test\sidset_759a21da57c25774\noise_s0.05.jpg
sidset_772850bc0fb9e17c,noise_s0.05,sidset,real,0,0.9801681041717529,data\cache\clean\test\sidset_772850bc0fb9e17c\noise_s0.05.jpg
sidset_796b6212cfecb3de,noise_s0.05,sidset,real,0,0.9907777309417725,data\cache\clean\test\sidset_796b6212cfecb3de\noise_s0.05.jpg
sidset_7974984b83c15934,noise_s0.05,sidset,real,0,0.9648897647857666,data\cache\clean\test\sidset_7974984b83c15934\noise_s0.05.jpg
sidset_7b550aceb5ec111f,noise_s0.05,sidset,real,0,0.9602994918823242,data\cache\clean\test\sidset_7b550aceb5ec111f\noise_s0.05.jpg
sidset_7f1ce0ac000e1d6c,noise_s0.05,sidset,real,0,0.5468800663948059,data\cache\clean\test\sidset_7f1ce0ac000e1d6c\noise_s0.05.jpg
sidset_8619862cda88466c,noise_s0.05,sidset,real,0,0.9915212392807007,data\cache\clean\test\sidset_8619862cda88466c\noise_s0.05.jpg
sidset_8d2495ea75218578,noise_s0.05,sidset,real,0,0.9148956537246704,data\cache\clean\test\sidset_8d2495ea75218578\noise_s0.05.jpg
sidset_8d98f1eeb3935d09,noise_s0.05,sidset,real,0,0.8103547096252441,data\cache\clean\test\sidset_8d98f1eeb3935d09\noise_s0.05.jpg
sidset_9736650d48f51e85,noise_s0.05,sidset,real,0,0.5830029249191284,data\cache\clean\test\sidset_9736650d48f51e85\noise_s0.05.jpg
sidset_995429a562f1aed2,noise_s0.05,sidset,real,0,0.8595295548439026,data\cache\clean\test\sidset_995429a562f1aed2\noise_s0.05.jpg
sidset_9ab6bfd4544012f2,noise_s0.05,sidset,real,0,0.9229766726493835,data\cache\clean\test\sidset_9ab6bfd4544012f2\noise_s0.05.jpg
sidset_9e2a9b16ff46f867,noise_s0.05,sidset,real,0,0.8245100975036621,data\cache\clean\test\sidset_9e2a9b16ff46f867\noise_s0.05.jpg
sidset_a3293aebf3086c9f,noise_s0.05,sidset,real,0,0.9749618768692017,data\cache\clean\test\sidset_a3293aebf3086c9f\noise_s0.05.jpg
sidset_a4268c0135ca2c65,noise_s0.05,sidset,real,0,0.5736926794052124,data\cache\clean\test\sidset_a4268c0135ca2c65\noise_s0.05.jpg
sidset_ab1441008986f237,noise_s0.05,sidset,real,0,0.7471703886985779,data\cache\clean\test\sidset_ab1441008986f237\noise_s0.05.jpg
sidset_ac54ef2834f8bc74,noise_s0.05,sidset,real,0,0.694610595703125,data\cache\clean\test\sidset_ac54ef2834f8bc74\noise_s0.05.jpg
sidset_ace6b1574d0e0f60,noise_s0.05,sidset,real,0,0.5559032559394836,data\cache\clean\test\sidset_ace6b1574d0e0f60\noise_s0.05.jpg
sidset_addaecf6bdb9e66b,noise_s0.05,sidset,real,0,0.8957532048225403,data\cache\clean\test\sidset_addaecf6bdb9e66b\noise_s0.05.jpg
sidset_ae2a3178c574c716,noise_s0.05,sidset,real,0,0.5708111524581909,data\cache\clean\test\sidset_ae2a3178c574c716\noise_s0.05.jpg
sidset_b230de6baca8d392,noise_s0.05,sidset,real,0,0.9850960373878479,data\cache\clean\test\sidset_b230de6baca8d392\noise_s0.05.jpg
sidset_b3d460c2a4f17eff,noise_s0.05,sidset,real,0,0.8571799397468567,data\cache\clean\test\sidset_b3d460c2a4f17eff\noise_s0.05.jpg
sidset_b6d4573c9d24dcf3,noise_s0.05,sidset,real,0,0.8908231258392334,data\cache\clean\test\sidset_b6d4573c9d24dcf3\noise_s0.05.jpg
sidset_bc70b06f0d603efd,noise_s0.05,sidset,real,0,0.9999997615814209,data\cache\clean\test\sidset_bc70b06f0d603efd\noise_s0.05.jpg
sidset_bf236ad30956e497,noise_s0.05,sidset,real,0,0.7882928848266602,data\cache\clean\test\sidset_bf236ad30956e497\noise_s0.05.jpg
sidset_bf7100f88bf3b0f3,noise_s0.05,sidset,real,0,0.6062355041503906,data\cache\clean\test\sidset_bf7100f88bf3b0f3\noise_s0.05.jpg
sidset_c2f7255d9f5d9469,noise_s0.05,sidset,real,0,0.6091477870941162,data\cache\clean\test\sidset_c2f7255d9f5d9469\noise_s0.05.jpg
sidset_c4527bae1db9f157,noise_s0.05,sidset,real,0,0.5014092326164246,data\cache\clean\test\sidset_c4527bae1db9f157\noise_s0.05.jpg
sidset_c51e9f52ce3dbd67,noise_s0.05,sidset,real,0,0.5799665451049805,data\cache\clean\test\sidset_c51e9f52ce3dbd67\noise_s0.05.jpg
sidset_c5a378b0ea24d25e,noise_s0.05,sidset,real,0,0.9399403929710388,data\cache\clean\test\sidset_c5a378b0ea24d25e\noise_s0.05.jpg
sidset_c5f4e20e7d2e391c,noise_s0.05,sidset,real,0,0.8323068618774414,data\cache\clean\test\sidset_c5f4e20e7d2e391c\noise_s0.05.jpg
sidset_c790c7ca03b21797,noise_s0.05,sidset,real,0,0.8184391260147095,data\cache\clean\test\sidset_c790c7ca03b21797\noise_s0.05.jpg
sidset_cb68a83278e88b9d,noise_s0.05,sidset,real,0,0.9729903340339661,data\cache\clean\test\sidset_cb68a83278e88b9d\noise_s0.05.jpg
sidset_cc4571b1efacde65,noise_s0.05,sidset,real,0,0.8625612854957581,data\cache\clean\test\sidset_cc4571b1efacde65\noise_s0.05.jpg
sidset_cefabeb567a88f94,noise_s0.05,sidset,real,0,0.8157761096954346,data\cache\clean\test\sidset_cefabeb567a88f94\noise_s0.05.jpg
sidset_d652dc17bb0709b8,noise_s0.05,sidset,real,0,0.9345242381095886,data\cache\clean\test\sidset_d652dc17bb0709b8\noise_s0.05.jpg
sidset_d7c9ba7b7774dcd9,noise_s0.05,sidset,real,0,0.8720903396606445,data\cache\clean\test\sidset_d7c9ba7b7774dcd9\noise_s0.05.jpg
sidset_de2d4b37000ff09c,noise_s0.05,sidset,real,0,0.8890030384063721,data\cache\clean\test\sidset_de2d4b37000ff09c\noise_s0.05.jpg
sidset_df089363fbc3dff5,noise_s0.05,sidset,real,0,0.7920655012130737,data\cache\clean\test\sidset_df089363fbc3dff5\noise_s0.05.jpg
sidset_e67f5961f8d7c753,noise_s0.05,sidset,real,0,0.7609440684318542,data\cache\clean\test\sidset_e67f5961f8d7c753\noise_s0.05.jpg
sidset_e83254d4c55675a6,noise_s0.05,sidset,real,0,0.5528437495231628,data\cache\clean\test\sidset_e83254d4c55675a6\noise_s0.05.jpg
sidset_e8e76505f6a37089,noise_s0.05,sidset,real,0,0.8102599382400513,data\cache\clean\test\sidset_e8e76505f6a37089\noise_s0.05.jpg
sidset_e99541e9ff8fadb2,noise_s0.05,sidset,real,0,0.9533706307411194,data\cache\clean\test\sidset_e99541e9ff8fadb2\noise_s0.05.jpg
sidset_ee3e421ae3a8270d,noise_s0.05,sidset,real,0,0.5906663537025452,data\cache\clean\test\sidset_ee3e421ae3a8270d\noise_s0.05.jpg
sidset_ef3f636bfc78f3a5,noise_s0.05,sidset,real,0,0.9388214349746704,data\cache\clean\test\sidset_ef3f636bfc78f3a5\noise_s0.05.jpg
sidset_f250696304a3be0e,noise_s0.05,sidset,real,0,0.8694843053817749,data\cache\clean\test\sidset_f250696304a3be0e\noise_s0.05.jpg
sidset_f2be8bd472d53987,noise_s0.05,sidset,real,0,0.6134920716285706,data\cache\clean\test\sidset_f2be8bd472d53987\noise_s0.05.jpg
sidset_f5044c17014681a8,noise_s0.05,sidset,real,0,0.5554730296134949,data\cache\clean\test\sidset_f5044c17014681a8\noise_s0.05.jpg
sidset_f546b6139401dfc1,noise_s0.05,sidset,real,0,0.8790550827980042,data\cache\clean\test\sidset_f546b6139401dfc1\noise_s0.05.jpg
sidset_fac95db1f3df9775,noise_s0.05,sidset,real,0,0.9970429539680481,data\cache\clean\test\sidset_fac95db1f3df9775\noise_s0.05.jpg
cifake_0085,noise_s0.1,cifake,real,0,0.5875552296638489,data\cache\clean\test\cifake_0085\noise_s0.1.jpg
cifake_0179 (9),noise_s0.1,cifake,real,0,0.6364503502845764,data\cache\clean\test\cifake_0179 (9)\noise_s0.1.jpg
cifake_0235,noise_s0.1,cifake,real,0,0.9356613159179688,data\cache\clean\test\cifake_0235\noise_s0.1.jpg
cifake_0302 (9),noise_s0.1,cifake,real,0,0.7226642966270447,data\cache\clean\test\cifake_0302 (9)\noise_s0.1.jpg
cifake_0338 (2),noise_s0.1,cifake,real,0,0.58254075050354,data\cache\clean\test\cifake_0338 (2)\noise_s0.1.jpg
cifake_0782,noise_s0.1,cifake,real,0,0.7020150423049927,data\cache\clean\test\cifake_0782\noise_s0.1.jpg
cifake_0793,noise_s0.1,cifake,real,0,0.7245579957962036,data\cache\clean\test\cifake_0793\noise_s0.1.jpg
cifake_0811,noise_s0.1,cifake,real,0,0.6616396903991699,data\cache\clean\test\cifake_0811\noise_s0.1.jpg
cifake_0967 (9),noise_s0.1,cifake,real,0,0.7443536520004272,data\cache\clean\test\cifake_0967 (9)\noise_s0.1.jpg
cifake_1139,noise_s0.1,cifake,real,0,0.8758249878883362,data\cache\clean\test\cifake_1139\noise_s0.1.jpg
cifake_1306 (9),noise_s0.1,cifake,real,0,0.6436418294906616,data\cache\clean\test\cifake_1306 (9)\noise_s0.1.jpg
cifake_1353 (9),noise_s0.1,cifake,real,0,0.7254812717437744,data\cache\clean\test\cifake_1353 (9)\noise_s0.1.jpg
cifake_1427,noise_s0.1,cifake,real,0,0.714851438999176,data\cache\clean\test\cifake_1427\noise_s0.1.jpg
cifake_1974,noise_s0.1,cifake,real,0,0.5112292170524597,data\cache\clean\test\cifake_1974\noise_s0.1.jpg
cifake_2094 (3),noise_s0.1,cifake,real,0,0.5174848437309265,data\cache\clean\test\cifake_2094 (3)\noise_s0.1.jpg
cifake_2122,noise_s0.1,cifake,real,0,0.6945000886917114,data\cache\clean\test\cifake_2122\noise_s0.1.jpg
cifake_2547,noise_s0.1,cifake,real,0,0.6894253492355347,data\cache\clean\test\cifake_2547\noise_s0.1.jpg
cifake_2660,noise_s0.1,cifake,real,0,0.944654107093811,data\cache\clean\test\cifake_2660\noise_s0.1.jpg
cifake_3295 (10),noise_s0.1,cifake,real,0,0.6124971508979797,data\cache\clean\test\cifake_3295 (10)\noise_s0.1.jpg
cifake_3458 (9),noise_s0.1,cifake,real,0,0.6451507210731506,data\cache\clean\test\cifake_3458 (9)\noise_s0.1.jpg
cifake_3614,noise_s0.1,cifake,real,0,0.8249812126159668,data\cache\clean\test\cifake_3614\noise_s0.1.jpg
cifake_3819 (2),noise_s0.1,cifake,real,0,0.6457072496414185,data\cache\clean\test\cifake_3819 (2)\noise_s0.1.jpg
cifake_3891 (3),noise_s0.1,cifake,real,0,0.6769358515739441,data\cache\clean\test\cifake_3891 (3)\noise_s0.1.jpg
cifake_4103 (9),noise_s0.1,cifake,real,0,0.6757713556289673,data\cache\clean\test\cifake_4103 (9)\noise_s0.1.jpg
cifake_4186 (5),noise_s0.1,cifake,real,0,0.6288996934890747,data\cache\clean\test\cifake_4186 (5)\noise_s0.1.jpg
cifake_4389,noise_s0.1,cifake,real,0,0.7734440565109253,data\cache\clean\test\cifake_4389\noise_s0.1.jpg
cifake_4533 (5),noise_s0.1,cifake,real,0,0.5824246406555176,data\cache\clean\test\cifake_4533 (5)\noise_s0.1.jpg
cifake_4609 (2),noise_s0.1,cifake,real,0,0.9170189499855042,data\cache\clean\test\cifake_4609 (2)\noise_s0.1.jpg
cifake_4660 (5),noise_s0.1,cifake,real,0,0.766160249710083,data\cache\clean\test\cifake_4660 (5)\noise_s0.1.jpg
cifake_4673 (5),noise_s0.1,cifake,real,0,0.5823922753334045,data\cache\clean\test\cifake_4673 (5)\noise_s0.1.jpg
cifake_4707,noise_s0.1,cifake,real,0,0.5331448912620544,data\cache\clean\test\cifake_4707\noise_s0.1.jpg
sidset_011c2e4461eb1fdc,noise_s0.1,sidset,real,0,0.8858531713485718,data\cache\clean\test\sidset_011c2e4461eb1fdc\noise_s0.1.jpg
sidset_01cfa603553a1a45,noise_s0.1,sidset,real,0,0.9958817958831787,data\cache\clean\test\sidset_01cfa603553a1a45\noise_s0.1.jpg
sidset_036df955965cb2f9,noise_s0.1,sidset,real,0,0.9617978930473328,data\cache\clean\test\sidset_036df955965cb2f9\noise_s0.1.jpg
sidset_038789965a8f7606,noise_s0.1,sidset,real,0,0.9496435523033142,data\cache\clean\test\sidset_038789965a8f7606\noise_s0.1.jpg
sidset_04dca235b99ad328,noise_s0.1,sidset,real,0,0.8980744481086731,data\cache\clean\test\sidset_04dca235b99ad328\noise_s0.1.jpg
sidset_09f7329f0c1c9fd4,noise_s0.1,sidset,real,0,0.7368303537368774,data\cache\clean\test\sidset_09f7329f0c1c9fd4\noise_s0.1.jpg
sidset_0f8102c25fc764ea,noise_s0.1,sidset,real,0,0.8302484750747681,data\cache\clean\test\sidset_0f8102c25fc764ea\noise_s0.1.jpg
sidset_10932d70e80241b5,noise_s0.1,sidset,real,0,0.9087916016578674,data\cache\clean\test\sidset_10932d70e80241b5\noise_s0.1.jpg
sidset_1409961a28ec7db5,noise_s0.1,sidset,real,0,0.9459966421127319,data\cache\clean\test\sidset_1409961a28ec7db5\noise_s0.1.jpg
sidset_14312756c1c94efa,noise_s0.1,sidset,real,0,0.9999971389770508,data\cache\clean\test\sidset_14312756c1c94efa\noise_s0.1.jpg
sidset_1577f06c8ee59ef0,noise_s0.1,sidset,real,0,0.5649670958518982,data\cache\clean\test\sidset_1577f06c8ee59ef0\noise_s0.1.jpg
sidset_19a1dd0dde3ed26c,noise_s0.1,sidset,real,0,0.5860415697097778,data\cache\clean\test\sidset_19a1dd0dde3ed26c\noise_s0.1.jpg
sidset_1d24e17c0f598d7a,noise_s0.1,sidset,real,0,0.9702925682067871,data\cache\clean\test\sidset_1d24e17c0f598d7a\noise_s0.1.jpg
sidset_22164251d34be040,noise_s0.1,sidset,real,0,0.9274086952209473,data\cache\clean\test\sidset_22164251d34be040\noise_s0.1.jpg
sidset_22b07f2ffcaf319c,noise_s0.1,sidset,real,0,0.9995480179786682,data\cache\clean\test\sidset_22b07f2ffcaf319c\noise_s0.1.jpg
sidset_22e4181b42c8fd0f,noise_s0.1,sidset,real,0,0.585679292678833,data\cache\clean\test\sidset_22e4181b42c8fd0f\noise_s0.1.jpg
sidset_249ee9deb8b187fa,noise_s0.1,sidset,real,0,0.6704091429710388,data\cache\clean\test\sidset_249ee9deb8b187fa\noise_s0.1.jpg
sidset_262ab01448a69651,noise_s0.1,sidset,real,0,0.8808464407920837,data\cache\clean\test\sidset_262ab01448a69651\noise_s0.1.jpg
sidset_26c389b400ea1653,noise_s0.1,sidset,real,0,0.7106614112854004,data\cache\clean\test\sidset_26c389b400ea1653\noise_s0.1.jpg
sidset_310e74902f5337fc,noise_s0.1,sidset,real,0,0.8488602638244629,data\cache\clean\test\sidset_310e74902f5337fc\noise_s0.1.jpg
sidset_326f495eb261b65e,noise_s0.1,sidset,real,0,0.6440072655677795,data\cache\clean\test\sidset_326f495eb261b65e\noise_s0.1.jpg
sidset_34866edcc2800ae0,noise_s0.1,sidset,real,0,0.80694580078125,data\cache\clean\test\sidset_34866edcc2800ae0\noise_s0.1.jpg
sidset_39a3f029e2e17dd3,noise_s0.1,sidset,real,0,0.9953976273536682,data\cache\clean\test\sidset_39a3f029e2e17dd3\noise_s0.1.jpg
sidset_3beca4d6152a4aa5,noise_s0.1,sidset,real,0,0.8698970079421997,data\cache\clean\test\sidset_3beca4d6152a4aa5\noise_s0.1.jpg
sidset_3dc4bd55df5c075d,noise_s0.1,sidset,real,0,0.6834037899971008,data\cache\clean\test\sidset_3dc4bd55df5c075d\noise_s0.1.jpg
sidset_3f585c2908250b1b,noise_s0.1,sidset,real,0,0.500943124294281,data\cache\clean\test\sidset_3f585c2908250b1b\noise_s0.1.jpg
sidset_41fb52633e2258f5,noise_s0.1,sidset,real,0,0.7494493126869202,data\cache\clean\test\sidset_41fb52633e2258f5\noise_s0.1.jpg
sidset_44062c28bab0688d,noise_s0.1,sidset,real,0,0.808470606803894,data\cache\clean\test\sidset_44062c28bab0688d\noise_s0.1.jpg
sidset_45a6cb8b20ae57d2,noise_s0.1,sidset,real,0,0.9085264205932617,data\cache\clean\test\sidset_45a6cb8b20ae57d2\noise_s0.1.jpg
sidset_45c5c68f5a74cd90,noise_s0.1,sidset,real,0,0.5296951532363892,data\cache\clean\test\sidset_45c5c68f5a74cd90\noise_s0.1.jpg
sidset_4649ab3dc76d14bc,noise_s0.1,sidset,real,0,0.6244874000549316,data\cache\clean\test\sidset_4649ab3dc76d14bc\noise_s0.1.jpg
sidset_4e4b9b1d6e8b2aca,noise_s0.1,sidset,real,0,0.920790433883667,data\cache\clean\test\sidset_4e4b9b1d6e8b2aca\noise_s0.1.jpg
sidset_55ed6c0bbd54e07d,noise_s0.1,sidset,real,0,0.9922372698783875,data\cache\clean\test\sidset_55ed6c0bbd54e07d\noise_s0.1.jpg
sidset_5a165a26bf8ca4be,noise_s0.1,sidset,real,0,0.9961322546005249,data\cache\clean\test\sidset_5a165a26bf8ca4be\noise_s0.1.jpg
sidset_5ac8dbc3e9cad39f,noise_s0.1,sidset,real,0,0.804585874080658,data\cache\clean\test\sidset_5ac8dbc3e9cad39f\noise_s0.1.jpg
sidset_5b8f12b78d13bfcd,noise_s0.1,sidset,real,0,0.9877358078956604,data\cache\clean\test\sidset_5b8f12b78d13bfcd\noise_s0.1.jpg
sidset_5ba522a91162ae70,noise_s0.1,sidset,real,0,0.9935666918754578,data\cache\clean\test\sidset_5ba522a91162ae70\noise_s0.1.jpg
sidset_5d6c80bf53edd038,noise_s0.1,sidset,real,0,0.6907774209976196,data\cache\clean\test\sidset_5d6c80bf53edd038\noise_s0.1.jpg
sidset_5f38de5989bc70a2,noise_s0.1,sidset,real,0,0.5209529995918274,data\cache\clean\test\sidset_5f38de5989bc70a2\noise_s0.1.jpg
sidset_615f67f3acd96d5c,noise_s0.1,sidset,real,0,0.8490622043609619,data\cache\clean\test\sidset_615f67f3acd96d5c\noise_s0.1.jpg
sidset_62d3110113ec4633,noise_s0.1,sidset,real,0,0.5957723259925842,data\cache\clean\test\sidset_62d3110113ec4633\noise_s0.1.jpg
sidset_630624a387e04a88,noise_s0.1,sidset,real,0,0.9970276951789856,data\cache\clean\test\sidset_630624a387e04a88\noise_s0.1.jpg
sidset_6431b1bc822a7f18,noise_s0.1,sidset,real,0,0.6550405621528625,data\cache\clean\test\sidset_6431b1bc822a7f18\noise_s0.1.jpg
sidset_68f0479b7dde7700,noise_s0.1,sidset,real,0,0.8241274356842041,data\cache\clean\test\sidset_68f0479b7dde7700\noise_s0.1.jpg
sidset_6a9b88d93d860623,noise_s0.1,sidset,real,0,0.587103009223938,data\cache\clean\test\sidset_6a9b88d93d860623\noise_s0.1.jpg
sidset_6b7167d906f4ff1f,noise_s0.1,sidset,real,0,0.9964736104011536,data\cache\clean\test\sidset_6b7167d906f4ff1f\noise_s0.1.jpg
sidset_6c4941996cd7f5fc,noise_s0.1,sidset,real,0,0.8815745115280151,data\cache\clean\test\sidset_6c4941996cd7f5fc\noise_s0.1.jpg
sidset_6fc49bbc6acde1e9,noise_s0.1,sidset,real,0,0.6728585362434387,data\cache\clean\test\sidset_6fc49bbc6acde1e9\noise_s0.1.jpg
sidset_70f5dafbaa7da68a,noise_s0.1,sidset,real,0,0.7819507122039795,data\cache\clean\test\sidset_70f5dafbaa7da68a\noise_s0.1.jpg
sidset_759a21da57c25774,noise_s0.1,sidset,real,0,0.9964463114738464,data\cache\clean\test\sidset_759a21da57c25774\noise_s0.1.jpg
sidset_772850bc0fb9e17c,noise_s0.1,sidset,real,0,0.8928102850914001,data\cache\clean\test\sidset_772850bc0fb9e17c\noise_s0.1.jpg
sidset_796b6212cfecb3de,noise_s0.1,sidset,real,0,0.9197329878807068,data\cache\clean\test\sidset_796b6212cfecb3de\noise_s0.1.jpg
sidset_7974984b83c15934,noise_s0.1,sidset,real,0,0.9226503968238831,data\cache\clean\test\sidset_7974984b83c15934\noise_s0.1.jpg
sidset_7b550aceb5ec111f,noise_s0.1,sidset,real,0,0.92426997423172,data\cache\clean\test\sidset_7b550aceb5ec111f\noise_s0.1.jpg
sidset_7f1ce0ac000e1d6c,noise_s0.1,sidset,real,0,0.5128670930862427,data\cache\clean\test\sidset_7f1ce0ac000e1d6c\noise_s0.1.jpg
sidset_8619862cda88466c,noise_s0.1,sidset,real,0,0.9873494505882263,data\cache\clean\test\sidset_8619862cda88466c\noise_s0.1.jpg
sidset_88431f034d786206,noise_s0.1,sidset,real,0,0.6768019795417786,data\cache\clean\test\sidset_88431f034d786206\noise_s0.1.jpg
sidset_8d2495ea75218578,noise_s0.1,sidset,real,0,0.8735337257385254,data\cache\clean\test\sidset_8d2495ea75218578\noise_s0.1.jpg
sidset_8d98f1eeb3935d09,noise_s0.1,sidset,real,0,0.8383132815361023,data\cache\clean\test\sidset_8d98f1eeb3935d09\noise_s0.1.jpg
sidset_9736650d48f51e85,noise_s0.1,sidset,real,0,0.7298842072486877,data\cache\clean\test\sidset_9736650d48f51e85\noise_s0.1.jpg
sidset_981012b937df03d0,noise_s0.1,sidset,real,0,0.7323842644691467,data\cache\clean\test\sidset_981012b937df03d0\noise_s0.1.jpg
sidset_995429a562f1aed2,noise_s0.1,sidset,real,0,0.7893136739730835,data\cache\clean\test\sidset_995429a562f1aed2\noise_s0.1.jpg
sidset_9ab6bfd4544012f2,noise_s0.1,sidset,real,0,0.9107264876365662,data\cache\clean\test\sidset_9ab6bfd4544012f2\noise_s0.1.jpg
sidset_9e2a9b16ff46f867,noise_s0.1,sidset,real,0,0.5248974561691284,data\cache\clean\test\sidset_9e2a9b16ff46f867\noise_s0.1.jpg
sidset_a3293aebf3086c9f,noise_s0.1,sidset,real,0,0.9387760758399963,data\cache\clean\test\sidset_a3293aebf3086c9f\noise_s0.1.jpg
sidset_a3b670637cae6348,noise_s0.1,sidset,real,0,0.8547272682189941,data\cache\clean\test\sidset_a3b670637cae6348\noise_s0.1.jpg
sidset_a68752f61204ef57,noise_s0.1,sidset,real,0,0.9468479752540588,data\cache\clean\test\sidset_a68752f61204ef57\noise_s0.1.jpg
sidset_a79f0b1ae413f9bc,noise_s0.1,sidset,real,0,0.7562404274940491,data\cache\clean\test\sidset_a79f0b1ae413f9bc\noise_s0.1.jpg
sidset_ab1441008986f237,noise_s0.1,sidset,real,0,0.5827666521072388,data\cache\clean\test\sidset_ab1441008986f237\noise_s0.1.jpg
sidset_ac54ef2834f8bc74,noise_s0.1,sidset,real,0,0.937627375125885,data\cache\clean\test\sidset_ac54ef2834f8bc74\noise_s0.1.jpg
sidset_ace6b1574d0e0f60,noise_s0.1,sidset,real,0,0.7725996375083923,data\cache\clean\test\sidset_ace6b1574d0e0f60\noise_s0.1.jpg
sidset_addaecf6bdb9e66b,noise_s0.1,sidset,real,0,0.817925751209259,data\cache\clean\test\sidset_addaecf6bdb9e66b\noise_s0.1.jpg
sidset_ae2a3178c574c716,noise_s0.1,sidset,real,0,0.9144630432128906,data\cache\clean\test\sidset_ae2a3178c574c716\noise_s0.1.jpg
sidset_af18b6bd4586f20d,noise_s0.1,sidset,real,0,0.9181591868400574,data\cache\clean\test\sidset_af18b6bd4586f20d\noise_s0.1.jpg
sidset_b230de6baca8d392,noise_s0.1,sidset,real,0,0.8082788586616516,data\cache\clean\test\sidset_b230de6baca8d392\noise_s0.1.jpg
sidset_b3d460c2a4f17eff,noise_s0.1,sidset,real,0,0.798244059085846,data\cache\clean\test\sidset_b3d460c2a4f17eff\noise_s0.1.jpg
sidset_b6d4573c9d24dcf3,noise_s0.1,sidset,real,0,0.883756160736084,data\cache\clean\test\sidset_b6d4573c9d24dcf3\noise_s0.1.jpg
sidset_bc70b06f0d603efd,noise_s0.1,sidset,real,0,0.9999998807907104,data\cache\clean\test\sidset_bc70b06f0d603efd\noise_s0.1.jpg
sidset_bf236ad30956e497,noise_s0.1,sidset,real,0,0.8890774846076965,data\cache\clean\test\sidset_bf236ad30956e497\noise_s0.1.jpg
sidset_bf7100f88bf3b0f3,noise_s0.1,sidset,real,0,0.8786007165908813,data\cache\clean\test\sidset_bf7100f88bf3b0f3\noise_s0.1.jpg
sidset_c104d5a827c3dc84,noise_s0.1,sidset,real,0,0.9658362865447998,data\cache\clean\test\sidset_c104d5a827c3dc84\noise_s0.1.jpg
sidset_c2f7255d9f5d9469,noise_s0.1,sidset,real,0,0.8430271148681641,data\cache\clean\test\sidset_c2f7255d9f5d9469\noise_s0.1.jpg
sidset_c4527bae1db9f157,noise_s0.1,sidset,real,0,0.5391188859939575,data\cache\clean\test\sidset_c4527bae1db9f157\noise_s0.1.jpg
sidset_c51e9f52ce3dbd67,noise_s0.1,sidset,real,0,0.7087555527687073,data\cache\clean\test\sidset_c51e9f52ce3dbd67\noise_s0.1.jpg
sidset_c5a378b0ea24d25e,noise_s0.1,sidset,real,0,0.8491562008857727,data\cache\clean\test\sidset_c5a378b0ea24d25e\noise_s0.1.jpg
sidset_c5f4e20e7d2e391c,noise_s0.1,sidset,real,0,0.9258176684379578,data\cache\clean\test\sidset_c5f4e20e7d2e391c\noise_s0.1.jpg
sidset_c790c7ca03b21797,noise_s0.1,sidset,real,0,0.7169780135154724,data\cache\clean\test\sidset_c790c7ca03b21797\noise_s0.1.jpg
sidset_cb68a83278e88b9d,noise_s0.1,sidset,real,0,0.9212098717689514,data\cache\clean\test\sidset_cb68a83278e88b9d\noise_s0.1.jpg
sidset_cc4571b1efacde65,noise_s0.1,sidset,real,0,0.6041271686553955,data\cache\clean\test\sidset_cc4571b1efacde65\noise_s0.1.jpg
sidset_d16d462a77a3e94c,noise_s0.1,sidset,real,0,0.8642717599868774,data\cache\clean\test\sidset_d16d462a77a3e94c\noise_s0.1.jpg
sidset_d652dc17bb0709b8,noise_s0.1,sidset,real,0,0.826496958732605,data\cache\clean\test\sidset_d652dc17bb0709b8\noise_s0.1.jpg
sidset_d7c9ba7b7774dcd9,noise_s0.1,sidset,real,0,0.6791229844093323,data\cache\clean\test\sidset_d7c9ba7b7774dcd9\noise_s0.1.jpg
sidset_dd7f306351f863e7,noise_s0.1,sidset,real,0,0.5544492602348328,data\cache\clean\test\sidset_dd7f306351f863e7\noise_s0.1.jpg
sidset_df089363fbc3dff5,noise_s0.1,sidset,real,0,0.9083145260810852,data\cache\clean\test\sidset_df089363fbc3dff5\noise_s0.1.jpg
sidset_e130b6febe12379c,noise_s0.1,sidset,real,0,0.6757615804672241,data\cache\clean\test\sidset_e130b6febe12379c\noise_s0.1.jpg
sidset_e67f5961f8d7c753,noise_s0.1,sidset,real,0,0.8712657690048218,data\cache\clean\test\sidset_e67f5961f8d7c753\noise_s0.1.jpg
sidset_e83254d4c55675a6,noise_s0.1,sidset,real,0,0.7396286725997925,data\cache\clean\test\sidset_e83254d4c55675a6\noise_s0.1.jpg
sidset_e8e76505f6a37089,noise_s0.1,sidset,real,0,0.9236103892326355,data\cache\clean\test\sidset_e8e76505f6a37089\noise_s0.1.jpg
sidset_ef3f636bfc78f3a5,noise_s0.1,sidset,real,0,0.9585908055305481,data\cache\clean\test\sidset_ef3f636bfc78f3a5\noise_s0.1.jpg
sidset_f250696304a3be0e,noise_s0.1,sidset,real,0,0.9109746217727661,data\cache\clean\test\sidset_f250696304a3be0e\noise_s0.1.jpg
sidset_f2be8bd472d53987,noise_s0.1,sidset,real,0,0.9188963174819946,data\cache\clean\test\sidset_f2be8bd472d53987\noise_s0.1.jpg
sidset_f546b6139401dfc1,noise_s0.1,sidset,real,0,0.8603729605674744,data\cache\clean\test\sidset_f546b6139401dfc1\noise_s0.1.jpg
sidset_fac95db1f3df9775,noise_s0.1,sidset,real,0,0.9983797073364258,data\cache\clean\test\sidset_fac95db1f3df9775\noise_s0.1.jpg
cifake_0235,resize_0.25,cifake,real,0,0.7806090712547302,data\cache\clean\test\cifake_0235\resize_0.25.jpg
cifake_0618 (3),resize_0.25,cifake,real,0,0.881928563117981,data\cache\clean\test\cifake_0618 (3)\resize_0.25.jpg
cifake_0793,resize_0.25,cifake,real,0,0.9557949304580688,data\cache\clean\test\cifake_0793\resize_0.25.jpg
cifake_0967 (9),resize_0.25,cifake,real,0,0.5826541781425476,data\cache\clean\test\cifake_0967 (9)\resize_0.25.jpg
cifake_1139,resize_0.25,cifake,real,0,0.7408357262611389,data\cache\clean\test\cifake_1139\resize_0.25.jpg
cifake_1974,resize_0.25,cifake,real,0,0.813888430595398,data\cache\clean\test\cifake_1974\resize_0.25.jpg
cifake_2071,resize_0.25,cifake,real,0,0.8132597804069519,data\cache\clean\test\cifake_2071\resize_0.25.jpg
cifake_2660,resize_0.25,cifake,real,0,0.6711630821228027,data\cache\clean\test\cifake_2660\resize_0.25.jpg
cifake_2874 (4),resize_0.25,cifake,real,0,0.7488192915916443,data\cache\clean\test\cifake_2874 (4)\resize_0.25.jpg
cifake_3891 (3),resize_0.25,cifake,real,0,0.5585797429084778,data\cache\clean\test\cifake_3891 (3)\resize_0.25.jpg
cifake_4660 (5),resize_0.25,cifake,real,0,0.944629967212677,data\cache\clean\test\cifake_4660 (5)\resize_0.25.jpg
sidset_0030a581819d8d74,resize_0.25,sidset,real,0,0.5153300166130066,data\cache\clean\test\sidset_0030a581819d8d74\resize_0.25.jpg
sidset_02eb47f790cba404,resize_0.25,sidset,real,0,0.5098534226417542,data\cache\clean\test\sidset_02eb47f790cba404\resize_0.25.jpg
sidset_036df955965cb2f9,resize_0.25,sidset,real,0,0.9289174675941467,data\cache\clean\test\sidset_036df955965cb2f9\resize_0.25.jpg
sidset_038789965a8f7606,resize_0.25,sidset,real,0,0.8852005004882812,data\cache\clean\test\sidset_038789965a8f7606\resize_0.25.jpg
sidset_075db643445af8e3,resize_0.25,sidset,real,0,0.9932981133460999,data\cache\clean\test\sidset_075db643445af8e3\resize_0.25.jpg
sidset_0f8102c25fc764ea,resize_0.25,sidset,real,0,0.9720565676689148,data\cache\clean\test\sidset_0f8102c25fc764ea\resize_0.25.jpg
sidset_10932d70e80241b5,resize_0.25,sidset,real,0,0.8843995928764343,data\cache\clean\test\sidset_10932d70e80241b5\resize_0.25.jpg
sidset_1409961a28ec7db5,resize_0.25,sidset,real,0,0.9823464751243591,data\cache\clean\test\sidset_1409961a28ec7db5\resize_0.25.jpg
sidset_14312756c1c94efa,resize_0.25,sidset,real,0,0.9999958276748657,data\cache\clean\test\sidset_14312756c1c94efa\resize_0.25.jpg
sidset_1577f06c8ee59ef0,resize_0.25,sidset,real,0,0.9638856053352356,data\cache\clean\test\sidset_1577f06c8ee59ef0\resize_0.25.jpg
sidset_16c4058cc17896fc,resize_0.25,sidset,real,0,0.8377456665039062,data\cache\clean\test\sidset_16c4058cc17896fc\resize_0.25.jpg
sidset_18e30e95478d3da6,resize_0.25,sidset,real,0,0.9773287177085876,data\cache\clean\test\sidset_18e30e95478d3da6\resize_0.25.jpg
sidset_19a1dd0dde3ed26c,resize_0.25,sidset,real,0,0.5586957335472107,data\cache\clean\test\sidset_19a1dd0dde3ed26c\resize_0.25.jpg
sidset_1cae0a8c943c87f1,resize_0.25,sidset,real,0,0.7186328172683716,data\cache\clean\test\sidset_1cae0a8c943c87f1\resize_0.25.jpg
sidset_1d24e17c0f598d7a,resize_0.25,sidset,real,0,0.9619917869567871,data\cache\clean\test\sidset_1d24e17c0f598d7a\resize_0.25.jpg
sidset_22b07f2ffcaf319c,resize_0.25,sidset,real,0,0.9999631643295288,data\cache\clean\test\sidset_22b07f2ffcaf319c\resize_0.25.jpg
sidset_230a893e83782a7f,resize_0.25,sidset,real,0,0.9206201434135437,data\cache\clean\test\sidset_230a893e83782a7f\resize_0.25.jpg
sidset_240eaccddb6506ef,resize_0.25,sidset,real,0,0.6446416974067688,data\cache\clean\test\sidset_240eaccddb6506ef\resize_0.25.jpg
sidset_247241c5aa1f3f9c,resize_0.25,sidset,real,0,0.9093929529190063,data\cache\clean\test\sidset_247241c5aa1f3f9c\resize_0.25.jpg
sidset_26c389b400ea1653,resize_0.25,sidset,real,0,0.9920095205307007,data\cache\clean\test\sidset_26c389b400ea1653\resize_0.25.jpg
sidset_2800b0abf266ffba,resize_0.25,sidset,real,0,0.5519039630889893,data\cache\clean\test\sidset_2800b0abf266ffba\resize_0.25.jpg
sidset_2c1459dad82c7713,resize_0.25,sidset,real,0,0.5086604356765747,data\cache\clean\test\sidset_2c1459dad82c7713\resize_0.25.jpg
sidset_31d44fee2c336e78,resize_0.25,sidset,real,0,0.879387617111206,data\cache\clean\test\sidset_31d44fee2c336e78\resize_0.25.jpg
sidset_31f7ec5269c0f867,resize_0.25,sidset,real,0,0.678170919418335,data\cache\clean\test\sidset_31f7ec5269c0f867\resize_0.25.jpg
sidset_34866edcc2800ae0,resize_0.25,sidset,real,0,0.8356748819351196,data\cache\clean\test\sidset_34866edcc2800ae0\resize_0.25.jpg
sidset_36ec0b674a14714a,resize_0.25,sidset,real,0,0.697561502456665,data\cache\clean\test\sidset_36ec0b674a14714a\resize_0.25.jpg
sidset_39a3f029e2e17dd3,resize_0.25,sidset,real,0,0.999277651309967,data\cache\clean\test\sidset_39a3f029e2e17dd3\resize_0.25.jpg
sidset_3beca4d6152a4aa5,resize_0.25,sidset,real,0,0.9223173260688782,data\cache\clean\test\sidset_3beca4d6152a4aa5\resize_0.25.jpg
sidset_41fcb89ff22ef83c,resize_0.25,sidset,real,0,0.6379141211509705,data\cache\clean\test\sidset_41fcb89ff22ef83c\resize_0.25.jpg
sidset_44062c28bab0688d,resize_0.25,sidset,real,0,0.576779842376709,data\cache\clean\test\sidset_44062c28bab0688d\resize_0.25.jpg
sidset_4ac34f7de95d2879,resize_0.25,sidset,real,0,0.8825206756591797,data\cache\clean\test\sidset_4ac34f7de95d2879\resize_0.25.jpg
sidset_4e4b9b1d6e8b2aca,resize_0.25,sidset,real,0,0.8909947872161865,data\cache\clean\test\sidset_4e4b9b1d6e8b2aca\resize_0.25.jpg
sidset_4efd021afbfb3ae6,resize_0.25,sidset,real,0,0.7812353372573853,data\cache\clean\test\sidset_4efd021afbfb3ae6\resize_0.25.jpg
sidset_51655a8a28f25f11,resize_0.25,sidset,real,0,0.8942592740058899,data\cache\clean\test\sidset_51655a8a28f25f11\resize_0.25.jpg
sidset_524db7cc1caac0b0,resize_0.25,sidset,real,0,0.9302878379821777,data\cache\clean\test\sidset_524db7cc1caac0b0\resize_0.25.jpg
sidset_52abd3a1d147812f,resize_0.25,sidset,real,0,0.9427017569541931,data\cache\clean\test\sidset_52abd3a1d147812f\resize_0.25.jpg
sidset_52bf81b2d7f84101,resize_0.25,sidset,real,0,0.7905053496360779,data\cache\clean\test\sidset_52bf81b2d7f84101\resize_0.25.jpg
sidset_55ed6c0bbd54e07d,resize_0.25,sidset,real,0,0.7396824955940247,data\cache\clean\test\sidset_55ed6c0bbd54e07d\resize_0.25.jpg
sidset_5a165a26bf8ca4be,resize_0.25,sidset,real,0,0.985933244228363,data\cache\clean\test\sidset_5a165a26bf8ca4be\resize_0.25.jpg
sidset_5b8f12b78d13bfcd,resize_0.25,sidset,real,0,0.9790439605712891,data\cache\clean\test\sidset_5b8f12b78d13bfcd\resize_0.25.jpg
sidset_5ba522a91162ae70,resize_0.25,sidset,real,0,0.9980083107948303,data\cache\clean\test\sidset_5ba522a91162ae70\resize_0.25.jpg
sidset_5bfa50b83754c8c0,resize_0.25,sidset,real,0,0.780470073223114,data\cache\clean\test\sidset_5bfa50b83754c8c0\resize_0.25.jpg
sidset_5c175a143c23a7b8,resize_0.25,sidset,real,0,0.7763533592224121,data\cache\clean\test\sidset_5c175a143c23a7b8\resize_0.25.jpg
sidset_5f38de5989bc70a2,resize_0.25,sidset,real,0,0.7788923382759094,data\cache\clean\test\sidset_5f38de5989bc70a2\resize_0.25.jpg
sidset_615f67f3acd96d5c,resize_0.25,sidset,real,0,0.5191681981086731,data\cache\clean\test\sidset_615f67f3acd96d5c\resize_0.25.jpg
sidset_65d4916b9f3f47ba,resize_0.25,sidset,real,0,0.7770257592201233,data\cache\clean\test\sidset_65d4916b9f3f47ba\resize_0.25.jpg
sidset_65fc1b103d53aa5c,resize_0.25,sidset,real,0,0.626878023147583,data\cache\clean\test\sidset_65fc1b103d53aa5c\resize_0.25.jpg
sidset_68f0479b7dde7700,resize_0.25,sidset,real,0,0.982880175113678,data\cache\clean\test\sidset_68f0479b7dde7700\resize_0.25.jpg
sidset_6a9b88d93d860623,resize_0.25,sidset,real,0,0.9659378528594971,data\cache\clean\test\sidset_6a9b88d93d860623\resize_0.25.jpg
sidset_6b7167d906f4ff1f,resize_0.25,sidset,real,0,0.9999126195907593,data\cache\clean\test\sidset_6b7167d906f4ff1f\resize_0.25.jpg
sidset_6c4941996cd7f5fc,resize_0.25,sidset,real,0,0.9451888799667358,data\cache\clean\test\sidset_6c4941996cd7f5fc\resize_0.25.jpg
sidset_7326da21260cae9e,resize_0.25,sidset,real,0,0.7433933615684509,data\cache\clean\test\sidset_7326da21260cae9e\resize_0.25.jpg
sidset_772850bc0fb9e17c,resize_0.25,sidset,real,0,0.8769544959068298,data\cache\clean\test\sidset_772850bc0fb9e17c\resize_0.25.jpg
sidset_796b6212cfecb3de,resize_0.25,sidset,real,0,0.7534883618354797,data\cache\clean\test\sidset_796b6212cfecb3de\resize_0.25.jpg
sidset_7974984b83c15934,resize_0.25,sidset,real,0,0.8577200770378113,data\cache\clean\test\sidset_7974984b83c15934\resize_0.25.jpg
sidset_7b550aceb5ec111f,resize_0.25,sidset,real,0,0.9722923636436462,data\cache\clean\test\sidset_7b550aceb5ec111f\resize_0.25.jpg
sidset_8619862cda88466c,resize_0.25,sidset,real,0,0.9933046698570251,data\cache\clean\test\sidset_8619862cda88466c\resize_0.25.jpg
sidset_9548acaeca2f5124,resize_0.25,sidset,real,0,0.5980449318885803,data\cache\clean\test\sidset_9548acaeca2f5124\resize_0.25.jpg
sidset_9915729405b9e03e,resize_0.25,sidset,real,0,0.7752947807312012,data\cache\clean\test\sidset_9915729405b9e03e\resize_0.25.jpg
sidset_995429a562f1aed2,resize_0.25,sidset,real,0,0.9016091227531433,data\cache\clean\test\sidset_995429a562f1aed2\resize_0.25.jpg
sidset_9e2a9b16ff46f867,resize_0.25,sidset,real,0,0.9559845924377441,data\cache\clean\test\sidset_9e2a9b16ff46f867\resize_0.25.jpg
sidset_9f5c482e3984891a,resize_0.25,sidset,real,0,0.9044916033744812,data\cache\clean\test\sidset_9f5c482e3984891a\resize_0.25.jpg
sidset_a3032d75347e6fa2,resize_0.25,sidset,real,0,0.9873970150947571,data\cache\clean\test\sidset_a3032d75347e6fa2\resize_0.25.jpg
sidset_a3293aebf3086c9f,resize_0.25,sidset,real,0,0.8488430380821228,data\cache\clean\test\sidset_a3293aebf3086c9f\resize_0.25.jpg
sidset_a429805728e89e7d,resize_0.25,sidset,real,0,0.9967453479766846,data\cache\clean\test\sidset_a429805728e89e7d\resize_0.25.jpg
sidset_a68752f61204ef57,resize_0.25,sidset,real,0,0.6130777597427368,data\cache\clean\test\sidset_a68752f61204ef57\resize_0.25.jpg
sidset_a8ad741ef85002f3,resize_0.25,sidset,real,0,0.7457547783851624,data\cache\clean\test\sidset_a8ad741ef85002f3\resize_0.25.jpg
sidset_a8c91bd501d586fa,resize_0.25,sidset,real,0,0.9585983753204346,data\cache\clean\test\sidset_a8c91bd501d586fa\resize_0.25.jpg
sidset_ab1441008986f237,resize_0.25,sidset,real,0,0.8264548182487488,data\cache\clean\test\sidset_ab1441008986f237\resize_0.25.jpg
sidset_ac54ef2834f8bc74,resize_0.25,sidset,real,0,0.8630526661872864,data\cache\clean\test\sidset_ac54ef2834f8bc74\resize_0.25.jpg
sidset_ae2a3178c574c716,resize_0.25,sidset,real,0,0.6005798578262329,data\cache\clean\test\sidset_ae2a3178c574c716\resize_0.25.jpg
sidset_b230de6baca8d392,resize_0.25,sidset,real,0,0.9844431281089783,data\cache\clean\test\sidset_b230de6baca8d392\resize_0.25.jpg
sidset_b2a36196721315df,resize_0.25,sidset,real,0,0.799832284450531,data\cache\clean\test\sidset_b2a36196721315df\resize_0.25.jpg
sidset_b3d460c2a4f17eff,resize_0.25,sidset,real,0,0.9065768122673035,data\cache\clean\test\sidset_b3d460c2a4f17eff\resize_0.25.jpg
sidset_b6d4573c9d24dcf3,resize_0.25,sidset,real,0,0.9855715036392212,data\cache\clean\test\sidset_b6d4573c9d24dcf3\resize_0.25.jpg
sidset_bc280ffeb57ce51b,resize_0.25,sidset,real,0,0.7136145830154419,data\cache\clean\test\sidset_bc280ffeb57ce51b\resize_0.25.jpg
sidset_bc70b06f0d603efd,resize_0.25,sidset,real,0,0.9999914169311523,data\cache\clean\test\sidset_bc70b06f0d603efd\resize_0.25.jpg
sidset_bf7100f88bf3b0f3,resize_0.25,sidset,real,0,0.7317137122154236,data\cache\clean\test\sidset_bf7100f88bf3b0f3\resize_0.25.jpg
sidset_c104d5a827c3dc84,resize_0.25,sidset,real,0,0.9859155416488647,data\cache\clean\test\sidset_c104d5a827c3dc84\resize_0.25.jpg
sidset_c4527bae1db9f157,resize_0.25,sidset,real,0,0.8304800391197205,data\cache\clean\test\sidset_c4527bae1db9f157\resize_0.25.jpg
sidset_c5a378b0ea24d25e,resize_0.25,sidset,real,0,0.9799805283546448,data\cache\clean\test\sidset_c5a378b0ea24d25e\resize_0.25.jpg
sidset_c5f4e20e7d2e391c,resize_0.25,sidset,real,0,0.5570009350776672,data\cache\clean\test\sidset_c5f4e20e7d2e391c\resize_0.25.jpg
sidset_c790c7ca03b21797,resize_0.25,sidset,real,0,0.7400878667831421,data\cache\clean\test\sidset_c790c7ca03b21797\resize_0.25.jpg
sidset_c90419b9eb89527a,resize_0.25,sidset,real,0,0.5494083166122437,data\cache\clean\test\sidset_c90419b9eb89527a\resize_0.25.jpg
sidset_cb68a83278e88b9d,resize_0.25,sidset,real,0,0.997597873210907,data\cache\clean\test\sidset_cb68a83278e88b9d\resize_0.25.jpg
sidset_cc4571b1efacde65,resize_0.25,sidset,real,0,0.8616724610328674,data\cache\clean\test\sidset_cc4571b1efacde65\resize_0.25.jpg
sidset_ce09a25a50fdfe47,resize_0.25,sidset,real,0,0.7682482004165649,data\cache\clean\test\sidset_ce09a25a50fdfe47\resize_0.25.jpg
sidset_d1bccd9512c32cdc,resize_0.25,sidset,real,0,0.5968994498252869,data\cache\clean\test\sidset_d1bccd9512c32cdc\resize_0.25.jpg
sidset_d652dc17bb0709b8,resize_0.25,sidset,real,0,0.9649247527122498,data\cache\clean\test\sidset_d652dc17bb0709b8\resize_0.25.jpg
sidset_d7c9ba7b7774dcd9,resize_0.25,sidset,real,0,0.6813403367996216,data\cache\clean\test\sidset_d7c9ba7b7774dcd9\resize_0.25.jpg
sidset_d95699590a6b3fa6,resize_0.25,sidset,real,0,0.8886069059371948,data\cache\clean\test\sidset_d95699590a6b3fa6\resize_0.25.jpg
sidset_de2d4b37000ff09c,resize_0.25,sidset,real,0,0.9540320038795471,data\cache\clean\test\sidset_de2d4b37000ff09c\resize_0.25.jpg
sidset_df089363fbc3dff5,resize_0.25,sidset,real,0,0.8990938067436218,data\cache\clean\test\sidset_df089363fbc3dff5\resize_0.25.jpg
sidset_df546351780cb733,resize_0.25,sidset,real,0,0.5028315782546997,data\cache\clean\test\sidset_df546351780cb733\resize_0.25.jpg
sidset_e20f8df5bc8ae19c,resize_0.25,sidset,real,0,0.6916562914848328,data\cache\clean\test\sidset_e20f8df5bc8ae19c\resize_0.25.jpg
sidset_e67f5961f8d7c753,resize_0.25,sidset,real,0,0.9970608353614807,data\cache\clean\test\sidset_e67f5961f8d7c753\resize_0.25.jpg
sidset_e99541e9ff8fadb2,resize_0.25,sidset,real,0,0.986616849899292,data\cache\clean\test\sidset_e99541e9ff8fadb2\resize_0.25.jpg
sidset_ef3f636bfc78f3a5,resize_0.25,sidset,real,0,0.9053515195846558,data\cache\clean\test\sidset_ef3f636bfc78f3a5\resize_0.25.jpg
sidset_f1dcc7d3f0ff18ab,resize_0.25,sidset,real,0,0.6815252304077148,data\cache\clean\test\sidset_f1dcc7d3f0ff18ab\resize_0.25.jpg
sidset_f250696304a3be0e,resize_0.25,sidset,real,0,0.9571765065193176,data\cache\clean\test\sidset_f250696304a3be0e\resize_0.25.jpg
sidset_f5044c17014681a8,resize_0.25,sidset,real,0,0.5184988975524902,data\cache\clean\test\sidset_f5044c17014681a8\resize_0.25.jpg
sidset_f546b6139401dfc1,resize_0.25,sidset,real,0,0.7570403814315796,data\cache\clean\test\sidset_f546b6139401dfc1\resize_0.25.jpg
sidset_fac95db1f3df9775,resize_0.25,sidset,real,0,0.999444305896759,data\cache\clean\test\sidset_fac95db1f3df9775\resize_0.25.jpg
sidset_fb876f14b96f08aa,resize_0.25,sidset,real,0,0.9919530749320984,data\cache\clean\test\sidset_fb876f14b96f08aa\resize_0.25.jpg
sidset_fe0bec3214706d60,resize_0.25,sidset,real,0,0.9903897643089294,data\cache\clean\test\sidset_fe0bec3214706d60\resize_0.25.jpg
cifake_0235,resize_0.5,cifake,real,0,0.8013766407966614,data\cache\clean\test\cifake_0235\resize_0.5.jpg
cifake_0618 (3),resize_0.5,cifake,real,0,0.8873372673988342,data\cache\clean\test\cifake_0618 (3)\resize_0.5.jpg
cifake_0793,resize_0.5,cifake,real,0,0.9458311796188354,data\cache\clean\test\cifake_0793\resize_0.5.jpg
cifake_1139,resize_0.5,cifake,real,0,0.6860785484313965,data\cache\clean\test\cifake_1139\resize_0.5.jpg
cifake_1974,resize_0.5,cifake,real,0,0.802405059337616,data\cache\clean\test\cifake_1974\resize_0.5.jpg
cifake_2071,resize_0.5,cifake,real,0,0.6360296607017517,data\cache\clean\test\cifake_2071\resize_0.5.jpg
cifake_2122,resize_0.5,cifake,real,0,0.5235434174537659,data\cache\clean\test\cifake_2122\resize_0.5.jpg
cifake_2660,resize_0.5,cifake,real,0,0.7731528878211975,data\cache\clean\test\cifake_2660\resize_0.5.jpg
cifake_2874 (4),resize_0.5,cifake,real,0,0.6525129079818726,data\cache\clean\test\cifake_2874 (4)\resize_0.5.jpg
cifake_3891 (3),resize_0.5,cifake,real,0,0.614022433757782,data\cache\clean\test\cifake_3891 (3)\resize_0.5.jpg
cifake_3916 (8),resize_0.5,cifake,real,0,0.5007332563400269,data\cache\clean\test\cifake_3916 (8)\resize_0.5.jpg
cifake_4660 (5),resize_0.5,cifake,real,0,0.9445392489433289,data\cache\clean\test\cifake_4660 (5)\resize_0.5.jpg
sidset_01cfa603553a1a45,resize_0.5,sidset,real,0,0.9783891439437866,data\cache\clean\test\sidset_01cfa603553a1a45\resize_0.5.jpg
sidset_036df955965cb2f9,resize_0.5,sidset,real,0,0.8893598318099976,data\cache\clean\test\sidset_036df955965cb2f9\resize_0.5.jpg
sidset_038789965a8f7606,resize_0.5,sidset,real,0,0.9503713846206665,data\cache\clean\test\sidset_038789965a8f7606\resize_0.5.jpg
sidset_075db643445af8e3,resize_0.5,sidset,real,0,0.9714351892471313,data\cache\clean\test\sidset_075db643445af8e3\resize_0.5.jpg
sidset_0e40f2f48ac5ec94,resize_0.5,sidset,real,0,0.974177360534668,data\cache\clean\test\sidset_0e40f2f48ac5ec94\resize_0.5.jpg
sidset_0f8102c25fc764ea,resize_0.5,sidset,real,0,0.9906892776489258,data\cache\clean\test\sidset_0f8102c25fc764ea\resize_0.5.jpg
sidset_10932d70e80241b5,resize_0.5,sidset,real,0,0.9413338303565979,data\cache\clean\test\sidset_10932d70e80241b5\resize_0.5.jpg
sidset_1409961a28ec7db5,resize_0.5,sidset,real,0,0.9892758131027222,data\cache\clean\test\sidset_1409961a28ec7db5\resize_0.5.jpg
sidset_14312756c1c94efa,resize_0.5,sidset,real,0,0.9999880790710449,data\cache\clean\test\sidset_14312756c1c94efa\resize_0.5.jpg
sidset_1577f06c8ee59ef0,resize_0.5,sidset,real,0,0.8625736236572266,data\cache\clean\test\sidset_1577f06c8ee59ef0\resize_0.5.jpg
sidset_165e94520f73e349,resize_0.5,sidset,real,0,0.9441584348678589,data\cache\clean\test\sidset_165e94520f73e349\resize_0.5.jpg
sidset_16c4058cc17896fc,resize_0.5,sidset,real,0,0.6952696442604065,data\cache\clean\test\sidset_16c4058cc17896fc\resize_0.5.jpg
sidset_18e30e95478d3da6,resize_0.5,sidset,real,0,0.814831018447876,data\cache\clean\test\sidset_18e30e95478d3da6\resize_0.5.jpg
sidset_1cae0a8c943c87f1,resize_0.5,sidset,real,0,0.6771062612533569,data\cache\clean\test\sidset_1cae0a8c943c87f1\resize_0.5.jpg
sidset_1d24e17c0f598d7a,resize_0.5,sidset,real,0,0.8909556269645691,data\cache\clean\test\sidset_1d24e17c0f598d7a\resize_0.5.jpg
sidset_22b07f2ffcaf319c,resize_0.5,sidset,real,0,0.9991438388824463,data\cache\clean\test\sidset_22b07f2ffcaf319c\resize_0.5.jpg
sidset_240eaccddb6506ef,resize_0.5,sidset,real,0,0.6619150042533875,data\cache\clean\test\sidset_240eaccddb6506ef\resize_0.5.jpg
sidset_247241c5aa1f3f9c,resize_0.5,sidset,real,0,0.6144368648529053,data\cache\clean\test\sidset_247241c5aa1f3f9c\resize_0.5.jpg
sidset_26c389b400ea1653,resize_0.5,sidset,real,0,0.9517590403556824,data\cache\clean\test\sidset_26c389b400ea1653\resize_0.5.jpg
sidset_2c1459dad82c7713,resize_0.5,sidset,real,0,0.5365855097770691,data\cache\clean\test\sidset_2c1459dad82c7713\resize_0.5.jpg
sidset_31d44fee2c336e78,resize_0.5,sidset,real,0,0.6195361614227295,data\cache\clean\test\sidset_31d44fee2c336e78\resize_0.5.jpg
sidset_31f7ec5269c0f867,resize_0.5,sidset,real,0,0.7672098278999329,data\cache\clean\test\sidset_31f7ec5269c0f867\resize_0.5.jpg
sidset_34866edcc2800ae0,resize_0.5,sidset,real,0,0.9607205390930176,data\cache\clean\test\sidset_34866edcc2800ae0\resize_0.5.jpg
sidset_36ec0b674a14714a,resize_0.5,sidset,real,0,0.6708980202674866,data\cache\clean\test\sidset_36ec0b674a14714a\resize_0.5.jpg
sidset_39a3f029e2e17dd3,resize_0.5,sidset,real,0,0.9998422861099243,data\cache\clean\test\sidset_39a3f029e2e17dd3\resize_0.5.jpg
sidset_3beca4d6152a4aa5,resize_0.5,sidset,real,0,0.8493387699127197,data\cache\clean\test\sidset_3beca4d6152a4aa5\resize_0.5.jpg
sidset_44062c28bab0688d,resize_0.5,sidset,real,0,0.5130876898765564,data\cache\clean\test\sidset_44062c28bab0688d\resize_0.5.jpg
sidset_45c5c68f5a74cd90,resize_0.5,sidset,real,0,0.7493162751197815,data\cache\clean\test\sidset_45c5c68f5a74cd90\resize_0.5.jpg
sidset_4efd021afbfb3ae6,resize_0.5,sidset,real,0,0.8928574323654175,data\cache\clean\test\sidset_4efd021afbfb3ae6\resize_0.5.jpg
sidset_524db7cc1caac0b0,resize_0.5,sidset,real,0,0.949853777885437,data\cache\clean\test\sidset_524db7cc1caac0b0\resize_0.5.jpg
sidset_52bf81b2d7f84101,resize_0.5,sidset,real,0,0.8654919266700745,data\cache\clean\test\sidset_52bf81b2d7f84101\resize_0.5.jpg
sidset_55ed6c0bbd54e07d,resize_0.5,sidset,real,0,0.9104017019271851,data\cache\clean\test\sidset_55ed6c0bbd54e07d\resize_0.5.jpg
sidset_5a165a26bf8ca4be,resize_0.5,sidset,real,0,0.9918085932731628,data\cache\clean\test\sidset_5a165a26bf8ca4be\resize_0.5.jpg
sidset_5b291a7b5ae05cf0,resize_0.5,sidset,real,0,0.7628087401390076,data\cache\clean\test\sidset_5b291a7b5ae05cf0\resize_0.5.jpg
sidset_5b8f12b78d13bfcd,resize_0.5,sidset,real,0,0.996249258518219,data\cache\clean\test\sidset_5b8f12b78d13bfcd\resize_0.5.jpg
sidset_5ba522a91162ae70,resize_0.5,sidset,real,0,0.9989019632339478,data\cache\clean\test\sidset_5ba522a91162ae70\resize_0.5.jpg
sidset_5d6c80bf53edd038,resize_0.5,sidset,real,0,0.5557137727737427,data\cache\clean\test\sidset_5d6c80bf53edd038\resize_0.5.jpg
sidset_615f67f3acd96d5c,resize_0.5,sidset,real,0,0.7834489941596985,data\cache\clean\test\sidset_615f67f3acd96d5c\resize_0.5.jpg
sidset_630624a387e04a88,resize_0.5,sidset,real,0,0.5090932250022888,data\cache\clean\test\sidset_630624a387e04a88\resize_0.5.jpg
sidset_68f0479b7dde7700,resize_0.5,sidset,real,0,0.9920060038566589,data\cache\clean\test\sidset_68f0479b7dde7700\resize_0.5.jpg
sidset_6a9b88d93d860623,resize_0.5,sidset,real,0,0.7235903143882751,data\cache\clean\test\sidset_6a9b88d93d860623\resize_0.5.jpg
sidset_6b7167d906f4ff1f,resize_0.5,sidset,real,0,0.9999566078186035,data\cache\clean\test\sidset_6b7167d906f4ff1f\resize_0.5.jpg
sidset_7254e49d19ffec76,resize_0.5,sidset,real,0,0.5412038564682007,data\cache\clean\test\sidset_7254e49d19ffec76\resize_0.5.jpg
sidset_796b6212cfecb3de,resize_0.5,sidset,real,0,0.9359409213066101,data\cache\clean\test\sidset_796b6212cfecb3de\resize_0.5.jpg
sidset_7974984b83c15934,resize_0.5,sidset,real,0,0.8670523166656494,data\cache\clean\test\sidset_7974984b83c15934\resize_0.5.jpg
sidset_7b550aceb5ec111f,resize_0.5,sidset,real,0,0.8550989627838135,data\cache\clean\test\sidset_7b550aceb5ec111f\resize_0.5.jpg
sidset_8619862cda88466c,resize_0.5,sidset,real,0,0.985273540019989,data\cache\clean\test\sidset_8619862cda88466c\resize_0.5.jpg
sidset_995429a562f1aed2,resize_0.5,sidset,real,0,0.8509677052497864,data\cache\clean\test\sidset_995429a562f1aed2\resize_0.5.jpg
sidset_9e2a9b16ff46f867,resize_0.5,sidset,real,0,0.8904635310173035,data\cache\clean\test\sidset_9e2a9b16ff46f867\resize_0.5.jpg
sidset_9f5c482e3984891a,resize_0.5,sidset,real,0,0.5469238758087158,data\cache\clean\test\sidset_9f5c482e3984891a\resize_0.5.jpg
sidset_9fef864f1f832f63,resize_0.5,sidset,real,0,0.5674381852149963,data\cache\clean\test\sidset_9fef864f1f832f63\resize_0.5.jpg
sidset_a3032d75347e6fa2,resize_0.5,sidset,real,0,0.676036536693573,data\cache\clean\test\sidset_a3032d75347e6fa2\resize_0.5.jpg
sidset_a3293aebf3086c9f,resize_0.5,sidset,real,0,0.7953063249588013,data\cache\clean\test\sidset_a3293aebf3086c9f\resize_0.5.jpg
sidset_a429805728e89e7d,resize_0.5,sidset,real,0,0.90853351354599,data\cache\clean\test\sidset_a429805728e89e7d\resize_0.5.jpg
sidset_a8ad741ef85002f3,resize_0.5,sidset,real,0,0.7611930966377258,data\cache\clean\test\sidset_a8ad741ef85002f3\resize_0.5.jpg
sidset_a9461d28df2d46d8,resize_0.5,sidset,real,0,0.5954462289810181,data\cache\clean\test\sidset_a9461d28df2d46d8\resize_0.5.jpg
sidset_ab1441008986f237,resize_0.5,sidset,real,0,0.8256914615631104,data\cache\clean\test\sidset_ab1441008986f237\resize_0.5.jpg
sidset_ac54ef2834f8bc74,resize_0.5,sidset,real,0,0.7276209592819214,data\cache\clean\test\sidset_ac54ef2834f8bc74\resize_0.5.jpg
sidset_ae2a3178c574c716,resize_0.5,sidset,real,0,0.7883043885231018,data\cache\clean\test\sidset_ae2a3178c574c716\resize_0.5.jpg
sidset_b230de6baca8d392,resize_0.5,sidset,real,0,0.6937797665596008,data\cache\clean\test\sidset_b230de6baca8d392\resize_0.5.jpg
sidset_b3d460c2a4f17eff,resize_0.5,sidset,real,0,0.9457334876060486,data\cache\clean\test\sidset_b3d460c2a4f17eff\resize_0.5.jpg
sidset_b6d4573c9d24dcf3,resize_0.5,sidset,real,0,0.9138989448547363,data\cache\clean\test\sidset_b6d4573c9d24dcf3\resize_0.5.jpg
sidset_bc70b06f0d603efd,resize_0.5,sidset,real,0,0.9999816417694092,data\cache\clean\test\sidset_bc70b06f0d603efd\resize_0.5.jpg
sidset_c2f7255d9f5d9469,resize_0.5,sidset,real,0,0.6363885402679443,data\cache\clean\test\sidset_c2f7255d9f5d9469\resize_0.5.jpg
sidset_c5a378b0ea24d25e,resize_0.5,sidset,real,0,0.9867615699768066,data\cache\clean\test\sidset_c5a378b0ea24d25e\resize_0.5.jpg
sidset_c790c7ca03b21797,resize_0.5,sidset,real,0,0.6290581822395325,data\cache\clean\test\sidset_c790c7ca03b21797\resize_0.5.jpg
sidset_cb68a83278e88b9d,resize_0.5,sidset,real,0,0.9955443739891052,data\cache\clean\test\sidset_cb68a83278e88b9d\resize_0.5.jpg
sidset_cc4571b1efacde65,resize_0.5,sidset,real,0,0.8018684983253479,data\cache\clean\test\sidset_cc4571b1efacde65\resize_0.5.jpg
sidset_d652dc17bb0709b8,resize_0.5,sidset,real,0,0.9796265959739685,data\cache\clean\test\sidset_d652dc17bb0709b8\resize_0.5.jpg
sidset_d7c9ba7b7774dcd9,resize_0.5,sidset,real,0,0.7906264066696167,data\cache\clean\test\sidset_d7c9ba7b7774dcd9\resize_0.5.jpg
sidset_de2d4b37000ff09c,resize_0.5,sidset,real,0,0.7763987183570862,data\cache\clean\test\sidset_de2d4b37000ff09c\resize_0.5.jpg
sidset_df089363fbc3dff5,resize_0.5,sidset,real,0,0.8250378966331482,data\cache\clean\test\sidset_df089363fbc3dff5\resize_0.5.jpg
sidset_df546351780cb733,resize_0.5,sidset,real,0,0.6986241936683655,data\cache\clean\test\sidset_df546351780cb733\resize_0.5.jpg
sidset_e67f5961f8d7c753,resize_0.5,sidset,real,0,0.8863499164581299,data\cache\clean\test\sidset_e67f5961f8d7c753\resize_0.5.jpg
sidset_e83254d4c55675a6,resize_0.5,sidset,real,0,0.7149131894111633,data\cache\clean\test\sidset_e83254d4c55675a6\resize_0.5.jpg
sidset_e99541e9ff8fadb2,resize_0.5,sidset,real,0,0.9639683961868286,data\cache\clean\test\sidset_e99541e9ff8fadb2\resize_0.5.jpg
sidset_ef3f636bfc78f3a5,resize_0.5,sidset,real,0,0.961874783039093,data\cache\clean\test\sidset_ef3f636bfc78f3a5\resize_0.5.jpg
sidset_f250696304a3be0e,resize_0.5,sidset,real,0,0.9593746662139893,data\cache\clean\test\sidset_f250696304a3be0e\resize_0.5.jpg
sidset_f546b6139401dfc1,resize_0.5,sidset,real,0,0.7325046062469482,data\cache\clean\test\sidset_f546b6139401dfc1\resize_0.5.jpg
sidset_fac95db1f3df9775,resize_0.5,sidset,real,0,0.9989564418792725,data\cache\clean\test\sidset_fac95db1f3df9775\resize_0.5.jpg
sidset_fb876f14b96f08aa,resize_0.5,sidset,real,0,0.9869397878646851,data\cache\clean\test\sidset_fb876f14b96f08aa\resize_0.5.jpg
sidset_fe0bec3214706d60,resize_0.5,sidset,real,0,0.9745036363601685,data\cache\clean\test\sidset_fe0bec3214706d60\resize_0.5.jpg
