img_id,variant,source_dataset,generator_family,label,prob,path
cifake_0235,clean,cifake,real,0,0.5708909034729004,data\cache\clean\test\cifake_0235\clean.jpg
cifake_0327 (5),clean,cifake,real,0,0.858771562576294,data\cache\clean\test\cifake_0327 (5)\clean.jpg
cifake_0618 (3),clean,cifake,real,0,0.9131245017051697,data\cache\clean\test\cifake_0618 (3)\clean.jpg
cifake_0793,clean,cifake,real,0,0.785178005695343,data\cache\clean\test\cifake_0793\clean.jpg
cifake_0967 (9),clean,cifake,real,0,0.5900029540061951,data\cache\clean\test\cifake_0967 (9)\clean.jpg
cifake_1139,clean,cifake,real,0,0.8846892714500427,data\cache\clean\test\cifake_1139\clean.jpg
cifake_1435 (2),clean,cifake,real,0,0.5938727259635925,data\cache\clean\test\cifake_1435 (2)\clean.jpg
cifake_1974,clean,cifake,real,0,0.6846084594726562,data\cache\clean\test\cifake_1974\clean.jpg
cifake_2071,clean,cifake,real,0,0.8456361889839172,data\cache\clean\test\cifake_2071\clean.jpg
cifake_2122,clean,cifake,real,0,0.8433293700218201,data\cache\clean\test\cifake_2122\clean.jpg
cifake_2547,clean,cifake,real,0,0.7062472105026245,data\cache\clean\test\cifake_2547\clean.jpg
cifake_2633 (10),clean,cifake,real,0,0.5450339913368225,data\cache\clean\test\cifake_2633 (10)\clean.jpg
cifake_2874 (4),clean,cifake,real,0,0.8677071928977966,data\cache\clean\test\cifake_2874 (4)\clean.jpg
cifake_3280 (8),clean,cifake,real,0,0.9242073893547058,data\cache\clean\test\cifake_3280 (8)\clean.jpg
cifake_3330 (4),clean,cifake,real,0,0.6076757907867432,data\cache\clean\test\cifake_3330 (4)\clean.jpg
cifake_3891 (3),clean,cifake,real,0,0.7806492447853088,data\cache\clean\test\cifake_3891 (3)\clean.jpg
cifake_3916 (8),clean,cifake,real,0,0.7782822847366333,data\cache\clean\test\cifake_3916 (8)\clean.jpg
cifake_4186 (5),clean,cifake,real,0,0.5230774879455566,data\cache\clean\test\cifake_4186 (5)\clean.jpg
cifake_4660 (5),clean,cifake,real,0,0.9567809104919434,data\cache\clean\test\cifake_4660 (5)\clean.jpg
cifake_4673 (5),clean,cifake,real,0,0.5009740591049194,data\cache\clean\test\cifake_4673 (5)\clean.jpg
cifake_4805 (8),clean,cifake,real,0,0.5571366548538208,data\cache\clean\test\cifake_4805 (8)\clean.jpg
sidset_02eb47f790cba404,clean,sidset,real,0,0.6158991456031799,data\cache\clean\test\sidset_02eb47f790cba404\clean.jpg
sidset_036df955965cb2f9,clean,sidset,real,0,0.8385576605796814,data\cache\clean\test\sidset_036df955965cb2f9\clean.jpg
sidset_038789965a8f7606,clean,sidset,real,0,0.9623168110847473,data\cache\clean\test\sidset_038789965a8f7606\clean.jpg
sidset_03a9da8756998d00,clean,sidset,real,0,0.7403583526611328,data\cache\clean\test\sidset_03a9da8756998d00\clean.jpg
sidset_075db643445af8e3,clean,sidset,real,0,0.7881658673286438,data\cache\clean\test\sidset_075db643445af8e3\clean.jpg
sidset_0e40f2f48ac5ec94,clean,sidset,real,0,0.6902664303779602,data\cache\clean\test\sidset_0e40f2f48ac5ec94\clean.jpg
sidset_0f8102c25fc764ea,clean,sidset,real,0,0.9990994930267334,data\cache\clean\test\sidset_0f8102c25fc764ea\clean.jpg
sidset_14312756c1c94efa,clean,sidset,real,0,0.9999996423721313,data\cache\clean\test\sidset_14312756c1c94efa\clean.jpg
sidset_16c4058cc17896fc,clean,sidset,real,0,0.5718839168548584,data\cache\clean\test\sidset_16c4058cc17896fc\clean.jpg
sidset_1b20d1ec3fd5a56f,clean,sidset,real,0,0.523574948310852,data\cache\clean\test\sidset_1b20d1ec3fd5a56f\clean.jpg
sidset_22b07f2ffcaf319c,clean,sidset,real,0,0.9536393880844116,data\cache\clean\test\sidset_22b07f2ffcaf319c\clean.jpg
sidset_26c389b400ea1653,clean,sidset,real,0,0.9878656268119812,data\cache\clean\test\sidset_26c389b400ea1653\clean.jpg
sidset_31d44fee2c336e78,clean,sidset,real,0,0.8787121772766113,data\cache\clean\test\sidset_31d44fee2c336e78\clean.jpg
sidset_34866edcc2800ae0,clean,sidset,real,0,0.9402094483375549,data\cache\clean\test\sidset_34866edcc2800ae0\clean.jpg
sidset_36ec0b674a14714a,clean,sidset,real,0,0.9072211980819702,data\cache\clean\test\sidset_36ec0b674a14714a\clean.jpg
sidset_389903ded0c46375,clean,sidset,real,0,0.6146703362464905,data\cache\clean\test\sidset_389903ded0c46375\clean.jpg
sidset_39a3f029e2e17dd3,clean,sidset,real,0,0.9578672051429749,data\cache\clean\test\sidset_39a3f029e2e17dd3\clean.jpg
sidset_3beca4d6152a4aa5,clean,sidset,real,0,0.8364163041114807,data\cache\clean\test\sidset_3beca4d6152a4aa5\clean.jpg
sidset_3fbc4c1574ef987d,clean,sidset,real,0,0.8521357178688049,data\cache\clean\test\sidset_3fbc4c1574ef987d\clean.jpg
sidset_41fcb89ff22ef83c,clean,sidset,real,0,0.7289866209030151,data\cache\clean\test\sidset_41fcb89ff22ef83c\clean.jpg
sidset_45a6cb8b20ae57d2,clean,sidset,real,0,0.9991810917854309,data\cache\clean\test\sidset_45a6cb8b20ae57d2\clean.jpg
sidset_45c5c68f5a74cd90,clean,sidset,real,0,0.7094034552574158,data\cache\clean\test\sidset_45c5c68f5a74cd90\clean.jpg
sidset_46a383463322d7a9,clean,sidset,real,0,0.8789699673652649,data\cache\clean\test\sidset_46a383463322d7a9\clean.jpg
sidset_4b587c02c1897383,clean,sidset,real,0,0.7417704463005066,data\cache\clean\test\sidset_4b587c02c1897383\clean.jpg
sidset_4eaeb947635ca47e,clean,sidset,real,0,0.7378472685813904,data\cache\clean\test\sidset_4eaeb947635ca47e\clean.jpg
sidset_508cc69f6b128900,clean,sidset,real,0,0.8451279997825623,data\cache\clean\test\sidset_508cc69f6b128900\clean.jpg
sidset_52bf81b2d7f84101,clean,sidset,real,0,0.9682307839393616,data\cache\clean\test\sidset_52bf81b2d7f84101\clean.jpg
sidset_55ed6c0bbd54e07d,clean,sidset,real,0,0.8101412653923035,data\cache\clean\test\sidset_55ed6c0bbd54e07d\clean.jpg
sidset_5a165a26bf8ca4be,clean,sidset,real,0,0.9798170924186707,data\cache\clean\test\sidset_5a165a26bf8ca4be\clean.jpg
sidset_5b291a7b5ae05cf0,clean,sidset,real,0,0.5881773233413696,data\cache\clean\test\sidset_5b291a7b5ae05cf0\clean.jpg
sidset_5b8f12b78d13bfcd,clean,sidset,real,0,0.9090049862861633,data\cache\clean\test\sidset_5b8f12b78d13bfcd\clean.jpg
sidset_5ba522a91162ae70,clean,sidset,real,0,0.9990021586418152,data\cache\clean\test\sidset_5ba522a91162ae70\clean.jpg
sidset_615f67f3acd96d5c,clean,sidset,real,0,0.5123739838600159,data\cache\clean\test\sidset_615f67f3acd96d5c\clean.jpg
sidset_630624a387e04a88,clean,sidset,real,0,0.9894054532051086,data\cache\clean\test\sidset_630624a387e04a88\clean.jpg
sidset_68f0479b7dde7700,clean,sidset,real,0,0.9525569677352905,data\cache\clean\test\sidset_68f0479b7dde7700\clean.jpg
sidset_6b7167d906f4ff1f,clean,sidset,real,0,0.9964399933815002,data\cache\clean\test\sidset_6b7167d906f4ff1f\clean.jpg
sidset_6c4941996cd7f5fc,clean,sidset,real,0,0.8488527536392212,data\cache\clean\test\sidset_6c4941996cd7f5fc\clean.jpg
sidset_759a21da57c25774,clean,sidset,real,0,0.8828796148300171,data\cache\clean\test\sidset_759a21da57c25774\clean.jpg
sidset_796b6212cfecb3de,clean,sidset,real,0,0.5592408180236816,data\cache\clean\test\sidset_796b6212cfecb3de\clean.jpg
sidset_7974984b83c15934,clean,sidset,real,0,0.6213467717170715,data\cache\clean\test\sidset_7974984b83c15934\clean.jpg
sidset_7a55bff93d561bac,clean,sidset,real,0,0.582632839679718,data\cache\clean\test\sidset_7a55bff93d561bac\clean.jpg
sidset_918190e0dd7fc829,clean,sidset,real,0,0.5017626881599426,data\cache\clean\test\sidset_918190e0dd7fc829\clean.jpg
sidset_92e8228aca22327e,clean,sidset,real,0,0.6203321814537048,data\cache\clean\test\sidset_92e8228aca22327e\clean.jpg
sidset_9915729405b9e03e,clean,sidset,real,0,0.6948493719100952,data\cache\clean\test\sidset_9915729405b9e03e\clean.jpg
sidset_a3032d75347e6fa2,clean,sidset,real,0,0.9565248489379883,data\cache\clean\test\sidset_a3032d75347e6fa2\clean.jpg
sidset_a36a612621d64289,clean,sidset,real,0,0.7979485392570496,data\cache\clean\test\sidset_a36a612621d64289\clean.jpg
sidset_a429805728e89e7d,clean,sidset,real,0,0.9820064902305603,data\cache\clean\test\sidset_a429805728e89e7d\clean.jpg
sidset_a8ad741ef85002f3,clean,sidset,real,0,0.8474486470222473,data\cache\clean\test\sidset_a8ad741ef85002f3\clean.jpg
sidset_ac54ef2834f8bc74,clean,sidset,real,0,0.7928650975227356,data\cache\clean\test\sidset_ac54ef2834f8bc74\clean.jpg
sidset_ae2a3178c574c716,clean,sidset,real,0,0.941960871219635,data\cache\clean\test\sidset_ae2a3178c574c716\clean.jpg
sidset_b230de6baca8d392,clean,sidset,real,0,0.7999574542045593,data\cache\clean\test\sidset_b230de6baca8d392\clean.jpg
sidset_b3d460c2a4f17eff,clean,sidset,real,0,0.9924725294113159,data\cache\clean\test\sidset_b3d460c2a4f17eff\clean.jpg
sidset_b56eb4cbcc71b00b,clean,sidset,real,0,0.5392587780952454,data\cache\clean\test\sidset_b56eb4cbcc71b00b\clean.jpg
sidset_bc70b06f0d603efd,clean,sidset,real,0,0.9999823570251465,data\cache\clean\test\sidset_bc70b06f0d603efd\clean.jpg
sidset_bf7100f88bf3b0f3,clean,sidset,real,0,0.8510023951530457,data\cache\clean\test\sidset_bf7100f88bf3b0f3\clean.jpg
sidset_c5a378b0ea24d25e,clean,sidset,real,0,0.9446119070053101,data\cache\clean\test\sidset_c5a378b0ea24d25e\clean.jpg
sidset_c790c7ca03b21797,clean,sidset,real,0,0.735471248626709,data\cache\clean\test\sidset_c790c7ca03b21797\clean.jpg
sidset_c90419b9eb89527a,clean,sidset,real,0,0.9084353446960449,data\cache\clean\test\sidset_c90419b9eb89527a\clean.jpg
sidset_cb68a83278e88b9d,clean,sidset,real,0,0.8090665340423584,data\cache\clean\test\sidset_cb68a83278e88b9d\clean.jpg
sidset_d5b1f51ca14baa4e,clean,sidset,real,0,0.5244339108467102,data\cache\clean\test\sidset_d5b1f51ca14baa4e\clean.jpg
sidset_d652dc17bb0709b8,clean,sidset,real,0,0.935221254825592,data\cache\clean\test\sidset_d652dc17bb0709b8\clean.jpg
sidset_db325b24acd0df24,clean,sidset,real,0,0.7727904319763184,data\cache\clean\test\sidset_db325b24acd0df24\clean.jpg
sidset_e67f5961f8d7c753,clean,sidset,real,0,0.8230671882629395,data\cache\clean\test\sidset_e67f5961f8d7c753\clean.jpg
sidset_e6f037cc020a3c67,clean,sidset,real,0,0.6026971936225891,data\cache\clean\test\sidset_e6f037cc020a3c67\clean.jpg
sidset_ee3e421ae3a8270d,clean,sidset,real,0,0.596930205821991,data\cache\clean\test\sidset_ee3e421ae3a8270d\clean.jpg
sidset_ef3f636bfc78f3a5,clean,sidset,real,0,0.9932340979576111,data\cache\clean\test\sidset_ef3f636bfc78f3a5\clean.jpg
sidset_f250696304a3be0e,clean,sidset,real,0,0.8616554737091064,data\cache\clean\test\sidset_f250696304a3be0e\clean.jpg
sidset_f630570a5eab971b,clean,sidset,real,0,0.6312350034713745,data\cache\clean\test\sidset_f630570a5eab971b\clean.jpg
sidset_fac95db1f3df9775,clean,sidset,real,0,0.958267092704773,data\cache\clean\test\sidset_fac95db1f3df9775\clean.jpg
sidset_fe0bec3214706d60,clean,sidset,real,0,0.993427038192749,data\cache\clean\test\sidset_fe0bec3214706d60\clean.jpg
cifake_0235,blur_s0.5,cifake,real,0,0.5708909034729004,data\cache\clean\test\cifake_0235\blur_s0.5.jpg
cifake_0327 (5),blur_s0.5,cifake,real,0,0.858771562576294,data\cache\clean\test\cifake_0327 (5)\blur_s0.5.jpg
cifake_0618 (3),blur_s0.5,cifake,real,0,0.9131245017051697,data\cache\clean\test\cifake_0618 (3)\blur_s0.5.jpg
cifake_0793,blur_s0.5,cifake,real,0,0.785178005695343,data\cache\clean\test\cifake_0793\blur_s0.5.jpg
cifake_0967 (9),blur_s0.5,cifake,real,0,0.5900029540061951,data\cache\clean\test\cifake_0967 (9)\blur_s0.5.jpg
cifake_1139,blur_s0.5,cifake,real,0,0.8846892714500427,data\cache\clean\test\cifake_1139\blur_s0.5.jpg
cifake_1435 (2),blur_s0.5,cifake,real,0,0.5938727259635925,data\cache\clean\test\cifake_1435 (2)\blur_s0.5.jpg
cifake_1974,blur_s0.5,cifake,real,0,0.6846084594726562,data\cache\clean\test\cifake_1974\blur_s0.5.jpg
cifake_2071,blur_s0.5,cifake,real,0,0.8456361889839172,data\cache\clean\test\cifake_2071\blur_s0.5.jpg
cifake_2122,blur_s0.5,cifake,real,0,0.8433293700218201,data\cache\clean\test\cifake_2122\blur_s0.5.jpg
cifake_2547,blur_s0.5,cifake,real,0,0.7062472105026245,data\cache\clean\test\cifake_2547\blur_s0.5.jpg
cifake_2633 (10),blur_s0.5,cifake,real,0,0.5450339913368225,data\cache\clean\test\cifake_2633 (10)\blur_s0.5.jpg
cifake_2874 (4),blur_s0.5,cifake,real,0,0.8677071928977966,data\cache\clean\test\cifake_2874 (4)\blur_s0.5.jpg
cifake_3280 (8),blur_s0.5,cifake,real,0,0.9242073893547058,data\cache\clean\test\cifake_3280 (8)\blur_s0.5.jpg
cifake_3330 (4),blur_s0.5,cifake,real,0,0.6076757907867432,data\cache\clean\test\cifake_3330 (4)\blur_s0.5.jpg
cifake_3891 (3),blur_s0.5,cifake,real,0,0.7806492447853088,data\cache\clean\test\cifake_3891 (3)\blur_s0.5.jpg
cifake_3916 (8),blur_s0.5,cifake,real,0,0.7782822847366333,data\cache\clean\test\cifake_3916 (8)\blur_s0.5.jpg
cifake_4186 (5),blur_s0.5,cifake,real,0,0.5230774879455566,data\cache\clean\test\cifake_4186 (5)\blur_s0.5.jpg
cifake_4660 (5),blur_s0.5,cifake,real,0,0.9567809104919434,data\cache\clean\test\cifake_4660 (5)\blur_s0.5.jpg
cifake_4673 (5),blur_s0.5,cifake,real,0,0.5009740591049194,data\cache\clean\test\cifake_4673 (5)\blur_s0.5.jpg
cifake_4805 (8),blur_s0.5,cifake,real,0,0.5571366548538208,data\cache\clean\test\cifake_4805 (8)\blur_s0.5.jpg
sidset_02eb47f790cba404,blur_s0.5,sidset,real,0,0.5597213506698608,data\cache\clean\test\sidset_02eb47f790cba404\blur_s0.5.jpg
sidset_036df955965cb2f9,blur_s0.5,sidset,real,0,0.794220507144928,data\cache\clean\test\sidset_036df955965cb2f9\blur_s0.5.jpg
sidset_038789965a8f7606,blur_s0.5,sidset,real,0,0.9514468312263489,data\cache\clean\test\sidset_038789965a8f7606\blur_s0.5.jpg
sidset_03a9da8756998d00,blur_s0.5,sidset,real,0,0.7853521108627319,data\cache\clean\test\sidset_03a9da8756998d00\blur_s0.5.jpg
sidset_075db643445af8e3,blur_s0.5,sidset,real,0,0.8454235792160034,data\cache\clean\test\sidset_075db643445af8e3\blur_s0.5.jpg
sidset_0f8102c25fc764ea,blur_s0.5,sidset,real,0,0.9978218078613281,data\cache\clean\test\sidset_0f8102c25fc764ea\blur_s0.5.jpg
sidset_14312756c1c94efa,blur_s0.5,sidset,real,0,0.9999991655349731,data\cache\clean\test\sidset_14312756c1c94efa\blur_s0.5.jpg
sidset_16c4058cc17896fc,blur_s0.5,sidset,real,0,0.5592859983444214,data\cache\clean\test\sidset_16c4058cc17896fc\blur_s0.5.jpg
sidset_22b07f2ffcaf319c,blur_s0.5,sidset,real,0,0.9546036124229431,data\cache\clean\test\sidset_22b07f2ffcaf319c\blur_s0.5.jpg
sidset_26c389b400ea1653,blur_s0.5,sidset,real,0,0.9922060370445251,data\cache\clean\test\sidset_26c389b400ea1653\blur_s0.5.jpg
sidset_31d44fee2c336e78,blur_s0.5,sidset,real,0,0.7803102135658264,data\cache\clean\test\sidset_31d44fee2c336e78\blur_s0.5.jpg
sidset_34866edcc2800ae0,blur_s0.5,sidset,real,0,0.9373651146888733,data\cache\clean\test\sidset_34866edcc2800ae0\blur_s0.5.jpg
sidset_36ec0b674a14714a,blur_s0.5,sidset,real,0,0.9259799718856812,data\cache\clean\test\sidset_36ec0b674a14714a\blur_s0.5.jpg
sidset_389903ded0c46375,blur_s0.5,sidset,real,0,0.5029069781303406,data\cache\clean\test\sidset_389903ded0c46375\blur_s0.5.jpg
sidset_39a3f029e2e17dd3,blur_s0.5,sidset,real,0,0.9612278938293457,data\cache\clean\test\sidset_39a3f029e2e17dd3\blur_s0.5.jpg
sidset_3beca4d6152a4aa5,blur_s0.5,sidset,real,0,0.862291157245636,data\cache\clean\test\sidset_3beca4d6152a4aa5\blur_s0.5.jpg
sidset_3fbc4c1574ef987d,blur_s0.5,sidset,real,0,0.912460207939148,data\cache\clean\test\sidset_3fbc4c1574ef987d\blur_s0.5.jpg
sidset_41fcb89ff22ef83c,blur_s0.5,sidset,real,0,0.7964645624160767,data\cache\clean\test\sidset_41fcb89ff22ef83c\blur_s0.5.jpg
sidset_45a6cb8b20ae57d2,blur_s0.5,sidset,real,0,0.9990445971488953,data\cache\clean\test\sidset_45a6cb8b20ae57d2\blur_s0.5.jpg
sidset_45c5c68f5a74cd90,blur_s0.5,sidset,real,0,0.7403265833854675,data\cache\clean\test\sidset_45c5c68f5a74cd90\blur_s0.5.jpg
sidset_46a383463322d7a9,blur_s0.5,sidset,real,0,0.8877900838851929,data\cache\clean\test\sidset_46a383463322d7a9\blur_s0.5.jpg
sidset_4b587c02c1897383,blur_s0.5,sidset,real,0,0.7902584671974182,data\cache\clean\test\sidset_4b587c02c1897383\blur_s0.5.jpg
sidset_4eaeb947635ca47e,blur_s0.5,sidset,real,0,0.7185644507408142,data\cache\clean\test\sidset_4eaeb947635ca47e\blur_s0.5.jpg
sidset_508cc69f6b128900,blur_s0.5,sidset,real,0,0.8586476445198059,data\cache\clean\test\sidset_508cc69f6b128900\blur_s0.5.jpg
sidset_52bf81b2d7f84101,blur_s0.5,sidset,real,0,0.9676533341407776,data\cache\clean\test\sidset_52bf81b2d7f84101\blur_s0.5.jpg
sidset_55ed6c0bbd54e07d,blur_s0.5,sidset,real,0,0.7853288650512695,data\cache\clean\test\sidset_55ed6c0bbd54e07d\blur_s0.5.jpg
sidset_5a165a26bf8ca4be,blur_s0.5,sidset,real,0,0.9668391942977905,data\cache\clean\test\sidset_5a165a26bf8ca4be\blur_s0.5.jpg
sidset_5b291a7b5ae05cf0,blur_s0.5,sidset,real,0,0.6883328557014465,data\cache\clean\test\sidset_5b291a7b5ae05cf0\blur_s0.5.jpg
sidset_5b8f12b78d13bfcd,blur_s0.5,sidset,real,0,0.9432184100151062,data\cache\clean\test\sidset_5b8f12b78d13bfcd\blur_s0.5.jpg
sidset_5ba522a91162ae70,blur_s0.5,sidset,real,0,0.9978249073028564,data\cache\clean\test\sidset_5ba522a91162ae70\blur_s0.5.jpg
sidset_630624a387e04a88,blur_s0.5,sidset,real,0,0.9842349886894226,data\cache\clean\test\sidset_630624a387e04a88\blur_s0.5.jpg
sidset_68f0479b7dde7700,blur_s0.5,sidset,real,0,0.9117071032524109,data\cache\clean\test\sidset_68f0479b7dde7700\blur_s0.5.jpg
sidset_6b7167d906f4ff1f,blur_s0.5,sidset,real,0,0.9941404461860657,data\cache\clean\test\sidset_6b7167d906f4ff1f\blur_s0.5.jpg
sidset_6c4941996cd7f5fc,blur_s0.5,sidset,real,0,0.8237524628639221,data\cache\clean\test\sidset_6c4941996cd7f5fc\blur_s0.5.jpg
sidset_759a21da57c25774,blur_s0.5,sidset,real,0,0.8688367009162903,data\cache\clean\test\sidset_759a21da57c25774\blur_s0.5.jpg
sidset_796b6212cfecb3de,blur_s0.5,sidset,real,0,0.5748733282089233,data\cache\clean\test\sidset_796b6212cfecb3de\blur_s0.5.jpg
sidset_7974984b83c15934,blur_s0.5,sidset,real,0,0.5857501029968262,data\cache\clean\test\sidset_7974984b83c15934\blur_s0.5.jpg
sidset_7a55bff93d561bac,blur_s0.5,sidset,real,0,0.528114378452301,data\cache\clean\test\sidset_7a55bff93d561bac\blur_s0.5.jpg
sidset_92e8228aca22327e,blur_s0.5,sidset,real,0,0.6054970622062683,data\cache\clean\test\sidset_92e8228aca22327e\blur_s0.5.jpg
sidset_9915729405b9e03e,blur_s0.5,sidset,real,0,0.7421772480010986,data\cache\clean\test\sidset_9915729405b9e03e\blur_s0.5.jpg
sidset_a3032d75347e6fa2,blur_s0.5,sidset,real,0,0.9399021863937378,data\cache\clean\test\sidset_a3032d75347e6fa2\blur_s0.5.jpg
sidset_a36a612621d64289,blur_s0.5,sidset,real,0,0.7860971689224243,data\cache\clean\test\sidset_a36a612621d64289\blur_s0.5.jpg
sidset_a429805728e89e7d,blur_s0.5,sidset,real,0,0.9857419729232788,data\cache\clean\test\sidset_a429805728e89e7d\blur_s0.5.jpg
sidset_a8ad741ef85002f3,blur_s0.5,sidset,real,0,0.8253325819969177,data\cache\clean\test\sidset_a8ad741ef85002f3\blur_s0.5.jpg
sidset_ac54ef2834f8bc74,blur_s0.5,sidset,real,0,0.8021569848060608,data\cache\clean\test\sidset_ac54ef2834f8bc74\blur_s0.5.jpg
sidset_ae2a3178c574c716,blur_s0.5,sidset,real,0,0.9445433020591736,data\cache\clean\test\sidset_ae2a3178c574c716\blur_s0.5.jpg
sidset_b230de6baca8d392,blur_s0.5,sidset,real,0,0.7763192653656006,data\cache\clean\test\sidset_b230de6baca8d392\blur_s0.5.jpg
sidset_b3d460c2a4f17eff,blur_s0.5,sidset,real,0,0.9945210218429565,data\cache\clean\test\sidset_b3d460c2a4f17eff\blur_s0.5.jpg
sidset_b56eb4cbcc71b00b,blur_s0.5,sidset,real,0,0.6002066731452942,data\cache\clean\test\sidset_b56eb4cbcc71b00b\blur_s0.5.jpg
sidset_bc70b06f0d603efd,blur_s0.5,sidset,real,0,0.9999548196792603,data\cache\clean\test\sidset_bc70b06f0d603efd\blur_s0.5.jpg
sidset_bf7100f88bf3b0f3,blur_s0.5,sidset,real,0,0.8365494012832642,data\cache\clean\test\sidset_bf7100f88bf3b0f3\blur_s0.5.jpg
sidset_c5a378b0ea24d25e,blur_s0.5,sidset,real,0,0.9494903683662415,data\cache\clean\test\sidset_c5a378b0ea24d25e\blur_s0.5.jpg
sidset_c790c7ca03b21797,blur_s0.5,sidset,real,0,0.7885907888412476,data\cache\clean\test\sidset_c790c7ca03b21797\blur_s0.5.jpg
sidset_c90419b9eb89527a,blur_s0.5,sidset,real,0,0.7760223150253296,data\cache\clean\test\sidset_c90419b9eb89527a\blur_s0.5.jpg
sidset_cb68a83278e88b9d,blur_s0.5,sidset,real,0,0.7215871810913086,data\cache\clean\test\sidset_cb68a83278e88b9d\blur_s0.5.jpg
sidset_d652dc17bb0709b8,blur_s0.5,sidset,real,0,0.9528293609619141,data\cache\clean\test\sidset_d652dc17bb0709b8\blur_s0.5.jpg
sidset_db325b24acd0df24,blur_s0.5,sidset,real,0,0.8210920691490173,data\cache\clean\test\sidset_db325b24acd0df24\blur_s0.5.jpg
sidset_e67f5961f8d7c753,blur_s0.5,sidset,real,0,0.7589338421821594,data\cache\clean\test\sidset_e67f5961f8d7c753\blur_s0.5.jpg
sidset_e6f037cc020a3c67,blur_s0.5,sidset,real,0,0.5896197557449341,data\cache\clean\test\sidset_e6f037cc020a3c67\blur_s0.5.jpg
sidset_ef3f636bfc78f3a5,blur_s0.5,sidset,real,0,0.9936650991439819,data\cache\clean\test\sidset_ef3f636bfc78f3a5\blur_s0.5.jpg
sidset_f250696304a3be0e,blur_s0.5,sidset,real,0,0.851533830165863,data\cache\clean\test\sidset_f250696304a3be0e\blur_s0.5.jpg
sidset_f630570a5eab971b,blur_s0.5,sidset,real,0,0.7941648364067078,data\cache\clean\test\sidset_f630570a5eab971b\blur_s0.5.jpg
sidset_fac95db1f3df9775,blur_s0.5,sidset,real,0,0.9623757600784302,data\cache\clean\test\sidset_fac95db1f3df9775\blur_s0.5.jpg
sidset_fe0bec3214706d60,blur_s0.5,sidset,real,0,0.9926550388336182,data\cache\clean\test\sidset_fe0bec3214706d60\blur_s0.5.jpg
cifake_0235,blur_s1.0,cifake,real,0,0.5545519590377808,data\cache\clean\test\cifake_0235\blur_s1.0.jpg
cifake_0327 (5),blur_s1.0,cifake,real,0,0.8695213198661804,data\cache\clean\test\cifake_0327 (5)\blur_s1.0.jpg
cifake_0618 (3),blur_s1.0,cifake,real,0,0.912641167640686,data\cache\clean\test\cifake_0618 (3)\blur_s1.0.jpg
cifake_0793,blur_s1.0,cifake,real,0,0.7824001908302307,data\cache\clean\test\cifake_0793\blur_s1.0.jpg
cifake_0967 (9),blur_s1.0,cifake,real,0,0.5867319703102112,data\cache\clean\test\cifake_0967 (9)\blur_s1.0.jpg
cifake_1139,blur_s1.0,cifake,real,0,0.8843772411346436,data\cache\clean\test\cifake_1139\blur_s1.0.jpg
cifake_1435 (2),blur_s1.0,cifake,real,0,0.6154276728630066,data\cache\clean\test\cifake_1435 (2)\blur_s1.0.jpg
cifake_1974,blur_s1.0,cifake,real,0,0.6787269711494446,data\cache\clean\test\cifake_1974\blur_s1.0.jpg
cifake_2071,blur_s1.0,cifake,real,0,0.8415442109107971,data\cache\clean\test\cifake_2071\blur_s1.0.jpg
cifake_2122,blur_s1.0,cifake,real,0,0.8414713740348816,data\cache\clean\test\cifake_2122\blur_s1.0.jpg
cifake_2547,blur_s1.0,cifake,real,0,0.6984150409698486,data\cache\clean\test\cifake_2547\blur_s1.0.jpg
cifake_2633 (10),blur_s1.0,cifake,real,0,0.5624294877052307,data\cache\clean\test\cifake_2633 (10)\blur_s1.0.jpg
cifake_2874 (4),blur_s1.0,cifake,real,0,0.8760477900505066,data\cache\clean\test\cifake_2874 (4)\blur_s1.0.jpg
cifake_3280 (8),blur_s1.0,cifake,real,0,0.9210323691368103,data\cache\clean\test\cifake_3280 (8)\blur_s1.0.jpg
cifake_3330 (4),blur_s1.0,cifake,real,0,0.6071979403495789,data\cache\clean\test\cifake_3330 (4)\blur_s1.0.jpg
cifake_3891 (3),blur_s1.0,cifake,real,0,0.779022753238678,data\cache\clean\test\cifake_3891 (3)\blur_s1.0.jpg
cifake_3916 (8),blur_s1.0,cifake,real,0,0.7936040759086609,data\cache\clean\test\cifake_3916 (8)\blur_s1.0.jpg
cifake_4660 (5),blur_s1.0,cifake,real,0,0.955913245677948,data\cache\clean\test\cifake_4660 (5)\blur_s1.0.jpg
cifake_4673 (5),blur_s1.0,cifake,real,0,0.506624698638916,data\cache\clean\test\cifake_4673 (5)\blur_s1.0.jpg
cifake_4805 (8),blur_s1.0,cifake,real,0,0.5836655497550964,data\cache\clean\test\cifake_4805 (8)\blur_s1.0.jpg
sidset_01cfa603553a1a45,blur_s1.0,sidset,real,0,0.542549729347229,data\cache\clean\test\sidset_01cfa603553a1a45\blur_s1.0.jpg
sidset_02eb47f790cba404,blur_s1.0,sidset,real,0,0.5975747108459473,data\cache\clean\test\sidset_02eb47f790cba404\blur_s1.0.jpg
sidset_036df955965cb2f9,blur_s1.0,sidset,real,0,0.6344512701034546,data\cache\clean\test\sidset_036df955965cb2f9\blur_s1.0.jpg
sidset_038789965a8f7606,blur_s1.0,sidset,real,0,0.9378243088722229,data\cache\clean\test\sidset_038789965a8f7606\blur_s1.0.jpg
sidset_03a9da8756998d00,blur_s1.0,sidset,real,0,0.6254606246948242,data\cache\clean\test\sidset_03a9da8756998d00\blur_s1.0.jpg
sidset_075db643445af8e3,blur_s1.0,sidset,real,0,0.8926610350608826,data\cache\clean\test\sidset_075db643445af8e3\blur_s1.0.jpg
sidset_0f8102c25fc764ea,blur_s1.0,sidset,real,0,0.9937602877616882,data\cache\clean\test\sidset_0f8102c25fc764ea\blur_s1.0.jpg
sidset_14312756c1c94efa,blur_s1.0,sidset,real,0,0.9999955892562866,data\cache\clean\test\sidset_14312756c1c94efa\blur_s1.0.jpg
sidset_16c4058cc17896fc,blur_s1.0,sidset,real,0,0.5346726775169373,data\cache\clean\test\sidset_16c4058cc17896fc\blur_s1.0.jpg
sidset_1d24e17c0f598d7a,blur_s1.0,sidset,real,0,0.535706102848053,data\cache\clean\test\sidset_1d24e17c0f598d7a\blur_s1.0.jpg
sidset_22b07f2ffcaf319c,blur_s1.0,sidset,real,0,0.960310161113739,data\cache\clean\test\sidset_22b07f2ffcaf319c\blur_s1.0.jpg
sidset_26c389b400ea1653,blur_s1.0,sidset,real,0,0.9947479367256165,data\cache\clean\test\sidset_26c389b400ea1653\blur_s1.0.jpg
sidset_31d44fee2c336e78,blur_s1.0,sidset,real,0,0.5778625011444092,data\cache\clean\test\sidset_31d44fee2c336e78\blur_s1.0.jpg
sidset_34866edcc2800ae0,blur_s1.0,sidset,real,0,0.831882894039154,data\cache\clean\test\sidset_34866edcc2800ae0\blur_s1.0.jpg
sidset_36ec0b674a14714a,blur_s1.0,sidset,real,0,0.9348389506340027,data\cache\clean\test\sidset_36ec0b674a14714a\blur_s1.0.jpg
sidset_389903ded0c46375,blur_s1.0,sidset,real,0,0.5171457529067993,data\cache\clean\test\sidset_389903ded0c46375\blur_s1.0.jpg
sidset_39a3f029e2e17dd3,blur_s1.0,sidset,real,0,0.9840652346611023,data\cache\clean\test\sidset_39a3f029e2e17dd3\blur_s1.0.jpg
sidset_3beca4d6152a4aa5,blur_s1.0,sidset,real,0,0.885208249092102,data\cache\clean\test\sidset_3beca4d6152a4aa5\blur_s1.0.jpg
sidset_3fbc4c1574ef987d,blur_s1.0,sidset,real,0,0.9380987882614136,data\cache\clean\test\sidset_3fbc4c1574ef987d\blur_s1.0.jpg
sidset_41fcb89ff22ef83c,blur_s1.0,sidset,real,0,0.9365044236183167,data\cache\clean\test\sidset_41fcb89ff22ef83c\blur_s1.0.jpg
sidset_45a6cb8b20ae57d2,blur_s1.0,sidset,real,0,0.9988880753517151,data\cache\clean\test\sidset_45a6cb8b20ae57d2\blur_s1.0.jpg
sidset_45c5c68f5a74cd90,blur_s1.0,sidset,real,0,0.8821717500686646,data\cache\clean\test\sidset_45c5c68f5a74cd90\blur_s1.0.jpg
sidset_46a383463322d7a9,blur_s1.0,sidset,real,0,0.7840774655342102,data\cache\clean\test\sidset_46a383463322d7a9\blur_s1.0.jpg
sidset_4b587c02c1897383,blur_s1.0,sidset,real,0,0.8006266951560974,data\cache\clean\test\sidset_4b587c02c1897383\blur_s1.0.jpg
sidset_4eaeb947635ca47e,blur_s1.0,sidset,real,0,0.7771230340003967,data\cache\clean\test\sidset_4eaeb947635ca47e\blur_s1.0.jpg
sidset_508cc69f6b128900,blur_s1.0,sidset,real,0,0.8287496566772461,data\cache\clean\test\sidset_508cc69f6b128900\blur_s1.0.jpg
sidset_52bf81b2d7f84101,blur_s1.0,sidset,real,0,0.9443329572677612,data\cache\clean\test\sidset_52bf81b2d7f84101\blur_s1.0.jpg
sidset_55ed6c0bbd54e07d,blur_s1.0,sidset,real,0,0.8967528343200684,data\cache\clean\test\sidset_55ed6c0bbd54e07d\blur_s1.0.jpg
sidset_5a165a26bf8ca4be,blur_s1.0,sidset,real,0,0.9488337635993958,data\cache\clean\test\sidset_5a165a26bf8ca4be\blur_s1.0.jpg
sidset_5b291a7b5ae05cf0,blur_s1.0,sidset,real,0,0.7174155712127686,data\cache\clean\test\sidset_5b291a7b5ae05cf0\blur_s1.0.jpg
sidset_5b8f12b78d13bfcd,blur_s1.0,sidset,real,0,0.9721555709838867,data\cache\clean\test\sidset_5b8f12b78d13bfcd\blur_s1.0.jpg
sidset_5ba522a91162ae70,blur_s1.0,sidset,real,0,0.997582197189331,data\cache\clean\test\sidset_5ba522a91162ae70\blur_s1.0.jpg
sidset_630624a387e04a88,blur_s1.0,sidset,real,0,0.9659291505813599,data\cache\clean\test\sidset_630624a387e04a88\blur_s1.0.jpg
sidset_68f0479b7dde7700,blur_s1.0,sidset,real,0,0.8758676052093506,data\cache\clean\test\sidset_68f0479b7dde7700\blur_s1.0.jpg
sidset_6b7167d906f4ff1f,blur_s1.0,sidset,real,0,0.9982811212539673,data\cache\clean\test\sidset_6b7167d906f4ff1f\blur_s1.0.jpg
sidset_6c4941996cd7f5fc,blur_s1.0,sidset,real,0,0.8645716309547424,data\cache\clean\test\sidset_6c4941996cd7f5fc\blur_s1.0.jpg
sidset_759a21da57c25774,blur_s1.0,sidset,real,0,0.8733059167861938,data\cache\clean\test\sidset_759a21da57c25774\blur_s1.0.jpg
sidset_7974984b83c15934,blur_s1.0,sidset,real,0,0.5816875696182251,data\cache\clean\test\sidset_7974984b83c15934\blur_s1.0.jpg
sidset_7a55bff93d561bac,blur_s1.0,sidset,real,0,0.5605809688568115,data\cache\clean\test\sidset_7a55bff93d561bac\blur_s1.0.jpg
sidset_8d2495ea75218578,blur_s1.0,sidset,real,0,0.5456734299659729,data\cache\clean\test\sidset_8d2495ea75218578\blur_s1.0.jpg
sidset_987ced7fd98867b5,blur_s1.0,sidset,real,0,0.5161155462265015,data\cache\clean\test\sidset_987ced7fd98867b5\blur_s1.0.jpg
sidset_9915729405b9e03e,blur_s1.0,sidset,real,0,0.7687490582466125,data\cache\clean\test\sidset_9915729405b9e03e\blur_s1.0.jpg
sidset_995429a562f1aed2,blur_s1.0,sidset,real,0,0.5254452228546143,data\cache\clean\test\sidset_995429a562f1aed2\blur_s1.0.jpg
sidset_a3032d75347e6fa2,blur_s1.0,sidset,real,0,0.9459530711174011,data\cache\clean\test\sidset_a3032d75347e6fa2\blur_s1.0.jpg
sidset_a36a612621d64289,blur_s1.0,sidset,real,0,0.7876335978507996,data\cache\clean\test\sidset_a36a612621d64289\blur_s1.0.jpg
sidset_a429805728e89e7d,blur_s1.0,sidset,real,0,0.9928103685379028,data\cache\clean\test\sidset_a429805728e89e7d\blur_s1.0.jpg
sidset_a8ad741ef85002f3,blur_s1.0,sidset,real,0,0.7260375618934631,data\cache\clean\test\sidset_a8ad741ef85002f3\blur_s1.0.jpg
sidset_ac54ef2834f8bc74,blur_s1.0,sidset,real,0,0.7945787906646729,data\cache\clean\test\sidset_ac54ef2834f8bc74\blur_s1.0.jpg
sidset_ae2a3178c574c716,blur_s1.0,sidset,real,0,0.9336471557617188,data\cache\clean\test\sidset_ae2a3178c574c716\blur_s1.0.jpg
sidset_b230de6baca8d392,blur_s1.0,sidset,real,0,0.7052673101425171,data\cache\clean\test\sidset_b230de6baca8d392\blur_s1.0.jpg
sidset_b3d460c2a4f17eff,blur_s1.0,sidset,real,0,0.9964832067489624,data\cache\clean\test\sidset_b3d460c2a4f17eff\blur_s1.0.jpg
sidset_b56eb4cbcc71b00b,blur_s1.0,sidset,real,0,0.534196674823761,data\cache\clean\test\sidset_b56eb4cbcc71b00b\blur_s1.0.jpg
sidset_bc70b06f0d603efd,blur_s1.0,sidset,real,0,0.999902606010437,data\cache\clean\test\sidset_bc70b06f0d603efd\blur_s1.0.jpg
sidset_bf7100f88bf3b0f3,blur_s1.0,sidset,real,0,0.6123500466346741,data\cache\clean\test\sidset_bf7100f88bf3b0f3\blur_s1.0.jpg
sidset_c5a378b0ea24d25e,blur_s1.0,sidset,real,0,0.9579446315765381,data\cache\clean\test\sidset_c5a378b0ea24d25e\blur_s1.0.jpg
sidset_c790c7ca03b21797,blur_s1.0,sidset,real,0,0.8167123794555664,data\cache\clean\test\sidset_c790c7ca03b21797\blur_s1.0.jpg
sidset_cb68a83278e88b9d,blur_s1.0,sidset,real,0,0.5824344754219055,data\cache\clean\test\sidset_cb68a83278e88b9d\blur_s1.0.jpg
sidset_d652dc17bb0709b8,blur_s1.0,sidset,real,0,0.821826159954071,data\cache\clean\test\sidset_d652dc17bb0709b8\blur_s1.0.jpg
sidset_db325b24acd0df24,blur_s1.0,sidset,real,0,0.8555606603622437,data\cache\clean\test\sidset_db325b24acd0df24\blur_s1.0.jpg
sidset_e14e3989daa0bebd,blur_s1.0,sidset,real,0,0.62898850440979,data\cache\clean\test\sidset_e14e3989daa0bebd\blur_s1.0.jpg
sidset_e67f5961f8d7c753,blur_s1.0,sidset,real,0,0.6247928142547607,data\cache\clean\test\sidset_e67f5961f8d7c753\blur_s1.0.jpg
sidset_e6f037cc020a3c67,blur_s1.0,sidset,real,0,0.5470696091651917,data\cache\clean\test\sidset_e6f037cc020a3c67\blur_s1.0.jpg
sidset_ef3f636bfc78f3a5,blur_s1.0,sidset,real,0,0.9916370511054993,data\cache\clean\test\sidset_ef3f636bfc78f3a5\blur_s1.0.jpg
sidset_f250696304a3be0e,blur_s1.0,sidset,real,0,0.864046573638916,data\cache\clean\test\sidset_f250696304a3be0e\blur_s1.0.jpg
sidset_f630570a5eab971b,blur_s1.0,sidset,real,0,0.9206082224845886,data\cache\clean\test\sidset_f630570a5eab971b\blur_s1.0.jpg
sidset_fac95db1f3df9775,blur_s1.0,sidset,real,0,0.931695818901062,data\cache\clean\test\sidset_fac95db1f3df9775\blur_s1.0.jpg
sidset_fe0bec3214706d60,blur_s1.0,sidset,real,0,0.9828904271125793,data\cache\clean\test\sidset_fe0bec3214706d60\blur_s1.0.jpg
cifake_0235,blur_s2.0,cifake,real,0,0.5994734764099121,data\cache\clean\test\cifake_0235\blur_s2.0.jpg
cifake_0327 (5),blur_s2.0,cifake,real,0,0.848361074924469,data\cache\clean\test\cifake_0327 (5)\blur_s2.0.jpg
cifake_0618 (3),blur_s2.0,cifake,real,0,0.9050087928771973,data\cache\clean\test\cifake_0618 (3)\blur_s2.0.jpg
cifake_0793,blur_s2.0,cifake,real,0,0.786390483379364,data\cache\clean\test\cifake_0793\blur_s2.0.jpg
cifake_1139,blur_s2.0,cifake,real,0,0.8503521084785461,data\cache\clean\test\cifake_1139\blur_s2.0.jpg
cifake_1974,blur_s2.0,cifake,real,0,0.6221211552619934,data\cache\clean\test\cifake_1974\blur_s2.0.jpg
cifake_2071,blur_s2.0,cifake,real,0,0.8516585826873779,data\cache\clean\test\cifake_2071\blur_s2.0.jpg
cifake_2122,blur_s2.0,cifake,real,0,0.8046298623085022,data\cache\clean\test\cifake_2122\blur_s2.0.jpg
cifake_2547,blur_s2.0,cifake,real,0,0.619522213935852,data\cache\clean\test\cifake_2547\blur_s2.0.jpg
cifake_2633 (10),blur_s2.0,cifake,real,0,0.7193456888198853,data\cache\clean\test\cifake_2633 (10)\blur_s2.0.jpg
cifake_2874 (4),blur_s2.0,cifake,real,0,0.807051420211792,data\cache\clean\test\cifake_2874 (4)\blur_s2.0.jpg
cifake_3280 (8),blur_s2.0,cifake,real,0,0.9068440198898315,data\cache\clean\test\cifake_3280 (8)\blur_s2.0.jpg
cifake_3891 (3),blur_s2.0,cifake,real,0,0.7592284679412842,data\cache\clean\test\cifake_3891 (3)\blur_s2.0.jpg
cifake_3916 (8),blur_s2.0,cifake,real,0,0.7545593976974487,data\cache\clean\test\cifake_3916 (8)\blur_s2.0.jpg
cifake_4660 (5),blur_s2.0,cifake,real,0,0.95501309633255,data\cache\clean\test\cifake_4660 (5)\blur_s2.0.jpg
cifake_4805 (8),blur_s2.0,cifake,real,0,0.5448972582817078,data\cache\clean\test\cifake_4805 (8)\blur_s2.0.jpg
sidset_02eb47f790cba404,blur_s2.0,sidset,real,0,0.5129619836807251,data\cache\clean\test\sidset_02eb47f790cba404\blur_s2.0.jpg
sidset_036df955965cb2f9,blur_s2.0,sidset,real,0,0.676180362701416,data\cache\clean\test\sidset_036df955965cb2f9\blur_s2.0.jpg
sidset_038789965a8f7606,blur_s2.0,sidset,real,0,0.9168182015419006,data\cache\clean\test\sidset_038789965a8f7606\blur_s2.0.jpg
sidset_075db643445af8e3,blur_s2.0,sidset,real,0,0.8683632016181946,data\cache\clean\test\sidset_075db643445af8e3\blur_s2.0.jpg
sidset_0f8102c25fc764ea,blur_s2.0,sidset,real,0,0.9519355297088623,data\cache\clean\test\sidset_0f8102c25fc764ea\blur_s2.0.jpg
sidset_1409961a28ec7db5,blur_s2.0,sidset,real,0,0.5445474982261658,data\cache\clean\test\sidset_1409961a28ec7db5\blur_s2.0.jpg
sidset_14312756c1c94efa,blur_s2.0,sidset,real,0,0.9999144077301025,data\cache\clean\test\sidset_14312756c1c94efa\blur_s2.0.jpg
sidset_1d24e17c0f598d7a,blur_s2.0,sidset,real,0,0.7165520787239075,data\cache\clean\test\sidset_1d24e17c0f598d7a\blur_s2.0.jpg
sidset_22b07f2ffcaf319c,blur_s2.0,sidset,real,0,0.9953253269195557,data\cache\clean\test\sidset_22b07f2ffcaf319c\blur_s2.0.jpg
sidset_26c389b400ea1653,blur_s2.0,sidset,real,0,0.9837280511856079,data\cache\clean\test\sidset_26c389b400ea1653\blur_s2.0.jpg
sidset_2937194ac3616fbd,blur_s2.0,sidset,real,0,0.5441480278968811,data\cache\clean\test\sidset_2937194ac3616fbd\blur_s2.0.jpg
sidset_31d44fee2c336e78,blur_s2.0,sidset,real,0,0.7648582458496094,data\cache\clean\test\sidset_31d44fee2c336e78\blur_s2.0.jpg
sidset_333b018473a06c71,blur_s2.0,sidset,real,0,0.6702629327774048,data\cache\clean\test\sidset_333b018473a06c71\blur_s2.0.jpg
sidset_34866edcc2800ae0,blur_s2.0,sidset,real,0,0.9680975675582886,data\cache\clean\test\sidset_34866edcc2800ae0\blur_s2.0.jpg
sidset_35f6c1138217d58e,blur_s2.0,sidset,real,0,0.5474550127983093,data\cache\clean\test\sidset_35f6c1138217d58e\blur_s2.0.jpg
sidset_36ec0b674a14714a,blur_s2.0,sidset,real,0,0.9046757817268372,data\cache\clean\test\sidset_36ec0b674a14714a\blur_s2.0.jpg
sidset_39a3f029e2e17dd3,blur_s2.0,sidset,real,0,0.992756187915802,data\cache\clean\test\sidset_39a3f029e2e17dd3\blur_s2.0.jpg
sidset_3beca4d6152a4aa5,blur_s2.0,sidset,real,0,0.8683316111564636,data\cache\clean\test\sidset_3beca4d6152a4aa5\blur_s2.0.jpg
sidset_3fbc4c1574ef987d,blur_s2.0,sidset,real,0,0.8105037808418274,data\cache\clean\test\sidset_3fbc4c1574ef987d\blur_s2.0.jpg
sidset_41fcb89ff22ef83c,blur_s2.0,sidset,real,0,0.9824129343032837,data\cache\clean\test\sidset_41fcb89ff22ef83c\blur_s2.0.jpg
sidset_45a6cb8b20ae57d2,blur_s2.0,sidset,real,0,0.9981473684310913,data\cache\clean\test\sidset_45a6cb8b20ae57d2\blur_s2.0.jpg
sidset_45c5c68f5a74cd90,blur_s2.0,sidset,real,0,0.800651490688324,data\cache\clean\test\sidset_45c5c68f5a74cd90\blur_s2.0.jpg
sidset_46a383463322d7a9,blur_s2.0,sidset,real,0,0.5873615145683289,data\cache\clean\test\sidset_46a383463322d7a9\blur_s2.0.jpg
sidset_4d0104d2a9f0d1a4,blur_s2.0,sidset,real,0,0.6404592394828796,data\cache\clean\test\sidset_4d0104d2a9f0d1a4\blur_s2.0.jpg
sidset_508cc69f6b128900,blur_s2.0,sidset,real,0,0.8031455874443054,data\cache\clean\test\sidset_508cc69f6b128900\blur_s2.0.jpg
sidset_51655a8a28f25f11,blur_s2.0,sidset,real,0,0.974338948726654,data\cache\clean\test\sidset_51655a8a28f25f11\blur_s2.0.jpg
sidset_52bf81b2d7f84101,blur_s2.0,sidset,real,0,0.6584824323654175,data\cache\clean\test\sidset_52bf81b2d7f84101\blur_s2.0.jpg
sidset_5a165a26bf8ca4be,blur_s2.0,sidset,real,0,0.9768895506858826,data\cache\clean\test\sidset_5a165a26bf8ca4be\blur_s2.0.jpg
sidset_5b291a7b5ae05cf0,blur_s2.0,sidset,real,0,0.6440412998199463,data\cache\clean\test\sidset_5b291a7b5ae05cf0\blur_s2.0.jpg
sidset_5b8f12b78d13bfcd,blur_s2.0,sidset,real,0,0.9882192611694336,data\cache\clean\test\sidset_5b8f12b78d13bfcd\blur_s2.0.jpg
sidset_5ba522a91162ae70,blur_s2.0,sidset,real,0,0.9989975094795227,data\cache\clean\test\sidset_5ba522a91162ae70\blur_s2.0.jpg
sidset_5c175a143c23a7b8,blur_s2.0,sidset,real,0,0.6963870525360107,data\cache\clean\test\sidset_5c175a143c23a7b8\blur_s2.0.jpg
sidset_615f67f3acd96d5c,blur_s2.0,sidset,real,0,0.9822086691856384,data\cache\clean\test\sidset_615f67f3acd96d5c\blur_s2.0.jpg
sidset_630624a387e04a88,blur_s2.0,sidset,real,0,0.7804338335990906,data\cache\clean\test\sidset_630624a387e04a88\blur_s2.0.jpg
sidset_68f0479b7dde7700,blur_s2.0,sidset,real,0,0.8479650616645813,data\cache\clean\test\sidset_68f0479b7dde7700\blur_s2.0.jpg
sidset_6b7167d906f4ff1f,blur_s2.0,sidset,real,0,0.9994791150093079,data\cache\clean\test\sidset_6b7167d906f4ff1f\blur_s2.0.jpg
sidset_6c4941996cd7f5fc,blur_s2.0,sidset,real,0,0.6217005252838135,data\cache\clean\test\sidset_6c4941996cd7f5fc\blur_s2.0.jpg
sidset_725e4f2f78a9cd86,blur_s2.0,sidset,real,0,0.7136349678039551,data\cache\clean\test\sidset_725e4f2f78a9cd86\blur_s2.0.jpg
sidset_759a21da57c25774,blur_s2.0,sidset,real,0,0.9801662564277649,data\cache\clean\test\sidset_759a21da57c25774\blur_s2.0.jpg
sidset_772850bc0fb9e17c,blur_s2.0,sidset,real,0,0.9917815327644348,data\cache\clean\test\sidset_772850bc0fb9e17c\blur_s2.0.jpg
sidset_7974984b83c15934,blur_s2.0,sidset,real,0,0.832862913608551,data\cache\clean\test\sidset_7974984b83c15934\blur_s2.0.jpg
sidset_7f1ce0ac000e1d6c,blur_s2.0,sidset,real,0,0.6211570501327515,data\cache\clean\test\sidset_7f1ce0ac000e1d6c\blur_s2.0.jpg
sidset_8d2495ea75218578,blur_s2.0,sidset,real,0,0.6515870094299316,data\cache\clean\test\sidset_8d2495ea75218578\blur_s2.0.jpg
sidset_918190e0dd7fc829,blur_s2.0,sidset,real,0,0.915218710899353,data\cache\clean\test\sidset_918190e0dd7fc829\blur_s2.0.jpg
sidset_9811f04611ad082c,blur_s2.0,sidset,real,0,0.7745689153671265,data\cache\clean\test\sidset_9811f04611ad082c\blur_s2.0.jpg
sidset_987ced7fd98867b5,blur_s2.0,sidset,real,0,0.6504718065261841,data\cache\clean\test\sidset_987ced7fd98867b5\blur_s2.0.jpg
sidset_9915729405b9e03e,blur_s2.0,sidset,real,0,0.811578631401062,data\cache\clean\test\sidset_9915729405b9e03e\blur_s2.0.jpg
sidset_995429a562f1aed2,blur_s2.0,sidset,real,0,0.6095412969589233,data\cache\clean\test\sidset_995429a562f1aed2\blur_s2.0.jpg
sidset_a3032d75347e6fa2,blur_s2.0,sidset,real,0,0.8521093726158142,data\cache\clean\test\sidset_a3032d75347e6fa2\blur_s2.0.jpg
sidset_a36a612621d64289,blur_s2.0,sidset,real,0,0.8381245136260986,data\cache\clean\test\sidset_a36a612621d64289\blur_s2.0.jpg
sidset_a429805728e89e7d,blur_s2.0,sidset,real,0,0.9931033849716187,data\cache\clean\test\sidset_a429805728e89e7d\blur_s2.0.jpg
sidset_a5b01f2aa66b2e86,blur_s2.0,sidset,real,0,0.8200474977493286,data\cache\clean\test\sidset_a5b01f2aa66b2e86\blur_s2.0.jpg
sidset_a8ad741ef85002f3,blur_s2.0,sidset,real,0,0.5403451919555664,data\cache\clean\test\sidset_a8ad741ef85002f3\blur_s2.0.jpg
sidset_ac54ef2834f8bc74,blur_s2.0,sidset,real,0,0.9028453826904297,data\cache\clean\test\sidset_ac54ef2834f8bc74\blur_s2.0.jpg
sidset_addaecf6bdb9e66b,blur_s2.0,sidset,real,0,0.8047415018081665,data\cache\clean\test\sidset_addaecf6bdb9e66b\blur_s2.0.jpg
sidset_b230de6baca8d392,blur_s2.0,sidset,real,0,0.9146919846534729,data\cache\clean\test\sidset_b230de6baca8d392\blur_s2.0.jpg
sidset_b2a36196721315df,blur_s2.0,sidset,real,0,0.7132227420806885,data\cache\clean\test\sidset_b2a36196721315df\blur_s2.0.jpg
sidset_b3d460c2a4f17eff,blur_s2.0,sidset,real,0,0.997000515460968,data\cache\clean\test\sidset_b3d460c2a4f17eff\blur_s2.0.jpg
sidset_bc70b06f0d603efd,blur_s2.0,sidset,real,0,0.9999897480010986,data\cache\clean\test\sidset_bc70b06f0d603efd\blur_s2.0.jpg
sidset_bf236ad30956e497,blur_s2.0,sidset,real,0,0.5405539870262146,data\cache\clean\test\sidset_bf236ad30956e497\blur_s2.0.jpg
sidset_c104d5a827c3dc84,blur_s2.0,sidset,real,0,0.5795615911483765,data\cache\clean\test\sidset_c104d5a827c3dc84\blur_s2.0.jpg
sidset_c5a378b0ea24d25e,blur_s2.0,sidset,real,0,0.8753465414047241,data\cache\clean\test\sidset_c5a378b0ea24d25e\blur_s2.0.jpg
sidset_c790c7ca03b21797,blur_s2.0,sidset,real,0,0.5507447719573975,data\cache\clean\test\sidset_c790c7ca03b21797\blur_s2.0.jpg
sidset_c7d3774f16039f96,blur_s2.0,sidset,real,0,0.6797372698783875,data\cache\clean\test\sidset_c7d3774f16039f96\blur_s2.0.jpg
sidset_cac550631e35c126,blur_s2.0,sidset,real,0,0.5642419457435608,data\cache\clean\test\sidset_cac550631e35c126\blur_s2.0.jpg
sidset_cb68a83278e88b9d,blur_s2.0,sidset,real,0,0.7764203548431396,data\cache\clean\test\sidset_cb68a83278e88b9d\blur_s2.0.jpg
sidset_ce09a25a50fdfe47,blur_s2.0,sidset,real,0,0.7200599908828735,data\cache\clean\test\sidset_ce09a25a50fdfe47\blur_s2.0.jpg
sidset_d1bccd9512c32cdc,blur_s2.0,sidset,real,0,0.5097050070762634,data\cache\clean\test\sidset_d1bccd9512c32cdc\blur_s2.0.jpg
sidset_d652dc17bb0709b8,blur_s2.0,sidset,real,0,0.6158983111381531,data\cache\clean\test\sidset_d652dc17bb0709b8\blur_s2.0.jpg
sidset_db325b24acd0df24,blur_s2.0,sidset,real,0,0.9513947367668152,data\cache\clean\test\sidset_db325b24acd0df24\blur_s2.0.jpg
sidset_e67f5961f8d7c753,blur_s2.0,sidset,real,0,0.8367258906364441,data\cache\clean\test\sidset_e67f5961f8d7c753\blur_s2.0.jpg
sidset_ef3f636bfc78f3a5,blur_s2.0,sidset,real,0,0.981105625629425,data\cache\clean\test\sidset_ef3f636bfc78f3a5\blur_s2.0.jpg
sidset_f250696304a3be0e,blur_s2.0,sidset,real,0,0.7303706407546997,data\cache\clean\test\sidset_f250696304a3be0e\blur_s2.0.jpg
sidset_f630570a5eab971b,blur_s2.0,sidset,real,0,0.9114172458648682,data\cache\clean\test\sidset_f630570a5eab971b\blur_s2.0.jpg
sidset_fac95db1f3df9775,blur_s2.0,sidset,real,0,0.9838809967041016,data\cache\clean\test\sidset_fac95db1f3df9775\blur_s2.0.jpg
sidset_fb820a8756e04447,blur_s2.0,sidset,real,0,0.6570565104484558,data\cache\clean\test\sidset_fb820a8756e04447\blur_s2.0.jpg
sidset_fe0bec3214706d60,blur_s2.0,sidset,real,0,0.9967647790908813,data\cache\clean\test\sidset_fe0bec3214706d60\blur_s2.0.jpg
cifake_0240 (9),color_down,cifake,real,0,0.6333615779876709,data\cache\clean\test\cifake_0240 (9)\color_down.jpg
cifake_0618 (3),color_down,cifake,real,0,0.8819546103477478,data\cache\clean\test\cifake_0618 (3)\color_down.jpg
cifake_0793,color_down,cifake,real,0,0.886664867401123,data\cache\clean\test\cifake_0793\color_down.jpg
cifake_1139,color_down,cifake,real,0,0.5790678262710571,data\cache\clean\test\cifake_1139\color_down.jpg
cifake_1435 (2),color_down,cifake,real,0,0.6340144872665405,data\cache\clean\test\cifake_1435 (2)\color_down.jpg
cifake_1974,color_down,cifake,real,0,0.8529097437858582,data\cache\clean\test\cifake_1974\color_down.jpg
cifake_2071,color_down,cifake,real,0,0.6261087656021118,data\cache\clean\test\cifake_2071\color_down.jpg
cifake_2122,color_down,cifake,real,0,0.8233671188354492,data\cache\clean\test\cifake_2122\color_down.jpg
cifake_2857 (10),color_down,cifake,real,0,0.5074132084846497,data\cache\clean\test\cifake_2857 (10)\color_down.jpg
cifake_2874 (4),color_down,cifake,real,0,0.527670681476593,data\cache\clean\test\cifake_2874 (4)\color_down.jpg
cifake_3819 (2),color_down,cifake,real,0,0.5551533102989197,data\cache\clean\test\cifake_3819 (2)\color_down.jpg
cifake_4592 (10),color_down,cifake,real,0,0.6185020208358765,data\cache\clean\test\cifake_4592 (10)\color_down.jpg
cifake_4660 (5),color_down,cifake,real,0,0.557906448841095,data\cache\clean\test\cifake_4660 (5)\color_down.jpg
cifake_4673 (5),color_down,cifake,real,0,0.83636873960495,data\cache\clean\test\cifake_4673 (5)\color_down.jpg
sidset_01cfa603553a1a45,color_down,sidset,real,0,0.7827001214027405,data\cache\clean\test\sidset_01cfa603553a1a45\color_down.jpg
sidset_036df955965cb2f9,color_down,sidset,real,0,0.981988251209259,data\cache\clean\test\sidset_036df955965cb2f9\color_down.jpg
sidset_038789965a8f7606,color_down,sidset,real,0,0.9654140472412109,data\cache\clean\test\sidset_038789965a8f7606\color_down.jpg
sidset_03a9da8756998d00,color_down,sidset,real,0,0.6611239910125732,data\cache\clean\test\sidset_03a9da8756998d00\color_down.jpg
sidset_09f7329f0c1c9fd4,color_down,sidset,real,0,0.5185892581939697,data\cache\clean\test\sidset_09f7329f0c1c9fd4\color_down.jpg
sidset_0f8102c25fc764ea,color_down,sidset,real,0,0.9844083189964294,data\cache\clean\test\sidset_0f8102c25fc764ea\color_down.jpg
sidset_14312756c1c94efa,color_down,sidset,real,0,0.9999982118606567,data\cache\clean\test\sidset_14312756c1c94efa\color_down.jpg
sidset_1493e45feef507e8,color_down,sidset,real,0,0.8842322826385498,data\cache\clean\test\sidset_1493e45feef507e8\color_down.jpg
sidset_16c4058cc17896fc,color_down,sidset,real,0,0.7523407340049744,data\cache\clean\test\sidset_16c4058cc17896fc\color_down.jpg
sidset_1b20d1ec3fd5a56f,color_down,sidset,real,0,0.7226898670196533,data\cache\clean\test\sidset_1b20d1ec3fd5a56f\color_down.jpg
sidset_1cae0a8c943c87f1,color_down,sidset,real,0,0.7003931403160095,data\cache\clean\test\sidset_1cae0a8c943c87f1\color_down.jpg
sidset_1d24e17c0f598d7a,color_down,sidset,real,0,0.8783888220787048,data\cache\clean\test\sidset_1d24e17c0f598d7a\color_down.jpg
sidset_22b07f2ffcaf319c,color_down,sidset,real,0,0.6915509700775146,data\cache\clean\test\sidset_22b07f2ffcaf319c\color_down.jpg
sidset_24a4409917faf56d,color_down,sidset,real,0,0.584033727645874,data\cache\clean\test\sidset_24a4409917faf56d\color_down.jpg
sidset_26c389b400ea1653,color_down,sidset,real,0,0.9938324689865112,data\cache\clean\test\sidset_26c389b400ea1653\color_down.jpg
sidset_2800b0abf266ffba,color_down,sidset,real,0,0.7686314582824707,data\cache\clean\test\sidset_2800b0abf266ffba\color_down.jpg
sidset_2e1070632f289596,color_down,sidset,real,0,0.6820492148399353,data\cache\clean\test\sidset_2e1070632f289596\color_down.jpg
sidset_31d44fee2c336e78,color_down,sidset,real,0,0.9755367040634155,data\cache\clean\test\sidset_31d44fee2c336e78\color_down.jpg
sidset_333b018473a06c71,color_down,sidset,real,0,0.6164882183074951,data\cache\clean\test\sidset_333b018473a06c71\color_down.jpg
sidset_39a3f029e2e17dd3,color_down,sidset,real,0,0.9937566518783569,data\cache\clean\test\sidset_39a3f029e2e17dd3\color_down.jpg
sidset_3beca4d6152a4aa5,color_down,sidset,real,0,0.9283260107040405,data\cache\clean\test\sidset_3beca4d6152a4aa5\color_down.jpg
sidset_3fbc4c1574ef987d,color_down,sidset,real,0,0.9389036893844604,data\cache\clean\test\sidset_3fbc4c1574ef987d\color_down.jpg
sidset_41fcb89ff22ef83c,color_down,sidset,real,0,0.9290224313735962,data\cache\clean\test\sidset_41fcb89ff22ef83c\color_down.jpg
sidset_45a6cb8b20ae57d2,color_down,sidset,real,0,0.9806851148605347,data\cache\clean\test\sidset_45a6cb8b20ae57d2\color_down.jpg
sidset_45c5c68f5a74cd90,color_down,sidset,real,0,0.9270074367523193,data\cache\clean\test\sidset_45c5c68f5a74cd90\color_down.jpg
sidset_46a383463322d7a9,color_down,sidset,real,0,0.8416764736175537,data\cache\clean\test\sidset_46a383463322d7a9\color_down.jpg
sidset_47927d08b0f027e7,color_down,sidset,real,0,0.5703373551368713,data\cache\clean\test\sidset_47927d08b0f027e7\color_down.jpg
sidset_4b587c02c1897383,color_down,sidset,real,0,0.7099753022193909,data\cache\clean\test\sidset_4b587c02c1897383\color_down.jpg
sidset_4d0104d2a9f0d1a4,color_down,sidset,real,0,0.7726682424545288,data\cache\clean\test\sidset_4d0104d2a9f0d1a4\color_down.jpg
sidset_4eaeb947635ca47e,color_down,sidset,real,0,0.6509642601013184,data\cache\clean\test\sidset_4eaeb947635ca47e\color_down.jpg
sidset_52bf81b2d7f84101,color_down,sidset,real,0,0.9912270903587341,data\cache\clean\test\sidset_52bf81b2d7f84101\color_down.jpg
sidset_55ed6c0bbd54e07d,color_down,sidset,real,0,0.9564148187637329,data\cache\clean\test\sidset_55ed6c0bbd54e07d\color_down.jpg
sidset_5a165a26bf8ca4be,color_down,sidset,real,0,0.9803518652915955,data\cache\clean\test\sidset_5a165a26bf8ca4be\color_down.jpg
sidset_5b291a7b5ae05cf0,color_down,sidset,real,0,0.8535564541816711,data\cache\clean\test\sidset_5b291a7b5ae05cf0\color_down.jpg
sidset_5b8f12b78d13bfcd,color_down,sidset,real,0,0.9879635572433472,data\cache\clean\test\sidset_5b8f12b78d13bfcd\color_down.jpg
sidset_5ba522a91162ae70,color_down,sidset,real,0,0.9869635701179504,data\cache\clean\test\sidset_5ba522a91162ae70\color_down.jpg
sidset_5d6c80bf53edd038,color_down,sidset,real,0,0.5200098156929016,data\cache\clean\test\sidset_5d6c80bf53edd038\color_down.jpg
sidset_630624a387e04a88,color_down,sidset,real,0,0.7065020799636841,data\cache\clean\test\sidset_630624a387e04a88\color_down.jpg
sidset_68f0479b7dde7700,color_down,sidset,real,0,0.9551282525062561,data\cache\clean\test\sidset_68f0479b7dde7700\color_down.jpg
sidset_6b7167d906f4ff1f,color_down,sidset,real,0,0.9997890591621399,data\cache\clean\test\sidset_6b7167d906f4ff1f\color_down.jpg
sidset_6c4941996cd7f5fc,color_down,sidset,real,0,0.8602063059806824,data\cache\clean\test\sidset_6c4941996cd7f5fc\color_down.jpg
sidset_70f5dafbaa7da68a,color_down,sidset,real,0,0.6616119146347046,data\cache\clean\test\sidset_70f5dafbaa7da68a\color_down.jpg
sidset_759a21da57c25774,color_down,sidset,real,0,0.9998664855957031,data\cache\clean\test\sidset_759a21da57c25774\color_down.jpg
sidset_772850bc0fb9e17c,color_down,sidset,real,0,0.9146130681037903,data\cache\clean\test\sidset_772850bc0fb9e17c\color_down.jpg
sidset_7974984b83c15934,color_down,sidset,real,0,0.71388179063797,data\cache\clean\test\sidset_7974984b83c15934\color_down.jpg
sidset_7b550aceb5ec111f,color_down,sidset,real,0,0.7508713006973267,data\cache\clean\test\sidset_7b550aceb5ec111f\color_down.jpg
sidset_832e43df048c6d1a,color_down,sidset,real,0,0.6304798722267151,data\cache\clean\test\sidset_832e43df048c6d1a\color_down.jpg
sidset_8619862cda88466c,color_down,sidset,real,0,0.9928641319274902,data\cache\clean\test\sidset_8619862cda88466c\color_down.jpg
sidset_88431f034d786206,color_down,sidset,real,0,0.8865327835083008,data\cache\clean\test\sidset_88431f034d786206\color_down.jpg
sidset_918190e0dd7fc829,color_down,sidset,real,0,0.5383500456809998,data\cache\clean\test\sidset_918190e0dd7fc829\color_down.jpg
sidset_92e8228aca22327e,color_down,sidset,real,0,0.6397748589515686,data\cache\clean\test\sidset_92e8228aca22327e\color_down.jpg
sidset_9396f525ca983a0d,color_down,sidset,real,0,0.542527437210083,data\cache\clean\test\sidset_9396f525ca983a0d\color_down.jpg
sidset_9548acaeca2f5124,color_down,sidset,real,0,0.5957555174827576,data\cache\clean\test\sidset_9548acaeca2f5124\color_down.jpg
sidset_9915729405b9e03e,color_down,sidset,real,0,0.7515385150909424,data\cache\clean\test\sidset_9915729405b9e03e\color_down.jpg
sidset_995429a562f1aed2,color_down,sidset,real,0,0.8746480941772461,data\cache\clean\test\sidset_995429a562f1aed2\color_down.jpg
sidset_a36a612621d64289,color_down,sidset,real,0,0.9577986001968384,data\cache\clean\test\sidset_a36a612621d64289\color_down.jpg
sidset_a429805728e89e7d,color_down,sidset,real,0,0.9485475420951843,data\cache\clean\test\sidset_a429805728e89e7d\color_down.jpg
sidset_a5b01f2aa66b2e86,color_down,sidset,real,0,0.9109429717063904,data\cache\clean\test\sidset_a5b01f2aa66b2e86\color_down.jpg
sidset_a8ad741ef85002f3,color_down,sidset,real,0,0.9549463987350464,data\cache\clean\test\sidset_a8ad741ef85002f3\color_down.jpg
sidset_ac54ef2834f8bc74,color_down,sidset,real,0,0.5558208227157593,data\cache\clean\test\sidset_ac54ef2834f8bc74\color_down.jpg
sidset_addaecf6bdb9e66b,color_down,sidset,real,0,0.9910596013069153,data\cache\clean\test\sidset_addaecf6bdb9e66b\color_down.jpg
sidset_ae2a3178c574c716,color_down,sidset,real,0,0.9723902940750122,data\cache\clean\test\sidset_ae2a3178c574c716\color_down.jpg
sidset_b230de6baca8d392,color_down,sidset,real,0,0.9584277272224426,data\cache\clean\test\sidset_b230de6baca8d392\color_down.jpg
sidset_b2a36196721315df,color_down,sidset,real,0,0.5050895810127258,data\cache\clean\test\sidset_b2a36196721315df\color_down.jpg
sidset_b3d460c2a4f17eff,color_down,sidset,real,0,0.9976892471313477,data\cache\clean\test\sidset_b3d460c2a4f17eff\color_down.jpg
sidset_bc70b06f0d603efd,color_down,sidset,real,0,0.9999889135360718,data\cache\clean\test\sidset_bc70b06f0d603efd\color_down.jpg
sidset_bf236ad30956e497,color_down,sidset,real,0,0.6216349601745605,data\cache\clean\test\sidset_bf236ad30956e497\color_down.jpg
sidset_bf7100f88bf3b0f3,color_down,sidset,real,0,0.7060664892196655,data\cache\clean\test\sidset_bf7100f88bf3b0f3\color_down.jpg
sidset_c5a378b0ea24d25e,color_down,sidset,real,0,0.9577820897102356,data\cache\clean\test\sidset_c5a378b0ea24d25e\color_down.jpg
sidset_c790c7ca03b21797,color_down,sidset,real,0,0.6262217164039612,data\cache\clean\test\sidset_c790c7ca03b21797\color_down.jpg
sidset_c90419b9eb89527a,color_down,sidset,real,0,0.9969633221626282,data\cache\clean\test\sidset_c90419b9eb89527a\color_down.jpg
sidset_cb68a83278e88b9d,color_down,sidset,real,0,0.9029198288917542,data\cache\clean\test\sidset_cb68a83278e88b9d\color_down.jpg
sidset_d95699590a6b3fa6,color_down,sidset,real,0,0.5727440118789673,data\cache\clean\test\sidset_d95699590a6b3fa6\color_down.jpg
sidset_db325b24acd0df24,color_down,sidset,real,0,0.8010129332542419,data\cache\clean\test\sidset_db325b24acd0df24\color_down.jpg
sidset_e19c80d7ff2e201b,color_down,sidset,real,0,0.5130270719528198,data\cache\clean\test\sidset_e19c80d7ff2e201b\color_down.jpg
sidset_e67f5961f8d7c753,color_down,sidset,real,0,0.7324011921882629,data\cache\clean\test\sidset_e67f5961f8d7c753\color_down.jpg
sidset_e99541e9ff8fadb2,color_down,sidset,real,0,0.7374088764190674,data\cache\clean\test\sidset_e99541e9ff8fadb2\color_down.jpg
sidset_ef3f636bfc78f3a5,color_down,sidset,real,0,0.9961936473846436,data\cache\clean\test\sidset_ef3f636bfc78f3a5\color_down.jpg
sidset_f250696304a3be0e,color_down,sidset,real,0,0.8446370959281921,data\cache\clean\test\sidset_f250696304a3be0e\color_down.jpg
sidset_f5044c17014681a8,color_down,sidset,real,0,0.7413399815559387,data\cache\clean\test\sidset_f5044c17014681a8\color_down.jpg
sidset_f630570a5eab971b,color_down,sidset,real,0,0.8217298984527588,data\cache\clean\test\sidset_f630570a5eab971b\color_down.jpg
sidset_fac95db1f3df9775,color_down,sidset,real,0,0.9967032074928284,data\cache\clean\test\sidset_fac95db1f3df9775\color_down.jpg
sidset_fd096d0793adea7d,color_down,sidset,real,0,0.5289838314056396,data\cache\clean\test\sidset_fd096d0793adea7d\color_down.jpg
sidset_fe0bec3214706d60,color_down,sidset,real,0,0.9876012802124023,data\cache\clean\test\sidset_fe0bec3214706d60\color_down.jpg
cifake_0091 (9),color_up,cifake,real,0,0.6278114914894104,data\cache\clean\test\cifake_0091 (9)\color_up.jpg
cifake_0235,color_up,cifake,real,0,0.7628904581069946,data\cache\clean\test\cifake_0235\color_up.jpg
cifake_0242 (4),color_up,cifake,real,0,0.9458645582199097,data\cache\clean\test\cifake_0242 (4)\color_up.jpg
cifake_0327 (5),color_up,cifake,real,0,0.942881166934967,data\cache\clean\test\cifake_0327 (5)\color_up.jpg
cifake_0618 (3),color_up,cifake,real,0,0.8102015256881714,data\cache\clean\test\cifake_0618 (3)\color_up.jpg
cifake_0636 (3),color_up,cifake,real,0,0.5253945589065552,data\cache\clean\test\cifake_0636 (3)\color_up.jpg
cifake_0793,color_up,cifake,real,0,0.8832218647003174,data\cache\clean\test\cifake_0793\color_up.jpg
cifake_0858 (3),color_up,cifake,real,0,0.8763442039489746,data\cache\clean\test\cifake_0858 (3)\color_up.jpg
cifake_0967 (9),color_up,cifake,real,0,0.8460715413093567,data\cache\clean\test\cifake_0967 (9)\color_up.jpg
cifake_1974,color_up,cifake,real,0,0.9252827763557434,data\cache\clean\test\cifake_1974\color_up.jpg
cifake_2071,color_up,cifake,real,0,0.7475926876068115,data\cache\clean\test\cifake_2071\color_up.jpg
cifake_2122,color_up,cifake,real,0,0.9665846228599548,data\cache\clean\test\cifake_2122\color_up.jpg
cifake_2660,color_up,cifake,real,0,0.6531392335891724,data\cache\clean\test\cifake_2660\color_up.jpg
cifake_2874 (4),color_up,cifake,real,0,0.6959824562072754,data\cache\clean\test\cifake_2874 (4)\color_up.jpg
cifake_3042 (4),color_up,cifake,real,0,0.6510785818099976,data\cache\clean\test\cifake_3042 (4)\color_up.jpg
cifake_3051 (7),color_up,cifake,real,0,0.5931131839752197,data\cache\clean\test\cifake_3051 (7)\color_up.jpg
cifake_3891 (3),color_up,cifake,real,0,0.8700517416000366,data\cache\clean\test\cifake_3891 (3)\color_up.jpg
cifake_4660 (5),color_up,cifake,real,0,0.9877104163169861,data\cache\clean\test\cifake_4660 (5)\color_up.jpg
cifake_4673 (5),color_up,cifake,real,0,0.9064782857894897,data\cache\clean\test\cifake_4673 (5)\color_up.jpg
cifake_4907 (6),color_up,cifake,real,0,0.615551233291626,data\cache\clean\test\cifake_4907 (6)\color_up.jpg
sidset_036df955965cb2f9,color_up,sidset,real,0,0.9827473759651184,data\cache\clean\test\sidset_036df955965cb2f9\color_up.jpg
sidset_038789965a8f7606,color_up,sidset,real,0,0.9380124807357788,data\cache\clean\test\sidset_038789965a8f7606\color_up.jpg
sidset_075db643445af8e3,color_up,sidset,real,0,0.9954982995986938,data\cache\clean\test\sidset_075db643445af8e3\color_up.jpg
sidset_0deb07ac44f13954,color_up,sidset,real,0,0.6750564575195312,data\cache\clean\test\sidset_0deb07ac44f13954\color_up.jpg
sidset_0f8102c25fc764ea,color_up,sidset,real,0,0.9938151836395264,data\cache\clean\test\sidset_0f8102c25fc764ea\color_up.jpg
sidset_1409961a28ec7db5,color_up,sidset,real,0,0.9586760401725769,data\cache\clean\test\sidset_1409961a28ec7db5\color_up.jpg
sidset_14312756c1c94efa,color_up,sidset,real,0,0.9999980926513672,data\cache\clean\test\sidset_14312756c1c94efa\color_up.jpg
sidset_1b20d1ec3fd5a56f,color_up,sidset,real,0,0.6556535363197327,data\cache\clean\test\sidset_1b20d1ec3fd5a56f\color_up.jpg
sidset_1bfc154f6c762c73,color_up,sidset,real,0,0.600824236869812,data\cache\clean\test\sidset_1bfc154f6c762c73\color_up.jpg
sidset_1cae0a8c943c87f1,color_up,sidset,real,0,0.5288530588150024,data\cache\clean\test\sidset_1cae0a8c943c87f1\color_up.jpg
sidset_1d24e17c0f598d7a,color_up,sidset,real,0,0.9264979362487793,data\cache\clean\test\sidset_1d24e17c0f598d7a\color_up.jpg
sidset_22164251d34be040,color_up,sidset,real,0,0.6499102115631104,data\cache\clean\test\sidset_22164251d34be040\color_up.jpg
sidset_22b07f2ffcaf319c,color_up,sidset,real,0,0.9962682127952576,data\cache\clean\test\sidset_22b07f2ffcaf319c\color_up.jpg
sidset_26c389b400ea1653,color_up,sidset,real,0,0.9958038926124573,data\cache\clean\test\sidset_26c389b400ea1653\color_up.jpg
sidset_2c7cd831752d6b09,color_up,sidset,real,0,0.513798713684082,data\cache\clean\test\sidset_2c7cd831752d6b09\color_up.jpg
sidset_31d44fee2c336e78,color_up,sidset,real,0,0.6164013147354126,data\cache\clean\test\sidset_31d44fee2c336e78\color_up.jpg
sidset_34866edcc2800ae0,color_up,sidset,real,0,0.9930343627929688,data\cache\clean\test\sidset_34866edcc2800ae0\color_up.jpg
sidset_35f6c1138217d58e,color_up,sidset,real,0,0.664410412311554,data\cache\clean\test\sidset_35f6c1138217d58e\color_up.jpg
sidset_36ec0b674a14714a,color_up,sidset,real,0,0.9280888438224792,data\cache\clean\test\sidset_36ec0b674a14714a\color_up.jpg
sidset_39a3f029e2e17dd3,color_up,sidset,real,0,0.8696269989013672,data\cache\clean\test\sidset_39a3f029e2e17dd3\color_up.jpg
sidset_3beca4d6152a4aa5,color_up,sidset,real,0,0.8766640424728394,data\cache\clean\test\sidset_3beca4d6152a4aa5\color_up.jpg
sidset_3f585c2908250b1b,color_up,sidset,real,0,0.8395021557807922,data\cache\clean\test\sidset_3f585c2908250b1b\color_up.jpg
sidset_3fbc4c1574ef987d,color_up,sidset,real,0,0.5629932880401611,data\cache\clean\test\sidset_3fbc4c1574ef987d\color_up.jpg
sidset_41fcb89ff22ef83c,color_up,sidset,real,0,0.7258688807487488,data\cache\clean\test\sidset_41fcb89ff22ef83c\color_up.jpg
sidset_45a6cb8b20ae57d2,color_up,sidset,real,0,0.9993047714233398,data\cache\clean\test\sidset_45a6cb8b20ae57d2\color_up.jpg
sidset_45c5c68f5a74cd90,color_up,sidset,real,0,0.8814435005187988,data\cache\clean\test\sidset_45c5c68f5a74cd90\color_up.jpg
sidset_46a383463322d7a9,color_up,sidset,real,0,0.7626715898513794,data\cache\clean\test\sidset_46a383463322d7a9\color_up.jpg
sidset_4eaeb947635ca47e,color_up,sidset,real,0,0.5891250967979431,data\cache\clean\test\sidset_4eaeb947635ca47e\color_up.jpg
sidset_508cc69f6b128900,color_up,sidset,real,0,0.8617894649505615,data\cache\clean\test\sidset_508cc69f6b128900\color_up.jpg
sidset_52bf81b2d7f84101,color_up,sidset,real,0,0.9888573884963989,data\cache\clean\test\sidset_52bf81b2d7f84101\color_up.jpg
sidset_5a165a26bf8ca4be,color_up,sidset,real,0,0.9986391663551331,data\cache\clean\test\sidset_5a165a26bf8ca4be\color_up.jpg
sidset_5b291a7b5ae05cf0,color_up,sidset,real,0,0.5540026426315308,data\cache\clean\test\sidset_5b291a7b5ae05cf0\color_up.jpg
sidset_5b8f12b78d13bfcd,color_up,sidset,real,0,0.9133179783821106,data\cache\clean\test\sidset_5b8f12b78d13bfcd\color_up.jpg
sidset_5ba522a91162ae70,color_up,sidset,real,0,0.9775943160057068,data\cache\clean\test\sidset_5ba522a91162ae70\color_up.jpg
sidset_5d6c80bf53edd038,color_up,sidset,real,0,0.5302376747131348,data\cache\clean\test\sidset_5d6c80bf53edd038\color_up.jpg
sidset_5f6e869e709c27da,color_up,sidset,real,0,0.8790242075920105,data\cache\clean\test\sidset_5f6e869e709c27da\color_up.jpg
sidset_630624a387e04a88,color_up,sidset,real,0,0.9590318202972412,data\cache\clean\test\sidset_630624a387e04a88\color_up.jpg
sidset_6b7167d906f4ff1f,color_up,sidset,real,0,0.9998917579650879,data\cache\clean\test\sidset_6b7167d906f4ff1f\color_up.jpg
sidset_6c4941996cd7f5fc,color_up,sidset,real,0,0.6390360593795776,data\cache\clean\test\sidset_6c4941996cd7f5fc\color_up.jpg
sidset_759a21da57c25774,color_up,sidset,real,0,0.9894970655441284,data\cache\clean\test\sidset_759a21da57c25774\color_up.jpg
sidset_796b6212cfecb3de,color_up,sidset,real,0,0.725807785987854,data\cache\clean\test\sidset_796b6212cfecb3de\color_up.jpg
sidset_7974984b83c15934,color_up,sidset,real,0,0.5839648842811584,data\cache\clean\test\sidset_7974984b83c15934\color_up.jpg
sidset_7b550aceb5ec111f,color_up,sidset,real,0,0.585116446018219,data\cache\clean\test\sidset_7b550aceb5ec111f\color_up.jpg
sidset_832e43df048c6d1a,color_up,sidset,real,0,0.6630852818489075,data\cache\clean\test\sidset_832e43df048c6d1a\color_up.jpg
sidset_88431f034d786206,color_up,sidset,real,0,0.9265236258506775,data\cache\clean\test\sidset_88431f034d786206\color_up.jpg
sidset_885ed3f5148f01d1,color_up,sidset,real,0,0.6859489679336548,data\cache\clean\test\sidset_885ed3f5148f01d1\color_up.jpg
sidset_92e8228aca22327e,color_up,sidset,real,0,0.9353872537612915,data\cache\clean\test\sidset_92e8228aca22327e\color_up.jpg
sidset_995429a562f1aed2,color_up,sidset,real,0,0.6831837296485901,data\cache\clean\test\sidset_995429a562f1aed2\color_up.jpg
sidset_a3032d75347e6fa2,color_up,sidset,real,0,0.7985837459564209,data\cache\clean\test\sidset_a3032d75347e6fa2\color_up.jpg
sidset_a36a612621d64289,color_up,sidset,real,0,0.6423458456993103,data\cache\clean\test\sidset_a36a612621d64289\color_up.jpg
sidset_a429805728e89e7d,color_up,sidset,real,0,0.9597100019454956,data\cache\clean\test\sidset_a429805728e89e7d\color_up.jpg
sidset_a5b01f2aa66b2e86,color_up,sidset,real,0,0.5714936852455139,data\cache\clean\test\sidset_a5b01f2aa66b2e86\color_up.jpg
sidset_ac54ef2834f8bc74,color_up,sidset,real,0,0.9786821603775024,data\cache\clean\test\sidset_ac54ef2834f8bc74\color_up.jpg
sidset_ae2a3178c574c716,color_up,sidset,real,0,0.94439697265625,data\cache\clean\test\sidset_ae2a3178c574c716\color_up.jpg
sidset_b230de6baca8d392,color_up,sidset,real,0,0.9727562069892883,data\cache\clean\test\sidset_b230de6baca8d392\color_up.jpg
sidset_b2a36196721315df,color_up,sidset,real,0,0.711528480052948,data\cache\clean\test\sidset_b2a36196721315df\color_up.jpg
sidset_b3d460c2a4f17eff,color_up,sidset,real,0,0.9882488250732422,data\cache\clean\test\sidset_b3d460c2a4f17eff\color_up.jpg
sidset_b56eb4cbcc71b00b,color_up,sidset,real,0,0.7908989191055298,data\cache\clean\test\sidset_b56eb4cbcc71b00b\color_up.jpg
sidset_bc70b06f0d603efd,color_up,sidset,real,0,0.9995574355125427,data\cache\clean\test\sidset_bc70b06f0d603efd\color_up.jpg
sidset_bf7100f88bf3b0f3,color_up,sidset,real,0,0.9122542142868042,data\cache\clean\test\sidset_bf7100f88bf3b0f3\color_up.jpg
sidset_c5a378b0ea24d25e,color_up,sidset,real,0,0.9800857901573181,data\cache\clean\test\sidset_c5a378b0ea24d25e\color_up.jpg
sidset_c790c7ca03b21797,color_up,sidset,real,0,0.6454979181289673,data\cache\clean\test\sidset_c790c7ca03b21797\color_up.jpg
sidset_c7d3774f16039f96,color_up,sidset,real,0,0.7855249643325806,data\cache\clean\test\sidset_c7d3774f16039f96\color_up.jpg
sidset_c90419b9eb89527a,color_up,sidset,real,0,0.998551070690155,data\cache\clean\test\sidset_c90419b9eb89527a\color_up.jpg
sidset_cb68a83278e88b9d,color_up,sidset,real,0,0.998663067817688,data\cache\clean\test\sidset_cb68a83278e88b9d\color_up.jpg
sidset_d5b1f51ca14baa4e,color_up,sidset,real,0,0.9451914429664612,data\cache\clean\test\sidset_d5b1f51ca14baa4e\color_up.jpg
sidset_d652dc17bb0709b8,color_up,sidset,real,0,0.8625867962837219,data\cache\clean\test\sidset_d652dc17bb0709b8\color_up.jpg
sidset_d7c9ba7b7774dcd9,color_up,sidset,real,0,0.7435044050216675,data\cache\clean\test\sidset_d7c9ba7b7774dcd9\color_up.jpg
sidset_db325b24acd0df24,color_up,sidset,real,0,0.6410590410232544,data\cache\clean\test\sidset_db325b24acd0df24\color_up.jpg
sidset_e67f5961f8d7c753,color_up,sidset,real,0,0.6942059993743896,data\cache\clean\test\sidset_e67f5961f8d7c753\color_up.jpg
sidset_e6f037cc020a3c67,color_up,sidset,real,0,0.8729855418205261,data\cache\clean\test\sidset_e6f037cc020a3c67\color_up.jpg
sidset_e8e76505f6a37089,color_up,sidset,real,0,0.59054034948349,data\cache\clean\test\sidset_e8e76505f6a37089\color_up.jpg
sidset_ef3f636bfc78f3a5,color_up,sidset,real,0,0.98410564661026,data\cache\clean\test\sidset_ef3f636bfc78f3a5\color_up.jpg
sidset_f250696304a3be0e,color_up,sidset,real,0,0.7437301278114319,data\cache\clean\test\sidset_f250696304a3be0e\color_up.jpg
sidset_f630570a5eab971b,color_up,sidset,real,0,0.6984056234359741,data\cache\clean\test\sidset_f630570a5eab971b\color_up.jpg
sidset_fac95db1f3df9775,color_up,sidset,real,0,0.9153661727905273,data\cache\clean\test\sidset_fac95db1f3df9775\color_up.jpg
sidset_fe0bec3214706d60,color_up,sidset,real,0,0.9855608344078064,data\cache\clean\test\sidset_fe0bec3214706d60\color_up.jpg
cifake_0235,crop80,cifake,real,0,0.8131353259086609,data\cache\clean\test\cifake_0235\crop80.jpg
cifake_0239 (10),crop80,cifake,real,0,0.6347677707672119,data\cache\clean\test\cifake_0239 (10)\crop80.jpg
cifake_0327 (5),crop80,cifake,real,0,0.8527683615684509,data\cache\clean\test\cifake_0327 (5)\crop80.jpg
cifake_0485 (9),crop80,cifake,real,0,0.6647429466247559,data\cache\clean\test\cifake_0485 (9)\crop80.jpg
cifake_0636 (3),crop80,cifake,real,0,0.5201500654220581,data\cache\clean\test\cifake_0636 (3)\crop80.jpg
cifake_0697 (2),crop80,cifake,real,0,0.7503289580345154,data\cache\clean\test\cifake_0697 (2)\crop80.jpg
cifake_0745,crop80,cifake,real,0,0.7657872438430786,data\cache\clean\test\cifake_0745\crop80.jpg
cifake_0793,crop80,cifake,real,0,0.984427273273468,data\cache\clean\test\cifake_0793\crop80.jpg
cifake_0967 (9),crop80,cifake,real,0,0.6512970924377441,data\cache\clean\test\cifake_0967 (9)\crop80.jpg
cifake_1139,crop80,cifake,real,0,0.7451388835906982,data\cache\clean\test\cifake_1139\crop80.jpg
cifake_1435 (2),crop80,cifake,real,0,0.808040976524353,data\cache\clean\test\cifake_1435 (2)\crop80.jpg
cifake_1614 (9),crop80,cifake,real,0,0.6381322741508484,data\cache\clean\test\cifake_1614 (9)\crop80.jpg
cifake_1974,crop80,cifake,real,0,0.9022130370140076,data\cache\clean\test\cifake_1974\crop80.jpg
cifake_2071,crop80,cifake,real,0,0.5227214694023132,data\cache\clean\test\cifake_2071\crop80.jpg
cifake_2122,crop80,cifake,real,0,0.7833201289176941,data\cache\clean\test\cifake_2122\crop80.jpg
cifake_2400,crop80,cifake,real,0,0.6380888223648071,data\cache\clean\test\cifake_2400\crop80.jpg
cifake_2660,crop80,cifake,real,0,0.7347872257232666,data\cache\clean\test\cifake_2660\crop80.jpg
cifake_2820 (8),crop80,cifake,real,0,0.6577916741371155,data\cache\clean\test\cifake_2820 (8)\crop80.jpg
cifake_2857 (10),crop80,cifake,real,0,0.8316606283187866,data\cache\clean\test\cifake_2857 (10)\crop80.jpg
cifake_2874 (4),crop80,cifake,real,0,0.9089350700378418,data\cache\clean\test\cifake_2874 (4)\crop80.jpg
cifake_3042 (4),crop80,cifake,real,0,0.6150278449058533,data\cache\clean\test\cifake_3042 (4)\crop80.jpg
cifake_3295 (10),crop80,cifake,real,0,0.8318988680839539,data\cache\clean\test\cifake_3295 (10)\crop80.jpg
cifake_3514 (9),crop80,cifake,real,0,0.6464080810546875,data\cache\clean\test\cifake_3514 (9)\crop80.jpg
cifake_3891 (3),crop80,cifake,real,0,0.7544717788696289,data\cache\clean\test\cifake_3891 (3)\crop80.jpg
cifake_3916 (8),crop80,cifake,real,0,0.7652528882026672,data\cache\clean\test\cifake_3916 (8)\crop80.jpg
cifake_4389,crop80,cifake,real,0,0.8275529742240906,data\cache\clean\test\cifake_4389\crop80.jpg
cifake_4609 (2),crop80,cifake,real,0,0.7249165773391724,data\cache\clean\test\cifake_4609 (2)\crop80.jpg
cifake_4660 (5),crop80,cifake,real,0,0.6966889500617981,data\cache\clean\test\cifake_4660 (5)\crop80.jpg
cifake_4707,crop80,cifake,real,0,0.7792383432388306,data\cache\clean\test\cifake_4707\crop80.jpg
sidset_02eb47f790cba404,crop80,sidset,real,0,0.9087228775024414,data\cache\clean\test\sidset_02eb47f790cba404\crop80.jpg
sidset_036df955965cb2f9,crop80,sidset,real,0,0.5527065396308899,data\cache\clean\test\sidset_036df955965cb2f9\crop80.jpg
sidset_038789965a8f7606,crop80,sidset,real,0,0.9242680668830872,data\cache\clean\test\sidset_038789965a8f7606\crop80.jpg
sidset_03a9da8756998d00,crop80,sidset,real,0,0.6276178359985352,data\cache\clean\test\sidset_03a9da8756998d00\crop80.jpg
sidset_04c57e00f9d1b966,crop80,sidset,real,0,0.5612286329269409,data\cache\clean\test\sidset_04c57e00f9d1b966\crop80.jpg
sidset_04ed850366fa5d69,crop80,sidset,real,0,0.7984446287155151,data\cache\clean\test\sidset_04ed850366fa5d69\crop80.jpg
sidset_06522d1c8566d440,crop80,sidset,real,0,0.6687479615211487,data\cache\clean\test\sidset_06522d1c8566d440\crop80.jpg
sidset_075db643445af8e3,crop80,sidset,real,0,0.9995467066764832,data\cache\clean\test\sidset_075db643445af8e3\crop80.jpg
sidset_09f7329f0c1c9fd4,crop80,sidset,real,0,0.612819254398346,data\cache\clean\test\sidset_09f7329f0c1c9fd4\crop80.jpg
sidset_0c4df6f098aebb13,crop80,sidset,real,0,0.7189308404922485,data\cache\clean\test\sidset_0c4df6f098aebb13\crop80.jpg
sidset_0deb07ac44f13954,crop80,sidset,real,0,0.5794414281845093,data\cache\clean\test\sidset_0deb07ac44f13954\crop80.jpg
sidset_0f8102c25fc764ea,crop80,sidset,real,0,0.9973773956298828,data\cache\clean\test\sidset_0f8102c25fc764ea\crop80.jpg
sidset_14312756c1c94efa,crop80,sidset,real,0,0.9999998807907104,data\cache\clean\test\sidset_14312756c1c94efa\crop80.jpg
sidset_16fa9e4213b57ab5,crop80,sidset,real,0,0.76055908203125,data\cache\clean\test\sidset_16fa9e4213b57ab5\crop80.jpg
sidset_1b20d1ec3fd5a56f,crop80,sidset,real,0,0.8022407293319702,data\cache\clean\test\sidset_1b20d1ec3fd5a56f\crop80.jpg
sidset_1bbde3dbf9a7d429,crop80,sidset,real,0,0.6561747193336487,data\cache\clean\test\sidset_1bbde3dbf9a7d429\crop80.jpg
sidset_1bfc154f6c762c73,crop80,sidset,real,0,0.8284832239151001,data\cache\clean\test\sidset_1bfc154f6c762c73\crop80.jpg
sidset_1d24e17c0f598d7a,crop80,sidset,real,0,0.7859936356544495,data\cache\clean\test\sidset_1d24e17c0f598d7a\crop80.jpg
sidset_22b07f2ffcaf319c,crop80,sidset,real,0,0.9912818670272827,data\cache\clean\test\sidset_22b07f2ffcaf319c\crop80.jpg
sidset_247241c5aa1f3f9c,crop80,sidset,real,0,0.5157318711280823,data\cache\clean\test\sidset_247241c5aa1f3f9c\crop80.jpg
sidset_26c389b400ea1653,crop80,sidset,real,0,0.8689893484115601,data\cache\clean\test\sidset_26c389b400ea1653\crop80.jpg
sidset_323ba9351251cf37,crop80,sidset,real,0,0.617162823677063,data\cache\clean\test\sidset_323ba9351251cf37\crop80.jpg
sidset_34866edcc2800ae0,crop80,sidset,real,0,0.9654737114906311,data\cache\clean\test\sidset_34866edcc2800ae0\crop80.jpg
sidset_34cdb10173e55171,crop80,sidset,real,0,0.7980651259422302,data\cache\clean\test\sidset_34cdb10173e55171\crop80.jpg
sidset_35f6c1138217d58e,crop80,sidset,real,0,0.5655857920646667,data\cache\clean\test\sidset_35f6c1138217d58e\crop80.jpg
sidset_36ec0b674a14714a,crop80,sidset,real,0,0.9097832441329956,data\cache\clean\test\sidset_36ec0b674a14714a\crop80.jpg
sidset_389903ded0c46375,crop80,sidset,real,0,0.615207314491272,data\cache\clean\test\sidset_389903ded0c46375\crop80.jpg
sidset_39a3f029e2e17dd3,crop80,sidset,real,0,0.9917159676551819,data\cache\clean\test\sidset_39a3f029e2e17dd3\crop80.jpg
sidset_3beca4d6152a4aa5,crop80,sidset,real,0,0.9644143581390381,data\cache\clean\test\sidset_3beca4d6152a4aa5\crop80.jpg
sidset_41fcb89ff22ef83c,crop80,sidset,real,0,0.9494808316230774,data\cache\clean\test\sidset_41fcb89ff22ef83c\crop80.jpg
sidset_45a6cb8b20ae57d2,crop80,sidset,real,0,0.9968656897544861,data\cache\clean\test\sidset_45a6cb8b20ae57d2\crop80.jpg
sidset_45c5c68f5a74cd90,crop80,sidset,real,0,0.6788697838783264,data\cache\clean\test\sidset_45c5c68f5a74cd90\crop80.jpg
sidset_46a383463322d7a9,crop80,sidset,real,0,0.9076257944107056,data\cache\clean\test\sidset_46a383463322d7a9\crop80.jpg
sidset_4b587c02c1897383,crop80,sidset,real,0,0.8023669719696045,data\cache\clean\test\sidset_4b587c02c1897383\crop80.jpg
sidset_4d0104d2a9f0d1a4,crop80,sidset,real,0,0.6767240762710571,data\cache\clean\test\sidset_4d0104d2a9f0d1a4\crop80.jpg
sidset_508cc69f6b128900,crop80,sidset,real,0,0.874034583568573,data\cache\clean\test\sidset_508cc69f6b128900\crop80.jpg
sidset_52bf81b2d7f84101,crop80,sidset,real,0,0.9605323076248169,data\cache\clean\test\sidset_52bf81b2d7f84101\crop80.jpg
sidset_55ed6c0bbd54e07d,crop80,sidset,real,0,0.6461093425750732,data\cache\clean\test\sidset_55ed6c0bbd54e07d\crop80.jpg
sidset_5a165a26bf8ca4be,crop80,sidset,real,0,0.9947466254234314,data\cache\clean\test\sidset_5a165a26bf8ca4be\crop80.jpg
sidset_5b291a7b5ae05cf0,crop80,sidset,real,0,0.8623377084732056,data\cache\clean\test\sidset_5b291a7b5ae05cf0\crop80.jpg
sidset_5b8f12b78d13bfcd,crop80,sidset,real,0,0.985532820224762,data\cache\clean\test\sidset_5b8f12b78d13bfcd\crop80.jpg
sidset_5ba522a91162ae70,crop80,sidset,real,0,0.9982073307037354,data\cache\clean\test\sidset_5ba522a91162ae70\crop80.jpg
sidset_630624a387e04a88,crop80,sidset,real,0,0.9977217316627502,data\cache\clean\test\sidset_630624a387e04a88\crop80.jpg
sidset_66a67b7ddd0c1aa6,crop80,sidset,real,0,0.519596517086029,data\cache\clean\test\sidset_66a67b7ddd0c1aa6\crop80.jpg
sidset_68f0479b7dde7700,crop80,sidset,real,0,0.9468769431114197,data\cache\clean\test\sidset_68f0479b7dde7700\crop80.jpg
sidset_69fb26faa8ba7f57,crop80,sidset,real,0,0.6523586511611938,data\cache\clean\test\sidset_69fb26faa8ba7f57\crop80.jpg
sidset_6b7167d906f4ff1f,crop80,sidset,real,0,0.9587223529815674,data\cache\clean\test\sidset_6b7167d906f4ff1f\crop80.jpg
sidset_6c4941996cd7f5fc,crop80,sidset,real,0,0.8710644841194153,data\cache\clean\test\sidset_6c4941996cd7f5fc\crop80.jpg
sidset_6facfe9bc72a2676,crop80,sidset,real,0,0.862055242061615,data\cache\clean\test\sidset_6facfe9bc72a2676\crop80.jpg
sidset_70f5dafbaa7da68a,crop80,sidset,real,0,0.7123755812644958,data\cache\clean\test\sidset_70f5dafbaa7da68a\crop80.jpg
sidset_759a21da57c25774,crop80,sidset,real,0,0.8008732199668884,data\cache\clean\test\sidset_759a21da57c25774\crop80.jpg
sidset_796b6212cfecb3de,crop80,sidset,real,0,0.8249777555465698,data\cache\clean\test\sidset_796b6212cfecb3de\crop80.jpg
sidset_7974984b83c15934,crop80,sidset,real,0,0.683626115322113,data\cache\clean\test\sidset_7974984b83c15934\crop80.jpg
sidset_832e43df048c6d1a,crop80,sidset,real,0,0.6793158650398254,data\cache\clean\test\sidset_832e43df048c6d1a\crop80.jpg
sidset_88431f034d786206,crop80,sidset,real,0,0.7326047420501709,data\cache\clean\test\sidset_88431f034d786206\crop80.jpg
sidset_885ed3f5148f01d1,crop80,sidset,real,0,0.7164976596832275,data\cache\clean\test\sidset_885ed3f5148f01d1\crop80.jpg
sidset_918190e0dd7fc829,crop80,sidset,real,0,0.8601620197296143,data\cache\clean\test\sidset_918190e0dd7fc829\crop80.jpg
sidset_92e8228aca22327e,crop80,sidset,real,0,0.9758670926094055,data\cache\clean\test\sidset_92e8228aca22327e\crop80.jpg
sidset_9811f04611ad082c,crop80,sidset,real,0,0.7234548330307007,data\cache\clean\test\sidset_9811f04611ad082c\crop80.jpg
sidset_9915729405b9e03e,crop80,sidset,real,0,0.9350420236587524,data\cache\clean\test\sidset_9915729405b9e03e\crop80.jpg
sidset_995429a562f1aed2,crop80,sidset,real,0,0.8216015100479126,data\cache\clean\test\sidset_995429a562f1aed2\crop80.jpg
sidset_9bd8ecc186d59fe9,crop80,sidset,real,0,0.9620925188064575,data\cache\clean\test\sidset_9bd8ecc186d59fe9\crop80.jpg
sidset_a3032d75347e6fa2,crop80,sidset,real,0,0.9772467613220215,data\cache\clean\test\sidset_a3032d75347e6fa2\crop80.jpg
sidset_a36a612621d64289,crop80,sidset,real,0,0.9944783449172974,data\cache\clean\test\sidset_a36a612621d64289\crop80.jpg
sidset_a429805728e89e7d,crop80,sidset,real,0,0.9995269775390625,data\cache\clean\test\sidset_a429805728e89e7d\crop80.jpg
sidset_a8ad741ef85002f3,crop80,sidset,real,0,0.9979518055915833,data\cache\clean\test\sidset_a8ad741ef85002f3\crop80.jpg
sidset_abb21498da6986f6,crop80,sidset,real,0,0.955100953578949,data\cache\clean\test\sidset_abb21498da6986f6\crop80.jpg
sidset_ac54ef2834f8bc74,crop80,sidset,real,0,0.8864569067955017,data\cache\clean\test\sidset_ac54ef2834f8bc74\crop80.jpg
sidset_ae2a3178c574c716,crop80,sidset,real,0,0.7522975206375122,data\cache\clean\test\sidset_ae2a3178c574c716\crop80.jpg
sidset_b230de6baca8d392,crop80,sidset,real,0,0.9914442896842957,data\cache\clean\test\sidset_b230de6baca8d392\crop80.jpg
sidset_b3d460c2a4f17eff,crop80,sidset,real,0,0.9919943809509277,data\cache\clean\test\sidset_b3d460c2a4f17eff\crop80.jpg
sidset_b6d4573c9d24dcf3,crop80,sidset,real,0,0.5491105914115906,data\cache\clean\test\sidset_b6d4573c9d24dcf3\crop80.jpg
sidset_bc70b06f0d603efd,crop80,sidset,real,0,0.9999752044677734,data\cache\clean\test\sidset_bc70b06f0d603efd\crop80.jpg
sidset_bf236ad30956e497,crop80,sidset,real,0,0.6790918707847595,data\cache\clean\test\sidset_bf236ad30956e497\crop80.jpg
sidset_bf7100f88bf3b0f3,crop80,sidset,real,0,0.8138455748558044,data\cache\clean\test\sidset_bf7100f88bf3b0f3\crop80.jpg
sidset_c5a378b0ea24d25e,crop80,sidset,real,0,0.8595417141914368,data\cache\clean\test\sidset_c5a378b0ea24d25e\crop80.jpg
sidset_c7d3774f16039f96,crop80,sidset,real,0,0.9977826476097107,data\cache\clean\test\sidset_c7d3774f16039f96\crop80.jpg
sidset_cb68a83278e88b9d,crop80,sidset,real,0,0.983456552028656,data\cache\clean\test\sidset_cb68a83278e88b9d\crop80.jpg
sidset_ce3447ab3dedd49f,crop80,sidset,real,0,0.578954815864563,data\cache\clean\test\sidset_ce3447ab3dedd49f\crop80.jpg
sidset_d329e205592108ff,crop80,sidset,real,0,0.5261905193328857,data\cache\clean\test\sidset_d329e205592108ff\crop80.jpg
sidset_d652dc17bb0709b8,crop80,sidset,real,0,0.9220068454742432,data\cache\clean\test\sidset_d652dc17bb0709b8\crop80.jpg
sidset_d7c9ba7b7774dcd9,crop80,sidset,real,0,0.7929319143295288,data\cache\clean\test\sidset_d7c9ba7b7774dcd9\crop80.jpg
sidset_dc7c8d1d5287d015,crop80,sidset,real,0,0.501503586769104,data\cache\clean\test\sidset_dc7c8d1d5287d015\crop80.jpg
sidset_e14e3989daa0bebd,crop80,sidset,real,0,0.5498526096343994,data\cache\clean\test\sidset_e14e3989daa0bebd\crop80.jpg
sidset_e67f5961f8d7c753,crop80,sidset,real,0,0.7975948452949524,data\cache\clean\test\sidset_e67f5961f8d7c753\crop80.jpg
sidset_e6f037cc020a3c67,crop80,sidset,real,0,0.8544396162033081,data\cache\clean\test\sidset_e6f037cc020a3c67\crop80.jpg
sidset_ee3e421ae3a8270d,crop80,sidset,real,0,0.7703702449798584,data\cache\clean\test\sidset_ee3e421ae3a8270d\crop80.jpg
sidset_ef3f636bfc78f3a5,crop80,sidset,real,0,0.9958246946334839,data\cache\clean\test\sidset_ef3f636bfc78f3a5\crop80.jpg
sidset_f250696304a3be0e,crop80,sidset,real,0,0.8611615896224976,data\cache\clean\test\sidset_f250696304a3be0e\crop80.jpg
sidset_f2be8bd472d53987,crop80,sidset,real,0,0.9239047765731812,data\cache\clean\test\sidset_f2be8bd472d53987\crop80.jpg
sidset_f5044c17014681a8,crop80,sidset,real,0,0.802232027053833,data\cache\clean\test\sidset_f5044c17014681a8\crop80.jpg
sidset_f630570a5eab971b,crop80,sidset,real,0,0.9264539480209351,data\cache\clean\test\sidset_f630570a5eab971b\crop80.jpg
sidset_f7bb334cefc6e7e1,crop80,sidset,real,0,0.7105854749679565,data\cache\clean\test\sidset_f7bb334cefc6e7e1\crop80.jpg
sidset_f897e748d7e721a1,crop80,sidset,real,0,0.5587046146392822,data\cache\clean\test\sidset_f897e748d7e721a1\crop80.jpg
sidset_fac95db1f3df9775,crop80,sidset,real,0,0.9861885905265808,data\cache\clean\test\sidset_fac95db1f3df9775\crop80.jpg
sidset_fb820a8756e04447,crop80,sidset,real,0,0.9112009406089783,data\cache\clean\test\sidset_fb820a8756e04447\crop80.jpg
sidset_fe0bec3214706d60,crop80,sidset,real,0,0.9943059086799622,data\cache\clean\test\sidset_fe0bec3214706d60\crop80.jpg
sidset_ffb6be41271c5645,crop80,sidset,real,0,0.6311225891113281,data\cache\clean\test\sidset_ffb6be41271c5645\crop80.jpg
cifake_0235,jpeg_q30,cifake,real,0,0.5752807259559631,data\cache\clean\test\cifake_0235\jpeg_q30.jpg
cifake_0327 (5),jpeg_q30,cifake,real,0,0.909956693649292,data\cache\clean\test\cifake_0327 (5)\jpeg_q30.jpg
cifake_0618 (3),jpeg_q30,cifake,real,0,0.5381301641464233,data\cache\clean\test\cifake_0618 (3)\jpeg_q30.jpg
cifake_0739 (4),jpeg_q30,cifake,real,0,0.5150811076164246,data\cache\clean\test\cifake_0739 (4)\jpeg_q30.jpg
cifake_0793,jpeg_q30,cifake,real,0,0.8582000732421875,data\cache\clean\test\cifake_0793\jpeg_q30.jpg
cifake_0967 (9),jpeg_q30,cifake,real,0,0.7910222411155701,data\cache\clean\test\cifake_0967 (9)\jpeg_q30.jpg
cifake_1306 (9),jpeg_q30,cifake,real,0,0.9292140603065491,data\cache\clean\test\cifake_1306 (9)\jpeg_q30.jpg
cifake_1974,jpeg_q30,cifake,real,0,0.8874215483665466,data\cache\clean\test\cifake_1974\jpeg_q30.jpg
cifake_2122,jpeg_q30,cifake,real,0,0.6298263669013977,data\cache\clean\test\cifake_2122\jpeg_q30.jpg
cifake_2602 (7),jpeg_q30,cifake,real,0,0.814590573310852,data\cache\clean\test\cifake_2602 (7)\jpeg_q30.jpg
cifake_2660,jpeg_q30,cifake,real,0,0.741672158241272,data\cache\clean\test\cifake_2660\jpeg_q30.jpg
cifake_2820 (8),jpeg_q30,cifake,real,0,0.5315238237380981,data\cache\clean\test\cifake_2820 (8)\jpeg_q30.jpg
cifake_2874 (4),jpeg_q30,cifake,real,0,0.6452153921127319,data\cache\clean\test\cifake_2874 (4)\jpeg_q30.jpg
cifake_3458 (9),jpeg_q30,cifake,real,0,0.5589337944984436,data\cache\clean\test\cifake_3458 (9)\jpeg_q30.jpg
cifake_3461 (5),jpeg_q30,cifake,real,0,0.9642577767372131,data\cache\clean\test\cifake_3461 (5)\jpeg_q30.jpg
cifake_3891 (3),jpeg_q30,cifake,real,0,0.5381587743759155,data\cache\clean\test\cifake_3891 (3)\jpeg_q30.jpg
cifake_3976,jpeg_q30,cifake,real,0,0.5183669924736023,data\cache\clean\test\cifake_3976\jpeg_q30.jpg
cifake_4609 (2),jpeg_q30,cifake,real,0,0.5850619077682495,data\cache\clean\test\cifake_4609 (2)\jpeg_q30.jpg
cifake_4673 (5),jpeg_q30,cifake,real,0,0.626578152179718,data\cache\clean\test\cifake_4673 (5)\jpeg_q30.jpg
cifake_4932 (2),jpeg_q30,cifake,real,0,0.8718360662460327,data\cache\clean\test\cifake_4932 (2)\jpeg_q30.jpg
sidset_01cfa603553a1a45,jpeg_q30,sidset,real,0,0.5062603950500488,data\cache\clean\test\sidset_01cfa603553a1a45\jpeg_q30.jpg
sidset_036df955965cb2f9,jpeg_q30,sidset,real,0,0.8247486352920532,data\cache\clean\test\sidset_036df955965cb2f9\jpeg_q30.jpg
sidset_038789965a8f7606,jpeg_q30,sidset,real,0,0.9591494798660278,data\cache\clean\test\sidset_038789965a8f7606\jpeg_q30.jpg
sidset_06522d1c8566d440,jpeg_q30,sidset,real,0,0.8188183903694153,data\cache\clean\test\sidset_06522d1c8566d440\jpeg_q30.jpg
sidset_075db643445af8e3,jpeg_q30,sidset,real,0,0.9806053638458252,data\cache\clean\test\sidset_075db643445af8e3\jpeg_q30.jpg
sidset_0f8102c25fc764ea,jpeg_q30,sidset,real,0,0.9984679818153381,data\cache\clean\test\sidset_0f8102c25fc764ea\jpeg_q30.jpg
sidset_14312756c1c94efa,jpeg_q30,sidset,real,0,0.9999885559082031,data\cache\clean\test\sidset_14312756c1c94efa\jpeg_q30.jpg
sidset_22b07f2ffcaf319c,jpeg_q30,sidset,real,0,0.9780071377754211,data\cache\clean\test\sidset_22b07f2ffcaf319c\jpeg_q30.jpg
sidset_247241c5aa1f3f9c,jpeg_q30,sidset,real,0,0.806190550327301,data\cache\clean\test\sidset_247241c5aa1f3f9c\jpeg_q30.jpg
sidset_24a4409917faf56d,jpeg_q30,sidset,real,0,0.6875197291374207,data\cache\clean\test\sidset_24a4409917faf56d\jpeg_q30.jpg
sidset_262ab01448a69651,jpeg_q30,sidset,real,0,0.8098241686820984,data\cache\clean\test\sidset_262ab01448a69651\jpeg_q30.jpg
sidset_26c389b400ea1653,jpeg_q30,sidset,real,0,0.995145857334137,data\cache\clean\test\sidset_26c389b400ea1653\jpeg_q30.jpg
sidset_31f7ec5269c0f867,jpeg_q30,sidset,real,0,0.9718472957611084,data\cache\clean\test\sidset_31f7ec5269c0f867\jpeg_q30.jpg
sidset_34866edcc2800ae0,jpeg_q30,sidset,real,0,0.996170699596405,data\cache\clean\test\sidset_34866edcc2800ae0\jpeg_q30.jpg
sidset_36ec0b674a14714a,jpeg_q30,sidset,real,0,0.8137466311454773,data\cache\clean\test\sidset_36ec0b674a14714a\jpeg_q30.jpg
sidset_39a3f029e2e17dd3,jpeg_q30,sidset,real,0,0.9930661916732788,data\cache\clean\test\sidset_39a3f029e2e17dd3\jpeg_q30.jpg
sidset_3beca4d6152a4aa5,jpeg_q30,sidset,real,0,0.8388941884040833,data\cache\clean\test\sidset_3beca4d6152a4aa5\jpeg_q30.jpg
sidset_41fcb89ff22ef83c,jpeg_q30,sidset,real,0,0.9096882939338684,data\cache\clean\test\sidset_41fcb89ff22ef83c\jpeg_q30.jpg
sidset_45a6cb8b20ae57d2,jpeg_q30,sidset,real,0,0.999408483505249,data\cache\clean\test\sidset_45a6cb8b20ae57d2\jpeg_q30.jpg
sidset_45c5c68f5a74cd90,jpeg_q30,sidset,real,0,0.8788843154907227,data\cache\clean\test\sidset_45c5c68f5a74cd90\jpeg_q30.jpg
sidset_46a383463322d7a9,jpeg_q30,sidset,real,0,0.8559381365776062,data\cache\clean\test\sidset_46a383463322d7a9\jpeg_q30.jpg
sidset_4eaeb947635ca47e,jpeg_q30,sidset,real,0,0.7577477097511292,data\cache\clean\test\sidset_4eaeb947635ca47e\jpeg_q30.jpg
sidset_508cc69f6b128900,jpeg_q30,sidset,real,0,0.9072426557540894,data\cache\clean\test\sidset_508cc69f6b128900\jpeg_q30.jpg
sidset_52bf81b2d7f84101,jpeg_q30,sidset,real,0,0.8541792035102844,data\cache\clean\test\sidset_52bf81b2d7f84101\jpeg_q30.jpg
sidset_55ed6c0bbd54e07d,jpeg_q30,sidset,real,0,0.9050113558769226,data\cache\clean\test\sidset_55ed6c0bbd54e07d\jpeg_q30.jpg
sidset_5a165a26bf8ca4be,jpeg_q30,sidset,real,0,0.9960762858390808,data\cache\clean\test\sidset_5a165a26bf8ca4be\jpeg_q30.jpg
sidset_5b291a7b5ae05cf0,jpeg_q30,sidset,real,0,0.5936920642852783,data\cache\clean\test\sidset_5b291a7b5ae05cf0\jpeg_q30.jpg
sidset_5b8f12b78d13bfcd,jpeg_q30,sidset,real,0,0.9412424564361572,data\cache\clean\test\sidset_5b8f12b78d13bfcd\jpeg_q30.jpg
sidset_5ba522a91162ae70,jpeg_q30,sidset,real,0,0.9831334948539734,data\cache\clean\test\sidset_5ba522a91162ae70\jpeg_q30.jpg
sidset_5d6c80bf53edd038,jpeg_q30,sidset,real,0,0.5057389140129089,data\cache\clean\test\sidset_5d6c80bf53edd038\jpeg_q30.jpg
sidset_630624a387e04a88,jpeg_q30,sidset,real,0,0.9114576578140259,data\cache\clean\test\sidset_630624a387e04a88\jpeg_q30.jpg
sidset_68f0479b7dde7700,jpeg_q30,sidset,real,0,0.970604419708252,data\cache\clean\test\sidset_68f0479b7dde7700\jpeg_q30.jpg
sidset_6b7167d906f4ff1f,jpeg_q30,sidset,real,0,0.9983335137367249,data\cache\clean\test\sidset_6b7167d906f4ff1f\jpeg_q30.jpg
sidset_6c4941996cd7f5fc,jpeg_q30,sidset,real,0,0.9206634163856506,data\cache\clean\test\sidset_6c4941996cd7f5fc\jpeg_q30.jpg
sidset_759a21da57c25774,jpeg_q30,sidset,real,0,0.9950390458106995,data\cache\clean\test\sidset_759a21da57c25774\jpeg_q30.jpg
sidset_772850bc0fb9e17c,jpeg_q30,sidset,real,0,0.9014483690261841,data\cache\clean\test\sidset_772850bc0fb9e17c\jpeg_q30.jpg
sidset_796b6212cfecb3de,jpeg_q30,sidset,real,0,0.8638911843299866,data\cache\clean\test\sidset_796b6212cfecb3de\jpeg_q30.jpg
sidset_7974984b83c15934,jpeg_q30,sidset,real,0,0.6014322638511658,data\cache\clean\test\sidset_7974984b83c15934\jpeg_q30.jpg
sidset_7b550aceb5ec111f,jpeg_q30,sidset,real,0,0.7845356464385986,data\cache\clean\test\sidset_7b550aceb5ec111f\jpeg_q30.jpg
sidset_7bddd8020e088b07,jpeg_q30,sidset,real,0,0.5974169373512268,data\cache\clean\test\sidset_7bddd8020e088b07\jpeg_q30.jpg
sidset_88431f034d786206,jpeg_q30,sidset,real,0,0.7456276416778564,data\cache\clean\test\sidset_88431f034d786206\jpeg_q30.jpg
sidset_8d2495ea75218578,jpeg_q30,sidset,real,0,0.935937762260437,data\cache\clean\test\sidset_8d2495ea75218578\jpeg_q30.jpg
sidset_8d98f1eeb3935d09,jpeg_q30,sidset,real,0,0.8285256028175354,data\cache\clean\test\sidset_8d98f1eeb3935d09\jpeg_q30.jpg
sidset_9548acaeca2f5124,jpeg_q30,sidset,real,0,0.7567659020423889,data\cache\clean\test\sidset_9548acaeca2f5124\jpeg_q30.jpg
sidset_9915729405b9e03e,jpeg_q30,sidset,real,0,0.6673071384429932,data\cache\clean\test\sidset_9915729405b9e03e\jpeg_q30.jpg
sidset_995429a562f1aed2,jpeg_q30,sidset,real,0,0.7226605415344238,data\cache\clean\test\sidset_995429a562f1aed2\jpeg_q30.jpg
sidset_9e2a9b16ff46f867,jpeg_q30,sidset,real,0,0.7464961409568787,data\cache\clean\test\sidset_9e2a9b16ff46f867\jpeg_q30.jpg
sidset_a3032d75347e6fa2,jpeg_q30,sidset,real,0,0.9559252262115479,data\cache\clean\test\sidset_a3032d75347e6fa2\jpeg_q30.jpg
sidset_a36a612621d64289,jpeg_q30,sidset,real,0,0.9052298069000244,data\cache\clean\test\sidset_a36a612621d64289\jpeg_q30.jpg
sidset_a429805728e89e7d,jpeg_q30,sidset,real,0,0.9991494417190552,data\cache\clean\test\sidset_a429805728e89e7d\jpeg_q30.jpg
sidset_a8ad741ef85002f3,jpeg_q30,sidset,real,0,0.9422584772109985,data\cache\clean\test\sidset_a8ad741ef85002f3\jpeg_q30.jpg
sidset_ab1441008986f237,jpeg_q30,sidset,real,0,0.5759196877479553,data\cache\clean\test\sidset_ab1441008986f237\jpeg_q30.jpg
sidset_abb21498da6986f6,jpeg_q30,sidset,real,0,0.9592220783233643,data\cache\clean\test\sidset_abb21498da6986f6\jpeg_q30.jpg
sidset_ac54ef2834f8bc74,jpeg_q30,sidset,real,0,0.934434711933136,data\cache\clean\test\sidset_ac54ef2834f8bc74\jpeg_q30.jpg
sidset_ae2a3178c574c716,jpeg_q30,sidset,real,0,0.938144326210022,data\cache\clean\test\sidset_ae2a3178c574c716\jpeg_q30.jpg
sidset_b230de6baca8d392,jpeg_q30,sidset,real,0,0.9785345792770386,data\cache\clean\test\sidset_b230de6baca8d392\jpeg_q30.jpg
sidset_b3d460c2a4f17eff,jpeg_q30,sidset,real,0,0.9981993436813354,data\cache\clean\test\sidset_b3d460c2a4f17eff\jpeg_q30.jpg
sidset_b56eb4cbcc71b00b,jpeg_q30,sidset,real,0,0.6531447172164917,data\cache\clean\test\sidset_b56eb4cbcc71b00b\jpeg_q30.jpg
sidset_bc70b06f0d603efd,jpeg_q30,sidset,real,0,0.9999926090240479,data\cache\clean\test\sidset_bc70b06f0d603efd\jpeg_q30.jpg
sidset_bf236ad30956e497,jpeg_q30,sidset,real,0,0.7230901718139648,data\cache\clean\test\sidset_bf236ad30956e497\jpeg_q30.jpg
sidset_bf7100f88bf3b0f3,jpeg_q30,sidset,real,0,0.9037227034568787,data\cache\clean\test\sidset_bf7100f88bf3b0f3\jpeg_q30.jpg
sidset_c5a378b0ea24d25e,jpeg_q30,sidset,real,0,0.9641920924186707,data\cache\clean\test\sidset_c5a378b0ea24d25e\jpeg_q30.jpg
sidset_c790c7ca03b21797,jpeg_q30,sidset,real,0,0.6132096648216248,data\cache\clean\test\sidset_c790c7ca03b21797\jpeg_q30.jpg
sidset_c7d3774f16039f96,jpeg_q30,sidset,real,0,0.8316805958747864,data\cache\clean\test\sidset_c7d3774f16039f96\jpeg_q30.jpg
sidset_c90419b9eb89527a,jpeg_q30,sidset,real,0,0.9632446765899658,data\cache\clean\test\sidset_c90419b9eb89527a\jpeg_q30.jpg
sidset_cac550631e35c126,jpeg_q30,sidset,real,0,0.6619813442230225,data\cache\clean\test\sidset_cac550631e35c126\jpeg_q30.jpg
sidset_d652dc17bb0709b8,jpeg_q30,sidset,real,0,0.9968008995056152,data\cache\clean\test\sidset_d652dc17bb0709b8\jpeg_q30.jpg
sidset_df089363fbc3dff5,jpeg_q30,sidset,real,0,0.6602346897125244,data\cache\clean\test\sidset_df089363fbc3dff5\jpeg_q30.jpg
sidset_df546351780cb733,jpeg_q30,sidset,real,0,0.6916043758392334,data\cache\clean\test\sidset_df546351780cb733\jpeg_q30.jpg
sidset_e14e3989daa0bebd,jpeg_q30,sidset,real,0,0.5139586925506592,data\cache\clean\test\sidset_e14e3989daa0bebd\jpeg_q30.jpg
sidset_e67f5961f8d7c753,jpeg_q30,sidset,real,0,0.952499508857727,data\cache\clean\test\sidset_e67f5961f8d7c753\jpeg_q30.jpg
sidset_e6f037cc020a3c67,jpeg_q30,sidset,real,0,0.6360476016998291,data\cache\clean\test\sidset_e6f037cc020a3c67\jpeg_q30.jpg
sidset_e7250acece7d41f5,jpeg_q30,sidset,real,0,0.8682492971420288,data\cache\clean\test\sidset_e7250acece7d41f5\jpeg_q30.jpg
sidset_ee10cfddcd14bfe8,jpeg_q30,sidset,real,0,0.5244442224502563,data\cache\clean\test\sidset_ee10cfddcd14bfe8\jpeg_q30.jpg
sidset_ef3f636bfc78f3a5,jpeg_q30,sidset,real,0,0.9930797219276428,data\cache\clean\test\sidset_ef3f636bfc78f3a5\jpeg_q30.jpg
sidset_f250696304a3be0e,jpeg_q30,sidset,real,0,0.853754460811615,data\cache\clean\test\sidset_f250696304a3be0e\jpeg_q30.jpg
sidset_f5044c17014681a8,jpeg_q30,sidset,real,0,0.7247603535652161,data\cache\clean\test\sidset_f5044c17014681a8\jpeg_q30.jpg
sidset_f630570a5eab971b,jpeg_q30,sidset,real,0,0.7604821920394897,data\cache\clean\test\sidset_f630570a5eab971b\jpeg_q30.jpg
sidset_fac95db1f3df9775,jpeg_q30,sidset,real,0,0.9782092571258545,data\cache\clean\test\sidset_fac95db1f3df9775\jpeg_q30.jpg
sidset_fb820a8756e04447,jpeg_q30,sidset,real,0,0.8777690529823303,data\cache\clean\test\sidset_fb820a8756e04447\jpeg_q30.jpg
sidset_fd096d0793adea7d,jpeg_q30,sidset,real,0,0.5748234987258911,data\cache\clean\test\sidset_fd096d0793adea7d\jpeg_q30.jpg
sidset_fe0bec3214706d60,jpeg_q30,sidset,real,0,0.9598022103309631,data\cache\clean\test\sidset_fe0bec3214706d60\jpeg_q30.jpg
cifake_0235,jpeg_q50,cifake,real,0,0.571696400642395,data\cache\clean\test\cifake_0235\jpeg_q50.jpg
cifake_0240 (9),jpeg_q50,cifake,real,0,0.5478715300559998,data\cache\clean\test\cifake_0240 (9)\jpeg_q50.jpg
cifake_0618 (3),jpeg_q50,cifake,real,0,0.9356303215026855,data\cache\clean\test\cifake_0618 (3)\jpeg_q50.jpg
cifake_0967 (9),jpeg_q50,cifake,real,0,0.5050645470619202,data\cache\clean\test\cifake_0967 (9)\jpeg_q50.jpg
cifake_1306 (9),jpeg_q50,cifake,real,0,0.8617156744003296,data\cache\clean\test\cifake_1306 (9)\jpeg_q50.jpg
cifake_1974,jpeg_q50,cifake,real,0,0.9012629985809326,data\cache\clean\test\cifake_1974\jpeg_q50.jpg
cifake_2122,jpeg_q50,cifake,real,0,0.7827858328819275,data\cache\clean\test\cifake_2122\jpeg_q50.jpg
cifake_2633 (10),jpeg_q50,cifake,real,0,0.684366762638092,data\cache\clean\test\cifake_2633 (10)\jpeg_q50.jpg
cifake_2660,jpeg_q50,cifake,real,0,0.9027232527732849,data\cache\clean\test\cifake_2660\jpeg_q50.jpg
cifake_2666 (9),jpeg_q50,cifake,real,0,0.7866947650909424,data\cache\clean\test\cifake_2666 (9)\jpeg_q50.jpg
cifake_3461 (5),jpeg_q50,cifake,real,0,0.9527227878570557,data\cache\clean\test\cifake_3461 (5)\jpeg_q50.jpg
cifake_3614,jpeg_q50,cifake,real,0,0.6808045506477356,data\cache\clean\test\cifake_3614\jpeg_q50.jpg
cifake_3872,jpeg_q50,cifake,real,0,0.714127242565155,data\cache\clean\test\cifake_3872\jpeg_q50.jpg
cifake_3891 (3),jpeg_q50,cifake,real,0,0.6471861600875854,data\cache\clean\test\cifake_3891 (3)\jpeg_q50.jpg
cifake_4389,jpeg_q50,cifake,real,0,0.6244988441467285,data\cache\clean\test\cifake_4389\jpeg_q50.jpg
cifake_4609 (2),jpeg_q50,cifake,real,0,0.9048482179641724,data\cache\clean\test\cifake_4609 (2)\jpeg_q50.jpg
cifake_4660 (5),jpeg_q50,cifake,real,0,0.9608128070831299,data\cache\clean\test\cifake_4660 (5)\jpeg_q50.jpg
cifake_4673 (5),jpeg_q50,cifake,real,0,0.5972871780395508,data\cache\clean\test\cifake_4673 (5)\jpeg_q50.jpg
cifake_4707,jpeg_q50,cifake,real,0,0.6730167269706726,data\cache\clean\test\cifake_4707\jpeg_q50.jpg
cifake_4907 (6),jpeg_q50,cifake,real,0,0.6492359042167664,data\cache\clean\test\cifake_4907 (6)\jpeg_q50.jpg
cifake_4932 (2),jpeg_q50,cifake,real,0,0.7912341356277466,data\cache\clean\test\cifake_4932 (2)\jpeg_q50.jpg
sidset_01cfa603553a1a45,jpeg_q50,sidset,real,0,0.5185827612876892,data\cache\clean\test\sidset_01cfa603553a1a45\jpeg_q50.jpg
sidset_036df955965cb2f9,jpeg_q50,sidset,real,0,0.8655816316604614,data\cache\clean\test\sidset_036df955965cb2f9\jpeg_q50.jpg
sidset_038789965a8f7606,jpeg_q50,sidset,real,0,0.9672837853431702,data\cache\clean\test\sidset_038789965a8f7606\jpeg_q50.jpg
sidset_06522d1c8566d440,jpeg_q50,sidset,real,0,0.7041348814964294,data\cache\clean\test\sidset_06522d1c8566d440\jpeg_q50.jpg
sidset_075db643445af8e3,jpeg_q50,sidset,real,0,0.7348154783248901,data\cache\clean\test\sidset_075db643445af8e3\jpeg_q50.jpg
sidset_0f8102c25fc764ea,jpeg_q50,sidset,real,0,0.9989789724349976,data\cache\clean\test\sidset_0f8102c25fc764ea\jpeg_q50.jpg
sidset_14312756c1c94efa,jpeg_q50,sidset,real,0,0.9999845027923584,data\cache\clean\test\sidset_14312756c1c94efa\jpeg_q50.jpg
sidset_1d24e17c0f598d7a,jpeg_q50,sidset,real,0,0.7923821210861206,data\cache\clean\test\sidset_1d24e17c0f598d7a\jpeg_q50.jpg
sidset_22b07f2ffcaf319c,jpeg_q50,sidset,real,0,0.9949209094047546,data\cache\clean\test\sidset_22b07f2ffcaf319c\jpeg_q50.jpg
sidset_24a4409917faf56d,jpeg_q50,sidset,real,0,0.6058031320571899,data\cache\clean\test\sidset_24a4409917faf56d\jpeg_q50.jpg
sidset_26c389b400ea1653,jpeg_q50,sidset,real,0,0.9947079420089722,data\cache\clean\test\sidset_26c389b400ea1653\jpeg_q50.jpg
sidset_31d44fee2c336e78,jpeg_q50,sidset,real,0,0.7805489301681519,data\cache\clean\test\sidset_31d44fee2c336e78\jpeg_q50.jpg
sidset_31f7ec5269c0f867,jpeg_q50,sidset,real,0,0.9850393533706665,data\cache\clean\test\sidset_31f7ec5269c0f867\jpeg_q50.jpg
sidset_34866edcc2800ae0,jpeg_q50,sidset,real,0,0.9274172782897949,data\cache\clean\test\sidset_34866edcc2800ae0\jpeg_q50.jpg
sidset_36ec0b674a14714a,jpeg_q50,sidset,real,0,0.9168584942817688,data\cache\clean\test\sidset_36ec0b674a14714a\jpeg_q50.jpg
sidset_39a3f029e2e17dd3,jpeg_q50,sidset,real,0,0.987795352935791,data\cache\clean\test\sidset_39a3f029e2e17dd3\jpeg_q50.jpg
sidset_3beca4d6152a4aa5,jpeg_q50,sidset,real,0,0.9579319357872009,data\cache\clean\test\sidset_3beca4d6152a4aa5\jpeg_q50.jpg
sidset_41fcb89ff22ef83c,jpeg_q50,sidset,real,0,0.877305805683136,data\cache\clean\test\sidset_41fcb89ff22ef83c\jpeg_q50.jpg
sidset_45a6cb8b20ae57d2,jpeg_q50,sidset,real,0,0.9998098015785217,data\cache\clean\test\sidset_45a6cb8b20ae57d2\jpeg_q50.jpg
sidset_45c5c68f5a74cd90,jpeg_q50,sidset,real,0,0.8553694486618042,data\cache\clean\test\sidset_45c5c68f5a74cd90\jpeg_q50.jpg
sidset_46a383463322d7a9,jpeg_q50,sidset,real,0,0.8311543464660645,data\cache\clean\test\sidset_46a383463322d7a9\jpeg_q50.jpg
sidset_4eaeb947635ca47e,jpeg_q50,sidset,real,0,0.6141995787620544,data\cache\clean\test\sidset_4eaeb947635ca47e\jpeg_q50.jpg
sidset_508cc69f6b128900,jpeg_q50,sidset,real,0,0.7856685519218445,data\cache\clean\test\sidset_508cc69f6b128900\jpeg_q50.jpg
sidset_52bf81b2d7f84101,jpeg_q50,sidset,real,0,0.7924278378486633,data\cache\clean\test\sidset_52bf81b2d7f84101\jpeg_q50.jpg
sidset_55ed6c0bbd54e07d,jpeg_q50,sidset,real,0,0.8075101971626282,data\cache\clean\test\sidset_55ed6c0bbd54e07d\jpeg_q50.jpg
sidset_5a165a26bf8ca4be,jpeg_q50,sidset,real,0,0.9468039274215698,data\cache\clean\test\sidset_5a165a26bf8ca4be\jpeg_q50.jpg
sidset_5b291a7b5ae05cf0,jpeg_q50,sidset,real,0,0.5606940388679504,data\cache\clean\test\sidset_5b291a7b5ae05cf0\jpeg_q50.jpg
sidset_5b8f12b78d13bfcd,jpeg_q50,sidset,real,0,0.9286837577819824,data\cache\clean\test\sidset_5b8f12b78d13bfcd\jpeg_q50.jpg
sidset_5ba522a91162ae70,jpeg_q50,sidset,real,0,0.9917488098144531,data\cache\clean\test\sidset_5ba522a91162ae70\jpeg_q50.jpg
sidset_5c175a143c23a7b8,jpeg_q50,sidset,real,0,0.5159081816673279,data\cache\clean\test\sidset_5c175a143c23a7b8\jpeg_q50.jpg
sidset_5d6c80bf53edd038,jpeg_q50,sidset,real,0,0.5509011149406433,data\cache\clean\test\sidset_5d6c80bf53edd038\jpeg_q50.jpg
sidset_615f67f3acd96d5c,jpeg_q50,sidset,real,0,0.8808982372283936,data\cache\clean\test\sidset_615f67f3acd96d5c\jpeg_q50.jpg
sidset_630624a387e04a88,jpeg_q50,sidset,real,0,0.8223782181739807,data\cache\clean\test\sidset_630624a387e04a88\jpeg_q50.jpg
sidset_68f0479b7dde7700,jpeg_q50,sidset,real,0,0.9311583042144775,data\cache\clean\test\sidset_68f0479b7dde7700\jpeg_q50.jpg
sidset_6b7167d906f4ff1f,jpeg_q50,sidset,real,0,0.9990758895874023,data\cache\clean\test\sidset_6b7167d906f4ff1f\jpeg_q50.jpg
sidset_6c4941996cd7f5fc,jpeg_q50,sidset,real,0,0.8690518140792847,data\cache\clean\test\sidset_6c4941996cd7f5fc\jpeg_q50.jpg
sidset_702884f2efd07c6e,jpeg_q50,sidset,real,0,0.5123147368431091,data\cache\clean\test\sidset_702884f2efd07c6e\jpeg_q50.jpg
sidset_759a21da57c25774,jpeg_q50,sidset,real,0,0.9810507893562317,data\cache\clean\test\sidset_759a21da57c25774\jpeg_q50.jpg
sidset_772850bc0fb9e17c,jpeg_q50,sidset,real,0,0.9032384753227234,data\cache\clean\test\sidset_772850bc0fb9e17c\jpeg_q50.jpg
sidset_796b6212cfecb3de,jpeg_q50,sidset,real,0,0.9288889765739441,data\cache\clean\test\sidset_796b6212cfecb3de\jpeg_q50.jpg
sidset_7974984b83c15934,jpeg_q50,sidset,real,0,0.6323463320732117,data\cache\clean\test\sidset_7974984b83c15934\jpeg_q50.jpg
sidset_7b550aceb5ec111f,jpeg_q50,sidset,real,0,0.8560020923614502,data\cache\clean\test\sidset_7b550aceb5ec111f\jpeg_q50.jpg
sidset_88431f034d786206,jpeg_q50,sidset,real,0,0.5318257808685303,data\cache\clean\test\sidset_88431f034d786206\jpeg_q50.jpg
sidset_8d2495ea75218578,jpeg_q50,sidset,real,0,0.9378343820571899,data\cache\clean\test\sidset_8d2495ea75218578\jpeg_q50.jpg
sidset_92e8228aca22327e,jpeg_q50,sidset,real,0,0.5880382061004639,data\cache\clean\test\sidset_92e8228aca22327e\jpeg_q50.jpg
sidset_987ced7fd98867b5,jpeg_q50,sidset,real,0,0.5486115217208862,data\cache\clean\test\sidset_987ced7fd98867b5\jpeg_q50.jpg
sidset_9915729405b9e03e,jpeg_q50,sidset,real,0,0.8168129920959473,data\cache\clean\test\sidset_9915729405b9e03e\jpeg_q50.jpg
sidset_995429a562f1aed2,jpeg_q50,sidset,real,0,0.5146988034248352,data\cache\clean\test\sidset_995429a562f1aed2\jpeg_q50.jpg
sidset_a3032d75347e6fa2,jpeg_q50,sidset,real,0,0.9637302756309509,data\cache\clean\test\sidset_a3032d75347e6fa2\jpeg_q50.jpg
sidset_a36a612621d64289,jpeg_q50,sidset,real,0,0.6897318363189697,data\cache\clean\test\sidset_a36a612621d64289\jpeg_q50.jpg
sidset_a429805728e89e7d,jpeg_q50,sidset,real,0,0.9995013475418091,data\cache\clean\test\sidset_a429805728e89e7d\jpeg_q50.jpg
sidset_a8ad741ef85002f3,jpeg_q50,sidset,real,0,0.8662862181663513,data\cache\clean\test\sidset_a8ad741ef85002f3\jpeg_q50.jpg
sidset_ac54ef2834f8bc74,jpeg_q50,sidset,real,0,0.9786535501480103,data\cache\clean\test\sidset_ac54ef2834f8bc74\jpeg_q50.jpg
sidset_ae2a3178c574c716,jpeg_q50,sidset,real,0,0.8786655068397522,data\cache\clean\test\sidset_ae2a3178c574c716\jpeg_q50.jpg
sidset_b230de6baca8d392,jpeg_q50,sidset,real,0,0.9467040300369263,data\cache\clean\test\sidset_b230de6baca8d392\jpeg_q50.jpg
sidset_b3d460c2a4f17eff,jpeg_q50,sidset,real,0,0.9956614375114441,data\cache\clean\test\sidset_b3d460c2a4f17eff\jpeg_q50.jpg
sidset_b56eb4cbcc71b00b,jpeg_q50,sidset,real,0,0.7268471717834473,data\cache\clean\test\sidset_b56eb4cbcc71b00b\jpeg_q50.jpg
sidset_bc70b06f0d603efd,jpeg_q50,sidset,real,0,0.9999974966049194,data\cache\clean\test\sidset_bc70b06f0d603efd\jpeg_q50.jpg
sidset_bf7100f88bf3b0f3,jpeg_q50,sidset,real,0,0.9698337316513062,data\cache\clean\test\sidset_bf7100f88bf3b0f3\jpeg_q50.jpg
sidset_c5a378b0ea24d25e,jpeg_q50,sidset,real,0,0.9629123210906982,data\cache\clean\test\sidset_c5a378b0ea24d25e\jpeg_q50.jpg
sidset_c790c7ca03b21797,jpeg_q50,sidset,real,0,0.6008343696594238,data\cache\clean\test\sidset_c790c7ca03b21797\jpeg_q50.jpg
sidset_cb68a83278e88b9d,jpeg_q50,sidset,real,0,0.5217317342758179,data\cache\clean\test\sidset_cb68a83278e88b9d\jpeg_q50.jpg
sidset_d652dc17bb0709b8,jpeg_q50,sidset,real,0,0.9855656027793884,data\cache\clean\test\sidset_d652dc17bb0709b8\jpeg_q50.jpg
sidset_df089363fbc3dff5,jpeg_q50,sidset,real,0,0.7943758964538574,data\cache\clean\test\sidset_df089363fbc3dff5\jpeg_q50.jpg
sidset_df546351780cb733,jpeg_q50,sidset,real,0,0.8747926354408264,data\cache\clean\test\sidset_df546351780cb733\jpeg_q50.jpg
sidset_e67f5961f8d7c753,jpeg_q50,sidset,real,0,0.947300910949707,data\cache\clean\test\sidset_e67f5961f8d7c753\jpeg_q50.jpg
sidset_e6f037cc020a3c67,jpeg_q50,sidset,real,0,0.8448487520217896,data\cache\clean\test\sidset_e6f037cc020a3c67\jpeg_q50.jpg
sidset_ef3f636bfc78f3a5,jpeg_q50,sidset,real,0,0.9944533705711365,data\cache\clean\test\sidset_ef3f636bfc78f3a5\jpeg_q50.jpg
sidset_f250696304a3be0e,jpeg_q50,sidset,real,0,0.9061782360076904,data\cache\clean\test\sidset_f250696304a3be0e\jpeg_q50.jpg
sidset_f5044c17014681a8,jpeg_q50,sidset,real,0,0.6095570921897888,data\cache\clean\test\sidset_f5044c17014681a8\jpeg_q50.jpg
sidset_f630570a5eab971b,jpeg_q50,sidset,real,0,0.8520395755767822,data\cache\clean\test\sidset_f630570a5eab971b\jpeg_q50.jpg
sidset_fac95db1f3df9775,jpeg_q50,sidset,real,0,0.9851828217506409,data\cache\clean\test\sidset_fac95db1f3df9775\jpeg_q50.jpg
sidset_fb820a8756e04447,jpeg_q50,sidset,real,0,0.5905270576477051,data\cache\clean\test\sidset_fb820a8756e04447\jpeg_q50.jpg
sidset_fe0bec3214706d60,jpeg_q50,sidset,real,0,0.9857036471366882,data\cache\clean\test\sidset_fe0bec3214706d60\jpeg_q50.jpg
cifake_0005 (3),jpeg_q70,cifake,real,0,0.5162497758865356,data\cache\clean\test\cifake_0005 (3)\jpeg_q70.jpg
cifake_0179 (9),jpeg_q70,cifake,real,0,0.8466778993606567,data\cache\clean\test\cifake_0179 (9)\jpeg_q70.jpg
cifake_0235,jpeg_q70,cifake,real,0,0.8058305978775024,data\cache\clean\test\cifake_0235\jpeg_q70.jpg
cifake_0240 (9),jpeg_q70,cifake,real,0,0.6213167905807495,data\cache\clean\test\cifake_0240 (9)\jpeg_q70.jpg
cifake_0539 (5),jpeg_q70,cifake,real,0,0.5917033553123474,data\cache\clean\test\cifake_0539 (5)\jpeg_q70.jpg
cifake_0567,jpeg_q70,cifake,real,0,0.6295860409736633,data\cache\clean\test\cifake_0567\jpeg_q70.jpg
cifake_0618 (3),jpeg_q70,cifake,real,0,0.8517467975616455,data\cache\clean\test\cifake_0618 (3)\jpeg_q70.jpg
cifake_0793,jpeg_q70,cifake,real,0,0.9155673980712891,data\cache\clean\test\cifake_0793\jpeg_q70.jpg
cifake_0811,jpeg_q70,cifake,real,0,0.5212982296943665,data\cache\clean\test\cifake_0811\jpeg_q70.jpg
cifake_0967 (9),jpeg_q70,cifake,real,0,0.6383614540100098,data\cache\clean\test\cifake_0967 (9)\jpeg_q70.jpg
cifake_1139,jpeg_q70,cifake,real,0,0.8372616171836853,data\cache\clean\test\cifake_1139\jpeg_q70.jpg
cifake_1158,jpeg_q70,cifake,real,0,0.510306179523468,data\cache\clean\test\cifake_1158\jpeg_q70.jpg
cifake_1974,jpeg_q70,cifake,real,0,0.8973270654678345,data\cache\clean\test\cifake_1974\jpeg_q70.jpg
cifake_2094 (3),jpeg_q70,cifake,real,0,0.600557804107666,data\cache\clean\test\cifake_2094 (3)\jpeg_q70.jpg
cifake_2122,jpeg_q70,cifake,real,0,0.8576515316963196,data\cache\clean\test\cifake_2122\jpeg_q70.jpg
cifake_2633 (10),jpeg_q70,cifake,real,0,0.8130469918251038,data\cache\clean\test\cifake_2633 (10)\jpeg_q70.jpg
cifake_2660,jpeg_q70,cifake,real,0,0.8913219571113586,data\cache\clean\test\cifake_2660\jpeg_q70.jpg
cifake_2972 (5),jpeg_q70,cifake,real,0,0.7719159722328186,data\cache\clean\test\cifake_2972 (5)\jpeg_q70.jpg
cifake_3014 (5),jpeg_q70,cifake,real,0,0.7030543684959412,data\cache\clean\test\cifake_3014 (5)\jpeg_q70.jpg
cifake_3042 (4),jpeg_q70,cifake,real,0,0.6861319541931152,data\cache\clean\test\cifake_3042 (4)\jpeg_q70.jpg
cifake_3088 (3),jpeg_q70,cifake,real,0,0.5806922316551208,data\cache\clean\test\cifake_3088 (3)\jpeg_q70.jpg
cifake_3280 (8),jpeg_q70,cifake,real,0,0.7770000100135803,data\cache\clean\test\cifake_3280 (8)\jpeg_q70.jpg
cifake_3458 (9),jpeg_q70,cifake,real,0,0.5238274335861206,data\cache\clean\test\cifake_3458 (9)\jpeg_q70.jpg
cifake_3461 (5),jpeg_q70,cifake,real,0,0.9474436044692993,data\cache\clean\test\cifake_3461 (5)\jpeg_q70.jpg
cifake_3819 (2),jpeg_q70,cifake,real,0,0.8093717694282532,data\cache\clean\test\cifake_3819 (2)\jpeg_q70.jpg
cifake_3891 (3),jpeg_q70,cifake,real,0,0.6616536378860474,data\cache\clean\test\cifake_3891 (3)\jpeg_q70.jpg
cifake_3916 (8),jpeg_q70,cifake,real,0,0.6873795390129089,data\cache\clean\test\cifake_3916 (8)\jpeg_q70.jpg
cifake_4186 (5),jpeg_q70,cifake,real,0,0.5595948100090027,data\cache\clean\test\cifake_4186 (5)\jpeg_q70.jpg
cifake_4389,jpeg_q70,cifake,real,0,0.5083989500999451,data\cache\clean\test\cifake_4389\jpeg_q70.jpg
cifake_4660 (5),jpeg_q70,cifake,real,0,0.8986191749572754,data\cache\clean\test\cifake_4660 (5)\jpeg_q70.jpg
cifake_4673 (5),jpeg_q70,cifake,real,0,0.9766364693641663,data\cache\clean\test\cifake_4673 (5)\jpeg_q70.jpg
cifake_4707,jpeg_q70,cifake,real,0,0.8246729373931885,data\cache\clean\test\cifake_4707\jpeg_q70.jpg
cifake_4907 (6),jpeg_q70,cifake,real,0,0.7594299912452698,data\cache\clean\test\cifake_4907 (6)\jpeg_q70.jpg
cifake_4932 (2),jpeg_q70,cifake,real,0,0.7028327584266663,data\cache\clean\test\cifake_4932 (2)\jpeg_q70.jpg
sidset_036df955965cb2f9,jpeg_q70,sidset,real,0,0.7819759845733643,data\cache\clean\test\sidset_036df955965cb2f9\jpeg_q70.jpg
sidset_038789965a8f7606,jpeg_q70,sidset,real,0,0.9334418773651123,data\cache\clean\test\sidset_038789965a8f7606\jpeg_q70.jpg
sidset_075db643445af8e3,jpeg_q70,sidset,real,0,0.9707434773445129,data\cache\clean\test\sidset_075db643445af8e3\jpeg_q70.jpg
sidset_09f7329f0c1c9fd4,jpeg_q70,sidset,real,0,0.5677523612976074,data\cache\clean\test\sidset_09f7329f0c1c9fd4\jpeg_q70.jpg
sidset_0f8102c25fc764ea,jpeg_q70,sidset,real,0,0.9985305070877075,data\cache\clean\test\sidset_0f8102c25fc764ea\jpeg_q70.jpg
sidset_14312756c1c94efa,jpeg_q70,sidset,real,0,0.999985933303833,data\cache\clean\test\sidset_14312756c1c94efa\jpeg_q70.jpg
sidset_16c4058cc17896fc,jpeg_q70,sidset,real,0,0.6841806173324585,data\cache\clean\test\sidset_16c4058cc17896fc\jpeg_q70.jpg
sidset_1d24e17c0f598d7a,jpeg_q70,sidset,real,0,0.7819567918777466,data\cache\clean\test\sidset_1d24e17c0f598d7a\jpeg_q70.jpg
sidset_22b07f2ffcaf319c,jpeg_q70,sidset,real,0,0.9729332327842712,data\cache\clean\test\sidset_22b07f2ffcaf319c\jpeg_q70.jpg
sidset_26c389b400ea1653,jpeg_q70,sidset,real,0,0.9962957501411438,data\cache\clean\test\sidset_26c389b400ea1653\jpeg_q70.jpg
sidset_2800b0abf266ffba,jpeg_q70,sidset,real,0,0.641815185546875,data\cache\clean\test\sidset_2800b0abf266ffba\jpeg_q70.jpg
sidset_31d44fee2c336e78,jpeg_q70,sidset,real,0,0.9502013921737671,data\cache\clean\test\sidset_31d44fee2c336e78\jpeg_q70.jpg
sidset_31f7ec5269c0f867,jpeg_q70,sidset,real,0,0.9859976768493652,data\cache\clean\test\sidset_31f7ec5269c0f867\jpeg_q70.jpg
sidset_34866edcc2800ae0,jpeg_q70,sidset,real,0,0.9044764041900635,data\cache\clean\test\sidset_34866edcc2800ae0\jpeg_q70.jpg
sidset_36ec0b674a14714a,jpeg_q70,sidset,real,0,0.873602569103241,data\cache\clean\test\sidset_36ec0b674a14714a\jpeg_q70.jpg
sidset_39a3f029e2e17dd3,jpeg_q70,sidset,real,0,0.9863463044166565,data\cache\clean\test\sidset_39a3f029e2e17dd3\jpeg_q70.jpg
sidset_3beca4d6152a4aa5,jpeg_q70,sidset,real,0,0.9381767511367798,data\cache\clean\test\sidset_3beca4d6152a4aa5\jpeg_q70.jpg
sidset_3fbc4c1574ef987d,jpeg_q70,sidset,real,0,0.7430165410041809,data\cache\clean\test\sidset_3fbc4c1574ef987d\jpeg_q70.jpg
sidset_41fcb89ff22ef83c,jpeg_q70,sidset,real,0,0.9453064799308777,data\cache\clean\test\sidset_41fcb89ff22ef83c\jpeg_q70.jpg
sidset_45a6cb8b20ae57d2,jpeg_q70,sidset,real,0,0.9994811415672302,data\cache\clean\test\sidset_45a6cb8b20ae57d2\jpeg_q70.jpg
sidset_45c5c68f5a74cd90,jpeg_q70,sidset,real,0,0.8501209020614624,data\cache\clean\test\sidset_45c5c68f5a74cd90\jpeg_q70.jpg
sidset_46a383463322d7a9,jpeg_q70,sidset,real,0,0.8116862177848816,data\cache\clean\test\sidset_46a383463322d7a9\jpeg_q70.jpg
sidset_4b587c02c1897383,jpeg_q70,sidset,real,0,0.718380331993103,data\cache\clean\test\sidset_4b587c02c1897383\jpeg_q70.jpg
sidset_4eaeb947635ca47e,jpeg_q70,sidset,real,0,0.587087094783783,data\cache\clean\test\sidset_4eaeb947635ca47e\jpeg_q70.jpg
sidset_508cc69f6b128900,jpeg_q70,sidset,real,0,0.7548621296882629,data\cache\clean\test\sidset_508cc69f6b128900\jpeg_q70.jpg
sidset_52bf81b2d7f84101,jpeg_q70,sidset,real,0,0.9511458277702332,data\cache\clean\test\sidset_52bf81b2d7f84101\jpeg_q70.jpg
sidset_55ed6c0bbd54e07d,jpeg_q70,sidset,real,0,0.9460493326187134,data\cache\clean\test\sidset_55ed6c0bbd54e07d\jpeg_q70.jpg
sidset_5a165a26bf8ca4be,jpeg_q70,sidset,real,0,0.9513434767723083,data\cache\clean\test\sidset_5a165a26bf8ca4be\jpeg_q70.jpg
sidset_5b291a7b5ae05cf0,jpeg_q70,sidset,real,0,0.7086501121520996,data\cache\clean\test\sidset_5b291a7b5ae05cf0\jpeg_q70.jpg
sidset_5b8f12b78d13bfcd,jpeg_q70,sidset,real,0,0.9708694219589233,data\cache\clean\test\sidset_5b8f12b78d13bfcd\jpeg_q70.jpg
sidset_5ba522a91162ae70,jpeg_q70,sidset,real,0,0.9916248917579651,data\cache\clean\test\sidset_5ba522a91162ae70\jpeg_q70.jpg
sidset_615f67f3acd96d5c,jpeg_q70,sidset,real,0,0.8865047693252563,data\cache\clean\test\sidset_615f67f3acd96d5c\jpeg_q70.jpg
sidset_630624a387e04a88,jpeg_q70,sidset,real,0,0.9486346244812012,data\cache\clean\test\sidset_630624a387e04a88\jpeg_q70.jpg
sidset_68f0479b7dde7700,jpeg_q70,sidset,real,0,0.587324321269989,data\cache\clean\test\sidset_68f0479b7dde7700\jpeg_q70.jpg
sidset_6b7167d906f4ff1f,jpeg_q70,sidset,real,0,0.99859219789505,data\cache\clean\test\sidset_6b7167d906f4ff1f\jpeg_q70.jpg
sidset_6c4941996cd7f5fc,jpeg_q70,sidset,real,0,0.8295564651489258,data\cache\clean\test\sidset_6c4941996cd7f5fc\jpeg_q70.jpg
sidset_759a21da57c25774,jpeg_q70,sidset,real,0,0.8780330419540405,data\cache\clean\test\sidset_759a21da57c25774\jpeg_q70.jpg
sidset_796b6212cfecb3de,jpeg_q70,sidset,real,0,0.7042754292488098,data\cache\clean\test\sidset_796b6212cfecb3de\jpeg_q70.jpg
sidset_7974984b83c15934,jpeg_q70,sidset,real,0,0.7643556594848633,data\cache\clean\test\sidset_7974984b83c15934\jpeg_q70.jpg
sidset_88431f034d786206,jpeg_q70,sidset,real,0,0.5004913806915283,data\cache\clean\test\sidset_88431f034d786206\jpeg_q70.jpg
sidset_8d2495ea75218578,jpeg_q70,sidset,real,0,0.978988766670227,data\cache\clean\test\sidset_8d2495ea75218578\jpeg_q70.jpg
sidset_92e8228aca22327e,jpeg_q70,sidset,real,0,0.6015973091125488,data\cache\clean\test\sidset_92e8228aca22327e\jpeg_q70.jpg
sidset_9548acaeca2f5124,jpeg_q70,sidset,real,0,0.700821042060852,data\cache\clean\test\sidset_9548acaeca2f5124\jpeg_q70.jpg
sidset_9915729405b9e03e,jpeg_q70,sidset,real,0,0.8071655035018921,data\cache\clean\test\sidset_9915729405b9e03e\jpeg_q70.jpg
sidset_995429a562f1aed2,jpeg_q70,sidset,real,0,0.5224269032478333,data\cache\clean\test\sidset_995429a562f1aed2\jpeg_q70.jpg
sidset_9e2a9b16ff46f867,jpeg_q70,sidset,real,0,0.6899471282958984,data\cache\clean\test\sidset_9e2a9b16ff46f867\jpeg_q70.jpg
sidset_a3032d75347e6fa2,jpeg_q70,sidset,real,0,0.8522549867630005,data\cache\clean\test\sidset_a3032d75347e6fa2\jpeg_q70.jpg
sidset_a429805728e89e7d,jpeg_q70,sidset,real,0,0.9992150068283081,data\cache\clean\test\sidset_a429805728e89e7d\jpeg_q70.jpg
sidset_a8ad741ef85002f3,jpeg_q70,sidset,real,0,0.9220002293586731,data\cache\clean\test\sidset_a8ad741ef85002f3\jpeg_q70.jpg
sidset_ab4f5a8a2f533316,jpeg_q70,sidset,real,0,0.7171393036842346,data\cache\clean\test\sidset_ab4f5a8a2f533316\jpeg_q70.jpg
sidset_ac54ef2834f8bc74,jpeg_q70,sidset,real,0,0.5618575811386108,data\cache\clean\test\sidset_ac54ef2834f8bc74\jpeg_q70.jpg
sidset_ae2a3178c574c716,jpeg_q70,sidset,real,0,0.8671019673347473,data\cache\clean\test\sidset_ae2a3178c574c716\jpeg_q70.jpg
sidset_b230de6baca8d392,jpeg_q70,sidset,real,0,0.9574684500694275,data\cache\clean\test\sidset_b230de6baca8d392\jpeg_q70.jpg
sidset_b3d460c2a4f17eff,jpeg_q70,sidset,real,0,0.9937108755111694,data\cache\clean\test\sidset_b3d460c2a4f17eff\jpeg_q70.jpg
sidset_b56eb4cbcc71b00b,jpeg_q70,sidset,real,0,0.5442858934402466,data\cache\clean\test\sidset_b56eb4cbcc71b00b\jpeg_q70.jpg
sidset_bc70b06f0d603efd,jpeg_q70,sidset,real,0,0.9999983310699463,data\cache\clean\test\sidset_bc70b06f0d603efd\jpeg_q70.jpg
sidset_bf236ad30956e497,jpeg_q70,sidset,real,0,0.6006139516830444,data\cache\clean\test\sidset_bf236ad30956e497\jpeg_q70.jpg
sidset_bf7100f88bf3b0f3,jpeg_q70,sidset,real,0,0.9276472330093384,data\cache\clean\test\sidset_bf7100f88bf3b0f3\jpeg_q70.jpg
sidset_c5a378b0ea24d25e,jpeg_q70,sidset,real,0,0.9411517381668091,data\cache\clean\test\sidset_c5a378b0ea24d25e\jpeg_q70.jpg
sidset_cb68a83278e88b9d,jpeg_q70,sidset,real,0,0.5322293043136597,data\cache\clean\test\sidset_cb68a83278e88b9d\jpeg_q70.jpg
sidset_d652dc17bb0709b8,jpeg_q70,sidset,real,0,0.994375467300415,data\cache\clean\test\sidset_d652dc17bb0709b8\jpeg_q70.jpg
sidset_df546351780cb733,jpeg_q70,sidset,real,0,0.9191434979438782,data\cache\clean\test\sidset_df546351780cb733\jpeg_q70.jpg
sidset_e67f5961f8d7c753,jpeg_q70,sidset,real,0,0.9536752700805664,data\cache\clean\test\sidset_e67f5961f8d7c753\jpeg_q70.jpg
sidset_e6f037cc020a3c67,jpeg_q70,sidset,real,0,0.9438604712486267,data\cache\clean\test\sidset_e6f037cc020a3c67\jpeg_q70.jpg
sidset_ef3f636bfc78f3a5,jpeg_q70,sidset,real,0,0.989918053150177,data\cache\clean\test\sidset_ef3f636bfc78f3a5\jpeg_q70.jpg
sidset_f250696304a3be0e,jpeg_q70,sidset,real,0,0.8651432394981384,data\cache\clean\test\sidset_f250696304a3be0e\jpeg_q70.jpg
sidset_f5044c17014681a8,jpeg_q70,sidset,real,0,0.7246412038803101,data\cache\clean\test\sidset_f5044c17014681a8\jpeg_q70.jpg
sidset_f630570a5eab971b,jpeg_q70,sidset,real,0,0.7574793696403503,data\cache\clean\test\sidset_f630570a5eab971b\jpeg_q70.jpg
sidset_fac95db1f3df9775,jpeg_q70,sidset,real,0,0.8682070374488831,data\cache\clean\test\sidset_fac95db1f3df9775\jpeg_q70.jpg
sidset_fe0bec3214706d60,jpeg_q70,sidset,real,0,0.9894617199897766,data\cache\clean\test\sidset_fe0bec3214706d60\jpeg_q70.jpg
cifake_0235,jpeg_q90,cifake,real,0,0.7156198024749756,data\cache\clean\test\cifake_0235\jpeg_q90.jpg
cifake_0327 (5),jpeg_q90,cifake,real,0,0.8952797055244446,data\cache\clean\test\cifake_0327 (5)\jpeg_q90.jpg
cifake_0618 (3),jpeg_q90,cifake,real,0,0.8536992073059082,data\cache\clean\test\cifake_0618 (3)\jpeg_q90.jpg
cifake_0793,jpeg_q90,cifake,real,0,0.7333604693412781,data\cache\clean\test\cifake_0793\jpeg_q90.jpg
cifake_1139,jpeg_q90,cifake,real,0,0.8518475294113159,data\cache\clean\test\cifake_1139\jpeg_q90.jpg
cifake_1974,jpeg_q90,cifake,real,0,0.8391364812850952,data\cache\clean\test\cifake_1974\jpeg_q90.jpg
cifake_2071,jpeg_q90,cifake,real,0,0.7719927430152893,data\cache\clean\test\cifake_2071\jpeg_q90.jpg
cifake_2122,jpeg_q90,cifake,real,0,0.7726704478263855,data\cache\clean\test\cifake_2122\jpeg_q90.jpg
cifake_2547,jpeg_q90,cifake,real,0,0.592373788356781,data\cache\clean\test\cifake_2547\jpeg_q90.jpg
cifake_2660,jpeg_q90,cifake,real,0,0.7750324010848999,data\cache\clean\test\cifake_2660\jpeg_q90.jpg
cifake_3280 (8),jpeg_q90,cifake,real,0,0.8899617791175842,data\cache\clean\test\cifake_3280 (8)\jpeg_q90.jpg
cifake_3461 (5),jpeg_q90,cifake,real,0,0.8144654631614685,data\cache\clean\test\cifake_3461 (5)\jpeg_q90.jpg
cifake_3891 (3),jpeg_q90,cifake,real,0,0.8262972831726074,data\cache\clean\test\cifake_3891 (3)\jpeg_q90.jpg
cifake_3916 (8),jpeg_q90,cifake,real,0,0.5608493685722351,data\cache\clean\test\cifake_3916 (8)\jpeg_q90.jpg
cifake_4660 (5),jpeg_q90,cifake,real,0,0.9510245323181152,data\cache\clean\test\cifake_4660 (5)\jpeg_q90.jpg
cifake_4673 (5),jpeg_q90,cifake,real,0,0.6556682586669922,data\cache\clean\test\cifake_4673 (5)\jpeg_q90.jpg
sidset_02eb47f790cba404,jpeg_q90,sidset,real,0,0.6385055780410767,data\cache\clean\test\sidset_02eb47f790cba404\jpeg_q90.jpg
sidset_036df955965cb2f9,jpeg_q90,sidset,real,0,0.9704383611679077,data\cache\clean\test\sidset_036df955965cb2f9\jpeg_q90.jpg
sidset_038789965a8f7606,jpeg_q90,sidset,real,0,0.9330766201019287,data\cache\clean\test\sidset_038789965a8f7606\jpeg_q90.jpg
sidset_03a9da8756998d00,jpeg_q90,sidset,real,0,0.506666362285614,data\cache\clean\test\sidset_03a9da8756998d00\jpeg_q90.jpg
sidset_075db643445af8e3,jpeg_q90,sidset,real,0,0.9699984788894653,data\cache\clean\test\sidset_075db643445af8e3\jpeg_q90.jpg
sidset_0f8102c25fc764ea,jpeg_q90,sidset,real,0,0.997994065284729,data\cache\clean\test\sidset_0f8102c25fc764ea\jpeg_q90.jpg
sidset_14312756c1c94efa,jpeg_q90,sidset,real,0,0.999998927116394,data\cache\clean\test\sidset_14312756c1c94efa\jpeg_q90.jpg
sidset_16c4058cc17896fc,jpeg_q90,sidset,real,0,0.6185844540596008,data\cache\clean\test\sidset_16c4058cc17896fc\jpeg_q90.jpg
sidset_1d24e17c0f598d7a,jpeg_q90,sidset,real,0,0.5531346797943115,data\cache\clean\test\sidset_1d24e17c0f598d7a\jpeg_q90.jpg
sidset_22b07f2ffcaf319c,jpeg_q90,sidset,real,0,0.9955898523330688,data\cache\clean\test\sidset_22b07f2ffcaf319c\jpeg_q90.jpg
sidset_24a4409917faf56d,jpeg_q90,sidset,real,0,0.6124894022941589,data\cache\clean\test\sidset_24a4409917faf56d\jpeg_q90.jpg
sidset_26c389b400ea1653,jpeg_q90,sidset,real,0,0.9945477843284607,data\cache\clean\test\sidset_26c389b400ea1653\jpeg_q90.jpg
sidset_31d44fee2c336e78,jpeg_q90,sidset,real,0,0.7108731865882874,data\cache\clean\test\sidset_31d44fee2c336e78\jpeg_q90.jpg
sidset_31f7ec5269c0f867,jpeg_q90,sidset,real,0,0.7293225526809692,data\cache\clean\test\sidset_31f7ec5269c0f867\jpeg_q90.jpg
sidset_34866edcc2800ae0,jpeg_q90,sidset,real,0,0.9505642652511597,data\cache\clean\test\sidset_34866edcc2800ae0\jpeg_q90.jpg
sidset_36ec0b674a14714a,jpeg_q90,sidset,real,0,0.9430285692214966,data\cache\clean\test\sidset_36ec0b674a14714a\jpeg_q90.jpg
sidset_389903ded0c46375,jpeg_q90,sidset,real,0,0.5850362181663513,data\cache\clean\test\sidset_389903ded0c46375\jpeg_q90.jpg
sidset_39a3f029e2e17dd3,jpeg_q90,sidset,real,0,0.9889037013053894,data\cache\clean\test\sidset_39a3f029e2e17dd3\jpeg_q90.jpg
sidset_3beca4d6152a4aa5,jpeg_q90,sidset,real,0,0.8455937504768372,data\cache\clean\test\sidset_3beca4d6152a4aa5\jpeg_q90.jpg
sidset_3fbc4c1574ef987d,jpeg_q90,sidset,real,0,0.5158116221427917,data\cache\clean\test\sidset_3fbc4c1574ef987d\jpeg_q90.jpg
sidset_41fcb89ff22ef83c,jpeg_q90,sidset,real,0,0.8605793118476868,data\cache\clean\test\sidset_41fcb89ff22ef83c\jpeg_q90.jpg
sidset_45a6cb8b20ae57d2,jpeg_q90,sidset,real,0,0.9994874000549316,data\cache\clean\test\sidset_45a6cb8b20ae57d2\jpeg_q90.jpg
sidset_45c5c68f5a74cd90,jpeg_q90,sidset,real,0,0.7041733264923096,data\cache\clean\test\sidset_45c5c68f5a74cd90\jpeg_q90.jpg
sidset_46a383463322d7a9,jpeg_q90,sidset,real,0,0.8109768033027649,data\cache\clean\test\sidset_46a383463322d7a9\jpeg_q90.jpg
sidset_4b587c02c1897383,jpeg_q90,sidset,real,0,0.6999794244766235,data\cache\clean\test\sidset_4b587c02c1897383\jpeg_q90.jpg
sidset_4eaeb947635ca47e,jpeg_q90,sidset,real,0,0.5287237763404846,data\cache\clean\test\sidset_4eaeb947635ca47e\jpeg_q90.jpg
sidset_508cc69f6b128900,jpeg_q90,sidset,real,0,0.8620122075080872,data\cache\clean\test\sidset_508cc69f6b128900\jpeg_q90.jpg
sidset_52bf81b2d7f84101,jpeg_q90,sidset,real,0,0.9556996822357178,data\cache\clean\test\sidset_52bf81b2d7f84101\jpeg_q90.jpg
sidset_55ed6c0bbd54e07d,jpeg_q90,sidset,real,0,0.8070698380470276,data\cache\clean\test\sidset_55ed6c0bbd54e07d\jpeg_q90.jpg
sidset_5a165a26bf8ca4be,jpeg_q90,sidset,real,0,0.9869537949562073,data\cache\clean\test\sidset_5a165a26bf8ca4be\jpeg_q90.jpg
sidset_5b291a7b5ae05cf0,jpeg_q90,sidset,real,0,0.7549270987510681,data\cache\clean\test\sidset_5b291a7b5ae05cf0\jpeg_q90.jpg
sidset_5b8f12b78d13bfcd,jpeg_q90,sidset,real,0,0.8500407338142395,data\cache\clean\test\sidset_5b8f12b78d13bfcd\jpeg_q90.jpg
sidset_5ba522a91162ae70,jpeg_q90,sidset,real,0,0.9982073307037354,data\cache\clean\test\sidset_5ba522a91162ae70\jpeg_q90.jpg
sidset_5d6c80bf53edd038,jpeg_q90,sidset,real,0,0.6286965012550354,data\cache\clean\test\sidset_5d6c80bf53edd038\jpeg_q90.jpg
sidset_615f67f3acd96d5c,jpeg_q90,sidset,real,0,0.774063766002655,data\cache\clean\test\sidset_615f67f3acd96d5c\jpeg_q90.jpg
sidset_630624a387e04a88,jpeg_q90,sidset,real,0,0.6831274032592773,data\cache\clean\test\sidset_630624a387e04a88\jpeg_q90.jpg
sidset_68f0479b7dde7700,jpeg_q90,sidset,real,0,0.7023231983184814,data\cache\clean\test\sidset_68f0479b7dde7700\jpeg_q90.jpg
sidset_6b7167d906f4ff1f,jpeg_q90,sidset,real,0,0.9990338087081909,data\cache\clean\test\sidset_6b7167d906f4ff1f\jpeg_q90.jpg
sidset_6c4941996cd7f5fc,jpeg_q90,sidset,real,0,0.8206034302711487,data\cache\clean\test\sidset_6c4941996cd7f5fc\jpeg_q90.jpg
sidset_759a21da57c25774,jpeg_q90,sidset,real,0,0.9577026963233948,data\cache\clean\test\sidset_759a21da57c25774\jpeg_q90.jpg
sidset_796b6212cfecb3de,jpeg_q90,sidset,real,0,0.7935733199119568,data\cache\clean\test\sidset_796b6212cfecb3de\jpeg_q90.jpg
sidset_7974984b83c15934,jpeg_q90,sidset,real,0,0.6644464731216431,data\cache\clean\test\sidset_7974984b83c15934\jpeg_q90.jpg
sidset_7b550aceb5ec111f,jpeg_q90,sidset,real,0,0.5997830629348755,data\cache\clean\test\sidset_7b550aceb5ec111f\jpeg_q90.jpg
sidset_8d2495ea75218578,jpeg_q90,sidset,real,0,0.6175882816314697,data\cache\clean\test\sidset_8d2495ea75218578\jpeg_q90.jpg
sidset_9915729405b9e03e,jpeg_q90,sidset,real,0,0.6183518171310425,data\cache\clean\test\sidset_9915729405b9e03e\jpeg_q90.jpg
sidset_9e2a9b16ff46f867,jpeg_q90,sidset,real,0,0.5903226137161255,data\cache\clean\test\sidset_9e2a9b16ff46f867\jpeg_q90.jpg
sidset_a3032d75347e6fa2,jpeg_q90,sidset,real,0,0.9497889280319214,data\cache\clean\test\sidset_a3032d75347e6fa2\jpeg_q90.jpg
sidset_a36a612621d64289,jpeg_q90,sidset,real,0,0.6149290800094604,data\cache\clean\test\sidset_a36a612621d64289\jpeg_q90.jpg
sidset_a429805728e89e7d,jpeg_q90,sidset,real,0,0.9957108497619629,data\cache\clean\test\sidset_a429805728e89e7d\jpeg_q90.jpg
sidset_a8ad741ef85002f3,jpeg_q90,sidset,real,0,0.8858861327171326,data\cache\clean\test\sidset_a8ad741ef85002f3\jpeg_q90.jpg
sidset_ab4f5a8a2f533316,jpeg_q90,sidset,real,0,0.5131799578666687,data\cache\clean\test\sidset_ab4f5a8a2f533316\jpeg_q90.jpg
sidset_abb21498da6986f6,jpeg_q90,sidset,real,0,0.5407703518867493,data\cache\clean\test\sidset_abb21498da6986f6\jpeg_q90.jpg
sidset_ac54ef2834f8bc74,jpeg_q90,sidset,real,0,0.800544798374176,data\cache\clean\test\sidset_ac54ef2834f8bc74\jpeg_q90.jpg
sidset_ae2a3178c574c716,jpeg_q90,sidset,real,0,0.6264395117759705,data\cache\clean\test\sidset_ae2a3178c574c716\jpeg_q90.jpg
sidset_b230de6baca8d392,jpeg_q90,sidset,real,0,0.95372074842453,data\cache\clean\test\sidset_b230de6baca8d392\jpeg_q90.jpg
sidset_b3d460c2a4f17eff,jpeg_q90,sidset,real,0,0.9938105940818787,data\cache\clean\test\sidset_b3d460c2a4f17eff\jpeg_q90.jpg
sidset_b56eb4cbcc71b00b,jpeg_q90,sidset,real,0,0.6881139874458313,data\cache\clean\test\sidset_b56eb4cbcc71b00b\jpeg_q90.jpg
sidset_bc70b06f0d603efd,jpeg_q90,sidset,real,0,0.9999920129776001,data\cache\clean\test\sidset_bc70b06f0d603efd\jpeg_q90.jpg
sidset_bf7100f88bf3b0f3,jpeg_q90,sidset,real,0,0.8365234136581421,data\cache\clean\test\sidset_bf7100f88bf3b0f3\jpeg_q90.jpg
sidset_c5a378b0ea24d25e,jpeg_q90,sidset,real,0,0.98313969373703,data\cache\clean\test\sidset_c5a378b0ea24d25e\jpeg_q90.jpg
sidset_c90419b9eb89527a,jpeg_q90,sidset,real,0,0.9657512307167053,data\cache\clean\test\sidset_c90419b9eb89527a\jpeg_q90.jpg
sidset_cb68a83278e88b9d,jpeg_q90,sidset,real,0,0.6775810718536377,data\cache\clean\test\sidset_cb68a83278e88b9d\jpeg_q90.jpg
sidset_d5b1f51ca14baa4e,jpeg_q90,sidset,real,0,0.6700004935264587,data\cache\clean\test\sidset_d5b1f51ca14baa4e\jpeg_q90.jpg
sidset_d652dc17bb0709b8,jpeg_q90,sidset,real,0,0.9796528816223145,data\cache\clean\test\sidset_d652dc17bb0709b8\jpeg_q90.jpg
sidset_db325b24acd0df24,jpeg_q90,sidset,real,0,0.7518654465675354,data\cache\clean\test\sidset_db325b24acd0df24\jpeg_q90.jpg
sidset_df546351780cb733,jpeg_q90,sidset,real,0,0.7811799049377441,data\cache\clean\test\sidset_df546351780cb733\jpeg_q90.jpg
sidset_e67f5961f8d7c753,jpeg_q90,sidset,real,0,0.7972184419631958,data\cache\clean\test\sidset_e67f5961f8d7c753\jpeg_q90.jpg
sidset_e6f037cc020a3c67,jpeg_q90,sidset,real,0,0.862409770488739,data\cache\clean\test\sidset_e6f037cc020a3c67\jpeg_q90.jpg
sidset_ee3e421ae3a8270d,jpeg_q90,sidset,real,0,0.5805891752243042,data\cache\clean\test\sidset_ee3e421ae3a8270d\jpeg_q90.jpg
sidset_ef3f636bfc78f3a5,jpeg_q90,sidset,real,0,0.9936522245407104,data\cache\clean\test\sidset_ef3f636bfc78f3a5\jpeg_q90.jpg
sidset_f250696304a3be0e,jpeg_q90,sidset,real,0,0.8509467244148254,data\cache\clean\test\sidset_f250696304a3be0e\jpeg_q90.jpg
sidset_f630570a5eab971b,jpeg_q90,sidset,real,0,0.682121753692627,data\cache\clean\test\sidset_f630570a5eab971b\jpeg_q90.jpg
sidset_fac95db1f3df9775,jpeg_q90,sidset,real,0,0.930206835269928,data\cache\clean\test\sidset_fac95db1f3df9775\jpeg_q90.jpg
sidset_fb0d94d75e3c68b1,jpeg_q90,sidset,real,0,0.9175889492034912,data\cache\clean\test\sidset_fb0d94d75e3c68b1\jpeg_q90.jpg
sidset_fb820a8756e04447,jpeg_q90,sidset,real,0,0.7094029188156128,data\cache\clean\test\sidset_fb820a8756e04447\jpeg_q90.jpg
sidset_fe0bec3214706d60,jpeg_q90,sidset,real,0,0.9905650615692139,data\cache\clean\test\sidset_fe0bec3214706d60\jpeg_q90.jpg
cifake_0085,noise_s0.02,cifake,real,0,0.6359117031097412,data\cache\clean\test\cifake_0085\noise_s0.02.jpg
cifake_0179 (9),noise_s0.02,cifake,real,0,0.9118884801864624,data\cache\clean\test\cifake_0179 (9)\noise_s0.02.jpg
cifake_0235,noise_s0.02,cifake,real,0,0.8720381855964661,data\cache\clean\test\cifake_0235\noise_s0.02.jpg
cifake_0239 (10),noise_s0.02,cifake,real,0,0.8492943048477173,data\cache\clean\test\cifake_0239 (10)\noise_s0.02.jpg
cifake_0327 (5),noise_s0.02,cifake,real,0,0.824689507484436,data\cache\clean\test\cifake_0327 (5)\noise_s0.02.jpg
cifake_0392 (8),noise_s0.02,cifake,real,0,0.5104899406433105,data\cache\clean\test\cifake_0392 (8)\noise_s0.02.jpg
cifake_0485 (9),noise_s0.02,cifake,real,0,0.9418734908103943,data\cache\clean\test\cifake_0485 (9)\noise_s0.02.jpg
cifake_0618 (3),noise_s0.02,cifake,real,0,0.7061259746551514,data\cache\clean\test\cifake_0618 (3)\noise_s0.02.jpg
cifake_0745,noise_s0.02,cifake,real,0,0.7971241474151611,data\cache\clean\test\cifake_0745\noise_s0.02.jpg
cifake_0793,noise_s0.02,cifake,real,0,0.9476960301399231,data\cache\clean\test\cifake_0793\noise_s0.02.jpg
cifake_0811,noise_s0.02,cifake,real,0,0.9003785252571106,data\cache\clean\test\cifake_0811\noise_s0.02.jpg
cifake_0858 (3),noise_s0.02,cifake,real,0,0.6323715448379517,data\cache\clean\test\cifake_0858 (3)\noise_s0.02.jpg
cifake_0967 (9),noise_s0.02,cifake,real,0,0.750336766242981,data\cache\clean\test\cifake_0967 (9)\noise_s0.02.jpg
cifake_1139,noise_s0.02,cifake,real,0,0.5440651178359985,data\cache\clean\test\cifake_1139\noise_s0.02.jpg
cifake_1331 (2),noise_s0.02,cifake,real,0,0.9496728181838989,data\cache\clean\test\cifake_1331 (2)\noise_s0.02.jpg
cifake_1353 (9),noise_s0.02,cifake,real,0,0.7774026393890381,data\cache\clean\test\cifake_1353 (9)\noise_s0.02.jpg
cifake_1427,noise_s0.02,cifake,real,0,0.6800616979598999,data\cache\clean\test\cifake_1427\noise_s0.02.jpg
cifake_1974,noise_s0.02,cifake,real,0,0.9507231712341309,data\cache\clean\test\cifake_1974\noise_s0.02.jpg
cifake_2122,noise_s0.02,cifake,real,0,0.526408314704895,data\cache\clean\test\cifake_2122\noise_s0.02.jpg
cifake_2547,noise_s0.02,cifake,real,0,0.5679861307144165,data\cache\clean\test\cifake_2547\noise_s0.02.jpg
cifake_2602 (7),noise_s0.02,cifake,real,0,0.8889957070350647,data\cache\clean\test\cifake_2602 (7)\noise_s0.02.jpg
cifake_2660,noise_s0.02,cifake,real,0,0.8325333595275879,data\cache\clean\test\cifake_2660\noise_s0.02.jpg
cifake_2666 (9),noise_s0.02,cifake,real,0,0.586173951625824,data\cache\clean\test\cifake_2666 (9)\noise_s0.02.jpg
cifake_2857 (10),noise_s0.02,cifake,real,0,0.6263545155525208,data\cache\clean\test\cifake_2857 (10)\noise_s0.02.jpg
cifake_3042 (4),noise_s0.02,cifake,real,0,0.7560691237449646,data\cache\clean\test\cifake_3042 (4)\noise_s0.02.jpg
cifake_3280 (8),noise_s0.02,cifake,real,0,0.9177449345588684,data\cache\clean\test\cifake_3280 (8)\noise_s0.02.jpg
cifake_3614,noise_s0.02,cifake,real,0,0.6817720532417297,data\cache\clean\test\cifake_3614\noise_s0.02.jpg
cifake_3872,noise_s0.02,cifake,real,0,0.7306506633758545,data\cache\clean\test\cifake_3872\noise_s0.02.jpg
cifake_3891 (3),noise_s0.02,cifake,real,0,0.666467010974884,data\cache\clean\test\cifake_3891 (3)\noise_s0.02.jpg
cifake_3967 (9),noise_s0.02,cifake,real,0,0.602594792842865,data\cache\clean\test\cifake_3967 (9)\noise_s0.02.jpg
cifake_3979,noise_s0.02,cifake,real,0,0.5327576398849487,data\cache\clean\test\cifake_3979\noise_s0.02.jpg
cifake_4389,noise_s0.02,cifake,real,0,0.8351112604141235,data\cache\clean\test\cifake_4389\noise_s0.02.jpg
cifake_4609 (2),noise_s0.02,cifake,real,0,0.7707695364952087,data\cache\clean\test\cifake_4609 (2)\noise_s0.02.jpg
cifake_4660 (5),noise_s0.02,cifake,real,0,0.5587899088859558,data\cache\clean\test\cifake_4660 (5)\noise_s0.02.jpg
cifake_4673 (5),noise_s0.02,cifake,real,0,0.924509584903717,data\cache\clean\test\cifake_4673 (5)\noise_s0.02.jpg
cifake_4932 (2),noise_s0.02,cifake,real,0,0.775485634803772,data\cache\clean\test\cifake_4932 (2)\noise_s0.02.jpg
sidset_01cfa603553a1a45,noise_s0.02,sidset,real,0,0.7243685722351074,data\cache\clean\test\sidset_01cfa603553a1a45\noise_s0.02.jpg
sidset_02eb47f790cba404,noise_s0.02,sidset,real,0,0.7038700580596924,data\cache\clean\test\sidset_02eb47f790cba404\noise_s0.02.jpg
sidset_036df955965cb2f9,noise_s0.02,sidset,real,0,0.9850922226905823,data\cache\clean\test\sidset_036df955965cb2f9\noise_s0.02.jpg
sidset_038789965a8f7606,noise_s0.02,sidset,real,0,0.9716103672981262,data\cache\clean\test\sidset_038789965a8f7606\noise_s0.02.jpg
sidset_03a9da8756998d00,noise_s0.02,sidset,real,0,0.5837066173553467,data\cache\clean\test\sidset_03a9da8756998d00\noise_s0.02.jpg
sidset_075db643445af8e3,noise_s0.02,sidset,real,0,0.979578971862793,data\cache\clean\test\sidset_075db643445af8e3\noise_s0.02.jpg
sidset_0f8102c25fc764ea,noise_s0.02,sidset,real,0,0.9997939467430115,data\cache\clean\test\sidset_0f8102c25fc764ea\noise_s0.02.jpg
sidset_1409961a28ec7db5,noise_s0.02,sidset,real,0,0.6522712111473083,data\cache\clean\test\sidset_1409961a28ec7db5\noise_s0.02.jpg
sidset_14312756c1c94efa,noise_s0.02,sidset,real,0,0.9999892711639404,data\cache\clean\test\sidset_14312756c1c94efa\noise_s0.02.jpg
sidset_1b20d1ec3fd5a56f,noise_s0.02,sidset,real,0,0.6675517559051514,data\cache\clean\test\sidset_1b20d1ec3fd5a56f\noise_s0.02.jpg
sidset_1bfc154f6c762c73,noise_s0.02,sidset,real,0,0.5649258494377136,data\cache\clean\test\sidset_1bfc154f6c762c73\noise_s0.02.jpg
sidset_1cae0a8c943c87f1,noise_s0.02,sidset,real,0,0.6475654244422913,data\cache\clean\test\sidset_1cae0a8c943c87f1\noise_s0.02.jpg
sidset_1dff9756ab9d9e0a,noise_s0.02,sidset,real,0,0.6389738917350769,data\cache\clean\test\sidset_1dff9756ab9d9e0a\noise_s0.02.jpg
sidset_22b07f2ffcaf319c,noise_s0.02,sidset,real,0,0.9981558918952942,data\cache\clean\test\sidset_22b07f2ffcaf319c\noise_s0.02.jpg
sidset_230a893e83782a7f,noise_s0.02,sidset,real,0,0.6242402791976929,data\cache\clean\test\sidset_230a893e83782a7f\noise_s0.02.jpg
sidset_24a4409917faf56d,noise_s0.02,sidset,real,0,0.5827286243438721,data\cache\clean\test\sidset_24a4409917faf56d\noise_s0.02.jpg
sidset_26c389b400ea1653,noise_s0.02,sidset,real,0,0.9623567461967468,data\cache\clean\test\sidset_26c389b400ea1653\noise_s0.02.jpg
sidset_2e1070632f289596,noise_s0.02,sidset,real,0,0.549382746219635,data\cache\clean\test\sidset_2e1070632f289596\noise_s0.02.jpg
sidset_31d44fee2c336e78,noise_s0.02,sidset,real,0,0.7625978589057922,data\cache\clean\test\sidset_31d44fee2c336e78\noise_s0.02.jpg
sidset_31f7ec5269c0f867,noise_s0.02,sidset,real,0,0.7998659014701843,data\cache\clean\test\sidset_31f7ec5269c0f867\noise_s0.02.jpg
sidset_34866edcc2800ae0,noise_s0.02,sidset,real,0,0.9901835322380066,data\cache\clean\test\sidset_34866edcc2800ae0\noise_s0.02.jpg
sidset_36ec0b674a14714a,noise_s0.02,sidset,real,0,0.8240541815757751,data\cache\clean\test\sidset_36ec0b674a14714a\noise_s0.02.jpg
sidset_39a3f029e2e17dd3,noise_s0.02,sidset,real,0,0.9717382192611694,data\cache\clean\test\sidset_39a3f029e2e17dd3\noise_s0.02.jpg
sidset_3beca4d6152a4aa5,noise_s0.02,sidset,real,0,0.9417334794998169,data\cache\clean\test\sidset_3beca4d6152a4aa5\noise_s0.02.jpg
sidset_3fbc4c1574ef987d,noise_s0.02,sidset,real,0,0.9769492745399475,data\cache\clean\test\sidset_3fbc4c1574ef987d\noise_s0.02.jpg
sidset_41fcb89ff22ef83c,noise_s0.02,sidset,real,0,0.7473114728927612,data\cache\clean\test\sidset_41fcb89ff22ef83c\noise_s0.02.jpg
sidset_45a6cb8b20ae57d2,noise_s0.02,sidset,real,0,0.9996752738952637,data\cache\clean\test\sidset_45a6cb8b20ae57d2\noise_s0.02.jpg
sidset_45c5c68f5a74cd90,noise_s0.02,sidset,real,0,0.8150200247764587,data\cache\clean\test\sidset_45c5c68f5a74cd90\noise_s0.02.jpg
sidset_46a383463322d7a9,noise_s0.02,sidset,real,0,0.8736456036567688,data\cache\clean\test\sidset_46a383463322d7a9\noise_s0.02.jpg
sidset_4b587c02c1897383,noise_s0.02,sidset,real,0,0.5759233236312866,data\cache\clean\test\sidset_4b587c02c1897383\noise_s0.02.jpg
sidset_4daaec29c8615509,noise_s0.02,sidset,real,0,0.7274996638298035,data\cache\clean\test\sidset_4daaec29c8615509\noise_s0.02.jpg
sidset_4eaeb947635ca47e,noise_s0.02,sidset,real,0,0.8423510789871216,data\cache\clean\test\sidset_4eaeb947635ca47e\noise_s0.02.jpg
sidset_508cc69f6b128900,noise_s0.02,sidset,real,0,0.5996748208999634,data\cache\clean\test\sidset_508cc69f6b128900\noise_s0.02.jpg
sidset_52bf81b2d7f84101,noise_s0.02,sidset,real,0,0.9316732287406921,data\cache\clean\test\sidset_52bf81b2d7f84101\noise_s0.02.jpg
sidset_5a165a26bf8ca4be,noise_s0.02,sidset,real,0,0.9984036087989807,data\cache\clean\test\sidset_5a165a26bf8ca4be\noise_s0.02.jpg
sidset_5b291a7b5ae05cf0,noise_s0.02,sidset,real,0,0.7243534326553345,data\cache\clean\test\sidset_5b291a7b5ae05cf0\noise_s0.02.jpg
sidset_5b8f12b78d13bfcd,noise_s0.02,sidset,real,0,0.9561554193496704,data\cache\clean\test\sidset_5b8f12b78d13bfcd\noise_s0.02.jpg
sidset_5ba522a91162ae70,noise_s0.02,sidset,real,0,0.976862907409668,data\cache\clean\test\sidset_5ba522a91162ae70\noise_s0.02.jpg
sidset_5c44352c47fabc57,noise_s0.02,sidset,real,0,0.5359863638877869,data\cache\clean\test\sidset_5c44352c47fabc57\noise_s0.02.jpg
sidset_615f67f3acd96d5c,noise_s0.02,sidset,real,0,0.8889163732528687,data\cache\clean\test\sidset_615f67f3acd96d5c\noise_s0.02.jpg
sidset_630624a387e04a88,noise_s0.02,sidset,real,0,0.9569376111030579,data\cache\clean\test\sidset_630624a387e04a88\noise_s0.02.jpg
sidset_68f0479b7dde7700,noise_s0.02,sidset,real,0,0.8561351895332336,data\cache\clean\test\sidset_68f0479b7dde7700\noise_s0.02.jpg
sidset_6b7167d906f4ff1f,noise_s0.02,sidset,real,0,0.9374280571937561,data\cache\clean\test\sidset_6b7167d906f4ff1f\noise_s0.02.jpg
sidset_6c4941996cd7f5fc,noise_s0.02,sidset,real,0,0.8333763480186462,data\cache\clean\test\sidset_6c4941996cd7f5fc\noise_s0.02.jpg
sidset_702884f2efd07c6e,noise_s0.02,sidset,real,0,0.6058813333511353,data\cache\clean\test\sidset_702884f2efd07c6e\noise_s0.02.jpg
sidset_70f5dafbaa7da68a,noise_s0.02,sidset,real,0,0.627423882484436,data\cache\clean\test\sidset_70f5dafbaa7da68a\noise_s0.02.jpg
sidset_759a21da57c25774,noise_s0.02,sidset,real,0,0.9712181091308594,data\cache\clean\test\sidset_759a21da57c25774\noise_s0.02.jpg
sidset_772850bc0fb9e17c,noise_s0.02,sidset,real,0,0.5041533708572388,data\cache\clean\test\sidset_772850bc0fb9e17c\noise_s0.02.jpg
sidset_796b6212cfecb3de,noise_s0.02,sidset,real,0,0.8367252349853516,data\cache\clean\test\sidset_796b6212cfecb3de\noise_s0.02.jpg
sidset_7974984b83c15934,noise_s0.02,sidset,real,0,0.5063523054122925,data\cache\clean\test\sidset_7974984b83c15934\noise_s0.02.jpg
sidset_7b550aceb5ec111f,noise_s0.02,sidset,real,0,0.5299672484397888,data\cache\clean\test\sidset_7b550aceb5ec111f\noise_s0.02.jpg
sidset_8d2495ea75218578,noise_s0.02,sidset,real,0,0.5475236177444458,data\cache\clean\test\sidset_8d2495ea75218578\noise_s0.02.jpg
sidset_918190e0dd7fc829,noise_s0.02,sidset,real,0,0.8817503452301025,data\cache\clean\test\sidset_918190e0dd7fc829\noise_s0.02.jpg
sidset_995429a562f1aed2,noise_s0.02,sidset,real,0,0.5710745453834534,data\cache\clean\test\sidset_995429a562f1aed2\noise_s0.02.jpg
sidset_9e2a9b16ff46f867,noise_s0.02,sidset,real,0,0.743153989315033,data\cache\clean\test\sidset_9e2a9b16ff46f867\noise_s0.02.jpg
sidset_a36a612621d64289,noise_s0.02,sidset,real,0,0.9272936582565308,data\cache\clean\test\sidset_a36a612621d64289\noise_s0.02.jpg
sidset_a429805728e89e7d,noise_s0.02,sidset,real,0,0.9161714911460876,data\cache\clean\test\sidset_a429805728e89e7d\noise_s0.02.jpg
sidset_a5b01f2aa66b2e86,noise_s0.02,sidset,real,0,0.7981368899345398,data\cache\clean\test\sidset_a5b01f2aa66b2e86\noise_s0.02.jpg
sidset_a8ad741ef85002f3,noise_s0.02,sidset,real,0,0.9491442441940308,data\cache\clean\test\sidset_a8ad741ef85002f3\noise_s0.02.jpg
sidset_ac54ef2834f8bc74,noise_s0.02,sidset,real,0,0.9434974789619446,data\cache\clean\test\sidset_ac54ef2834f8bc74\noise_s0.02.jpg
sidset_addaecf6bdb9e66b,noise_s0.02,sidset,real,0,0.8910260796546936,data\cache\clean\test\sidset_addaecf6bdb9e66b\noise_s0.02.jpg
sidset_ae2a3178c574c716,noise_s0.02,sidset,real,0,0.7986434102058411,data\cache\clean\test\sidset_ae2a3178c574c716\noise_s0.02.jpg
sidset_b230de6baca8d392,noise_s0.02,sidset,real,0,0.9881988763809204,data\cache\clean\test\sidset_b230de6baca8d392\noise_s0.02.jpg
sidset_b3d460c2a4f17eff,noise_s0.02,sidset,real,0,0.9919519424438477,data\cache\clean\test\sidset_b3d460c2a4f17eff\noise_s0.02.jpg
sidset_b56eb4cbcc71b00b,noise_s0.02,sidset,real,0,0.6158081293106079,data\cache\clean\test\sidset_b56eb4cbcc71b00b\noise_s0.02.jpg
sidset_b6d4573c9d24dcf3,noise_s0.02,sidset,real,0,0.8474348187446594,data\cache\clean\test\sidset_b6d4573c9d24dcf3\noise_s0.02.jpg
sidset_bc70b06f0d603efd,noise_s0.02,sidset,real,0,0.9999990463256836,data\cache\clean\test\sidset_bc70b06f0d603efd\noise_s0.02.jpg
sidset_bf236ad30956e497,noise_s0.02,sidset,real,0,0.8378610610961914,data\cache\clean\test\sidset_bf236ad30956e497\noise_s0.02.jpg
sidset_bf7100f88bf3b0f3,noise_s0.02,sidset,real,0,0.881803035736084,data\cache\clean\test\sidset_bf7100f88bf3b0f3\noise_s0.02.jpg
sidset_c2f7255d9f5d9469,noise_s0.02,sidset,real,0,0.7436569929122925,data\cache\clean\test\sidset_c2f7255d9f5d9469\noise_s0.02.jpg
sidset_c5a378b0ea24d25e,noise_s0.02,sidset,real,0,0.9685080051422119,data\cache\clean\test\sidset_c5a378b0ea24d25e\noise_s0.02.jpg
sidset_c790c7ca03b21797,noise_s0.02,sidset,real,0,0.595130205154419,data\cache\clean\test\sidset_c790c7ca03b21797\noise_s0.02.jpg
sidset_cb68a83278e88b9d,noise_s0.02,sidset,real,0,0.8373590111732483,data\cache\clean\test\sidset_cb68a83278e88b9d\noise_s0.02.jpg
sidset_cc4571b1efacde65,noise_s0.02,sidset,real,0,0.5925872921943665,data\cache\clean\test\sidset_cc4571b1efacde65\noise_s0.02.jpg
sidset_cd7b3621c53d1ffe,noise_s0.02,sidset,real,0,0.6236798167228699,data\cache\clean\test\sidset_cd7b3621c53d1ffe\noise_s0.02.jpg
sidset_d5b1f51ca14baa4e,noise_s0.02,sidset,real,0,0.678218424320221,data\cache\clean\test\sidset_d5b1f51ca14baa4e\noise_s0.02.jpg
sidset_d652dc17bb0709b8,noise_s0.02,sidset,real,0,0.9777611494064331,data\cache\clean\test\sidset_d652dc17bb0709b8\noise_s0.02.jpg
sidset_db325b24acd0df24,noise_s0.02,sidset,real,0,0.9454345107078552,data\cache\clean\test\sidset_db325b24acd0df24\noise_s0.02.jpg
sidset_df546351780cb733,noise_s0.02,sidset,real,0,0.719466507434845,data\cache\clean\test\sidset_df546351780cb733\noise_s0.02.jpg
sidset_e14e3989daa0bebd,noise_s0.02,sidset,real,0,0.7708520889282227,data\cache\clean\test\sidset_e14e3989daa0bebd\noise_s0.02.jpg
sidset_e67f5961f8d7c753,noise_s0.02,sidset,real,0,0.6263840198516846,data\cache\clean\test\sidset_e67f5961f8d7c753\noise_s0.02.jpg
sidset_ef3f636bfc78f3a5,noise_s0.02,sidset,real,0,0.9928498268127441,data\cache\clean\test\sidset_ef3f636bfc78f3a5\noise_s0.02.jpg
sidset_f250696304a3be0e,noise_s0.02,sidset,real,0,0.9039560556411743,data\cache\clean\test\sidset_f250696304a3be0e\noise_s0.02.jpg
sidset_f630570a5eab971b,noise_s0.02,sidset,real,0,0.8853914141654968,data\cache\clean\test\sidset_f630570a5eab971b\noise_s0.02.jpg
sidset_fac95db1f3df9775,noise_s0.02,sidset,real,0,0.7009098529815674,data\cache\clean\test\sidset_fac95db1f3df9775\noise_s0.02.jpg
sidset_fe0bec3214706d60,noise_s0.02,sidset,real,0,0.9944078922271729,data\cache\clean\test\sidset_fe0bec3214706d60\noise_s0.02.jpg
cifake_0085,noise_s0.05,cifake,real,0,0.6420640349388123,data\cache\clean\test\cifake_0085\noise_s0.05.jpg
cifake_0235,noise_s0.05,cifake,real,0,0.7493847012519836,data\cache\clean\test\cifake_0235\noise_s0.05.jpg
cifake_0327 (5),noise_s0.05,cifake,real,0,0.6275978088378906,data\cache\clean\test\cifake_0327 (5)\noise_s0.05.jpg
cifake_0782,noise_s0.05,cifake,real,0,0.5026748776435852,data\cache\clean\test\cifake_0782\noise_s0.05.jpg
cifake_0793,noise_s0.05,cifake,real,0,0.9815757274627686,data\cache\clean\test\cifake_0793\noise_s0.05.jpg
cifake_0811,noise_s0.05,cifake,real,0,0.915327250957489,data\cache\clean\test\cifake_0811\noise_s0.05.jpg
cifake_0858 (3),noise_s0.05,cifake,real,0,0.5926000475883484,data\cache\clean\test\cifake_0858 (3)\noise_s0.05.jpg
cifake_1139,noise_s0.05,cifake,real,0,0.7556865215301514,data\cache\clean\test\cifake_1139\noise_s0.05.jpg
cifake_1353 (9),noise_s0.05,cifake,real,0,0.7844145894050598,data\cache\clean\test\cifake_1353 (9)\noise_s0.05.jpg
cifake_1427,noise_s0.05,cifake,real,0,0.7171494960784912,data\cache\clean\test\cifake_1427\noise_s0.05.jpg
cifake_1545 (5),noise_s0.05,cifake,real,0,0.5303609371185303,data\cache\clean\test\cifake_1545 (5)\noise_s0.05.jpg
cifake_1974,noise_s0.05,cifake,real,0,0.8569058775901794,data\cache\clean\test\cifake_1974\noise_s0.05.jpg
cifake_2602 (7),noise_s0.05,cifake,real,0,0.9891027212142944,data\cache\clean\test\cifake_2602 (7)\noise_s0.05.jpg
cifake_2660,noise_s0.05,cifake,real,0,0.8434638977050781,data\cache\clean\test\cifake_2660\noise_s0.05.jpg
cifake_3042 (4),noise_s0.05,cifake,real,0,0.5399321913719177,data\cache\clean\test\cifake_3042 (4)\noise_s0.05.jpg
cifake_3280 (8),noise_s0.05,cifake,real,0,0.7417157888412476,data\cache\clean\test\cifake_3280 (8)\noise_s0.05.jpg
cifake_3295 (10),noise_s0.05,cifake,real,0,0.553729772567749,data\cache\clean\test\cifake_3295 (10)\noise_s0.05.jpg
cifake_3614,noise_s0.05,cifake,real,0,0.7919997572898865,data\cache\clean\test\cifake_3614\noise_s0.05.jpg
cifake_3696,noise_s0.05,cifake,real,0,0.6305018067359924,data\cache\clean\test\cifake_3696\noise_s0.05.jpg
cifake_3872,noise_s0.05,cifake,real,0,0.6160955429077148,data\cache\clean\test\cifake_3872\noise_s0.05.jpg
cifake_3916 (8),noise_s0.05,cifake,real,0,0.8376400470733643,data\cache\clean\test\cifake_3916 (8)\noise_s0.05.jpg
cifake_4186 (5),noise_s0.05,cifake,real,0,0.845007061958313,data\cache\clean\test\cifake_4186 (5)\noise_s0.05.jpg
cifake_4389,noise_s0.05,cifake,real,0,0.524836540222168,data\cache\clean\test\cifake_4389\noise_s0.05.jpg
cifake_4609 (2),noise_s0.05,cifake,real,0,0.9786483645439148,data\cache\clean\test\cifake_4609 (2)\noise_s0.05.jpg
cifake_4660 (5),noise_s0.05,cifake,real,0,0.8183087110519409,data\cache\clean\test\cifake_4660 (5)\noise_s0.05.jpg
cifake_4673 (5),noise_s0.05,cifake,real,0,0.9736303091049194,data\cache\clean\test\cifake_4673 (5)\noise_s0.05.jpg
cifake_4932 (2),noise_s0.05,cifake,real,0,0.8318096995353699,data\cache\clean\test\cifake_4932 (2)\noise_s0.05.jpg
sidset_01cfa603553a1a45,noise_s0.05,sidset,real,0,0.9281127452850342,data\cache\clean\test\sidset_01cfa603553a1a45\noise_s0.05.jpg
sidset_02eb47f790cba404,noise_s0.05,sidset,real,0,0.7449607253074646,data\cache\clean\test\sidset_02eb47f790cba404\noise_s0.05.jpg
sidset_036df955965cb2f9,noise_s0.05,sidset,real,0,0.9750414490699768,data\cache\clean\test\sidset_036df955965cb2f9\noise_s0.05.jpg
sidset_038789965a8f7606,noise_s0.05,sidset,real,0,0.95416659116745,data\cache\clean\test\sidset_038789965a8f7606\noise_s0.05.jpg
sidset_06522d1c8566d440,noise_s0.05,sidset,real,0,0.8988791108131409,data\cache\clean\test\sidset_06522d1c8566d440\noise_s0.05.jpg
sidset_09f7329f0c1c9fd4,noise_s0.05,sidset,real,0,0.5506443381309509,data\cache\clean\test\sidset_09f7329f0c1c9fd4\noise_s0.05.jpg
sidset_0f8102c25fc764ea,noise_s0.05,sidset,real,0,0.9997264742851257,data\cache\clean\test\sidset_0f8102c25fc764ea\noise_s0.05.jpg
sidset_14312756c1c94efa,noise_s0.05,sidset,real,0,0.9999985694885254,data\cache\clean\test\sidset_14312756c1c94efa\noise_s0.05.jpg
sidset_1b20d1ec3fd5a56f,noise_s0.05,sidset,real,0,0.8767337799072266,data\cache\clean\test\sidset_1b20d1ec3fd5a56f\noise_s0.05.jpg
sidset_1bfc154f6c762c73,noise_s0.05,sidset,real,0,0.5144973993301392,data\cache\clean\test\sidset_1bfc154f6c762c73\noise_s0.05.jpg
sidset_1cae0a8c943c87f1,noise_s0.05,sidset,real,0,0.751464307308197,data\cache\clean\test\sidset_1cae0a8c943c87f1\noise_s0.05.jpg
sidset_1dff9756ab9d9e0a,noise_s0.05,sidset,real,0,0.8799818158149719,data\cache\clean\test\sidset_1dff9756ab9d9e0a\noise_s0.05.jpg
sidset_22164251d34be040,noise_s0.05,sidset,real,0,0.7315922975540161,data\cache\clean\test\sidset_22164251d34be040\noise_s0.05.jpg
sidset_22b07f2ffcaf319c,noise_s0.05,sidset,real,0,0.9994818568229675,data\cache\clean\test\sidset_22b07f2ffcaf319c\noise_s0.05.jpg
sidset_230a893e83782a7f,noise_s0.05,sidset,real,0,0.520159900188446,data\cache\clean\test\sidset_230a893e83782a7f\noise_s0.05.jpg
sidset_24a4409917faf56d,noise_s0.05,sidset,real,0,0.6176791787147522,data\cache\clean\test\sidset_24a4409917faf56d\noise_s0.05.jpg
sidset_262ab01448a69651,noise_s0.05,sidset,real,0,0.867748498916626,data\cache\clean\test\sidset_262ab01448a69651\noise_s0.05.jpg
sidset_26c389b400ea1653,noise_s0.05,sidset,real,0,0.9640833735466003,data\cache\clean\test\sidset_26c389b400ea1653\noise_s0.05.jpg
sidset_2e1070632f289596,noise_s0.05,sidset,real,0,0.695256769657135,data\cache\clean\test\sidset_2e1070632f289596\noise_s0.05.jpg
sidset_31d44fee2c336e78,noise_s0.05,sidset,real,0,0.9492287635803223,data\cache\clean\test\sidset_31d44fee2c336e78\noise_s0.05.jpg
sidset_34866edcc2800ae0,noise_s0.05,sidset,real,0,0.9975638389587402,data\cache\clean\test\sidset_34866edcc2800ae0\noise_s0.05.jpg
sidset_36ec0b674a14714a,noise_s0.05,sidset,real,0,0.856753408908844,data\cache\clean\test\sidset_36ec0b674a14714a\noise_s0.05.jpg
sidset_39a3f029e2e17dd3,noise_s0.05,sidset,real,0,0.9240170121192932,data\cache\clean\test\sidset_39a3f029e2e17dd3\noise_s0.05.jpg
sidset_3beca4d6152a4aa5,noise_s0.05,sidset,real,0,0.7617225050926208,data\cache\clean\test\sidset_3beca4d6152a4aa5\noise_s0.05.jpg
sidset_3fbc4c1574ef987d,noise_s0.05,sidset,real,0,0.7467472553253174,data\cache\clean\test\sidset_3fbc4c1574ef987d\noise_s0.05.jpg
sidset_41fcb89ff22ef83c,noise_s0.05,sidset,real,0,0.8401608467102051,data\cache\clean\test\sidset_41fcb89ff22ef83c\noise_s0.05.jpg
sidset_45a6cb8b20ae57d2,noise_s0.05,sidset,real,0,0.9988033771514893,data\cache\clean\test\sidset_45a6cb8b20ae57d2\noise_s0.05.jpg
sidset_45c5c68f5a74cd90,noise_s0.05,sidset,real,0,0.8997780084609985,data\cache\clean\test\sidset_45c5c68f5a74cd90\noise_s0.05.jpg
sidset_46a383463322d7a9,noise_s0.05,sidset,real,0,0.8913743495941162,data\cache\clean\test\sidset_46a383463322d7a9\noise_s0.05.jpg
sidset_47bafd1331a90437,noise_s0.05,sidset,real,0,0.5344205498695374,data\cache\clean\test\sidset_47bafd1331a90437\noise_s0.05.jpg
sidset_4daaec29c8615509,noise_s0.05,sidset,real,0,0.6354867815971375,data\cache\clean\test\sidset_4daaec29c8615509\noise_s0.05.jpg
sidset_508cc69f6b128900,noise_s0.05,sidset,real,0,0.8076514005661011,data\cache\clean\test\sidset_508cc69f6b128900\noise_s0.05.jpg
sidset_52bf81b2d7f84101,noise_s0.05,sidset,real,0,0.7481792569160461,data\cache\clean\test\sidset_52bf81b2d7f84101\noise_s0.05.jpg
sidset_55ed6c0bbd54e07d,noise_s0.05,sidset,real,0,0.9766479730606079,data\cache\clean\test\sidset_55ed6c0bbd54e07d\noise_s0.05.jpg
sidset_59fe7b3f437e993b,noise_s0.05,sidset,real,0,0.64923095703125,data\cache\clean\test\sidset_59fe7b3f437e993b\noise_s0.05.jpg
sidset_5a165a26bf8ca4be,noise_s0.05,sidset,real,0,0.9988460540771484,data\cache\clean\test\sidset_5a165a26bf8ca4be\noise_s0.05.jpg
sidset_5b291a7b5ae05cf0,noise_s0.05,sidset,real,0,0.6966534852981567,data\cache\clean\test\sidset_5b291a7b5ae05cf0\noise_s0.05.jpg
sidset_5b8f12b78d13bfcd,noise_s0.05,sidset,real,0,0.9705731868743896,data\cache\clean\test\sidset_5b8f12b78d13bfcd\noise_s0.05.jpg
sidset_5ba522a91162ae70,noise_s0.05,sidset,real,0,0.9949123859405518,data\cache\clean\test\sidset_5ba522a91162ae70\noise_s0.05.jpg
sidset_615f67f3acd96d5c,noise_s0.05,sidset,real,0,0.9626624584197998,data\cache\clean\test\sidset_615f67f3acd96d5c\noise_s0.05.jpg
sidset_630624a387e04a88,noise_s0.05,sidset,real,0,0.9643958210945129,data\cache\clean\test\sidset_630624a387e04a88\noise_s0.05.jpg
sidset_68f0479b7dde7700,noise_s0.05,sidset,real,0,0.9025102257728577,data\cache\clean\test\sidset_68f0479b7dde7700\noise_s0.05.jpg
sidset_6b7167d906f4ff1f,noise_s0.05,sidset,real,0,0.9957784414291382,data\cache\clean\test\sidset_6b7167d906f4ff1f\noise_s0.05.jpg
sidset_6c4941996cd7f5fc,noise_s0.05,sidset,real,0,0.6975342035293579,data\cache\clean\test\sidset_6c4941996cd7f5fc\noise_s0.05.jpg
sidset_6fc49bbc6acde1e9,noise_s0.05,sidset,real,0,0.6807178854942322,data\cache\clean\test\sidset_6fc49bbc6acde1e9\noise_s0.05.jpg
sidset_70f5dafbaa7da68a,noise_s0.05,sidset,real,0,0.8751243948936462,data\cache\clean\test\sidset_70f5dafbaa7da68a\noise_s0.05.jpg
sidset_759a21da57c25774,noise_s0.05,sidset,real,0,0.9915510416030884,data\cache\clean\test\sidset_759a21da57c25774\noise_s0.05.jpg
sidset_772850bc0fb9e17c,noise_s0.05,sidset,real,0,0.9230619668960571,data\cache\clean\test\sidset_772850bc0fb9e17c\noise_s0.05.jpg
sidset_796b6212cfecb3de,noise_s0.05,sidset,real,0,0.9065431356430054,data\cache\clean\test\sidset_796b6212cfecb3de\noise_s0.05.jpg
sidset_7974984b83c15934,noise_s0.05,sidset,real,0,0.7116556167602539,data\cache\clean\test\sidset_7974984b83c15934\noise_s0.05.jpg
sidset_7a55bff93d561bac,noise_s0.05,sidset,real,0,0.6192777156829834,data\cache\clean\test\sidset_7a55bff93d561bac\noise_s0.05.jpg
sidset_7b550aceb5ec111f,noise_s0.05,sidset,real,0,0.9581995606422424,data\cache\clean\test\sidset_7b550aceb5ec111f\noise_s0.05.jpg
sidset_832e43df048c6d1a,noise_s0.05,sidset,real,0,0.8462926149368286,data\cache\clean\test\sidset_832e43df048c6d1a\noise_s0.05.jpg
sidset_8619862cda88466c,noise_s0.05,sidset,real,0,0.7408429980278015,data\cache\clean\test\sidset_8619862cda88466c\noise_s0.05.jpg
sidset_8d2495ea75218578,noise_s0.05,sidset,real,0,0.8749269247055054,data\cache\clean\test\sidset_8d2495ea75218578\noise_s0.05.jpg
sidset_8d98f1eeb3935d09,noise_s0.05,sidset,real,0,0.5818197131156921,data\cache\clean\test\sidset_8d98f1eeb3935d09\noise_s0.05.jpg
sidset_918190e0dd7fc829,noise_s0.05,sidset,real,0,0.764014720916748,data\cache\clean\test\sidset_918190e0dd7fc829\noise_s0.05.jpg
sidset_987ced7fd98867b5,noise_s0.05,sidset,real,0,0.731529951095581,data\cache\clean\test\sidset_987ced7fd98867b5\noise_s0.05.jpg
sidset_995429a562f1aed2,noise_s0.05,sidset,real,0,0.8239306807518005,data\cache\clean\test\sidset_995429a562f1aed2\noise_s0.05.jpg
sidset_a36a612621d64289,noise_s0.05,sidset,real,0,0.8783376812934875,data\cache\clean\test\sidset_a36a612621d64289\noise_s0.05.jpg
sidset_a5b01f2aa66b2e86,noise_s0.05,sidset,real,0,0.9238529801368713,data\cache\clean\test\sidset_a5b01f2aa66b2e86\noise_s0.05.jpg
sidset_a79f0b1ae413f9bc,noise_s0.05,sidset,real,0,0.9758933186531067,data\cache\clean\test\sidset_a79f0b1ae413f9bc\noise_s0.05.jpg
sidset_a8ad741ef85002f3,noise_s0.05,sidset,real,0,0.9104431867599487,data\cache\clean\test\sidset_a8ad741ef85002f3\noise_s0.05.jpg
sidset_ab1441008986f237,noise_s0.05,sidset,real,0,0.5291522741317749,data\cache\clean\test\sidset_ab1441008986f237\noise_s0.05.jpg
sidset_ac54ef2834f8bc74,noise_s0.05,sidset,real,0,0.9567927718162537,data\cache\clean\test\sidset_ac54ef2834f8bc74\noise_s0.05.jpg
sidset_addaecf6bdb9e66b,noise_s0.05,sidset,real,0,0.9988895058631897,data\cache\clean\test\sidset_addaecf6bdb9e66b\noise_s0.05.jpg
sidset_ae2a3178c574c716,noise_s0.05,sidset,real,0,0.91122967004776,data\cache\clean\test\sidset_ae2a3178c574c716\noise_s0.05.jpg
sidset_b230de6baca8d392,noise_s0.05,sidset,real,0,0.991344690322876,data\cache\clean\test\sidset_b230de6baca8d392\noise_s0.05.jpg
sidset_b3d460c2a4f17eff,noise_s0.05,sidset,real,0,0.9932426810264587,data\cache\clean\test\sidset_b3d460c2a4f17eff\noise_s0.05.jpg
sidset_b56eb4cbcc71b00b,noise_s0.05,sidset,real,0,0.826181173324585,data\cache\clean\test\sidset_b56eb4cbcc71b00b\noise_s0.05.jpg
sidset_b6d4573c9d24dcf3,noise_s0.05,sidset,real,0,0.7408310770988464,data\cache\clean\test\sidset_b6d4573c9d24dcf3\noise_s0.05.jpg
sidset_bc70b06f0d603efd,noise_s0.05,sidset,real,0,1.0,data\cache\clean\test\sidset_bc70b06f0d603efd\noise_s0.05.jpg
sidset_bf236ad30956e497,noise_s0.05,sidset,real,0,0.8841533064842224,data\cache\clean\test\sidset_bf236ad30956e497\noise_s0.05.jpg
sidset_bf7100f88bf3b0f3,noise_s0.05,sidset,real,0,0.7229257822036743,data\cache\clean\test\sidset_bf7100f88bf3b0f3\noise_s0.05.jpg
sidset_c2f7255d9f5d9469,noise_s0.05,sidset,real,0,0.8021700382232666,data\cache\clean\test\sidset_c2f7255d9f5d9469\noise_s0.05.jpg
sidset_c5a378b0ea24d25e,noise_s0.05,sidset,real,0,0.7765765190124512,data\cache\clean\test\sidset_c5a378b0ea24d25e\noise_s0.05.jpg
sidset_c790c7ca03b21797,noise_s0.05,sidset,real,0,0.7070714235305786,data\cache\clean\test\sidset_c790c7ca03b21797\noise_s0.05.jpg
sidset_c7d3774f16039f96,noise_s0.05,sidset,real,0,0.5534200072288513,data\cache\clean\test\sidset_c7d3774f16039f96\noise_s0.05.jpg
sidset_cb68a83278e88b9d,noise_s0.05,sidset,real,0,0.9641112089157104,data\cache\clean\test\sidset_cb68a83278e88b9d\noise_s0.05.jpg
sidset_cbf3fa49807183fd,noise_s0.05,sidset,real,0,0.6195923686027527,data\cache\clean\test\sidset_cbf3fa49807183fd\noise_s0.05.jpg
sidset_cc4571b1efacde65,noise_s0.05,sidset,real,0,0.6457846164703369,data\cache\clean\test\sidset_cc4571b1efacde65\noise_s0.05.jpg
sidset_cd7b3621c53d1ffe,noise_s0.05,sidset,real,0,0.9020729064941406,data\cache\clean\test\sidset_cd7b3621c53d1ffe\noise_s0.05.jpg
sidset_cefabeb567a88f94,noise_s0.05,sidset,real,0,0.6363057494163513,data\cache\clean\test\sidset_cefabeb567a88f94\noise_s0.05.jpg
sidset_d652dc17bb0709b8,noise_s0.05,sidset,real,0,0.931360125541687,data\cache\clean\test\sidset_d652dc17bb0709b8\noise_s0.05.jpg
sidset_db325b24acd0df24,noise_s0.05,sidset,real,0,0.9242584705352783,data\cache\clean\test\sidset_db325b24acd0df24\noise_s0.05.jpg
sidset_dcc4eb3a61fc711a,noise_s0.05,sidset,real,0,0.5405955910682678,data\cache\clean\test\sidset_dcc4eb3a61fc711a\noise_s0.05.jpg
sidset_de2d4b37000ff09c,noise_s0.05,sidset,real,0,0.6606207489967346,data\cache\clean\test\sidset_de2d4b37000ff09c\noise_s0.05.jpg
sidset_e14e3989daa0bebd,noise_s0.05,sidset,real,0,0.5663490295410156,data\cache\clean\test\sidset_e14e3989daa0bebd\noise_s0.05.jpg
sidset_e67f5961f8d7c753,noise_s0.05,sidset,real,0,0.9081228971481323,data\cache\clean\test\sidset_e67f5961f8d7c753\noise_s0.05.jpg
sidset_e6f037cc020a3c67,noise_s0.05,sidset,real,0,0.6828569173812866,data\cache\clean\test\sidset_e6f037cc020a3c67\noise_s0.05.jpg
sidset_e7250acece7d41f5,noise_s0.05,sidset,real,0,0.949711263179779,data\cache\clean\test\sidset_e7250acece7d41f5\noise_s0.05.jpg
sidset_e8e76505f6a37089,noise_s0.05,sidset,real,0,0.7696210741996765,data\cache\clean\test\sidset_e8e76505f6a37089\noise_s0.05.jpg
sidset_ef3f636bfc78f3a5,noise_s0.05,sidset,real,0,0.9866755604743958,data\cache\clean\test\sidset_ef3f636bfc78f3a5\noise_s0.05.jpg
sidset_f250696304a3be0e,noise_s0.05,sidset,real,0,0.8504202961921692,data\cache\clean\test\sidset_f250696304a3be0e\noise_s0.05.jpg
sidset_f5044c17014681a8,noise_s0.05,sidset,real,0,0.795791745185852,data\cache\clean\test\sidset_f5044c17014681a8\noise_s0.05.jpg
sidset_f630570a5eab971b,noise_s0.05,sidset,real,0,0.9608768820762634,data\cache\clean\test\sidset_f630570a5eab971b\noise_s0.05.jpg
sidset_fac95db1f3df9775,noise_s0.05,sidset,real,0,0.760806143283844,data\cache\clean\test\sidset_fac95db1f3df9775\noise_s0.05.jpg
sidset_fe0bec3214706d60,noise_s0.05,sidset,real,0,0.9923415184020996,data\cache\clean\test\sidset_fe0bec3214706d60\noise_s0.05.jpg
cifake_0085,noise_s0.1,cifake,real,0,0.5692844390869141,data\cache\clean\test\cifake_0085\noise_s0.1.jpg
cifake_0179 (9),noise_s0.1,cifake,real,0,0.5450565814971924,data\cache\clean\test\cifake_0179 (9)\noise_s0.1.jpg
cifake_0235,noise_s0.1,cifake,real,0,0.8464025855064392,data\cache\clean\test\cifake_0235\noise_s0.1.jpg
cifake_0245 (8),noise_s0.1,cifake,real,0,0.7353740930557251,data\cache\clean\test\cifake_0245 (8)\noise_s0.1.jpg
cifake_0302 (9),noise_s0.1,cifake,real,0,0.9145361185073853,data\cache\clean\test\cifake_0302 (9)\noise_s0.1.jpg
cifake_0669,noise_s0.1,cifake,real,0,0.7513849139213562,data\cache\clean\test\cifake_0669\noise_s0.1.jpg
cifake_0745,noise_s0.1,cifake,real,0,0.5029649138450623,data\cache\clean\test\cifake_0745\noise_s0.1.jpg
cifake_0782,noise_s0.1,cifake,real,0,0.7273690700531006,data\cache\clean\test\cifake_0782\noise_s0.1.jpg
cifake_0793,noise_s0.1,cifake,real,0,0.9450501203536987,data\cache\clean\test\cifake_0793\noise_s0.1.jpg
cifake_0811,noise_s0.1,cifake,real,0,0.8755682110786438,data\cache\clean\test\cifake_0811\noise_s0.1.jpg
cifake_0967 (9),noise_s0.1,cifake,real,0,0.5678414106369019,data\cache\clean\test\cifake_0967 (9)\noise_s0.1.jpg
cifake_1353 (9),noise_s0.1,cifake,real,0,0.9583091735839844,data\cache\clean\test\cifake_1353 (9)\noise_s0.1.jpg
cifake_1427,noise_s0.1,cifake,real,0,0.9386096596717834,data\cache\clean\test\cifake_1427\noise_s0.1.jpg
cifake_1974,noise_s0.1,cifake,real,0,0.5488530993461609,data\cache\clean\test\cifake_1974\noise_s0.1.jpg
cifake_2122,noise_s0.1,cifake,real,0,0.764799177646637,data\cache\clean\test\cifake_2122\noise_s0.1.jpg
cifake_2547,noise_s0.1,cifake,real,0,0.6033952236175537,data\cache\clean\test\cifake_2547\noise_s0.1.jpg
cifake_2602 (7),noise_s0.1,cifake,real,0,0.5991148948669434,data\cache\clean\test\cifake_2602 (7)\noise_s0.1.jpg
cifake_2660,noise_s0.1,cifake,real,0,0.948330283164978,data\cache\clean\test\cifake_2660\noise_s0.1.jpg
cifake_2666 (9),noise_s0.1,cifake,real,0,0.5148103833198547,data\cache\clean\test\cifake_2666 (9)\noise_s0.1.jpg
cifake_2874 (4),noise_s0.1,cifake,real,0,0.5776947736740112,data\cache\clean\test\cifake_2874 (4)\noise_s0.1.jpg
cifake_2972 (5),noise_s0.1,cifake,real,0,0.62665194272995,data\cache\clean\test\cifake_2972 (5)\noise_s0.1.jpg
cifake_3230 (8),noise_s0.1,cifake,real,0,0.5996073484420776,data\cache\clean\test\cifake_3230 (8)\noise_s0.1.jpg
cifake_3295 (10),noise_s0.1,cifake,real,0,0.8418304324150085,data\cache\clean\test\cifake_3295 (10)\noise_s0.1.jpg
cifake_3614,noise_s0.1,cifake,real,0,0.8477128148078918,data\cache\clean\test\cifake_3614\noise_s0.1.jpg
cifake_3696,noise_s0.1,cifake,real,0,0.8634361028671265,data\cache\clean\test\cifake_3696\noise_s0.1.jpg
cifake_3819 (2),noise_s0.1,cifake,real,0,0.7280101776123047,data\cache\clean\test\cifake_3819 (2)\noise_s0.1.jpg
cifake_3916 (8),noise_s0.1,cifake,real,0,0.6328664422035217,data\cache\clean\test\cifake_3916 (8)\noise_s0.1.jpg
cifake_3938 (8),noise_s0.1,cifake,real,0,0.5161181688308716,data\cache\clean\test\cifake_3938 (8)\noise_s0.1.jpg
cifake_4103 (9),noise_s0.1,cifake,real,0,0.7549174427986145,data\cache\clean\test\cifake_4103 (9)\noise_s0.1.jpg
cifake_4186 (5),noise_s0.1,cifake,real,0,0.9010593295097351,data\cache\clean\test\cifake_4186 (5)\noise_s0.1.jpg
cifake_4389,noise_s0.1,cifake,real,0,0.5786724090576172,data\cache\clean\test\cifake_4389\noise_s0.1.jpg
cifake_4609 (2),noise_s0.1,cifake,real,0,0.9799261689186096,data\cache\clean\test\cifake_4609 (2)\noise_s0.1.jpg
cifake_4660 (5),noise_s0.1,cifake,real,0,0.9409139156341553,data\cache\clean\test\cifake_4660 (5)\noise_s0.1.jpg
cifake_4673 (5),noise_s0.1,cifake,real,0,0.7636696696281433,data\cache\clean\test\cifake_4673 (5)\noise_s0.1.jpg
sidset_011c2e4461eb1fdc,noise_s0.1,sidset,real,0,0.7319934964179993,data\cache\clean\test\sidset_011c2e4461eb1fdc\noise_s0.1.jpg
sidset_01cfa603553a1a45,noise_s0.1,sidset,real,0,0.8803238868713379,data\cache\clean\test\sidset_01cfa603553a1a45\noise_s0.1.jpg
sidset_02eb47f790cba404,noise_s0.1,sidset,real,0,0.5604547262191772,data\cache\clean\test\sidset_02eb47f790cba404\noise_s0.1.jpg
sidset_036df955965cb2f9,noise_s0.1,sidset,real,0,0.9646992683410645,data\cache\clean\test\sidset_036df955965cb2f9\noise_s0.1.jpg
sidset_038789965a8f7606,noise_s0.1,sidset,real,0,0.9041957259178162,data\cache\clean\test\sidset_038789965a8f7606\noise_s0.1.jpg
sidset_06522d1c8566d440,noise_s0.1,sidset,real,0,0.5041917562484741,data\cache\clean\test\sidset_06522d1c8566d440\noise_s0.1.jpg
sidset_09f7329f0c1c9fd4,noise_s0.1,sidset,real,0,0.887304425239563,data\cache\clean\test\sidset_09f7329f0c1c9fd4\noise_s0.1.jpg
sidset_0ef4afc6c7902e61,noise_s0.1,sidset,real,0,0.8421680927276611,data\cache\clean\test\sidset_0ef4afc6c7902e61\noise_s0.1.jpg
sidset_0f8102c25fc764ea,noise_s0.1,sidset,real,0,0.9974039196968079,data\cache\clean\test\sidset_0f8102c25fc764ea\noise_s0.1.jpg
sidset_13a6bf4eaf05914a,noise_s0.1,sidset,real,0,0.500066339969635,data\cache\clean\test\sidset_13a6bf4eaf05914a\noise_s0.1.jpg
sidset_14312756c1c94efa,noise_s0.1,sidset,real,0,0.9999997615814209,data\cache\clean\test\sidset_14312756c1c94efa\noise_s0.1.jpg
sidset_1493e45feef507e8,noise_s0.1,sidset,real,0,0.5069413185119629,data\cache\clean\test\sidset_1493e45feef507e8\noise_s0.1.jpg
sidset_177fc1fa3c5f1ca0,noise_s0.1,sidset,real,0,0.5654316544532776,data\cache\clean\test\sidset_177fc1fa3c5f1ca0\noise_s0.1.jpg
sidset_19a1dd0dde3ed26c,noise_s0.1,sidset,real,0,0.5298035740852356,data\cache\clean\test\sidset_19a1dd0dde3ed26c\noise_s0.1.jpg
sidset_1b20d1ec3fd5a56f,noise_s0.1,sidset,real,0,0.8580416440963745,data\cache\clean\test\sidset_1b20d1ec3fd5a56f\noise_s0.1.jpg
sidset_1bfc154f6c762c73,noise_s0.1,sidset,real,0,0.7283465266227722,data\cache\clean\test\sidset_1bfc154f6c762c73\noise_s0.1.jpg
sidset_1cae0a8c943c87f1,noise_s0.1,sidset,real,0,0.7184168696403503,data\cache\clean\test\sidset_1cae0a8c943c87f1\noise_s0.1.jpg
sidset_22164251d34be040,noise_s0.1,sidset,real,0,0.7663171291351318,data\cache\clean\test\sidset_22164251d34be040\noise_s0.1.jpg
sidset_22b07f2ffcaf319c,noise_s0.1,sidset,real,0,0.9997947812080383,data\cache\clean\test\sidset_22b07f2ffcaf319c\noise_s0.1.jpg
sidset_230a893e83782a7f,noise_s0.1,sidset,real,0,0.6979376077651978,data\cache\clean\test\sidset_230a893e83782a7f\noise_s0.1.jpg
sidset_24a4409917faf56d,noise_s0.1,sidset,real,0,0.7452526092529297,data\cache\clean\test\sidset_24a4409917faf56d\noise_s0.1.jpg
sidset_26c389b400ea1653,noise_s0.1,sidset,real,0,0.9887979626655579,data\cache\clean\test\sidset_26c389b400ea1653\noise_s0.1.jpg
sidset_2800b0abf266ffba,noise_s0.1,sidset,real,0,0.6351804137229919,data\cache\clean\test\sidset_2800b0abf266ffba\noise_s0.1.jpg
sidset_2c7cd831752d6b09,noise_s0.1,sidset,real,0,0.6359403729438782,data\cache\clean\test\sidset_2c7cd831752d6b09\noise_s0.1.jpg
sidset_31d44fee2c336e78,noise_s0.1,sidset,real,0,0.9895221590995789,data\cache\clean\test\sidset_31d44fee2c336e78\noise_s0.1.jpg
sidset_326f495eb261b65e,noise_s0.1,sidset,real,0,0.9872032999992371,data\cache\clean\test\sidset_326f495eb261b65e\noise_s0.1.jpg
sidset_333b018473a06c71,noise_s0.1,sidset,real,0,0.5172022581100464,data\cache\clean\test\sidset_333b018473a06c71\noise_s0.1.jpg
sidset_34866edcc2800ae0,noise_s0.1,sidset,real,0,0.9275616407394409,data\cache\clean\test\sidset_34866edcc2800ae0\noise_s0.1.jpg
sidset_36ec0b674a14714a,noise_s0.1,sidset,real,0,0.7873567938804626,data\cache\clean\test\sidset_36ec0b674a14714a\noise_s0.1.jpg
sidset_39a3f029e2e17dd3,noise_s0.1,sidset,real,0,0.7082154750823975,data\cache\clean\test\sidset_39a3f029e2e17dd3\noise_s0.1.jpg
sidset_3beca4d6152a4aa5,noise_s0.1,sidset,real,0,0.8655731678009033,data\cache\clean\test\sidset_3beca4d6152a4aa5\noise_s0.1.jpg
sidset_3d21129b72399ca2,noise_s0.1,sidset,real,0,0.6335653066635132,data\cache\clean\test\sidset_3d21129b72399ca2\noise_s0.1.jpg
sidset_41fb52633e2258f5,noise_s0.1,sidset,real,0,0.5984716415405273,data\cache\clean\test\sidset_41fb52633e2258f5\noise_s0.1.jpg
sidset_41fcb89ff22ef83c,noise_s0.1,sidset,real,0,0.6586110591888428,data\cache\clean\test\sidset_41fcb89ff22ef83c\noise_s0.1.jpg
sidset_45a6cb8b20ae57d2,noise_s0.1,sidset,real,0,0.997526228427887,data\cache\clean\test\sidset_45a6cb8b20ae57d2\noise_s0.1.jpg
sidset_45c5c68f5a74cd90,noise_s0.1,sidset,real,0,0.9543647766113281,data\cache\clean\test\sidset_45c5c68f5a74cd90\noise_s0.1.jpg
sidset_46a383463322d7a9,noise_s0.1,sidset,real,0,0.7570266723632812,data\cache\clean\test\sidset_46a383463322d7a9\noise_s0.1.jpg
sidset_47bafd1331a90437,noise_s0.1,sidset,real,0,0.7301432490348816,data\cache\clean\test\sidset_47bafd1331a90437\noise_s0.1.jpg
sidset_4d0104d2a9f0d1a4,noise_s0.1,sidset,real,0,0.7583162188529968,data\cache\clean\test\sidset_4d0104d2a9f0d1a4\noise_s0.1.jpg
sidset_4e4b9b1d6e8b2aca,noise_s0.1,sidset,real,0,0.9052404761314392,data\cache\clean\test\sidset_4e4b9b1d6e8b2aca\noise_s0.1.jpg
sidset_508cc69f6b128900,noise_s0.1,sidset,real,0,0.8376149535179138,data\cache\clean\test\sidset_508cc69f6b128900\noise_s0.1.jpg
sidset_54188851eee1c3c4,noise_s0.1,sidset,real,0,0.6921287775039673,data\cache\clean\test\sidset_54188851eee1c3c4\noise_s0.1.jpg
sidset_55ed6c0bbd54e07d,noise_s0.1,sidset,real,0,0.995873749256134,data\cache\clean\test\sidset_55ed6c0bbd54e07d\noise_s0.1.jpg
sidset_5a165a26bf8ca4be,noise_s0.1,sidset,real,0,0.9956443309783936,data\cache\clean\test\sidset_5a165a26bf8ca4be\noise_s0.1.jpg
sidset_5ac8dbc3e9cad39f,noise_s0.1,sidset,real,0,0.9041517972946167,data\cache\clean\test\sidset_5ac8dbc3e9cad39f\noise_s0.1.jpg
sidset_5b8f12b78d13bfcd,noise_s0.1,sidset,real,0,0.9689770936965942,data\cache\clean\test\sidset_5b8f12b78d13bfcd\noise_s0.1.jpg
sidset_5ba522a91162ae70,noise_s0.1,sidset,real,0,0.9884679913520813,data\cache\clean\test\sidset_5ba522a91162ae70\noise_s0.1.jpg
sidset_5fb439247718b13b,noise_s0.1,sidset,real,0,0.9109208583831787,data\cache\clean\test\sidset_5fb439247718b13b\noise_s0.1.jpg
sidset_615f67f3acd96d5c,noise_s0.1,sidset,real,0,0.9418979287147522,data\cache\clean\test\sidset_615f67f3acd96d5c\noise_s0.1.jpg
sidset_62d3110113ec4633,noise_s0.1,sidset,real,0,0.7554025053977966,data\cache\clean\test\sidset_62d3110113ec4633\noise_s0.1.jpg
sidset_630624a387e04a88,noise_s0.1,sidset,real,0,0.9930562376976013,data\cache\clean\test\sidset_630624a387e04a88\noise_s0.1.jpg
sidset_68f0479b7dde7700,noise_s0.1,sidset,real,0,0.9651512503623962,data\cache\clean\test\sidset_68f0479b7dde7700\noise_s0.1.jpg
sidset_6b7167d906f4ff1f,noise_s0.1,sidset,real,0,0.999697208404541,data\cache\clean\test\sidset_6b7167d906f4ff1f\noise_s0.1.jpg
sidset_6c4941996cd7f5fc,noise_s0.1,sidset,real,0,0.6512649655342102,data\cache\clean\test\sidset_6c4941996cd7f5fc\noise_s0.1.jpg
sidset_6fc49bbc6acde1e9,noise_s0.1,sidset,real,0,0.9630150198936462,data\cache\clean\test\sidset_6fc49bbc6acde1e9\noise_s0.1.jpg
sidset_759a21da57c25774,noise_s0.1,sidset,real,0,0.9998005032539368,data\cache\clean\test\sidset_759a21da57c25774\noise_s0.1.jpg
sidset_772850bc0fb9e17c,noise_s0.1,sidset,real,0,0.9062742590904236,data\cache\clean\test\sidset_772850bc0fb9e17c\noise_s0.1.jpg
sidset_789adfb30711725a,noise_s0.1,sidset,real,0,0.5388691425323486,data\cache\clean\test\sidset_789adfb30711725a\noise_s0.1.jpg
sidset_796b6212cfecb3de,noise_s0.1,sidset,real,0,0.6819524168968201,data\cache\clean\test\sidset_796b6212cfecb3de\noise_s0.1.jpg
sidset_7974984b83c15934,noise_s0.1,sidset,real,0,0.7749014496803284,data\cache\clean\test\sidset_7974984b83c15934\noise_s0.1.jpg
sidset_7b550aceb5ec111f,noise_s0.1,sidset,real,0,0.9522877931594849,data\cache\clean\test\sidset_7b550aceb5ec111f\noise_s0.1.jpg
sidset_7d7fe57041dc284f,noise_s0.1,sidset,real,0,0.5450562238693237,data\cache\clean\test\sidset_7d7fe57041dc284f\noise_s0.1.jpg
sidset_7f1ce0ac000e1d6c,noise_s0.1,sidset,real,0,0.8654789328575134,data\cache\clean\test\sidset_7f1ce0ac000e1d6c\noise_s0.1.jpg
sidset_8619862cda88466c,noise_s0.1,sidset,real,0,0.9916531443595886,data\cache\clean\test\sidset_8619862cda88466c\noise_s0.1.jpg
sidset_87e6f806902a63fc,noise_s0.1,sidset,real,0,0.704901933670044,data\cache\clean\test\sidset_87e6f806902a63fc\noise_s0.1.jpg
sidset_88431f034d786206,noise_s0.1,sidset,real,0,0.987659752368927,data\cache\clean\test\sidset_88431f034d786206\noise_s0.1.jpg
sidset_8d2495ea75218578,noise_s0.1,sidset,real,0,0.9884861707687378,data\cache\clean\test\sidset_8d2495ea75218578\noise_s0.1.jpg
sidset_8d98f1eeb3935d09,noise_s0.1,sidset,real,0,0.9934409260749817,data\cache\clean\test\sidset_8d98f1eeb3935d09\noise_s0.1.jpg
sidset_9396f525ca983a0d,noise_s0.1,sidset,real,0,0.5250934362411499,data\cache\clean\test\sidset_9396f525ca983a0d\noise_s0.1.jpg
sidset_9548acaeca2f5124,noise_s0.1,sidset,real,0,0.6090368628501892,data\cache\clean\test\sidset_9548acaeca2f5124\noise_s0.1.jpg
sidset_995429a562f1aed2,noise_s0.1,sidset,real,0,0.8280310034751892,data\cache\clean\test\sidset_995429a562f1aed2\noise_s0.1.jpg
sidset_a3293aebf3086c9f,noise_s0.1,sidset,real,0,0.6000469326972961,data\cache\clean\test\sidset_a3293aebf3086c9f\noise_s0.1.jpg
sidset_a5b01f2aa66b2e86,noise_s0.1,sidset,real,0,0.9400982856750488,data\cache\clean\test\sidset_a5b01f2aa66b2e86\noise_s0.1.jpg
sidset_a79f0b1ae413f9bc,noise_s0.1,sidset,real,0,0.9953094124794006,data\cache\clean\test\sidset_a79f0b1ae413f9bc\noise_s0.1.jpg
sidset_ab1441008986f237,noise_s0.1,sidset,real,0,0.7645044326782227,data\cache\clean\test\sidset_ab1441008986f237\noise_s0.1.jpg
sidset_ac54ef2834f8bc74,noise_s0.1,sidset,real,0,0.9957261085510254,data\cache\clean\test\sidset_ac54ef2834f8bc74\noise_s0.1.jpg
sidset_addaecf6bdb9e66b,noise_s0.1,sidset,real,0,0.9975945353507996,data\cache\clean\test\sidset_addaecf6bdb9e66b\noise_s0.1.jpg
sidset_ae2a3178c574c716,noise_s0.1,sidset,real,0,0.9855308532714844,data\cache\clean\test\sidset_ae2a3178c574c716\noise_s0.1.jpg
sidset_af18b6bd4586f20d,noise_s0.1,sidset,real,0,0.9961088299751282,data\cache\clean\test\sidset_af18b6bd4586f20d\noise_s0.1.jpg
sidset_b230de6baca8d392,noise_s0.1,sidset,real,0,0.8041391372680664,data\cache\clean\test\sidset_b230de6baca8d392\noise_s0.1.jpg
sidset_b3d460c2a4f17eff,noise_s0.1,sidset,real,0,0.982238233089447,data\cache\clean\test\sidset_b3d460c2a4f17eff\noise_s0.1.jpg
sidset_b56eb4cbcc71b00b,noise_s0.1,sidset,real,0,0.8916195034980774,data\cache\clean\test\sidset_b56eb4cbcc71b00b\noise_s0.1.jpg
sidset_bc280ffeb57ce51b,noise_s0.1,sidset,real,0,0.754888117313385,data\cache\clean\test\sidset_bc280ffeb57ce51b\noise_s0.1.jpg
sidset_bc70b06f0d603efd,noise_s0.1,sidset,real,0,1.0,data\cache\clean\test\sidset_bc70b06f0d603efd\noise_s0.1.jpg
sidset_bf236ad30956e497,noise_s0.1,sidset,real,0,0.7488209009170532,data\cache\clean\test\sidset_bf236ad30956e497\noise_s0.1.jpg
sidset_bf7100f88bf3b0f3,noise_s0.1,sidset,real,0,0.937314510345459,data\cache\clean\test\sidset_bf7100f88bf3b0f3\noise_s0.1.jpg
sidset_c104d5a827c3dc84,noise_s0.1,sidset,real,0,0.5827255845069885,data\cache\clean\test\sidset_c104d5a827c3dc84\noise_s0.1.jpg
sidset_c2f7255d9f5d9469,noise_s0.1,sidset,real,0,0.9492444396018982,data\cache\clean\test\sidset_c2f7255d9f5d9469\noise_s0.1.jpg
sidset_c790c7ca03b21797,noise_s0.1,sidset,real,0,0.8332707285881042,data\cache\clean\test\sidset_c790c7ca03b21797\noise_s0.1.jpg
sidset_c7d3774f16039f96,noise_s0.1,sidset,real,0,0.9223294854164124,data\cache\clean\test\sidset_c7d3774f16039f96\noise_s0.1.jpg
sidset_cac550631e35c126,noise_s0.1,sidset,real,0,0.6403090953826904,data\cache\clean\test\sidset_cac550631e35c126\noise_s0.1.jpg
sidset_cb68a83278e88b9d,noise_s0.1,sidset,real,0,0.9776089191436768,data\cache\clean\test\sidset_cb68a83278e88b9d\noise_s0.1.jpg
sidset_cd7b3621c53d1ffe,noise_s0.1,sidset,real,0,0.6977318525314331,data\cache\clean\test\sidset_cd7b3621c53d1ffe\noise_s0.1.jpg
sidset_d652dc17bb0709b8,noise_s0.1,sidset,real,0,0.9526135325431824,data\cache\clean\test\sidset_d652dc17bb0709b8\noise_s0.1.jpg
sidset_d7c9ba7b7774dcd9,noise_s0.1,sidset,real,0,0.8643707036972046,data\cache\clean\test\sidset_d7c9ba7b7774dcd9\noise_s0.1.jpg
sidset_db325b24acd0df24,noise_s0.1,sidset,real,0,0.9674497842788696,data\cache\clean\test\sidset_db325b24acd0df24\noise_s0.1.jpg
sidset_de2d4b37000ff09c,noise_s0.1,sidset,real,0,0.6096521615982056,data\cache\clean\test\sidset_de2d4b37000ff09c\noise_s0.1.jpg
sidset_e011e1243821e052,noise_s0.1,sidset,real,0,0.6182045340538025,data\cache\clean\test\sidset_e011e1243821e052\noise_s0.1.jpg
sidset_e19c80d7ff2e201b,noise_s0.1,sidset,real,0,0.6286798119544983,data\cache\clean\test\sidset_e19c80d7ff2e201b\noise_s0.1.jpg
sidset_e547ceb84d50e7bf,noise_s0.1,sidset,real,0,0.9020771980285645,data\cache\clean\test\sidset_e547ceb84d50e7bf\noise_s0.1.jpg
sidset_e67f5961f8d7c753,noise_s0.1,sidset,real,0,0.9659549593925476,data\cache\clean\test\sidset_e67f5961f8d7c753\noise_s0.1.jpg
sidset_e6f037cc020a3c67,noise_s0.1,sidset,real,0,0.6790722608566284,data\cache\clean\test\sidset_e6f037cc020a3c67\noise_s0.1.jpg
sidset_e7250acece7d41f5,noise_s0.1,sidset,real,0,0.9952254295349121,data\cache\clean\test\sidset_e7250acece7d41f5\noise_s0.1.jpg
sidset_e8e76505f6a37089,noise_s0.1,sidset,real,0,0.9462440609931946,data\cache\clean\test\sidset_e8e76505f6a37089\noise_s0.1.jpg
sidset_ef3f636bfc78f3a5,noise_s0.1,sidset,real,0,0.9935116171836853,data\cache\clean\test\sidset_ef3f636bfc78f3a5\noise_s0.1.jpg
sidset_f250696304a3be0e,noise_s0.1,sidset,real,0,0.7331475019454956,data\cache\clean\test\sidset_f250696304a3be0e\noise_s0.1.jpg
sidset_f2be8bd472d53987,noise_s0.1,sidset,real,0,0.67475825548172,data\cache\clean\test\sidset_f2be8bd472d53987\noise_s0.1.jpg
sidset_f5044c17014681a8,noise_s0.1,sidset,real,0,0.5773710012435913,data\cache\clean\test\sidset_f5044c17014681a8\noise_s0.1.jpg
sidset_f630570a5eab971b,noise_s0.1,sidset,real,0,0.9627212285995483,data\cache\clean\test\sidset_f630570a5eab971b\noise_s0.1.jpg
sidset_fac95db1f3df9775,noise_s0.1,sidset,real,0,0.8054423332214355,data\cache\clean\test\sidset_fac95db1f3df9775\noise_s0.1.jpg
sidset_fe0bec3214706d60,noise_s0.1,sidset,real,0,0.9463315010070801,data\cache\clean\test\sidset_fe0bec3214706d60\noise_s0.1.jpg
cifake_0235,resize_0.25,cifake,real,0,0.7990174889564514,data\cache\clean\test\cifake_0235\resize_0.25.jpg
cifake_0327 (5),resize_0.25,cifake,real,0,0.9143592715263367,data\cache\clean\test\cifake_0327 (5)\resize_0.25.jpg
cifake_0618 (3),resize_0.25,cifake,real,0,0.8206363320350647,data\cache\clean\test\cifake_0618 (3)\resize_0.25.jpg
cifake_0793,resize_0.25,cifake,real,0,0.9419215321540833,data\cache\clean\test\cifake_0793\resize_0.25.jpg
cifake_0967 (9),resize_0.25,cifake,real,0,0.5759970545768738,data\cache\clean\test\cifake_0967 (9)\resize_0.25.jpg
cifake_1139,resize_0.25,cifake,real,0,0.8499122858047485,data\cache\clean\test\cifake_1139\resize_0.25.jpg
cifake_1974,resize_0.25,cifake,real,0,0.9030597805976868,data\cache\clean\test\cifake_1974\resize_0.25.jpg
cifake_2071,resize_0.25,cifake,real,0,0.8493949770927429,data\cache\clean\test\cifake_2071\resize_0.25.jpg
cifake_2122,resize_0.25,cifake,real,0,0.7541635036468506,data\cache\clean\test\cifake_2122\resize_0.25.jpg
cifake_2660,resize_0.25,cifake,real,0,0.7387793064117432,data\cache\clean\test\cifake_2660\resize_0.25.jpg
cifake_2874 (4),resize_0.25,cifake,real,0,0.9552205204963684,data\cache\clean\test\cifake_2874 (4)\resize_0.25.jpg
cifake_3280 (8),resize_0.25,cifake,real,0,0.8596230149269104,data\cache\clean\test\cifake_3280 (8)\resize_0.25.jpg
cifake_3330 (4),resize_0.25,cifake,real,0,0.5213439464569092,data\cache\clean\test\cifake_3330 (4)\resize_0.25.jpg
cifake_3891 (3),resize_0.25,cifake,real,0,0.6867702603340149,data\cache\clean\test\cifake_3891 (3)\resize_0.25.jpg
cifake_4186 (5),resize_0.25,cifake,real,0,0.5687494277954102,data\cache\clean\test\cifake_4186 (5)\resize_0.25.jpg
cifake_4660 (5),resize_0.25,cifake,real,0,0.9632538557052612,data\cache\clean\test\cifake_4660 (5)\resize_0.25.jpg
sidset_036df955965cb2f9,resize_0.25,sidset,real,0,0.810234785079956,data\cache\clean\test\sidset_036df955965cb2f9\resize_0.25.jpg
sidset_038789965a8f7606,resize_0.25,sidset,real,0,0.7184396982192993,data\cache\clean\test\sidset_038789965a8f7606\resize_0.25.jpg
sidset_075db643445af8e3,resize_0.25,sidset,real,0,0.9966083765029907,data\cache\clean\test\sidset_075db643445af8e3\resize_0.25.jpg
sidset_0f8102c25fc764ea,resize_0.25,sidset,real,0,0.9958898425102234,data\cache\clean\test\sidset_0f8102c25fc764ea\resize_0.25.jpg
sidset_14312756c1c94efa,resize_0.25,sidset,real,0,0.9999899864196777,data\cache\clean\test\sidset_14312756c1c94efa\resize_0.25.jpg
sidset_16c4058cc17896fc,resize_0.25,sidset,real,0,0.7095877528190613,data\cache\clean\test\sidset_16c4058cc17896fc\resize_0.25.jpg
sidset_1d24e17c0f598d7a,resize_0.25,sidset,real,0,0.7936903238296509,data\cache\clean\test\sidset_1d24e17c0f598d7a\resize_0.25.jpg
sidset_22164251d34be040,resize_0.25,sidset,real,0,0.66147780418396,data\cache\clean\test\sidset_22164251d34be040\resize_0.25.jpg
sidset_22b07f2ffcaf319c,resize_0.25,sidset,real,0,0.9997510313987732,data\cache\clean\test\sidset_22b07f2ffcaf319c\resize_0.25.jpg
sidset_26c389b400ea1653,resize_0.25,sidset,real,0,0.9736647009849548,data\cache\clean\test\sidset_26c389b400ea1653\resize_0.25.jpg
sidset_31d44fee2c336e78,resize_0.25,sidset,real,0,0.961273193359375,data\cache\clean\test\sidset_31d44fee2c336e78\resize_0.25.jpg
sidset_36ec0b674a14714a,resize_0.25,sidset,real,0,0.8874285221099854,data\cache\clean\test\sidset_36ec0b674a14714a\resize_0.25.jpg
sidset_39a3f029e2e17dd3,resize_0.25,sidset,real,0,0.9927542805671692,data\cache\clean\test\sidset_39a3f029e2e17dd3\resize_0.25.jpg
sidset_3beca4d6152a4aa5,resize_0.25,sidset,real,0,0.8759464621543884,data\cache\clean\test\sidset_3beca4d6152a4aa5\resize_0.25.jpg
sidset_3fbc4c1574ef987d,resize_0.25,sidset,real,0,0.6244053244590759,data\cache\clean\test\sidset_3fbc4c1574ef987d\resize_0.25.jpg
sidset_41fcb89ff22ef83c,resize_0.25,sidset,real,0,0.9073377847671509,data\cache\clean\test\sidset_41fcb89ff22ef83c\resize_0.25.jpg
sidset_45a6cb8b20ae57d2,resize_0.25,sidset,real,0,0.9985281229019165,data\cache\clean\test\sidset_45a6cb8b20ae57d2\resize_0.25.jpg
sidset_45c5c68f5a74cd90,resize_0.25,sidset,real,0,0.7290593385696411,data\cache\clean\test\sidset_45c5c68f5a74cd90\resize_0.25.jpg
sidset_46a383463322d7a9,resize_0.25,sidset,real,0,0.6422895789146423,data\cache\clean\test\sidset_46a383463322d7a9\resize_0.25.jpg
sidset_508cc69f6b128900,resize_0.25,sidset,real,0,0.5949473977088928,data\cache\clean\test\sidset_508cc69f6b128900\resize_0.25.jpg
sidset_51655a8a28f25f11,resize_0.25,sidset,real,0,0.9175129532814026,data\cache\clean\test\sidset_51655a8a28f25f11\resize_0.25.jpg
sidset_52bf81b2d7f84101,resize_0.25,sidset,real,0,0.9555906057357788,data\cache\clean\test\sidset_52bf81b2d7f84101\resize_0.25.jpg
sidset_55ed6c0bbd54e07d,resize_0.25,sidset,real,0,0.8586505651473999,data\cache\clean\test\sidset_55ed6c0bbd54e07d\resize_0.25.jpg
sidset_5a165a26bf8ca4be,resize_0.25,sidset,real,0,0.9873822331428528,data\cache\clean\test\sidset_5a165a26bf8ca4be\resize_0.25.jpg
sidset_5b291a7b5ae05cf0,resize_0.25,sidset,real,0,0.712209939956665,data\cache\clean\test\sidset_5b291a7b5ae05cf0\resize_0.25.jpg
sidset_5b8f12b78d13bfcd,resize_0.25,sidset,real,0,0.9808516502380371,data\cache\clean\test\sidset_5b8f12b78d13bfcd\resize_0.25.jpg
sidset_5ba522a91162ae70,resize_0.25,sidset,real,0,0.9985635876655579,data\cache\clean\test\sidset_5ba522a91162ae70\resize_0.25.jpg
sidset_615f67f3acd96d5c,resize_0.25,sidset,real,0,0.6307132244110107,data\cache\clean\test\sidset_615f67f3acd96d5c\resize_0.25.jpg
sidset_630624a387e04a88,resize_0.25,sidset,real,0,0.7983417510986328,data\cache\clean\test\sidset_630624a387e04a88\resize_0.25.jpg
sidset_68f0479b7dde7700,resize_0.25,sidset,real,0,0.9416403770446777,data\cache\clean\test\sidset_68f0479b7dde7700\resize_0.25.jpg
sidset_6b7167d906f4ff1f,resize_0.25,sidset,real,0,0.9999303817749023,data\cache\clean\test\sidset_6b7167d906f4ff1f\resize_0.25.jpg
sidset_6c4941996cd7f5fc,resize_0.25,sidset,real,0,0.6867502927780151,data\cache\clean\test\sidset_6c4941996cd7f5fc\resize_0.25.jpg
sidset_6fc49bbc6acde1e9,resize_0.25,sidset,real,0,0.5335684418678284,data\cache\clean\test\sidset_6fc49bbc6acde1e9\resize_0.25.jpg
sidset_702884f2efd07c6e,resize_0.25,sidset,real,0,0.5151368975639343,data\cache\clean\test\sidset_702884f2efd07c6e\resize_0.25.jpg
sidset_725e4f2f78a9cd86,resize_0.25,sidset,real,0,0.8556140661239624,data\cache\clean\test\sidset_725e4f2f78a9cd86\resize_0.25.jpg
sidset_759a21da57c25774,resize_0.25,sidset,real,0,0.8346035480499268,data\cache\clean\test\sidset_759a21da57c25774\resize_0.25.jpg
sidset_772850bc0fb9e17c,resize_0.25,sidset,real,0,0.9837950468063354,data\cache\clean\test\sidset_772850bc0fb9e17c\resize_0.25.jpg
sidset_7974984b83c15934,resize_0.25,sidset,real,0,0.641446590423584,data\cache\clean\test\sidset_7974984b83c15934\resize_0.25.jpg
sidset_8d2495ea75218578,resize_0.25,sidset,real,0,0.5378199815750122,data\cache\clean\test\sidset_8d2495ea75218578\resize_0.25.jpg
sidset_9811f04611ad082c,resize_0.25,sidset,real,0,0.5554497241973877,data\cache\clean\test\sidset_9811f04611ad082c\resize_0.25.jpg
sidset_9915729405b9e03e,resize_0.25,sidset,real,0,0.7096925377845764,data\cache\clean\test\sidset_9915729405b9e03e\resize_0.25.jpg
sidset_995429a562f1aed2,resize_0.25,sidset,real,0,0.5137110352516174,data\cache\clean\test\sidset_995429a562f1aed2\resize_0.25.jpg
sidset_a3032d75347e6fa2,resize_0.25,sidset,real,0,0.8019698858261108,data\cache\clean\test\sidset_a3032d75347e6fa2\resize_0.25.jpg
sidset_a429805728e89e7d,resize_0.25,sidset,real,0,0.994429349899292,data\cache\clean\test\sidset_a429805728e89e7d\resize_0.25.jpg
sidset_a5b01f2aa66b2e86,resize_0.25,sidset,real,0,0.6959549188613892,data\cache\clean\test\sidset_a5b01f2aa66b2e86\resize_0.25.jpg
sidset_a8ad741ef85002f3,resize_0.25,sidset,real,0,0.8233515024185181,data\cache\clean\test\sidset_a8ad741ef85002f3\resize_0.25.jpg
sidset_a8c91bd501d586fa,resize_0.25,sidset,real,0,0.5907159447669983,data\cache\clean\test\sidset_a8c91bd501d586fa\resize_0.25.jpg
sidset_abb21498da6986f6,resize_0.25,sidset,real,0,0.571203351020813,data\cache\clean\test\sidset_abb21498da6986f6\resize_0.25.jpg
sidset_ac54ef2834f8bc74,resize_0.25,sidset,real,0,0.8878617286682129,data\cache\clean\test\sidset_ac54ef2834f8bc74\resize_0.25.jpg
sidset_addaecf6bdb9e66b,resize_0.25,sidset,real,0,0.7746042013168335,data\cache\clean\test\sidset_addaecf6bdb9e66b\resize_0.25.jpg
sidset_ae2a3178c574c716,resize_0.25,sidset,real,0,0.7648394107818604,data\cache\clean\test\sidset_ae2a3178c574c716\resize_0.25.jpg
sidset_b230de6baca8d392,resize_0.25,sidset,real,0,0.8765000700950623,data\cache\clean\test\sidset_b230de6baca8d392\resize_0.25.jpg
sidset_b3d460c2a4f17eff,resize_0.25,sidset,real,0,0.9957150816917419,data\cache\clean\test\sidset_b3d460c2a4f17eff\resize_0.25.jpg
sidset_bc70b06f0d603efd,resize_0.25,sidset,real,0,0.9999756813049316,data\cache\clean\test\sidset_bc70b06f0d603efd\resize_0.25.jpg
sidset_bf7100f88bf3b0f3,resize_0.25,sidset,real,0,0.6885998845100403,data\cache\clean\test\sidset_bf7100f88bf3b0f3\resize_0.25.jpg
sidset_c104d5a827c3dc84,resize_0.25,sidset,real,0,0.8153331279754639,data\cache\clean\test\sidset_c104d5a827c3dc84\resize_0.25.jpg
sidset_c5a378b0ea24d25e,resize_0.25,sidset,real,0,0.9394528269767761,data\cache\clean\test\sidset_c5a378b0ea24d25e\resize_0.25.jpg
sidset_c790c7ca03b21797,resize_0.25,sidset,real,0,0.5466442108154297,data\cache\clean\test\sidset_c790c7ca03b21797\resize_0.25.jpg
sidset_c90419b9eb89527a,resize_0.25,sidset,real,0,0.9502358436584473,data\cache\clean\test\sidset_c90419b9eb89527a\resize_0.25.jpg
sidset_cac550631e35c126,resize_0.25,sidset,real,0,0.8442431092262268,data\cache\clean\test\sidset_cac550631e35c126\resize_0.25.jpg
sidset_cb68a83278e88b9d,resize_0.25,sidset,real,0,0.9896106719970703,data\cache\clean\test\sidset_cb68a83278e88b9d\resize_0.25.jpg
sidset_cc4571b1efacde65,resize_0.25,sidset,real,0,0.761817991733551,data\cache\clean\test\sidset_cc4571b1efacde65\resize_0.25.jpg
sidset_ce09a25a50fdfe47,resize_0.25,sidset,real,0,0.6578711271286011,data\cache\clean\test\sidset_ce09a25a50fdfe47\resize_0.25.jpg
sidset_d652dc17bb0709b8,resize_0.25,sidset,real,0,0.9810536503791809,data\cache\clean\test\sidset_d652dc17bb0709b8\resize_0.25.jpg
sidset_d95699590a6b3fa6,resize_0.25,sidset,real,0,0.5775995850563049,data\cache\clean\test\sidset_d95699590a6b3fa6\resize_0.25.jpg
sidset_db325b24acd0df24,resize_0.25,sidset,real,0,0.6071653366088867,data\cache\clean\test\sidset_db325b24acd0df24\resize_0.25.jpg
sidset_de2d4b37000ff09c,resize_0.25,sidset,real,0,0.5435544848442078,data\cache\clean\test\sidset_de2d4b37000ff09c\resize_0.25.jpg
sidset_e20f8df5bc8ae19c,resize_0.25,sidset,real,0,0.9368882775306702,data\cache\clean\test\sidset_e20f8df5bc8ae19c\resize_0.25.jpg
sidset_e67f5961f8d7c753,resize_0.25,sidset,real,0,0.9941133856773376,data\cache\clean\test\sidset_e67f5961f8d7c753\resize_0.25.jpg
sidset_ef3f636bfc78f3a5,resize_0.25,sidset,real,0,0.9781744480133057,data\cache\clean\test\sidset_ef3f636bfc78f3a5\resize_0.25.jpg
sidset_f250696304a3be0e,resize_0.25,sidset,real,0,0.7485824227333069,data\cache\clean\test\sidset_f250696304a3be0e\resize_0.25.jpg
sidset_f630570a5eab971b,resize_0.25,sidset,real,0,0.8846153020858765,data\cache\clean\test\sidset_f630570a5eab971b\resize_0.25.jpg
sidset_f7bb334cefc6e7e1,resize_0.25,sidset,real,0,0.6712995767593384,data\cache\clean\test\sidset_f7bb334cefc6e7e1\resize_0.25.jpg
sidset_fac95db1f3df9775,resize_0.25,sidset,real,0,0.8451427221298218,data\cache\clean\test\sidset_fac95db1f3df9775\resize_0.25.jpg
sidset_fb820a8756e04447,resize_0.25,sidset,real,0,0.8847191333770752,data\cache\clean\test\sidset_fb820a8756e04447\resize_0.25.jpg
sidset_fe0bec3214706d60,resize_0.25,sidset,real,0,0.9921290874481201,data\cache\clean\test\sidset_fe0bec3214706d60\resize_0.25.jpg
cifake_0235,resize_0.5,cifake,real,0,0.8473390936851501,data\cache\clean\test\cifake_0235\resize_0.5.jpg
cifake_0327 (5),resize_0.5,cifake,real,0,0.8726120591163635,data\cache\clean\test\cifake_0327 (5)\resize_0.5.jpg
cifake_0618 (3),resize_0.5,cifake,real,0,0.8731656670570374,data\cache\clean\test\cifake_0618 (3)\resize_0.5.jpg
cifake_0793,resize_0.5,cifake,real,0,0.9529321193695068,data\cache\clean\test\cifake_0793\resize_0.5.jpg
cifake_1139,resize_0.5,cifake,real,0,0.7955958247184753,data\cache\clean\test\cifake_1139\resize_0.5.jpg
cifake_1435 (2),resize_0.5,cifake,real,0,0.6635189652442932,data\cache\clean\test\cifake_1435 (2)\resize_0.5.jpg
cifake_1974,resize_0.5,cifake,real,0,0.9210171103477478,data\cache\clean\test\cifake_1974\resize_0.5.jpg
cifake_2071,resize_0.5,cifake,real,0,0.7598546147346497,data\cache\clean\test\cifake_2071\resize_0.5.jpg
cifake_2122,resize_0.5,cifake,real,0,0.749670147895813,data\cache\clean\test\cifake_2122\resize_0.5.jpg
cifake_2660,resize_0.5,cifake,real,0,0.8252824544906616,data\cache\clean\test\cifake_2660\resize_0.5.jpg
cifake_2874 (4),resize_0.5,cifake,real,0,0.9428987503051758,data\cache\clean\test\cifake_2874 (4)\resize_0.5.jpg
cifake_3042 (4),resize_0.5,cifake,real,0,0.5082424283027649,data\cache\clean\test\cifake_3042 (4)\resize_0.5.jpg
cifake_3280 (8),resize_0.5,cifake,real,0,0.9171756505966187,data\cache\clean\test\cifake_3280 (8)\resize_0.5.jpg
cifake_3461 (5),resize_0.5,cifake,real,0,0.5975691080093384,data\cache\clean\test\cifake_3461 (5)\resize_0.5.jpg
cifake_3891 (3),resize_0.5,cifake,real,0,0.7243444919586182,data\cache\clean\test\cifake_3891 (3)\resize_0.5.jpg
cifake_4186 (5),resize_0.5,cifake,real,0,0.5769651532173157,data\cache\clean\test\cifake_4186 (5)\resize_0.5.jpg
cifake_4660 (5),resize_0.5,cifake,real,0,0.9677153825759888,data\cache\clean\test\cifake_4660 (5)\resize_0.5.jpg
sidset_01cfa603553a1a45,resize_0.5,sidset,real,0,0.6275033354759216,data\cache\clean\test\sidset_01cfa603553a1a45\resize_0.5.jpg
sidset_02eb47f790cba404,resize_0.5,sidset,real,0,0.5912732481956482,data\cache\clean\test\sidset_02eb47f790cba404\resize_0.5.jpg
sidset_036df955965cb2f9,resize_0.5,sidset,real,0,0.8133812546730042,data\cache\clean\test\sidset_036df955965cb2f9\resize_0.5.jpg
sidset_038789965a8f7606,resize_0.5,sidset,real,0,0.9045803546905518,data\cache\clean\test\sidset_038789965a8f7606\resize_0.5.jpg
sidset_03a9da8756998d00,resize_0.5,sidset,real,0,0.7044817805290222,data\cache\clean\test\sidset_03a9da8756998d00\resize_0.5.jpg
sidset_075db643445af8e3,resize_0.5,sidset,real,0,0.9144290089607239,data\cache\clean\test\sidset_075db643445af8e3\resize_0.5.jpg
sidset_0e40f2f48ac5ec94,resize_0.5,sidset,real,0,0.8682041168212891,data\cache\clean\test\sidset_0e40f2f48ac5ec94\resize_0.5.jpg
sidset_0f8102c25fc764ea,resize_0.5,sidset,real,0,0.9990092515945435,data\cache\clean\test\sidset_0f8102c25fc764ea\resize_0.5.jpg
sidset_1409961a28ec7db5,resize_0.5,sidset,real,0,0.6128047108650208,data\cache\clean\test\sidset_1409961a28ec7db5\resize_0.5.jpg
sidset_14312756c1c94efa,resize_0.5,sidset,real,0,0.9999986886978149,data\cache\clean\test\sidset_14312756c1c94efa\resize_0.5.jpg
sidset_16c4058cc17896fc,resize_0.5,sidset,real,0,0.6507151126861572,data\cache\clean\test\sidset_16c4058cc17896fc\resize_0.5.jpg
sidset_1b20d1ec3fd5a56f,resize_0.5,sidset,real,0,0.5104378461837769,data\cache\clean\test\sidset_1b20d1ec3fd5a56f\resize_0.5.jpg
sidset_1d24e17c0f598d7a,resize_0.5,sidset,real,0,0.5239361524581909,data\cache\clean\test\sidset_1d24e17c0f598d7a\resize_0.5.jpg
sidset_22b07f2ffcaf319c,resize_0.5,sidset,real,0,0.9869654178619385,data\cache\clean\test\sidset_22b07f2ffcaf319c\resize_0.5.jpg
sidset_26c389b400ea1653,resize_0.5,sidset,real,0,0.9882832765579224,data\cache\clean\test\sidset_26c389b400ea1653\resize_0.5.jpg
sidset_31d44fee2c336e78,resize_0.5,sidset,real,0,0.8531503081321716,data\cache\clean\test\sidset_31d44fee2c336e78\resize_0.5.jpg
sidset_34866edcc2800ae0,resize_0.5,sidset,real,0,0.9799559116363525,data\cache\clean\test\sidset_34866edcc2800ae0\resize_0.5.jpg
sidset_36ec0b674a14714a,resize_0.5,sidset,real,0,0.9239867925643921,data\cache\clean\test\sidset_36ec0b674a14714a\resize_0.5.jpg
sidset_389903ded0c46375,resize_0.5,sidset,real,0,0.6384103298187256,data\cache\clean\test\sidset_389903ded0c46375\resize_0.5.jpg
sidset_39a3f029e2e17dd3,resize_0.5,sidset,real,0,0.973599910736084,data\cache\clean\test\sidset_39a3f029e2e17dd3\resize_0.5.jpg
sidset_3beca4d6152a4aa5,resize_0.5,sidset,real,0,0.7617223262786865,data\cache\clean\test\sidset_3beca4d6152a4aa5\resize_0.5.jpg
sidset_3fbc4c1574ef987d,resize_0.5,sidset,real,0,0.9538680911064148,data\cache\clean\test\sidset_3fbc4c1574ef987d\resize_0.5.jpg
sidset_41fcb89ff22ef83c,resize_0.5,sidset,real,0,0.717421293258667,data\cache\clean\test\sidset_41fcb89ff22ef83c\resize_0.5.jpg
sidset_45a6cb8b20ae57d2,resize_0.5,sidset,real,0,0.9991588592529297,data\cache\clean\test\sidset_45a6cb8b20ae57d2\resize_0.5.jpg
sidset_45c5c68f5a74cd90,resize_0.5,sidset,real,0,0.658333420753479,data\cache\clean\test\sidset_45c5c68f5a74cd90\resize_0.5.jpg
sidset_46a383463322d7a9,resize_0.5,sidset,real,0,0.7700785398483276,data\cache\clean\test\sidset_46a383463322d7a9\resize_0.5.jpg
sidset_4b587c02c1897383,resize_0.5,sidset,real,0,0.5718979239463806,data\cache\clean\test\sidset_4b587c02c1897383\resize_0.5.jpg
sidset_508cc69f6b128900,resize_0.5,sidset,real,0,0.9353118538856506,data\cache\clean\test\sidset_508cc69f6b128900\resize_0.5.jpg
sidset_52bf81b2d7f84101,resize_0.5,sidset,real,0,0.9625205397605896,data\cache\clean\test\sidset_52bf81b2d7f84101\resize_0.5.jpg
sidset_55ed6c0bbd54e07d,resize_0.5,sidset,real,0,0.7992191910743713,data\cache\clean\test\sidset_55ed6c0bbd54e07d\resize_0.5.jpg
sidset_5a165a26bf8ca4be,resize_0.5,sidset,real,0,0.9905911087989807,data\cache\clean\test\sidset_5a165a26bf8ca4be\resize_0.5.jpg
sidset_5b291a7b5ae05cf0,resize_0.5,sidset,real,0,0.7972387075424194,data\cache\clean\test\sidset_5b291a7b5ae05cf0\resize_0.5.jpg
sidset_5b8f12b78d13bfcd,resize_0.5,sidset,real,0,0.9601649641990662,data\cache\clean\test\sidset_5b8f12b78d13bfcd\resize_0.5.jpg
sidset_5ba522a91162ae70,resize_0.5,sidset,real,0,0.9988399147987366,data\cache\clean\test\sidset_5ba522a91162ae70\resize_0.5.jpg
sidset_615f67f3acd96d5c,resize_0.5,sidset,real,0,0.7230515480041504,data\cache\clean\test\sidset_615f67f3acd96d5c\resize_0.5.jpg
sidset_630624a387e04a88,resize_0.5,sidset,real,0,0.9768610000610352,data\cache\clean\test\sidset_630624a387e04a88\resize_0.5.jpg
sidset_68f0479b7dde7700,resize_0.5,sidset,real,0,0.9298527240753174,data\cache\clean\test\sidset_68f0479b7dde7700\resize_0.5.jpg
sidset_6b7167d906f4ff1f,resize_0.5,sidset,real,0,0.9998644590377808,data\cache\clean\test\sidset_6b7167d906f4ff1f\resize_0.5.jpg
sidset_6c4941996cd7f5fc,resize_0.5,sidset,real,0,0.789138674736023,data\cache\clean\test\sidset_6c4941996cd7f5fc\resize_0.5.jpg
sidset_759a21da57c25774,resize_0.5,sidset,real,0,0.9427411556243896,data\cache\clean\test\sidset_759a21da57c25774\resize_0.5.jpg
sidset_772850bc0fb9e17c,resize_0.5,sidset,real,0,0.8304746747016907,data\cache\clean\test\sidset_772850bc0fb9e17c\resize_0.5.jpg
sidset_796b6212cfecb3de,resize_0.5,sidset,real,0,0.7878047227859497,data\cache\clean\test\sidset_796b6212cfecb3de\resize_0.5.jpg
sidset_7974984b83c15934,resize_0.5,sidset,real,0,0.6722869277000427,data\cache\clean\test\sidset_7974984b83c15934\resize_0.5.jpg
sidset_7a55bff93d561bac,resize_0.5,sidset,real,0,0.614872395992279,data\cache\clean\test\sidset_7a55bff93d561bac\resize_0.5.jpg
sidset_8d2495ea75218578,resize_0.5,sidset,real,0,0.658940851688385,data\cache\clean\test\sidset_8d2495ea75218578\resize_0.5.jpg
sidset_918190e0dd7fc829,resize_0.5,sidset,real,0,0.6309328675270081,data\cache\clean\test\sidset_918190e0dd7fc829\resize_0.5.jpg
sidset_987ced7fd98867b5,resize_0.5,sidset,real,0,0.5010987520217896,data\cache\clean\test\sidset_987ced7fd98867b5\resize_0.5.jpg
sidset_9915729405b9e03e,resize_0.5,sidset,real,0,0.8051409125328064,data\cache\clean\test\sidset_9915729405b9e03e\resize_0.5.jpg
sidset_995429a562f1aed2,resize_0.5,sidset,real,0,0.5278359055519104,data\cache\clean\test\sidset_995429a562f1aed2\resize_0.5.jpg
sidset_a3032d75347e6fa2,resize_0.5,sidset,real,0,0.8204991817474365,data\cache\clean\test\sidset_a3032d75347e6fa2\resize_0.5.jpg
sidset_a36a612621d64289,resize_0.5,sidset,real,0,0.7842376828193665,data\cache\clean\test\sidset_a36a612621d64289\resize_0.5.jpg
sidset_a429805728e89e7d,resize_0.5,sidset,real,0,0.9941410422325134,data\cache\clean\test\sidset_a429805728e89e7d\resize_0.5.jpg
sidset_a8ad741ef85002f3,resize_0.5,sidset,real,0,0.8686656951904297,data\cache\clean\test\sidset_a8ad741ef85002f3\resize_0.5.jpg
sidset_ac54ef2834f8bc74,resize_0.5,sidset,real,0,0.7287649512290955,data\cache\clean\test\sidset_ac54ef2834f8bc74\resize_0.5.jpg
sidset_ae2a3178c574c716,resize_0.5,sidset,real,0,0.9065226316452026,data\cache\clean\test\sidset_ae2a3178c574c716\resize_0.5.jpg
sidset_b230de6baca8d392,resize_0.5,sidset,real,0,0.9231010675430298,data\cache\clean\test\sidset_b230de6baca8d392\resize_0.5.jpg
sidset_b3d460c2a4f17eff,resize_0.5,sidset,real,0,0.99664306640625,data\cache\clean\test\sidset_b3d460c2a4f17eff\resize_0.5.jpg
sidset_b56eb4cbcc71b00b,resize_0.5,sidset,real,0,0.5317003130912781,data\cache\clean\test\sidset_b56eb4cbcc71b00b\resize_0.5.jpg
sidset_bc70b06f0d603efd,resize_0.5,sidset,real,0,0.9999717473983765,data\cache\clean\test\sidset_bc70b06f0d603efd\resize_0.5.jpg
sidset_bf7100f88bf3b0f3,resize_0.5,sidset,real,0,0.6882445216178894,data\cache\clean\test\sidset_bf7100f88bf3b0f3\resize_0.5.jpg
sidset_c5a378b0ea24d25e,resize_0.5,sidset,real,0,0.9649339318275452,data\cache\clean\test\sidset_c5a378b0ea24d25e\resize_0.5.jpg
sidset_c90419b9eb89527a,resize_0.5,sidset,real,0,0.7038353085517883,data\cache\clean\test\sidset_c90419b9eb89527a\resize_0.5.jpg
sidset_cb68a83278e88b9d,resize_0.5,sidset,real,0,0.9007108211517334,data\cache\clean\test\sidset_cb68a83278e88b9d\resize_0.5.jpg
sidset_d1bccd9512c32cdc,resize_0.5,sidset,real,0,0.5273841023445129,data\cache\clean\test\sidset_d1bccd9512c32cdc\resize_0.5.jpg
sidset_d5b1f51ca14baa4e,resize_0.5,sidset,real,0,0.8085079789161682,data\cache\clean\test\sidset_d5b1f51ca14baa4e\resize_0.5.jpg
sidset_d652dc17bb0709b8,resize_0.5,sidset,real,0,0.9219388365745544,data\cache\clean\test\sidset_d652dc17bb0709b8\resize_0.5.jpg
sidset_db325b24acd0df24,resize_0.5,sidset,real,0,0.8925480246543884,data\cache\clean\test\sidset_db325b24acd0df24\resize_0.5.jpg
sidset_e14e3989daa0bebd,resize_0.5,sidset,real,0,0.5534915328025818,data\cache\clean\test\sidset_e14e3989daa0bebd\resize_0.5.jpg
sidset_e67f5961f8d7c753,resize_0.5,sidset,real,0,0.7950823903083801,data\cache\clean\test\sidset_e67f5961f8d7c753\resize_0.5.jpg
sidset_e6f037cc020a3c67,resize_0.5,sidset,real,0,0.5139559507369995,data\cache\clean\test\sidset_e6f037cc020a3c67\resize_0.5.jpg
sidset_ef3f636bfc78f3a5,resize_0.5,sidset,real,0,0.9940491914749146,data\cache\clean\test\sidset_ef3f636bfc78f3a5\resize_0.5.jpg
sidset_f250696304a3be0e,resize_0.5,sidset,real,0,0.8764650225639343,data\cache\clean\test\sidset_f250696304a3be0e\resize_0.5.jpg
sidset_f5044c17014681a8,resize_0.5,sidset,real,0,0.5059260129928589,data\cache\clean\test\sidset_f5044c17014681a8\resize_0.5.jpg
sidset_f630570a5eab971b,resize_0.5,sidset,real,0,0.7663567066192627,data\cache\clean\test\sidset_f630570a5eab971b\resize_0.5.jpg
sidset_fac95db1f3df9775,resize_0.5,sidset,real,0,0.865705132484436,data\cache\clean\test\sidset_fac95db1f3df9775\resize_0.5.jpg
sidset_fe0bec3214706d60,resize_0.5,sidset,real,0,0.990149736404419,data\cache\clean\test\sidset_fe0bec3214706d60\resize_0.5.jpg
