img_id,variant,source_dataset,generator_family,label,prob,path
cifake_0235,clean,cifake,real,0,0.546204149723053,data\cache\clean\test\cifake_0235\clean.jpg
cifake_0327 (5),clean,cifake,real,0,0.526400625705719,data\cache\clean\test\cifake_0327 (5)\clean.jpg
cifake_0618 (3),clean,cifake,real,0,0.7780107855796814,data\cache\clean\test\cifake_0618 (3)\clean.jpg
cifake_0793,clean,cifake,real,0,0.8347908854484558,data\cache\clean\test\cifake_0793\clean.jpg
cifake_0967 (9),clean,cifake,real,0,0.6516808271408081,data\cache\clean\test\cifake_0967 (9)\clean.jpg
cifake_1139,clean,cifake,real,0,0.8300500512123108,data\cache\clean\test\cifake_1139\clean.jpg
cifake_1435 (2),clean,cifake,real,0,0.6479113698005676,data\cache\clean\test\cifake_1435 (2)\clean.jpg
cifake_1974,clean,cifake,real,0,0.6229569911956787,data\cache\clean\test\cifake_1974\clean.jpg
cifake_2071,clean,cifake,real,0,0.6694948077201843,data\cache\clean\test\cifake_2071\clean.jpg
cifake_2122,clean,cifake,real,0,0.8725879192352295,data\cache\clean\test\cifake_2122\clean.jpg
cifake_2633 (10),clean,cifake,real,0,0.9409809708595276,data\cache\clean\test\cifake_2633 (10)\clean.jpg
cifake_2660,clean,cifake,real,0,0.8564220666885376,data\cache\clean\test\cifake_2660\clean.jpg
cifake_3280 (8),clean,cifake,real,0,0.7849379777908325,data\cache\clean\test\cifake_3280 (8)\clean.jpg
cifake_3819 (2),clean,cifake,real,0,0.566585898399353,data\cache\clean\test\cifake_3819 (2)\clean.jpg
cifake_3891 (3),clean,cifake,real,0,0.5522787570953369,data\cache\clean\test\cifake_3891 (3)\clean.jpg
cifake_3916 (8),clean,cifake,real,0,0.8929387927055359,data\cache\clean\test\cifake_3916 (8)\clean.jpg
cifake_4660 (5),clean,cifake,real,0,0.9689546823501587,data\cache\clean\test\cifake_4660 (5)\clean.jpg
sidset_036df955965cb2f9,clean,sidset,real,0,0.9391242265701294,data\cache\clean\test\sidset_036df955965cb2f9\clean.jpg
sidset_038789965a8f7606,clean,sidset,real,0,0.9971024394035339,data\cache\clean\test\sidset_038789965a8f7606\clean.jpg
sidset_04f2ca3f7633822b,clean,sidset,real,0,0.5348157286643982,data\cache\clean\test\sidset_04f2ca3f7633822b\clean.jpg
sidset_075db643445af8e3,clean,sidset,real,0,0.8400061726570129,data\cache\clean\test\sidset_075db643445af8e3\clean.jpg
sidset_0e40f2f48ac5ec94,clean,sidset,real,0,0.9728990197181702,data\cache\clean\test\sidset_0e40f2f48ac5ec94\clean.jpg
sidset_0f8102c25fc764ea,clean,sidset,real,0,0.9932289123535156,data\cache\clean\test\sidset_0f8102c25fc764ea\clean.jpg
sidset_1409961a28ec7db5,clean,sidset,real,0,0.5184050798416138,data\cache\clean\test\sidset_1409961a28ec7db5\clean.jpg
sidset_14312756c1c94efa,clean,sidset,real,0,0.9999982118606567,data\cache\clean\test\sidset_14312756c1c94efa\clean.jpg
sidset_1491f4f3d3cbc49e,clean,sidset,real,0,0.7179150581359863,data\cache\clean\test\sidset_1491f4f3d3cbc49e\clean.jpg
sidset_1577f06c8ee59ef0,clean,sidset,real,0,0.820264995098114,data\cache\clean\test\sidset_1577f06c8ee59ef0\clean.jpg
sidset_16c4058cc17896fc,clean,sidset,real,0,0.6507858633995056,data\cache\clean\test\sidset_16c4058cc17896fc\clean.jpg
sidset_19a1dd0dde3ed26c,clean,sidset,real,0,0.7023079991340637,data\cache\clean\test\sidset_19a1dd0dde3ed26c\clean.jpg
sidset_22164251d34be040,clean,sidset,real,0,0.9976315498352051,data\cache\clean\test\sidset_22164251d34be040\clean.jpg
sidset_22b07f2ffcaf319c,clean,sidset,real,0,0.9957654476165771,data\cache\clean\test\sidset_22b07f2ffcaf319c\clean.jpg
sidset_240eaccddb6506ef,clean,sidset,real,0,0.8185107111930847,data\cache\clean\test\sidset_240eaccddb6506ef\clean.jpg
sidset_26c389b400ea1653,clean,sidset,real,0,0.6166211366653442,data\cache\clean\test\sidset_26c389b400ea1653\clean.jpg
sidset_273848178d186e12,clean,sidset,real,0,0.5536349415779114,data\cache\clean\test\sidset_273848178d186e12\clean.jpg
sidset_310e74902f5337fc,clean,sidset,real,0,0.6116395592689514,data\cache\clean\test\sidset_310e74902f5337fc\clean.jpg
sidset_34866edcc2800ae0,clean,sidset,real,0,0.8439821004867554,data\cache\clean\test\sidset_34866edcc2800ae0\clean.jpg
sidset_36ec0b674a14714a,clean,sidset,real,0,0.9833458662033081,data\cache\clean\test\sidset_36ec0b674a14714a\clean.jpg
sidset_39a3f029e2e17dd3,clean,sidset,real,0,0.987109899520874,data\cache\clean\test\sidset_39a3f029e2e17dd3\clean.jpg
sidset_3beca4d6152a4aa5,clean,sidset,real,0,0.6663776636123657,data\cache\clean\test\sidset_3beca4d6152a4aa5\clean.jpg
sidset_3fbc4c1574ef987d,clean,sidset,real,0,0.8874245882034302,data\cache\clean\test\sidset_3fbc4c1574ef987d\clean.jpg
sidset_41fcb89ff22ef83c,clean,sidset,real,0,0.7095686197280884,data\cache\clean\test\sidset_41fcb89ff22ef83c\clean.jpg
sidset_45c5c68f5a74cd90,clean,sidset,real,0,0.9636126160621643,data\cache\clean\test\sidset_45c5c68f5a74cd90\clean.jpg
sidset_4babe6eef86c29f6,clean,sidset,real,0,0.5358690023422241,data\cache\clean\test\sidset_4babe6eef86c29f6\clean.jpg
sidset_4e4b9b1d6e8b2aca,clean,sidset,real,0,0.997797966003418,data\cache\clean\test\sidset_4e4b9b1d6e8b2aca\clean.jpg
sidset_52bf81b2d7f84101,clean,sidset,real,0,0.8896827697753906,data\cache\clean\test\sidset_52bf81b2d7f84101\clean.jpg
sidset_55ed6c0bbd54e07d,clean,sidset,real,0,0.9368956089019775,data\cache\clean\test\sidset_55ed6c0bbd54e07d\clean.jpg
sidset_5a165a26bf8ca4be,clean,sidset,real,0,0.9590569138526917,data\cache\clean\test\sidset_5a165a26bf8ca4be\clean.jpg
sidset_5ae51a789c118b75,clean,sidset,real,0,0.5571158528327942,data\cache\clean\test\sidset_5ae51a789c118b75\clean.jpg
sidset_5b291a7b5ae05cf0,clean,sidset,real,0,0.9625192284584045,data\cache\clean\test\sidset_5b291a7b5ae05cf0\clean.jpg
sidset_5b8f12b78d13bfcd,clean,sidset,real,0,0.977809727191925,data\cache\clean\test\sidset_5b8f12b78d13bfcd\clean.jpg
sidset_5ba522a91162ae70,clean,sidset,real,0,0.9998642206192017,data\cache\clean\test\sidset_5ba522a91162ae70\clean.jpg
sidset_630624a387e04a88,clean,sidset,real,0,0.923979640007019,data\cache\clean\test\sidset_630624a387e04a88\clean.jpg
sidset_68f0479b7dde7700,clean,sidset,real,0,0.9932384490966797,data\cache\clean\test\sidset_68f0479b7dde7700\clean.jpg
sidset_6b7167d906f4ff1f,clean,sidset,real,0,0.9684767723083496,data\cache\clean\test\sidset_6b7167d906f4ff1f\clean.jpg
sidset_6c4941996cd7f5fc,clean,sidset,real,0,0.9944467544555664,data\cache\clean\test\sidset_6c4941996cd7f5fc\clean.jpg
sidset_796b6212cfecb3de,clean,sidset,real,0,0.9374697804450989,data\cache\clean\test\sidset_796b6212cfecb3de\clean.jpg
sidset_7974984b83c15934,clean,sidset,real,0,0.951634407043457,data\cache\clean\test\sidset_7974984b83c15934\clean.jpg
sidset_7b550aceb5ec111f,clean,sidset,real,0,0.7760294079780579,data\cache\clean\test\sidset_7b550aceb5ec111f\clean.jpg
sidset_85928afd9860bcb5,clean,sidset,real,0,0.7837526202201843,data\cache\clean\test\sidset_85928afd9860bcb5\clean.jpg
sidset_8865c586ab64c0f9,clean,sidset,real,0,0.5228890776634216,data\cache\clean\test\sidset_8865c586ab64c0f9\clean.jpg
sidset_8d98f1eeb3935d09,clean,sidset,real,0,0.8931401371955872,data\cache\clean\test\sidset_8d98f1eeb3935d09\clean.jpg
sidset_918190e0dd7fc829,clean,sidset,real,0,0.8219714760780334,data\cache\clean\test\sidset_918190e0dd7fc829\clean.jpg
sidset_9915729405b9e03e,clean,sidset,real,0,0.641481339931488,data\cache\clean\test\sidset_9915729405b9e03e\clean.jpg
sidset_995429a562f1aed2,clean,sidset,real,0,0.8088180422782898,data\cache\clean\test\sidset_995429a562f1aed2\clean.jpg
sidset_a3032d75347e6fa2,clean,sidset,real,0,0.7621390223503113,data\cache\clean\test\sidset_a3032d75347e6fa2\clean.jpg
sidset_a4268c0135ca2c65,clean,sidset,real,0,0.6755799055099487,data\cache\clean\test\sidset_a4268c0135ca2c65\clean.jpg
sidset_a429805728e89e7d,clean,sidset,real,0,0.768412172794342,data\cache\clean\test\sidset_a429805728e89e7d\clean.jpg
sidset_ab1441008986f237,clean,sidset,real,0,0.9137952327728271,data\cache\clean\test\sidset_ab1441008986f237\clean.jpg
sidset_ac54ef2834f8bc74,clean,sidset,real,0,0.5830535888671875,data\cache\clean\test\sidset_ac54ef2834f8bc74\clean.jpg
sidset_ae2a3178c574c716,clean,sidset,real,0,0.991206705570221,data\cache\clean\test\sidset_ae2a3178c574c716\clean.jpg
sidset_b3d460c2a4f17eff,clean,sidset,real,0,0.9385440349578857,data\cache\clean\test\sidset_b3d460c2a4f17eff\clean.jpg
sidset_bc70b06f0d603efd,clean,sidset,real,0,0.999993085861206,data\cache\clean\test\sidset_bc70b06f0d603efd\clean.jpg
sidset_bf2d95dd1b29bfda,clean,sidset,real,0,0.9057382345199585,data\cache\clean\test\sidset_bf2d95dd1b29bfda\clean.jpg
sidset_bf7100f88bf3b0f3,clean,sidset,real,0,0.9831036329269409,data\cache\clean\test\sidset_bf7100f88bf3b0f3\clean.jpg
sidset_c104d5a827c3dc84,clean,sidset,real,0,0.7137568593025208,data\cache\clean\test\sidset_c104d5a827c3dc84\clean.jpg
sidset_c5a378b0ea24d25e,clean,sidset,real,0,0.9201783537864685,data\cache\clean\test\sidset_c5a378b0ea24d25e\clean.jpg
sidset_c790c7ca03b21797,clean,sidset,real,0,0.9013871550559998,data\cache\clean\test\sidset_c790c7ca03b21797\clean.jpg
sidset_c90419b9eb89527a,clean,sidset,real,0,0.9829859137535095,data\cache\clean\test\sidset_c90419b9eb89527a\clean.jpg
sidset_ca42bd15e898b092,clean,sidset,real,0,0.7108757495880127,data\cache\clean\test\sidset_ca42bd15e898b092\clean.jpg
sidset_cb68a83278e88b9d,clean,sidset,real,0,0.7246500849723816,data\cache\clean\test\sidset_cb68a83278e88b9d\clean.jpg
sidset_cc4571b1efacde65,clean,sidset,real,0,0.7915174961090088,data\cache\clean\test\sidset_cc4571b1efacde65\clean.jpg
sidset_d16d462a77a3e94c,clean,sidset,real,0,0.7798379063606262,data\cache\clean\test\sidset_d16d462a77a3e94c\clean.jpg
sidset_d652dc17bb0709b8,clean,sidset,real,0,0.948975145816803,data\cache\clean\test\sidset_d652dc17bb0709b8\clean.jpg
sidset_df089363fbc3dff5,clean,sidset,real,0,0.814092755317688,data\cache\clean\test\sidset_df089363fbc3dff5\clean.jpg
sidset_e19c80d7ff2e201b,clean,sidset,real,0,0.6423711776733398,data\cache\clean\test\sidset_e19c80d7ff2e201b\clean.jpg
sidset_e67f5961f8d7c753,clean,sidset,real,0,0.9152765870094299,data\cache\clean\test\sidset_e67f5961f8d7c753\clean.jpg
sidset_ef3f636bfc78f3a5,clean,sidset,real,0,0.9952306151390076,data\cache\clean\test\sidset_ef3f636bfc78f3a5\clean.jpg
sidset_f250696304a3be0e,clean,sidset,real,0,0.9953102469444275,data\cache\clean\test\sidset_f250696304a3be0e\clean.jpg
sidset_f2be8bd472d53987,clean,sidset,real,0,0.9628150463104248,data\cache\clean\test\sidset_f2be8bd472d53987\clean.jpg
sidset_f630570a5eab971b,clean,sidset,real,0,0.9969452023506165,data\cache\clean\test\sidset_f630570a5eab971b\clean.jpg
sidset_fac95db1f3df9775,clean,sidset,real,0,0.7411544919013977,data\cache\clean\test\sidset_fac95db1f3df9775\clean.jpg
sidset_fb820a8756e04447,clean,sidset,real,0,0.8269287347793579,data\cache\clean\test\sidset_fb820a8756e04447\clean.jpg
sidset_fe0bec3214706d60,clean,sidset,real,0,0.996437668800354,data\cache\clean\test\sidset_fe0bec3214706d60\clean.jpg
cifake_0235,blur_s0.5,cifake,real,0,0.5493882298469543,data\cache\clean\test\cifake_0235\blur_s0.5.jpg
cifake_0327 (5),blur_s0.5,cifake,real,0,0.5416045188903809,data\cache\clean\test\cifake_0327 (5)\blur_s0.5.jpg
cifake_0618 (3),blur_s0.5,cifake,real,0,0.7801763415336609,data\cache\clean\test\cifake_0618 (3)\blur_s0.5.jpg
cifake_0793,blur_s0.5,cifake,real,0,0.8285646438598633,data\cache\clean\test\cifake_0793\blur_s0.5.jpg
cifake_0967 (9),blur_s0.5,cifake,real,0,0.6454735398292542,data\cache\clean\test\cifake_0967 (9)\blur_s0.5.jpg
cifake_1139,blur_s0.5,cifake,real,0,0.8323659896850586,data\cache\clean\test\cifake_1139\blur_s0.5.jpg
cifake_1435 (2),blur_s0.5,cifake,real,0,0.6508674025535583,data\cache\clean\test\cifake_1435 (2)\blur_s0.5.jpg
cifake_1974,blur_s0.5,cifake,real,0,0.6226617693901062,data\cache\clean\test\cifake_1974\blur_s0.5.jpg
cifake_2071,blur_s0.5,cifake,real,0,0.6676346063613892,data\cache\clean\test\cifake_2071\blur_s0.5.jpg
cifake_2122,blur_s0.5,cifake,real,0,0.8757889866828918,data\cache\clean\test\cifake_2122\blur_s0.5.jpg
cifake_2633 (10),blur_s0.5,cifake,real,0,0.9409834742546082,data\cache\clean\test\cifake_2633 (10)\blur_s0.5.jpg
cifake_2660,blur_s0.5,cifake,real,0,0.8611024618148804,data\cache\clean\test\cifake_2660\blur_s0.5.jpg
cifake_3280 (8),blur_s0.5,cifake,real,0,0.8119286298751831,data\cache\clean\test\cifake_3280 (8)\blur_s0.5.jpg
cifake_3819 (2),blur_s0.5,cifake,real,0,0.5724402666091919,data\cache\clean\test\cifake_3819 (2)\blur_s0.5.jpg
cifake_3891 (3),blur_s0.5,cifake,real,0,0.5525485873222351,data\cache\clean\test\cifake_3891 (3)\blur_s0.5.jpg
cifake_3916 (8),blur_s0.5,cifake,real,0,0.8886833190917969,data\cache\clean\test\cifake_3916 (8)\blur_s0.5.jpg
cifake_4660 (5),blur_s0.5,cifake,real,0,0.9698015451431274,data\cache\clean\test\cifake_4660 (5)\blur_s0.5.jpg
sidset_036df955965cb2f9,blur_s0.5,sidset,real,0,0.8740764856338501,data\cache\clean\test\sidset_036df955965cb2f9\blur_s0.5.jpg
sidset_038789965a8f7606,blur_s0.5,sidset,real,0,0.995311439037323,data\cache\clean\test\sidset_038789965a8f7606\blur_s0.5.jpg
sidset_075db643445af8e3,blur_s0.5,sidset,real,0,0.9136582612991333,data\cache\clean\test\sidset_075db643445af8e3\blur_s0.5.jpg
sidset_0e40f2f48ac5ec94,blur_s0.5,sidset,real,0,0.854185163974762,data\cache\clean\test\sidset_0e40f2f48ac5ec94\blur_s0.5.jpg
sidset_0f8102c25fc764ea,blur_s0.5,sidset,real,0,0.9901110529899597,data\cache\clean\test\sidset_0f8102c25fc764ea\blur_s0.5.jpg
sidset_1409961a28ec7db5,blur_s0.5,sidset,real,0,0.5817104578018188,data\cache\clean\test\sidset_1409961a28ec7db5\blur_s0.5.jpg
sidset_14312756c1c94efa,blur_s0.5,sidset,real,0,0.999996542930603,data\cache\clean\test\sidset_14312756c1c94efa\blur_s0.5.jpg
sidset_1491f4f3d3cbc49e,blur_s0.5,sidset,real,0,0.7115108370780945,data\cache\clean\test\sidset_1491f4f3d3cbc49e\blur_s0.5.jpg
sidset_1577f06c8ee59ef0,blur_s0.5,sidset,real,0,0.5213533639907837,data\cache\clean\test\sidset_1577f06c8ee59ef0\blur_s0.5.jpg
sidset_16c4058cc17896fc,blur_s0.5,sidset,real,0,0.6364970803260803,data\cache\clean\test\sidset_16c4058cc17896fc\blur_s0.5.jpg
sidset_19a1dd0dde3ed26c,blur_s0.5,sidset,real,0,0.774909257888794,data\cache\clean\test\sidset_19a1dd0dde3ed26c\blur_s0.5.jpg
sidset_22164251d34be040,blur_s0.5,sidset,real,0,0.9974976181983948,data\cache\clean\test\sidset_22164251d34be040\blur_s0.5.jpg
sidset_22b07f2ffcaf319c,blur_s0.5,sidset,real,0,0.9908359050750732,data\cache\clean\test\sidset_22b07f2ffcaf319c\blur_s0.5.jpg
sidset_240eaccddb6506ef,blur_s0.5,sidset,real,0,0.8783645629882812,data\cache\clean\test\sidset_240eaccddb6506ef\blur_s0.5.jpg
sidset_26c389b400ea1653,blur_s0.5,sidset,real,0,0.6047682762145996,data\cache\clean\test\sidset_26c389b400ea1653\blur_s0.5.jpg
sidset_273848178d186e12,blur_s0.5,sidset,real,0,0.5001038908958435,data\cache\clean\test\sidset_273848178d186e12\blur_s0.5.jpg
sidset_34866edcc2800ae0,blur_s0.5,sidset,real,0,0.8282065987586975,data\cache\clean\test\sidset_34866edcc2800ae0\blur_s0.5.jpg
sidset_36ec0b674a14714a,blur_s0.5,sidset,real,0,0.9830989241600037,data\cache\clean\test\sidset_36ec0b674a14714a\blur_s0.5.jpg
sidset_39a3f029e2e17dd3,blur_s0.5,sidset,real,0,0.9857920408248901,data\cache\clean\test\sidset_39a3f029e2e17dd3\blur_s0.5.jpg
sidset_3beca4d6152a4aa5,blur_s0.5,sidset,real,0,0.6621574759483337,data\cache\clean\test\sidset_3beca4d6152a4aa5\blur_s0.5.jpg
sidset_3fbc4c1574ef987d,blur_s0.5,sidset,real,0,0.8663801550865173,data\cache\clean\test\sidset_3fbc4c1574ef987d\blur_s0.5.jpg
sidset_41fcb89ff22ef83c,blur_s0.5,sidset,real,0,0.7209932804107666,data\cache\clean\test\sidset_41fcb89ff22ef83c\blur_s0.5.jpg
sidset_45c5c68f5a74cd90,blur_s0.5,sidset,real,0,0.9559201002120972,data\cache\clean\test\sidset_45c5c68f5a74cd90\blur_s0.5.jpg
sidset_4e4b9b1d6e8b2aca,blur_s0.5,sidset,real,0,0.99676513671875,data\cache\clean\test\sidset_4e4b9b1d6e8b2aca\blur_s0.5.jpg
sidset_52bf81b2d7f84101,blur_s0.5,sidset,real,0,0.9197049736976624,data\cache\clean\test\sidset_52bf81b2d7f84101\blur_s0.5.jpg
sidset_55ed6c0bbd54e07d,blur_s0.5,sidset,real,0,0.9339549541473389,data\cache\clean\test\sidset_55ed6c0bbd54e07d\blur_s0.5.jpg
sidset_5a165a26bf8ca4be,blur_s0.5,sidset,real,0,0.9571120142936707,data\cache\clean\test\sidset_5a165a26bf8ca4be\blur_s0.5.jpg
sidset_5b291a7b5ae05cf0,blur_s0.5,sidset,real,0,0.9733486771583557,data\cache\clean\test\sidset_5b291a7b5ae05cf0\blur_s0.5.jpg
sidset_5b8f12b78d13bfcd,blur_s0.5,sidset,real,0,0.9830046892166138,data\cache\clean\test\sidset_5b8f12b78d13bfcd\blur_s0.5.jpg
sidset_5ba522a91162ae70,blur_s0.5,sidset,real,0,0.9997881054878235,data\cache\clean\test\sidset_5ba522a91162ae70\blur_s0.5.jpg
sidset_630624a387e04a88,blur_s0.5,sidset,real,0,0.8947705626487732,data\cache\clean\test\sidset_630624a387e04a88\blur_s0.5.jpg
sidset_68f0479b7dde7700,blur_s0.5,sidset,real,0,0.990022599697113,data\cache\clean\test\sidset_68f0479b7dde7700\blur_s0.5.jpg
sidset_6b7167d906f4ff1f,blur_s0.5,sidset,real,0,0.9657803773880005,data\cache\clean\test\sidset_6b7167d906f4ff1f\blur_s0.5.jpg
sidset_6c4941996cd7f5fc,blur_s0.5,sidset,real,0,0.9837728142738342,data\cache\clean\test\sidset_6c4941996cd7f5fc\blur_s0.5.jpg
sidset_796b6212cfecb3de,blur_s0.5,sidset,real,0,0.9659637808799744,data\cache\clean\test\sidset_796b6212cfecb3de\blur_s0.5.jpg
sidset_7974984b83c15934,blur_s0.5,sidset,real,0,0.9467676877975464,data\cache\clean\test\sidset_7974984b83c15934\blur_s0.5.jpg
sidset_7b550aceb5ec111f,blur_s0.5,sidset,real,0,0.8329868912696838,data\cache\clean\test\sidset_7b550aceb5ec111f\blur_s0.5.jpg
sidset_85928afd9860bcb5,blur_s0.5,sidset,real,0,0.7609050273895264,data\cache\clean\test\sidset_85928afd9860bcb5\blur_s0.5.jpg
sidset_8d98f1eeb3935d09,blur_s0.5,sidset,real,0,0.8819158673286438,data\cache\clean\test\sidset_8d98f1eeb3935d09\blur_s0.5.jpg
sidset_918190e0dd7fc829,blur_s0.5,sidset,real,0,0.7453253865242004,data\cache\clean\test\sidset_918190e0dd7fc829\blur_s0.5.jpg
sidset_9915729405b9e03e,blur_s0.5,sidset,real,0,0.5962973237037659,data\cache\clean\test\sidset_9915729405b9e03e\blur_s0.5.jpg
sidset_995429a562f1aed2,blur_s0.5,sidset,real,0,0.7937027812004089,data\cache\clean\test\sidset_995429a562f1aed2\blur_s0.5.jpg
sidset_a0c976304a971d8f,blur_s0.5,sidset,real,0,0.5696050524711609,data\cache\clean\test\sidset_a0c976304a971d8f\blur_s0.5.jpg
sidset_a3032d75347e6fa2,blur_s0.5,sidset,real,0,0.7167288064956665,data\cache\clean\test\sidset_a3032d75347e6fa2\blur_s0.5.jpg
sidset_a4268c0135ca2c65,blur_s0.5,sidset,real,0,0.7882995009422302,data\cache\clean\test\sidset_a4268c0135ca2c65\blur_s0.5.jpg
sidset_a429805728e89e7d,blur_s0.5,sidset,real,0,0.8198338747024536,data\cache\clean\test\sidset_a429805728e89e7d\blur_s0.5.jpg
sidset_ab1441008986f237,blur_s0.5,sidset,real,0,0.8999773859977722,data\cache\clean\test\sidset_ab1441008986f237\blur_s0.5.jpg
sidset_ac54ef2834f8bc74,blur_s0.5,sidset,real,0,0.5859783291816711,data\cache\clean\test\sidset_ac54ef2834f8bc74\blur_s0.5.jpg
sidset_ae2a3178c574c716,blur_s0.5,sidset,real,0,0.9907190203666687,data\cache\clean\test\sidset_ae2a3178c574c716\blur_s0.5.jpg
sidset_b3d460c2a4f17eff,blur_s0.5,sidset,real,0,0.9407826662063599,data\cache\clean\test\sidset_b3d460c2a4f17eff\blur_s0.5.jpg
sidset_bc70b06f0d603efd,blur_s0.5,sidset,real,0,0.999991774559021,data\cache\clean\test\sidset_bc70b06f0d603efd\blur_s0.5.jpg
sidset_bf236ad30956e497,blur_s0.5,sidset,real,0,0.5458741188049316,data\cache\clean\test\sidset_bf236ad30956e497\blur_s0.5.jpg
sidset_bf2d95dd1b29bfda,blur_s0.5,sidset,real,0,0.8971641063690186,data\cache\clean\test\sidset_bf2d95dd1b29bfda\blur_s0.5.jpg
sidset_bf7100f88bf3b0f3,blur_s0.5,sidset,real,0,0.9796782732009888,data\cache\clean\test\sidset_bf7100f88bf3b0f3\blur_s0.5.jpg
sidset_c104d5a827c3dc84,blur_s0.5,sidset,real,0,0.7689710855484009,data\cache\clean\test\sidset_c104d5a827c3dc84\blur_s0.5.jpg
sidset_c5a378b0ea24d25e,blur_s0.5,sidset,real,0,0.9188087582588196,data\cache\clean\test\sidset_c5a378b0ea24d25e\blur_s0.5.jpg
sidset_c790c7ca03b21797,blur_s0.5,sidset,real,0,0.884650468826294,data\cache\clean\test\sidset_c790c7ca03b21797\blur_s0.5.jpg
sidset_c90419b9eb89527a,blur_s0.5,sidset,real,0,0.9739497900009155,data\cache\clean\test\sidset_c90419b9eb89527a\blur_s0.5.jpg
sidset_ca42bd15e898b092,blur_s0.5,sidset,real,0,0.5959287881851196,data\cache\clean\test\sidset_ca42bd15e898b092\blur_s0.5.jpg
sidset_cb68a83278e88b9d,blur_s0.5,sidset,real,0,0.7446784377098083,data\cache\clean\test\sidset_cb68a83278e88b9d\blur_s0.5.jpg
sidset_cc4571b1efacde65,blur_s0.5,sidset,real,0,0.6892030835151672,data\cache\clean\test\sidset_cc4571b1efacde65\blur_s0.5.jpg
sidset_d652dc17bb0709b8,blur_s0.5,sidset,real,0,0.9640626311302185,data\cache\clean\test\sidset_d652dc17bb0709b8\blur_s0.5.jpg
sidset_df089363fbc3dff5,blur_s0.5,sidset,real,0,0.8716215491294861,data\cache\clean\test\sidset_df089363fbc3dff5\blur_s0.5.jpg
sidset_e19c80d7ff2e201b,blur_s0.5,sidset,real,0,0.7006776928901672,data\cache\clean\test\sidset_e19c80d7ff2e201b\blur_s0.5.jpg
sidset_e67f5961f8d7c753,blur_s0.5,sidset,real,0,0.8835874795913696,data\cache\clean\test\sidset_e67f5961f8d7c753\blur_s0.5.jpg
sidset_ea40598e1128af27,blur_s0.5,sidset,real,0,0.7486220598220825,data\cache\clean\test\sidset_ea40598e1128af27\blur_s0.5.jpg
sidset_ef3f636bfc78f3a5,blur_s0.5,sidset,real,0,0.9954026937484741,data\cache\clean\test\sidset_ef3f636bfc78f3a5\blur_s0.5.jpg
sidset_f250696304a3be0e,blur_s0.5,sidset,real,0,0.9938846230506897,data\cache\clean\test\sidset_f250696304a3be0e\blur_s0.5.jpg
sidset_f2be8bd472d53987,blur_s0.5,sidset,real,0,0.9530168771743774,data\cache\clean\test\sidset_f2be8bd472d53987\blur_s0.5.jpg
sidset_f630570a5eab971b,blur_s0.5,sidset,real,0,0.9978513717651367,data\cache\clean\test\sidset_f630570a5eab971b\blur_s0.5.jpg
sidset_fac95db1f3df9775,blur_s0.5,sidset,real,0,0.6801077127456665,data\cache\clean\test\sidset_fac95db1f3df9775\blur_s0.5.jpg
sidset_fb820a8756e04447,blur_s0.5,sidset,real,0,0.8459556698799133,data\cache\clean\test\sidset_fb820a8756e04447\blur_s0.5.jpg
sidset_fe0bec3214706d60,blur_s0.5,sidset,real,0,0.9964724779129028,data\cache\clean\test\sidset_fe0bec3214706d60\blur_s0.5.jpg
cifake_0235,blur_s1.0,cifake,real,0,0.5289416909217834,data\cache\clean\test\cifake_0235\blur_s1.0.jpg
cifake_0327 (5),blur_s1.0,cifake,real,0,0.5753268003463745,data\cache\clean\test\cifake_0327 (5)\blur_s1.0.jpg
cifake_0618 (3),blur_s1.0,cifake,real,0,0.7774910926818848,data\cache\clean\test\cifake_0618 (3)\blur_s1.0.jpg
cifake_0793,blur_s1.0,cifake,real,0,0.8317501544952393,data\cache\clean\test\cifake_0793\blur_s1.0.jpg
cifake_0967 (9),blur_s1.0,cifake,real,0,0.6377336978912354,data\cache\clean\test\cifake_0967 (9)\blur_s1.0.jpg
cifake_1139,blur_s1.0,cifake,real,0,0.8275134563446045,data\cache\clean\test\cifake_1139\blur_s1.0.jpg
cifake_1435 (2),blur_s1.0,cifake,real,0,0.6708593964576721,data\cache\clean\test\cifake_1435 (2)\blur_s1.0.jpg
cifake_1974,blur_s1.0,cifake,real,0,0.6051422953605652,data\cache\clean\test\cifake_1974\blur_s1.0.jpg
cifake_2071,blur_s1.0,cifake,real,0,0.6651720404624939,data\cache\clean\test\cifake_2071\blur_s1.0.jpg
cifake_2122,blur_s1.0,cifake,real,0,0.8706849217414856,data\cache\clean\test\cifake_2122\blur_s1.0.jpg
cifake_2633 (10),blur_s1.0,cifake,real,0,0.9497104287147522,data\cache\clean\test\cifake_2633 (10)\blur_s1.0.jpg
cifake_2660,blur_s1.0,cifake,real,0,0.8523926138877869,data\cache\clean\test\cifake_2660\blur_s1.0.jpg
cifake_3280 (8),blur_s1.0,cifake,real,0,0.8076486587524414,data\cache\clean\test\cifake_3280 (8)\blur_s1.0.jpg
cifake_3819 (2),blur_s1.0,cifake,real,0,0.564956545829773,data\cache\clean\test\cifake_3819 (2)\blur_s1.0.jpg
cifake_3891 (3),blur_s1.0,cifake,real,0,0.5517357587814331,data\cache\clean\test\cifake_3891 (3)\blur_s1.0.jpg
cifake_3916 (8),blur_s1.0,cifake,real,0,0.9067345857620239,data\cache\clean\test\cifake_3916 (8)\blur_s1.0.jpg
cifake_4660 (5),blur_s1.0,cifake,real,0,0.9682374596595764,data\cache\clean\test\cifake_4660 (5)\blur_s1.0.jpg
sidset_02eb47f790cba404,blur_s1.0,sidset,real,0,0.5597636699676514,data\cache\clean\test\sidset_02eb47f790cba404\blur_s1.0.jpg
sidset_036df955965cb2f9,blur_s1.0,sidset,real,0,0.7250983715057373,data\cache\clean\test\sidset_036df955965cb2f9\blur_s1.0.jpg
sidset_038789965a8f7606,blur_s1.0,sidset,real,0,0.99444580078125,data\cache\clean\test\sidset_038789965a8f7606\blur_s1.0.jpg
sidset_075db643445af8e3,blur_s1.0,sidset,real,0,0.941933810710907,data\cache\clean\test\sidset_075db643445af8e3\blur_s1.0.jpg
sidset_0e40f2f48ac5ec94,blur_s1.0,sidset,real,0,0.5550503730773926,data\cache\clean\test\sidset_0e40f2f48ac5ec94\blur_s1.0.jpg
sidset_0f8102c25fc764ea,blur_s1.0,sidset,real,0,0.9823698997497559,data\cache\clean\test\sidset_0f8102c25fc764ea\blur_s1.0.jpg
sidset_14312756c1c94efa,blur_s1.0,sidset,real,0,0.999976634979248,data\cache\clean\test\sidset_14312756c1c94efa\blur_s1.0.jpg
sidset_1491f4f3d3cbc49e,blur_s1.0,sidset,real,0,0.6272835731506348,data\cache\clean\test\sidset_1491f4f3d3cbc49e\blur_s1.0.jpg
sidset_16c4058cc17896fc,blur_s1.0,sidset,real,0,0.6885915398597717,data\cache\clean\test\sidset_16c4058cc17896fc\blur_s1.0.jpg
sidset_19a1dd0dde3ed26c,blur_s1.0,sidset,real,0,0.7714254260063171,data\cache\clean\test\sidset_19a1dd0dde3ed26c\blur_s1.0.jpg
sidset_22164251d34be040,blur_s1.0,sidset,real,0,0.9972649812698364,data\cache\clean\test\sidset_22164251d34be040\blur_s1.0.jpg
sidset_22b07f2ffcaf319c,blur_s1.0,sidset,real,0,0.9848347902297974,data\cache\clean\test\sidset_22b07f2ffcaf319c\blur_s1.0.jpg
sidset_240eaccddb6506ef,blur_s1.0,sidset,real,0,0.7873551845550537,data\cache\clean\test\sidset_240eaccddb6506ef\blur_s1.0.jpg
sidset_2eedc416deac0f71,blur_s1.0,sidset,real,0,0.7001509070396423,data\cache\clean\test\sidset_2eedc416deac0f71\blur_s1.0.jpg
sidset_31d44fee2c336e78,blur_s1.0,sidset,real,0,0.5724437832832336,data\cache\clean\test\sidset_31d44fee2c336e78\blur_s1.0.jpg
sidset_34866edcc2800ae0,blur_s1.0,sidset,real,0,0.7062538266181946,data\cache\clean\test\sidset_34866edcc2800ae0\blur_s1.0.jpg
sidset_34cdb10173e55171,blur_s1.0,sidset,real,0,0.5814743638038635,data\cache\clean\test\sidset_34cdb10173e55171\blur_s1.0.jpg
sidset_36ec0b674a14714a,blur_s1.0,sidset,real,0,0.9820644855499268,data\cache\clean\test\sidset_36ec0b674a14714a\blur_s1.0.jpg
sidset_39a3f029e2e17dd3,blur_s1.0,sidset,real,0,0.9824526309967041,data\cache\clean\test\sidset_39a3f029e2e17dd3\blur_s1.0.jpg
sidset_3beca4d6152a4aa5,blur_s1.0,sidset,real,0,0.5971952080726624,data\cache\clean\test\sidset_3beca4d6152a4aa5\blur_s1.0.jpg
sidset_3fbc4c1574ef987d,blur_s1.0,sidset,real,0,0.8864263296127319,data\cache\clean\test\sidset_3fbc4c1574ef987d\blur_s1.0.jpg
sidset_41fcb89ff22ef83c,blur_s1.0,sidset,real,0,0.7483415007591248,data\cache\clean\test\sidset_41fcb89ff22ef83c\blur_s1.0.jpg
sidset_44062c28bab0688d,blur_s1.0,sidset,real,0,0.535750150680542,data\cache\clean\test\sidset_44062c28bab0688d\blur_s1.0.jpg
sidset_45c5c68f5a74cd90,blur_s1.0,sidset,real,0,0.8817758560180664,data\cache\clean\test\sidset_45c5c68f5a74cd90\blur_s1.0.jpg
sidset_4e4b9b1d6e8b2aca,blur_s1.0,sidset,real,0,0.9967820644378662,data\cache\clean\test\sidset_4e4b9b1d6e8b2aca\blur_s1.0.jpg
sidset_524db7cc1caac0b0,blur_s1.0,sidset,real,0,0.5886949896812439,data\cache\clean\test\sidset_524db7cc1caac0b0\blur_s1.0.jpg
sidset_52bf81b2d7f84101,blur_s1.0,sidset,real,0,0.8975963592529297,data\cache\clean\test\sidset_52bf81b2d7f84101\blur_s1.0.jpg
sidset_55ed6c0bbd54e07d,blur_s1.0,sidset,real,0,0.9234675168991089,data\cache\clean\test\sidset_55ed6c0bbd54e07d\blur_s1.0.jpg
sidset_59fe7b3f437e993b,blur_s1.0,sidset,real,0,0.522794246673584,data\cache\clean\test\sidset_59fe7b3f437e993b\blur_s1.0.jpg
sidset_5a165a26bf8ca4be,blur_s1.0,sidset,real,0,0.9671611189842224,data\cache\clean\test\sidset_5a165a26bf8ca4be\blur_s1.0.jpg
sidset_5b291a7b5ae05cf0,blur_s1.0,sidset,real,0,0.9846141338348389,data\cache\clean\test\sidset_5b291a7b5ae05cf0\blur_s1.0.jpg
sidset_5b8f12b78d13bfcd,blur_s1.0,sidset,real,0,0.9823229908943176,data\cache\clean\test\sidset_5b8f12b78d13bfcd\blur_s1.0.jpg
sidset_5ba522a91162ae70,blur_s1.0,sidset,real,0,0.9998363256454468,data\cache\clean\test\sidset_5ba522a91162ae70\blur_s1.0.jpg
sidset_630624a387e04a88,blur_s1.0,sidset,real,0,0.796384871006012,data\cache\clean\test\sidset_630624a387e04a88\blur_s1.0.jpg
sidset_68f0479b7dde7700,blur_s1.0,sidset,real,0,0.9760593175888062,data\cache\clean\test\sidset_68f0479b7dde7700\blur_s1.0.jpg
sidset_6b7167d906f4ff1f,blur_s1.0,sidset,real,0,0.9925379157066345,data\cache\clean\test\sidset_6b7167d906f4ff1f\blur_s1.0.jpg
sidset_6c4941996cd7f5fc,blur_s1.0,sidset,real,0,0.9661096930503845,data\cache\clean\test\sidset_6c4941996cd7f5fc\blur_s1.0.jpg
sidset_796b6212cfecb3de,blur_s1.0,sidset,real,0,0.9821000099182129,data\cache\clean\test\sidset_796b6212cfecb3de\blur_s1.0.jpg
sidset_7974984b83c15934,blur_s1.0,sidset,real,0,0.9556087851524353,data\cache\clean\test\sidset_7974984b83c15934\blur_s1.0.jpg
sidset_7b550aceb5ec111f,blur_s1.0,sidset,real,0,0.912562370300293,data\cache\clean\test\sidset_7b550aceb5ec111f\blur_s1.0.jpg
sidset_85928afd9860bcb5,blur_s1.0,sidset,real,0,0.6917105913162231,data\cache\clean\test\sidset_85928afd9860bcb5\blur_s1.0.jpg
sidset_8d98f1eeb3935d09,blur_s1.0,sidset,real,0,0.8764060139656067,data\cache\clean\test\sidset_8d98f1eeb3935d09\blur_s1.0.jpg
sidset_918190e0dd7fc829,blur_s1.0,sidset,real,0,0.6722987294197083,data\cache\clean\test\sidset_918190e0dd7fc829\blur_s1.0.jpg
sidset_9915729405b9e03e,blur_s1.0,sidset,real,0,0.6974378824234009,data\cache\clean\test\sidset_9915729405b9e03e\blur_s1.0.jpg
sidset_995429a562f1aed2,blur_s1.0,sidset,real,0,0.7673829197883606,data\cache\clean\test\sidset_995429a562f1aed2\blur_s1.0.jpg
sidset_a0c976304a971d8f,blur_s1.0,sidset,real,0,0.5769263505935669,data\cache\clean\test\sidset_a0c976304a971d8f\blur_s1.0.jpg
sidset_a3032d75347e6fa2,blur_s1.0,sidset,real,0,0.7272015810012817,data\cache\clean\test\sidset_a3032d75347e6fa2\blur_s1.0.jpg
sidset_a4268c0135ca2c65,blur_s1.0,sidset,real,0,0.5281701683998108,data\cache\clean\test\sidset_a4268c0135ca2c65\blur_s1.0.jpg
sidset_a429805728e89e7d,blur_s1.0,sidset,real,0,0.8997510671615601,data\cache\clean\test\sidset_a429805728e89e7d\blur_s1.0.jpg
sidset_a9461d28df2d46d8,blur_s1.0,sidset,real,0,0.6214636564254761,data\cache\clean\test\sidset_a9461d28df2d46d8\blur_s1.0.jpg
sidset_ab1441008986f237,blur_s1.0,sidset,real,0,0.6462548971176147,data\cache\clean\test\sidset_ab1441008986f237\blur_s1.0.jpg
sidset_ac54ef2834f8bc74,blur_s1.0,sidset,real,0,0.5460658669471741,data\cache\clean\test\sidset_ac54ef2834f8bc74\blur_s1.0.jpg
sidset_ae2a3178c574c716,blur_s1.0,sidset,real,0,0.9441710114479065,data\cache\clean\test\sidset_ae2a3178c574c716\blur_s1.0.jpg
sidset_b3d460c2a4f17eff,blur_s1.0,sidset,real,0,0.9390195608139038,data\cache\clean\test\sidset_b3d460c2a4f17eff\blur_s1.0.jpg
sidset_bc70b06f0d603efd,blur_s1.0,sidset,real,0,0.999988317489624,data\cache\clean\test\sidset_bc70b06f0d603efd\blur_s1.0.jpg
sidset_bf236ad30956e497,blur_s1.0,sidset,real,0,0.7072754502296448,data\cache\clean\test\sidset_bf236ad30956e497\blur_s1.0.jpg
sidset_bf2d95dd1b29bfda,blur_s1.0,sidset,real,0,0.827708899974823,data\cache\clean\test\sidset_bf2d95dd1b29bfda\blur_s1.0.jpg
sidset_bf7100f88bf3b0f3,blur_s1.0,sidset,real,0,0.946640133857727,data\cache\clean\test\sidset_bf7100f88bf3b0f3\blur_s1.0.jpg
sidset_c104d5a827c3dc84,blur_s1.0,sidset,real,0,0.7743182182312012,data\cache\clean\test\sidset_c104d5a827c3dc84\blur_s1.0.jpg
sidset_c5a378b0ea24d25e,blur_s1.0,sidset,real,0,0.9199108481407166,data\cache\clean\test\sidset_c5a378b0ea24d25e\blur_s1.0.jpg
sidset_c790c7ca03b21797,blur_s1.0,sidset,real,0,0.8904377222061157,data\cache\clean\test\sidset_c790c7ca03b21797\blur_s1.0.jpg
sidset_c90419b9eb89527a,blur_s1.0,sidset,real,0,0.8956866264343262,data\cache\clean\test\sidset_c90419b9eb89527a\blur_s1.0.jpg
sidset_ca42bd15e898b092,blur_s1.0,sidset,real,0,0.5617704391479492,data\cache\clean\test\sidset_ca42bd15e898b092\blur_s1.0.jpg
sidset_cb68a83278e88b9d,blur_s1.0,sidset,real,0,0.8121031522750854,data\cache\clean\test\sidset_cb68a83278e88b9d\blur_s1.0.jpg
sidset_cc4571b1efacde65,blur_s1.0,sidset,real,0,0.6373170614242554,data\cache\clean\test\sidset_cc4571b1efacde65\blur_s1.0.jpg
sidset_ce09a25a50fdfe47,blur_s1.0,sidset,real,0,0.8292191624641418,data\cache\clean\test\sidset_ce09a25a50fdfe47\blur_s1.0.jpg
sidset_d652dc17bb0709b8,blur_s1.0,sidset,real,0,0.9622502326965332,data\cache\clean\test\sidset_d652dc17bb0709b8\blur_s1.0.jpg
sidset_db325b24acd0df24,blur_s1.0,sidset,real,0,0.5263059735298157,data\cache\clean\test\sidset_db325b24acd0df24\blur_s1.0.jpg
sidset_df089363fbc3dff5,blur_s1.0,sidset,real,0,0.9613745212554932,data\cache\clean\test\sidset_df089363fbc3dff5\blur_s1.0.jpg
sidset_e19c80d7ff2e201b,blur_s1.0,sidset,real,0,0.6363425254821777,data\cache\clean\test\sidset_e19c80d7ff2e201b\blur_s1.0.jpg
sidset_e67f5961f8d7c753,blur_s1.0,sidset,real,0,0.8368061184883118,data\cache\clean\test\sidset_e67f5961f8d7c753\blur_s1.0.jpg
sidset_ea40598e1128af27,blur_s1.0,sidset,real,0,0.8806405067443848,data\cache\clean\test\sidset_ea40598e1128af27\blur_s1.0.jpg
sidset_ef3f636bfc78f3a5,blur_s1.0,sidset,real,0,0.991600513458252,data\cache\clean\test\sidset_ef3f636bfc78f3a5\blur_s1.0.jpg
sidset_f20a6b1e60fc7de3,blur_s1.0,sidset,real,0,0.5852834582328796,data\cache\clean\test\sidset_f20a6b1e60fc7de3\blur_s1.0.jpg
sidset_f250696304a3be0e,blur_s1.0,sidset,real,0,0.9901066422462463,data\cache\clean\test\sidset_f250696304a3be0e\blur_s1.0.jpg
sidset_f2be8bd472d53987,blur_s1.0,sidset,real,0,0.8377931118011475,data\cache\clean\test\sidset_f2be8bd472d53987\blur_s1.0.jpg
sidset_f630570a5eab971b,blur_s1.0,sidset,real,0,0.9957422614097595,data\cache\clean\test\sidset_f630570a5eab971b\blur_s1.0.jpg
sidset_fb820a8756e04447,blur_s1.0,sidset,real,0,0.9067757725715637,data\cache\clean\test\sidset_fb820a8756e04447\blur_s1.0.jpg
sidset_fe0bec3214706d60,blur_s1.0,sidset,real,0,0.994650661945343,data\cache\clean\test\sidset_fe0bec3214706d60\blur_s1.0.jpg
cifake_0235,blur_s2.0,cifake,real,0,0.5544485449790955,data\cache\clean\test\cifake_0235\blur_s2.0.jpg
cifake_0618 (3),blur_s2.0,cifake,real,0,0.7857542037963867,data\cache\clean\test\cifake_0618 (3)\blur_s2.0.jpg
cifake_0793,blur_s2.0,cifake,real,0,0.8265600800514221,data\cache\clean\test\cifake_0793\blur_s2.0.jpg
cifake_0967 (9),blur_s2.0,cifake,real,0,0.5904723405838013,data\cache\clean\test\cifake_0967 (9)\blur_s2.0.jpg
cifake_1139,blur_s2.0,cifake,real,0,0.8049452900886536,data\cache\clean\test\cifake_1139\blur_s2.0.jpg
cifake_1974,blur_s2.0,cifake,real,0,0.5308405160903931,data\cache\clean\test\cifake_1974\blur_s2.0.jpg
cifake_2071,blur_s2.0,cifake,real,0,0.6826215386390686,data\cache\clean\test\cifake_2071\blur_s2.0.jpg
cifake_2122,blur_s2.0,cifake,real,0,0.8367646932601929,data\cache\clean\test\cifake_2122\blur_s2.0.jpg
cifake_2633 (10),blur_s2.0,cifake,real,0,0.9745804667472839,data\cache\clean\test\cifake_2633 (10)\blur_s2.0.jpg
cifake_2660,blur_s2.0,cifake,real,0,0.824578583240509,data\cache\clean\test\cifake_2660\blur_s2.0.jpg
cifake_3280 (8),blur_s2.0,cifake,real,0,0.8041000366210938,data\cache\clean\test\cifake_3280 (8)\blur_s2.0.jpg
cifake_3891 (3),blur_s2.0,cifake,real,0,0.5148606300354004,data\cache\clean\test\cifake_3891 (3)\blur_s2.0.jpg
cifake_3916 (8),blur_s2.0,cifake,real,0,0.8758605718612671,data\cache\clean\test\cifake_3916 (8)\blur_s2.0.jpg
cifake_4660 (5),blur_s2.0,cifake,real,0,0.9654766917228699,data\cache\clean\test\cifake_4660 (5)\blur_s2.0.jpg
sidset_036df955965cb2f9,blur_s2.0,sidset,real,0,0.9049622416496277,data\cache\clean\test\sidset_036df955965cb2f9\blur_s2.0.jpg
sidset_038789965a8f7606,blur_s2.0,sidset,real,0,0.9803609848022461,data\cache\clean\test\sidset_038789965a8f7606\blur_s2.0.jpg
sidset_04f2ca3f7633822b,blur_s2.0,sidset,real,0,0.5561820268630981,data\cache\clean\test\sidset_04f2ca3f7633822b\blur_s2.0.jpg
sidset_075db643445af8e3,blur_s2.0,sidset,real,0,0.9983668923377991,data\cache\clean\test\sidset_075db643445af8e3\blur_s2.0.jpg
sidset_0e40f2f48ac5ec94,blur_s2.0,sidset,real,0,0.7512311935424805,data\cache\clean\test\sidset_0e40f2f48ac5ec94\blur_s2.0.jpg
sidset_0f8102c25fc764ea,blur_s2.0,sidset,real,0,0.9110778570175171,data\cache\clean\test\sidset_0f8102c25fc764ea\blur_s2.0.jpg
sidset_14312756c1c94efa,blur_s2.0,sidset,real,0,0.99991774559021,data\cache\clean\test\sidset_14312756c1c94efa\blur_s2.0.jpg
sidset_1491f4f3d3cbc49e,blur_s2.0,sidset,real,0,0.5852874517440796,data\cache\clean\test\sidset_1491f4f3d3cbc49e\blur_s2.0.jpg
sidset_1577f06c8ee59ef0,blur_s2.0,sidset,real,0,0.6757374405860901,data\cache\clean\test\sidset_1577f06c8ee59ef0\blur_s2.0.jpg
sidset_19a1dd0dde3ed26c,blur_s2.0,sidset,real,0,0.8366774916648865,data\cache\clean\test\sidset_19a1dd0dde3ed26c\blur_s2.0.jpg
sidset_1dff9756ab9d9e0a,blur_s2.0,sidset,real,0,0.8165435194969177,data\cache\clean\test\sidset_1dff9756ab9d9e0a\blur_s2.0.jpg
sidset_22164251d34be040,blur_s2.0,sidset,real,0,0.9735192656517029,data\cache\clean\test\sidset_22164251d34be040\blur_s2.0.jpg
sidset_22b07f2ffcaf319c,blur_s2.0,sidset,real,0,0.9964262843132019,data\cache\clean\test\sidset_22b07f2ffcaf319c\blur_s2.0.jpg
sidset_240eaccddb6506ef,blur_s2.0,sidset,real,0,0.6778054237365723,data\cache\clean\test\sidset_240eaccddb6506ef\blur_s2.0.jpg
sidset_27286bb6ddad2063,blur_s2.0,sidset,real,0,0.5229004621505737,data\cache\clean\test\sidset_27286bb6ddad2063\blur_s2.0.jpg
sidset_2800b0abf266ffba,blur_s2.0,sidset,real,0,0.7345549464225769,data\cache\clean\test\sidset_2800b0abf266ffba\blur_s2.0.jpg
sidset_2c7cd831752d6b09,blur_s2.0,sidset,real,0,0.8928560018539429,data\cache\clean\test\sidset_2c7cd831752d6b09\blur_s2.0.jpg
sidset_31d44fee2c336e78,blur_s2.0,sidset,real,0,0.886271059513092,data\cache\clean\test\sidset_31d44fee2c336e78\blur_s2.0.jpg
sidset_34866edcc2800ae0,blur_s2.0,sidset,real,0,0.8070224523544312,data\cache\clean\test\sidset_34866edcc2800ae0\blur_s2.0.jpg
sidset_36ec0b674a14714a,blur_s2.0,sidset,real,0,0.9625301361083984,data\cache\clean\test\sidset_36ec0b674a14714a\blur_s2.0.jpg
sidset_39a3f029e2e17dd3,blur_s2.0,sidset,real,0,0.9879194498062134,data\cache\clean\test\sidset_39a3f029e2e17dd3\blur_s2.0.jpg
sidset_41fcb89ff22ef83c,blur_s2.0,sidset,real,0,0.9548009634017944,data\cache\clean\test\sidset_41fcb89ff22ef83c\blur_s2.0.jpg
sidset_45a6cb8b20ae57d2,blur_s2.0,sidset,real,0,0.5015610456466675,data\cache\clean\test\sidset_45a6cb8b20ae57d2\blur_s2.0.jpg
sidset_45c5c68f5a74cd90,blur_s2.0,sidset,real,0,0.6571788191795349,data\cache\clean\test\sidset_45c5c68f5a74cd90\blur_s2.0.jpg
sidset_47927d08b0f027e7,blur_s2.0,sidset,real,0,0.5821954011917114,data\cache\clean\test\sidset_47927d08b0f027e7\blur_s2.0.jpg
sidset_4e4b9b1d6e8b2aca,blur_s2.0,sidset,real,0,0.9981060028076172,data\cache\clean\test\sidset_4e4b9b1d6e8b2aca\blur_s2.0.jpg
sidset_52bf81b2d7f84101,blur_s2.0,sidset,real,0,0.7035412788391113,data\cache\clean\test\sidset_52bf81b2d7f84101\blur_s2.0.jpg
sidset_55ed6c0bbd54e07d,blur_s2.0,sidset,real,0,0.814247727394104,data\cache\clean\test\sidset_55ed6c0bbd54e07d\blur_s2.0.jpg
sidset_5a165a26bf8ca4be,blur_s2.0,sidset,real,0,0.9847413897514343,data\cache\clean\test\sidset_5a165a26bf8ca4be\blur_s2.0.jpg
sidset_5b291a7b5ae05cf0,blur_s2.0,sidset,real,0,0.9845199584960938,data\cache\clean\test\sidset_5b291a7b5ae05cf0\blur_s2.0.jpg
sidset_5b8f12b78d13bfcd,blur_s2.0,sidset,real,0,0.9845393300056458,data\cache\clean\test\sidset_5b8f12b78d13bfcd\blur_s2.0.jpg
sidset_5ba522a91162ae70,blur_s2.0,sidset,real,0,0.9999226331710815,data\cache\clean\test\sidset_5ba522a91162ae70\blur_s2.0.jpg
sidset_5c175a143c23a7b8,blur_s2.0,sidset,real,0,0.7891791462898254,data\cache\clean\test\sidset_5c175a143c23a7b8\blur_s2.0.jpg
sidset_656916e9c7039df4,blur_s2.0,sidset,real,0,0.9440078735351562,data\cache\clean\test\sidset_656916e9c7039df4\blur_s2.0.jpg
sidset_68f0479b7dde7700,blur_s2.0,sidset,real,0,0.9704291820526123,data\cache\clean\test\sidset_68f0479b7dde7700\blur_s2.0.jpg
sidset_6b7167d906f4ff1f,blur_s2.0,sidset,real,0,0.9879514575004578,data\cache\clean\test\sidset_6b7167d906f4ff1f\blur_s2.0.jpg
sidset_6c4941996cd7f5fc,blur_s2.0,sidset,real,0,0.9769013524055481,data\cache\clean\test\sidset_6c4941996cd7f5fc\blur_s2.0.jpg
sidset_759a21da57c25774,blur_s2.0,sidset,real,0,0.938453197479248,data\cache\clean\test\sidset_759a21da57c25774\blur_s2.0.jpg
sidset_772850bc0fb9e17c,blur_s2.0,sidset,real,0,0.9079063534736633,data\cache\clean\test\sidset_772850bc0fb9e17c\blur_s2.0.jpg
sidset_789adfb30711725a,blur_s2.0,sidset,real,0,0.7582014799118042,data\cache\clean\test\sidset_789adfb30711725a\blur_s2.0.jpg
sidset_796b6212cfecb3de,blur_s2.0,sidset,real,0,0.8823884725570679,data\cache\clean\test\sidset_796b6212cfecb3de\blur_s2.0.jpg
sidset_7974984b83c15934,blur_s2.0,sidset,real,0,0.9386571645736694,data\cache\clean\test\sidset_7974984b83c15934\blur_s2.0.jpg
sidset_7b550aceb5ec111f,blur_s2.0,sidset,real,0,0.8430160284042358,data\cache\clean\test\sidset_7b550aceb5ec111f\blur_s2.0.jpg
sidset_7f1ce0ac000e1d6c,blur_s2.0,sidset,real,0,0.5049422383308411,data\cache\clean\test\sidset_7f1ce0ac000e1d6c\blur_s2.0.jpg
sidset_85928afd9860bcb5,blur_s2.0,sidset,real,0,0.5552324056625366,data\cache\clean\test\sidset_85928afd9860bcb5\blur_s2.0.jpg
sidset_8d98f1eeb3935d09,blur_s2.0,sidset,real,0,0.8623064160346985,data\cache\clean\test\sidset_8d98f1eeb3935d09\blur_s2.0.jpg
sidset_918190e0dd7fc829,blur_s2.0,sidset,real,0,0.9147669672966003,data\cache\clean\test\sidset_918190e0dd7fc829\blur_s2.0.jpg
sidset_9811f04611ad082c,blur_s2.0,sidset,real,0,0.7533428072929382,data\cache\clean\test\sidset_9811f04611ad082c\blur_s2.0.jpg
sidset_9915729405b9e03e,blur_s2.0,sidset,real,0,0.8279467821121216,data\cache\clean\test\sidset_9915729405b9e03e\blur_s2.0.jpg
sidset_995429a562f1aed2,blur_s2.0,sidset,real,0,0.9542943239212036,data\cache\clean\test\sidset_995429a562f1aed2\blur_s2.0.jpg
sidset_9e2a9b16ff46f867,blur_s2.0,sidset,real,0,0.665429413318634,data\cache\clean\test\sidset_9e2a9b16ff46f867\blur_s2.0.jpg
sidset_a3032d75347e6fa2,blur_s2.0,sidset,real,0,0.8426041603088379,data\cache\clean\test\sidset_a3032d75347e6fa2\blur_s2.0.jpg
sidset_a36a612621d64289,blur_s2.0,sidset,real,0,0.5087236762046814,data\cache\clean\test\sidset_a36a612621d64289\blur_s2.0.jpg
sidset_a429805728e89e7d,blur_s2.0,sidset,real,0,0.9986157417297363,data\cache\clean\test\sidset_a429805728e89e7d\blur_s2.0.jpg
sidset_a8ad741ef85002f3,blur_s2.0,sidset,real,0,0.5361912250518799,data\cache\clean\test\sidset_a8ad741ef85002f3\blur_s2.0.jpg
sidset_a9461d28df2d46d8,blur_s2.0,sidset,real,0,0.7858935594558716,data\cache\clean\test\sidset_a9461d28df2d46d8\blur_s2.0.jpg
sidset_abb21498da6986f6,blur_s2.0,sidset,real,0,0.5693084597587585,data\cache\clean\test\sidset_abb21498da6986f6\blur_s2.0.jpg
sidset_ac54ef2834f8bc74,blur_s2.0,sidset,real,0,0.9126855731010437,data\cache\clean\test\sidset_ac54ef2834f8bc74\blur_s2.0.jpg
sidset_ada487d9073d8dd5,blur_s2.0,sidset,real,0,0.9788611531257629,data\cache\clean\test\sidset_ada487d9073d8dd5\blur_s2.0.jpg
sidset_addaecf6bdb9e66b,blur_s2.0,sidset,real,0,0.9417250752449036,data\cache\clean\test\sidset_addaecf6bdb9e66b\blur_s2.0.jpg
sidset_b3d460c2a4f17eff,blur_s2.0,sidset,real,0,0.9443361759185791,data\cache\clean\test\sidset_b3d460c2a4f17eff\blur_s2.0.jpg
sidset_bc70b06f0d603efd,blur_s2.0,sidset,real,0,0.999997615814209,data\cache\clean\test\sidset_bc70b06f0d603efd\blur_s2.0.jpg
sidset_bf236ad30956e497,blur_s2.0,sidset,real,0,0.7698433995246887,data\cache\clean\test\sidset_bf236ad30956e497\blur_s2.0.jpg
sidset_bf7100f88bf3b0f3,blur_s2.0,sidset,real,0,0.9813093543052673,data\cache\clean\test\sidset_bf7100f88bf3b0f3\blur_s2.0.jpg
sidset_c104d5a827c3dc84,blur_s2.0,sidset,real,0,0.9979910850524902,data\cache\clean\test\sidset_c104d5a827c3dc84\blur_s2.0.jpg
sidset_c5a378b0ea24d25e,blur_s2.0,sidset,real,0,0.8712191581726074,data\cache\clean\test\sidset_c5a378b0ea24d25e\blur_s2.0.jpg
sidset_c790c7ca03b21797,blur_s2.0,sidset,real,0,0.5797938108444214,data\cache\clean\test\sidset_c790c7ca03b21797\blur_s2.0.jpg
sidset_c7d3774f16039f96,blur_s2.0,sidset,real,0,0.6775327324867249,data\cache\clean\test\sidset_c7d3774f16039f96\blur_s2.0.jpg
sidset_c90419b9eb89527a,blur_s2.0,sidset,real,0,0.9322241544723511,data\cache\clean\test\sidset_c90419b9eb89527a\blur_s2.0.jpg
sidset_cb68a83278e88b9d,blur_s2.0,sidset,real,0,0.9416194558143616,data\cache\clean\test\sidset_cb68a83278e88b9d\blur_s2.0.jpg
sidset_cc4571b1efacde65,blur_s2.0,sidset,real,0,0.7304816842079163,data\cache\clean\test\sidset_cc4571b1efacde65\blur_s2.0.jpg
sidset_ce09a25a50fdfe47,blur_s2.0,sidset,real,0,0.9895766973495483,data\cache\clean\test\sidset_ce09a25a50fdfe47\blur_s2.0.jpg
sidset_cfa694ce3bb2538c,blur_s2.0,sidset,real,0,0.7563031911849976,data\cache\clean\test\sidset_cfa694ce3bb2538c\blur_s2.0.jpg
sidset_d1bccd9512c32cdc,blur_s2.0,sidset,real,0,0.603354275226593,data\cache\clean\test\sidset_d1bccd9512c32cdc\blur_s2.0.jpg
sidset_d652dc17bb0709b8,blur_s2.0,sidset,real,0,0.9009490013122559,data\cache\clean\test\sidset_d652dc17bb0709b8\blur_s2.0.jpg
sidset_db325b24acd0df24,blur_s2.0,sidset,real,0,0.9720081090927124,data\cache\clean\test\sidset_db325b24acd0df24\blur_s2.0.jpg
sidset_dc7c8d1d5287d015,blur_s2.0,sidset,real,0,0.5767489671707153,data\cache\clean\test\sidset_dc7c8d1d5287d015\blur_s2.0.jpg
sidset_df089363fbc3dff5,blur_s2.0,sidset,real,0,0.9907844066619873,data\cache\clean\test\sidset_df089363fbc3dff5\blur_s2.0.jpg
sidset_e19c80d7ff2e201b,blur_s2.0,sidset,real,0,0.605980634689331,data\cache\clean\test\sidset_e19c80d7ff2e201b\blur_s2.0.jpg
sidset_e67f5961f8d7c753,blur_s2.0,sidset,real,0,0.9278101325035095,data\cache\clean\test\sidset_e67f5961f8d7c753\blur_s2.0.jpg
sidset_e7250acece7d41f5,blur_s2.0,sidset,real,0,0.8374809622764587,data\cache\clean\test\sidset_e7250acece7d41f5\blur_s2.0.jpg
sidset_ea40598e1128af27,blur_s2.0,sidset,real,0,0.6920109987258911,data\cache\clean\test\sidset_ea40598e1128af27\blur_s2.0.jpg
sidset_ef3f636bfc78f3a5,blur_s2.0,sidset,real,0,0.9370678663253784,data\cache\clean\test\sidset_ef3f636bfc78f3a5\blur_s2.0.jpg
sidset_f250696304a3be0e,blur_s2.0,sidset,real,0,0.9706816077232361,data\cache\clean\test\sidset_f250696304a3be0e\blur_s2.0.jpg
sidset_f2be8bd472d53987,blur_s2.0,sidset,real,0,0.9705607295036316,data\cache\clean\test\sidset_f2be8bd472d53987\blur_s2.0.jpg
sidset_f630570a5eab971b,blur_s2.0,sidset,real,0,0.987598717212677,data\cache\clean\test\sidset_f630570a5eab971b\blur_s2.0.jpg
sidset_fac95db1f3df9775,blur_s2.0,sidset,real,0,0.951554000377655,data\cache\clean\test\sidset_fac95db1f3df9775\blur_s2.0.jpg
sidset_fb820a8756e04447,blur_s2.0,sidset,real,0,0.856910228729248,data\cache\clean\test\sidset_fb820a8756e04447\blur_s2.0.jpg
sidset_fe0bec3214706d60,blur_s2.0,sidset,real,0,0.9963325262069702,data\cache\clean\test\sidset_fe0bec3214706d60\blur_s2.0.jpg
cifake_0240 (9),color_down,cifake,real,0,0.7826786637306213,data\cache\clean\test\cifake_0240 (9)\color_down.jpg
cifake_0618 (3),color_down,cifake,real,0,0.8493109941482544,data\cache\clean\test\cifake_0618 (3)\color_down.jpg
cifake_0793,color_down,cifake,real,0,0.6420883536338806,data\cache\clean\test\cifake_0793\color_down.jpg
cifake_0815 (8),color_down,cifake,real,0,0.5038904547691345,data\cache\clean\test\cifake_0815 (8)\color_down.jpg
cifake_0967 (9),color_down,cifake,real,0,0.556949257850647,data\cache\clean\test\cifake_0967 (9)\color_down.jpg
cifake_1139,color_down,cifake,real,0,0.7342110276222229,data\cache\clean\test\cifake_1139\color_down.jpg
cifake_1435 (2),color_down,cifake,real,0,0.697939395904541,data\cache\clean\test\cifake_1435 (2)\color_down.jpg
cifake_1974,color_down,cifake,real,0,0.860304594039917,data\cache\clean\test\cifake_1974\color_down.jpg
cifake_2122,color_down,cifake,real,0,0.8909189701080322,data\cache\clean\test\cifake_2122\color_down.jpg
cifake_2633 (10),color_down,cifake,real,0,0.6900835037231445,data\cache\clean\test\cifake_2633 (10)\color_down.jpg
cifake_2857 (10),color_down,cifake,real,0,0.6075084805488586,data\cache\clean\test\cifake_2857 (10)\color_down.jpg
cifake_3819 (2),color_down,cifake,real,0,0.8287383317947388,data\cache\clean\test\cifake_3819 (2)\color_down.jpg
cifake_4279 (9),color_down,cifake,real,0,0.7344570755958557,data\cache\clean\test\cifake_4279 (9)\color_down.jpg
cifake_4609 (2),color_down,cifake,real,0,0.6386114954948425,data\cache\clean\test\cifake_4609 (2)\color_down.jpg
cifake_4673 (5),color_down,cifake,real,0,0.8739883303642273,data\cache\clean\test\cifake_4673 (5)\color_down.jpg
sidset_01e9eac7f3601b11,color_down,sidset,real,0,0.8898081183433533,data\cache\clean\test\sidset_01e9eac7f3601b11\color_down.jpg
sidset_02eb47f790cba404,color_down,sidset,real,0,0.5211849808692932,data\cache\clean\test\sidset_02eb47f790cba404\color_down.jpg
sidset_036df955965cb2f9,color_down,sidset,real,0,0.9896774291992188,data\cache\clean\test\sidset_036df955965cb2f9\color_down.jpg
sidset_038789965a8f7606,color_down,sidset,real,0,0.9971651434898376,data\cache\clean\test\sidset_038789965a8f7606\color_down.jpg
sidset_04f2ca3f7633822b,color_down,sidset,real,0,0.5205209851264954,data\cache\clean\test\sidset_04f2ca3f7633822b\color_down.jpg
sidset_075db643445af8e3,color_down,sidset,real,0,0.5802873373031616,data\cache\clean\test\sidset_075db643445af8e3\color_down.jpg
sidset_09f7329f0c1c9fd4,color_down,sidset,real,0,0.7916910648345947,data\cache\clean\test\sidset_09f7329f0c1c9fd4\color_down.jpg
sidset_0e40f2f48ac5ec94,color_down,sidset,real,0,0.9339227676391602,data\cache\clean\test\sidset_0e40f2f48ac5ec94\color_down.jpg
sidset_0f8102c25fc764ea,color_down,sidset,real,0,0.9389783143997192,data\cache\clean\test\sidset_0f8102c25fc764ea\color_down.jpg
sidset_14312756c1c94efa,color_down,sidset,real,0,0.9999914169311523,data\cache\clean\test\sidset_14312756c1c94efa\color_down.jpg
sidset_1491f4f3d3cbc49e,color_down,sidset,real,0,0.6239770650863647,data\cache\clean\test\sidset_1491f4f3d3cbc49e\color_down.jpg
sidset_19a1dd0dde3ed26c,color_down,sidset,real,0,0.7834955453872681,data\cache\clean\test\sidset_19a1dd0dde3ed26c\color_down.jpg
sidset_1d24e17c0f598d7a,color_down,sidset,real,0,0.6872861385345459,data\cache\clean\test\sidset_1d24e17c0f598d7a\color_down.jpg
sidset_1dff9756ab9d9e0a,color_down,sidset,real,0,0.8453423976898193,data\cache\clean\test\sidset_1dff9756ab9d9e0a\color_down.jpg
sidset_22164251d34be040,color_down,sidset,real,0,0.8880440592765808,data\cache\clean\test\sidset_22164251d34be040\color_down.jpg
sidset_240eaccddb6506ef,color_down,sidset,real,0,0.9136059880256653,data\cache\clean\test\sidset_240eaccddb6506ef\color_down.jpg
sidset_24a4409917faf56d,color_down,sidset,real,0,0.697971522808075,data\cache\clean\test\sidset_24a4409917faf56d\color_down.jpg
sidset_262ab01448a69651,color_down,sidset,real,0,0.5866416096687317,data\cache\clean\test\sidset_262ab01448a69651\color_down.jpg
sidset_26c389b400ea1653,color_down,sidset,real,0,0.5296992659568787,data\cache\clean\test\sidset_26c389b400ea1653\color_down.jpg
sidset_273848178d186e12,color_down,sidset,real,0,0.6457381248474121,data\cache\clean\test\sidset_273848178d186e12\color_down.jpg
sidset_2800b0abf266ffba,color_down,sidset,real,0,0.7179860472679138,data\cache\clean\test\sidset_2800b0abf266ffba\color_down.jpg
sidset_2c7cd831752d6b09,color_down,sidset,real,0,0.706160306930542,data\cache\clean\test\sidset_2c7cd831752d6b09\color_down.jpg
sidset_31d44fee2c336e78,color_down,sidset,real,0,0.9682551026344299,data\cache\clean\test\sidset_31d44fee2c336e78\color_down.jpg
sidset_31f7ec5269c0f867,color_down,sidset,real,0,0.8055555820465088,data\cache\clean\test\sidset_31f7ec5269c0f867\color_down.jpg
sidset_34866edcc2800ae0,color_down,sidset,real,0,0.877083420753479,data\cache\clean\test\sidset_34866edcc2800ae0\color_down.jpg
sidset_36ec0b674a14714a,color_down,sidset,real,0,0.7905254364013672,data\cache\clean\test\sidset_36ec0b674a14714a\color_down.jpg
sidset_39a3f029e2e17dd3,color_down,sidset,real,0,0.9965546131134033,data\cache\clean\test\sidset_39a3f029e2e17dd3\color_down.jpg
sidset_3beca4d6152a4aa5,color_down,sidset,real,0,0.6464905142784119,data\cache\clean\test\sidset_3beca4d6152a4aa5\color_down.jpg
sidset_3fbc4c1574ef987d,color_down,sidset,real,0,0.978696346282959,data\cache\clean\test\sidset_3fbc4c1574ef987d\color_down.jpg
sidset_41fcb89ff22ef83c,color_down,sidset,real,0,0.8189888596534729,data\cache\clean\test\sidset_41fcb89ff22ef83c\color_down.jpg
sidset_43a11aa40f89fbb4,color_down,sidset,real,0,0.7007066607475281,data\cache\clean\test\sidset_43a11aa40f89fbb4\color_down.jpg
sidset_45c5c68f5a74cd90,color_down,sidset,real,0,0.9807830452919006,data\cache\clean\test\sidset_45c5c68f5a74cd90\color_down.jpg
sidset_47927d08b0f027e7,color_down,sidset,real,0,0.7062535881996155,data\cache\clean\test\sidset_47927d08b0f027e7\color_down.jpg
sidset_4babe6eef86c29f6,color_down,sidset,real,0,0.9686510562896729,data\cache\clean\test\sidset_4babe6eef86c29f6\color_down.jpg
sidset_4e4b9b1d6e8b2aca,color_down,sidset,real,0,0.9995392560958862,data\cache\clean\test\sidset_4e4b9b1d6e8b2aca\color_down.jpg
sidset_5284d957232f537f,color_down,sidset,real,0,0.7258363962173462,data\cache\clean\test\sidset_5284d957232f537f\color_down.jpg
sidset_52bf81b2d7f84101,color_down,sidset,real,0,0.9558444023132324,data\cache\clean\test\sidset_52bf81b2d7f84101\color_down.jpg
sidset_5445e0d08b367d9a,color_down,sidset,real,0,0.6715839505195618,data\cache\clean\test\sidset_5445e0d08b367d9a\color_down.jpg
sidset_55ed6c0bbd54e07d,color_down,sidset,real,0,0.8431028723716736,data\cache\clean\test\sidset_55ed6c0bbd54e07d\color_down.jpg
sidset_5a165a26bf8ca4be,color_down,sidset,real,0,0.9630017280578613,data\cache\clean\test\sidset_5a165a26bf8ca4be\color_down.jpg
sidset_5b291a7b5ae05cf0,color_down,sidset,real,0,0.9859435558319092,data\cache\clean\test\sidset_5b291a7b5ae05cf0\color_down.jpg
sidset_5b8f12b78d13bfcd,color_down,sidset,real,0,0.9775846600532532,data\cache\clean\test\sidset_5b8f12b78d13bfcd\color_down.jpg
sidset_5ba522a91162ae70,color_down,sidset,real,0,0.9973433613777161,data\cache\clean\test\sidset_5ba522a91162ae70\color_down.jpg
sidset_5f38de5989bc70a2,color_down,sidset,real,0,0.9440957307815552,data\cache\clean\test\sidset_5f38de5989bc70a2\color_down.jpg
sidset_630624a387e04a88,color_down,sidset,real,0,0.7675079107284546,data\cache\clean\test\sidset_630624a387e04a88\color_down.jpg
sidset_68f0479b7dde7700,color_down,sidset,real,0,0.9919642210006714,data\cache\clean\test\sidset_68f0479b7dde7700\color_down.jpg
sidset_6ae976e8966ec975,color_down,sidset,real,0,0.7393878102302551,data\cache\clean\test\sidset_6ae976e8966ec975\color_down.jpg
sidset_6b7167d906f4ff1f,color_down,sidset,real,0,0.9975205063819885,data\cache\clean\test\sidset_6b7167d906f4ff1f\color_down.jpg
sidset_6c4941996cd7f5fc,color_down,sidset,real,0,0.9668143391609192,data\cache\clean\test\sidset_6c4941996cd7f5fc\color_down.jpg
sidset_71a3cfa241159bad,color_down,sidset,real,0,0.9385860562324524,data\cache\clean\test\sidset_71a3cfa241159bad\color_down.jpg
sidset_759a21da57c25774,color_down,sidset,real,0,0.9991814494132996,data\cache\clean\test\sidset_759a21da57c25774\color_down.jpg
sidset_7974984b83c15934,color_down,sidset,real,0,0.841221272945404,data\cache\clean\test\sidset_7974984b83c15934\color_down.jpg
sidset_7b550aceb5ec111f,color_down,sidset,real,0,0.9544220566749573,data\cache\clean\test\sidset_7b550aceb5ec111f\color_down.jpg
sidset_8619862cda88466c,color_down,sidset,real,0,0.9860737323760986,data\cache\clean\test\sidset_8619862cda88466c\color_down.jpg
sidset_88431f034d786206,color_down,sidset,real,0,0.8521745800971985,data\cache\clean\test\sidset_88431f034d786206\color_down.jpg
sidset_8d98f1eeb3935d09,color_down,sidset,real,0,0.835146963596344,data\cache\clean\test\sidset_8d98f1eeb3935d09\color_down.jpg
sidset_918190e0dd7fc829,color_down,sidset,real,0,0.8039523959159851,data\cache\clean\test\sidset_918190e0dd7fc829\color_down.jpg
sidset_9396f525ca983a0d,color_down,sidset,real,0,0.5090233683586121,data\cache\clean\test\sidset_9396f525ca983a0d\color_down.jpg
sidset_9915729405b9e03e,color_down,sidset,real,0,0.5818203091621399,data\cache\clean\test\sidset_9915729405b9e03e\color_down.jpg
sidset_995429a562f1aed2,color_down,sidset,real,0,0.9775701761245728,data\cache\clean\test\sidset_995429a562f1aed2\color_down.jpg
sidset_9e2a9b16ff46f867,color_down,sidset,real,0,0.5045081377029419,data\cache\clean\test\sidset_9e2a9b16ff46f867\color_down.jpg
sidset_a3032d75347e6fa2,color_down,sidset,real,0,0.5373380780220032,data\cache\clean\test\sidset_a3032d75347e6fa2\color_down.jpg
sidset_a36a612621d64289,color_down,sidset,real,0,0.9290888905525208,data\cache\clean\test\sidset_a36a612621d64289\color_down.jpg
sidset_a4268c0135ca2c65,color_down,sidset,real,0,0.9073528051376343,data\cache\clean\test\sidset_a4268c0135ca2c65\color_down.jpg
sidset_a429805728e89e7d,color_down,sidset,real,0,0.5500125885009766,data\cache\clean\test\sidset_a429805728e89e7d\color_down.jpg
sidset_a5b01f2aa66b2e86,color_down,sidset,real,0,0.9385141134262085,data\cache\clean\test\sidset_a5b01f2aa66b2e86\color_down.jpg
sidset_a8ad741ef85002f3,color_down,sidset,real,0,0.6499916911125183,data\cache\clean\test\sidset_a8ad741ef85002f3\color_down.jpg
sidset_a8c91bd501d586fa,color_down,sidset,real,0,0.560117781162262,data\cache\clean\test\sidset_a8c91bd501d586fa\color_down.jpg
sidset_addaecf6bdb9e66b,color_down,sidset,real,0,0.9215023517608643,data\cache\clean\test\sidset_addaecf6bdb9e66b\color_down.jpg
sidset_ae2a3178c574c716,color_down,sidset,real,0,0.9703482389450073,data\cache\clean\test\sidset_ae2a3178c574c716\color_down.jpg
sidset_b230de6baca8d392,color_down,sidset,real,0,0.9065616726875305,data\cache\clean\test\sidset_b230de6baca8d392\color_down.jpg
sidset_b3d460c2a4f17eff,color_down,sidset,real,0,0.9824599027633667,data\cache\clean\test\sidset_b3d460c2a4f17eff\color_down.jpg
sidset_bc70b06f0d603efd,color_down,sidset,real,0,0.9999971389770508,data\cache\clean\test\sidset_bc70b06f0d603efd\color_down.jpg
sidset_bf2d95dd1b29bfda,color_down,sidset,real,0,0.9568848013877869,data\cache\clean\test\sidset_bf2d95dd1b29bfda\color_down.jpg
sidset_bf7100f88bf3b0f3,color_down,sidset,real,0,0.9725410342216492,data\cache\clean\test\sidset_bf7100f88bf3b0f3\color_down.jpg
sidset_c2f7255d9f5d9469,color_down,sidset,real,0,0.6614882946014404,data\cache\clean\test\sidset_c2f7255d9f5d9469\color_down.jpg
sidset_c5a378b0ea24d25e,color_down,sidset,real,0,0.9249672889709473,data\cache\clean\test\sidset_c5a378b0ea24d25e\color_down.jpg
sidset_c790c7ca03b21797,color_down,sidset,real,0,0.867900013923645,data\cache\clean\test\sidset_c790c7ca03b21797\color_down.jpg
sidset_c90419b9eb89527a,color_down,sidset,real,0,0.9866144061088562,data\cache\clean\test\sidset_c90419b9eb89527a\color_down.jpg
sidset_ca42bd15e898b092,color_down,sidset,real,0,0.7250819206237793,data\cache\clean\test\sidset_ca42bd15e898b092\color_down.jpg
sidset_cb68a83278e88b9d,color_down,sidset,real,0,0.693601131439209,data\cache\clean\test\sidset_cb68a83278e88b9d\color_down.jpg
sidset_cba146954697d3a0,color_down,sidset,real,0,0.5969037413597107,data\cache\clean\test\sidset_cba146954697d3a0\color_down.jpg
sidset_cc4571b1efacde65,color_down,sidset,real,0,0.9174079895019531,data\cache\clean\test\sidset_cc4571b1efacde65\color_down.jpg
sidset_d16d462a77a3e94c,color_down,sidset,real,0,0.9757997393608093,data\cache\clean\test\sidset_d16d462a77a3e94c\color_down.jpg
sidset_df089363fbc3dff5,color_down,sidset,real,0,0.8500204682350159,data\cache\clean\test\sidset_df089363fbc3dff5\color_down.jpg
sidset_e19c80d7ff2e201b,color_down,sidset,real,0,0.8695945143699646,data\cache\clean\test\sidset_e19c80d7ff2e201b\color_down.jpg
sidset_e67f5961f8d7c753,color_down,sidset,real,0,0.9023470282554626,data\cache\clean\test\sidset_e67f5961f8d7c753\color_down.jpg
sidset_e99541e9ff8fadb2,color_down,sidset,real,0,0.9652679562568665,data\cache\clean\test\sidset_e99541e9ff8fadb2\color_down.jpg
sidset_ea40598e1128af27,color_down,sidset,real,0,0.8144516944885254,data\cache\clean\test\sidset_ea40598e1128af27\color_down.jpg
sidset_ef3f636bfc78f3a5,color_down,sidset,real,0,0.9952661991119385,data\cache\clean\test\sidset_ef3f636bfc78f3a5\color_down.jpg
sidset_f250696304a3be0e,color_down,sidset,real,0,0.9687998294830322,data\cache\clean\test\sidset_f250696304a3be0e\color_down.jpg
sidset_f2be8bd472d53987,color_down,sidset,real,0,0.971626341342926,data\cache\clean\test\sidset_f2be8bd472d53987\color_down.jpg
sidset_f630570a5eab971b,color_down,sidset,real,0,0.9947974681854248,data\cache\clean\test\sidset_f630570a5eab971b\color_down.jpg
sidset_fac95db1f3df9775,color_down,sidset,real,0,0.9047688841819763,data\cache\clean\test\sidset_fac95db1f3df9775\color_down.jpg
sidset_fe0bec3214706d60,color_down,sidset,real,0,0.9939285516738892,data\cache\clean\test\sidset_fe0bec3214706d60\color_down.jpg
cifake_0085,color_up,cifake,real,0,0.6029989719390869,data\cache\clean\test\cifake_0085\color_up.jpg
cifake_0091 (9),color_up,cifake,real,0,0.7839369177818298,data\cache\clean\test\cifake_0091 (9)\color_up.jpg
cifake_0235,color_up,cifake,real,0,0.7516539692878723,data\cache\clean\test\cifake_0235\color_up.jpg
cifake_0242 (4),color_up,cifake,real,0,0.9098913073539734,data\cache\clean\test\cifake_0242 (4)\color_up.jpg
cifake_0327 (5),color_up,cifake,real,0,0.9579107165336609,data\cache\clean\test\cifake_0327 (5)\color_up.jpg
cifake_0618 (3),color_up,cifake,real,0,0.8945196866989136,data\cache\clean\test\cifake_0618 (3)\color_up.jpg
cifake_0636 (3),color_up,cifake,real,0,0.525983452796936,data\cache\clean\test\cifake_0636 (3)\color_up.jpg
cifake_0793,color_up,cifake,real,0,0.8266655206680298,data\cache\clean\test\cifake_0793\color_up.jpg
cifake_0858 (3),color_up,cifake,real,0,0.9631734490394592,data\cache\clean\test\cifake_0858 (3)\color_up.jpg
cifake_0967 (9),color_up,cifake,real,0,0.9347825050354004,data\cache\clean\test\cifake_0967 (9)\color_up.jpg
cifake_1139,color_up,cifake,real,0,0.6130014061927795,data\cache\clean\test\cifake_1139\color_up.jpg
cifake_1974,color_up,cifake,real,0,0.90993332862854,data\cache\clean\test\cifake_1974\color_up.jpg
cifake_2071,color_up,cifake,real,0,0.6406408548355103,data\cache\clean\test\cifake_2071\color_up.jpg
cifake_2122,color_up,cifake,real,0,0.9864668250083923,data\cache\clean\test\cifake_2122\color_up.jpg
cifake_2633 (10),color_up,cifake,real,0,0.6279568672180176,data\cache\clean\test\cifake_2633 (10)\color_up.jpg
cifake_2660,color_up,cifake,real,0,0.7855051755905151,data\cache\clean\test\cifake_2660\color_up.jpg
cifake_3280 (8),color_up,cifake,real,0,0.7920032143592834,data\cache\clean\test\cifake_3280 (8)\color_up.jpg
cifake_3295 (10),color_up,cifake,real,0,0.518891453742981,data\cache\clean\test\cifake_3295 (10)\color_up.jpg
cifake_3614,color_up,cifake,real,0,0.6677993535995483,data\cache\clean\test\cifake_3614\color_up.jpg
cifake_3891 (3),color_up,cifake,real,0,0.908924400806427,data\cache\clean\test\cifake_3891 (3)\color_up.jpg
cifake_3976,color_up,cifake,real,0,0.7631063461303711,data\cache\clean\test\cifake_3976\color_up.jpg
cifake_4533 (5),color_up,cifake,real,0,0.5442583560943604,data\cache\clean\test\cifake_4533 (5)\color_up.jpg
cifake_4660 (5),color_up,cifake,real,0,0.9925597906112671,data\cache\clean\test\cifake_4660 (5)\color_up.jpg
cifake_4673 (5),color_up,cifake,real,0,0.8398190140724182,data\cache\clean\test\cifake_4673 (5)\color_up.jpg
sidset_02146057fb279763,color_up,sidset,real,0,0.6116265058517456,data\cache\clean\test\sidset_02146057fb279763\color_up.jpg
sidset_036df955965cb2f9,color_up,sidset,real,0,0.9953043460845947,data\cache\clean\test\sidset_036df955965cb2f9\color_up.jpg
sidset_038789965a8f7606,color_up,sidset,real,0,0.9832468628883362,data\cache\clean\test\sidset_038789965a8f7606\color_up.jpg
sidset_04f2ca3f7633822b,color_up,sidset,real,0,0.7975851893424988,data\cache\clean\test\sidset_04f2ca3f7633822b\color_up.jpg
sidset_075db643445af8e3,color_up,sidset,real,0,0.9868489503860474,data\cache\clean\test\sidset_075db643445af8e3\color_up.jpg
sidset_0f8102c25fc764ea,color_up,sidset,real,0,0.9769104719161987,data\cache\clean\test\sidset_0f8102c25fc764ea\color_up.jpg
sidset_1409961a28ec7db5,color_up,sidset,real,0,0.9601134061813354,data\cache\clean\test\sidset_1409961a28ec7db5\color_up.jpg
sidset_14312756c1c94efa,color_up,sidset,real,0,0.9999871253967285,data\cache\clean\test\sidset_14312756c1c94efa\color_up.jpg
sidset_1491f4f3d3cbc49e,color_up,sidset,real,0,0.8312063813209534,data\cache\clean\test\sidset_1491f4f3d3cbc49e\color_up.jpg
sidset_1577f06c8ee59ef0,color_up,sidset,real,0,0.5216774344444275,data\cache\clean\test\sidset_1577f06c8ee59ef0\color_up.jpg
sidset_19a1dd0dde3ed26c,color_up,sidset,real,0,0.8737468719482422,data\cache\clean\test\sidset_19a1dd0dde3ed26c\color_up.jpg
sidset_1d24e17c0f598d7a,color_up,sidset,real,0,0.6743782162666321,data\cache\clean\test\sidset_1d24e17c0f598d7a\color_up.jpg
sidset_22164251d34be040,color_up,sidset,real,0,0.9993041753768921,data\cache\clean\test\sidset_22164251d34be040\color_up.jpg
sidset_22b07f2ffcaf319c,color_up,sidset,real,0,0.996364951133728,data\cache\clean\test\sidset_22b07f2ffcaf319c\color_up.jpg
sidset_262ab01448a69651,color_up,sidset,real,0,0.909059464931488,data\cache\clean\test\sidset_262ab01448a69651\color_up.jpg
sidset_26c389b400ea1653,color_up,sidset,real,0,0.8520673513412476,data\cache\clean\test\sidset_26c389b400ea1653\color_up.jpg
sidset_2c7cd831752d6b09,color_up,sidset,real,0,0.7337058782577515,data\cache\clean\test\sidset_2c7cd831752d6b09\color_up.jpg
sidset_2eedc416deac0f71,color_up,sidset,real,0,0.8644350171089172,data\cache\clean\test\sidset_2eedc416deac0f71\color_up.jpg
sidset_310e74902f5337fc,color_up,sidset,real,0,0.5506319999694824,data\cache\clean\test\sidset_310e74902f5337fc\color_up.jpg
sidset_31d44fee2c336e78,color_up,sidset,real,0,0.7355773448944092,data\cache\clean\test\sidset_31d44fee2c336e78\color_up.jpg
sidset_34866edcc2800ae0,color_up,sidset,real,0,0.9850299954414368,data\cache\clean\test\sidset_34866edcc2800ae0\color_up.jpg
sidset_36ec0b674a14714a,color_up,sidset,real,0,0.9843138456344604,data\cache\clean\test\sidset_36ec0b674a14714a\color_up.jpg
sidset_39a3f029e2e17dd3,color_up,sidset,real,0,0.9910258650779724,data\cache\clean\test\sidset_39a3f029e2e17dd3\color_up.jpg
sidset_3beca4d6152a4aa5,color_up,sidset,real,0,0.8061636090278625,data\cache\clean\test\sidset_3beca4d6152a4aa5\color_up.jpg
sidset_4095bd8a31f9bd0a,color_up,sidset,real,0,0.5447553992271423,data\cache\clean\test\sidset_4095bd8a31f9bd0a\color_up.jpg
sidset_45a6cb8b20ae57d2,color_up,sidset,real,0,0.9064463376998901,data\cache\clean\test\sidset_45a6cb8b20ae57d2\color_up.jpg
sidset_45c5c68f5a74cd90,color_up,sidset,real,0,0.9481387138366699,data\cache\clean\test\sidset_45c5c68f5a74cd90\color_up.jpg
sidset_4e4b9b1d6e8b2aca,color_up,sidset,real,0,0.8722665905952454,data\cache\clean\test\sidset_4e4b9b1d6e8b2aca\color_up.jpg
sidset_5284d957232f537f,color_up,sidset,real,0,0.6161457896232605,data\cache\clean\test\sidset_5284d957232f537f\color_up.jpg
sidset_52bf81b2d7f84101,color_up,sidset,real,0,0.9852485060691833,data\cache\clean\test\sidset_52bf81b2d7f84101\color_up.jpg
sidset_59fe7b3f437e993b,color_up,sidset,real,0,0.5927819609642029,data\cache\clean\test\sidset_59fe7b3f437e993b\color_up.jpg
sidset_5a165a26bf8ca4be,color_up,sidset,real,0,0.9867987036705017,data\cache\clean\test\sidset_5a165a26bf8ca4be\color_up.jpg
sidset_5b291a7b5ae05cf0,color_up,sidset,real,0,0.944712221622467,data\cache\clean\test\sidset_5b291a7b5ae05cf0\color_up.jpg
sidset_5b8f12b78d13bfcd,color_up,sidset,real,0,0.9225280284881592,data\cache\clean\test\sidset_5b8f12b78d13bfcd\color_up.jpg
sidset_5ba522a91162ae70,color_up,sidset,real,0,0.9994567036628723,data\cache\clean\test\sidset_5ba522a91162ae70\color_up.jpg
sidset_5c175a143c23a7b8,color_up,sidset,real,0,0.7392804026603699,data\cache\clean\test\sidset_5c175a143c23a7b8\color_up.jpg
sidset_5f38de5989bc70a2,color_up,sidset,real,0,0.8855316042900085,data\cache\clean\test\sidset_5f38de5989bc70a2\color_up.jpg
sidset_5f6e869e709c27da,color_up,sidset,real,0,0.6469182968139648,data\cache\clean\test\sidset_5f6e869e709c27da\color_up.jpg
sidset_630624a387e04a88,color_up,sidset,real,0,0.7041064500808716,data\cache\clean\test\sidset_630624a387e04a88\color_up.jpg
sidset_68f0479b7dde7700,color_up,sidset,real,0,0.938542366027832,data\cache\clean\test\sidset_68f0479b7dde7700\color_up.jpg
sidset_6b7167d906f4ff1f,color_up,sidset,real,0,0.9975172281265259,data\cache\clean\test\sidset_6b7167d906f4ff1f\color_up.jpg
sidset_6c4941996cd7f5fc,color_up,sidset,real,0,0.9645608067512512,data\cache\clean\test\sidset_6c4941996cd7f5fc\color_up.jpg
sidset_759a21da57c25774,color_up,sidset,real,0,0.7982531785964966,data\cache\clean\test\sidset_759a21da57c25774\color_up.jpg
sidset_796b6212cfecb3de,color_up,sidset,real,0,0.9735974073410034,data\cache\clean\test\sidset_796b6212cfecb3de\color_up.jpg
sidset_7974984b83c15934,color_up,sidset,real,0,0.9218894839286804,data\cache\clean\test\sidset_7974984b83c15934\color_up.jpg
sidset_7b550aceb5ec111f,color_up,sidset,real,0,0.9660153985023499,data\cache\clean\test\sidset_7b550aceb5ec111f\color_up.jpg
sidset_832e43df048c6d1a,color_up,sidset,real,0,0.76179438829422,data\cache\clean\test\sidset_832e43df048c6d1a\color_up.jpg
sidset_85928afd9860bcb5,color_up,sidset,real,0,0.9738852381706238,data\cache\clean\test\sidset_85928afd9860bcb5\color_up.jpg
sidset_869ee92950f5f574,color_up,sidset,real,0,0.5704906582832336,data\cache\clean\test\sidset_869ee92950f5f574\color_up.jpg
sidset_88431f034d786206,color_up,sidset,real,0,0.9771544337272644,data\cache\clean\test\sidset_88431f034d786206\color_up.jpg
sidset_995429a562f1aed2,color_up,sidset,real,0,0.9403291940689087,data\cache\clean\test\sidset_995429a562f1aed2\color_up.jpg
sidset_a3032d75347e6fa2,color_up,sidset,real,0,0.8085958361625671,data\cache\clean\test\sidset_a3032d75347e6fa2\color_up.jpg
sidset_a429805728e89e7d,color_up,sidset,real,0,0.6769858598709106,data\cache\clean\test\sidset_a429805728e89e7d\color_up.jpg
sidset_ab1441008986f237,color_up,sidset,real,0,0.9600532054901123,data\cache\clean\test\sidset_ab1441008986f237\color_up.jpg
sidset_ac54ef2834f8bc74,color_up,sidset,real,0,0.9701435565948486,data\cache\clean\test\sidset_ac54ef2834f8bc74\color_up.jpg
sidset_ae2a3178c574c716,color_up,sidset,real,0,0.9941418766975403,data\cache\clean\test\sidset_ae2a3178c574c716\color_up.jpg
sidset_b3d460c2a4f17eff,color_up,sidset,real,0,0.8334912657737732,data\cache\clean\test\sidset_b3d460c2a4f17eff\color_up.jpg
sidset_bc70b06f0d603efd,color_up,sidset,real,0,0.9999881982803345,data\cache\clean\test\sidset_bc70b06f0d603efd\color_up.jpg
sidset_bf2d95dd1b29bfda,color_up,sidset,real,0,0.8764633536338806,data\cache\clean\test\sidset_bf2d95dd1b29bfda\color_up.jpg
sidset_bf7100f88bf3b0f3,color_up,sidset,real,0,0.9388599991798401,data\cache\clean\test\sidset_bf7100f88bf3b0f3\color_up.jpg
sidset_c104d5a827c3dc84,color_up,sidset,real,0,0.8010615110397339,data\cache\clean\test\sidset_c104d5a827c3dc84\color_up.jpg
sidset_c2f7255d9f5d9469,color_up,sidset,real,0,0.5362460017204285,data\cache\clean\test\sidset_c2f7255d9f5d9469\color_up.jpg
sidset_c5a378b0ea24d25e,color_up,sidset,real,0,0.9746807217597961,data\cache\clean\test\sidset_c5a378b0ea24d25e\color_up.jpg
sidset_c790c7ca03b21797,color_up,sidset,real,0,0.8388538360595703,data\cache\clean\test\sidset_c790c7ca03b21797\color_up.jpg
sidset_c7d3774f16039f96,color_up,sidset,real,0,0.789013147354126,data\cache\clean\test\sidset_c7d3774f16039f96\color_up.jpg
sidset_c90419b9eb89527a,color_up,sidset,real,0,0.9983325600624084,data\cache\clean\test\sidset_c90419b9eb89527a\color_up.jpg
sidset_ca42bd15e898b092,color_up,sidset,real,0,0.5586105585098267,data\cache\clean\test\sidset_ca42bd15e898b092\color_up.jpg
sidset_cb68a83278e88b9d,color_up,sidset,real,0,0.9903339743614197,data\cache\clean\test\sidset_cb68a83278e88b9d\color_up.jpg
sidset_cc4571b1efacde65,color_up,sidset,real,0,0.6480218172073364,data\cache\clean\test\sidset_cc4571b1efacde65\color_up.jpg
sidset_d652dc17bb0709b8,color_up,sidset,real,0,0.8720044493675232,data\cache\clean\test\sidset_d652dc17bb0709b8\color_up.jpg
sidset_d7c9ba7b7774dcd9,color_up,sidset,real,0,0.8118306398391724,data\cache\clean\test\sidset_d7c9ba7b7774dcd9\color_up.jpg
sidset_dcc4eb3a61fc711a,color_up,sidset,real,0,0.7066583633422852,data\cache\clean\test\sidset_dcc4eb3a61fc711a\color_up.jpg
sidset_de57a1a3698e16cf,color_up,sidset,real,0,0.5522971153259277,data\cache\clean\test\sidset_de57a1a3698e16cf\color_up.jpg
sidset_e19c80d7ff2e201b,color_up,sidset,real,0,0.645768404006958,data\cache\clean\test\sidset_e19c80d7ff2e201b\color_up.jpg
sidset_e35ca53982ee8372,color_up,sidset,real,0,0.7508590221405029,data\cache\clean\test\sidset_e35ca53982ee8372\color_up.jpg
sidset_e67f5961f8d7c753,color_up,sidset,real,0,0.8365780115127563,data\cache\clean\test\sidset_e67f5961f8d7c753\color_up.jpg
sidset_ef3f636bfc78f3a5,color_up,sidset,real,0,0.9970492720603943,data\cache\clean\test\sidset_ef3f636bfc78f3a5\color_up.jpg
sidset_f250696304a3be0e,color_up,sidset,real,0,0.9854819774627686,data\cache\clean\test\sidset_f250696304a3be0e\color_up.jpg
sidset_f2be8bd472d53987,color_up,sidset,real,0,0.9995816349983215,data\cache\clean\test\sidset_f2be8bd472d53987\color_up.jpg
sidset_f5044c17014681a8,color_up,sidset,real,0,0.6623623967170715,data\cache\clean\test\sidset_f5044c17014681a8\color_up.jpg
sidset_f630570a5eab971b,color_up,sidset,real,0,0.9921867847442627,data\cache\clean\test\sidset_f630570a5eab971b\color_up.jpg
sidset_fac95db1f3df9775,color_up,sidset,real,0,0.8939878344535828,data\cache\clean\test\sidset_fac95db1f3df9775\color_up.jpg
sidset_fb820a8756e04447,color_up,sidset,real,0,0.8808440566062927,data\cache\clean\test\sidset_fb820a8756e04447\color_up.jpg
sidset_fe0bec3214706d60,color_up,sidset,real,0,0.9733738899230957,data\cache\clean\test\sidset_fe0bec3214706d60\color_up.jpg
cifake_0091 (9),crop80,cifake,real,0,0.8379684686660767,data\cache\clean\test\cifake_0091 (9)\crop80.jpg
cifake_0179 (9),crop80,cifake,real,0,0.708980143070221,data\cache\clean\test\cifake_0179 (9)\crop80.jpg
cifake_0235,crop80,cifake,real,0,0.8308987021446228,data\cache\clean\test\cifake_0235\crop80.jpg
cifake_0239 (10),crop80,cifake,real,0,0.6559838056564331,data\cache\clean\test\cifake_0239 (10)\crop80.jpg
cifake_0327 (5),crop80,cifake,real,0,0.9346191883087158,data\cache\clean\test\cifake_0327 (5)\crop80.jpg
cifake_0485 (9),crop80,cifake,real,0,0.6269447207450867,data\cache\clean\test\cifake_0485 (9)\crop80.jpg
cifake_0567,crop80,cifake,real,0,0.5230308771133423,data\cache\clean\test\cifake_0567\crop80.jpg
cifake_0697 (2),crop80,cifake,real,0,0.9360478520393372,data\cache\clean\test\cifake_0697 (2)\crop80.jpg
cifake_0745,crop80,cifake,real,0,0.6541689038276672,data\cache\clean\test\cifake_0745\crop80.jpg
cifake_0793,crop80,cifake,real,0,0.9416629672050476,data\cache\clean\test\cifake_0793\crop80.jpg
cifake_0811,crop80,cifake,real,0,0.8319512009620667,data\cache\clean\test\cifake_0811\crop80.jpg
cifake_0839 (2),crop80,cifake,real,0,0.6400926113128662,data\cache\clean\test\cifake_0839 (2)\crop80.jpg
cifake_0967 (9),crop80,cifake,real,0,0.7577105164527893,data\cache\clean\test\cifake_0967 (9)\crop80.jpg
cifake_1139,crop80,cifake,real,0,0.8150157332420349,data\cache\clean\test\cifake_1139\crop80.jpg
cifake_1435 (2),crop80,cifake,real,0,0.9268232583999634,data\cache\clean\test\cifake_1435 (2)\crop80.jpg
cifake_1614 (9),crop80,cifake,real,0,0.917590856552124,data\cache\clean\test\cifake_1614 (9)\crop80.jpg
cifake_1974,crop80,cifake,real,0,0.8919304609298706,data\cache\clean\test\cifake_1974\crop80.jpg
cifake_2122,crop80,cifake,real,0,0.7450082302093506,data\cache\clean\test\cifake_2122\crop80.jpg
cifake_2400,crop80,cifake,real,0,0.7175058722496033,data\cache\clean\test\cifake_2400\crop80.jpg
cifake_2581 (2),crop80,cifake,real,0,0.89186030626297,data\cache\clean\test\cifake_2581 (2)\crop80.jpg
cifake_2660,crop80,cifake,real,0,0.6552048325538635,data\cache\clean\test\cifake_2660\crop80.jpg
cifake_2820 (8),crop80,cifake,real,0,0.9262533783912659,data\cache\clean\test\cifake_2820 (8)\crop80.jpg
cifake_2857 (10),crop80,cifake,real,0,0.9176908135414124,data\cache\clean\test\cifake_2857 (10)\crop80.jpg
cifake_2874 (4),crop80,cifake,real,0,0.7843165993690491,data\cache\clean\test\cifake_2874 (4)\crop80.jpg
cifake_3042 (4),crop80,cifake,real,0,0.534877598285675,data\cache\clean\test\cifake_3042 (4)\crop80.jpg
cifake_3051 (7),crop80,cifake,real,0,0.757240891456604,data\cache\clean\test\cifake_3051 (7)\crop80.jpg
cifake_3199 (2),crop80,cifake,real,0,0.5256613492965698,data\cache\clean\test\cifake_3199 (2)\crop80.jpg
cifake_3295 (10),crop80,cifake,real,0,0.8315659761428833,data\cache\clean\test\cifake_3295 (10)\crop80.jpg
cifake_3406,crop80,cifake,real,0,0.5389804840087891,data\cache\clean\test\cifake_3406\crop80.jpg
cifake_3446 (10),crop80,cifake,real,0,0.7895312309265137,data\cache\clean\test\cifake_3446 (10)\crop80.jpg
cifake_3872,crop80,cifake,real,0,0.5602638125419617,data\cache\clean\test\cifake_3872\crop80.jpg
cifake_3891 (3),crop80,cifake,real,0,0.7303329110145569,data\cache\clean\test\cifake_3891 (3)\crop80.jpg
cifake_3916 (8),crop80,cifake,real,0,0.8995002508163452,data\cache\clean\test\cifake_3916 (8)\crop80.jpg
cifake_4389,crop80,cifake,real,0,0.9210798740386963,data\cache\clean\test\cifake_4389\crop80.jpg
cifake_4609 (2),crop80,cifake,real,0,0.9499552249908447,data\cache\clean\test\cifake_4609 (2)\crop80.jpg
cifake_4660 (5),crop80,cifake,real,0,0.8382887244224548,data\cache\clean\test\cifake_4660 (5)\crop80.jpg
cifake_4830 (10),crop80,cifake,real,0,0.5678538680076599,data\cache\clean\test\cifake_4830 (10)\crop80.jpg
cifake_4932 (2),crop80,cifake,real,0,0.8550131916999817,data\cache\clean\test\cifake_4932 (2)\crop80.jpg
sidset_00e0167d680d60ff,crop80,sidset,real,0,0.7258762717247009,data\cache\clean\test\sidset_00e0167d680d60ff\crop80.jpg
sidset_011c2e4461eb1fdc,crop80,sidset,real,0,0.8220314979553223,data\cache\clean\test\sidset_011c2e4461eb1fdc\crop80.jpg
sidset_02eb47f790cba404,crop80,sidset,real,0,0.7313759326934814,data\cache\clean\test\sidset_02eb47f790cba404\crop80.jpg
sidset_036df955965cb2f9,crop80,sidset,real,0,0.8799009919166565,data\cache\clean\test\sidset_036df955965cb2f9\crop80.jpg
sidset_038789965a8f7606,crop80,sidset,real,0,0.9837906956672668,data\cache\clean\test\sidset_038789965a8f7606\crop80.jpg
sidset_04c57e00f9d1b966,crop80,sidset,real,0,0.9483134150505066,data\cache\clean\test\sidset_04c57e00f9d1b966\crop80.jpg
sidset_04f2ca3f7633822b,crop80,sidset,real,0,0.6118358373641968,data\cache\clean\test\sidset_04f2ca3f7633822b\crop80.jpg
sidset_075db643445af8e3,crop80,sidset,real,0,0.9915306568145752,data\cache\clean\test\sidset_075db643445af8e3\crop80.jpg
sidset_0deb07ac44f13954,crop80,sidset,real,0,0.604591965675354,data\cache\clean\test\sidset_0deb07ac44f13954\crop80.jpg
sidset_0f8102c25fc764ea,crop80,sidset,real,0,0.9938517808914185,data\cache\clean\test\sidset_0f8102c25fc764ea\crop80.jpg
sidset_10932d70e80241b5,crop80,sidset,real,0,0.9729188084602356,data\cache\clean\test\sidset_10932d70e80241b5\crop80.jpg
sidset_1409961a28ec7db5,crop80,sidset,real,0,0.5464352369308472,data\cache\clean\test\sidset_1409961a28ec7db5\crop80.jpg
sidset_14312756c1c94efa,crop80,sidset,real,0,0.999985933303833,data\cache\clean\test\sidset_14312756c1c94efa\crop80.jpg
sidset_1491f4f3d3cbc49e,crop80,sidset,real,0,0.7039419412612915,data\cache\clean\test\sidset_1491f4f3d3cbc49e\crop80.jpg
sidset_1577f06c8ee59ef0,crop80,sidset,real,0,0.7630374431610107,data\cache\clean\test\sidset_1577f06c8ee59ef0\crop80.jpg
sidset_19a1dd0dde3ed26c,crop80,sidset,real,0,0.6795855760574341,data\cache\clean\test\sidset_19a1dd0dde3ed26c\crop80.jpg
sidset_22164251d34be040,crop80,sidset,real,0,0.9910640716552734,data\cache\clean\test\sidset_22164251d34be040\crop80.jpg
sidset_22b07f2ffcaf319c,crop80,sidset,real,0,0.9977164268493652,data\cache\clean\test\sidset_22b07f2ffcaf319c\crop80.jpg
sidset_240eaccddb6506ef,crop80,sidset,real,0,0.9601138830184937,data\cache\clean\test\sidset_240eaccddb6506ef\crop80.jpg
sidset_247241c5aa1f3f9c,crop80,sidset,real,0,0.881803572177887,data\cache\clean\test\sidset_247241c5aa1f3f9c\crop80.jpg
sidset_2800b0abf266ffba,crop80,sidset,real,0,0.5391247868537903,data\cache\clean\test\sidset_2800b0abf266ffba\crop80.jpg
sidset_2c7cd831752d6b09,crop80,sidset,real,0,0.8938820958137512,data\cache\clean\test\sidset_2c7cd831752d6b09\crop80.jpg
sidset_2eedc416deac0f71,crop80,sidset,real,0,0.8155557513237,data\cache\clean\test\sidset_2eedc416deac0f71\crop80.jpg
sidset_323ba9351251cf37,crop80,sidset,real,0,0.7857577204704285,data\cache\clean\test\sidset_323ba9351251cf37\crop80.jpg
sidset_34866edcc2800ae0,crop80,sidset,real,0,0.9766644239425659,data\cache\clean\test\sidset_34866edcc2800ae0\crop80.jpg
sidset_34cdb10173e55171,crop80,sidset,real,0,0.9549649357795715,data\cache\clean\test\sidset_34cdb10173e55171\crop80.jpg
sidset_36ec0b674a14714a,crop80,sidset,real,0,0.9764224290847778,data\cache\clean\test\sidset_36ec0b674a14714a\crop80.jpg
sidset_39a3f029e2e17dd3,crop80,sidset,real,0,0.9921945333480835,data\cache\clean\test\sidset_39a3f029e2e17dd3\crop80.jpg
sidset_3beca4d6152a4aa5,crop80,sidset,real,0,0.658505916595459,data\cache\clean\test\sidset_3beca4d6152a4aa5\crop80.jpg
sidset_3fbc4c1574ef987d,crop80,sidset,real,0,0.593634307384491,data\cache\clean\test\sidset_3fbc4c1574ef987d\crop80.jpg
sidset_41fcb89ff22ef83c,crop80,sidset,real,0,0.532688319683075,data\cache\clean\test\sidset_41fcb89ff22ef83c\crop80.jpg
sidset_44062c28bab0688d,crop80,sidset,real,0,0.9036855101585388,data\cache\clean\test\sidset_44062c28bab0688d\crop80.jpg
sidset_45a6cb8b20ae57d2,crop80,sidset,real,0,0.6142054796218872,data\cache\clean\test\sidset_45a6cb8b20ae57d2\crop80.jpg
sidset_45c5c68f5a74cd90,crop80,sidset,real,0,0.8530431389808655,data\cache\clean\test\sidset_45c5c68f5a74cd90\crop80.jpg
sidset_4babe6eef86c29f6,crop80,sidset,real,0,0.7296348810195923,data\cache\clean\test\sidset_4babe6eef86c29f6\crop80.jpg
sidset_4e4b9b1d6e8b2aca,crop80,sidset,real,0,0.9986754059791565,data\cache\clean\test\sidset_4e4b9b1d6e8b2aca\crop80.jpg
sidset_508cc69f6b128900,crop80,sidset,real,0,0.6597272157669067,data\cache\clean\test\sidset_508cc69f6b128900\crop80.jpg
sidset_52bf81b2d7f84101,crop80,sidset,real,0,0.9390919804573059,data\cache\clean\test\sidset_52bf81b2d7f84101\crop80.jpg
sidset_55ed6c0bbd54e07d,crop80,sidset,real,0,0.7740839123725891,data\cache\clean\test\sidset_55ed6c0bbd54e07d\crop80.jpg
sidset_59fe7b3f437e993b,crop80,sidset,real,0,0.6690963506698608,data\cache\clean\test\sidset_59fe7b3f437e993b\crop80.jpg
sidset_5a165a26bf8ca4be,crop80,sidset,real,0,0.9702720046043396,data\cache\clean\test\sidset_5a165a26bf8ca4be\crop80.jpg
sidset_5ae51a789c118b75,crop80,sidset,real,0,0.8296921253204346,data\cache\clean\test\sidset_5ae51a789c118b75\crop80.jpg
sidset_5b291a7b5ae05cf0,crop80,sidset,real,0,0.9408263564109802,data\cache\clean\test\sidset_5b291a7b5ae05cf0\crop80.jpg
sidset_5b8f12b78d13bfcd,crop80,sidset,real,0,0.9489770531654358,data\cache\clean\test\sidset_5b8f12b78d13bfcd\crop80.jpg
sidset_5ba522a91162ae70,crop80,sidset,real,0,0.9995982050895691,data\cache\clean\test\sidset_5ba522a91162ae70\crop80.jpg
sidset_5fd49a9afbba9bd6,crop80,sidset,real,0,0.8544695377349854,data\cache\clean\test\sidset_5fd49a9afbba9bd6\crop80.jpg
sidset_6064863bdd6ff466,crop80,sidset,real,0,0.7420324087142944,data\cache\clean\test\sidset_6064863bdd6ff466\crop80.jpg
sidset_630624a387e04a88,crop80,sidset,real,0,0.7820768356323242,data\cache\clean\test\sidset_630624a387e04a88\crop80.jpg
sidset_68f0479b7dde7700,crop80,sidset,real,0,0.9789005517959595,data\cache\clean\test\sidset_68f0479b7dde7700\crop80.jpg
sidset_69fb26faa8ba7f57,crop80,sidset,real,0,0.9339203238487244,data\cache\clean\test\sidset_69fb26faa8ba7f57\crop80.jpg
sidset_6b7167d906f4ff1f,crop80,sidset,real,0,0.7728047966957092,data\cache\clean\test\sidset_6b7167d906f4ff1f\crop80.jpg
sidset_6c4941996cd7f5fc,crop80,sidset,real,0,0.9967308044433594,data\cache\clean\test\sidset_6c4941996cd7f5fc\crop80.jpg
sidset_796b6212cfecb3de,crop80,sidset,real,0,0.9686020612716675,data\cache\clean\test\sidset_796b6212cfecb3de\crop80.jpg
sidset_7974984b83c15934,crop80,sidset,real,0,0.9728775024414062,data\cache\clean\test\sidset_7974984b83c15934\crop80.jpg
sidset_7b550aceb5ec111f,crop80,sidset,real,0,0.5503520965576172,data\cache\clean\test\sidset_7b550aceb5ec111f\crop80.jpg
sidset_85928afd9860bcb5,crop80,sidset,real,0,0.685029149055481,data\cache\clean\test\sidset_85928afd9860bcb5\crop80.jpg
sidset_869ee92950f5f574,crop80,sidset,real,0,0.6842095851898193,data\cache\clean\test\sidset_869ee92950f5f574\crop80.jpg
sidset_8d98f1eeb3935d09,crop80,sidset,real,0,0.9721671938896179,data\cache\clean\test\sidset_8d98f1eeb3935d09\crop80.jpg
sidset_92e8228aca22327e,crop80,sidset,real,0,0.666330099105835,data\cache\clean\test\sidset_92e8228aca22327e\crop80.jpg
sidset_9811f04611ad082c,crop80,sidset,real,0,0.8831149339675903,data\cache\clean\test\sidset_9811f04611ad082c\crop80.jpg
sidset_9915729405b9e03e,crop80,sidset,real,0,0.5063600540161133,data\cache\clean\test\sidset_9915729405b9e03e\crop80.jpg
sidset_995429a562f1aed2,crop80,sidset,real,0,0.965255618095398,data\cache\clean\test\sidset_995429a562f1aed2\crop80.jpg
sidset_9bd8ecc186d59fe9,crop80,sidset,real,0,0.541686475276947,data\cache\clean\test\sidset_9bd8ecc186d59fe9\crop80.jpg
sidset_9eee677b8613974b,crop80,sidset,real,0,0.5996648073196411,data\cache\clean\test\sidset_9eee677b8613974b\crop80.jpg
sidset_a3032d75347e6fa2,crop80,sidset,real,0,0.9518560171127319,data\cache\clean\test\sidset_a3032d75347e6fa2\crop80.jpg
sidset_a3293aebf3086c9f,crop80,sidset,real,0,0.9275684356689453,data\cache\clean\test\sidset_a3293aebf3086c9f\crop80.jpg
sidset_a36a612621d64289,crop80,sidset,real,0,0.6830140352249146,data\cache\clean\test\sidset_a36a612621d64289\crop80.jpg
sidset_a4268c0135ca2c65,crop80,sidset,real,0,0.5692650675773621,data\cache\clean\test\sidset_a4268c0135ca2c65\crop80.jpg
sidset_a429805728e89e7d,crop80,sidset,real,0,0.9964853525161743,data\cache\clean\test\sidset_a429805728e89e7d\crop80.jpg
sidset_a8ad741ef85002f3,crop80,sidset,real,0,0.9949169158935547,data\cache\clean\test\sidset_a8ad741ef85002f3\crop80.jpg
sidset_ab1441008986f237,crop80,sidset,real,0,0.9213234782218933,data\cache\clean\test\sidset_ab1441008986f237\crop80.jpg
sidset_abb21498da6986f6,crop80,sidset,real,0,0.9898251891136169,data\cache\clean\test\sidset_abb21498da6986f6\crop80.jpg
sidset_ac54ef2834f8bc74,crop80,sidset,real,0,0.6603816151618958,data\cache\clean\test\sidset_ac54ef2834f8bc74\crop80.jpg
sidset_ae2a3178c574c716,crop80,sidset,real,0,0.9027547836303711,data\cache\clean\test\sidset_ae2a3178c574c716\crop80.jpg
sidset_b19688b9aa3f75f7,crop80,sidset,real,0,0.5512641072273254,data\cache\clean\test\sidset_b19688b9aa3f75f7\crop80.jpg
sidset_b3d460c2a4f17eff,crop80,sidset,real,0,0.9941284656524658,data\cache\clean\test\sidset_b3d460c2a4f17eff\crop80.jpg
sidset_bc70b06f0d603efd,crop80,sidset,real,0,0.9999872446060181,data\cache\clean\test\sidset_bc70b06f0d603efd\crop80.jpg
sidset_bf236ad30956e497,crop80,sidset,real,0,0.7809398770332336,data\cache\clean\test\sidset_bf236ad30956e497\crop80.jpg
sidset_bf7100f88bf3b0f3,crop80,sidset,real,0,0.932866632938385,data\cache\clean\test\sidset_bf7100f88bf3b0f3\crop80.jpg
sidset_c104d5a827c3dc84,crop80,sidset,real,0,0.9041888117790222,data\cache\clean\test\sidset_c104d5a827c3dc84\crop80.jpg
sidset_c5a378b0ea24d25e,crop80,sidset,real,0,0.8728306889533997,data\cache\clean\test\sidset_c5a378b0ea24d25e\crop80.jpg
sidset_c790c7ca03b21797,crop80,sidset,real,0,0.7897367477416992,data\cache\clean\test\sidset_c790c7ca03b21797\crop80.jpg
sidset_c7d3774f16039f96,crop80,sidset,real,0,0.9896414875984192,data\cache\clean\test\sidset_c7d3774f16039f96\crop80.jpg
sidset_c90419b9eb89527a,crop80,sidset,real,0,0.9089038372039795,data\cache\clean\test\sidset_c90419b9eb89527a\crop80.jpg
sidset_ca42bd15e898b092,crop80,sidset,real,0,0.6602641344070435,data\cache\clean\test\sidset_ca42bd15e898b092\crop80.jpg
sidset_cb68a83278e88b9d,crop80,sidset,real,0,0.9755808711051941,data\cache\clean\test\sidset_cb68a83278e88b9d\crop80.jpg
sidset_cc4571b1efacde65,crop80,sidset,real,0,0.6345692276954651,data\cache\clean\test\sidset_cc4571b1efacde65\crop80.jpg
sidset_d16d462a77a3e94c,crop80,sidset,real,0,0.9802026748657227,data\cache\clean\test\sidset_d16d462a77a3e94c\crop80.jpg
sidset_d329e205592108ff,crop80,sidset,real,0,0.8842654228210449,data\cache\clean\test\sidset_d329e205592108ff\crop80.jpg
sidset_d652dc17bb0709b8,crop80,sidset,real,0,0.8759356737136841,data\cache\clean\test\sidset_d652dc17bb0709b8\crop80.jpg
sidset_d7c9ba7b7774dcd9,crop80,sidset,real,0,0.9864611029624939,data\cache\clean\test\sidset_d7c9ba7b7774dcd9\crop80.jpg
sidset_d95699590a6b3fa6,crop80,sidset,real,0,0.779723584651947,data\cache\clean\test\sidset_d95699590a6b3fa6\crop80.jpg
sidset_df089363fbc3dff5,crop80,sidset,real,0,0.6586561799049377,data\cache\clean\test\sidset_df089363fbc3dff5\crop80.jpg
sidset_e19c80d7ff2e201b,crop80,sidset,real,0,0.8210128545761108,data\cache\clean\test\sidset_e19c80d7ff2e201b\crop80.jpg
sidset_e67f5961f8d7c753,crop80,sidset,real,0,0.6090211868286133,data\cache\clean\test\sidset_e67f5961f8d7c753\crop80.jpg
sidset_ea40598e1128af27,crop80,sidset,real,0,0.826169490814209,data\cache\clean\test\sidset_ea40598e1128af27\crop80.jpg
sidset_ef3f636bfc78f3a5,crop80,sidset,real,0,0.9894567131996155,data\cache\clean\test\sidset_ef3f636bfc78f3a5\crop80.jpg
sidset_f250696304a3be0e,crop80,sidset,real,0,0.9909589290618896,data\cache\clean\test\sidset_f250696304a3be0e\crop80.jpg
sidset_f2be8bd472d53987,crop80,sidset,real,0,0.9995760321617126,data\cache\clean\test\sidset_f2be8bd472d53987\crop80.jpg
sidset_f4ef9cdd7b551944,crop80,sidset,real,0,0.6099627017974854,data\cache\clean\test\sidset_f4ef9cdd7b551944\crop80.jpg
sidset_f630570a5eab971b,crop80,sidset,real,0,0.9969256520271301,data\cache\clean\test\sidset_f630570a5eab971b\crop80.jpg
sidset_fac95db1f3df9775,crop80,sidset,real,0,0.9919620156288147,data\cache\clean\test\sidset_fac95db1f3df9775\crop80.jpg
sidset_fb820a8756e04447,crop80,sidset,real,0,0.977002739906311,data\cache\clean\test\sidset_fb820a8756e04447\crop80.jpg
sidset_fe0bec3214706d60,crop80,sidset,real,0,0.9837105870246887,data\cache\clean\test\sidset_fe0bec3214706d60\crop80.jpg
sidset_ffb6be41271c5645,crop80,sidset,real,0,0.595300018787384,data\cache\clean\test\sidset_ffb6be41271c5645\crop80.jpg
cifake_0260 (4),jpeg_q30,cifake,real,0,0.5285817384719849,data\cache\clean\test\cifake_0260 (4)\jpeg_q30.jpg
cifake_0327 (5),jpeg_q30,cifake,real,0,0.8378101587295532,data\cache\clean\test\cifake_0327 (5)\jpeg_q30.jpg
cifake_0618 (3),jpeg_q30,cifake,real,0,0.6893827319145203,data\cache\clean\test\cifake_0618 (3)\jpeg_q30.jpg
cifake_0793,jpeg_q30,cifake,real,0,0.9215048551559448,data\cache\clean\test\cifake_0793\jpeg_q30.jpg
cifake_0811,jpeg_q30,cifake,real,0,0.7989919781684875,data\cache\clean\test\cifake_0811\jpeg_q30.jpg
cifake_0967 (9),jpeg_q30,cifake,real,0,0.6670322418212891,data\cache\clean\test\cifake_0967 (9)\jpeg_q30.jpg
cifake_1139,jpeg_q30,cifake,real,0,0.570550262928009,data\cache\clean\test\cifake_1139\jpeg_q30.jpg
cifake_1306 (9),jpeg_q30,cifake,real,0,0.9359273314476013,data\cache\clean\test\cifake_1306 (9)\jpeg_q30.jpg
cifake_1974,jpeg_q30,cifake,real,0,0.9366282224655151,data\cache\clean\test\cifake_1974\jpeg_q30.jpg
cifake_2122,jpeg_q30,cifake,real,0,0.7100362181663513,data\cache\clean\test\cifake_2122\jpeg_q30.jpg
cifake_2602 (7),jpeg_q30,cifake,real,0,0.8328873515129089,data\cache\clean\test\cifake_2602 (7)\jpeg_q30.jpg
cifake_2633 (10),jpeg_q30,cifake,real,0,0.6195476055145264,data\cache\clean\test\cifake_2633 (10)\jpeg_q30.jpg
cifake_2660,jpeg_q30,cifake,real,0,0.6566020846366882,data\cache\clean\test\cifake_2660\jpeg_q30.jpg
cifake_2820 (8),jpeg_q30,cifake,real,0,0.7278667688369751,data\cache\clean\test\cifake_2820 (8)\jpeg_q30.jpg
cifake_3295 (10),jpeg_q30,cifake,real,0,0.5335457921028137,data\cache\clean\test\cifake_3295 (10)\jpeg_q30.jpg
cifake_3461 (5),jpeg_q30,cifake,real,0,0.8546870350837708,data\cache\clean\test\cifake_3461 (5)\jpeg_q30.jpg
cifake_3891 (3),jpeg_q30,cifake,real,0,0.6982916593551636,data\cache\clean\test\cifake_3891 (3)\jpeg_q30.jpg
cifake_3976,jpeg_q30,cifake,real,0,0.7434923052787781,data\cache\clean\test\cifake_3976\jpeg_q30.jpg
cifake_4609 (2),jpeg_q30,cifake,real,0,0.6293583512306213,data\cache\clean\test\cifake_4609 (2)\jpeg_q30.jpg
cifake_4932 (2),jpeg_q30,cifake,real,0,0.914056658744812,data\cache\clean\test\cifake_4932 (2)\jpeg_q30.jpg
sidset_036df955965cb2f9,jpeg_q30,sidset,real,0,0.9636890888214111,data\cache\clean\test\sidset_036df955965cb2f9\jpeg_q30.jpg
sidset_038789965a8f7606,jpeg_q30,sidset,real,0,0.9807526469230652,data\cache\clean\test\sidset_038789965a8f7606\jpeg_q30.jpg
sidset_04c57e00f9d1b966,jpeg_q30,sidset,real,0,0.6365289688110352,data\cache\clean\test\sidset_04c57e00f9d1b966\jpeg_q30.jpg
sidset_04f2ca3f7633822b,jpeg_q30,sidset,real,0,0.815678060054779,data\cache\clean\test\sidset_04f2ca3f7633822b\jpeg_q30.jpg
sidset_075db643445af8e3,jpeg_q30,sidset,real,0,0.981137752532959,data\cache\clean\test\sidset_075db643445af8e3\jpeg_q30.jpg
sidset_0f8102c25fc764ea,jpeg_q30,sidset,real,0,0.9994462132453918,data\cache\clean\test\sidset_0f8102c25fc764ea\jpeg_q30.jpg
sidset_1409961a28ec7db5,jpeg_q30,sidset,real,0,0.5135226845741272,data\cache\clean\test\sidset_1409961a28ec7db5\jpeg_q30.jpg
sidset_14312756c1c94efa,jpeg_q30,sidset,real,0,0.99998939037323,data\cache\clean\test\sidset_14312756c1c94efa\jpeg_q30.jpg
sidset_1491f4f3d3cbc49e,jpeg_q30,sidset,real,0,0.8989591002464294,data\cache\clean\test\sidset_1491f4f3d3cbc49e\jpeg_q30.jpg
sidset_1577f06c8ee59ef0,jpeg_q30,sidset,real,0,0.7375207543373108,data\cache\clean\test\sidset_1577f06c8ee59ef0\jpeg_q30.jpg
sidset_19a1dd0dde3ed26c,jpeg_q30,sidset,real,0,0.8470603227615356,data\cache\clean\test\sidset_19a1dd0dde3ed26c\jpeg_q30.jpg
sidset_1cae0a8c943c87f1,jpeg_q30,sidset,real,0,0.5385543704032898,data\cache\clean\test\sidset_1cae0a8c943c87f1\jpeg_q30.jpg
sidset_22164251d34be040,jpeg_q30,sidset,real,0,0.999869704246521,data\cache\clean\test\sidset_22164251d34be040\jpeg_q30.jpg
sidset_22b07f2ffcaf319c,jpeg_q30,sidset,real,0,0.9909104704856873,data\cache\clean\test\sidset_22b07f2ffcaf319c\jpeg_q30.jpg
sidset_240eaccddb6506ef,jpeg_q30,sidset,real,0,0.9600316882133484,data\cache\clean\test\sidset_240eaccddb6506ef\jpeg_q30.jpg
sidset_247241c5aa1f3f9c,jpeg_q30,sidset,real,0,0.8584777116775513,data\cache\clean\test\sidset_247241c5aa1f3f9c\jpeg_q30.jpg
sidset_24a4409917faf56d,jpeg_q30,sidset,real,0,0.6467090249061584,data\cache\clean\test\sidset_24a4409917faf56d\jpeg_q30.jpg
sidset_262ab01448a69651,jpeg_q30,sidset,real,0,0.9122885465621948,data\cache\clean\test\sidset_262ab01448a69651\jpeg_q30.jpg
sidset_273848178d186e12,jpeg_q30,sidset,real,0,0.8467752933502197,data\cache\clean\test\sidset_273848178d186e12\jpeg_q30.jpg
sidset_2c7cd831752d6b09,jpeg_q30,sidset,real,0,0.6752150058746338,data\cache\clean\test\sidset_2c7cd831752d6b09\jpeg_q30.jpg
sidset_31d44fee2c336e78,jpeg_q30,sidset,real,0,0.9412705898284912,data\cache\clean\test\sidset_31d44fee2c336e78\jpeg_q30.jpg
sidset_31f7ec5269c0f867,jpeg_q30,sidset,real,0,0.9708951711654663,data\cache\clean\test\sidset_31f7ec5269c0f867\jpeg_q30.jpg
sidset_34866edcc2800ae0,jpeg_q30,sidset,real,0,0.9972497820854187,data\cache\clean\test\sidset_34866edcc2800ae0\jpeg_q30.jpg
sidset_34cdb10173e55171,jpeg_q30,sidset,real,0,0.5945666432380676,data\cache\clean\test\sidset_34cdb10173e55171\jpeg_q30.jpg
sidset_36ec0b674a14714a,jpeg_q30,sidset,real,0,0.8865166306495667,data\cache\clean\test\sidset_36ec0b674a14714a\jpeg_q30.jpg
sidset_39a3f029e2e17dd3,jpeg_q30,sidset,real,0,0.9951058626174927,data\cache\clean\test\sidset_39a3f029e2e17dd3\jpeg_q30.jpg
sidset_3beca4d6152a4aa5,jpeg_q30,sidset,real,0,0.5218298435211182,data\cache\clean\test\sidset_3beca4d6152a4aa5\jpeg_q30.jpg
sidset_3fbc4c1574ef987d,jpeg_q30,sidset,real,0,0.9331061840057373,data\cache\clean\test\sidset_3fbc4c1574ef987d\jpeg_q30.jpg
sidset_4095bd8a31f9bd0a,jpeg_q30,sidset,real,0,0.5625330805778503,data\cache\clean\test\sidset_4095bd8a31f9bd0a\jpeg_q30.jpg
sidset_41fcb89ff22ef83c,jpeg_q30,sidset,real,0,0.9217342138290405,data\cache\clean\test\sidset_41fcb89ff22ef83c\jpeg_q30.jpg
sidset_45a6cb8b20ae57d2,jpeg_q30,sidset,real,0,0.6069819331169128,data\cache\clean\test\sidset_45a6cb8b20ae57d2\jpeg_q30.jpg
sidset_45c5c68f5a74cd90,jpeg_q30,sidset,real,0,0.8347377777099609,data\cache\clean\test\sidset_45c5c68f5a74cd90\jpeg_q30.jpg
sidset_4b3cea12f2a34df8,jpeg_q30,sidset,real,0,0.560124397277832,data\cache\clean\test\sidset_4b3cea12f2a34df8\jpeg_q30.jpg
sidset_4babe6eef86c29f6,jpeg_q30,sidset,real,0,0.942323625087738,data\cache\clean\test\sidset_4babe6eef86c29f6\jpeg_q30.jpg
sidset_4e4b9b1d6e8b2aca,jpeg_q30,sidset,real,0,0.9988573789596558,data\cache\clean\test\sidset_4e4b9b1d6e8b2aca\jpeg_q30.jpg
sidset_52bf81b2d7f84101,jpeg_q30,sidset,real,0,0.7265998721122742,data\cache\clean\test\sidset_52bf81b2d7f84101\jpeg_q30.jpg
sidset_55ed6c0bbd54e07d,jpeg_q30,sidset,real,0,0.8005914092063904,data\cache\clean\test\sidset_55ed6c0bbd54e07d\jpeg_q30.jpg
sidset_5a165a26bf8ca4be,jpeg_q30,sidset,real,0,0.9781498312950134,data\cache\clean\test\sidset_5a165a26bf8ca4be\jpeg_q30.jpg
sidset_5b291a7b5ae05cf0,jpeg_q30,sidset,real,0,0.92315274477005,data\cache\clean\test\sidset_5b291a7b5ae05cf0\jpeg_q30.jpg
sidset_5b8f12b78d13bfcd,jpeg_q30,sidset,real,0,0.9789501428604126,data\cache\clean\test\sidset_5b8f12b78d13bfcd\jpeg_q30.jpg
sidset_5ba522a91162ae70,jpeg_q30,sidset,real,0,0.9997568726539612,data\cache\clean\test\sidset_5ba522a91162ae70\jpeg_q30.jpg
sidset_5c175a143c23a7b8,jpeg_q30,sidset,real,0,0.5553368330001831,data\cache\clean\test\sidset_5c175a143c23a7b8\jpeg_q30.jpg
sidset_630624a387e04a88,jpeg_q30,sidset,real,0,0.8663185238838196,data\cache\clean\test\sidset_630624a387e04a88\jpeg_q30.jpg
sidset_656916e9c7039df4,jpeg_q30,sidset,real,0,0.6891236901283264,data\cache\clean\test\sidset_656916e9c7039df4\jpeg_q30.jpg
sidset_65d4916b9f3f47ba,jpeg_q30,sidset,real,0,0.8763941526412964,data\cache\clean\test\sidset_65d4916b9f3f47ba\jpeg_q30.jpg
sidset_68f0479b7dde7700,jpeg_q30,sidset,real,0,0.9888189435005188,data\cache\clean\test\sidset_68f0479b7dde7700\jpeg_q30.jpg
sidset_6b7167d906f4ff1f,jpeg_q30,sidset,real,0,0.9982317090034485,data\cache\clean\test\sidset_6b7167d906f4ff1f\jpeg_q30.jpg
sidset_6c4941996cd7f5fc,jpeg_q30,sidset,real,0,0.9798220992088318,data\cache\clean\test\sidset_6c4941996cd7f5fc\jpeg_q30.jpg
sidset_759a21da57c25774,jpeg_q30,sidset,real,0,0.9683237671852112,data\cache\clean\test\sidset_759a21da57c25774\jpeg_q30.jpg
sidset_75c4b6f64d7849f6,jpeg_q30,sidset,real,0,0.8915841579437256,data\cache\clean\test\sidset_75c4b6f64d7849f6\jpeg_q30.jpg
sidset_796b6212cfecb3de,jpeg_q30,sidset,real,0,0.9940604567527771,data\cache\clean\test\sidset_796b6212cfecb3de\jpeg_q30.jpg
sidset_7974984b83c15934,jpeg_q30,sidset,real,0,0.9074020385742188,data\cache\clean\test\sidset_7974984b83c15934\jpeg_q30.jpg
sidset_7b550aceb5ec111f,jpeg_q30,sidset,real,0,0.9858998656272888,data\cache\clean\test\sidset_7b550aceb5ec111f\jpeg_q30.jpg
sidset_88431f034d786206,jpeg_q30,sidset,real,0,0.8216642141342163,data\cache\clean\test\sidset_88431f034d786206\jpeg_q30.jpg
sidset_8901c7836be9a00a,jpeg_q30,sidset,real,0,0.5756638646125793,data\cache\clean\test\sidset_8901c7836be9a00a\jpeg_q30.jpg
sidset_8cad4d70e806910a,jpeg_q30,sidset,real,0,0.5790007710456848,data\cache\clean\test\sidset_8cad4d70e806910a\jpeg_q30.jpg
sidset_8d98f1eeb3935d09,jpeg_q30,sidset,real,0,0.976682722568512,data\cache\clean\test\sidset_8d98f1eeb3935d09\jpeg_q30.jpg
sidset_9915729405b9e03e,jpeg_q30,sidset,real,0,0.7176798582077026,data\cache\clean\test\sidset_9915729405b9e03e\jpeg_q30.jpg
sidset_995429a562f1aed2,jpeg_q30,sidset,real,0,0.8924380540847778,data\cache\clean\test\sidset_995429a562f1aed2\jpeg_q30.jpg
sidset_9eee677b8613974b,jpeg_q30,sidset,real,0,0.5641182065010071,data\cache\clean\test\sidset_9eee677b8613974b\jpeg_q30.jpg
sidset_a3032d75347e6fa2,jpeg_q30,sidset,real,0,0.9668295979499817,data\cache\clean\test\sidset_a3032d75347e6fa2\jpeg_q30.jpg
sidset_a3293aebf3086c9f,jpeg_q30,sidset,real,0,0.7023152112960815,data\cache\clean\test\sidset_a3293aebf3086c9f\jpeg_q30.jpg
sidset_a429805728e89e7d,jpeg_q30,sidset,real,0,0.998375415802002,data\cache\clean\test\sidset_a429805728e89e7d\jpeg_q30.jpg
sidset_ab1441008986f237,jpeg_q30,sidset,real,0,0.9830785393714905,data\cache\clean\test\sidset_ab1441008986f237\jpeg_q30.jpg
sidset_abb21498da6986f6,jpeg_q30,sidset,real,0,0.8812338709831238,data\cache\clean\test\sidset_abb21498da6986f6\jpeg_q30.jpg
sidset_ac54ef2834f8bc74,jpeg_q30,sidset,real,0,0.9343261122703552,data\cache\clean\test\sidset_ac54ef2834f8bc74\jpeg_q30.jpg
sidset_ae2a3178c574c716,jpeg_q30,sidset,real,0,0.9844412803649902,data\cache\clean\test\sidset_ae2a3178c574c716\jpeg_q30.jpg
sidset_b230de6baca8d392,jpeg_q30,sidset,real,0,0.5045139789581299,data\cache\clean\test\sidset_b230de6baca8d392\jpeg_q30.jpg
sidset_b3d460c2a4f17eff,jpeg_q30,sidset,real,0,0.9569910168647766,data\cache\clean\test\sidset_b3d460c2a4f17eff\jpeg_q30.jpg
sidset_bc70b06f0d603efd,jpeg_q30,sidset,real,0,0.9999969005584717,data\cache\clean\test\sidset_bc70b06f0d603efd\jpeg_q30.jpg
sidset_bf2d95dd1b29bfda,jpeg_q30,sidset,real,0,0.8782446980476379,data\cache\clean\test\sidset_bf2d95dd1b29bfda\jpeg_q30.jpg
sidset_bf7100f88bf3b0f3,jpeg_q30,sidset,real,0,0.9953972697257996,data\cache\clean\test\sidset_bf7100f88bf3b0f3\jpeg_q30.jpg
sidset_c104d5a827c3dc84,jpeg_q30,sidset,real,0,0.9911950826644897,data\cache\clean\test\sidset_c104d5a827c3dc84\jpeg_q30.jpg
sidset_c5a378b0ea24d25e,jpeg_q30,sidset,real,0,0.9457563161849976,data\cache\clean\test\sidset_c5a378b0ea24d25e\jpeg_q30.jpg
sidset_c790c7ca03b21797,jpeg_q30,sidset,real,0,0.9517180919647217,data\cache\clean\test\sidset_c790c7ca03b21797\jpeg_q30.jpg
sidset_c90419b9eb89527a,jpeg_q30,sidset,real,0,0.9700508713722229,data\cache\clean\test\sidset_c90419b9eb89527a\jpeg_q30.jpg
sidset_ca42bd15e898b092,jpeg_q30,sidset,real,0,0.7943108677864075,data\cache\clean\test\sidset_ca42bd15e898b092\jpeg_q30.jpg
sidset_cac550631e35c126,jpeg_q30,sidset,real,0,0.5000642538070679,data\cache\clean\test\sidset_cac550631e35c126\jpeg_q30.jpg
sidset_cb68a83278e88b9d,jpeg_q30,sidset,real,0,0.7054383158683777,data\cache\clean\test\sidset_cb68a83278e88b9d\jpeg_q30.jpg
sidset_cc4571b1efacde65,jpeg_q30,sidset,real,0,0.7978699207305908,data\cache\clean\test\sidset_cc4571b1efacde65\jpeg_q30.jpg
sidset_ce09a25a50fdfe47,jpeg_q30,sidset,real,0,0.8051972985267639,data\cache\clean\test\sidset_ce09a25a50fdfe47\jpeg_q30.jpg
sidset_cefabeb567a88f94,jpeg_q30,sidset,real,0,0.8678736686706543,data\cache\clean\test\sidset_cefabeb567a88f94\jpeg_q30.jpg
sidset_cfa694ce3bb2538c,jpeg_q30,sidset,real,0,0.9811384081840515,data\cache\clean\test\sidset_cfa694ce3bb2538c\jpeg_q30.jpg
sidset_d652dc17bb0709b8,jpeg_q30,sidset,real,0,0.9966760873794556,data\cache\clean\test\sidset_d652dc17bb0709b8\jpeg_q30.jpg
sidset_d7c9ba7b7774dcd9,jpeg_q30,sidset,real,0,0.6283645629882812,data\cache\clean\test\sidset_d7c9ba7b7774dcd9\jpeg_q30.jpg
sidset_df089363fbc3dff5,jpeg_q30,sidset,real,0,0.9966064691543579,data\cache\clean\test\sidset_df089363fbc3dff5\jpeg_q30.jpg
sidset_e19c80d7ff2e201b,jpeg_q30,sidset,real,0,0.7651812434196472,data\cache\clean\test\sidset_e19c80d7ff2e201b\jpeg_q30.jpg
sidset_e67f5961f8d7c753,jpeg_q30,sidset,real,0,0.9955939650535583,data\cache\clean\test\sidset_e67f5961f8d7c753\jpeg_q30.jpg
sidset_e7250acece7d41f5,jpeg_q30,sidset,real,0,0.9799783825874329,data\cache\clean\test\sidset_e7250acece7d41f5\jpeg_q30.jpg
sidset_ea40598e1128af27,jpeg_q30,sidset,real,0,0.933497965335846,data\cache\clean\test\sidset_ea40598e1128af27\jpeg_q30.jpg
sidset_ef3f636bfc78f3a5,jpeg_q30,sidset,real,0,0.9886295795440674,data\cache\clean\test\sidset_ef3f636bfc78f3a5\jpeg_q30.jpg
sidset_f250696304a3be0e,jpeg_q30,sidset,real,0,0.9958631992340088,data\cache\clean\test\sidset_f250696304a3be0e\jpeg_q30.jpg
sidset_f2be8bd472d53987,jpeg_q30,sidset,real,0,0.9963155388832092,data\cache\clean\test\sidset_f2be8bd472d53987\jpeg_q30.jpg
sidset_f630570a5eab971b,jpeg_q30,sidset,real,0,0.9939818978309631,data\cache\clean\test\sidset_f630570a5eab971b\jpeg_q30.jpg
sidset_fac95db1f3df9775,jpeg_q30,sidset,real,0,0.9671602249145508,data\cache\clean\test\sidset_fac95db1f3df9775\jpeg_q30.jpg
sidset_fb820a8756e04447,jpeg_q30,sidset,real,0,0.9890971183776855,data\cache\clean\test\sidset_fb820a8756e04447\jpeg_q30.jpg
sidset_fd096d0793adea7d,jpeg_q30,sidset,real,0,0.5723249912261963,data\cache\clean\test\sidset_fd096d0793adea7d\jpeg_q30.jpg
sidset_fe0bec3214706d60,jpeg_q30,sidset,real,0,0.992641031742096,data\cache\clean\test\sidset_fe0bec3214706d60\jpeg_q30.jpg
cifake_0179 (9),jpeg_q50,cifake,real,0,0.586689829826355,data\cache\clean\test\cifake_0179 (9)\jpeg_q50.jpg
cifake_0260 (4),jpeg_q50,cifake,real,0,0.6086887717247009,data\cache\clean\test\cifake_0260 (4)\jpeg_q50.jpg
cifake_0618 (3),jpeg_q50,cifake,real,0,0.8597608208656311,data\cache\clean\test\cifake_0618 (3)\jpeg_q50.jpg
cifake_0811,jpeg_q50,cifake,real,0,0.7824722528457642,data\cache\clean\test\cifake_0811\jpeg_q50.jpg
cifake_0967 (9),jpeg_q50,cifake,real,0,0.5960752964019775,data\cache\clean\test\cifake_0967 (9)\jpeg_q50.jpg
cifake_1139,jpeg_q50,cifake,real,0,0.6849133372306824,data\cache\clean\test\cifake_1139\jpeg_q50.jpg
cifake_1306 (9),jpeg_q50,cifake,real,0,0.7575603127479553,data\cache\clean\test\cifake_1306 (9)\jpeg_q50.jpg
cifake_1427,jpeg_q50,cifake,real,0,0.501196563243866,data\cache\clean\test\cifake_1427\jpeg_q50.jpg
cifake_1900 (10),jpeg_q50,cifake,real,0,0.5497997403144836,data\cache\clean\test\cifake_1900 (10)\jpeg_q50.jpg
cifake_1974,jpeg_q50,cifake,real,0,0.9599134922027588,data\cache\clean\test\cifake_1974\jpeg_q50.jpg
cifake_2122,jpeg_q50,cifake,real,0,0.8030597567558289,data\cache\clean\test\cifake_2122\jpeg_q50.jpg
cifake_2547,jpeg_q50,cifake,real,0,0.5541391372680664,data\cache\clean\test\cifake_2547\jpeg_q50.jpg
cifake_2633 (10),jpeg_q50,cifake,real,0,0.8182369470596313,data\cache\clean\test\cifake_2633 (10)\jpeg_q50.jpg
cifake_2660,jpeg_q50,cifake,real,0,0.8774757981300354,data\cache\clean\test\cifake_2660\jpeg_q50.jpg
cifake_2666 (9),jpeg_q50,cifake,real,0,0.813349187374115,data\cache\clean\test\cifake_2666 (9)\jpeg_q50.jpg
cifake_2820 (8),jpeg_q50,cifake,real,0,0.6803845167160034,data\cache\clean\test\cifake_2820 (8)\jpeg_q50.jpg
cifake_3280 (8),jpeg_q50,cifake,real,0,0.7796116471290588,data\cache\clean\test\cifake_3280 (8)\jpeg_q50.jpg
cifake_3461 (5),jpeg_q50,cifake,real,0,0.6890942454338074,data\cache\clean\test\cifake_3461 (5)\jpeg_q50.jpg
cifake_3614,jpeg_q50,cifake,real,0,0.7503886222839355,data\cache\clean\test\cifake_3614\jpeg_q50.jpg
cifake_3872,jpeg_q50,cifake,real,0,0.8727921843528748,data\cache\clean\test\cifake_3872\jpeg_q50.jpg
cifake_3891 (3),jpeg_q50,cifake,real,0,0.7343062162399292,data\cache\clean\test\cifake_3891 (3)\jpeg_q50.jpg
cifake_4389,jpeg_q50,cifake,real,0,0.7776897549629211,data\cache\clean\test\cifake_4389\jpeg_q50.jpg
cifake_4609 (2),jpeg_q50,cifake,real,0,0.9289537072181702,data\cache\clean\test\cifake_4609 (2)\jpeg_q50.jpg
cifake_4660 (5),jpeg_q50,cifake,real,0,0.8265652060508728,data\cache\clean\test\cifake_4660 (5)\jpeg_q50.jpg
cifake_4707,jpeg_q50,cifake,real,0,0.5811843276023865,data\cache\clean\test\cifake_4707\jpeg_q50.jpg
cifake_4932 (2),jpeg_q50,cifake,real,0,0.6907217502593994,data\cache\clean\test\cifake_4932 (2)\jpeg_q50.jpg
sidset_00c87b600b1f0aa2,jpeg_q50,sidset,real,0,0.5562812089920044,data\cache\clean\test\sidset_00c87b600b1f0aa2\jpeg_q50.jpg
sidset_036df955965cb2f9,jpeg_q50,sidset,real,0,0.9686278700828552,data\cache\clean\test\sidset_036df955965cb2f9\jpeg_q50.jpg
sidset_038789965a8f7606,jpeg_q50,sidset,real,0,0.9915412068367004,data\cache\clean\test\sidset_038789965a8f7606\jpeg_q50.jpg
sidset_04c57e00f9d1b966,jpeg_q50,sidset,real,0,0.7083735466003418,data\cache\clean\test\sidset_04c57e00f9d1b966\jpeg_q50.jpg
sidset_04f2ca3f7633822b,jpeg_q50,sidset,real,0,0.6396182775497437,data\cache\clean\test\sidset_04f2ca3f7633822b\jpeg_q50.jpg
sidset_075db643445af8e3,jpeg_q50,sidset,real,0,0.5959343314170837,data\cache\clean\test\sidset_075db643445af8e3\jpeg_q50.jpg
sidset_0f8102c25fc764ea,jpeg_q50,sidset,real,0,0.9971990585327148,data\cache\clean\test\sidset_0f8102c25fc764ea\jpeg_q50.jpg
sidset_1409961a28ec7db5,jpeg_q50,sidset,real,0,0.5672033429145813,data\cache\clean\test\sidset_1409961a28ec7db5\jpeg_q50.jpg
sidset_14312756c1c94efa,jpeg_q50,sidset,real,0,0.9999343156814575,data\cache\clean\test\sidset_14312756c1c94efa\jpeg_q50.jpg
sidset_1491f4f3d3cbc49e,jpeg_q50,sidset,real,0,0.521201491355896,data\cache\clean\test\sidset_1491f4f3d3cbc49e\jpeg_q50.jpg
sidset_1577f06c8ee59ef0,jpeg_q50,sidset,real,0,0.8439961075782776,data\cache\clean\test\sidset_1577f06c8ee59ef0\jpeg_q50.jpg
sidset_16c4058cc17896fc,jpeg_q50,sidset,real,0,0.5404208898544312,data\cache\clean\test\sidset_16c4058cc17896fc\jpeg_q50.jpg
sidset_19a1dd0dde3ed26c,jpeg_q50,sidset,real,0,0.7448120713233948,data\cache\clean\test\sidset_19a1dd0dde3ed26c\jpeg_q50.jpg
sidset_22164251d34be040,jpeg_q50,sidset,real,0,0.9990066885948181,data\cache\clean\test\sidset_22164251d34be040\jpeg_q50.jpg
sidset_22b07f2ffcaf319c,jpeg_q50,sidset,real,0,0.9984872341156006,data\cache\clean\test\sidset_22b07f2ffcaf319c\jpeg_q50.jpg
sidset_240eaccddb6506ef,jpeg_q50,sidset,real,0,0.8848929405212402,data\cache\clean\test\sidset_240eaccddb6506ef\jpeg_q50.jpg
sidset_26c389b400ea1653,jpeg_q50,sidset,real,0,0.8722752332687378,data\cache\clean\test\sidset_26c389b400ea1653\jpeg_q50.jpg
sidset_273848178d186e12,jpeg_q50,sidset,real,0,0.5750524997711182,data\cache\clean\test\sidset_273848178d186e12\jpeg_q50.jpg
sidset_2eedc416deac0f71,jpeg_q50,sidset,real,0,0.6038804650306702,data\cache\clean\test\sidset_2eedc416deac0f71\jpeg_q50.jpg
sidset_31d44fee2c336e78,jpeg_q50,sidset,real,0,0.9630091190338135,data\cache\clean\test\sidset_31d44fee2c336e78\jpeg_q50.jpg
sidset_31f7ec5269c0f867,jpeg_q50,sidset,real,0,0.9693501591682434,data\cache\clean\test\sidset_31f7ec5269c0f867\jpeg_q50.jpg
sidset_34866edcc2800ae0,jpeg_q50,sidset,real,0,0.8840735554695129,data\cache\clean\test\sidset_34866edcc2800ae0\jpeg_q50.jpg
sidset_36ec0b674a14714a,jpeg_q50,sidset,real,0,0.9449353814125061,data\cache\clean\test\sidset_36ec0b674a14714a\jpeg_q50.jpg
sidset_39a3f029e2e17dd3,jpeg_q50,sidset,real,0,0.9966597557067871,data\cache\clean\test\sidset_39a3f029e2e17dd3\jpeg_q50.jpg
sidset_3beca4d6152a4aa5,jpeg_q50,sidset,real,0,0.5974173545837402,data\cache\clean\test\sidset_3beca4d6152a4aa5\jpeg_q50.jpg
sidset_3fbc4c1574ef987d,jpeg_q50,sidset,real,0,0.950851321220398,data\cache\clean\test\sidset_3fbc4c1574ef987d\jpeg_q50.jpg
sidset_41fcb89ff22ef83c,jpeg_q50,sidset,real,0,0.5736329555511475,data\cache\clean\test\sidset_41fcb89ff22ef83c\jpeg_q50.jpg
sidset_45a6cb8b20ae57d2,jpeg_q50,sidset,real,0,0.7618907690048218,data\cache\clean\test\sidset_45a6cb8b20ae57d2\jpeg_q50.jpg
sidset_45c5c68f5a74cd90,jpeg_q50,sidset,real,0,0.9354961514472961,data\cache\clean\test\sidset_45c5c68f5a74cd90\jpeg_q50.jpg
sidset_4babe6eef86c29f6,jpeg_q50,sidset,real,0,0.7234225273132324,data\cache\clean\test\sidset_4babe6eef86c29f6\jpeg_q50.jpg
sidset_4e4b9b1d6e8b2aca,jpeg_q50,sidset,real,0,0.9825733304023743,data\cache\clean\test\sidset_4e4b9b1d6e8b2aca\jpeg_q50.jpg
sidset_52bf81b2d7f84101,jpeg_q50,sidset,real,0,0.9177184104919434,data\cache\clean\test\sidset_52bf81b2d7f84101\jpeg_q50.jpg
sidset_55ed6c0bbd54e07d,jpeg_q50,sidset,real,0,0.7612889409065247,data\cache\clean\test\sidset_55ed6c0bbd54e07d\jpeg_q50.jpg
sidset_5a165a26bf8ca4be,jpeg_q50,sidset,real,0,0.9412079453468323,data\cache\clean\test\sidset_5a165a26bf8ca4be\jpeg_q50.jpg
sidset_5b291a7b5ae05cf0,jpeg_q50,sidset,real,0,0.9378741383552551,data\cache\clean\test\sidset_5b291a7b5ae05cf0\jpeg_q50.jpg
sidset_5b8f12b78d13bfcd,jpeg_q50,sidset,real,0,0.969196081161499,data\cache\clean\test\sidset_5b8f12b78d13bfcd\jpeg_q50.jpg
sidset_5ba522a91162ae70,jpeg_q50,sidset,real,0,0.9998422861099243,data\cache\clean\test\sidset_5ba522a91162ae70\jpeg_q50.jpg
sidset_5c175a143c23a7b8,jpeg_q50,sidset,real,0,0.8340277075767517,data\cache\clean\test\sidset_5c175a143c23a7b8\jpeg_q50.jpg
sidset_630624a387e04a88,jpeg_q50,sidset,real,0,0.6010903120040894,data\cache\clean\test\sidset_630624a387e04a88\jpeg_q50.jpg
sidset_65d4916b9f3f47ba,jpeg_q50,sidset,real,0,0.6104783415794373,data\cache\clean\test\sidset_65d4916b9f3f47ba\jpeg_q50.jpg
sidset_68f0479b7dde7700,jpeg_q50,sidset,real,0,0.9810683131217957,data\cache\clean\test\sidset_68f0479b7dde7700\jpeg_q50.jpg
sidset_6b7167d906f4ff1f,jpeg_q50,sidset,real,0,0.9981166124343872,data\cache\clean\test\sidset_6b7167d906f4ff1f\jpeg_q50.jpg
sidset_6b8d44cfd30a3452,jpeg_q50,sidset,real,0,0.6008570790290833,data\cache\clean\test\sidset_6b8d44cfd30a3452\jpeg_q50.jpg
sidset_6c4941996cd7f5fc,jpeg_q50,sidset,real,0,0.9766241908073425,data\cache\clean\test\sidset_6c4941996cd7f5fc\jpeg_q50.jpg
sidset_759a21da57c25774,jpeg_q50,sidset,real,0,0.7899100184440613,data\cache\clean\test\sidset_759a21da57c25774\jpeg_q50.jpg
sidset_772850bc0fb9e17c,jpeg_q50,sidset,real,0,0.5144680142402649,data\cache\clean\test\sidset_772850bc0fb9e17c\jpeg_q50.jpg
sidset_796b6212cfecb3de,jpeg_q50,sidset,real,0,0.9942923784255981,data\cache\clean\test\sidset_796b6212cfecb3de\jpeg_q50.jpg
sidset_7974984b83c15934,jpeg_q50,sidset,real,0,0.9004210829734802,data\cache\clean\test\sidset_7974984b83c15934\jpeg_q50.jpg
sidset_7b550aceb5ec111f,jpeg_q50,sidset,real,0,0.9855296015739441,data\cache\clean\test\sidset_7b550aceb5ec111f\jpeg_q50.jpg
sidset_85928afd9860bcb5,jpeg_q50,sidset,real,0,0.5359876155853271,data\cache\clean\test\sidset_85928afd9860bcb5\jpeg_q50.jpg
sidset_88431f034d786206,jpeg_q50,sidset,real,0,0.5461223721504211,data\cache\clean\test\sidset_88431f034d786206\jpeg_q50.jpg
sidset_8d98f1eeb3935d09,jpeg_q50,sidset,real,0,0.9494548439979553,data\cache\clean\test\sidset_8d98f1eeb3935d09\jpeg_q50.jpg
sidset_9915729405b9e03e,jpeg_q50,sidset,real,0,0.8610859513282776,data\cache\clean\test\sidset_9915729405b9e03e\jpeg_q50.jpg
sidset_995429a562f1aed2,jpeg_q50,sidset,real,0,0.8626105189323425,data\cache\clean\test\sidset_995429a562f1aed2\jpeg_q50.jpg
sidset_a0c976304a971d8f,jpeg_q50,sidset,real,0,0.5119969844818115,data\cache\clean\test\sidset_a0c976304a971d8f\jpeg_q50.jpg
sidset_a3032d75347e6fa2,jpeg_q50,sidset,real,0,0.851323127746582,data\cache\clean\test\sidset_a3032d75347e6fa2\jpeg_q50.jpg
sidset_a429805728e89e7d,jpeg_q50,sidset,real,0,0.8923512101173401,data\cache\clean\test\sidset_a429805728e89e7d\jpeg_q50.jpg
sidset_ab1441008986f237,jpeg_q50,sidset,real,0,0.9621254205703735,data\cache\clean\test\sidset_ab1441008986f237\jpeg_q50.jpg
sidset_abb21498da6986f6,jpeg_q50,sidset,real,0,0.5959993004798889,data\cache\clean\test\sidset_abb21498da6986f6\jpeg_q50.jpg
sidset_ac54ef2834f8bc74,jpeg_q50,sidset,real,0,0.8682464957237244,data\cache\clean\test\sidset_ac54ef2834f8bc74\jpeg_q50.jpg
sidset_ae2a3178c574c716,jpeg_q50,sidset,real,0,0.9881302118301392,data\cache\clean\test\sidset_ae2a3178c574c716\jpeg_q50.jpg
sidset_b3d460c2a4f17eff,jpeg_q50,sidset,real,0,0.9315545558929443,data\cache\clean\test\sidset_b3d460c2a4f17eff\jpeg_q50.jpg
sidset_bc70b06f0d603efd,jpeg_q50,sidset,real,0,0.9999972581863403,data\cache\clean\test\sidset_bc70b06f0d603efd\jpeg_q50.jpg
sidset_bf2d95dd1b29bfda,jpeg_q50,sidset,real,0,0.6515657305717468,data\cache\clean\test\sidset_bf2d95dd1b29bfda\jpeg_q50.jpg
sidset_bf7100f88bf3b0f3,jpeg_q50,sidset,real,0,0.9787567257881165,data\cache\clean\test\sidset_bf7100f88bf3b0f3\jpeg_q50.jpg
sidset_c104d5a827c3dc84,jpeg_q50,sidset,real,0,0.8764488101005554,data\cache\clean\test\sidset_c104d5a827c3dc84\jpeg_q50.jpg
sidset_c2f7255d9f5d9469,jpeg_q50,sidset,real,0,0.5366103649139404,data\cache\clean\test\sidset_c2f7255d9f5d9469\jpeg_q50.jpg
sidset_c5a378b0ea24d25e,jpeg_q50,sidset,real,0,0.977707028388977,data\cache\clean\test\sidset_c5a378b0ea24d25e\jpeg_q50.jpg
sidset_c790c7ca03b21797,jpeg_q50,sidset,real,0,0.9482664465904236,data\cache\clean\test\sidset_c790c7ca03b21797\jpeg_q50.jpg
sidset_c90419b9eb89527a,jpeg_q50,sidset,real,0,0.9662348031997681,data\cache\clean\test\sidset_c90419b9eb89527a\jpeg_q50.jpg
sidset_ca42bd15e898b092,jpeg_q50,sidset,real,0,0.6685953140258789,data\cache\clean\test\sidset_ca42bd15e898b092\jpeg_q50.jpg
sidset_cc4571b1efacde65,jpeg_q50,sidset,real,0,0.6934710144996643,data\cache\clean\test\sidset_cc4571b1efacde65\jpeg_q50.jpg
sidset_cd7b3621c53d1ffe,jpeg_q50,sidset,real,0,0.6677631735801697,data\cache\clean\test\sidset_cd7b3621c53d1ffe\jpeg_q50.jpg
sidset_cfa694ce3bb2538c,jpeg_q50,sidset,real,0,0.7086829543113708,data\cache\clean\test\sidset_cfa694ce3bb2538c\jpeg_q50.jpg
sidset_d652dc17bb0709b8,jpeg_q50,sidset,real,0,0.9891979098320007,data\cache\clean\test\sidset_d652dc17bb0709b8\jpeg_q50.jpg
sidset_d7c9ba7b7774dcd9,jpeg_q50,sidset,real,0,0.5719985961914062,data\cache\clean\test\sidset_d7c9ba7b7774dcd9\jpeg_q50.jpg
sidset_df089363fbc3dff5,jpeg_q50,sidset,real,0,0.9948339462280273,data\cache\clean\test\sidset_df089363fbc3dff5\jpeg_q50.jpg
sidset_e19c80d7ff2e201b,jpeg_q50,sidset,real,0,0.7656739354133606,data\cache\clean\test\sidset_e19c80d7ff2e201b\jpeg_q50.jpg
sidset_e35ca53982ee8372,jpeg_q50,sidset,real,0,0.6283154487609863,data\cache\clean\test\sidset_e35ca53982ee8372\jpeg_q50.jpg
sidset_e67f5961f8d7c753,jpeg_q50,sidset,real,0,0.9712250828742981,data\cache\clean\test\sidset_e67f5961f8d7c753\jpeg_q50.jpg
sidset_ea40598e1128af27,jpeg_q50,sidset,real,0,0.9764447808265686,data\cache\clean\test\sidset_ea40598e1128af27\jpeg_q50.jpg
sidset_ef3f636bfc78f3a5,jpeg_q50,sidset,real,0,0.9959184527397156,data\cache\clean\test\sidset_ef3f636bfc78f3a5\jpeg_q50.jpg
sidset_f250696304a3be0e,jpeg_q50,sidset,real,0,0.9946045279502869,data\cache\clean\test\sidset_f250696304a3be0e\jpeg_q50.jpg
sidset_f2be8bd472d53987,jpeg_q50,sidset,real,0,0.9960213303565979,data\cache\clean\test\sidset_f2be8bd472d53987\jpeg_q50.jpg
sidset_f5044c17014681a8,jpeg_q50,sidset,real,0,0.5405797362327576,data\cache\clean\test\sidset_f5044c17014681a8\jpeg_q50.jpg
sidset_f630570a5eab971b,jpeg_q50,sidset,real,0,0.9960840940475464,data\cache\clean\test\sidset_f630570a5eab971b\jpeg_q50.jpg
sidset_fac95db1f3df9775,jpeg_q50,sidset,real,0,0.9208758473396301,data\cache\clean\test\sidset_fac95db1f3df9775\jpeg_q50.jpg
sidset_fb820a8756e04447,jpeg_q50,sidset,real,0,0.9864815473556519,data\cache\clean\test\sidset_fb820a8756e04447\jpeg_q50.jpg
sidset_fe0bec3214706d60,jpeg_q50,sidset,real,0,0.9983564019203186,data\cache\clean\test\sidset_fe0bec3214706d60\jpeg_q50.jpg
cifake_0179 (9),jpeg_q70,cifake,real,0,0.9460161328315735,data\cache\clean\test\cifake_0179 (9)\jpeg_q70.jpg
cifake_0235,jpeg_q70,cifake,real,0,0.6956538558006287,data\cache\clean\test\cifake_0235\jpeg_q70.jpg
cifake_0485 (9),jpeg_q70,cifake,real,0,0.5656703114509583,data\cache\clean\test\cifake_0485 (9)\jpeg_q70.jpg
cifake_0539 (5),jpeg_q70,cifake,real,0,0.5211105346679688,data\cache\clean\test\cifake_0539 (5)\jpeg_q70.jpg
cifake_0618 (3),jpeg_q70,cifake,real,0,0.7234464883804321,data\cache\clean\test\cifake_0618 (3)\jpeg_q70.jpg
cifake_0636 (3),jpeg_q70,cifake,real,0,0.5421696305274963,data\cache\clean\test\cifake_0636 (3)\jpeg_q70.jpg
cifake_0793,jpeg_q70,cifake,real,0,0.9126116037368774,data\cache\clean\test\cifake_0793\jpeg_q70.jpg
cifake_0811,jpeg_q70,cifake,real,0,0.8430871367454529,data\cache\clean\test\cifake_0811\jpeg_q70.jpg
cifake_0967 (9),jpeg_q70,cifake,real,0,0.8587334156036377,data\cache\clean\test\cifake_0967 (9)\jpeg_q70.jpg
cifake_1139,jpeg_q70,cifake,real,0,0.9111550450325012,data\cache\clean\test\cifake_1139\jpeg_q70.jpg
cifake_1974,jpeg_q70,cifake,real,0,0.9246847629547119,data\cache\clean\test\cifake_1974\jpeg_q70.jpg
cifake_2094 (3),jpeg_q70,cifake,real,0,0.549045979976654,data\cache\clean\test\cifake_2094 (3)\jpeg_q70.jpg
cifake_2122,jpeg_q70,cifake,real,0,0.8738785982131958,data\cache\clean\test\cifake_2122\jpeg_q70.jpg
cifake_2633 (10),jpeg_q70,cifake,real,0,0.8331323266029358,data\cache\clean\test\cifake_2633 (10)\jpeg_q70.jpg
cifake_2660,jpeg_q70,cifake,real,0,0.9184747338294983,data\cache\clean\test\cifake_2660\jpeg_q70.jpg
cifake_2666 (9),jpeg_q70,cifake,real,0,0.5901447534561157,data\cache\clean\test\cifake_2666 (9)\jpeg_q70.jpg
cifake_3014 (5),jpeg_q70,cifake,real,0,0.5648649334907532,data\cache\clean\test\cifake_3014 (5)\jpeg_q70.jpg
cifake_3088 (3),jpeg_q70,cifake,real,0,0.544906735420227,data\cache\clean\test\cifake_3088 (3)\jpeg_q70.jpg
cifake_3280 (8),jpeg_q70,cifake,real,0,0.6511897444725037,data\cache\clean\test\cifake_3280 (8)\jpeg_q70.jpg
cifake_3458 (9),jpeg_q70,cifake,real,0,0.521869421005249,data\cache\clean\test\cifake_3458 (9)\jpeg_q70.jpg
cifake_3819 (2),jpeg_q70,cifake,real,0,0.8155702948570251,data\cache\clean\test\cifake_3819 (2)\jpeg_q70.jpg
cifake_3872,jpeg_q70,cifake,real,0,0.5246472954750061,data\cache\clean\test\cifake_3872\jpeg_q70.jpg
cifake_3891 (3),jpeg_q70,cifake,real,0,0.5993977189064026,data\cache\clean\test\cifake_3891 (3)\jpeg_q70.jpg
cifake_3916 (8),jpeg_q70,cifake,real,0,0.5525844693183899,data\cache\clean\test\cifake_3916 (8)\jpeg_q70.jpg
cifake_4389,jpeg_q70,cifake,real,0,0.5851205587387085,data\cache\clean\test\cifake_4389\jpeg_q70.jpg
cifake_4609 (2),jpeg_q70,cifake,real,0,0.683884859085083,data\cache\clean\test\cifake_4609 (2)\jpeg_q70.jpg
cifake_4660 (5),jpeg_q70,cifake,real,0,0.7653617858886719,data\cache\clean\test\cifake_4660 (5)\jpeg_q70.jpg
cifake_4673 (5),jpeg_q70,cifake,real,0,0.9707348346710205,data\cache\clean\test\cifake_4673 (5)\jpeg_q70.jpg
cifake_4707,jpeg_q70,cifake,real,0,0.6424142718315125,data\cache\clean\test\cifake_4707\jpeg_q70.jpg
cifake_4932 (2),jpeg_q70,cifake,real,0,0.7915914058685303,data\cache\clean\test\cifake_4932 (2)\jpeg_q70.jpg
sidset_012403dc87252ad4,jpeg_q70,sidset,real,0,0.5372193455696106,data\cache\clean\test\sidset_012403dc87252ad4\jpeg_q70.jpg
sidset_036df955965cb2f9,jpeg_q70,sidset,real,0,0.7919079661369324,data\cache\clean\test\sidset_036df955965cb2f9\jpeg_q70.jpg
sidset_038789965a8f7606,jpeg_q70,sidset,real,0,0.9846609234809875,data\cache\clean\test\sidset_038789965a8f7606\jpeg_q70.jpg
sidset_075db643445af8e3,jpeg_q70,sidset,real,0,0.8976817727088928,data\cache\clean\test\sidset_075db643445af8e3\jpeg_q70.jpg
sidset_09f7329f0c1c9fd4,jpeg_q70,sidset,real,0,0.5338996052742004,data\cache\clean\test\sidset_09f7329f0c1c9fd4\jpeg_q70.jpg
sidset_0f8102c25fc764ea,jpeg_q70,sidset,real,0,0.9976224303245544,data\cache\clean\test\sidset_0f8102c25fc764ea\jpeg_q70.jpg
sidset_14312756c1c94efa,jpeg_q70,sidset,real,0,0.9999454021453857,data\cache\clean\test\sidset_14312756c1c94efa\jpeg_q70.jpg
sidset_1577f06c8ee59ef0,jpeg_q70,sidset,real,0,0.5733063220977783,data\cache\clean\test\sidset_1577f06c8ee59ef0\jpeg_q70.jpg
sidset_16c4058cc17896fc,jpeg_q70,sidset,real,0,0.5776867866516113,data\cache\clean\test\sidset_16c4058cc17896fc\jpeg_q70.jpg
sidset_18e30e95478d3da6,jpeg_q70,sidset,real,0,0.8699539303779602,data\cache\clean\test\sidset_18e30e95478d3da6\jpeg_q70.jpg
sidset_19a1dd0dde3ed26c,jpeg_q70,sidset,real,0,0.8850531578063965,data\cache\clean\test\sidset_19a1dd0dde3ed26c\jpeg_q70.jpg
sidset_22164251d34be040,jpeg_q70,sidset,real,0,0.9978188276290894,data\cache\clean\test\sidset_22164251d34be040\jpeg_q70.jpg
sidset_22b07f2ffcaf319c,jpeg_q70,sidset,real,0,0.9953895807266235,data\cache\clean\test\sidset_22b07f2ffcaf319c\jpeg_q70.jpg
sidset_240eaccddb6506ef,jpeg_q70,sidset,real,0,0.8957502841949463,data\cache\clean\test\sidset_240eaccddb6506ef\jpeg_q70.jpg
sidset_24a4409917faf56d,jpeg_q70,sidset,real,0,0.5107007622718811,data\cache\clean\test\sidset_24a4409917faf56d\jpeg_q70.jpg
sidset_26c389b400ea1653,jpeg_q70,sidset,real,0,0.9206653237342834,data\cache\clean\test\sidset_26c389b400ea1653\jpeg_q70.jpg
sidset_2eedc416deac0f71,jpeg_q70,sidset,real,0,0.5593215823173523,data\cache\clean\test\sidset_2eedc416deac0f71\jpeg_q70.jpg
sidset_31d44fee2c336e78,jpeg_q70,sidset,real,0,0.8756353855133057,data\cache\clean\test\sidset_31d44fee2c336e78\jpeg_q70.jpg
sidset_31f7ec5269c0f867,jpeg_q70,sidset,real,0,0.9345176815986633,data\cache\clean\test\sidset_31f7ec5269c0f867\jpeg_q70.jpg
sidset_34866edcc2800ae0,jpeg_q70,sidset,real,0,0.9238277077674866,data\cache\clean\test\sidset_34866edcc2800ae0\jpeg_q70.jpg
sidset_36ec0b674a14714a,jpeg_q70,sidset,real,0,0.954004168510437,data\cache\clean\test\sidset_36ec0b674a14714a\jpeg_q70.jpg
sidset_39a3f029e2e17dd3,jpeg_q70,sidset,real,0,0.9930005073547363,data\cache\clean\test\sidset_39a3f029e2e17dd3\jpeg_q70.jpg
sidset_3beca4d6152a4aa5,jpeg_q70,sidset,real,0,0.6898244023323059,data\cache\clean\test\sidset_3beca4d6152a4aa5\jpeg_q70.jpg
sidset_3da4e1a19df7cda2,jpeg_q70,sidset,real,0,0.758273184299469,data\cache\clean\test\sidset_3da4e1a19df7cda2\jpeg_q70.jpg
sidset_3fbc4c1574ef987d,jpeg_q70,sidset,real,0,0.9789342284202576,data\cache\clean\test\sidset_3fbc4c1574ef987d\jpeg_q70.jpg
sidset_41fcb89ff22ef83c,jpeg_q70,sidset,real,0,0.741577684879303,data\cache\clean\test\sidset_41fcb89ff22ef83c\jpeg_q70.jpg
sidset_45a6cb8b20ae57d2,jpeg_q70,sidset,real,0,0.568683922290802,data\cache\clean\test\sidset_45a6cb8b20ae57d2\jpeg_q70.jpg
sidset_45c5c68f5a74cd90,jpeg_q70,sidset,real,0,0.9329649806022644,data\cache\clean\test\sidset_45c5c68f5a74cd90\jpeg_q70.jpg
sidset_4babe6eef86c29f6,jpeg_q70,sidset,real,0,0.7687997817993164,data\cache\clean\test\sidset_4babe6eef86c29f6\jpeg_q70.jpg
sidset_4e4b9b1d6e8b2aca,jpeg_q70,sidset,real,0,0.9930740594863892,data\cache\clean\test\sidset_4e4b9b1d6e8b2aca\jpeg_q70.jpg
sidset_5284d957232f537f,jpeg_q70,sidset,real,0,0.5734044909477234,data\cache\clean\test\sidset_5284d957232f537f\jpeg_q70.jpg
sidset_52bf81b2d7f84101,jpeg_q70,sidset,real,0,0.8859981298446655,data\cache\clean\test\sidset_52bf81b2d7f84101\jpeg_q70.jpg
sidset_55ed6c0bbd54e07d,jpeg_q70,sidset,real,0,0.8864992260932922,data\cache\clean\test\sidset_55ed6c0bbd54e07d\jpeg_q70.jpg
sidset_5a165a26bf8ca4be,jpeg_q70,sidset,real,0,0.9126150608062744,data\cache\clean\test\sidset_5a165a26bf8ca4be\jpeg_q70.jpg
sidset_5ae51a789c118b75,jpeg_q70,sidset,real,0,0.5543791651725769,data\cache\clean\test\sidset_5ae51a789c118b75\jpeg_q70.jpg
sidset_5b291a7b5ae05cf0,jpeg_q70,sidset,real,0,0.9658327698707581,data\cache\clean\test\sidset_5b291a7b5ae05cf0\jpeg_q70.jpg
sidset_5b8f12b78d13bfcd,jpeg_q70,sidset,real,0,0.9954712390899658,data\cache\clean\test\sidset_5b8f12b78d13bfcd\jpeg_q70.jpg
sidset_5ba522a91162ae70,jpeg_q70,sidset,real,0,0.9997479319572449,data\cache\clean\test\sidset_5ba522a91162ae70\jpeg_q70.jpg
sidset_630624a387e04a88,jpeg_q70,sidset,real,0,0.7244023084640503,data\cache\clean\test\sidset_630624a387e04a88\jpeg_q70.jpg
sidset_65d4916b9f3f47ba,jpeg_q70,sidset,real,0,0.5520820021629333,data\cache\clean\test\sidset_65d4916b9f3f47ba\jpeg_q70.jpg
sidset_68f0479b7dde7700,jpeg_q70,sidset,real,0,0.9887123107910156,data\cache\clean\test\sidset_68f0479b7dde7700\jpeg_q70.jpg
sidset_6b7167d906f4ff1f,jpeg_q70,sidset,real,0,0.9466216564178467,data\cache\clean\test\sidset_6b7167d906f4ff1f\jpeg_q70.jpg
sidset_6c4941996cd7f5fc,jpeg_q70,sidset,real,0,0.9811448454856873,data\cache\clean\test\sidset_6c4941996cd7f5fc\jpeg_q70.jpg
sidset_789adfb30711725a,jpeg_q70,sidset,real,0,0.7286055684089661,data\cache\clean\test\sidset_789adfb30711725a\jpeg_q70.jpg
sidset_796b6212cfecb3de,jpeg_q70,sidset,real,0,0.9776387810707092,data\cache\clean\test\sidset_796b6212cfecb3de\jpeg_q70.jpg
sidset_7974984b83c15934,jpeg_q70,sidset,real,0,0.9586554169654846,data\cache\clean\test\sidset_7974984b83c15934\jpeg_q70.jpg
sidset_7b550aceb5ec111f,jpeg_q70,sidset,real,0,0.886974573135376,data\cache\clean\test\sidset_7b550aceb5ec111f\jpeg_q70.jpg
sidset_8619862cda88466c,jpeg_q70,sidset,real,0,0.5551180243492126,data\cache\clean\test\sidset_8619862cda88466c\jpeg_q70.jpg
sidset_88431f034d786206,jpeg_q70,sidset,real,0,0.5311221480369568,data\cache\clean\test\sidset_88431f034d786206\jpeg_q70.jpg
sidset_8865c586ab64c0f9,jpeg_q70,sidset,real,0,0.5734076499938965,data\cache\clean\test\sidset_8865c586ab64c0f9\jpeg_q70.jpg
sidset_8d2495ea75218578,jpeg_q70,sidset,real,0,0.9036024808883667,data\cache\clean\test\sidset_8d2495ea75218578\jpeg_q70.jpg
sidset_8d98f1eeb3935d09,jpeg_q70,sidset,real,0,0.9565095901489258,data\cache\clean\test\sidset_8d98f1eeb3935d09\jpeg_q70.jpg
sidset_9915729405b9e03e,jpeg_q70,sidset,real,0,0.8787134289741516,data\cache\clean\test\sidset_9915729405b9e03e\jpeg_q70.jpg
sidset_995429a562f1aed2,jpeg_q70,sidset,real,0,0.9072598218917847,data\cache\clean\test\sidset_995429a562f1aed2\jpeg_q70.jpg
sidset_a3293aebf3086c9f,jpeg_q70,sidset,real,0,0.9263623952865601,data\cache\clean\test\sidset_a3293aebf3086c9f\jpeg_q70.jpg
sidset_a4268c0135ca2c65,jpeg_q70,sidset,real,0,0.6809689402580261,data\cache\clean\test\sidset_a4268c0135ca2c65\jpeg_q70.jpg
sidset_a429805728e89e7d,jpeg_q70,sidset,real,0,0.8611741065979004,data\cache\clean\test\sidset_a429805728e89e7d\jpeg_q70.jpg
sidset_a8ad741ef85002f3,jpeg_q70,sidset,real,0,0.7516310214996338,data\cache\clean\test\sidset_a8ad741ef85002f3\jpeg_q70.jpg
sidset_a9461d28df2d46d8,jpeg_q70,sidset,real,0,0.5735303163528442,data\cache\clean\test\sidset_a9461d28df2d46d8\jpeg_q70.jpg
sidset_ab1441008986f237,jpeg_q70,sidset,real,0,0.8774644732475281,data\cache\clean\test\sidset_ab1441008986f237\jpeg_q70.jpg
sidset_abb21498da6986f6,jpeg_q70,sidset,real,0,0.8521416783332825,data\cache\clean\test\sidset_abb21498da6986f6\jpeg_q70.jpg
sidset_ae2a3178c574c716,jpeg_q70,sidset,real,0,0.9774328470230103,data\cache\clean\test\sidset_ae2a3178c574c716\jpeg_q70.jpg
sidset_b3d460c2a4f17eff,jpeg_q70,sidset,real,0,0.9113035202026367,data\cache\clean\test\sidset_b3d460c2a4f17eff\jpeg_q70.jpg
sidset_bc70b06f0d603efd,jpeg_q70,sidset,real,0,0.9999972581863403,data\cache\clean\test\sidset_bc70b06f0d603efd\jpeg_q70.jpg
sidset_bf2d95dd1b29bfda,jpeg_q70,sidset,real,0,0.7949527502059937,data\cache\clean\test\sidset_bf2d95dd1b29bfda\jpeg_q70.jpg
sidset_bf7100f88bf3b0f3,jpeg_q70,sidset,real,0,0.9850526452064514,data\cache\clean\test\sidset_bf7100f88bf3b0f3\jpeg_q70.jpg
sidset_c104d5a827c3dc84,jpeg_q70,sidset,real,0,0.9731199145317078,data\cache\clean\test\sidset_c104d5a827c3dc84\jpeg_q70.jpg
sidset_c5a378b0ea24d25e,jpeg_q70,sidset,real,0,0.9207838773727417,data\cache\clean\test\sidset_c5a378b0ea24d25e\jpeg_q70.jpg
sidset_c790c7ca03b21797,jpeg_q70,sidset,real,0,0.9579074382781982,data\cache\clean\test\sidset_c790c7ca03b21797\jpeg_q70.jpg
sidset_c90419b9eb89527a,jpeg_q70,sidset,real,0,0.9459953308105469,data\cache\clean\test\sidset_c90419b9eb89527a\jpeg_q70.jpg
sidset_cb68a83278e88b9d,jpeg_q70,sidset,real,0,0.6216498017311096,data\cache\clean\test\sidset_cb68a83278e88b9d\jpeg_q70.jpg
sidset_cc4571b1efacde65,jpeg_q70,sidset,real,0,0.721535861492157,data\cache\clean\test\sidset_cc4571b1efacde65\jpeg_q70.jpg
sidset_cd7b3621c53d1ffe,jpeg_q70,sidset,real,0,0.5105566382408142,data\cache\clean\test\sidset_cd7b3621c53d1ffe\jpeg_q70.jpg
sidset_cfa694ce3bb2538c,jpeg_q70,sidset,real,0,0.5703532695770264,data\cache\clean\test\sidset_cfa694ce3bb2538c\jpeg_q70.jpg
sidset_d652dc17bb0709b8,jpeg_q70,sidset,real,0,0.995005190372467,data\cache\clean\test\sidset_d652dc17bb0709b8\jpeg_q70.jpg
sidset_d7c9ba7b7774dcd9,jpeg_q70,sidset,real,0,0.5238500833511353,data\cache\clean\test\sidset_d7c9ba7b7774dcd9\jpeg_q70.jpg
sidset_df089363fbc3dff5,jpeg_q70,sidset,real,0,0.9790074825286865,data\cache\clean\test\sidset_df089363fbc3dff5\jpeg_q70.jpg
sidset_e19c80d7ff2e201b,jpeg_q70,sidset,real,0,0.6841464042663574,data\cache\clean\test\sidset_e19c80d7ff2e201b\jpeg_q70.jpg
sidset_e67f5961f8d7c753,jpeg_q70,sidset,real,0,0.9786021709442139,data\cache\clean\test\sidset_e67f5961f8d7c753\jpeg_q70.jpg
sidset_ea40598e1128af27,jpeg_q70,sidset,real,0,0.8312454223632812,data\cache\clean\test\sidset_ea40598e1128af27\jpeg_q70.jpg
sidset_ef3f636bfc78f3a5,jpeg_q70,sidset,real,0,0.9947795867919922,data\cache\clean\test\sidset_ef3f636bfc78f3a5\jpeg_q70.jpg
sidset_f250696304a3be0e,jpeg_q70,sidset,real,0,0.9959316849708557,data\cache\clean\test\sidset_f250696304a3be0e\jpeg_q70.jpg
sidset_f2be8bd472d53987,jpeg_q70,sidset,real,0,0.9929367899894714,data\cache\clean\test\sidset_f2be8bd472d53987\jpeg_q70.jpg
sidset_f630570a5eab971b,jpeg_q70,sidset,real,0,0.99729984998703,data\cache\clean\test\sidset_f630570a5eab971b\jpeg_q70.jpg
sidset_fb820a8756e04447,jpeg_q70,sidset,real,0,0.8823844790458679,data\cache\clean\test\sidset_fb820a8756e04447\jpeg_q70.jpg
sidset_fe0bec3214706d60,jpeg_q70,sidset,real,0,0.9962594509124756,data\cache\clean\test\sidset_fe0bec3214706d60\jpeg_q70.jpg
cifake_0235,jpeg_q90,cifake,real,0,0.8444127440452576,data\cache\clean\test\cifake_0235\jpeg_q90.jpg
cifake_0260 (4),jpeg_q90,cifake,real,0,0.5798746943473816,data\cache\clean\test\cifake_0260 (4)\jpeg_q90.jpg
cifake_0618 (3),jpeg_q90,cifake,real,0,0.7884734869003296,data\cache\clean\test\cifake_0618 (3)\jpeg_q90.jpg
cifake_0793,jpeg_q90,cifake,real,0,0.7337027788162231,data\cache\clean\test\cifake_0793\jpeg_q90.jpg
cifake_0967 (9),jpeg_q90,cifake,real,0,0.5930677652359009,data\cache\clean\test\cifake_0967 (9)\jpeg_q90.jpg
cifake_1139,jpeg_q90,cifake,real,0,0.8169921040534973,data\cache\clean\test\cifake_1139\jpeg_q90.jpg
cifake_1435 (2),jpeg_q90,cifake,real,0,0.6963891386985779,data\cache\clean\test\cifake_1435 (2)\jpeg_q90.jpg
cifake_1974,jpeg_q90,cifake,real,0,0.7320455312728882,data\cache\clean\test\cifake_1974\jpeg_q90.jpg
cifake_2071,jpeg_q90,cifake,real,0,0.6964524984359741,data\cache\clean\test\cifake_2071\jpeg_q90.jpg
cifake_2122,jpeg_q90,cifake,real,0,0.7719255089759827,data\cache\clean\test\cifake_2122\jpeg_q90.jpg
cifake_2633 (10),jpeg_q90,cifake,real,0,0.7797650694847107,data\cache\clean\test\cifake_2633 (10)\jpeg_q90.jpg
cifake_2660,jpeg_q90,cifake,real,0,0.9249216318130493,data\cache\clean\test\cifake_2660\jpeg_q90.jpg
cifake_3042 (4),jpeg_q90,cifake,real,0,0.5234860181808472,data\cache\clean\test\cifake_3042 (4)\jpeg_q90.jpg
cifake_3280 (8),jpeg_q90,cifake,real,0,0.6605559587478638,data\cache\clean\test\cifake_3280 (8)\jpeg_q90.jpg
cifake_3461 (5),jpeg_q90,cifake,real,0,0.5113380551338196,data\cache\clean\test\cifake_3461 (5)\jpeg_q90.jpg
cifake_3819 (2),jpeg_q90,cifake,real,0,0.721792459487915,data\cache\clean\test\cifake_3819 (2)\jpeg_q90.jpg
cifake_3891 (3),jpeg_q90,cifake,real,0,0.697547197341919,data\cache\clean\test\cifake_3891 (3)\jpeg_q90.jpg
cifake_4660 (5),jpeg_q90,cifake,real,0,0.93049556016922,data\cache\clean\test\cifake_4660 (5)\jpeg_q90.jpg
cifake_4673 (5),jpeg_q90,cifake,real,0,0.7724213004112244,data\cache\clean\test\cifake_4673 (5)\jpeg_q90.jpg
sidset_02eb47f790cba404,jpeg_q90,sidset,real,0,0.6030320525169373,data\cache\clean\test\sidset_02eb47f790cba404\jpeg_q90.jpg
sidset_036df955965cb2f9,jpeg_q90,sidset,real,0,0.9948281645774841,data\cache\clean\test\sidset_036df955965cb2f9\jpeg_q90.jpg
sidset_038789965a8f7606,jpeg_q90,sidset,real,0,0.992866039276123,data\cache\clean\test\sidset_038789965a8f7606\jpeg_q90.jpg
sidset_04c57e00f9d1b966,jpeg_q90,sidset,real,0,0.5680185556411743,data\cache\clean\test\sidset_04c57e00f9d1b966\jpeg_q90.jpg
sidset_075db643445af8e3,jpeg_q90,sidset,real,0,0.9068101644515991,data\cache\clean\test\sidset_075db643445af8e3\jpeg_q90.jpg
sidset_0f8102c25fc764ea,jpeg_q90,sidset,real,0,0.9827715754508972,data\cache\clean\test\sidset_0f8102c25fc764ea\jpeg_q90.jpg
sidset_1409961a28ec7db5,jpeg_q90,sidset,real,0,0.5939167737960815,data\cache\clean\test\sidset_1409961a28ec7db5\jpeg_q90.jpg
sidset_14312756c1c94efa,jpeg_q90,sidset,real,0,0.9999954700469971,data\cache\clean\test\sidset_14312756c1c94efa\jpeg_q90.jpg
sidset_1491f4f3d3cbc49e,jpeg_q90,sidset,real,0,0.6683236360549927,data\cache\clean\test\sidset_1491f4f3d3cbc49e\jpeg_q90.jpg
sidset_1577f06c8ee59ef0,jpeg_q90,sidset,real,0,0.8977028727531433,data\cache\clean\test\sidset_1577f06c8ee59ef0\jpeg_q90.jpg
sidset_16c4058cc17896fc,jpeg_q90,sidset,real,0,0.7432633638381958,data\cache\clean\test\sidset_16c4058cc17896fc\jpeg_q90.jpg
sidset_18e30e95478d3da6,jpeg_q90,sidset,real,0,0.9410597085952759,data\cache\clean\test\sidset_18e30e95478d3da6\jpeg_q90.jpg
sidset_19a1dd0dde3ed26c,jpeg_q90,sidset,real,0,0.5920212864875793,data\cache\clean\test\sidset_19a1dd0dde3ed26c\jpeg_q90.jpg
sidset_1cae0a8c943c87f1,jpeg_q90,sidset,real,0,0.6060025691986084,data\cache\clean\test\sidset_1cae0a8c943c87f1\jpeg_q90.jpg
sidset_22164251d34be040,jpeg_q90,sidset,real,0,0.9988994598388672,data\cache\clean\test\sidset_22164251d34be040\jpeg_q90.jpg
sidset_22b07f2ffcaf319c,jpeg_q90,sidset,real,0,0.9994229078292847,data\cache\clean\test\sidset_22b07f2ffcaf319c\jpeg_q90.jpg
sidset_240eaccddb6506ef,jpeg_q90,sidset,real,0,0.8779140114784241,data\cache\clean\test\sidset_240eaccddb6506ef\jpeg_q90.jpg
sidset_24a4409917faf56d,jpeg_q90,sidset,real,0,0.640912652015686,data\cache\clean\test\sidset_24a4409917faf56d\jpeg_q90.jpg
sidset_26c389b400ea1653,jpeg_q90,sidset,real,0,0.833807110786438,data\cache\clean\test\sidset_26c389b400ea1653\jpeg_q90.jpg
sidset_273848178d186e12,jpeg_q90,sidset,real,0,0.7718456983566284,data\cache\clean\test\sidset_273848178d186e12\jpeg_q90.jpg
sidset_310e74902f5337fc,jpeg_q90,sidset,real,0,0.5332348346710205,data\cache\clean\test\sidset_310e74902f5337fc\jpeg_q90.jpg
sidset_31d44fee2c336e78,jpeg_q90,sidset,real,0,0.6325896382331848,data\cache\clean\test\sidset_31d44fee2c336e78\jpeg_q90.jpg
sidset_31f7ec5269c0f867,jpeg_q90,sidset,real,0,0.7687134742736816,data\cache\clean\test\sidset_31f7ec5269c0f867\jpeg_q90.jpg
sidset_34866edcc2800ae0,jpeg_q90,sidset,real,0,0.908302903175354,data\cache\clean\test\sidset_34866edcc2800ae0\jpeg_q90.jpg
sidset_36ec0b674a14714a,jpeg_q90,sidset,real,0,0.9739645719528198,data\cache\clean\test\sidset_36ec0b674a14714a\jpeg_q90.jpg
sidset_39a3f029e2e17dd3,jpeg_q90,sidset,real,0,0.9914522171020508,data\cache\clean\test\sidset_39a3f029e2e17dd3\jpeg_q90.jpg
sidset_3beca4d6152a4aa5,jpeg_q90,sidset,real,0,0.5832874178886414,data\cache\clean\test\sidset_3beca4d6152a4aa5\jpeg_q90.jpg
sidset_3fbc4c1574ef987d,jpeg_q90,sidset,real,0,0.9781193733215332,data\cache\clean\test\sidset_3fbc4c1574ef987d\jpeg_q90.jpg
sidset_44062c28bab0688d,jpeg_q90,sidset,real,0,0.6942958831787109,data\cache\clean\test\sidset_44062c28bab0688d\jpeg_q90.jpg
sidset_45c5c68f5a74cd90,jpeg_q90,sidset,real,0,0.9260807633399963,data\cache\clean\test\sidset_45c5c68f5a74cd90\jpeg_q90.jpg
sidset_4e4b9b1d6e8b2aca,jpeg_q90,sidset,real,0,0.9979596138000488,data\cache\clean\test\sidset_4e4b9b1d6e8b2aca\jpeg_q90.jpg
sidset_52bf81b2d7f84101,jpeg_q90,sidset,real,0,0.9262038469314575,data\cache\clean\test\sidset_52bf81b2d7f84101\jpeg_q90.jpg
sidset_55ed6c0bbd54e07d,jpeg_q90,sidset,real,0,0.9160872101783752,data\cache\clean\test\sidset_55ed6c0bbd54e07d\jpeg_q90.jpg
sidset_5a165a26bf8ca4be,jpeg_q90,sidset,real,0,0.9757497906684875,data\cache\clean\test\sidset_5a165a26bf8ca4be\jpeg_q90.jpg
sidset_5ae51a789c118b75,jpeg_q90,sidset,real,0,0.6057881116867065,data\cache\clean\test\sidset_5ae51a789c118b75\jpeg_q90.jpg
sidset_5b291a7b5ae05cf0,jpeg_q90,sidset,real,0,0.9788365960121155,data\cache\clean\test\sidset_5b291a7b5ae05cf0\jpeg_q90.jpg
sidset_5b8f12b78d13bfcd,jpeg_q90,sidset,real,0,0.9253856539726257,data\cache\clean\test\sidset_5b8f12b78d13bfcd\jpeg_q90.jpg
sidset_5ba522a91162ae70,jpeg_q90,sidset,real,0,0.9998511075973511,data\cache\clean\test\sidset_5ba522a91162ae70\jpeg_q90.jpg
sidset_630624a387e04a88,jpeg_q90,sidset,real,0,0.8088268041610718,data\cache\clean\test\sidset_630624a387e04a88\jpeg_q90.jpg
sidset_65d4916b9f3f47ba,jpeg_q90,sidset,real,0,0.6882222294807434,data\cache\clean\test\sidset_65d4916b9f3f47ba\jpeg_q90.jpg
sidset_68f0479b7dde7700,jpeg_q90,sidset,real,0,0.993733823299408,data\cache\clean\test\sidset_68f0479b7dde7700\jpeg_q90.jpg
sidset_6b7167d906f4ff1f,jpeg_q90,sidset,real,0,0.9872120022773743,data\cache\clean\test\sidset_6b7167d906f4ff1f\jpeg_q90.jpg
sidset_6b8d44cfd30a3452,jpeg_q90,sidset,real,0,0.5133417844772339,data\cache\clean\test\sidset_6b8d44cfd30a3452\jpeg_q90.jpg
sidset_6c4941996cd7f5fc,jpeg_q90,sidset,real,0,0.9932461977005005,data\cache\clean\test\sidset_6c4941996cd7f5fc\jpeg_q90.jpg
sidset_789adfb30711725a,jpeg_q90,sidset,real,0,0.7501750588417053,data\cache\clean\test\sidset_789adfb30711725a\jpeg_q90.jpg
sidset_796b6212cfecb3de,jpeg_q90,sidset,real,0,0.9496302008628845,data\cache\clean\test\sidset_796b6212cfecb3de\jpeg_q90.jpg
sidset_7974984b83c15934,jpeg_q90,sidset,real,0,0.9556543827056885,data\cache\clean\test\sidset_7974984b83c15934\jpeg_q90.jpg
sidset_7b550aceb5ec111f,jpeg_q90,sidset,real,0,0.8999080657958984,data\cache\clean\test\sidset_7b550aceb5ec111f\jpeg_q90.jpg
sidset_85928afd9860bcb5,jpeg_q90,sidset,real,0,0.7956207990646362,data\cache\clean\test\sidset_85928afd9860bcb5\jpeg_q90.jpg
sidset_8865c586ab64c0f9,jpeg_q90,sidset,real,0,0.5075648427009583,data\cache\clean\test\sidset_8865c586ab64c0f9\jpeg_q90.jpg
sidset_8d98f1eeb3935d09,jpeg_q90,sidset,real,0,0.9687405228614807,data\cache\clean\test\sidset_8d98f1eeb3935d09\jpeg_q90.jpg
sidset_9915729405b9e03e,jpeg_q90,sidset,real,0,0.6237145662307739,data\cache\clean\test\sidset_9915729405b9e03e\jpeg_q90.jpg
sidset_995429a562f1aed2,jpeg_q90,sidset,real,0,0.8063714504241943,data\cache\clean\test\sidset_995429a562f1aed2\jpeg_q90.jpg
sidset_9e2a9b16ff46f867,jpeg_q90,sidset,real,0,0.5000600814819336,data\cache\clean\test\sidset_9e2a9b16ff46f867\jpeg_q90.jpg
sidset_a0c976304a971d8f,jpeg_q90,sidset,real,0,0.535336434841156,data\cache\clean\test\sidset_a0c976304a971d8f\jpeg_q90.jpg
sidset_a3032d75347e6fa2,jpeg_q90,sidset,real,0,0.7718697786331177,data\cache\clean\test\sidset_a3032d75347e6fa2\jpeg_q90.jpg
sidset_a3293aebf3086c9f,jpeg_q90,sidset,real,0,0.5591784715652466,data\cache\clean\test\sidset_a3293aebf3086c9f\jpeg_q90.jpg
sidset_a4268c0135ca2c65,jpeg_q90,sidset,real,0,0.8298404216766357,data\cache\clean\test\sidset_a4268c0135ca2c65\jpeg_q90.jpg
sidset_a429805728e89e7d,jpeg_q90,sidset,real,0,0.9260324835777283,data\cache\clean\test\sidset_a429805728e89e7d\jpeg_q90.jpg
sidset_ab1441008986f237,jpeg_q90,sidset,real,0,0.9630208611488342,data\cache\clean\test\sidset_ab1441008986f237\jpeg_q90.jpg
sidset_ac54ef2834f8bc74,jpeg_q90,sidset,real,0,0.6446400880813599,data\cache\clean\test\sidset_ac54ef2834f8bc74\jpeg_q90.jpg
sidset_ae2a3178c574c716,jpeg_q90,sidset,real,0,0.9655119180679321,data\cache\clean\test\sidset_ae2a3178c574c716\jpeg_q90.jpg
sidset_b3d460c2a4f17eff,jpeg_q90,sidset,real,0,0.9680124521255493,data\cache\clean\test\sidset_b3d460c2a4f17eff\jpeg_q90.jpg
sidset_bc70b06f0d603efd,jpeg_q90,sidset,real,0,0.9999933242797852,data\cache\clean\test\sidset_bc70b06f0d603efd\jpeg_q90.jpg
sidset_bf236ad30956e497,jpeg_q90,sidset,real,0,0.7086893320083618,data\cache\clean\test\sidset_bf236ad30956e497\jpeg_q90.jpg
sidset_bf7100f88bf3b0f3,jpeg_q90,sidset,real,0,0.994047999382019,data\cache\clean\test\sidset_bf7100f88bf3b0f3\jpeg_q90.jpg
sidset_c104d5a827c3dc84,jpeg_q90,sidset,real,0,0.8768765330314636,data\cache\clean\test\sidset_c104d5a827c3dc84\jpeg_q90.jpg
sidset_c2f7255d9f5d9469,jpeg_q90,sidset,real,0,0.5138937830924988,data\cache\clean\test\sidset_c2f7255d9f5d9469\jpeg_q90.jpg
sidset_c5a378b0ea24d25e,jpeg_q90,sidset,real,0,0.9684938192367554,data\cache\clean\test\sidset_c5a378b0ea24d25e\jpeg_q90.jpg
sidset_c790c7ca03b21797,jpeg_q90,sidset,real,0,0.898717999458313,data\cache\clean\test\sidset_c790c7ca03b21797\jpeg_q90.jpg
sidset_c90419b9eb89527a,jpeg_q90,sidset,real,0,0.98349529504776,data\cache\clean\test\sidset_c90419b9eb89527a\jpeg_q90.jpg
sidset_ca42bd15e898b092,jpeg_q90,sidset,real,0,0.812407910823822,data\cache\clean\test\sidset_ca42bd15e898b092\jpeg_q90.jpg
sidset_cb68a83278e88b9d,jpeg_q90,sidset,real,0,0.6648529171943665,data\cache\clean\test\sidset_cb68a83278e88b9d\jpeg_q90.jpg
sidset_cc4571b1efacde65,jpeg_q90,sidset,real,0,0.7321783304214478,data\cache\clean\test\sidset_cc4571b1efacde65\jpeg_q90.jpg
sidset_ce09a25a50fdfe47,jpeg_q90,sidset,real,0,0.8381873965263367,data\cache\clean\test\sidset_ce09a25a50fdfe47\jpeg_q90.jpg
sidset_cfa694ce3bb2538c,jpeg_q90,sidset,real,0,0.7531537413597107,data\cache\clean\test\sidset_cfa694ce3bb2538c\jpeg_q90.jpg
sidset_d16d462a77a3e94c,jpeg_q90,sidset,real,0,0.7349899411201477,data\cache\clean\test\sidset_d16d462a77a3e94c\jpeg_q90.jpg
sidset_d652dc17bb0709b8,jpeg_q90,sidset,real,0,0.9847309589385986,data\cache\clean\test\sidset_d652dc17bb0709b8\jpeg_q90.jpg
sidset_d7c9ba7b7774dcd9,jpeg_q90,sidset,real,0,0.7456689476966858,data\cache\clean\test\sidset_d7c9ba7b7774dcd9\jpeg_q90.jpg
sidset_df089363fbc3dff5,jpeg_q90,sidset,real,0,0.937649667263031,data\cache\clean\test\sidset_df089363fbc3dff5\jpeg_q90.jpg
sidset_e19c80d7ff2e201b,jpeg_q90,sidset,real,0,0.7862446308135986,data\cache\clean\test\sidset_e19c80d7ff2e201b\jpeg_q90.jpg
sidset_e67f5961f8d7c753,jpeg_q90,sidset,real,0,0.909743070602417,data\cache\clean\test\sidset_e67f5961f8d7c753\jpeg_q90.jpg
sidset_ea40598e1128af27,jpeg_q90,sidset,real,0,0.942293643951416,data\cache\clean\test\sidset_ea40598e1128af27\jpeg_q90.jpg
sidset_ee3e421ae3a8270d,jpeg_q90,sidset,real,0,0.9026232957839966,data\cache\clean\test\sidset_ee3e421ae3a8270d\jpeg_q90.jpg
sidset_ef3f636bfc78f3a5,jpeg_q90,sidset,real,0,0.995381236076355,data\cache\clean\test\sidset_ef3f636bfc78f3a5\jpeg_q90.jpg
sidset_f250696304a3be0e,jpeg_q90,sidset,real,0,0.9915580749511719,data\cache\clean\test\sidset_f250696304a3be0e\jpeg_q90.jpg
sidset_f2be8bd472d53987,jpeg_q90,sidset,real,0,0.9932067394256592,data\cache\clean\test\sidset_f2be8bd472d53987\jpeg_q90.jpg
sidset_f630570a5eab971b,jpeg_q90,sidset,real,0,0.9971767663955688,data\cache\clean\test\sidset_f630570a5eab971b\jpeg_q90.jpg
sidset_fac95db1f3df9775,jpeg_q90,sidset,real,0,0.9003231525421143,data\cache\clean\test\sidset_fac95db1f3df9775\jpeg_q90.jpg
sidset_fb820a8756e04447,jpeg_q90,sidset,real,0,0.9602453112602234,data\cache\clean\test\sidset_fb820a8756e04447\jpeg_q90.jpg
sidset_fd096d0793adea7d,jpeg_q90,sidset,real,0,0.5355300903320312,data\cache\clean\test\sidset_fd096d0793adea7d\jpeg_q90.jpg
sidset_fe0bec3214706d60,jpeg_q90,sidset,real,0,0.9943727254867554,data\cache\clean\test\sidset_fe0bec3214706d60\jpeg_q90.jpg
cifake_0085,noise_s0.02,cifake,real,0,0.7720461487770081,data\cache\clean\test\cifake_0085\noise_s0.02.jpg
cifake_0179 (9),noise_s0.02,cifake,real,0,0.8467946648597717,data\cache\clean\test\cifake_0179 (9)\noise_s0.02.jpg
cifake_0235,noise_s0.02,cifake,real,0,0.7006194591522217,data\cache\clean\test\cifake_0235\noise_s0.02.jpg
cifake_0327 (5),noise_s0.02,cifake,real,0,0.5030317306518555,data\cache\clean\test\cifake_0327 (5)\noise_s0.02.jpg
cifake_0485 (9),noise_s0.02,cifake,real,0,0.9033465385437012,data\cache\clean\test\cifake_0485 (9)\noise_s0.02.jpg
cifake_0618 (3),noise_s0.02,cifake,real,0,0.7612094879150391,data\cache\clean\test\cifake_0618 (3)\noise_s0.02.jpg
cifake_0745,noise_s0.02,cifake,real,0,0.7386382222175598,data\cache\clean\test\cifake_0745\noise_s0.02.jpg
cifake_0793,noise_s0.02,cifake,real,0,0.9037399291992188,data\cache\clean\test\cifake_0793\noise_s0.02.jpg
cifake_0811,noise_s0.02,cifake,real,0,0.8736608028411865,data\cache\clean\test\cifake_0811\noise_s0.02.jpg
cifake_0858 (3),noise_s0.02,cifake,real,0,0.586513876914978,data\cache\clean\test\cifake_0858 (3)\noise_s0.02.jpg
cifake_0967 (9),noise_s0.02,cifake,real,0,0.6749994158744812,data\cache\clean\test\cifake_0967 (9)\noise_s0.02.jpg
cifake_1139,noise_s0.02,cifake,real,0,0.920071542263031,data\cache\clean\test\cifake_1139\noise_s0.02.jpg
cifake_1331 (2),noise_s0.02,cifake,real,0,0.9627731442451477,data\cache\clean\test\cifake_1331 (2)\noise_s0.02.jpg
cifake_1353 (9),noise_s0.02,cifake,real,0,0.5601903200149536,data\cache\clean\test\cifake_1353 (9)\noise_s0.02.jpg
cifake_1614 (9),noise_s0.02,cifake,real,0,0.594458818435669,data\cache\clean\test\cifake_1614 (9)\noise_s0.02.jpg
cifake_1974,noise_s0.02,cifake,real,0,0.9105198979377747,data\cache\clean\test\cifake_1974\noise_s0.02.jpg
cifake_2122,noise_s0.02,cifake,real,0,0.5470625758171082,data\cache\clean\test\cifake_2122\noise_s0.02.jpg
cifake_2547,noise_s0.02,cifake,real,0,0.571461021900177,data\cache\clean\test\cifake_2547\noise_s0.02.jpg
cifake_2602 (7),noise_s0.02,cifake,real,0,0.7262694239616394,data\cache\clean\test\cifake_2602 (7)\noise_s0.02.jpg
cifake_2660,noise_s0.02,cifake,real,0,0.8216148614883423,data\cache\clean\test\cifake_2660\noise_s0.02.jpg
cifake_2857 (10),noise_s0.02,cifake,real,0,0.6924045085906982,data\cache\clean\test\cifake_2857 (10)\noise_s0.02.jpg
cifake_3042 (4),noise_s0.02,cifake,real,0,0.6878782510757446,data\cache\clean\test\cifake_3042 (4)\noise_s0.02.jpg
cifake_3280 (8),noise_s0.02,cifake,real,0,0.9810270071029663,data\cache\clean\test\cifake_3280 (8)\noise_s0.02.jpg
cifake_3614,noise_s0.02,cifake,real,0,0.7838667631149292,data\cache\clean\test\cifake_3614\noise_s0.02.jpg
cifake_3872,noise_s0.02,cifake,real,0,0.7275044322013855,data\cache\clean\test\cifake_3872\noise_s0.02.jpg
cifake_3891 (3),noise_s0.02,cifake,real,0,0.6739605069160461,data\cache\clean\test\cifake_3891 (3)\noise_s0.02.jpg
cifake_4369,noise_s0.02,cifake,real,0,0.6572595834732056,data\cache\clean\test\cifake_4369\noise_s0.02.jpg
cifake_4389,noise_s0.02,cifake,real,0,0.7954671382904053,data\cache\clean\test\cifake_4389\noise_s0.02.jpg
cifake_4609 (2),noise_s0.02,cifake,real,0,0.6599715948104858,data\cache\clean\test\cifake_4609 (2)\noise_s0.02.jpg
cifake_4660 (5),noise_s0.02,cifake,real,0,0.5385726690292358,data\cache\clean\test\cifake_4660 (5)\noise_s0.02.jpg
cifake_4673 (5),noise_s0.02,cifake,real,0,0.6270745992660522,data\cache\clean\test\cifake_4673 (5)\noise_s0.02.jpg
cifake_4932 (2),noise_s0.02,cifake,real,0,0.9418751001358032,data\cache\clean\test\cifake_4932 (2)\noise_s0.02.jpg
sidset_036df955965cb2f9,noise_s0.02,sidset,real,0,0.9966092109680176,data\cache\clean\test\sidset_036df955965cb2f9\noise_s0.02.jpg
sidset_038789965a8f7606,noise_s0.02,sidset,real,0,0.984958291053772,data\cache\clean\test\sidset_038789965a8f7606\noise_s0.02.jpg
sidset_04c57e00f9d1b966,noise_s0.02,sidset,real,0,0.5198395848274231,data\cache\clean\test\sidset_04c57e00f9d1b966\noise_s0.02.jpg
sidset_04f2ca3f7633822b,noise_s0.02,sidset,real,0,0.8156743049621582,data\cache\clean\test\sidset_04f2ca3f7633822b\noise_s0.02.jpg
sidset_075db643445af8e3,noise_s0.02,sidset,real,0,0.9845985174179077,data\cache\clean\test\sidset_075db643445af8e3\noise_s0.02.jpg
sidset_0e40f2f48ac5ec94,noise_s0.02,sidset,real,0,0.8679416179656982,data\cache\clean\test\sidset_0e40f2f48ac5ec94\noise_s0.02.jpg
sidset_0f8102c25fc764ea,noise_s0.02,sidset,real,0,0.9983568787574768,data\cache\clean\test\sidset_0f8102c25fc764ea\noise_s0.02.jpg
sidset_10932d70e80241b5,noise_s0.02,sidset,real,0,0.5389963984489441,data\cache\clean\test\sidset_10932d70e80241b5\noise_s0.02.jpg
sidset_1409961a28ec7db5,noise_s0.02,sidset,real,0,0.8740354180335999,data\cache\clean\test\sidset_1409961a28ec7db5\noise_s0.02.jpg
sidset_14312756c1c94efa,noise_s0.02,sidset,real,0,0.9999731779098511,data\cache\clean\test\sidset_14312756c1c94efa\noise_s0.02.jpg
sidset_1491f4f3d3cbc49e,noise_s0.02,sidset,real,0,0.7614940404891968,data\cache\clean\test\sidset_1491f4f3d3cbc49e\noise_s0.02.jpg
sidset_1577f06c8ee59ef0,noise_s0.02,sidset,real,0,0.7931121587753296,data\cache\clean\test\sidset_1577f06c8ee59ef0\noise_s0.02.jpg
sidset_19a1dd0dde3ed26c,noise_s0.02,sidset,real,0,0.838546097278595,data\cache\clean\test\sidset_19a1dd0dde3ed26c\noise_s0.02.jpg
sidset_1cae0a8c943c87f1,noise_s0.02,sidset,real,0,0.6048974990844727,data\cache\clean\test\sidset_1cae0a8c943c87f1\noise_s0.02.jpg
sidset_1dff9756ab9d9e0a,noise_s0.02,sidset,real,0,0.5357756614685059,data\cache\clean\test\sidset_1dff9756ab9d9e0a\noise_s0.02.jpg
sidset_22164251d34be040,noise_s0.02,sidset,real,0,0.998903751373291,data\cache\clean\test\sidset_22164251d34be040\noise_s0.02.jpg
sidset_22b07f2ffcaf319c,noise_s0.02,sidset,real,0,0.9938427209854126,data\cache\clean\test\sidset_22b07f2ffcaf319c\noise_s0.02.jpg
sidset_240eaccddb6506ef,noise_s0.02,sidset,real,0,0.847246527671814,data\cache\clean\test\sidset_240eaccddb6506ef\noise_s0.02.jpg
sidset_24a4409917faf56d,noise_s0.02,sidset,real,0,0.6412304639816284,data\cache\clean\test\sidset_24a4409917faf56d\noise_s0.02.jpg
sidset_262ab01448a69651,noise_s0.02,sidset,real,0,0.8597307801246643,data\cache\clean\test\sidset_262ab01448a69651\noise_s0.02.jpg
sidset_273848178d186e12,noise_s0.02,sidset,real,0,0.5316123366355896,data\cache\clean\test\sidset_273848178d186e12\noise_s0.02.jpg
sidset_2c7cd831752d6b09,noise_s0.02,sidset,real,0,0.6979840397834778,data\cache\clean\test\sidset_2c7cd831752d6b09\noise_s0.02.jpg
sidset_310e74902f5337fc,noise_s0.02,sidset,real,0,0.6321452260017395,data\cache\clean\test\sidset_310e74902f5337fc\noise_s0.02.jpg
sidset_31f7ec5269c0f867,noise_s0.02,sidset,real,0,0.9468709230422974,data\cache\clean\test\sidset_31f7ec5269c0f867\noise_s0.02.jpg
sidset_34866edcc2800ae0,noise_s0.02,sidset,real,0,0.9900224804878235,data\cache\clean\test\sidset_34866edcc2800ae0\noise_s0.02.jpg
sidset_34cdb10173e55171,noise_s0.02,sidset,real,0,0.5352484583854675,data\cache\clean\test\sidset_34cdb10173e55171\noise_s0.02.jpg
sidset_36ec0b674a14714a,noise_s0.02,sidset,real,0,0.9748378992080688,data\cache\clean\test\sidset_36ec0b674a14714a\noise_s0.02.jpg
sidset_39a3f029e2e17dd3,noise_s0.02,sidset,real,0,0.9907829165458679,data\cache\clean\test\sidset_39a3f029e2e17dd3\noise_s0.02.jpg
sidset_3beca4d6152a4aa5,noise_s0.02,sidset,real,0,0.6698206067085266,data\cache\clean\test\sidset_3beca4d6152a4aa5\noise_s0.02.jpg
sidset_3dc4bd55df5c075d,noise_s0.02,sidset,real,0,0.6322199106216431,data\cache\clean\test\sidset_3dc4bd55df5c075d\noise_s0.02.jpg
sidset_3fbc4c1574ef987d,noise_s0.02,sidset,real,0,0.9640254378318787,data\cache\clean\test\sidset_3fbc4c1574ef987d\noise_s0.02.jpg
sidset_41fcb89ff22ef83c,noise_s0.02,sidset,real,0,0.5593342781066895,data\cache\clean\test\sidset_41fcb89ff22ef83c\noise_s0.02.jpg
sidset_45a6cb8b20ae57d2,noise_s0.02,sidset,real,0,0.9257320761680603,data\cache\clean\test\sidset_45a6cb8b20ae57d2\noise_s0.02.jpg
sidset_45c5c68f5a74cd90,noise_s0.02,sidset,real,0,0.9549131989479065,data\cache\clean\test\sidset_45c5c68f5a74cd90\noise_s0.02.jpg
sidset_4606e5e4e484cff2,noise_s0.02,sidset,real,0,0.6452197432518005,data\cache\clean\test\sidset_4606e5e4e484cff2\noise_s0.02.jpg
sidset_4babe6eef86c29f6,noise_s0.02,sidset,real,0,0.8419657349586487,data\cache\clean\test\sidset_4babe6eef86c29f6\noise_s0.02.jpg
sidset_4e4b9b1d6e8b2aca,noise_s0.02,sidset,real,0,0.9956054091453552,data\cache\clean\test\sidset_4e4b9b1d6e8b2aca\noise_s0.02.jpg
sidset_52bf81b2d7f84101,noise_s0.02,sidset,real,0,0.7079253792762756,data\cache\clean\test\sidset_52bf81b2d7f84101\noise_s0.02.jpg
sidset_55ed6c0bbd54e07d,noise_s0.02,sidset,real,0,0.6129694581031799,data\cache\clean\test\sidset_55ed6c0bbd54e07d\noise_s0.02.jpg
sidset_5a165a26bf8ca4be,noise_s0.02,sidset,real,0,0.9912804961204529,data\cache\clean\test\sidset_5a165a26bf8ca4be\noise_s0.02.jpg
sidset_5ae51a789c118b75,noise_s0.02,sidset,real,0,0.5105286240577698,data\cache\clean\test\sidset_5ae51a789c118b75\noise_s0.02.jpg
sidset_5b291a7b5ae05cf0,noise_s0.02,sidset,real,0,0.8999581336975098,data\cache\clean\test\sidset_5b291a7b5ae05cf0\noise_s0.02.jpg
sidset_5b8f12b78d13bfcd,noise_s0.02,sidset,real,0,0.9760892987251282,data\cache\clean\test\sidset_5b8f12b78d13bfcd\noise_s0.02.jpg
sidset_5ba522a91162ae70,noise_s0.02,sidset,real,0,0.9994953870773315,data\cache\clean\test\sidset_5ba522a91162ae70\noise_s0.02.jpg
sidset_630624a387e04a88,noise_s0.02,sidset,real,0,0.991169810295105,data\cache\clean\test\sidset_630624a387e04a88\noise_s0.02.jpg
sidset_65d4916b9f3f47ba,noise_s0.02,sidset,real,0,0.8477482795715332,data\cache\clean\test\sidset_65d4916b9f3f47ba\noise_s0.02.jpg
sidset_68f0479b7dde7700,noise_s0.02,sidset,real,0,0.991006076335907,data\cache\clean\test\sidset_68f0479b7dde7700\noise_s0.02.jpg
sidset_6ae976e8966ec975,noise_s0.02,sidset,real,0,0.6268625259399414,data\cache\clean\test\sidset_6ae976e8966ec975\noise_s0.02.jpg
sidset_6b7167d906f4ff1f,noise_s0.02,sidset,real,0,0.905983567237854,data\cache\clean\test\sidset_6b7167d906f4ff1f\noise_s0.02.jpg
sidset_6b8d44cfd30a3452,noise_s0.02,sidset,real,0,0.6529972553253174,data\cache\clean\test\sidset_6b8d44cfd30a3452\noise_s0.02.jpg
sidset_6c4941996cd7f5fc,noise_s0.02,sidset,real,0,0.992398202419281,data\cache\clean\test\sidset_6c4941996cd7f5fc\noise_s0.02.jpg
sidset_796b6212cfecb3de,noise_s0.02,sidset,real,0,0.9882556200027466,data\cache\clean\test\sidset_796b6212cfecb3de\noise_s0.02.jpg
sidset_7974984b83c15934,noise_s0.02,sidset,real,0,0.9564225077629089,data\cache\clean\test\sidset_7974984b83c15934\noise_s0.02.jpg
sidset_7b550aceb5ec111f,noise_s0.02,sidset,real,0,0.9460889101028442,data\cache\clean\test\sidset_7b550aceb5ec111f\noise_s0.02.jpg
sidset_88431f034d786206,noise_s0.02,sidset,real,0,0.5499270558357239,data\cache\clean\test\sidset_88431f034d786206\noise_s0.02.jpg
sidset_8865c586ab64c0f9,noise_s0.02,sidset,real,0,0.5696669816970825,data\cache\clean\test\sidset_8865c586ab64c0f9\noise_s0.02.jpg
sidset_8901c7836be9a00a,noise_s0.02,sidset,real,0,0.5568811893463135,data\cache\clean\test\sidset_8901c7836be9a00a\noise_s0.02.jpg
sidset_8d98f1eeb3935d09,noise_s0.02,sidset,real,0,0.7059560418128967,data\cache\clean\test\sidset_8d98f1eeb3935d09\noise_s0.02.jpg
sidset_9915729405b9e03e,noise_s0.02,sidset,real,0,0.6039851903915405,data\cache\clean\test\sidset_9915729405b9e03e\noise_s0.02.jpg
sidset_995429a562f1aed2,noise_s0.02,sidset,real,0,0.704303503036499,data\cache\clean\test\sidset_995429a562f1aed2\noise_s0.02.jpg
sidset_a0c976304a971d8f,noise_s0.02,sidset,real,0,0.5410957932472229,data\cache\clean\test\sidset_a0c976304a971d8f\noise_s0.02.jpg
sidset_a429805728e89e7d,noise_s0.02,sidset,real,0,0.5370272994041443,data\cache\clean\test\sidset_a429805728e89e7d\noise_s0.02.jpg
sidset_ab1441008986f237,noise_s0.02,sidset,real,0,0.9297158122062683,data\cache\clean\test\sidset_ab1441008986f237\noise_s0.02.jpg
sidset_ac54ef2834f8bc74,noise_s0.02,sidset,real,0,0.8594141006469727,data\cache\clean\test\sidset_ac54ef2834f8bc74\noise_s0.02.jpg
sidset_ae2a3178c574c716,noise_s0.02,sidset,real,0,0.916763186454773,data\cache\clean\test\sidset_ae2a3178c574c716\noise_s0.02.jpg
sidset_b230de6baca8d392,noise_s0.02,sidset,real,0,0.6878020167350769,data\cache\clean\test\sidset_b230de6baca8d392\noise_s0.02.jpg
sidset_b3d460c2a4f17eff,noise_s0.02,sidset,real,0,0.9470776915550232,data\cache\clean\test\sidset_b3d460c2a4f17eff\noise_s0.02.jpg
sidset_bc70b06f0d603efd,noise_s0.02,sidset,real,0,0.9999995231628418,data\cache\clean\test\sidset_bc70b06f0d603efd\noise_s0.02.jpg
sidset_bf236ad30956e497,noise_s0.02,sidset,real,0,0.5659070611000061,data\cache\clean\test\sidset_bf236ad30956e497\noise_s0.02.jpg
sidset_bf2d95dd1b29bfda,noise_s0.02,sidset,real,0,0.917579174041748,data\cache\clean\test\sidset_bf2d95dd1b29bfda\noise_s0.02.jpg
sidset_bf7100f88bf3b0f3,noise_s0.02,sidset,real,0,0.9330501556396484,data\cache\clean\test\sidset_bf7100f88bf3b0f3\noise_s0.02.jpg
sidset_c104d5a827c3dc84,noise_s0.02,sidset,real,0,0.9440222382545471,data\cache\clean\test\sidset_c104d5a827c3dc84\noise_s0.02.jpg
sidset_c2f7255d9f5d9469,noise_s0.02,sidset,real,0,0.7574679851531982,data\cache\clean\test\sidset_c2f7255d9f5d9469\noise_s0.02.jpg
sidset_c5a378b0ea24d25e,noise_s0.02,sidset,real,0,0.962833046913147,data\cache\clean\test\sidset_c5a378b0ea24d25e\noise_s0.02.jpg
sidset_c790c7ca03b21797,noise_s0.02,sidset,real,0,0.930879533290863,data\cache\clean\test\sidset_c790c7ca03b21797\noise_s0.02.jpg
sidset_ca42bd15e898b092,noise_s0.02,sidset,real,0,0.5924293994903564,data\cache\clean\test\sidset_ca42bd15e898b092\noise_s0.02.jpg
sidset_cb68a83278e88b9d,noise_s0.02,sidset,real,0,0.6489187479019165,data\cache\clean\test\sidset_cb68a83278e88b9d\noise_s0.02.jpg
sidset_cc4571b1efacde65,noise_s0.02,sidset,real,0,0.8352757096290588,data\cache\clean\test\sidset_cc4571b1efacde65\noise_s0.02.jpg
sidset_cefabeb567a88f94,noise_s0.02,sidset,real,0,0.8249178528785706,data\cache\clean\test\sidset_cefabeb567a88f94\noise_s0.02.jpg
sidset_d652dc17bb0709b8,noise_s0.02,sidset,real,0,0.9933663010597229,data\cache\clean\test\sidset_d652dc17bb0709b8\noise_s0.02.jpg
sidset_db325b24acd0df24,noise_s0.02,sidset,real,0,0.6113274097442627,data\cache\clean\test\sidset_db325b24acd0df24\noise_s0.02.jpg
sidset_dcc4eb3a61fc711a,noise_s0.02,sidset,real,0,0.5859964489936829,data\cache\clean\test\sidset_dcc4eb3a61fc711a\noise_s0.02.jpg
sidset_df089363fbc3dff5,noise_s0.02,sidset,real,0,0.952948808670044,data\cache\clean\test\sidset_df089363fbc3dff5\noise_s0.02.jpg
sidset_df546351780cb733,noise_s0.02,sidset,real,0,0.6611709594726562,data\cache\clean\test\sidset_df546351780cb733\noise_s0.02.jpg
sidset_e19c80d7ff2e201b,noise_s0.02,sidset,real,0,0.8887845277786255,data\cache\clean\test\sidset_e19c80d7ff2e201b\noise_s0.02.jpg
sidset_e67f5961f8d7c753,noise_s0.02,sidset,real,0,0.9287328124046326,data\cache\clean\test\sidset_e67f5961f8d7c753\noise_s0.02.jpg
sidset_ea40598e1128af27,noise_s0.02,sidset,real,0,0.8734647631645203,data\cache\clean\test\sidset_ea40598e1128af27\noise_s0.02.jpg
sidset_ee3e421ae3a8270d,noise_s0.02,sidset,real,0,0.5489731431007385,data\cache\clean\test\sidset_ee3e421ae3a8270d\noise_s0.02.jpg
sidset_ef3f636bfc78f3a5,noise_s0.02,sidset,real,0,0.9967317581176758,data\cache\clean\test\sidset_ef3f636bfc78f3a5\noise_s0.02.jpg
sidset_f20a6b1e60fc7de3,noise_s0.02,sidset,real,0,0.7475943565368652,data\cache\clean\test\sidset_f20a6b1e60fc7de3\noise_s0.02.jpg
sidset_f250696304a3be0e,noise_s0.02,sidset,real,0,0.9928969740867615,data\cache\clean\test\sidset_f250696304a3be0e\noise_s0.02.jpg
sidset_f2be8bd472d53987,noise_s0.02,sidset,real,0,0.9972272515296936,data\cache\clean\test\sidset_f2be8bd472d53987\noise_s0.02.jpg
sidset_f5044c17014681a8,noise_s0.02,sidset,real,0,0.508857250213623,data\cache\clean\test\sidset_f5044c17014681a8\noise_s0.02.jpg
sidset_f630570a5eab971b,noise_s0.02,sidset,real,0,0.9952700734138489,data\cache\clean\test\sidset_f630570a5eab971b\noise_s0.02.jpg
sidset_fe0bec3214706d60,noise_s0.02,sidset,real,0,0.8366881012916565,data\cache\clean\test\sidset_fe0bec3214706d60\noise_s0.02.jpg
cifake_0085,noise_s0.05,cifake,real,0,0.6506803035736084,data\cache\clean\test\cifake_0085\noise_s0.05.jpg
cifake_0179 (9),noise_s0.05,cifake,real,0,0.5616589784622192,data\cache\clean\test\cifake_0179 (9)\noise_s0.05.jpg
cifake_0235,noise_s0.05,cifake,real,0,0.5993655920028687,data\cache\clean\test\cifake_0235\noise_s0.05.jpg
cifake_0327 (5),noise_s0.05,cifake,real,0,0.5399206876754761,data\cache\clean\test\cifake_0327 (5)\noise_s0.05.jpg
cifake_0338 (2),noise_s0.05,cifake,real,0,0.5386115908622742,data\cache\clean\test\cifake_0338 (2)\noise_s0.05.jpg
cifake_0793,noise_s0.05,cifake,real,0,0.9370319247245789,data\cache\clean\test\cifake_0793\noise_s0.05.jpg
cifake_0811,noise_s0.05,cifake,real,0,0.8932209014892578,data\cache\clean\test\cifake_0811\noise_s0.05.jpg
cifake_0858 (3),noise_s0.05,cifake,real,0,0.5900892019271851,data\cache\clean\test\cifake_0858 (3)\noise_s0.05.jpg
cifake_0967 (9),noise_s0.05,cifake,real,0,0.5533320307731628,data\cache\clean\test\cifake_0967 (9)\noise_s0.05.jpg
cifake_1139,noise_s0.05,cifake,real,0,0.7890340685844421,data\cache\clean\test\cifake_1139\noise_s0.05.jpg
cifake_1353 (9),noise_s0.05,cifake,real,0,0.7274938821792603,data\cache\clean\test\cifake_1353 (9)\noise_s0.05.jpg
cifake_1427,noise_s0.05,cifake,real,0,0.5167769193649292,data\cache\clean\test\cifake_1427\noise_s0.05.jpg
cifake_1545 (5),noise_s0.05,cifake,real,0,0.665529191493988,data\cache\clean\test\cifake_1545 (5)\noise_s0.05.jpg
cifake_1974,noise_s0.05,cifake,real,0,0.8016597032546997,data\cache\clean\test\cifake_1974\noise_s0.05.jpg
cifake_2547,noise_s0.05,cifake,real,0,0.5347180366516113,data\cache\clean\test\cifake_2547\noise_s0.05.jpg
cifake_2602 (7),noise_s0.05,cifake,real,0,0.9919235110282898,data\cache\clean\test\cifake_2602 (7)\noise_s0.05.jpg
cifake_2660,noise_s0.05,cifake,real,0,0.7765718102455139,data\cache\clean\test\cifake_2660\noise_s0.05.jpg
cifake_3042 (4),noise_s0.05,cifake,real,0,0.5696833729743958,data\cache\clean\test\cifake_3042 (4)\noise_s0.05.jpg
cifake_3280 (8),noise_s0.05,cifake,real,0,0.9815036058425903,data\cache\clean\test\cifake_3280 (8)\noise_s0.05.jpg
cifake_3295 (10),noise_s0.05,cifake,real,0,0.6647115349769592,data\cache\clean\test\cifake_3295 (10)\noise_s0.05.jpg
cifake_3614,noise_s0.05,cifake,real,0,0.8452922701835632,data\cache\clean\test\cifake_3614\noise_s0.05.jpg
cifake_3819 (2),noise_s0.05,cifake,real,0,0.5595444440841675,data\cache\clean\test\cifake_3819 (2)\noise_s0.05.jpg
cifake_3872,noise_s0.05,cifake,real,0,0.7042398452758789,data\cache\clean\test\cifake_3872\noise_s0.05.jpg
cifake_4186 (5),noise_s0.05,cifake,real,0,0.6209457516670227,data\cache\clean\test\cifake_4186 (5)\noise_s0.05.jpg
cifake_4369,noise_s0.05,cifake,real,0,0.6450698971748352,data\cache\clean\test\cifake_4369\noise_s0.05.jpg
cifake_4389,noise_s0.05,cifake,real,0,0.6425539255142212,data\cache\clean\test\cifake_4389\noise_s0.05.jpg
cifake_4609 (2),noise_s0.05,cifake,real,0,0.9396492838859558,data\cache\clean\test\cifake_4609 (2)\noise_s0.05.jpg
cifake_4660 (5),noise_s0.05,cifake,real,0,0.6883261203765869,data\cache\clean\test\cifake_4660 (5)\noise_s0.05.jpg
cifake_4673 (5),noise_s0.05,cifake,real,0,0.8157467842102051,data\cache\clean\test\cifake_4673 (5)\noise_s0.05.jpg
cifake_4932 (2),noise_s0.05,cifake,real,0,0.8084905743598938,data\cache\clean\test\cifake_4932 (2)\noise_s0.05.jpg
sidset_011c2e4461eb1fdc,noise_s0.05,sidset,real,0,0.8960135579109192,data\cache\clean\test\sidset_011c2e4461eb1fdc\noise_s0.05.jpg
sidset_01ae2ee150f3c0e0,noise_s0.05,sidset,real,0,0.7004795670509338,data\cache\clean\test\sidset_01ae2ee150f3c0e0\noise_s0.05.jpg
sidset_01cfa603553a1a45,noise_s0.05,sidset,real,0,0.8747444748878479,data\cache\clean\test\sidset_01cfa603553a1a45\noise_s0.05.jpg
sidset_036df955965cb2f9,noise_s0.05,sidset,real,0,0.973881721496582,data\cache\clean\test\sidset_036df955965cb2f9\noise_s0.05.jpg
sidset_038789965a8f7606,noise_s0.05,sidset,real,0,0.9910220503807068,data\cache\clean\test\sidset_038789965a8f7606\noise_s0.05.jpg
sidset_03eaaa4033ae7bc3,noise_s0.05,sidset,real,0,0.6782481074333191,data\cache\clean\test\sidset_03eaaa4033ae7bc3\noise_s0.05.jpg
sidset_04f2ca3f7633822b,noise_s0.05,sidset,real,0,0.9028046727180481,data\cache\clean\test\sidset_04f2ca3f7633822b\noise_s0.05.jpg
sidset_075db643445af8e3,noise_s0.05,sidset,real,0,0.6223217844963074,data\cache\clean\test\sidset_075db643445af8e3\noise_s0.05.jpg
sidset_09f7329f0c1c9fd4,noise_s0.05,sidset,real,0,0.7771577835083008,data\cache\clean\test\sidset_09f7329f0c1c9fd4\noise_s0.05.jpg
sidset_0e40f2f48ac5ec94,noise_s0.05,sidset,real,0,0.9360535740852356,data\cache\clean\test\sidset_0e40f2f48ac5ec94\noise_s0.05.jpg
sidset_0f8102c25fc764ea,noise_s0.05,sidset,real,0,0.9991868138313293,data\cache\clean\test\sidset_0f8102c25fc764ea\noise_s0.05.jpg
sidset_1409961a28ec7db5,noise_s0.05,sidset,real,0,0.731265127658844,data\cache\clean\test\sidset_1409961a28ec7db5\noise_s0.05.jpg
sidset_14312756c1c94efa,noise_s0.05,sidset,real,0,0.9999866485595703,data\cache\clean\test\sidset_14312756c1c94efa\noise_s0.05.jpg
sidset_1577f06c8ee59ef0,noise_s0.05,sidset,real,0,0.7722749710083008,data\cache\clean\test\sidset_1577f06c8ee59ef0\noise_s0.05.jpg
sidset_19a1dd0dde3ed26c,noise_s0.05,sidset,real,0,0.9191433787345886,data\cache\clean\test\sidset_19a1dd0dde3ed26c\noise_s0.05.jpg
sidset_1dff9756ab9d9e0a,noise_s0.05,sidset,real,0,0.852655291557312,data\cache\clean\test\sidset_1dff9756ab9d9e0a\noise_s0.05.jpg
sidset_22164251d34be040,noise_s0.05,sidset,real,0,0.9997952580451965,data\cache\clean\test\sidset_22164251d34be040\noise_s0.05.jpg
sidset_22b07f2ffcaf319c,noise_s0.05,sidset,real,0,0.9994298815727234,data\cache\clean\test\sidset_22b07f2ffcaf319c\noise_s0.05.jpg
sidset_240eaccddb6506ef,noise_s0.05,sidset,real,0,0.695945680141449,data\cache\clean\test\sidset_240eaccddb6506ef\noise_s0.05.jpg
sidset_247241c5aa1f3f9c,noise_s0.05,sidset,real,0,0.5517352223396301,data\cache\clean\test\sidset_247241c5aa1f3f9c\noise_s0.05.jpg
sidset_24a4409917faf56d,noise_s0.05,sidset,real,0,0.6989625096321106,data\cache\clean\test\sidset_24a4409917faf56d\noise_s0.05.jpg
sidset_262ab01448a69651,noise_s0.05,sidset,real,0,0.9911305904388428,data\cache\clean\test\sidset_262ab01448a69651\noise_s0.05.jpg
sidset_2c7cd831752d6b09,noise_s0.05,sidset,real,0,0.774931013584137,data\cache\clean\test\sidset_2c7cd831752d6b09\noise_s0.05.jpg
sidset_2eedc416deac0f71,noise_s0.05,sidset,real,0,0.5377244353294373,data\cache\clean\test\sidset_2eedc416deac0f71\noise_s0.05.jpg
sidset_310e74902f5337fc,noise_s0.05,sidset,real,0,0.8458377122879028,data\cache\clean\test\sidset_310e74902f5337fc\noise_s0.05.jpg
sidset_31f7ec5269c0f867,noise_s0.05,sidset,real,0,0.8503808379173279,data\cache\clean\test\sidset_31f7ec5269c0f867\noise_s0.05.jpg
sidset_34866edcc2800ae0,noise_s0.05,sidset,real,0,0.9988126754760742,data\cache\clean\test\sidset_34866edcc2800ae0\noise_s0.05.jpg
sidset_36ec0b674a14714a,noise_s0.05,sidset,real,0,0.9281993508338928,data\cache\clean\test\sidset_36ec0b674a14714a\noise_s0.05.jpg
sidset_39a3f029e2e17dd3,noise_s0.05,sidset,real,0,0.9919403195381165,data\cache\clean\test\sidset_39a3f029e2e17dd3\noise_s0.05.jpg
sidset_3beca4d6152a4aa5,noise_s0.05,sidset,real,0,0.6235776543617249,data\cache\clean\test\sidset_3beca4d6152a4aa5\noise_s0.05.jpg
sidset_3dc4bd55df5c075d,noise_s0.05,sidset,real,0,0.7273837327957153,data\cache\clean\test\sidset_3dc4bd55df5c075d\noise_s0.05.jpg
sidset_3fbc4c1574ef987d,noise_s0.05,sidset,real,0,0.7820503115653992,data\cache\clean\test\sidset_3fbc4c1574ef987d\noise_s0.05.jpg
sidset_41fcb89ff22ef83c,noise_s0.05,sidset,real,0,0.9542137980461121,data\cache\clean\test\sidset_41fcb89ff22ef83c\noise_s0.05.jpg
sidset_45a6cb8b20ae57d2,noise_s0.05,sidset,real,0,0.9627829790115356,data\cache\clean\test\sidset_45a6cb8b20ae57d2\noise_s0.05.jpg
sidset_45c5c68f5a74cd90,noise_s0.05,sidset,real,0,0.9291132092475891,data\cache\clean\test\sidset_45c5c68f5a74cd90\noise_s0.05.jpg
sidset_4606e5e4e484cff2,noise_s0.05,sidset,real,0,0.9001548886299133,data\cache\clean\test\sidset_4606e5e4e484cff2\noise_s0.05.jpg
sidset_4babe6eef86c29f6,noise_s0.05,sidset,real,0,0.9775369167327881,data\cache\clean\test\sidset_4babe6eef86c29f6\noise_s0.05.jpg
sidset_4e4b9b1d6e8b2aca,noise_s0.05,sidset,real,0,0.9877082109451294,data\cache\clean\test\sidset_4e4b9b1d6e8b2aca\noise_s0.05.jpg
sidset_52bf81b2d7f84101,noise_s0.05,sidset,real,0,0.64421147108078,data\cache\clean\test\sidset_52bf81b2d7f84101\noise_s0.05.jpg
sidset_55ed6c0bbd54e07d,noise_s0.05,sidset,real,0,0.8846380710601807,data\cache\clean\test\sidset_55ed6c0bbd54e07d\noise_s0.05.jpg
sidset_59fe7b3f437e993b,noise_s0.05,sidset,real,0,0.7513942718505859,data\cache\clean\test\sidset_59fe7b3f437e993b\noise_s0.05.jpg
sidset_5a165a26bf8ca4be,noise_s0.05,sidset,real,0,0.9954490065574646,data\cache\clean\test\sidset_5a165a26bf8ca4be\noise_s0.05.jpg
sidset_5ac8dbc3e9cad39f,noise_s0.05,sidset,real,0,0.6707229614257812,data\cache\clean\test\sidset_5ac8dbc3e9cad39f\noise_s0.05.jpg
sidset_5b291a7b5ae05cf0,noise_s0.05,sidset,real,0,0.7013505697250366,data\cache\clean\test\sidset_5b291a7b5ae05cf0\noise_s0.05.jpg
sidset_5b8f12b78d13bfcd,noise_s0.05,sidset,real,0,0.9838114380836487,data\cache\clean\test\sidset_5b8f12b78d13bfcd\noise_s0.05.jpg
sidset_5ba522a91162ae70,noise_s0.05,sidset,real,0,0.9995774626731873,data\cache\clean\test\sidset_5ba522a91162ae70\noise_s0.05.jpg
sidset_5c175a143c23a7b8,noise_s0.05,sidset,real,0,0.5808117985725403,data\cache\clean\test\sidset_5c175a143c23a7b8\noise_s0.05.jpg
sidset_630624a387e04a88,noise_s0.05,sidset,real,0,0.9912784695625305,data\cache\clean\test\sidset_630624a387e04a88\noise_s0.05.jpg
sidset_656916e9c7039df4,noise_s0.05,sidset,real,0,0.5802145004272461,data\cache\clean\test\sidset_656916e9c7039df4\noise_s0.05.jpg
sidset_65d4916b9f3f47ba,noise_s0.05,sidset,real,0,0.6188152432441711,data\cache\clean\test\sidset_65d4916b9f3f47ba\noise_s0.05.jpg
sidset_68f0479b7dde7700,noise_s0.05,sidset,real,0,0.9941898584365845,data\cache\clean\test\sidset_68f0479b7dde7700\noise_s0.05.jpg
sidset_6ae976e8966ec975,noise_s0.05,sidset,real,0,0.6242631077766418,data\cache\clean\test\sidset_6ae976e8966ec975\noise_s0.05.jpg
sidset_6b7167d906f4ff1f,noise_s0.05,sidset,real,0,0.9306445121765137,data\cache\clean\test\sidset_6b7167d906f4ff1f\noise_s0.05.jpg
sidset_6b8d44cfd30a3452,noise_s0.05,sidset,real,0,0.9447777271270752,data\cache\clean\test\sidset_6b8d44cfd30a3452\noise_s0.05.jpg
sidset_6c4941996cd7f5fc,noise_s0.05,sidset,real,0,0.9861732721328735,data\cache\clean\test\sidset_6c4941996cd7f5fc\noise_s0.05.jpg
sidset_759a21da57c25774,noise_s0.05,sidset,real,0,0.5426336526870728,data\cache\clean\test\sidset_759a21da57c25774\noise_s0.05.jpg
sidset_796b6212cfecb3de,noise_s0.05,sidset,real,0,0.9945819973945618,data\cache\clean\test\sidset_796b6212cfecb3de\noise_s0.05.jpg
sidset_7974984b83c15934,noise_s0.05,sidset,real,0,0.9419667720794678,data\cache\clean\test\sidset_7974984b83c15934\noise_s0.05.jpg
sidset_7b550aceb5ec111f,noise_s0.05,sidset,real,0,0.9957406520843506,data\cache\clean\test\sidset_7b550aceb5ec111f\noise_s0.05.jpg
sidset_88431f034d786206,noise_s0.05,sidset,real,0,0.662672221660614,data\cache\clean\test\sidset_88431f034d786206\noise_s0.05.jpg
sidset_8d98f1eeb3935d09,noise_s0.05,sidset,real,0,0.945873498916626,data\cache\clean\test\sidset_8d98f1eeb3935d09\noise_s0.05.jpg
sidset_918190e0dd7fc829,noise_s0.05,sidset,real,0,0.6069698333740234,data\cache\clean\test\sidset_918190e0dd7fc829\noise_s0.05.jpg
sidset_9811f04611ad082c,noise_s0.05,sidset,real,0,0.5607028007507324,data\cache\clean\test\sidset_9811f04611ad082c\noise_s0.05.jpg
sidset_9915729405b9e03e,noise_s0.05,sidset,real,0,0.5046077370643616,data\cache\clean\test\sidset_9915729405b9e03e\noise_s0.05.jpg
sidset_995429a562f1aed2,noise_s0.05,sidset,real,0,0.8371052145957947,data\cache\clean\test\sidset_995429a562f1aed2\noise_s0.05.jpg
sidset_9fef864f1f832f63,noise_s0.05,sidset,real,0,0.5124512910842896,data\cache\clean\test\sidset_9fef864f1f832f63\noise_s0.05.jpg
sidset_a3032d75347e6fa2,noise_s0.05,sidset,real,0,0.7003520727157593,data\cache\clean\test\sidset_a3032d75347e6fa2\noise_s0.05.jpg
sidset_a3293aebf3086c9f,noise_s0.05,sidset,real,0,0.7111175060272217,data\cache\clean\test\sidset_a3293aebf3086c9f\noise_s0.05.jpg
sidset_a4268c0135ca2c65,noise_s0.05,sidset,real,0,0.8493819236755371,data\cache\clean\test\sidset_a4268c0135ca2c65\noise_s0.05.jpg
sidset_a79f0b1ae413f9bc,noise_s0.05,sidset,real,0,0.6760698556900024,data\cache\clean\test\sidset_a79f0b1ae413f9bc\noise_s0.05.jpg
sidset_a9461d28df2d46d8,noise_s0.05,sidset,real,0,0.6128553152084351,data\cache\clean\test\sidset_a9461d28df2d46d8\noise_s0.05.jpg
sidset_ab1441008986f237,noise_s0.05,sidset,real,0,0.8510527014732361,data\cache\clean\test\sidset_ab1441008986f237\noise_s0.05.jpg
sidset_ac54ef2834f8bc74,noise_s0.05,sidset,real,0,0.7715134024620056,data\cache\clean\test\sidset_ac54ef2834f8bc74\noise_s0.05.jpg
sidset_ada487d9073d8dd5,noise_s0.05,sidset,real,0,0.9855179786682129,data\cache\clean\test\sidset_ada487d9073d8dd5\noise_s0.05.jpg
sidset_addaecf6bdb9e66b,noise_s0.05,sidset,real,0,0.969241738319397,data\cache\clean\test\sidset_addaecf6bdb9e66b\noise_s0.05.jpg
sidset_ae2a3178c574c716,noise_s0.05,sidset,real,0,0.9714023470878601,data\cache\clean\test\sidset_ae2a3178c574c716\noise_s0.05.jpg
sidset_b230de6baca8d392,noise_s0.05,sidset,real,0,0.780935525894165,data\cache\clean\test\sidset_b230de6baca8d392\noise_s0.05.jpg
sidset_b3d460c2a4f17eff,noise_s0.05,sidset,real,0,0.9556906223297119,data\cache\clean\test\sidset_b3d460c2a4f17eff\noise_s0.05.jpg
sidset_b4f4dcd2e7617eea,noise_s0.05,sidset,real,0,0.7015529274940491,data\cache\clean\test\sidset_b4f4dcd2e7617eea\noise_s0.05.jpg
sidset_bc70b06f0d603efd,noise_s0.05,sidset,real,0,1.0,data\cache\clean\test\sidset_bc70b06f0d603efd\noise_s0.05.jpg
sidset_bf236ad30956e497,noise_s0.05,sidset,real,0,0.9042629599571228,data\cache\clean\test\sidset_bf236ad30956e497\noise_s0.05.jpg
sidset_bf2d95dd1b29bfda,noise_s0.05,sidset,real,0,0.8894951343536377,data\cache\clean\test\sidset_bf2d95dd1b29bfda\noise_s0.05.jpg
sidset_bf7100f88bf3b0f3,noise_s0.05,sidset,real,0,0.9449202418327332,data\cache\clean\test\sidset_bf7100f88bf3b0f3\noise_s0.05.jpg
sidset_c104d5a827c3dc84,noise_s0.05,sidset,real,0,0.9875760078430176,data\cache\clean\test\sidset_c104d5a827c3dc84\noise_s0.05.jpg
sidset_c2f7255d9f5d9469,noise_s0.05,sidset,real,0,0.8537836670875549,data\cache\clean\test\sidset_c2f7255d9f5d9469\noise_s0.05.jpg
sidset_c3c41d4a18529a16,noise_s0.05,sidset,real,0,0.6513739824295044,data\cache\clean\test\sidset_c3c41d4a18529a16\noise_s0.05.jpg
sidset_c5a378b0ea24d25e,noise_s0.05,sidset,real,0,0.8592128753662109,data\cache\clean\test\sidset_c5a378b0ea24d25e\noise_s0.05.jpg
sidset_c790c7ca03b21797,noise_s0.05,sidset,real,0,0.7649029493331909,data\cache\clean\test\sidset_c790c7ca03b21797\noise_s0.05.jpg
sidset_cb68a83278e88b9d,noise_s0.05,sidset,real,0,0.885898768901825,data\cache\clean\test\sidset_cb68a83278e88b9d\noise_s0.05.jpg
sidset_cc4571b1efacde65,noise_s0.05,sidset,real,0,0.9040118455886841,data\cache\clean\test\sidset_cc4571b1efacde65\noise_s0.05.jpg
sidset_cd7b3621c53d1ffe,noise_s0.05,sidset,real,0,0.6084761023521423,data\cache\clean\test\sidset_cd7b3621c53d1ffe\noise_s0.05.jpg
sidset_ce09a25a50fdfe47,noise_s0.05,sidset,real,0,0.5393308401107788,data\cache\clean\test\sidset_ce09a25a50fdfe47\noise_s0.05.jpg
sidset_cefabeb567a88f94,noise_s0.05,sidset,real,0,0.6645077466964722,data\cache\clean\test\sidset_cefabeb567a88f94\noise_s0.05.jpg
sidset_d652dc17bb0709b8,noise_s0.05,sidset,real,0,0.9535388946533203,data\cache\clean\test\sidset_d652dc17bb0709b8\noise_s0.05.jpg
sidset_db325b24acd0df24,noise_s0.05,sidset,real,0,0.6638727188110352,data\cache\clean\test\sidset_db325b24acd0df24\noise_s0.05.jpg
sidset_dcc4eb3a61fc711a,noise_s0.05,sidset,real,0,0.8144473433494568,data\cache\clean\test\sidset_dcc4eb3a61fc711a\noise_s0.05.jpg
sidset_df089363fbc3dff5,noise_s0.05,sidset,real,0,0.8627828359603882,data\cache\clean\test\sidset_df089363fbc3dff5\noise_s0.05.jpg
sidset_e011e1243821e052,noise_s0.05,sidset,real,0,0.6783439517021179,data\cache\clean\test\sidset_e011e1243821e052\noise_s0.05.jpg
sidset_e19c80d7ff2e201b,noise_s0.05,sidset,real,0,0.867088794708252,data\cache\clean\test\sidset_e19c80d7ff2e201b\noise_s0.05.jpg
sidset_e67f5961f8d7c753,noise_s0.05,sidset,real,0,0.9657906293869019,data\cache\clean\test\sidset_e67f5961f8d7c753\noise_s0.05.jpg
sidset_e7250acece7d41f5,noise_s0.05,sidset,real,0,0.8006669878959656,data\cache\clean\test\sidset_e7250acece7d41f5\noise_s0.05.jpg
sidset_ea40598e1128af27,noise_s0.05,sidset,real,0,0.9459148049354553,data\cache\clean\test\sidset_ea40598e1128af27\noise_s0.05.jpg
sidset_ec0193adf7d72f96,noise_s0.05,sidset,real,0,0.6717671751976013,data\cache\clean\test\sidset_ec0193adf7d72f96\noise_s0.05.jpg
sidset_ee3e421ae3a8270d,noise_s0.05,sidset,real,0,0.5712589621543884,data\cache\clean\test\sidset_ee3e421ae3a8270d\noise_s0.05.jpg
sidset_ef3f636bfc78f3a5,noise_s0.05,sidset,real,0,0.994207501411438,data\cache\clean\test\sidset_ef3f636bfc78f3a5\noise_s0.05.jpg
sidset_f250696304a3be0e,noise_s0.05,sidset,real,0,0.9925180673599243,data\cache\clean\test\sidset_f250696304a3be0e\noise_s0.05.jpg
sidset_f2be8bd472d53987,noise_s0.05,sidset,real,0,0.9975019097328186,data\cache\clean\test\sidset_f2be8bd472d53987\noise_s0.05.jpg
sidset_f630570a5eab971b,noise_s0.05,sidset,real,0,0.9981777667999268,data\cache\clean\test\sidset_f630570a5eab971b\noise_s0.05.jpg
sidset_fb820a8756e04447,noise_s0.05,sidset,real,0,0.6850444078445435,data\cache\clean\test\sidset_fb820a8756e04447\noise_s0.05.jpg
sidset_fe0bec3214706d60,noise_s0.05,sidset,real,0,0.8404611945152283,data\cache\clean\test\sidset_fe0bec3214706d60\noise_s0.05.jpg
sidset_ffb6be41271c5645,noise_s0.05,sidset,real,0,0.5478664636611938,data\cache\clean\test\sidset_ffb6be41271c5645\noise_s0.05.jpg
cifake_0085,noise_s0.1,cifake,real,0,0.5854828357696533,data\cache\clean\test\cifake_0085\noise_s0.1.jpg
cifake_0179 (9),noise_s0.1,cifake,real,0,0.6680081486701965,data\cache\clean\test\cifake_0179 (9)\noise_s0.1.jpg
cifake_0235,noise_s0.1,cifake,real,0,0.7401424646377563,data\cache\clean\test\cifake_0235\noise_s0.1.jpg
cifake_0260 (4),noise_s0.1,cifake,real,0,0.7607786655426025,data\cache\clean\test\cifake_0260 (4)\noise_s0.1.jpg
cifake_0302 (9),noise_s0.1,cifake,real,0,0.8421685099601746,data\cache\clean\test\cifake_0302 (9)\noise_s0.1.jpg
cifake_0338 (2),noise_s0.1,cifake,real,0,0.660659909248352,data\cache\clean\test\cifake_0338 (2)\noise_s0.1.jpg
cifake_0343 (6),noise_s0.1,cifake,real,0,0.5085001587867737,data\cache\clean\test\cifake_0343 (6)\noise_s0.1.jpg
cifake_0745,noise_s0.1,cifake,real,0,0.5264784097671509,data\cache\clean\test\cifake_0745\noise_s0.1.jpg
cifake_0782,noise_s0.1,cifake,real,0,0.6942628622055054,data\cache\clean\test\cifake_0782\noise_s0.1.jpg
cifake_0793,noise_s0.1,cifake,real,0,0.8825893998146057,data\cache\clean\test\cifake_0793\noise_s0.1.jpg
cifake_0811,noise_s0.1,cifake,real,0,0.8400733470916748,data\cache\clean\test\cifake_0811\noise_s0.1.jpg
cifake_0967 (9),noise_s0.1,cifake,real,0,0.6416077613830566,data\cache\clean\test\cifake_0967 (9)\noise_s0.1.jpg
cifake_1139,noise_s0.1,cifake,real,0,0.6646891832351685,data\cache\clean\test\cifake_1139\noise_s0.1.jpg
cifake_1331 (2),noise_s0.1,cifake,real,0,0.6345135569572449,data\cache\clean\test\cifake_1331 (2)\noise_s0.1.jpg
cifake_1353 (9),noise_s0.1,cifake,real,0,0.70023512840271,data\cache\clean\test\cifake_1353 (9)\noise_s0.1.jpg
cifake_1427,noise_s0.1,cifake,real,0,0.684503436088562,data\cache\clean\test\cifake_1427\noise_s0.1.jpg
cifake_1545 (5),noise_s0.1,cifake,real,0,0.6685462594032288,data\cache\clean\test\cifake_1545 (5)\noise_s0.1.jpg
cifake_1974,noise_s0.1,cifake,real,0,0.5350326299667358,data\cache\clean\test\cifake_1974\noise_s0.1.jpg
cifake_2122,noise_s0.1,cifake,real,0,0.7405360341072083,data\cache\clean\test\cifake_2122\noise_s0.1.jpg
cifake_2547,noise_s0.1,cifake,real,0,0.5464996695518494,data\cache\clean\test\cifake_2547\noise_s0.1.jpg
cifake_2602 (7),noise_s0.1,cifake,real,0,0.7787210941314697,data\cache\clean\test\cifake_2602 (7)\noise_s0.1.jpg
cifake_2660,noise_s0.1,cifake,real,0,0.9353699088096619,data\cache\clean\test\cifake_2660\noise_s0.1.jpg
cifake_2874 (4),noise_s0.1,cifake,real,0,0.641990065574646,data\cache\clean\test\cifake_2874 (4)\noise_s0.1.jpg
cifake_2972 (5),noise_s0.1,cifake,real,0,0.8246714472770691,data\cache\clean\test\cifake_2972 (5)\noise_s0.1.jpg
cifake_3280 (8),noise_s0.1,cifake,real,0,0.93361496925354,data\cache\clean\test\cifake_3280 (8)\noise_s0.1.jpg
cifake_3295 (10),noise_s0.1,cifake,real,0,0.7711591720581055,data\cache\clean\test\cifake_3295 (10)\noise_s0.1.jpg
cifake_3614,noise_s0.1,cifake,real,0,0.7927613854408264,data\cache\clean\test\cifake_3614\noise_s0.1.jpg
cifake_3819 (2),noise_s0.1,cifake,real,0,0.7867998480796814,data\cache\clean\test\cifake_3819 (2)\noise_s0.1.jpg
cifake_3891 (3),noise_s0.1,cifake,real,0,0.6789000034332275,data\cache\clean\test\cifake_3891 (3)\noise_s0.1.jpg
cifake_4103 (9),noise_s0.1,cifake,real,0,0.739527702331543,data\cache\clean\test\cifake_4103 (9)\noise_s0.1.jpg
cifake_4186 (5),noise_s0.1,cifake,real,0,0.9303730130195618,data\cache\clean\test\cifake_4186 (5)\noise_s0.1.jpg
cifake_4389,noise_s0.1,cifake,real,0,0.6739835143089294,data\cache\clean\test\cifake_4389\noise_s0.1.jpg
cifake_4533 (5),noise_s0.1,cifake,real,0,0.7366586923599243,data\cache\clean\test\cifake_4533 (5)\noise_s0.1.jpg
cifake_4609 (2),noise_s0.1,cifake,real,0,0.9725149869918823,data\cache\clean\test\cifake_4609 (2)\noise_s0.1.jpg
cifake_4660 (5),noise_s0.1,cifake,real,0,0.9117253422737122,data\cache\clean\test\cifake_4660 (5)\noise_s0.1.jpg
sidset_011c2e4461eb1fdc,noise_s0.1,sidset,real,0,0.9956161975860596,data\cache\clean\test\sidset_011c2e4461eb1fdc\noise_s0.1.jpg
sidset_01ae2ee150f3c0e0,noise_s0.1,sidset,real,0,0.6929095983505249,data\cache\clean\test\sidset_01ae2ee150f3c0e0\noise_s0.1.jpg
sidset_01cfa603553a1a45,noise_s0.1,sidset,real,0,0.7993127107620239,data\cache\clean\test\sidset_01cfa603553a1a45\noise_s0.1.jpg
sidset_036df955965cb2f9,noise_s0.1,sidset,real,0,0.9480881094932556,data\cache\clean\test\sidset_036df955965cb2f9\noise_s0.1.jpg
sidset_038789965a8f7606,noise_s0.1,sidset,real,0,0.9774236083030701,data\cache\clean\test\sidset_038789965a8f7606\noise_s0.1.jpg
sidset_03eaaa4033ae7bc3,noise_s0.1,sidset,real,0,0.5530163049697876,data\cache\clean\test\sidset_03eaaa4033ae7bc3\noise_s0.1.jpg
sidset_04f2ca3f7633822b,noise_s0.1,sidset,real,0,0.9440960884094238,data\cache\clean\test\sidset_04f2ca3f7633822b\noise_s0.1.jpg
sidset_09f7329f0c1c9fd4,noise_s0.1,sidset,real,0,0.6364119052886963,data\cache\clean\test\sidset_09f7329f0c1c9fd4\noise_s0.1.jpg
sidset_0df1386082a76670,noise_s0.1,sidset,real,0,0.5966433882713318,data\cache\clean\test\sidset_0df1386082a76670\noise_s0.1.jpg
sidset_0f8102c25fc764ea,noise_s0.1,sidset,real,0,0.9836040139198303,data\cache\clean\test\sidset_0f8102c25fc764ea\noise_s0.1.jpg
sidset_1409961a28ec7db5,noise_s0.1,sidset,real,0,0.8736142516136169,data\cache\clean\test\sidset_1409961a28ec7db5\noise_s0.1.jpg
sidset_14312756c1c94efa,noise_s0.1,sidset,real,0,0.9999943971633911,data\cache\clean\test\sidset_14312756c1c94efa\noise_s0.1.jpg
sidset_1491f4f3d3cbc49e,noise_s0.1,sidset,real,0,0.7170578241348267,data\cache\clean\test\sidset_1491f4f3d3cbc49e\noise_s0.1.jpg
sidset_1577f06c8ee59ef0,noise_s0.1,sidset,real,0,0.52211594581604,data\cache\clean\test\sidset_1577f06c8ee59ef0\noise_s0.1.jpg
sidset_18e30e95478d3da6,noise_s0.1,sidset,real,0,0.6552074551582336,data\cache\clean\test\sidset_18e30e95478d3da6\noise_s0.1.jpg
sidset_19a1dd0dde3ed26c,noise_s0.1,sidset,real,0,0.9600082635879517,data\cache\clean\test\sidset_19a1dd0dde3ed26c\noise_s0.1.jpg
sidset_1dff9756ab9d9e0a,noise_s0.1,sidset,real,0,0.9044904708862305,data\cache\clean\test\sidset_1dff9756ab9d9e0a\noise_s0.1.jpg
sidset_22164251d34be040,noise_s0.1,sidset,real,0,0.9993775486946106,data\cache\clean\test\sidset_22164251d34be040\noise_s0.1.jpg
sidset_22b07f2ffcaf319c,noise_s0.1,sidset,real,0,0.9992048144340515,data\cache\clean\test\sidset_22b07f2ffcaf319c\noise_s0.1.jpg
sidset_249ee9deb8b187fa,noise_s0.1,sidset,real,0,0.5497170686721802,data\cache\clean\test\sidset_249ee9deb8b187fa\noise_s0.1.jpg
sidset_24a4409917faf56d,noise_s0.1,sidset,real,0,0.8419093489646912,data\cache\clean\test\sidset_24a4409917faf56d\noise_s0.1.jpg
sidset_262ab01448a69651,noise_s0.1,sidset,real,0,0.966812789440155,data\cache\clean\test\sidset_262ab01448a69651\noise_s0.1.jpg
sidset_273848178d186e12,noise_s0.1,sidset,real,0,0.8834540247917175,data\cache\clean\test\sidset_273848178d186e12\noise_s0.1.jpg
sidset_2c7cd831752d6b09,noise_s0.1,sidset,real,0,0.7506346106529236,data\cache\clean\test\sidset_2c7cd831752d6b09\noise_s0.1.jpg
sidset_2eedc416deac0f71,noise_s0.1,sidset,real,0,0.9612838625907898,data\cache\clean\test\sidset_2eedc416deac0f71\noise_s0.1.jpg
sidset_310e74902f5337fc,noise_s0.1,sidset,real,0,0.814588189125061,data\cache\clean\test\sidset_310e74902f5337fc\noise_s0.1.jpg
sidset_31d44fee2c336e78,noise_s0.1,sidset,real,0,0.5530023574829102,data\cache\clean\test\sidset_31d44fee2c336e78\noise_s0.1.jpg
sidset_326f495eb261b65e,noise_s0.1,sidset,real,0,0.9618597626686096,data\cache\clean\test\sidset_326f495eb261b65e\noise_s0.1.jpg
sidset_34866edcc2800ae0,noise_s0.1,sidset,real,0,0.9905049204826355,data\cache\clean\test\sidset_34866edcc2800ae0\noise_s0.1.jpg
sidset_36ec0b674a14714a,noise_s0.1,sidset,real,0,0.5261054039001465,data\cache\clean\test\sidset_36ec0b674a14714a\noise_s0.1.jpg
sidset_39a3f029e2e17dd3,noise_s0.1,sidset,real,0,0.9932557344436646,data\cache\clean\test\sidset_39a3f029e2e17dd3\noise_s0.1.jpg
sidset_3beca4d6152a4aa5,noise_s0.1,sidset,real,0,0.5477397441864014,data\cache\clean\test\sidset_3beca4d6152a4aa5\noise_s0.1.jpg
sidset_3d21129b72399ca2,noise_s0.1,sidset,real,0,0.5454694032669067,data\cache\clean\test\sidset_3d21129b72399ca2\noise_s0.1.jpg
sidset_3dc4bd55df5c075d,noise_s0.1,sidset,real,0,0.6601886749267578,data\cache\clean\test\sidset_3dc4bd55df5c075d\noise_s0.1.jpg
sidset_3fbc4c1574ef987d,noise_s0.1,sidset,real,0,0.8273658752441406,data\cache\clean\test\sidset_3fbc4c1574ef987d\noise_s0.1.jpg
sidset_3fde21f66fdc78af,noise_s0.1,sidset,real,0,0.5707143545150757,data\cache\clean\test\sidset_3fde21f66fdc78af\noise_s0.1.jpg
sidset_41fcb89ff22ef83c,noise_s0.1,sidset,real,0,0.8413516879081726,data\cache\clean\test\sidset_41fcb89ff22ef83c\noise_s0.1.jpg
sidset_45a6cb8b20ae57d2,noise_s0.1,sidset,real,0,0.9767127633094788,data\cache\clean\test\sidset_45a6cb8b20ae57d2\noise_s0.1.jpg
sidset_45c5c68f5a74cd90,noise_s0.1,sidset,real,0,0.8248155117034912,data\cache\clean\test\sidset_45c5c68f5a74cd90\noise_s0.1.jpg
sidset_4606e5e4e484cff2,noise_s0.1,sidset,real,0,0.5426816344261169,data\cache\clean\test\sidset_4606e5e4e484cff2\noise_s0.1.jpg
sidset_4649ab3dc76d14bc,noise_s0.1,sidset,real,0,0.8325940370559692,data\cache\clean\test\sidset_4649ab3dc76d14bc\noise_s0.1.jpg
sidset_47bafd1331a90437,noise_s0.1,sidset,real,0,0.7247076034545898,data\cache\clean\test\sidset_47bafd1331a90437\noise_s0.1.jpg
sidset_4e4b9b1d6e8b2aca,noise_s0.1,sidset,real,0,0.9998636245727539,data\cache\clean\test\sidset_4e4b9b1d6e8b2aca\noise_s0.1.jpg
sidset_523fede5def083dd,noise_s0.1,sidset,real,0,0.8460699319839478,data\cache\clean\test\sidset_523fede5def083dd\noise_s0.1.jpg
sidset_52bf81b2d7f84101,noise_s0.1,sidset,real,0,0.6609067916870117,data\cache\clean\test\sidset_52bf81b2d7f84101\noise_s0.1.jpg
sidset_54188851eee1c3c4,noise_s0.1,sidset,real,0,0.7243652939796448,data\cache\clean\test\sidset_54188851eee1c3c4\noise_s0.1.jpg
sidset_55ed6c0bbd54e07d,noise_s0.1,sidset,real,0,0.9821388721466064,data\cache\clean\test\sidset_55ed6c0bbd54e07d\noise_s0.1.jpg
sidset_5a165a26bf8ca4be,noise_s0.1,sidset,real,0,0.9956728219985962,data\cache\clean\test\sidset_5a165a26bf8ca4be\noise_s0.1.jpg
sidset_5ac8dbc3e9cad39f,noise_s0.1,sidset,real,0,0.985262393951416,data\cache\clean\test\sidset_5ac8dbc3e9cad39f\noise_s0.1.jpg
sidset_5b8f12b78d13bfcd,noise_s0.1,sidset,real,0,0.9552386999130249,data\cache\clean\test\sidset_5b8f12b78d13bfcd\noise_s0.1.jpg
sidset_5ba522a91162ae70,noise_s0.1,sidset,real,0,0.9992853999137878,data\cache\clean\test\sidset_5ba522a91162ae70\noise_s0.1.jpg
sidset_5fb439247718b13b,noise_s0.1,sidset,real,0,0.9092675447463989,data\cache\clean\test\sidset_5fb439247718b13b\noise_s0.1.jpg
sidset_61788db65ec08fe7,noise_s0.1,sidset,real,0,0.6662261486053467,data\cache\clean\test\sidset_61788db65ec08fe7\noise_s0.1.jpg
sidset_630624a387e04a88,noise_s0.1,sidset,real,0,0.9986932873725891,data\cache\clean\test\sidset_630624a387e04a88\noise_s0.1.jpg
sidset_65d4916b9f3f47ba,noise_s0.1,sidset,real,0,0.7120606303215027,data\cache\clean\test\sidset_65d4916b9f3f47ba\noise_s0.1.jpg
sidset_68f0479b7dde7700,noise_s0.1,sidset,real,0,0.985962450504303,data\cache\clean\test\sidset_68f0479b7dde7700\noise_s0.1.jpg
sidset_6abdc09c05038d32,noise_s0.1,sidset,real,0,0.7801700830459595,data\cache\clean\test\sidset_6abdc09c05038d32\noise_s0.1.jpg
sidset_6b7167d906f4ff1f,noise_s0.1,sidset,real,0,0.9885571002960205,data\cache\clean\test\sidset_6b7167d906f4ff1f\noise_s0.1.jpg
sidset_6c4941996cd7f5fc,noise_s0.1,sidset,real,0,0.973329484462738,data\cache\clean\test\sidset_6c4941996cd7f5fc\noise_s0.1.jpg
sidset_759a21da57c25774,noise_s0.1,sidset,real,0,0.989953339099884,data\cache\clean\test\sidset_759a21da57c25774\noise_s0.1.jpg
sidset_796b6212cfecb3de,noise_s0.1,sidset,real,0,0.959480881690979,data\cache\clean\test\sidset_796b6212cfecb3de\noise_s0.1.jpg
sidset_7974984b83c15934,noise_s0.1,sidset,real,0,0.7394100427627563,data\cache\clean\test\sidset_7974984b83c15934\noise_s0.1.jpg
sidset_7b550aceb5ec111f,noise_s0.1,sidset,real,0,0.998234748840332,data\cache\clean\test\sidset_7b550aceb5ec111f\noise_s0.1.jpg
sidset_7f1ce0ac000e1d6c,noise_s0.1,sidset,real,0,0.5983219742774963,data\cache\clean\test\sidset_7f1ce0ac000e1d6c\noise_s0.1.jpg
sidset_85928afd9860bcb5,noise_s0.1,sidset,real,0,0.8286567330360413,data\cache\clean\test\sidset_85928afd9860bcb5\noise_s0.1.jpg
sidset_88431f034d786206,noise_s0.1,sidset,real,0,0.9929759502410889,data\cache\clean\test\sidset_88431f034d786206\noise_s0.1.jpg
sidset_8901c7836be9a00a,noise_s0.1,sidset,real,0,0.642094612121582,data\cache\clean\test\sidset_8901c7836be9a00a\noise_s0.1.jpg
sidset_8cad4d70e806910a,noise_s0.1,sidset,real,0,0.7924133539199829,data\cache\clean\test\sidset_8cad4d70e806910a\noise_s0.1.jpg
sidset_8d2495ea75218578,noise_s0.1,sidset,real,0,0.8211528062820435,data\cache\clean\test\sidset_8d2495ea75218578\noise_s0.1.jpg
sidset_8d98f1eeb3935d09,noise_s0.1,sidset,real,0,0.9580023884773254,data\cache\clean\test\sidset_8d98f1eeb3935d09\noise_s0.1.jpg
sidset_918190e0dd7fc829,noise_s0.1,sidset,real,0,0.9059069752693176,data\cache\clean\test\sidset_918190e0dd7fc829\noise_s0.1.jpg
sidset_9811f04611ad082c,noise_s0.1,sidset,real,0,0.7352260947227478,data\cache\clean\test\sidset_9811f04611ad082c\noise_s0.1.jpg
sidset_995429a562f1aed2,noise_s0.1,sidset,real,0,0.8419657945632935,data\cache\clean\test\sidset_995429a562f1aed2\noise_s0.1.jpg
sidset_9fef864f1f832f63,noise_s0.1,sidset,real,0,0.6299457550048828,data\cache\clean\test\sidset_9fef864f1f832f63\noise_s0.1.jpg
sidset_a3b670637cae6348,noise_s0.1,sidset,real,0,0.9239164590835571,data\cache\clean\test\sidset_a3b670637cae6348\noise_s0.1.jpg
sidset_a4268c0135ca2c65,noise_s0.1,sidset,real,0,0.5016806721687317,data\cache\clean\test\sidset_a4268c0135ca2c65\noise_s0.1.jpg
sidset_a5b01f2aa66b2e86,noise_s0.1,sidset,real,0,0.5337830781936646,data\cache\clean\test\sidset_a5b01f2aa66b2e86\noise_s0.1.jpg
sidset_a68752f61204ef57,noise_s0.1,sidset,real,0,0.7803704738616943,data\cache\clean\test\sidset_a68752f61204ef57\noise_s0.1.jpg
sidset_a79f0b1ae413f9bc,noise_s0.1,sidset,real,0,0.7922830581665039,data\cache\clean\test\sidset_a79f0b1ae413f9bc\noise_s0.1.jpg
sidset_a9461d28df2d46d8,noise_s0.1,sidset,real,0,0.6190911531448364,data\cache\clean\test\sidset_a9461d28df2d46d8\noise_s0.1.jpg
sidset_ab1441008986f237,noise_s0.1,sidset,real,0,0.7327530980110168,data\cache\clean\test\sidset_ab1441008986f237\noise_s0.1.jpg
sidset_abb21498da6986f6,noise_s0.1,sidset,real,0,0.5275020003318787,data\cache\clean\test\sidset_abb21498da6986f6\noise_s0.1.jpg
sidset_ac54ef2834f8bc74,noise_s0.1,sidset,real,0,0.9935131669044495,data\cache\clean\test\sidset_ac54ef2834f8bc74\noise_s0.1.jpg
sidset_ada487d9073d8dd5,noise_s0.1,sidset,real,0,0.9891139268875122,data\cache\clean\test\sidset_ada487d9073d8dd5\noise_s0.1.jpg
sidset_addaecf6bdb9e66b,noise_s0.1,sidset,real,0,0.9848122596740723,data\cache\clean\test\sidset_addaecf6bdb9e66b\noise_s0.1.jpg
sidset_ae2a3178c574c716,noise_s0.1,sidset,real,0,0.9778084754943848,data\cache\clean\test\sidset_ae2a3178c574c716\noise_s0.1.jpg
sidset_af18b6bd4586f20d,noise_s0.1,sidset,real,0,0.9922316074371338,data\cache\clean\test\sidset_af18b6bd4586f20d\noise_s0.1.jpg
sidset_b3d460c2a4f17eff,noise_s0.1,sidset,real,0,0.9617086052894592,data\cache\clean\test\sidset_b3d460c2a4f17eff\noise_s0.1.jpg
sidset_bc70b06f0d603efd,noise_s0.1,sidset,real,0,1.0,data\cache\clean\test\sidset_bc70b06f0d603efd\noise_s0.1.jpg
sidset_bf236ad30956e497,noise_s0.1,sidset,real,0,0.8391953110694885,data\cache\clean\test\sidset_bf236ad30956e497\noise_s0.1.jpg
sidset_bf2d95dd1b29bfda,noise_s0.1,sidset,real,0,0.507153332233429,data\cache\clean\test\sidset_bf2d95dd1b29bfda\noise_s0.1.jpg
sidset_bf7100f88bf3b0f3,noise_s0.1,sidset,real,0,0.997112512588501,data\cache\clean\test\sidset_bf7100f88bf3b0f3\noise_s0.1.jpg
sidset_c104d5a827c3dc84,noise_s0.1,sidset,real,0,0.9985852241516113,data\cache\clean\test\sidset_c104d5a827c3dc84\noise_s0.1.jpg
sidset_c2213c788f154287,noise_s0.1,sidset,real,0,0.5209167003631592,data\cache\clean\test\sidset_c2213c788f154287\noise_s0.1.jpg
sidset_c2f7255d9f5d9469,noise_s0.1,sidset,real,0,0.9065706729888916,data\cache\clean\test\sidset_c2f7255d9f5d9469\noise_s0.1.jpg
sidset_c3c41d4a18529a16,noise_s0.1,sidset,real,0,0.5894321203231812,data\cache\clean\test\sidset_c3c41d4a18529a16\noise_s0.1.jpg
sidset_c790c7ca03b21797,noise_s0.1,sidset,real,0,0.6054903268814087,data\cache\clean\test\sidset_c790c7ca03b21797\noise_s0.1.jpg
sidset_cb68a83278e88b9d,noise_s0.1,sidset,real,0,0.9265400171279907,data\cache\clean\test\sidset_cb68a83278e88b9d\noise_s0.1.jpg
sidset_cc4571b1efacde65,noise_s0.1,sidset,real,0,0.8233057260513306,data\cache\clean\test\sidset_cc4571b1efacde65\noise_s0.1.jpg
sidset_cd7b3621c53d1ffe,noise_s0.1,sidset,real,0,0.7050329446792603,data\cache\clean\test\sidset_cd7b3621c53d1ffe\noise_s0.1.jpg
sidset_d16d462a77a3e94c,noise_s0.1,sidset,real,0,0.7582154273986816,data\cache\clean\test\sidset_d16d462a77a3e94c\noise_s0.1.jpg
sidset_d652dc17bb0709b8,noise_s0.1,sidset,real,0,0.9373480677604675,data\cache\clean\test\sidset_d652dc17bb0709b8\noise_s0.1.jpg
sidset_d7c9ba7b7774dcd9,noise_s0.1,sidset,real,0,0.9330784678459167,data\cache\clean\test\sidset_d7c9ba7b7774dcd9\noise_s0.1.jpg
sidset_db325b24acd0df24,noise_s0.1,sidset,real,0,0.957556962966919,data\cache\clean\test\sidset_db325b24acd0df24\noise_s0.1.jpg
sidset_df089363fbc3dff5,noise_s0.1,sidset,real,0,0.829450249671936,data\cache\clean\test\sidset_df089363fbc3dff5\noise_s0.1.jpg
sidset_e011e1243821e052,noise_s0.1,sidset,real,0,0.9230865240097046,data\cache\clean\test\sidset_e011e1243821e052\noise_s0.1.jpg
sidset_e19c80d7ff2e201b,noise_s0.1,sidset,real,0,0.8859161734580994,data\cache\clean\test\sidset_e19c80d7ff2e201b\noise_s0.1.jpg
sidset_e67f5961f8d7c753,noise_s0.1,sidset,real,0,0.9445706009864807,data\cache\clean\test\sidset_e67f5961f8d7c753\noise_s0.1.jpg
sidset_e7250acece7d41f5,noise_s0.1,sidset,real,0,0.6349115967750549,data\cache\clean\test\sidset_e7250acece7d41f5\noise_s0.1.jpg
sidset_e73a5a7ccc6dabc2,noise_s0.1,sidset,real,0,0.5174068212509155,data\cache\clean\test\sidset_e73a5a7ccc6dabc2\noise_s0.1.jpg
sidset_e8e76505f6a37089,noise_s0.1,sidset,real,0,0.7198097109794617,data\cache\clean\test\sidset_e8e76505f6a37089\noise_s0.1.jpg
sidset_ea40598e1128af27,noise_s0.1,sidset,real,0,0.8925464153289795,data\cache\clean\test\sidset_ea40598e1128af27\noise_s0.1.jpg
sidset_ee3e421ae3a8270d,noise_s0.1,sidset,real,0,0.5051894783973694,data\cache\clean\test\sidset_ee3e421ae3a8270d\noise_s0.1.jpg
sidset_ef3f636bfc78f3a5,noise_s0.1,sidset,real,0,0.9940457344055176,data\cache\clean\test\sidset_ef3f636bfc78f3a5\noise_s0.1.jpg
sidset_f250696304a3be0e,noise_s0.1,sidset,real,0,0.9762051701545715,data\cache\clean\test\sidset_f250696304a3be0e\noise_s0.1.jpg
sidset_f2be8bd472d53987,noise_s0.1,sidset,real,0,0.9996848106384277,data\cache\clean\test\sidset_f2be8bd472d53987\noise_s0.1.jpg
sidset_f4d320b4fb6abcc2,noise_s0.1,sidset,real,0,0.7561932802200317,data\cache\clean\test\sidset_f4d320b4fb6abcc2\noise_s0.1.jpg
sidset_f630570a5eab971b,noise_s0.1,sidset,real,0,0.9959712624549866,data\cache\clean\test\sidset_f630570a5eab971b\noise_s0.1.jpg
sidset_fb820a8756e04447,noise_s0.1,sidset,real,0,0.5966196060180664,data\cache\clean\test\sidset_fb820a8756e04447\noise_s0.1.jpg
sidset_fe0bec3214706d60,noise_s0.1,sidset,real,0,0.5243139863014221,data\cache\clean\test\sidset_fe0bec3214706d60\noise_s0.1.jpg
cifake_0085,resize_0.25,cifake,real,0,0.6542726755142212,data\cache\clean\test\cifake_0085\resize_0.25.jpg
cifake_0235,resize_0.25,cifake,real,0,0.8824252486228943,data\cache\clean\test\cifake_0235\resize_0.25.jpg
cifake_0240 (9),resize_0.25,cifake,real,0,0.5099186301231384,data\cache\clean\test\cifake_0240 (9)\resize_0.25.jpg
cifake_0327 (5),resize_0.25,cifake,real,0,0.5470064282417297,data\cache\clean\test\cifake_0327 (5)\resize_0.25.jpg
cifake_0618 (3),resize_0.25,cifake,real,0,0.7737815976142883,data\cache\clean\test\cifake_0618 (3)\resize_0.25.jpg
cifake_0793,resize_0.25,cifake,real,0,0.9293150305747986,data\cache\clean\test\cifake_0793\resize_0.25.jpg
cifake_0967 (9),resize_0.25,cifake,real,0,0.693484902381897,data\cache\clean\test\cifake_0967 (9)\resize_0.25.jpg
cifake_1139,resize_0.25,cifake,real,0,0.8374870419502258,data\cache\clean\test\cifake_1139\resize_0.25.jpg
cifake_1974,resize_0.25,cifake,real,0,0.8487189412117004,data\cache\clean\test\cifake_1974\resize_0.25.jpg
cifake_2071,resize_0.25,cifake,real,0,0.6493242383003235,data\cache\clean\test\cifake_2071\resize_0.25.jpg
cifake_2122,resize_0.25,cifake,real,0,0.6806369423866272,data\cache\clean\test\cifake_2122\resize_0.25.jpg
cifake_2633 (10),resize_0.25,cifake,real,0,0.7582327723503113,data\cache\clean\test\cifake_2633 (10)\resize_0.25.jpg
cifake_2660,resize_0.25,cifake,real,0,0.8516249656677246,data\cache\clean\test\cifake_2660\resize_0.25.jpg
cifake_2874 (4),resize_0.25,cifake,real,0,0.8156602382659912,data\cache\clean\test\cifake_2874 (4)\resize_0.25.jpg
cifake_3042 (4),resize_0.25,cifake,real,0,0.5798819065093994,data\cache\clean\test\cifake_3042 (4)\resize_0.25.jpg
cifake_3280 (8),resize_0.25,cifake,real,0,0.5290347933769226,data\cache\clean\test\cifake_3280 (8)\resize_0.25.jpg
cifake_3458 (9),resize_0.25,cifake,real,0,0.6648316383361816,data\cache\clean\test\cifake_3458 (9)\resize_0.25.jpg
cifake_3819 (2),resize_0.25,cifake,real,0,0.6070947647094727,data\cache\clean\test\cifake_3819 (2)\resize_0.25.jpg
cifake_3891 (3),resize_0.25,cifake,real,0,0.508931577205658,data\cache\clean\test\cifake_3891 (3)\resize_0.25.jpg
cifake_4186 (5),resize_0.25,cifake,real,0,0.5193659663200378,data\cache\clean\test\cifake_4186 (5)\resize_0.25.jpg
cifake_4279 (9),resize_0.25,cifake,real,0,0.5076709389686584,data\cache\clean\test\cifake_4279 (9)\resize_0.25.jpg
cifake_4660 (5),resize_0.25,cifake,real,0,0.9711209535598755,data\cache\clean\test\cifake_4660 (5)\resize_0.25.jpg
sidset_0030a581819d8d74,resize_0.25,sidset,real,0,0.7445139288902283,data\cache\clean\test\sidset_0030a581819d8d74\resize_0.25.jpg
sidset_02eb47f790cba404,resize_0.25,sidset,real,0,0.5067124962806702,data\cache\clean\test\sidset_02eb47f790cba404\resize_0.25.jpg
sidset_036df955965cb2f9,resize_0.25,sidset,real,0,0.9544642567634583,data\cache\clean\test\sidset_036df955965cb2f9\resize_0.25.jpg
sidset_038789965a8f7606,resize_0.25,sidset,real,0,0.9877646565437317,data\cache\clean\test\sidset_038789965a8f7606\resize_0.25.jpg
sidset_04f2ca3f7633822b,resize_0.25,sidset,real,0,0.5906559228897095,data\cache\clean\test\sidset_04f2ca3f7633822b\resize_0.25.jpg
sidset_075db643445af8e3,resize_0.25,sidset,real,0,0.9990251064300537,data\cache\clean\test\sidset_075db643445af8e3\resize_0.25.jpg
sidset_0e40f2f48ac5ec94,resize_0.25,sidset,real,0,0.619202196598053,data\cache\clean\test\sidset_0e40f2f48ac5ec94\resize_0.25.jpg
sidset_0f8102c25fc764ea,resize_0.25,sidset,real,0,0.9900368452072144,data\cache\clean\test\sidset_0f8102c25fc764ea\resize_0.25.jpg
sidset_14312756c1c94efa,resize_0.25,sidset,real,0,0.9999760389328003,data\cache\clean\test\sidset_14312756c1c94efa\resize_0.25.jpg
sidset_1491f4f3d3cbc49e,resize_0.25,sidset,real,0,0.7612845301628113,data\cache\clean\test\sidset_1491f4f3d3cbc49e\resize_0.25.jpg
sidset_1577f06c8ee59ef0,resize_0.25,sidset,real,0,0.7907650470733643,data\cache\clean\test\sidset_1577f06c8ee59ef0\resize_0.25.jpg
sidset_16c4058cc17896fc,resize_0.25,sidset,real,0,0.7392787933349609,data\cache\clean\test\sidset_16c4058cc17896fc\resize_0.25.jpg
sidset_18e30e95478d3da6,resize_0.25,sidset,real,0,0.9339815974235535,data\cache\clean\test\sidset_18e30e95478d3da6\resize_0.25.jpg
sidset_19a1dd0dde3ed26c,resize_0.25,sidset,real,0,0.5245165824890137,data\cache\clean\test\sidset_19a1dd0dde3ed26c\resize_0.25.jpg
sidset_1dff9756ab9d9e0a,resize_0.25,sidset,real,0,0.9029135704040527,data\cache\clean\test\sidset_1dff9756ab9d9e0a\resize_0.25.jpg
sidset_22164251d34be040,resize_0.25,sidset,real,0,0.8865411877632141,data\cache\clean\test\sidset_22164251d34be040\resize_0.25.jpg
sidset_22b07f2ffcaf319c,resize_0.25,sidset,real,0,0.9999730587005615,data\cache\clean\test\sidset_22b07f2ffcaf319c\resize_0.25.jpg
sidset_240eaccddb6506ef,resize_0.25,sidset,real,0,0.7135725617408752,data\cache\clean\test\sidset_240eaccddb6506ef\resize_0.25.jpg
sidset_247241c5aa1f3f9c,resize_0.25,sidset,real,0,0.8342100977897644,data\cache\clean\test\sidset_247241c5aa1f3f9c\resize_0.25.jpg
sidset_262ab01448a69651,resize_0.25,sidset,real,0,0.9601241946220398,data\cache\clean\test\sidset_262ab01448a69651\resize_0.25.jpg
sidset_273848178d186e12,resize_0.25,sidset,real,0,0.8399530649185181,data\cache\clean\test\sidset_273848178d186e12\resize_0.25.jpg
sidset_2800b0abf266ffba,resize_0.25,sidset,real,0,0.5712272524833679,data\cache\clean\test\sidset_2800b0abf266ffba\resize_0.25.jpg
sidset_2c7cd831752d6b09,resize_0.25,sidset,real,0,0.7867776155471802,data\cache\clean\test\sidset_2c7cd831752d6b09\resize_0.25.jpg
sidset_31d44fee2c336e78,resize_0.25,sidset,real,0,0.9076207876205444,data\cache\clean\test\sidset_31d44fee2c336e78\resize_0.25.jpg
sidset_351df796b93ed2b5,resize_0.25,sidset,real,0,0.6496309638023376,data\cache\clean\test\sidset_351df796b93ed2b5\resize_0.25.jpg
sidset_36ec0b674a14714a,resize_0.25,sidset,real,0,0.9590435028076172,data\cache\clean\test\sidset_36ec0b674a14714a\resize_0.25.jpg
sidset_39a3f029e2e17dd3,resize_0.25,sidset,real,0,0.9926921725273132,data\cache\clean\test\sidset_39a3f029e2e17dd3\resize_0.25.jpg
sidset_3beca4d6152a4aa5,resize_0.25,sidset,real,0,0.6106132864952087,data\cache\clean\test\sidset_3beca4d6152a4aa5\resize_0.25.jpg
sidset_3dc4bd55df5c075d,resize_0.25,sidset,real,0,0.7188365459442139,data\cache\clean\test\sidset_3dc4bd55df5c075d\resize_0.25.jpg
sidset_41fcb89ff22ef83c,resize_0.25,sidset,real,0,0.5440462827682495,data\cache\clean\test\sidset_41fcb89ff22ef83c\resize_0.25.jpg
sidset_45c5c68f5a74cd90,resize_0.25,sidset,real,0,0.9409539103507996,data\cache\clean\test\sidset_45c5c68f5a74cd90\resize_0.25.jpg
sidset_47927d08b0f027e7,resize_0.25,sidset,real,0,0.8680580854415894,data\cache\clean\test\sidset_47927d08b0f027e7\resize_0.25.jpg
sidset_4e4b9b1d6e8b2aca,resize_0.25,sidset,real,0,0.9998629093170166,data\cache\clean\test\sidset_4e4b9b1d6e8b2aca\resize_0.25.jpg
sidset_52bf81b2d7f84101,resize_0.25,sidset,real,0,0.9657403230667114,data\cache\clean\test\sidset_52bf81b2d7f84101\resize_0.25.jpg
sidset_55ed6c0bbd54e07d,resize_0.25,sidset,real,0,0.9466217756271362,data\cache\clean\test\sidset_55ed6c0bbd54e07d\resize_0.25.jpg
sidset_5a165a26bf8ca4be,resize_0.25,sidset,real,0,0.9880528450012207,data\cache\clean\test\sidset_5a165a26bf8ca4be\resize_0.25.jpg
sidset_5ae51a789c118b75,resize_0.25,sidset,real,0,0.6037836670875549,data\cache\clean\test\sidset_5ae51a789c118b75\resize_0.25.jpg
sidset_5b291a7b5ae05cf0,resize_0.25,sidset,real,0,0.9807748198509216,data\cache\clean\test\sidset_5b291a7b5ae05cf0\resize_0.25.jpg
sidset_5b8f12b78d13bfcd,resize_0.25,sidset,real,0,0.979794442653656,data\cache\clean\test\sidset_5b8f12b78d13bfcd\resize_0.25.jpg
sidset_5ba522a91162ae70,resize_0.25,sidset,real,0,0.9999542236328125,data\cache\clean\test\sidset_5ba522a91162ae70\resize_0.25.jpg
sidset_5c175a143c23a7b8,resize_0.25,sidset,real,0,0.5140997767448425,data\cache\clean\test\sidset_5c175a143c23a7b8\resize_0.25.jpg
sidset_5f38de5989bc70a2,resize_0.25,sidset,real,0,0.9267443418502808,data\cache\clean\test\sidset_5f38de5989bc70a2\resize_0.25.jpg
sidset_656916e9c7039df4,resize_0.25,sidset,real,0,0.7311803102493286,data\cache\clean\test\sidset_656916e9c7039df4\resize_0.25.jpg
sidset_68f0479b7dde7700,resize_0.25,sidset,real,0,0.9862626791000366,data\cache\clean\test\sidset_68f0479b7dde7700\resize_0.25.jpg
sidset_6b7167d906f4ff1f,resize_0.25,sidset,real,0,0.9988516569137573,data\cache\clean\test\sidset_6b7167d906f4ff1f\resize_0.25.jpg
sidset_6c4941996cd7f5fc,resize_0.25,sidset,real,0,0.9763346910476685,data\cache\clean\test\sidset_6c4941996cd7f5fc\resize_0.25.jpg
sidset_759a21da57c25774,resize_0.25,sidset,real,0,0.6858273148536682,data\cache\clean\test\sidset_759a21da57c25774\resize_0.25.jpg
sidset_789adfb30711725a,resize_0.25,sidset,real,0,0.768149197101593,data\cache\clean\test\sidset_789adfb30711725a\resize_0.25.jpg
sidset_796b6212cfecb3de,resize_0.25,sidset,real,0,0.9014914631843567,data\cache\clean\test\sidset_796b6212cfecb3de\resize_0.25.jpg
sidset_7974984b83c15934,resize_0.25,sidset,real,0,0.896960973739624,data\cache\clean\test\sidset_7974984b83c15934\resize_0.25.jpg
sidset_7b550aceb5ec111f,resize_0.25,sidset,real,0,0.9652413129806519,data\cache\clean\test\sidset_7b550aceb5ec111f\resize_0.25.jpg
sidset_85928afd9860bcb5,resize_0.25,sidset,real,0,0.8950907588005066,data\cache\clean\test\sidset_85928afd9860bcb5\resize_0.25.jpg
sidset_8d98f1eeb3935d09,resize_0.25,sidset,real,0,0.6508822441101074,data\cache\clean\test\sidset_8d98f1eeb3935d09\resize_0.25.jpg
sidset_918190e0dd7fc829,resize_0.25,sidset,real,0,0.6432257890701294,data\cache\clean\test\sidset_918190e0dd7fc829\resize_0.25.jpg
sidset_9811f04611ad082c,resize_0.25,sidset,real,0,0.5360327959060669,data\cache\clean\test\sidset_9811f04611ad082c\resize_0.25.jpg
sidset_9915729405b9e03e,resize_0.25,sidset,real,0,0.7794047594070435,data\cache\clean\test\sidset_9915729405b9e03e\resize_0.25.jpg
sidset_995429a562f1aed2,resize_0.25,sidset,real,0,0.893160879611969,data\cache\clean\test\sidset_995429a562f1aed2\resize_0.25.jpg
sidset_9e2a9b16ff46f867,resize_0.25,sidset,real,0,0.5609656572341919,data\cache\clean\test\sidset_9e2a9b16ff46f867\resize_0.25.jpg
sidset_9eee677b8613974b,resize_0.25,sidset,real,0,0.613278329372406,data\cache\clean\test\sidset_9eee677b8613974b\resize_0.25.jpg
sidset_a3032d75347e6fa2,resize_0.25,sidset,real,0,0.8754684925079346,data\cache\clean\test\sidset_a3032d75347e6fa2\resize_0.25.jpg
sidset_a3293aebf3086c9f,resize_0.25,sidset,real,0,0.615808367729187,data\cache\clean\test\sidset_a3293aebf3086c9f\resize_0.25.jpg
sidset_a429805728e89e7d,resize_0.25,sidset,real,0,0.9994798302650452,data\cache\clean\test\sidset_a429805728e89e7d\resize_0.25.jpg
sidset_a68752f61204ef57,resize_0.25,sidset,real,0,0.6869910955429077,data\cache\clean\test\sidset_a68752f61204ef57\resize_0.25.jpg
sidset_a8ad741ef85002f3,resize_0.25,sidset,real,0,0.6187750101089478,data\cache\clean\test\sidset_a8ad741ef85002f3\resize_0.25.jpg
sidset_a9461d28df2d46d8,resize_0.25,sidset,real,0,0.5597639679908752,data\cache\clean\test\sidset_a9461d28df2d46d8\resize_0.25.jpg
sidset_ab1441008986f237,resize_0.25,sidset,real,0,0.5985195636749268,data\cache\clean\test\sidset_ab1441008986f237\resize_0.25.jpg
sidset_abb21498da6986f6,resize_0.25,sidset,real,0,0.8341702818870544,data\cache\clean\test\sidset_abb21498da6986f6\resize_0.25.jpg
sidset_ac54ef2834f8bc74,resize_0.25,sidset,real,0,0.9319726228713989,data\cache\clean\test\sidset_ac54ef2834f8bc74\resize_0.25.jpg
sidset_ada487d9073d8dd5,resize_0.25,sidset,real,0,0.6905444264411926,data\cache\clean\test\sidset_ada487d9073d8dd5\resize_0.25.jpg
sidset_b2a36196721315df,resize_0.25,sidset,real,0,0.5391843914985657,data\cache\clean\test\sidset_b2a36196721315df\resize_0.25.jpg
sidset_b3d460c2a4f17eff,resize_0.25,sidset,real,0,0.9466255903244019,data\cache\clean\test\sidset_b3d460c2a4f17eff\resize_0.25.jpg
sidset_bc70b06f0d603efd,resize_0.25,sidset,real,0,0.9999943971633911,data\cache\clean\test\sidset_bc70b06f0d603efd\resize_0.25.jpg
sidset_bf236ad30956e497,resize_0.25,sidset,real,0,0.5939808487892151,data\cache\clean\test\sidset_bf236ad30956e497\resize_0.25.jpg
sidset_bf7100f88bf3b0f3,resize_0.25,sidset,real,0,0.9816484451293945,data\cache\clean\test\sidset_bf7100f88bf3b0f3\resize_0.25.jpg
sidset_c104d5a827c3dc84,resize_0.25,sidset,real,0,0.9986172914505005,data\cache\clean\test\sidset_c104d5a827c3dc84\resize_0.25.jpg
sidset_c5a378b0ea24d25e,resize_0.25,sidset,real,0,0.9102020859718323,data\cache\clean\test\sidset_c5a378b0ea24d25e\resize_0.25.jpg
sidset_c790c7ca03b21797,resize_0.25,sidset,real,0,0.6259211897850037,data\cache\clean\test\sidset_c790c7ca03b21797\resize_0.25.jpg
sidset_c90419b9eb89527a,resize_0.25,sidset,real,0,0.9935654997825623,data\cache\clean\test\sidset_c90419b9eb89527a\resize_0.25.jpg
sidset_ca42bd15e898b092,resize_0.25,sidset,real,0,0.5690979361534119,data\cache\clean\test\sidset_ca42bd15e898b092\resize_0.25.jpg
sidset_cb68a83278e88b9d,resize_0.25,sidset,real,0,0.9917998909950256,data\cache\clean\test\sidset_cb68a83278e88b9d\resize_0.25.jpg
sidset_cc4571b1efacde65,resize_0.25,sidset,real,0,0.8564878106117249,data\cache\clean\test\sidset_cc4571b1efacde65\resize_0.25.jpg
sidset_ce09a25a50fdfe47,resize_0.25,sidset,real,0,0.9879244565963745,data\cache\clean\test\sidset_ce09a25a50fdfe47\resize_0.25.jpg
sidset_cfa694ce3bb2538c,resize_0.25,sidset,real,0,0.9814233183860779,data\cache\clean\test\sidset_cfa694ce3bb2538c\resize_0.25.jpg
sidset_d652dc17bb0709b8,resize_0.25,sidset,real,0,0.9937826991081238,data\cache\clean\test\sidset_d652dc17bb0709b8\resize_0.25.jpg
sidset_d8d37279b6972907,resize_0.25,sidset,real,0,0.5149118900299072,data\cache\clean\test\sidset_d8d37279b6972907\resize_0.25.jpg
sidset_db325b24acd0df24,resize_0.25,sidset,real,0,0.5933141112327576,data\cache\clean\test\sidset_db325b24acd0df24\resize_0.25.jpg
sidset_dc7c8d1d5287d015,resize_0.25,sidset,real,0,0.6501059532165527,data\cache\clean\test\sidset_dc7c8d1d5287d015\resize_0.25.jpg
sidset_df089363fbc3dff5,resize_0.25,sidset,real,0,0.9788392186164856,data\cache\clean\test\sidset_df089363fbc3dff5\resize_0.25.jpg
sidset_e19c80d7ff2e201b,resize_0.25,sidset,real,0,0.6696106195449829,data\cache\clean\test\sidset_e19c80d7ff2e201b\resize_0.25.jpg
sidset_e20f8df5bc8ae19c,resize_0.25,sidset,real,0,0.9852613806724548,data\cache\clean\test\sidset_e20f8df5bc8ae19c\resize_0.25.jpg
sidset_e67f5961f8d7c753,resize_0.25,sidset,real,0,0.970314085483551,data\cache\clean\test\sidset_e67f5961f8d7c753\resize_0.25.jpg
sidset_e7250acece7d41f5,resize_0.25,sidset,real,0,0.5295519828796387,data\cache\clean\test\sidset_e7250acece7d41f5\resize_0.25.jpg
sidset_ea40598e1128af27,resize_0.25,sidset,real,0,0.8841039538383484,data\cache\clean\test\sidset_ea40598e1128af27\resize_0.25.jpg
sidset_ef3f636bfc78f3a5,resize_0.25,sidset,real,0,0.9749494194984436,data\cache\clean\test\sidset_ef3f636bfc78f3a5\resize_0.25.jpg
sidset_f250696304a3be0e,resize_0.25,sidset,real,0,0.9692755937576294,data\cache\clean\test\sidset_f250696304a3be0e\resize_0.25.jpg
sidset_f2be8bd472d53987,resize_0.25,sidset,real,0,0.8279669880867004,data\cache\clean\test\sidset_f2be8bd472d53987\resize_0.25.jpg
sidset_f5044c17014681a8,resize_0.25,sidset,real,0,0.6336574554443359,data\cache\clean\test\sidset_f5044c17014681a8\resize_0.25.jpg
sidset_f630570a5eab971b,resize_0.25,sidset,real,0,0.9854454398155212,data\cache\clean\test\sidset_f630570a5eab971b\resize_0.25.jpg
sidset_f84d7fc7f9cb9e7f,resize_0.25,sidset,real,0,0.7137448787689209,data\cache\clean\test\sidset_f84d7fc7f9cb9e7f\resize_0.25.jpg
sidset_fac95db1f3df9775,resize_0.25,sidset,real,0,0.8394626975059509,data\cache\clean\test\sidset_fac95db1f3df9775\resize_0.25.jpg
sidset_fb03c73dc0829977,resize_0.25,sidset,real,0,0.7622714042663574,data\cache\clean\test\sidset_fb03c73dc0829977\resize_0.25.jpg
sidset_fb820a8756e04447,resize_0.25,sidset,real,0,0.9693137407302856,data\cache\clean\test\sidset_fb820a8756e04447\resize_0.25.jpg
sidset_fe0bec3214706d60,resize_0.25,sidset,real,0,0.9922531247138977,data\cache\clean\test\sidset_fe0bec3214706d60\resize_0.25.jpg
cifake_0235,resize_0.5,cifake,real,0,0.8921325206756592,data\cache\clean\test\cifake_0235\resize_0.5.jpg
cifake_0240 (9),resize_0.5,cifake,real,0,0.5079969763755798,data\cache\clean\test\cifake_0240 (9)\resize_0.5.jpg
cifake_0327 (5),resize_0.5,cifake,real,0,0.532841682434082,data\cache\clean\test\cifake_0327 (5)\resize_0.5.jpg
cifake_0485 (9),resize_0.5,cifake,real,0,0.5352420210838318,data\cache\clean\test\cifake_0485 (9)\resize_0.5.jpg
cifake_0618 (3),resize_0.5,cifake,real,0,0.8048506379127502,data\cache\clean\test\cifake_0618 (3)\resize_0.5.jpg
cifake_0793,resize_0.5,cifake,real,0,0.9205852746963501,data\cache\clean\test\cifake_0793\resize_0.5.jpg
cifake_0811,resize_0.5,cifake,real,0,0.5901507139205933,data\cache\clean\test\cifake_0811\resize_0.5.jpg
cifake_0967 (9),resize_0.5,cifake,real,0,0.6043386459350586,data\cache\clean\test\cifake_0967 (9)\resize_0.5.jpg
cifake_1139,resize_0.5,cifake,real,0,0.8023821115493774,data\cache\clean\test\cifake_1139\resize_0.5.jpg
cifake_1435 (2),resize_0.5,cifake,real,0,0.8026729226112366,data\cache\clean\test\cifake_1435 (2)\resize_0.5.jpg
cifake_1974,resize_0.5,cifake,real,0,0.857475221157074,data\cache\clean\test\cifake_1974\resize_0.5.jpg
cifake_2071,resize_0.5,cifake,real,0,0.507301390171051,data\cache\clean\test\cifake_2071\resize_0.5.jpg
cifake_2122,resize_0.5,cifake,real,0,0.7923532128334045,data\cache\clean\test\cifake_2122\resize_0.5.jpg
cifake_2633 (10),resize_0.5,cifake,real,0,0.8280529975891113,data\cache\clean\test\cifake_2633 (10)\resize_0.5.jpg
cifake_2660,resize_0.5,cifake,real,0,0.9105064868927002,data\cache\clean\test\cifake_2660\resize_0.5.jpg
cifake_2874 (4),resize_0.5,cifake,real,0,0.7625197768211365,data\cache\clean\test\cifake_2874 (4)\resize_0.5.jpg
cifake_3042 (4),resize_0.5,cifake,real,0,0.693254828453064,data\cache\clean\test\cifake_3042 (4)\resize_0.5.jpg
cifake_3280 (8),resize_0.5,cifake,real,0,0.7934143543243408,data\cache\clean\test\cifake_3280 (8)\resize_0.5.jpg
cifake_3458 (9),resize_0.5,cifake,real,0,0.540997326374054,data\cache\clean\test\cifake_3458 (9)\resize_0.5.jpg
cifake_3819 (2),resize_0.5,cifake,real,0,0.5624962449073792,data\cache\clean\test\cifake_3819 (2)\resize_0.5.jpg
cifake_3891 (3),resize_0.5,cifake,real,0,0.5509786605834961,data\cache\clean\test\cifake_3891 (3)\resize_0.5.jpg
cifake_4186 (5),resize_0.5,cifake,real,0,0.5370500683784485,data\cache\clean\test\cifake_4186 (5)\resize_0.5.jpg
cifake_4660 (5),resize_0.5,cifake,real,0,0.9723528623580933,data\cache\clean\test\cifake_4660 (5)\resize_0.5.jpg
sidset_036df955965cb2f9,resize_0.5,sidset,real,0,0.9380379319190979,data\cache\clean\test\sidset_036df955965cb2f9\resize_0.5.jpg
sidset_038789965a8f7606,resize_0.5,sidset,real,0,0.9953659772872925,data\cache\clean\test\sidset_038789965a8f7606\resize_0.5.jpg
sidset_04f2ca3f7633822b,resize_0.5,sidset,real,0,0.5941444039344788,data\cache\clean\test\sidset_04f2ca3f7633822b\resize_0.5.jpg
sidset_075db643445af8e3,resize_0.5,sidset,real,0,0.9590017795562744,data\cache\clean\test\sidset_075db643445af8e3\resize_0.5.jpg
sidset_0e40f2f48ac5ec94,resize_0.5,sidset,real,0,0.9921236634254456,data\cache\clean\test\sidset_0e40f2f48ac5ec94\resize_0.5.jpg
sidset_0f8102c25fc764ea,resize_0.5,sidset,real,0,0.9944795370101929,data\cache\clean\test\sidset_0f8102c25fc764ea\resize_0.5.jpg
sidset_1409961a28ec7db5,resize_0.5,sidset,real,0,0.644677460193634,data\cache\clean\test\sidset_1409961a28ec7db5\resize_0.5.jpg
sidset_14312756c1c94efa,resize_0.5,sidset,real,0,0.9999908208847046,data\cache\clean\test\sidset_14312756c1c94efa\resize_0.5.jpg
sidset_1491f4f3d3cbc49e,resize_0.5,sidset,real,0,0.8935912847518921,data\cache\clean\test\sidset_1491f4f3d3cbc49e\resize_0.5.jpg
sidset_1577f06c8ee59ef0,resize_0.5,sidset,real,0,0.7485532164573669,data\cache\clean\test\sidset_1577f06c8ee59ef0\resize_0.5.jpg
sidset_16c4058cc17896fc,resize_0.5,sidset,real,0,0.89299076795578,data\cache\clean\test\sidset_16c4058cc17896fc\resize_0.5.jpg
sidset_18e30e95478d3da6,resize_0.5,sidset,real,0,0.6376349329948425,data\cache\clean\test\sidset_18e30e95478d3da6\resize_0.5.jpg
sidset_19a1dd0dde3ed26c,resize_0.5,sidset,real,0,0.7500923275947571,data\cache\clean\test\sidset_19a1dd0dde3ed26c\resize_0.5.jpg
sidset_22164251d34be040,resize_0.5,sidset,real,0,0.9973375201225281,data\cache\clean\test\sidset_22164251d34be040\resize_0.5.jpg
sidset_22b07f2ffcaf319c,resize_0.5,sidset,real,0,0.9971228241920471,data\cache\clean\test\sidset_22b07f2ffcaf319c\resize_0.5.jpg
sidset_240eaccddb6506ef,resize_0.5,sidset,real,0,0.8726856708526611,data\cache\clean\test\sidset_240eaccddb6506ef\resize_0.5.jpg
sidset_26c389b400ea1653,resize_0.5,sidset,real,0,0.5369510650634766,data\cache\clean\test\sidset_26c389b400ea1653\resize_0.5.jpg
sidset_273848178d186e12,resize_0.5,sidset,real,0,0.7615184783935547,data\cache\clean\test\sidset_273848178d186e12\resize_0.5.jpg
sidset_2eedc416deac0f71,resize_0.5,sidset,real,0,0.5605371594429016,data\cache\clean\test\sidset_2eedc416deac0f71\resize_0.5.jpg
sidset_31d44fee2c336e78,resize_0.5,sidset,real,0,0.6125518083572388,data\cache\clean\test\sidset_31d44fee2c336e78\resize_0.5.jpg
sidset_34866edcc2800ae0,resize_0.5,sidset,real,0,0.9163494110107422,data\cache\clean\test\sidset_34866edcc2800ae0\resize_0.5.jpg
sidset_36ec0b674a14714a,resize_0.5,sidset,real,0,0.9863988161087036,data\cache\clean\test\sidset_36ec0b674a14714a\resize_0.5.jpg
sidset_39a3f029e2e17dd3,resize_0.5,sidset,real,0,0.988396942615509,data\cache\clean\test\sidset_39a3f029e2e17dd3\resize_0.5.jpg
sidset_3beca4d6152a4aa5,resize_0.5,sidset,real,0,0.6686981320381165,data\cache\clean\test\sidset_3beca4d6152a4aa5\resize_0.5.jpg
sidset_3fbc4c1574ef987d,resize_0.5,sidset,real,0,0.8995857238769531,data\cache\clean\test\sidset_3fbc4c1574ef987d\resize_0.5.jpg
sidset_45c5c68f5a74cd90,resize_0.5,sidset,real,0,0.7921698093414307,data\cache\clean\test\sidset_45c5c68f5a74cd90\resize_0.5.jpg
sidset_4babe6eef86c29f6,resize_0.5,sidset,real,0,0.547531247138977,data\cache\clean\test\sidset_4babe6eef86c29f6\resize_0.5.jpg
sidset_4e4b9b1d6e8b2aca,resize_0.5,sidset,real,0,0.998764157295227,data\cache\clean\test\sidset_4e4b9b1d6e8b2aca\resize_0.5.jpg
sidset_52bf81b2d7f84101,resize_0.5,sidset,real,0,0.9604626893997192,data\cache\clean\test\sidset_52bf81b2d7f84101\resize_0.5.jpg
sidset_55ed6c0bbd54e07d,resize_0.5,sidset,real,0,0.9714699387550354,data\cache\clean\test\sidset_55ed6c0bbd54e07d\resize_0.5.jpg
sidset_5a165a26bf8ca4be,resize_0.5,sidset,real,0,0.9774711728096008,data\cache\clean\test\sidset_5a165a26bf8ca4be\resize_0.5.jpg
sidset_5ae51a789c118b75,resize_0.5,sidset,real,0,0.5849396586418152,data\cache\clean\test\sidset_5ae51a789c118b75\resize_0.5.jpg
sidset_5b291a7b5ae05cf0,resize_0.5,sidset,real,0,0.9870387315750122,data\cache\clean\test\sidset_5b291a7b5ae05cf0\resize_0.5.jpg
sidset_5b8f12b78d13bfcd,resize_0.5,sidset,real,0,0.979596734046936,data\cache\clean\test\sidset_5b8f12b78d13bfcd\resize_0.5.jpg
sidset_5ba522a91162ae70,resize_0.5,sidset,real,0,0.999910831451416,data\cache\clean\test\sidset_5ba522a91162ae70\resize_0.5.jpg
sidset_630624a387e04a88,resize_0.5,sidset,real,0,0.7693376541137695,data\cache\clean\test\sidset_630624a387e04a88\resize_0.5.jpg
sidset_68f0479b7dde7700,resize_0.5,sidset,real,0,0.9897840619087219,data\cache\clean\test\sidset_68f0479b7dde7700\resize_0.5.jpg
sidset_6b7167d906f4ff1f,resize_0.5,sidset,real,0,0.9984064698219299,data\cache\clean\test\sidset_6b7167d906f4ff1f\resize_0.5.jpg
sidset_6c4941996cd7f5fc,resize_0.5,sidset,real,0,0.9709010124206543,data\cache\clean\test\sidset_6c4941996cd7f5fc\resize_0.5.jpg
sidset_796b6212cfecb3de,resize_0.5,sidset,real,0,0.9876340627670288,data\cache\clean\test\sidset_796b6212cfecb3de\resize_0.5.jpg
sidset_7974984b83c15934,resize_0.5,sidset,real,0,0.966013491153717,data\cache\clean\test\sidset_7974984b83c15934\resize_0.5.jpg
sidset_7b550aceb5ec111f,resize_0.5,sidset,real,0,0.9644367098808289,data\cache\clean\test\sidset_7b550aceb5ec111f\resize_0.5.jpg
sidset_85928afd9860bcb5,resize_0.5,sidset,real,0,0.880466103553772,data\cache\clean\test\sidset_85928afd9860bcb5\resize_0.5.jpg
sidset_8d98f1eeb3935d09,resize_0.5,sidset,real,0,0.8486452698707581,data\cache\clean\test\sidset_8d98f1eeb3935d09\resize_0.5.jpg
sidset_918190e0dd7fc829,resize_0.5,sidset,real,0,0.8180899024009705,data\cache\clean\test\sidset_918190e0dd7fc829\resize_0.5.jpg
sidset_9915729405b9e03e,resize_0.5,sidset,real,0,0.7200940847396851,data\cache\clean\test\sidset_9915729405b9e03e\resize_0.5.jpg
sidset_995429a562f1aed2,resize_0.5,sidset,real,0,0.8866440653800964,data\cache\clean\test\sidset_995429a562f1aed2\resize_0.5.jpg
sidset_a0c976304a971d8f,resize_0.5,sidset,real,0,0.6372460126876831,data\cache\clean\test\sidset_a0c976304a971d8f\resize_0.5.jpg
sidset_a3032d75347e6fa2,resize_0.5,sidset,real,0,0.5979689955711365,data\cache\clean\test\sidset_a3032d75347e6fa2\resize_0.5.jpg
sidset_a4268c0135ca2c65,resize_0.5,sidset,real,0,0.7586402893066406,data\cache\clean\test\sidset_a4268c0135ca2c65\resize_0.5.jpg
sidset_a429805728e89e7d,resize_0.5,sidset,real,0,0.9083961844444275,data\cache\clean\test\sidset_a429805728e89e7d\resize_0.5.jpg
sidset_ab1441008986f237,resize_0.5,sidset,real,0,0.7146661877632141,data\cache\clean\test\sidset_ab1441008986f237\resize_0.5.jpg
sidset_ae2a3178c574c716,resize_0.5,sidset,real,0,0.9771633148193359,data\cache\clean\test\sidset_ae2a3178c574c716\resize_0.5.jpg
sidset_b3d460c2a4f17eff,resize_0.5,sidset,real,0,0.9517536163330078,data\cache\clean\test\sidset_b3d460c2a4f17eff\resize_0.5.jpg
sidset_bc70b06f0d603efd,resize_0.5,sidset,real,0,0.9999899864196777,data\cache\clean\test\sidset_bc70b06f0d603efd\resize_0.5.jpg
sidset_bf236ad30956e497,resize_0.5,sidset,real,0,0.5502766370773315,data\cache\clean\test\sidset_bf236ad30956e497\resize_0.5.jpg
sidset_bf2d95dd1b29bfda,resize_0.5,sidset,real,0,0.8314740657806396,data\cache\clean\test\sidset_bf2d95dd1b29bfda\resize_0.5.jpg
sidset_bf7100f88bf3b0f3,resize_0.5,sidset,real,0,0.9661269783973694,data\cache\clean\test\sidset_bf7100f88bf3b0f3\resize_0.5.jpg
sidset_c104d5a827c3dc84,resize_0.5,sidset,real,0,0.905749499797821,data\cache\clean\test\sidset_c104d5a827c3dc84\resize_0.5.jpg
sidset_c2f7255d9f5d9469,resize_0.5,sidset,real,0,0.5382819771766663,data\cache\clean\test\sidset_c2f7255d9f5d9469\resize_0.5.jpg
sidset_c5a378b0ea24d25e,resize_0.5,sidset,real,0,0.9062783718109131,data\cache\clean\test\sidset_c5a378b0ea24d25e\resize_0.5.jpg
sidset_c790c7ca03b21797,resize_0.5,sidset,real,0,0.6772922873497009,data\cache\clean\test\sidset_c790c7ca03b21797\resize_0.5.jpg
sidset_c90419b9eb89527a,resize_0.5,sidset,real,0,0.9900637269020081,data\cache\clean\test\sidset_c90419b9eb89527a\resize_0.5.jpg
sidset_ca42bd15e898b092,resize_0.5,sidset,real,0,0.7928778529167175,data\cache\clean\test\sidset_ca42bd15e898b092\resize_0.5.jpg
sidset_cb68a83278e88b9d,resize_0.5,sidset,real,0,0.919266939163208,data\cache\clean\test\sidset_cb68a83278e88b9d\resize_0.5.jpg
sidset_cc4571b1efacde65,resize_0.5,sidset,real,0,0.7632957696914673,data\cache\clean\test\sidset_cc4571b1efacde65\resize_0.5.jpg
sidset_ce09a25a50fdfe47,resize_0.5,sidset,real,0,0.859048068523407,data\cache\clean\test\sidset_ce09a25a50fdfe47\resize_0.5.jpg
sidset_d652dc17bb0709b8,resize_0.5,sidset,real,0,0.9673271775245667,data\cache\clean\test\sidset_d652dc17bb0709b8\resize_0.5.jpg
sidset_d7c9ba7b7774dcd9,resize_0.5,sidset,real,0,0.6680564284324646,data\cache\clean\test\sidset_d7c9ba7b7774dcd9\resize_0.5.jpg
sidset_df089363fbc3dff5,resize_0.5,sidset,real,0,0.93355792760849,data\cache\clean\test\sidset_df089363fbc3dff5\resize_0.5.jpg
sidset_e19c80d7ff2e201b,resize_0.5,sidset,real,0,0.7924282550811768,data\cache\clean\test\sidset_e19c80d7ff2e201b\resize_0.5.jpg
sidset_e67f5961f8d7c753,resize_0.5,sidset,real,0,0.9494080543518066,data\cache\clean\test\sidset_e67f5961f8d7c753\resize_0.5.jpg
sidset_ef3f636bfc78f3a5,resize_0.5,sidset,real,0,0.9918888211250305,data\cache\clean\test\sidset_ef3f636bfc78f3a5\resize_0.5.jpg
sidset_f250696304a3be0e,resize_0.5,sidset,real,0,0.9952801465988159,data\cache\clean\test\sidset_f250696304a3be0e\resize_0.5.jpg
sidset_f2be8bd472d53987,resize_0.5,sidset,real,0,0.9485694766044617,data\cache\clean\test\sidset_f2be8bd472d53987\resize_0.5.jpg
sidset_f5044c17014681a8,resize_0.5,sidset,real,0,0.6264712810516357,data\cache\clean\test\sidset_f5044c17014681a8\resize_0.5.jpg
sidset_f630570a5eab971b,resize_0.5,sidset,real,0,0.9976342916488647,data\cache\clean\test\sidset_f630570a5eab971b\resize_0.5.jpg
sidset_fac95db1f3df9775,resize_0.5,sidset,real,0,0.5090829133987427,data\cache\clean\test\sidset_fac95db1f3df9775\resize_0.5.jpg
sidset_fb820a8756e04447,resize_0.5,sidset,real,0,0.9406074285507202,data\cache\clean\test\sidset_fb820a8756e04447\resize_0.5.jpg
sidset_fe0bec3214706d60,resize_0.5,sidset,real,0,0.9977449178695679,data\cache\clean\test\sidset_fe0bec3214706d60\resize_0.5.jpg
