img_id,variant,source_dataset,generator_family,label,prob,path
cifake_1028 (10),clean,cifake,stable_diffusion,1,0.2425547093153,data\cache\clean\test\cifake_1028 (10)\clean.jpg
cifake_2286 (2),clean,cifake,stable_diffusion,1,0.07979165017604828,data\cache\clean\test\cifake_2286 (2)\clean.jpg
cifake_2703 (7),clean,cifake,stable_diffusion,1,0.33518654108047485,data\cache\clean\test\cifake_2703 (7)\clean.jpg
cifake_3053 (4),clean,cifake,stable_diffusion,1,0.20344701409339905,data\cache\clean\test\cifake_3053 (4)\clean.jpg
cifake_3582 (9),clean,cifake,stable_diffusion,1,0.17022264003753662,data\cache\clean\test\cifake_3582 (9)\clean.jpg
cifake_3608,clean,cifake,stable_diffusion,1,0.372783362865448,data\cache\clean\test\cifake_3608\clean.jpg
cifake_4127 (3),clean,cifake,stable_diffusion,1,0.31478187441825867,data\cache\clean\test\cifake_4127 (3)\clean.jpg
cifake_4221 (2),clean,cifake,stable_diffusion,1,0.3238309621810913,data\cache\clean\test\cifake_4221 (2)\clean.jpg
cifake_4443,clean,cifake,stable_diffusion,1,0.48742127418518066,data\cache\clean\test\cifake_4443\clean.jpg
cifake_4615 (3),clean,cifake,stable_diffusion,1,0.08336502313613892,data\cache\clean\test\cifake_4615 (3)\clean.jpg
cifake_5221 (3),clean,cifake,stable_diffusion,1,0.20277200639247894,data\cache\clean\test\cifake_5221 (3)\clean.jpg
cifake_5511 (9),clean,cifake,stable_diffusion,1,0.4592359662055969,data\cache\clean\test\cifake_5511 (9)\clean.jpg
cifake_5607 (3),clean,cifake,stable_diffusion,1,0.05160224065184593,data\cache\clean\test\cifake_5607 (3)\clean.jpg
cifake_5845 (9),clean,cifake,stable_diffusion,1,0.41830340027809143,data\cache\clean\test\cifake_5845 (9)\clean.jpg
cifake_954 (9),clean,cifake,stable_diffusion,1,0.3033508062362671,data\cache\clean\test\cifake_954 (9)\clean.jpg
dalle_27029,clean,dalle,dalle,1,0.3418603241443634,data\cache\clean\test\dalle_27029\clean.jpg
dalle_33159,clean,dalle,dalle,1,0.008914698846638203,data\cache\clean\test\dalle_33159\clean.jpg
dalle_41791,clean,dalle,dalle,1,0.0023371742572635412,data\cache\clean\test\dalle_41791\clean.jpg
dalle_5781,clean,dalle,dalle,1,0.13138240575790405,data\cache\clean\test\dalle_5781\clean.jpg
dalle_6f0f61883f111368d770c54801f33449,clean,dalle,dalle,1,0.02346707694232464,data\cache\clean\test\dalle_6f0f61883f111368d770c54801f33449\clean.jpg
dalle_8017,clean,dalle,dalle,1,0.19708706438541412,data\cache\clean\test\dalle_8017\clean.jpg
gigagan_01605,clean,gigagan,gigagan,1,0.15373948216438293,data\cache\clean\test\gigagan_01605\clean.jpg
gigagan_05738,clean,gigagan,gigagan,1,0.08909803628921509,data\cache\clean\test\gigagan_05738\clean.jpg
gigagan_07350,clean,gigagan,gigagan,1,0.11569169908761978,data\cache\clean\test\gigagan_07350\clean.jpg
gigagan_10914,clean,gigagan,gigagan,1,0.044844623655080795,data\cache\clean\test\gigagan_10914\clean.jpg
gigagan_12489,clean,gigagan,gigagan,1,0.49583208560943604,data\cache\clean\test\gigagan_12489\clean.jpg
gigagan_14071,clean,gigagan,gigagan,1,4.732536035589874e-05,data\cache\clean\test\gigagan_14071\clean.jpg
gigagan_15454,clean,gigagan,gigagan,1,0.021396994590759277,data\cache\clean\test\gigagan_15454\clean.jpg
gigagan_15561,clean,gigagan,gigagan,1,0.22148410975933075,data\cache\clean\test\gigagan_15561\clean.jpg
gigagan_17003,clean,gigagan,gigagan,1,0.07387695461511612,data\cache\clean\test\gigagan_17003\clean.jpg
gigagan_20327,clean,gigagan,gigagan,1,0.2384893149137497,data\cache\clean\test\gigagan_20327\clean.jpg
gigagan_20468,clean,gigagan,gigagan,1,0.035687755793333054,data\cache\clean\test\gigagan_20468\clean.jpg
gigagan_21611,clean,gigagan,gigagan,1,0.2768741250038147,data\cache\clean\test\gigagan_21611\clean.jpg
gigagan_22418,clean,gigagan,gigagan,1,0.1743748039007187,data\cache\clean\test\gigagan_22418\clean.jpg
gigagan_24679,clean,gigagan,gigagan,1,0.37885454297065735,data\cache\clean\test\gigagan_24679\clean.jpg
gigagan_25090,clean,gigagan,gigagan,1,0.0030452338978648186,data\cache\clean\test\gigagan_25090\clean.jpg
imagen3_045e6da6fd7f6fb0,clean,imagen3,imagen3,1,0.005004069302231073,data\cache\clean\test\imagen3_045e6da6fd7f6fb0\clean.jpg
imagen3_04e3097ac2f57647,clean,imagen3,imagen3,1,0.03492408245801926,data\cache\clean\test\imagen3_04e3097ac2f57647\clean.jpg
imagen3_07747d6ffd056bee,clean,imagen3,imagen3,1,0.0009510571253485978,data\cache\clean\test\imagen3_07747d6ffd056bee\clean.jpg
imagen3_13ed1f9391224848,clean,imagen3,imagen3,1,0.0262726042419672,data\cache\clean\test\imagen3_13ed1f9391224848\clean.jpg
imagen3_15906,clean,imagen3,imagen3,1,0.07746875286102295,data\cache\clean\test\imagen3_15906\clean.jpg
imagen3_17643da56f35c6f7,clean,imagen3,imagen3,1,9.894943104882259e-07,data\cache\clean\test\imagen3_17643da56f35c6f7\clean.jpg
imagen3_1fe9a0379cffa709,clean,imagen3,imagen3,1,0.4099913239479065,data\cache\clean\test\imagen3_1fe9a0379cffa709\clean.jpg
imagen3_20942,clean,imagen3,imagen3,1,0.2709158957004547,data\cache\clean\test\imagen3_20942\clean.jpg
imagen3_24e64d19ddde11cb,clean,imagen3,imagen3,1,8.597502443308258e-08,data\cache\clean\test\imagen3_24e64d19ddde11cb\clean.jpg
imagen3_260ae6b06f1f50e2,clean,imagen3,imagen3,1,1.1796569197031204e-06,data\cache\clean\test\imagen3_260ae6b06f1f50e2\clean.jpg
imagen3_2be4510162a8a76e,clean,imagen3,imagen3,1,0.00023367663379758596,data\cache\clean\test\imagen3_2be4510162a8a76e\clean.jpg
imagen3_3403b18fc93acbfc,clean,imagen3,imagen3,1,0.001838641706854105,data\cache\clean\test\imagen3_3403b18fc93acbfc\clean.jpg
imagen3_43058,clean,imagen3,imagen3,1,4.09434369430528e-06,data\cache\clean\test\imagen3_43058\clean.jpg
imagen3_44015,clean,imagen3,imagen3,1,0.002249431563541293,data\cache\clean\test\imagen3_44015\clean.jpg
imagen3_44075,clean,imagen3,imagen3,1,0.0011176526313647628,data\cache\clean\test\imagen3_44075\clean.jpg
imagen3_46922,clean,imagen3,imagen3,1,0.032855261117219925,data\cache\clean\test\imagen3_46922\clean.jpg
imagen3_473ffc5e3d5dc373,clean,imagen3,imagen3,1,0.03026905097067356,data\cache\clean\test\imagen3_473ffc5e3d5dc373\clean.jpg
imagen3_51659,clean,imagen3,imagen3,1,0.04065585136413574,data\cache\clean\test\imagen3_51659\clean.jpg
imagen3_519f5c348fe55fcd,clean,imagen3,imagen3,1,0.000288489245576784,data\cache\clean\test\imagen3_519f5c348fe55fcd\clean.jpg
imagen3_52520,clean,imagen3,imagen3,1,0.045546166598796844,data\cache\clean\test\imagen3_52520\clean.jpg
imagen3_560ead164dab63a5,clean,imagen3,imagen3,1,0.4929652214050293,data\cache\clean\test\imagen3_560ead164dab63a5\clean.jpg
imagen3_5e95809bd47d157b,clean,imagen3,imagen3,1,0.026129309087991714,data\cache\clean\test\imagen3_5e95809bd47d157b\clean.jpg
imagen3_69467160e53f71bc,clean,imagen3,imagen3,1,0.009841447696089745,data\cache\clean\test\imagen3_69467160e53f71bc\clean.jpg
imagen3_6a8270ea182a9194,clean,imagen3,imagen3,1,0.0012502797180786729,data\cache\clean\test\imagen3_6a8270ea182a9194\clean.jpg
imagen3_6c7624322b04ce43,clean,imagen3,imagen3,1,1.0767877967055028e-07,data\cache\clean\test\imagen3_6c7624322b04ce43\clean.jpg
imagen3_77fb2d4f372634f8,clean,imagen3,imagen3,1,0.00043293717317283154,data\cache\clean\test\imagen3_77fb2d4f372634f8\clean.jpg
imagen3_7e3e1e738f642f1a,clean,imagen3,imagen3,1,0.45807018876075745,data\cache\clean\test\imagen3_7e3e1e738f642f1a\clean.jpg
imagen3_7ee1485909c59826,clean,imagen3,imagen3,1,0.1632709950208664,data\cache\clean\test\imagen3_7ee1485909c59826\clean.jpg
imagen3_8b13dc3bff918841,clean,imagen3,imagen3,1,0.0010221719276160002,data\cache\clean\test\imagen3_8b13dc3bff918841\clean.jpg
imagen3_8c20e4bf83ffff36,clean,imagen3,imagen3,1,0.01236822921782732,data\cache\clean\test\imagen3_8c20e4bf83ffff36\clean.jpg
imagen3_8e6f8acd28fd8f35,clean,imagen3,imagen3,1,0.058681562542915344,data\cache\clean\test\imagen3_8e6f8acd28fd8f35\clean.jpg
imagen3_9e82651e214a25c8,clean,imagen3,imagen3,1,0.02194458432495594,data\cache\clean\test\imagen3_9e82651e214a25c8\clean.jpg
imagen3_a1b5be9a5f0d1f7a,clean,imagen3,imagen3,1,0.01818203367292881,data\cache\clean\test\imagen3_a1b5be9a5f0d1f7a\clean.jpg
imagen3_aa13646e437b7afa,clean,imagen3,imagen3,1,0.002693782327696681,data\cache\clean\test\imagen3_aa13646e437b7afa\clean.jpg
imagen3_ad860df8c2a1a848,clean,imagen3,imagen3,1,0.0003442313754931092,data\cache\clean\test\imagen3_ad860df8c2a1a848\clean.jpg
imagen3_b69c9976ced306d1,clean,imagen3,imagen3,1,0.06185359135270119,data\cache\clean\test\imagen3_b69c9976ced306d1\clean.jpg
imagen3_ca44bb7db1e73a9a,clean,imagen3,imagen3,1,0.00739262206479907,data\cache\clean\test\imagen3_ca44bb7db1e73a9a\clean.jpg
imagen3_d326e7c87fb1d966,clean,imagen3,imagen3,1,0.242631733417511,data\cache\clean\test\imagen3_d326e7c87fb1d966\clean.jpg
imagen3_e63f3b6f8bdee43a,clean,imagen3,imagen3,1,3.4100980883522425e-06,data\cache\clean\test\imagen3_e63f3b6f8bdee43a\clean.jpg
imagen3_eaf94916ce926270,clean,imagen3,imagen3,1,0.09886646270751953,data\cache\clean\test\imagen3_eaf94916ce926270\clean.jpg
imagen3_f2da05bffbe27dab,clean,imagen3,imagen3,1,0.4443119466304779,data\cache\clean\test\imagen3_f2da05bffbe27dab\clean.jpg
imagen3_f69a20bda8f47fea,clean,imagen3,imagen3,1,0.3470138609409332,data\cache\clean\test\imagen3_f69a20bda8f47fea\clean.jpg
imagen3_fa8535259782583b,clean,imagen3,imagen3,1,0.17906631529331207,data\cache\clean\test\imagen3_fa8535259782583b\clean.jpg
imagen3_fe7048efd51b15b8,clean,imagen3,imagen3,1,0.0005868912558071315,data\cache\clean\test\imagen3_fe7048efd51b15b8\clean.jpg
imagen3_Imagen3_3556,clean,imagen3,imagen3,1,0.3680284023284912,data\cache\clean\test\imagen3_Imagen3_3556\clean.jpg
sidset_full_synthetic_001692,clean,sidset,full_synthetic,1,0.4298233985900879,data\cache\clean\test\sidset_full_synthetic_001692\clean.jpg
sidset_full_synthetic_046026,clean,sidset,full_synthetic,1,0.1427825689315796,data\cache\clean\test\sidset_full_synthetic_046026\clean.jpg
sidset_full_synthetic_048809,clean,sidset,full_synthetic,1,0.09291867166757584,data\cache\clean\test\sidset_full_synthetic_048809\clean.jpg
sidset_full_synthetic_060524,clean,sidset,full_synthetic,1,0.0952012911438942,data\cache\clean\test\sidset_full_synthetic_060524\clean.jpg
sidset_full_synthetic_067084,clean,sidset,full_synthetic,1,0.02889583818614483,data\cache\clean\test\sidset_full_synthetic_067084\clean.jpg
stylegan_xl_0097a2e24789bc7a,clean,stylegan_xl,stylegan_xl,1,0.0676489919424057,data\cache\clean\test\stylegan_xl_0097a2e24789bc7a\clean.jpg
stylegan_xl_00a4591cf03df584,clean,stylegan_xl,stylegan_xl,1,3.621733313252662e-08,data\cache\clean\test\stylegan_xl_00a4591cf03df584\clean.jpg
stylegan_xl_031391f1ab18ab62,clean,stylegan_xl,stylegan_xl,1,0.023232124745845795,data\cache\clean\test\stylegan_xl_031391f1ab18ab62\clean.jpg
stylegan_xl_0a4244f8a9185bad,clean,stylegan_xl,stylegan_xl,1,0.05615800619125366,data\cache\clean\test\stylegan_xl_0a4244f8a9185bad\clean.jpg
stylegan_xl_0f7efa4c31bcd8f4,clean,stylegan_xl,stylegan_xl,1,2.9968014132464305e-05,data\cache\clean\test\stylegan_xl_0f7efa4c31bcd8f4\clean.jpg
stylegan_xl_1060d58257bc5130,clean,stylegan_xl,stylegan_xl,1,0.0001646418240852654,data\cache\clean\test\stylegan_xl_1060d58257bc5130\clean.jpg
stylegan_xl_1440252ff76f525f,clean,stylegan_xl,stylegan_xl,1,0.01775185763835907,data\cache\clean\test\stylegan_xl_1440252ff76f525f\clean.jpg
stylegan_xl_17f8bf0ef8d2f478,clean,stylegan_xl,stylegan_xl,1,0.008683895692229271,data\cache\clean\test\stylegan_xl_17f8bf0ef8d2f478\clean.jpg
stylegan_xl_2013fe0d44f84041,clean,stylegan_xl,stylegan_xl,1,0.004727184306830168,data\cache\clean\test\stylegan_xl_2013fe0d44f84041\clean.jpg
stylegan_xl_3621cf0be1fc8d68,clean,stylegan_xl,stylegan_xl,1,0.1529545933008194,data\cache\clean\test\stylegan_xl_3621cf0be1fc8d68\clean.jpg
stylegan_xl_3b5e18f8fc06450d,clean,stylegan_xl,stylegan_xl,1,0.002750652376562357,data\cache\clean\test\stylegan_xl_3b5e18f8fc06450d\clean.jpg
stylegan_xl_43847,clean,stylegan_xl,stylegan_xl,1,0.021269574761390686,data\cache\clean\test\stylegan_xl_43847\clean.jpg
stylegan_xl_44451,clean,stylegan_xl,stylegan_xl,1,0.00033662081114016473,data\cache\clean\test\stylegan_xl_44451\clean.jpg
stylegan_xl_45602,clean,stylegan_xl,stylegan_xl,1,0.013363400474190712,data\cache\clean\test\stylegan_xl_45602\clean.jpg
stylegan_xl_48611,clean,stylegan_xl,stylegan_xl,1,0.03981008753180504,data\cache\clean\test\stylegan_xl_48611\clean.jpg
stylegan_xl_48927,clean,stylegan_xl,stylegan_xl,1,0.07082071900367737,data\cache\clean\test\stylegan_xl_48927\clean.jpg
stylegan_xl_49539,clean,stylegan_xl,stylegan_xl,1,0.08002548664808273,data\cache\clean\test\stylegan_xl_49539\clean.jpg
stylegan_xl_4f991f9638e28675,clean,stylegan_xl,stylegan_xl,1,0.00047420404735021293,data\cache\clean\test\stylegan_xl_4f991f9638e28675\clean.jpg
stylegan_xl_60ed9d3511d333bf,clean,stylegan_xl,stylegan_xl,1,0.12238609045743942,data\cache\clean\test\stylegan_xl_60ed9d3511d333bf\clean.jpg
stylegan_xl_65bb283a1280639e,clean,stylegan_xl,stylegan_xl,1,0.3267754316329956,data\cache\clean\test\stylegan_xl_65bb283a1280639e\clean.jpg
stylegan_xl_729fee52c5b7f95b,clean,stylegan_xl,stylegan_xl,1,0.1801181584596634,data\cache\clean\test\stylegan_xl_729fee52c5b7f95b\clean.jpg
stylegan_xl_7d433e90bcd7bd53,clean,stylegan_xl,stylegan_xl,1,0.0005280707846395671,data\cache\clean\test\stylegan_xl_7d433e90bcd7bd53\clean.jpg
stylegan_xl_7ffebe6032f8209f,clean,stylegan_xl,stylegan_xl,1,0.0062932115979492664,data\cache\clean\test\stylegan_xl_7ffebe6032f8209f\clean.jpg
stylegan_xl_80fc8be6e7c11eb3,clean,stylegan_xl,stylegan_xl,1,7.491491851396859e-05,data\cache\clean\test\stylegan_xl_80fc8be6e7c11eb3\clean.jpg
stylegan_xl_8461b1ae87c22c20,clean,stylegan_xl,stylegan_xl,1,0.4641945958137512,data\cache\clean\test\stylegan_xl_8461b1ae87c22c20\clean.jpg
stylegan_xl_8f9dfd75dde8914f,clean,stylegan_xl,stylegan_xl,1,4.347348294686526e-05,data\cache\clean\test\stylegan_xl_8f9dfd75dde8914f\clean.jpg
stylegan_xl_a10d4a733f4df420,clean,stylegan_xl,stylegan_xl,1,0.30316680669784546,data\cache\clean\test\stylegan_xl_a10d4a733f4df420\clean.jpg
stylegan_xl_a1ed16fffc5ecb68,clean,stylegan_xl,stylegan_xl,1,0.002537679625675082,data\cache\clean\test\stylegan_xl_a1ed16fffc5ecb68\clean.jpg
stylegan_xl_a72f3ace10a8f550,clean,stylegan_xl,stylegan_xl,1,3.302229742985219e-05,data\cache\clean\test\stylegan_xl_a72f3ace10a8f550\clean.jpg
stylegan_xl_c9421141bcf3a15a,clean,stylegan_xl,stylegan_xl,1,0.2847966253757477,data\cache\clean\test\stylegan_xl_c9421141bcf3a15a\clean.jpg
stylegan_xl_cccbc1d57a7e095e,clean,stylegan_xl,stylegan_xl,1,0.31338566541671753,data\cache\clean\test\stylegan_xl_cccbc1d57a7e095e\clean.jpg
stylegan_xl_cf9c332a1ebfb587,clean,stylegan_xl,stylegan_xl,1,0.3467180132865906,data\cache\clean\test\stylegan_xl_cf9c332a1ebfb587\clean.jpg
stylegan_xl_d686a15f05d09472,clean,stylegan_xl,stylegan_xl,1,0.27080217003822327,data\cache\clean\test\stylegan_xl_d686a15f05d09472\clean.jpg
stylegan_xl_d7c4ece8c8a01de0,clean,stylegan_xl,stylegan_xl,1,0.16009962558746338,data\cache\clean\test\stylegan_xl_d7c4ece8c8a01de0\clean.jpg
stylegan_xl_e4b8e7ef72cabaf2,clean,stylegan_xl,stylegan_xl,1,8.027596777537838e-06,data\cache\clean\test\stylegan_xl_e4b8e7ef72cabaf2\clean.jpg
stylegan_xl_f2ea3473d8b1a62f,clean,stylegan_xl,stylegan_xl,1,0.012604079209268093,data\cache\clean\test\stylegan_xl_f2ea3473d8b1a62f\clean.jpg
stylegan_xl_fef6a66b8deaa7ab,clean,stylegan_xl,stylegan_xl,1,2.2673854971344554e-07,data\cache\clean\test\stylegan_xl_fef6a66b8deaa7ab\clean.jpg
cifake_1028 (10),blur_s0.5,cifake,stable_diffusion,1,0.23650561273097992,data\cache\clean\test\cifake_1028 (10)\blur_s0.5.jpg
cifake_2286 (2),blur_s0.5,cifake,stable_diffusion,1,0.08043349534273148,data\cache\clean\test\cifake_2286 (2)\blur_s0.5.jpg
cifake_2703 (7),blur_s0.5,cifake,stable_diffusion,1,0.3373737037181854,data\cache\clean\test\cifake_2703 (7)\blur_s0.5.jpg
cifake_3053 (4),blur_s0.5,cifake,stable_diffusion,1,0.2026837021112442,data\cache\clean\test\cifake_3053 (4)\blur_s0.5.jpg
cifake_3582 (9),blur_s0.5,cifake,stable_diffusion,1,0.16912037134170532,data\cache\clean\test\cifake_3582 (9)\blur_s0.5.jpg
cifake_3608,blur_s0.5,cifake,stable_diffusion,1,0.37268781661987305,data\cache\clean\test\cifake_3608\blur_s0.5.jpg
cifake_4127 (3),blur_s0.5,cifake,stable_diffusion,1,0.3155660927295685,data\cache\clean\test\cifake_4127 (3)\blur_s0.5.jpg
cifake_4221 (2),blur_s0.5,cifake,stable_diffusion,1,0.32649779319763184,data\cache\clean\test\cifake_4221 (2)\blur_s0.5.jpg
cifake_4443,blur_s0.5,cifake,stable_diffusion,1,0.49315714836120605,data\cache\clean\test\cifake_4443\blur_s0.5.jpg
cifake_4615 (3),blur_s0.5,cifake,stable_diffusion,1,0.08360911905765533,data\cache\clean\test\cifake_4615 (3)\blur_s0.5.jpg
cifake_5221 (3),blur_s0.5,cifake,stable_diffusion,1,0.2011469304561615,data\cache\clean\test\cifake_5221 (3)\blur_s0.5.jpg
cifake_5511 (9),blur_s0.5,cifake,stable_diffusion,1,0.4629116952419281,data\cache\clean\test\cifake_5511 (9)\blur_s0.5.jpg
cifake_5607 (3),blur_s0.5,cifake,stable_diffusion,1,0.04963355138897896,data\cache\clean\test\cifake_5607 (3)\blur_s0.5.jpg
cifake_5845 (9),blur_s0.5,cifake,stable_diffusion,1,0.4226378798484802,data\cache\clean\test\cifake_5845 (9)\blur_s0.5.jpg
cifake_954 (9),blur_s0.5,cifake,stable_diffusion,1,0.3053411543369293,data\cache\clean\test\cifake_954 (9)\blur_s0.5.jpg
dalle_1895b86b74caac5dad51022c3d3b33df,blur_s0.5,dalle,dalle,1,0.3934039771556854,data\cache\clean\test\dalle_1895b86b74caac5dad51022c3d3b33df\blur_s0.5.jpg
dalle_27029,blur_s0.5,dalle,dalle,1,0.3616560995578766,data\cache\clean\test\dalle_27029\blur_s0.5.jpg
dalle_28,blur_s0.5,dalle,dalle,1,0.44154974818229675,data\cache\clean\test\dalle_28\blur_s0.5.jpg
dalle_33159,blur_s0.5,dalle,dalle,1,0.010126644745469093,data\cache\clean\test\dalle_33159\blur_s0.5.jpg
dalle_41791,blur_s0.5,dalle,dalle,1,0.0021312260068953037,data\cache\clean\test\dalle_41791\blur_s0.5.jpg
dalle_5781,blur_s0.5,dalle,dalle,1,0.2154664248228073,data\cache\clean\test\dalle_5781\blur_s0.5.jpg
dalle_6f0f61883f111368d770c54801f33449,blur_s0.5,dalle,dalle,1,0.019819237291812897,data\cache\clean\test\dalle_6f0f61883f111368d770c54801f33449\blur_s0.5.jpg
dalle_8017,blur_s0.5,dalle,dalle,1,0.13591179251670837,data\cache\clean\test\dalle_8017\blur_s0.5.jpg
gigagan_01605,blur_s0.5,gigagan,gigagan,1,0.17628109455108643,data\cache\clean\test\gigagan_01605\blur_s0.5.jpg
gigagan_05738,blur_s0.5,gigagan,gigagan,1,0.0909414067864418,data\cache\clean\test\gigagan_05738\blur_s0.5.jpg
gigagan_07350,blur_s0.5,gigagan,gigagan,1,0.0831092968583107,data\cache\clean\test\gigagan_07350\blur_s0.5.jpg
gigagan_10914,blur_s0.5,gigagan,gigagan,1,0.029734598472714424,data\cache\clean\test\gigagan_10914\blur_s0.5.jpg
gigagan_14071,blur_s0.5,gigagan,gigagan,1,6.036779814166948e-05,data\cache\clean\test\gigagan_14071\blur_s0.5.jpg
gigagan_15454,blur_s0.5,gigagan,gigagan,1,0.003983811940997839,data\cache\clean\test\gigagan_15454\blur_s0.5.jpg
gigagan_15561,blur_s0.5,gigagan,gigagan,1,0.19150830805301666,data\cache\clean\test\gigagan_15561\blur_s0.5.jpg
gigagan_16859,blur_s0.5,gigagan,gigagan,1,0.4425733685493469,data\cache\clean\test\gigagan_16859\blur_s0.5.jpg
gigagan_17003,blur_s0.5,gigagan,gigagan,1,0.06332271546125412,data\cache\clean\test\gigagan_17003\blur_s0.5.jpg
gigagan_20327,blur_s0.5,gigagan,gigagan,1,0.30608463287353516,data\cache\clean\test\gigagan_20327\blur_s0.5.jpg
gigagan_20468,blur_s0.5,gigagan,gigagan,1,0.0535469725728035,data\cache\clean\test\gigagan_20468\blur_s0.5.jpg
gigagan_21611,blur_s0.5,gigagan,gigagan,1,0.2601240575313568,data\cache\clean\test\gigagan_21611\blur_s0.5.jpg
gigagan_22418,blur_s0.5,gigagan,gigagan,1,0.16981448233127594,data\cache\clean\test\gigagan_22418\blur_s0.5.jpg
gigagan_24679,blur_s0.5,gigagan,gigagan,1,0.24267438054084778,data\cache\clean\test\gigagan_24679\blur_s0.5.jpg
gigagan_25090,blur_s0.5,gigagan,gigagan,1,0.0026157929096370935,data\cache\clean\test\gigagan_25090\blur_s0.5.jpg
imagen3_045e6da6fd7f6fb0,blur_s0.5,imagen3,imagen3,1,0.009503992274403572,data\cache\clean\test\imagen3_045e6da6fd7f6fb0\blur_s0.5.jpg
imagen3_04e3097ac2f57647,blur_s0.5,imagen3,imagen3,1,0.037810616195201874,data\cache\clean\test\imagen3_04e3097ac2f57647\blur_s0.5.jpg
imagen3_07747d6ffd056bee,blur_s0.5,imagen3,imagen3,1,0.0008264902862720191,data\cache\clean\test\imagen3_07747d6ffd056bee\blur_s0.5.jpg
imagen3_13ed1f9391224848,blur_s0.5,imagen3,imagen3,1,0.02713872864842415,data\cache\clean\test\imagen3_13ed1f9391224848\blur_s0.5.jpg
imagen3_15906,blur_s0.5,imagen3,imagen3,1,0.0814930647611618,data\cache\clean\test\imagen3_15906\blur_s0.5.jpg
imagen3_17643da56f35c6f7,blur_s0.5,imagen3,imagen3,1,1.4020891967447824e-06,data\cache\clean\test\imagen3_17643da56f35c6f7\blur_s0.5.jpg
imagen3_1fe9a0379cffa709,blur_s0.5,imagen3,imagen3,1,0.35534152388572693,data\cache\clean\test\imagen3_1fe9a0379cffa709\blur_s0.5.jpg
imagen3_20942,blur_s0.5,imagen3,imagen3,1,0.16415059566497803,data\cache\clean\test\imagen3_20942\blur_s0.5.jpg
imagen3_24e64d19ddde11cb,blur_s0.5,imagen3,imagen3,1,1.3851212088411557e-07,data\cache\clean\test\imagen3_24e64d19ddde11cb\blur_s0.5.jpg
imagen3_260ae6b06f1f50e2,blur_s0.5,imagen3,imagen3,1,1.1140397191411466e-06,data\cache\clean\test\imagen3_260ae6b06f1f50e2\blur_s0.5.jpg
imagen3_2be4510162a8a76e,blur_s0.5,imagen3,imagen3,1,0.00022762903245165944,data\cache\clean\test\imagen3_2be4510162a8a76e\blur_s0.5.jpg
imagen3_3403b18fc93acbfc,blur_s0.5,imagen3,imagen3,1,0.0015518722357228398,data\cache\clean\test\imagen3_3403b18fc93acbfc\blur_s0.5.jpg
imagen3_43058,blur_s0.5,imagen3,imagen3,1,2.453626166243339e-06,data\cache\clean\test\imagen3_43058\blur_s0.5.jpg
imagen3_43180,blur_s0.5,imagen3,imagen3,1,0.4571017026901245,data\cache\clean\test\imagen3_43180\blur_s0.5.jpg
imagen3_44015,blur_s0.5,imagen3,imagen3,1,0.0021882576402276754,data\cache\clean\test\imagen3_44015\blur_s0.5.jpg
imagen3_44075,blur_s0.5,imagen3,imagen3,1,0.0005937492242082953,data\cache\clean\test\imagen3_44075\blur_s0.5.jpg
imagen3_46922,blur_s0.5,imagen3,imagen3,1,0.02892792969942093,data\cache\clean\test\imagen3_46922\blur_s0.5.jpg
imagen3_473ffc5e3d5dc373,blur_s0.5,imagen3,imagen3,1,0.032844338566064835,data\cache\clean\test\imagen3_473ffc5e3d5dc373\blur_s0.5.jpg
imagen3_51659,blur_s0.5,imagen3,imagen3,1,0.03823917731642723,data\cache\clean\test\imagen3_51659\blur_s0.5.jpg
imagen3_519f5c348fe55fcd,blur_s0.5,imagen3,imagen3,1,0.00026799182523973286,data\cache\clean\test\imagen3_519f5c348fe55fcd\blur_s0.5.jpg
imagen3_52520,blur_s0.5,imagen3,imagen3,1,0.042489297688007355,data\cache\clean\test\imagen3_52520\blur_s0.5.jpg
imagen3_560ead164dab63a5,blur_s0.5,imagen3,imagen3,1,0.46940767765045166,data\cache\clean\test\imagen3_560ead164dab63a5\blur_s0.5.jpg
imagen3_5e95809bd47d157b,blur_s0.5,imagen3,imagen3,1,0.029642028734087944,data\cache\clean\test\imagen3_5e95809bd47d157b\blur_s0.5.jpg
imagen3_69467160e53f71bc,blur_s0.5,imagen3,imagen3,1,0.010601653717458248,data\cache\clean\test\imagen3_69467160e53f71bc\blur_s0.5.jpg
imagen3_6a8270ea182a9194,blur_s0.5,imagen3,imagen3,1,0.0017128916224464774,data\cache\clean\test\imagen3_6a8270ea182a9194\blur_s0.5.jpg
imagen3_6c7624322b04ce43,blur_s0.5,imagen3,imagen3,1,2.0401576250606013e-07,data\cache\clean\test\imagen3_6c7624322b04ce43\blur_s0.5.jpg
imagen3_77fb2d4f372634f8,blur_s0.5,imagen3,imagen3,1,0.00040963501669466496,data\cache\clean\test\imagen3_77fb2d4f372634f8\blur_s0.5.jpg
imagen3_7ee1485909c59826,blur_s0.5,imagen3,imagen3,1,0.12233219295740128,data\cache\clean\test\imagen3_7ee1485909c59826\blur_s0.5.jpg
imagen3_8b13dc3bff918841,blur_s0.5,imagen3,imagen3,1,0.0006108623929321766,data\cache\clean\test\imagen3_8b13dc3bff918841\blur_s0.5.jpg
imagen3_8c20e4bf83ffff36,blur_s0.5,imagen3,imagen3,1,0.02419365383684635,data\cache\clean\test\imagen3_8c20e4bf83ffff36\blur_s0.5.jpg
imagen3_8e6f8acd28fd8f35,blur_s0.5,imagen3,imagen3,1,0.08636975288391113,data\cache\clean\test\imagen3_8e6f8acd28fd8f35\blur_s0.5.jpg
imagen3_9e82651e214a25c8,blur_s0.5,imagen3,imagen3,1,0.0072020068764686584,data\cache\clean\test\imagen3_9e82651e214a25c8\blur_s0.5.jpg
imagen3_a1b5be9a5f0d1f7a,blur_s0.5,imagen3,imagen3,1,0.016102103516459465,data\cache\clean\test\imagen3_a1b5be9a5f0d1f7a\blur_s0.5.jpg
imagen3_aa13646e437b7afa,blur_s0.5,imagen3,imagen3,1,0.002090247580781579,data\cache\clean\test\imagen3_aa13646e437b7afa\blur_s0.5.jpg
imagen3_ad860df8c2a1a848,blur_s0.5,imagen3,imagen3,1,0.0002590544754639268,data\cache\clean\test\imagen3_ad860df8c2a1a848\blur_s0.5.jpg
imagen3_b69c9976ced306d1,blur_s0.5,imagen3,imagen3,1,0.057503316551446915,data\cache\clean\test\imagen3_b69c9976ced306d1\blur_s0.5.jpg
imagen3_ca44bb7db1e73a9a,blur_s0.5,imagen3,imagen3,1,0.005955974105745554,data\cache\clean\test\imagen3_ca44bb7db1e73a9a\blur_s0.5.jpg
imagen3_d326e7c87fb1d966,blur_s0.5,imagen3,imagen3,1,0.23834776878356934,data\cache\clean\test\imagen3_d326e7c87fb1d966\blur_s0.5.jpg
imagen3_e63f3b6f8bdee43a,blur_s0.5,imagen3,imagen3,1,5.1250021897431e-06,data\cache\clean\test\imagen3_e63f3b6f8bdee43a\blur_s0.5.jpg
imagen3_eaf94916ce926270,blur_s0.5,imagen3,imagen3,1,0.11432303488254547,data\cache\clean\test\imagen3_eaf94916ce926270\blur_s0.5.jpg
imagen3_f2da05bffbe27dab,blur_s0.5,imagen3,imagen3,1,0.43132248520851135,data\cache\clean\test\imagen3_f2da05bffbe27dab\blur_s0.5.jpg
imagen3_f69a20bda8f47fea,blur_s0.5,imagen3,imagen3,1,0.3376627564430237,data\cache\clean\test\imagen3_f69a20bda8f47fea\blur_s0.5.jpg
imagen3_fa8535259782583b,blur_s0.5,imagen3,imagen3,1,0.12188617140054703,data\cache\clean\test\imagen3_fa8535259782583b\blur_s0.5.jpg
imagen3_fe7048efd51b15b8,blur_s0.5,imagen3,imagen3,1,0.0008489940082654357,data\cache\clean\test\imagen3_fe7048efd51b15b8\blur_s0.5.jpg
imagen3_Imagen3_3556,blur_s0.5,imagen3,imagen3,1,0.18123221397399902,data\cache\clean\test\imagen3_Imagen3_3556\blur_s0.5.jpg
sidset_full_synthetic_001692,blur_s0.5,sidset,full_synthetic,1,0.36295589804649353,data\cache\clean\test\sidset_full_synthetic_001692\blur_s0.5.jpg
sidset_full_synthetic_046026,blur_s0.5,sidset,full_synthetic,1,0.09821605682373047,data\cache\clean\test\sidset_full_synthetic_046026\blur_s0.5.jpg
sidset_full_synthetic_048809,blur_s0.5,sidset,full_synthetic,1,0.026723528280854225,data\cache\clean\test\sidset_full_synthetic_048809\blur_s0.5.jpg
sidset_full_synthetic_060524,blur_s0.5,sidset,full_synthetic,1,0.037027064710855484,data\cache\clean\test\sidset_full_synthetic_060524\blur_s0.5.jpg
sidset_full_synthetic_062086,blur_s0.5,sidset,full_synthetic,1,0.3291344940662384,data\cache\clean\test\sidset_full_synthetic_062086\blur_s0.5.jpg
sidset_full_synthetic_067084,blur_s0.5,sidset,full_synthetic,1,0.10981755703687668,data\cache\clean\test\sidset_full_synthetic_067084\blur_s0.5.jpg
stylegan_xl_0097a2e24789bc7a,blur_s0.5,stylegan_xl,stylegan_xl,1,0.12635073065757751,data\cache\clean\test\stylegan_xl_0097a2e24789bc7a\blur_s0.5.jpg
stylegan_xl_00a4591cf03df584,blur_s0.5,stylegan_xl,stylegan_xl,1,4.2248935017141775e-08,data\cache\clean\test\stylegan_xl_00a4591cf03df584\blur_s0.5.jpg
stylegan_xl_031391f1ab18ab62,blur_s0.5,stylegan_xl,stylegan_xl,1,0.02212117239832878,data\cache\clean\test\stylegan_xl_031391f1ab18ab62\blur_s0.5.jpg
stylegan_xl_0a4244f8a9185bad,blur_s0.5,stylegan_xl,stylegan_xl,1,0.0609099417924881,data\cache\clean\test\stylegan_xl_0a4244f8a9185bad\blur_s0.5.jpg
stylegan_xl_0f7efa4c31bcd8f4,blur_s0.5,stylegan_xl,stylegan_xl,1,4.235637607052922e-05,data\cache\clean\test\stylegan_xl_0f7efa4c31bcd8f4\blur_s0.5.jpg
stylegan_xl_1060d58257bc5130,blur_s0.5,stylegan_xl,stylegan_xl,1,0.00025788493803702295,data\cache\clean\test\stylegan_xl_1060d58257bc5130\blur_s0.5.jpg
stylegan_xl_1440252ff76f525f,blur_s0.5,stylegan_xl,stylegan_xl,1,0.015007717534899712,data\cache\clean\test\stylegan_xl_1440252ff76f525f\blur_s0.5.jpg
stylegan_xl_17f8bf0ef8d2f478,blur_s0.5,stylegan_xl,stylegan_xl,1,0.009817272424697876,data\cache\clean\test\stylegan_xl_17f8bf0ef8d2f478\blur_s0.5.jpg
stylegan_xl_2013fe0d44f84041,blur_s0.5,stylegan_xl,stylegan_xl,1,0.005304271820932627,data\cache\clean\test\stylegan_xl_2013fe0d44f84041\blur_s0.5.jpg
stylegan_xl_3621cf0be1fc8d68,blur_s0.5,stylegan_xl,stylegan_xl,1,0.17511406540870667,data\cache\clean\test\stylegan_xl_3621cf0be1fc8d68\blur_s0.5.jpg
stylegan_xl_3b5e18f8fc06450d,blur_s0.5,stylegan_xl,stylegan_xl,1,0.004688019398599863,data\cache\clean\test\stylegan_xl_3b5e18f8fc06450d\blur_s0.5.jpg
stylegan_xl_43847,blur_s0.5,stylegan_xl,stylegan_xl,1,0.02504006028175354,data\cache\clean\test\stylegan_xl_43847\blur_s0.5.jpg
stylegan_xl_44451,blur_s0.5,stylegan_xl,stylegan_xl,1,0.00027925590984523296,data\cache\clean\test\stylegan_xl_44451\blur_s0.5.jpg
stylegan_xl_45602,blur_s0.5,stylegan_xl,stylegan_xl,1,0.013409309089183807,data\cache\clean\test\stylegan_xl_45602\blur_s0.5.jpg
stylegan_xl_48611,blur_s0.5,stylegan_xl,stylegan_xl,1,0.05632021278142929,data\cache\clean\test\stylegan_xl_48611\blur_s0.5.jpg
stylegan_xl_48927,blur_s0.5,stylegan_xl,stylegan_xl,1,0.08199688792228699,data\cache\clean\test\stylegan_xl_48927\blur_s0.5.jpg
stylegan_xl_49539,blur_s0.5,stylegan_xl,stylegan_xl,1,0.08638767898082733,data\cache\clean\test\stylegan_xl_49539\blur_s0.5.jpg
stylegan_xl_4f991f9638e28675,blur_s0.5,stylegan_xl,stylegan_xl,1,0.00048726386739872396,data\cache\clean\test\stylegan_xl_4f991f9638e28675\blur_s0.5.jpg
stylegan_xl_60ed9d3511d333bf,blur_s0.5,stylegan_xl,stylegan_xl,1,0.17017428576946259,data\cache\clean\test\stylegan_xl_60ed9d3511d333bf\blur_s0.5.jpg
stylegan_xl_65bb283a1280639e,blur_s0.5,stylegan_xl,stylegan_xl,1,0.3536556661128998,data\cache\clean\test\stylegan_xl_65bb283a1280639e\blur_s0.5.jpg
stylegan_xl_729fee52c5b7f95b,blur_s0.5,stylegan_xl,stylegan_xl,1,0.14754730463027954,data\cache\clean\test\stylegan_xl_729fee52c5b7f95b\blur_s0.5.jpg
stylegan_xl_7d433e90bcd7bd53,blur_s0.5,stylegan_xl,stylegan_xl,1,0.00042710284469649196,data\cache\clean\test\stylegan_xl_7d433e90bcd7bd53\blur_s0.5.jpg
stylegan_xl_7ffebe6032f8209f,blur_s0.5,stylegan_xl,stylegan_xl,1,0.008328823372721672,data\cache\clean\test\stylegan_xl_7ffebe6032f8209f\blur_s0.5.jpg
stylegan_xl_80fc8be6e7c11eb3,blur_s0.5,stylegan_xl,stylegan_xl,1,8.724870713194832e-05,data\cache\clean\test\stylegan_xl_80fc8be6e7c11eb3\blur_s0.5.jpg
stylegan_xl_8461b1ae87c22c20,blur_s0.5,stylegan_xl,stylegan_xl,1,0.46106746792793274,data\cache\clean\test\stylegan_xl_8461b1ae87c22c20\blur_s0.5.jpg
stylegan_xl_8f9dfd75dde8914f,blur_s0.5,stylegan_xl,stylegan_xl,1,3.976337393396534e-05,data\cache\clean\test\stylegan_xl_8f9dfd75dde8914f\blur_s0.5.jpg
stylegan_xl_a10d4a733f4df420,blur_s0.5,stylegan_xl,stylegan_xl,1,0.19745118916034698,data\cache\clean\test\stylegan_xl_a10d4a733f4df420\blur_s0.5.jpg
stylegan_xl_a1ed16fffc5ecb68,blur_s0.5,stylegan_xl,stylegan_xl,1,0.002367681125178933,data\cache\clean\test\stylegan_xl_a1ed16fffc5ecb68\blur_s0.5.jpg
stylegan_xl_a72f3ace10a8f550,blur_s0.5,stylegan_xl,stylegan_xl,1,3.067456782446243e-05,data\cache\clean\test\stylegan_xl_a72f3ace10a8f550\blur_s0.5.jpg
stylegan_xl_c9421141bcf3a15a,blur_s0.5,stylegan_xl,stylegan_xl,1,0.20615185797214508,data\cache\clean\test\stylegan_xl_c9421141bcf3a15a\blur_s0.5.jpg
stylegan_xl_cccbc1d57a7e095e,blur_s0.5,stylegan_xl,stylegan_xl,1,0.4167175590991974,data\cache\clean\test\stylegan_xl_cccbc1d57a7e095e\blur_s0.5.jpg
stylegan_xl_cf9c332a1ebfb587,blur_s0.5,stylegan_xl,stylegan_xl,1,0.2809043824672699,data\cache\clean\test\stylegan_xl_cf9c332a1ebfb587\blur_s0.5.jpg
stylegan_xl_d686a15f05d09472,blur_s0.5,stylegan_xl,stylegan_xl,1,0.215041384100914,data\cache\clean\test\stylegan_xl_d686a15f05d09472\blur_s0.5.jpg
stylegan_xl_d7c4ece8c8a01de0,blur_s0.5,stylegan_xl,stylegan_xl,1,0.3750531077384949,data\cache\clean\test\stylegan_xl_d7c4ece8c8a01de0\blur_s0.5.jpg
stylegan_xl_e4b8e7ef72cabaf2,blur_s0.5,stylegan_xl,stylegan_xl,1,9.610555025574286e-06,data\cache\clean\test\stylegan_xl_e4b8e7ef72cabaf2\blur_s0.5.jpg
stylegan_xl_f2ea3473d8b1a62f,blur_s0.5,stylegan_xl,stylegan_xl,1,0.012227381579577923,data\cache\clean\test\stylegan_xl_f2ea3473d8b1a62f\blur_s0.5.jpg
stylegan_xl_fef6a66b8deaa7ab,blur_s0.5,stylegan_xl,stylegan_xl,1,2.8838158527833e-07,data\cache\clean\test\stylegan_xl_fef6a66b8deaa7ab\blur_s0.5.jpg
cifake_1028 (10),blur_s1.0,cifake,stable_diffusion,1,0.22483067214488983,data\cache\clean\test\cifake_1028 (10)\blur_s1.0.jpg
cifake_2286 (2),blur_s1.0,cifake,stable_diffusion,1,0.089807890355587,data\cache\clean\test\cifake_2286 (2)\blur_s1.0.jpg
cifake_2703 (7),blur_s1.0,cifake,stable_diffusion,1,0.3482203185558319,data\cache\clean\test\cifake_2703 (7)\blur_s1.0.jpg
cifake_3053 (4),blur_s1.0,cifake,stable_diffusion,1,0.20658619701862335,data\cache\clean\test\cifake_3053 (4)\blur_s1.0.jpg
cifake_3582 (9),blur_s1.0,cifake,stable_diffusion,1,0.17893359065055847,data\cache\clean\test\cifake_3582 (9)\blur_s1.0.jpg
cifake_3608,blur_s1.0,cifake,stable_diffusion,1,0.37924158573150635,data\cache\clean\test\cifake_3608\blur_s1.0.jpg
cifake_4127 (3),blur_s1.0,cifake,stable_diffusion,1,0.30414023995399475,data\cache\clean\test\cifake_4127 (3)\blur_s1.0.jpg
cifake_4221 (2),blur_s1.0,cifake,stable_diffusion,1,0.35801300406455994,data\cache\clean\test\cifake_4221 (2)\blur_s1.0.jpg
cifake_4443,blur_s1.0,cifake,stable_diffusion,1,0.48667484521865845,data\cache\clean\test\cifake_4443\blur_s1.0.jpg
cifake_4615 (3),blur_s1.0,cifake,stable_diffusion,1,0.08161511272192001,data\cache\clean\test\cifake_4615 (3)\blur_s1.0.jpg
cifake_5221 (3),blur_s1.0,cifake,stable_diffusion,1,0.19966347515583038,data\cache\clean\test\cifake_5221 (3)\blur_s1.0.jpg
cifake_5511 (9),blur_s1.0,cifake,stable_diffusion,1,0.45752832293510437,data\cache\clean\test\cifake_5511 (9)\blur_s1.0.jpg
cifake_5607 (3),blur_s1.0,cifake,stable_diffusion,1,0.05217725411057472,data\cache\clean\test\cifake_5607 (3)\blur_s1.0.jpg
cifake_5845 (9),blur_s1.0,cifake,stable_diffusion,1,0.42502561211586,data\cache\clean\test\cifake_5845 (9)\blur_s1.0.jpg
cifake_954 (9),blur_s1.0,cifake,stable_diffusion,1,0.316491037607193,data\cache\clean\test\cifake_954 (9)\blur_s1.0.jpg
dalle_1895b86b74caac5dad51022c3d3b33df,blur_s1.0,dalle,dalle,1,0.42711541056632996,data\cache\clean\test\dalle_1895b86b74caac5dad51022c3d3b33df\blur_s1.0.jpg
dalle_19157,blur_s1.0,dalle,dalle,1,0.4631659984588623,data\cache\clean\test\dalle_19157\blur_s1.0.jpg
dalle_20080,blur_s1.0,dalle,dalle,1,0.22940310835838318,data\cache\clean\test\dalle_20080\blur_s1.0.jpg
dalle_28,blur_s1.0,dalle,dalle,1,0.16049736738204956,data\cache\clean\test\dalle_28\blur_s1.0.jpg
dalle_33159,blur_s1.0,dalle,dalle,1,0.01583774946630001,data\cache\clean\test\dalle_33159\blur_s1.0.jpg
dalle_41791,blur_s1.0,dalle,dalle,1,6.619155465159565e-05,data\cache\clean\test\dalle_41791\blur_s1.0.jpg
dalle_5781,blur_s1.0,dalle,dalle,1,0.11971313506364822,data\cache\clean\test\dalle_5781\blur_s1.0.jpg
dalle_6890,blur_s1.0,dalle,dalle,1,0.3229924738407135,data\cache\clean\test\dalle_6890\blur_s1.0.jpg
dalle_6f0f61883f111368d770c54801f33449,blur_s1.0,dalle,dalle,1,0.045199330896139145,data\cache\clean\test\dalle_6f0f61883f111368d770c54801f33449\blur_s1.0.jpg
dalle_8017,blur_s1.0,dalle,dalle,1,0.04615339636802673,data\cache\clean\test\dalle_8017\blur_s1.0.jpg
dalle_fcb663a4c7f01f5a548e4c1088d00a91,blur_s1.0,dalle,dalle,1,0.244420126080513,data\cache\clean\test\dalle_fcb663a4c7f01f5a548e4c1088d00a91\blur_s1.0.jpg
gigagan_01605,blur_s1.0,gigagan,gigagan,1,0.11738144606351852,data\cache\clean\test\gigagan_01605\blur_s1.0.jpg
gigagan_05738,blur_s1.0,gigagan,gigagan,1,0.08977997303009033,data\cache\clean\test\gigagan_05738\blur_s1.0.jpg
gigagan_07350,blur_s1.0,gigagan,gigagan,1,0.04827841743826866,data\cache\clean\test\gigagan_07350\blur_s1.0.jpg
gigagan_10914,blur_s1.0,gigagan,gigagan,1,0.021528998389840126,data\cache\clean\test\gigagan_10914\blur_s1.0.jpg
gigagan_14071,blur_s1.0,gigagan,gigagan,1,7.380864553852007e-05,data\cache\clean\test\gigagan_14071\blur_s1.0.jpg
gigagan_15454,blur_s1.0,gigagan,gigagan,1,0.0024210703559219837,data\cache\clean\test\gigagan_15454\blur_s1.0.jpg
gigagan_15561,blur_s1.0,gigagan,gigagan,1,0.16348914802074432,data\cache\clean\test\gigagan_15561\blur_s1.0.jpg
gigagan_16859,blur_s1.0,gigagan,gigagan,1,0.33170071244239807,data\cache\clean\test\gigagan_16859\blur_s1.0.jpg
gigagan_17003,blur_s1.0,gigagan,gigagan,1,0.07237035036087036,data\cache\clean\test\gigagan_17003\blur_s1.0.jpg
gigagan_20327,blur_s1.0,gigagan,gigagan,1,0.07234060019254684,data\cache\clean\test\gigagan_20327\blur_s1.0.jpg
gigagan_20468,blur_s1.0,gigagan,gigagan,1,0.014734640717506409,data\cache\clean\test\gigagan_20468\blur_s1.0.jpg
gigagan_21611,blur_s1.0,gigagan,gigagan,1,0.1118667721748352,data\cache\clean\test\gigagan_21611\blur_s1.0.jpg
gigagan_22418,blur_s1.0,gigagan,gigagan,1,0.3259783983230591,data\cache\clean\test\gigagan_22418\blur_s1.0.jpg
gigagan_24679,blur_s1.0,gigagan,gigagan,1,0.30739524960517883,data\cache\clean\test\gigagan_24679\blur_s1.0.jpg
gigagan_25090,blur_s1.0,gigagan,gigagan,1,0.004511443432420492,data\cache\clean\test\gigagan_25090\blur_s1.0.jpg
imagen3_045e6da6fd7f6fb0,blur_s1.0,imagen3,imagen3,1,0.030671129003167152,data\cache\clean\test\imagen3_045e6da6fd7f6fb0\blur_s1.0.jpg
imagen3_04e3097ac2f57647,blur_s1.0,imagen3,imagen3,1,0.012735904194414616,data\cache\clean\test\imagen3_04e3097ac2f57647\blur_s1.0.jpg
imagen3_07747d6ffd056bee,blur_s1.0,imagen3,imagen3,1,0.012472931295633316,data\cache\clean\test\imagen3_07747d6ffd056bee\blur_s1.0.jpg
imagen3_13ed1f9391224848,blur_s1.0,imagen3,imagen3,1,0.03372813016176224,data\cache\clean\test\imagen3_13ed1f9391224848\blur_s1.0.jpg
imagen3_15906,blur_s1.0,imagen3,imagen3,1,0.09406529366970062,data\cache\clean\test\imagen3_15906\blur_s1.0.jpg
imagen3_17643da56f35c6f7,blur_s1.0,imagen3,imagen3,1,1.3754911378782708e-06,data\cache\clean\test\imagen3_17643da56f35c6f7\blur_s1.0.jpg
imagen3_1fe9a0379cffa709,blur_s1.0,imagen3,imagen3,1,0.39456677436828613,data\cache\clean\test\imagen3_1fe9a0379cffa709\blur_s1.0.jpg
imagen3_20942,blur_s1.0,imagen3,imagen3,1,0.09414707124233246,data\cache\clean\test\imagen3_20942\blur_s1.0.jpg
imagen3_24e64d19ddde11cb,blur_s1.0,imagen3,imagen3,1,7.875920005062653e-08,data\cache\clean\test\imagen3_24e64d19ddde11cb\blur_s1.0.jpg
imagen3_260ae6b06f1f50e2,blur_s1.0,imagen3,imagen3,1,3.529112007072399e-07,data\cache\clean\test\imagen3_260ae6b06f1f50e2\blur_s1.0.jpg
imagen3_2be4510162a8a76e,blur_s1.0,imagen3,imagen3,1,0.00011164872557856143,data\cache\clean\test\imagen3_2be4510162a8a76e\blur_s1.0.jpg
imagen3_3403b18fc93acbfc,blur_s1.0,imagen3,imagen3,1,0.0010148454457521439,data\cache\clean\test\imagen3_3403b18fc93acbfc\blur_s1.0.jpg
imagen3_43058,blur_s1.0,imagen3,imagen3,1,2.889604729716666e-06,data\cache\clean\test\imagen3_43058\blur_s1.0.jpg
imagen3_43180,blur_s1.0,imagen3,imagen3,1,0.3488392233848572,data\cache\clean\test\imagen3_43180\blur_s1.0.jpg
imagen3_44015,blur_s1.0,imagen3,imagen3,1,0.0033452382776886225,data\cache\clean\test\imagen3_44015\blur_s1.0.jpg
imagen3_44075,blur_s1.0,imagen3,imagen3,1,0.0002570233482401818,data\cache\clean\test\imagen3_44075\blur_s1.0.jpg
imagen3_46922,blur_s1.0,imagen3,imagen3,1,0.01785987615585327,data\cache\clean\test\imagen3_46922\blur_s1.0.jpg
imagen3_473ffc5e3d5dc373,blur_s1.0,imagen3,imagen3,1,0.03594258800148964,data\cache\clean\test\imagen3_473ffc5e3d5dc373\blur_s1.0.jpg
imagen3_51659,blur_s1.0,imagen3,imagen3,1,0.08627840876579285,data\cache\clean\test\imagen3_51659\blur_s1.0.jpg
imagen3_519f5c348fe55fcd,blur_s1.0,imagen3,imagen3,1,0.00011677705333568156,data\cache\clean\test\imagen3_519f5c348fe55fcd\blur_s1.0.jpg
imagen3_52520,blur_s1.0,imagen3,imagen3,1,0.08341126888990402,data\cache\clean\test\imagen3_52520\blur_s1.0.jpg
imagen3_560ead164dab63a5,blur_s1.0,imagen3,imagen3,1,0.27644646167755127,data\cache\clean\test\imagen3_560ead164dab63a5\blur_s1.0.jpg
imagen3_5e95809bd47d157b,blur_s1.0,imagen3,imagen3,1,0.025595368817448616,data\cache\clean\test\imagen3_5e95809bd47d157b\blur_s1.0.jpg
imagen3_69467160e53f71bc,blur_s1.0,imagen3,imagen3,1,0.013926966115832329,data\cache\clean\test\imagen3_69467160e53f71bc\blur_s1.0.jpg
imagen3_6a8270ea182a9194,blur_s1.0,imagen3,imagen3,1,0.002810246543958783,data\cache\clean\test\imagen3_6a8270ea182a9194\blur_s1.0.jpg
imagen3_6c7624322b04ce43,blur_s1.0,imagen3,imagen3,1,4.548992365016602e-07,data\cache\clean\test\imagen3_6c7624322b04ce43\blur_s1.0.jpg
imagen3_77fb2d4f372634f8,blur_s1.0,imagen3,imagen3,1,0.0006347343442030251,data\cache\clean\test\imagen3_77fb2d4f372634f8\blur_s1.0.jpg
imagen3_7e3e1e738f642f1a,blur_s1.0,imagen3,imagen3,1,0.4919094145298004,data\cache\clean\test\imagen3_7e3e1e738f642f1a\blur_s1.0.jpg
imagen3_7ee1485909c59826,blur_s1.0,imagen3,imagen3,1,0.10108628123998642,data\cache\clean\test\imagen3_7ee1485909c59826\blur_s1.0.jpg
imagen3_8b13dc3bff918841,blur_s1.0,imagen3,imagen3,1,0.00038807219243608415,data\cache\clean\test\imagen3_8b13dc3bff918841\blur_s1.0.jpg
imagen3_8c20e4bf83ffff36,blur_s1.0,imagen3,imagen3,1,0.06085488945245743,data\cache\clean\test\imagen3_8c20e4bf83ffff36\blur_s1.0.jpg
imagen3_8e6f8acd28fd8f35,blur_s1.0,imagen3,imagen3,1,0.11517687141895294,data\cache\clean\test\imagen3_8e6f8acd28fd8f35\blur_s1.0.jpg
imagen3_9e82651e214a25c8,blur_s1.0,imagen3,imagen3,1,0.0146656334400177,data\cache\clean\test\imagen3_9e82651e214a25c8\blur_s1.0.jpg
imagen3_a1b5be9a5f0d1f7a,blur_s1.0,imagen3,imagen3,1,0.019147373735904694,data\cache\clean\test\imagen3_a1b5be9a5f0d1f7a\blur_s1.0.jpg
imagen3_aa13646e437b7afa,blur_s1.0,imagen3,imagen3,1,0.003660547314211726,data\cache\clean\test\imagen3_aa13646e437b7afa\blur_s1.0.jpg
imagen3_ad860df8c2a1a848,blur_s1.0,imagen3,imagen3,1,0.0004215447115711868,data\cache\clean\test\imagen3_ad860df8c2a1a848\blur_s1.0.jpg
imagen3_b69c9976ced306d1,blur_s1.0,imagen3,imagen3,1,0.05705542489886284,data\cache\clean\test\imagen3_b69c9976ced306d1\blur_s1.0.jpg
imagen3_ca44bb7db1e73a9a,blur_s1.0,imagen3,imagen3,1,0.004625272937119007,data\cache\clean\test\imagen3_ca44bb7db1e73a9a\blur_s1.0.jpg
imagen3_d326e7c87fb1d966,blur_s1.0,imagen3,imagen3,1,0.14041373133659363,data\cache\clean\test\imagen3_d326e7c87fb1d966\blur_s1.0.jpg
imagen3_e63f3b6f8bdee43a,blur_s1.0,imagen3,imagen3,1,9.432656042918097e-06,data\cache\clean\test\imagen3_e63f3b6f8bdee43a\blur_s1.0.jpg
imagen3_eaf94916ce926270,blur_s1.0,imagen3,imagen3,1,0.13067924976348877,data\cache\clean\test\imagen3_eaf94916ce926270\blur_s1.0.jpg
imagen3_f69a20bda8f47fea,blur_s1.0,imagen3,imagen3,1,0.1138869971036911,data\cache\clean\test\imagen3_f69a20bda8f47fea\blur_s1.0.jpg
imagen3_fa8535259782583b,blur_s1.0,imagen3,imagen3,1,0.052888624370098114,data\cache\clean\test\imagen3_fa8535259782583b\blur_s1.0.jpg
imagen3_fe7048efd51b15b8,blur_s1.0,imagen3,imagen3,1,0.0007839134195819497,data\cache\clean\test\imagen3_fe7048efd51b15b8\blur_s1.0.jpg
imagen3_Imagen3_3235,blur_s1.0,imagen3,imagen3,1,0.49496474862098694,data\cache\clean\test\imagen3_Imagen3_3235\blur_s1.0.jpg
imagen3_Imagen3_3556,blur_s1.0,imagen3,imagen3,1,0.026268750429153442,data\cache\clean\test\imagen3_Imagen3_3556\blur_s1.0.jpg
sidset_full_synthetic_001692,blur_s1.0,sidset,full_synthetic,1,0.27580779790878296,data\cache\clean\test\sidset_full_synthetic_001692\blur_s1.0.jpg
sidset_full_synthetic_005710,blur_s1.0,sidset,full_synthetic,1,0.37258532643318176,data\cache\clean\test\sidset_full_synthetic_005710\blur_s1.0.jpg
sidset_full_synthetic_017359,blur_s1.0,sidset,full_synthetic,1,0.4442894756793976,data\cache\clean\test\sidset_full_synthetic_017359\blur_s1.0.jpg
sidset_full_synthetic_033528,blur_s1.0,sidset,full_synthetic,1,0.4159030318260193,data\cache\clean\test\sidset_full_synthetic_033528\blur_s1.0.jpg
sidset_full_synthetic_033729,blur_s1.0,sidset,full_synthetic,1,0.366267591714859,data\cache\clean\test\sidset_full_synthetic_033729\blur_s1.0.jpg
sidset_full_synthetic_046026,blur_s1.0,sidset,full_synthetic,1,0.041460104286670685,data\cache\clean\test\sidset_full_synthetic_046026\blur_s1.0.jpg
sidset_full_synthetic_048809,blur_s1.0,sidset,full_synthetic,1,0.009372588247060776,data\cache\clean\test\sidset_full_synthetic_048809\blur_s1.0.jpg
sidset_full_synthetic_060524,blur_s1.0,sidset,full_synthetic,1,0.006503773853182793,data\cache\clean\test\sidset_full_synthetic_060524\blur_s1.0.jpg
sidset_full_synthetic_062086,blur_s1.0,sidset,full_synthetic,1,0.058209776878356934,data\cache\clean\test\sidset_full_synthetic_062086\blur_s1.0.jpg
stylegan_xl_0097a2e24789bc7a,blur_s1.0,stylegan_xl,stylegan_xl,1,0.09106148034334183,data\cache\clean\test\stylegan_xl_0097a2e24789bc7a\blur_s1.0.jpg
stylegan_xl_00a4591cf03df584,blur_s1.0,stylegan_xl,stylegan_xl,1,6.245285533168499e-08,data\cache\clean\test\stylegan_xl_00a4591cf03df584\blur_s1.0.jpg
stylegan_xl_031391f1ab18ab62,blur_s1.0,stylegan_xl,stylegan_xl,1,0.020970290526747704,data\cache\clean\test\stylegan_xl_031391f1ab18ab62\blur_s1.0.jpg
stylegan_xl_0a4244f8a9185bad,blur_s1.0,stylegan_xl,stylegan_xl,1,0.09492535144090652,data\cache\clean\test\stylegan_xl_0a4244f8a9185bad\blur_s1.0.jpg
stylegan_xl_0f7efa4c31bcd8f4,blur_s1.0,stylegan_xl,stylegan_xl,1,0.0001856667222455144,data\cache\clean\test\stylegan_xl_0f7efa4c31bcd8f4\blur_s1.0.jpg
stylegan_xl_1060d58257bc5130,blur_s1.0,stylegan_xl,stylegan_xl,1,0.00020892012980766594,data\cache\clean\test\stylegan_xl_1060d58257bc5130\blur_s1.0.jpg
stylegan_xl_1440252ff76f525f,blur_s1.0,stylegan_xl,stylegan_xl,1,0.020198380574584007,data\cache\clean\test\stylegan_xl_1440252ff76f525f\blur_s1.0.jpg
stylegan_xl_17f8bf0ef8d2f478,blur_s1.0,stylegan_xl,stylegan_xl,1,0.015401800163090229,data\cache\clean\test\stylegan_xl_17f8bf0ef8d2f478\blur_s1.0.jpg
stylegan_xl_2013fe0d44f84041,blur_s1.0,stylegan_xl,stylegan_xl,1,0.004318180028349161,data\cache\clean\test\stylegan_xl_2013fe0d44f84041\blur_s1.0.jpg
stylegan_xl_3621cf0be1fc8d68,blur_s1.0,stylegan_xl,stylegan_xl,1,0.3705231547355652,data\cache\clean\test\stylegan_xl_3621cf0be1fc8d68\blur_s1.0.jpg
stylegan_xl_38c489e3b0d8c700,blur_s1.0,stylegan_xl,stylegan_xl,1,0.4684908986091614,data\cache\clean\test\stylegan_xl_38c489e3b0d8c700\blur_s1.0.jpg
stylegan_xl_3b5e18f8fc06450d,blur_s1.0,stylegan_xl,stylegan_xl,1,0.0015310541493818164,data\cache\clean\test\stylegan_xl_3b5e18f8fc06450d\blur_s1.0.jpg
stylegan_xl_43847,blur_s1.0,stylegan_xl,stylegan_xl,1,0.03996286541223526,data\cache\clean\test\stylegan_xl_43847\blur_s1.0.jpg
stylegan_xl_44451,blur_s1.0,stylegan_xl,stylegan_xl,1,6.452325760619715e-05,data\cache\clean\test\stylegan_xl_44451\blur_s1.0.jpg
stylegan_xl_45602,blur_s1.0,stylegan_xl,stylegan_xl,1,0.018052803352475166,data\cache\clean\test\stylegan_xl_45602\blur_s1.0.jpg
stylegan_xl_48611,blur_s1.0,stylegan_xl,stylegan_xl,1,0.01750267669558525,data\cache\clean\test\stylegan_xl_48611\blur_s1.0.jpg
stylegan_xl_48927,blur_s1.0,stylegan_xl,stylegan_xl,1,0.17123912274837494,data\cache\clean\test\stylegan_xl_48927\blur_s1.0.jpg
stylegan_xl_49539,blur_s1.0,stylegan_xl,stylegan_xl,1,0.039416465908288956,data\cache\clean\test\stylegan_xl_49539\blur_s1.0.jpg
stylegan_xl_4f991f9638e28675,blur_s1.0,stylegan_xl,stylegan_xl,1,0.0008967393659986556,data\cache\clean\test\stylegan_xl_4f991f9638e28675\blur_s1.0.jpg
stylegan_xl_60ed9d3511d333bf,blur_s1.0,stylegan_xl,stylegan_xl,1,0.30434978008270264,data\cache\clean\test\stylegan_xl_60ed9d3511d333bf\blur_s1.0.jpg
stylegan_xl_65bb283a1280639e,blur_s1.0,stylegan_xl,stylegan_xl,1,0.4849531352519989,data\cache\clean\test\stylegan_xl_65bb283a1280639e\blur_s1.0.jpg
stylegan_xl_729fee52c5b7f95b,blur_s1.0,stylegan_xl,stylegan_xl,1,0.08593181520700455,data\cache\clean\test\stylegan_xl_729fee52c5b7f95b\blur_s1.0.jpg
stylegan_xl_7d433e90bcd7bd53,blur_s1.0,stylegan_xl,stylegan_xl,1,0.00016982591478154063,data\cache\clean\test\stylegan_xl_7d433e90bcd7bd53\blur_s1.0.jpg
stylegan_xl_7ffebe6032f8209f,blur_s1.0,stylegan_xl,stylegan_xl,1,0.00965228583663702,data\cache\clean\test\stylegan_xl_7ffebe6032f8209f\blur_s1.0.jpg
stylegan_xl_80fc8be6e7c11eb3,blur_s1.0,stylegan_xl,stylegan_xl,1,9.45425417739898e-05,data\cache\clean\test\stylegan_xl_80fc8be6e7c11eb3\blur_s1.0.jpg
stylegan_xl_8461b1ae87c22c20,blur_s1.0,stylegan_xl,stylegan_xl,1,0.43778571486473083,data\cache\clean\test\stylegan_xl_8461b1ae87c22c20\blur_s1.0.jpg
stylegan_xl_8f9dfd75dde8914f,blur_s1.0,stylegan_xl,stylegan_xl,1,2.0160508938715793e-05,data\cache\clean\test\stylegan_xl_8f9dfd75dde8914f\blur_s1.0.jpg
stylegan_xl_a10d4a733f4df420,blur_s1.0,stylegan_xl,stylegan_xl,1,0.21688659489154816,data\cache\clean\test\stylegan_xl_a10d4a733f4df420\blur_s1.0.jpg
stylegan_xl_a1ed16fffc5ecb68,blur_s1.0,stylegan_xl,stylegan_xl,1,0.0036684786900877953,data\cache\clean\test\stylegan_xl_a1ed16fffc5ecb68\blur_s1.0.jpg
stylegan_xl_a72f3ace10a8f550,blur_s1.0,stylegan_xl,stylegan_xl,1,1.4847569218545686e-05,data\cache\clean\test\stylegan_xl_a72f3ace10a8f550\blur_s1.0.jpg
stylegan_xl_c9421141bcf3a15a,blur_s1.0,stylegan_xl,stylegan_xl,1,0.21497711539268494,data\cache\clean\test\stylegan_xl_c9421141bcf3a15a\blur_s1.0.jpg
stylegan_xl_cccbc1d57a7e095e,blur_s1.0,stylegan_xl,stylegan_xl,1,0.43142130970954895,data\cache\clean\test\stylegan_xl_cccbc1d57a7e095e\blur_s1.0.jpg
stylegan_xl_cf9c332a1ebfb587,blur_s1.0,stylegan_xl,stylegan_xl,1,0.27438122034072876,data\cache\clean\test\stylegan_xl_cf9c332a1ebfb587\blur_s1.0.jpg
stylegan_xl_d686a15f05d09472,blur_s1.0,stylegan_xl,stylegan_xl,1,0.06894879788160324,data\cache\clean\test\stylegan_xl_d686a15f05d09472\blur_s1.0.jpg
stylegan_xl_e4b8e7ef72cabaf2,blur_s1.0,stylegan_xl,stylegan_xl,1,2.0184113964205608e-05,data\cache\clean\test\stylegan_xl_e4b8e7ef72cabaf2\blur_s1.0.jpg
stylegan_xl_f2ea3473d8b1a62f,blur_s1.0,stylegan_xl,stylegan_xl,1,0.019825536757707596,data\cache\clean\test\stylegan_xl_f2ea3473d8b1a62f\blur_s1.0.jpg
stylegan_xl_fef6a66b8deaa7ab,blur_s1.0,stylegan_xl,stylegan_xl,1,4.634308936601883e-07,data\cache\clean\test\stylegan_xl_fef6a66b8deaa7ab\blur_s1.0.jpg
cifake_1028 (10),blur_s2.0,cifake,stable_diffusion,1,0.22106143832206726,data\cache\clean\test\cifake_1028 (10)\blur_s2.0.jpg
cifake_1297 (6),blur_s2.0,cifake,stable_diffusion,1,0.4005776643753052,data\cache\clean\test\cifake_1297 (6)\blur_s2.0.jpg
cifake_2286 (2),blur_s2.0,cifake,stable_diffusion,1,0.07836358994245529,data\cache\clean\test\cifake_2286 (2)\blur_s2.0.jpg
cifake_2438 (2),blur_s2.0,cifake,stable_diffusion,1,0.4453050196170807,data\cache\clean\test\cifake_2438 (2)\blur_s2.0.jpg
cifake_3053 (4),blur_s2.0,cifake,stable_diffusion,1,0.16749539971351624,data\cache\clean\test\cifake_3053 (4)\blur_s2.0.jpg
cifake_3582 (9),blur_s2.0,cifake,stable_diffusion,1,0.19222821295261383,data\cache\clean\test\cifake_3582 (9)\blur_s2.0.jpg
cifake_3608,blur_s2.0,cifake,stable_diffusion,1,0.37688738107681274,data\cache\clean\test\cifake_3608\blur_s2.0.jpg
cifake_4127 (3),blur_s2.0,cifake,stable_diffusion,1,0.25873249769210815,data\cache\clean\test\cifake_4127 (3)\blur_s2.0.jpg
cifake_4221 (2),blur_s2.0,cifake,stable_diffusion,1,0.28098079562187195,data\cache\clean\test\cifake_4221 (2)\blur_s2.0.jpg
cifake_4443,blur_s2.0,cifake,stable_diffusion,1,0.43227341771125793,data\cache\clean\test\cifake_4443\blur_s2.0.jpg
cifake_4615 (3),blur_s2.0,cifake,stable_diffusion,1,0.06611927598714828,data\cache\clean\test\cifake_4615 (3)\blur_s2.0.jpg
cifake_5221 (3),blur_s2.0,cifake,stable_diffusion,1,0.1518329232931137,data\cache\clean\test\cifake_5221 (3)\blur_s2.0.jpg
cifake_5511 (9),blur_s2.0,cifake,stable_diffusion,1,0.33999964594841003,data\cache\clean\test\cifake_5511 (9)\blur_s2.0.jpg
cifake_5607 (3),blur_s2.0,cifake,stable_diffusion,1,0.04729371517896652,data\cache\clean\test\cifake_5607 (3)\blur_s2.0.jpg
cifake_5845 (9),blur_s2.0,cifake,stable_diffusion,1,0.30206209421157837,data\cache\clean\test\cifake_5845 (9)\blur_s2.0.jpg
cifake_954 (9),blur_s2.0,cifake,stable_diffusion,1,0.3295867145061493,data\cache\clean\test\cifake_954 (9)\blur_s2.0.jpg
dalle_10420,blur_s2.0,dalle,dalle,1,0.49878665804862976,data\cache\clean\test\dalle_10420\blur_s2.0.jpg
dalle_17768,blur_s2.0,dalle,dalle,1,0.3050432801246643,data\cache\clean\test\dalle_17768\blur_s2.0.jpg
dalle_1895b86b74caac5dad51022c3d3b33df,blur_s2.0,dalle,dalle,1,0.42438605427742004,data\cache\clean\test\dalle_1895b86b74caac5dad51022c3d3b33df\blur_s2.0.jpg
dalle_19157,blur_s2.0,dalle,dalle,1,0.008605029433965683,data\cache\clean\test\dalle_19157\blur_s2.0.jpg
dalle_24299,blur_s2.0,dalle,dalle,1,0.09576931595802307,data\cache\clean\test\dalle_24299\blur_s2.0.jpg
dalle_27029,blur_s2.0,dalle,dalle,1,0.4659198820590973,data\cache\clean\test\dalle_27029\blur_s2.0.jpg
dalle_40387,blur_s2.0,dalle,dalle,1,0.4173576831817627,data\cache\clean\test\dalle_40387\blur_s2.0.jpg
dalle_41791,blur_s2.0,dalle,dalle,1,0.0001911668077809736,data\cache\clean\test\dalle_41791\blur_s2.0.jpg
dalle_6481,blur_s2.0,dalle,dalle,1,0.33706608414649963,data\cache\clean\test\dalle_6481\blur_s2.0.jpg
dalle_6f0f61883f111368d770c54801f33449,blur_s2.0,dalle,dalle,1,0.11008171737194061,data\cache\clean\test\dalle_6f0f61883f111368d770c54801f33449\blur_s2.0.jpg
dalle_8017,blur_s2.0,dalle,dalle,1,0.010804072953760624,data\cache\clean\test\dalle_8017\blur_s2.0.jpg
dalle_8688,blur_s2.0,dalle,dalle,1,0.2538858652114868,data\cache\clean\test\dalle_8688\blur_s2.0.jpg
dalle_fcb663a4c7f01f5a548e4c1088d00a91,blur_s2.0,dalle,dalle,1,0.4668833017349243,data\cache\clean\test\dalle_fcb663a4c7f01f5a548e4c1088d00a91\blur_s2.0.jpg
gigagan_01605,blur_s2.0,gigagan,gigagan,1,0.09050770848989487,data\cache\clean\test\gigagan_01605\blur_s2.0.jpg
gigagan_05738,blur_s2.0,gigagan,gigagan,1,0.17544186115264893,data\cache\clean\test\gigagan_05738\blur_s2.0.jpg
gigagan_07350,blur_s2.0,gigagan,gigagan,1,0.012796071358025074,data\cache\clean\test\gigagan_07350\blur_s2.0.jpg
gigagan_10282,blur_s2.0,gigagan,gigagan,1,0.44739189743995667,data\cache\clean\test\gigagan_10282\blur_s2.0.jpg
gigagan_10769,blur_s2.0,gigagan,gigagan,1,0.021837105974555016,data\cache\clean\test\gigagan_10769\blur_s2.0.jpg
gigagan_10914,blur_s2.0,gigagan,gigagan,1,0.023896241560578346,data\cache\clean\test\gigagan_10914\blur_s2.0.jpg
gigagan_11787,blur_s2.0,gigagan,gigagan,1,0.12063466012477875,data\cache\clean\test\gigagan_11787\blur_s2.0.jpg
gigagan_12489,blur_s2.0,gigagan,gigagan,1,0.1945146769285202,data\cache\clean\test\gigagan_12489\blur_s2.0.jpg
gigagan_14071,blur_s2.0,gigagan,gigagan,1,0.0029537458904087543,data\cache\clean\test\gigagan_14071\blur_s2.0.jpg
gigagan_15454,blur_s2.0,gigagan,gigagan,1,0.014192333444952965,data\cache\clean\test\gigagan_15454\blur_s2.0.jpg
gigagan_17003,blur_s2.0,gigagan,gigagan,1,0.017342332750558853,data\cache\clean\test\gigagan_17003\blur_s2.0.jpg
gigagan_20327,blur_s2.0,gigagan,gigagan,1,0.026005897670984268,data\cache\clean\test\gigagan_20327\blur_s2.0.jpg
gigagan_20468,blur_s2.0,gigagan,gigagan,1,0.025061551481485367,data\cache\clean\test\gigagan_20468\blur_s2.0.jpg
gigagan_21611,blur_s2.0,gigagan,gigagan,1,0.046563755720853806,data\cache\clean\test\gigagan_21611\blur_s2.0.jpg
gigagan_22418,blur_s2.0,gigagan,gigagan,1,0.260392963886261,data\cache\clean\test\gigagan_22418\blur_s2.0.jpg
gigagan_23134,blur_s2.0,gigagan,gigagan,1,0.0008754213922657073,data\cache\clean\test\gigagan_23134\blur_s2.0.jpg
gigagan_24933,blur_s2.0,gigagan,gigagan,1,0.3844461739063263,data\cache\clean\test\gigagan_24933\blur_s2.0.jpg
gigagan_25090,blur_s2.0,gigagan,gigagan,1,0.03674701973795891,data\cache\clean\test\gigagan_25090\blur_s2.0.jpg
gigagan_26067,blur_s2.0,gigagan,gigagan,1,0.309129536151886,data\cache\clean\test\gigagan_26067\blur_s2.0.jpg
imagen3_045e6da6fd7f6fb0,blur_s2.0,imagen3,imagen3,1,0.10634370148181915,data\cache\clean\test\imagen3_045e6da6fd7f6fb0\blur_s2.0.jpg
imagen3_07747d6ffd056bee,blur_s2.0,imagen3,imagen3,1,0.01916414126753807,data\cache\clean\test\imagen3_07747d6ffd056bee\blur_s2.0.jpg
imagen3_13ed1f9391224848,blur_s2.0,imagen3,imagen3,1,0.044855959713459015,data\cache\clean\test\imagen3_13ed1f9391224848\blur_s2.0.jpg
imagen3_15906,blur_s2.0,imagen3,imagen3,1,0.413756787776947,data\cache\clean\test\imagen3_15906\blur_s2.0.jpg
imagen3_17643da56f35c6f7,blur_s2.0,imagen3,imagen3,1,6.455895345425233e-05,data\cache\clean\test\imagen3_17643da56f35c6f7\blur_s2.0.jpg
imagen3_24e64d19ddde11cb,blur_s2.0,imagen3,imagen3,1,3.122292355328682e-06,data\cache\clean\test\imagen3_24e64d19ddde11cb\blur_s2.0.jpg
imagen3_260ae6b06f1f50e2,blur_s2.0,imagen3,imagen3,1,3.4500934020798013e-07,data\cache\clean\test\imagen3_260ae6b06f1f50e2\blur_s2.0.jpg
imagen3_2be4510162a8a76e,blur_s2.0,imagen3,imagen3,1,6.597062747459859e-05,data\cache\clean\test\imagen3_2be4510162a8a76e\blur_s2.0.jpg
imagen3_3403b18fc93acbfc,blur_s2.0,imagen3,imagen3,1,0.002627207199111581,data\cache\clean\test\imagen3_3403b18fc93acbfc\blur_s2.0.jpg
imagen3_43058,blur_s2.0,imagen3,imagen3,1,0.0005607802304439247,data\cache\clean\test\imagen3_43058\blur_s2.0.jpg
imagen3_44015,blur_s2.0,imagen3,imagen3,1,0.0839303731918335,data\cache\clean\test\imagen3_44015\blur_s2.0.jpg
imagen3_44075,blur_s2.0,imagen3,imagen3,1,0.002352730371057987,data\cache\clean\test\imagen3_44075\blur_s2.0.jpg
imagen3_46922,blur_s2.0,imagen3,imagen3,1,0.3020927608013153,data\cache\clean\test\imagen3_46922\blur_s2.0.jpg
imagen3_473ffc5e3d5dc373,blur_s2.0,imagen3,imagen3,1,0.10901083797216415,data\cache\clean\test\imagen3_473ffc5e3d5dc373\blur_s2.0.jpg
imagen3_519f5c348fe55fcd,blur_s2.0,imagen3,imagen3,1,5.737971514463425e-05,data\cache\clean\test\imagen3_519f5c348fe55fcd\blur_s2.0.jpg
imagen3_52520,blur_s2.0,imagen3,imagen3,1,0.16946357488632202,data\cache\clean\test\imagen3_52520\blur_s2.0.jpg
imagen3_53132,blur_s2.0,imagen3,imagen3,1,0.48484188318252563,data\cache\clean\test\imagen3_53132\blur_s2.0.jpg
imagen3_560ead164dab63a5,blur_s2.0,imagen3,imagen3,1,0.12628130614757538,data\cache\clean\test\imagen3_560ead164dab63a5\blur_s2.0.jpg
imagen3_5e95809bd47d157b,blur_s2.0,imagen3,imagen3,1,0.09720516204833984,data\cache\clean\test\imagen3_5e95809bd47d157b\blur_s2.0.jpg
imagen3_69467160e53f71bc,blur_s2.0,imagen3,imagen3,1,0.013545330613851547,data\cache\clean\test\imagen3_69467160e53f71bc\blur_s2.0.jpg
imagen3_6a8270ea182a9194,blur_s2.0,imagen3,imagen3,1,0.0011718509485945106,data\cache\clean\test\imagen3_6a8270ea182a9194\blur_s2.0.jpg
imagen3_6c7624322b04ce43,blur_s2.0,imagen3,imagen3,1,0.00011775738676078618,data\cache\clean\test\imagen3_6c7624322b04ce43\blur_s2.0.jpg
imagen3_77fb2d4f372634f8,blur_s2.0,imagen3,imagen3,1,0.001053549232892692,data\cache\clean\test\imagen3_77fb2d4f372634f8\blur_s2.0.jpg
imagen3_7ee1485909c59826,blur_s2.0,imagen3,imagen3,1,0.14025376737117767,data\cache\clean\test\imagen3_7ee1485909c59826\blur_s2.0.jpg
imagen3_8b13dc3bff918841,blur_s2.0,imagen3,imagen3,1,0.0020471271127462387,data\cache\clean\test\imagen3_8b13dc3bff918841\blur_s2.0.jpg
imagen3_8e6f8acd28fd8f35,blur_s2.0,imagen3,imagen3,1,0.17671853303909302,data\cache\clean\test\imagen3_8e6f8acd28fd8f35\blur_s2.0.jpg
imagen3_9e82651e214a25c8,blur_s2.0,imagen3,imagen3,1,0.3650462031364441,data\cache\clean\test\imagen3_9e82651e214a25c8\blur_s2.0.jpg
imagen3_a1b5be9a5f0d1f7a,blur_s2.0,imagen3,imagen3,1,0.08076142519712448,data\cache\clean\test\imagen3_a1b5be9a5f0d1f7a\blur_s2.0.jpg
imagen3_aa13646e437b7afa,blur_s2.0,imagen3,imagen3,1,0.13449786603450775,data\cache\clean\test\imagen3_aa13646e437b7afa\blur_s2.0.jpg
imagen3_ad860df8c2a1a848,blur_s2.0,imagen3,imagen3,1,0.0019729251507669687,data\cache\clean\test\imagen3_ad860df8c2a1a848\blur_s2.0.jpg
imagen3_b69c9976ced306d1,blur_s2.0,imagen3,imagen3,1,0.08925414085388184,data\cache\clean\test\imagen3_b69c9976ced306d1\blur_s2.0.jpg
imagen3_ca44bb7db1e73a9a,blur_s2.0,imagen3,imagen3,1,0.02171953022480011,data\cache\clean\test\imagen3_ca44bb7db1e73a9a\blur_s2.0.jpg
imagen3_d326e7c87fb1d966,blur_s2.0,imagen3,imagen3,1,0.340758740901947,data\cache\clean\test\imagen3_d326e7c87fb1d966\blur_s2.0.jpg
imagen3_e63f3b6f8bdee43a,blur_s2.0,imagen3,imagen3,1,3.776692392420955e-05,data\cache\clean\test\imagen3_e63f3b6f8bdee43a\blur_s2.0.jpg
imagen3_ea646e585cc24088,blur_s2.0,imagen3,imagen3,1,0.14796845614910126,data\cache\clean\test\imagen3_ea646e585cc24088\blur_s2.0.jpg
imagen3_eaf94916ce926270,blur_s2.0,imagen3,imagen3,1,0.43655329942703247,data\cache\clean\test\imagen3_eaf94916ce926270\blur_s2.0.jpg
imagen3_f69a20bda8f47fea,blur_s2.0,imagen3,imagen3,1,0.16389067471027374,data\cache\clean\test\imagen3_f69a20bda8f47fea\blur_s2.0.jpg
imagen3_fa8535259782583b,blur_s2.0,imagen3,imagen3,1,0.21980561316013336,data\cache\clean\test\imagen3_fa8535259782583b\blur_s2.0.jpg
imagen3_fe7048efd51b15b8,blur_s2.0,imagen3,imagen3,1,0.006833569146692753,data\cache\clean\test\imagen3_fe7048efd51b15b8\blur_s2.0.jpg
imagen3_Imagen3_1208,blur_s2.0,imagen3,imagen3,1,0.051825396716594696,data\cache\clean\test\imagen3_Imagen3_1208\blur_s2.0.jpg
imagen3_Imagen3_3235,blur_s2.0,imagen3,imagen3,1,0.06301040202379227,data\cache\clean\test\imagen3_Imagen3_3235\blur_s2.0.jpg
imagen3_Imagen3_3556,blur_s2.0,imagen3,imagen3,1,0.10300812125205994,data\cache\clean\test\imagen3_Imagen3_3556\blur_s2.0.jpg
sidset_full_synthetic_001692,blur_s2.0,sidset,full_synthetic,1,0.38581785559654236,data\cache\clean\test\sidset_full_synthetic_001692\blur_s2.0.jpg
sidset_full_synthetic_033729,blur_s2.0,sidset,full_synthetic,1,0.007372647989541292,data\cache\clean\test\sidset_full_synthetic_033729\blur_s2.0.jpg
sidset_full_synthetic_046026,blur_s2.0,sidset,full_synthetic,1,0.10585378855466843,data\cache\clean\test\sidset_full_synthetic_046026\blur_s2.0.jpg
sidset_full_synthetic_048809,blur_s2.0,sidset,full_synthetic,1,0.0974290743470192,data\cache\clean\test\sidset_full_synthetic_048809\blur_s2.0.jpg
sidset_full_synthetic_060524,blur_s2.0,sidset,full_synthetic,1,0.017569975927472115,data\cache\clean\test\sidset_full_synthetic_060524\blur_s2.0.jpg
sidset_full_synthetic_062086,blur_s2.0,sidset,full_synthetic,1,0.03238900750875473,data\cache\clean\test\sidset_full_synthetic_062086\blur_s2.0.jpg
sidset_full_synthetic_069762,blur_s2.0,sidset,full_synthetic,1,0.44200295209884644,data\cache\clean\test\sidset_full_synthetic_069762\blur_s2.0.jpg
stylegan_xl_0097a2e24789bc7a,blur_s2.0,stylegan_xl,stylegan_xl,1,0.037202492356300354,data\cache\clean\test\stylegan_xl_0097a2e24789bc7a\blur_s2.0.jpg
stylegan_xl_00a4591cf03df584,blur_s2.0,stylegan_xl,stylegan_xl,1,8.666030453241547e-07,data\cache\clean\test\stylegan_xl_00a4591cf03df584\blur_s2.0.jpg
stylegan_xl_031391f1ab18ab62,blur_s2.0,stylegan_xl,stylegan_xl,1,0.3674432039260864,data\cache\clean\test\stylegan_xl_031391f1ab18ab62\blur_s2.0.jpg
stylegan_xl_0a4244f8a9185bad,blur_s2.0,stylegan_xl,stylegan_xl,1,0.16517092287540436,data\cache\clean\test\stylegan_xl_0a4244f8a9185bad\blur_s2.0.jpg
stylegan_xl_0f7efa4c31bcd8f4,blur_s2.0,stylegan_xl,stylegan_xl,1,0.11365623027086258,data\cache\clean\test\stylegan_xl_0f7efa4c31bcd8f4\blur_s2.0.jpg
stylegan_xl_1060d58257bc5130,blur_s2.0,stylegan_xl,stylegan_xl,1,0.0007587983855046332,data\cache\clean\test\stylegan_xl_1060d58257bc5130\blur_s2.0.jpg
stylegan_xl_1440252ff76f525f,blur_s2.0,stylegan_xl,stylegan_xl,1,0.20083491504192352,data\cache\clean\test\stylegan_xl_1440252ff76f525f\blur_s2.0.jpg
stylegan_xl_17f8bf0ef8d2f478,blur_s2.0,stylegan_xl,stylegan_xl,1,0.07878205925226212,data\cache\clean\test\stylegan_xl_17f8bf0ef8d2f478\blur_s2.0.jpg
stylegan_xl_2013fe0d44f84041,blur_s2.0,stylegan_xl,stylegan_xl,1,0.013870729133486748,data\cache\clean\test\stylegan_xl_2013fe0d44f84041\blur_s2.0.jpg
stylegan_xl_3621cf0be1fc8d68,blur_s2.0,stylegan_xl,stylegan_xl,1,0.3168049454689026,data\cache\clean\test\stylegan_xl_3621cf0be1fc8d68\blur_s2.0.jpg
stylegan_xl_3b5e18f8fc06450d,blur_s2.0,stylegan_xl,stylegan_xl,1,0.0008829882135614753,data\cache\clean\test\stylegan_xl_3b5e18f8fc06450d\blur_s2.0.jpg
stylegan_xl_44451,blur_s2.0,stylegan_xl,stylegan_xl,1,0.0002662325568962842,data\cache\clean\test\stylegan_xl_44451\blur_s2.0.jpg
stylegan_xl_45602,blur_s2.0,stylegan_xl,stylegan_xl,1,0.011900956742465496,data\cache\clean\test\stylegan_xl_45602\blur_s2.0.jpg
stylegan_xl_48611,blur_s2.0,stylegan_xl,stylegan_xl,1,0.03333825618028641,data\cache\clean\test\stylegan_xl_48611\blur_s2.0.jpg
stylegan_xl_49539,blur_s2.0,stylegan_xl,stylegan_xl,1,0.035495612770318985,data\cache\clean\test\stylegan_xl_49539\blur_s2.0.jpg
stylegan_xl_4f991f9638e28675,blur_s2.0,stylegan_xl,stylegan_xl,1,0.006611179560422897,data\cache\clean\test\stylegan_xl_4f991f9638e28675\blur_s2.0.jpg
stylegan_xl_53551,blur_s2.0,stylegan_xl,stylegan_xl,1,0.4492292106151581,data\cache\clean\test\stylegan_xl_53551\blur_s2.0.jpg
stylegan_xl_729fee52c5b7f95b,blur_s2.0,stylegan_xl,stylegan_xl,1,0.1520671546459198,data\cache\clean\test\stylegan_xl_729fee52c5b7f95b\blur_s2.0.jpg
stylegan_xl_7d433e90bcd7bd53,blur_s2.0,stylegan_xl,stylegan_xl,1,0.00045697082532569766,data\cache\clean\test\stylegan_xl_7d433e90bcd7bd53\blur_s2.0.jpg
stylegan_xl_7ffebe6032f8209f,blur_s2.0,stylegan_xl,stylegan_xl,1,0.034461844712495804,data\cache\clean\test\stylegan_xl_7ffebe6032f8209f\blur_s2.0.jpg
stylegan_xl_80fc8be6e7c11eb3,blur_s2.0,stylegan_xl,stylegan_xl,1,4.254059604136273e-05,data\cache\clean\test\stylegan_xl_80fc8be6e7c11eb3\blur_s2.0.jpg
stylegan_xl_8f9dfd75dde8914f,blur_s2.0,stylegan_xl,stylegan_xl,1,0.0006998192402534187,data\cache\clean\test\stylegan_xl_8f9dfd75dde8914f\blur_s2.0.jpg
stylegan_xl_a1ed16fffc5ecb68,blur_s2.0,stylegan_xl,stylegan_xl,1,0.04637580364942551,data\cache\clean\test\stylegan_xl_a1ed16fffc5ecb68\blur_s2.0.jpg
stylegan_xl_a72f3ace10a8f550,blur_s2.0,stylegan_xl,stylegan_xl,1,1.5594394426443614e-05,data\cache\clean\test\stylegan_xl_a72f3ace10a8f550\blur_s2.0.jpg
stylegan_xl_cccbc1d57a7e095e,blur_s2.0,stylegan_xl,stylegan_xl,1,0.42297935485839844,data\cache\clean\test\stylegan_xl_cccbc1d57a7e095e\blur_s2.0.jpg
stylegan_xl_d686a15f05d09472,blur_s2.0,stylegan_xl,stylegan_xl,1,0.045773398131132126,data\cache\clean\test\stylegan_xl_d686a15f05d09472\blur_s2.0.jpg
stylegan_xl_e4b8e7ef72cabaf2,blur_s2.0,stylegan_xl,stylegan_xl,1,0.0007373582920990884,data\cache\clean\test\stylegan_xl_e4b8e7ef72cabaf2\blur_s2.0.jpg
stylegan_xl_f2ea3473d8b1a62f,blur_s2.0,stylegan_xl,stylegan_xl,1,0.2388356477022171,data\cache\clean\test\stylegan_xl_f2ea3473d8b1a62f\blur_s2.0.jpg
stylegan_xl_fef6a66b8deaa7ab,blur_s2.0,stylegan_xl,stylegan_xl,1,1.5817931853234768e-07,data\cache\clean\test\stylegan_xl_fef6a66b8deaa7ab\blur_s2.0.jpg
cifake_1028 (10),color_down,cifake,stable_diffusion,1,0.162399560213089,data\cache\clean\test\cifake_1028 (10)\color_down.jpg
cifake_1088 (3),color_down,cifake,stable_diffusion,1,0.1331176608800888,data\cache\clean\test\cifake_1088 (3)\color_down.jpg
cifake_1270 (7),color_down,cifake,stable_diffusion,1,0.19418402016162872,data\cache\clean\test\cifake_1270 (7)\color_down.jpg
cifake_1729 (4),color_down,cifake,stable_diffusion,1,0.3111899793148041,data\cache\clean\test\cifake_1729 (4)\color_down.jpg
cifake_1927 (7),color_down,cifake,stable_diffusion,1,0.3140542507171631,data\cache\clean\test\cifake_1927 (7)\color_down.jpg
cifake_2065 (6),color_down,cifake,stable_diffusion,1,0.42919662594795227,data\cache\clean\test\cifake_2065 (6)\color_down.jpg
cifake_2286 (2),color_down,cifake,stable_diffusion,1,0.0343119241297245,data\cache\clean\test\cifake_2286 (2)\color_down.jpg
cifake_2634 (7),color_down,cifake,stable_diffusion,1,0.4789457321166992,data\cache\clean\test\cifake_2634 (7)\color_down.jpg
cifake_2787 (7),color_down,cifake,stable_diffusion,1,0.16327625513076782,data\cache\clean\test\cifake_2787 (7)\color_down.jpg
cifake_2831,color_down,cifake,stable_diffusion,1,0.4901543855667114,data\cache\clean\test\cifake_2831\color_down.jpg
cifake_2850 (3),color_down,cifake,stable_diffusion,1,0.11403326690196991,data\cache\clean\test\cifake_2850 (3)\color_down.jpg
cifake_3053 (4),color_down,cifake,stable_diffusion,1,0.44004371762275696,data\cache\clean\test\cifake_3053 (4)\color_down.jpg
cifake_3395 (5),color_down,cifake,stable_diffusion,1,0.3199329674243927,data\cache\clean\test\cifake_3395 (5)\color_down.jpg
cifake_3608,color_down,cifake,stable_diffusion,1,0.41691768169403076,data\cache\clean\test\cifake_3608\color_down.jpg
cifake_3702 (10),color_down,cifake,stable_diffusion,1,0.13288238644599915,data\cache\clean\test\cifake_3702 (10)\color_down.jpg
cifake_3750 (6),color_down,cifake,stable_diffusion,1,0.1600944697856903,data\cache\clean\test\cifake_3750 (6)\color_down.jpg
cifake_4127 (3),color_down,cifake,stable_diffusion,1,0.11472811549901962,data\cache\clean\test\cifake_4127 (3)\color_down.jpg
cifake_4221 (2),color_down,cifake,stable_diffusion,1,0.2890276610851288,data\cache\clean\test\cifake_4221 (2)\color_down.jpg
cifake_4443,color_down,cifake,stable_diffusion,1,0.36410439014434814,data\cache\clean\test\cifake_4443\color_down.jpg
cifake_4615 (3),color_down,cifake,stable_diffusion,1,0.24826587736606598,data\cache\clean\test\cifake_4615 (3)\color_down.jpg
cifake_4827 (7),color_down,cifake,stable_diffusion,1,0.053884346038103104,data\cache\clean\test\cifake_4827 (7)\color_down.jpg
cifake_5221 (3),color_down,cifake,stable_diffusion,1,0.3841860294342041,data\cache\clean\test\cifake_5221 (3)\color_down.jpg
cifake_5511 (9),color_down,cifake,stable_diffusion,1,0.2564549446105957,data\cache\clean\test\cifake_5511 (9)\color_down.jpg
cifake_75,color_down,cifake,stable_diffusion,1,0.21282745897769928,data\cache\clean\test\cifake_75\color_down.jpg
cifake_789 (6),color_down,cifake,stable_diffusion,1,0.492172509431839,data\cache\clean\test\cifake_789 (6)\color_down.jpg
cifake_966 (6),color_down,cifake,stable_diffusion,1,0.3864378035068512,data\cache\clean\test\cifake_966 (6)\color_down.jpg
dalle_1895b86b74caac5dad51022c3d3b33df,color_down,dalle,dalle,1,0.40297216176986694,data\cache\clean\test\dalle_1895b86b74caac5dad51022c3d3b33df\color_down.jpg
dalle_20080,color_down,dalle,dalle,1,0.09008713066577911,data\cache\clean\test\dalle_20080\color_down.jpg
dalle_24299,color_down,dalle,dalle,1,0.40782293677330017,data\cache\clean\test\dalle_24299\color_down.jpg
dalle_27029,color_down,dalle,dalle,1,0.4937601685523987,data\cache\clean\test\dalle_27029\color_down.jpg
dalle_33159,color_down,dalle,dalle,1,0.20153485238552094,data\cache\clean\test\dalle_33159\color_down.jpg
dalle_41791,color_down,dalle,dalle,1,0.000546621042303741,data\cache\clean\test\dalle_41791\color_down.jpg
dalle_5781,color_down,dalle,dalle,1,0.32441040873527527,data\cache\clean\test\dalle_5781\color_down.jpg
dalle_6890,color_down,dalle,dalle,1,0.41059747338294983,data\cache\clean\test\dalle_6890\color_down.jpg
dalle_6f0f61883f111368d770c54801f33449,color_down,dalle,dalle,1,0.04969468712806702,data\cache\clean\test\dalle_6f0f61883f111368d770c54801f33449\color_down.jpg
dalle_8688,color_down,dalle,dalle,1,0.40839284658432007,data\cache\clean\test\dalle_8688\color_down.jpg
gigagan_01605,color_down,gigagan,gigagan,1,0.009704219177365303,data\cache\clean\test\gigagan_01605\color_down.jpg
gigagan_05738,color_down,gigagan,gigagan,1,0.30599838495254517,data\cache\clean\test\gigagan_05738\color_down.jpg
gigagan_07350,color_down,gigagan,gigagan,1,0.0028818657156080008,data\cache\clean\test\gigagan_07350\color_down.jpg
gigagan_07986,color_down,gigagan,gigagan,1,0.45395535230636597,data\cache\clean\test\gigagan_07986\color_down.jpg
gigagan_09742,color_down,gigagan,gigagan,1,0.1782483607530594,data\cache\clean\test\gigagan_09742\color_down.jpg
gigagan_10914,color_down,gigagan,gigagan,1,0.03112729638814926,data\cache\clean\test\gigagan_10914\color_down.jpg
gigagan_12489,color_down,gigagan,gigagan,1,0.03992335498332977,data\cache\clean\test\gigagan_12489\color_down.jpg
gigagan_14071,color_down,gigagan,gigagan,1,0.0005086460150778294,data\cache\clean\test\gigagan_14071\color_down.jpg
gigagan_14138,color_down,gigagan,gigagan,1,0.03973272815346718,data\cache\clean\test\gigagan_14138\color_down.jpg
gigagan_15454,color_down,gigagan,gigagan,1,0.03402319923043251,data\cache\clean\test\gigagan_15454\color_down.jpg
gigagan_17003,color_down,gigagan,gigagan,1,0.2319786101579666,data\cache\clean\test\gigagan_17003\color_down.jpg
gigagan_19196,color_down,gigagan,gigagan,1,0.3631501793861389,data\cache\clean\test\gigagan_19196\color_down.jpg
gigagan_20327,color_down,gigagan,gigagan,1,0.10791301727294922,data\cache\clean\test\gigagan_20327\color_down.jpg
gigagan_21107,color_down,gigagan,gigagan,1,0.4902828335762024,data\cache\clean\test\gigagan_21107\color_down.jpg
gigagan_21611,color_down,gigagan,gigagan,1,0.18839266896247864,data\cache\clean\test\gigagan_21611\color_down.jpg
gigagan_22418,color_down,gigagan,gigagan,1,0.15610665082931519,data\cache\clean\test\gigagan_22418\color_down.jpg
gigagan_24445,color_down,gigagan,gigagan,1,0.49797534942626953,data\cache\clean\test\gigagan_24445\color_down.jpg
gigagan_25090,color_down,gigagan,gigagan,1,0.11512406170368195,data\cache\clean\test\gigagan_25090\color_down.jpg
gigagan_25645,color_down,gigagan,gigagan,1,0.4397681951522827,data\cache\clean\test\gigagan_25645\color_down.jpg
imagen3_045e6da6fd7f6fb0,color_down,imagen3,imagen3,1,0.0020802991930395365,data\cache\clean\test\imagen3_045e6da6fd7f6fb0\color_down.jpg
imagen3_04e3097ac2f57647,color_down,imagen3,imagen3,1,0.03579356148838997,data\cache\clean\test\imagen3_04e3097ac2f57647\color_down.jpg
imagen3_07747d6ffd056bee,color_down,imagen3,imagen3,1,0.002892168937250972,data\cache\clean\test\imagen3_07747d6ffd056bee\color_down.jpg
imagen3_13ed1f9391224848,color_down,imagen3,imagen3,1,0.07246717065572739,data\cache\clean\test\imagen3_13ed1f9391224848\color_down.jpg
imagen3_15906,color_down,imagen3,imagen3,1,0.07842991501092911,data\cache\clean\test\imagen3_15906\color_down.jpg
imagen3_17643da56f35c6f7,color_down,imagen3,imagen3,1,6.279446097323671e-05,data\cache\clean\test\imagen3_17643da56f35c6f7\color_down.jpg
imagen3_17919c9ffd792ad9,color_down,imagen3,imagen3,1,0.4010525345802307,data\cache\clean\test\imagen3_17919c9ffd792ad9\color_down.jpg
imagen3_1fe9a0379cffa709,color_down,imagen3,imagen3,1,0.3119344711303711,data\cache\clean\test\imagen3_1fe9a0379cffa709\color_down.jpg
imagen3_20942,color_down,imagen3,imagen3,1,0.11505158245563507,data\cache\clean\test\imagen3_20942\color_down.jpg
imagen3_24e64d19ddde11cb,color_down,imagen3,imagen3,1,4.081581437276327e-07,data\cache\clean\test\imagen3_24e64d19ddde11cb\color_down.jpg
imagen3_260ae6b06f1f50e2,color_down,imagen3,imagen3,1,2.0973286041225947e-07,data\cache\clean\test\imagen3_260ae6b06f1f50e2\color_down.jpg
imagen3_2be4510162a8a76e,color_down,imagen3,imagen3,1,0.027335839346051216,data\cache\clean\test\imagen3_2be4510162a8a76e\color_down.jpg
imagen3_3403b18fc93acbfc,color_down,imagen3,imagen3,1,0.01502918265759945,data\cache\clean\test\imagen3_3403b18fc93acbfc\color_down.jpg
imagen3_43058,color_down,imagen3,imagen3,1,5.447421358439897e-07,data\cache\clean\test\imagen3_43058\color_down.jpg
imagen3_44015,color_down,imagen3,imagen3,1,0.0009086987120099366,data\cache\clean\test\imagen3_44015\color_down.jpg
imagen3_44075,color_down,imagen3,imagen3,1,0.00024203036446124315,data\cache\clean\test\imagen3_44075\color_down.jpg
imagen3_46922,color_down,imagen3,imagen3,1,0.015315779484808445,data\cache\clean\test\imagen3_46922\color_down.jpg
imagen3_473ffc5e3d5dc373,color_down,imagen3,imagen3,1,0.07864270359277725,data\cache\clean\test\imagen3_473ffc5e3d5dc373\color_down.jpg
imagen3_51659,color_down,imagen3,imagen3,1,0.020060405135154724,data\cache\clean\test\imagen3_51659\color_down.jpg
imagen3_519f5c348fe55fcd,color_down,imagen3,imagen3,1,0.0001661144633544609,data\cache\clean\test\imagen3_519f5c348fe55fcd\color_down.jpg
imagen3_52115,color_down,imagen3,imagen3,1,0.042317140847444534,data\cache\clean\test\imagen3_52115\color_down.jpg
imagen3_52520,color_down,imagen3,imagen3,1,0.04037519916892052,data\cache\clean\test\imagen3_52520\color_down.jpg
imagen3_53132,color_down,imagen3,imagen3,1,0.14512959122657776,data\cache\clean\test\imagen3_53132\color_down.jpg
imagen3_5e95809bd47d157b,color_down,imagen3,imagen3,1,0.003776480443775654,data\cache\clean\test\imagen3_5e95809bd47d157b\color_down.jpg
imagen3_69467160e53f71bc,color_down,imagen3,imagen3,1,0.011059735901653767,data\cache\clean\test\imagen3_69467160e53f71bc\color_down.jpg
imagen3_6a8270ea182a9194,color_down,imagen3,imagen3,1,0.0010883186478167772,data\cache\clean\test\imagen3_6a8270ea182a9194\color_down.jpg
imagen3_6c7624322b04ce43,color_down,imagen3,imagen3,1,9.540154906062526e-07,data\cache\clean\test\imagen3_6c7624322b04ce43\color_down.jpg
imagen3_77fb2d4f372634f8,color_down,imagen3,imagen3,1,0.01053929515182972,data\cache\clean\test\imagen3_77fb2d4f372634f8\color_down.jpg
imagen3_7ee1485909c59826,color_down,imagen3,imagen3,1,0.2709369659423828,data\cache\clean\test\imagen3_7ee1485909c59826\color_down.jpg
imagen3_8b13dc3bff918841,color_down,imagen3,imagen3,1,0.00045054484508000314,data\cache\clean\test\imagen3_8b13dc3bff918841\color_down.jpg
imagen3_8c20e4bf83ffff36,color_down,imagen3,imagen3,1,0.10594882816076279,data\cache\clean\test\imagen3_8c20e4bf83ffff36\color_down.jpg
imagen3_8e6f8acd28fd8f35,color_down,imagen3,imagen3,1,0.12974005937576294,data\cache\clean\test\imagen3_8e6f8acd28fd8f35\color_down.jpg
imagen3_9e82651e214a25c8,color_down,imagen3,imagen3,1,0.12494339793920517,data\cache\clean\test\imagen3_9e82651e214a25c8\color_down.jpg
imagen3_a1b5be9a5f0d1f7a,color_down,imagen3,imagen3,1,0.03539048507809639,data\cache\clean\test\imagen3_a1b5be9a5f0d1f7a\color_down.jpg
imagen3_aa13646e437b7afa,color_down,imagen3,imagen3,1,0.0025696333032101393,data\cache\clean\test\imagen3_aa13646e437b7afa\color_down.jpg
imagen3_ad860df8c2a1a848,color_down,imagen3,imagen3,1,0.00011568005720619112,data\cache\clean\test\imagen3_ad860df8c2a1a848\color_down.jpg
imagen3_b69c9976ced306d1,color_down,imagen3,imagen3,1,0.05085156112909317,data\cache\clean\test\imagen3_b69c9976ced306d1\color_down.jpg
imagen3_ca44bb7db1e73a9a,color_down,imagen3,imagen3,1,0.0028542501386255026,data\cache\clean\test\imagen3_ca44bb7db1e73a9a\color_down.jpg
imagen3_d326e7c87fb1d966,color_down,imagen3,imagen3,1,0.11989288777112961,data\cache\clean\test\imagen3_d326e7c87fb1d966\color_down.jpg
imagen3_e63f3b6f8bdee43a,color_down,imagen3,imagen3,1,3.995564111392014e-05,data\cache\clean\test\imagen3_e63f3b6f8bdee43a\color_down.jpg
imagen3_eaf94916ce926270,color_down,imagen3,imagen3,1,0.09280233085155487,data\cache\clean\test\imagen3_eaf94916ce926270\color_down.jpg
imagen3_fa8535259782583b,color_down,imagen3,imagen3,1,0.19477760791778564,data\cache\clean\test\imagen3_fa8535259782583b\color_down.jpg
imagen3_fe7048efd51b15b8,color_down,imagen3,imagen3,1,0.0002273886784678325,data\cache\clean\test\imagen3_fe7048efd51b15b8\color_down.jpg
imagen3_Imagen3_3235,color_down,imagen3,imagen3,1,0.2563883066177368,data\cache\clean\test\imagen3_Imagen3_3235\color_down.jpg
imagen3_Imagen3_3546,color_down,imagen3,imagen3,1,0.08657393604516983,data\cache\clean\test\imagen3_Imagen3_3546\color_down.jpg
imagen3_Imagen3_3556,color_down,imagen3,imagen3,1,0.35808634757995605,data\cache\clean\test\imagen3_Imagen3_3556\color_down.jpg
sidset_full_synthetic_001692,color_down,sidset,full_synthetic,1,0.18880406022071838,data\cache\clean\test\sidset_full_synthetic_001692\color_down.jpg
sidset_full_synthetic_046026,color_down,sidset,full_synthetic,1,0.13026751577854156,data\cache\clean\test\sidset_full_synthetic_046026\color_down.jpg
sidset_full_synthetic_048809,color_down,sidset,full_synthetic,1,0.01489627081900835,data\cache\clean\test\sidset_full_synthetic_048809\color_down.jpg
sidset_full_synthetic_060524,color_down,sidset,full_synthetic,1,0.07069709897041321,data\cache\clean\test\sidset_full_synthetic_060524\color_down.jpg
sidset_full_synthetic_067084,color_down,sidset,full_synthetic,1,0.06770677864551544,data\cache\clean\test\sidset_full_synthetic_067084\color_down.jpg
stylegan_xl_0097a2e24789bc7a,color_down,stylegan_xl,stylegan_xl,1,0.003712679725140333,data\cache\clean\test\stylegan_xl_0097a2e24789bc7a\color_down.jpg
stylegan_xl_00a4591cf03df584,color_down,stylegan_xl,stylegan_xl,1,3.29424949541135e-08,data\cache\clean\test\stylegan_xl_00a4591cf03df584\color_down.jpg
stylegan_xl_031391f1ab18ab62,color_down,stylegan_xl,stylegan_xl,1,0.007222937420010567,data\cache\clean\test\stylegan_xl_031391f1ab18ab62\color_down.jpg
stylegan_xl_0a4244f8a9185bad,color_down,stylegan_xl,stylegan_xl,1,0.18651306629180908,data\cache\clean\test\stylegan_xl_0a4244f8a9185bad\color_down.jpg
stylegan_xl_0f7efa4c31bcd8f4,color_down,stylegan_xl,stylegan_xl,1,0.0006661421502940357,data\cache\clean\test\stylegan_xl_0f7efa4c31bcd8f4\color_down.jpg
stylegan_xl_1060d58257bc5130,color_down,stylegan_xl,stylegan_xl,1,0.00047095524496398866,data\cache\clean\test\stylegan_xl_1060d58257bc5130\color_down.jpg
stylegan_xl_1440252ff76f525f,color_down,stylegan_xl,stylegan_xl,1,0.4057115614414215,data\cache\clean\test\stylegan_xl_1440252ff76f525f\color_down.jpg
stylegan_xl_17f8bf0ef8d2f478,color_down,stylegan_xl,stylegan_xl,1,0.023277364671230316,data\cache\clean\test\stylegan_xl_17f8bf0ef8d2f478\color_down.jpg
stylegan_xl_2013fe0d44f84041,color_down,stylegan_xl,stylegan_xl,1,0.0015660073840990663,data\cache\clean\test\stylegan_xl_2013fe0d44f84041\color_down.jpg
stylegan_xl_3621cf0be1fc8d68,color_down,stylegan_xl,stylegan_xl,1,0.38834789395332336,data\cache\clean\test\stylegan_xl_3621cf0be1fc8d68\color_down.jpg
stylegan_xl_38c489e3b0d8c700,color_down,stylegan_xl,stylegan_xl,1,0.3848165273666382,data\cache\clean\test\stylegan_xl_38c489e3b0d8c700\color_down.jpg
stylegan_xl_3b5e18f8fc06450d,color_down,stylegan_xl,stylegan_xl,1,0.02029542438685894,data\cache\clean\test\stylegan_xl_3b5e18f8fc06450d\color_down.jpg
stylegan_xl_42960,color_down,stylegan_xl,stylegan_xl,1,0.3141299784183502,data\cache\clean\test\stylegan_xl_42960\color_down.jpg
stylegan_xl_43847,color_down,stylegan_xl,stylegan_xl,1,0.058363549411296844,data\cache\clean\test\stylegan_xl_43847\color_down.jpg
stylegan_xl_44451,color_down,stylegan_xl,stylegan_xl,1,0.007214045152068138,data\cache\clean\test\stylegan_xl_44451\color_down.jpg
stylegan_xl_45602,color_down,stylegan_xl,stylegan_xl,1,0.023031625896692276,data\cache\clean\test\stylegan_xl_45602\color_down.jpg
stylegan_xl_48611,color_down,stylegan_xl,stylegan_xl,1,0.016798323020339012,data\cache\clean\test\stylegan_xl_48611\color_down.jpg
stylegan_xl_48927,color_down,stylegan_xl,stylegan_xl,1,0.15513622760772705,data\cache\clean\test\stylegan_xl_48927\color_down.jpg
stylegan_xl_49539,color_down,stylegan_xl,stylegan_xl,1,0.21835173666477203,data\cache\clean\test\stylegan_xl_49539\color_down.jpg
stylegan_xl_4f991f9638e28675,color_down,stylegan_xl,stylegan_xl,1,0.018983185291290283,data\cache\clean\test\stylegan_xl_4f991f9638e28675\color_down.jpg
stylegan_xl_53271,color_down,stylegan_xl,stylegan_xl,1,0.362396240234375,data\cache\clean\test\stylegan_xl_53271\color_down.jpg
stylegan_xl_53453,color_down,stylegan_xl,stylegan_xl,1,0.14668063819408417,data\cache\clean\test\stylegan_xl_53453\color_down.jpg
stylegan_xl_53551,color_down,stylegan_xl,stylegan_xl,1,0.47121208906173706,data\cache\clean\test\stylegan_xl_53551\color_down.jpg
stylegan_xl_548aed682dc65ef2,color_down,stylegan_xl,stylegan_xl,1,0.2999313771724701,data\cache\clean\test\stylegan_xl_548aed682dc65ef2\color_down.jpg
stylegan_xl_60ed9d3511d333bf,color_down,stylegan_xl,stylegan_xl,1,0.10611414164304733,data\cache\clean\test\stylegan_xl_60ed9d3511d333bf\color_down.jpg
stylegan_xl_729fee52c5b7f95b,color_down,stylegan_xl,stylegan_xl,1,0.3374503552913666,data\cache\clean\test\stylegan_xl_729fee52c5b7f95b\color_down.jpg
stylegan_xl_7d433e90bcd7bd53,color_down,stylegan_xl,stylegan_xl,1,0.005062430165708065,data\cache\clean\test\stylegan_xl_7d433e90bcd7bd53\color_down.jpg
stylegan_xl_7ffebe6032f8209f,color_down,stylegan_xl,stylegan_xl,1,0.16660840809345245,data\cache\clean\test\stylegan_xl_7ffebe6032f8209f\color_down.jpg
stylegan_xl_80fc8be6e7c11eb3,color_down,stylegan_xl,stylegan_xl,1,0.0024175201542675495,data\cache\clean\test\stylegan_xl_80fc8be6e7c11eb3\color_down.jpg
stylegan_xl_8461b1ae87c22c20,color_down,stylegan_xl,stylegan_xl,1,0.3119719326496124,data\cache\clean\test\stylegan_xl_8461b1ae87c22c20\color_down.jpg
stylegan_xl_8f9dfd75dde8914f,color_down,stylegan_xl,stylegan_xl,1,0.02879917435348034,data\cache\clean\test\stylegan_xl_8f9dfd75dde8914f\color_down.jpg
stylegan_xl_a1ed16fffc5ecb68,color_down,stylegan_xl,stylegan_xl,1,0.03408944234251976,data\cache\clean\test\stylegan_xl_a1ed16fffc5ecb68\color_down.jpg
stylegan_xl_a72f3ace10a8f550,color_down,stylegan_xl,stylegan_xl,1,0.00018820055993273854,data\cache\clean\test\stylegan_xl_a72f3ace10a8f550\color_down.jpg
stylegan_xl_bd69757ff485d03e,color_down,stylegan_xl,stylegan_xl,1,0.21664896607398987,data\cache\clean\test\stylegan_xl_bd69757ff485d03e\color_down.jpg
stylegan_xl_c9421141bcf3a15a,color_down,stylegan_xl,stylegan_xl,1,0.20110605657100677,data\cache\clean\test\stylegan_xl_c9421141bcf3a15a\color_down.jpg
stylegan_xl_cccbc1d57a7e095e,color_down,stylegan_xl,stylegan_xl,1,0.19567205011844635,data\cache\clean\test\stylegan_xl_cccbc1d57a7e095e\color_down.jpg
stylegan_xl_cf9c332a1ebfb587,color_down,stylegan_xl,stylegan_xl,1,0.4925612211227417,data\cache\clean\test\stylegan_xl_cf9c332a1ebfb587\color_down.jpg
stylegan_xl_d7c4ece8c8a01de0,color_down,stylegan_xl,stylegan_xl,1,0.4408966302871704,data\cache\clean\test\stylegan_xl_d7c4ece8c8a01de0\color_down.jpg
stylegan_xl_e4b8e7ef72cabaf2,color_down,stylegan_xl,stylegan_xl,1,7.519688551838044e-06,data\cache\clean\test\stylegan_xl_e4b8e7ef72cabaf2\color_down.jpg
stylegan_xl_f2ea3473d8b1a62f,color_down,stylegan_xl,stylegan_xl,1,0.23866747319698334,data\cache\clean\test\stylegan_xl_f2ea3473d8b1a62f\color_down.jpg
stylegan_xl_fef6a66b8deaa7ab,color_down,stylegan_xl,stylegan_xl,1,2.04645880330645e-06,data\cache\clean\test\stylegan_xl_fef6a66b8deaa7ab\color_down.jpg
cifake_1141 (9),color_up,cifake,stable_diffusion,1,0.16497664153575897,data\cache\clean\test\cifake_1141 (9)\color_up.jpg
cifake_1167 (3),color_up,cifake,stable_diffusion,1,0.3839637339115143,data\cache\clean\test\cifake_1167 (3)\color_up.jpg
cifake_120 (6),color_up,cifake,stable_diffusion,1,0.4573844373226166,data\cache\clean\test\cifake_120 (6)\color_up.jpg
cifake_1270 (7),color_up,cifake,stable_diffusion,1,0.45898136496543884,data\cache\clean\test\cifake_1270 (7)\color_up.jpg
cifake_1297 (6),color_up,cifake,stable_diffusion,1,0.05635084584355354,data\cache\clean\test\cifake_1297 (6)\color_up.jpg
cifake_1937 (8),color_up,cifake,stable_diffusion,1,0.29897794127464294,data\cache\clean\test\cifake_1937 (8)\color_up.jpg
cifake_2286 (2),color_up,cifake,stable_diffusion,1,0.04854387417435646,data\cache\clean\test\cifake_2286 (2)\color_up.jpg
cifake_2293 (8),color_up,cifake,stable_diffusion,1,0.25332140922546387,data\cache\clean\test\cifake_2293 (8)\color_up.jpg
cifake_2623 (9),color_up,cifake,stable_diffusion,1,0.4374602437019348,data\cache\clean\test\cifake_2623 (9)\color_up.jpg
cifake_2787 (7),color_up,cifake,stable_diffusion,1,0.28896260261535645,data\cache\clean\test\cifake_2787 (7)\color_up.jpg
cifake_2831,color_up,cifake,stable_diffusion,1,0.07652533799409866,data\cache\clean\test\cifake_2831\color_up.jpg
cifake_2857 (10)_1,color_up,cifake,stable_diffusion,1,0.05225212872028351,data\cache\clean\test\cifake_2857 (10)_1\color_up.jpg
cifake_3379 (8),color_up,cifake,stable_diffusion,1,0.17761164903640747,data\cache\clean\test\cifake_3379 (8)\color_up.jpg
cifake_3395 (5),color_up,cifake,stable_diffusion,1,0.4882046580314636,data\cache\clean\test\cifake_3395 (5)\color_up.jpg
cifake_3582 (9),color_up,cifake,stable_diffusion,1,0.45235636830329895,data\cache\clean\test\cifake_3582 (9)\color_up.jpg
cifake_3608,color_up,cifake,stable_diffusion,1,0.20511211454868317,data\cache\clean\test\cifake_3608\color_up.jpg
cifake_3750 (6),color_up,cifake,stable_diffusion,1,0.181569904088974,data\cache\clean\test\cifake_3750 (6)\color_up.jpg
cifake_4127 (3),color_up,cifake,stable_diffusion,1,0.08185970783233643,data\cache\clean\test\cifake_4127 (3)\color_up.jpg
cifake_4221 (2),color_up,cifake,stable_diffusion,1,0.2100050449371338,data\cache\clean\test\cifake_4221 (2)\color_up.jpg
cifake_4453,color_up,cifake,stable_diffusion,1,0.07203298807144165,data\cache\clean\test\cifake_4453\color_up.jpg
cifake_4615 (3),color_up,cifake,stable_diffusion,1,0.06781530380249023,data\cache\clean\test\cifake_4615 (3)\color_up.jpg
cifake_4670 (4),color_up,cifake,stable_diffusion,1,0.04978788271546364,data\cache\clean\test\cifake_4670 (4)\color_up.jpg
cifake_5221 (3),color_up,cifake,stable_diffusion,1,0.17674721777439117,data\cache\clean\test\cifake_5221 (3)\color_up.jpg
cifake_5381 (2),color_up,cifake,stable_diffusion,1,0.0935770645737648,data\cache\clean\test\cifake_5381 (2)\color_up.jpg
cifake_5470 (4),color_up,cifake,stable_diffusion,1,0.1432368904352188,data\cache\clean\test\cifake_5470 (4)\color_up.jpg
cifake_5607 (3),color_up,cifake,stable_diffusion,1,0.49966880679130554,data\cache\clean\test\cifake_5607 (3)\color_up.jpg
cifake_5777 (3),color_up,cifake,stable_diffusion,1,0.40413790941238403,data\cache\clean\test\cifake_5777 (3)\color_up.jpg
cifake_644 (2),color_up,cifake,stable_diffusion,1,0.2911045253276825,data\cache\clean\test\cifake_644 (2)\color_up.jpg
cifake_75,color_up,cifake,stable_diffusion,1,0.027911342680454254,data\cache\clean\test\cifake_75\color_up.jpg
cifake_791 (6),color_up,cifake,stable_diffusion,1,0.03918549045920372,data\cache\clean\test\cifake_791 (6)\color_up.jpg
cifake_954 (9),color_up,cifake,stable_diffusion,1,0.4446108341217041,data\cache\clean\test\cifake_954 (9)\color_up.jpg
dalle_10420,color_up,dalle,dalle,1,0.019799798727035522,data\cache\clean\test\dalle_10420\color_up.jpg
dalle_1895b86b74caac5dad51022c3d3b33df,color_up,dalle,dalle,1,0.007845311425626278,data\cache\clean\test\dalle_1895b86b74caac5dad51022c3d3b33df\color_up.jpg
dalle_33159,color_up,dalle,dalle,1,0.11346063762903214,data\cache\clean\test\dalle_33159\color_up.jpg
dalle_41791,color_up,dalle,dalle,1,6.449839565902948e-05,data\cache\clean\test\dalle_41791\color_up.jpg
dalle_5781,color_up,dalle,dalle,1,0.15528452396392822,data\cache\clean\test\dalle_5781\color_up.jpg
dalle_6f0f61883f111368d770c54801f33449,color_up,dalle,dalle,1,0.24371223151683807,data\cache\clean\test\dalle_6f0f61883f111368d770c54801f33449\color_up.jpg
dalle_8017,color_up,dalle,dalle,1,0.14094491302967072,data\cache\clean\test\dalle_8017\color_up.jpg
gigagan_01605,color_up,gigagan,gigagan,1,0.014745805412530899,data\cache\clean\test\gigagan_01605\color_up.jpg
gigagan_07242,color_up,gigagan,gigagan,1,0.054157424718141556,data\cache\clean\test\gigagan_07242\color_up.jpg
gigagan_07350,color_up,gigagan,gigagan,1,0.0005654567503370345,data\cache\clean\test\gigagan_07350\color_up.jpg
gigagan_07986,color_up,gigagan,gigagan,1,0.17030656337738037,data\cache\clean\test\gigagan_07986\color_up.jpg
gigagan_10914,color_up,gigagan,gigagan,1,0.1388358622789383,data\cache\clean\test\gigagan_10914\color_up.jpg
gigagan_12399,color_up,gigagan,gigagan,1,0.3120791018009186,data\cache\clean\test\gigagan_12399\color_up.jpg
gigagan_14071,color_up,gigagan,gigagan,1,0.00012032887025270611,data\cache\clean\test\gigagan_14071\color_up.jpg
gigagan_14138,color_up,gigagan,gigagan,1,0.20689162611961365,data\cache\clean\test\gigagan_14138\color_up.jpg
gigagan_15454,color_up,gigagan,gigagan,1,0.0007743484457023442,data\cache\clean\test\gigagan_15454\color_up.jpg
gigagan_15561,color_up,gigagan,gigagan,1,0.00909169390797615,data\cache\clean\test\gigagan_15561\color_up.jpg
gigagan_17003,color_up,gigagan,gigagan,1,0.0807262510061264,data\cache\clean\test\gigagan_17003\color_up.jpg
gigagan_20207,color_up,gigagan,gigagan,1,0.031369369477033615,data\cache\clean\test\gigagan_20207\color_up.jpg
gigagan_20327,color_up,gigagan,gigagan,1,0.02696569450199604,data\cache\clean\test\gigagan_20327\color_up.jpg
gigagan_20468,color_up,gigagan,gigagan,1,0.013281221501529217,data\cache\clean\test\gigagan_20468\color_up.jpg
gigagan_20756,color_up,gigagan,gigagan,1,0.060950566083192825,data\cache\clean\test\gigagan_20756\color_up.jpg
gigagan_21185,color_up,gigagan,gigagan,1,0.0633363351225853,data\cache\clean\test\gigagan_21185\color_up.jpg
gigagan_22418,color_up,gigagan,gigagan,1,0.07776078581809998,data\cache\clean\test\gigagan_22418\color_up.jpg
gigagan_23264,color_up,gigagan,gigagan,1,0.02825087495148182,data\cache\clean\test\gigagan_23264\color_up.jpg
gigagan_24445,color_up,gigagan,gigagan,1,0.3083283603191376,data\cache\clean\test\gigagan_24445\color_up.jpg
gigagan_24679,color_up,gigagan,gigagan,1,0.05927135795354843,data\cache\clean\test\gigagan_24679\color_up.jpg
gigagan_25090,color_up,gigagan,gigagan,1,0.0014120672130957246,data\cache\clean\test\gigagan_25090\color_up.jpg
gigagan_27940,color_up,gigagan,gigagan,1,0.47427883744239807,data\cache\clean\test\gigagan_27940\color_up.jpg
imagen3_045e6da6fd7f6fb0,color_up,imagen3,imagen3,1,0.022498002275824547,data\cache\clean\test\imagen3_045e6da6fd7f6fb0\color_up.jpg
imagen3_04e3097ac2f57647,color_up,imagen3,imagen3,1,0.005614719819277525,data\cache\clean\test\imagen3_04e3097ac2f57647\color_up.jpg
imagen3_07747d6ffd056bee,color_up,imagen3,imagen3,1,0.00046805088641121984,data\cache\clean\test\imagen3_07747d6ffd056bee\color_up.jpg
imagen3_13ed1f9391224848,color_up,imagen3,imagen3,1,0.031406160444021225,data\cache\clean\test\imagen3_13ed1f9391224848\color_up.jpg
imagen3_17643da56f35c6f7,color_up,imagen3,imagen3,1,2.2917124624655116e-06,data\cache\clean\test\imagen3_17643da56f35c6f7\color_up.jpg
imagen3_17919c9ffd792ad9,color_up,imagen3,imagen3,1,0.47322309017181396,data\cache\clean\test\imagen3_17919c9ffd792ad9\color_up.jpg
imagen3_20942,color_up,imagen3,imagen3,1,0.4222409129142761,data\cache\clean\test\imagen3_20942\color_up.jpg
imagen3_24e64d19ddde11cb,color_up,imagen3,imagen3,1,9.168309134111041e-07,data\cache\clean\test\imagen3_24e64d19ddde11cb\color_up.jpg
imagen3_260ae6b06f1f50e2,color_up,imagen3,imagen3,1,2.4481707896484295e-06,data\cache\clean\test\imagen3_260ae6b06f1f50e2\color_up.jpg
imagen3_2be4510162a8a76e,color_up,imagen3,imagen3,1,0.0008617287967354059,data\cache\clean\test\imagen3_2be4510162a8a76e\color_up.jpg
imagen3_3403b18fc93acbfc,color_up,imagen3,imagen3,1,0.0012002295115962625,data\cache\clean\test\imagen3_3403b18fc93acbfc\color_up.jpg
imagen3_43058,color_up,imagen3,imagen3,1,4.0085476939566433e-05,data\cache\clean\test\imagen3_43058\color_up.jpg
imagen3_44015,color_up,imagen3,imagen3,1,0.0008390800794586539,data\cache\clean\test\imagen3_44015\color_up.jpg
imagen3_44075,color_up,imagen3,imagen3,1,0.0014015664346516132,data\cache\clean\test\imagen3_44075\color_up.jpg
imagen3_46922,color_up,imagen3,imagen3,1,0.018005650490522385,data\cache\clean\test\imagen3_46922\color_up.jpg
imagen3_473ffc5e3d5dc373,color_up,imagen3,imagen3,1,0.059786032885313034,data\cache\clean\test\imagen3_473ffc5e3d5dc373\color_up.jpg
imagen3_51659,color_up,imagen3,imagen3,1,0.12451126426458359,data\cache\clean\test\imagen3_51659\color_up.jpg
imagen3_519f5c348fe55fcd,color_up,imagen3,imagen3,1,0.0016219103708863258,data\cache\clean\test\imagen3_519f5c348fe55fcd\color_up.jpg
imagen3_52520,color_up,imagen3,imagen3,1,0.03639907017350197,data\cache\clean\test\imagen3_52520\color_up.jpg
imagen3_5e95809bd47d157b,color_up,imagen3,imagen3,1,0.011999246664345264,data\cache\clean\test\imagen3_5e95809bd47d157b\color_up.jpg
imagen3_69467160e53f71bc,color_up,imagen3,imagen3,1,0.0105274124071002,data\cache\clean\test\imagen3_69467160e53f71bc\color_up.jpg
imagen3_6a8270ea182a9194,color_up,imagen3,imagen3,1,0.00020101622794754803,data\cache\clean\test\imagen3_6a8270ea182a9194\color_up.jpg
imagen3_6c7624322b04ce43,color_up,imagen3,imagen3,1,9.814088031134816e-08,data\cache\clean\test\imagen3_6c7624322b04ce43\color_up.jpg
imagen3_77fb2d4f372634f8,color_up,imagen3,imagen3,1,0.0007500626961700618,data\cache\clean\test\imagen3_77fb2d4f372634f8\color_up.jpg
imagen3_7e3e1e738f642f1a,color_up,imagen3,imagen3,1,0.3391818106174469,data\cache\clean\test\imagen3_7e3e1e738f642f1a\color_up.jpg
imagen3_7ee1485909c59826,color_up,imagen3,imagen3,1,0.1566402167081833,data\cache\clean\test\imagen3_7ee1485909c59826\color_up.jpg
imagen3_8b13dc3bff918841,color_up,imagen3,imagen3,1,9.981412586057559e-05,data\cache\clean\test\imagen3_8b13dc3bff918841\color_up.jpg
imagen3_8c20e4bf83ffff36,color_up,imagen3,imagen3,1,0.05078858882188797,data\cache\clean\test\imagen3_8c20e4bf83ffff36\color_up.jpg
imagen3_8e6f8acd28fd8f35,color_up,imagen3,imagen3,1,0.1543498933315277,data\cache\clean\test\imagen3_8e6f8acd28fd8f35\color_up.jpg
imagen3_9e82651e214a25c8,color_up,imagen3,imagen3,1,0.007300789933651686,data\cache\clean\test\imagen3_9e82651e214a25c8\color_up.jpg
imagen3_a1b5be9a5f0d1f7a,color_up,imagen3,imagen3,1,0.029292231425642967,data\cache\clean\test\imagen3_a1b5be9a5f0d1f7a\color_up.jpg
imagen3_aa13646e437b7afa,color_up,imagen3,imagen3,1,0.018010888248682022,data\cache\clean\test\imagen3_aa13646e437b7afa\color_up.jpg
imagen3_ad860df8c2a1a848,color_up,imagen3,imagen3,1,0.00025507889222353697,data\cache\clean\test\imagen3_ad860df8c2a1a848\color_up.jpg
imagen3_b69c9976ced306d1,color_up,imagen3,imagen3,1,0.037284769117832184,data\cache\clean\test\imagen3_b69c9976ced306d1\color_up.jpg
imagen3_ca44bb7db1e73a9a,color_up,imagen3,imagen3,1,0.06176421418786049,data\cache\clean\test\imagen3_ca44bb7db1e73a9a\color_up.jpg
imagen3_d326e7c87fb1d966,color_up,imagen3,imagen3,1,0.041621774435043335,data\cache\clean\test\imagen3_d326e7c87fb1d966\color_up.jpg
imagen3_e63f3b6f8bdee43a,color_up,imagen3,imagen3,1,5.512739789992338e-06,data\cache\clean\test\imagen3_e63f3b6f8bdee43a\color_up.jpg
imagen3_eaf94916ce926270,color_up,imagen3,imagen3,1,0.021234875544905663,data\cache\clean\test\imagen3_eaf94916ce926270\color_up.jpg
imagen3_f69a20bda8f47fea,color_up,imagen3,imagen3,1,0.4650476574897766,data\cache\clean\test\imagen3_f69a20bda8f47fea\color_up.jpg
imagen3_fa8535259782583b,color_up,imagen3,imagen3,1,0.36777985095977783,data\cache\clean\test\imagen3_fa8535259782583b\color_up.jpg
imagen3_fe7048efd51b15b8,color_up,imagen3,imagen3,1,0.005115910433232784,data\cache\clean\test\imagen3_fe7048efd51b15b8\color_up.jpg
imagen3_Imagen3_2877,color_up,imagen3,imagen3,1,0.006118453573435545,data\cache\clean\test\imagen3_Imagen3_2877\color_up.jpg
imagen3_Imagen3_3235,color_up,imagen3,imagen3,1,0.1752331256866455,data\cache\clean\test\imagen3_Imagen3_3235\color_up.jpg
imagen3_Imagen3_3556,color_up,imagen3,imagen3,1,0.034720465540885925,data\cache\clean\test\imagen3_Imagen3_3556\color_up.jpg
sidset_full_synthetic_031788,color_up,sidset,full_synthetic,1,0.15263134241104126,data\cache\clean\test\sidset_full_synthetic_031788\color_up.jpg
sidset_full_synthetic_033528,color_up,sidset,full_synthetic,1,0.14247436821460724,data\cache\clean\test\sidset_full_synthetic_033528\color_up.jpg
sidset_full_synthetic_033729,color_up,sidset,full_synthetic,1,0.43136924505233765,data\cache\clean\test\sidset_full_synthetic_033729\color_up.jpg
sidset_full_synthetic_046026,color_up,sidset,full_synthetic,1,0.10990120470523834,data\cache\clean\test\sidset_full_synthetic_046026\color_up.jpg
sidset_full_synthetic_048809,color_up,sidset,full_synthetic,1,0.0016992383170872927,data\cache\clean\test\sidset_full_synthetic_048809\color_up.jpg
sidset_full_synthetic_060524,color_up,sidset,full_synthetic,1,0.009269751608371735,data\cache\clean\test\sidset_full_synthetic_060524\color_up.jpg
sidset_full_synthetic_062086,color_up,sidset,full_synthetic,1,0.2594798505306244,data\cache\clean\test\sidset_full_synthetic_062086\color_up.jpg
sidset_full_synthetic_063062,color_up,sidset,full_synthetic,1,0.18103539943695068,data\cache\clean\test\sidset_full_synthetic_063062\color_up.jpg
sidset_full_synthetic_067084,color_up,sidset,full_synthetic,1,0.04437992349267006,data\cache\clean\test\sidset_full_synthetic_067084\color_up.jpg
stylegan_xl_0097a2e24789bc7a,color_up,stylegan_xl,stylegan_xl,1,0.33140841126441956,data\cache\clean\test\stylegan_xl_0097a2e24789bc7a\color_up.jpg
stylegan_xl_00a4591cf03df584,color_up,stylegan_xl,stylegan_xl,1,3.927809473225352e-07,data\cache\clean\test\stylegan_xl_00a4591cf03df584\color_up.jpg
stylegan_xl_031391f1ab18ab62,color_up,stylegan_xl,stylegan_xl,1,0.008755852468311787,data\cache\clean\test\stylegan_xl_031391f1ab18ab62\color_up.jpg
stylegan_xl_0a4244f8a9185bad,color_up,stylegan_xl,stylegan_xl,1,0.21964958310127258,data\cache\clean\test\stylegan_xl_0a4244f8a9185bad\color_up.jpg
stylegan_xl_0f7efa4c31bcd8f4,color_up,stylegan_xl,stylegan_xl,1,0.00011307674139970914,data\cache\clean\test\stylegan_xl_0f7efa4c31bcd8f4\color_up.jpg
stylegan_xl_1060d58257bc5130,color_up,stylegan_xl,stylegan_xl,1,0.00025609112344682217,data\cache\clean\test\stylegan_xl_1060d58257bc5130\color_up.jpg
stylegan_xl_1440252ff76f525f,color_up,stylegan_xl,stylegan_xl,1,0.04207848384976387,data\cache\clean\test\stylegan_xl_1440252ff76f525f\color_up.jpg
stylegan_xl_17552,color_up,stylegan_xl,stylegan_xl,1,0.40681710839271545,data\cache\clean\test\stylegan_xl_17552\color_up.jpg
stylegan_xl_17f8bf0ef8d2f478,color_up,stylegan_xl,stylegan_xl,1,0.011104793287813663,data\cache\clean\test\stylegan_xl_17f8bf0ef8d2f478\color_up.jpg
stylegan_xl_2013fe0d44f84041,color_up,stylegan_xl,stylegan_xl,1,0.024840394034981728,data\cache\clean\test\stylegan_xl_2013fe0d44f84041\color_up.jpg
stylegan_xl_3621cf0be1fc8d68,color_up,stylegan_xl,stylegan_xl,1,0.14096927642822266,data\cache\clean\test\stylegan_xl_3621cf0be1fc8d68\color_up.jpg
stylegan_xl_3b5e18f8fc06450d,color_up,stylegan_xl,stylegan_xl,1,0.021030079573392868,data\cache\clean\test\stylegan_xl_3b5e18f8fc06450d\color_up.jpg
stylegan_xl_42960,color_up,stylegan_xl,stylegan_xl,1,0.38164079189300537,data\cache\clean\test\stylegan_xl_42960\color_up.jpg
stylegan_xl_43847,color_up,stylegan_xl,stylegan_xl,1,0.0002091553178615868,data\cache\clean\test\stylegan_xl_43847\color_up.jpg
stylegan_xl_44451,color_up,stylegan_xl,stylegan_xl,1,4.5805383706465364e-05,data\cache\clean\test\stylegan_xl_44451\color_up.jpg
stylegan_xl_45602,color_up,stylegan_xl,stylegan_xl,1,0.03988518565893173,data\cache\clean\test\stylegan_xl_45602\color_up.jpg
stylegan_xl_48611,color_up,stylegan_xl,stylegan_xl,1,0.08833961933851242,data\cache\clean\test\stylegan_xl_48611\color_up.jpg
stylegan_xl_48927,color_up,stylegan_xl,stylegan_xl,1,0.02543047070503235,data\cache\clean\test\stylegan_xl_48927\color_up.jpg
stylegan_xl_49539,color_up,stylegan_xl,stylegan_xl,1,0.3925807774066925,data\cache\clean\test\stylegan_xl_49539\color_up.jpg
stylegan_xl_4f991f9638e28675,color_up,stylegan_xl,stylegan_xl,1,0.00045734079321846366,data\cache\clean\test\stylegan_xl_4f991f9638e28675\color_up.jpg
stylegan_xl_60ed9d3511d333bf,color_up,stylegan_xl,stylegan_xl,1,0.09118682891130447,data\cache\clean\test\stylegan_xl_60ed9d3511d333bf\color_up.jpg
stylegan_xl_65bb283a1280639e,color_up,stylegan_xl,stylegan_xl,1,0.2614527642726898,data\cache\clean\test\stylegan_xl_65bb283a1280639e\color_up.jpg
stylegan_xl_729fee52c5b7f95b,color_up,stylegan_xl,stylegan_xl,1,0.2146802395582199,data\cache\clean\test\stylegan_xl_729fee52c5b7f95b\color_up.jpg
stylegan_xl_7d433e90bcd7bd53,color_up,stylegan_xl,stylegan_xl,1,0.0030214651487767696,data\cache\clean\test\stylegan_xl_7d433e90bcd7bd53\color_up.jpg
stylegan_xl_7ffebe6032f8209f,color_up,stylegan_xl,stylegan_xl,1,0.0014437558129429817,data\cache\clean\test\stylegan_xl_7ffebe6032f8209f\color_up.jpg
stylegan_xl_80fc8be6e7c11eb3,color_up,stylegan_xl,stylegan_xl,1,0.0007782057509757578,data\cache\clean\test\stylegan_xl_80fc8be6e7c11eb3\color_up.jpg
stylegan_xl_8461b1ae87c22c20,color_up,stylegan_xl,stylegan_xl,1,0.4127627909183502,data\cache\clean\test\stylegan_xl_8461b1ae87c22c20\color_up.jpg
stylegan_xl_8f9dfd75dde8914f,color_up,stylegan_xl,stylegan_xl,1,0.00011940064723603427,data\cache\clean\test\stylegan_xl_8f9dfd75dde8914f\color_up.jpg
stylegan_xl_a1ed16fffc5ecb68,color_up,stylegan_xl,stylegan_xl,1,0.03766625374555588,data\cache\clean\test\stylegan_xl_a1ed16fffc5ecb68\color_up.jpg
stylegan_xl_a72f3ace10a8f550,color_up,stylegan_xl,stylegan_xl,1,0.00010772231325972825,data\cache\clean\test\stylegan_xl_a72f3ace10a8f550\color_up.jpg
stylegan_xl_bd69757ff485d03e,color_up,stylegan_xl,stylegan_xl,1,0.23239798843860626,data\cache\clean\test\stylegan_xl_bd69757ff485d03e\color_up.jpg
stylegan_xl_c9421141bcf3a15a,color_up,stylegan_xl,stylegan_xl,1,0.07626956701278687,data\cache\clean\test\stylegan_xl_c9421141bcf3a15a\color_up.jpg
stylegan_xl_cccbc1d57a7e095e,color_up,stylegan_xl,stylegan_xl,1,0.06632110476493835,data\cache\clean\test\stylegan_xl_cccbc1d57a7e095e\color_up.jpg
stylegan_xl_cf9c332a1ebfb587,color_up,stylegan_xl,stylegan_xl,1,0.19183564186096191,data\cache\clean\test\stylegan_xl_cf9c332a1ebfb587\color_up.jpg
stylegan_xl_d686a15f05d09472,color_up,stylegan_xl,stylegan_xl,1,0.051524609327316284,data\cache\clean\test\stylegan_xl_d686a15f05d09472\color_up.jpg
stylegan_xl_e4b8e7ef72cabaf2,color_up,stylegan_xl,stylegan_xl,1,2.133898851752747e-05,data\cache\clean\test\stylegan_xl_e4b8e7ef72cabaf2\color_up.jpg
stylegan_xl_f2ea3473d8b1a62f,color_up,stylegan_xl,stylegan_xl,1,0.015473597683012486,data\cache\clean\test\stylegan_xl_f2ea3473d8b1a62f\color_up.jpg
stylegan_xl_fef6a66b8deaa7ab,color_up,stylegan_xl,stylegan_xl,1,1.8019405843006098e-06,data\cache\clean\test\stylegan_xl_fef6a66b8deaa7ab\color_up.jpg
cifake_2286 (2),crop80,cifake,stable_diffusion,1,0.39369651675224304,data\cache\clean\test\cifake_2286 (2)\crop80.jpg
cifake_3053 (4),crop80,cifake,stable_diffusion,1,0.34674254059791565,data\cache\clean\test\cifake_3053 (4)\crop80.jpg
cifake_3395 (5),crop80,cifake,stable_diffusion,1,0.25768721103668213,data\cache\clean\test\cifake_3395 (5)\crop80.jpg
cifake_3582 (9),crop80,cifake,stable_diffusion,1,0.42197686433792114,data\cache\clean\test\cifake_3582 (9)\crop80.jpg
cifake_3971 (2),crop80,cifake,stable_diffusion,1,0.2939712703227997,data\cache\clean\test\cifake_3971 (2)\crop80.jpg
cifake_4127 (3),crop80,cifake,stable_diffusion,1,0.2945408821105957,data\cache\clean\test\cifake_4127 (3)\crop80.jpg
cifake_4160 (8)_1,crop80,cifake,stable_diffusion,1,0.46696117520332336,data\cache\clean\test\cifake_4160 (8)_1\crop80.jpg
cifake_4221 (2),crop80,cifake,stable_diffusion,1,0.32624363899230957,data\cache\clean\test\cifake_4221 (2)\crop80.jpg
cifake_4615 (3),crop80,cifake,stable_diffusion,1,0.15605854988098145,data\cache\clean\test\cifake_4615 (3)\crop80.jpg
cifake_462 (2),crop80,cifake,stable_diffusion,1,0.11997822672128677,data\cache\clean\test\cifake_462 (2)\crop80.jpg
cifake_5706 (4),crop80,cifake,stable_diffusion,1,0.2581808865070343,data\cache\clean\test\cifake_5706 (4)\crop80.jpg
cifake_5932 (10),crop80,cifake,stable_diffusion,1,0.05522468313574791,data\cache\clean\test\cifake_5932 (10)\crop80.jpg
cifake_791 (6),crop80,cifake,stable_diffusion,1,0.07587301731109619,data\cache\clean\test\cifake_791 (6)\crop80.jpg
cifake_943 (5),crop80,cifake,stable_diffusion,1,0.3172657787799835,data\cache\clean\test\cifake_943 (5)\crop80.jpg
cifake_966 (4),crop80,cifake,stable_diffusion,1,0.1910386085510254,data\cache\clean\test\cifake_966 (4)\crop80.jpg
cifake_966 (6),crop80,cifake,stable_diffusion,1,0.09752387553453445,data\cache\clean\test\cifake_966 (6)\crop80.jpg
dalle_1895b86b74caac5dad51022c3d3b33df,crop80,dalle,dalle,1,0.04258580878376961,data\cache\clean\test\dalle_1895b86b74caac5dad51022c3d3b33df\crop80.jpg
dalle_20080,crop80,dalle,dalle,1,0.23374596238136292,data\cache\clean\test\dalle_20080\crop80.jpg
dalle_24299,crop80,dalle,dalle,1,0.06565112620592117,data\cache\clean\test\dalle_24299\crop80.jpg
dalle_27029,crop80,dalle,dalle,1,0.3600941598415375,data\cache\clean\test\dalle_27029\crop80.jpg
dalle_33159,crop80,dalle,dalle,1,0.3230202794075012,data\cache\clean\test\dalle_33159\crop80.jpg
dalle_41791,crop80,dalle,dalle,1,0.04958857595920563,data\cache\clean\test\dalle_41791\crop80.jpg
dalle_6f0f61883f111368d770c54801f33449,crop80,dalle,dalle,1,0.01625671237707138,data\cache\clean\test\dalle_6f0f61883f111368d770c54801f33449\crop80.jpg
dalle_8017,crop80,dalle,dalle,1,0.48438704013824463,data\cache\clean\test\dalle_8017\crop80.jpg
dalle_8688,crop80,dalle,dalle,1,0.021666675806045532,data\cache\clean\test\dalle_8688\crop80.jpg
gigagan_05738,crop80,gigagan,gigagan,1,0.3681965470314026,data\cache\clean\test\gigagan_05738\crop80.jpg
gigagan_06628,crop80,gigagan,gigagan,1,0.2796891927719116,data\cache\clean\test\gigagan_06628\crop80.jpg
gigagan_07350,crop80,gigagan,gigagan,1,4.848961179959588e-05,data\cache\clean\test\gigagan_07350\crop80.jpg
gigagan_10914,crop80,gigagan,gigagan,1,0.04765800014138222,data\cache\clean\test\gigagan_10914\crop80.jpg
gigagan_14071,crop80,gigagan,gigagan,1,0.00016159248480107635,data\cache\clean\test\gigagan_14071\crop80.jpg
gigagan_14138,crop80,gigagan,gigagan,1,0.20443414151668549,data\cache\clean\test\gigagan_14138\crop80.jpg
gigagan_15454,crop80,gigagan,gigagan,1,0.31305569410324097,data\cache\clean\test\gigagan_15454\crop80.jpg
gigagan_15561,crop80,gigagan,gigagan,1,0.06664737313985825,data\cache\clean\test\gigagan_15561\crop80.jpg
gigagan_17003,crop80,gigagan,gigagan,1,0.1739819347858429,data\cache\clean\test\gigagan_17003\crop80.jpg
gigagan_21611,crop80,gigagan,gigagan,1,0.14839747548103333,data\cache\clean\test\gigagan_21611\crop80.jpg
gigagan_22418,crop80,gigagan,gigagan,1,0.48707714676856995,data\cache\clean\test\gigagan_22418\crop80.jpg
gigagan_24679,crop80,gigagan,gigagan,1,0.46095985174179077,data\cache\clean\test\gigagan_24679\crop80.jpg
imagen3_045e6da6fd7f6fb0,crop80,imagen3,imagen3,1,0.013583524152636528,data\cache\clean\test\imagen3_045e6da6fd7f6fb0\crop80.jpg
imagen3_07747d6ffd056bee,crop80,imagen3,imagen3,1,0.02779831551015377,data\cache\clean\test\imagen3_07747d6ffd056bee\crop80.jpg
imagen3_13ed1f9391224848,crop80,imagen3,imagen3,1,0.03919582441449165,data\cache\clean\test\imagen3_13ed1f9391224848\crop80.jpg
imagen3_17643da56f35c6f7,crop80,imagen3,imagen3,1,0.00035632276558317244,data\cache\clean\test\imagen3_17643da56f35c6f7\crop80.jpg
imagen3_17919c9ffd792ad9,crop80,imagen3,imagen3,1,0.4700784981250763,data\cache\clean\test\imagen3_17919c9ffd792ad9\crop80.jpg
imagen3_24e64d19ddde11cb,crop80,imagen3,imagen3,1,6.686680080747465e-07,data\cache\clean\test\imagen3_24e64d19ddde11cb\crop80.jpg
imagen3_260ae6b06f1f50e2,crop80,imagen3,imagen3,1,5.4521533456863835e-06,data\cache\clean\test\imagen3_260ae6b06f1f50e2\crop80.jpg
imagen3_2be4510162a8a76e,crop80,imagen3,imagen3,1,0.005204448010772467,data\cache\clean\test\imagen3_2be4510162a8a76e\crop80.jpg
imagen3_3403b18fc93acbfc,crop80,imagen3,imagen3,1,0.000947118503972888,data\cache\clean\test\imagen3_3403b18fc93acbfc\crop80.jpg
imagen3_43058,crop80,imagen3,imagen3,1,0.002305071335285902,data\cache\clean\test\imagen3_43058\crop80.jpg
imagen3_44015,crop80,imagen3,imagen3,1,0.07595086097717285,data\cache\clean\test\imagen3_44015\crop80.jpg
imagen3_46922,crop80,imagen3,imagen3,1,0.24963539838790894,data\cache\clean\test\imagen3_46922\crop80.jpg
imagen3_473ffc5e3d5dc373,crop80,imagen3,imagen3,1,0.0602099634706974,data\cache\clean\test\imagen3_473ffc5e3d5dc373\crop80.jpg
imagen3_519f5c348fe55fcd,crop80,imagen3,imagen3,1,7.615438516950235e-05,data\cache\clean\test\imagen3_519f5c348fe55fcd\crop80.jpg
imagen3_5e95809bd47d157b,crop80,imagen3,imagen3,1,0.04848634451627731,data\cache\clean\test\imagen3_5e95809bd47d157b\crop80.jpg
imagen3_69467160e53f71bc,crop80,imagen3,imagen3,1,0.006406919565051794,data\cache\clean\test\imagen3_69467160e53f71bc\crop80.jpg
imagen3_6a8270ea182a9194,crop80,imagen3,imagen3,1,0.0012763688573613763,data\cache\clean\test\imagen3_6a8270ea182a9194\crop80.jpg
imagen3_6c7624322b04ce43,crop80,imagen3,imagen3,1,5.1929621491808575e-08,data\cache\clean\test\imagen3_6c7624322b04ce43\crop80.jpg
imagen3_7ee1485909c59826,crop80,imagen3,imagen3,1,0.238562673330307,data\cache\clean\test\imagen3_7ee1485909c59826\crop80.jpg
imagen3_8b13dc3bff918841,crop80,imagen3,imagen3,1,0.007111496292054653,data\cache\clean\test\imagen3_8b13dc3bff918841\crop80.jpg
imagen3_8c20e4bf83ffff36,crop80,imagen3,imagen3,1,0.09538914263248444,data\cache\clean\test\imagen3_8c20e4bf83ffff36\crop80.jpg
imagen3_8e6f8acd28fd8f35,crop80,imagen3,imagen3,1,0.13735170662403107,data\cache\clean\test\imagen3_8e6f8acd28fd8f35\crop80.jpg
imagen3_9e82651e214a25c8,crop80,imagen3,imagen3,1,0.3986539840698242,data\cache\clean\test\imagen3_9e82651e214a25c8\crop80.jpg
imagen3_a1b5be9a5f0d1f7a,crop80,imagen3,imagen3,1,0.3799665570259094,data\cache\clean\test\imagen3_a1b5be9a5f0d1f7a\crop80.jpg
imagen3_aa13646e437b7afa,crop80,imagen3,imagen3,1,0.3141610026359558,data\cache\clean\test\imagen3_aa13646e437b7afa\crop80.jpg
imagen3_ad860df8c2a1a848,crop80,imagen3,imagen3,1,0.000123955454910174,data\cache\clean\test\imagen3_ad860df8c2a1a848\crop80.jpg
imagen3_b69c9976ced306d1,crop80,imagen3,imagen3,1,0.052123382687568665,data\cache\clean\test\imagen3_b69c9976ced306d1\crop80.jpg
imagen3_ca44bb7db1e73a9a,crop80,imagen3,imagen3,1,0.006380958016961813,data\cache\clean\test\imagen3_ca44bb7db1e73a9a\crop80.jpg
imagen3_d326e7c87fb1d966,crop80,imagen3,imagen3,1,0.05614297091960907,data\cache\clean\test\imagen3_d326e7c87fb1d966\crop80.jpg
imagen3_e63f3b6f8bdee43a,crop80,imagen3,imagen3,1,6.562004728039028e-06,data\cache\clean\test\imagen3_e63f3b6f8bdee43a\crop80.jpg
imagen3_ea646e585cc24088,crop80,imagen3,imagen3,1,0.37296202778816223,data\cache\clean\test\imagen3_ea646e585cc24088\crop80.jpg
imagen3_f2da05bffbe27dab,crop80,imagen3,imagen3,1,0.20861239731311798,data\cache\clean\test\imagen3_f2da05bffbe27dab\crop80.jpg
imagen3_f69a20bda8f47fea,crop80,imagen3,imagen3,1,0.45338141918182373,data\cache\clean\test\imagen3_f69a20bda8f47fea\crop80.jpg
imagen3_fe7048efd51b15b8,crop80,imagen3,imagen3,1,0.0035894764587283134,data\cache\clean\test\imagen3_fe7048efd51b15b8\crop80.jpg
imagen3_Imagen3_3004,crop80,imagen3,imagen3,1,0.4556492269039154,data\cache\clean\test\imagen3_Imagen3_3004\crop80.jpg
imagen3_Imagen3_3546,crop80,imagen3,imagen3,1,0.18844014406204224,data\cache\clean\test\imagen3_Imagen3_3546\crop80.jpg
imagen3_Imagen3_3556,crop80,imagen3,imagen3,1,0.09210861474275589,data\cache\clean\test\imagen3_Imagen3_3556\crop80.jpg
sidset_full_synthetic_001692,crop80,sidset,full_synthetic,1,0.3998323678970337,data\cache\clean\test\sidset_full_synthetic_001692\crop80.jpg
sidset_full_synthetic_046026,crop80,sidset,full_synthetic,1,0.1378340721130371,data\cache\clean\test\sidset_full_synthetic_046026\crop80.jpg
sidset_full_synthetic_048809,crop80,sidset,full_synthetic,1,0.01582419127225876,data\cache\clean\test\sidset_full_synthetic_048809\crop80.jpg
sidset_full_synthetic_060524,crop80,sidset,full_synthetic,1,0.05843326076865196,data\cache\clean\test\sidset_full_synthetic_060524\crop80.jpg
sidset_full_synthetic_062086,crop80,sidset,full_synthetic,1,0.11790623515844345,data\cache\clean\test\sidset_full_synthetic_062086\crop80.jpg
sidset_full_synthetic_063062,crop80,sidset,full_synthetic,1,0.43935027718544006,data\cache\clean\test\sidset_full_synthetic_063062\crop80.jpg
sidset_full_synthetic_067084,crop80,sidset,full_synthetic,1,0.004922858439385891,data\cache\clean\test\sidset_full_synthetic_067084\crop80.jpg
stylegan_xl_0097a2e24789bc7a,crop80,stylegan_xl,stylegan_xl,1,0.13568751513957977,data\cache\clean\test\stylegan_xl_0097a2e24789bc7a\crop80.jpg
stylegan_xl_00a4591cf03df584,crop80,stylegan_xl,stylegan_xl,1,2.910233831698861e-07,data\cache\clean\test\stylegan_xl_00a4591cf03df584\crop80.jpg
stylegan_xl_031391f1ab18ab62,crop80,stylegan_xl,stylegan_xl,1,0.01724386028945446,data\cache\clean\test\stylegan_xl_031391f1ab18ab62\crop80.jpg
stylegan_xl_0a4244f8a9185bad,crop80,stylegan_xl,stylegan_xl,1,0.08973094820976257,data\cache\clean\test\stylegan_xl_0a4244f8a9185bad\crop80.jpg
stylegan_xl_0f7efa4c31bcd8f4,crop80,stylegan_xl,stylegan_xl,1,0.00045585789484903216,data\cache\clean\test\stylegan_xl_0f7efa4c31bcd8f4\crop80.jpg
stylegan_xl_1060d58257bc5130,crop80,stylegan_xl,stylegan_xl,1,0.0028552059084177017,data\cache\clean\test\stylegan_xl_1060d58257bc5130\crop80.jpg
stylegan_xl_1440252ff76f525f,crop80,stylegan_xl,stylegan_xl,1,0.09701923280954361,data\cache\clean\test\stylegan_xl_1440252ff76f525f\crop80.jpg
stylegan_xl_17f8bf0ef8d2f478,crop80,stylegan_xl,stylegan_xl,1,0.025369973853230476,data\cache\clean\test\stylegan_xl_17f8bf0ef8d2f478\crop80.jpg
stylegan_xl_2013fe0d44f84041,crop80,stylegan_xl,stylegan_xl,1,0.003698025131598115,data\cache\clean\test\stylegan_xl_2013fe0d44f84041\crop80.jpg
stylegan_xl_3621cf0be1fc8d68,crop80,stylegan_xl,stylegan_xl,1,0.16469620168209076,data\cache\clean\test\stylegan_xl_3621cf0be1fc8d68\crop80.jpg
stylegan_xl_3b5e18f8fc06450d,crop80,stylegan_xl,stylegan_xl,1,0.001109653152525425,data\cache\clean\test\stylegan_xl_3b5e18f8fc06450d\crop80.jpg
stylegan_xl_44451,crop80,stylegan_xl,stylegan_xl,1,0.000819751585368067,data\cache\clean\test\stylegan_xl_44451\crop80.jpg
stylegan_xl_45602,crop80,stylegan_xl,stylegan_xl,1,0.33497920632362366,data\cache\clean\test\stylegan_xl_45602\crop80.jpg
stylegan_xl_49539,crop80,stylegan_xl,stylegan_xl,1,0.37817826867103577,data\cache\clean\test\stylegan_xl_49539\crop80.jpg
stylegan_xl_4f991f9638e28675,crop80,stylegan_xl,stylegan_xl,1,4.4310043449513614e-05,data\cache\clean\test\stylegan_xl_4f991f9638e28675\crop80.jpg
stylegan_xl_60ed9d3511d333bf,crop80,stylegan_xl,stylegan_xl,1,0.11067862063646317,data\cache\clean\test\stylegan_xl_60ed9d3511d333bf\crop80.jpg
stylegan_xl_729fee52c5b7f95b,crop80,stylegan_xl,stylegan_xl,1,0.0008232804830186069,data\cache\clean\test\stylegan_xl_729fee52c5b7f95b\crop80.jpg
stylegan_xl_7d433e90bcd7bd53,crop80,stylegan_xl,stylegan_xl,1,0.003925501834601164,data\cache\clean\test\stylegan_xl_7d433e90bcd7bd53\crop80.jpg
stylegan_xl_7ffebe6032f8209f,crop80,stylegan_xl,stylegan_xl,1,0.020754866302013397,data\cache\clean\test\stylegan_xl_7ffebe6032f8209f\crop80.jpg
stylegan_xl_80fc8be6e7c11eb3,crop80,stylegan_xl,stylegan_xl,1,0.002248725388199091,data\cache\clean\test\stylegan_xl_80fc8be6e7c11eb3\crop80.jpg
stylegan_xl_8f9dfd75dde8914f,crop80,stylegan_xl,stylegan_xl,1,0.00012008974590571597,data\cache\clean\test\stylegan_xl_8f9dfd75dde8914f\crop80.jpg
stylegan_xl_a1ed16fffc5ecb68,crop80,stylegan_xl,stylegan_xl,1,0.027079258114099503,data\cache\clean\test\stylegan_xl_a1ed16fffc5ecb68\crop80.jpg
stylegan_xl_a72f3ace10a8f550,crop80,stylegan_xl,stylegan_xl,1,8.677699838699482e-07,data\cache\clean\test\stylegan_xl_a72f3ace10a8f550\crop80.jpg
stylegan_xl_b6abe358484b287a,crop80,stylegan_xl,stylegan_xl,1,0.2349691092967987,data\cache\clean\test\stylegan_xl_b6abe358484b287a\crop80.jpg
stylegan_xl_bd69757ff485d03e,crop80,stylegan_xl,stylegan_xl,1,0.32016289234161377,data\cache\clean\test\stylegan_xl_bd69757ff485d03e\crop80.jpg
stylegan_xl_cccbc1d57a7e095e,crop80,stylegan_xl,stylegan_xl,1,0.20984278619289398,data\cache\clean\test\stylegan_xl_cccbc1d57a7e095e\crop80.jpg
stylegan_xl_d686a15f05d09472,crop80,stylegan_xl,stylegan_xl,1,0.4477469325065613,data\cache\clean\test\stylegan_xl_d686a15f05d09472\crop80.jpg
stylegan_xl_d7c4ece8c8a01de0,crop80,stylegan_xl,stylegan_xl,1,0.05051715672016144,data\cache\clean\test\stylegan_xl_d7c4ece8c8a01de0\crop80.jpg
stylegan_xl_e4b8e7ef72cabaf2,crop80,stylegan_xl,stylegan_xl,1,6.281666173890699e-06,data\cache\clean\test\stylegan_xl_e4b8e7ef72cabaf2\crop80.jpg
stylegan_xl_f2ea3473d8b1a62f,crop80,stylegan_xl,stylegan_xl,1,0.20778103172779083,data\cache\clean\test\stylegan_xl_f2ea3473d8b1a62f\crop80.jpg
stylegan_xl_fef6a66b8deaa7ab,crop80,stylegan_xl,stylegan_xl,1,1.0156400094274431e-06,data\cache\clean\test\stylegan_xl_fef6a66b8deaa7ab\crop80.jpg
cifake_1028 (10),jpeg_q30,cifake,stable_diffusion,1,0.39854806661605835,data\cache\clean\test\cifake_1028 (10)\jpeg_q30.jpg
cifake_1088 (3),jpeg_q30,cifake,stable_diffusion,1,0.24028979241847992,data\cache\clean\test\cifake_1088 (3)\jpeg_q30.jpg
cifake_1270 (7),jpeg_q30,cifake,stable_diffusion,1,0.3356646001338959,data\cache\clean\test\cifake_1270 (7)\jpeg_q30.jpg
cifake_1297 (6),jpeg_q30,cifake,stable_diffusion,1,0.462473601102829,data\cache\clean\test\cifake_1297 (6)\jpeg_q30.jpg
cifake_1753 (7),jpeg_q30,cifake,stable_diffusion,1,0.49710217118263245,data\cache\clean\test\cifake_1753 (7)\jpeg_q30.jpg
cifake_1867 (9),jpeg_q30,cifake,stable_diffusion,1,0.2782481908798218,data\cache\clean\test\cifake_1867 (9)\jpeg_q30.jpg
cifake_2831,jpeg_q30,cifake,stable_diffusion,1,0.4803970158100128,data\cache\clean\test\cifake_2831\jpeg_q30.jpg
cifake_2850 (3),jpeg_q30,cifake,stable_diffusion,1,0.36762747168540955,data\cache\clean\test\cifake_2850 (3)\jpeg_q30.jpg
cifake_3379 (8),jpeg_q30,cifake,stable_diffusion,1,0.3464810252189636,data\cache\clean\test\cifake_3379 (8)\jpeg_q30.jpg
cifake_3582 (9),jpeg_q30,cifake,stable_diffusion,1,0.3772410750389099,data\cache\clean\test\cifake_3582 (9)\jpeg_q30.jpg
cifake_3608,jpeg_q30,cifake,stable_diffusion,1,0.2898070216178894,data\cache\clean\test\cifake_3608\jpeg_q30.jpg
cifake_3975 (6),jpeg_q30,cifake,stable_diffusion,1,0.2775684893131256,data\cache\clean\test\cifake_3975 (6)\jpeg_q30.jpg
cifake_4127 (3),jpeg_q30,cifake,stable_diffusion,1,0.20079416036605835,data\cache\clean\test\cifake_4127 (3)\jpeg_q30.jpg
cifake_4160 (8)_1,jpeg_q30,cifake,stable_diffusion,1,0.2907275855541229,data\cache\clean\test\cifake_4160 (8)_1\jpeg_q30.jpg
cifake_4615 (3),jpeg_q30,cifake,stable_diffusion,1,0.17276372015476227,data\cache\clean\test\cifake_4615 (3)\jpeg_q30.jpg
cifake_5221 (3),jpeg_q30,cifake,stable_diffusion,1,0.10206183046102524,data\cache\clean\test\cifake_5221 (3)\jpeg_q30.jpg
cifake_5288 (5),jpeg_q30,cifake,stable_diffusion,1,0.06020737066864967,data\cache\clean\test\cifake_5288 (5)\jpeg_q30.jpg
cifake_5607 (3),jpeg_q30,cifake,stable_diffusion,1,0.025460852310061455,data\cache\clean\test\cifake_5607 (3)\jpeg_q30.jpg
cifake_5821 (4),jpeg_q30,cifake,stable_diffusion,1,0.03400078043341637,data\cache\clean\test\cifake_5821 (4)\jpeg_q30.jpg
cifake_75,jpeg_q30,cifake,stable_diffusion,1,0.3897397816181183,data\cache\clean\test\cifake_75\jpeg_q30.jpg
cifake_939 (6),jpeg_q30,cifake,stable_diffusion,1,0.12987524271011353,data\cache\clean\test\cifake_939 (6)\jpeg_q30.jpg
dalle_13820,jpeg_q30,dalle,dalle,1,0.03273564577102661,data\cache\clean\test\dalle_13820\jpeg_q30.jpg
dalle_1895b86b74caac5dad51022c3d3b33df,jpeg_q30,dalle,dalle,1,0.19066135585308075,data\cache\clean\test\dalle_1895b86b74caac5dad51022c3d3b33df\jpeg_q30.jpg
dalle_19157,jpeg_q30,dalle,dalle,1,0.4827166199684143,data\cache\clean\test\dalle_19157\jpeg_q30.jpg
dalle_20080,jpeg_q30,dalle,dalle,1,0.48807650804519653,data\cache\clean\test\dalle_20080\jpeg_q30.jpg
dalle_24299,jpeg_q30,dalle,dalle,1,0.07164637744426727,data\cache\clean\test\dalle_24299\jpeg_q30.jpg
dalle_33159,jpeg_q30,dalle,dalle,1,0.00033398522646166384,data\cache\clean\test\dalle_33159\jpeg_q30.jpg
dalle_41791,jpeg_q30,dalle,dalle,1,0.015643486753106117,data\cache\clean\test\dalle_41791\jpeg_q30.jpg
dalle_41855,jpeg_q30,dalle,dalle,1,0.1329946666955948,data\cache\clean\test\dalle_41855\jpeg_q30.jpg
dalle_6f0f61883f111368d770c54801f33449,jpeg_q30,dalle,dalle,1,0.05842640995979309,data\cache\clean\test\dalle_6f0f61883f111368d770c54801f33449\jpeg_q30.jpg
dalle_8017,jpeg_q30,dalle,dalle,1,0.04789226874709129,data\cache\clean\test\dalle_8017\jpeg_q30.jpg
gigagan_01605,jpeg_q30,gigagan,gigagan,1,0.06088788062334061,data\cache\clean\test\gigagan_01605\jpeg_q30.jpg
gigagan_05738,jpeg_q30,gigagan,gigagan,1,0.019536826759576797,data\cache\clean\test\gigagan_05738\jpeg_q30.jpg
gigagan_05849,jpeg_q30,gigagan,gigagan,1,0.10728523880243301,data\cache\clean\test\gigagan_05849\jpeg_q30.jpg
gigagan_07350,jpeg_q30,gigagan,gigagan,1,0.0001600339455762878,data\cache\clean\test\gigagan_07350\jpeg_q30.jpg
gigagan_07986,jpeg_q30,gigagan,gigagan,1,0.07685799151659012,data\cache\clean\test\gigagan_07986\jpeg_q30.jpg
gigagan_10769,jpeg_q30,gigagan,gigagan,1,0.008957802318036556,data\cache\clean\test\gigagan_10769\jpeg_q30.jpg
gigagan_10914,jpeg_q30,gigagan,gigagan,1,0.033438969403505325,data\cache\clean\test\gigagan_10914\jpeg_q30.jpg
gigagan_12489,jpeg_q30,gigagan,gigagan,1,0.08368882536888123,data\cache\clean\test\gigagan_12489\jpeg_q30.jpg
gigagan_14071,jpeg_q30,gigagan,gigagan,1,3.118885069852695e-05,data\cache\clean\test\gigagan_14071\jpeg_q30.jpg
gigagan_14138,jpeg_q30,gigagan,gigagan,1,0.23507322371006012,data\cache\clean\test\gigagan_14138\jpeg_q30.jpg
gigagan_15454,jpeg_q30,gigagan,gigagan,1,0.002701560268178582,data\cache\clean\test\gigagan_15454\jpeg_q30.jpg
gigagan_15561,jpeg_q30,gigagan,gigagan,1,0.05065925046801567,data\cache\clean\test\gigagan_15561\jpeg_q30.jpg
gigagan_17003,jpeg_q30,gigagan,gigagan,1,0.0030330242589116096,data\cache\clean\test\gigagan_17003\jpeg_q30.jpg
gigagan_20327,jpeg_q30,gigagan,gigagan,1,0.0017352864379063249,data\cache\clean\test\gigagan_20327\jpeg_q30.jpg
gigagan_20756,jpeg_q30,gigagan,gigagan,1,0.40794146060943604,data\cache\clean\test\gigagan_20756\jpeg_q30.jpg
gigagan_21611,jpeg_q30,gigagan,gigagan,1,0.05676298961043358,data\cache\clean\test\gigagan_21611\jpeg_q30.jpg
gigagan_22418,jpeg_q30,gigagan,gigagan,1,0.002687425585463643,data\cache\clean\test\gigagan_22418\jpeg_q30.jpg
gigagan_22533,jpeg_q30,gigagan,gigagan,1,0.45221948623657227,data\cache\clean\test\gigagan_22533\jpeg_q30.jpg
gigagan_23264,jpeg_q30,gigagan,gigagan,1,0.4490358829498291,data\cache\clean\test\gigagan_23264\jpeg_q30.jpg
gigagan_24445,jpeg_q30,gigagan,gigagan,1,0.024553829804062843,data\cache\clean\test\gigagan_24445\jpeg_q30.jpg
gigagan_24679,jpeg_q30,gigagan,gigagan,1,0.08482211083173752,data\cache\clean\test\gigagan_24679\jpeg_q30.jpg
gigagan_25090,jpeg_q30,gigagan,gigagan,1,0.02101411484181881,data\cache\clean\test\gigagan_25090\jpeg_q30.jpg
gigagan_26067,jpeg_q30,gigagan,gigagan,1,0.4670902192592621,data\cache\clean\test\gigagan_26067\jpeg_q30.jpg
gigagan_27542,jpeg_q30,gigagan,gigagan,1,0.4359402358531952,data\cache\clean\test\gigagan_27542\jpeg_q30.jpg
imagen3_045e6da6fd7f6fb0,jpeg_q30,imagen3,imagen3,1,0.004775679670274258,data\cache\clean\test\imagen3_045e6da6fd7f6fb0\jpeg_q30.jpg
imagen3_04e3097ac2f57647,jpeg_q30,imagen3,imagen3,1,0.12318037450313568,data\cache\clean\test\imagen3_04e3097ac2f57647\jpeg_q30.jpg
imagen3_07747d6ffd056bee,jpeg_q30,imagen3,imagen3,1,0.0001458360202377662,data\cache\clean\test\imagen3_07747d6ffd056bee\jpeg_q30.jpg
imagen3_13ed1f9391224848,jpeg_q30,imagen3,imagen3,1,0.033064376562833786,data\cache\clean\test\imagen3_13ed1f9391224848\jpeg_q30.jpg
imagen3_17643da56f35c6f7,jpeg_q30,imagen3,imagen3,1,9.967435516955447e-07,data\cache\clean\test\imagen3_17643da56f35c6f7\jpeg_q30.jpg
imagen3_24e64d19ddde11cb,jpeg_q30,imagen3,imagen3,1,6.557804113072052e-07,data\cache\clean\test\imagen3_24e64d19ddde11cb\jpeg_q30.jpg
imagen3_260ae6b06f1f50e2,jpeg_q30,imagen3,imagen3,1,5.695499567082152e-06,data\cache\clean\test\imagen3_260ae6b06f1f50e2\jpeg_q30.jpg
imagen3_2be4510162a8a76e,jpeg_q30,imagen3,imagen3,1,0.0054486412554979324,data\cache\clean\test\imagen3_2be4510162a8a76e\jpeg_q30.jpg
imagen3_3403b18fc93acbfc,jpeg_q30,imagen3,imagen3,1,0.0004353071562945843,data\cache\clean\test\imagen3_3403b18fc93acbfc\jpeg_q30.jpg
imagen3_43058,jpeg_q30,imagen3,imagen3,1,5.028483883506851e-06,data\cache\clean\test\imagen3_43058\jpeg_q30.jpg
imagen3_44015,jpeg_q30,imagen3,imagen3,1,0.0013448033714666963,data\cache\clean\test\imagen3_44015\jpeg_q30.jpg
imagen3_44075,jpeg_q30,imagen3,imagen3,1,0.011303299106657505,data\cache\clean\test\imagen3_44075\jpeg_q30.jpg
imagen3_46922,jpeg_q30,imagen3,imagen3,1,0.0753546878695488,data\cache\clean\test\imagen3_46922\jpeg_q30.jpg
imagen3_473ffc5e3d5dc373,jpeg_q30,imagen3,imagen3,1,0.04242868721485138,data\cache\clean\test\imagen3_473ffc5e3d5dc373\jpeg_q30.jpg
imagen3_519f5c348fe55fcd,jpeg_q30,imagen3,imagen3,1,0.00010620258399285376,data\cache\clean\test\imagen3_519f5c348fe55fcd\jpeg_q30.jpg
imagen3_52115,jpeg_q30,imagen3,imagen3,1,0.3300352692604065,data\cache\clean\test\imagen3_52115\jpeg_q30.jpg
imagen3_52520,jpeg_q30,imagen3,imagen3,1,0.1605585664510727,data\cache\clean\test\imagen3_52520\jpeg_q30.jpg
imagen3_560ead164dab63a5,jpeg_q30,imagen3,imagen3,1,0.2039944976568222,data\cache\clean\test\imagen3_560ead164dab63a5\jpeg_q30.jpg
imagen3_5e95809bd47d157b,jpeg_q30,imagen3,imagen3,1,0.010596763342618942,data\cache\clean\test\imagen3_5e95809bd47d157b\jpeg_q30.jpg
imagen3_69467160e53f71bc,jpeg_q30,imagen3,imagen3,1,0.008422637358307838,data\cache\clean\test\imagen3_69467160e53f71bc\jpeg_q30.jpg
imagen3_6a8270ea182a9194,jpeg_q30,imagen3,imagen3,1,0.0004493642773013562,data\cache\clean\test\imagen3_6a8270ea182a9194\jpeg_q30.jpg
imagen3_6c7624322b04ce43,jpeg_q30,imagen3,imagen3,1,5.7723545978660695e-06,data\cache\clean\test\imagen3_6c7624322b04ce43\jpeg_q30.jpg
imagen3_77fb2d4f372634f8,jpeg_q30,imagen3,imagen3,1,5.760900967288762e-05,data\cache\clean\test\imagen3_77fb2d4f372634f8\jpeg_q30.jpg
imagen3_7ee1485909c59826,jpeg_q30,imagen3,imagen3,1,0.03181873634457588,data\cache\clean\test\imagen3_7ee1485909c59826\jpeg_q30.jpg
imagen3_8b13dc3bff918841,jpeg_q30,imagen3,imagen3,1,7.968007412273437e-05,data\cache\clean\test\imagen3_8b13dc3bff918841\jpeg_q30.jpg
imagen3_8c20e4bf83ffff36,jpeg_q30,imagen3,imagen3,1,0.027660714462399483,data\cache\clean\test\imagen3_8c20e4bf83ffff36\jpeg_q30.jpg
imagen3_8e6f8acd28fd8f35,jpeg_q30,imagen3,imagen3,1,0.058596495538949966,data\cache\clean\test\imagen3_8e6f8acd28fd8f35\jpeg_q30.jpg
imagen3_9e82651e214a25c8,jpeg_q30,imagen3,imagen3,1,0.00184926379006356,data\cache\clean\test\imagen3_9e82651e214a25c8\jpeg_q30.jpg
imagen3_a1b5be9a5f0d1f7a,jpeg_q30,imagen3,imagen3,1,0.02345682866871357,data\cache\clean\test\imagen3_a1b5be9a5f0d1f7a\jpeg_q30.jpg
imagen3_aa13646e437b7afa,jpeg_q30,imagen3,imagen3,1,0.002566674957051873,data\cache\clean\test\imagen3_aa13646e437b7afa\jpeg_q30.jpg
imagen3_ad860df8c2a1a848,jpeg_q30,imagen3,imagen3,1,0.00015699148934800178,data\cache\clean\test\imagen3_ad860df8c2a1a848\jpeg_q30.jpg
imagen3_b69c9976ced306d1,jpeg_q30,imagen3,imagen3,1,0.053488437086343765,data\cache\clean\test\imagen3_b69c9976ced306d1\jpeg_q30.jpg
imagen3_ca44bb7db1e73a9a,jpeg_q30,imagen3,imagen3,1,0.0019428993109613657,data\cache\clean\test\imagen3_ca44bb7db1e73a9a\jpeg_q30.jpg
imagen3_d326e7c87fb1d966,jpeg_q30,imagen3,imagen3,1,0.15246425569057465,data\cache\clean\test\imagen3_d326e7c87fb1d966\jpeg_q30.jpg
imagen3_e63f3b6f8bdee43a,jpeg_q30,imagen3,imagen3,1,6.412497441488085e-06,data\cache\clean\test\imagen3_e63f3b6f8bdee43a\jpeg_q30.jpg
imagen3_eaf94916ce926270,jpeg_q30,imagen3,imagen3,1,0.24878622591495514,data\cache\clean\test\imagen3_eaf94916ce926270\jpeg_q30.jpg
imagen3_f2da05bffbe27dab,jpeg_q30,imagen3,imagen3,1,0.2368151992559433,data\cache\clean\test\imagen3_f2da05bffbe27dab\jpeg_q30.jpg
imagen3_f69a20bda8f47fea,jpeg_q30,imagen3,imagen3,1,0.12211915105581284,data\cache\clean\test\imagen3_f69a20bda8f47fea\jpeg_q30.jpg
imagen3_fe7048efd51b15b8,jpeg_q30,imagen3,imagen3,1,0.015203115530312061,data\cache\clean\test\imagen3_fe7048efd51b15b8\jpeg_q30.jpg
imagen3_Imagen3_2445,jpeg_q30,imagen3,imagen3,1,0.2676772177219391,data\cache\clean\test\imagen3_Imagen3_2445\jpeg_q30.jpg
imagen3_Imagen3_3556,jpeg_q30,imagen3,imagen3,1,0.04816649481654167,data\cache\clean\test\imagen3_Imagen3_3556\jpeg_q30.jpg
sidset_full_synthetic_017359,jpeg_q30,sidset,full_synthetic,1,0.21778593957424164,data\cache\clean\test\sidset_full_synthetic_017359\jpeg_q30.jpg
sidset_full_synthetic_046026,jpeg_q30,sidset,full_synthetic,1,0.22568950057029724,data\cache\clean\test\sidset_full_synthetic_046026\jpeg_q30.jpg
sidset_full_synthetic_048809,jpeg_q30,sidset,full_synthetic,1,0.005586880724877119,data\cache\clean\test\sidset_full_synthetic_048809\jpeg_q30.jpg
sidset_full_synthetic_060524,jpeg_q30,sidset,full_synthetic,1,0.07266727089881897,data\cache\clean\test\sidset_full_synthetic_060524\jpeg_q30.jpg
stylegan_xl_0097a2e24789bc7a,jpeg_q30,stylegan_xl,stylegan_xl,1,0.0017048547742888331,data\cache\clean\test\stylegan_xl_0097a2e24789bc7a\jpeg_q30.jpg
stylegan_xl_00a4591cf03df584,jpeg_q30,stylegan_xl,stylegan_xl,1,7.807388868741327e-08,data\cache\clean\test\stylegan_xl_00a4591cf03df584\jpeg_q30.jpg
stylegan_xl_031391f1ab18ab62,jpeg_q30,stylegan_xl,stylegan_xl,1,0.39651066064834595,data\cache\clean\test\stylegan_xl_031391f1ab18ab62\jpeg_q30.jpg
stylegan_xl_0a4244f8a9185bad,jpeg_q30,stylegan_xl,stylegan_xl,1,0.13142402470111847,data\cache\clean\test\stylegan_xl_0a4244f8a9185bad\jpeg_q30.jpg
stylegan_xl_0f7efa4c31bcd8f4,jpeg_q30,stylegan_xl,stylegan_xl,1,3.055582783417776e-05,data\cache\clean\test\stylegan_xl_0f7efa4c31bcd8f4\jpeg_q30.jpg
stylegan_xl_1060d58257bc5130,jpeg_q30,stylegan_xl,stylegan_xl,1,0.0002047443704213947,data\cache\clean\test\stylegan_xl_1060d58257bc5130\jpeg_q30.jpg
stylegan_xl_1440252ff76f525f,jpeg_q30,stylegan_xl,stylegan_xl,1,0.015842610970139503,data\cache\clean\test\stylegan_xl_1440252ff76f525f\jpeg_q30.jpg
stylegan_xl_17f8bf0ef8d2f478,jpeg_q30,stylegan_xl,stylegan_xl,1,0.005718132480978966,data\cache\clean\test\stylegan_xl_17f8bf0ef8d2f478\jpeg_q30.jpg
stylegan_xl_2013fe0d44f84041,jpeg_q30,stylegan_xl,stylegan_xl,1,0.005086731631308794,data\cache\clean\test\stylegan_xl_2013fe0d44f84041\jpeg_q30.jpg
stylegan_xl_324e332686aa6966,jpeg_q30,stylegan_xl,stylegan_xl,1,0.2479638159275055,data\cache\clean\test\stylegan_xl_324e332686aa6966\jpeg_q30.jpg
stylegan_xl_3621cf0be1fc8d68,jpeg_q30,stylegan_xl,stylegan_xl,1,0.06857448071241379,data\cache\clean\test\stylegan_xl_3621cf0be1fc8d68\jpeg_q30.jpg
stylegan_xl_38c489e3b0d8c700,jpeg_q30,stylegan_xl,stylegan_xl,1,0.3476695716381073,data\cache\clean\test\stylegan_xl_38c489e3b0d8c700\jpeg_q30.jpg
stylegan_xl_3b5e18f8fc06450d,jpeg_q30,stylegan_xl,stylegan_xl,1,0.0011781825451180339,data\cache\clean\test\stylegan_xl_3b5e18f8fc06450d\jpeg_q30.jpg
stylegan_xl_43847,jpeg_q30,stylegan_xl,stylegan_xl,1,0.08266720175743103,data\cache\clean\test\stylegan_xl_43847\jpeg_q30.jpg
stylegan_xl_44451,jpeg_q30,stylegan_xl,stylegan_xl,1,0.049697984009981155,data\cache\clean\test\stylegan_xl_44451\jpeg_q30.jpg
stylegan_xl_45602,jpeg_q30,stylegan_xl,stylegan_xl,1,0.01570247858762741,data\cache\clean\test\stylegan_xl_45602\jpeg_q30.jpg
stylegan_xl_48611,jpeg_q30,stylegan_xl,stylegan_xl,1,0.0153490100055933,data\cache\clean\test\stylegan_xl_48611\jpeg_q30.jpg
stylegan_xl_48927,jpeg_q30,stylegan_xl,stylegan_xl,1,0.27511581778526306,data\cache\clean\test\stylegan_xl_48927\jpeg_q30.jpg
stylegan_xl_49539,jpeg_q30,stylegan_xl,stylegan_xl,1,0.31767016649246216,data\cache\clean\test\stylegan_xl_49539\jpeg_q30.jpg
stylegan_xl_4f991f9638e28675,jpeg_q30,stylegan_xl,stylegan_xl,1,0.0006200856296345592,data\cache\clean\test\stylegan_xl_4f991f9638e28675\jpeg_q30.jpg
stylegan_xl_53551,jpeg_q30,stylegan_xl,stylegan_xl,1,0.4163895845413208,data\cache\clean\test\stylegan_xl_53551\jpeg_q30.jpg
stylegan_xl_60ed9d3511d333bf,jpeg_q30,stylegan_xl,stylegan_xl,1,0.09936877340078354,data\cache\clean\test\stylegan_xl_60ed9d3511d333bf\jpeg_q30.jpg
stylegan_xl_729fee52c5b7f95b,jpeg_q30,stylegan_xl,stylegan_xl,1,0.10401539504528046,data\cache\clean\test\stylegan_xl_729fee52c5b7f95b\jpeg_q30.jpg
stylegan_xl_7d433e90bcd7bd53,jpeg_q30,stylegan_xl,stylegan_xl,1,0.0003392923972569406,data\cache\clean\test\stylegan_xl_7d433e90bcd7bd53\jpeg_q30.jpg
stylegan_xl_7ffebe6032f8209f,jpeg_q30,stylegan_xl,stylegan_xl,1,0.03568894788622856,data\cache\clean\test\stylegan_xl_7ffebe6032f8209f\jpeg_q30.jpg
stylegan_xl_80fc8be6e7c11eb3,jpeg_q30,stylegan_xl,stylegan_xl,1,3.16087098326534e-05,data\cache\clean\test\stylegan_xl_80fc8be6e7c11eb3\jpeg_q30.jpg
stylegan_xl_8461b1ae87c22c20,jpeg_q30,stylegan_xl,stylegan_xl,1,0.3424687385559082,data\cache\clean\test\stylegan_xl_8461b1ae87c22c20\jpeg_q30.jpg
stylegan_xl_8f9dfd75dde8914f,jpeg_q30,stylegan_xl,stylegan_xl,1,0.0012535391142591834,data\cache\clean\test\stylegan_xl_8f9dfd75dde8914f\jpeg_q30.jpg
stylegan_xl_a1ed16fffc5ecb68,jpeg_q30,stylegan_xl,stylegan_xl,1,0.002886377274990082,data\cache\clean\test\stylegan_xl_a1ed16fffc5ecb68\jpeg_q30.jpg
stylegan_xl_a72f3ace10a8f550,jpeg_q30,stylegan_xl,stylegan_xl,1,2.0753659555339254e-06,data\cache\clean\test\stylegan_xl_a72f3ace10a8f550\jpeg_q30.jpg
stylegan_xl_bd69757ff485d03e,jpeg_q30,stylegan_xl,stylegan_xl,1,0.49663111567497253,data\cache\clean\test\stylegan_xl_bd69757ff485d03e\jpeg_q30.jpg
stylegan_xl_c9421141bcf3a15a,jpeg_q30,stylegan_xl,stylegan_xl,1,0.1455337256193161,data\cache\clean\test\stylegan_xl_c9421141bcf3a15a\jpeg_q30.jpg
stylegan_xl_cccbc1d57a7e095e,jpeg_q30,stylegan_xl,stylegan_xl,1,0.3065997362136841,data\cache\clean\test\stylegan_xl_cccbc1d57a7e095e\jpeg_q30.jpg
stylegan_xl_cf9c332a1ebfb587,jpeg_q30,stylegan_xl,stylegan_xl,1,0.264763206243515,data\cache\clean\test\stylegan_xl_cf9c332a1ebfb587\jpeg_q30.jpg
stylegan_xl_d686a15f05d09472,jpeg_q30,stylegan_xl,stylegan_xl,1,0.02391190640628338,data\cache\clean\test\stylegan_xl_d686a15f05d09472\jpeg_q30.jpg
stylegan_xl_e4b8e7ef72cabaf2,jpeg_q30,stylegan_xl,stylegan_xl,1,0.4239914119243622,data\cache\clean\test\stylegan_xl_e4b8e7ef72cabaf2\jpeg_q30.jpg
stylegan_xl_f2ea3473d8b1a62f,jpeg_q30,stylegan_xl,stylegan_xl,1,0.014227895997464657,data\cache\clean\test\stylegan_xl_f2ea3473d8b1a62f\jpeg_q30.jpg
stylegan_xl_fef6a66b8deaa7ab,jpeg_q30,stylegan_xl,stylegan_xl,1,1.7498202851129463e-06,data\cache\clean\test\stylegan_xl_fef6a66b8deaa7ab\jpeg_q30.jpg
cifake_1028 (10),jpeg_q50,cifake,stable_diffusion,1,0.340660959482193,data\cache\clean\test\cifake_1028 (10)\jpeg_q50.jpg
cifake_1088 (3),jpeg_q50,cifake,stable_diffusion,1,0.16107970476150513,data\cache\clean\test\cifake_1088 (3)\jpeg_q50.jpg
cifake_1167 (3),jpeg_q50,cifake,stable_diffusion,1,0.29149168729782104,data\cache\clean\test\cifake_1167 (3)\jpeg_q50.jpg
cifake_1270 (7),jpeg_q50,cifake,stable_diffusion,1,0.4604458212852478,data\cache\clean\test\cifake_1270 (7)\jpeg_q50.jpg
cifake_1753 (7),jpeg_q50,cifake,stable_diffusion,1,0.2777790427207947,data\cache\clean\test\cifake_1753 (7)\jpeg_q50.jpg
cifake_1927 (7),jpeg_q50,cifake,stable_diffusion,1,0.4409341514110565,data\cache\clean\test\cifake_1927 (7)\jpeg_q50.jpg
cifake_2286 (2),jpeg_q50,cifake,stable_diffusion,1,0.09396103024482727,data\cache\clean\test\cifake_2286 (2)\jpeg_q50.jpg
cifake_2588 (7),jpeg_q50,cifake,stable_diffusion,1,0.43892723321914673,data\cache\clean\test\cifake_2588 (7)\jpeg_q50.jpg
cifake_2850 (3),jpeg_q50,cifake,stable_diffusion,1,0.3965798616409302,data\cache\clean\test\cifake_2850 (3)\jpeg_q50.jpg
cifake_2905 (7),jpeg_q50,cifake,stable_diffusion,1,0.4252324402332306,data\cache\clean\test\cifake_2905 (7)\jpeg_q50.jpg
cifake_3006 (4)_1,jpeg_q50,cifake,stable_diffusion,1,0.29639819264411926,data\cache\clean\test\cifake_3006 (4)_1\jpeg_q50.jpg
cifake_3339 (9),jpeg_q50,cifake,stable_diffusion,1,0.4861859679222107,data\cache\clean\test\cifake_3339 (9)\jpeg_q50.jpg
cifake_3379 (8),jpeg_q50,cifake,stable_diffusion,1,0.08091992139816284,data\cache\clean\test\cifake_3379 (8)\jpeg_q50.jpg
cifake_3395 (5),jpeg_q50,cifake,stable_diffusion,1,0.43974021077156067,data\cache\clean\test\cifake_3395 (5)\jpeg_q50.jpg
cifake_3582 (9),jpeg_q50,cifake,stable_diffusion,1,0.14320537447929382,data\cache\clean\test\cifake_3582 (9)\jpeg_q50.jpg
cifake_4127 (3),jpeg_q50,cifake,stable_diffusion,1,0.0751219168305397,data\cache\clean\test\cifake_4127 (3)\jpeg_q50.jpg
cifake_4221 (2),jpeg_q50,cifake,stable_diffusion,1,0.3490687608718872,data\cache\clean\test\cifake_4221 (2)\jpeg_q50.jpg
cifake_4615 (3),jpeg_q50,cifake,stable_diffusion,1,0.15855012834072113,data\cache\clean\test\cifake_4615 (3)\jpeg_q50.jpg
cifake_5221 (3),jpeg_q50,cifake,stable_diffusion,1,0.11264293640851974,data\cache\clean\test\cifake_5221 (3)\jpeg_q50.jpg
cifake_5470 (4),jpeg_q50,cifake,stable_diffusion,1,0.3552049994468689,data\cache\clean\test\cifake_5470 (4)\jpeg_q50.jpg
cifake_5607 (3),jpeg_q50,cifake,stable_diffusion,1,0.07112569361925125,data\cache\clean\test\cifake_5607 (3)\jpeg_q50.jpg
cifake_5831,jpeg_q50,cifake,stable_diffusion,1,0.4880072772502899,data\cache\clean\test\cifake_5831\jpeg_q50.jpg
cifake_5932 (2),jpeg_q50,cifake,stable_diffusion,1,0.2937615215778351,data\cache\clean\test\cifake_5932 (2)\jpeg_q50.jpg
cifake_789 (6),jpeg_q50,cifake,stable_diffusion,1,0.33226367831230164,data\cache\clean\test\cifake_789 (6)\jpeg_q50.jpg
cifake_939 (6),jpeg_q50,cifake,stable_diffusion,1,0.1976042538881302,data\cache\clean\test\cifake_939 (6)\jpeg_q50.jpg
dalle_13820,jpeg_q50,dalle,dalle,1,0.30411115288734436,data\cache\clean\test\dalle_13820\jpeg_q50.jpg
dalle_1895b86b74caac5dad51022c3d3b33df,jpeg_q50,dalle,dalle,1,0.05749453231692314,data\cache\clean\test\dalle_1895b86b74caac5dad51022c3d3b33df\jpeg_q50.jpg
dalle_19157,jpeg_q50,dalle,dalle,1,0.13161678612232208,data\cache\clean\test\dalle_19157\jpeg_q50.jpg
dalle_20080,jpeg_q50,dalle,dalle,1,0.3930540382862091,data\cache\clean\test\dalle_20080\jpeg_q50.jpg
dalle_33159,jpeg_q50,dalle,dalle,1,0.0024536428973078728,data\cache\clean\test\dalle_33159\jpeg_q50.jpg
dalle_41791,jpeg_q50,dalle,dalle,1,0.005780067760497332,data\cache\clean\test\dalle_41791\jpeg_q50.jpg
dalle_41855,jpeg_q50,dalle,dalle,1,0.1126653403043747,data\cache\clean\test\dalle_41855\jpeg_q50.jpg
dalle_41915,jpeg_q50,dalle,dalle,1,0.4353715181350708,data\cache\clean\test\dalle_41915\jpeg_q50.jpg
dalle_6481,jpeg_q50,dalle,dalle,1,0.19595451653003693,data\cache\clean\test\dalle_6481\jpeg_q50.jpg
dalle_6f0f61883f111368d770c54801f33449,jpeg_q50,dalle,dalle,1,0.025001054629683495,data\cache\clean\test\dalle_6f0f61883f111368d770c54801f33449\jpeg_q50.jpg
dalle_8017,jpeg_q50,dalle,dalle,1,0.009973103180527687,data\cache\clean\test\dalle_8017\jpeg_q50.jpg
gigagan_01605,jpeg_q50,gigagan,gigagan,1,0.012617373839020729,data\cache\clean\test\gigagan_01605\jpeg_q50.jpg
gigagan_05738,jpeg_q50,gigagan,gigagan,1,0.035849202424287796,data\cache\clean\test\gigagan_05738\jpeg_q50.jpg
gigagan_05849,jpeg_q50,gigagan,gigagan,1,0.4149565100669861,data\cache\clean\test\gigagan_05849\jpeg_q50.jpg
gigagan_07350,jpeg_q50,gigagan,gigagan,1,0.00074393255636096,data\cache\clean\test\gigagan_07350\jpeg_q50.jpg
gigagan_10914,jpeg_q50,gigagan,gigagan,1,0.038304734975099564,data\cache\clean\test\gigagan_10914\jpeg_q50.jpg
gigagan_14071,jpeg_q50,gigagan,gigagan,1,5.3891468269284815e-05,data\cache\clean\test\gigagan_14071\jpeg_q50.jpg
gigagan_14138,jpeg_q50,gigagan,gigagan,1,0.36638951301574707,data\cache\clean\test\gigagan_14138\jpeg_q50.jpg
gigagan_15454,jpeg_q50,gigagan,gigagan,1,0.002031588228419423,data\cache\clean\test\gigagan_15454\jpeg_q50.jpg
gigagan_15561,jpeg_q50,gigagan,gigagan,1,0.0039015822112560272,data\cache\clean\test\gigagan_15561\jpeg_q50.jpg
gigagan_16859,jpeg_q50,gigagan,gigagan,1,0.3736730217933655,data\cache\clean\test\gigagan_16859\jpeg_q50.jpg
gigagan_17003,jpeg_q50,gigagan,gigagan,1,0.02806267887353897,data\cache\clean\test\gigagan_17003\jpeg_q50.jpg
gigagan_20468,jpeg_q50,gigagan,gigagan,1,0.4681415557861328,data\cache\clean\test\gigagan_20468\jpeg_q50.jpg
gigagan_20756,jpeg_q50,gigagan,gigagan,1,0.2617877423763275,data\cache\clean\test\gigagan_20756\jpeg_q50.jpg
gigagan_21611,jpeg_q50,gigagan,gigagan,1,0.05440531671047211,data\cache\clean\test\gigagan_21611\jpeg_q50.jpg
gigagan_22418,jpeg_q50,gigagan,gigagan,1,0.11282438039779663,data\cache\clean\test\gigagan_22418\jpeg_q50.jpg
gigagan_23264,jpeg_q50,gigagan,gigagan,1,0.10263537615537643,data\cache\clean\test\gigagan_23264\jpeg_q50.jpg
gigagan_23834,jpeg_q50,gigagan,gigagan,1,0.31034615635871887,data\cache\clean\test\gigagan_23834\jpeg_q50.jpg
gigagan_24445,jpeg_q50,gigagan,gigagan,1,0.3279951810836792,data\cache\clean\test\gigagan_24445\jpeg_q50.jpg
gigagan_24679,jpeg_q50,gigagan,gigagan,1,0.03619731590151787,data\cache\clean\test\gigagan_24679\jpeg_q50.jpg
gigagan_25090,jpeg_q50,gigagan,gigagan,1,0.0012094075791537762,data\cache\clean\test\gigagan_25090\jpeg_q50.jpg
imagen3_045e6da6fd7f6fb0,jpeg_q50,imagen3,imagen3,1,0.02173888497054577,data\cache\clean\test\imagen3_045e6da6fd7f6fb0\jpeg_q50.jpg
imagen3_07747d6ffd056bee,jpeg_q50,imagen3,imagen3,1,0.006473970599472523,data\cache\clean\test\imagen3_07747d6ffd056bee\jpeg_q50.jpg
imagen3_13ed1f9391224848,jpeg_q50,imagen3,imagen3,1,0.05113239586353302,data\cache\clean\test\imagen3_13ed1f9391224848\jpeg_q50.jpg
imagen3_17643da56f35c6f7,jpeg_q50,imagen3,imagen3,1,5.044593308412004e-06,data\cache\clean\test\imagen3_17643da56f35c6f7\jpeg_q50.jpg
imagen3_1fe9a0379cffa709,jpeg_q50,imagen3,imagen3,1,0.2958391010761261,data\cache\clean\test\imagen3_1fe9a0379cffa709\jpeg_q50.jpg
imagen3_24e64d19ddde11cb,jpeg_q50,imagen3,imagen3,1,4.250276788297924e-07,data\cache\clean\test\imagen3_24e64d19ddde11cb\jpeg_q50.jpg
imagen3_260ae6b06f1f50e2,jpeg_q50,imagen3,imagen3,1,4.29263991463813e-06,data\cache\clean\test\imagen3_260ae6b06f1f50e2\jpeg_q50.jpg
imagen3_2be4510162a8a76e,jpeg_q50,imagen3,imagen3,1,0.1230354756116867,data\cache\clean\test\imagen3_2be4510162a8a76e\jpeg_q50.jpg
imagen3_3403b18fc93acbfc,jpeg_q50,imagen3,imagen3,1,0.00019892102864105254,data\cache\clean\test\imagen3_3403b18fc93acbfc\jpeg_q50.jpg
imagen3_43058,jpeg_q50,imagen3,imagen3,1,1.3928599855717039e-06,data\cache\clean\test\imagen3_43058\jpeg_q50.jpg
imagen3_44015,jpeg_q50,imagen3,imagen3,1,0.00044614964281208813,data\cache\clean\test\imagen3_44015\jpeg_q50.jpg
imagen3_44075,jpeg_q50,imagen3,imagen3,1,0.043313585221767426,data\cache\clean\test\imagen3_44075\jpeg_q50.jpg
imagen3_46922,jpeg_q50,imagen3,imagen3,1,0.05267113074660301,data\cache\clean\test\imagen3_46922\jpeg_q50.jpg
imagen3_473ffc5e3d5dc373,jpeg_q50,imagen3,imagen3,1,0.046307723969221115,data\cache\clean\test\imagen3_473ffc5e3d5dc373\jpeg_q50.jpg
imagen3_51659,jpeg_q50,imagen3,imagen3,1,0.4126931130886078,data\cache\clean\test\imagen3_51659\jpeg_q50.jpg
imagen3_519f5c348fe55fcd,jpeg_q50,imagen3,imagen3,1,5.801161387353204e-05,data\cache\clean\test\imagen3_519f5c348fe55fcd\jpeg_q50.jpg
imagen3_52520,jpeg_q50,imagen3,imagen3,1,0.01492493785917759,data\cache\clean\test\imagen3_52520\jpeg_q50.jpg
imagen3_560ead164dab63a5,jpeg_q50,imagen3,imagen3,1,0.4659678041934967,data\cache\clean\test\imagen3_560ead164dab63a5\jpeg_q50.jpg
imagen3_5e95809bd47d157b,jpeg_q50,imagen3,imagen3,1,0.014547345228493214,data\cache\clean\test\imagen3_5e95809bd47d157b\jpeg_q50.jpg
imagen3_69467160e53f71bc,jpeg_q50,imagen3,imagen3,1,0.0034169477876275778,data\cache\clean\test\imagen3_69467160e53f71bc\jpeg_q50.jpg
imagen3_6a8270ea182a9194,jpeg_q50,imagen3,imagen3,1,0.0009773526107892394,data\cache\clean\test\imagen3_6a8270ea182a9194\jpeg_q50.jpg
imagen3_6c7624322b04ce43,jpeg_q50,imagen3,imagen3,1,3.1651431982027134e-06,data\cache\clean\test\imagen3_6c7624322b04ce43\jpeg_q50.jpg
imagen3_77fb2d4f372634f8,jpeg_q50,imagen3,imagen3,1,0.014421186409890652,data\cache\clean\test\imagen3_77fb2d4f372634f8\jpeg_q50.jpg
imagen3_7ee1485909c59826,jpeg_q50,imagen3,imagen3,1,0.08504283428192139,data\cache\clean\test\imagen3_7ee1485909c59826\jpeg_q50.jpg
imagen3_8b13dc3bff918841,jpeg_q50,imagen3,imagen3,1,0.00013869193207938224,data\cache\clean\test\imagen3_8b13dc3bff918841\jpeg_q50.jpg
imagen3_8c20e4bf83ffff36,jpeg_q50,imagen3,imagen3,1,0.12542618811130524,data\cache\clean\test\imagen3_8c20e4bf83ffff36\jpeg_q50.jpg
imagen3_8e6f8acd28fd8f35,jpeg_q50,imagen3,imagen3,1,0.2100774645805359,data\cache\clean\test\imagen3_8e6f8acd28fd8f35\jpeg_q50.jpg
imagen3_9e82651e214a25c8,jpeg_q50,imagen3,imagen3,1,0.0007191936019808054,data\cache\clean\test\imagen3_9e82651e214a25c8\jpeg_q50.jpg
imagen3_a1b5be9a5f0d1f7a,jpeg_q50,imagen3,imagen3,1,0.02864476852118969,data\cache\clean\test\imagen3_a1b5be9a5f0d1f7a\jpeg_q50.jpg
imagen3_aa13646e437b7afa,jpeg_q50,imagen3,imagen3,1,0.0029152939096093178,data\cache\clean\test\imagen3_aa13646e437b7afa\jpeg_q50.jpg
imagen3_ad860df8c2a1a848,jpeg_q50,imagen3,imagen3,1,0.0012401343556120992,data\cache\clean\test\imagen3_ad860df8c2a1a848\jpeg_q50.jpg
imagen3_b69c9976ced306d1,jpeg_q50,imagen3,imagen3,1,0.08679229021072388,data\cache\clean\test\imagen3_b69c9976ced306d1\jpeg_q50.jpg
imagen3_ca44bb7db1e73a9a,jpeg_q50,imagen3,imagen3,1,0.006105263251811266,data\cache\clean\test\imagen3_ca44bb7db1e73a9a\jpeg_q50.jpg
imagen3_d326e7c87fb1d966,jpeg_q50,imagen3,imagen3,1,0.3297756612300873,data\cache\clean\test\imagen3_d326e7c87fb1d966\jpeg_q50.jpg
imagen3_e63f3b6f8bdee43a,jpeg_q50,imagen3,imagen3,1,7.560826361441286e-06,data\cache\clean\test\imagen3_e63f3b6f8bdee43a\jpeg_q50.jpg
imagen3_eaf94916ce926270,jpeg_q50,imagen3,imagen3,1,0.19280576705932617,data\cache\clean\test\imagen3_eaf94916ce926270\jpeg_q50.jpg
imagen3_f2da05bffbe27dab,jpeg_q50,imagen3,imagen3,1,0.16863268613815308,data\cache\clean\test\imagen3_f2da05bffbe27dab\jpeg_q50.jpg
imagen3_f69a20bda8f47fea,jpeg_q50,imagen3,imagen3,1,0.3182836174964905,data\cache\clean\test\imagen3_f69a20bda8f47fea\jpeg_q50.jpg
imagen3_fa8535259782583b,jpeg_q50,imagen3,imagen3,1,0.1359015554189682,data\cache\clean\test\imagen3_fa8535259782583b\jpeg_q50.jpg
imagen3_fe7048efd51b15b8,jpeg_q50,imagen3,imagen3,1,0.005237402860075235,data\cache\clean\test\imagen3_fe7048efd51b15b8\jpeg_q50.jpg
imagen3_Imagen3_2445,jpeg_q50,imagen3,imagen3,1,0.006277075503021479,data\cache\clean\test\imagen3_Imagen3_2445\jpeg_q50.jpg
imagen3_Imagen3_3556,jpeg_q50,imagen3,imagen3,1,0.004274801351130009,data\cache\clean\test\imagen3_Imagen3_3556\jpeg_q50.jpg
sidset_full_synthetic_017359,jpeg_q50,sidset,full_synthetic,1,0.06299833208322525,data\cache\clean\test\sidset_full_synthetic_017359\jpeg_q50.jpg
sidset_full_synthetic_046026,jpeg_q50,sidset,full_synthetic,1,0.019213613122701645,data\cache\clean\test\sidset_full_synthetic_046026\jpeg_q50.jpg
sidset_full_synthetic_048809,jpeg_q50,sidset,full_synthetic,1,0.001957609551027417,data\cache\clean\test\sidset_full_synthetic_048809\jpeg_q50.jpg
sidset_full_synthetic_060524,jpeg_q50,sidset,full_synthetic,1,0.04550069943070412,data\cache\clean\test\sidset_full_synthetic_060524\jpeg_q50.jpg
sidset_full_synthetic_062086,jpeg_q50,sidset,full_synthetic,1,0.3792743384838104,data\cache\clean\test\sidset_full_synthetic_062086\jpeg_q50.jpg
sidset_full_synthetic_063062,jpeg_q50,sidset,full_synthetic,1,0.1764565259218216,data\cache\clean\test\sidset_full_synthetic_063062\jpeg_q50.jpg
sidset_full_synthetic_067084,jpeg_q50,sidset,full_synthetic,1,0.04026859626173973,data\cache\clean\test\sidset_full_synthetic_067084\jpeg_q50.jpg
stylegan_xl_0097a2e24789bc7a,jpeg_q50,stylegan_xl,stylegan_xl,1,0.011544244363904,data\cache\clean\test\stylegan_xl_0097a2e24789bc7a\jpeg_q50.jpg
stylegan_xl_00a4591cf03df584,jpeg_q50,stylegan_xl,stylegan_xl,1,8.066260903660805e-08,data\cache\clean\test\stylegan_xl_00a4591cf03df584\jpeg_q50.jpg
stylegan_xl_031391f1ab18ab62,jpeg_q50,stylegan_xl,stylegan_xl,1,0.1450316309928894,data\cache\clean\test\stylegan_xl_031391f1ab18ab62\jpeg_q50.jpg
stylegan_xl_0a4244f8a9185bad,jpeg_q50,stylegan_xl,stylegan_xl,1,0.25883904099464417,data\cache\clean\test\stylegan_xl_0a4244f8a9185bad\jpeg_q50.jpg
stylegan_xl_0f7efa4c31bcd8f4,jpeg_q50,stylegan_xl,stylegan_xl,1,9.92901113932021e-05,data\cache\clean\test\stylegan_xl_0f7efa4c31bcd8f4\jpeg_q50.jpg
stylegan_xl_1060d58257bc5130,jpeg_q50,stylegan_xl,stylegan_xl,1,0.0008632524404674768,data\cache\clean\test\stylegan_xl_1060d58257bc5130\jpeg_q50.jpg
stylegan_xl_1440252ff76f525f,jpeg_q50,stylegan_xl,stylegan_xl,1,0.05970805883407593,data\cache\clean\test\stylegan_xl_1440252ff76f525f\jpeg_q50.jpg
stylegan_xl_17f8bf0ef8d2f478,jpeg_q50,stylegan_xl,stylegan_xl,1,0.008797813206911087,data\cache\clean\test\stylegan_xl_17f8bf0ef8d2f478\jpeg_q50.jpg
stylegan_xl_2013fe0d44f84041,jpeg_q50,stylegan_xl,stylegan_xl,1,0.0020499483216553926,data\cache\clean\test\stylegan_xl_2013fe0d44f84041\jpeg_q50.jpg
stylegan_xl_324e332686aa6966,jpeg_q50,stylegan_xl,stylegan_xl,1,0.29632917046546936,data\cache\clean\test\stylegan_xl_324e332686aa6966\jpeg_q50.jpg
stylegan_xl_3621cf0be1fc8d68,jpeg_q50,stylegan_xl,stylegan_xl,1,0.11814258992671967,data\cache\clean\test\stylegan_xl_3621cf0be1fc8d68\jpeg_q50.jpg
stylegan_xl_38c489e3b0d8c700,jpeg_q50,stylegan_xl,stylegan_xl,1,0.33556944131851196,data\cache\clean\test\stylegan_xl_38c489e3b0d8c700\jpeg_q50.jpg
stylegan_xl_3b5e18f8fc06450d,jpeg_q50,stylegan_xl,stylegan_xl,1,0.0004171849286649376,data\cache\clean\test\stylegan_xl_3b5e18f8fc06450d\jpeg_q50.jpg
stylegan_xl_43847,jpeg_q50,stylegan_xl,stylegan_xl,1,0.028594253584742546,data\cache\clean\test\stylegan_xl_43847\jpeg_q50.jpg
stylegan_xl_44451,jpeg_q50,stylegan_xl,stylegan_xl,1,0.0156428050249815,data\cache\clean\test\stylegan_xl_44451\jpeg_q50.jpg
stylegan_xl_45602,jpeg_q50,stylegan_xl,stylegan_xl,1,0.013418189249932766,data\cache\clean\test\stylegan_xl_45602\jpeg_q50.jpg
stylegan_xl_48611,jpeg_q50,stylegan_xl,stylegan_xl,1,0.25525963306427,data\cache\clean\test\stylegan_xl_48611\jpeg_q50.jpg
stylegan_xl_49539,jpeg_q50,stylegan_xl,stylegan_xl,1,0.08279336243867874,data\cache\clean\test\stylegan_xl_49539\jpeg_q50.jpg
stylegan_xl_4f991f9638e28675,jpeg_q50,stylegan_xl,stylegan_xl,1,0.00036994757829234004,data\cache\clean\test\stylegan_xl_4f991f9638e28675\jpeg_q50.jpg
stylegan_xl_53551,jpeg_q50,stylegan_xl,stylegan_xl,1,0.4179770052433014,data\cache\clean\test\stylegan_xl_53551\jpeg_q50.jpg
stylegan_xl_60ed9d3511d333bf,jpeg_q50,stylegan_xl,stylegan_xl,1,0.08675368130207062,data\cache\clean\test\stylegan_xl_60ed9d3511d333bf\jpeg_q50.jpg
stylegan_xl_65bb283a1280639e,jpeg_q50,stylegan_xl,stylegan_xl,1,0.4671899080276489,data\cache\clean\test\stylegan_xl_65bb283a1280639e\jpeg_q50.jpg
stylegan_xl_729fee52c5b7f95b,jpeg_q50,stylegan_xl,stylegan_xl,1,0.10749245434999466,data\cache\clean\test\stylegan_xl_729fee52c5b7f95b\jpeg_q50.jpg
stylegan_xl_7d433e90bcd7bd53,jpeg_q50,stylegan_xl,stylegan_xl,1,0.0006609344854950905,data\cache\clean\test\stylegan_xl_7d433e90bcd7bd53\jpeg_q50.jpg
stylegan_xl_7ffebe6032f8209f,jpeg_q50,stylegan_xl,stylegan_xl,1,0.03617767617106438,data\cache\clean\test\stylegan_xl_7ffebe6032f8209f\jpeg_q50.jpg
stylegan_xl_80fc8be6e7c11eb3,jpeg_q50,stylegan_xl,stylegan_xl,1,0.0001229609188158065,data\cache\clean\test\stylegan_xl_80fc8be6e7c11eb3\jpeg_q50.jpg
stylegan_xl_8461b1ae87c22c20,jpeg_q50,stylegan_xl,stylegan_xl,1,0.3176027238368988,data\cache\clean\test\stylegan_xl_8461b1ae87c22c20\jpeg_q50.jpg
stylegan_xl_8f9dfd75dde8914f,jpeg_q50,stylegan_xl,stylegan_xl,1,0.0030654650181531906,data\cache\clean\test\stylegan_xl_8f9dfd75dde8914f\jpeg_q50.jpg
stylegan_xl_a1ed16fffc5ecb68,jpeg_q50,stylegan_xl,stylegan_xl,1,0.002266868017613888,data\cache\clean\test\stylegan_xl_a1ed16fffc5ecb68\jpeg_q50.jpg
stylegan_xl_a72f3ace10a8f550,jpeg_q50,stylegan_xl,stylegan_xl,1,5.627900463878177e-06,data\cache\clean\test\stylegan_xl_a72f3ace10a8f550\jpeg_q50.jpg
stylegan_xl_c9421141bcf3a15a,jpeg_q50,stylegan_xl,stylegan_xl,1,0.1791887879371643,data\cache\clean\test\stylegan_xl_c9421141bcf3a15a\jpeg_q50.jpg
stylegan_xl_cccbc1d57a7e095e,jpeg_q50,stylegan_xl,stylegan_xl,1,0.38462528586387634,data\cache\clean\test\stylegan_xl_cccbc1d57a7e095e\jpeg_q50.jpg
stylegan_xl_cf9c332a1ebfb587,jpeg_q50,stylegan_xl,stylegan_xl,1,0.2658354640007019,data\cache\clean\test\stylegan_xl_cf9c332a1ebfb587\jpeg_q50.jpg
stylegan_xl_d686a15f05d09472,jpeg_q50,stylegan_xl,stylegan_xl,1,0.08920904994010925,data\cache\clean\test\stylegan_xl_d686a15f05d09472\jpeg_q50.jpg
stylegan_xl_e4b8e7ef72cabaf2,jpeg_q50,stylegan_xl,stylegan_xl,1,0.001447888556867838,data\cache\clean\test\stylegan_xl_e4b8e7ef72cabaf2\jpeg_q50.jpg
stylegan_xl_f2ea3473d8b1a62f,jpeg_q50,stylegan_xl,stylegan_xl,1,0.01506996713578701,data\cache\clean\test\stylegan_xl_f2ea3473d8b1a62f\jpeg_q50.jpg
stylegan_xl_fef6a66b8deaa7ab,jpeg_q50,stylegan_xl,stylegan_xl,1,4.896714926871937e-06,data\cache\clean\test\stylegan_xl_fef6a66b8deaa7ab\jpeg_q50.jpg
cifake_1028 (10),jpeg_q70,cifake,stable_diffusion,1,0.36547183990478516,data\cache\clean\test\cifake_1028 (10)\jpeg_q70.jpg
cifake_1088 (3),jpeg_q70,cifake,stable_diffusion,1,0.35872191190719604,data\cache\clean\test\cifake_1088 (3)\jpeg_q70.jpg
cifake_1167 (3),jpeg_q70,cifake,stable_diffusion,1,0.4451044797897339,data\cache\clean\test\cifake_1167 (3)\jpeg_q70.jpg
cifake_1270 (7),jpeg_q70,cifake,stable_diffusion,1,0.34950941801071167,data\cache\clean\test\cifake_1270 (7)\jpeg_q70.jpg
cifake_1297 (6),jpeg_q70,cifake,stable_diffusion,1,0.20485013723373413,data\cache\clean\test\cifake_1297 (6)\jpeg_q70.jpg
cifake_1629 (9),jpeg_q70,cifake,stable_diffusion,1,0.4587268829345703,data\cache\clean\test\cifake_1629 (9)\jpeg_q70.jpg
cifake_1927 (7),jpeg_q70,cifake,stable_diffusion,1,0.32107847929000854,data\cache\clean\test\cifake_1927 (7)\jpeg_q70.jpg
cifake_1995 (4),jpeg_q70,cifake,stable_diffusion,1,0.4863203465938568,data\cache\clean\test\cifake_1995 (4)\jpeg_q70.jpg
cifake_2286 (2),jpeg_q70,cifake,stable_diffusion,1,0.022248268127441406,data\cache\clean\test\cifake_2286 (2)\jpeg_q70.jpg
cifake_2437 (6),jpeg_q70,cifake,stable_diffusion,1,0.10686079412698746,data\cache\clean\test\cifake_2437 (6)\jpeg_q70.jpg
cifake_2509 (6),jpeg_q70,cifake,stable_diffusion,1,0.398113489151001,data\cache\clean\test\cifake_2509 (6)\jpeg_q70.jpg
cifake_2787 (7),jpeg_q70,cifake,stable_diffusion,1,0.26211437582969666,data\cache\clean\test\cifake_2787 (7)\jpeg_q70.jpg
cifake_2790 (9),jpeg_q70,cifake,stable_diffusion,1,0.4068584740161896,data\cache\clean\test\cifake_2790 (9)\jpeg_q70.jpg
cifake_2831,jpeg_q70,cifake,stable_diffusion,1,0.21581970155239105,data\cache\clean\test\cifake_2831\jpeg_q70.jpg
cifake_2850 (3),jpeg_q70,cifake,stable_diffusion,1,0.43933215737342834,data\cache\clean\test\cifake_2850 (3)\jpeg_q70.jpg
cifake_2857 (10)_1,jpeg_q70,cifake,stable_diffusion,1,0.4684705138206482,data\cache\clean\test\cifake_2857 (10)_1\jpeg_q70.jpg
cifake_2905 (7),jpeg_q70,cifake,stable_diffusion,1,0.4270394444465637,data\cache\clean\test\cifake_2905 (7)\jpeg_q70.jpg
cifake_3239 (3),jpeg_q70,cifake,stable_diffusion,1,0.4551126956939697,data\cache\clean\test\cifake_3239 (3)\jpeg_q70.jpg
cifake_3395 (5),jpeg_q70,cifake,stable_diffusion,1,0.42090052366256714,data\cache\clean\test\cifake_3395 (5)\jpeg_q70.jpg
cifake_3582 (9),jpeg_q70,cifake,stable_diffusion,1,0.08048950135707855,data\cache\clean\test\cifake_3582 (9)\jpeg_q70.jpg
cifake_3608,jpeg_q70,cifake,stable_diffusion,1,0.41327759623527527,data\cache\clean\test\cifake_3608\jpeg_q70.jpg
cifake_4127 (3),jpeg_q70,cifake,stable_diffusion,1,0.04432778060436249,data\cache\clean\test\cifake_4127 (3)\jpeg_q70.jpg
cifake_4221 (2),jpeg_q70,cifake,stable_diffusion,1,0.3618718683719635,data\cache\clean\test\cifake_4221 (2)\jpeg_q70.jpg
cifake_4615 (3),jpeg_q70,cifake,stable_diffusion,1,0.09225626289844513,data\cache\clean\test\cifake_4615 (3)\jpeg_q70.jpg
cifake_462 (2),jpeg_q70,cifake,stable_diffusion,1,0.3064422905445099,data\cache\clean\test\cifake_462 (2)\jpeg_q70.jpg
cifake_5053 (9),jpeg_q70,cifake,stable_diffusion,1,0.45507121086120605,data\cache\clean\test\cifake_5053 (9)\jpeg_q70.jpg
cifake_5221 (3),jpeg_q70,cifake,stable_diffusion,1,0.2528231739997864,data\cache\clean\test\cifake_5221 (3)\jpeg_q70.jpg
cifake_5381 (2),jpeg_q70,cifake,stable_diffusion,1,0.379239946603775,data\cache\clean\test\cifake_5381 (2)\jpeg_q70.jpg
cifake_5607 (3),jpeg_q70,cifake,stable_diffusion,1,0.10327719151973724,data\cache\clean\test\cifake_5607 (3)\jpeg_q70.jpg
cifake_5845 (9),jpeg_q70,cifake,stable_diffusion,1,0.4414752423763275,data\cache\clean\test\cifake_5845 (9)\jpeg_q70.jpg
cifake_5932 (2),jpeg_q70,cifake,stable_diffusion,1,0.4909106194972992,data\cache\clean\test\cifake_5932 (2)\jpeg_q70.jpg
cifake_784 (4),jpeg_q70,cifake,stable_diffusion,1,0.36646345257759094,data\cache\clean\test\cifake_784 (4)\jpeg_q70.jpg
cifake_954 (9),jpeg_q70,cifake,stable_diffusion,1,0.07688900083303452,data\cache\clean\test\cifake_954 (9)\jpeg_q70.jpg
dalle_10420,jpeg_q70,dalle,dalle,1,0.35619932413101196,data\cache\clean\test\dalle_10420\jpeg_q70.jpg
dalle_13820,jpeg_q70,dalle,dalle,1,0.36880478262901306,data\cache\clean\test\dalle_13820\jpeg_q70.jpg
dalle_33159,jpeg_q70,dalle,dalle,1,0.002390702720731497,data\cache\clean\test\dalle_33159\jpeg_q70.jpg
dalle_41791,jpeg_q70,dalle,dalle,1,0.002700265496969223,data\cache\clean\test\dalle_41791\jpeg_q70.jpg
dalle_41915,jpeg_q70,dalle,dalle,1,0.24779169261455536,data\cache\clean\test\dalle_41915\jpeg_q70.jpg
dalle_6890,jpeg_q70,dalle,dalle,1,0.20426642894744873,data\cache\clean\test\dalle_6890\jpeg_q70.jpg
dalle_6f0f61883f111368d770c54801f33449,jpeg_q70,dalle,dalle,1,0.06262917071580887,data\cache\clean\test\dalle_6f0f61883f111368d770c54801f33449\jpeg_q70.jpg
dalle_8017,jpeg_q70,dalle,dalle,1,0.00983084924519062,data\cache\clean\test\dalle_8017\jpeg_q70.jpg
gigagan_01605,jpeg_q70,gigagan,gigagan,1,0.2173728495836258,data\cache\clean\test\gigagan_01605\jpeg_q70.jpg
gigagan_05738,jpeg_q70,gigagan,gigagan,1,0.10323769599199295,data\cache\clean\test\gigagan_05738\jpeg_q70.jpg
gigagan_05849,jpeg_q70,gigagan,gigagan,1,0.06133482605218887,data\cache\clean\test\gigagan_05849\jpeg_q70.jpg
gigagan_07350,jpeg_q70,gigagan,gigagan,1,0.0026059711817651987,data\cache\clean\test\gigagan_07350\jpeg_q70.jpg
gigagan_10769,jpeg_q70,gigagan,gigagan,1,0.058528486639261246,data\cache\clean\test\gigagan_10769\jpeg_q70.jpg
gigagan_10914,jpeg_q70,gigagan,gigagan,1,0.04873928800225258,data\cache\clean\test\gigagan_10914\jpeg_q70.jpg
gigagan_14071,jpeg_q70,gigagan,gigagan,1,8.239707676693797e-05,data\cache\clean\test\gigagan_14071\jpeg_q70.jpg
gigagan_14138,jpeg_q70,gigagan,gigagan,1,0.3843424618244171,data\cache\clean\test\gigagan_14138\jpeg_q70.jpg
gigagan_15454,jpeg_q70,gigagan,gigagan,1,0.014795641414821148,data\cache\clean\test\gigagan_15454\jpeg_q70.jpg
gigagan_15561,jpeg_q70,gigagan,gigagan,1,0.014906559139490128,data\cache\clean\test\gigagan_15561\jpeg_q70.jpg
gigagan_17666,jpeg_q70,gigagan,gigagan,1,0.47312119603157043,data\cache\clean\test\gigagan_17666\jpeg_q70.jpg
gigagan_20327,jpeg_q70,gigagan,gigagan,1,0.27052950859069824,data\cache\clean\test\gigagan_20327\jpeg_q70.jpg
gigagan_20468,jpeg_q70,gigagan,gigagan,1,0.09505264461040497,data\cache\clean\test\gigagan_20468\jpeg_q70.jpg
gigagan_21611,jpeg_q70,gigagan,gigagan,1,0.19666257500648499,data\cache\clean\test\gigagan_21611\jpeg_q70.jpg
gigagan_22418,jpeg_q70,gigagan,gigagan,1,0.1017499789595604,data\cache\clean\test\gigagan_22418\jpeg_q70.jpg
gigagan_24679,jpeg_q70,gigagan,gigagan,1,0.26862064003944397,data\cache\clean\test\gigagan_24679\jpeg_q70.jpg
gigagan_25090,jpeg_q70,gigagan,gigagan,1,0.002179766772314906,data\cache\clean\test\gigagan_25090\jpeg_q70.jpg
imagen3_045e6da6fd7f6fb0,jpeg_q70,imagen3,imagen3,1,0.005760762374848127,data\cache\clean\test\imagen3_045e6da6fd7f6fb0\jpeg_q70.jpg
imagen3_04e3097ac2f57647,jpeg_q70,imagen3,imagen3,1,0.05282067507505417,data\cache\clean\test\imagen3_04e3097ac2f57647\jpeg_q70.jpg
imagen3_07747d6ffd056bee,jpeg_q70,imagen3,imagen3,1,0.002209861297160387,data\cache\clean\test\imagen3_07747d6ffd056bee\jpeg_q70.jpg
imagen3_13ed1f9391224848,jpeg_q70,imagen3,imagen3,1,0.04274023696780205,data\cache\clean\test\imagen3_13ed1f9391224848\jpeg_q70.jpg
imagen3_15906,jpeg_q70,imagen3,imagen3,1,0.3503529131412506,data\cache\clean\test\imagen3_15906\jpeg_q70.jpg
imagen3_17643da56f35c6f7,jpeg_q70,imagen3,imagen3,1,3.3150167837447952e-06,data\cache\clean\test\imagen3_17643da56f35c6f7\jpeg_q70.jpg
imagen3_1fe9a0379cffa709,jpeg_q70,imagen3,imagen3,1,0.22614246606826782,data\cache\clean\test\imagen3_1fe9a0379cffa709\jpeg_q70.jpg
imagen3_20942,jpeg_q70,imagen3,imagen3,1,0.31380054354667664,data\cache\clean\test\imagen3_20942\jpeg_q70.jpg
imagen3_24e64d19ddde11cb,jpeg_q70,imagen3,imagen3,1,2.1163897301335055e-08,data\cache\clean\test\imagen3_24e64d19ddde11cb\jpeg_q70.jpg
imagen3_260ae6b06f1f50e2,jpeg_q70,imagen3,imagen3,1,5.795637321170943e-07,data\cache\clean\test\imagen3_260ae6b06f1f50e2\jpeg_q70.jpg
imagen3_2be4510162a8a76e,jpeg_q70,imagen3,imagen3,1,0.02066693641245365,data\cache\clean\test\imagen3_2be4510162a8a76e\jpeg_q70.jpg
imagen3_3403b18fc93acbfc,jpeg_q70,imagen3,imagen3,1,0.0004561143578030169,data\cache\clean\test\imagen3_3403b18fc93acbfc\jpeg_q70.jpg
imagen3_43058,jpeg_q70,imagen3,imagen3,1,0.0005668114172294736,data\cache\clean\test\imagen3_43058\jpeg_q70.jpg
imagen3_44015,jpeg_q70,imagen3,imagen3,1,0.0012164909858256578,data\cache\clean\test\imagen3_44015\jpeg_q70.jpg
imagen3_44075,jpeg_q70,imagen3,imagen3,1,0.005858688615262508,data\cache\clean\test\imagen3_44075\jpeg_q70.jpg
imagen3_46922,jpeg_q70,imagen3,imagen3,1,0.07986312359571457,data\cache\clean\test\imagen3_46922\jpeg_q70.jpg
imagen3_473ffc5e3d5dc373,jpeg_q70,imagen3,imagen3,1,0.021569300442934036,data\cache\clean\test\imagen3_473ffc5e3d5dc373\jpeg_q70.jpg
imagen3_519f5c348fe55fcd,jpeg_q70,imagen3,imagen3,1,0.00018669423297978938,data\cache\clean\test\imagen3_519f5c348fe55fcd\jpeg_q70.jpg
imagen3_52520,jpeg_q70,imagen3,imagen3,1,0.11983606219291687,data\cache\clean\test\imagen3_52520\jpeg_q70.jpg
imagen3_560ead164dab63a5,jpeg_q70,imagen3,imagen3,1,0.31198737025260925,data\cache\clean\test\imagen3_560ead164dab63a5\jpeg_q70.jpg
imagen3_5e95809bd47d157b,jpeg_q70,imagen3,imagen3,1,0.005311852321028709,data\cache\clean\test\imagen3_5e95809bd47d157b\jpeg_q70.jpg
imagen3_69467160e53f71bc,jpeg_q70,imagen3,imagen3,1,0.014603320509195328,data\cache\clean\test\imagen3_69467160e53f71bc\jpeg_q70.jpg
imagen3_6a8270ea182a9194,jpeg_q70,imagen3,imagen3,1,0.004004796501249075,data\cache\clean\test\imagen3_6a8270ea182a9194\jpeg_q70.jpg
imagen3_6c7624322b04ce43,jpeg_q70,imagen3,imagen3,1,2.3694115043326747e-06,data\cache\clean\test\imagen3_6c7624322b04ce43\jpeg_q70.jpg
imagen3_77fb2d4f372634f8,jpeg_q70,imagen3,imagen3,1,0.0036449928302317858,data\cache\clean\test\imagen3_77fb2d4f372634f8\jpeg_q70.jpg
imagen3_7ee1485909c59826,jpeg_q70,imagen3,imagen3,1,0.08420885354280472,data\cache\clean\test\imagen3_7ee1485909c59826\jpeg_q70.jpg
imagen3_8b13dc3bff918841,jpeg_q70,imagen3,imagen3,1,0.0003301259712316096,data\cache\clean\test\imagen3_8b13dc3bff918841\jpeg_q70.jpg
imagen3_8c20e4bf83ffff36,jpeg_q70,imagen3,imagen3,1,0.0531320683658123,data\cache\clean\test\imagen3_8c20e4bf83ffff36\jpeg_q70.jpg
imagen3_8e6f8acd28fd8f35,jpeg_q70,imagen3,imagen3,1,0.0984477773308754,data\cache\clean\test\imagen3_8e6f8acd28fd8f35\jpeg_q70.jpg
imagen3_9e82651e214a25c8,jpeg_q70,imagen3,imagen3,1,0.00543188164010644,data\cache\clean\test\imagen3_9e82651e214a25c8\jpeg_q70.jpg
imagen3_a1b5be9a5f0d1f7a,jpeg_q70,imagen3,imagen3,1,0.021797586232423782,data\cache\clean\test\imagen3_a1b5be9a5f0d1f7a\jpeg_q70.jpg
imagen3_aa13646e437b7afa,jpeg_q70,imagen3,imagen3,1,0.00015139044262468815,data\cache\clean\test\imagen3_aa13646e437b7afa\jpeg_q70.jpg
imagen3_ad860df8c2a1a848,jpeg_q70,imagen3,imagen3,1,0.00031093551660887897,data\cache\clean\test\imagen3_ad860df8c2a1a848\jpeg_q70.jpg
imagen3_b69c9976ced306d1,jpeg_q70,imagen3,imagen3,1,0.049663037061691284,data\cache\clean\test\imagen3_b69c9976ced306d1\jpeg_q70.jpg
imagen3_ca44bb7db1e73a9a,jpeg_q70,imagen3,imagen3,1,0.006501983851194382,data\cache\clean\test\imagen3_ca44bb7db1e73a9a\jpeg_q70.jpg
imagen3_d326e7c87fb1d966,jpeg_q70,imagen3,imagen3,1,0.049112990498542786,data\cache\clean\test\imagen3_d326e7c87fb1d966\jpeg_q70.jpg
imagen3_e63f3b6f8bdee43a,jpeg_q70,imagen3,imagen3,1,4.1036669244931545e-06,data\cache\clean\test\imagen3_e63f3b6f8bdee43a\jpeg_q70.jpg
imagen3_eaf94916ce926270,jpeg_q70,imagen3,imagen3,1,0.10618562996387482,data\cache\clean\test\imagen3_eaf94916ce926270\jpeg_q70.jpg
imagen3_f2da05bffbe27dab,jpeg_q70,imagen3,imagen3,1,0.15036147832870483,data\cache\clean\test\imagen3_f2da05bffbe27dab\jpeg_q70.jpg
imagen3_f69a20bda8f47fea,jpeg_q70,imagen3,imagen3,1,0.3783174455165863,data\cache\clean\test\imagen3_f69a20bda8f47fea\jpeg_q70.jpg
imagen3_fe7048efd51b15b8,jpeg_q70,imagen3,imagen3,1,0.0013104253448545933,data\cache\clean\test\imagen3_fe7048efd51b15b8\jpeg_q70.jpg
imagen3_Imagen3_2403,jpeg_q70,imagen3,imagen3,1,0.47431015968322754,data\cache\clean\test\imagen3_Imagen3_2403\jpeg_q70.jpg
imagen3_Imagen3_2445,jpeg_q70,imagen3,imagen3,1,0.18115133047103882,data\cache\clean\test\imagen3_Imagen3_2445\jpeg_q70.jpg
imagen3_Imagen3_3556,jpeg_q70,imagen3,imagen3,1,0.008312106132507324,data\cache\clean\test\imagen3_Imagen3_3556\jpeg_q70.jpg
sidset_full_synthetic_017359,jpeg_q70,sidset,full_synthetic,1,0.10008107125759125,data\cache\clean\test\sidset_full_synthetic_017359\jpeg_q70.jpg
sidset_full_synthetic_046026,jpeg_q70,sidset,full_synthetic,1,0.029457056894898415,data\cache\clean\test\sidset_full_synthetic_046026\jpeg_q70.jpg
sidset_full_synthetic_046359,jpeg_q70,sidset,full_synthetic,1,0.3337375521659851,data\cache\clean\test\sidset_full_synthetic_046359\jpeg_q70.jpg
sidset_full_synthetic_048809,jpeg_q70,sidset,full_synthetic,1,0.005222047213464975,data\cache\clean\test\sidset_full_synthetic_048809\jpeg_q70.jpg
sidset_full_synthetic_060524,jpeg_q70,sidset,full_synthetic,1,0.08811362832784653,data\cache\clean\test\sidset_full_synthetic_060524\jpeg_q70.jpg
sidset_full_synthetic_062086,jpeg_q70,sidset,full_synthetic,1,0.37188905477523804,data\cache\clean\test\sidset_full_synthetic_062086\jpeg_q70.jpg
stylegan_xl_0097a2e24789bc7a,jpeg_q70,stylegan_xl,stylegan_xl,1,0.010524834506213665,data\cache\clean\test\stylegan_xl_0097a2e24789bc7a\jpeg_q70.jpg
stylegan_xl_00a4591cf03df584,jpeg_q70,stylegan_xl,stylegan_xl,1,4.0717216620578256e-07,data\cache\clean\test\stylegan_xl_00a4591cf03df584\jpeg_q70.jpg
stylegan_xl_031391f1ab18ab62,jpeg_q70,stylegan_xl,stylegan_xl,1,0.06952707469463348,data\cache\clean\test\stylegan_xl_031391f1ab18ab62\jpeg_q70.jpg
stylegan_xl_0a4244f8a9185bad,jpeg_q70,stylegan_xl,stylegan_xl,1,0.415833055973053,data\cache\clean\test\stylegan_xl_0a4244f8a9185bad\jpeg_q70.jpg
stylegan_xl_0f7efa4c31bcd8f4,jpeg_q70,stylegan_xl,stylegan_xl,1,6.25807442702353e-05,data\cache\clean\test\stylegan_xl_0f7efa4c31bcd8f4\jpeg_q70.jpg
stylegan_xl_1060d58257bc5130,jpeg_q70,stylegan_xl,stylegan_xl,1,0.00019854563288390636,data\cache\clean\test\stylegan_xl_1060d58257bc5130\jpeg_q70.jpg
stylegan_xl_1440252ff76f525f,jpeg_q70,stylegan_xl,stylegan_xl,1,0.01167326420545578,data\cache\clean\test\stylegan_xl_1440252ff76f525f\jpeg_q70.jpg
stylegan_xl_17f8bf0ef8d2f478,jpeg_q70,stylegan_xl,stylegan_xl,1,0.007299297489225864,data\cache\clean\test\stylegan_xl_17f8bf0ef8d2f478\jpeg_q70.jpg
stylegan_xl_2013fe0d44f84041,jpeg_q70,stylegan_xl,stylegan_xl,1,0.0012163317296653986,data\cache\clean\test\stylegan_xl_2013fe0d44f84041\jpeg_q70.jpg
stylegan_xl_324e332686aa6966,jpeg_q70,stylegan_xl,stylegan_xl,1,0.08957964926958084,data\cache\clean\test\stylegan_xl_324e332686aa6966\jpeg_q70.jpg
stylegan_xl_3621cf0be1fc8d68,jpeg_q70,stylegan_xl,stylegan_xl,1,0.10755081474781036,data\cache\clean\test\stylegan_xl_3621cf0be1fc8d68\jpeg_q70.jpg
stylegan_xl_38c489e3b0d8c700,jpeg_q70,stylegan_xl,stylegan_xl,1,0.3325132727622986,data\cache\clean\test\stylegan_xl_38c489e3b0d8c700\jpeg_q70.jpg
stylegan_xl_3b5e18f8fc06450d,jpeg_q70,stylegan_xl,stylegan_xl,1,0.0005832556635141373,data\cache\clean\test\stylegan_xl_3b5e18f8fc06450d\jpeg_q70.jpg
stylegan_xl_43847,jpeg_q70,stylegan_xl,stylegan_xl,1,0.10893651843070984,data\cache\clean\test\stylegan_xl_43847\jpeg_q70.jpg
stylegan_xl_44451,jpeg_q70,stylegan_xl,stylegan_xl,1,0.0892060250043869,data\cache\clean\test\stylegan_xl_44451\jpeg_q70.jpg
stylegan_xl_45602,jpeg_q70,stylegan_xl,stylegan_xl,1,0.017093047499656677,data\cache\clean\test\stylegan_xl_45602\jpeg_q70.jpg
stylegan_xl_48611,jpeg_q70,stylegan_xl,stylegan_xl,1,0.042146824300289154,data\cache\clean\test\stylegan_xl_48611\jpeg_q70.jpg
stylegan_xl_49539,jpeg_q70,stylegan_xl,stylegan_xl,1,0.11438058316707611,data\cache\clean\test\stylegan_xl_49539\jpeg_q70.jpg
stylegan_xl_4f991f9638e28675,jpeg_q70,stylegan_xl,stylegan_xl,1,0.00017038841906469315,data\cache\clean\test\stylegan_xl_4f991f9638e28675\jpeg_q70.jpg
stylegan_xl_60ed9d3511d333bf,jpeg_q70,stylegan_xl,stylegan_xl,1,0.1784459501504898,data\cache\clean\test\stylegan_xl_60ed9d3511d333bf\jpeg_q70.jpg
stylegan_xl_65bb283a1280639e,jpeg_q70,stylegan_xl,stylegan_xl,1,0.44602078199386597,data\cache\clean\test\stylegan_xl_65bb283a1280639e\jpeg_q70.jpg
stylegan_xl_729fee52c5b7f95b,jpeg_q70,stylegan_xl,stylegan_xl,1,0.4902380406856537,data\cache\clean\test\stylegan_xl_729fee52c5b7f95b\jpeg_q70.jpg
stylegan_xl_7d433e90bcd7bd53,jpeg_q70,stylegan_xl,stylegan_xl,1,0.00036189871025271714,data\cache\clean\test\stylegan_xl_7d433e90bcd7bd53\jpeg_q70.jpg
stylegan_xl_7ffebe6032f8209f,jpeg_q70,stylegan_xl,stylegan_xl,1,0.02515183761715889,data\cache\clean\test\stylegan_xl_7ffebe6032f8209f\jpeg_q70.jpg
stylegan_xl_80fc8be6e7c11eb3,jpeg_q70,stylegan_xl,stylegan_xl,1,3.896108319167979e-05,data\cache\clean\test\stylegan_xl_80fc8be6e7c11eb3\jpeg_q70.jpg
stylegan_xl_8461b1ae87c22c20,jpeg_q70,stylegan_xl,stylegan_xl,1,0.1499781310558319,data\cache\clean\test\stylegan_xl_8461b1ae87c22c20\jpeg_q70.jpg
stylegan_xl_8f9dfd75dde8914f,jpeg_q70,stylegan_xl,stylegan_xl,1,0.00024830253096297383,data\cache\clean\test\stylegan_xl_8f9dfd75dde8914f\jpeg_q70.jpg
stylegan_xl_a1ed16fffc5ecb68,jpeg_q70,stylegan_xl,stylegan_xl,1,0.0012156687444075942,data\cache\clean\test\stylegan_xl_a1ed16fffc5ecb68\jpeg_q70.jpg
stylegan_xl_a72f3ace10a8f550,jpeg_q70,stylegan_xl,stylegan_xl,1,1.634373802517075e-05,data\cache\clean\test\stylegan_xl_a72f3ace10a8f550\jpeg_q70.jpg
stylegan_xl_c9421141bcf3a15a,jpeg_q70,stylegan_xl,stylegan_xl,1,0.04515210911631584,data\cache\clean\test\stylegan_xl_c9421141bcf3a15a\jpeg_q70.jpg
stylegan_xl_cccbc1d57a7e095e,jpeg_q70,stylegan_xl,stylegan_xl,1,0.3746846616268158,data\cache\clean\test\stylegan_xl_cccbc1d57a7e095e\jpeg_q70.jpg
stylegan_xl_cf9c332a1ebfb587,jpeg_q70,stylegan_xl,stylegan_xl,1,0.39681077003479004,data\cache\clean\test\stylegan_xl_cf9c332a1ebfb587\jpeg_q70.jpg
stylegan_xl_d686a15f05d09472,jpeg_q70,stylegan_xl,stylegan_xl,1,0.12433653324842453,data\cache\clean\test\stylegan_xl_d686a15f05d09472\jpeg_q70.jpg
stylegan_xl_e4b8e7ef72cabaf2,jpeg_q70,stylegan_xl,stylegan_xl,1,0.0038161270786076784,data\cache\clean\test\stylegan_xl_e4b8e7ef72cabaf2\jpeg_q70.jpg
stylegan_xl_f2ea3473d8b1a62f,jpeg_q70,stylegan_xl,stylegan_xl,1,0.02153291180729866,data\cache\clean\test\stylegan_xl_f2ea3473d8b1a62f\jpeg_q70.jpg
stylegan_xl_fef6a66b8deaa7ab,jpeg_q70,stylegan_xl,stylegan_xl,1,2.1856831153854728e-06,data\cache\clean\test\stylegan_xl_fef6a66b8deaa7ab\jpeg_q70.jpg
cifake_1028 (10),jpeg_q90,cifake,stable_diffusion,1,0.2867187261581421,data\cache\clean\test\cifake_1028 (10)\jpeg_q90.jpg
cifake_1088 (3),jpeg_q90,cifake,stable_diffusion,1,0.3505108654499054,data\cache\clean\test\cifake_1088 (3)\jpeg_q90.jpg
cifake_1270 (7),jpeg_q90,cifake,stable_diffusion,1,0.2682136595249176,data\cache\clean\test\cifake_1270 (7)\jpeg_q90.jpg
cifake_1297 (6),jpeg_q90,cifake,stable_diffusion,1,0.37147024273872375,data\cache\clean\test\cifake_1297 (6)\jpeg_q90.jpg
cifake_2286 (2),jpeg_q90,cifake,stable_diffusion,1,0.036628127098083496,data\cache\clean\test\cifake_2286 (2)\jpeg_q90.jpg
cifake_2787 (7),jpeg_q90,cifake,stable_diffusion,1,0.07037704437971115,data\cache\clean\test\cifake_2787 (7)\jpeg_q90.jpg
cifake_2850 (3),jpeg_q90,cifake,stable_diffusion,1,0.14589515328407288,data\cache\clean\test\cifake_2850 (3)\jpeg_q90.jpg
cifake_3379 (8),jpeg_q90,cifake,stable_diffusion,1,0.47680729627609253,data\cache\clean\test\cifake_3379 (8)\jpeg_q90.jpg
cifake_3395 (5),jpeg_q90,cifake,stable_diffusion,1,0.46568936109542847,data\cache\clean\test\cifake_3395 (5)\jpeg_q90.jpg
cifake_3582 (9),jpeg_q90,cifake,stable_diffusion,1,0.11080235987901688,data\cache\clean\test\cifake_3582 (9)\jpeg_q90.jpg
cifake_3608,jpeg_q90,cifake,stable_diffusion,1,0.4815269708633423,data\cache\clean\test\cifake_3608\jpeg_q90.jpg
cifake_4127 (3),jpeg_q90,cifake,stable_diffusion,1,0.07805194705724716,data\cache\clean\test\cifake_4127 (3)\jpeg_q90.jpg
cifake_4221 (2),jpeg_q90,cifake,stable_diffusion,1,0.21563631296157837,data\cache\clean\test\cifake_4221 (2)\jpeg_q90.jpg
cifake_4615 (3),jpeg_q90,cifake,stable_diffusion,1,0.056380126625299454,data\cache\clean\test\cifake_4615 (3)\jpeg_q90.jpg
cifake_5221 (3),jpeg_q90,cifake,stable_diffusion,1,0.40108463168144226,data\cache\clean\test\cifake_5221 (3)\jpeg_q90.jpg
cifake_5288 (5),jpeg_q90,cifake,stable_diffusion,1,0.4973796308040619,data\cache\clean\test\cifake_5288 (5)\jpeg_q90.jpg
cifake_5607 (3),jpeg_q90,cifake,stable_diffusion,1,0.1385890543460846,data\cache\clean\test\cifake_5607 (3)\jpeg_q90.jpg
cifake_5845 (9),jpeg_q90,cifake,stable_diffusion,1,0.26353129744529724,data\cache\clean\test\cifake_5845 (9)\jpeg_q90.jpg
cifake_75,jpeg_q90,cifake,stable_diffusion,1,0.25957292318344116,data\cache\clean\test\cifake_75\jpeg_q90.jpg
cifake_954 (9),jpeg_q90,cifake,stable_diffusion,1,0.11037072539329529,data\cache\clean\test\cifake_954 (9)\jpeg_q90.jpg
dalle_10420,jpeg_q90,dalle,dalle,1,0.4778544008731842,data\cache\clean\test\dalle_10420\jpeg_q90.jpg
dalle_1895b86b74caac5dad51022c3d3b33df,jpeg_q90,dalle,dalle,1,0.4304896891117096,data\cache\clean\test\dalle_1895b86b74caac5dad51022c3d3b33df\jpeg_q90.jpg
dalle_27029,jpeg_q90,dalle,dalle,1,0.3793172538280487,data\cache\clean\test\dalle_27029\jpeg_q90.jpg
dalle_33159,jpeg_q90,dalle,dalle,1,0.007148414384573698,data\cache\clean\test\dalle_33159\jpeg_q90.jpg
dalle_41791,jpeg_q90,dalle,dalle,1,0.006380175240337849,data\cache\clean\test\dalle_41791\jpeg_q90.jpg
dalle_5781,jpeg_q90,dalle,dalle,1,0.055341627448797226,data\cache\clean\test\dalle_5781\jpeg_q90.jpg
dalle_6890,jpeg_q90,dalle,dalle,1,0.2912153899669647,data\cache\clean\test\dalle_6890\jpeg_q90.jpg
dalle_6f0f61883f111368d770c54801f33449,jpeg_q90,dalle,dalle,1,0.05424075201153755,data\cache\clean\test\dalle_6f0f61883f111368d770c54801f33449\jpeg_q90.jpg
dalle_8017,jpeg_q90,dalle,dalle,1,0.12014158070087433,data\cache\clean\test\dalle_8017\jpeg_q90.jpg
gigagan_01605,jpeg_q90,gigagan,gigagan,1,0.47031089663505554,data\cache\clean\test\gigagan_01605\jpeg_q90.jpg
gigagan_05738,jpeg_q90,gigagan,gigagan,1,0.16564396023750305,data\cache\clean\test\gigagan_05738\jpeg_q90.jpg
gigagan_07350,jpeg_q90,gigagan,gigagan,1,0.05636773258447647,data\cache\clean\test\gigagan_07350\jpeg_q90.jpg
gigagan_10914,jpeg_q90,gigagan,gigagan,1,0.05737282335758209,data\cache\clean\test\gigagan_10914\jpeg_q90.jpg
gigagan_14071,jpeg_q90,gigagan,gigagan,1,7.48817838029936e-05,data\cache\clean\test\gigagan_14071\jpeg_q90.jpg
gigagan_15454,jpeg_q90,gigagan,gigagan,1,0.2618260979652405,data\cache\clean\test\gigagan_15454\jpeg_q90.jpg
gigagan_15561,jpeg_q90,gigagan,gigagan,1,0.06271275877952576,data\cache\clean\test\gigagan_15561\jpeg_q90.jpg
gigagan_20327,jpeg_q90,gigagan,gigagan,1,0.007781864609569311,data\cache\clean\test\gigagan_20327\jpeg_q90.jpg
gigagan_20468,jpeg_q90,gigagan,gigagan,1,0.14927536249160767,data\cache\clean\test\gigagan_20468\jpeg_q90.jpg
gigagan_21611,jpeg_q90,gigagan,gigagan,1,0.25453755259513855,data\cache\clean\test\gigagan_21611\jpeg_q90.jpg
gigagan_22418,jpeg_q90,gigagan,gigagan,1,0.04396103695034981,data\cache\clean\test\gigagan_22418\jpeg_q90.jpg
gigagan_24679,jpeg_q90,gigagan,gigagan,1,0.13000880181789398,data\cache\clean\test\gigagan_24679\jpeg_q90.jpg
gigagan_25090,jpeg_q90,gigagan,gigagan,1,0.001200445112772286,data\cache\clean\test\gigagan_25090\jpeg_q90.jpg
imagen3_045e6da6fd7f6fb0,jpeg_q90,imagen3,imagen3,1,0.01484728418290615,data\cache\clean\test\imagen3_045e6da6fd7f6fb0\jpeg_q90.jpg
imagen3_04e3097ac2f57647,jpeg_q90,imagen3,imagen3,1,0.15804630517959595,data\cache\clean\test\imagen3_04e3097ac2f57647\jpeg_q90.jpg
imagen3_07747d6ffd056bee,jpeg_q90,imagen3,imagen3,1,0.0034910317044705153,data\cache\clean\test\imagen3_07747d6ffd056bee\jpeg_q90.jpg
imagen3_13ed1f9391224848,jpeg_q90,imagen3,imagen3,1,0.04033766686916351,data\cache\clean\test\imagen3_13ed1f9391224848\jpeg_q90.jpg
imagen3_15906,jpeg_q90,imagen3,imagen3,1,0.040258362889289856,data\cache\clean\test\imagen3_15906\jpeg_q90.jpg
imagen3_17643da56f35c6f7,jpeg_q90,imagen3,imagen3,1,2.0061113445990486e-06,data\cache\clean\test\imagen3_17643da56f35c6f7\jpeg_q90.jpg
imagen3_1fe9a0379cffa709,jpeg_q90,imagen3,imagen3,1,0.4001760482788086,data\cache\clean\test\imagen3_1fe9a0379cffa709\jpeg_q90.jpg
imagen3_20942,jpeg_q90,imagen3,imagen3,1,0.1971171796321869,data\cache\clean\test\imagen3_20942\jpeg_q90.jpg
imagen3_24e64d19ddde11cb,jpeg_q90,imagen3,imagen3,1,1.4736750131305598e-07,data\cache\clean\test\imagen3_24e64d19ddde11cb\jpeg_q90.jpg
imagen3_260ae6b06f1f50e2,jpeg_q90,imagen3,imagen3,1,6.172248276925529e-07,data\cache\clean\test\imagen3_260ae6b06f1f50e2\jpeg_q90.jpg
imagen3_2be4510162a8a76e,jpeg_q90,imagen3,imagen3,1,0.0023377970792353153,data\cache\clean\test\imagen3_2be4510162a8a76e\jpeg_q90.jpg
imagen3_3403b18fc93acbfc,jpeg_q90,imagen3,imagen3,1,0.001132490229792893,data\cache\clean\test\imagen3_3403b18fc93acbfc\jpeg_q90.jpg
imagen3_43058,jpeg_q90,imagen3,imagen3,1,1.1366892977093812e-05,data\cache\clean\test\imagen3_43058\jpeg_q90.jpg
imagen3_44015,jpeg_q90,imagen3,imagen3,1,0.0011241864413022995,data\cache\clean\test\imagen3_44015\jpeg_q90.jpg
imagen3_44075,jpeg_q90,imagen3,imagen3,1,0.0015936527634039521,data\cache\clean\test\imagen3_44075\jpeg_q90.jpg
imagen3_46922,jpeg_q90,imagen3,imagen3,1,0.050486426800489426,data\cache\clean\test\imagen3_46922\jpeg_q90.jpg
imagen3_473ffc5e3d5dc373,jpeg_q90,imagen3,imagen3,1,0.018651697784662247,data\cache\clean\test\imagen3_473ffc5e3d5dc373\jpeg_q90.jpg
imagen3_51659,jpeg_q90,imagen3,imagen3,1,0.1514175683259964,data\cache\clean\test\imagen3_51659\jpeg_q90.jpg
imagen3_519f5c348fe55fcd,jpeg_q90,imagen3,imagen3,1,0.000211188496905379,data\cache\clean\test\imagen3_519f5c348fe55fcd\jpeg_q90.jpg
imagen3_52115,jpeg_q90,imagen3,imagen3,1,0.4729866683483124,data\cache\clean\test\imagen3_52115\jpeg_q90.jpg
imagen3_52520,jpeg_q90,imagen3,imagen3,1,0.033021483570337296,data\cache\clean\test\imagen3_52520\jpeg_q90.jpg
imagen3_560ead164dab63a5,jpeg_q90,imagen3,imagen3,1,0.37109681963920593,data\cache\clean\test\imagen3_560ead164dab63a5\jpeg_q90.jpg
imagen3_5e95809bd47d157b,jpeg_q90,imagen3,imagen3,1,0.012375483289361,data\cache\clean\test\imagen3_5e95809bd47d157b\jpeg_q90.jpg
imagen3_69467160e53f71bc,jpeg_q90,imagen3,imagen3,1,0.008317158557474613,data\cache\clean\test\imagen3_69467160e53f71bc\jpeg_q90.jpg
imagen3_6a8270ea182a9194,jpeg_q90,imagen3,imagen3,1,0.0015694152098149061,data\cache\clean\test\imagen3_6a8270ea182a9194\jpeg_q90.jpg
imagen3_6c7624322b04ce43,jpeg_q90,imagen3,imagen3,1,5.57380190002732e-07,data\cache\clean\test\imagen3_6c7624322b04ce43\jpeg_q90.jpg
imagen3_77fb2d4f372634f8,jpeg_q90,imagen3,imagen3,1,0.00024191569536924362,data\cache\clean\test\imagen3_77fb2d4f372634f8\jpeg_q90.jpg
imagen3_7e3e1e738f642f1a,jpeg_q90,imagen3,imagen3,1,0.43227288126945496,data\cache\clean\test\imagen3_7e3e1e738f642f1a\jpeg_q90.jpg
imagen3_7ee1485909c59826,jpeg_q90,imagen3,imagen3,1,0.07710614055395126,data\cache\clean\test\imagen3_7ee1485909c59826\jpeg_q90.jpg
imagen3_8b13dc3bff918841,jpeg_q90,imagen3,imagen3,1,0.0006923156324774027,data\cache\clean\test\imagen3_8b13dc3bff918841\jpeg_q90.jpg
imagen3_8c20e4bf83ffff36,jpeg_q90,imagen3,imagen3,1,0.011444597505033016,data\cache\clean\test\imagen3_8c20e4bf83ffff36\jpeg_q90.jpg
imagen3_8e6f8acd28fd8f35,jpeg_q90,imagen3,imagen3,1,0.05079830065369606,data\cache\clean\test\imagen3_8e6f8acd28fd8f35\jpeg_q90.jpg
imagen3_9e82651e214a25c8,jpeg_q90,imagen3,imagen3,1,0.0033413819037377834,data\cache\clean\test\imagen3_9e82651e214a25c8\jpeg_q90.jpg
imagen3_a1b5be9a5f0d1f7a,jpeg_q90,imagen3,imagen3,1,0.021421661600470543,data\cache\clean\test\imagen3_a1b5be9a5f0d1f7a\jpeg_q90.jpg
imagen3_aa13646e437b7afa,jpeg_q90,imagen3,imagen3,1,0.000180518560227938,data\cache\clean\test\imagen3_aa13646e437b7afa\jpeg_q90.jpg
imagen3_ad860df8c2a1a848,jpeg_q90,imagen3,imagen3,1,0.00024589712847955525,data\cache\clean\test\imagen3_ad860df8c2a1a848\jpeg_q90.jpg
imagen3_b69c9976ced306d1,jpeg_q90,imagen3,imagen3,1,0.061873212456703186,data\cache\clean\test\imagen3_b69c9976ced306d1\jpeg_q90.jpg
imagen3_ca44bb7db1e73a9a,jpeg_q90,imagen3,imagen3,1,0.020435024052858353,data\cache\clean\test\imagen3_ca44bb7db1e73a9a\jpeg_q90.jpg
imagen3_d326e7c87fb1d966,jpeg_q90,imagen3,imagen3,1,0.21322447061538696,data\cache\clean\test\imagen3_d326e7c87fb1d966\jpeg_q90.jpg
imagen3_e63f3b6f8bdee43a,jpeg_q90,imagen3,imagen3,1,4.792648269358324e-06,data\cache\clean\test\imagen3_e63f3b6f8bdee43a\jpeg_q90.jpg
imagen3_eaf94916ce926270,jpeg_q90,imagen3,imagen3,1,0.09404363483190536,data\cache\clean\test\imagen3_eaf94916ce926270\jpeg_q90.jpg
imagen3_f2da05bffbe27dab,jpeg_q90,imagen3,imagen3,1,0.37114936113357544,data\cache\clean\test\imagen3_f2da05bffbe27dab\jpeg_q90.jpg
imagen3_f69a20bda8f47fea,jpeg_q90,imagen3,imagen3,1,0.45286452770233154,data\cache\clean\test\imagen3_f69a20bda8f47fea\jpeg_q90.jpg
imagen3_fa8535259782583b,jpeg_q90,imagen3,imagen3,1,0.24547725915908813,data\cache\clean\test\imagen3_fa8535259782583b\jpeg_q90.jpg
imagen3_fe7048efd51b15b8,jpeg_q90,imagen3,imagen3,1,0.0029656882397830486,data\cache\clean\test\imagen3_fe7048efd51b15b8\jpeg_q90.jpg
sidset_full_synthetic_017359,jpeg_q90,sidset,full_synthetic,1,0.11603037267923355,data\cache\clean\test\sidset_full_synthetic_017359\jpeg_q90.jpg
sidset_full_synthetic_046026,jpeg_q90,sidset,full_synthetic,1,0.04522135853767395,data\cache\clean\test\sidset_full_synthetic_046026\jpeg_q90.jpg
sidset_full_synthetic_048809,jpeg_q90,sidset,full_synthetic,1,0.017275897786021233,data\cache\clean\test\sidset_full_synthetic_048809\jpeg_q90.jpg
sidset_full_synthetic_060524,jpeg_q90,sidset,full_synthetic,1,0.10751338303089142,data\cache\clean\test\sidset_full_synthetic_060524\jpeg_q90.jpg
sidset_full_synthetic_067084,jpeg_q90,sidset,full_synthetic,1,0.11377809941768646,data\cache\clean\test\sidset_full_synthetic_067084\jpeg_q90.jpg
stylegan_xl_0097a2e24789bc7a,jpeg_q90,stylegan_xl,stylegan_xl,1,0.05588611587882042,data\cache\clean\test\stylegan_xl_0097a2e24789bc7a\jpeg_q90.jpg
stylegan_xl_00a4591cf03df584,jpeg_q90,stylegan_xl,stylegan_xl,1,5.992679064092954e-08,data\cache\clean\test\stylegan_xl_00a4591cf03df584\jpeg_q90.jpg
stylegan_xl_031391f1ab18ab62,jpeg_q90,stylegan_xl,stylegan_xl,1,0.1338600069284439,data\cache\clean\test\stylegan_xl_031391f1ab18ab62\jpeg_q90.jpg
stylegan_xl_0a4244f8a9185bad,jpeg_q90,stylegan_xl,stylegan_xl,1,0.19739429652690887,data\cache\clean\test\stylegan_xl_0a4244f8a9185bad\jpeg_q90.jpg
stylegan_xl_0f7efa4c31bcd8f4,jpeg_q90,stylegan_xl,stylegan_xl,1,2.693514215934556e-05,data\cache\clean\test\stylegan_xl_0f7efa4c31bcd8f4\jpeg_q90.jpg
stylegan_xl_1060d58257bc5130,jpeg_q90,stylegan_xl,stylegan_xl,1,0.00019520733621902764,data\cache\clean\test\stylegan_xl_1060d58257bc5130\jpeg_q90.jpg
stylegan_xl_1440252ff76f525f,jpeg_q90,stylegan_xl,stylegan_xl,1,0.02340746484696865,data\cache\clean\test\stylegan_xl_1440252ff76f525f\jpeg_q90.jpg
stylegan_xl_17f8bf0ef8d2f478,jpeg_q90,stylegan_xl,stylegan_xl,1,0.012205591425299644,data\cache\clean\test\stylegan_xl_17f8bf0ef8d2f478\jpeg_q90.jpg
stylegan_xl_2013fe0d44f84041,jpeg_q90,stylegan_xl,stylegan_xl,1,0.0007236603414639831,data\cache\clean\test\stylegan_xl_2013fe0d44f84041\jpeg_q90.jpg
stylegan_xl_324e332686aa6966,jpeg_q90,stylegan_xl,stylegan_xl,1,0.4969799518585205,data\cache\clean\test\stylegan_xl_324e332686aa6966\jpeg_q90.jpg
stylegan_xl_3621cf0be1fc8d68,jpeg_q90,stylegan_xl,stylegan_xl,1,0.1470663696527481,data\cache\clean\test\stylegan_xl_3621cf0be1fc8d68\jpeg_q90.jpg
stylegan_xl_38c489e3b0d8c700,jpeg_q90,stylegan_xl,stylegan_xl,1,0.3733294606208801,data\cache\clean\test\stylegan_xl_38c489e3b0d8c700\jpeg_q90.jpg
stylegan_xl_3b5e18f8fc06450d,jpeg_q90,stylegan_xl,stylegan_xl,1,0.006736423820257187,data\cache\clean\test\stylegan_xl_3b5e18f8fc06450d\jpeg_q90.jpg
stylegan_xl_43847,jpeg_q90,stylegan_xl,stylegan_xl,1,0.08633846044540405,data\cache\clean\test\stylegan_xl_43847\jpeg_q90.jpg
stylegan_xl_44451,jpeg_q90,stylegan_xl,stylegan_xl,1,0.0010919247288256884,data\cache\clean\test\stylegan_xl_44451\jpeg_q90.jpg
stylegan_xl_45602,jpeg_q90,stylegan_xl,stylegan_xl,1,0.01424469705671072,data\cache\clean\test\stylegan_xl_45602\jpeg_q90.jpg
stylegan_xl_48611,jpeg_q90,stylegan_xl,stylegan_xl,1,0.01593148149549961,data\cache\clean\test\stylegan_xl_48611\jpeg_q90.jpg
stylegan_xl_48927,jpeg_q90,stylegan_xl,stylegan_xl,1,0.02346586436033249,data\cache\clean\test\stylegan_xl_48927\jpeg_q90.jpg
stylegan_xl_4f991f9638e28675,jpeg_q90,stylegan_xl,stylegan_xl,1,0.0001539810182293877,data\cache\clean\test\stylegan_xl_4f991f9638e28675\jpeg_q90.jpg
stylegan_xl_60ed9d3511d333bf,jpeg_q90,stylegan_xl,stylegan_xl,1,0.09418901056051254,data\cache\clean\test\stylegan_xl_60ed9d3511d333bf\jpeg_q90.jpg
stylegan_xl_65bb283a1280639e,jpeg_q90,stylegan_xl,stylegan_xl,1,0.14729538559913635,data\cache\clean\test\stylegan_xl_65bb283a1280639e\jpeg_q90.jpg
stylegan_xl_729fee52c5b7f95b,jpeg_q90,stylegan_xl,stylegan_xl,1,0.28141212463378906,data\cache\clean\test\stylegan_xl_729fee52c5b7f95b\jpeg_q90.jpg
stylegan_xl_7d433e90bcd7bd53,jpeg_q90,stylegan_xl,stylegan_xl,1,0.0007774889818392694,data\cache\clean\test\stylegan_xl_7d433e90bcd7bd53\jpeg_q90.jpg
stylegan_xl_7ffebe6032f8209f,jpeg_q90,stylegan_xl,stylegan_xl,1,0.006989298388361931,data\cache\clean\test\stylegan_xl_7ffebe6032f8209f\jpeg_q90.jpg
stylegan_xl_80fc8be6e7c11eb3,jpeg_q90,stylegan_xl,stylegan_xl,1,3.753508281079121e-05,data\cache\clean\test\stylegan_xl_80fc8be6e7c11eb3\jpeg_q90.jpg
stylegan_xl_8461b1ae87c22c20,jpeg_q90,stylegan_xl,stylegan_xl,1,0.3027041554450989,data\cache\clean\test\stylegan_xl_8461b1ae87c22c20\jpeg_q90.jpg
stylegan_xl_8f9dfd75dde8914f,jpeg_q90,stylegan_xl,stylegan_xl,1,2.7893893275177106e-05,data\cache\clean\test\stylegan_xl_8f9dfd75dde8914f\jpeg_q90.jpg
stylegan_xl_a10d4a733f4df420,jpeg_q90,stylegan_xl,stylegan_xl,1,0.2585969865322113,data\cache\clean\test\stylegan_xl_a10d4a733f4df420\jpeg_q90.jpg
stylegan_xl_a1ed16fffc5ecb68,jpeg_q90,stylegan_xl,stylegan_xl,1,0.0038902820087969303,data\cache\clean\test\stylegan_xl_a1ed16fffc5ecb68\jpeg_q90.jpg
stylegan_xl_a72f3ace10a8f550,jpeg_q90,stylegan_xl,stylegan_xl,1,7.635578185727354e-06,data\cache\clean\test\stylegan_xl_a72f3ace10a8f550\jpeg_q90.jpg
stylegan_xl_c9421141bcf3a15a,jpeg_q90,stylegan_xl,stylegan_xl,1,0.06654039025306702,data\cache\clean\test\stylegan_xl_c9421141bcf3a15a\jpeg_q90.jpg
stylegan_xl_cccbc1d57a7e095e,jpeg_q90,stylegan_xl,stylegan_xl,1,0.4265589714050293,data\cache\clean\test\stylegan_xl_cccbc1d57a7e095e\jpeg_q90.jpg
stylegan_xl_cf9c332a1ebfb587,jpeg_q90,stylegan_xl,stylegan_xl,1,0.28489935398101807,data\cache\clean\test\stylegan_xl_cf9c332a1ebfb587\jpeg_q90.jpg
stylegan_xl_d686a15f05d09472,jpeg_q90,stylegan_xl,stylegan_xl,1,0.07006679475307465,data\cache\clean\test\stylegan_xl_d686a15f05d09472\jpeg_q90.jpg
stylegan_xl_e4b8e7ef72cabaf2,jpeg_q90,stylegan_xl,stylegan_xl,1,0.0006087509100325406,data\cache\clean\test\stylegan_xl_e4b8e7ef72cabaf2\jpeg_q90.jpg
stylegan_xl_f2ea3473d8b1a62f,jpeg_q90,stylegan_xl,stylegan_xl,1,0.01717161387205124,data\cache\clean\test\stylegan_xl_f2ea3473d8b1a62f\jpeg_q90.jpg
stylegan_xl_fef6a66b8deaa7ab,jpeg_q90,stylegan_xl,stylegan_xl,1,4.402782138868133e-08,data\cache\clean\test\stylegan_xl_fef6a66b8deaa7ab\jpeg_q90.jpg
cifake_1028 (10),noise_s0.02,cifake,stable_diffusion,1,0.36889761686325073,data\cache\clean\test\cifake_1028 (10)\noise_s0.02.jpg
cifake_1088 (3),noise_s0.02,cifake,stable_diffusion,1,0.33604052662849426,data\cache\clean\test\cifake_1088 (3)\noise_s0.02.jpg
cifake_1729 (4),noise_s0.02,cifake,stable_diffusion,1,0.1873374581336975,data\cache\clean\test\cifake_1729 (4)\noise_s0.02.jpg
cifake_1867 (9),noise_s0.02,cifake,stable_diffusion,1,0.20079457759857178,data\cache\clean\test\cifake_1867 (9)\noise_s0.02.jpg
cifake_2509 (6),noise_s0.02,cifake,stable_diffusion,1,0.26349949836730957,data\cache\clean\test\cifake_2509 (6)\noise_s0.02.jpg
cifake_3395 (5),noise_s0.02,cifake,stable_diffusion,1,0.399628221988678,data\cache\clean\test\cifake_3395 (5)\noise_s0.02.jpg
cifake_4127 (3),noise_s0.02,cifake,stable_diffusion,1,0.11653343588113785,data\cache\clean\test\cifake_4127 (3)\noise_s0.02.jpg
cifake_4160 (8)_1,noise_s0.02,cifake,stable_diffusion,1,0.40260204672813416,data\cache\clean\test\cifake_4160 (8)_1\noise_s0.02.jpg
cifake_4457 (9)_1,noise_s0.02,cifake,stable_diffusion,1,0.40573182702064514,data\cache\clean\test\cifake_4457 (9)_1\noise_s0.02.jpg
cifake_4615 (3),noise_s0.02,cifake,stable_diffusion,1,0.1183016374707222,data\cache\clean\test\cifake_4615 (3)\noise_s0.02.jpg
cifake_4681 (5),noise_s0.02,cifake,stable_diffusion,1,0.29181280732154846,data\cache\clean\test\cifake_4681 (5)\noise_s0.02.jpg
cifake_4859 (9),noise_s0.02,cifake,stable_diffusion,1,0.2628192901611328,data\cache\clean\test\cifake_4859 (9)\noise_s0.02.jpg
cifake_5221 (3),noise_s0.02,cifake,stable_diffusion,1,0.2907913327217102,data\cache\clean\test\cifake_5221 (3)\noise_s0.02.jpg
cifake_5268 (7),noise_s0.02,cifake,stable_diffusion,1,0.2355286180973053,data\cache\clean\test\cifake_5268 (7)\noise_s0.02.jpg
cifake_5523 (6),noise_s0.02,cifake,stable_diffusion,1,0.055074021220207214,data\cache\clean\test\cifake_5523 (6)\noise_s0.02.jpg
cifake_5777 (3),noise_s0.02,cifake,stable_diffusion,1,0.1345282644033432,data\cache\clean\test\cifake_5777 (3)\noise_s0.02.jpg
cifake_5821 (4),noise_s0.02,cifake,stable_diffusion,1,0.41745999455451965,data\cache\clean\test\cifake_5821 (4)\noise_s0.02.jpg
cifake_771 (8),noise_s0.02,cifake,stable_diffusion,1,0.062141917645931244,data\cache\clean\test\cifake_771 (8)\noise_s0.02.jpg
cifake_954 (9),noise_s0.02,cifake,stable_diffusion,1,0.19963659346103668,data\cache\clean\test\cifake_954 (9)\noise_s0.02.jpg
dalle_13048,noise_s0.02,dalle,dalle,1,0.4116964340209961,data\cache\clean\test\dalle_13048\noise_s0.02.jpg
dalle_33159,noise_s0.02,dalle,dalle,1,0.0041897413320839405,data\cache\clean\test\dalle_33159\noise_s0.02.jpg
dalle_41791,noise_s0.02,dalle,dalle,1,0.004373044241219759,data\cache\clean\test\dalle_41791\noise_s0.02.jpg
dalle_41855,noise_s0.02,dalle,dalle,1,0.3647371828556061,data\cache\clean\test\dalle_41855\noise_s0.02.jpg
dalle_5781,noise_s0.02,dalle,dalle,1,0.2745014429092407,data\cache\clean\test\dalle_5781\noise_s0.02.jpg
dalle_6f0f61883f111368d770c54801f33449,noise_s0.02,dalle,dalle,1,0.012910133227705956,data\cache\clean\test\dalle_6f0f61883f111368d770c54801f33449\noise_s0.02.jpg
dalle_8017,noise_s0.02,dalle,dalle,1,0.013667669147253036,data\cache\clean\test\dalle_8017\noise_s0.02.jpg
gigagan_01605,noise_s0.02,gigagan,gigagan,1,0.2757447361946106,data\cache\clean\test\gigagan_01605\noise_s0.02.jpg
gigagan_05250,noise_s0.02,gigagan,gigagan,1,0.4012143909931183,data\cache\clean\test\gigagan_05250\noise_s0.02.jpg
gigagan_05738,noise_s0.02,gigagan,gigagan,1,0.01650654338300228,data\cache\clean\test\gigagan_05738\noise_s0.02.jpg
gigagan_06526,noise_s0.02,gigagan,gigagan,1,0.4030213952064514,data\cache\clean\test\gigagan_06526\noise_s0.02.jpg
gigagan_07350,noise_s0.02,gigagan,gigagan,1,0.0072736055590212345,data\cache\clean\test\gigagan_07350\noise_s0.02.jpg
gigagan_09742,noise_s0.02,gigagan,gigagan,1,0.3577772378921509,data\cache\clean\test\gigagan_09742\noise_s0.02.jpg
gigagan_10769,noise_s0.02,gigagan,gigagan,1,0.4258362054824829,data\cache\clean\test\gigagan_10769\noise_s0.02.jpg
gigagan_10914,noise_s0.02,gigagan,gigagan,1,0.04738683998584747,data\cache\clean\test\gigagan_10914\noise_s0.02.jpg
gigagan_11787,noise_s0.02,gigagan,gigagan,1,0.3856532573699951,data\cache\clean\test\gigagan_11787\noise_s0.02.jpg
gigagan_14071,noise_s0.02,gigagan,gigagan,1,0.0004040188796352595,data\cache\clean\test\gigagan_14071\noise_s0.02.jpg
gigagan_15454,noise_s0.02,gigagan,gigagan,1,0.017888931557536125,data\cache\clean\test\gigagan_15454\noise_s0.02.jpg
gigagan_15561,noise_s0.02,gigagan,gigagan,1,0.00993094127625227,data\cache\clean\test\gigagan_15561\noise_s0.02.jpg
gigagan_17003,noise_s0.02,gigagan,gigagan,1,0.01462279912084341,data\cache\clean\test\gigagan_17003\noise_s0.02.jpg
gigagan_20207,noise_s0.02,gigagan,gigagan,1,0.2988855242729187,data\cache\clean\test\gigagan_20207\noise_s0.02.jpg
gigagan_20327,noise_s0.02,gigagan,gigagan,1,0.01954474486410618,data\cache\clean\test\gigagan_20327\noise_s0.02.jpg
gigagan_21611,noise_s0.02,gigagan,gigagan,1,0.08161036670207977,data\cache\clean\test\gigagan_21611\noise_s0.02.jpg
gigagan_22418,noise_s0.02,gigagan,gigagan,1,0.012240208685398102,data\cache\clean\test\gigagan_22418\noise_s0.02.jpg
gigagan_24679,noise_s0.02,gigagan,gigagan,1,0.1938486546278,data\cache\clean\test\gigagan_24679\noise_s0.02.jpg
gigagan_25090,noise_s0.02,gigagan,gigagan,1,0.004031501244753599,data\cache\clean\test\gigagan_25090\noise_s0.02.jpg
imagen3_045e6da6fd7f6fb0,noise_s0.02,imagen3,imagen3,1,0.014327012933790684,data\cache\clean\test\imagen3_045e6da6fd7f6fb0\noise_s0.02.jpg
imagen3_04e3097ac2f57647,noise_s0.02,imagen3,imagen3,1,0.049799490720033646,data\cache\clean\test\imagen3_04e3097ac2f57647\noise_s0.02.jpg
imagen3_07747d6ffd056bee,noise_s0.02,imagen3,imagen3,1,0.002413736190646887,data\cache\clean\test\imagen3_07747d6ffd056bee\noise_s0.02.jpg
imagen3_13ed1f9391224848,noise_s0.02,imagen3,imagen3,1,0.03098222427070141,data\cache\clean\test\imagen3_13ed1f9391224848\noise_s0.02.jpg
imagen3_17643da56f35c6f7,noise_s0.02,imagen3,imagen3,1,6.000443590892246e-06,data\cache\clean\test\imagen3_17643da56f35c6f7\noise_s0.02.jpg
imagen3_20942,noise_s0.02,imagen3,imagen3,1,0.4457316994667053,data\cache\clean\test\imagen3_20942\noise_s0.02.jpg
imagen3_24e64d19ddde11cb,noise_s0.02,imagen3,imagen3,1,2.412503818050027e-06,data\cache\clean\test\imagen3_24e64d19ddde11cb\noise_s0.02.jpg
imagen3_260ae6b06f1f50e2,noise_s0.02,imagen3,imagen3,1,2.549948590058193e-07,data\cache\clean\test\imagen3_260ae6b06f1f50e2\noise_s0.02.jpg
imagen3_2be4510162a8a76e,noise_s0.02,imagen3,imagen3,1,0.0004205774166621268,data\cache\clean\test\imagen3_2be4510162a8a76e\noise_s0.02.jpg
imagen3_3403b18fc93acbfc,noise_s0.02,imagen3,imagen3,1,0.009435629472136497,data\cache\clean\test\imagen3_3403b18fc93acbfc\noise_s0.02.jpg
imagen3_43058,noise_s0.02,imagen3,imagen3,1,4.15190106650698e-06,data\cache\clean\test\imagen3_43058\noise_s0.02.jpg
imagen3_44015,noise_s0.02,imagen3,imagen3,1,0.001287960447371006,data\cache\clean\test\imagen3_44015\noise_s0.02.jpg
imagen3_44075,noise_s0.02,imagen3,imagen3,1,0.04181122034788132,data\cache\clean\test\imagen3_44075\noise_s0.02.jpg
imagen3_46922,noise_s0.02,imagen3,imagen3,1,0.02161414921283722,data\cache\clean\test\imagen3_46922\noise_s0.02.jpg
imagen3_473ffc5e3d5dc373,noise_s0.02,imagen3,imagen3,1,0.026459379121661186,data\cache\clean\test\imagen3_473ffc5e3d5dc373\noise_s0.02.jpg
imagen3_51659,noise_s0.02,imagen3,imagen3,1,0.008103053085505962,data\cache\clean\test\imagen3_51659\noise_s0.02.jpg
imagen3_519f5c348fe55fcd,noise_s0.02,imagen3,imagen3,1,0.0008020568639039993,data\cache\clean\test\imagen3_519f5c348fe55fcd\noise_s0.02.jpg
imagen3_52520,noise_s0.02,imagen3,imagen3,1,0.008796961046755314,data\cache\clean\test\imagen3_52520\noise_s0.02.jpg
imagen3_5e95809bd47d157b,noise_s0.02,imagen3,imagen3,1,0.025856973603367805,data\cache\clean\test\imagen3_5e95809bd47d157b\noise_s0.02.jpg
imagen3_69467160e53f71bc,noise_s0.02,imagen3,imagen3,1,0.015623830258846283,data\cache\clean\test\imagen3_69467160e53f71bc\noise_s0.02.jpg
imagen3_6a8270ea182a9194,noise_s0.02,imagen3,imagen3,1,0.0026295685674995184,data\cache\clean\test\imagen3_6a8270ea182a9194\noise_s0.02.jpg
imagen3_6c7624322b04ce43,noise_s0.02,imagen3,imagen3,1,1.5595080071761913e-07,data\cache\clean\test\imagen3_6c7624322b04ce43\noise_s0.02.jpg
imagen3_77fb2d4f372634f8,noise_s0.02,imagen3,imagen3,1,0.0009114865679293871,data\cache\clean\test\imagen3_77fb2d4f372634f8\noise_s0.02.jpg
imagen3_7ee1485909c59826,noise_s0.02,imagen3,imagen3,1,0.23690088093280792,data\cache\clean\test\imagen3_7ee1485909c59826\noise_s0.02.jpg
imagen3_8b13dc3bff918841,noise_s0.02,imagen3,imagen3,1,0.0010894736042246222,data\cache\clean\test\imagen3_8b13dc3bff918841\noise_s0.02.jpg
imagen3_8c20e4bf83ffff36,noise_s0.02,imagen3,imagen3,1,0.018632100895047188,data\cache\clean\test\imagen3_8c20e4bf83ffff36\noise_s0.02.jpg
imagen3_8e6f8acd28fd8f35,noise_s0.02,imagen3,imagen3,1,0.2702529728412628,data\cache\clean\test\imagen3_8e6f8acd28fd8f35\noise_s0.02.jpg
imagen3_9e82651e214a25c8,noise_s0.02,imagen3,imagen3,1,0.024598777294158936,data\cache\clean\test\imagen3_9e82651e214a25c8\noise_s0.02.jpg
imagen3_a1b5be9a5f0d1f7a,noise_s0.02,imagen3,imagen3,1,0.016573557630181313,data\cache\clean\test\imagen3_a1b5be9a5f0d1f7a\noise_s0.02.jpg
imagen3_aa13646e437b7afa,noise_s0.02,imagen3,imagen3,1,0.0008361198124475777,data\cache\clean\test\imagen3_aa13646e437b7afa\noise_s0.02.jpg
imagen3_ad860df8c2a1a848,noise_s0.02,imagen3,imagen3,1,0.005968176294118166,data\cache\clean\test\imagen3_ad860df8c2a1a848\noise_s0.02.jpg
imagen3_b69c9976ced306d1,noise_s0.02,imagen3,imagen3,1,0.029311751946806908,data\cache\clean\test\imagen3_b69c9976ced306d1\noise_s0.02.jpg
imagen3_ca44bb7db1e73a9a,noise_s0.02,imagen3,imagen3,1,0.004879326559603214,data\cache\clean\test\imagen3_ca44bb7db1e73a9a\noise_s0.02.jpg
imagen3_d326e7c87fb1d966,noise_s0.02,imagen3,imagen3,1,0.1460735946893692,data\cache\clean\test\imagen3_d326e7c87fb1d966\noise_s0.02.jpg
imagen3_e63f3b6f8bdee43a,noise_s0.02,imagen3,imagen3,1,6.680648220935836e-05,data\cache\clean\test\imagen3_e63f3b6f8bdee43a\noise_s0.02.jpg
imagen3_eaf94916ce926270,noise_s0.02,imagen3,imagen3,1,0.07161441445350647,data\cache\clean\test\imagen3_eaf94916ce926270\noise_s0.02.jpg
imagen3_f69a20bda8f47fea,noise_s0.02,imagen3,imagen3,1,0.36526039242744446,data\cache\clean\test\imagen3_f69a20bda8f47fea\noise_s0.02.jpg
imagen3_fa8535259782583b,noise_s0.02,imagen3,imagen3,1,0.027852678671479225,data\cache\clean\test\imagen3_fa8535259782583b\noise_s0.02.jpg
imagen3_fe7048efd51b15b8,noise_s0.02,imagen3,imagen3,1,0.011900698766112328,data\cache\clean\test\imagen3_fe7048efd51b15b8\noise_s0.02.jpg
imagen3_Imagen3_2403,noise_s0.02,imagen3,imagen3,1,0.2998913526535034,data\cache\clean\test\imagen3_Imagen3_2403\noise_s0.02.jpg
imagen3_Imagen3_3556,noise_s0.02,imagen3,imagen3,1,0.4000241160392761,data\cache\clean\test\imagen3_Imagen3_3556\noise_s0.02.jpg
sidset_full_synthetic_001692,noise_s0.02,sidset,full_synthetic,1,0.20786134898662567,data\cache\clean\test\sidset_full_synthetic_001692\noise_s0.02.jpg
sidset_full_synthetic_017359,noise_s0.02,sidset,full_synthetic,1,0.16241884231567383,data\cache\clean\test\sidset_full_synthetic_017359\noise_s0.02.jpg
sidset_full_synthetic_040322,noise_s0.02,sidset,full_synthetic,1,0.42013201117515564,data\cache\clean\test\sidset_full_synthetic_040322\noise_s0.02.jpg
sidset_full_synthetic_048809,noise_s0.02,sidset,full_synthetic,1,0.00046689482405781746,data\cache\clean\test\sidset_full_synthetic_048809\noise_s0.02.jpg
sidset_full_synthetic_060524,noise_s0.02,sidset,full_synthetic,1,0.01188433077186346,data\cache\clean\test\sidset_full_synthetic_060524\noise_s0.02.jpg
sidset_full_synthetic_060650,noise_s0.02,sidset,full_synthetic,1,0.43909960985183716,data\cache\clean\test\sidset_full_synthetic_060650\noise_s0.02.jpg
sidset_full_synthetic_062086,noise_s0.02,sidset,full_synthetic,1,0.467317134141922,data\cache\clean\test\sidset_full_synthetic_062086\noise_s0.02.jpg
sidset_full_synthetic_063062,noise_s0.02,sidset,full_synthetic,1,0.35323575139045715,data\cache\clean\test\sidset_full_synthetic_063062\noise_s0.02.jpg
sidset_full_synthetic_067084,noise_s0.02,sidset,full_synthetic,1,0.22353193163871765,data\cache\clean\test\sidset_full_synthetic_067084\noise_s0.02.jpg
sidset_full_synthetic_068023,noise_s0.02,sidset,full_synthetic,1,0.4881833493709564,data\cache\clean\test\sidset_full_synthetic_068023\noise_s0.02.jpg
stylegan_xl_0097a2e24789bc7a,noise_s0.02,stylegan_xl,stylegan_xl,1,0.09394499659538269,data\cache\clean\test\stylegan_xl_0097a2e24789bc7a\noise_s0.02.jpg
stylegan_xl_00a4591cf03df584,noise_s0.02,stylegan_xl,stylegan_xl,1,7.087087539048298e-08,data\cache\clean\test\stylegan_xl_00a4591cf03df584\noise_s0.02.jpg
stylegan_xl_031391f1ab18ab62,noise_s0.02,stylegan_xl,stylegan_xl,1,0.06019901856780052,data\cache\clean\test\stylegan_xl_031391f1ab18ab62\noise_s0.02.jpg
stylegan_xl_0a4244f8a9185bad,noise_s0.02,stylegan_xl,stylegan_xl,1,0.048831336200237274,data\cache\clean\test\stylegan_xl_0a4244f8a9185bad\noise_s0.02.jpg
stylegan_xl_0f7efa4c31bcd8f4,noise_s0.02,stylegan_xl,stylegan_xl,1,4.361496030469425e-05,data\cache\clean\test\stylegan_xl_0f7efa4c31bcd8f4\noise_s0.02.jpg
stylegan_xl_1060d58257bc5130,noise_s0.02,stylegan_xl,stylegan_xl,1,5.363092350307852e-05,data\cache\clean\test\stylegan_xl_1060d58257bc5130\noise_s0.02.jpg
stylegan_xl_1440252ff76f525f,noise_s0.02,stylegan_xl,stylegan_xl,1,0.06570325046777725,data\cache\clean\test\stylegan_xl_1440252ff76f525f\noise_s0.02.jpg
stylegan_xl_17f8bf0ef8d2f478,noise_s0.02,stylegan_xl,stylegan_xl,1,0.021055644378066063,data\cache\clean\test\stylegan_xl_17f8bf0ef8d2f478\noise_s0.02.jpg
stylegan_xl_2013fe0d44f84041,noise_s0.02,stylegan_xl,stylegan_xl,1,0.03879459947347641,data\cache\clean\test\stylegan_xl_2013fe0d44f84041\noise_s0.02.jpg
stylegan_xl_3621cf0be1fc8d68,noise_s0.02,stylegan_xl,stylegan_xl,1,0.33612900972366333,data\cache\clean\test\stylegan_xl_3621cf0be1fc8d68\noise_s0.02.jpg
stylegan_xl_3b5e18f8fc06450d,noise_s0.02,stylegan_xl,stylegan_xl,1,0.003376307664439082,data\cache\clean\test\stylegan_xl_3b5e18f8fc06450d\noise_s0.02.jpg
stylegan_xl_42960,noise_s0.02,stylegan_xl,stylegan_xl,1,0.180673286318779,data\cache\clean\test\stylegan_xl_42960\noise_s0.02.jpg
stylegan_xl_43847,noise_s0.02,stylegan_xl,stylegan_xl,1,0.028277764096856117,data\cache\clean\test\stylegan_xl_43847\noise_s0.02.jpg
stylegan_xl_44451,noise_s0.02,stylegan_xl,stylegan_xl,1,0.0011586860055103898,data\cache\clean\test\stylegan_xl_44451\noise_s0.02.jpg
stylegan_xl_45602,noise_s0.02,stylegan_xl,stylegan_xl,1,0.018006611615419388,data\cache\clean\test\stylegan_xl_45602\noise_s0.02.jpg
stylegan_xl_48611,noise_s0.02,stylegan_xl,stylegan_xl,1,0.020005619153380394,data\cache\clean\test\stylegan_xl_48611\noise_s0.02.jpg
stylegan_xl_48927,noise_s0.02,stylegan_xl,stylegan_xl,1,0.32377341389656067,data\cache\clean\test\stylegan_xl_48927\noise_s0.02.jpg
stylegan_xl_49539,noise_s0.02,stylegan_xl,stylegan_xl,1,0.02001401036977768,data\cache\clean\test\stylegan_xl_49539\noise_s0.02.jpg
stylegan_xl_4f991f9638e28675,noise_s0.02,stylegan_xl,stylegan_xl,1,0.00019432669796515256,data\cache\clean\test\stylegan_xl_4f991f9638e28675\noise_s0.02.jpg
stylegan_xl_51829,noise_s0.02,stylegan_xl,stylegan_xl,1,0.4428391456604004,data\cache\clean\test\stylegan_xl_51829\noise_s0.02.jpg
stylegan_xl_53453,noise_s0.02,stylegan_xl,stylegan_xl,1,0.07600274682044983,data\cache\clean\test\stylegan_xl_53453\noise_s0.02.jpg
stylegan_xl_60ed9d3511d333bf,noise_s0.02,stylegan_xl,stylegan_xl,1,0.12178047001361847,data\cache\clean\test\stylegan_xl_60ed9d3511d333bf\noise_s0.02.jpg
stylegan_xl_729fee52c5b7f95b,noise_s0.02,stylegan_xl,stylegan_xl,1,0.3377213478088379,data\cache\clean\test\stylegan_xl_729fee52c5b7f95b\noise_s0.02.jpg
stylegan_xl_7d433e90bcd7bd53,noise_s0.02,stylegan_xl,stylegan_xl,1,0.005321891978383064,data\cache\clean\test\stylegan_xl_7d433e90bcd7bd53\noise_s0.02.jpg
stylegan_xl_7ffebe6032f8209f,noise_s0.02,stylegan_xl,stylegan_xl,1,0.00971987470984459,data\cache\clean\test\stylegan_xl_7ffebe6032f8209f\noise_s0.02.jpg
stylegan_xl_80fc8be6e7c11eb3,noise_s0.02,stylegan_xl,stylegan_xl,1,0.00027276453329250216,data\cache\clean\test\stylegan_xl_80fc8be6e7c11eb3\noise_s0.02.jpg
stylegan_xl_8f9dfd75dde8914f,noise_s0.02,stylegan_xl,stylegan_xl,1,0.00025225646095350385,data\cache\clean\test\stylegan_xl_8f9dfd75dde8914f\noise_s0.02.jpg
stylegan_xl_a1ed16fffc5ecb68,noise_s0.02,stylegan_xl,stylegan_xl,1,0.0031548908445984125,data\cache\clean\test\stylegan_xl_a1ed16fffc5ecb68\noise_s0.02.jpg
stylegan_xl_a72f3ace10a8f550,noise_s0.02,stylegan_xl,stylegan_xl,1,6.384421794791706e-06,data\cache\clean\test\stylegan_xl_a72f3ace10a8f550\noise_s0.02.jpg
stylegan_xl_c9421141bcf3a15a,noise_s0.02,stylegan_xl,stylegan_xl,1,0.07031513005495071,data\cache\clean\test\stylegan_xl_c9421141bcf3a15a\noise_s0.02.jpg
stylegan_xl_cccbc1d57a7e095e,noise_s0.02,stylegan_xl,stylegan_xl,1,0.31630778312683105,data\cache\clean\test\stylegan_xl_cccbc1d57a7e095e\noise_s0.02.jpg
stylegan_xl_cf9c332a1ebfb587,noise_s0.02,stylegan_xl,stylegan_xl,1,0.32334867119789124,data\cache\clean\test\stylegan_xl_cf9c332a1ebfb587\noise_s0.02.jpg
stylegan_xl_d686a15f05d09472,noise_s0.02,stylegan_xl,stylegan_xl,1,0.15325351059436798,data\cache\clean\test\stylegan_xl_d686a15f05d09472\noise_s0.02.jpg
stylegan_xl_d7c4ece8c8a01de0,noise_s0.02,stylegan_xl,stylegan_xl,1,0.12810294330120087,data\cache\clean\test\stylegan_xl_d7c4ece8c8a01de0\noise_s0.02.jpg
stylegan_xl_e4b8e7ef72cabaf2,noise_s0.02,stylegan_xl,stylegan_xl,1,0.0005104510928504169,data\cache\clean\test\stylegan_xl_e4b8e7ef72cabaf2\noise_s0.02.jpg
stylegan_xl_f2ea3473d8b1a62f,noise_s0.02,stylegan_xl,stylegan_xl,1,0.07896265387535095,data\cache\clean\test\stylegan_xl_f2ea3473d8b1a62f\noise_s0.02.jpg
stylegan_xl_fef6a66b8deaa7ab,noise_s0.02,stylegan_xl,stylegan_xl,1,4.086722640295193e-07,data\cache\clean\test\stylegan_xl_fef6a66b8deaa7ab\noise_s0.02.jpg
cifake_1028 (10),noise_s0.05,cifake,stable_diffusion,1,0.037142276763916016,data\cache\clean\test\cifake_1028 (10)\noise_s0.05.jpg
cifake_1278 (9),noise_s0.05,cifake,stable_diffusion,1,0.30321091413497925,data\cache\clean\test\cifake_1278 (9)\noise_s0.05.jpg
cifake_1623 (9),noise_s0.05,cifake,stable_diffusion,1,0.24207082390785217,data\cache\clean\test\cifake_1623 (9)\noise_s0.05.jpg
cifake_1867 (9),noise_s0.05,cifake,stable_diffusion,1,0.3209560513496399,data\cache\clean\test\cifake_1867 (9)\noise_s0.05.jpg
cifake_1927 (7),noise_s0.05,cifake,stable_diffusion,1,0.33353686332702637,data\cache\clean\test\cifake_1927 (7)\noise_s0.05.jpg
cifake_2623 (9),noise_s0.05,cifake,stable_diffusion,1,0.4185402989387512,data\cache\clean\test\cifake_2623 (9)\noise_s0.05.jpg
cifake_3309 (8),noise_s0.05,cifake,stable_diffusion,1,0.13830511271953583,data\cache\clean\test\cifake_3309 (8)\noise_s0.05.jpg
cifake_3379 (8),noise_s0.05,cifake,stable_diffusion,1,0.2842255234718323,data\cache\clean\test\cifake_3379 (8)\noise_s0.05.jpg
cifake_3395 (5),noise_s0.05,cifake,stable_diffusion,1,0.2233814001083374,data\cache\clean\test\cifake_3395 (5)\noise_s0.05.jpg
cifake_3450 (4),noise_s0.05,cifake,stable_diffusion,1,0.4707341194152832,data\cache\clean\test\cifake_3450 (4)\noise_s0.05.jpg
cifake_3975 (6),noise_s0.05,cifake,stable_diffusion,1,0.1134120300412178,data\cache\clean\test\cifake_3975 (6)\noise_s0.05.jpg
cifake_4127 (3),noise_s0.05,cifake,stable_diffusion,1,0.4836874008178711,data\cache\clean\test\cifake_4127 (3)\noise_s0.05.jpg
cifake_4160 (8)_1,noise_s0.05,cifake,stable_diffusion,1,0.4084579050540924,data\cache\clean\test\cifake_4160 (8)_1\noise_s0.05.jpg
cifake_4221 (2),noise_s0.05,cifake,stable_diffusion,1,0.43790361285209656,data\cache\clean\test\cifake_4221 (2)\noise_s0.05.jpg
cifake_4457 (9)_1,noise_s0.05,cifake,stable_diffusion,1,0.449871689081192,data\cache\clean\test\cifake_4457 (9)_1\noise_s0.05.jpg
cifake_4681 (5),noise_s0.05,cifake,stable_diffusion,1,0.37414342164993286,data\cache\clean\test\cifake_4681 (5)\noise_s0.05.jpg
cifake_5221 (3),noise_s0.05,cifake,stable_diffusion,1,0.30517327785491943,data\cache\clean\test\cifake_5221 (3)\noise_s0.05.jpg
cifake_5607 (3),noise_s0.05,cifake,stable_diffusion,1,0.4061473608016968,data\cache\clean\test\cifake_5607 (3)\noise_s0.05.jpg
cifake_5777 (3),noise_s0.05,cifake,stable_diffusion,1,0.19425371289253235,data\cache\clean\test\cifake_5777 (3)\noise_s0.05.jpg
cifake_771 (8),noise_s0.05,cifake,stable_diffusion,1,0.01576375961303711,data\cache\clean\test\cifake_771 (8)\noise_s0.05.jpg
cifake_939 (6),noise_s0.05,cifake,stable_diffusion,1,0.35475391149520874,data\cache\clean\test\cifake_939 (6)\noise_s0.05.jpg
dalle_13048,noise_s0.05,dalle,dalle,1,0.09000176191329956,data\cache\clean\test\dalle_13048\noise_s0.05.jpg
dalle_20080,noise_s0.05,dalle,dalle,1,0.22406624257564545,data\cache\clean\test\dalle_20080\noise_s0.05.jpg
dalle_33159,noise_s0.05,dalle,dalle,1,0.023940972983837128,data\cache\clean\test\dalle_33159\noise_s0.05.jpg
dalle_41791,noise_s0.05,dalle,dalle,1,0.0020510090980678797,data\cache\clean\test\dalle_41791\noise_s0.05.jpg
dalle_41855,noise_s0.05,dalle,dalle,1,0.10252860933542252,data\cache\clean\test\dalle_41855\noise_s0.05.jpg
dalle_6481,noise_s0.05,dalle,dalle,1,0.43393880128860474,data\cache\clean\test\dalle_6481\noise_s0.05.jpg
dalle_6f0f61883f111368d770c54801f33449,noise_s0.05,dalle,dalle,1,0.019368981942534447,data\cache\clean\test\dalle_6f0f61883f111368d770c54801f33449\noise_s0.05.jpg
dalle_8017,noise_s0.05,dalle,dalle,1,0.0036608045920729637,data\cache\clean\test\dalle_8017\noise_s0.05.jpg
gigagan_05738,noise_s0.05,gigagan,gigagan,1,0.022311806678771973,data\cache\clean\test\gigagan_05738\noise_s0.05.jpg
gigagan_07350,noise_s0.05,gigagan,gigagan,1,0.0008705515647307038,data\cache\clean\test\gigagan_07350\noise_s0.05.jpg
gigagan_10769,noise_s0.05,gigagan,gigagan,1,0.19605180621147156,data\cache\clean\test\gigagan_10769\noise_s0.05.jpg
gigagan_10914,noise_s0.05,gigagan,gigagan,1,0.23674552142620087,data\cache\clean\test\gigagan_10914\noise_s0.05.jpg
gigagan_12083,noise_s0.05,gigagan,gigagan,1,0.31649959087371826,data\cache\clean\test\gigagan_12083\noise_s0.05.jpg
gigagan_14071,noise_s0.05,gigagan,gigagan,1,0.0001403443602612242,data\cache\clean\test\gigagan_14071\noise_s0.05.jpg
gigagan_14138,noise_s0.05,gigagan,gigagan,1,0.004489660728722811,data\cache\clean\test\gigagan_14138\noise_s0.05.jpg
gigagan_15454,noise_s0.05,gigagan,gigagan,1,0.00014246486534830183,data\cache\clean\test\gigagan_15454\noise_s0.05.jpg
gigagan_15561,noise_s0.05,gigagan,gigagan,1,0.0018187289824709296,data\cache\clean\test\gigagan_15561\noise_s0.05.jpg
gigagan_17003,noise_s0.05,gigagan,gigagan,1,0.011145458556711674,data\cache\clean\test\gigagan_17003\noise_s0.05.jpg
gigagan_20207,noise_s0.05,gigagan,gigagan,1,0.4468621015548706,data\cache\clean\test\gigagan_20207\noise_s0.05.jpg
gigagan_20327,noise_s0.05,gigagan,gigagan,1,0.1525048464536667,data\cache\clean\test\gigagan_20327\noise_s0.05.jpg
gigagan_20468,noise_s0.05,gigagan,gigagan,1,0.20079118013381958,data\cache\clean\test\gigagan_20468\noise_s0.05.jpg
gigagan_21611,noise_s0.05,gigagan,gigagan,1,0.013055330142378807,data\cache\clean\test\gigagan_21611\noise_s0.05.jpg
gigagan_22418,noise_s0.05,gigagan,gigagan,1,0.005245869047939777,data\cache\clean\test\gigagan_22418\noise_s0.05.jpg
gigagan_25090,noise_s0.05,gigagan,gigagan,1,0.027709675952792168,data\cache\clean\test\gigagan_25090\noise_s0.05.jpg
gigagan_26067,noise_s0.05,gigagan,gigagan,1,0.027434229850769043,data\cache\clean\test\gigagan_26067\noise_s0.05.jpg
imagen3_045e6da6fd7f6fb0,noise_s0.05,imagen3,imagen3,1,0.026591695845127106,data\cache\clean\test\imagen3_045e6da6fd7f6fb0\noise_s0.05.jpg
imagen3_04e3097ac2f57647,noise_s0.05,imagen3,imagen3,1,0.017199577763676643,data\cache\clean\test\imagen3_04e3097ac2f57647\noise_s0.05.jpg
imagen3_07747d6ffd056bee,noise_s0.05,imagen3,imagen3,1,0.0022443155758082867,data\cache\clean\test\imagen3_07747d6ffd056bee\noise_s0.05.jpg
imagen3_13ed1f9391224848,noise_s0.05,imagen3,imagen3,1,0.01467201393097639,data\cache\clean\test\imagen3_13ed1f9391224848\noise_s0.05.jpg
imagen3_17643da56f35c6f7,noise_s0.05,imagen3,imagen3,1,7.855321200622711e-06,data\cache\clean\test\imagen3_17643da56f35c6f7\noise_s0.05.jpg
imagen3_20942,noise_s0.05,imagen3,imagen3,1,0.17490708827972412,data\cache\clean\test\imagen3_20942\noise_s0.05.jpg
imagen3_24e64d19ddde11cb,noise_s0.05,imagen3,imagen3,1,3.520683094393462e-05,data\cache\clean\test\imagen3_24e64d19ddde11cb\noise_s0.05.jpg
imagen3_260ae6b06f1f50e2,noise_s0.05,imagen3,imagen3,1,2.6209133352494973e-07,data\cache\clean\test\imagen3_260ae6b06f1f50e2\noise_s0.05.jpg
imagen3_2be4510162a8a76e,noise_s0.05,imagen3,imagen3,1,0.0021818100940436125,data\cache\clean\test\imagen3_2be4510162a8a76e\noise_s0.05.jpg
imagen3_3403b18fc93acbfc,noise_s0.05,imagen3,imagen3,1,0.002891386626288295,data\cache\clean\test\imagen3_3403b18fc93acbfc\noise_s0.05.jpg
imagen3_43058,noise_s0.05,imagen3,imagen3,1,5.159555257705506e-06,data\cache\clean\test\imagen3_43058\noise_s0.05.jpg
imagen3_44015,noise_s0.05,imagen3,imagen3,1,0.00034517733729444444,data\cache\clean\test\imagen3_44015\noise_s0.05.jpg
imagen3_44075,noise_s0.05,imagen3,imagen3,1,0.02930392511188984,data\cache\clean\test\imagen3_44075\noise_s0.05.jpg
imagen3_46922,noise_s0.05,imagen3,imagen3,1,0.012122008018195629,data\cache\clean\test\imagen3_46922\noise_s0.05.jpg
imagen3_473ffc5e3d5dc373,noise_s0.05,imagen3,imagen3,1,0.0543326772749424,data\cache\clean\test\imagen3_473ffc5e3d5dc373\noise_s0.05.jpg
imagen3_51659,noise_s0.05,imagen3,imagen3,1,0.32492968440055847,data\cache\clean\test\imagen3_51659\noise_s0.05.jpg
imagen3_519f5c348fe55fcd,noise_s0.05,imagen3,imagen3,1,0.0002252704434795305,data\cache\clean\test\imagen3_519f5c348fe55fcd\noise_s0.05.jpg
imagen3_52520,noise_s0.05,imagen3,imagen3,1,0.05771579220890999,data\cache\clean\test\imagen3_52520\noise_s0.05.jpg
imagen3_53132,noise_s0.05,imagen3,imagen3,1,0.36594000458717346,data\cache\clean\test\imagen3_53132\noise_s0.05.jpg
imagen3_5e95809bd47d157b,noise_s0.05,imagen3,imagen3,1,0.002944336738437414,data\cache\clean\test\imagen3_5e95809bd47d157b\noise_s0.05.jpg
imagen3_69467160e53f71bc,noise_s0.05,imagen3,imagen3,1,0.021074043586850166,data\cache\clean\test\imagen3_69467160e53f71bc\noise_s0.05.jpg
imagen3_6a8270ea182a9194,noise_s0.05,imagen3,imagen3,1,0.002097155898809433,data\cache\clean\test\imagen3_6a8270ea182a9194\noise_s0.05.jpg
imagen3_6c7624322b04ce43,noise_s0.05,imagen3,imagen3,1,1.6897796513148933e-06,data\cache\clean\test\imagen3_6c7624322b04ce43\noise_s0.05.jpg
imagen3_77fb2d4f372634f8,noise_s0.05,imagen3,imagen3,1,0.0042209317907691,data\cache\clean\test\imagen3_77fb2d4f372634f8\noise_s0.05.jpg
imagen3_7e3e1e738f642f1a,noise_s0.05,imagen3,imagen3,1,0.458802193403244,data\cache\clean\test\imagen3_7e3e1e738f642f1a\noise_s0.05.jpg
imagen3_7ee1485909c59826,noise_s0.05,imagen3,imagen3,1,0.050416842103004456,data\cache\clean\test\imagen3_7ee1485909c59826\noise_s0.05.jpg
imagen3_8b13dc3bff918841,noise_s0.05,imagen3,imagen3,1,0.0001618909154785797,data\cache\clean\test\imagen3_8b13dc3bff918841\noise_s0.05.jpg
imagen3_8c20e4bf83ffff36,noise_s0.05,imagen3,imagen3,1,0.12981833517551422,data\cache\clean\test\imagen3_8c20e4bf83ffff36\noise_s0.05.jpg
imagen3_8e6f8acd28fd8f35,noise_s0.05,imagen3,imagen3,1,0.23457230627536774,data\cache\clean\test\imagen3_8e6f8acd28fd8f35\noise_s0.05.jpg
imagen3_9e82651e214a25c8,noise_s0.05,imagen3,imagen3,1,0.17758022248744965,data\cache\clean\test\imagen3_9e82651e214a25c8\noise_s0.05.jpg
imagen3_a1b5be9a5f0d1f7a,noise_s0.05,imagen3,imagen3,1,0.18814387917518616,data\cache\clean\test\imagen3_a1b5be9a5f0d1f7a\noise_s0.05.jpg
imagen3_aa13646e437b7afa,noise_s0.05,imagen3,imagen3,1,0.010298342444002628,data\cache\clean\test\imagen3_aa13646e437b7afa\noise_s0.05.jpg
imagen3_ad860df8c2a1a848,noise_s0.05,imagen3,imagen3,1,0.009997893124818802,data\cache\clean\test\imagen3_ad860df8c2a1a848\noise_s0.05.jpg
imagen3_b69c9976ced306d1,noise_s0.05,imagen3,imagen3,1,0.02350572496652603,data\cache\clean\test\imagen3_b69c9976ced306d1\noise_s0.05.jpg
imagen3_ca44bb7db1e73a9a,noise_s0.05,imagen3,imagen3,1,0.004257745575159788,data\cache\clean\test\imagen3_ca44bb7db1e73a9a\noise_s0.05.jpg
imagen3_d326e7c87fb1d966,noise_s0.05,imagen3,imagen3,1,0.13235996663570404,data\cache\clean\test\imagen3_d326e7c87fb1d966\noise_s0.05.jpg
imagen3_e63f3b6f8bdee43a,noise_s0.05,imagen3,imagen3,1,0.00022334819368552417,data\cache\clean\test\imagen3_e63f3b6f8bdee43a\noise_s0.05.jpg
imagen3_eaf94916ce926270,noise_s0.05,imagen3,imagen3,1,0.4679911136627197,data\cache\clean\test\imagen3_eaf94916ce926270\noise_s0.05.jpg
imagen3_f69a20bda8f47fea,noise_s0.05,imagen3,imagen3,1,0.22190295159816742,data\cache\clean\test\imagen3_f69a20bda8f47fea\noise_s0.05.jpg
imagen3_fa8535259782583b,noise_s0.05,imagen3,imagen3,1,0.02367463707923889,data\cache\clean\test\imagen3_fa8535259782583b\noise_s0.05.jpg
imagen3_fe7048efd51b15b8,noise_s0.05,imagen3,imagen3,1,0.020036082714796066,data\cache\clean\test\imagen3_fe7048efd51b15b8\noise_s0.05.jpg
imagen3_Imagen3_2403,noise_s0.05,imagen3,imagen3,1,0.09876766800880432,data\cache\clean\test\imagen3_Imagen3_2403\noise_s0.05.jpg
imagen3_Imagen3_3546,noise_s0.05,imagen3,imagen3,1,0.3798674941062927,data\cache\clean\test\imagen3_Imagen3_3546\noise_s0.05.jpg
sidset_full_synthetic_001692,noise_s0.05,sidset,full_synthetic,1,0.21508803963661194,data\cache\clean\test\sidset_full_synthetic_001692\noise_s0.05.jpg
sidset_full_synthetic_004754,noise_s0.05,sidset,full_synthetic,1,0.15113523602485657,data\cache\clean\test\sidset_full_synthetic_004754\noise_s0.05.jpg
sidset_full_synthetic_017359,noise_s0.05,sidset,full_synthetic,1,0.44638851284980774,data\cache\clean\test\sidset_full_synthetic_017359\noise_s0.05.jpg
sidset_full_synthetic_033528,noise_s0.05,sidset,full_synthetic,1,0.42177775502204895,data\cache\clean\test\sidset_full_synthetic_033528\noise_s0.05.jpg
sidset_full_synthetic_033729,noise_s0.05,sidset,full_synthetic,1,0.2231004387140274,data\cache\clean\test\sidset_full_synthetic_033729\noise_s0.05.jpg
sidset_full_synthetic_048809,noise_s0.05,sidset,full_synthetic,1,0.06379351019859314,data\cache\clean\test\sidset_full_synthetic_048809\noise_s0.05.jpg
sidset_full_synthetic_060524,noise_s0.05,sidset,full_synthetic,1,0.021777238696813583,data\cache\clean\test\sidset_full_synthetic_060524\noise_s0.05.jpg
sidset_full_synthetic_060650,noise_s0.05,sidset,full_synthetic,1,0.09957801550626755,data\cache\clean\test\sidset_full_synthetic_060650\noise_s0.05.jpg
sidset_full_synthetic_063062,noise_s0.05,sidset,full_synthetic,1,0.38571423292160034,data\cache\clean\test\sidset_full_synthetic_063062\noise_s0.05.jpg
sidset_full_synthetic_067084,noise_s0.05,sidset,full_synthetic,1,0.471780389547348,data\cache\clean\test\sidset_full_synthetic_067084\noise_s0.05.jpg
sidset_full_synthetic_069762,noise_s0.05,sidset,full_synthetic,1,0.4063943326473236,data\cache\clean\test\sidset_full_synthetic_069762\noise_s0.05.jpg
stylegan_xl_0097a2e24789bc7a,noise_s0.05,stylegan_xl,stylegan_xl,1,0.0014691016403958201,data\cache\clean\test\stylegan_xl_0097a2e24789bc7a\noise_s0.05.jpg
stylegan_xl_00a4591cf03df584,noise_s0.05,stylegan_xl,stylegan_xl,1,8.11169726944172e-08,data\cache\clean\test\stylegan_xl_00a4591cf03df584\noise_s0.05.jpg
stylegan_xl_031391f1ab18ab62,noise_s0.05,stylegan_xl,stylegan_xl,1,0.03252258151769638,data\cache\clean\test\stylegan_xl_031391f1ab18ab62\noise_s0.05.jpg
stylegan_xl_0a4244f8a9185bad,noise_s0.05,stylegan_xl,stylegan_xl,1,0.3234768509864807,data\cache\clean\test\stylegan_xl_0a4244f8a9185bad\noise_s0.05.jpg
stylegan_xl_0f7efa4c31bcd8f4,noise_s0.05,stylegan_xl,stylegan_xl,1,0.04875947907567024,data\cache\clean\test\stylegan_xl_0f7efa4c31bcd8f4\noise_s0.05.jpg
stylegan_xl_1060d58257bc5130,noise_s0.05,stylegan_xl,stylegan_xl,1,1.1045261999242939e-05,data\cache\clean\test\stylegan_xl_1060d58257bc5130\noise_s0.05.jpg
stylegan_xl_1440252ff76f525f,noise_s0.05,stylegan_xl,stylegan_xl,1,0.029263949021697044,data\cache\clean\test\stylegan_xl_1440252ff76f525f\noise_s0.05.jpg
stylegan_xl_17f8bf0ef8d2f478,noise_s0.05,stylegan_xl,stylegan_xl,1,0.008754942566156387,data\cache\clean\test\stylegan_xl_17f8bf0ef8d2f478\noise_s0.05.jpg
stylegan_xl_2013fe0d44f84041,noise_s0.05,stylegan_xl,stylegan_xl,1,0.09456301480531693,data\cache\clean\test\stylegan_xl_2013fe0d44f84041\noise_s0.05.jpg
stylegan_xl_324e332686aa6966,noise_s0.05,stylegan_xl,stylegan_xl,1,0.2962081730365753,data\cache\clean\test\stylegan_xl_324e332686aa6966\noise_s0.05.jpg
stylegan_xl_3621cf0be1fc8d68,noise_s0.05,stylegan_xl,stylegan_xl,1,0.07178192585706711,data\cache\clean\test\stylegan_xl_3621cf0be1fc8d68\noise_s0.05.jpg
stylegan_xl_3b5e18f8fc06450d,noise_s0.05,stylegan_xl,stylegan_xl,1,0.0025875717401504517,data\cache\clean\test\stylegan_xl_3b5e18f8fc06450d\noise_s0.05.jpg
stylegan_xl_43847,noise_s0.05,stylegan_xl,stylegan_xl,1,0.014019404537975788,data\cache\clean\test\stylegan_xl_43847\noise_s0.05.jpg
stylegan_xl_44451,noise_s0.05,stylegan_xl,stylegan_xl,1,0.0675412267446518,data\cache\clean\test\stylegan_xl_44451\noise_s0.05.jpg
stylegan_xl_45602,noise_s0.05,stylegan_xl,stylegan_xl,1,0.037284787744283676,data\cache\clean\test\stylegan_xl_45602\noise_s0.05.jpg
stylegan_xl_48611,noise_s0.05,stylegan_xl,stylegan_xl,1,0.05375798046588898,data\cache\clean\test\stylegan_xl_48611\noise_s0.05.jpg
stylegan_xl_48927,noise_s0.05,stylegan_xl,stylegan_xl,1,0.4853038489818573,data\cache\clean\test\stylegan_xl_48927\noise_s0.05.jpg
stylegan_xl_49539,noise_s0.05,stylegan_xl,stylegan_xl,1,0.03837195783853531,data\cache\clean\test\stylegan_xl_49539\noise_s0.05.jpg
stylegan_xl_4f991f9638e28675,noise_s0.05,stylegan_xl,stylegan_xl,1,9.435341053176671e-05,data\cache\clean\test\stylegan_xl_4f991f9638e28675\noise_s0.05.jpg
stylegan_xl_51829,noise_s0.05,stylegan_xl,stylegan_xl,1,0.18701164424419403,data\cache\clean\test\stylegan_xl_51829\noise_s0.05.jpg
stylegan_xl_60ed9d3511d333bf,noise_s0.05,stylegan_xl,stylegan_xl,1,0.06363685429096222,data\cache\clean\test\stylegan_xl_60ed9d3511d333bf\noise_s0.05.jpg
stylegan_xl_729fee52c5b7f95b,noise_s0.05,stylegan_xl,stylegan_xl,1,0.12905427813529968,data\cache\clean\test\stylegan_xl_729fee52c5b7f95b\noise_s0.05.jpg
stylegan_xl_7d433e90bcd7bd53,noise_s0.05,stylegan_xl,stylegan_xl,1,0.0012388332979753613,data\cache\clean\test\stylegan_xl_7d433e90bcd7bd53\noise_s0.05.jpg
stylegan_xl_7ffebe6032f8209f,noise_s0.05,stylegan_xl,stylegan_xl,1,0.04191926121711731,data\cache\clean\test\stylegan_xl_7ffebe6032f8209f\noise_s0.05.jpg
stylegan_xl_80fc8be6e7c11eb3,noise_s0.05,stylegan_xl,stylegan_xl,1,0.00029401600477285683,data\cache\clean\test\stylegan_xl_80fc8be6e7c11eb3\noise_s0.05.jpg
stylegan_xl_8461b1ae87c22c20,noise_s0.05,stylegan_xl,stylegan_xl,1,0.23982836306095123,data\cache\clean\test\stylegan_xl_8461b1ae87c22c20\noise_s0.05.jpg
stylegan_xl_8f9dfd75dde8914f,noise_s0.05,stylegan_xl,stylegan_xl,1,0.0022939294576644897,data\cache\clean\test\stylegan_xl_8f9dfd75dde8914f\noise_s0.05.jpg
stylegan_xl_a1ed16fffc5ecb68,noise_s0.05,stylegan_xl,stylegan_xl,1,0.008921736851334572,data\cache\clean\test\stylegan_xl_a1ed16fffc5ecb68\noise_s0.05.jpg
stylegan_xl_a72f3ace10a8f550,noise_s0.05,stylegan_xl,stylegan_xl,1,1.129242627939675e-05,data\cache\clean\test\stylegan_xl_a72f3ace10a8f550\noise_s0.05.jpg
stylegan_xl_c9421141bcf3a15a,noise_s0.05,stylegan_xl,stylegan_xl,1,0.11729683727025986,data\cache\clean\test\stylegan_xl_c9421141bcf3a15a\noise_s0.05.jpg
stylegan_xl_cccbc1d57a7e095e,noise_s0.05,stylegan_xl,stylegan_xl,1,0.3458956778049469,data\cache\clean\test\stylegan_xl_cccbc1d57a7e095e\noise_s0.05.jpg
stylegan_xl_cf9c332a1ebfb587,noise_s0.05,stylegan_xl,stylegan_xl,1,0.363527774810791,data\cache\clean\test\stylegan_xl_cf9c332a1ebfb587\noise_s0.05.jpg
stylegan_xl_d686a15f05d09472,noise_s0.05,stylegan_xl,stylegan_xl,1,0.08557741343975067,data\cache\clean\test\stylegan_xl_d686a15f05d09472\noise_s0.05.jpg
stylegan_xl_d7c4ece8c8a01de0,noise_s0.05,stylegan_xl,stylegan_xl,1,0.03850772976875305,data\cache\clean\test\stylegan_xl_d7c4ece8c8a01de0\noise_s0.05.jpg
stylegan_xl_e4b8e7ef72cabaf2,noise_s0.05,stylegan_xl,stylegan_xl,1,0.0004349979280959815,data\cache\clean\test\stylegan_xl_e4b8e7ef72cabaf2\noise_s0.05.jpg
stylegan_xl_f2ea3473d8b1a62f,noise_s0.05,stylegan_xl,stylegan_xl,1,0.22792191803455353,data\cache\clean\test\stylegan_xl_f2ea3473d8b1a62f\noise_s0.05.jpg
stylegan_xl_fef6a66b8deaa7ab,noise_s0.05,stylegan_xl,stylegan_xl,1,3.876070877595339e-07,data\cache\clean\test\stylegan_xl_fef6a66b8deaa7ab\noise_s0.05.jpg
cifake_1028 (10),noise_s0.1,cifake,stable_diffusion,1,0.019896775484085083,data\cache\clean\test\cifake_1028 (10)\noise_s0.1.jpg
cifake_1710 (5),noise_s0.1,cifake,stable_diffusion,1,0.10072010010480881,data\cache\clean\test\cifake_1710 (5)\noise_s0.1.jpg
cifake_1867 (9),noise_s0.1,cifake,stable_diffusion,1,0.4844333231449127,data\cache\clean\test\cifake_1867 (9)\noise_s0.1.jpg
cifake_2831,noise_s0.1,cifake,stable_diffusion,1,0.3172496557235718,data\cache\clean\test\cifake_2831\noise_s0.1.jpg
cifake_3217 (6),noise_s0.1,cifake,stable_diffusion,1,0.08780564367771149,data\cache\clean\test\cifake_3217 (6)\noise_s0.1.jpg
cifake_3975 (6),noise_s0.1,cifake,stable_diffusion,1,0.12151308357715607,data\cache\clean\test\cifake_3975 (6)\noise_s0.1.jpg
cifake_4127 (3),noise_s0.1,cifake,stable_diffusion,1,0.2727236747741699,data\cache\clean\test\cifake_4127 (3)\noise_s0.1.jpg
cifake_4221 (2),noise_s0.1,cifake,stable_diffusion,1,0.3012261688709259,data\cache\clean\test\cifake_4221 (2)\noise_s0.1.jpg
cifake_4457 (9)_1,noise_s0.1,cifake,stable_diffusion,1,0.4146595001220703,data\cache\clean\test\cifake_4457 (9)_1\noise_s0.1.jpg
cifake_4681 (5),noise_s0.1,cifake,stable_diffusion,1,0.34936562180519104,data\cache\clean\test\cifake_4681 (5)\noise_s0.1.jpg
cifake_5221 (3),noise_s0.1,cifake,stable_diffusion,1,0.34469932317733765,data\cache\clean\test\cifake_5221 (3)\noise_s0.1.jpg
cifake_5607 (3),noise_s0.1,cifake,stable_diffusion,1,0.17289388179779053,data\cache\clean\test\cifake_5607 (3)\noise_s0.1.jpg
cifake_5777 (3),noise_s0.1,cifake,stable_diffusion,1,0.37101516127586365,data\cache\clean\test\cifake_5777 (3)\noise_s0.1.jpg
cifake_771 (8),noise_s0.1,cifake,stable_diffusion,1,0.16913031041622162,data\cache\clean\test\cifake_771 (8)\noise_s0.1.jpg
cifake_939 (6),noise_s0.1,cifake,stable_diffusion,1,0.2967800199985504,data\cache\clean\test\cifake_939 (6)\noise_s0.1.jpg
cifake_966 (4),noise_s0.1,cifake,stable_diffusion,1,0.2874796390533447,data\cache\clean\test\cifake_966 (4)\noise_s0.1.jpg
cifake_966 (6),noise_s0.1,cifake,stable_diffusion,1,0.46072348952293396,data\cache\clean\test\cifake_966 (6)\noise_s0.1.jpg
dalle_10420,noise_s0.1,dalle,dalle,1,0.4244807958602905,data\cache\clean\test\dalle_10420\noise_s0.1.jpg
dalle_13048,noise_s0.1,dalle,dalle,1,0.12058775126934052,data\cache\clean\test\dalle_13048\noise_s0.1.jpg
dalle_13108,noise_s0.1,dalle,dalle,1,0.2971280515193939,data\cache\clean\test\dalle_13108\noise_s0.1.jpg
dalle_13895,noise_s0.1,dalle,dalle,1,0.16813059151172638,data\cache\clean\test\dalle_13895\noise_s0.1.jpg
dalle_20080,noise_s0.1,dalle,dalle,1,0.015709061175584793,data\cache\clean\test\dalle_20080\noise_s0.1.jpg
dalle_24599,noise_s0.1,dalle,dalle,1,0.21388179063796997,data\cache\clean\test\dalle_24599\noise_s0.1.jpg
dalle_27029,noise_s0.1,dalle,dalle,1,0.29561883211135864,data\cache\clean\test\dalle_27029\noise_s0.1.jpg
dalle_32865,noise_s0.1,dalle,dalle,1,0.08305101096630096,data\cache\clean\test\dalle_32865\noise_s0.1.jpg
dalle_33159,noise_s0.1,dalle,dalle,1,0.006516349967569113,data\cache\clean\test\dalle_33159\noise_s0.1.jpg
dalle_39539,noise_s0.1,dalle,dalle,1,0.41750678420066833,data\cache\clean\test\dalle_39539\noise_s0.1.jpg
dalle_40387,noise_s0.1,dalle,dalle,1,0.10495370626449585,data\cache\clean\test\dalle_40387\noise_s0.1.jpg
dalle_41791,noise_s0.1,dalle,dalle,1,0.0001510979636805132,data\cache\clean\test\dalle_41791\noise_s0.1.jpg
dalle_41855,noise_s0.1,dalle,dalle,1,0.04211590066552162,data\cache\clean\test\dalle_41855\noise_s0.1.jpg
dalle_6481,noise_s0.1,dalle,dalle,1,0.15064576268196106,data\cache\clean\test\dalle_6481\noise_s0.1.jpg
dalle_6890,noise_s0.1,dalle,dalle,1,0.2697737514972687,data\cache\clean\test\dalle_6890\noise_s0.1.jpg
dalle_6f0f61883f111368d770c54801f33449,noise_s0.1,dalle,dalle,1,0.006714088376611471,data\cache\clean\test\dalle_6f0f61883f111368d770c54801f33449\noise_s0.1.jpg
dalle_733,noise_s0.1,dalle,dalle,1,0.3705419600009918,data\cache\clean\test\dalle_733\noise_s0.1.jpg
dalle_8017,noise_s0.1,dalle,dalle,1,0.02333213947713375,data\cache\clean\test\dalle_8017\noise_s0.1.jpg
dalle_9068,noise_s0.1,dalle,dalle,1,0.17219997942447662,data\cache\clean\test\dalle_9068\noise_s0.1.jpg
gigagan_01605,noise_s0.1,gigagan,gigagan,1,0.20752108097076416,data\cache\clean\test\gigagan_01605\noise_s0.1.jpg
gigagan_05738,noise_s0.1,gigagan,gigagan,1,0.051367904990911484,data\cache\clean\test\gigagan_05738\noise_s0.1.jpg
gigagan_07350,noise_s0.1,gigagan,gigagan,1,4.747268121718662e-06,data\cache\clean\test\gigagan_07350\noise_s0.1.jpg
gigagan_10914,noise_s0.1,gigagan,gigagan,1,0.023908035829663277,data\cache\clean\test\gigagan_10914\noise_s0.1.jpg
gigagan_12083,noise_s0.1,gigagan,gigagan,1,0.09325426071882248,data\cache\clean\test\gigagan_12083\noise_s0.1.jpg
gigagan_12489,noise_s0.1,gigagan,gigagan,1,0.4893544018268585,data\cache\clean\test\gigagan_12489\noise_s0.1.jpg
gigagan_14071,noise_s0.1,gigagan,gigagan,1,0.0002432514011161402,data\cache\clean\test\gigagan_14071\noise_s0.1.jpg
gigagan_14138,noise_s0.1,gigagan,gigagan,1,0.07420407980680466,data\cache\clean\test\gigagan_14138\noise_s0.1.jpg
gigagan_14858,noise_s0.1,gigagan,gigagan,1,0.21047264337539673,data\cache\clean\test\gigagan_14858\noise_s0.1.jpg
gigagan_15454,noise_s0.1,gigagan,gigagan,1,0.00040826998883858323,data\cache\clean\test\gigagan_15454\noise_s0.1.jpg
gigagan_15561,noise_s0.1,gigagan,gigagan,1,5.910469189984724e-05,data\cache\clean\test\gigagan_15561\noise_s0.1.jpg
gigagan_17003,noise_s0.1,gigagan,gigagan,1,0.0030712177976965904,data\cache\clean\test\gigagan_17003\noise_s0.1.jpg
gigagan_20327,noise_s0.1,gigagan,gigagan,1,0.0009101557661779225,data\cache\clean\test\gigagan_20327\noise_s0.1.jpg
gigagan_20468,noise_s0.1,gigagan,gigagan,1,0.14903296530246735,data\cache\clean\test\gigagan_20468\noise_s0.1.jpg
gigagan_21611,noise_s0.1,gigagan,gigagan,1,0.021177347749471664,data\cache\clean\test\gigagan_21611\noise_s0.1.jpg
gigagan_22418,noise_s0.1,gigagan,gigagan,1,0.003201644867658615,data\cache\clean\test\gigagan_22418\noise_s0.1.jpg
gigagan_23134,noise_s0.1,gigagan,gigagan,1,0.02492973767220974,data\cache\clean\test\gigagan_23134\noise_s0.1.jpg
gigagan_25090,noise_s0.1,gigagan,gigagan,1,0.043117914348840714,data\cache\clean\test\gigagan_25090\noise_s0.1.jpg
gigagan_26067,noise_s0.1,gigagan,gigagan,1,0.007296395488083363,data\cache\clean\test\gigagan_26067\noise_s0.1.jpg
gigagan_28945,noise_s0.1,gigagan,gigagan,1,0.01860371045768261,data\cache\clean\test\gigagan_28945\noise_s0.1.jpg
gigagan_29846,noise_s0.1,gigagan,gigagan,1,0.38630691170692444,data\cache\clean\test\gigagan_29846\noise_s0.1.jpg
imagen3_045e6da6fd7f6fb0,noise_s0.1,imagen3,imagen3,1,0.011004879139363766,data\cache\clean\test\imagen3_045e6da6fd7f6fb0\noise_s0.1.jpg
imagen3_04e3097ac2f57647,noise_s0.1,imagen3,imagen3,1,0.0006056478596292436,data\cache\clean\test\imagen3_04e3097ac2f57647\noise_s0.1.jpg
imagen3_07747d6ffd056bee,noise_s0.1,imagen3,imagen3,1,0.001500359852798283,data\cache\clean\test\imagen3_07747d6ffd056bee\noise_s0.1.jpg
imagen3_13ed1f9391224848,noise_s0.1,imagen3,imagen3,1,0.01614391803741455,data\cache\clean\test\imagen3_13ed1f9391224848\noise_s0.1.jpg
imagen3_15906,noise_s0.1,imagen3,imagen3,1,0.13028371334075928,data\cache\clean\test\imagen3_15906\noise_s0.1.jpg
imagen3_17643da56f35c6f7,noise_s0.1,imagen3,imagen3,1,4.223405085213017e-06,data\cache\clean\test\imagen3_17643da56f35c6f7\noise_s0.1.jpg
imagen3_17919c9ffd792ad9,noise_s0.1,imagen3,imagen3,1,0.47096341848373413,data\cache\clean\test\imagen3_17919c9ffd792ad9\noise_s0.1.jpg
imagen3_24e64d19ddde11cb,noise_s0.1,imagen3,imagen3,1,1.9162175703968387e-06,data\cache\clean\test\imagen3_24e64d19ddde11cb\noise_s0.1.jpg
imagen3_260ae6b06f1f50e2,noise_s0.1,imagen3,imagen3,1,4.3836184460133154e-08,data\cache\clean\test\imagen3_260ae6b06f1f50e2\noise_s0.1.jpg
imagen3_28696176504334fe,noise_s0.1,imagen3,imagen3,1,0.3536815345287323,data\cache\clean\test\imagen3_28696176504334fe\noise_s0.1.jpg
imagen3_2be4510162a8a76e,noise_s0.1,imagen3,imagen3,1,0.004996658302843571,data\cache\clean\test\imagen3_2be4510162a8a76e\noise_s0.1.jpg
imagen3_3403b18fc93acbfc,noise_s0.1,imagen3,imagen3,1,0.001314814086072147,data\cache\clean\test\imagen3_3403b18fc93acbfc\noise_s0.1.jpg
imagen3_43058,noise_s0.1,imagen3,imagen3,1,0.0013123494572937489,data\cache\clean\test\imagen3_43058\noise_s0.1.jpg
imagen3_44015,noise_s0.1,imagen3,imagen3,1,0.0002643938350956887,data\cache\clean\test\imagen3_44015\noise_s0.1.jpg
imagen3_44075,noise_s0.1,imagen3,imagen3,1,0.0032445399556308985,data\cache\clean\test\imagen3_44075\noise_s0.1.jpg
imagen3_46922,noise_s0.1,imagen3,imagen3,1,0.005571438930928707,data\cache\clean\test\imagen3_46922\noise_s0.1.jpg
imagen3_473ffc5e3d5dc373,noise_s0.1,imagen3,imagen3,1,0.06313037127256393,data\cache\clean\test\imagen3_473ffc5e3d5dc373\noise_s0.1.jpg
imagen3_519f5c348fe55fcd,noise_s0.1,imagen3,imagen3,1,0.0008592558442614973,data\cache\clean\test\imagen3_519f5c348fe55fcd\noise_s0.1.jpg
imagen3_52520,noise_s0.1,imagen3,imagen3,1,0.0047528669238090515,data\cache\clean\test\imagen3_52520\noise_s0.1.jpg
imagen3_53132,noise_s0.1,imagen3,imagen3,1,0.3601035177707672,data\cache\clean\test\imagen3_53132\noise_s0.1.jpg
imagen3_5e95809bd47d157b,noise_s0.1,imagen3,imagen3,1,0.0010039589833468199,data\cache\clean\test\imagen3_5e95809bd47d157b\noise_s0.1.jpg
imagen3_69467160e53f71bc,noise_s0.1,imagen3,imagen3,1,0.04004809260368347,data\cache\clean\test\imagen3_69467160e53f71bc\noise_s0.1.jpg
imagen3_6a8270ea182a9194,noise_s0.1,imagen3,imagen3,1,6.165118975332007e-05,data\cache\clean\test\imagen3_6a8270ea182a9194\noise_s0.1.jpg
imagen3_6c7624322b04ce43,noise_s0.1,imagen3,imagen3,1,5.606028480542591e-06,data\cache\clean\test\imagen3_6c7624322b04ce43\noise_s0.1.jpg
imagen3_77fb2d4f372634f8,noise_s0.1,imagen3,imagen3,1,0.0022110992576926947,data\cache\clean\test\imagen3_77fb2d4f372634f8\noise_s0.1.jpg
imagen3_7e3e1e738f642f1a,noise_s0.1,imagen3,imagen3,1,0.4415709376335144,data\cache\clean\test\imagen3_7e3e1e738f642f1a\noise_s0.1.jpg
imagen3_8b13dc3bff918841,noise_s0.1,imagen3,imagen3,1,5.738063009630423e-06,data\cache\clean\test\imagen3_8b13dc3bff918841\noise_s0.1.jpg
imagen3_8c20e4bf83ffff36,noise_s0.1,imagen3,imagen3,1,0.22136817872524261,data\cache\clean\test\imagen3_8c20e4bf83ffff36\noise_s0.1.jpg
imagen3_8e6f8acd28fd8f35,noise_s0.1,imagen3,imagen3,1,0.02897394262254238,data\cache\clean\test\imagen3_8e6f8acd28fd8f35\noise_s0.1.jpg
imagen3_9e82651e214a25c8,noise_s0.1,imagen3,imagen3,1,0.29054754972457886,data\cache\clean\test\imagen3_9e82651e214a25c8\noise_s0.1.jpg
imagen3_aa13646e437b7afa,noise_s0.1,imagen3,imagen3,1,0.24271923303604126,data\cache\clean\test\imagen3_aa13646e437b7afa\noise_s0.1.jpg
imagen3_ad860df8c2a1a848,noise_s0.1,imagen3,imagen3,1,0.00018589968385640532,data\cache\clean\test\imagen3_ad860df8c2a1a848\noise_s0.1.jpg
imagen3_b69c9976ced306d1,noise_s0.1,imagen3,imagen3,1,0.020563175901770592,data\cache\clean\test\imagen3_b69c9976ced306d1\noise_s0.1.jpg
imagen3_ca44bb7db1e73a9a,noise_s0.1,imagen3,imagen3,1,0.0016337382839992642,data\cache\clean\test\imagen3_ca44bb7db1e73a9a\noise_s0.1.jpg
imagen3_d326e7c87fb1d966,noise_s0.1,imagen3,imagen3,1,0.08819454908370972,data\cache\clean\test\imagen3_d326e7c87fb1d966\noise_s0.1.jpg
imagen3_e63f3b6f8bdee43a,noise_s0.1,imagen3,imagen3,1,0.0006064599729143083,data\cache\clean\test\imagen3_e63f3b6f8bdee43a\noise_s0.1.jpg
imagen3_ea646e585cc24088,noise_s0.1,imagen3,imagen3,1,0.4323362410068512,data\cache\clean\test\imagen3_ea646e585cc24088\noise_s0.1.jpg
imagen3_f69a20bda8f47fea,noise_s0.1,imagen3,imagen3,1,0.33294016122817993,data\cache\clean\test\imagen3_f69a20bda8f47fea\noise_s0.1.jpg
imagen3_fe7048efd51b15b8,noise_s0.1,imagen3,imagen3,1,0.33634790778160095,data\cache\clean\test\imagen3_fe7048efd51b15b8\noise_s0.1.jpg
imagen3_Imagen3_2241,noise_s0.1,imagen3,imagen3,1,0.4814301133155823,data\cache\clean\test\imagen3_Imagen3_2241\noise_s0.1.jpg
imagen3_Imagen3_2403,noise_s0.1,imagen3,imagen3,1,0.38579991459846497,data\cache\clean\test\imagen3_Imagen3_2403\noise_s0.1.jpg
imagen3_Imagen3_3546,noise_s0.1,imagen3,imagen3,1,0.2354349046945572,data\cache\clean\test\imagen3_Imagen3_3546\noise_s0.1.jpg
imagen3_Imagen3_3556,noise_s0.1,imagen3,imagen3,1,0.3014336824417114,data\cache\clean\test\imagen3_Imagen3_3556\noise_s0.1.jpg
sidset_full_synthetic_001692,noise_s0.1,sidset,full_synthetic,1,0.1403394341468811,data\cache\clean\test\sidset_full_synthetic_001692\noise_s0.1.jpg
sidset_full_synthetic_004754,noise_s0.1,sidset,full_synthetic,1,0.2297103852033615,data\cache\clean\test\sidset_full_synthetic_004754\noise_s0.1.jpg
sidset_full_synthetic_005710,noise_s0.1,sidset,full_synthetic,1,0.0706193819642067,data\cache\clean\test\sidset_full_synthetic_005710\noise_s0.1.jpg
sidset_full_synthetic_033528,noise_s0.1,sidset,full_synthetic,1,0.10045252740383148,data\cache\clean\test\sidset_full_synthetic_033528\noise_s0.1.jpg
sidset_full_synthetic_033729,noise_s0.1,sidset,full_synthetic,1,0.016980677843093872,data\cache\clean\test\sidset_full_synthetic_033729\noise_s0.1.jpg
sidset_full_synthetic_048376,noise_s0.1,sidset,full_synthetic,1,0.49810320138931274,data\cache\clean\test\sidset_full_synthetic_048376\noise_s0.1.jpg
sidset_full_synthetic_048809,noise_s0.1,sidset,full_synthetic,1,0.09519185870885849,data\cache\clean\test\sidset_full_synthetic_048809\noise_s0.1.jpg
sidset_full_synthetic_060524,noise_s0.1,sidset,full_synthetic,1,0.008141999132931232,data\cache\clean\test\sidset_full_synthetic_060524\noise_s0.1.jpg
sidset_full_synthetic_060650,noise_s0.1,sidset,full_synthetic,1,0.042230360209941864,data\cache\clean\test\sidset_full_synthetic_060650\noise_s0.1.jpg
sidset_full_synthetic_062467,noise_s0.1,sidset,full_synthetic,1,0.03573763370513916,data\cache\clean\test\sidset_full_synthetic_062467\noise_s0.1.jpg
sidset_full_synthetic_063062,noise_s0.1,sidset,full_synthetic,1,0.29102078080177307,data\cache\clean\test\sidset_full_synthetic_063062\noise_s0.1.jpg
sidset_full_synthetic_069762,noise_s0.1,sidset,full_synthetic,1,0.40253719687461853,data\cache\clean\test\sidset_full_synthetic_069762\noise_s0.1.jpg
stylegan_xl_0097a2e24789bc7a,noise_s0.1,stylegan_xl,stylegan_xl,1,7.732515223324299e-05,data\cache\clean\test\stylegan_xl_0097a2e24789bc7a\noise_s0.1.jpg
stylegan_xl_00a4591cf03df584,noise_s0.1,stylegan_xl,stylegan_xl,1,9.842840427154442e-07,data\cache\clean\test\stylegan_xl_00a4591cf03df584\noise_s0.1.jpg
stylegan_xl_031391f1ab18ab62,noise_s0.1,stylegan_xl,stylegan_xl,1,0.03326838091015816,data\cache\clean\test\stylegan_xl_031391f1ab18ab62\noise_s0.1.jpg
stylegan_xl_0a4244f8a9185bad,noise_s0.1,stylegan_xl,stylegan_xl,1,0.3179582953453064,data\cache\clean\test\stylegan_xl_0a4244f8a9185bad\noise_s0.1.jpg
stylegan_xl_0f7efa4c31bcd8f4,noise_s0.1,stylegan_xl,stylegan_xl,1,0.014043614268302917,data\cache\clean\test\stylegan_xl_0f7efa4c31bcd8f4\noise_s0.1.jpg
stylegan_xl_1060d58257bc5130,noise_s0.1,stylegan_xl,stylegan_xl,1,0.000102835641882848,data\cache\clean\test\stylegan_xl_1060d58257bc5130\noise_s0.1.jpg
stylegan_xl_1440252ff76f525f,noise_s0.1,stylegan_xl,stylegan_xl,1,0.29183000326156616,data\cache\clean\test\stylegan_xl_1440252ff76f525f\noise_s0.1.jpg
stylegan_xl_17f8bf0ef8d2f478,noise_s0.1,stylegan_xl,stylegan_xl,1,0.011576528660953045,data\cache\clean\test\stylegan_xl_17f8bf0ef8d2f478\noise_s0.1.jpg
stylegan_xl_2013fe0d44f84041,noise_s0.1,stylegan_xl,stylegan_xl,1,0.007476422470062971,data\cache\clean\test\stylegan_xl_2013fe0d44f84041\noise_s0.1.jpg
stylegan_xl_324e332686aa6966,noise_s0.1,stylegan_xl,stylegan_xl,1,0.09286634624004364,data\cache\clean\test\stylegan_xl_324e332686aa6966\noise_s0.1.jpg
stylegan_xl_3621cf0be1fc8d68,noise_s0.1,stylegan_xl,stylegan_xl,1,0.05360216647386551,data\cache\clean\test\stylegan_xl_3621cf0be1fc8d68\noise_s0.1.jpg
stylegan_xl_3b5e18f8fc06450d,noise_s0.1,stylegan_xl,stylegan_xl,1,0.005259566940367222,data\cache\clean\test\stylegan_xl_3b5e18f8fc06450d\noise_s0.1.jpg
stylegan_xl_44451,noise_s0.1,stylegan_xl,stylegan_xl,1,0.07214291393756866,data\cache\clean\test\stylegan_xl_44451\noise_s0.1.jpg
stylegan_xl_45602,noise_s0.1,stylegan_xl,stylegan_xl,1,0.09255184233188629,data\cache\clean\test\stylegan_xl_45602\noise_s0.1.jpg
stylegan_xl_48611,noise_s0.1,stylegan_xl,stylegan_xl,1,0.26127058267593384,data\cache\clean\test\stylegan_xl_48611\noise_s0.1.jpg
stylegan_xl_49539,noise_s0.1,stylegan_xl,stylegan_xl,1,0.26372766494750977,data\cache\clean\test\stylegan_xl_49539\noise_s0.1.jpg
stylegan_xl_4f991f9638e28675,noise_s0.1,stylegan_xl,stylegan_xl,1,2.8517966711660847e-05,data\cache\clean\test\stylegan_xl_4f991f9638e28675\noise_s0.1.jpg
stylegan_xl_51829,noise_s0.1,stylegan_xl,stylegan_xl,1,0.036221519112586975,data\cache\clean\test\stylegan_xl_51829\noise_s0.1.jpg
stylegan_xl_53453,noise_s0.1,stylegan_xl,stylegan_xl,1,0.083954818546772,data\cache\clean\test\stylegan_xl_53453\noise_s0.1.jpg
stylegan_xl_60ed9d3511d333bf,noise_s0.1,stylegan_xl,stylegan_xl,1,0.04036359861493111,data\cache\clean\test\stylegan_xl_60ed9d3511d333bf\noise_s0.1.jpg
stylegan_xl_729fee52c5b7f95b,noise_s0.1,stylegan_xl,stylegan_xl,1,0.08574339747428894,data\cache\clean\test\stylegan_xl_729fee52c5b7f95b\noise_s0.1.jpg
stylegan_xl_7d433e90bcd7bd53,noise_s0.1,stylegan_xl,stylegan_xl,1,0.001681168912909925,data\cache\clean\test\stylegan_xl_7d433e90bcd7bd53\noise_s0.1.jpg
stylegan_xl_7ffebe6032f8209f,noise_s0.1,stylegan_xl,stylegan_xl,1,0.03755078837275505,data\cache\clean\test\stylegan_xl_7ffebe6032f8209f\noise_s0.1.jpg
stylegan_xl_80fc8be6e7c11eb3,noise_s0.1,stylegan_xl,stylegan_xl,1,0.00031467966618947685,data\cache\clean\test\stylegan_xl_80fc8be6e7c11eb3\noise_s0.1.jpg
stylegan_xl_8f9dfd75dde8914f,noise_s0.1,stylegan_xl,stylegan_xl,1,0.0403856486082077,data\cache\clean\test\stylegan_xl_8f9dfd75dde8914f\noise_s0.1.jpg
stylegan_xl_9689384e6be6b968,noise_s0.1,stylegan_xl,stylegan_xl,1,0.3676137924194336,data\cache\clean\test\stylegan_xl_9689384e6be6b968\noise_s0.1.jpg
stylegan_xl_a1ed16fffc5ecb68,noise_s0.1,stylegan_xl,stylegan_xl,1,0.009104860946536064,data\cache\clean\test\stylegan_xl_a1ed16fffc5ecb68\noise_s0.1.jpg
stylegan_xl_a72f3ace10a8f550,noise_s0.1,stylegan_xl,stylegan_xl,1,0.0001279507123399526,data\cache\clean\test\stylegan_xl_a72f3ace10a8f550\noise_s0.1.jpg
stylegan_xl_bd69757ff485d03e,noise_s0.1,stylegan_xl,stylegan_xl,1,0.41479483246803284,data\cache\clean\test\stylegan_xl_bd69757ff485d03e\noise_s0.1.jpg
stylegan_xl_c9421141bcf3a15a,noise_s0.1,stylegan_xl,stylegan_xl,1,0.15646380186080933,data\cache\clean\test\stylegan_xl_c9421141bcf3a15a\noise_s0.1.jpg
stylegan_xl_cf9c332a1ebfb587,noise_s0.1,stylegan_xl,stylegan_xl,1,0.17790262401103973,data\cache\clean\test\stylegan_xl_cf9c332a1ebfb587\noise_s0.1.jpg
stylegan_xl_d686a15f05d09472,noise_s0.1,stylegan_xl,stylegan_xl,1,0.23547868430614471,data\cache\clean\test\stylegan_xl_d686a15f05d09472\noise_s0.1.jpg
stylegan_xl_d7c4ece8c8a01de0,noise_s0.1,stylegan_xl,stylegan_xl,1,0.030409224331378937,data\cache\clean\test\stylegan_xl_d7c4ece8c8a01de0\noise_s0.1.jpg
stylegan_xl_e4b8e7ef72cabaf2,noise_s0.1,stylegan_xl,stylegan_xl,1,0.00019605194393079728,data\cache\clean\test\stylegan_xl_e4b8e7ef72cabaf2\noise_s0.1.jpg
stylegan_xl_f2ea3473d8b1a62f,noise_s0.1,stylegan_xl,stylegan_xl,1,0.116000697016716,data\cache\clean\test\stylegan_xl_f2ea3473d8b1a62f\noise_s0.1.jpg
stylegan_xl_fef6a66b8deaa7ab,noise_s0.1,stylegan_xl,stylegan_xl,1,9.835825665049924e-08,data\cache\clean\test\stylegan_xl_fef6a66b8deaa7ab\noise_s0.1.jpg
cifake_1028 (10),resize_0.25,cifake,stable_diffusion,1,0.44180160760879517,data\cache\clean\test\cifake_1028 (10)\resize_0.25.jpg
cifake_2286 (2),resize_0.25,cifake,stable_diffusion,1,0.06411325186491013,data\cache\clean\test\cifake_2286 (2)\resize_0.25.jpg
cifake_2438 (2),resize_0.25,cifake,stable_diffusion,1,0.4894264042377472,data\cache\clean\test\cifake_2438 (2)\resize_0.25.jpg
cifake_2787 (7),resize_0.25,cifake,stable_diffusion,1,0.26708152890205383,data\cache\clean\test\cifake_2787 (7)\resize_0.25.jpg
cifake_3053 (4),resize_0.25,cifake,stable_diffusion,1,0.22809989750385284,data\cache\clean\test\cifake_3053 (4)\resize_0.25.jpg
cifake_3395 (5),resize_0.25,cifake,stable_diffusion,1,0.3850354552268982,data\cache\clean\test\cifake_3395 (5)\resize_0.25.jpg
cifake_3582 (9),resize_0.25,cifake,stable_diffusion,1,0.2893315553665161,data\cache\clean\test\cifake_3582 (9)\resize_0.25.jpg
cifake_4127 (3),resize_0.25,cifake,stable_diffusion,1,0.13895048201084137,data\cache\clean\test\cifake_4127 (3)\resize_0.25.jpg
cifake_4221 (2),resize_0.25,cifake,stable_diffusion,1,0.2482960969209671,data\cache\clean\test\cifake_4221 (2)\resize_0.25.jpg
cifake_4615 (3),resize_0.25,cifake,stable_diffusion,1,0.06451987475156784,data\cache\clean\test\cifake_4615 (3)\resize_0.25.jpg
cifake_5221 (3),resize_0.25,cifake,stable_diffusion,1,0.24224597215652466,data\cache\clean\test\cifake_5221 (3)\resize_0.25.jpg
cifake_5288 (5),resize_0.25,cifake,stable_diffusion,1,0.4624441862106323,data\cache\clean\test\cifake_5288 (5)\resize_0.25.jpg
cifake_5607 (3),resize_0.25,cifake,stable_diffusion,1,0.3429986834526062,data\cache\clean\test\cifake_5607 (3)\resize_0.25.jpg
cifake_739 (8),resize_0.25,cifake,stable_diffusion,1,0.26891717314720154,data\cache\clean\test\cifake_739 (8)\resize_0.25.jpg
dalle_10420,resize_0.25,dalle,dalle,1,0.4357073903083801,data\cache\clean\test\dalle_10420\resize_0.25.jpg
dalle_19157,resize_0.25,dalle,dalle,1,0.01836882159113884,data\cache\clean\test\dalle_19157\resize_0.25.jpg
dalle_20080,resize_0.25,dalle,dalle,1,0.07506473362445831,data\cache\clean\test\dalle_20080\resize_0.25.jpg
dalle_24299,resize_0.25,dalle,dalle,1,0.11557669192552567,data\cache\clean\test\dalle_24299\resize_0.25.jpg
dalle_26611,resize_0.25,dalle,dalle,1,0.22286158800125122,data\cache\clean\test\dalle_26611\resize_0.25.jpg
dalle_33159,resize_0.25,dalle,dalle,1,0.11522921919822693,data\cache\clean\test\dalle_33159\resize_0.25.jpg
dalle_40387,resize_0.25,dalle,dalle,1,0.4992230236530304,data\cache\clean\test\dalle_40387\resize_0.25.jpg
dalle_41791,resize_0.25,dalle,dalle,1,0.000836433784570545,data\cache\clean\test\dalle_41791\resize_0.25.jpg
dalle_6481,resize_0.25,dalle,dalle,1,0.16956236958503723,data\cache\clean\test\dalle_6481\resize_0.25.jpg
dalle_6f0f61883f111368d770c54801f33449,resize_0.25,dalle,dalle,1,0.18252061307430267,data\cache\clean\test\dalle_6f0f61883f111368d770c54801f33449\resize_0.25.jpg
dalle_8017,resize_0.25,dalle,dalle,1,0.008262528106570244,data\cache\clean\test\dalle_8017\resize_0.25.jpg
dalle_8688,resize_0.25,dalle,dalle,1,0.30586621165275574,data\cache\clean\test\dalle_8688\resize_0.25.jpg
dalle_fcb663a4c7f01f5a548e4c1088d00a91,resize_0.25,dalle,dalle,1,0.053866010159254074,data\cache\clean\test\dalle_fcb663a4c7f01f5a548e4c1088d00a91\resize_0.25.jpg
gigagan_01605,resize_0.25,gigagan,gigagan,1,0.14086444675922394,data\cache\clean\test\gigagan_01605\resize_0.25.jpg
gigagan_05738,resize_0.25,gigagan,gigagan,1,0.04899965599179268,data\cache\clean\test\gigagan_05738\resize_0.25.jpg
gigagan_07350,resize_0.25,gigagan,gigagan,1,0.005651354324072599,data\cache\clean\test\gigagan_07350\resize_0.25.jpg
gigagan_07676,resize_0.25,gigagan,gigagan,1,0.46717503666877747,data\cache\clean\test\gigagan_07676\resize_0.25.jpg
gigagan_10769,resize_0.25,gigagan,gigagan,1,0.05393237993121147,data\cache\clean\test\gigagan_10769\resize_0.25.jpg
gigagan_10914,resize_0.25,gigagan,gigagan,1,0.0003857893461827189,data\cache\clean\test\gigagan_10914\resize_0.25.jpg
gigagan_11787,resize_0.25,gigagan,gigagan,1,0.12693914771080017,data\cache\clean\test\gigagan_11787\resize_0.25.jpg
gigagan_13110,resize_0.25,gigagan,gigagan,1,0.36108896136283875,data\cache\clean\test\gigagan_13110\resize_0.25.jpg
gigagan_14071,resize_0.25,gigagan,gigagan,1,0.0004230356134939939,data\cache\clean\test\gigagan_14071\resize_0.25.jpg
gigagan_15454,resize_0.25,gigagan,gigagan,1,0.0002679923200048506,data\cache\clean\test\gigagan_15454\resize_0.25.jpg
gigagan_15561,resize_0.25,gigagan,gigagan,1,0.2916709780693054,data\cache\clean\test\gigagan_15561\resize_0.25.jpg
gigagan_17003,resize_0.25,gigagan,gigagan,1,0.061269428580999374,data\cache\clean\test\gigagan_17003\resize_0.25.jpg
gigagan_19199,resize_0.25,gigagan,gigagan,1,0.44988930225372314,data\cache\clean\test\gigagan_19199\resize_0.25.jpg
gigagan_20468,resize_0.25,gigagan,gigagan,1,0.04186544194817543,data\cache\clean\test\gigagan_20468\resize_0.25.jpg
gigagan_21611,resize_0.25,gigagan,gigagan,1,0.1411535143852234,data\cache\clean\test\gigagan_21611\resize_0.25.jpg
gigagan_22418,resize_0.25,gigagan,gigagan,1,0.06178797408938408,data\cache\clean\test\gigagan_22418\resize_0.25.jpg
gigagan_23134,resize_0.25,gigagan,gigagan,1,0.0004894933081232011,data\cache\clean\test\gigagan_23134\resize_0.25.jpg
gigagan_25090,resize_0.25,gigagan,gigagan,1,0.06445974856615067,data\cache\clean\test\gigagan_25090\resize_0.25.jpg
imagen3_045e6da6fd7f6fb0,resize_0.25,imagen3,imagen3,1,0.01868227683007717,data\cache\clean\test\imagen3_045e6da6fd7f6fb0\resize_0.25.jpg
imagen3_04e3097ac2f57647,resize_0.25,imagen3,imagen3,1,0.09991724044084549,data\cache\clean\test\imagen3_04e3097ac2f57647\resize_0.25.jpg
imagen3_07747d6ffd056bee,resize_0.25,imagen3,imagen3,1,0.004440054297447205,data\cache\clean\test\imagen3_07747d6ffd056bee\resize_0.25.jpg
imagen3_13ed1f9391224848,resize_0.25,imagen3,imagen3,1,0.0813465341925621,data\cache\clean\test\imagen3_13ed1f9391224848\resize_0.25.jpg
imagen3_15906,resize_0.25,imagen3,imagen3,1,0.010619820095598698,data\cache\clean\test\imagen3_15906\resize_0.25.jpg
imagen3_17643da56f35c6f7,resize_0.25,imagen3,imagen3,1,0.00017213622049894184,data\cache\clean\test\imagen3_17643da56f35c6f7\resize_0.25.jpg
imagen3_17919c9ffd792ad9,resize_0.25,imagen3,imagen3,1,0.22763009369373322,data\cache\clean\test\imagen3_17919c9ffd792ad9\resize_0.25.jpg
imagen3_24e64d19ddde11cb,resize_0.25,imagen3,imagen3,1,0.00027403500280342996,data\cache\clean\test\imagen3_24e64d19ddde11cb\resize_0.25.jpg
imagen3_260ae6b06f1f50e2,resize_0.25,imagen3,imagen3,1,1.7636787106312113e-06,data\cache\clean\test\imagen3_260ae6b06f1f50e2\resize_0.25.jpg
imagen3_2be4510162a8a76e,resize_0.25,imagen3,imagen3,1,0.00036525644827634096,data\cache\clean\test\imagen3_2be4510162a8a76e\resize_0.25.jpg
imagen3_3403b18fc93acbfc,resize_0.25,imagen3,imagen3,1,0.0030715269967913628,data\cache\clean\test\imagen3_3403b18fc93acbfc\resize_0.25.jpg
imagen3_43058,resize_0.25,imagen3,imagen3,1,0.0018747743451967835,data\cache\clean\test\imagen3_43058\resize_0.25.jpg
imagen3_44015,resize_0.25,imagen3,imagen3,1,0.014220353215932846,data\cache\clean\test\imagen3_44015\resize_0.25.jpg
imagen3_44075,resize_0.25,imagen3,imagen3,1,0.0005528490291908383,data\cache\clean\test\imagen3_44075\resize_0.25.jpg
imagen3_46922,resize_0.25,imagen3,imagen3,1,0.28894931077957153,data\cache\clean\test\imagen3_46922\resize_0.25.jpg
imagen3_473ffc5e3d5dc373,resize_0.25,imagen3,imagen3,1,0.19459587335586548,data\cache\clean\test\imagen3_473ffc5e3d5dc373\resize_0.25.jpg
imagen3_519f5c348fe55fcd,resize_0.25,imagen3,imagen3,1,0.00023241610324475914,data\cache\clean\test\imagen3_519f5c348fe55fcd\resize_0.25.jpg
imagen3_52520,resize_0.25,imagen3,imagen3,1,0.23865440487861633,data\cache\clean\test\imagen3_52520\resize_0.25.jpg
imagen3_560ead164dab63a5,resize_0.25,imagen3,imagen3,1,0.2079833596944809,data\cache\clean\test\imagen3_560ead164dab63a5\resize_0.25.jpg
imagen3_5e95809bd47d157b,resize_0.25,imagen3,imagen3,1,0.08223431557416916,data\cache\clean\test\imagen3_5e95809bd47d157b\resize_0.25.jpg
imagen3_69467160e53f71bc,resize_0.25,imagen3,imagen3,1,0.009009080938994884,data\cache\clean\test\imagen3_69467160e53f71bc\resize_0.25.jpg
imagen3_6a8270ea182a9194,resize_0.25,imagen3,imagen3,1,0.0009391091298311949,data\cache\clean\test\imagen3_6a8270ea182a9194\resize_0.25.jpg
imagen3_6c7624322b04ce43,resize_0.25,imagen3,imagen3,1,8.810438885120675e-06,data\cache\clean\test\imagen3_6c7624322b04ce43\resize_0.25.jpg
imagen3_77fb2d4f372634f8,resize_0.25,imagen3,imagen3,1,0.008358011953532696,data\cache\clean\test\imagen3_77fb2d4f372634f8\resize_0.25.jpg
imagen3_7ee1485909c59826,resize_0.25,imagen3,imagen3,1,0.13036583364009857,data\cache\clean\test\imagen3_7ee1485909c59826\resize_0.25.jpg
imagen3_8b13dc3bff918841,resize_0.25,imagen3,imagen3,1,0.0017766281962394714,data\cache\clean\test\imagen3_8b13dc3bff918841\resize_0.25.jpg
imagen3_8c20e4bf83ffff36,resize_0.25,imagen3,imagen3,1,0.2362614870071411,data\cache\clean\test\imagen3_8c20e4bf83ffff36\resize_0.25.jpg
imagen3_8e6f8acd28fd8f35,resize_0.25,imagen3,imagen3,1,0.02018447034060955,data\cache\clean\test\imagen3_8e6f8acd28fd8f35\resize_0.25.jpg
imagen3_9e82651e214a25c8,resize_0.25,imagen3,imagen3,1,0.49426591396331787,data\cache\clean\test\imagen3_9e82651e214a25c8\resize_0.25.jpg
imagen3_a1b5be9a5f0d1f7a,resize_0.25,imagen3,imagen3,1,0.1101679727435112,data\cache\clean\test\imagen3_a1b5be9a5f0d1f7a\resize_0.25.jpg
imagen3_aa13646e437b7afa,resize_0.25,imagen3,imagen3,1,0.011928446590900421,data\cache\clean\test\imagen3_aa13646e437b7afa\resize_0.25.jpg
imagen3_ad860df8c2a1a848,resize_0.25,imagen3,imagen3,1,0.0005187141941860318,data\cache\clean\test\imagen3_ad860df8c2a1a848\resize_0.25.jpg
imagen3_b69c9976ced306d1,resize_0.25,imagen3,imagen3,1,0.10417047142982483,data\cache\clean\test\imagen3_b69c9976ced306d1\resize_0.25.jpg
imagen3_ca44bb7db1e73a9a,resize_0.25,imagen3,imagen3,1,0.017063910141587257,data\cache\clean\test\imagen3_ca44bb7db1e73a9a\resize_0.25.jpg
imagen3_d326e7c87fb1d966,resize_0.25,imagen3,imagen3,1,0.1508852243423462,data\cache\clean\test\imagen3_d326e7c87fb1d966\resize_0.25.jpg
imagen3_e63f3b6f8bdee43a,resize_0.25,imagen3,imagen3,1,3.591719860196463e-06,data\cache\clean\test\imagen3_e63f3b6f8bdee43a\resize_0.25.jpg
imagen3_ea646e585cc24088,resize_0.25,imagen3,imagen3,1,0.2368258386850357,data\cache\clean\test\imagen3_ea646e585cc24088\resize_0.25.jpg
imagen3_eaf94916ce926270,resize_0.25,imagen3,imagen3,1,0.30342814326286316,data\cache\clean\test\imagen3_eaf94916ce926270\resize_0.25.jpg
imagen3_f2da05bffbe27dab,resize_0.25,imagen3,imagen3,1,0.46723154187202454,data\cache\clean\test\imagen3_f2da05bffbe27dab\resize_0.25.jpg
imagen3_f69a20bda8f47fea,resize_0.25,imagen3,imagen3,1,0.24914978444576263,data\cache\clean\test\imagen3_f69a20bda8f47fea\resize_0.25.jpg
imagen3_fa8535259782583b,resize_0.25,imagen3,imagen3,1,0.2215539813041687,data\cache\clean\test\imagen3_fa8535259782583b\resize_0.25.jpg
imagen3_fe7048efd51b15b8,resize_0.25,imagen3,imagen3,1,0.004641788545995951,data\cache\clean\test\imagen3_fe7048efd51b15b8\resize_0.25.jpg
imagen3_Imagen3_1208,resize_0.25,imagen3,imagen3,1,0.387350857257843,data\cache\clean\test\imagen3_Imagen3_1208\resize_0.25.jpg
imagen3_Imagen3_3556,resize_0.25,imagen3,imagen3,1,0.05848940089344978,data\cache\clean\test\imagen3_Imagen3_3556\resize_0.25.jpg
sidset_full_synthetic_033729,resize_0.25,sidset,full_synthetic,1,0.04019773378968239,data\cache\clean\test\sidset_full_synthetic_033729\resize_0.25.jpg
sidset_full_synthetic_046026,resize_0.25,sidset,full_synthetic,1,0.19329866766929626,data\cache\clean\test\sidset_full_synthetic_046026\resize_0.25.jpg
sidset_full_synthetic_048809,resize_0.25,sidset,full_synthetic,1,0.061518777161836624,data\cache\clean\test\sidset_full_synthetic_048809\resize_0.25.jpg
sidset_full_synthetic_060524,resize_0.25,sidset,full_synthetic,1,0.010441001504659653,data\cache\clean\test\sidset_full_synthetic_060524\resize_0.25.jpg
sidset_full_synthetic_062086,resize_0.25,sidset,full_synthetic,1,0.3268941342830658,data\cache\clean\test\sidset_full_synthetic_062086\resize_0.25.jpg
sidset_full_synthetic_063062,resize_0.25,sidset,full_synthetic,1,0.4021044373512268,data\cache\clean\test\sidset_full_synthetic_063062\resize_0.25.jpg
stylegan_xl_0097a2e24789bc7a,resize_0.25,stylegan_xl,stylegan_xl,1,0.03160972148180008,data\cache\clean\test\stylegan_xl_0097a2e24789bc7a\resize_0.25.jpg
stylegan_xl_00a4591cf03df584,resize_0.25,stylegan_xl,stylegan_xl,1,1.301251018048788e-06,data\cache\clean\test\stylegan_xl_00a4591cf03df584\resize_0.25.jpg
stylegan_xl_0a4244f8a9185bad,resize_0.25,stylegan_xl,stylegan_xl,1,0.09199792146682739,data\cache\clean\test\stylegan_xl_0a4244f8a9185bad\resize_0.25.jpg
stylegan_xl_0f7efa4c31bcd8f4,resize_0.25,stylegan_xl,stylegan_xl,1,0.00280774082057178,data\cache\clean\test\stylegan_xl_0f7efa4c31bcd8f4\resize_0.25.jpg
stylegan_xl_1060d58257bc5130,resize_0.25,stylegan_xl,stylegan_xl,1,0.0005056700319983065,data\cache\clean\test\stylegan_xl_1060d58257bc5130\resize_0.25.jpg
stylegan_xl_1440252ff76f525f,resize_0.25,stylegan_xl,stylegan_xl,1,0.2303219437599182,data\cache\clean\test\stylegan_xl_1440252ff76f525f\resize_0.25.jpg
stylegan_xl_17f8bf0ef8d2f478,resize_0.25,stylegan_xl,stylegan_xl,1,0.03194931149482727,data\cache\clean\test\stylegan_xl_17f8bf0ef8d2f478\resize_0.25.jpg
stylegan_xl_2013fe0d44f84041,resize_0.25,stylegan_xl,stylegan_xl,1,0.00041237432742491364,data\cache\clean\test\stylegan_xl_2013fe0d44f84041\resize_0.25.jpg
stylegan_xl_324e332686aa6966,resize_0.25,stylegan_xl,stylegan_xl,1,0.349373996257782,data\cache\clean\test\stylegan_xl_324e332686aa6966\resize_0.25.jpg
stylegan_xl_3621cf0be1fc8d68,resize_0.25,stylegan_xl,stylegan_xl,1,0.1432928591966629,data\cache\clean\test\stylegan_xl_3621cf0be1fc8d68\resize_0.25.jpg
stylegan_xl_38c489e3b0d8c700,resize_0.25,stylegan_xl,stylegan_xl,1,0.3256465792655945,data\cache\clean\test\stylegan_xl_38c489e3b0d8c700\resize_0.25.jpg
stylegan_xl_3b5e18f8fc06450d,resize_0.25,stylegan_xl,stylegan_xl,1,0.00010770885273814201,data\cache\clean\test\stylegan_xl_3b5e18f8fc06450d\resize_0.25.jpg
stylegan_xl_43847,resize_0.25,stylegan_xl,stylegan_xl,1,0.24668481945991516,data\cache\clean\test\stylegan_xl_43847\resize_0.25.jpg
stylegan_xl_44451,resize_0.25,stylegan_xl,stylegan_xl,1,0.0012367659946903586,data\cache\clean\test\stylegan_xl_44451\resize_0.25.jpg
stylegan_xl_45602,resize_0.25,stylegan_xl,stylegan_xl,1,0.028495222330093384,data\cache\clean\test\stylegan_xl_45602\resize_0.25.jpg
stylegan_xl_48611,resize_0.25,stylegan_xl,stylegan_xl,1,0.037973981350660324,data\cache\clean\test\stylegan_xl_48611\resize_0.25.jpg
stylegan_xl_48927,resize_0.25,stylegan_xl,stylegan_xl,1,0.09090489149093628,data\cache\clean\test\stylegan_xl_48927\resize_0.25.jpg
stylegan_xl_49539,resize_0.25,stylegan_xl,stylegan_xl,1,0.018345650285482407,data\cache\clean\test\stylegan_xl_49539\resize_0.25.jpg
stylegan_xl_4f991f9638e28675,resize_0.25,stylegan_xl,stylegan_xl,1,0.0001059267669916153,data\cache\clean\test\stylegan_xl_4f991f9638e28675\resize_0.25.jpg
stylegan_xl_53551,resize_0.25,stylegan_xl,stylegan_xl,1,0.3571821451187134,data\cache\clean\test\stylegan_xl_53551\resize_0.25.jpg
stylegan_xl_60ed9d3511d333bf,resize_0.25,stylegan_xl,stylegan_xl,1,0.2283087521791458,data\cache\clean\test\stylegan_xl_60ed9d3511d333bf\resize_0.25.jpg
stylegan_xl_729fee52c5b7f95b,resize_0.25,stylegan_xl,stylegan_xl,1,0.07311815023422241,data\cache\clean\test\stylegan_xl_729fee52c5b7f95b\resize_0.25.jpg
stylegan_xl_7d433e90bcd7bd53,resize_0.25,stylegan_xl,stylegan_xl,1,0.001150836469605565,data\cache\clean\test\stylegan_xl_7d433e90bcd7bd53\resize_0.25.jpg
stylegan_xl_7ffebe6032f8209f,resize_0.25,stylegan_xl,stylegan_xl,1,0.005254482850432396,data\cache\clean\test\stylegan_xl_7ffebe6032f8209f\resize_0.25.jpg
stylegan_xl_80fc8be6e7c11eb3,resize_0.25,stylegan_xl,stylegan_xl,1,4.363309926702641e-05,data\cache\clean\test\stylegan_xl_80fc8be6e7c11eb3\resize_0.25.jpg
stylegan_xl_8f9dfd75dde8914f,resize_0.25,stylegan_xl,stylegan_xl,1,0.00041713775135576725,data\cache\clean\test\stylegan_xl_8f9dfd75dde8914f\resize_0.25.jpg
stylegan_xl_a1ed16fffc5ecb68,resize_0.25,stylegan_xl,stylegan_xl,1,0.005979542620480061,data\cache\clean\test\stylegan_xl_a1ed16fffc5ecb68\resize_0.25.jpg
stylegan_xl_a72f3ace10a8f550,resize_0.25,stylegan_xl,stylegan_xl,1,9.869696441455744e-06,data\cache\clean\test\stylegan_xl_a72f3ace10a8f550\resize_0.25.jpg
stylegan_xl_c9421141bcf3a15a,resize_0.25,stylegan_xl,stylegan_xl,1,0.4096700847148895,data\cache\clean\test\stylegan_xl_c9421141bcf3a15a\resize_0.25.jpg
stylegan_xl_cccbc1d57a7e095e,resize_0.25,stylegan_xl,stylegan_xl,1,0.39833348989486694,data\cache\clean\test\stylegan_xl_cccbc1d57a7e095e\resize_0.25.jpg
stylegan_xl_cf9c332a1ebfb587,resize_0.25,stylegan_xl,stylegan_xl,1,0.36593520641326904,data\cache\clean\test\stylegan_xl_cf9c332a1ebfb587\resize_0.25.jpg
stylegan_xl_d686a15f05d09472,resize_0.25,stylegan_xl,stylegan_xl,1,0.22248037159442902,data\cache\clean\test\stylegan_xl_d686a15f05d09472\resize_0.25.jpg
stylegan_xl_e4b8e7ef72cabaf2,resize_0.25,stylegan_xl,stylegan_xl,1,4.476300091482699e-05,data\cache\clean\test\stylegan_xl_e4b8e7ef72cabaf2\resize_0.25.jpg
stylegan_xl_f2ea3473d8b1a62f,resize_0.25,stylegan_xl,stylegan_xl,1,0.11706966161727905,data\cache\clean\test\stylegan_xl_f2ea3473d8b1a62f\resize_0.25.jpg
stylegan_xl_fef6a66b8deaa7ab,resize_0.25,stylegan_xl,stylegan_xl,1,6.1329933487286326e-06,data\cache\clean\test\stylegan_xl_fef6a66b8deaa7ab\resize_0.25.jpg
cifake_1028 (10),resize_0.5,cifake,stable_diffusion,1,0.46693792939186096,data\cache\clean\test\cifake_1028 (10)\resize_0.5.jpg
cifake_1088 (3),resize_0.5,cifake,stable_diffusion,1,0.4992449879646301,data\cache\clean\test\cifake_1088 (3)\resize_0.5.jpg
cifake_1270 (7),resize_0.5,cifake,stable_diffusion,1,0.4580191969871521,data\cache\clean\test\cifake_1270 (7)\resize_0.5.jpg
cifake_2286 (2),resize_0.5,cifake,stable_diffusion,1,0.047237660735845566,data\cache\clean\test\cifake_2286 (2)\resize_0.5.jpg
cifake_2438 (2),resize_0.5,cifake,stable_diffusion,1,0.49276891350746155,data\cache\clean\test\cifake_2438 (2)\resize_0.5.jpg
cifake_2509 (6),resize_0.5,cifake,stable_diffusion,1,0.42722058296203613,data\cache\clean\test\cifake_2509 (6)\resize_0.5.jpg
cifake_2787 (7),resize_0.5,cifake,stable_diffusion,1,0.2231588065624237,data\cache\clean\test\cifake_2787 (7)\resize_0.5.jpg
cifake_2850 (3),resize_0.5,cifake,stable_diffusion,1,0.37975385785102844,data\cache\clean\test\cifake_2850 (3)\resize_0.5.jpg
cifake_3053 (4),resize_0.5,cifake,stable_diffusion,1,0.19477836787700653,data\cache\clean\test\cifake_3053 (4)\resize_0.5.jpg
cifake_3582 (9),resize_0.5,cifake,stable_diffusion,1,0.2842103838920593,data\cache\clean\test\cifake_3582 (9)\resize_0.5.jpg
cifake_4127 (3),resize_0.5,cifake,stable_diffusion,1,0.13177137076854706,data\cache\clean\test\cifake_4127 (3)\resize_0.5.jpg
cifake_4221 (2),resize_0.5,cifake,stable_diffusion,1,0.1749662458896637,data\cache\clean\test\cifake_4221 (2)\resize_0.5.jpg
cifake_4615 (3),resize_0.5,cifake,stable_diffusion,1,0.06633733958005905,data\cache\clean\test\cifake_4615 (3)\resize_0.5.jpg
cifake_5221 (3),resize_0.5,cifake,stable_diffusion,1,0.24532300233840942,data\cache\clean\test\cifake_5221 (3)\resize_0.5.jpg
cifake_5288 (5),resize_0.5,cifake,stable_diffusion,1,0.3883289098739624,data\cache\clean\test\cifake_5288 (5)\resize_0.5.jpg
cifake_5607 (3),resize_0.5,cifake,stable_diffusion,1,0.40229010581970215,data\cache\clean\test\cifake_5607 (3)\resize_0.5.jpg
cifake_739 (8),resize_0.5,cifake,stable_diffusion,1,0.49713829159736633,data\cache\clean\test\cifake_739 (8)\resize_0.5.jpg
cifake_75,resize_0.5,cifake,stable_diffusion,1,0.4588696360588074,data\cache\clean\test\cifake_75\resize_0.5.jpg
cifake_954 (9),resize_0.5,cifake,stable_diffusion,1,0.34313157200813293,data\cache\clean\test\cifake_954 (9)\resize_0.5.jpg
dalle_20080,resize_0.5,dalle,dalle,1,0.22718943655490875,data\cache\clean\test\dalle_20080\resize_0.5.jpg
dalle_33159,resize_0.5,dalle,dalle,1,0.008447759784758091,data\cache\clean\test\dalle_33159\resize_0.5.jpg
dalle_40387,resize_0.5,dalle,dalle,1,0.4075571298599243,data\cache\clean\test\dalle_40387\resize_0.5.jpg
dalle_41791,resize_0.5,dalle,dalle,1,0.0010260683484375477,data\cache\clean\test\dalle_41791\resize_0.5.jpg
dalle_5781,resize_0.5,dalle,dalle,1,0.296233206987381,data\cache\clean\test\dalle_5781\resize_0.5.jpg
dalle_6f0f61883f111368d770c54801f33449,resize_0.5,dalle,dalle,1,0.036620352417230606,data\cache\clean\test\dalle_6f0f61883f111368d770c54801f33449\resize_0.5.jpg
dalle_8017,resize_0.5,dalle,dalle,1,0.05008549615740776,data\cache\clean\test\dalle_8017\resize_0.5.jpg
gigagan_05738,resize_0.5,gigagan,gigagan,1,0.09121237695217133,data\cache\clean\test\gigagan_05738\resize_0.5.jpg
gigagan_07350,resize_0.5,gigagan,gigagan,1,0.15364477038383484,data\cache\clean\test\gigagan_07350\resize_0.5.jpg
gigagan_10914,resize_0.5,gigagan,gigagan,1,0.006184107158333063,data\cache\clean\test\gigagan_10914\resize_0.5.jpg
gigagan_14071,resize_0.5,gigagan,gigagan,1,0.00010665186709957197,data\cache\clean\test\gigagan_14071\resize_0.5.jpg
gigagan_15454,resize_0.5,gigagan,gigagan,1,0.012495122849941254,data\cache\clean\test\gigagan_15454\resize_0.5.jpg
gigagan_17003,resize_0.5,gigagan,gigagan,1,0.24681025743484497,data\cache\clean\test\gigagan_17003\resize_0.5.jpg
gigagan_20327,resize_0.5,gigagan,gigagan,1,0.11788666993379593,data\cache\clean\test\gigagan_20327\resize_0.5.jpg
gigagan_20468,resize_0.5,gigagan,gigagan,1,0.01658988744020462,data\cache\clean\test\gigagan_20468\resize_0.5.jpg
gigagan_21611,resize_0.5,gigagan,gigagan,1,0.15040767192840576,data\cache\clean\test\gigagan_21611\resize_0.5.jpg
gigagan_22418,resize_0.5,gigagan,gigagan,1,0.45423734188079834,data\cache\clean\test\gigagan_22418\resize_0.5.jpg
gigagan_25090,resize_0.5,gigagan,gigagan,1,0.00341078476049006,data\cache\clean\test\gigagan_25090\resize_0.5.jpg
imagen3_045e6da6fd7f6fb0,resize_0.5,imagen3,imagen3,1,0.008798270486295223,data\cache\clean\test\imagen3_045e6da6fd7f6fb0\resize_0.5.jpg
imagen3_04e3097ac2f57647,resize_0.5,imagen3,imagen3,1,0.010070986114442348,data\cache\clean\test\imagen3_04e3097ac2f57647\resize_0.5.jpg
imagen3_07747d6ffd056bee,resize_0.5,imagen3,imagen3,1,0.008436061441898346,data\cache\clean\test\imagen3_07747d6ffd056bee\resize_0.5.jpg
imagen3_13ed1f9391224848,resize_0.5,imagen3,imagen3,1,0.03044045716524124,data\cache\clean\test\imagen3_13ed1f9391224848\resize_0.5.jpg
imagen3_15906,resize_0.5,imagen3,imagen3,1,0.10227382928133011,data\cache\clean\test\imagen3_15906\resize_0.5.jpg
imagen3_17643da56f35c6f7,resize_0.5,imagen3,imagen3,1,1.0142982773686526e-06,data\cache\clean\test\imagen3_17643da56f35c6f7\resize_0.5.jpg
imagen3_20942,resize_0.5,imagen3,imagen3,1,0.44785869121551514,data\cache\clean\test\imagen3_20942\resize_0.5.jpg
imagen3_24e64d19ddde11cb,resize_0.5,imagen3,imagen3,1,1.6479509667988168e-07,data\cache\clean\test\imagen3_24e64d19ddde11cb\resize_0.5.jpg
imagen3_260ae6b06f1f50e2,resize_0.5,imagen3,imagen3,1,3.7863071611354826e-07,data\cache\clean\test\imagen3_260ae6b06f1f50e2\resize_0.5.jpg
imagen3_2be4510162a8a76e,resize_0.5,imagen3,imagen3,1,0.0006842831498943269,data\cache\clean\test\imagen3_2be4510162a8a76e\resize_0.5.jpg
imagen3_3403b18fc93acbfc,resize_0.5,imagen3,imagen3,1,0.0014530197950080037,data\cache\clean\test\imagen3_3403b18fc93acbfc\resize_0.5.jpg
imagen3_43058,resize_0.5,imagen3,imagen3,1,5.534828233066946e-06,data\cache\clean\test\imagen3_43058\resize_0.5.jpg
imagen3_43180,resize_0.5,imagen3,imagen3,1,0.30053189396858215,data\cache\clean\test\imagen3_43180\resize_0.5.jpg
imagen3_44015,resize_0.5,imagen3,imagen3,1,0.0016652540070936084,data\cache\clean\test\imagen3_44015\resize_0.5.jpg
imagen3_44075,resize_0.5,imagen3,imagen3,1,0.0008207305800169706,data\cache\clean\test\imagen3_44075\resize_0.5.jpg
imagen3_46922,resize_0.5,imagen3,imagen3,1,0.027329543605446815,data\cache\clean\test\imagen3_46922\resize_0.5.jpg
imagen3_473ffc5e3d5dc373,resize_0.5,imagen3,imagen3,1,0.0393272303044796,data\cache\clean\test\imagen3_473ffc5e3d5dc373\resize_0.5.jpg
imagen3_51659,resize_0.5,imagen3,imagen3,1,0.1614064872264862,data\cache\clean\test\imagen3_51659\resize_0.5.jpg
imagen3_519f5c348fe55fcd,resize_0.5,imagen3,imagen3,1,0.0003173502045683563,data\cache\clean\test\imagen3_519f5c348fe55fcd\resize_0.5.jpg
imagen3_52520,resize_0.5,imagen3,imagen3,1,0.04354472830891609,data\cache\clean\test\imagen3_52520\resize_0.5.jpg
imagen3_560ead164dab63a5,resize_0.5,imagen3,imagen3,1,0.4298865795135498,data\cache\clean\test\imagen3_560ead164dab63a5\resize_0.5.jpg
imagen3_5a7405b5ead307fb,resize_0.5,imagen3,imagen3,1,0.3982216715812683,data\cache\clean\test\imagen3_5a7405b5ead307fb\resize_0.5.jpg
imagen3_5e95809bd47d157b,resize_0.5,imagen3,imagen3,1,0.015385503880679607,data\cache\clean\test\imagen3_5e95809bd47d157b\resize_0.5.jpg
imagen3_69467160e53f71bc,resize_0.5,imagen3,imagen3,1,0.012317626737058163,data\cache\clean\test\imagen3_69467160e53f71bc\resize_0.5.jpg
imagen3_6a8270ea182a9194,resize_0.5,imagen3,imagen3,1,0.0006753606139682233,data\cache\clean\test\imagen3_6a8270ea182a9194\resize_0.5.jpg
imagen3_6c7624322b04ce43,resize_0.5,imagen3,imagen3,1,3.965254506965721e-07,data\cache\clean\test\imagen3_6c7624322b04ce43\resize_0.5.jpg
imagen3_77fb2d4f372634f8,resize_0.5,imagen3,imagen3,1,0.0005247449153102934,data\cache\clean\test\imagen3_77fb2d4f372634f8\resize_0.5.jpg
imagen3_7e3e1e738f642f1a,resize_0.5,imagen3,imagen3,1,0.37045106291770935,data\cache\clean\test\imagen3_7e3e1e738f642f1a\resize_0.5.jpg
imagen3_7ee1485909c59826,resize_0.5,imagen3,imagen3,1,0.17995473742485046,data\cache\clean\test\imagen3_7ee1485909c59826\resize_0.5.jpg
imagen3_8b13dc3bff918841,resize_0.5,imagen3,imagen3,1,0.00199127453379333,data\cache\clean\test\imagen3_8b13dc3bff918841\resize_0.5.jpg
imagen3_8c20e4bf83ffff36,resize_0.5,imagen3,imagen3,1,0.025153275579214096,data\cache\clean\test\imagen3_8c20e4bf83ffff36\resize_0.5.jpg
imagen3_8e6f8acd28fd8f35,resize_0.5,imagen3,imagen3,1,0.04177149757742882,data\cache\clean\test\imagen3_8e6f8acd28fd8f35\resize_0.5.jpg
imagen3_9e82651e214a25c8,resize_0.5,imagen3,imagen3,1,0.017326265573501587,data\cache\clean\test\imagen3_9e82651e214a25c8\resize_0.5.jpg
imagen3_a1b5be9a5f0d1f7a,resize_0.5,imagen3,imagen3,1,0.029496800154447556,data\cache\clean\test\imagen3_a1b5be9a5f0d1f7a\resize_0.5.jpg
imagen3_aa13646e437b7afa,resize_0.5,imagen3,imagen3,1,0.0053519452922046185,data\cache\clean\test\imagen3_aa13646e437b7afa\resize_0.5.jpg
imagen3_ad860df8c2a1a848,resize_0.5,imagen3,imagen3,1,0.00011937299132114276,data\cache\clean\test\imagen3_ad860df8c2a1a848\resize_0.5.jpg
imagen3_b69c9976ced306d1,resize_0.5,imagen3,imagen3,1,0.06348118185997009,data\cache\clean\test\imagen3_b69c9976ced306d1\resize_0.5.jpg
imagen3_ca44bb7db1e73a9a,resize_0.5,imagen3,imagen3,1,0.005888000596314669,data\cache\clean\test\imagen3_ca44bb7db1e73a9a\resize_0.5.jpg
imagen3_d326e7c87fb1d966,resize_0.5,imagen3,imagen3,1,0.054211124777793884,data\cache\clean\test\imagen3_d326e7c87fb1d966\resize_0.5.jpg
imagen3_e63f3b6f8bdee43a,resize_0.5,imagen3,imagen3,1,5.957229404884856e-06,data\cache\clean\test\imagen3_e63f3b6f8bdee43a\resize_0.5.jpg
imagen3_eaf94916ce926270,resize_0.5,imagen3,imagen3,1,0.03867783769965172,data\cache\clean\test\imagen3_eaf94916ce926270\resize_0.5.jpg
imagen3_f2da05bffbe27dab,resize_0.5,imagen3,imagen3,1,0.34382200241088867,data\cache\clean\test\imagen3_f2da05bffbe27dab\resize_0.5.jpg
imagen3_f69a20bda8f47fea,resize_0.5,imagen3,imagen3,1,0.2617127597332001,data\cache\clean\test\imagen3_f69a20bda8f47fea\resize_0.5.jpg
imagen3_fa8535259782583b,resize_0.5,imagen3,imagen3,1,0.039682917296886444,data\cache\clean\test\imagen3_fa8535259782583b\resize_0.5.jpg
imagen3_fe7048efd51b15b8,resize_0.5,imagen3,imagen3,1,0.005846104584634304,data\cache\clean\test\imagen3_fe7048efd51b15b8\resize_0.5.jpg
imagen3_Imagen3_3556,resize_0.5,imagen3,imagen3,1,0.3451872766017914,data\cache\clean\test\imagen3_Imagen3_3556\resize_0.5.jpg
sidset_full_synthetic_046026,resize_0.5,sidset,full_synthetic,1,0.05701769143342972,data\cache\clean\test\sidset_full_synthetic_046026\resize_0.5.jpg
sidset_full_synthetic_048809,resize_0.5,sidset,full_synthetic,1,0.021917929872870445,data\cache\clean\test\sidset_full_synthetic_048809\resize_0.5.jpg
sidset_full_synthetic_060524,resize_0.5,sidset,full_synthetic,1,0.02623693458735943,data\cache\clean\test\sidset_full_synthetic_060524\resize_0.5.jpg
sidset_full_synthetic_062086,resize_0.5,sidset,full_synthetic,1,0.3132326006889343,data\cache\clean\test\sidset_full_synthetic_062086\resize_0.5.jpg
stylegan_xl_0097a2e24789bc7a,resize_0.5,stylegan_xl,stylegan_xl,1,0.09623014181852341,data\cache\clean\test\stylegan_xl_0097a2e24789bc7a\resize_0.5.jpg
stylegan_xl_00a4591cf03df584,resize_0.5,stylegan_xl,stylegan_xl,1,5.785084411513708e-08,data\cache\clean\test\stylegan_xl_00a4591cf03df584\resize_0.5.jpg
stylegan_xl_031391f1ab18ab62,resize_0.5,stylegan_xl,stylegan_xl,1,0.030381713062524796,data\cache\clean\test\stylegan_xl_031391f1ab18ab62\resize_0.5.jpg
stylegan_xl_0a4244f8a9185bad,resize_0.5,stylegan_xl,stylegan_xl,1,0.07843022048473358,data\cache\clean\test\stylegan_xl_0a4244f8a9185bad\resize_0.5.jpg
stylegan_xl_0f7efa4c31bcd8f4,resize_0.5,stylegan_xl,stylegan_xl,1,9.419097477803007e-05,data\cache\clean\test\stylegan_xl_0f7efa4c31bcd8f4\resize_0.5.jpg
stylegan_xl_1060d58257bc5130,resize_0.5,stylegan_xl,stylegan_xl,1,4.204268043395132e-05,data\cache\clean\test\stylegan_xl_1060d58257bc5130\resize_0.5.jpg
stylegan_xl_1440252ff76f525f,resize_0.5,stylegan_xl,stylegan_xl,1,0.02882457710802555,data\cache\clean\test\stylegan_xl_1440252ff76f525f\resize_0.5.jpg
stylegan_xl_17f8bf0ef8d2f478,resize_0.5,stylegan_xl,stylegan_xl,1,0.012678348459303379,data\cache\clean\test\stylegan_xl_17f8bf0ef8d2f478\resize_0.5.jpg
stylegan_xl_2013fe0d44f84041,resize_0.5,stylegan_xl,stylegan_xl,1,0.009432381018996239,data\cache\clean\test\stylegan_xl_2013fe0d44f84041\resize_0.5.jpg
stylegan_xl_3621cf0be1fc8d68,resize_0.5,stylegan_xl,stylegan_xl,1,0.11477269977331161,data\cache\clean\test\stylegan_xl_3621cf0be1fc8d68\resize_0.5.jpg
stylegan_xl_38c489e3b0d8c700,resize_0.5,stylegan_xl,stylegan_xl,1,0.46025046706199646,data\cache\clean\test\stylegan_xl_38c489e3b0d8c700\resize_0.5.jpg
stylegan_xl_3b5e18f8fc06450d,resize_0.5,stylegan_xl,stylegan_xl,1,0.00376898399554193,data\cache\clean\test\stylegan_xl_3b5e18f8fc06450d\resize_0.5.jpg
stylegan_xl_43847,resize_0.5,stylegan_xl,stylegan_xl,1,0.022480539977550507,data\cache\clean\test\stylegan_xl_43847\resize_0.5.jpg
stylegan_xl_44451,resize_0.5,stylegan_xl,stylegan_xl,1,0.00010138910147361457,data\cache\clean\test\stylegan_xl_44451\resize_0.5.jpg
stylegan_xl_45602,resize_0.5,stylegan_xl,stylegan_xl,1,0.03160819038748741,data\cache\clean\test\stylegan_xl_45602\resize_0.5.jpg
stylegan_xl_48611,resize_0.5,stylegan_xl,stylegan_xl,1,0.06834591180086136,data\cache\clean\test\stylegan_xl_48611\resize_0.5.jpg
stylegan_xl_48927,resize_0.5,stylegan_xl,stylegan_xl,1,0.08720451593399048,data\cache\clean\test\stylegan_xl_48927\resize_0.5.jpg
stylegan_xl_49539,resize_0.5,stylegan_xl,stylegan_xl,1,0.04488444700837135,data\cache\clean\test\stylegan_xl_49539\resize_0.5.jpg
stylegan_xl_4f991f9638e28675,resize_0.5,stylegan_xl,stylegan_xl,1,0.0011181654408574104,data\cache\clean\test\stylegan_xl_4f991f9638e28675\resize_0.5.jpg
stylegan_xl_60ed9d3511d333bf,resize_0.5,stylegan_xl,stylegan_xl,1,0.4163878858089447,data\cache\clean\test\stylegan_xl_60ed9d3511d333bf\resize_0.5.jpg
stylegan_xl_65bb283a1280639e,resize_0.5,stylegan_xl,stylegan_xl,1,0.296964168548584,data\cache\clean\test\stylegan_xl_65bb283a1280639e\resize_0.5.jpg
stylegan_xl_729fee52c5b7f95b,resize_0.5,stylegan_xl,stylegan_xl,1,0.06644252687692642,data\cache\clean\test\stylegan_xl_729fee52c5b7f95b\resize_0.5.jpg
stylegan_xl_7d433e90bcd7bd53,resize_0.5,stylegan_xl,stylegan_xl,1,0.0008028440643101931,data\cache\clean\test\stylegan_xl_7d433e90bcd7bd53\resize_0.5.jpg
stylegan_xl_7ffebe6032f8209f,resize_0.5,stylegan_xl,stylegan_xl,1,0.010839804075658321,data\cache\clean\test\stylegan_xl_7ffebe6032f8209f\resize_0.5.jpg
stylegan_xl_80fc8be6e7c11eb3,resize_0.5,stylegan_xl,stylegan_xl,1,5.605924889096059e-05,data\cache\clean\test\stylegan_xl_80fc8be6e7c11eb3\resize_0.5.jpg
stylegan_xl_8f9dfd75dde8914f,resize_0.5,stylegan_xl,stylegan_xl,1,5.2425111789489165e-05,data\cache\clean\test\stylegan_xl_8f9dfd75dde8914f\resize_0.5.jpg
stylegan_xl_a10d4a733f4df420,resize_0.5,stylegan_xl,stylegan_xl,1,0.3382139503955841,data\cache\clean\test\stylegan_xl_a10d4a733f4df420\resize_0.5.jpg
stylegan_xl_a1ed16fffc5ecb68,resize_0.5,stylegan_xl,stylegan_xl,1,0.009697883389890194,data\cache\clean\test\stylegan_xl_a1ed16fffc5ecb68\resize_0.5.jpg
stylegan_xl_a72f3ace10a8f550,resize_0.5,stylegan_xl,stylegan_xl,1,1.0274177839164622e-05,data\cache\clean\test\stylegan_xl_a72f3ace10a8f550\resize_0.5.jpg
stylegan_xl_c9421141bcf3a15a,resize_0.5,stylegan_xl,stylegan_xl,1,0.31527453660964966,data\cache\clean\test\stylegan_xl_c9421141bcf3a15a\resize_0.5.jpg
stylegan_xl_cccbc1d57a7e095e,resize_0.5,stylegan_xl,stylegan_xl,1,0.36903485655784607,data\cache\clean\test\stylegan_xl_cccbc1d57a7e095e\resize_0.5.jpg
stylegan_xl_cf9c332a1ebfb587,resize_0.5,stylegan_xl,stylegan_xl,1,0.3018956780433655,data\cache\clean\test\stylegan_xl_cf9c332a1ebfb587\resize_0.5.jpg
stylegan_xl_d686a15f05d09472,resize_0.5,stylegan_xl,stylegan_xl,1,0.1736534833908081,data\cache\clean\test\stylegan_xl_d686a15f05d09472\resize_0.5.jpg
stylegan_xl_d7c4ece8c8a01de0,resize_0.5,stylegan_xl,stylegan_xl,1,0.4761156737804413,data\cache\clean\test\stylegan_xl_d7c4ece8c8a01de0\resize_0.5.jpg
stylegan_xl_e4b8e7ef72cabaf2,resize_0.5,stylegan_xl,stylegan_xl,1,9.79671131062787e-06,data\cache\clean\test\stylegan_xl_e4b8e7ef72cabaf2\resize_0.5.jpg
stylegan_xl_f2ea3473d8b1a62f,resize_0.5,stylegan_xl,stylegan_xl,1,0.017326315864920616,data\cache\clean\test\stylegan_xl_f2ea3473d8b1a62f\resize_0.5.jpg
stylegan_xl_fef6a66b8deaa7ab,resize_0.5,stylegan_xl,stylegan_xl,1,7.087269295880105e-07,data\cache\clean\test\stylegan_xl_fef6a66b8deaa7ab\resize_0.5.jpg
