img_id,variant,source_dataset,generator_family,label,prob,path
cifake_2286 (2),clean,cifake,stable_diffusion,1,0.2464277595281601,data\cache\clean\test\cifake_2286 (2)\clean.jpg
cifake_2790 (9),clean,cifake,stable_diffusion,1,0.48907703161239624,data\cache\clean\test\cifake_2790 (9)\clean.jpg
cifake_3053 (4),clean,cifake,stable_diffusion,1,0.49990740418434143,data\cache\clean\test\cifake_3053 (4)\clean.jpg
cifake_3582 (9),clean,cifake,stable_diffusion,1,0.2920248508453369,data\cache\clean\test\cifake_3582 (9)\clean.jpg
cifake_4221 (2),clean,cifake,stable_diffusion,1,0.44035130739212036,data\cache\clean\test\cifake_4221 (2)\clean.jpg
cifake_4443,clean,cifake,stable_diffusion,1,0.17316101491451263,data\cache\clean\test\cifake_4443\clean.jpg
cifake_4615 (3),clean,cifake,stable_diffusion,1,0.20849888026714325,data\cache\clean\test\cifake_4615 (3)\clean.jpg
cifake_5221 (3),clean,cifake,stable_diffusion,1,0.2608146369457245,data\cache\clean\test\cifake_5221 (3)\clean.jpg
cifake_5607,clean,cifake,stable_diffusion,1,0.47751808166503906,data\cache\clean\test\cifake_5607\clean.jpg
cifake_5607 (3),clean,cifake,stable_diffusion,1,0.058405257761478424,data\cache\clean\test\cifake_5607 (3)\clean.jpg
cifake_5845 (9),clean,cifake,stable_diffusion,1,0.3292272090911865,data\cache\clean\test\cifake_5845 (9)\clean.jpg
cifake_75,clean,cifake,stable_diffusion,1,0.44427651166915894,data\cache\clean\test\cifake_75\clean.jpg
cifake_954 (9),clean,cifake,stable_diffusion,1,0.08378936350345612,data\cache\clean\test\cifake_954 (9)\clean.jpg
dalle_10420,clean,dalle,dalle,1,0.42878976464271545,data\cache\clean\test\dalle_10420\clean.jpg
dalle_17768,clean,dalle,dalle,1,0.4888274669647217,data\cache\clean\test\dalle_17768\clean.jpg
dalle_19157,clean,dalle,dalle,1,0.40437132120132446,data\cache\clean\test\dalle_19157\clean.jpg
dalle_20080,clean,dalle,dalle,1,0.19657941162586212,data\cache\clean\test\dalle_20080\clean.jpg
dalle_2561,clean,dalle,dalle,1,0.4531157612800598,data\cache\clean\test\dalle_2561\clean.jpg
dalle_27029,clean,dalle,dalle,1,0.4381229281425476,data\cache\clean\test\dalle_27029\clean.jpg
dalle_40387,clean,dalle,dalle,1,0.4191100299358368,data\cache\clean\test\dalle_40387\clean.jpg
dalle_41791,clean,dalle,dalle,1,0.08368908613920212,data\cache\clean\test\dalle_41791\clean.jpg
dalle_6f0f61883f111368d770c54801f33449,clean,dalle,dalle,1,0.09413593262434006,data\cache\clean\test\dalle_6f0f61883f111368d770c54801f33449\clean.jpg
gigagan_05738,clean,gigagan,gigagan,1,0.36606207489967346,data\cache\clean\test\gigagan_05738\clean.jpg
gigagan_10914,clean,gigagan,gigagan,1,0.14790761470794678,data\cache\clean\test\gigagan_10914\clean.jpg
gigagan_14071,clean,gigagan,gigagan,1,0.15201963484287262,data\cache\clean\test\gigagan_14071\clean.jpg
gigagan_14858,clean,gigagan,gigagan,1,0.2262980192899704,data\cache\clean\test\gigagan_14858\clean.jpg
gigagan_15454,clean,gigagan,gigagan,1,0.26688653230667114,data\cache\clean\test\gigagan_15454\clean.jpg
gigagan_15561,clean,gigagan,gigagan,1,0.06995802372694016,data\cache\clean\test\gigagan_15561\clean.jpg
gigagan_20207,clean,gigagan,gigagan,1,0.0998336672782898,data\cache\clean\test\gigagan_20207\clean.jpg
gigagan_20327,clean,gigagan,gigagan,1,0.4948168396949768,data\cache\clean\test\gigagan_20327\clean.jpg
gigagan_22418,clean,gigagan,gigagan,1,0.1712120920419693,data\cache\clean\test\gigagan_22418\clean.jpg
gigagan_24679,clean,gigagan,gigagan,1,0.08601178228855133,data\cache\clean\test\gigagan_24679\clean.jpg
gigagan_25090,clean,gigagan,gigagan,1,0.32080206274986267,data\cache\clean\test\gigagan_25090\clean.jpg
gigagan_28945,clean,gigagan,gigagan,1,0.30488327145576477,data\cache\clean\test\gigagan_28945\clean.jpg
imagen3_045e6da6fd7f6fb0,clean,imagen3,imagen3,1,0.2875122129917145,data\cache\clean\test\imagen3_045e6da6fd7f6fb0\clean.jpg
imagen3_04e3097ac2f57647,clean,imagen3,imagen3,1,0.3424126207828522,data\cache\clean\test\imagen3_04e3097ac2f57647\clean.jpg
imagen3_07747d6ffd056bee,clean,imagen3,imagen3,1,0.3838573396205902,data\cache\clean\test\imagen3_07747d6ffd056bee\clean.jpg
imagen3_13ed1f9391224848,clean,imagen3,imagen3,1,0.08198757469654083,data\cache\clean\test\imagen3_13ed1f9391224848\clean.jpg
imagen3_15906,clean,imagen3,imagen3,1,0.06775978952646255,data\cache\clean\test\imagen3_15906\clean.jpg
imagen3_17643da56f35c6f7,clean,imagen3,imagen3,1,0.019056661054491997,data\cache\clean\test\imagen3_17643da56f35c6f7\clean.jpg
imagen3_17919c9ffd792ad9,clean,imagen3,imagen3,1,0.3848012089729309,data\cache\clean\test\imagen3_17919c9ffd792ad9\clean.jpg
imagen3_1fe9a0379cffa709,clean,imagen3,imagen3,1,0.12412779778242111,data\cache\clean\test\imagen3_1fe9a0379cffa709\clean.jpg
imagen3_24e64d19ddde11cb,clean,imagen3,imagen3,1,0.0014157480327412486,data\cache\clean\test\imagen3_24e64d19ddde11cb\clean.jpg
imagen3_260ae6b06f1f50e2,clean,imagen3,imagen3,1,0.009874464944005013,data\cache\clean\test\imagen3_260ae6b06f1f50e2\clean.jpg
imagen3_2be4510162a8a76e,clean,imagen3,imagen3,1,0.04989585652947426,data\cache\clean\test\imagen3_2be4510162a8a76e\clean.jpg
imagen3_3403b18fc93acbfc,clean,imagen3,imagen3,1,0.056053854525089264,data\cache\clean\test\imagen3_3403b18fc93acbfc\clean.jpg
imagen3_43058,clean,imagen3,imagen3,1,0.020683005452156067,data\cache\clean\test\imagen3_43058\clean.jpg
imagen3_44015,clean,imagen3,imagen3,1,0.2958756983280182,data\cache\clean\test\imagen3_44015\clean.jpg
imagen3_44075,clean,imagen3,imagen3,1,0.4704638719558716,data\cache\clean\test\imagen3_44075\clean.jpg
imagen3_46922,clean,imagen3,imagen3,1,0.15541625022888184,data\cache\clean\test\imagen3_46922\clean.jpg
imagen3_473ffc5e3d5dc373,clean,imagen3,imagen3,1,0.1805827021598816,data\cache\clean\test\imagen3_473ffc5e3d5dc373\clean.jpg
imagen3_51659,clean,imagen3,imagen3,1,0.258076936006546,data\cache\clean\test\imagen3_51659\clean.jpg
imagen3_519f5c348fe55fcd,clean,imagen3,imagen3,1,0.08095373213291168,data\cache\clean\test\imagen3_519f5c348fe55fcd\clean.jpg
imagen3_52520,clean,imagen3,imagen3,1,0.291309118270874,data\cache\clean\test\imagen3_52520\clean.jpg
imagen3_560ead164dab63a5,clean,imagen3,imagen3,1,0.3674919605255127,data\cache\clean\test\imagen3_560ead164dab63a5\clean.jpg
imagen3_5a7405b5ead307fb,clean,imagen3,imagen3,1,0.2539128363132477,data\cache\clean\test\imagen3_5a7405b5ead307fb\clean.jpg
imagen3_5e95809bd47d157b,clean,imagen3,imagen3,1,0.3088999092578888,data\cache\clean\test\imagen3_5e95809bd47d157b\clean.jpg
imagen3_69467160e53f71bc,clean,imagen3,imagen3,1,0.2628313899040222,data\cache\clean\test\imagen3_69467160e53f71bc\clean.jpg
imagen3_6a8270ea182a9194,clean,imagen3,imagen3,1,0.08307812362909317,data\cache\clean\test\imagen3_6a8270ea182a9194\clean.jpg
imagen3_6c7624322b04ce43,clean,imagen3,imagen3,1,0.010301418602466583,data\cache\clean\test\imagen3_6c7624322b04ce43\clean.jpg
imagen3_77fb2d4f372634f8,clean,imagen3,imagen3,1,0.028891457244753838,data\cache\clean\test\imagen3_77fb2d4f372634f8\clean.jpg
imagen3_7e3e1e738f642f1a,clean,imagen3,imagen3,1,0.44859960675239563,data\cache\clean\test\imagen3_7e3e1e738f642f1a\clean.jpg
imagen3_7ee1485909c59826,clean,imagen3,imagen3,1,0.39735516905784607,data\cache\clean\test\imagen3_7ee1485909c59826\clean.jpg
imagen3_8b13dc3bff918841,clean,imagen3,imagen3,1,0.11865288764238358,data\cache\clean\test\imagen3_8b13dc3bff918841\clean.jpg
imagen3_8c20e4bf83ffff36,clean,imagen3,imagen3,1,0.2347845584154129,data\cache\clean\test\imagen3_8c20e4bf83ffff36\clean.jpg
imagen3_8e6f8acd28fd8f35,clean,imagen3,imagen3,1,0.19089414179325104,data\cache\clean\test\imagen3_8e6f8acd28fd8f35\clean.jpg
imagen3_9e82651e214a25c8,clean,imagen3,imagen3,1,0.1385299265384674,data\cache\clean\test\imagen3_9e82651e214a25c8\clean.jpg
imagen3_a1b5be9a5f0d1f7a,clean,imagen3,imagen3,1,0.16152721643447876,data\cache\clean\test\imagen3_a1b5be9a5f0d1f7a\clean.jpg
imagen3_a90890e19b242beb,clean,imagen3,imagen3,1,0.44502559304237366,data\cache\clean\test\imagen3_a90890e19b242beb\clean.jpg
imagen3_aa13646e437b7afa,clean,imagen3,imagen3,1,0.04766387119889259,data\cache\clean\test\imagen3_aa13646e437b7afa\clean.jpg
imagen3_ad860df8c2a1a848,clean,imagen3,imagen3,1,0.039046019315719604,data\cache\clean\test\imagen3_ad860df8c2a1a848\clean.jpg
imagen3_b69c9976ced306d1,clean,imagen3,imagen3,1,0.31613874435424805,data\cache\clean\test\imagen3_b69c9976ced306d1\clean.jpg
imagen3_ca44bb7db1e73a9a,clean,imagen3,imagen3,1,0.16028225421905518,data\cache\clean\test\imagen3_ca44bb7db1e73a9a\clean.jpg
imagen3_d326e7c87fb1d966,clean,imagen3,imagen3,1,0.22085806727409363,data\cache\clean\test\imagen3_d326e7c87fb1d966\clean.jpg
imagen3_e63f3b6f8bdee43a,clean,imagen3,imagen3,1,0.006900981534272432,data\cache\clean\test\imagen3_e63f3b6f8bdee43a\clean.jpg
imagen3_ea646e585cc24088,clean,imagen3,imagen3,1,0.2350870668888092,data\cache\clean\test\imagen3_ea646e585cc24088\clean.jpg
imagen3_eaf94916ce926270,clean,imagen3,imagen3,1,0.2394273728132248,data\cache\clean\test\imagen3_eaf94916ce926270\clean.jpg
imagen3_f69a20bda8f47fea,clean,imagen3,imagen3,1,0.14199724793434143,data\cache\clean\test\imagen3_f69a20bda8f47fea\clean.jpg
imagen3_fa8535259782583b,clean,imagen3,imagen3,1,0.4712441563606262,data\cache\clean\test\imagen3_fa8535259782583b\clean.jpg
imagen3_fe7048efd51b15b8,clean,imagen3,imagen3,1,0.10102148354053497,data\cache\clean\test\imagen3_fe7048efd51b15b8\clean.jpg
imagen3_Imagen3_1208,clean,imagen3,imagen3,1,0.4712900221347809,data\cache\clean\test\imagen3_Imagen3_1208\clean.jpg
sidset_full_synthetic_060524,clean,sidset,full_synthetic,1,0.10911156237125397,data\cache\clean\test\sidset_full_synthetic_060524\clean.jpg
sidset_full_synthetic_062086,clean,sidset,full_synthetic,1,0.35036590695381165,data\cache\clean\test\sidset_full_synthetic_062086\clean.jpg
sidset_full_synthetic_063062,clean,sidset,full_synthetic,1,0.4270705580711365,data\cache\clean\test\sidset_full_synthetic_063062\clean.jpg
stylegan_xl_0097a2e24789bc7a,clean,stylegan_xl,stylegan_xl,1,0.08929672837257385,data\cache\clean\test\stylegan_xl_0097a2e24789bc7a\clean.jpg
stylegan_xl_00a4591cf03df584,clean,stylegan_xl,stylegan_xl,1,0.009904233738780022,data\cache\clean\test\stylegan_xl_00a4591cf03df584\clean.jpg
stylegan_xl_031391f1ab18ab62,clean,stylegan_xl,stylegan_xl,1,0.342290461063385,data\cache\clean\test\stylegan_xl_031391f1ab18ab62\clean.jpg
stylegan_xl_0a4244f8a9185bad,clean,stylegan_xl,stylegan_xl,1,0.3092130124568939,data\cache\clean\test\stylegan_xl_0a4244f8a9185bad\clean.jpg
stylegan_xl_0f7efa4c31bcd8f4,clean,stylegan_xl,stylegan_xl,1,0.007889632135629654,data\cache\clean\test\stylegan_xl_0f7efa4c31bcd8f4\clean.jpg
stylegan_xl_1060d58257bc5130,clean,stylegan_xl,stylegan_xl,1,0.0766138955950737,data\cache\clean\test\stylegan_xl_1060d58257bc5130\clean.jpg
stylegan_xl_1440252ff76f525f,clean,stylegan_xl,stylegan_xl,1,0.21677793562412262,data\cache\clean\test\stylegan_xl_1440252ff76f525f\clean.jpg
stylegan_xl_17f8bf0ef8d2f478,clean,stylegan_xl,stylegan_xl,1,0.1198386549949646,data\cache\clean\test\stylegan_xl_17f8bf0ef8d2f478\clean.jpg
stylegan_xl_2013fe0d44f84041,clean,stylegan_xl,stylegan_xl,1,0.041487663984298706,data\cache\clean\test\stylegan_xl_2013fe0d44f84041\clean.jpg
stylegan_xl_324e332686aa6966,clean,stylegan_xl,stylegan_xl,1,0.2891479432582855,data\cache\clean\test\stylegan_xl_324e332686aa6966\clean.jpg
stylegan_xl_3621cf0be1fc8d68,clean,stylegan_xl,stylegan_xl,1,0.05666675791144371,data\cache\clean\test\stylegan_xl_3621cf0be1fc8d68\clean.jpg
stylegan_xl_38c489e3b0d8c700,clean,stylegan_xl,stylegan_xl,1,0.33043769001960754,data\cache\clean\test\stylegan_xl_38c489e3b0d8c700\clean.jpg
stylegan_xl_3b5e18f8fc06450d,clean,stylegan_xl,stylegan_xl,1,0.04512811079621315,data\cache\clean\test\stylegan_xl_3b5e18f8fc06450d\clean.jpg
stylegan_xl_43847,clean,stylegan_xl,stylegan_xl,1,0.06344401836395264,data\cache\clean\test\stylegan_xl_43847\clean.jpg
stylegan_xl_44451,clean,stylegan_xl,stylegan_xl,1,0.28833600878715515,data\cache\clean\test\stylegan_xl_44451\clean.jpg
stylegan_xl_45602,clean,stylegan_xl,stylegan_xl,1,0.16689622402191162,data\cache\clean\test\stylegan_xl_45602\clean.jpg
stylegan_xl_48611,clean,stylegan_xl,stylegan_xl,1,0.3798139691352844,data\cache\clean\test\stylegan_xl_48611\clean.jpg
stylegan_xl_4f991f9638e28675,clean,stylegan_xl,stylegan_xl,1,0.1272050142288208,data\cache\clean\test\stylegan_xl_4f991f9638e28675\clean.jpg
stylegan_xl_53271,clean,stylegan_xl,stylegan_xl,1,0.34477823972702026,data\cache\clean\test\stylegan_xl_53271\clean.jpg
stylegan_xl_60ed9d3511d333bf,clean,stylegan_xl,stylegan_xl,1,0.25559374690055847,data\cache\clean\test\stylegan_xl_60ed9d3511d333bf\clean.jpg
stylegan_xl_65bb283a1280639e,clean,stylegan_xl,stylegan_xl,1,0.11028968542814255,data\cache\clean\test\stylegan_xl_65bb283a1280639e\clean.jpg
stylegan_xl_729fee52c5b7f95b,clean,stylegan_xl,stylegan_xl,1,0.24652451276779175,data\cache\clean\test\stylegan_xl_729fee52c5b7f95b\clean.jpg
stylegan_xl_7a863857aa371fb7,clean,stylegan_xl,stylegan_xl,1,0.49214479327201843,data\cache\clean\test\stylegan_xl_7a863857aa371fb7\clean.jpg
stylegan_xl_7d433e90bcd7bd53,clean,stylegan_xl,stylegan_xl,1,0.07555780559778214,data\cache\clean\test\stylegan_xl_7d433e90bcd7bd53\clean.jpg
stylegan_xl_7ffebe6032f8209f,clean,stylegan_xl,stylegan_xl,1,0.07354620099067688,data\cache\clean\test\stylegan_xl_7ffebe6032f8209f\clean.jpg
stylegan_xl_80fc8be6e7c11eb3,clean,stylegan_xl,stylegan_xl,1,0.02897949516773224,data\cache\clean\test\stylegan_xl_80fc8be6e7c11eb3\clean.jpg
stylegan_xl_8f9dfd75dde8914f,clean,stylegan_xl,stylegan_xl,1,0.014916813932359219,data\cache\clean\test\stylegan_xl_8f9dfd75dde8914f\clean.jpg
stylegan_xl_91fb9195a35b7711,clean,stylegan_xl,stylegan_xl,1,0.3788774013519287,data\cache\clean\test\stylegan_xl_91fb9195a35b7711\clean.jpg
stylegan_xl_a1ed16fffc5ecb68,clean,stylegan_xl,stylegan_xl,1,0.07385104894638062,data\cache\clean\test\stylegan_xl_a1ed16fffc5ecb68\clean.jpg
stylegan_xl_a72f3ace10a8f550,clean,stylegan_xl,stylegan_xl,1,0.024815313518047333,data\cache\clean\test\stylegan_xl_a72f3ace10a8f550\clean.jpg
stylegan_xl_ae09b95535340878,clean,stylegan_xl,stylegan_xl,1,0.26237866282463074,data\cache\clean\test\stylegan_xl_ae09b95535340878\clean.jpg
stylegan_xl_b6abe358484b287a,clean,stylegan_xl,stylegan_xl,1,0.16533544659614563,data\cache\clean\test\stylegan_xl_b6abe358484b287a\clean.jpg
stylegan_xl_c9421141bcf3a15a,clean,stylegan_xl,stylegan_xl,1,0.2609730362892151,data\cache\clean\test\stylegan_xl_c9421141bcf3a15a\clean.jpg
stylegan_xl_cccbc1d57a7e095e,clean,stylegan_xl,stylegan_xl,1,0.43627479672431946,data\cache\clean\test\stylegan_xl_cccbc1d57a7e095e\clean.jpg
stylegan_xl_cf9c332a1ebfb587,clean,stylegan_xl,stylegan_xl,1,0.33824339509010315,data\cache\clean\test\stylegan_xl_cf9c332a1ebfb587\clean.jpg
stylegan_xl_d686a15f05d09472,clean,stylegan_xl,stylegan_xl,1,0.31500154733657837,data\cache\clean\test\stylegan_xl_d686a15f05d09472\clean.jpg
stylegan_xl_d7c4ece8c8a01de0,clean,stylegan_xl,stylegan_xl,1,0.19137275218963623,data\cache\clean\test\stylegan_xl_d7c4ece8c8a01de0\clean.jpg
stylegan_xl_e4b8e7ef72cabaf2,clean,stylegan_xl,stylegan_xl,1,0.013209700584411621,data\cache\clean\test\stylegan_xl_e4b8e7ef72cabaf2\clean.jpg
stylegan_xl_f2ea3473d8b1a62f,clean,stylegan_xl,stylegan_xl,1,0.08680670708417892,data\cache\clean\test\stylegan_xl_f2ea3473d8b1a62f\clean.jpg
stylegan_xl_f4a503e24265a7e1,clean,stylegan_xl,stylegan_xl,1,0.4044519364833832,data\cache\clean\test\stylegan_xl_f4a503e24265a7e1\clean.jpg
stylegan_xl_fef6a66b8deaa7ab,clean,stylegan_xl,stylegan_xl,1,0.007734545972198248,data\cache\clean\test\stylegan_xl_fef6a66b8deaa7ab\clean.jpg
cifake_2286 (2),blur_s0.5,cifake,stable_diffusion,1,0.24747614562511444,data\cache\clean\test\cifake_2286 (2)\blur_s0.5.jpg
cifake_2790 (9),blur_s0.5,cifake,stable_diffusion,1,0.48851433396339417,data\cache\clean\test\cifake_2790 (9)\blur_s0.5.jpg
cifake_3053 (4),blur_s0.5,cifake,stable_diffusion,1,0.4993131160736084,data\cache\clean\test\cifake_3053 (4)\blur_s0.5.jpg
cifake_3582 (9),blur_s0.5,cifake,stable_diffusion,1,0.29099830985069275,data\cache\clean\test\cifake_3582 (9)\blur_s0.5.jpg
cifake_4221 (2),blur_s0.5,cifake,stable_diffusion,1,0.44191625714302063,data\cache\clean\test\cifake_4221 (2)\blur_s0.5.jpg
cifake_4443,blur_s0.5,cifake,stable_diffusion,1,0.17402079701423645,data\cache\clean\test\cifake_4443\blur_s0.5.jpg
cifake_4615 (3),blur_s0.5,cifake,stable_diffusion,1,0.20907576382160187,data\cache\clean\test\cifake_4615 (3)\blur_s0.5.jpg
cifake_5221 (3),blur_s0.5,cifake,stable_diffusion,1,0.2653726041316986,data\cache\clean\test\cifake_5221 (3)\blur_s0.5.jpg
cifake_5607,blur_s0.5,cifake,stable_diffusion,1,0.4772956073284149,data\cache\clean\test\cifake_5607\blur_s0.5.jpg
cifake_5607 (3),blur_s0.5,cifake,stable_diffusion,1,0.05773300305008888,data\cache\clean\test\cifake_5607 (3)\blur_s0.5.jpg
cifake_5845 (9),blur_s0.5,cifake,stable_diffusion,1,0.3313146233558655,data\cache\clean\test\cifake_5845 (9)\blur_s0.5.jpg
cifake_75,blur_s0.5,cifake,stable_diffusion,1,0.4376068413257599,data\cache\clean\test\cifake_75\blur_s0.5.jpg
cifake_954 (9),blur_s0.5,cifake,stable_diffusion,1,0.08397619426250458,data\cache\clean\test\cifake_954 (9)\blur_s0.5.jpg
dalle_10420,blur_s0.5,dalle,dalle,1,0.3831484615802765,data\cache\clean\test\dalle_10420\blur_s0.5.jpg
dalle_17768,blur_s0.5,dalle,dalle,1,0.4686882793903351,data\cache\clean\test\dalle_17768\blur_s0.5.jpg
dalle_19157,blur_s0.5,dalle,dalle,1,0.37842702865600586,data\cache\clean\test\dalle_19157\blur_s0.5.jpg
dalle_20080,blur_s0.5,dalle,dalle,1,0.23001614212989807,data\cache\clean\test\dalle_20080\blur_s0.5.jpg
dalle_2561,blur_s0.5,dalle,dalle,1,0.47199997305870056,data\cache\clean\test\dalle_2561\blur_s0.5.jpg
dalle_27029,blur_s0.5,dalle,dalle,1,0.4452228844165802,data\cache\clean\test\dalle_27029\blur_s0.5.jpg
dalle_40387,blur_s0.5,dalle,dalle,1,0.38109755516052246,data\cache\clean\test\dalle_40387\blur_s0.5.jpg
dalle_41791,blur_s0.5,dalle,dalle,1,0.07353649288415909,data\cache\clean\test\dalle_41791\blur_s0.5.jpg
dalle_6f0f61883f111368d770c54801f33449,blur_s0.5,dalle,dalle,1,0.08817708492279053,data\cache\clean\test\dalle_6f0f61883f111368d770c54801f33449\blur_s0.5.jpg
dalle_8017,blur_s0.5,dalle,dalle,1,0.428914338350296,data\cache\clean\test\dalle_8017\blur_s0.5.jpg
gigagan_05738,blur_s0.5,gigagan,gigagan,1,0.38055890798568726,data\cache\clean\test\gigagan_05738\blur_s0.5.jpg
gigagan_06526,blur_s0.5,gigagan,gigagan,1,0.46969982981681824,data\cache\clean\test\gigagan_06526\blur_s0.5.jpg
gigagan_10914,blur_s0.5,gigagan,gigagan,1,0.10495959967374802,data\cache\clean\test\gigagan_10914\blur_s0.5.jpg
gigagan_14071,blur_s0.5,gigagan,gigagan,1,0.17769069969654083,data\cache\clean\test\gigagan_14071\blur_s0.5.jpg
gigagan_14858,blur_s0.5,gigagan,gigagan,1,0.36623626947402954,data\cache\clean\test\gigagan_14858\blur_s0.5.jpg
gigagan_15454,blur_s0.5,gigagan,gigagan,1,0.14322330057621002,data\cache\clean\test\gigagan_15454\blur_s0.5.jpg
gigagan_15561,blur_s0.5,gigagan,gigagan,1,0.06698775291442871,data\cache\clean\test\gigagan_15561\blur_s0.5.jpg
gigagan_20207,blur_s0.5,gigagan,gigagan,1,0.09584745764732361,data\cache\clean\test\gigagan_20207\blur_s0.5.jpg
gigagan_20327,blur_s0.5,gigagan,gigagan,1,0.4713175594806671,data\cache\clean\test\gigagan_20327\blur_s0.5.jpg
gigagan_22418,blur_s0.5,gigagan,gigagan,1,0.1401166170835495,data\cache\clean\test\gigagan_22418\blur_s0.5.jpg
gigagan_24679,blur_s0.5,gigagan,gigagan,1,0.07382820546627045,data\cache\clean\test\gigagan_24679\blur_s0.5.jpg
gigagan_25090,blur_s0.5,gigagan,gigagan,1,0.35102638602256775,data\cache\clean\test\gigagan_25090\blur_s0.5.jpg
gigagan_28945,blur_s0.5,gigagan,gigagan,1,0.25081294775009155,data\cache\clean\test\gigagan_28945\blur_s0.5.jpg
imagen3_045e6da6fd7f6fb0,blur_s0.5,imagen3,imagen3,1,0.3104313313961029,data\cache\clean\test\imagen3_045e6da6fd7f6fb0\blur_s0.5.jpg
imagen3_04e3097ac2f57647,blur_s0.5,imagen3,imagen3,1,0.33988770842552185,data\cache\clean\test\imagen3_04e3097ac2f57647\blur_s0.5.jpg
imagen3_07747d6ffd056bee,blur_s0.5,imagen3,imagen3,1,0.38223734498023987,data\cache\clean\test\imagen3_07747d6ffd056bee\blur_s0.5.jpg
imagen3_13ed1f9391224848,blur_s0.5,imagen3,imagen3,1,0.07886148989200592,data\cache\clean\test\imagen3_13ed1f9391224848\blur_s0.5.jpg
imagen3_15906,blur_s0.5,imagen3,imagen3,1,0.06277606636285782,data\cache\clean\test\imagen3_15906\blur_s0.5.jpg
imagen3_17643da56f35c6f7,blur_s0.5,imagen3,imagen3,1,0.018405800685286522,data\cache\clean\test\imagen3_17643da56f35c6f7\blur_s0.5.jpg
imagen3_17919c9ffd792ad9,blur_s0.5,imagen3,imagen3,1,0.38278433680534363,data\cache\clean\test\imagen3_17919c9ffd792ad9\blur_s0.5.jpg
imagen3_1fe9a0379cffa709,blur_s0.5,imagen3,imagen3,1,0.1278887242078781,data\cache\clean\test\imagen3_1fe9a0379cffa709\blur_s0.5.jpg
imagen3_24e64d19ddde11cb,blur_s0.5,imagen3,imagen3,1,0.0015586131485179067,data\cache\clean\test\imagen3_24e64d19ddde11cb\blur_s0.5.jpg
imagen3_260ae6b06f1f50e2,blur_s0.5,imagen3,imagen3,1,0.009886314161121845,data\cache\clean\test\imagen3_260ae6b06f1f50e2\blur_s0.5.jpg
imagen3_2be4510162a8a76e,blur_s0.5,imagen3,imagen3,1,0.04553765803575516,data\cache\clean\test\imagen3_2be4510162a8a76e\blur_s0.5.jpg
imagen3_3403b18fc93acbfc,blur_s0.5,imagen3,imagen3,1,0.04772283509373665,data\cache\clean\test\imagen3_3403b18fc93acbfc\blur_s0.5.jpg
imagen3_43058,blur_s0.5,imagen3,imagen3,1,0.018568027764558792,data\cache\clean\test\imagen3_43058\blur_s0.5.jpg
imagen3_43180,blur_s0.5,imagen3,imagen3,1,0.3992294669151306,data\cache\clean\test\imagen3_43180\blur_s0.5.jpg
imagen3_44015,blur_s0.5,imagen3,imagen3,1,0.3008417785167694,data\cache\clean\test\imagen3_44015\blur_s0.5.jpg
imagen3_44075,blur_s0.5,imagen3,imagen3,1,0.38832733035087585,data\cache\clean\test\imagen3_44075\blur_s0.5.jpg
imagen3_46922,blur_s0.5,imagen3,imagen3,1,0.1392703503370285,data\cache\clean\test\imagen3_46922\blur_s0.5.jpg
imagen3_473ffc5e3d5dc373,blur_s0.5,imagen3,imagen3,1,0.18652771413326263,data\cache\clean\test\imagen3_473ffc5e3d5dc373\blur_s0.5.jpg
imagen3_51659,blur_s0.5,imagen3,imagen3,1,0.23468883335590363,data\cache\clean\test\imagen3_51659\blur_s0.5.jpg
imagen3_519f5c348fe55fcd,blur_s0.5,imagen3,imagen3,1,0.08256223797798157,data\cache\clean\test\imagen3_519f5c348fe55fcd\blur_s0.5.jpg
imagen3_52520,blur_s0.5,imagen3,imagen3,1,0.2971026301383972,data\cache\clean\test\imagen3_52520\blur_s0.5.jpg
imagen3_560ead164dab63a5,blur_s0.5,imagen3,imagen3,1,0.35778725147247314,data\cache\clean\test\imagen3_560ead164dab63a5\blur_s0.5.jpg
imagen3_5a7405b5ead307fb,blur_s0.5,imagen3,imagen3,1,0.24915552139282227,data\cache\clean\test\imagen3_5a7405b5ead307fb\blur_s0.5.jpg
imagen3_5e95809bd47d157b,blur_s0.5,imagen3,imagen3,1,0.3214772343635559,data\cache\clean\test\imagen3_5e95809bd47d157b\blur_s0.5.jpg
imagen3_69467160e53f71bc,blur_s0.5,imagen3,imagen3,1,0.25662335753440857,data\cache\clean\test\imagen3_69467160e53f71bc\blur_s0.5.jpg
imagen3_6a8270ea182a9194,blur_s0.5,imagen3,imagen3,1,0.08283701539039612,data\cache\clean\test\imagen3_6a8270ea182a9194\blur_s0.5.jpg
imagen3_6c7624322b04ce43,blur_s0.5,imagen3,imagen3,1,0.009872283786535263,data\cache\clean\test\imagen3_6c7624322b04ce43\blur_s0.5.jpg
imagen3_77fb2d4f372634f8,blur_s0.5,imagen3,imagen3,1,0.024472197517752647,data\cache\clean\test\imagen3_77fb2d4f372634f8\blur_s0.5.jpg
imagen3_7e3e1e738f642f1a,blur_s0.5,imagen3,imagen3,1,0.4410820007324219,data\cache\clean\test\imagen3_7e3e1e738f642f1a\blur_s0.5.jpg
imagen3_7ee1485909c59826,blur_s0.5,imagen3,imagen3,1,0.39105015993118286,data\cache\clean\test\imagen3_7ee1485909c59826\blur_s0.5.jpg
imagen3_8b13dc3bff918841,blur_s0.5,imagen3,imagen3,1,0.10069464147090912,data\cache\clean\test\imagen3_8b13dc3bff918841\blur_s0.5.jpg
imagen3_8c20e4bf83ffff36,blur_s0.5,imagen3,imagen3,1,0.2830653488636017,data\cache\clean\test\imagen3_8c20e4bf83ffff36\blur_s0.5.jpg
imagen3_8e6f8acd28fd8f35,blur_s0.5,imagen3,imagen3,1,0.2009100764989853,data\cache\clean\test\imagen3_8e6f8acd28fd8f35\blur_s0.5.jpg
imagen3_9e82651e214a25c8,blur_s0.5,imagen3,imagen3,1,0.14343559741973877,data\cache\clean\test\imagen3_9e82651e214a25c8\blur_s0.5.jpg
imagen3_a1b5be9a5f0d1f7a,blur_s0.5,imagen3,imagen3,1,0.15648989379405975,data\cache\clean\test\imagen3_a1b5be9a5f0d1f7a\blur_s0.5.jpg
imagen3_a90890e19b242beb,blur_s0.5,imagen3,imagen3,1,0.44469720125198364,data\cache\clean\test\imagen3_a90890e19b242beb\blur_s0.5.jpg
imagen3_aa13646e437b7afa,blur_s0.5,imagen3,imagen3,1,0.04199277609586716,data\cache\clean\test\imagen3_aa13646e437b7afa\blur_s0.5.jpg
imagen3_ad860df8c2a1a848,blur_s0.5,imagen3,imagen3,1,0.03592346981167793,data\cache\clean\test\imagen3_ad860df8c2a1a848\blur_s0.5.jpg
imagen3_b69c9976ced306d1,blur_s0.5,imagen3,imagen3,1,0.30978238582611084,data\cache\clean\test\imagen3_b69c9976ced306d1\blur_s0.5.jpg
imagen3_ca44bb7db1e73a9a,blur_s0.5,imagen3,imagen3,1,0.16735650599002838,data\cache\clean\test\imagen3_ca44bb7db1e73a9a\blur_s0.5.jpg
imagen3_d326e7c87fb1d966,blur_s0.5,imagen3,imagen3,1,0.21364398300647736,data\cache\clean\test\imagen3_d326e7c87fb1d966\blur_s0.5.jpg
imagen3_e63f3b6f8bdee43a,blur_s0.5,imagen3,imagen3,1,0.007396429777145386,data\cache\clean\test\imagen3_e63f3b6f8bdee43a\blur_s0.5.jpg
imagen3_ea646e585cc24088,blur_s0.5,imagen3,imagen3,1,0.2310398519039154,data\cache\clean\test\imagen3_ea646e585cc24088\blur_s0.5.jpg
imagen3_eaf94916ce926270,blur_s0.5,imagen3,imagen3,1,0.2382505089044571,data\cache\clean\test\imagen3_eaf94916ce926270\blur_s0.5.jpg
imagen3_f69a20bda8f47fea,blur_s0.5,imagen3,imagen3,1,0.140010803937912,data\cache\clean\test\imagen3_f69a20bda8f47fea\blur_s0.5.jpg
imagen3_fa8535259782583b,blur_s0.5,imagen3,imagen3,1,0.4499608874320984,data\cache\clean\test\imagen3_fa8535259782583b\blur_s0.5.jpg
imagen3_fd568a2839353a92,blur_s0.5,imagen3,imagen3,1,0.46910998225212097,data\cache\clean\test\imagen3_fd568a2839353a92\blur_s0.5.jpg
imagen3_fe7048efd51b15b8,blur_s0.5,imagen3,imagen3,1,0.10191747546195984,data\cache\clean\test\imagen3_fe7048efd51b15b8\blur_s0.5.jpg
imagen3_Imagen3_1208,blur_s0.5,imagen3,imagen3,1,0.29271170496940613,data\cache\clean\test\imagen3_Imagen3_1208\blur_s0.5.jpg
imagen3_Imagen3_3556,blur_s0.5,imagen3,imagen3,1,0.4151686429977417,data\cache\clean\test\imagen3_Imagen3_3556\blur_s0.5.jpg
sidset_full_synthetic_048809,blur_s0.5,sidset,full_synthetic,1,0.4009154736995697,data\cache\clean\test\sidset_full_synthetic_048809\blur_s0.5.jpg
sidset_full_synthetic_060524,blur_s0.5,sidset,full_synthetic,1,0.09202391654253006,data\cache\clean\test\sidset_full_synthetic_060524\blur_s0.5.jpg
sidset_full_synthetic_062086,blur_s0.5,sidset,full_synthetic,1,0.19533561170101166,data\cache\clean\test\sidset_full_synthetic_062086\blur_s0.5.jpg
sidset_full_synthetic_063062,blur_s0.5,sidset,full_synthetic,1,0.3604907989501953,data\cache\clean\test\sidset_full_synthetic_063062\blur_s0.5.jpg
stylegan_xl_0097a2e24789bc7a,blur_s0.5,stylegan_xl,stylegan_xl,1,0.08506938070058823,data\cache\clean\test\stylegan_xl_0097a2e24789bc7a\blur_s0.5.jpg
stylegan_xl_00a4591cf03df584,blur_s0.5,stylegan_xl,stylegan_xl,1,0.009859735146164894,data\cache\clean\test\stylegan_xl_00a4591cf03df584\blur_s0.5.jpg
stylegan_xl_031391f1ab18ab62,blur_s0.5,stylegan_xl,stylegan_xl,1,0.3683413863182068,data\cache\clean\test\stylegan_xl_031391f1ab18ab62\blur_s0.5.jpg
stylegan_xl_0a4244f8a9185bad,blur_s0.5,stylegan_xl,stylegan_xl,1,0.29498785734176636,data\cache\clean\test\stylegan_xl_0a4244f8a9185bad\blur_s0.5.jpg
stylegan_xl_0f7efa4c31bcd8f4,blur_s0.5,stylegan_xl,stylegan_xl,1,0.009485654532909393,data\cache\clean\test\stylegan_xl_0f7efa4c31bcd8f4\blur_s0.5.jpg
stylegan_xl_1060d58257bc5130,blur_s0.5,stylegan_xl,stylegan_xl,1,0.07492032647132874,data\cache\clean\test\stylegan_xl_1060d58257bc5130\blur_s0.5.jpg
stylegan_xl_1440252ff76f525f,blur_s0.5,stylegan_xl,stylegan_xl,1,0.20448388159275055,data\cache\clean\test\stylegan_xl_1440252ff76f525f\blur_s0.5.jpg
stylegan_xl_17f8bf0ef8d2f478,blur_s0.5,stylegan_xl,stylegan_xl,1,0.1185457706451416,data\cache\clean\test\stylegan_xl_17f8bf0ef8d2f478\blur_s0.5.jpg
stylegan_xl_2013fe0d44f84041,blur_s0.5,stylegan_xl,stylegan_xl,1,0.04231031984090805,data\cache\clean\test\stylegan_xl_2013fe0d44f84041\blur_s0.5.jpg
stylegan_xl_324e332686aa6966,blur_s0.5,stylegan_xl,stylegan_xl,1,0.26499056816101074,data\cache\clean\test\stylegan_xl_324e332686aa6966\blur_s0.5.jpg
stylegan_xl_3621cf0be1fc8d68,blur_s0.5,stylegan_xl,stylegan_xl,1,0.05976337939500809,data\cache\clean\test\stylegan_xl_3621cf0be1fc8d68\blur_s0.5.jpg
stylegan_xl_38c489e3b0d8c700,blur_s0.5,stylegan_xl,stylegan_xl,1,0.3252216577529907,data\cache\clean\test\stylegan_xl_38c489e3b0d8c700\blur_s0.5.jpg
stylegan_xl_3b5e18f8fc06450d,blur_s0.5,stylegan_xl,stylegan_xl,1,0.045811038464307785,data\cache\clean\test\stylegan_xl_3b5e18f8fc06450d\blur_s0.5.jpg
stylegan_xl_43847,blur_s0.5,stylegan_xl,stylegan_xl,1,0.059481773525476456,data\cache\clean\test\stylegan_xl_43847\blur_s0.5.jpg
stylegan_xl_44451,blur_s0.5,stylegan_xl,stylegan_xl,1,0.2609489858150482,data\cache\clean\test\stylegan_xl_44451\blur_s0.5.jpg
stylegan_xl_45602,blur_s0.5,stylegan_xl,stylegan_xl,1,0.1614195704460144,data\cache\clean\test\stylegan_xl_45602\blur_s0.5.jpg
stylegan_xl_48611,blur_s0.5,stylegan_xl,stylegan_xl,1,0.4267210066318512,data\cache\clean\test\stylegan_xl_48611\blur_s0.5.jpg
stylegan_xl_49074,blur_s0.5,stylegan_xl,stylegan_xl,1,0.4455748200416565,data\cache\clean\test\stylegan_xl_49074\blur_s0.5.jpg
stylegan_xl_4f991f9638e28675,blur_s0.5,stylegan_xl,stylegan_xl,1,0.1288726031780243,data\cache\clean\test\stylegan_xl_4f991f9638e28675\blur_s0.5.jpg
stylegan_xl_53271,blur_s0.5,stylegan_xl,stylegan_xl,1,0.3982780873775482,data\cache\clean\test\stylegan_xl_53271\blur_s0.5.jpg
stylegan_xl_60ed9d3511d333bf,blur_s0.5,stylegan_xl,stylegan_xl,1,0.24000415205955505,data\cache\clean\test\stylegan_xl_60ed9d3511d333bf\blur_s0.5.jpg
stylegan_xl_65bb283a1280639e,blur_s0.5,stylegan_xl,stylegan_xl,1,0.11033663153648376,data\cache\clean\test\stylegan_xl_65bb283a1280639e\blur_s0.5.jpg
stylegan_xl_729fee52c5b7f95b,blur_s0.5,stylegan_xl,stylegan_xl,1,0.2217624932527542,data\cache\clean\test\stylegan_xl_729fee52c5b7f95b\blur_s0.5.jpg
stylegan_xl_7a863857aa371fb7,blur_s0.5,stylegan_xl,stylegan_xl,1,0.48646295070648193,data\cache\clean\test\stylegan_xl_7a863857aa371fb7\blur_s0.5.jpg
stylegan_xl_7d433e90bcd7bd53,blur_s0.5,stylegan_xl,stylegan_xl,1,0.08014477789402008,data\cache\clean\test\stylegan_xl_7d433e90bcd7bd53\blur_s0.5.jpg
stylegan_xl_7ffebe6032f8209f,blur_s0.5,stylegan_xl,stylegan_xl,1,0.07835119962692261,data\cache\clean\test\stylegan_xl_7ffebe6032f8209f\blur_s0.5.jpg
stylegan_xl_80fc8be6e7c11eb3,blur_s0.5,stylegan_xl,stylegan_xl,1,0.030157864093780518,data\cache\clean\test\stylegan_xl_80fc8be6e7c11eb3\blur_s0.5.jpg
stylegan_xl_8f9dfd75dde8914f,blur_s0.5,stylegan_xl,stylegan_xl,1,0.013591581955552101,data\cache\clean\test\stylegan_xl_8f9dfd75dde8914f\blur_s0.5.jpg
stylegan_xl_91fb9195a35b7711,blur_s0.5,stylegan_xl,stylegan_xl,1,0.36049380898475647,data\cache\clean\test\stylegan_xl_91fb9195a35b7711\blur_s0.5.jpg
stylegan_xl_a1ed16fffc5ecb68,blur_s0.5,stylegan_xl,stylegan_xl,1,0.06349789351224899,data\cache\clean\test\stylegan_xl_a1ed16fffc5ecb68\blur_s0.5.jpg
stylegan_xl_a72f3ace10a8f550,blur_s0.5,stylegan_xl,stylegan_xl,1,0.02455376647412777,data\cache\clean\test\stylegan_xl_a72f3ace10a8f550\blur_s0.5.jpg
stylegan_xl_ae09b95535340878,blur_s0.5,stylegan_xl,stylegan_xl,1,0.2283124327659607,data\cache\clean\test\stylegan_xl_ae09b95535340878\blur_s0.5.jpg
stylegan_xl_b6abe358484b287a,blur_s0.5,stylegan_xl,stylegan_xl,1,0.16145330667495728,data\cache\clean\test\stylegan_xl_b6abe358484b287a\blur_s0.5.jpg
stylegan_xl_c9421141bcf3a15a,blur_s0.5,stylegan_xl,stylegan_xl,1,0.27099543809890747,data\cache\clean\test\stylegan_xl_c9421141bcf3a15a\blur_s0.5.jpg
stylegan_xl_cccbc1d57a7e095e,blur_s0.5,stylegan_xl,stylegan_xl,1,0.4733518958091736,data\cache\clean\test\stylegan_xl_cccbc1d57a7e095e\blur_s0.5.jpg
stylegan_xl_cf9c332a1ebfb587,blur_s0.5,stylegan_xl,stylegan_xl,1,0.3469586968421936,data\cache\clean\test\stylegan_xl_cf9c332a1ebfb587\blur_s0.5.jpg
stylegan_xl_d686a15f05d09472,blur_s0.5,stylegan_xl,stylegan_xl,1,0.29266732931137085,data\cache\clean\test\stylegan_xl_d686a15f05d09472\blur_s0.5.jpg
stylegan_xl_d7c4ece8c8a01de0,blur_s0.5,stylegan_xl,stylegan_xl,1,0.29540127515792847,data\cache\clean\test\stylegan_xl_d7c4ece8c8a01de0\blur_s0.5.jpg
stylegan_xl_e4b8e7ef72cabaf2,blur_s0.5,stylegan_xl,stylegan_xl,1,0.013390989974141121,data\cache\clean\test\stylegan_xl_e4b8e7ef72cabaf2\blur_s0.5.jpg
stylegan_xl_f2ea3473d8b1a62f,blur_s0.5,stylegan_xl,stylegan_xl,1,0.09539122134447098,data\cache\clean\test\stylegan_xl_f2ea3473d8b1a62f\blur_s0.5.jpg
stylegan_xl_f4a503e24265a7e1,blur_s0.5,stylegan_xl,stylegan_xl,1,0.3800170421600342,data\cache\clean\test\stylegan_xl_f4a503e24265a7e1\blur_s0.5.jpg
stylegan_xl_fef6a66b8deaa7ab,blur_s0.5,stylegan_xl,stylegan_xl,1,0.007298513315618038,data\cache\clean\test\stylegan_xl_fef6a66b8deaa7ab\blur_s0.5.jpg
cifake_2286 (2),blur_s1.0,cifake,stable_diffusion,1,0.26084432005882263,data\cache\clean\test\cifake_2286 (2)\blur_s1.0.jpg
cifake_2790 (9),blur_s1.0,cifake,stable_diffusion,1,0.48413559794425964,data\cache\clean\test\cifake_2790 (9)\blur_s1.0.jpg
cifake_3053 (4),blur_s1.0,cifake,stable_diffusion,1,0.4993748068809509,data\cache\clean\test\cifake_3053 (4)\blur_s1.0.jpg
cifake_3582 (9),blur_s1.0,cifake,stable_diffusion,1,0.29527831077575684,data\cache\clean\test\cifake_3582 (9)\blur_s1.0.jpg
cifake_4221 (2),blur_s1.0,cifake,stable_diffusion,1,0.4542335867881775,data\cache\clean\test\cifake_4221 (2)\blur_s1.0.jpg
cifake_4443,blur_s1.0,cifake,stable_diffusion,1,0.17210189998149872,data\cache\clean\test\cifake_4443\blur_s1.0.jpg
cifake_4615 (3),blur_s1.0,cifake,stable_diffusion,1,0.20465606451034546,data\cache\clean\test\cifake_4615 (3)\blur_s1.0.jpg
cifake_5221 (3),blur_s1.0,cifake,stable_diffusion,1,0.25963810086250305,data\cache\clean\test\cifake_5221 (3)\blur_s1.0.jpg
cifake_5607,blur_s1.0,cifake,stable_diffusion,1,0.466239333152771,data\cache\clean\test\cifake_5607\blur_s1.0.jpg
cifake_5607 (3),blur_s1.0,cifake,stable_diffusion,1,0.05841735005378723,data\cache\clean\test\cifake_5607 (3)\blur_s1.0.jpg
cifake_5845 (9),blur_s1.0,cifake,stable_diffusion,1,0.32476502656936646,data\cache\clean\test\cifake_5845 (9)\blur_s1.0.jpg
cifake_75,blur_s1.0,cifake,stable_diffusion,1,0.45281264185905457,data\cache\clean\test\cifake_75\blur_s1.0.jpg
cifake_954 (9),blur_s1.0,cifake,stable_diffusion,1,0.08502448350191116,data\cache\clean\test\cifake_954 (9)\blur_s1.0.jpg
dalle_10420,blur_s1.0,dalle,dalle,1,0.24444153904914856,data\cache\clean\test\dalle_10420\blur_s1.0.jpg
dalle_17768,blur_s1.0,dalle,dalle,1,0.3171178102493286,data\cache\clean\test\dalle_17768\blur_s1.0.jpg
dalle_19157,blur_s1.0,dalle,dalle,1,0.1589430272579193,data\cache\clean\test\dalle_19157\blur_s1.0.jpg
dalle_20080,blur_s1.0,dalle,dalle,1,0.13654053211212158,data\cache\clean\test\dalle_20080\blur_s1.0.jpg
dalle_27029,blur_s1.0,dalle,dalle,1,0.49459195137023926,data\cache\clean\test\dalle_27029\blur_s1.0.jpg
dalle_28,blur_s1.0,dalle,dalle,1,0.3530799150466919,data\cache\clean\test\dalle_28\blur_s1.0.jpg
dalle_36430,blur_s1.0,dalle,dalle,1,0.4102405309677124,data\cache\clean\test\dalle_36430\blur_s1.0.jpg
dalle_3c589aa7fd4a6705f1fd7918daf4ffb9,blur_s1.0,dalle,dalle,1,0.41859328746795654,data\cache\clean\test\dalle_3c589aa7fd4a6705f1fd7918daf4ffb9\blur_s1.0.jpg
dalle_40387,blur_s1.0,dalle,dalle,1,0.3264002203941345,data\cache\clean\test\dalle_40387\blur_s1.0.jpg
dalle_41791,blur_s1.0,dalle,dalle,1,0.03734970837831497,data\cache\clean\test\dalle_41791\blur_s1.0.jpg
dalle_6f0f61883f111368d770c54801f33449,blur_s1.0,dalle,dalle,1,0.08909527212381363,data\cache\clean\test\dalle_6f0f61883f111368d770c54801f33449\blur_s1.0.jpg
dalle_8017,blur_s1.0,dalle,dalle,1,0.2213590443134308,data\cache\clean\test\dalle_8017\blur_s1.0.jpg
gigagan_05738,blur_s1.0,gigagan,gigagan,1,0.31996670365333557,data\cache\clean\test\gigagan_05738\blur_s1.0.jpg
gigagan_06526,blur_s1.0,gigagan,gigagan,1,0.42809775471687317,data\cache\clean\test\gigagan_06526\blur_s1.0.jpg
gigagan_10914,blur_s1.0,gigagan,gigagan,1,0.06483224034309387,data\cache\clean\test\gigagan_10914\blur_s1.0.jpg
gigagan_11518,blur_s1.0,gigagan,gigagan,1,0.4697674810886383,data\cache\clean\test\gigagan_11518\blur_s1.0.jpg
gigagan_12083,blur_s1.0,gigagan,gigagan,1,0.4640357494354248,data\cache\clean\test\gigagan_12083\blur_s1.0.jpg
gigagan_14071,blur_s1.0,gigagan,gigagan,1,0.15488596260547638,data\cache\clean\test\gigagan_14071\blur_s1.0.jpg
gigagan_14138,blur_s1.0,gigagan,gigagan,1,0.40290749073028564,data\cache\clean\test\gigagan_14138\blur_s1.0.jpg
gigagan_14858,blur_s1.0,gigagan,gigagan,1,0.34313300251960754,data\cache\clean\test\gigagan_14858\blur_s1.0.jpg
gigagan_15454,blur_s1.0,gigagan,gigagan,1,0.13637830317020416,data\cache\clean\test\gigagan_15454\blur_s1.0.jpg
gigagan_15561,blur_s1.0,gigagan,gigagan,1,0.057147324085235596,data\cache\clean\test\gigagan_15561\blur_s1.0.jpg
gigagan_19196,blur_s1.0,gigagan,gigagan,1,0.30812254548072815,data\cache\clean\test\gigagan_19196\blur_s1.0.jpg
gigagan_20207,blur_s1.0,gigagan,gigagan,1,0.13081157207489014,data\cache\clean\test\gigagan_20207\blur_s1.0.jpg
gigagan_20327,blur_s1.0,gigagan,gigagan,1,0.32507091760635376,data\cache\clean\test\gigagan_20327\blur_s1.0.jpg
gigagan_20468,blur_s1.0,gigagan,gigagan,1,0.4911956489086151,data\cache\clean\test\gigagan_20468\blur_s1.0.jpg
gigagan_22418,blur_s1.0,gigagan,gigagan,1,0.09805282950401306,data\cache\clean\test\gigagan_22418\blur_s1.0.jpg
gigagan_24679,blur_s1.0,gigagan,gigagan,1,0.06684078276157379,data\cache\clean\test\gigagan_24679\blur_s1.0.jpg
gigagan_25090,blur_s1.0,gigagan,gigagan,1,0.23609086871147156,data\cache\clean\test\gigagan_25090\blur_s1.0.jpg
gigagan_28945,blur_s1.0,gigagan,gigagan,1,0.24213628470897675,data\cache\clean\test\gigagan_28945\blur_s1.0.jpg
imagen3_045e6da6fd7f6fb0,blur_s1.0,imagen3,imagen3,1,0.31609147787094116,data\cache\clean\test\imagen3_045e6da6fd7f6fb0\blur_s1.0.jpg
imagen3_04e3097ac2f57647,blur_s1.0,imagen3,imagen3,1,0.27641183137893677,data\cache\clean\test\imagen3_04e3097ac2f57647\blur_s1.0.jpg
imagen3_07747d6ffd056bee,blur_s1.0,imagen3,imagen3,1,0.4395269751548767,data\cache\clean\test\imagen3_07747d6ffd056bee\blur_s1.0.jpg
imagen3_13ed1f9391224848,blur_s1.0,imagen3,imagen3,1,0.08248496800661087,data\cache\clean\test\imagen3_13ed1f9391224848\blur_s1.0.jpg
imagen3_15906,blur_s1.0,imagen3,imagen3,1,0.05650391802191734,data\cache\clean\test\imagen3_15906\blur_s1.0.jpg
imagen3_17643da56f35c6f7,blur_s1.0,imagen3,imagen3,1,0.013964223675429821,data\cache\clean\test\imagen3_17643da56f35c6f7\blur_s1.0.jpg
imagen3_17919c9ffd792ad9,blur_s1.0,imagen3,imagen3,1,0.35113051533699036,data\cache\clean\test\imagen3_17919c9ffd792ad9\blur_s1.0.jpg
imagen3_1fe9a0379cffa709,blur_s1.0,imagen3,imagen3,1,0.12563370168209076,data\cache\clean\test\imagen3_1fe9a0379cffa709\blur_s1.0.jpg
imagen3_24e64d19ddde11cb,blur_s1.0,imagen3,imagen3,1,0.0019250400364398956,data\cache\clean\test\imagen3_24e64d19ddde11cb\blur_s1.0.jpg
imagen3_260ae6b06f1f50e2,blur_s1.0,imagen3,imagen3,1,0.007491131778806448,data\cache\clean\test\imagen3_260ae6b06f1f50e2\blur_s1.0.jpg
imagen3_2be4510162a8a76e,blur_s1.0,imagen3,imagen3,1,0.03852751851081848,data\cache\clean\test\imagen3_2be4510162a8a76e\blur_s1.0.jpg
imagen3_3403b18fc93acbfc,blur_s1.0,imagen3,imagen3,1,0.040028270334005356,data\cache\clean\test\imagen3_3403b18fc93acbfc\blur_s1.0.jpg
imagen3_43058,blur_s1.0,imagen3,imagen3,1,0.01883539743721485,data\cache\clean\test\imagen3_43058\blur_s1.0.jpg
imagen3_43180,blur_s1.0,imagen3,imagen3,1,0.2736471891403198,data\cache\clean\test\imagen3_43180\blur_s1.0.jpg
imagen3_44015,blur_s1.0,imagen3,imagen3,1,0.29874324798583984,data\cache\clean\test\imagen3_44015\blur_s1.0.jpg
imagen3_44075,blur_s1.0,imagen3,imagen3,1,0.25456273555755615,data\cache\clean\test\imagen3_44075\blur_s1.0.jpg
imagen3_46922,blur_s1.0,imagen3,imagen3,1,0.11880036443471909,data\cache\clean\test\imagen3_46922\blur_s1.0.jpg
imagen3_473ffc5e3d5dc373,blur_s1.0,imagen3,imagen3,1,0.18908609449863434,data\cache\clean\test\imagen3_473ffc5e3d5dc373\blur_s1.0.jpg
imagen3_51379,blur_s1.0,imagen3,imagen3,1,0.304342120885849,data\cache\clean\test\imagen3_51379\blur_s1.0.jpg
imagen3_51659,blur_s1.0,imagen3,imagen3,1,0.22513170540332794,data\cache\clean\test\imagen3_51659\blur_s1.0.jpg
imagen3_519f5c348fe55fcd,blur_s1.0,imagen3,imagen3,1,0.07183011621236801,data\cache\clean\test\imagen3_519f5c348fe55fcd\blur_s1.0.jpg
imagen3_52520,blur_s1.0,imagen3,imagen3,1,0.28703105449676514,data\cache\clean\test\imagen3_52520\blur_s1.0.jpg
imagen3_560ead164dab63a5,blur_s1.0,imagen3,imagen3,1,0.31238576769828796,data\cache\clean\test\imagen3_560ead164dab63a5\blur_s1.0.jpg
imagen3_5a7405b5ead307fb,blur_s1.0,imagen3,imagen3,1,0.21938014030456543,data\cache\clean\test\imagen3_5a7405b5ead307fb\blur_s1.0.jpg
imagen3_5e95809bd47d157b,blur_s1.0,imagen3,imagen3,1,0.34024345874786377,data\cache\clean\test\imagen3_5e95809bd47d157b\blur_s1.0.jpg
imagen3_69467160e53f71bc,blur_s1.0,imagen3,imagen3,1,0.2556144893169403,data\cache\clean\test\imagen3_69467160e53f71bc\blur_s1.0.jpg
imagen3_6a8270ea182a9194,blur_s1.0,imagen3,imagen3,1,0.08095380663871765,data\cache\clean\test\imagen3_6a8270ea182a9194\blur_s1.0.jpg
imagen3_6c7624322b04ce43,blur_s1.0,imagen3,imagen3,1,0.009400797076523304,data\cache\clean\test\imagen3_6c7624322b04ce43\blur_s1.0.jpg
imagen3_77fb2d4f372634f8,blur_s1.0,imagen3,imagen3,1,0.02247520722448826,data\cache\clean\test\imagen3_77fb2d4f372634f8\blur_s1.0.jpg
imagen3_7e3e1e738f642f1a,blur_s1.0,imagen3,imagen3,1,0.3770197629928589,data\cache\clean\test\imagen3_7e3e1e738f642f1a\blur_s1.0.jpg
imagen3_7ee1485909c59826,blur_s1.0,imagen3,imagen3,1,0.3845774829387665,data\cache\clean\test\imagen3_7ee1485909c59826\blur_s1.0.jpg
imagen3_8b13dc3bff918841,blur_s1.0,imagen3,imagen3,1,0.09114425629377365,data\cache\clean\test\imagen3_8b13dc3bff918841\blur_s1.0.jpg
imagen3_8c20e4bf83ffff36,blur_s1.0,imagen3,imagen3,1,0.28552791476249695,data\cache\clean\test\imagen3_8c20e4bf83ffff36\blur_s1.0.jpg
imagen3_8e6f8acd28fd8f35,blur_s1.0,imagen3,imagen3,1,0.21082578599452972,data\cache\clean\test\imagen3_8e6f8acd28fd8f35\blur_s1.0.jpg
imagen3_9e82651e214a25c8,blur_s1.0,imagen3,imagen3,1,0.13680414855480194,data\cache\clean\test\imagen3_9e82651e214a25c8\blur_s1.0.jpg
imagen3_a1b5be9a5f0d1f7a,blur_s1.0,imagen3,imagen3,1,0.11628049612045288,data\cache\clean\test\imagen3_a1b5be9a5f0d1f7a\blur_s1.0.jpg
imagen3_a90890e19b242beb,blur_s1.0,imagen3,imagen3,1,0.4060068428516388,data\cache\clean\test\imagen3_a90890e19b242beb\blur_s1.0.jpg
imagen3_aa13646e437b7afa,blur_s1.0,imagen3,imagen3,1,0.04893781989812851,data\cache\clean\test\imagen3_aa13646e437b7afa\blur_s1.0.jpg
imagen3_ad860df8c2a1a848,blur_s1.0,imagen3,imagen3,1,0.0369323194026947,data\cache\clean\test\imagen3_ad860df8c2a1a848\blur_s1.0.jpg
imagen3_b69c9976ced306d1,blur_s1.0,imagen3,imagen3,1,0.31850212812423706,data\cache\clean\test\imagen3_b69c9976ced306d1\blur_s1.0.jpg
imagen3_ca44bb7db1e73a9a,blur_s1.0,imagen3,imagen3,1,0.15918582677841187,data\cache\clean\test\imagen3_ca44bb7db1e73a9a\blur_s1.0.jpg
imagen3_d326e7c87fb1d966,blur_s1.0,imagen3,imagen3,1,0.2008046954870224,data\cache\clean\test\imagen3_d326e7c87fb1d966\blur_s1.0.jpg
imagen3_e63f3b6f8bdee43a,blur_s1.0,imagen3,imagen3,1,0.006852608639746904,data\cache\clean\test\imagen3_e63f3b6f8bdee43a\blur_s1.0.jpg
imagen3_ea646e585cc24088,blur_s1.0,imagen3,imagen3,1,0.2184056043624878,data\cache\clean\test\imagen3_ea646e585cc24088\blur_s1.0.jpg
imagen3_eaf94916ce926270,blur_s1.0,imagen3,imagen3,1,0.22927504777908325,data\cache\clean\test\imagen3_eaf94916ce926270\blur_s1.0.jpg
imagen3_f69a20bda8f47fea,blur_s1.0,imagen3,imagen3,1,0.11384277790784836,data\cache\clean\test\imagen3_f69a20bda8f47fea\blur_s1.0.jpg
imagen3_fa8535259782583b,blur_s1.0,imagen3,imagen3,1,0.3457070589065552,data\cache\clean\test\imagen3_fa8535259782583b\blur_s1.0.jpg
imagen3_fd568a2839353a92,blur_s1.0,imagen3,imagen3,1,0.39749419689178467,data\cache\clean\test\imagen3_fd568a2839353a92\blur_s1.0.jpg
imagen3_fe7048efd51b15b8,blur_s1.0,imagen3,imagen3,1,0.08170229196548462,data\cache\clean\test\imagen3_fe7048efd51b15b8\blur_s1.0.jpg
imagen3_Imagen3_1208,blur_s1.0,imagen3,imagen3,1,0.060319654643535614,data\cache\clean\test\imagen3_Imagen3_1208\blur_s1.0.jpg
imagen3_Imagen3_2889,blur_s1.0,imagen3,imagen3,1,0.2744467258453369,data\cache\clean\test\imagen3_Imagen3_2889\blur_s1.0.jpg
imagen3_Imagen3_3004,blur_s1.0,imagen3,imagen3,1,0.4641444981098175,data\cache\clean\test\imagen3_Imagen3_3004\blur_s1.0.jpg
imagen3_Imagen3_3235,blur_s1.0,imagen3,imagen3,1,0.4223650395870209,data\cache\clean\test\imagen3_Imagen3_3235\blur_s1.0.jpg
imagen3_Imagen3_3556,blur_s1.0,imagen3,imagen3,1,0.10788432508707047,data\cache\clean\test\imagen3_Imagen3_3556\blur_s1.0.jpg
sidset_full_synthetic_017359,blur_s1.0,sidset,full_synthetic,1,0.25552475452423096,data\cache\clean\test\sidset_full_synthetic_017359\blur_s1.0.jpg
sidset_full_synthetic_031321,blur_s1.0,sidset,full_synthetic,1,0.42766475677490234,data\cache\clean\test\sidset_full_synthetic_031321\blur_s1.0.jpg
sidset_full_synthetic_033528,blur_s1.0,sidset,full_synthetic,1,0.4897880554199219,data\cache\clean\test\sidset_full_synthetic_033528\blur_s1.0.jpg
sidset_full_synthetic_048809,blur_s1.0,sidset,full_synthetic,1,0.2769678831100464,data\cache\clean\test\sidset_full_synthetic_048809\blur_s1.0.jpg
sidset_full_synthetic_060524,blur_s1.0,sidset,full_synthetic,1,0.07263240218162537,data\cache\clean\test\sidset_full_synthetic_060524\blur_s1.0.jpg
sidset_full_synthetic_062086,blur_s1.0,sidset,full_synthetic,1,0.08326435089111328,data\cache\clean\test\sidset_full_synthetic_062086\blur_s1.0.jpg
sidset_full_synthetic_063062,blur_s1.0,sidset,full_synthetic,1,0.35653796792030334,data\cache\clean\test\sidset_full_synthetic_063062\blur_s1.0.jpg
sidset_full_synthetic_068023,blur_s1.0,sidset,full_synthetic,1,0.46602416038513184,data\cache\clean\test\sidset_full_synthetic_068023\blur_s1.0.jpg
stylegan_xl_0097a2e24789bc7a,blur_s1.0,stylegan_xl,stylegan_xl,1,0.10285793989896774,data\cache\clean\test\stylegan_xl_0097a2e24789bc7a\blur_s1.0.jpg
stylegan_xl_00a4591cf03df584,blur_s1.0,stylegan_xl,stylegan_xl,1,0.00965629331767559,data\cache\clean\test\stylegan_xl_00a4591cf03df584\blur_s1.0.jpg
stylegan_xl_031391f1ab18ab62,blur_s1.0,stylegan_xl,stylegan_xl,1,0.31355980038642883,data\cache\clean\test\stylegan_xl_031391f1ab18ab62\blur_s1.0.jpg
stylegan_xl_0a4244f8a9185bad,blur_s1.0,stylegan_xl,stylegan_xl,1,0.29869645833969116,data\cache\clean\test\stylegan_xl_0a4244f8a9185bad\blur_s1.0.jpg
stylegan_xl_0f7efa4c31bcd8f4,blur_s1.0,stylegan_xl,stylegan_xl,1,0.016824772581458092,data\cache\clean\test\stylegan_xl_0f7efa4c31bcd8f4\blur_s1.0.jpg
stylegan_xl_1060d58257bc5130,blur_s1.0,stylegan_xl,stylegan_xl,1,0.06304369866847992,data\cache\clean\test\stylegan_xl_1060d58257bc5130\blur_s1.0.jpg
stylegan_xl_1440252ff76f525f,blur_s1.0,stylegan_xl,stylegan_xl,1,0.2806521952152252,data\cache\clean\test\stylegan_xl_1440252ff76f525f\blur_s1.0.jpg
stylegan_xl_17f8bf0ef8d2f478,blur_s1.0,stylegan_xl,stylegan_xl,1,0.11177857220172882,data\cache\clean\test\stylegan_xl_17f8bf0ef8d2f478\blur_s1.0.jpg
stylegan_xl_2013fe0d44f84041,blur_s1.0,stylegan_xl,stylegan_xl,1,0.03181074559688568,data\cache\clean\test\stylegan_xl_2013fe0d44f84041\blur_s1.0.jpg
stylegan_xl_324e332686aa6966,blur_s1.0,stylegan_xl,stylegan_xl,1,0.18134090304374695,data\cache\clean\test\stylegan_xl_324e332686aa6966\blur_s1.0.jpg
stylegan_xl_3621cf0be1fc8d68,blur_s1.0,stylegan_xl,stylegan_xl,1,0.06739615648984909,data\cache\clean\test\stylegan_xl_3621cf0be1fc8d68\blur_s1.0.jpg
stylegan_xl_38c489e3b0d8c700,blur_s1.0,stylegan_xl,stylegan_xl,1,0.3214733600616455,data\cache\clean\test\stylegan_xl_38c489e3b0d8c700\blur_s1.0.jpg
stylegan_xl_3b5e18f8fc06450d,blur_s1.0,stylegan_xl,stylegan_xl,1,0.0389501191675663,data\cache\clean\test\stylegan_xl_3b5e18f8fc06450d\blur_s1.0.jpg
stylegan_xl_43847,blur_s1.0,stylegan_xl,stylegan_xl,1,0.058947280049324036,data\cache\clean\test\stylegan_xl_43847\blur_s1.0.jpg
stylegan_xl_44451,blur_s1.0,stylegan_xl,stylegan_xl,1,0.1567312330007553,data\cache\clean\test\stylegan_xl_44451\blur_s1.0.jpg
stylegan_xl_45602,blur_s1.0,stylegan_xl,stylegan_xl,1,0.13944010436534882,data\cache\clean\test\stylegan_xl_45602\blur_s1.0.jpg
stylegan_xl_48611,blur_s1.0,stylegan_xl,stylegan_xl,1,0.23956447839736938,data\cache\clean\test\stylegan_xl_48611\blur_s1.0.jpg
stylegan_xl_49074,blur_s1.0,stylegan_xl,stylegan_xl,1,0.419650137424469,data\cache\clean\test\stylegan_xl_49074\blur_s1.0.jpg
stylegan_xl_49539,blur_s1.0,stylegan_xl,stylegan_xl,1,0.3732421100139618,data\cache\clean\test\stylegan_xl_49539\blur_s1.0.jpg
stylegan_xl_4f991f9638e28675,blur_s1.0,stylegan_xl,stylegan_xl,1,0.12436824291944504,data\cache\clean\test\stylegan_xl_4f991f9638e28675\blur_s1.0.jpg
stylegan_xl_53271,blur_s1.0,stylegan_xl,stylegan_xl,1,0.36443132162094116,data\cache\clean\test\stylegan_xl_53271\blur_s1.0.jpg
stylegan_xl_60ed9d3511d333bf,blur_s1.0,stylegan_xl,stylegan_xl,1,0.23682765662670135,data\cache\clean\test\stylegan_xl_60ed9d3511d333bf\blur_s1.0.jpg
stylegan_xl_65bb283a1280639e,blur_s1.0,stylegan_xl,stylegan_xl,1,0.10936594009399414,data\cache\clean\test\stylegan_xl_65bb283a1280639e\blur_s1.0.jpg
stylegan_xl_729fee52c5b7f95b,blur_s1.0,stylegan_xl,stylegan_xl,1,0.1742291897535324,data\cache\clean\test\stylegan_xl_729fee52c5b7f95b\blur_s1.0.jpg
stylegan_xl_7a863857aa371fb7,blur_s1.0,stylegan_xl,stylegan_xl,1,0.44422319531440735,data\cache\clean\test\stylegan_xl_7a863857aa371fb7\blur_s1.0.jpg
stylegan_xl_7d433e90bcd7bd53,blur_s1.0,stylegan_xl,stylegan_xl,1,0.06563498079776764,data\cache\clean\test\stylegan_xl_7d433e90bcd7bd53\blur_s1.0.jpg
stylegan_xl_7ffebe6032f8209f,blur_s1.0,stylegan_xl,stylegan_xl,1,0.08989278227090836,data\cache\clean\test\stylegan_xl_7ffebe6032f8209f\blur_s1.0.jpg
stylegan_xl_80fc8be6e7c11eb3,blur_s1.0,stylegan_xl,stylegan_xl,1,0.030610546469688416,data\cache\clean\test\stylegan_xl_80fc8be6e7c11eb3\blur_s1.0.jpg
stylegan_xl_8461b1ae87c22c20,blur_s1.0,stylegan_xl,stylegan_xl,1,0.48676028847694397,data\cache\clean\test\stylegan_xl_8461b1ae87c22c20\blur_s1.0.jpg
stylegan_xl_8f9dfd75dde8914f,blur_s1.0,stylegan_xl,stylegan_xl,1,0.009449112229049206,data\cache\clean\test\stylegan_xl_8f9dfd75dde8914f\blur_s1.0.jpg
stylegan_xl_91fb9195a35b7711,blur_s1.0,stylegan_xl,stylegan_xl,1,0.37110885977745056,data\cache\clean\test\stylegan_xl_91fb9195a35b7711\blur_s1.0.jpg
stylegan_xl_a1ed16fffc5ecb68,blur_s1.0,stylegan_xl,stylegan_xl,1,0.05128258839249611,data\cache\clean\test\stylegan_xl_a1ed16fffc5ecb68\blur_s1.0.jpg
stylegan_xl_a72f3ace10a8f550,blur_s1.0,stylegan_xl,stylegan_xl,1,0.021860601380467415,data\cache\clean\test\stylegan_xl_a72f3ace10a8f550\blur_s1.0.jpg
stylegan_xl_ae09b95535340878,blur_s1.0,stylegan_xl,stylegan_xl,1,0.18163180351257324,data\cache\clean\test\stylegan_xl_ae09b95535340878\blur_s1.0.jpg
stylegan_xl_b6abe358484b287a,blur_s1.0,stylegan_xl,stylegan_xl,1,0.15444588661193848,data\cache\clean\test\stylegan_xl_b6abe358484b287a\blur_s1.0.jpg
stylegan_xl_c9421141bcf3a15a,blur_s1.0,stylegan_xl,stylegan_xl,1,0.2513881325721741,data\cache\clean\test\stylegan_xl_c9421141bcf3a15a\blur_s1.0.jpg
stylegan_xl_cf9c332a1ebfb587,blur_s1.0,stylegan_xl,stylegan_xl,1,0.33552852272987366,data\cache\clean\test\stylegan_xl_cf9c332a1ebfb587\blur_s1.0.jpg
stylegan_xl_d686a15f05d09472,blur_s1.0,stylegan_xl,stylegan_xl,1,0.2603836953639984,data\cache\clean\test\stylegan_xl_d686a15f05d09472\blur_s1.0.jpg
stylegan_xl_e4b8e7ef72cabaf2,blur_s1.0,stylegan_xl,stylegan_xl,1,0.013943871483206749,data\cache\clean\test\stylegan_xl_e4b8e7ef72cabaf2\blur_s1.0.jpg
stylegan_xl_f2ea3473d8b1a62f,blur_s1.0,stylegan_xl,stylegan_xl,1,0.11227796226739883,data\cache\clean\test\stylegan_xl_f2ea3473d8b1a62f\blur_s1.0.jpg
stylegan_xl_f4a503e24265a7e1,blur_s1.0,stylegan_xl,stylegan_xl,1,0.3403777480125427,data\cache\clean\test\stylegan_xl_f4a503e24265a7e1\blur_s1.0.jpg
stylegan_xl_fef6a66b8deaa7ab,blur_s1.0,stylegan_xl,stylegan_xl,1,0.008196135051548481,data\cache\clean\test\stylegan_xl_fef6a66b8deaa7ab\blur_s1.0.jpg
cifake_2286 (2),blur_s2.0,cifake,stable_diffusion,1,0.2024160772562027,data\cache\clean\test\cifake_2286 (2)\blur_s2.0.jpg
cifake_3053 (4),blur_s2.0,cifake,stable_diffusion,1,0.4726219177246094,data\cache\clean\test\cifake_3053 (4)\blur_s2.0.jpg
cifake_3582 (9),blur_s2.0,cifake,stable_diffusion,1,0.3146827816963196,data\cache\clean\test\cifake_3582 (9)\blur_s2.0.jpg
cifake_4221 (2),blur_s2.0,cifake,stable_diffusion,1,0.4115068316459656,data\cache\clean\test\cifake_4221 (2)\blur_s2.0.jpg
cifake_4443,blur_s2.0,cifake,stable_diffusion,1,0.15501558780670166,data\cache\clean\test\cifake_4443\blur_s2.0.jpg
cifake_4606,blur_s2.0,cifake,stable_diffusion,1,0.3449656665325165,data\cache\clean\test\cifake_4606\blur_s2.0.jpg
cifake_4615 (3),blur_s2.0,cifake,stable_diffusion,1,0.14242926239967346,data\cache\clean\test\cifake_4615 (3)\blur_s2.0.jpg
cifake_5221 (3),blur_s2.0,cifake,stable_diffusion,1,0.19616536796092987,data\cache\clean\test\cifake_5221 (3)\blur_s2.0.jpg
cifake_5607,blur_s2.0,cifake,stable_diffusion,1,0.36605992913246155,data\cache\clean\test\cifake_5607\blur_s2.0.jpg
cifake_5607 (3),blur_s2.0,cifake,stable_diffusion,1,0.04950260743498802,data\cache\clean\test\cifake_5607 (3)\blur_s2.0.jpg
cifake_5845 (9),blur_s2.0,cifake,stable_diffusion,1,0.22063608467578888,data\cache\clean\test\cifake_5845 (9)\blur_s2.0.jpg
cifake_75,blur_s2.0,cifake,stable_diffusion,1,0.30117660760879517,data\cache\clean\test\cifake_75\blur_s2.0.jpg
cifake_954 (9),blur_s2.0,cifake,stable_diffusion,1,0.08788228780031204,data\cache\clean\test\cifake_954 (9)\blur_s2.0.jpg
dalle_10374,blur_s2.0,dalle,dalle,1,0.4672188460826874,data\cache\clean\test\dalle_10374\blur_s2.0.jpg
dalle_10420,blur_s2.0,dalle,dalle,1,0.0830886960029602,data\cache\clean\test\dalle_10420\blur_s2.0.jpg
dalle_17768,blur_s2.0,dalle,dalle,1,0.20583532750606537,data\cache\clean\test\dalle_17768\blur_s2.0.jpg
dalle_19157,blur_s2.0,dalle,dalle,1,0.08584894239902496,data\cache\clean\test\dalle_19157\blur_s2.0.jpg
dalle_19590,blur_s2.0,dalle,dalle,1,0.4084323048591614,data\cache\clean\test\dalle_19590\blur_s2.0.jpg
dalle_20080,blur_s2.0,dalle,dalle,1,0.09996097534894943,data\cache\clean\test\dalle_20080\blur_s2.0.jpg
dalle_2273,blur_s2.0,dalle,dalle,1,0.4064657688140869,data\cache\clean\test\dalle_2273\blur_s2.0.jpg
dalle_24299,blur_s2.0,dalle,dalle,1,0.17698140442371368,data\cache\clean\test\dalle_24299\blur_s2.0.jpg
dalle_27029,blur_s2.0,dalle,dalle,1,0.37985703349113464,data\cache\clean\test\dalle_27029\blur_s2.0.jpg
dalle_28652,blur_s2.0,dalle,dalle,1,0.44415178894996643,data\cache\clean\test\dalle_28652\blur_s2.0.jpg
dalle_3469,blur_s2.0,dalle,dalle,1,0.43778130412101746,data\cache\clean\test\dalle_3469\blur_s2.0.jpg
dalle_35493,blur_s2.0,dalle,dalle,1,0.41201332211494446,data\cache\clean\test\dalle_35493\blur_s2.0.jpg
dalle_36430,blur_s2.0,dalle,dalle,1,0.4358011782169342,data\cache\clean\test\dalle_36430\blur_s2.0.jpg
dalle_3c589aa7fd4a6705f1fd7918daf4ffb9,blur_s2.0,dalle,dalle,1,0.44276565313339233,data\cache\clean\test\dalle_3c589aa7fd4a6705f1fd7918daf4ffb9\blur_s2.0.jpg
dalle_40387,blur_s2.0,dalle,dalle,1,0.14964255690574646,data\cache\clean\test\dalle_40387\blur_s2.0.jpg
dalle_41791,blur_s2.0,dalle,dalle,1,0.03368064761161804,data\cache\clean\test\dalle_41791\blur_s2.0.jpg
dalle_41855,blur_s2.0,dalle,dalle,1,0.3001919686794281,data\cache\clean\test\dalle_41855\blur_s2.0.jpg
dalle_6f0f61883f111368d770c54801f33449,blur_s2.0,dalle,dalle,1,0.11324140429496765,data\cache\clean\test\dalle_6f0f61883f111368d770c54801f33449\blur_s2.0.jpg
dalle_8017,blur_s2.0,dalle,dalle,1,0.0371161587536335,data\cache\clean\test\dalle_8017\blur_s2.0.jpg
dalle_8688,blur_s2.0,dalle,dalle,1,0.3550145626068115,data\cache\clean\test\dalle_8688\blur_s2.0.jpg
dalle_9068,blur_s2.0,dalle,dalle,1,0.1228303611278534,data\cache\clean\test\dalle_9068\blur_s2.0.jpg
dalle_fcb663a4c7f01f5a548e4c1088d00a91,blur_s2.0,dalle,dalle,1,0.4240361154079437,data\cache\clean\test\dalle_fcb663a4c7f01f5a548e4c1088d00a91\blur_s2.0.jpg
gigagan_01605,blur_s2.0,gigagan,gigagan,1,0.4412926435470581,data\cache\clean\test\gigagan_01605\blur_s2.0.jpg
gigagan_05738,blur_s2.0,gigagan,gigagan,1,0.42307859659194946,data\cache\clean\test\gigagan_05738\blur_s2.0.jpg
gigagan_06526,blur_s2.0,gigagan,gigagan,1,0.3187224566936493,data\cache\clean\test\gigagan_06526\blur_s2.0.jpg
gigagan_07350,blur_s2.0,gigagan,gigagan,1,0.41866204142570496,data\cache\clean\test\gigagan_07350\blur_s2.0.jpg
gigagan_09026,blur_s2.0,gigagan,gigagan,1,0.1690712571144104,data\cache\clean\test\gigagan_09026\blur_s2.0.jpg
gigagan_09302,blur_s2.0,gigagan,gigagan,1,0.27179861068725586,data\cache\clean\test\gigagan_09302\blur_s2.0.jpg
gigagan_10282,blur_s2.0,gigagan,gigagan,1,0.4839344620704651,data\cache\clean\test\gigagan_10282\blur_s2.0.jpg
gigagan_10769,blur_s2.0,gigagan,gigagan,1,0.0664653405547142,data\cache\clean\test\gigagan_10769\blur_s2.0.jpg
gigagan_10914,blur_s2.0,gigagan,gigagan,1,0.03744618594646454,data\cache\clean\test\gigagan_10914\blur_s2.0.jpg
gigagan_12083,blur_s2.0,gigagan,gigagan,1,0.4422033429145813,data\cache\clean\test\gigagan_12083\blur_s2.0.jpg
gigagan_12489,blur_s2.0,gigagan,gigagan,1,0.4708732068538666,data\cache\clean\test\gigagan_12489\blur_s2.0.jpg
gigagan_14071,blur_s2.0,gigagan,gigagan,1,0.37745070457458496,data\cache\clean\test\gigagan_14071\blur_s2.0.jpg
gigagan_14138,blur_s2.0,gigagan,gigagan,1,0.4199454188346863,data\cache\clean\test\gigagan_14138\blur_s2.0.jpg
gigagan_15454,blur_s2.0,gigagan,gigagan,1,0.0781562477350235,data\cache\clean\test\gigagan_15454\blur_s2.0.jpg
gigagan_15561,blur_s2.0,gigagan,gigagan,1,0.0612054318189621,data\cache\clean\test\gigagan_15561\blur_s2.0.jpg
gigagan_16231,blur_s2.0,gigagan,gigagan,1,0.4683856964111328,data\cache\clean\test\gigagan_16231\blur_s2.0.jpg
gigagan_17003,blur_s2.0,gigagan,gigagan,1,0.2413814514875412,data\cache\clean\test\gigagan_17003\blur_s2.0.jpg
gigagan_19199,blur_s2.0,gigagan,gigagan,1,0.2548389136791229,data\cache\clean\test\gigagan_19199\blur_s2.0.jpg
gigagan_20207,blur_s2.0,gigagan,gigagan,1,0.16492311656475067,data\cache\clean\test\gigagan_20207\blur_s2.0.jpg
gigagan_20327,blur_s2.0,gigagan,gigagan,1,0.3269299566745758,data\cache\clean\test\gigagan_20327\blur_s2.0.jpg
gigagan_20468,blur_s2.0,gigagan,gigagan,1,0.19433870911598206,data\cache\clean\test\gigagan_20468\blur_s2.0.jpg
gigagan_21185,blur_s2.0,gigagan,gigagan,1,0.2499224841594696,data\cache\clean\test\gigagan_21185\blur_s2.0.jpg
gigagan_21611,blur_s2.0,gigagan,gigagan,1,0.25019702315330505,data\cache\clean\test\gigagan_21611\blur_s2.0.jpg
gigagan_22418,blur_s2.0,gigagan,gigagan,1,0.11725746095180511,data\cache\clean\test\gigagan_22418\blur_s2.0.jpg
gigagan_23134,blur_s2.0,gigagan,gigagan,1,0.19186273217201233,data\cache\clean\test\gigagan_23134\blur_s2.0.jpg
gigagan_24679,blur_s2.0,gigagan,gigagan,1,0.1974097639322281,data\cache\clean\test\gigagan_24679\blur_s2.0.jpg
gigagan_24726,blur_s2.0,gigagan,gigagan,1,0.46518105268478394,data\cache\clean\test\gigagan_24726\blur_s2.0.jpg
gigagan_24933,blur_s2.0,gigagan,gigagan,1,0.31051498651504517,data\cache\clean\test\gigagan_24933\blur_s2.0.jpg
gigagan_25090,blur_s2.0,gigagan,gigagan,1,0.3465718626976013,data\cache\clean\test\gigagan_25090\blur_s2.0.jpg
gigagan_25801,blur_s2.0,gigagan,gigagan,1,0.3507993817329407,data\cache\clean\test\gigagan_25801\blur_s2.0.jpg
gigagan_26681,blur_s2.0,gigagan,gigagan,1,0.462812602519989,data\cache\clean\test\gigagan_26681\blur_s2.0.jpg
gigagan_28945,blur_s2.0,gigagan,gigagan,1,0.3914223313331604,data\cache\clean\test\gigagan_28945\blur_s2.0.jpg
gigagan_29717,blur_s2.0,gigagan,gigagan,1,0.3405788540840149,data\cache\clean\test\gigagan_29717\blur_s2.0.jpg
imagen3_045e6da6fd7f6fb0,blur_s2.0,imagen3,imagen3,1,0.3254801034927368,data\cache\clean\test\imagen3_045e6da6fd7f6fb0\blur_s2.0.jpg
imagen3_04e3097ac2f57647,blur_s2.0,imagen3,imagen3,1,0.285387247800827,data\cache\clean\test\imagen3_04e3097ac2f57647\blur_s2.0.jpg
imagen3_07747d6ffd056bee,blur_s2.0,imagen3,imagen3,1,0.3871136009693146,data\cache\clean\test\imagen3_07747d6ffd056bee\blur_s2.0.jpg
imagen3_13ed1f9391224848,blur_s2.0,imagen3,imagen3,1,0.15957461297512054,data\cache\clean\test\imagen3_13ed1f9391224848\blur_s2.0.jpg
imagen3_15906,blur_s2.0,imagen3,imagen3,1,0.16834506392478943,data\cache\clean\test\imagen3_15906\blur_s2.0.jpg
imagen3_17643da56f35c6f7,blur_s2.0,imagen3,imagen3,1,0.018556583672761917,data\cache\clean\test\imagen3_17643da56f35c6f7\blur_s2.0.jpg
imagen3_17919c9ffd792ad9,blur_s2.0,imagen3,imagen3,1,0.25231221318244934,data\cache\clean\test\imagen3_17919c9ffd792ad9\blur_s2.0.jpg
imagen3_1fe9a0379cffa709,blur_s2.0,imagen3,imagen3,1,0.1425822377204895,data\cache\clean\test\imagen3_1fe9a0379cffa709\blur_s2.0.jpg
imagen3_24e64d19ddde11cb,blur_s2.0,imagen3,imagen3,1,0.010517953895032406,data\cache\clean\test\imagen3_24e64d19ddde11cb\blur_s2.0.jpg
imagen3_260ae6b06f1f50e2,blur_s2.0,imagen3,imagen3,1,0.005642708390951157,data\cache\clean\test\imagen3_260ae6b06f1f50e2\blur_s2.0.jpg
imagen3_28696176504334fe,blur_s2.0,imagen3,imagen3,1,0.49846431612968445,data\cache\clean\test\imagen3_28696176504334fe\blur_s2.0.jpg
imagen3_2be4510162a8a76e,blur_s2.0,imagen3,imagen3,1,0.02834896743297577,data\cache\clean\test\imagen3_2be4510162a8a76e\blur_s2.0.jpg
imagen3_3403b18fc93acbfc,blur_s2.0,imagen3,imagen3,1,0.06057131662964821,data\cache\clean\test\imagen3_3403b18fc93acbfc\blur_s2.0.jpg
imagen3_43058,blur_s2.0,imagen3,imagen3,1,0.07287151366472244,data\cache\clean\test\imagen3_43058\blur_s2.0.jpg
imagen3_44015,blur_s2.0,imagen3,imagen3,1,0.36846014857292175,data\cache\clean\test\imagen3_44015\blur_s2.0.jpg
imagen3_44075,blur_s2.0,imagen3,imagen3,1,0.3099699914455414,data\cache\clean\test\imagen3_44075\blur_s2.0.jpg
imagen3_44476,blur_s2.0,imagen3,imagen3,1,0.3201311230659485,data\cache\clean\test\imagen3_44476\blur_s2.0.jpg
imagen3_46922,blur_s2.0,imagen3,imagen3,1,0.20066887140274048,data\cache\clean\test\imagen3_46922\blur_s2.0.jpg
imagen3_473ffc5e3d5dc373,blur_s2.0,imagen3,imagen3,1,0.15904192626476288,data\cache\clean\test\imagen3_473ffc5e3d5dc373\blur_s2.0.jpg
imagen3_519f5c348fe55fcd,blur_s2.0,imagen3,imagen3,1,0.06001709774136543,data\cache\clean\test\imagen3_519f5c348fe55fcd\blur_s2.0.jpg
imagen3_52520,blur_s2.0,imagen3,imagen3,1,0.33869755268096924,data\cache\clean\test\imagen3_52520\blur_s2.0.jpg
imagen3_53132,blur_s2.0,imagen3,imagen3,1,0.2838071882724762,data\cache\clean\test\imagen3_53132\blur_s2.0.jpg
imagen3_560ead164dab63a5,blur_s2.0,imagen3,imagen3,1,0.26988130807876587,data\cache\clean\test\imagen3_560ead164dab63a5\blur_s2.0.jpg
imagen3_5a7405b5ead307fb,blur_s2.0,imagen3,imagen3,1,0.24117304384708405,data\cache\clean\test\imagen3_5a7405b5ead307fb\blur_s2.0.jpg
imagen3_5e95809bd47d157b,blur_s2.0,imagen3,imagen3,1,0.4426352083683014,data\cache\clean\test\imagen3_5e95809bd47d157b\blur_s2.0.jpg
imagen3_69467160e53f71bc,blur_s2.0,imagen3,imagen3,1,0.27998781204223633,data\cache\clean\test\imagen3_69467160e53f71bc\blur_s2.0.jpg
imagen3_6a8270ea182a9194,blur_s2.0,imagen3,imagen3,1,0.039082542061805725,data\cache\clean\test\imagen3_6a8270ea182a9194\blur_s2.0.jpg
imagen3_6c7624322b04ce43,blur_s2.0,imagen3,imagen3,1,0.07234877347946167,data\cache\clean\test\imagen3_6c7624322b04ce43\blur_s2.0.jpg
imagen3_77fb2d4f372634f8,blur_s2.0,imagen3,imagen3,1,0.03312106058001518,data\cache\clean\test\imagen3_77fb2d4f372634f8\blur_s2.0.jpg
imagen3_7e3e1e738f642f1a,blur_s2.0,imagen3,imagen3,1,0.2693231701850891,data\cache\clean\test\imagen3_7e3e1e738f642f1a\blur_s2.0.jpg
imagen3_7ee1485909c59826,blur_s2.0,imagen3,imagen3,1,0.3946133255958557,data\cache\clean\test\imagen3_7ee1485909c59826\blur_s2.0.jpg
imagen3_8b13dc3bff918841,blur_s2.0,imagen3,imagen3,1,0.09902338683605194,data\cache\clean\test\imagen3_8b13dc3bff918841\blur_s2.0.jpg
imagen3_8e6f8acd28fd8f35,blur_s2.0,imagen3,imagen3,1,0.24461567401885986,data\cache\clean\test\imagen3_8e6f8acd28fd8f35\blur_s2.0.jpg
imagen3_9e82651e214a25c8,blur_s2.0,imagen3,imagen3,1,0.23851557075977325,data\cache\clean\test\imagen3_9e82651e214a25c8\blur_s2.0.jpg
imagen3_a1b5be9a5f0d1f7a,blur_s2.0,imagen3,imagen3,1,0.13877540826797485,data\cache\clean\test\imagen3_a1b5be9a5f0d1f7a\blur_s2.0.jpg
imagen3_a90890e19b242beb,blur_s2.0,imagen3,imagen3,1,0.41159483790397644,data\cache\clean\test\imagen3_a90890e19b242beb\blur_s2.0.jpg
imagen3_aa13646e437b7afa,blur_s2.0,imagen3,imagen3,1,0.3135639727115631,data\cache\clean\test\imagen3_aa13646e437b7afa\blur_s2.0.jpg
imagen3_ad860df8c2a1a848,blur_s2.0,imagen3,imagen3,1,0.04672914370894432,data\cache\clean\test\imagen3_ad860df8c2a1a848\blur_s2.0.jpg
imagen3_b69c9976ced306d1,blur_s2.0,imagen3,imagen3,1,0.2879401445388794,data\cache\clean\test\imagen3_b69c9976ced306d1\blur_s2.0.jpg
imagen3_ca44bb7db1e73a9a,blur_s2.0,imagen3,imagen3,1,0.12047775834798813,data\cache\clean\test\imagen3_ca44bb7db1e73a9a\blur_s2.0.jpg
imagen3_d326e7c87fb1d966,blur_s2.0,imagen3,imagen3,1,0.1750192791223526,data\cache\clean\test\imagen3_d326e7c87fb1d966\blur_s2.0.jpg
imagen3_e63f3b6f8bdee43a,blur_s2.0,imagen3,imagen3,1,0.003754033474251628,data\cache\clean\test\imagen3_e63f3b6f8bdee43a\blur_s2.0.jpg
imagen3_ea646e585cc24088,blur_s2.0,imagen3,imagen3,1,0.21924948692321777,data\cache\clean\test\imagen3_ea646e585cc24088\blur_s2.0.jpg
imagen3_eaf94916ce926270,blur_s2.0,imagen3,imagen3,1,0.2693897783756256,data\cache\clean\test\imagen3_eaf94916ce926270\blur_s2.0.jpg
imagen3_f69a20bda8f47fea,blur_s2.0,imagen3,imagen3,1,0.0742340013384819,data\cache\clean\test\imagen3_f69a20bda8f47fea\blur_s2.0.jpg
imagen3_fa8535259782583b,blur_s2.0,imagen3,imagen3,1,0.37786993384361267,data\cache\clean\test\imagen3_fa8535259782583b\blur_s2.0.jpg
imagen3_fd568a2839353a92,blur_s2.0,imagen3,imagen3,1,0.3172307014465332,data\cache\clean\test\imagen3_fd568a2839353a92\blur_s2.0.jpg
imagen3_fe7048efd51b15b8,blur_s2.0,imagen3,imagen3,1,0.16155503690242767,data\cache\clean\test\imagen3_fe7048efd51b15b8\blur_s2.0.jpg
imagen3_Imagen3_1208,blur_s2.0,imagen3,imagen3,1,0.044846318662166595,data\cache\clean\test\imagen3_Imagen3_1208\blur_s2.0.jpg
imagen3_Imagen3_2877,blur_s2.0,imagen3,imagen3,1,0.32683342695236206,data\cache\clean\test\imagen3_Imagen3_2877\blur_s2.0.jpg
imagen3_Imagen3_2889,blur_s2.0,imagen3,imagen3,1,0.18596376478672028,data\cache\clean\test\imagen3_Imagen3_2889\blur_s2.0.jpg
imagen3_Imagen3_3235,blur_s2.0,imagen3,imagen3,1,0.1925327479839325,data\cache\clean\test\imagen3_Imagen3_3235\blur_s2.0.jpg
imagen3_Imagen3_3556,blur_s2.0,imagen3,imagen3,1,0.20920586585998535,data\cache\clean\test\imagen3_Imagen3_3556\blur_s2.0.jpg
sidset_full_synthetic_017359,blur_s2.0,sidset,full_synthetic,1,0.3023841381072998,data\cache\clean\test\sidset_full_synthetic_017359\blur_s2.0.jpg
sidset_full_synthetic_031321,blur_s2.0,sidset,full_synthetic,1,0.3286774158477783,data\cache\clean\test\sidset_full_synthetic_031321\blur_s2.0.jpg
sidset_full_synthetic_033528,blur_s2.0,sidset,full_synthetic,1,0.38093307614326477,data\cache\clean\test\sidset_full_synthetic_033528\blur_s2.0.jpg
sidset_full_synthetic_033729,blur_s2.0,sidset,full_synthetic,1,0.40515345335006714,data\cache\clean\test\sidset_full_synthetic_033729\blur_s2.0.jpg
sidset_full_synthetic_042089,blur_s2.0,sidset,full_synthetic,1,0.4396863877773285,data\cache\clean\test\sidset_full_synthetic_042089\blur_s2.0.jpg
sidset_full_synthetic_048809,blur_s2.0,sidset,full_synthetic,1,0.3658183217048645,data\cache\clean\test\sidset_full_synthetic_048809\blur_s2.0.jpg
sidset_full_synthetic_060524,blur_s2.0,sidset,full_synthetic,1,0.06325045228004456,data\cache\clean\test\sidset_full_synthetic_060524\blur_s2.0.jpg
sidset_full_synthetic_062086,blur_s2.0,sidset,full_synthetic,1,0.06831622868776321,data\cache\clean\test\sidset_full_synthetic_062086\blur_s2.0.jpg
sidset_full_synthetic_063062,blur_s2.0,sidset,full_synthetic,1,0.4121065139770508,data\cache\clean\test\sidset_full_synthetic_063062\blur_s2.0.jpg
sidset_full_synthetic_068023,blur_s2.0,sidset,full_synthetic,1,0.2792868912220001,data\cache\clean\test\sidset_full_synthetic_068023\blur_s2.0.jpg
stylegan_xl_0097a2e24789bc7a,blur_s2.0,stylegan_xl,stylegan_xl,1,0.06354603916406631,data\cache\clean\test\stylegan_xl_0097a2e24789bc7a\blur_s2.0.jpg
stylegan_xl_00a4591cf03df584,blur_s2.0,stylegan_xl,stylegan_xl,1,0.016687700524926186,data\cache\clean\test\stylegan_xl_00a4591cf03df584\blur_s2.0.jpg
stylegan_xl_031391f1ab18ab62,blur_s2.0,stylegan_xl,stylegan_xl,1,0.15761536359786987,data\cache\clean\test\stylegan_xl_031391f1ab18ab62\blur_s2.0.jpg
stylegan_xl_0a4244f8a9185bad,blur_s2.0,stylegan_xl,stylegan_xl,1,0.26649993658065796,data\cache\clean\test\stylegan_xl_0a4244f8a9185bad\blur_s2.0.jpg
stylegan_xl_0f7efa4c31bcd8f4,blur_s2.0,stylegan_xl,stylegan_xl,1,0.082857146859169,data\cache\clean\test\stylegan_xl_0f7efa4c31bcd8f4\blur_s2.0.jpg
stylegan_xl_1060d58257bc5130,blur_s2.0,stylegan_xl,stylegan_xl,1,0.08189859986305237,data\cache\clean\test\stylegan_xl_1060d58257bc5130\blur_s2.0.jpg
stylegan_xl_17f8bf0ef8d2f478,blur_s2.0,stylegan_xl,stylegan_xl,1,0.16163039207458496,data\cache\clean\test\stylegan_xl_17f8bf0ef8d2f478\blur_s2.0.jpg
stylegan_xl_2013fe0d44f84041,blur_s2.0,stylegan_xl,stylegan_xl,1,0.02979605831205845,data\cache\clean\test\stylegan_xl_2013fe0d44f84041\blur_s2.0.jpg
stylegan_xl_324e332686aa6966,blur_s2.0,stylegan_xl,stylegan_xl,1,0.1535053849220276,data\cache\clean\test\stylegan_xl_324e332686aa6966\blur_s2.0.jpg
stylegan_xl_3621cf0be1fc8d68,blur_s2.0,stylegan_xl,stylegan_xl,1,0.06263638287782669,data\cache\clean\test\stylegan_xl_3621cf0be1fc8d68\blur_s2.0.jpg
stylegan_xl_38c489e3b0d8c700,blur_s2.0,stylegan_xl,stylegan_xl,1,0.3258662819862366,data\cache\clean\test\stylegan_xl_38c489e3b0d8c700\blur_s2.0.jpg
stylegan_xl_3b5e18f8fc06450d,blur_s2.0,stylegan_xl,stylegan_xl,1,0.03275298327207565,data\cache\clean\test\stylegan_xl_3b5e18f8fc06450d\blur_s2.0.jpg
stylegan_xl_43847,blur_s2.0,stylegan_xl,stylegan_xl,1,0.4563623368740082,data\cache\clean\test\stylegan_xl_43847\blur_s2.0.jpg
stylegan_xl_44451,blur_s2.0,stylegan_xl,stylegan_xl,1,0.17020003497600555,data\cache\clean\test\stylegan_xl_44451\blur_s2.0.jpg
stylegan_xl_45602,blur_s2.0,stylegan_xl,stylegan_xl,1,0.227377250790596,data\cache\clean\test\stylegan_xl_45602\blur_s2.0.jpg
stylegan_xl_48611,blur_s2.0,stylegan_xl,stylegan_xl,1,0.311813086271286,data\cache\clean\test\stylegan_xl_48611\blur_s2.0.jpg
stylegan_xl_49539,blur_s2.0,stylegan_xl,stylegan_xl,1,0.34070464968681335,data\cache\clean\test\stylegan_xl_49539\blur_s2.0.jpg
stylegan_xl_49605,blur_s2.0,stylegan_xl,stylegan_xl,1,0.49985578656196594,data\cache\clean\test\stylegan_xl_49605\blur_s2.0.jpg
stylegan_xl_4f991f9638e28675,blur_s2.0,stylegan_xl,stylegan_xl,1,0.1277184784412384,data\cache\clean\test\stylegan_xl_4f991f9638e28675\blur_s2.0.jpg
stylegan_xl_60ed9d3511d333bf,blur_s2.0,stylegan_xl,stylegan_xl,1,0.2507335841655731,data\cache\clean\test\stylegan_xl_60ed9d3511d333bf\blur_s2.0.jpg
stylegan_xl_65bb283a1280639e,blur_s2.0,stylegan_xl,stylegan_xl,1,0.19519397616386414,data\cache\clean\test\stylegan_xl_65bb283a1280639e\blur_s2.0.jpg
stylegan_xl_729fee52c5b7f95b,blur_s2.0,stylegan_xl,stylegan_xl,1,0.1670493483543396,data\cache\clean\test\stylegan_xl_729fee52c5b7f95b\blur_s2.0.jpg
stylegan_xl_7a863857aa371fb7,blur_s2.0,stylegan_xl,stylegan_xl,1,0.3756035566329956,data\cache\clean\test\stylegan_xl_7a863857aa371fb7\blur_s2.0.jpg
stylegan_xl_7d433e90bcd7bd53,blur_s2.0,stylegan_xl,stylegan_xl,1,0.0419895313680172,data\cache\clean\test\stylegan_xl_7d433e90bcd7bd53\blur_s2.0.jpg
stylegan_xl_7ffebe6032f8209f,blur_s2.0,stylegan_xl,stylegan_xl,1,0.07098101079463959,data\cache\clean\test\stylegan_xl_7ffebe6032f8209f\blur_s2.0.jpg
stylegan_xl_80fc8be6e7c11eb3,blur_s2.0,stylegan_xl,stylegan_xl,1,0.020809732377529144,data\cache\clean\test\stylegan_xl_80fc8be6e7c11eb3\blur_s2.0.jpg
stylegan_xl_8461b1ae87c22c20,blur_s2.0,stylegan_xl,stylegan_xl,1,0.3899226784706116,data\cache\clean\test\stylegan_xl_8461b1ae87c22c20\blur_s2.0.jpg
stylegan_xl_8f9dfd75dde8914f,blur_s2.0,stylegan_xl,stylegan_xl,1,0.015494603663682938,data\cache\clean\test\stylegan_xl_8f9dfd75dde8914f\blur_s2.0.jpg
stylegan_xl_91fb9195a35b7711,blur_s2.0,stylegan_xl,stylegan_xl,1,0.33660244941711426,data\cache\clean\test\stylegan_xl_91fb9195a35b7711\blur_s2.0.jpg
stylegan_xl_a1ed16fffc5ecb68,blur_s2.0,stylegan_xl,stylegan_xl,1,0.1374591737985611,data\cache\clean\test\stylegan_xl_a1ed16fffc5ecb68\blur_s2.0.jpg
stylegan_xl_a72f3ace10a8f550,blur_s2.0,stylegan_xl,stylegan_xl,1,0.028234846889972687,data\cache\clean\test\stylegan_xl_a72f3ace10a8f550\blur_s2.0.jpg
stylegan_xl_ae09b95535340878,blur_s2.0,stylegan_xl,stylegan_xl,1,0.2437399923801422,data\cache\clean\test\stylegan_xl_ae09b95535340878\blur_s2.0.jpg
stylegan_xl_b6abe358484b287a,blur_s2.0,stylegan_xl,stylegan_xl,1,0.18528708815574646,data\cache\clean\test\stylegan_xl_b6abe358484b287a\blur_s2.0.jpg
stylegan_xl_c9421141bcf3a15a,blur_s2.0,stylegan_xl,stylegan_xl,1,0.252458781003952,data\cache\clean\test\stylegan_xl_c9421141bcf3a15a\blur_s2.0.jpg
stylegan_xl_cf9c332a1ebfb587,blur_s2.0,stylegan_xl,stylegan_xl,1,0.2925664782524109,data\cache\clean\test\stylegan_xl_cf9c332a1ebfb587\blur_s2.0.jpg
stylegan_xl_d686a15f05d09472,blur_s2.0,stylegan_xl,stylegan_xl,1,0.24678607285022736,data\cache\clean\test\stylegan_xl_d686a15f05d09472\blur_s2.0.jpg
stylegan_xl_d7c4ece8c8a01de0,blur_s2.0,stylegan_xl,stylegan_xl,1,0.3779338300228119,data\cache\clean\test\stylegan_xl_d7c4ece8c8a01de0\blur_s2.0.jpg
stylegan_xl_e4b8e7ef72cabaf2,blur_s2.0,stylegan_xl,stylegan_xl,1,0.024552231654524803,data\cache\clean\test\stylegan_xl_e4b8e7ef72cabaf2\blur_s2.0.jpg
stylegan_xl_f2ea3473d8b1a62f,blur_s2.0,stylegan_xl,stylegan_xl,1,0.1571533977985382,data\cache\clean\test\stylegan_xl_f2ea3473d8b1a62f\blur_s2.0.jpg
stylegan_xl_f4a503e24265a7e1,blur_s2.0,stylegan_xl,stylegan_xl,1,0.4890737235546112,data\cache\clean\test\stylegan_xl_f4a503e24265a7e1\blur_s2.0.jpg
stylegan_xl_fef6a66b8deaa7ab,blur_s2.0,stylegan_xl,stylegan_xl,1,0.0076113855466246605,data\cache\clean\test\stylegan_xl_fef6a66b8deaa7ab\blur_s2.0.jpg
cifake_1028 (10),color_down,cifake,stable_diffusion,1,0.4688784182071686,data\cache\clean\test\cifake_1028 (10)\color_down.jpg
cifake_1088 (3),color_down,cifake,stable_diffusion,1,0.2927014231681824,data\cache\clean\test\cifake_1088 (3)\color_down.jpg
cifake_1270 (7),color_down,cifake,stable_diffusion,1,0.25691285729408264,data\cache\clean\test\cifake_1270 (7)\color_down.jpg
cifake_1729 (4),color_down,cifake,stable_diffusion,1,0.4309806525707245,data\cache\clean\test\cifake_1729 (4)\color_down.jpg
cifake_2286 (2),color_down,cifake,stable_diffusion,1,0.05068254470825195,data\cache\clean\test\cifake_2286 (2)\color_down.jpg
cifake_28,color_down,cifake,stable_diffusion,1,0.4795195758342743,data\cache\clean\test\cifake_28\color_down.jpg
cifake_2831,color_down,cifake,stable_diffusion,1,0.24701938033103943,data\cache\clean\test\cifake_2831\color_down.jpg
cifake_2850 (3),color_down,cifake,stable_diffusion,1,0.373354434967041,data\cache\clean\test\cifake_2850 (3)\color_down.jpg
cifake_3053 (4),color_down,cifake,stable_diffusion,1,0.23812352120876312,data\cache\clean\test\cifake_3053 (4)\color_down.jpg
cifake_3395 (5),color_down,cifake,stable_diffusion,1,0.4605112671852112,data\cache\clean\test\cifake_3395 (5)\color_down.jpg
cifake_3582 (9),color_down,cifake,stable_diffusion,1,0.4901960790157318,data\cache\clean\test\cifake_3582 (9)\color_down.jpg
cifake_3672 (10),color_down,cifake,stable_diffusion,1,0.4405919313430786,data\cache\clean\test\cifake_3672 (10)\color_down.jpg
cifake_3702 (10),color_down,cifake,stable_diffusion,1,0.1313709318637848,data\cache\clean\test\cifake_3702 (10)\color_down.jpg
cifake_3750 (6),color_down,cifake,stable_diffusion,1,0.12488021701574326,data\cache\clean\test\cifake_3750 (6)\color_down.jpg
cifake_3971 (2),color_down,cifake,stable_diffusion,1,0.3287715017795563,data\cache\clean\test\cifake_3971 (2)\color_down.jpg
cifake_3975 (6),color_down,cifake,stable_diffusion,1,0.2199009656906128,data\cache\clean\test\cifake_3975 (6)\color_down.jpg
cifake_4127 (3),color_down,cifake,stable_diffusion,1,0.2920716404914856,data\cache\clean\test\cifake_4127 (3)\color_down.jpg
cifake_4221 (2),color_down,cifake,stable_diffusion,1,0.32375821471214294,data\cache\clean\test\cifake_4221 (2)\color_down.jpg
cifake_4443,color_down,cifake,stable_diffusion,1,0.12279169261455536,data\cache\clean\test\cifake_4443\color_down.jpg
cifake_4606,color_down,cifake,stable_diffusion,1,0.4010772705078125,data\cache\clean\test\cifake_4606\color_down.jpg
cifake_4615 (3),color_down,cifake,stable_diffusion,1,0.4214121401309967,data\cache\clean\test\cifake_4615 (3)\color_down.jpg
cifake_462 (2),color_down,cifake,stable_diffusion,1,0.30320408940315247,data\cache\clean\test\cifake_462 (2)\color_down.jpg
cifake_4826,color_down,cifake,stable_diffusion,1,0.3172023594379425,data\cache\clean\test\cifake_4826\color_down.jpg
cifake_4827 (7),color_down,cifake,stable_diffusion,1,0.22865356504917145,data\cache\clean\test\cifake_4827 (7)\color_down.jpg
cifake_5221 (3),color_down,cifake,stable_diffusion,1,0.44651344418525696,data\cache\clean\test\cifake_5221 (3)\color_down.jpg
cifake_5511 (9),color_down,cifake,stable_diffusion,1,0.4867286682128906,data\cache\clean\test\cifake_5511 (9)\color_down.jpg
cifake_5607,color_down,cifake,stable_diffusion,1,0.4461209177970886,data\cache\clean\test\cifake_5607\color_down.jpg
cifake_5607 (3),color_down,cifake,stable_diffusion,1,0.23408420383930206,data\cache\clean\test\cifake_5607 (3)\color_down.jpg
cifake_5828 (4),color_down,cifake,stable_diffusion,1,0.41706037521362305,data\cache\clean\test\cifake_5828 (4)\color_down.jpg
cifake_5831,color_down,cifake,stable_diffusion,1,0.38544753193855286,data\cache\clean\test\cifake_5831\color_down.jpg
cifake_5845 (9),color_down,cifake,stable_diffusion,1,0.39591121673583984,data\cache\clean\test\cifake_5845 (9)\color_down.jpg
cifake_75,color_down,cifake,stable_diffusion,1,0.17884869873523712,data\cache\clean\test\cifake_75\color_down.jpg
cifake_791 (6),color_down,cifake,stable_diffusion,1,0.49448642134666443,data\cache\clean\test\cifake_791 (6)\color_down.jpg
cifake_954 (9),color_down,cifake,stable_diffusion,1,0.23286567628383636,data\cache\clean\test\cifake_954 (9)\color_down.jpg
dalle_10420,color_down,dalle,dalle,1,0.27713194489479065,data\cache\clean\test\dalle_10420\color_down.jpg
dalle_19157,color_down,dalle,dalle,1,0.305549681186676,data\cache\clean\test\dalle_19157\color_down.jpg
dalle_20080,color_down,dalle,dalle,1,0.09061296284198761,data\cache\clean\test\dalle_20080\color_down.jpg
dalle_24599,color_down,dalle,dalle,1,0.431461364030838,data\cache\clean\test\dalle_24599\color_down.jpg
dalle_27029,color_down,dalle,dalle,1,0.45313146710395813,data\cache\clean\test\dalle_27029\color_down.jpg
dalle_40387,color_down,dalle,dalle,1,0.23228107392787933,data\cache\clean\test\dalle_40387\color_down.jpg
dalle_41791,color_down,dalle,dalle,1,0.04473657160997391,data\cache\clean\test\dalle_41791\color_down.jpg
dalle_6f0f61883f111368d770c54801f33449,color_down,dalle,dalle,1,0.08400034159421921,data\cache\clean\test\dalle_6f0f61883f111368d770c54801f33449\color_down.jpg
gigagan_01605,color_down,gigagan,gigagan,1,0.491426557302475,data\cache\clean\test\gigagan_01605\color_down.jpg
gigagan_05738,color_down,gigagan,gigagan,1,0.4673401415348053,data\cache\clean\test\gigagan_05738\color_down.jpg
gigagan_07350,color_down,gigagan,gigagan,1,0.16850066184997559,data\cache\clean\test\gigagan_07350\color_down.jpg
gigagan_09026,color_down,gigagan,gigagan,1,0.48465731739997864,data\cache\clean\test\gigagan_09026\color_down.jpg
gigagan_10024,color_down,gigagan,gigagan,1,0.4957290589809418,data\cache\clean\test\gigagan_10024\color_down.jpg
gigagan_10914,color_down,gigagan,gigagan,1,0.08357258886098862,data\cache\clean\test\gigagan_10914\color_down.jpg
gigagan_14071,color_down,gigagan,gigagan,1,0.32729601860046387,data\cache\clean\test\gigagan_14071\color_down.jpg
gigagan_14138,color_down,gigagan,gigagan,1,0.24481335282325745,data\cache\clean\test\gigagan_14138\color_down.jpg
gigagan_15454,color_down,gigagan,gigagan,1,0.48494625091552734,data\cache\clean\test\gigagan_15454\color_down.jpg
gigagan_15561,color_down,gigagan,gigagan,1,0.08546284586191177,data\cache\clean\test\gigagan_15561\color_down.jpg
gigagan_19196,color_down,gigagan,gigagan,1,0.19037260115146637,data\cache\clean\test\gigagan_19196\color_down.jpg
gigagan_20207,color_down,gigagan,gigagan,1,0.1290387511253357,data\cache\clean\test\gigagan_20207\color_down.jpg
gigagan_20327,color_down,gigagan,gigagan,1,0.3793731927871704,data\cache\clean\test\gigagan_20327\color_down.jpg
gigagan_21107,color_down,gigagan,gigagan,1,0.3803352117538452,data\cache\clean\test\gigagan_21107\color_down.jpg
gigagan_22418,color_down,gigagan,gigagan,1,0.11186021566390991,data\cache\clean\test\gigagan_22418\color_down.jpg
gigagan_24679,color_down,gigagan,gigagan,1,0.08932729065418243,data\cache\clean\test\gigagan_24679\color_down.jpg
gigagan_28945,color_down,gigagan,gigagan,1,0.279807984828949,data\cache\clean\test\gigagan_28945\color_down.jpg
imagen3_045e6da6fd7f6fb0,color_down,imagen3,imagen3,1,0.23907876014709473,data\cache\clean\test\imagen3_045e6da6fd7f6fb0\color_down.jpg
imagen3_04e3097ac2f57647,color_down,imagen3,imagen3,1,0.34930428862571716,data\cache\clean\test\imagen3_04e3097ac2f57647\color_down.jpg
imagen3_07747d6ffd056bee,color_down,imagen3,imagen3,1,0.38592085242271423,data\cache\clean\test\imagen3_07747d6ffd056bee\color_down.jpg
imagen3_13ed1f9391224848,color_down,imagen3,imagen3,1,0.16707400977611542,data\cache\clean\test\imagen3_13ed1f9391224848\color_down.jpg
imagen3_15906,color_down,imagen3,imagen3,1,0.08941987156867981,data\cache\clean\test\imagen3_15906\color_down.jpg
imagen3_17643da56f35c6f7,color_down,imagen3,imagen3,1,0.022646823897957802,data\cache\clean\test\imagen3_17643da56f35c6f7\color_down.jpg
imagen3_17919c9ffd792ad9,color_down,imagen3,imagen3,1,0.3195415735244751,data\cache\clean\test\imagen3_17919c9ffd792ad9\color_down.jpg
imagen3_1fe9a0379cffa709,color_down,imagen3,imagen3,1,0.16480037569999695,data\cache\clean\test\imagen3_1fe9a0379cffa709\color_down.jpg
imagen3_24e64d19ddde11cb,color_down,imagen3,imagen3,1,0.002726194681599736,data\cache\clean\test\imagen3_24e64d19ddde11cb\color_down.jpg
imagen3_260ae6b06f1f50e2,color_down,imagen3,imagen3,1,0.008235541172325611,data\cache\clean\test\imagen3_260ae6b06f1f50e2\color_down.jpg
imagen3_2be4510162a8a76e,color_down,imagen3,imagen3,1,0.3164735734462738,data\cache\clean\test\imagen3_2be4510162a8a76e\color_down.jpg
imagen3_3403b18fc93acbfc,color_down,imagen3,imagen3,1,0.15050090849399567,data\cache\clean\test\imagen3_3403b18fc93acbfc\color_down.jpg
imagen3_43058,color_down,imagen3,imagen3,1,0.010869401507079601,data\cache\clean\test\imagen3_43058\color_down.jpg
imagen3_44015,color_down,imagen3,imagen3,1,0.24378199875354767,data\cache\clean\test\imagen3_44015\color_down.jpg
imagen3_44075,color_down,imagen3,imagen3,1,0.4614275097846985,data\cache\clean\test\imagen3_44075\color_down.jpg
imagen3_46922,color_down,imagen3,imagen3,1,0.11493787914514542,data\cache\clean\test\imagen3_46922\color_down.jpg
imagen3_473ffc5e3d5dc373,color_down,imagen3,imagen3,1,0.2394838035106659,data\cache\clean\test\imagen3_473ffc5e3d5dc373\color_down.jpg
imagen3_51659,color_down,imagen3,imagen3,1,0.11390379071235657,data\cache\clean\test\imagen3_51659\color_down.jpg
imagen3_519f5c348fe55fcd,color_down,imagen3,imagen3,1,0.06899235397577286,data\cache\clean\test\imagen3_519f5c348fe55fcd\color_down.jpg
imagen3_52115,color_down,imagen3,imagen3,1,0.27656519412994385,data\cache\clean\test\imagen3_52115\color_down.jpg
imagen3_52520,color_down,imagen3,imagen3,1,0.2563563883304596,data\cache\clean\test\imagen3_52520\color_down.jpg
imagen3_560ead164dab63a5,color_down,imagen3,imagen3,1,0.4279535710811615,data\cache\clean\test\imagen3_560ead164dab63a5\color_down.jpg
imagen3_5a7405b5ead307fb,color_down,imagen3,imagen3,1,0.3293275237083435,data\cache\clean\test\imagen3_5a7405b5ead307fb\color_down.jpg
imagen3_5e95809bd47d157b,color_down,imagen3,imagen3,1,0.3301246166229248,data\cache\clean\test\imagen3_5e95809bd47d157b\color_down.jpg
imagen3_69467160e53f71bc,color_down,imagen3,imagen3,1,0.289798766374588,data\cache\clean\test\imagen3_69467160e53f71bc\color_down.jpg
imagen3_6a8270ea182a9194,color_down,imagen3,imagen3,1,0.07306759804487228,data\cache\clean\test\imagen3_6a8270ea182a9194\color_down.jpg
imagen3_6c7624322b04ce43,color_down,imagen3,imagen3,1,0.014577035792171955,data\cache\clean\test\imagen3_6c7624322b04ce43\color_down.jpg
imagen3_77fb2d4f372634f8,color_down,imagen3,imagen3,1,0.027906639501452446,data\cache\clean\test\imagen3_77fb2d4f372634f8\color_down.jpg
imagen3_7e3e1e738f642f1a,color_down,imagen3,imagen3,1,0.462920218706131,data\cache\clean\test\imagen3_7e3e1e738f642f1a\color_down.jpg
imagen3_7ee1485909c59826,color_down,imagen3,imagen3,1,0.4255414307117462,data\cache\clean\test\imagen3_7ee1485909c59826\color_down.jpg
imagen3_8b13dc3bff918841,color_down,imagen3,imagen3,1,0.09435176849365234,data\cache\clean\test\imagen3_8b13dc3bff918841\color_down.jpg
imagen3_8c20e4bf83ffff36,color_down,imagen3,imagen3,1,0.3132891058921814,data\cache\clean\test\imagen3_8c20e4bf83ffff36\color_down.jpg
imagen3_8e6f8acd28fd8f35,color_down,imagen3,imagen3,1,0.19286346435546875,data\cache\clean\test\imagen3_8e6f8acd28fd8f35\color_down.jpg
imagen3_9e82651e214a25c8,color_down,imagen3,imagen3,1,0.28411388397216797,data\cache\clean\test\imagen3_9e82651e214a25c8\color_down.jpg
imagen3_a1b5be9a5f0d1f7a,color_down,imagen3,imagen3,1,0.21602027118206024,data\cache\clean\test\imagen3_a1b5be9a5f0d1f7a\color_down.jpg
imagen3_aa13646e437b7afa,color_down,imagen3,imagen3,1,0.05624769628047943,data\cache\clean\test\imagen3_aa13646e437b7afa\color_down.jpg
imagen3_ad860df8c2a1a848,color_down,imagen3,imagen3,1,0.030587639659643173,data\cache\clean\test\imagen3_ad860df8c2a1a848\color_down.jpg
imagen3_b69c9976ced306d1,color_down,imagen3,imagen3,1,0.3186327815055847,data\cache\clean\test\imagen3_b69c9976ced306d1\color_down.jpg
imagen3_ca44bb7db1e73a9a,color_down,imagen3,imagen3,1,0.12405799329280853,data\cache\clean\test\imagen3_ca44bb7db1e73a9a\color_down.jpg
imagen3_d326e7c87fb1d966,color_down,imagen3,imagen3,1,0.1476229429244995,data\cache\clean\test\imagen3_d326e7c87fb1d966\color_down.jpg
imagen3_e63f3b6f8bdee43a,color_down,imagen3,imagen3,1,0.029142100363969803,data\cache\clean\test\imagen3_e63f3b6f8bdee43a\color_down.jpg
imagen3_ea646e585cc24088,color_down,imagen3,imagen3,1,0.26513007283210754,data\cache\clean\test\imagen3_ea646e585cc24088\color_down.jpg
imagen3_eaf94916ce926270,color_down,imagen3,imagen3,1,0.24174456298351288,data\cache\clean\test\imagen3_eaf94916ce926270\color_down.jpg
imagen3_f2da05bffbe27dab,color_down,imagen3,imagen3,1,0.45184651017189026,data\cache\clean\test\imagen3_f2da05bffbe27dab\color_down.jpg
imagen3_f69a20bda8f47fea,color_down,imagen3,imagen3,1,0.21070648729801178,data\cache\clean\test\imagen3_f69a20bda8f47fea\color_down.jpg
imagen3_fe7048efd51b15b8,color_down,imagen3,imagen3,1,0.11557215452194214,data\cache\clean\test\imagen3_fe7048efd51b15b8\color_down.jpg
imagen3_Imagen3_3192,color_down,imagen3,imagen3,1,0.41319048404693604,data\cache\clean\test\imagen3_Imagen3_3192\color_down.jpg
imagen3_Imagen3_3546,color_down,imagen3,imagen3,1,0.35662588477134705,data\cache\clean\test\imagen3_Imagen3_3546\color_down.jpg
imagen3_Imagen3_3556,color_down,imagen3,imagen3,1,0.1609468013048172,data\cache\clean\test\imagen3_Imagen3_3556\color_down.jpg
sidset_full_synthetic_048809,color_down,sidset,full_synthetic,1,0.3055785894393921,data\cache\clean\test\sidset_full_synthetic_048809\color_down.jpg
sidset_full_synthetic_060524,color_down,sidset,full_synthetic,1,0.1811649650335312,data\cache\clean\test\sidset_full_synthetic_060524\color_down.jpg
sidset_full_synthetic_062086,color_down,sidset,full_synthetic,1,0.48733702301979065,data\cache\clean\test\sidset_full_synthetic_062086\color_down.jpg
stylegan_xl_0097a2e24789bc7a,color_down,stylegan_xl,stylegan_xl,1,0.07271616160869598,data\cache\clean\test\stylegan_xl_0097a2e24789bc7a\color_down.jpg
stylegan_xl_00a4591cf03df584,color_down,stylegan_xl,stylegan_xl,1,0.015880556777119637,data\cache\clean\test\stylegan_xl_00a4591cf03df584\color_down.jpg
stylegan_xl_031391f1ab18ab62,color_down,stylegan_xl,stylegan_xl,1,0.11344750225543976,data\cache\clean\test\stylegan_xl_031391f1ab18ab62\color_down.jpg
stylegan_xl_0a4244f8a9185bad,color_down,stylegan_xl,stylegan_xl,1,0.18482014536857605,data\cache\clean\test\stylegan_xl_0a4244f8a9185bad\color_down.jpg
stylegan_xl_0f7efa4c31bcd8f4,color_down,stylegan_xl,stylegan_xl,1,0.015394209884107113,data\cache\clean\test\stylegan_xl_0f7efa4c31bcd8f4\color_down.jpg
stylegan_xl_1060d58257bc5130,color_down,stylegan_xl,stylegan_xl,1,0.08624482899904251,data\cache\clean\test\stylegan_xl_1060d58257bc5130\color_down.jpg
stylegan_xl_1440252ff76f525f,color_down,stylegan_xl,stylegan_xl,1,0.3966773748397827,data\cache\clean\test\stylegan_xl_1440252ff76f525f\color_down.jpg
stylegan_xl_17f8bf0ef8d2f478,color_down,stylegan_xl,stylegan_xl,1,0.12487012147903442,data\cache\clean\test\stylegan_xl_17f8bf0ef8d2f478\color_down.jpg
stylegan_xl_2013fe0d44f84041,color_down,stylegan_xl,stylegan_xl,1,0.03618917614221573,data\cache\clean\test\stylegan_xl_2013fe0d44f84041\color_down.jpg
stylegan_xl_324e332686aa6966,color_down,stylegan_xl,stylegan_xl,1,0.2496362328529358,data\cache\clean\test\stylegan_xl_324e332686aa6966\color_down.jpg
stylegan_xl_3621cf0be1fc8d68,color_down,stylegan_xl,stylegan_xl,1,0.07351598888635635,data\cache\clean\test\stylegan_xl_3621cf0be1fc8d68\color_down.jpg
stylegan_xl_38c489e3b0d8c700,color_down,stylegan_xl,stylegan_xl,1,0.34056711196899414,data\cache\clean\test\stylegan_xl_38c489e3b0d8c700\color_down.jpg
stylegan_xl_3b5e18f8fc06450d,color_down,stylegan_xl,stylegan_xl,1,0.06842762231826782,data\cache\clean\test\stylegan_xl_3b5e18f8fc06450d\color_down.jpg
stylegan_xl_43847,color_down,stylegan_xl,stylegan_xl,1,0.14372462034225464,data\cache\clean\test\stylegan_xl_43847\color_down.jpg
stylegan_xl_44451,color_down,stylegan_xl,stylegan_xl,1,0.300669401884079,data\cache\clean\test\stylegan_xl_44451\color_down.jpg
stylegan_xl_45400,color_down,stylegan_xl,stylegan_xl,1,0.4767909348011017,data\cache\clean\test\stylegan_xl_45400\color_down.jpg
stylegan_xl_45602,color_down,stylegan_xl,stylegan_xl,1,0.15420597791671753,data\cache\clean\test\stylegan_xl_45602\color_down.jpg
stylegan_xl_48611,color_down,stylegan_xl,stylegan_xl,1,0.2743662893772125,data\cache\clean\test\stylegan_xl_48611\color_down.jpg
stylegan_xl_4f991f9638e28675,color_down,stylegan_xl,stylegan_xl,1,0.19902291893959045,data\cache\clean\test\stylegan_xl_4f991f9638e28675\color_down.jpg
stylegan_xl_53271,color_down,stylegan_xl,stylegan_xl,1,0.16030052304267883,data\cache\clean\test\stylegan_xl_53271\color_down.jpg
stylegan_xl_53551,color_down,stylegan_xl,stylegan_xl,1,0.486887663602829,data\cache\clean\test\stylegan_xl_53551\color_down.jpg
stylegan_xl_60ed9d3511d333bf,color_down,stylegan_xl,stylegan_xl,1,0.2128424495458603,data\cache\clean\test\stylegan_xl_60ed9d3511d333bf\color_down.jpg
stylegan_xl_65bb283a1280639e,color_down,stylegan_xl,stylegan_xl,1,0.28588783740997314,data\cache\clean\test\stylegan_xl_65bb283a1280639e\color_down.jpg
stylegan_xl_729fee52c5b7f95b,color_down,stylegan_xl,stylegan_xl,1,0.26817595958709717,data\cache\clean\test\stylegan_xl_729fee52c5b7f95b\color_down.jpg
stylegan_xl_7a863857aa371fb7,color_down,stylegan_xl,stylegan_xl,1,0.34814271330833435,data\cache\clean\test\stylegan_xl_7a863857aa371fb7\color_down.jpg
stylegan_xl_7d433e90bcd7bd53,color_down,stylegan_xl,stylegan_xl,1,0.11139141768217087,data\cache\clean\test\stylegan_xl_7d433e90bcd7bd53\color_down.jpg
stylegan_xl_7ffebe6032f8209f,color_down,stylegan_xl,stylegan_xl,1,0.11899947375059128,data\cache\clean\test\stylegan_xl_7ffebe6032f8209f\color_down.jpg
stylegan_xl_80fc8be6e7c11eb3,color_down,stylegan_xl,stylegan_xl,1,0.05615151673555374,data\cache\clean\test\stylegan_xl_80fc8be6e7c11eb3\color_down.jpg
stylegan_xl_8f9dfd75dde8914f,color_down,stylegan_xl,stylegan_xl,1,0.019053902477025986,data\cache\clean\test\stylegan_xl_8f9dfd75dde8914f\color_down.jpg
stylegan_xl_91fb9195a35b7711,color_down,stylegan_xl,stylegan_xl,1,0.25433409214019775,data\cache\clean\test\stylegan_xl_91fb9195a35b7711\color_down.jpg
stylegan_xl_a1ed16fffc5ecb68,color_down,stylegan_xl,stylegan_xl,1,0.1294456273317337,data\cache\clean\test\stylegan_xl_a1ed16fffc5ecb68\color_down.jpg
stylegan_xl_a72f3ace10a8f550,color_down,stylegan_xl,stylegan_xl,1,0.06587976962327957,data\cache\clean\test\stylegan_xl_a72f3ace10a8f550\color_down.jpg
stylegan_xl_ae09b95535340878,color_down,stylegan_xl,stylegan_xl,1,0.39698976278305054,data\cache\clean\test\stylegan_xl_ae09b95535340878\color_down.jpg
stylegan_xl_b6abe358484b287a,color_down,stylegan_xl,stylegan_xl,1,0.1527210921049118,data\cache\clean\test\stylegan_xl_b6abe358484b287a\color_down.jpg
stylegan_xl_bd69757ff485d03e,color_down,stylegan_xl,stylegan_xl,1,0.48942098021507263,data\cache\clean\test\stylegan_xl_bd69757ff485d03e\color_down.jpg
stylegan_xl_c9421141bcf3a15a,color_down,stylegan_xl,stylegan_xl,1,0.22400911152362823,data\cache\clean\test\stylegan_xl_c9421141bcf3a15a\color_down.jpg
stylegan_xl_cccbc1d57a7e095e,color_down,stylegan_xl,stylegan_xl,1,0.3728846609592438,data\cache\clean\test\stylegan_xl_cccbc1d57a7e095e\color_down.jpg
stylegan_xl_cf9c332a1ebfb587,color_down,stylegan_xl,stylegan_xl,1,0.34096285700798035,data\cache\clean\test\stylegan_xl_cf9c332a1ebfb587\color_down.jpg
stylegan_xl_d686a15f05d09472,color_down,stylegan_xl,stylegan_xl,1,0.32203543186187744,data\cache\clean\test\stylegan_xl_d686a15f05d09472\color_down.jpg
stylegan_xl_d7c4ece8c8a01de0,color_down,stylegan_xl,stylegan_xl,1,0.35606080293655396,data\cache\clean\test\stylegan_xl_d7c4ece8c8a01de0\color_down.jpg
stylegan_xl_e4b8e7ef72cabaf2,color_down,stylegan_xl,stylegan_xl,1,0.0173298642039299,data\cache\clean\test\stylegan_xl_e4b8e7ef72cabaf2\color_down.jpg
stylegan_xl_f2ea3473d8b1a62f,color_down,stylegan_xl,stylegan_xl,1,0.11886988580226898,data\cache\clean\test\stylegan_xl_f2ea3473d8b1a62f\color_down.jpg
stylegan_xl_fef6a66b8deaa7ab,color_down,stylegan_xl,stylegan_xl,1,0.012292880564928055,data\cache\clean\test\stylegan_xl_fef6a66b8deaa7ab\color_down.jpg
cifake_1028 (10),color_up,cifake,stable_diffusion,1,0.38536781072616577,data\cache\clean\test\cifake_1028 (10)\color_up.jpg
cifake_1141 (9),color_up,cifake,stable_diffusion,1,0.14880438148975372,data\cache\clean\test\cifake_1141 (9)\color_up.jpg
cifake_1167 (3),color_up,cifake,stable_diffusion,1,0.48070114850997925,data\cache\clean\test\cifake_1167 (3)\color_up.jpg
cifake_1297 (6),color_up,cifake,stable_diffusion,1,0.02619318664073944,data\cache\clean\test\cifake_1297 (6)\color_up.jpg
cifake_1393 (6),color_up,cifake,stable_diffusion,1,0.42174017429351807,data\cache\clean\test\cifake_1393 (6)\color_up.jpg
cifake_162 (9),color_up,cifake,stable_diffusion,1,0.4294527471065521,data\cache\clean\test\cifake_162 (9)\color_up.jpg
cifake_1729 (4),color_up,cifake,stable_diffusion,1,0.45833396911621094,data\cache\clean\test\cifake_1729 (4)\color_up.jpg
cifake_1937 (8),color_up,cifake,stable_diffusion,1,0.4098803400993347,data\cache\clean\test\cifake_1937 (8)\color_up.jpg
cifake_2072 (7),color_up,cifake,stable_diffusion,1,0.3178914487361908,data\cache\clean\test\cifake_2072 (7)\color_up.jpg
cifake_2078 (4),color_up,cifake,stable_diffusion,1,0.2841767966747284,data\cache\clean\test\cifake_2078 (4)\color_up.jpg
cifake_2286 (2),color_up,cifake,stable_diffusion,1,0.17084716260433197,data\cache\clean\test\cifake_2286 (2)\color_up.jpg
cifake_2438 (2),color_up,cifake,stable_diffusion,1,0.32094964385032654,data\cache\clean\test\cifake_2438 (2)\color_up.jpg
cifake_2509 (6),color_up,cifake,stable_diffusion,1,0.31903964281082153,data\cache\clean\test\cifake_2509 (6)\color_up.jpg
cifake_2710 (8),color_up,cifake,stable_diffusion,1,0.36716228723526,data\cache\clean\test\cifake_2710 (8)\color_up.jpg
cifake_28,color_up,cifake,stable_diffusion,1,0.4269985258579254,data\cache\clean\test\cifake_28\color_up.jpg
cifake_2831,color_up,cifake,stable_diffusion,1,0.11749901622533798,data\cache\clean\test\cifake_2831\color_up.jpg
cifake_2857 (10)_1,color_up,cifake,stable_diffusion,1,0.1613113135099411,data\cache\clean\test\cifake_2857 (10)_1\color_up.jpg
cifake_3006 (4)_1,color_up,cifake,stable_diffusion,1,0.3114723861217499,data\cache\clean\test\cifake_3006 (4)_1\color_up.jpg
cifake_3053 (4),color_up,cifake,stable_diffusion,1,0.42507100105285645,data\cache\clean\test\cifake_3053 (4)\color_up.jpg
cifake_3234 (2),color_up,cifake,stable_diffusion,1,0.14398373663425446,data\cache\clean\test\cifake_3234 (2)\color_up.jpg
cifake_3309 (8),color_up,cifake,stable_diffusion,1,0.21482384204864502,data\cache\clean\test\cifake_3309 (8)\color_up.jpg
cifake_3339 (9),color_up,cifake,stable_diffusion,1,0.45668014883995056,data\cache\clean\test\cifake_3339 (9)\color_up.jpg
cifake_3379 (8),color_up,cifake,stable_diffusion,1,0.29312488436698914,data\cache\clean\test\cifake_3379 (8)\color_up.jpg
cifake_3395 (5),color_up,cifake,stable_diffusion,1,0.26713827252388,data\cache\clean\test\cifake_3395 (5)\color_up.jpg
cifake_3582 (9),color_up,cifake,stable_diffusion,1,0.38804376125335693,data\cache\clean\test\cifake_3582 (9)\color_up.jpg
cifake_3608,color_up,cifake,stable_diffusion,1,0.4273267090320587,data\cache\clean\test\cifake_3608\color_up.jpg
cifake_3702 (10),color_up,cifake,stable_diffusion,1,0.2414916604757309,data\cache\clean\test\cifake_3702 (10)\color_up.jpg
cifake_3750 (6),color_up,cifake,stable_diffusion,1,0.137579545378685,data\cache\clean\test\cifake_3750 (6)\color_up.jpg
cifake_3847 (9),color_up,cifake,stable_diffusion,1,0.4041079580783844,data\cache\clean\test\cifake_3847 (9)\color_up.jpg
cifake_3921_1,color_up,cifake,stable_diffusion,1,0.27266865968704224,data\cache\clean\test\cifake_3921_1\color_up.jpg
cifake_4127 (3),color_up,cifake,stable_diffusion,1,0.43280038237571716,data\cache\clean\test\cifake_4127 (3)\color_up.jpg
cifake_4221 (2),color_up,cifake,stable_diffusion,1,0.4538356363773346,data\cache\clean\test\cifake_4221 (2)\color_up.jpg
cifake_4443,color_up,cifake,stable_diffusion,1,0.31478407979011536,data\cache\clean\test\cifake_4443\color_up.jpg
cifake_4453,color_up,cifake,stable_diffusion,1,0.2599857747554779,data\cache\clean\test\cifake_4453\color_up.jpg
cifake_4457 (9)_1,color_up,cifake,stable_diffusion,1,0.38635721802711487,data\cache\clean\test\cifake_4457 (9)_1\color_up.jpg
cifake_4484,color_up,cifake,stable_diffusion,1,0.44275379180908203,data\cache\clean\test\cifake_4484\color_up.jpg
cifake_4615 (3),color_up,cifake,stable_diffusion,1,0.08896634727716446,data\cache\clean\test\cifake_4615 (3)\color_up.jpg
cifake_4670 (4),color_up,cifake,stable_diffusion,1,0.45765432715415955,data\cache\clean\test\cifake_4670 (4)\color_up.jpg
cifake_4746 (3),color_up,cifake,stable_diffusion,1,0.18302872776985168,data\cache\clean\test\cifake_4746 (3)\color_up.jpg
cifake_4826,color_up,cifake,stable_diffusion,1,0.37419021129608154,data\cache\clean\test\cifake_4826\color_up.jpg
cifake_5079 (2),color_up,cifake,stable_diffusion,1,0.44305604696273804,data\cache\clean\test\cifake_5079 (2)\color_up.jpg
cifake_516 (6),color_up,cifake,stable_diffusion,1,0.44412583112716675,data\cache\clean\test\cifake_516 (6)\color_up.jpg
cifake_5221 (3),color_up,cifake,stable_diffusion,1,0.2188372164964676,data\cache\clean\test\cifake_5221 (3)\color_up.jpg
cifake_5288 (5),color_up,cifake,stable_diffusion,1,0.30195584893226624,data\cache\clean\test\cifake_5288 (5)\color_up.jpg
cifake_5381 (2),color_up,cifake,stable_diffusion,1,0.258953720331192,data\cache\clean\test\cifake_5381 (2)\color_up.jpg
cifake_5470 (4),color_up,cifake,stable_diffusion,1,0.4817606806755066,data\cache\clean\test\cifake_5470 (4)\color_up.jpg
cifake_5607,color_up,cifake,stable_diffusion,1,0.22441352903842926,data\cache\clean\test\cifake_5607\color_up.jpg
cifake_5607 (3),color_up,cifake,stable_diffusion,1,0.39209428429603577,data\cache\clean\test\cifake_5607 (3)\color_up.jpg
cifake_5821 (4),color_up,cifake,stable_diffusion,1,0.4542234241962433,data\cache\clean\test\cifake_5821 (4)\color_up.jpg
cifake_75,color_up,cifake,stable_diffusion,1,0.10890864580869675,data\cache\clean\test\cifake_75\color_up.jpg
cifake_791 (6),color_up,cifake,stable_diffusion,1,0.04997521638870239,data\cache\clean\test\cifake_791 (6)\color_up.jpg
cifake_954 (9),color_up,cifake,stable_diffusion,1,0.09360851347446442,data\cache\clean\test\cifake_954 (9)\color_up.jpg
dalle_10420,color_up,dalle,dalle,1,0.07226511836051941,data\cache\clean\test\dalle_10420\color_up.jpg
dalle_1895b86b74caac5dad51022c3d3b33df,color_up,dalle,dalle,1,0.38978809118270874,data\cache\clean\test\dalle_1895b86b74caac5dad51022c3d3b33df\color_up.jpg
dalle_19157,color_up,dalle,dalle,1,0.30289730429649353,data\cache\clean\test\dalle_19157\color_up.jpg
dalle_20080,color_up,dalle,dalle,1,0.20794308185577393,data\cache\clean\test\dalle_20080\color_up.jpg
dalle_27029,color_up,dalle,dalle,1,0.4432225823402405,data\cache\clean\test\dalle_27029\color_up.jpg
dalle_36430,color_up,dalle,dalle,1,0.33531448245048523,data\cache\clean\test\dalle_36430\color_up.jpg
dalle_40387,color_up,dalle,dalle,1,0.476248562335968,data\cache\clean\test\dalle_40387\color_up.jpg
dalle_41791,color_up,dalle,dalle,1,0.022431645542383194,data\cache\clean\test\dalle_41791\color_up.jpg
dalle_5781,color_up,dalle,dalle,1,0.35125330090522766,data\cache\clean\test\dalle_5781\color_up.jpg
dalle_6f0f61883f111368d770c54801f33449,color_up,dalle,dalle,1,0.1871253252029419,data\cache\clean\test\dalle_6f0f61883f111368d770c54801f33449\color_up.jpg
dalle_9068,color_up,dalle,dalle,1,0.43865808844566345,data\cache\clean\test\dalle_9068\color_up.jpg
gigagan_07242,color_up,gigagan,gigagan,1,0.1383812129497528,data\cache\clean\test\gigagan_07242\color_up.jpg
gigagan_07350,color_up,gigagan,gigagan,1,0.4459107220172882,data\cache\clean\test\gigagan_07350\color_up.jpg
gigagan_10914,color_up,gigagan,gigagan,1,0.12191946059465408,data\cache\clean\test\gigagan_10914\color_up.jpg
gigagan_12399,color_up,gigagan,gigagan,1,0.18606621026992798,data\cache\clean\test\gigagan_12399\color_up.jpg
gigagan_12654,color_up,gigagan,gigagan,1,0.44666680693626404,data\cache\clean\test\gigagan_12654\color_up.jpg
gigagan_14071,color_up,gigagan,gigagan,1,0.2053462266921997,data\cache\clean\test\gigagan_14071\color_up.jpg
gigagan_14858,color_up,gigagan,gigagan,1,0.0595257468521595,data\cache\clean\test\gigagan_14858\color_up.jpg
gigagan_15454,color_up,gigagan,gigagan,1,0.03590233251452446,data\cache\clean\test\gigagan_15454\color_up.jpg
gigagan_15561,color_up,gigagan,gigagan,1,0.06309941411018372,data\cache\clean\test\gigagan_15561\color_up.jpg
gigagan_15694,color_up,gigagan,gigagan,1,0.29430344700813293,data\cache\clean\test\gigagan_15694\color_up.jpg
gigagan_19196,color_up,gigagan,gigagan,1,0.3226034343242645,data\cache\clean\test\gigagan_19196\color_up.jpg
gigagan_20207,color_up,gigagan,gigagan,1,0.06900350004434586,data\cache\clean\test\gigagan_20207\color_up.jpg
gigagan_20327,color_up,gigagan,gigagan,1,0.4446454346179962,data\cache\clean\test\gigagan_20327\color_up.jpg
gigagan_21011,color_up,gigagan,gigagan,1,0.339131236076355,data\cache\clean\test\gigagan_21011\color_up.jpg
gigagan_21185,color_up,gigagan,gigagan,1,0.05850842967629433,data\cache\clean\test\gigagan_21185\color_up.jpg
gigagan_22294,color_up,gigagan,gigagan,1,0.27076518535614014,data\cache\clean\test\gigagan_22294\color_up.jpg
gigagan_22418,color_up,gigagan,gigagan,1,0.04778227210044861,data\cache\clean\test\gigagan_22418\color_up.jpg
gigagan_24679,color_up,gigagan,gigagan,1,0.049367062747478485,data\cache\clean\test\gigagan_24679\color_up.jpg
gigagan_24726,color_up,gigagan,gigagan,1,0.40430623292922974,data\cache\clean\test\gigagan_24726\color_up.jpg
gigagan_25090,color_up,gigagan,gigagan,1,0.31730297207832336,data\cache\clean\test\gigagan_25090\color_up.jpg
gigagan_28945,color_up,gigagan,gigagan,1,0.19283157587051392,data\cache\clean\test\gigagan_28945\color_up.jpg
imagen3_045e6da6fd7f6fb0,color_up,imagen3,imagen3,1,0.2698802649974823,data\cache\clean\test\imagen3_045e6da6fd7f6fb0\color_up.jpg
imagen3_04e3097ac2f57647,color_up,imagen3,imagen3,1,0.2655881941318512,data\cache\clean\test\imagen3_04e3097ac2f57647\color_up.jpg
imagen3_07747d6ffd056bee,color_up,imagen3,imagen3,1,0.4243340790271759,data\cache\clean\test\imagen3_07747d6ffd056bee\color_up.jpg
imagen3_13ed1f9391224848,color_up,imagen3,imagen3,1,0.07327207922935486,data\cache\clean\test\imagen3_13ed1f9391224848\color_up.jpg
imagen3_15906,color_up,imagen3,imagen3,1,0.14891594648361206,data\cache\clean\test\imagen3_15906\color_up.jpg
imagen3_17643da56f35c6f7,color_up,imagen3,imagen3,1,0.011757519096136093,data\cache\clean\test\imagen3_17643da56f35c6f7\color_up.jpg
imagen3_17919c9ffd792ad9,color_up,imagen3,imagen3,1,0.3983190953731537,data\cache\clean\test\imagen3_17919c9ffd792ad9\color_up.jpg
imagen3_1fe9a0379cffa709,color_up,imagen3,imagen3,1,0.14817407727241516,data\cache\clean\test\imagen3_1fe9a0379cffa709\color_up.jpg
imagen3_24e64d19ddde11cb,color_up,imagen3,imagen3,1,0.003485167631879449,data\cache\clean\test\imagen3_24e64d19ddde11cb\color_up.jpg
imagen3_260ae6b06f1f50e2,color_up,imagen3,imagen3,1,0.0091398935765028,data\cache\clean\test\imagen3_260ae6b06f1f50e2\color_up.jpg
imagen3_28696176504334fe,color_up,imagen3,imagen3,1,0.39616236090660095,data\cache\clean\test\imagen3_28696176504334fe\color_up.jpg
imagen3_2be4510162a8a76e,color_up,imagen3,imagen3,1,0.08095721900463104,data\cache\clean\test\imagen3_2be4510162a8a76e\color_up.jpg
imagen3_3403b18fc93acbfc,color_up,imagen3,imagen3,1,0.04120143502950668,data\cache\clean\test\imagen3_3403b18fc93acbfc\color_up.jpg
imagen3_43058,color_up,imagen3,imagen3,1,0.058531519025564194,data\cache\clean\test\imagen3_43058\color_up.jpg
imagen3_44015,color_up,imagen3,imagen3,1,0.22636817395687103,data\cache\clean\test\imagen3_44015\color_up.jpg
imagen3_44075,color_up,imagen3,imagen3,1,0.41303473711013794,data\cache\clean\test\imagen3_44075\color_up.jpg
imagen3_44476,color_up,imagen3,imagen3,1,0.3708958625793457,data\cache\clean\test\imagen3_44476\color_up.jpg
imagen3_46922,color_up,imagen3,imagen3,1,0.11763349175453186,data\cache\clean\test\imagen3_46922\color_up.jpg
imagen3_473ffc5e3d5dc373,color_up,imagen3,imagen3,1,0.18436893820762634,data\cache\clean\test\imagen3_473ffc5e3d5dc373\color_up.jpg
imagen3_51379,color_up,imagen3,imagen3,1,0.334500789642334,data\cache\clean\test\imagen3_51379\color_up.jpg
imagen3_51659,color_up,imagen3,imagen3,1,0.3588995635509491,data\cache\clean\test\imagen3_51659\color_up.jpg
imagen3_519f5c348fe55fcd,color_up,imagen3,imagen3,1,0.06930769234895706,data\cache\clean\test\imagen3_519f5c348fe55fcd\color_up.jpg
imagen3_52520,color_up,imagen3,imagen3,1,0.2606824040412903,data\cache\clean\test\imagen3_52520\color_up.jpg
imagen3_560ead164dab63a5,color_up,imagen3,imagen3,1,0.47964656352996826,data\cache\clean\test\imagen3_560ead164dab63a5\color_up.jpg
imagen3_5a7405b5ead307fb,color_up,imagen3,imagen3,1,0.23110966384410858,data\cache\clean\test\imagen3_5a7405b5ead307fb\color_up.jpg
imagen3_5e95809bd47d157b,color_up,imagen3,imagen3,1,0.36271530389785767,data\cache\clean\test\imagen3_5e95809bd47d157b\color_up.jpg
imagen3_69467160e53f71bc,color_up,imagen3,imagen3,1,0.24480770528316498,data\cache\clean\test\imagen3_69467160e53f71bc\color_up.jpg
imagen3_6a8270ea182a9194,color_up,imagen3,imagen3,1,0.09218969196081161,data\cache\clean\test\imagen3_6a8270ea182a9194\color_up.jpg
imagen3_6c7624322b04ce43,color_up,imagen3,imagen3,1,0.00943092443048954,data\cache\clean\test\imagen3_6c7624322b04ce43\color_up.jpg
imagen3_77fb2d4f372634f8,color_up,imagen3,imagen3,1,0.014673269353806973,data\cache\clean\test\imagen3_77fb2d4f372634f8\color_up.jpg
imagen3_7e3e1e738f642f1a,color_up,imagen3,imagen3,1,0.40120723843574524,data\cache\clean\test\imagen3_7e3e1e738f642f1a\color_up.jpg
imagen3_7ee1485909c59826,color_up,imagen3,imagen3,1,0.3958078622817993,data\cache\clean\test\imagen3_7ee1485909c59826\color_up.jpg
imagen3_8b13dc3bff918841,color_up,imagen3,imagen3,1,0.08846421539783478,data\cache\clean\test\imagen3_8b13dc3bff918841\color_up.jpg
imagen3_8c20e4bf83ffff36,color_up,imagen3,imagen3,1,0.29408571124076843,data\cache\clean\test\imagen3_8c20e4bf83ffff36\color_up.jpg
imagen3_8e6f8acd28fd8f35,color_up,imagen3,imagen3,1,0.1737128049135208,data\cache\clean\test\imagen3_8e6f8acd28fd8f35\color_up.jpg
imagen3_9e82651e214a25c8,color_up,imagen3,imagen3,1,0.10496890544891357,data\cache\clean\test\imagen3_9e82651e214a25c8\color_up.jpg
imagen3_a1b5be9a5f0d1f7a,color_up,imagen3,imagen3,1,0.16382625699043274,data\cache\clean\test\imagen3_a1b5be9a5f0d1f7a\color_up.jpg
imagen3_a90890e19b242beb,color_up,imagen3,imagen3,1,0.39153924584388733,data\cache\clean\test\imagen3_a90890e19b242beb\color_up.jpg
imagen3_aa13646e437b7afa,color_up,imagen3,imagen3,1,0.1045159175992012,data\cache\clean\test\imagen3_aa13646e437b7afa\color_up.jpg
imagen3_ad860df8c2a1a848,color_up,imagen3,imagen3,1,0.03234252706170082,data\cache\clean\test\imagen3_ad860df8c2a1a848\color_up.jpg
imagen3_b69c9976ced306d1,color_up,imagen3,imagen3,1,0.2536703050136566,data\cache\clean\test\imagen3_b69c9976ced306d1\color_up.jpg
imagen3_ca44bb7db1e73a9a,color_up,imagen3,imagen3,1,0.12480039149522781,data\cache\clean\test\imagen3_ca44bb7db1e73a9a\color_up.jpg
imagen3_d326e7c87fb1d966,color_up,imagen3,imagen3,1,0.18989834189414978,data\cache\clean\test\imagen3_d326e7c87fb1d966\color_up.jpg
imagen3_e63f3b6f8bdee43a,color_up,imagen3,imagen3,1,0.007907149381935596,data\cache\clean\test\imagen3_e63f3b6f8bdee43a\color_up.jpg
imagen3_ea646e585cc24088,color_up,imagen3,imagen3,1,0.35394954681396484,data\cache\clean\test\imagen3_ea646e585cc24088\color_up.jpg
imagen3_eaf94916ce926270,color_up,imagen3,imagen3,1,0.2679281532764435,data\cache\clean\test\imagen3_eaf94916ce926270\color_up.jpg
imagen3_f69a20bda8f47fea,color_up,imagen3,imagen3,1,0.1697009801864624,data\cache\clean\test\imagen3_f69a20bda8f47fea\color_up.jpg
imagen3_fd568a2839353a92,color_up,imagen3,imagen3,1,0.4627682864665985,data\cache\clean\test\imagen3_fd568a2839353a92\color_up.jpg
imagen3_fe7048efd51b15b8,color_up,imagen3,imagen3,1,0.204001322388649,data\cache\clean\test\imagen3_fe7048efd51b15b8\color_up.jpg
imagen3_Imagen3_2877,color_up,imagen3,imagen3,1,0.07153749465942383,data\cache\clean\test\imagen3_Imagen3_2877\color_up.jpg
imagen3_Imagen3_3556,color_up,imagen3,imagen3,1,0.33954453468322754,data\cache\clean\test\imagen3_Imagen3_3556\color_up.jpg
sidset_full_synthetic_017359,color_up,sidset,full_synthetic,1,0.34304481744766235,data\cache\clean\test\sidset_full_synthetic_017359\color_up.jpg
sidset_full_synthetic_031321,color_up,sidset,full_synthetic,1,0.3674335479736328,data\cache\clean\test\sidset_full_synthetic_031321\color_up.jpg
sidset_full_synthetic_033528,color_up,sidset,full_synthetic,1,0.47525736689567566,data\cache\clean\test\sidset_full_synthetic_033528\color_up.jpg
sidset_full_synthetic_048809,color_up,sidset,full_synthetic,1,0.28950777649879456,data\cache\clean\test\sidset_full_synthetic_048809\color_up.jpg
sidset_full_synthetic_060524,color_up,sidset,full_synthetic,1,0.07500104606151581,data\cache\clean\test\sidset_full_synthetic_060524\color_up.jpg
sidset_full_synthetic_062086,color_up,sidset,full_synthetic,1,0.3431050181388855,data\cache\clean\test\sidset_full_synthetic_062086\color_up.jpg
sidset_full_synthetic_063062,color_up,sidset,full_synthetic,1,0.3528062403202057,data\cache\clean\test\sidset_full_synthetic_063062\color_up.jpg
sidset_full_synthetic_066246,color_up,sidset,full_synthetic,1,0.45201000571250916,data\cache\clean\test\sidset_full_synthetic_066246\color_up.jpg
stylegan_xl_0097a2e24789bc7a,color_up,stylegan_xl,stylegan_xl,1,0.09404437243938446,data\cache\clean\test\stylegan_xl_0097a2e24789bc7a\color_up.jpg
stylegan_xl_00a4591cf03df584,color_up,stylegan_xl,stylegan_xl,1,0.014268300496041775,data\cache\clean\test\stylegan_xl_00a4591cf03df584\color_up.jpg
stylegan_xl_031391f1ab18ab62,color_up,stylegan_xl,stylegan_xl,1,0.18945911526679993,data\cache\clean\test\stylegan_xl_031391f1ab18ab62\color_up.jpg
stylegan_xl_0a4244f8a9185bad,color_up,stylegan_xl,stylegan_xl,1,0.31184691190719604,data\cache\clean\test\stylegan_xl_0a4244f8a9185bad\color_up.jpg
stylegan_xl_0f7efa4c31bcd8f4,color_up,stylegan_xl,stylegan_xl,1,0.010022731497883797,data\cache\clean\test\stylegan_xl_0f7efa4c31bcd8f4\color_up.jpg
stylegan_xl_1060d58257bc5130,color_up,stylegan_xl,stylegan_xl,1,0.0799986943602562,data\cache\clean\test\stylegan_xl_1060d58257bc5130\color_up.jpg
stylegan_xl_17552,color_up,stylegan_xl,stylegan_xl,1,0.46607843041419983,data\cache\clean\test\stylegan_xl_17552\color_up.jpg
stylegan_xl_17f8bf0ef8d2f478,color_up,stylegan_xl,stylegan_xl,1,0.12010921537876129,data\cache\clean\test\stylegan_xl_17f8bf0ef8d2f478\color_up.jpg
stylegan_xl_2013fe0d44f84041,color_up,stylegan_xl,stylegan_xl,1,0.06637466698884964,data\cache\clean\test\stylegan_xl_2013fe0d44f84041\color_up.jpg
stylegan_xl_324e332686aa6966,color_up,stylegan_xl,stylegan_xl,1,0.21815691888332367,data\cache\clean\test\stylegan_xl_324e332686aa6966\color_up.jpg
stylegan_xl_3621cf0be1fc8d68,color_up,stylegan_xl,stylegan_xl,1,0.04873775318264961,data\cache\clean\test\stylegan_xl_3621cf0be1fc8d68\color_up.jpg
stylegan_xl_38c489e3b0d8c700,color_up,stylegan_xl,stylegan_xl,1,0.328442245721817,data\cache\clean\test\stylegan_xl_38c489e3b0d8c700\color_up.jpg
stylegan_xl_3b5e18f8fc06450d,color_up,stylegan_xl,stylegan_xl,1,0.11983709037303925,data\cache\clean\test\stylegan_xl_3b5e18f8fc06450d\color_up.jpg
stylegan_xl_42960,color_up,stylegan_xl,stylegan_xl,1,0.4831116795539856,data\cache\clean\test\stylegan_xl_42960\color_up.jpg
stylegan_xl_43847,color_up,stylegan_xl,stylegan_xl,1,0.009703508578240871,data\cache\clean\test\stylegan_xl_43847\color_up.jpg
stylegan_xl_44451,color_up,stylegan_xl,stylegan_xl,1,0.14444372057914734,data\cache\clean\test\stylegan_xl_44451\color_up.jpg
stylegan_xl_45602,color_up,stylegan_xl,stylegan_xl,1,0.18474100530147552,data\cache\clean\test\stylegan_xl_45602\color_up.jpg
stylegan_xl_48611,color_up,stylegan_xl,stylegan_xl,1,0.43220821022987366,data\cache\clean\test\stylegan_xl_48611\color_up.jpg
stylegan_xl_49074,color_up,stylegan_xl,stylegan_xl,1,0.4128762483596802,data\cache\clean\test\stylegan_xl_49074\color_up.jpg
stylegan_xl_4f991f9638e28675,color_up,stylegan_xl,stylegan_xl,1,0.10539866238832474,data\cache\clean\test\stylegan_xl_4f991f9638e28675\color_up.jpg
stylegan_xl_53271,color_up,stylegan_xl,stylegan_xl,1,0.30762892961502075,data\cache\clean\test\stylegan_xl_53271\color_up.jpg
stylegan_xl_60ed9d3511d333bf,color_up,stylegan_xl,stylegan_xl,1,0.28510770201683044,data\cache\clean\test\stylegan_xl_60ed9d3511d333bf\color_up.jpg
stylegan_xl_65bb283a1280639e,color_up,stylegan_xl,stylegan_xl,1,0.14692865312099457,data\cache\clean\test\stylegan_xl_65bb283a1280639e\color_up.jpg
stylegan_xl_729fee52c5b7f95b,color_up,stylegan_xl,stylegan_xl,1,0.2191658318042755,data\cache\clean\test\stylegan_xl_729fee52c5b7f95b\color_up.jpg
stylegan_xl_7a863857aa371fb7,color_up,stylegan_xl,stylegan_xl,1,0.4062502682209015,data\cache\clean\test\stylegan_xl_7a863857aa371fb7\color_up.jpg
stylegan_xl_7d433e90bcd7bd53,color_up,stylegan_xl,stylegan_xl,1,0.12402596324682236,data\cache\clean\test\stylegan_xl_7d433e90bcd7bd53\color_up.jpg
stylegan_xl_7ffebe6032f8209f,color_up,stylegan_xl,stylegan_xl,1,0.07442596554756165,data\cache\clean\test\stylegan_xl_7ffebe6032f8209f\color_up.jpg
stylegan_xl_80fc8be6e7c11eb3,color_up,stylegan_xl,stylegan_xl,1,0.03470315784215927,data\cache\clean\test\stylegan_xl_80fc8be6e7c11eb3\color_up.jpg
stylegan_xl_8461b1ae87c22c20,color_up,stylegan_xl,stylegan_xl,1,0.49982672929763794,data\cache\clean\test\stylegan_xl_8461b1ae87c22c20\color_up.jpg
stylegan_xl_8f9dfd75dde8914f,color_up,stylegan_xl,stylegan_xl,1,0.026849444955587387,data\cache\clean\test\stylegan_xl_8f9dfd75dde8914f\color_up.jpg
stylegan_xl_91fb9195a35b7711,color_up,stylegan_xl,stylegan_xl,1,0.48537948727607727,data\cache\clean\test\stylegan_xl_91fb9195a35b7711\color_up.jpg
stylegan_xl_a1ed16fffc5ecb68,color_up,stylegan_xl,stylegan_xl,1,0.17338624596595764,data\cache\clean\test\stylegan_xl_a1ed16fffc5ecb68\color_up.jpg
stylegan_xl_a72f3ace10a8f550,color_up,stylegan_xl,stylegan_xl,1,0.05908222496509552,data\cache\clean\test\stylegan_xl_a72f3ace10a8f550\color_up.jpg
stylegan_xl_ae09b95535340878,color_up,stylegan_xl,stylegan_xl,1,0.2521210312843323,data\cache\clean\test\stylegan_xl_ae09b95535340878\color_up.jpg
stylegan_xl_b6abe358484b287a,color_up,stylegan_xl,stylegan_xl,1,0.15690405666828156,data\cache\clean\test\stylegan_xl_b6abe358484b287a\color_up.jpg
stylegan_xl_c9421141bcf3a15a,color_up,stylegan_xl,stylegan_xl,1,0.23104296624660492,data\cache\clean\test\stylegan_xl_c9421141bcf3a15a\color_up.jpg
stylegan_xl_cccbc1d57a7e095e,color_up,stylegan_xl,stylegan_xl,1,0.3288838565349579,data\cache\clean\test\stylegan_xl_cccbc1d57a7e095e\color_up.jpg
stylegan_xl_cf9c332a1ebfb587,color_up,stylegan_xl,stylegan_xl,1,0.3093513548374176,data\cache\clean\test\stylegan_xl_cf9c332a1ebfb587\color_up.jpg
stylegan_xl_d686a15f05d09472,color_up,stylegan_xl,stylegan_xl,1,0.35185378789901733,data\cache\clean\test\stylegan_xl_d686a15f05d09472\color_up.jpg
stylegan_xl_d7c4ece8c8a01de0,color_up,stylegan_xl,stylegan_xl,1,0.28209805488586426,data\cache\clean\test\stylegan_xl_d7c4ece8c8a01de0\color_up.jpg
stylegan_xl_e4b8e7ef72cabaf2,color_up,stylegan_xl,stylegan_xl,1,0.021756881847977638,data\cache\clean\test\stylegan_xl_e4b8e7ef72cabaf2\color_up.jpg
stylegan_xl_f2ea3473d8b1a62f,color_up,stylegan_xl,stylegan_xl,1,0.08323217928409576,data\cache\clean\test\stylegan_xl_f2ea3473d8b1a62f\color_up.jpg
stylegan_xl_f4a503e24265a7e1,color_up,stylegan_xl,stylegan_xl,1,0.3068459928035736,data\cache\clean\test\stylegan_xl_f4a503e24265a7e1\color_up.jpg
stylegan_xl_fef6a66b8deaa7ab,color_up,stylegan_xl,stylegan_xl,1,0.015633102506399155,data\cache\clean\test\stylegan_xl_fef6a66b8deaa7ab\color_up.jpg
cifake_1270 (7),crop80,cifake,stable_diffusion,1,0.2715960443019867,data\cache\clean\test\cifake_1270 (7)\crop80.jpg
cifake_1278 (9),crop80,cifake,stable_diffusion,1,0.4161282479763031,data\cache\clean\test\cifake_1278 (9)\crop80.jpg
cifake_1729 (4),crop80,cifake,stable_diffusion,1,0.23086810111999512,data\cache\clean\test\cifake_1729 (4)\crop80.jpg
cifake_2286 (2),crop80,cifake,stable_diffusion,1,0.4028032422065735,data\cache\clean\test\cifake_2286 (2)\crop80.jpg
cifake_2509 (6),crop80,cifake,stable_diffusion,1,0.30355626344680786,data\cache\clean\test\cifake_2509 (6)\crop80.jpg
cifake_2790 (9),crop80,cifake,stable_diffusion,1,0.42351025342941284,data\cache\clean\test\cifake_2790 (9)\crop80.jpg
cifake_28,crop80,cifake,stable_diffusion,1,0.49718141555786133,data\cache\clean\test\cifake_28\crop80.jpg
cifake_2831,crop80,cifake,stable_diffusion,1,0.3352211117744446,data\cache\clean\test\cifake_2831\crop80.jpg
cifake_3053 (4),crop80,cifake,stable_diffusion,1,0.14888237416744232,data\cache\clean\test\cifake_3053 (4)\crop80.jpg
cifake_3309 (8),crop80,cifake,stable_diffusion,1,0.15378126502037048,data\cache\clean\test\cifake_3309 (8)\crop80.jpg
cifake_3395 (5),crop80,cifake,stable_diffusion,1,0.059090595692396164,data\cache\clean\test\cifake_3395 (5)\crop80.jpg
cifake_3425 (9),crop80,cifake,stable_diffusion,1,0.35628020763397217,data\cache\clean\test\cifake_3425 (9)\crop80.jpg
cifake_3750 (6),crop80,cifake,stable_diffusion,1,0.4689662754535675,data\cache\clean\test\cifake_3750 (6)\crop80.jpg
cifake_3961 (6),crop80,cifake,stable_diffusion,1,0.45286932587623596,data\cache\clean\test\cifake_3961 (6)\crop80.jpg
cifake_3971 (2),crop80,cifake,stable_diffusion,1,0.04884152486920357,data\cache\clean\test\cifake_3971 (2)\crop80.jpg
cifake_4127 (3),crop80,cifake,stable_diffusion,1,0.21818482875823975,data\cache\clean\test\cifake_4127 (3)\crop80.jpg
cifake_4160 (8)_1,crop80,cifake,stable_diffusion,1,0.4106844961643219,data\cache\clean\test\cifake_4160 (8)_1\crop80.jpg
cifake_4221 (2),crop80,cifake,stable_diffusion,1,0.16423135995864868,data\cache\clean\test\cifake_4221 (2)\crop80.jpg
cifake_4443,crop80,cifake,stable_diffusion,1,0.18604162335395813,data\cache\clean\test\cifake_4443\crop80.jpg
cifake_4459 (9),crop80,cifake,stable_diffusion,1,0.4972476661205292,data\cache\clean\test\cifake_4459 (9)\crop80.jpg
cifake_4606,crop80,cifake,stable_diffusion,1,0.47883397340774536,data\cache\clean\test\cifake_4606\crop80.jpg
cifake_4615 (3),crop80,cifake,stable_diffusion,1,0.14216381311416626,data\cache\clean\test\cifake_4615 (3)\crop80.jpg
cifake_462 (2),crop80,cifake,stable_diffusion,1,0.06490714102983475,data\cache\clean\test\cifake_462 (2)\crop80.jpg
cifake_4826,crop80,cifake,stable_diffusion,1,0.36124396324157715,data\cache\clean\test\cifake_4826\crop80.jpg
cifake_5221 (3),crop80,cifake,stable_diffusion,1,0.17261141538619995,data\cache\clean\test\cifake_5221 (3)\crop80.jpg
cifake_5607 (3),crop80,cifake,stable_diffusion,1,0.32469844818115234,data\cache\clean\test\cifake_5607 (3)\crop80.jpg
cifake_5706 (4),crop80,cifake,stable_diffusion,1,0.23211196064949036,data\cache\clean\test\cifake_5706 (4)\crop80.jpg
cifake_5777 (3),crop80,cifake,stable_diffusion,1,0.39809852838516235,data\cache\clean\test\cifake_5777 (3)\crop80.jpg
cifake_5821 (4),crop80,cifake,stable_diffusion,1,0.28894898295402527,data\cache\clean\test\cifake_5821 (4)\crop80.jpg
cifake_5831,crop80,cifake,stable_diffusion,1,0.44351232051849365,data\cache\clean\test\cifake_5831\crop80.jpg
cifake_5932 (10),crop80,cifake,stable_diffusion,1,0.14246773719787598,data\cache\clean\test\cifake_5932 (10)\crop80.jpg
cifake_791 (6),crop80,cifake,stable_diffusion,1,0.03407334163784981,data\cache\clean\test\cifake_791 (6)\crop80.jpg
cifake_943 (5),crop80,cifake,stable_diffusion,1,0.12705665826797485,data\cache\clean\test\cifake_943 (5)\crop80.jpg
cifake_954 (9),crop80,cifake,stable_diffusion,1,0.22345462441444397,data\cache\clean\test\cifake_954 (9)\crop80.jpg
cifake_966 (4),crop80,cifake,stable_diffusion,1,0.1339593082666397,data\cache\clean\test\cifake_966 (4)\crop80.jpg
cifake_966 (6),crop80,cifake,stable_diffusion,1,0.2803913652896881,data\cache\clean\test\cifake_966 (6)\crop80.jpg
dalle_20080,crop80,dalle,dalle,1,0.4034264385700226,data\cache\clean\test\dalle_20080\crop80.jpg
dalle_27029,crop80,dalle,dalle,1,0.32889610528945923,data\cache\clean\test\dalle_27029\crop80.jpg
dalle_41791,crop80,dalle,dalle,1,0.09105772525072098,data\cache\clean\test\dalle_41791\crop80.jpg
dalle_6f0f61883f111368d770c54801f33449,crop80,dalle,dalle,1,0.09814853966236115,data\cache\clean\test\dalle_6f0f61883f111368d770c54801f33449\crop80.jpg
dalle_8688,crop80,dalle,dalle,1,0.35762208700180054,data\cache\clean\test\dalle_8688\crop80.jpg
gigagan_07350,crop80,gigagan,gigagan,1,0.05760062858462334,data\cache\clean\test\gigagan_07350\crop80.jpg
gigagan_10914,crop80,gigagan,gigagan,1,0.4291195273399353,data\cache\clean\test\gigagan_10914\crop80.jpg
gigagan_12083,crop80,gigagan,gigagan,1,0.43940597772598267,data\cache\clean\test\gigagan_12083\crop80.jpg
gigagan_14071,crop80,gigagan,gigagan,1,0.018046801909804344,data\cache\clean\test\gigagan_14071\crop80.jpg
gigagan_14858,crop80,gigagan,gigagan,1,0.40834760665893555,data\cache\clean\test\gigagan_14858\crop80.jpg
gigagan_15561,crop80,gigagan,gigagan,1,0.09035525470972061,data\cache\clean\test\gigagan_15561\crop80.jpg
gigagan_22418,crop80,gigagan,gigagan,1,0.09610467404127121,data\cache\clean\test\gigagan_22418\crop80.jpg
gigagan_24679,crop80,gigagan,gigagan,1,0.10371307283639908,data\cache\clean\test\gigagan_24679\crop80.jpg
gigagan_28945,crop80,gigagan,gigagan,1,0.3449540138244629,data\cache\clean\test\gigagan_28945\crop80.jpg
imagen3_045e6da6fd7f6fb0,crop80,imagen3,imagen3,1,0.23153240978717804,data\cache\clean\test\imagen3_045e6da6fd7f6fb0\crop80.jpg
imagen3_04e3097ac2f57647,crop80,imagen3,imagen3,1,0.4335838854312897,data\cache\clean\test\imagen3_04e3097ac2f57647\crop80.jpg
imagen3_07747d6ffd056bee,crop80,imagen3,imagen3,1,0.44033676385879517,data\cache\clean\test\imagen3_07747d6ffd056bee\crop80.jpg
imagen3_13ed1f9391224848,crop80,imagen3,imagen3,1,0.08457197993993759,data\cache\clean\test\imagen3_13ed1f9391224848\crop80.jpg
imagen3_15906,crop80,imagen3,imagen3,1,0.2397598922252655,data\cache\clean\test\imagen3_15906\crop80.jpg
imagen3_17643da56f35c6f7,crop80,imagen3,imagen3,1,0.04523199051618576,data\cache\clean\test\imagen3_17643da56f35c6f7\crop80.jpg
imagen3_17919c9ffd792ad9,crop80,imagen3,imagen3,1,0.29207825660705566,data\cache\clean\test\imagen3_17919c9ffd792ad9\crop80.jpg
imagen3_1fe9a0379cffa709,crop80,imagen3,imagen3,1,0.3199462592601776,data\cache\clean\test\imagen3_1fe9a0379cffa709\crop80.jpg
imagen3_24e64d19ddde11cb,crop80,imagen3,imagen3,1,0.0028225777205079794,data\cache\clean\test\imagen3_24e64d19ddde11cb\crop80.jpg
imagen3_260ae6b06f1f50e2,crop80,imagen3,imagen3,1,0.016316737979650497,data\cache\clean\test\imagen3_260ae6b06f1f50e2\crop80.jpg
imagen3_2be4510162a8a76e,crop80,imagen3,imagen3,1,0.27775683999061584,data\cache\clean\test\imagen3_2be4510162a8a76e\crop80.jpg
imagen3_3403b18fc93acbfc,crop80,imagen3,imagen3,1,0.16483420133590698,data\cache\clean\test\imagen3_3403b18fc93acbfc\crop80.jpg
imagen3_43058,crop80,imagen3,imagen3,1,0.065943144261837,data\cache\clean\test\imagen3_43058\crop80.jpg
imagen3_44015,crop80,imagen3,imagen3,1,0.49069783091545105,data\cache\clean\test\imagen3_44015\crop80.jpg
imagen3_46922,crop80,imagen3,imagen3,1,0.41542956233024597,data\cache\clean\test\imagen3_46922\crop80.jpg
imagen3_473ffc5e3d5dc373,crop80,imagen3,imagen3,1,0.23720943927764893,data\cache\clean\test\imagen3_473ffc5e3d5dc373\crop80.jpg
imagen3_519f5c348fe55fcd,crop80,imagen3,imagen3,1,0.07440287619829178,data\cache\clean\test\imagen3_519f5c348fe55fcd\crop80.jpg
imagen3_5a7405b5ead307fb,crop80,imagen3,imagen3,1,0.22196373343467712,data\cache\clean\test\imagen3_5a7405b5ead307fb\crop80.jpg
imagen3_5e95809bd47d157b,crop80,imagen3,imagen3,1,0.371900737285614,data\cache\clean\test\imagen3_5e95809bd47d157b\crop80.jpg
imagen3_69467160e53f71bc,crop80,imagen3,imagen3,1,0.27756208181381226,data\cache\clean\test\imagen3_69467160e53f71bc\crop80.jpg
imagen3_6a8270ea182a9194,crop80,imagen3,imagen3,1,0.08731440454721451,data\cache\clean\test\imagen3_6a8270ea182a9194\crop80.jpg
imagen3_6c7624322b04ce43,crop80,imagen3,imagen3,1,0.012476174160838127,data\cache\clean\test\imagen3_6c7624322b04ce43\crop80.jpg
imagen3_77fb2d4f372634f8,crop80,imagen3,imagen3,1,0.12257873266935349,data\cache\clean\test\imagen3_77fb2d4f372634f8\crop80.jpg
imagen3_7e3e1e738f642f1a,crop80,imagen3,imagen3,1,0.4347500205039978,data\cache\clean\test\imagen3_7e3e1e738f642f1a\crop80.jpg
imagen3_7ee1485909c59826,crop80,imagen3,imagen3,1,0.35888874530792236,data\cache\clean\test\imagen3_7ee1485909c59826\crop80.jpg
imagen3_8b13dc3bff918841,crop80,imagen3,imagen3,1,0.14774371683597565,data\cache\clean\test\imagen3_8b13dc3bff918841\crop80.jpg
imagen3_8e6f8acd28fd8f35,crop80,imagen3,imagen3,1,0.22982868552207947,data\cache\clean\test\imagen3_8e6f8acd28fd8f35\crop80.jpg
imagen3_9e82651e214a25c8,crop80,imagen3,imagen3,1,0.2580068111419678,data\cache\clean\test\imagen3_9e82651e214a25c8\crop80.jpg
imagen3_a1b5be9a5f0d1f7a,crop80,imagen3,imagen3,1,0.45560362935066223,data\cache\clean\test\imagen3_a1b5be9a5f0d1f7a\crop80.jpg
imagen3_aa13646e437b7afa,crop80,imagen3,imagen3,1,0.1954648792743683,data\cache\clean\test\imagen3_aa13646e437b7afa\crop80.jpg
imagen3_ad860df8c2a1a848,crop80,imagen3,imagen3,1,0.02208578959107399,data\cache\clean\test\imagen3_ad860df8c2a1a848\crop80.jpg
imagen3_b69c9976ced306d1,crop80,imagen3,imagen3,1,0.22349847853183746,data\cache\clean\test\imagen3_b69c9976ced306d1\crop80.jpg
imagen3_ca44bb7db1e73a9a,crop80,imagen3,imagen3,1,0.11129893362522125,data\cache\clean\test\imagen3_ca44bb7db1e73a9a\crop80.jpg
imagen3_d326e7c87fb1d966,crop80,imagen3,imagen3,1,0.3126508593559265,data\cache\clean\test\imagen3_d326e7c87fb1d966\crop80.jpg
imagen3_e63f3b6f8bdee43a,crop80,imagen3,imagen3,1,0.021806728094816208,data\cache\clean\test\imagen3_e63f3b6f8bdee43a\crop80.jpg
imagen3_ea646e585cc24088,crop80,imagen3,imagen3,1,0.1819698065519333,data\cache\clean\test\imagen3_ea646e585cc24088\crop80.jpg
imagen3_eaf94916ce926270,crop80,imagen3,imagen3,1,0.27164432406425476,data\cache\clean\test\imagen3_eaf94916ce926270\crop80.jpg
imagen3_f2da05bffbe27dab,crop80,imagen3,imagen3,1,0.43767350912094116,data\cache\clean\test\imagen3_f2da05bffbe27dab\crop80.jpg
imagen3_f69a20bda8f47fea,crop80,imagen3,imagen3,1,0.33592936396598816,data\cache\clean\test\imagen3_f69a20bda8f47fea\crop80.jpg
imagen3_fd568a2839353a92,crop80,imagen3,imagen3,1,0.4079250395298004,data\cache\clean\test\imagen3_fd568a2839353a92\crop80.jpg
imagen3_fe7048efd51b15b8,crop80,imagen3,imagen3,1,0.2239254117012024,data\cache\clean\test\imagen3_fe7048efd51b15b8\crop80.jpg
imagen3_Imagen3_3004,crop80,imagen3,imagen3,1,0.3233926594257355,data\cache\clean\test\imagen3_Imagen3_3004\crop80.jpg
imagen3_Imagen3_3556,crop80,imagen3,imagen3,1,0.23389221727848053,data\cache\clean\test\imagen3_Imagen3_3556\crop80.jpg
sidset_full_synthetic_037526,crop80,sidset,full_synthetic,1,0.36551612615585327,data\cache\clean\test\sidset_full_synthetic_037526\crop80.jpg
sidset_full_synthetic_048809,crop80,sidset,full_synthetic,1,0.2375047504901886,data\cache\clean\test\sidset_full_synthetic_048809\crop80.jpg
sidset_full_synthetic_060524,crop80,sidset,full_synthetic,1,0.0884019136428833,data\cache\clean\test\sidset_full_synthetic_060524\crop80.jpg
sidset_full_synthetic_062086,crop80,sidset,full_synthetic,1,0.2365347146987915,data\cache\clean\test\sidset_full_synthetic_062086\crop80.jpg
sidset_full_synthetic_063062,crop80,sidset,full_synthetic,1,0.3959079682826996,data\cache\clean\test\sidset_full_synthetic_063062\crop80.jpg
stylegan_xl_0097a2e24789bc7a,crop80,stylegan_xl,stylegan_xl,1,0.16199176013469696,data\cache\clean\test\stylegan_xl_0097a2e24789bc7a\crop80.jpg
stylegan_xl_00a4591cf03df584,crop80,stylegan_xl,stylegan_xl,1,0.011422726325690746,data\cache\clean\test\stylegan_xl_00a4591cf03df584\crop80.jpg
stylegan_xl_031391f1ab18ab62,crop80,stylegan_xl,stylegan_xl,1,0.15261736512184143,data\cache\clean\test\stylegan_xl_031391f1ab18ab62\crop80.jpg
stylegan_xl_0a4244f8a9185bad,crop80,stylegan_xl,stylegan_xl,1,0.30036401748657227,data\cache\clean\test\stylegan_xl_0a4244f8a9185bad\crop80.jpg
stylegan_xl_0f7efa4c31bcd8f4,crop80,stylegan_xl,stylegan_xl,1,0.014561311341822147,data\cache\clean\test\stylegan_xl_0f7efa4c31bcd8f4\crop80.jpg
stylegan_xl_1060d58257bc5130,crop80,stylegan_xl,stylegan_xl,1,0.09545455873012543,data\cache\clean\test\stylegan_xl_1060d58257bc5130\crop80.jpg
stylegan_xl_1440252ff76f525f,crop80,stylegan_xl,stylegan_xl,1,0.40825355052948,data\cache\clean\test\stylegan_xl_1440252ff76f525f\crop80.jpg
stylegan_xl_17f8bf0ef8d2f478,crop80,stylegan_xl,stylegan_xl,1,0.19384177029132843,data\cache\clean\test\stylegan_xl_17f8bf0ef8d2f478\crop80.jpg
stylegan_xl_2013fe0d44f84041,crop80,stylegan_xl,stylegan_xl,1,0.07961215078830719,data\cache\clean\test\stylegan_xl_2013fe0d44f84041\crop80.jpg
stylegan_xl_324e332686aa6966,crop80,stylegan_xl,stylegan_xl,1,0.24282164871692657,data\cache\clean\test\stylegan_xl_324e332686aa6966\crop80.jpg
stylegan_xl_3621cf0be1fc8d68,crop80,stylegan_xl,stylegan_xl,1,0.03982408717274666,data\cache\clean\test\stylegan_xl_3621cf0be1fc8d68\crop80.jpg
stylegan_xl_38c489e3b0d8c700,crop80,stylegan_xl,stylegan_xl,1,0.3207882046699524,data\cache\clean\test\stylegan_xl_38c489e3b0d8c700\crop80.jpg
stylegan_xl_3b5e18f8fc06450d,crop80,stylegan_xl,stylegan_xl,1,0.03912879526615143,data\cache\clean\test\stylegan_xl_3b5e18f8fc06450d\crop80.jpg
stylegan_xl_43847,crop80,stylegan_xl,stylegan_xl,1,0.4038326144218445,data\cache\clean\test\stylegan_xl_43847\crop80.jpg
stylegan_xl_44451,crop80,stylegan_xl,stylegan_xl,1,0.29952168464660645,data\cache\clean\test\stylegan_xl_44451\crop80.jpg
stylegan_xl_4f991f9638e28675,crop80,stylegan_xl,stylegan_xl,1,0.13309137523174286,data\cache\clean\test\stylegan_xl_4f991f9638e28675\crop80.jpg
stylegan_xl_548aed682dc65ef2,crop80,stylegan_xl,stylegan_xl,1,0.4815261960029602,data\cache\clean\test\stylegan_xl_548aed682dc65ef2\crop80.jpg
stylegan_xl_60ed9d3511d333bf,crop80,stylegan_xl,stylegan_xl,1,0.3162344694137573,data\cache\clean\test\stylegan_xl_60ed9d3511d333bf\crop80.jpg
stylegan_xl_65bb283a1280639e,crop80,stylegan_xl,stylegan_xl,1,0.15824046730995178,data\cache\clean\test\stylegan_xl_65bb283a1280639e\crop80.jpg
stylegan_xl_729fee52c5b7f95b,crop80,stylegan_xl,stylegan_xl,1,0.16564996540546417,data\cache\clean\test\stylegan_xl_729fee52c5b7f95b\crop80.jpg
stylegan_xl_7a863857aa371fb7,crop80,stylegan_xl,stylegan_xl,1,0.49872639775276184,data\cache\clean\test\stylegan_xl_7a863857aa371fb7\crop80.jpg
stylegan_xl_7d433e90bcd7bd53,crop80,stylegan_xl,stylegan_xl,1,0.08166723698377609,data\cache\clean\test\stylegan_xl_7d433e90bcd7bd53\crop80.jpg
stylegan_xl_7ffebe6032f8209f,crop80,stylegan_xl,stylegan_xl,1,0.15198732912540436,data\cache\clean\test\stylegan_xl_7ffebe6032f8209f\crop80.jpg
stylegan_xl_80fc8be6e7c11eb3,crop80,stylegan_xl,stylegan_xl,1,0.05952269583940506,data\cache\clean\test\stylegan_xl_80fc8be6e7c11eb3\crop80.jpg
stylegan_xl_8f9dfd75dde8914f,crop80,stylegan_xl,stylegan_xl,1,0.018529672175645828,data\cache\clean\test\stylegan_xl_8f9dfd75dde8914f\crop80.jpg
stylegan_xl_a1ed16fffc5ecb68,crop80,stylegan_xl,stylegan_xl,1,0.14375673234462738,data\cache\clean\test\stylegan_xl_a1ed16fffc5ecb68\crop80.jpg
stylegan_xl_a72f3ace10a8f550,crop80,stylegan_xl,stylegan_xl,1,0.016619661822915077,data\cache\clean\test\stylegan_xl_a72f3ace10a8f550\crop80.jpg
stylegan_xl_ae09b95535340878,crop80,stylegan_xl,stylegan_xl,1,0.3620436489582062,data\cache\clean\test\stylegan_xl_ae09b95535340878\crop80.jpg
stylegan_xl_b6abe358484b287a,crop80,stylegan_xl,stylegan_xl,1,0.17173919081687927,data\cache\clean\test\stylegan_xl_b6abe358484b287a\crop80.jpg
stylegan_xl_c9421141bcf3a15a,crop80,stylegan_xl,stylegan_xl,1,0.18638335168361664,data\cache\clean\test\stylegan_xl_c9421141bcf3a15a\crop80.jpg
stylegan_xl_cccbc1d57a7e095e,crop80,stylegan_xl,stylegan_xl,1,0.43539899587631226,data\cache\clean\test\stylegan_xl_cccbc1d57a7e095e\crop80.jpg
stylegan_xl_cf9c332a1ebfb587,crop80,stylegan_xl,stylegan_xl,1,0.40500032901763916,data\cache\clean\test\stylegan_xl_cf9c332a1ebfb587\crop80.jpg
stylegan_xl_d686a15f05d09472,crop80,stylegan_xl,stylegan_xl,1,0.3676412105560303,data\cache\clean\test\stylegan_xl_d686a15f05d09472\crop80.jpg
stylegan_xl_d7c4ece8c8a01de0,crop80,stylegan_xl,stylegan_xl,1,0.34860241413116455,data\cache\clean\test\stylegan_xl_d7c4ece8c8a01de0\crop80.jpg
stylegan_xl_e4b8e7ef72cabaf2,crop80,stylegan_xl,stylegan_xl,1,0.020212890580296516,data\cache\clean\test\stylegan_xl_e4b8e7ef72cabaf2\crop80.jpg
stylegan_xl_f2ea3473d8b1a62f,crop80,stylegan_xl,stylegan_xl,1,0.06150093302130699,data\cache\clean\test\stylegan_xl_f2ea3473d8b1a62f\crop80.jpg
stylegan_xl_f4a503e24265a7e1,crop80,stylegan_xl,stylegan_xl,1,0.2713830769062042,data\cache\clean\test\stylegan_xl_f4a503e24265a7e1\crop80.jpg
stylegan_xl_fef6a66b8deaa7ab,crop80,stylegan_xl,stylegan_xl,1,0.018679581582546234,data\cache\clean\test\stylegan_xl_fef6a66b8deaa7ab\crop80.jpg
cifake_1088 (3),jpeg_q30,cifake,stable_diffusion,1,0.30383241176605225,data\cache\clean\test\cifake_1088 (3)\jpeg_q30.jpg
cifake_1167 (3),jpeg_q30,cifake,stable_diffusion,1,0.4447716772556305,data\cache\clean\test\cifake_1167 (3)\jpeg_q30.jpg
cifake_1270 (7),jpeg_q30,cifake,stable_diffusion,1,0.0967484638094902,data\cache\clean\test\cifake_1270 (7)\jpeg_q30.jpg
cifake_1612 (9),jpeg_q30,cifake,stable_diffusion,1,0.46112748980522156,data\cache\clean\test\cifake_1612 (9)\jpeg_q30.jpg
cifake_1753 (7),jpeg_q30,cifake,stable_diffusion,1,0.46389779448509216,data\cache\clean\test\cifake_1753 (7)\jpeg_q30.jpg
cifake_1867 (9),jpeg_q30,cifake,stable_diffusion,1,0.19844447076320648,data\cache\clean\test\cifake_1867 (9)\jpeg_q30.jpg
cifake_1995 (4),jpeg_q30,cifake,stable_diffusion,1,0.12276303023099899,data\cache\clean\test\cifake_1995 (4)\jpeg_q30.jpg
cifake_2124 (5),jpeg_q30,cifake,stable_diffusion,1,0.38098856806755066,data\cache\clean\test\cifake_2124 (5)\jpeg_q30.jpg
cifake_2228 (3),jpeg_q30,cifake,stable_diffusion,1,0.42714986205101013,data\cache\clean\test\cifake_2228 (3)\jpeg_q30.jpg
cifake_2831,jpeg_q30,cifake,stable_diffusion,1,0.25416049361228943,data\cache\clean\test\cifake_2831\jpeg_q30.jpg
cifake_2850 (3),jpeg_q30,cifake,stable_diffusion,1,0.38677293062210083,data\cache\clean\test\cifake_2850 (3)\jpeg_q30.jpg
cifake_3160,jpeg_q30,cifake,stable_diffusion,1,0.19928385317325592,data\cache\clean\test\cifake_3160\jpeg_q30.jpg
cifake_3339 (9),jpeg_q30,cifake,stable_diffusion,1,0.280508816242218,data\cache\clean\test\cifake_3339 (9)\jpeg_q30.jpg
cifake_3379 (8),jpeg_q30,cifake,stable_diffusion,1,0.3029094934463501,data\cache\clean\test\cifake_3379 (8)\jpeg_q30.jpg
cifake_3395 (5),jpeg_q30,cifake,stable_diffusion,1,0.31595927476882935,data\cache\clean\test\cifake_3395 (5)\jpeg_q30.jpg
cifake_3582 (9),jpeg_q30,cifake,stable_diffusion,1,0.2825656533241272,data\cache\clean\test\cifake_3582 (9)\jpeg_q30.jpg
cifake_3608,jpeg_q30,cifake,stable_diffusion,1,0.4735855162143707,data\cache\clean\test\cifake_3608\jpeg_q30.jpg
cifake_3702 (10),jpeg_q30,cifake,stable_diffusion,1,0.22683042287826538,data\cache\clean\test\cifake_3702 (10)\jpeg_q30.jpg
cifake_3975 (6),jpeg_q30,cifake,stable_diffusion,1,0.4884912371635437,data\cache\clean\test\cifake_3975 (6)\jpeg_q30.jpg
cifake_4127 (3),jpeg_q30,cifake,stable_diffusion,1,0.2076655775308609,data\cache\clean\test\cifake_4127 (3)\jpeg_q30.jpg
cifake_4160 (8)_1,jpeg_q30,cifake,stable_diffusion,1,0.3704356849193573,data\cache\clean\test\cifake_4160 (8)_1\jpeg_q30.jpg
cifake_4615 (3),jpeg_q30,cifake,stable_diffusion,1,0.18115974962711334,data\cache\clean\test\cifake_4615 (3)\jpeg_q30.jpg
cifake_4926 (5)_1,jpeg_q30,cifake,stable_diffusion,1,0.15063108503818512,data\cache\clean\test\cifake_4926 (5)_1\jpeg_q30.jpg
cifake_4943 (5),jpeg_q30,cifake,stable_diffusion,1,0.4524436891078949,data\cache\clean\test\cifake_4943 (5)\jpeg_q30.jpg
cifake_508 (7),jpeg_q30,cifake,stable_diffusion,1,0.49783390760421753,data\cache\clean\test\cifake_508 (7)\jpeg_q30.jpg
cifake_5221 (3),jpeg_q30,cifake,stable_diffusion,1,0.06878390908241272,data\cache\clean\test\cifake_5221 (3)\jpeg_q30.jpg
cifake_5288 (5),jpeg_q30,cifake,stable_diffusion,1,0.03745206817984581,data\cache\clean\test\cifake_5288 (5)\jpeg_q30.jpg
cifake_5607,jpeg_q30,cifake,stable_diffusion,1,0.4684658944606781,data\cache\clean\test\cifake_5607\jpeg_q30.jpg
cifake_5607 (3),jpeg_q30,cifake,stable_diffusion,1,0.04223661124706268,data\cache\clean\test\cifake_5607 (3)\jpeg_q30.jpg
cifake_5821 (4),jpeg_q30,cifake,stable_diffusion,1,0.12144731730222702,data\cache\clean\test\cifake_5821 (4)\jpeg_q30.jpg
cifake_75,jpeg_q30,cifake,stable_diffusion,1,0.2626202404499054,data\cache\clean\test\cifake_75\jpeg_q30.jpg
cifake_791 (6),jpeg_q30,cifake,stable_diffusion,1,0.36446744203567505,data\cache\clean\test\cifake_791 (6)\jpeg_q30.jpg
cifake_939 (6),jpeg_q30,cifake,stable_diffusion,1,0.24451616406440735,data\cache\clean\test\cifake_939 (6)\jpeg_q30.jpg
dalle_17768,jpeg_q30,dalle,dalle,1,0.4818909466266632,data\cache\clean\test\dalle_17768\jpeg_q30.jpg
dalle_19157,jpeg_q30,dalle,dalle,1,0.2520136833190918,data\cache\clean\test\dalle_19157\jpeg_q30.jpg
dalle_20080,jpeg_q30,dalle,dalle,1,0.28238585591316223,data\cache\clean\test\dalle_20080\jpeg_q30.jpg
dalle_24299,jpeg_q30,dalle,dalle,1,0.32227689027786255,data\cache\clean\test\dalle_24299\jpeg_q30.jpg
dalle_2561,jpeg_q30,dalle,dalle,1,0.368265837430954,data\cache\clean\test\dalle_2561\jpeg_q30.jpg
dalle_27029,jpeg_q30,dalle,dalle,1,0.37268906831741333,data\cache\clean\test\dalle_27029\jpeg_q30.jpg
dalle_3469,jpeg_q30,dalle,dalle,1,0.4530375003814697,data\cache\clean\test\dalle_3469\jpeg_q30.jpg
dalle_36430,jpeg_q30,dalle,dalle,1,0.42730414867401123,data\cache\clean\test\dalle_36430\jpeg_q30.jpg
dalle_41791,jpeg_q30,dalle,dalle,1,0.10202901810407639,data\cache\clean\test\dalle_41791\jpeg_q30.jpg
dalle_41855,jpeg_q30,dalle,dalle,1,0.20094621181488037,data\cache\clean\test\dalle_41855\jpeg_q30.jpg
dalle_6f0f61883f111368d770c54801f33449,jpeg_q30,dalle,dalle,1,0.14534981548786163,data\cache\clean\test\dalle_6f0f61883f111368d770c54801f33449\jpeg_q30.jpg
dalle_8017,jpeg_q30,dalle,dalle,1,0.232207253575325,data\cache\clean\test\dalle_8017\jpeg_q30.jpg
gigagan_03352,jpeg_q30,gigagan,gigagan,1,0.3719835579395294,data\cache\clean\test\gigagan_03352\jpeg_q30.jpg
gigagan_05738,jpeg_q30,gigagan,gigagan,1,0.24612648785114288,data\cache\clean\test\gigagan_05738\jpeg_q30.jpg
gigagan_05849,jpeg_q30,gigagan,gigagan,1,0.42611801624298096,data\cache\clean\test\gigagan_05849\jpeg_q30.jpg
gigagan_07350,jpeg_q30,gigagan,gigagan,1,0.04942172020673752,data\cache\clean\test\gigagan_07350\jpeg_q30.jpg
gigagan_10769,jpeg_q30,gigagan,gigagan,1,0.15379710495471954,data\cache\clean\test\gigagan_10769\jpeg_q30.jpg
gigagan_10914,jpeg_q30,gigagan,gigagan,1,0.04946611449122429,data\cache\clean\test\gigagan_10914\jpeg_q30.jpg
gigagan_12083,jpeg_q30,gigagan,gigagan,1,0.27421027421951294,data\cache\clean\test\gigagan_12083\jpeg_q30.jpg
gigagan_12399,jpeg_q30,gigagan,gigagan,1,0.2779066860675812,data\cache\clean\test\gigagan_12399\jpeg_q30.jpg
gigagan_14071,jpeg_q30,gigagan,gigagan,1,0.03568791225552559,data\cache\clean\test\gigagan_14071\jpeg_q30.jpg
gigagan_14138,jpeg_q30,gigagan,gigagan,1,0.4044142961502075,data\cache\clean\test\gigagan_14138\jpeg_q30.jpg
gigagan_15454,jpeg_q30,gigagan,gigagan,1,0.07742331176996231,data\cache\clean\test\gigagan_15454\jpeg_q30.jpg
gigagan_15561,jpeg_q30,gigagan,gigagan,1,0.03678050637245178,data\cache\clean\test\gigagan_15561\jpeg_q30.jpg
gigagan_17003,jpeg_q30,gigagan,gigagan,1,0.4758279025554657,data\cache\clean\test\gigagan_17003\jpeg_q30.jpg
gigagan_19196,jpeg_q30,gigagan,gigagan,1,0.2870359420776367,data\cache\clean\test\gigagan_19196\jpeg_q30.jpg
gigagan_20207,jpeg_q30,gigagan,gigagan,1,0.07905738055706024,data\cache\clean\test\gigagan_20207\jpeg_q30.jpg
gigagan_20327,jpeg_q30,gigagan,gigagan,1,0.16512933373451233,data\cache\clean\test\gigagan_20327\jpeg_q30.jpg
gigagan_20968,jpeg_q30,gigagan,gigagan,1,0.3744576573371887,data\cache\clean\test\gigagan_20968\jpeg_q30.jpg
gigagan_21011,jpeg_q30,gigagan,gigagan,1,0.3704149127006531,data\cache\clean\test\gigagan_21011\jpeg_q30.jpg
gigagan_21611,jpeg_q30,gigagan,gigagan,1,0.315735399723053,data\cache\clean\test\gigagan_21611\jpeg_q30.jpg
gigagan_22418,jpeg_q30,gigagan,gigagan,1,0.02982250601053238,data\cache\clean\test\gigagan_22418\jpeg_q30.jpg
gigagan_23834,jpeg_q30,gigagan,gigagan,1,0.43527737259864807,data\cache\clean\test\gigagan_23834\jpeg_q30.jpg
gigagan_24445,jpeg_q30,gigagan,gigagan,1,0.24130013585090637,data\cache\clean\test\gigagan_24445\jpeg_q30.jpg
gigagan_24679,jpeg_q30,gigagan,gigagan,1,0.09485476464033127,data\cache\clean\test\gigagan_24679\jpeg_q30.jpg
gigagan_25090,jpeg_q30,gigagan,gigagan,1,0.3779505789279938,data\cache\clean\test\gigagan_25090\jpeg_q30.jpg
gigagan_27940,jpeg_q30,gigagan,gigagan,1,0.4410243630409241,data\cache\clean\test\gigagan_27940\jpeg_q30.jpg
gigagan_28945,jpeg_q30,gigagan,gigagan,1,0.42922264337539673,data\cache\clean\test\gigagan_28945\jpeg_q30.jpg
imagen3_045e6da6fd7f6fb0,jpeg_q30,imagen3,imagen3,1,0.18206879496574402,data\cache\clean\test\imagen3_045e6da6fd7f6fb0\jpeg_q30.jpg
imagen3_04e3097ac2f57647,jpeg_q30,imagen3,imagen3,1,0.354482501745224,data\cache\clean\test\imagen3_04e3097ac2f57647\jpeg_q30.jpg
imagen3_07747d6ffd056bee,jpeg_q30,imagen3,imagen3,1,0.2812305688858032,data\cache\clean\test\imagen3_07747d6ffd056bee\jpeg_q30.jpg
imagen3_13ed1f9391224848,jpeg_q30,imagen3,imagen3,1,0.07254453003406525,data\cache\clean\test\imagen3_13ed1f9391224848\jpeg_q30.jpg
imagen3_15906,jpeg_q30,imagen3,imagen3,1,0.13971470296382904,data\cache\clean\test\imagen3_15906\jpeg_q30.jpg
imagen3_17405,jpeg_q30,imagen3,imagen3,1,0.3935241103172302,data\cache\clean\test\imagen3_17405\jpeg_q30.jpg
imagen3_17643da56f35c6f7,jpeg_q30,imagen3,imagen3,1,0.010209271684288979,data\cache\clean\test\imagen3_17643da56f35c6f7\jpeg_q30.jpg
imagen3_17919c9ffd792ad9,jpeg_q30,imagen3,imagen3,1,0.2426026612520218,data\cache\clean\test\imagen3_17919c9ffd792ad9\jpeg_q30.jpg
imagen3_1fe9a0379cffa709,jpeg_q30,imagen3,imagen3,1,0.1545797884464264,data\cache\clean\test\imagen3_1fe9a0379cffa709\jpeg_q30.jpg
imagen3_24e64d19ddde11cb,jpeg_q30,imagen3,imagen3,1,0.002456689951941371,data\cache\clean\test\imagen3_24e64d19ddde11cb\jpeg_q30.jpg
imagen3_260ae6b06f1f50e2,jpeg_q30,imagen3,imagen3,1,0.010628240182995796,data\cache\clean\test\imagen3_260ae6b06f1f50e2\jpeg_q30.jpg
imagen3_2be4510162a8a76e,jpeg_q30,imagen3,imagen3,1,0.29004567861557007,data\cache\clean\test\imagen3_2be4510162a8a76e\jpeg_q30.jpg
imagen3_3403b18fc93acbfc,jpeg_q30,imagen3,imagen3,1,0.03578384593129158,data\cache\clean\test\imagen3_3403b18fc93acbfc\jpeg_q30.jpg
imagen3_43058,jpeg_q30,imagen3,imagen3,1,0.022648712620139122,data\cache\clean\test\imagen3_43058\jpeg_q30.jpg
imagen3_44015,jpeg_q30,imagen3,imagen3,1,0.17604051530361176,data\cache\clean\test\imagen3_44015\jpeg_q30.jpg
imagen3_44075,jpeg_q30,imagen3,imagen3,1,0.39732787013053894,data\cache\clean\test\imagen3_44075\jpeg_q30.jpg
imagen3_46922,jpeg_q30,imagen3,imagen3,1,0.19143009185791016,data\cache\clean\test\imagen3_46922\jpeg_q30.jpg
imagen3_473ffc5e3d5dc373,jpeg_q30,imagen3,imagen3,1,0.24562743306159973,data\cache\clean\test\imagen3_473ffc5e3d5dc373\jpeg_q30.jpg
imagen3_48174,jpeg_q30,imagen3,imagen3,1,0.49305418133735657,data\cache\clean\test\imagen3_48174\jpeg_q30.jpg
imagen3_519f5c348fe55fcd,jpeg_q30,imagen3,imagen3,1,0.04115733131766319,data\cache\clean\test\imagen3_519f5c348fe55fcd\jpeg_q30.jpg
imagen3_52115,jpeg_q30,imagen3,imagen3,1,0.21010321378707886,data\cache\clean\test\imagen3_52115\jpeg_q30.jpg
imagen3_52520,jpeg_q30,imagen3,imagen3,1,0.18024465441703796,data\cache\clean\test\imagen3_52520\jpeg_q30.jpg
imagen3_560ead164dab63a5,jpeg_q30,imagen3,imagen3,1,0.29393115639686584,data\cache\clean\test\imagen3_560ead164dab63a5\jpeg_q30.jpg
imagen3_5a7405b5ead307fb,jpeg_q30,imagen3,imagen3,1,0.2211378812789917,data\cache\clean\test\imagen3_5a7405b5ead307fb\jpeg_q30.jpg
imagen3_5e95809bd47d157b,jpeg_q30,imagen3,imagen3,1,0.3838536739349365,data\cache\clean\test\imagen3_5e95809bd47d157b\jpeg_q30.jpg
imagen3_69467160e53f71bc,jpeg_q30,imagen3,imagen3,1,0.2507421374320984,data\cache\clean\test\imagen3_69467160e53f71bc\jpeg_q30.jpg
imagen3_6a8270ea182a9194,jpeg_q30,imagen3,imagen3,1,0.04592196270823479,data\cache\clean\test\imagen3_6a8270ea182a9194\jpeg_q30.jpg
imagen3_6c7624322b04ce43,jpeg_q30,imagen3,imagen3,1,0.029254935681819916,data\cache\clean\test\imagen3_6c7624322b04ce43\jpeg_q30.jpg
imagen3_77fb2d4f372634f8,jpeg_q30,imagen3,imagen3,1,0.013848642818629742,data\cache\clean\test\imagen3_77fb2d4f372634f8\jpeg_q30.jpg
imagen3_7e3e1e738f642f1a,jpeg_q30,imagen3,imagen3,1,0.3409787118434906,data\cache\clean\test\imagen3_7e3e1e738f642f1a\jpeg_q30.jpg
imagen3_7ee1485909c59826,jpeg_q30,imagen3,imagen3,1,0.3417409360408783,data\cache\clean\test\imagen3_7ee1485909c59826\jpeg_q30.jpg
imagen3_8b13dc3bff918841,jpeg_q30,imagen3,imagen3,1,0.09286607056856155,data\cache\clean\test\imagen3_8b13dc3bff918841\jpeg_q30.jpg
imagen3_8c20e4bf83ffff36,jpeg_q30,imagen3,imagen3,1,0.24164573848247528,data\cache\clean\test\imagen3_8c20e4bf83ffff36\jpeg_q30.jpg
imagen3_8e6f8acd28fd8f35,jpeg_q30,imagen3,imagen3,1,0.2328554391860962,data\cache\clean\test\imagen3_8e6f8acd28fd8f35\jpeg_q30.jpg
imagen3_9e82651e214a25c8,jpeg_q30,imagen3,imagen3,1,0.07221729308366776,data\cache\clean\test\imagen3_9e82651e214a25c8\jpeg_q30.jpg
imagen3_a1b5be9a5f0d1f7a,jpeg_q30,imagen3,imagen3,1,0.14383789896965027,data\cache\clean\test\imagen3_a1b5be9a5f0d1f7a\jpeg_q30.jpg
imagen3_a90890e19b242beb,jpeg_q30,imagen3,imagen3,1,0.46595674753189087,data\cache\clean\test\imagen3_a90890e19b242beb\jpeg_q30.jpg
imagen3_aa13646e437b7afa,jpeg_q30,imagen3,imagen3,1,0.0869188904762268,data\cache\clean\test\imagen3_aa13646e437b7afa\jpeg_q30.jpg
imagen3_ad860df8c2a1a848,jpeg_q30,imagen3,imagen3,1,0.032045792788267136,data\cache\clean\test\imagen3_ad860df8c2a1a848\jpeg_q30.jpg
imagen3_b69c9976ced306d1,jpeg_q30,imagen3,imagen3,1,0.24234715104103088,data\cache\clean\test\imagen3_b69c9976ced306d1\jpeg_q30.jpg
imagen3_ca44bb7db1e73a9a,jpeg_q30,imagen3,imagen3,1,0.08234165608882904,data\cache\clean\test\imagen3_ca44bb7db1e73a9a\jpeg_q30.jpg
imagen3_d326e7c87fb1d966,jpeg_q30,imagen3,imagen3,1,0.2266252040863037,data\cache\clean\test\imagen3_d326e7c87fb1d966\jpeg_q30.jpg
imagen3_e63f3b6f8bdee43a,jpeg_q30,imagen3,imagen3,1,0.006429985631257296,data\cache\clean\test\imagen3_e63f3b6f8bdee43a\jpeg_q30.jpg
imagen3_eaf94916ce926270,jpeg_q30,imagen3,imagen3,1,0.257589727640152,data\cache\clean\test\imagen3_eaf94916ce926270\jpeg_q30.jpg
imagen3_f69a20bda8f47fea,jpeg_q30,imagen3,imagen3,1,0.09106819331645966,data\cache\clean\test\imagen3_f69a20bda8f47fea\jpeg_q30.jpg
imagen3_fe7048efd51b15b8,jpeg_q30,imagen3,imagen3,1,0.1355605125427246,data\cache\clean\test\imagen3_fe7048efd51b15b8\jpeg_q30.jpg
imagen3_Imagen3_1208,jpeg_q30,imagen3,imagen3,1,0.1791650354862213,data\cache\clean\test\imagen3_Imagen3_1208\jpeg_q30.jpg
imagen3_Imagen3_3556,jpeg_q30,imagen3,imagen3,1,0.4168398976325989,data\cache\clean\test\imagen3_Imagen3_3556\jpeg_q30.jpg
sidset_full_synthetic_017359,jpeg_q30,sidset,full_synthetic,1,0.07626581937074661,data\cache\clean\test\sidset_full_synthetic_017359\jpeg_q30.jpg
sidset_full_synthetic_048809,jpeg_q30,sidset,full_synthetic,1,0.27887144684791565,data\cache\clean\test\sidset_full_synthetic_048809\jpeg_q30.jpg
sidset_full_synthetic_060524,jpeg_q30,sidset,full_synthetic,1,0.18618276715278625,data\cache\clean\test\sidset_full_synthetic_060524\jpeg_q30.jpg
sidset_full_synthetic_062086,jpeg_q30,sidset,full_synthetic,1,0.45982804894447327,data\cache\clean\test\sidset_full_synthetic_062086\jpeg_q30.jpg
stylegan_xl_0097a2e24789bc7a,jpeg_q30,stylegan_xl,stylegan_xl,1,0.06132576987147331,data\cache\clean\test\stylegan_xl_0097a2e24789bc7a\jpeg_q30.jpg
stylegan_xl_00a4591cf03df584,jpeg_q30,stylegan_xl,stylegan_xl,1,0.00784766860306263,data\cache\clean\test\stylegan_xl_00a4591cf03df584\jpeg_q30.jpg
stylegan_xl_031391f1ab18ab62,jpeg_q30,stylegan_xl,stylegan_xl,1,0.17916016280651093,data\cache\clean\test\stylegan_xl_031391f1ab18ab62\jpeg_q30.jpg
stylegan_xl_0a4244f8a9185bad,jpeg_q30,stylegan_xl,stylegan_xl,1,0.19693182408809662,data\cache\clean\test\stylegan_xl_0a4244f8a9185bad\jpeg_q30.jpg
stylegan_xl_0f7efa4c31bcd8f4,jpeg_q30,stylegan_xl,stylegan_xl,1,0.00947023369371891,data\cache\clean\test\stylegan_xl_0f7efa4c31bcd8f4\jpeg_q30.jpg
stylegan_xl_1060d58257bc5130,jpeg_q30,stylegan_xl,stylegan_xl,1,0.0850125402212143,data\cache\clean\test\stylegan_xl_1060d58257bc5130\jpeg_q30.jpg
stylegan_xl_1440252ff76f525f,jpeg_q30,stylegan_xl,stylegan_xl,1,0.28416669368743896,data\cache\clean\test\stylegan_xl_1440252ff76f525f\jpeg_q30.jpg
stylegan_xl_17f8bf0ef8d2f478,jpeg_q30,stylegan_xl,stylegan_xl,1,0.0944654643535614,data\cache\clean\test\stylegan_xl_17f8bf0ef8d2f478\jpeg_q30.jpg
stylegan_xl_2013fe0d44f84041,jpeg_q30,stylegan_xl,stylegan_xl,1,0.07309461385011673,data\cache\clean\test\stylegan_xl_2013fe0d44f84041\jpeg_q30.jpg
stylegan_xl_324e332686aa6966,jpeg_q30,stylegan_xl,stylegan_xl,1,0.227460116147995,data\cache\clean\test\stylegan_xl_324e332686aa6966\jpeg_q30.jpg
stylegan_xl_3621cf0be1fc8d68,jpeg_q30,stylegan_xl,stylegan_xl,1,0.05509287118911743,data\cache\clean\test\stylegan_xl_3621cf0be1fc8d68\jpeg_q30.jpg
stylegan_xl_38c489e3b0d8c700,jpeg_q30,stylegan_xl,stylegan_xl,1,0.3044068515300751,data\cache\clean\test\stylegan_xl_38c489e3b0d8c700\jpeg_q30.jpg
stylegan_xl_3b5e18f8fc06450d,jpeg_q30,stylegan_xl,stylegan_xl,1,0.04490985721349716,data\cache\clean\test\stylegan_xl_3b5e18f8fc06450d\jpeg_q30.jpg
stylegan_xl_43847,jpeg_q30,stylegan_xl,stylegan_xl,1,0.09070269763469696,data\cache\clean\test\stylegan_xl_43847\jpeg_q30.jpg
stylegan_xl_45602,jpeg_q30,stylegan_xl,stylegan_xl,1,0.11381808668375015,data\cache\clean\test\stylegan_xl_45602\jpeg_q30.jpg
stylegan_xl_48611,jpeg_q30,stylegan_xl,stylegan_xl,1,0.18486425280570984,data\cache\clean\test\stylegan_xl_48611\jpeg_q30.jpg
stylegan_xl_49074,jpeg_q30,stylegan_xl,stylegan_xl,1,0.2677950859069824,data\cache\clean\test\stylegan_xl_49074\jpeg_q30.jpg
stylegan_xl_4f991f9638e28675,jpeg_q30,stylegan_xl,stylegan_xl,1,0.1541825532913208,data\cache\clean\test\stylegan_xl_4f991f9638e28675\jpeg_q30.jpg
stylegan_xl_53551,jpeg_q30,stylegan_xl,stylegan_xl,1,0.44142353534698486,data\cache\clean\test\stylegan_xl_53551\jpeg_q30.jpg
stylegan_xl_60ed9d3511d333bf,jpeg_q30,stylegan_xl,stylegan_xl,1,0.19725650548934937,data\cache\clean\test\stylegan_xl_60ed9d3511d333bf\jpeg_q30.jpg
stylegan_xl_65bb283a1280639e,jpeg_q30,stylegan_xl,stylegan_xl,1,0.14968809485435486,data\cache\clean\test\stylegan_xl_65bb283a1280639e\jpeg_q30.jpg
stylegan_xl_729fee52c5b7f95b,jpeg_q30,stylegan_xl,stylegan_xl,1,0.20537492632865906,data\cache\clean\test\stylegan_xl_729fee52c5b7f95b\jpeg_q30.jpg
stylegan_xl_7a863857aa371fb7,jpeg_q30,stylegan_xl,stylegan_xl,1,0.434360146522522,data\cache\clean\test\stylegan_xl_7a863857aa371fb7\jpeg_q30.jpg
stylegan_xl_7d433e90bcd7bd53,jpeg_q30,stylegan_xl,stylegan_xl,1,0.07786444574594498,data\cache\clean\test\stylegan_xl_7d433e90bcd7bd53\jpeg_q30.jpg
stylegan_xl_7ffebe6032f8209f,jpeg_q30,stylegan_xl,stylegan_xl,1,0.09235735237598419,data\cache\clean\test\stylegan_xl_7ffebe6032f8209f\jpeg_q30.jpg
stylegan_xl_80fc8be6e7c11eb3,jpeg_q30,stylegan_xl,stylegan_xl,1,0.02434016391634941,data\cache\clean\test\stylegan_xl_80fc8be6e7c11eb3\jpeg_q30.jpg
stylegan_xl_8461b1ae87c22c20,jpeg_q30,stylegan_xl,stylegan_xl,1,0.4249964952468872,data\cache\clean\test\stylegan_xl_8461b1ae87c22c20\jpeg_q30.jpg
stylegan_xl_8f9dfd75dde8914f,jpeg_q30,stylegan_xl,stylegan_xl,1,0.029823509976267815,data\cache\clean\test\stylegan_xl_8f9dfd75dde8914f\jpeg_q30.jpg
stylegan_xl_a1ed16fffc5ecb68,jpeg_q30,stylegan_xl,stylegan_xl,1,0.08840369433164597,data\cache\clean\test\stylegan_xl_a1ed16fffc5ecb68\jpeg_q30.jpg
stylegan_xl_a72f3ace10a8f550,jpeg_q30,stylegan_xl,stylegan_xl,1,0.035153090953826904,data\cache\clean\test\stylegan_xl_a72f3ace10a8f550\jpeg_q30.jpg
stylegan_xl_ae09b95535340878,jpeg_q30,stylegan_xl,stylegan_xl,1,0.29639044404029846,data\cache\clean\test\stylegan_xl_ae09b95535340878\jpeg_q30.jpg
stylegan_xl_b6abe358484b287a,jpeg_q30,stylegan_xl,stylegan_xl,1,0.17239683866500854,data\cache\clean\test\stylegan_xl_b6abe358484b287a\jpeg_q30.jpg
stylegan_xl_c9421141bcf3a15a,jpeg_q30,stylegan_xl,stylegan_xl,1,0.20621073246002197,data\cache\clean\test\stylegan_xl_c9421141bcf3a15a\jpeg_q30.jpg
stylegan_xl_cccbc1d57a7e095e,jpeg_q30,stylegan_xl,stylegan_xl,1,0.412879079580307,data\cache\clean\test\stylegan_xl_cccbc1d57a7e095e\jpeg_q30.jpg
stylegan_xl_cf9c332a1ebfb587,jpeg_q30,stylegan_xl,stylegan_xl,1,0.36645737290382385,data\cache\clean\test\stylegan_xl_cf9c332a1ebfb587\jpeg_q30.jpg
stylegan_xl_d686a15f05d09472,jpeg_q30,stylegan_xl,stylegan_xl,1,0.18113911151885986,data\cache\clean\test\stylegan_xl_d686a15f05d09472\jpeg_q30.jpg
stylegan_xl_e4b8e7ef72cabaf2,jpeg_q30,stylegan_xl,stylegan_xl,1,0.41700318455696106,data\cache\clean\test\stylegan_xl_e4b8e7ef72cabaf2\jpeg_q30.jpg
stylegan_xl_f2ea3473d8b1a62f,jpeg_q30,stylegan_xl,stylegan_xl,1,0.07447800040245056,data\cache\clean\test\stylegan_xl_f2ea3473d8b1a62f\jpeg_q30.jpg
stylegan_xl_f4a503e24265a7e1,jpeg_q30,stylegan_xl,stylegan_xl,1,0.36804622411727905,data\cache\clean\test\stylegan_xl_f4a503e24265a7e1\jpeg_q30.jpg
stylegan_xl_fef6a66b8deaa7ab,jpeg_q30,stylegan_xl,stylegan_xl,1,0.013764668256044388,data\cache\clean\test\stylegan_xl_fef6a66b8deaa7ab\jpeg_q30.jpg
cifake_1088 (3),jpeg_q50,cifake,stable_diffusion,1,0.18096838891506195,data\cache\clean\test\cifake_1088 (3)\jpeg_q50.jpg
cifake_1167 (3),jpeg_q50,cifake,stable_diffusion,1,0.17399892210960388,data\cache\clean\test\cifake_1167 (3)\jpeg_q50.jpg
cifake_1270 (7),jpeg_q50,cifake,stable_diffusion,1,0.3806036412715912,data\cache\clean\test\cifake_1270 (7)\jpeg_q50.jpg
cifake_1612 (9),jpeg_q50,cifake,stable_diffusion,1,0.4328799843788147,data\cache\clean\test\cifake_1612 (9)\jpeg_q50.jpg
cifake_1629 (9),jpeg_q50,cifake,stable_diffusion,1,0.44134020805358887,data\cache\clean\test\cifake_1629 (9)\jpeg_q50.jpg
cifake_1753 (7),jpeg_q50,cifake,stable_diffusion,1,0.43330028653144836,data\cache\clean\test\cifake_1753 (7)\jpeg_q50.jpg
cifake_1995 (4),jpeg_q50,cifake,stable_diffusion,1,0.43169352412223816,data\cache\clean\test\cifake_1995 (4)\jpeg_q50.jpg
cifake_2286 (2),jpeg_q50,cifake,stable_diffusion,1,0.2852519452571869,data\cache\clean\test\cifake_2286 (2)\jpeg_q50.jpg
cifake_2588 (7),jpeg_q50,cifake,stable_diffusion,1,0.2504862844944,data\cache\clean\test\cifake_2588 (7)\jpeg_q50.jpg
cifake_2831,jpeg_q50,cifake,stable_diffusion,1,0.28734469413757324,data\cache\clean\test\cifake_2831\jpeg_q50.jpg
cifake_2850 (3),jpeg_q50,cifake,stable_diffusion,1,0.4618133306503296,data\cache\clean\test\cifake_2850 (3)\jpeg_q50.jpg
cifake_3006 (4)_1,jpeg_q50,cifake,stable_diffusion,1,0.456400990486145,data\cache\clean\test\cifake_3006 (4)_1\jpeg_q50.jpg
cifake_3339 (9),jpeg_q50,cifake,stable_diffusion,1,0.17969688773155212,data\cache\clean\test\cifake_3339 (9)\jpeg_q50.jpg
cifake_3379 (8),jpeg_q50,cifake,stable_diffusion,1,0.22326678037643433,data\cache\clean\test\cifake_3379 (8)\jpeg_q50.jpg
cifake_3395 (5),jpeg_q50,cifake,stable_diffusion,1,0.2725844979286194,data\cache\clean\test\cifake_3395 (5)\jpeg_q50.jpg
cifake_3582 (9),jpeg_q50,cifake,stable_diffusion,1,0.16858957707881927,data\cache\clean\test\cifake_3582 (9)\jpeg_q50.jpg
cifake_3750 (6),jpeg_q50,cifake,stable_diffusion,1,0.19350790977478027,data\cache\clean\test\cifake_3750 (6)\jpeg_q50.jpg
cifake_4127 (3),jpeg_q50,cifake,stable_diffusion,1,0.1362989842891693,data\cache\clean\test\cifake_4127 (3)\jpeg_q50.jpg
cifake_4615 (3),jpeg_q50,cifake,stable_diffusion,1,0.27712953090667725,data\cache\clean\test\cifake_4615 (3)\jpeg_q50.jpg
cifake_462 (2),jpeg_q50,cifake,stable_diffusion,1,0.4050731062889099,data\cache\clean\test\cifake_462 (2)\jpeg_q50.jpg
cifake_5221 (3),jpeg_q50,cifake,stable_diffusion,1,0.07695738226175308,data\cache\clean\test\cifake_5221 (3)\jpeg_q50.jpg
cifake_5470 (4),jpeg_q50,cifake,stable_diffusion,1,0.3091159462928772,data\cache\clean\test\cifake_5470 (4)\jpeg_q50.jpg
cifake_5607,jpeg_q50,cifake,stable_diffusion,1,0.45191827416419983,data\cache\clean\test\cifake_5607\jpeg_q50.jpg
cifake_5607 (3),jpeg_q50,cifake,stable_diffusion,1,0.10832511633634567,data\cache\clean\test\cifake_5607 (3)\jpeg_q50.jpg
cifake_5821 (4),jpeg_q50,cifake,stable_diffusion,1,0.4680221378803253,data\cache\clean\test\cifake_5821 (4)\jpeg_q50.jpg
cifake_5831,jpeg_q50,cifake,stable_diffusion,1,0.46876123547554016,data\cache\clean\test\cifake_5831\jpeg_q50.jpg
cifake_784 (4),jpeg_q50,cifake,stable_diffusion,1,0.4834206998348236,data\cache\clean\test\cifake_784 (4)\jpeg_q50.jpg
cifake_939 (6),jpeg_q50,cifake,stable_diffusion,1,0.25643131136894226,data\cache\clean\test\cifake_939 (6)\jpeg_q50.jpg
cifake_954 (9),jpeg_q50,cifake,stable_diffusion,1,0.18668344616889954,data\cache\clean\test\cifake_954 (9)\jpeg_q50.jpg
dalle_17768,jpeg_q50,dalle,dalle,1,0.40504732728004456,data\cache\clean\test\dalle_17768\jpeg_q50.jpg
dalle_19157,jpeg_q50,dalle,dalle,1,0.11430108547210693,data\cache\clean\test\dalle_19157\jpeg_q50.jpg
dalle_19590,jpeg_q50,dalle,dalle,1,0.4235336482524872,data\cache\clean\test\dalle_19590\jpeg_q50.jpg
dalle_20080,jpeg_q50,dalle,dalle,1,0.2027137577533722,data\cache\clean\test\dalle_20080\jpeg_q50.jpg
dalle_2561,jpeg_q50,dalle,dalle,1,0.4018022119998932,data\cache\clean\test\dalle_2561\jpeg_q50.jpg
dalle_27029,jpeg_q50,dalle,dalle,1,0.40004685521125793,data\cache\clean\test\dalle_27029\jpeg_q50.jpg
dalle_40387,jpeg_q50,dalle,dalle,1,0.4269336760044098,data\cache\clean\test\dalle_40387\jpeg_q50.jpg
dalle_41791,jpeg_q50,dalle,dalle,1,0.10287582874298096,data\cache\clean\test\dalle_41791\jpeg_q50.jpg
dalle_41855,jpeg_q50,dalle,dalle,1,0.43756985664367676,data\cache\clean\test\dalle_41855\jpeg_q50.jpg
dalle_6f0f61883f111368d770c54801f33449,jpeg_q50,dalle,dalle,1,0.07808679342269897,data\cache\clean\test\dalle_6f0f61883f111368d770c54801f33449\jpeg_q50.jpg
dalle_8017,jpeg_q50,dalle,dalle,1,0.11188150942325592,data\cache\clean\test\dalle_8017\jpeg_q50.jpg
dalle_9068,jpeg_q50,dalle,dalle,1,0.49430662393569946,data\cache\clean\test\dalle_9068\jpeg_q50.jpg
gigagan_05738,jpeg_q50,gigagan,gigagan,1,0.28649741411209106,data\cache\clean\test\gigagan_05738\jpeg_q50.jpg
gigagan_06526,jpeg_q50,gigagan,gigagan,1,0.43759819865226746,data\cache\clean\test\gigagan_06526\jpeg_q50.jpg
gigagan_07350,jpeg_q50,gigagan,gigagan,1,0.11622583121061325,data\cache\clean\test\gigagan_07350\jpeg_q50.jpg
gigagan_10914,jpeg_q50,gigagan,gigagan,1,0.054718587547540665,data\cache\clean\test\gigagan_10914\jpeg_q50.jpg
gigagan_12083,jpeg_q50,gigagan,gigagan,1,0.3381912112236023,data\cache\clean\test\gigagan_12083\jpeg_q50.jpg
gigagan_14071,jpeg_q50,gigagan,gigagan,1,0.036320656538009644,data\cache\clean\test\gigagan_14071\jpeg_q50.jpg
gigagan_14138,jpeg_q50,gigagan,gigagan,1,0.33153507113456726,data\cache\clean\test\gigagan_14138\jpeg_q50.jpg
gigagan_14858,jpeg_q50,gigagan,gigagan,1,0.4605714976787567,data\cache\clean\test\gigagan_14858\jpeg_q50.jpg
gigagan_15454,jpeg_q50,gigagan,gigagan,1,0.1302202343940735,data\cache\clean\test\gigagan_15454\jpeg_q50.jpg
gigagan_15561,jpeg_q50,gigagan,gigagan,1,0.017656441777944565,data\cache\clean\test\gigagan_15561\jpeg_q50.jpg
gigagan_15694,jpeg_q50,gigagan,gigagan,1,0.42063331604003906,data\cache\clean\test\gigagan_15694\jpeg_q50.jpg
gigagan_19199,jpeg_q50,gigagan,gigagan,1,0.29852110147476196,data\cache\clean\test\gigagan_19199\jpeg_q50.jpg
gigagan_20207,jpeg_q50,gigagan,gigagan,1,0.11741700768470764,data\cache\clean\test\gigagan_20207\jpeg_q50.jpg
gigagan_21011,jpeg_q50,gigagan,gigagan,1,0.2982688844203949,data\cache\clean\test\gigagan_21011\jpeg_q50.jpg
gigagan_21116,jpeg_q50,gigagan,gigagan,1,0.37574514746665955,data\cache\clean\test\gigagan_21116\jpeg_q50.jpg
gigagan_21611,jpeg_q50,gigagan,gigagan,1,0.3208726644515991,data\cache\clean\test\gigagan_21611\jpeg_q50.jpg
gigagan_22418,jpeg_q50,gigagan,gigagan,1,0.07952527701854706,data\cache\clean\test\gigagan_22418\jpeg_q50.jpg
gigagan_23834,jpeg_q50,gigagan,gigagan,1,0.3163132071495056,data\cache\clean\test\gigagan_23834\jpeg_q50.jpg
gigagan_24679,jpeg_q50,gigagan,gigagan,1,0.07342138886451721,data\cache\clean\test\gigagan_24679\jpeg_q50.jpg
gigagan_25090,jpeg_q50,gigagan,gigagan,1,0.09292016178369522,data\cache\clean\test\gigagan_25090\jpeg_q50.jpg
gigagan_28945,jpeg_q50,gigagan,gigagan,1,0.4396904706954956,data\cache\clean\test\gigagan_28945\jpeg_q50.jpg
imagen3_045e6da6fd7f6fb0,jpeg_q50,imagen3,imagen3,1,0.29514816403388977,data\cache\clean\test\imagen3_045e6da6fd7f6fb0\jpeg_q50.jpg
imagen3_07747d6ffd056bee,jpeg_q50,imagen3,imagen3,1,0.3903737962245941,data\cache\clean\test\imagen3_07747d6ffd056bee\jpeg_q50.jpg
imagen3_13ed1f9391224848,jpeg_q50,imagen3,imagen3,1,0.06946102529764175,data\cache\clean\test\imagen3_13ed1f9391224848\jpeg_q50.jpg
imagen3_15906,jpeg_q50,imagen3,imagen3,1,0.0738658756017685,data\cache\clean\test\imagen3_15906\jpeg_q50.jpg
imagen3_17643da56f35c6f7,jpeg_q50,imagen3,imagen3,1,0.01032768003642559,data\cache\clean\test\imagen3_17643da56f35c6f7\jpeg_q50.jpg
imagen3_17919c9ffd792ad9,jpeg_q50,imagen3,imagen3,1,0.2743750810623169,data\cache\clean\test\imagen3_17919c9ffd792ad9\jpeg_q50.jpg
imagen3_1fe9a0379cffa709,jpeg_q50,imagen3,imagen3,1,0.1165117621421814,data\cache\clean\test\imagen3_1fe9a0379cffa709\jpeg_q50.jpg
imagen3_24e64d19ddde11cb,jpeg_q50,imagen3,imagen3,1,0.002476739464327693,data\cache\clean\test\imagen3_24e64d19ddde11cb\jpeg_q50.jpg
imagen3_260ae6b06f1f50e2,jpeg_q50,imagen3,imagen3,1,0.009296524338424206,data\cache\clean\test\imagen3_260ae6b06f1f50e2\jpeg_q50.jpg
imagen3_2be4510162a8a76e,jpeg_q50,imagen3,imagen3,1,0.37126848101615906,data\cache\clean\test\imagen3_2be4510162a8a76e\jpeg_q50.jpg
imagen3_3403b18fc93acbfc,jpeg_q50,imagen3,imagen3,1,0.03337186947464943,data\cache\clean\test\imagen3_3403b18fc93acbfc\jpeg_q50.jpg
imagen3_43058,jpeg_q50,imagen3,imagen3,1,0.00958811491727829,data\cache\clean\test\imagen3_43058\jpeg_q50.jpg
imagen3_44015,jpeg_q50,imagen3,imagen3,1,0.17066539824008942,data\cache\clean\test\imagen3_44015\jpeg_q50.jpg
imagen3_46922,jpeg_q50,imagen3,imagen3,1,0.13770247995853424,data\cache\clean\test\imagen3_46922\jpeg_q50.jpg
imagen3_473ffc5e3d5dc373,jpeg_q50,imagen3,imagen3,1,0.28923672437667847,data\cache\clean\test\imagen3_473ffc5e3d5dc373\jpeg_q50.jpg
imagen3_51659,jpeg_q50,imagen3,imagen3,1,0.3741167187690735,data\cache\clean\test\imagen3_51659\jpeg_q50.jpg
imagen3_519f5c348fe55fcd,jpeg_q50,imagen3,imagen3,1,0.055098097771406174,data\cache\clean\test\imagen3_519f5c348fe55fcd\jpeg_q50.jpg
imagen3_52115,jpeg_q50,imagen3,imagen3,1,0.3785632252693176,data\cache\clean\test\imagen3_52115\jpeg_q50.jpg
imagen3_52520,jpeg_q50,imagen3,imagen3,1,0.1872033327817917,data\cache\clean\test\imagen3_52520\jpeg_q50.jpg
imagen3_560ead164dab63a5,jpeg_q50,imagen3,imagen3,1,0.4658544659614563,data\cache\clean\test\imagen3_560ead164dab63a5\jpeg_q50.jpg
imagen3_5a7405b5ead307fb,jpeg_q50,imagen3,imagen3,1,0.21852727234363556,data\cache\clean\test\imagen3_5a7405b5ead307fb\jpeg_q50.jpg
imagen3_5e95809bd47d157b,jpeg_q50,imagen3,imagen3,1,0.3085295259952545,data\cache\clean\test\imagen3_5e95809bd47d157b\jpeg_q50.jpg
imagen3_69467160e53f71bc,jpeg_q50,imagen3,imagen3,1,0.24372927844524384,data\cache\clean\test\imagen3_69467160e53f71bc\jpeg_q50.jpg
imagen3_6a8270ea182a9194,jpeg_q50,imagen3,imagen3,1,0.0620163269340992,data\cache\clean\test\imagen3_6a8270ea182a9194\jpeg_q50.jpg
imagen3_6c7624322b04ce43,jpeg_q50,imagen3,imagen3,1,0.022547490894794464,data\cache\clean\test\imagen3_6c7624322b04ce43\jpeg_q50.jpg
imagen3_77fb2d4f372634f8,jpeg_q50,imagen3,imagen3,1,0.038522154092788696,data\cache\clean\test\imagen3_77fb2d4f372634f8\jpeg_q50.jpg
imagen3_7e3e1e738f642f1a,jpeg_q50,imagen3,imagen3,1,0.3580303490161896,data\cache\clean\test\imagen3_7e3e1e738f642f1a\jpeg_q50.jpg
imagen3_7ee1485909c59826,jpeg_q50,imagen3,imagen3,1,0.3884335458278656,data\cache\clean\test\imagen3_7ee1485909c59826\jpeg_q50.jpg
imagen3_8b13dc3bff918841,jpeg_q50,imagen3,imagen3,1,0.07690068334341049,data\cache\clean\test\imagen3_8b13dc3bff918841\jpeg_q50.jpg
imagen3_8c20e4bf83ffff36,jpeg_q50,imagen3,imagen3,1,0.4310716688632965,data\cache\clean\test\imagen3_8c20e4bf83ffff36\jpeg_q50.jpg
imagen3_8e6f8acd28fd8f35,jpeg_q50,imagen3,imagen3,1,0.25293654203414917,data\cache\clean\test\imagen3_8e6f8acd28fd8f35\jpeg_q50.jpg
imagen3_9e82651e214a25c8,jpeg_q50,imagen3,imagen3,1,0.05385400727391243,data\cache\clean\test\imagen3_9e82651e214a25c8\jpeg_q50.jpg
imagen3_a1b5be9a5f0d1f7a,jpeg_q50,imagen3,imagen3,1,0.1713789999485016,data\cache\clean\test\imagen3_a1b5be9a5f0d1f7a\jpeg_q50.jpg
imagen3_a90890e19b242beb,jpeg_q50,imagen3,imagen3,1,0.4213806688785553,data\cache\clean\test\imagen3_a90890e19b242beb\jpeg_q50.jpg
imagen3_aa13646e437b7afa,jpeg_q50,imagen3,imagen3,1,0.06738568097352982,data\cache\clean\test\imagen3_aa13646e437b7afa\jpeg_q50.jpg
imagen3_ad860df8c2a1a848,jpeg_q50,imagen3,imagen3,1,0.07159354537725449,data\cache\clean\test\imagen3_ad860df8c2a1a848\jpeg_q50.jpg
imagen3_b69c9976ced306d1,jpeg_q50,imagen3,imagen3,1,0.280832976102829,data\cache\clean\test\imagen3_b69c9976ced306d1\jpeg_q50.jpg
imagen3_ca44bb7db1e73a9a,jpeg_q50,imagen3,imagen3,1,0.0962219312787056,data\cache\clean\test\imagen3_ca44bb7db1e73a9a\jpeg_q50.jpg
imagen3_d326e7c87fb1d966,jpeg_q50,imagen3,imagen3,1,0.1581346094608307,data\cache\clean\test\imagen3_d326e7c87fb1d966\jpeg_q50.jpg
imagen3_e63f3b6f8bdee43a,jpeg_q50,imagen3,imagen3,1,0.005583821330219507,data\cache\clean\test\imagen3_e63f3b6f8bdee43a\jpeg_q50.jpg
imagen3_eaf94916ce926270,jpeg_q50,imagen3,imagen3,1,0.23118162155151367,data\cache\clean\test\imagen3_eaf94916ce926270\jpeg_q50.jpg
imagen3_f2da05bffbe27dab,jpeg_q50,imagen3,imagen3,1,0.40904316306114197,data\cache\clean\test\imagen3_f2da05bffbe27dab\jpeg_q50.jpg
imagen3_f69a20bda8f47fea,jpeg_q50,imagen3,imagen3,1,0.18699751794338226,data\cache\clean\test\imagen3_f69a20bda8f47fea\jpeg_q50.jpg
imagen3_fa8535259782583b,jpeg_q50,imagen3,imagen3,1,0.2652578353881836,data\cache\clean\test\imagen3_fa8535259782583b\jpeg_q50.jpg
imagen3_fe7048efd51b15b8,jpeg_q50,imagen3,imagen3,1,0.10479046404361725,data\cache\clean\test\imagen3_fe7048efd51b15b8\jpeg_q50.jpg
imagen3_Imagen3_1208,jpeg_q50,imagen3,imagen3,1,0.49116748571395874,data\cache\clean\test\imagen3_Imagen3_1208\jpeg_q50.jpg
imagen3_Imagen3_2445,jpeg_q50,imagen3,imagen3,1,0.411512166261673,data\cache\clean\test\imagen3_Imagen3_2445\jpeg_q50.jpg
imagen3_Imagen3_3556,jpeg_q50,imagen3,imagen3,1,0.23477903008460999,data\cache\clean\test\imagen3_Imagen3_3556\jpeg_q50.jpg
sidset_full_synthetic_017359,jpeg_q50,sidset,full_synthetic,1,0.12393147498369217,data\cache\clean\test\sidset_full_synthetic_017359\jpeg_q50.jpg
sidset_full_synthetic_048809,jpeg_q50,sidset,full_synthetic,1,0.3925136923789978,data\cache\clean\test\sidset_full_synthetic_048809\jpeg_q50.jpg
sidset_full_synthetic_060524,jpeg_q50,sidset,full_synthetic,1,0.2632015347480774,data\cache\clean\test\sidset_full_synthetic_060524\jpeg_q50.jpg
sidset_full_synthetic_062086,jpeg_q50,sidset,full_synthetic,1,0.3505256772041321,data\cache\clean\test\sidset_full_synthetic_062086\jpeg_q50.jpg
sidset_full_synthetic_063062,jpeg_q50,sidset,full_synthetic,1,0.31701338291168213,data\cache\clean\test\sidset_full_synthetic_063062\jpeg_q50.jpg
stylegan_xl_0097a2e24789bc7a,jpeg_q50,stylegan_xl,stylegan_xl,1,0.0787394568324089,data\cache\clean\test\stylegan_xl_0097a2e24789bc7a\jpeg_q50.jpg
stylegan_xl_00a4591cf03df584,jpeg_q50,stylegan_xl,stylegan_xl,1,0.008238309994339943,data\cache\clean\test\stylegan_xl_00a4591cf03df584\jpeg_q50.jpg
stylegan_xl_031391f1ab18ab62,jpeg_q50,stylegan_xl,stylegan_xl,1,0.18538610637187958,data\cache\clean\test\stylegan_xl_031391f1ab18ab62\jpeg_q50.jpg
stylegan_xl_0a4244f8a9185bad,jpeg_q50,stylegan_xl,stylegan_xl,1,0.27797731757164,data\cache\clean\test\stylegan_xl_0a4244f8a9185bad\jpeg_q50.jpg
stylegan_xl_0f7efa4c31bcd8f4,jpeg_q50,stylegan_xl,stylegan_xl,1,0.008130171336233616,data\cache\clean\test\stylegan_xl_0f7efa4c31bcd8f4\jpeg_q50.jpg
stylegan_xl_1060d58257bc5130,jpeg_q50,stylegan_xl,stylegan_xl,1,0.08856543898582458,data\cache\clean\test\stylegan_xl_1060d58257bc5130\jpeg_q50.jpg
stylegan_xl_1440252ff76f525f,jpeg_q50,stylegan_xl,stylegan_xl,1,0.3503912091255188,data\cache\clean\test\stylegan_xl_1440252ff76f525f\jpeg_q50.jpg
stylegan_xl_17f8bf0ef8d2f478,jpeg_q50,stylegan_xl,stylegan_xl,1,0.09629939496517181,data\cache\clean\test\stylegan_xl_17f8bf0ef8d2f478\jpeg_q50.jpg
stylegan_xl_2013fe0d44f84041,jpeg_q50,stylegan_xl,stylegan_xl,1,0.05233921483159065,data\cache\clean\test\stylegan_xl_2013fe0d44f84041\jpeg_q50.jpg
stylegan_xl_324e332686aa6966,jpeg_q50,stylegan_xl,stylegan_xl,1,0.2282135784626007,data\cache\clean\test\stylegan_xl_324e332686aa6966\jpeg_q50.jpg
stylegan_xl_3621cf0be1fc8d68,jpeg_q50,stylegan_xl,stylegan_xl,1,0.05262070894241333,data\cache\clean\test\stylegan_xl_3621cf0be1fc8d68\jpeg_q50.jpg
stylegan_xl_38c489e3b0d8c700,jpeg_q50,stylegan_xl,stylegan_xl,1,0.3269544541835785,data\cache\clean\test\stylegan_xl_38c489e3b0d8c700\jpeg_q50.jpg
stylegan_xl_3b5e18f8fc06450d,jpeg_q50,stylegan_xl,stylegan_xl,1,0.033019013702869415,data\cache\clean\test\stylegan_xl_3b5e18f8fc06450d\jpeg_q50.jpg
stylegan_xl_43847,jpeg_q50,stylegan_xl,stylegan_xl,1,0.0503322072327137,data\cache\clean\test\stylegan_xl_43847\jpeg_q50.jpg
stylegan_xl_45602,jpeg_q50,stylegan_xl,stylegan_xl,1,0.09170142561197281,data\cache\clean\test\stylegan_xl_45602\jpeg_q50.jpg
stylegan_xl_48611,jpeg_q50,stylegan_xl,stylegan_xl,1,0.28096845746040344,data\cache\clean\test\stylegan_xl_48611\jpeg_q50.jpg
stylegan_xl_49539,jpeg_q50,stylegan_xl,stylegan_xl,1,0.3473990261554718,data\cache\clean\test\stylegan_xl_49539\jpeg_q50.jpg
stylegan_xl_4f991f9638e28675,jpeg_q50,stylegan_xl,stylegan_xl,1,0.1308322697877884,data\cache\clean\test\stylegan_xl_4f991f9638e28675\jpeg_q50.jpg
stylegan_xl_53551,jpeg_q50,stylegan_xl,stylegan_xl,1,0.3419268727302551,data\cache\clean\test\stylegan_xl_53551\jpeg_q50.jpg
stylegan_xl_60ed9d3511d333bf,jpeg_q50,stylegan_xl,stylegan_xl,1,0.22626689076423645,data\cache\clean\test\stylegan_xl_60ed9d3511d333bf\jpeg_q50.jpg
stylegan_xl_65bb283a1280639e,jpeg_q50,stylegan_xl,stylegan_xl,1,0.14940330386161804,data\cache\clean\test\stylegan_xl_65bb283a1280639e\jpeg_q50.jpg
stylegan_xl_729fee52c5b7f95b,jpeg_q50,stylegan_xl,stylegan_xl,1,0.1717400848865509,data\cache\clean\test\stylegan_xl_729fee52c5b7f95b\jpeg_q50.jpg
stylegan_xl_7a863857aa371fb7,jpeg_q50,stylegan_xl,stylegan_xl,1,0.4863469898700714,data\cache\clean\test\stylegan_xl_7a863857aa371fb7\jpeg_q50.jpg
stylegan_xl_7d433e90bcd7bd53,jpeg_q50,stylegan_xl,stylegan_xl,1,0.06170317530632019,data\cache\clean\test\stylegan_xl_7d433e90bcd7bd53\jpeg_q50.jpg
stylegan_xl_7ffebe6032f8209f,jpeg_q50,stylegan_xl,stylegan_xl,1,0.12188112735748291,data\cache\clean\test\stylegan_xl_7ffebe6032f8209f\jpeg_q50.jpg
stylegan_xl_80fc8be6e7c11eb3,jpeg_q50,stylegan_xl,stylegan_xl,1,0.027140088379383087,data\cache\clean\test\stylegan_xl_80fc8be6e7c11eb3\jpeg_q50.jpg
stylegan_xl_8461b1ae87c22c20,jpeg_q50,stylegan_xl,stylegan_xl,1,0.49777477979660034,data\cache\clean\test\stylegan_xl_8461b1ae87c22c20\jpeg_q50.jpg
stylegan_xl_8f9dfd75dde8914f,jpeg_q50,stylegan_xl,stylegan_xl,1,0.08904405683279037,data\cache\clean\test\stylegan_xl_8f9dfd75dde8914f\jpeg_q50.jpg
stylegan_xl_91fb9195a35b7711,jpeg_q50,stylegan_xl,stylegan_xl,1,0.4454648792743683,data\cache\clean\test\stylegan_xl_91fb9195a35b7711\jpeg_q50.jpg
stylegan_xl_a1ed16fffc5ecb68,jpeg_q50,stylegan_xl,stylegan_xl,1,0.06383196264505386,data\cache\clean\test\stylegan_xl_a1ed16fffc5ecb68\jpeg_q50.jpg
stylegan_xl_a72f3ace10a8f550,jpeg_q50,stylegan_xl,stylegan_xl,1,0.015173635445535183,data\cache\clean\test\stylegan_xl_a72f3ace10a8f550\jpeg_q50.jpg
stylegan_xl_ae09b95535340878,jpeg_q50,stylegan_xl,stylegan_xl,1,0.3137614130973816,data\cache\clean\test\stylegan_xl_ae09b95535340878\jpeg_q50.jpg
stylegan_xl_b6abe358484b287a,jpeg_q50,stylegan_xl,stylegan_xl,1,0.17899227142333984,data\cache\clean\test\stylegan_xl_b6abe358484b287a\jpeg_q50.jpg
stylegan_xl_c9421141bcf3a15a,jpeg_q50,stylegan_xl,stylegan_xl,1,0.24398265779018402,data\cache\clean\test\stylegan_xl_c9421141bcf3a15a\jpeg_q50.jpg
stylegan_xl_cccbc1d57a7e095e,jpeg_q50,stylegan_xl,stylegan_xl,1,0.42606163024902344,data\cache\clean\test\stylegan_xl_cccbc1d57a7e095e\jpeg_q50.jpg
stylegan_xl_cf9c332a1ebfb587,jpeg_q50,stylegan_xl,stylegan_xl,1,0.38530445098876953,data\cache\clean\test\stylegan_xl_cf9c332a1ebfb587\jpeg_q50.jpg
stylegan_xl_d686a15f05d09472,jpeg_q50,stylegan_xl,stylegan_xl,1,0.20162247121334076,data\cache\clean\test\stylegan_xl_d686a15f05d09472\jpeg_q50.jpg
stylegan_xl_e4b8e7ef72cabaf2,jpeg_q50,stylegan_xl,stylegan_xl,1,0.04127868637442589,data\cache\clean\test\stylegan_xl_e4b8e7ef72cabaf2\jpeg_q50.jpg
stylegan_xl_f2ea3473d8b1a62f,jpeg_q50,stylegan_xl,stylegan_xl,1,0.07083876430988312,data\cache\clean\test\stylegan_xl_f2ea3473d8b1a62f\jpeg_q50.jpg
stylegan_xl_f4a503e24265a7e1,jpeg_q50,stylegan_xl,stylegan_xl,1,0.38519346714019775,data\cache\clean\test\stylegan_xl_f4a503e24265a7e1\jpeg_q50.jpg
stylegan_xl_fef6a66b8deaa7ab,jpeg_q50,stylegan_xl,stylegan_xl,1,0.014017242938280106,data\cache\clean\test\stylegan_xl_fef6a66b8deaa7ab\jpeg_q50.jpg
cifake_1167 (3),jpeg_q70,cifake,stable_diffusion,1,0.37067192792892456,data\cache\clean\test\cifake_1167 (3)\jpeg_q70.jpg
cifake_1270 (7),jpeg_q70,cifake,stable_diffusion,1,0.3285955488681793,data\cache\clean\test\cifake_1270 (7)\jpeg_q70.jpg
cifake_1297 (6),jpeg_q70,cifake,stable_diffusion,1,0.23207394778728485,data\cache\clean\test\cifake_1297 (6)\jpeg_q70.jpg
cifake_1629 (9),jpeg_q70,cifake,stable_diffusion,1,0.40575507283210754,data\cache\clean\test\cifake_1629 (9)\jpeg_q70.jpg
cifake_1927 (7),jpeg_q70,cifake,stable_diffusion,1,0.4723755121231079,data\cache\clean\test\cifake_1927 (7)\jpeg_q70.jpg
cifake_1995 (4),jpeg_q70,cifake,stable_diffusion,1,0.2872857451438904,data\cache\clean\test\cifake_1995 (4)\jpeg_q70.jpg
cifake_2286 (2),jpeg_q70,cifake,stable_diffusion,1,0.060874249786138535,data\cache\clean\test\cifake_2286 (2)\jpeg_q70.jpg
cifake_2437 (6),jpeg_q70,cifake,stable_diffusion,1,0.17193332314491272,data\cache\clean\test\cifake_2437 (6)\jpeg_q70.jpg
cifake_2787 (7),jpeg_q70,cifake,stable_diffusion,1,0.3995823562145233,data\cache\clean\test\cifake_2787 (7)\jpeg_q70.jpg
cifake_2831,jpeg_q70,cifake,stable_diffusion,1,0.1668473333120346,data\cache\clean\test\cifake_2831\jpeg_q70.jpg
cifake_2850 (3),jpeg_q70,cifake,stable_diffusion,1,0.33678922057151794,data\cache\clean\test\cifake_2850 (3)\jpeg_q70.jpg
cifake_3308 (6),jpeg_q70,cifake,stable_diffusion,1,0.3956804573535919,data\cache\clean\test\cifake_3308 (6)\jpeg_q70.jpg
cifake_3582 (9),jpeg_q70,cifake,stable_diffusion,1,0.22586505115032196,data\cache\clean\test\cifake_3582 (9)\jpeg_q70.jpg
cifake_3608,jpeg_q70,cifake,stable_diffusion,1,0.45424559712409973,data\cache\clean\test\cifake_3608\jpeg_q70.jpg
cifake_3702 (10),jpeg_q70,cifake,stable_diffusion,1,0.4456115961074829,data\cache\clean\test\cifake_3702 (10)\jpeg_q70.jpg
cifake_3750 (6),jpeg_q70,cifake,stable_diffusion,1,0.33251237869262695,data\cache\clean\test\cifake_3750 (6)\jpeg_q70.jpg
cifake_3961 (6),jpeg_q70,cifake,stable_diffusion,1,0.41758474707603455,data\cache\clean\test\cifake_3961 (6)\jpeg_q70.jpg
cifake_3975 (6),jpeg_q70,cifake,stable_diffusion,1,0.48305946588516235,data\cache\clean\test\cifake_3975 (6)\jpeg_q70.jpg
cifake_4127 (3),jpeg_q70,cifake,stable_diffusion,1,0.12827187776565552,data\cache\clean\test\cifake_4127 (3)\jpeg_q70.jpg
cifake_4606,jpeg_q70,cifake,stable_diffusion,1,0.3251594603061676,data\cache\clean\test\cifake_4606\jpeg_q70.jpg
cifake_4615 (3),jpeg_q70,cifake,stable_diffusion,1,0.11167845129966736,data\cache\clean\test\cifake_4615 (3)\jpeg_q70.jpg
cifake_462 (2),jpeg_q70,cifake,stable_diffusion,1,0.3758400082588196,data\cache\clean\test\cifake_462 (2)\jpeg_q70.jpg
cifake_4670 (4),jpeg_q70,cifake,stable_diffusion,1,0.39006543159484863,data\cache\clean\test\cifake_4670 (4)\jpeg_q70.jpg
cifake_5221 (3),jpeg_q70,cifake,stable_diffusion,1,0.20839937031269073,data\cache\clean\test\cifake_5221 (3)\jpeg_q70.jpg
cifake_5288 (5),jpeg_q70,cifake,stable_diffusion,1,0.47703680396080017,data\cache\clean\test\cifake_5288 (5)\jpeg_q70.jpg
cifake_5607,jpeg_q70,cifake,stable_diffusion,1,0.4833711087703705,data\cache\clean\test\cifake_5607\jpeg_q70.jpg
cifake_5607 (3),jpeg_q70,cifake,stable_diffusion,1,0.12673401832580566,data\cache\clean\test\cifake_5607 (3)\jpeg_q70.jpg
cifake_5831,jpeg_q70,cifake,stable_diffusion,1,0.4852583110332489,data\cache\clean\test\cifake_5831\jpeg_q70.jpg
cifake_5845 (9),jpeg_q70,cifake,stable_diffusion,1,0.38287612795829773,data\cache\clean\test\cifake_5845 (9)\jpeg_q70.jpg
cifake_784 (4),jpeg_q70,cifake,stable_diffusion,1,0.455078125,data\cache\clean\test\cifake_784 (4)\jpeg_q70.jpg
cifake_954 (9),jpeg_q70,cifake,stable_diffusion,1,0.07536100596189499,data\cache\clean\test\cifake_954 (9)\jpeg_q70.jpg
dalle_10420,jpeg_q70,dalle,dalle,1,0.31047728657722473,data\cache\clean\test\dalle_10420\jpeg_q70.jpg
dalle_19157,jpeg_q70,dalle,dalle,1,0.1963079869747162,data\cache\clean\test\dalle_19157\jpeg_q70.jpg
dalle_27029,jpeg_q70,dalle,dalle,1,0.4203284680843353,data\cache\clean\test\dalle_27029\jpeg_q70.jpg
dalle_33159,jpeg_q70,dalle,dalle,1,0.4191107749938965,data\cache\clean\test\dalle_33159\jpeg_q70.jpg
dalle_36430,jpeg_q70,dalle,dalle,1,0.24447470903396606,data\cache\clean\test\dalle_36430\jpeg_q70.jpg
dalle_40387,jpeg_q70,dalle,dalle,1,0.3353591561317444,data\cache\clean\test\dalle_40387\jpeg_q70.jpg
dalle_41791,jpeg_q70,dalle,dalle,1,0.09395425021648407,data\cache\clean\test\dalle_41791\jpeg_q70.jpg
dalle_6f0f61883f111368d770c54801f33449,jpeg_q70,dalle,dalle,1,0.1314028799533844,data\cache\clean\test\dalle_6f0f61883f111368d770c54801f33449\jpeg_q70.jpg
dalle_8017,jpeg_q70,dalle,dalle,1,0.11506064981222153,data\cache\clean\test\dalle_8017\jpeg_q70.jpg
gigagan_05738,jpeg_q70,gigagan,gigagan,1,0.47099578380584717,data\cache\clean\test\gigagan_05738\jpeg_q70.jpg
gigagan_07350,jpeg_q70,gigagan,gigagan,1,0.21463334560394287,data\cache\clean\test\gigagan_07350\jpeg_q70.jpg
gigagan_10769,jpeg_q70,gigagan,gigagan,1,0.24404819309711456,data\cache\clean\test\gigagan_10769\jpeg_q70.jpg
gigagan_10914,jpeg_q70,gigagan,gigagan,1,0.03732771798968315,data\cache\clean\test\gigagan_10914\jpeg_q70.jpg
gigagan_14071,jpeg_q70,gigagan,gigagan,1,0.057809919118881226,data\cache\clean\test\gigagan_14071\jpeg_q70.jpg
gigagan_14138,jpeg_q70,gigagan,gigagan,1,0.38676005601882935,data\cache\clean\test\gigagan_14138\jpeg_q70.jpg
gigagan_14858,jpeg_q70,gigagan,gigagan,1,0.30742618441581726,data\cache\clean\test\gigagan_14858\jpeg_q70.jpg
gigagan_15454,jpeg_q70,gigagan,gigagan,1,0.2396470159292221,data\cache\clean\test\gigagan_15454\jpeg_q70.jpg
gigagan_15561,jpeg_q70,gigagan,gigagan,1,0.02273300290107727,data\cache\clean\test\gigagan_15561\jpeg_q70.jpg
gigagan_15694,jpeg_q70,gigagan,gigagan,1,0.35048559308052063,data\cache\clean\test\gigagan_15694\jpeg_q70.jpg
gigagan_20207,jpeg_q70,gigagan,gigagan,1,0.16209077835083008,data\cache\clean\test\gigagan_20207\jpeg_q70.jpg
gigagan_20327,jpeg_q70,gigagan,gigagan,1,0.46705055236816406,data\cache\clean\test\gigagan_20327\jpeg_q70.jpg
gigagan_22418,jpeg_q70,gigagan,gigagan,1,0.09887418895959854,data\cache\clean\test\gigagan_22418\jpeg_q70.jpg
gigagan_24679,jpeg_q70,gigagan,gigagan,1,0.12332012504339218,data\cache\clean\test\gigagan_24679\jpeg_q70.jpg
gigagan_25090,jpeg_q70,gigagan,gigagan,1,0.11279673874378204,data\cache\clean\test\gigagan_25090\jpeg_q70.jpg
imagen3_045e6da6fd7f6fb0,jpeg_q70,imagen3,imagen3,1,0.2516963481903076,data\cache\clean\test\imagen3_045e6da6fd7f6fb0\jpeg_q70.jpg
imagen3_04e3097ac2f57647,jpeg_q70,imagen3,imagen3,1,0.31100261211395264,data\cache\clean\test\imagen3_04e3097ac2f57647\jpeg_q70.jpg
imagen3_07747d6ffd056bee,jpeg_q70,imagen3,imagen3,1,0.35437676310539246,data\cache\clean\test\imagen3_07747d6ffd056bee\jpeg_q70.jpg
imagen3_13ed1f9391224848,jpeg_q70,imagen3,imagen3,1,0.07057687640190125,data\cache\clean\test\imagen3_13ed1f9391224848\jpeg_q70.jpg
imagen3_15906,jpeg_q70,imagen3,imagen3,1,0.067838653922081,data\cache\clean\test\imagen3_15906\jpeg_q70.jpg
imagen3_17643da56f35c6f7,jpeg_q70,imagen3,imagen3,1,0.01232993695884943,data\cache\clean\test\imagen3_17643da56f35c6f7\jpeg_q70.jpg
imagen3_17919c9ffd792ad9,jpeg_q70,imagen3,imagen3,1,0.3262079954147339,data\cache\clean\test\imagen3_17919c9ffd792ad9\jpeg_q70.jpg
imagen3_1fe9a0379cffa709,jpeg_q70,imagen3,imagen3,1,0.1631603091955185,data\cache\clean\test\imagen3_1fe9a0379cffa709\jpeg_q70.jpg
imagen3_24e64d19ddde11cb,jpeg_q70,imagen3,imagen3,1,0.0017396931070834398,data\cache\clean\test\imagen3_24e64d19ddde11cb\jpeg_q70.jpg
imagen3_260ae6b06f1f50e2,jpeg_q70,imagen3,imagen3,1,0.006719054654240608,data\cache\clean\test\imagen3_260ae6b06f1f50e2\jpeg_q70.jpg
imagen3_2be4510162a8a76e,jpeg_q70,imagen3,imagen3,1,0.15063296258449554,data\cache\clean\test\imagen3_2be4510162a8a76e\jpeg_q70.jpg
imagen3_3403b18fc93acbfc,jpeg_q70,imagen3,imagen3,1,0.03440401330590248,data\cache\clean\test\imagen3_3403b18fc93acbfc\jpeg_q70.jpg
imagen3_43058,jpeg_q70,imagen3,imagen3,1,0.03823407366871834,data\cache\clean\test\imagen3_43058\jpeg_q70.jpg
imagen3_43180,jpeg_q70,imagen3,imagen3,1,0.29995596408843994,data\cache\clean\test\imagen3_43180\jpeg_q70.jpg
imagen3_44015,jpeg_q70,imagen3,imagen3,1,0.18522635102272034,data\cache\clean\test\imagen3_44015\jpeg_q70.jpg
imagen3_44075,jpeg_q70,imagen3,imagen3,1,0.339625746011734,data\cache\clean\test\imagen3_44075\jpeg_q70.jpg
imagen3_44476,jpeg_q70,imagen3,imagen3,1,0.45227867364883423,data\cache\clean\test\imagen3_44476\jpeg_q70.jpg
imagen3_46922,jpeg_q70,imagen3,imagen3,1,0.11821012198925018,data\cache\clean\test\imagen3_46922\jpeg_q70.jpg
imagen3_473ffc5e3d5dc373,jpeg_q70,imagen3,imagen3,1,0.17274484038352966,data\cache\clean\test\imagen3_473ffc5e3d5dc373\jpeg_q70.jpg
imagen3_51659,jpeg_q70,imagen3,imagen3,1,0.4680425226688385,data\cache\clean\test\imagen3_51659\jpeg_q70.jpg
imagen3_519f5c348fe55fcd,jpeg_q70,imagen3,imagen3,1,0.06915998458862305,data\cache\clean\test\imagen3_519f5c348fe55fcd\jpeg_q70.jpg
imagen3_52115,jpeg_q70,imagen3,imagen3,1,0.41638222336769104,data\cache\clean\test\imagen3_52115\jpeg_q70.jpg
imagen3_52520,jpeg_q70,imagen3,imagen3,1,0.28470879793167114,data\cache\clean\test\imagen3_52520\jpeg_q70.jpg
imagen3_560ead164dab63a5,jpeg_q70,imagen3,imagen3,1,0.3478856384754181,data\cache\clean\test\imagen3_560ead164dab63a5\jpeg_q70.jpg
imagen3_5a7405b5ead307fb,jpeg_q70,imagen3,imagen3,1,0.22504885494709015,data\cache\clean\test\imagen3_5a7405b5ead307fb\jpeg_q70.jpg
imagen3_5e95809bd47d157b,jpeg_q70,imagen3,imagen3,1,0.30588874220848083,data\cache\clean\test\imagen3_5e95809bd47d157b\jpeg_q70.jpg
imagen3_69467160e53f71bc,jpeg_q70,imagen3,imagen3,1,0.27444517612457275,data\cache\clean\test\imagen3_69467160e53f71bc\jpeg_q70.jpg
imagen3_6a8270ea182a9194,jpeg_q70,imagen3,imagen3,1,0.08313055336475372,data\cache\clean\test\imagen3_6a8270ea182a9194\jpeg_q70.jpg
imagen3_6c7624322b04ce43,jpeg_q70,imagen3,imagen3,1,0.019699735566973686,data\cache\clean\test\imagen3_6c7624322b04ce43\jpeg_q70.jpg
imagen3_77fb2d4f372634f8,jpeg_q70,imagen3,imagen3,1,0.04642286151647568,data\cache\clean\test\imagen3_77fb2d4f372634f8\jpeg_q70.jpg
imagen3_7e3e1e738f642f1a,jpeg_q70,imagen3,imagen3,1,0.39281946420669556,data\cache\clean\test\imagen3_7e3e1e738f642f1a\jpeg_q70.jpg
imagen3_7ee1485909c59826,jpeg_q70,imagen3,imagen3,1,0.3748728930950165,data\cache\clean\test\imagen3_7ee1485909c59826\jpeg_q70.jpg
imagen3_8b13dc3bff918841,jpeg_q70,imagen3,imagen3,1,0.0798594132065773,data\cache\clean\test\imagen3_8b13dc3bff918841\jpeg_q70.jpg
imagen3_8c20e4bf83ffff36,jpeg_q70,imagen3,imagen3,1,0.3463895618915558,data\cache\clean\test\imagen3_8c20e4bf83ffff36\jpeg_q70.jpg
imagen3_8e6f8acd28fd8f35,jpeg_q70,imagen3,imagen3,1,0.23110325634479523,data\cache\clean\test\imagen3_8e6f8acd28fd8f35\jpeg_q70.jpg
imagen3_9e82651e214a25c8,jpeg_q70,imagen3,imagen3,1,0.14673802256584167,data\cache\clean\test\imagen3_9e82651e214a25c8\jpeg_q70.jpg
imagen3_a1b5be9a5f0d1f7a,jpeg_q70,imagen3,imagen3,1,0.139570415019989,data\cache\clean\test\imagen3_a1b5be9a5f0d1f7a\jpeg_q70.jpg
imagen3_a90890e19b242beb,jpeg_q70,imagen3,imagen3,1,0.43697279691696167,data\cache\clean\test\imagen3_a90890e19b242beb\jpeg_q70.jpg
imagen3_aa13646e437b7afa,jpeg_q70,imagen3,imagen3,1,0.022602170705795288,data\cache\clean\test\imagen3_aa13646e437b7afa\jpeg_q70.jpg
imagen3_ad860df8c2a1a848,jpeg_q70,imagen3,imagen3,1,0.038030955940485,data\cache\clean\test\imagen3_ad860df8c2a1a848\jpeg_q70.jpg
imagen3_b69c9976ced306d1,jpeg_q70,imagen3,imagen3,1,0.23506048321723938,data\cache\clean\test\imagen3_b69c9976ced306d1\jpeg_q70.jpg
imagen3_ca44bb7db1e73a9a,jpeg_q70,imagen3,imagen3,1,0.1035940945148468,data\cache\clean\test\imagen3_ca44bb7db1e73a9a\jpeg_q70.jpg
imagen3_d326e7c87fb1d966,jpeg_q70,imagen3,imagen3,1,0.20347175002098083,data\cache\clean\test\imagen3_d326e7c87fb1d966\jpeg_q70.jpg
imagen3_e63f3b6f8bdee43a,jpeg_q70,imagen3,imagen3,1,0.005268738139420748,data\cache\clean\test\imagen3_e63f3b6f8bdee43a\jpeg_q70.jpg
imagen3_ea646e585cc24088,jpeg_q70,imagen3,imagen3,1,0.4073517620563507,data\cache\clean\test\imagen3_ea646e585cc24088\jpeg_q70.jpg
imagen3_eaf94916ce926270,jpeg_q70,imagen3,imagen3,1,0.217765673995018,data\cache\clean\test\imagen3_eaf94916ce926270\jpeg_q70.jpg
imagen3_f2da05bffbe27dab,jpeg_q70,imagen3,imagen3,1,0.40987446904182434,data\cache\clean\test\imagen3_f2da05bffbe27dab\jpeg_q70.jpg
imagen3_f69a20bda8f47fea,jpeg_q70,imagen3,imagen3,1,0.152292400598526,data\cache\clean\test\imagen3_f69a20bda8f47fea\jpeg_q70.jpg
imagen3_fe7048efd51b15b8,jpeg_q70,imagen3,imagen3,1,0.11216948181390762,data\cache\clean\test\imagen3_fe7048efd51b15b8\jpeg_q70.jpg
imagen3_Imagen3_1208,jpeg_q70,imagen3,imagen3,1,0.4379197061061859,data\cache\clean\test\imagen3_Imagen3_1208\jpeg_q70.jpg
imagen3_Imagen3_3556,jpeg_q70,imagen3,imagen3,1,0.23738372325897217,data\cache\clean\test\imagen3_Imagen3_3556\jpeg_q70.jpg
sidset_full_synthetic_017359,jpeg_q70,sidset,full_synthetic,1,0.42435628175735474,data\cache\clean\test\sidset_full_synthetic_017359\jpeg_q70.jpg
sidset_full_synthetic_031321,jpeg_q70,sidset,full_synthetic,1,0.4275745749473572,data\cache\clean\test\sidset_full_synthetic_031321\jpeg_q70.jpg
sidset_full_synthetic_060524,jpeg_q70,sidset,full_synthetic,1,0.11856385320425034,data\cache\clean\test\sidset_full_synthetic_060524\jpeg_q70.jpg
sidset_full_synthetic_062086,jpeg_q70,sidset,full_synthetic,1,0.2543897330760956,data\cache\clean\test\sidset_full_synthetic_062086\jpeg_q70.jpg
sidset_full_synthetic_063062,jpeg_q70,sidset,full_synthetic,1,0.4733429253101349,data\cache\clean\test\sidset_full_synthetic_063062\jpeg_q70.jpg
stylegan_xl_0097a2e24789bc7a,jpeg_q70,stylegan_xl,stylegan_xl,1,0.08270996809005737,data\cache\clean\test\stylegan_xl_0097a2e24789bc7a\jpeg_q70.jpg
stylegan_xl_00a4591cf03df584,jpeg_q70,stylegan_xl,stylegan_xl,1,0.014542493037879467,data\cache\clean\test\stylegan_xl_00a4591cf03df584\jpeg_q70.jpg
stylegan_xl_031391f1ab18ab62,jpeg_q70,stylegan_xl,stylegan_xl,1,0.18079166114330292,data\cache\clean\test\stylegan_xl_031391f1ab18ab62\jpeg_q70.jpg
stylegan_xl_0a4244f8a9185bad,jpeg_q70,stylegan_xl,stylegan_xl,1,0.34267330169677734,data\cache\clean\test\stylegan_xl_0a4244f8a9185bad\jpeg_q70.jpg
stylegan_xl_0f7efa4c31bcd8f4,jpeg_q70,stylegan_xl,stylegan_xl,1,0.007967798039317131,data\cache\clean\test\stylegan_xl_0f7efa4c31bcd8f4\jpeg_q70.jpg
stylegan_xl_1060d58257bc5130,jpeg_q70,stylegan_xl,stylegan_xl,1,0.0841558501124382,data\cache\clean\test\stylegan_xl_1060d58257bc5130\jpeg_q70.jpg
stylegan_xl_1440252ff76f525f,jpeg_q70,stylegan_xl,stylegan_xl,1,0.15964779257774353,data\cache\clean\test\stylegan_xl_1440252ff76f525f\jpeg_q70.jpg
stylegan_xl_17f8bf0ef8d2f478,jpeg_q70,stylegan_xl,stylegan_xl,1,0.12462567538022995,data\cache\clean\test\stylegan_xl_17f8bf0ef8d2f478\jpeg_q70.jpg
stylegan_xl_2013fe0d44f84041,jpeg_q70,stylegan_xl,stylegan_xl,1,0.04259886592626572,data\cache\clean\test\stylegan_xl_2013fe0d44f84041\jpeg_q70.jpg
stylegan_xl_324e332686aa6966,jpeg_q70,stylegan_xl,stylegan_xl,1,0.137087881565094,data\cache\clean\test\stylegan_xl_324e332686aa6966\jpeg_q70.jpg
stylegan_xl_3621cf0be1fc8d68,jpeg_q70,stylegan_xl,stylegan_xl,1,0.05063044652342796,data\cache\clean\test\stylegan_xl_3621cf0be1fc8d68\jpeg_q70.jpg
stylegan_xl_38c489e3b0d8c700,jpeg_q70,stylegan_xl,stylegan_xl,1,0.30982351303100586,data\cache\clean\test\stylegan_xl_38c489e3b0d8c700\jpeg_q70.jpg
stylegan_xl_3b5e18f8fc06450d,jpeg_q70,stylegan_xl,stylegan_xl,1,0.036888349801301956,data\cache\clean\test\stylegan_xl_3b5e18f8fc06450d\jpeg_q70.jpg
stylegan_xl_43847,jpeg_q70,stylegan_xl,stylegan_xl,1,0.04631314426660538,data\cache\clean\test\stylegan_xl_43847\jpeg_q70.jpg
stylegan_xl_45400,jpeg_q70,stylegan_xl,stylegan_xl,1,0.49646109342575073,data\cache\clean\test\stylegan_xl_45400\jpeg_q70.jpg
stylegan_xl_45602,jpeg_q70,stylegan_xl,stylegan_xl,1,0.15939639508724213,data\cache\clean\test\stylegan_xl_45602\jpeg_q70.jpg
stylegan_xl_48611,jpeg_q70,stylegan_xl,stylegan_xl,1,0.19674734771251678,data\cache\clean\test\stylegan_xl_48611\jpeg_q70.jpg
stylegan_xl_49074,jpeg_q70,stylegan_xl,stylegan_xl,1,0.47700196504592896,data\cache\clean\test\stylegan_xl_49074\jpeg_q70.jpg
stylegan_xl_49539,jpeg_q70,stylegan_xl,stylegan_xl,1,0.40256786346435547,data\cache\clean\test\stylegan_xl_49539\jpeg_q70.jpg
stylegan_xl_4f991f9638e28675,jpeg_q70,stylegan_xl,stylegan_xl,1,0.13303062319755554,data\cache\clean\test\stylegan_xl_4f991f9638e28675\jpeg_q70.jpg
stylegan_xl_53271,jpeg_q70,stylegan_xl,stylegan_xl,1,0.34661465883255005,data\cache\clean\test\stylegan_xl_53271\jpeg_q70.jpg
stylegan_xl_60ed9d3511d333bf,jpeg_q70,stylegan_xl,stylegan_xl,1,0.21680475771427155,data\cache\clean\test\stylegan_xl_60ed9d3511d333bf\jpeg_q70.jpg
stylegan_xl_65bb283a1280639e,jpeg_q70,stylegan_xl,stylegan_xl,1,0.1690649390220642,data\cache\clean\test\stylegan_xl_65bb283a1280639e\jpeg_q70.jpg
stylegan_xl_729fee52c5b7f95b,jpeg_q70,stylegan_xl,stylegan_xl,1,0.2206634134054184,data\cache\clean\test\stylegan_xl_729fee52c5b7f95b\jpeg_q70.jpg
stylegan_xl_7a863857aa371fb7,jpeg_q70,stylegan_xl,stylegan_xl,1,0.463381290435791,data\cache\clean\test\stylegan_xl_7a863857aa371fb7\jpeg_q70.jpg
stylegan_xl_7d433e90bcd7bd53,jpeg_q70,stylegan_xl,stylegan_xl,1,0.06987691670656204,data\cache\clean\test\stylegan_xl_7d433e90bcd7bd53\jpeg_q70.jpg
stylegan_xl_7ffebe6032f8209f,jpeg_q70,stylegan_xl,stylegan_xl,1,0.12441454827785492,data\cache\clean\test\stylegan_xl_7ffebe6032f8209f\jpeg_q70.jpg
stylegan_xl_80fc8be6e7c11eb3,jpeg_q70,stylegan_xl,stylegan_xl,1,0.02550126053392887,data\cache\clean\test\stylegan_xl_80fc8be6e7c11eb3\jpeg_q70.jpg
stylegan_xl_8461b1ae87c22c20,jpeg_q70,stylegan_xl,stylegan_xl,1,0.46610477566719055,data\cache\clean\test\stylegan_xl_8461b1ae87c22c20\jpeg_q70.jpg
stylegan_xl_8f9dfd75dde8914f,jpeg_q70,stylegan_xl,stylegan_xl,1,0.02861480973660946,data\cache\clean\test\stylegan_xl_8f9dfd75dde8914f\jpeg_q70.jpg
stylegan_xl_91fb9195a35b7711,jpeg_q70,stylegan_xl,stylegan_xl,1,0.3436623513698578,data\cache\clean\test\stylegan_xl_91fb9195a35b7711\jpeg_q70.jpg
stylegan_xl_a1ed16fffc5ecb68,jpeg_q70,stylegan_xl,stylegan_xl,1,0.06430844962596893,data\cache\clean\test\stylegan_xl_a1ed16fffc5ecb68\jpeg_q70.jpg
stylegan_xl_a72f3ace10a8f550,jpeg_q70,stylegan_xl,stylegan_xl,1,0.03212108463048935,data\cache\clean\test\stylegan_xl_a72f3ace10a8f550\jpeg_q70.jpg
stylegan_xl_ae09b95535340878,jpeg_q70,stylegan_xl,stylegan_xl,1,0.35423770546913147,data\cache\clean\test\stylegan_xl_ae09b95535340878\jpeg_q70.jpg
stylegan_xl_b6abe358484b287a,jpeg_q70,stylegan_xl,stylegan_xl,1,0.19924555718898773,data\cache\clean\test\stylegan_xl_b6abe358484b287a\jpeg_q70.jpg
stylegan_xl_c9421141bcf3a15a,jpeg_q70,stylegan_xl,stylegan_xl,1,0.1761796921491623,data\cache\clean\test\stylegan_xl_c9421141bcf3a15a\jpeg_q70.jpg
stylegan_xl_cccbc1d57a7e095e,jpeg_q70,stylegan_xl,stylegan_xl,1,0.4433208703994751,data\cache\clean\test\stylegan_xl_cccbc1d57a7e095e\jpeg_q70.jpg
stylegan_xl_cf9c332a1ebfb587,jpeg_q70,stylegan_xl,stylegan_xl,1,0.39604049921035767,data\cache\clean\test\stylegan_xl_cf9c332a1ebfb587\jpeg_q70.jpg
stylegan_xl_d686a15f05d09472,jpeg_q70,stylegan_xl,stylegan_xl,1,0.24203349649906158,data\cache\clean\test\stylegan_xl_d686a15f05d09472\jpeg_q70.jpg
stylegan_xl_e4b8e7ef72cabaf2,jpeg_q70,stylegan_xl,stylegan_xl,1,0.03676193952560425,data\cache\clean\test\stylegan_xl_e4b8e7ef72cabaf2\jpeg_q70.jpg
stylegan_xl_f2ea3473d8b1a62f,jpeg_q70,stylegan_xl,stylegan_xl,1,0.08434295654296875,data\cache\clean\test\stylegan_xl_f2ea3473d8b1a62f\jpeg_q70.jpg
stylegan_xl_f4a503e24265a7e1,jpeg_q70,stylegan_xl,stylegan_xl,1,0.39803546667099,data\cache\clean\test\stylegan_xl_f4a503e24265a7e1\jpeg_q70.jpg
stylegan_xl_fef6a66b8deaa7ab,jpeg_q70,stylegan_xl,stylegan_xl,1,0.009671778418123722,data\cache\clean\test\stylegan_xl_fef6a66b8deaa7ab\jpeg_q70.jpg
cifake_1088 (3),jpeg_q90,cifake,stable_diffusion,1,0.4467650055885315,data\cache\clean\test\cifake_1088 (3)\jpeg_q90.jpg
cifake_1270 (7),jpeg_q90,cifake,stable_diffusion,1,0.36643144488334656,data\cache\clean\test\cifake_1270 (7)\jpeg_q90.jpg
cifake_2286 (2),jpeg_q90,cifake,stable_diffusion,1,0.12689326703548431,data\cache\clean\test\cifake_2286 (2)\jpeg_q90.jpg
cifake_2787 (7),jpeg_q90,cifake,stable_diffusion,1,0.3951173424720764,data\cache\clean\test\cifake_2787 (7)\jpeg_q90.jpg
cifake_2831,jpeg_q90,cifake,stable_diffusion,1,0.39174947142601013,data\cache\clean\test\cifake_2831\jpeg_q90.jpg
cifake_2850 (3),jpeg_q90,cifake,stable_diffusion,1,0.4474022686481476,data\cache\clean\test\cifake_2850 (3)\jpeg_q90.jpg
cifake_3053 (4),jpeg_q90,cifake,stable_diffusion,1,0.38010117411613464,data\cache\clean\test\cifake_3053 (4)\jpeg_q90.jpg
cifake_3379 (8),jpeg_q90,cifake,stable_diffusion,1,0.4731314778327942,data\cache\clean\test\cifake_3379 (8)\jpeg_q90.jpg
cifake_3582 (9),jpeg_q90,cifake,stable_diffusion,1,0.3191455900669098,data\cache\clean\test\cifake_3582 (9)\jpeg_q90.jpg
cifake_3608,jpeg_q90,cifake,stable_diffusion,1,0.377480685710907,data\cache\clean\test\cifake_3608\jpeg_q90.jpg
cifake_3750 (6),jpeg_q90,cifake,stable_diffusion,1,0.28416064381599426,data\cache\clean\test\cifake_3750 (6)\jpeg_q90.jpg
cifake_4127 (3),jpeg_q90,cifake,stable_diffusion,1,0.2562398314476013,data\cache\clean\test\cifake_4127 (3)\jpeg_q90.jpg
cifake_4221 (2),jpeg_q90,cifake,stable_diffusion,1,0.3633369207382202,data\cache\clean\test\cifake_4221 (2)\jpeg_q90.jpg
cifake_4443,jpeg_q90,cifake,stable_diffusion,1,0.2639101445674896,data\cache\clean\test\cifake_4443\jpeg_q90.jpg
cifake_4615 (3),jpeg_q90,cifake,stable_diffusion,1,0.11332046240568161,data\cache\clean\test\cifake_4615 (3)\jpeg_q90.jpg
cifake_5221 (3),jpeg_q90,cifake,stable_diffusion,1,0.2943914532661438,data\cache\clean\test\cifake_5221 (3)\jpeg_q90.jpg
cifake_5288 (5),jpeg_q90,cifake,stable_diffusion,1,0.4052490293979645,data\cache\clean\test\cifake_5288 (5)\jpeg_q90.jpg
cifake_5607 (3),jpeg_q90,cifake,stable_diffusion,1,0.06285404413938522,data\cache\clean\test\cifake_5607 (3)\jpeg_q90.jpg
cifake_5831,jpeg_q90,cifake,stable_diffusion,1,0.2265269160270691,data\cache\clean\test\cifake_5831\jpeg_q90.jpg
cifake_5845 (9),jpeg_q90,cifake,stable_diffusion,1,0.10717421025037766,data\cache\clean\test\cifake_5845 (9)\jpeg_q90.jpg
cifake_75,jpeg_q90,cifake,stable_diffusion,1,0.3146527409553528,data\cache\clean\test\cifake_75\jpeg_q90.jpg
cifake_954 (9),jpeg_q90,cifake,stable_diffusion,1,0.06880146265029907,data\cache\clean\test\cifake_954 (9)\jpeg_q90.jpg
dalle_10420,jpeg_q90,dalle,dalle,1,0.32447513937950134,data\cache\clean\test\dalle_10420\jpeg_q90.jpg
dalle_19157,jpeg_q90,dalle,dalle,1,0.15161098539829254,data\cache\clean\test\dalle_19157\jpeg_q90.jpg
dalle_20080,jpeg_q90,dalle,dalle,1,0.27788087725639343,data\cache\clean\test\dalle_20080\jpeg_q90.jpg
dalle_27029,jpeg_q90,dalle,dalle,1,0.43462300300598145,data\cache\clean\test\dalle_27029\jpeg_q90.jpg
dalle_36430,jpeg_q90,dalle,dalle,1,0.49612730741500854,data\cache\clean\test\dalle_36430\jpeg_q90.jpg
dalle_41791,jpeg_q90,dalle,dalle,1,0.11258599907159805,data\cache\clean\test\dalle_41791\jpeg_q90.jpg
dalle_5781,jpeg_q90,dalle,dalle,1,0.48998501896858215,data\cache\clean\test\dalle_5781\jpeg_q90.jpg
dalle_6f0f61883f111368d770c54801f33449,jpeg_q90,dalle,dalle,1,0.1591796576976776,data\cache\clean\test\dalle_6f0f61883f111368d770c54801f33449\jpeg_q90.jpg
dalle_8017,jpeg_q90,dalle,dalle,1,0.42015719413757324,data\cache\clean\test\dalle_8017\jpeg_q90.jpg
gigagan_05738,jpeg_q90,gigagan,gigagan,1,0.4556247293949127,data\cache\clean\test\gigagan_05738\jpeg_q90.jpg
gigagan_06526,jpeg_q90,gigagan,gigagan,1,0.46283823251724243,data\cache\clean\test\gigagan_06526\jpeg_q90.jpg
gigagan_09458,jpeg_q90,gigagan,gigagan,1,0.40567219257354736,data\cache\clean\test\gigagan_09458\jpeg_q90.jpg
gigagan_10914,jpeg_q90,gigagan,gigagan,1,0.0466943085193634,data\cache\clean\test\gigagan_10914\jpeg_q90.jpg
gigagan_14071,jpeg_q90,gigagan,gigagan,1,0.16631396114826202,data\cache\clean\test\gigagan_14071\jpeg_q90.jpg
gigagan_14858,jpeg_q90,gigagan,gigagan,1,0.37953242659568787,data\cache\clean\test\gigagan_14858\jpeg_q90.jpg
gigagan_15561,jpeg_q90,gigagan,gigagan,1,0.059529516845941544,data\cache\clean\test\gigagan_15561\jpeg_q90.jpg
gigagan_19196,jpeg_q90,gigagan,gigagan,1,0.4277568459510803,data\cache\clean\test\gigagan_19196\jpeg_q90.jpg
gigagan_20207,jpeg_q90,gigagan,gigagan,1,0.18115614354610443,data\cache\clean\test\gigagan_20207\jpeg_q90.jpg
gigagan_20327,jpeg_q90,gigagan,gigagan,1,0.23332776129245758,data\cache\clean\test\gigagan_20327\jpeg_q90.jpg
gigagan_22418,jpeg_q90,gigagan,gigagan,1,0.11560152471065521,data\cache\clean\test\gigagan_22418\jpeg_q90.jpg
gigagan_24679,jpeg_q90,gigagan,gigagan,1,0.11656706780195236,data\cache\clean\test\gigagan_24679\jpeg_q90.jpg
gigagan_25090,jpeg_q90,gigagan,gigagan,1,0.1868516206741333,data\cache\clean\test\gigagan_25090\jpeg_q90.jpg
gigagan_28945,jpeg_q90,gigagan,gigagan,1,0.37369590997695923,data\cache\clean\test\gigagan_28945\jpeg_q90.jpg
imagen3_045e6da6fd7f6fb0,jpeg_q90,imagen3,imagen3,1,0.28957563638687134,data\cache\clean\test\imagen3_045e6da6fd7f6fb0\jpeg_q90.jpg
imagen3_04e3097ac2f57647,jpeg_q90,imagen3,imagen3,1,0.41443055868148804,data\cache\clean\test\imagen3_04e3097ac2f57647\jpeg_q90.jpg
imagen3_07747d6ffd056bee,jpeg_q90,imagen3,imagen3,1,0.4449746608734131,data\cache\clean\test\imagen3_07747d6ffd056bee\jpeg_q90.jpg
imagen3_13ed1f9391224848,jpeg_q90,imagen3,imagen3,1,0.08820318430662155,data\cache\clean\test\imagen3_13ed1f9391224848\jpeg_q90.jpg
imagen3_15906,jpeg_q90,imagen3,imagen3,1,0.04442843422293663,data\cache\clean\test\imagen3_15906\jpeg_q90.jpg
imagen3_17643da56f35c6f7,jpeg_q90,imagen3,imagen3,1,0.017953813076019287,data\cache\clean\test\imagen3_17643da56f35c6f7\jpeg_q90.jpg
imagen3_17919c9ffd792ad9,jpeg_q90,imagen3,imagen3,1,0.35205069184303284,data\cache\clean\test\imagen3_17919c9ffd792ad9\jpeg_q90.jpg
imagen3_1fe9a0379cffa709,jpeg_q90,imagen3,imagen3,1,0.12131527811288834,data\cache\clean\test\imagen3_1fe9a0379cffa709\jpeg_q90.jpg
imagen3_24e64d19ddde11cb,jpeg_q90,imagen3,imagen3,1,0.001956990920007229,data\cache\clean\test\imagen3_24e64d19ddde11cb\jpeg_q90.jpg
imagen3_260ae6b06f1f50e2,jpeg_q90,imagen3,imagen3,1,0.00764451315626502,data\cache\clean\test\imagen3_260ae6b06f1f50e2\jpeg_q90.jpg
imagen3_2be4510162a8a76e,jpeg_q90,imagen3,imagen3,1,0.11240190267562866,data\cache\clean\test\imagen3_2be4510162a8a76e\jpeg_q90.jpg
imagen3_3403b18fc93acbfc,jpeg_q90,imagen3,imagen3,1,0.06387650221586227,data\cache\clean\test\imagen3_3403b18fc93acbfc\jpeg_q90.jpg
imagen3_43058,jpeg_q90,imagen3,imagen3,1,0.019239729270339012,data\cache\clean\test\imagen3_43058\jpeg_q90.jpg
imagen3_43180,jpeg_q90,imagen3,imagen3,1,0.43859419226646423,data\cache\clean\test\imagen3_43180\jpeg_q90.jpg
imagen3_44015,jpeg_q90,imagen3,imagen3,1,0.16132961213588715,data\cache\clean\test\imagen3_44015\jpeg_q90.jpg
imagen3_44075,jpeg_q90,imagen3,imagen3,1,0.28610777854919434,data\cache\clean\test\imagen3_44075\jpeg_q90.jpg
imagen3_44476,jpeg_q90,imagen3,imagen3,1,0.33800023794174194,data\cache\clean\test\imagen3_44476\jpeg_q90.jpg
imagen3_46922,jpeg_q90,imagen3,imagen3,1,0.12437199056148529,data\cache\clean\test\imagen3_46922\jpeg_q90.jpg
imagen3_473ffc5e3d5dc373,jpeg_q90,imagen3,imagen3,1,0.16888728737831116,data\cache\clean\test\imagen3_473ffc5e3d5dc373\jpeg_q90.jpg
imagen3_48174,jpeg_q90,imagen3,imagen3,1,0.2651861906051636,data\cache\clean\test\imagen3_48174\jpeg_q90.jpg
imagen3_51379,jpeg_q90,imagen3,imagen3,1,0.43888798356056213,data\cache\clean\test\imagen3_51379\jpeg_q90.jpg
imagen3_51659,jpeg_q90,imagen3,imagen3,1,0.26804032921791077,data\cache\clean\test\imagen3_51659\jpeg_q90.jpg
imagen3_519f5c348fe55fcd,jpeg_q90,imagen3,imagen3,1,0.07903178036212921,data\cache\clean\test\imagen3_519f5c348fe55fcd\jpeg_q90.jpg
imagen3_52115,jpeg_q90,imagen3,imagen3,1,0.48095592856407166,data\cache\clean\test\imagen3_52115\jpeg_q90.jpg
imagen3_52520,jpeg_q90,imagen3,imagen3,1,0.2069549560546875,data\cache\clean\test\imagen3_52520\jpeg_q90.jpg
imagen3_53132,jpeg_q90,imagen3,imagen3,1,0.4418809711933136,data\cache\clean\test\imagen3_53132\jpeg_q90.jpg
imagen3_560ead164dab63a5,jpeg_q90,imagen3,imagen3,1,0.3511289656162262,data\cache\clean\test\imagen3_560ead164dab63a5\jpeg_q90.jpg
imagen3_5a7405b5ead307fb,jpeg_q90,imagen3,imagen3,1,0.2103884071111679,data\cache\clean\test\imagen3_5a7405b5ead307fb\jpeg_q90.jpg
imagen3_5e95809bd47d157b,jpeg_q90,imagen3,imagen3,1,0.3275969922542572,data\cache\clean\test\imagen3_5e95809bd47d157b\jpeg_q90.jpg
imagen3_69467160e53f71bc,jpeg_q90,imagen3,imagen3,1,0.24141843616962433,data\cache\clean\test\imagen3_69467160e53f71bc\jpeg_q90.jpg
imagen3_6a8270ea182a9194,jpeg_q90,imagen3,imagen3,1,0.05666649714112282,data\cache\clean\test\imagen3_6a8270ea182a9194\jpeg_q90.jpg
imagen3_6c7624322b04ce43,jpeg_q90,imagen3,imagen3,1,0.01482690591365099,data\cache\clean\test\imagen3_6c7624322b04ce43\jpeg_q90.jpg
imagen3_77fb2d4f372634f8,jpeg_q90,imagen3,imagen3,1,0.02117154188454151,data\cache\clean\test\imagen3_77fb2d4f372634f8\jpeg_q90.jpg
imagen3_7e3e1e738f642f1a,jpeg_q90,imagen3,imagen3,1,0.4243856966495514,data\cache\clean\test\imagen3_7e3e1e738f642f1a\jpeg_q90.jpg
imagen3_7ee1485909c59826,jpeg_q90,imagen3,imagen3,1,0.37206482887268066,data\cache\clean\test\imagen3_7ee1485909c59826\jpeg_q90.jpg
imagen3_8b13dc3bff918841,jpeg_q90,imagen3,imagen3,1,0.10648778080940247,data\cache\clean\test\imagen3_8b13dc3bff918841\jpeg_q90.jpg
imagen3_8c20e4bf83ffff36,jpeg_q90,imagen3,imagen3,1,0.1973571628332138,data\cache\clean\test\imagen3_8c20e4bf83ffff36\jpeg_q90.jpg
imagen3_8e6f8acd28fd8f35,jpeg_q90,imagen3,imagen3,1,0.22561126947402954,data\cache\clean\test\imagen3_8e6f8acd28fd8f35\jpeg_q90.jpg
imagen3_9e82651e214a25c8,jpeg_q90,imagen3,imagen3,1,0.0796855092048645,data\cache\clean\test\imagen3_9e82651e214a25c8\jpeg_q90.jpg
imagen3_a1b5be9a5f0d1f7a,jpeg_q90,imagen3,imagen3,1,0.16313081979751587,data\cache\clean\test\imagen3_a1b5be9a5f0d1f7a\jpeg_q90.jpg
imagen3_a90890e19b242beb,jpeg_q90,imagen3,imagen3,1,0.43589773774147034,data\cache\clean\test\imagen3_a90890e19b242beb\jpeg_q90.jpg
imagen3_aa13646e437b7afa,jpeg_q90,imagen3,imagen3,1,0.024365806952118874,data\cache\clean\test\imagen3_aa13646e437b7afa\jpeg_q90.jpg
imagen3_ad860df8c2a1a848,jpeg_q90,imagen3,imagen3,1,0.03024357184767723,data\cache\clean\test\imagen3_ad860df8c2a1a848\jpeg_q90.jpg
imagen3_b69c9976ced306d1,jpeg_q90,imagen3,imagen3,1,0.27342191338539124,data\cache\clean\test\imagen3_b69c9976ced306d1\jpeg_q90.jpg
imagen3_ca44bb7db1e73a9a,jpeg_q90,imagen3,imagen3,1,0.11913158744573593,data\cache\clean\test\imagen3_ca44bb7db1e73a9a\jpeg_q90.jpg
imagen3_d326e7c87fb1d966,jpeg_q90,imagen3,imagen3,1,0.23564279079437256,data\cache\clean\test\imagen3_d326e7c87fb1d966\jpeg_q90.jpg
imagen3_e63f3b6f8bdee43a,jpeg_q90,imagen3,imagen3,1,0.006653816904872656,data\cache\clean\test\imagen3_e63f3b6f8bdee43a\jpeg_q90.jpg
imagen3_ea646e585cc24088,jpeg_q90,imagen3,imagen3,1,0.35061579942703247,data\cache\clean\test\imagen3_ea646e585cc24088\jpeg_q90.jpg
imagen3_eaf94916ce926270,jpeg_q90,imagen3,imagen3,1,0.23306171596050262,data\cache\clean\test\imagen3_eaf94916ce926270\jpeg_q90.jpg
imagen3_f69a20bda8f47fea,jpeg_q90,imagen3,imagen3,1,0.1523405760526657,data\cache\clean\test\imagen3_f69a20bda8f47fea\jpeg_q90.jpg
imagen3_fe7048efd51b15b8,jpeg_q90,imagen3,imagen3,1,0.11706565320491791,data\cache\clean\test\imagen3_fe7048efd51b15b8\jpeg_q90.jpg
sidset_full_synthetic_060524,jpeg_q90,sidset,full_synthetic,1,0.14729999005794525,data\cache\clean\test\sidset_full_synthetic_060524\jpeg_q90.jpg
stylegan_xl_0097a2e24789bc7a,jpeg_q90,stylegan_xl,stylegan_xl,1,0.06491215527057648,data\cache\clean\test\stylegan_xl_0097a2e24789bc7a\jpeg_q90.jpg
stylegan_xl_00a4591cf03df584,jpeg_q90,stylegan_xl,stylegan_xl,1,0.01062781922519207,data\cache\clean\test\stylegan_xl_00a4591cf03df584\jpeg_q90.jpg
stylegan_xl_031391f1ab18ab62,jpeg_q90,stylegan_xl,stylegan_xl,1,0.4485376179218292,data\cache\clean\test\stylegan_xl_031391f1ab18ab62\jpeg_q90.jpg
stylegan_xl_0a4244f8a9185bad,jpeg_q90,stylegan_xl,stylegan_xl,1,0.3031383156776428,data\cache\clean\test\stylegan_xl_0a4244f8a9185bad\jpeg_q90.jpg
stylegan_xl_0f7efa4c31bcd8f4,jpeg_q90,stylegan_xl,stylegan_xl,1,0.006925173569470644,data\cache\clean\test\stylegan_xl_0f7efa4c31bcd8f4\jpeg_q90.jpg
stylegan_xl_1060d58257bc5130,jpeg_q90,stylegan_xl,stylegan_xl,1,0.07802017033100128,data\cache\clean\test\stylegan_xl_1060d58257bc5130\jpeg_q90.jpg
stylegan_xl_1440252ff76f525f,jpeg_q90,stylegan_xl,stylegan_xl,1,0.15554215013980865,data\cache\clean\test\stylegan_xl_1440252ff76f525f\jpeg_q90.jpg
stylegan_xl_17f8bf0ef8d2f478,jpeg_q90,stylegan_xl,stylegan_xl,1,0.12625563144683838,data\cache\clean\test\stylegan_xl_17f8bf0ef8d2f478\jpeg_q90.jpg
stylegan_xl_2013fe0d44f84041,jpeg_q90,stylegan_xl,stylegan_xl,1,0.04425511509180069,data\cache\clean\test\stylegan_xl_2013fe0d44f84041\jpeg_q90.jpg
stylegan_xl_324e332686aa6966,jpeg_q90,stylegan_xl,stylegan_xl,1,0.18861499428749084,data\cache\clean\test\stylegan_xl_324e332686aa6966\jpeg_q90.jpg
stylegan_xl_3621cf0be1fc8d68,jpeg_q90,stylegan_xl,stylegan_xl,1,0.0617019347846508,data\cache\clean\test\stylegan_xl_3621cf0be1fc8d68\jpeg_q90.jpg
stylegan_xl_38c489e3b0d8c700,jpeg_q90,stylegan_xl,stylegan_xl,1,0.33459293842315674,data\cache\clean\test\stylegan_xl_38c489e3b0d8c700\jpeg_q90.jpg
stylegan_xl_3b5e18f8fc06450d,jpeg_q90,stylegan_xl,stylegan_xl,1,0.04603495076298714,data\cache\clean\test\stylegan_xl_3b5e18f8fc06450d\jpeg_q90.jpg
stylegan_xl_43847,jpeg_q90,stylegan_xl,stylegan_xl,1,0.05677017569541931,data\cache\clean\test\stylegan_xl_43847\jpeg_q90.jpg
stylegan_xl_44451,jpeg_q90,stylegan_xl,stylegan_xl,1,0.4095878303050995,data\cache\clean\test\stylegan_xl_44451\jpeg_q90.jpg
stylegan_xl_45602,jpeg_q90,stylegan_xl,stylegan_xl,1,0.11420042812824249,data\cache\clean\test\stylegan_xl_45602\jpeg_q90.jpg
stylegan_xl_48611,jpeg_q90,stylegan_xl,stylegan_xl,1,0.18555733561515808,data\cache\clean\test\stylegan_xl_48611\jpeg_q90.jpg
stylegan_xl_49074,jpeg_q90,stylegan_xl,stylegan_xl,1,0.38282930850982666,data\cache\clean\test\stylegan_xl_49074\jpeg_q90.jpg
stylegan_xl_4f991f9638e28675,jpeg_q90,stylegan_xl,stylegan_xl,1,0.13388566672801971,data\cache\clean\test\stylegan_xl_4f991f9638e28675\jpeg_q90.jpg
stylegan_xl_53271,jpeg_q90,stylegan_xl,stylegan_xl,1,0.3665086030960083,data\cache\clean\test\stylegan_xl_53271\jpeg_q90.jpg
stylegan_xl_60ed9d3511d333bf,jpeg_q90,stylegan_xl,stylegan_xl,1,0.27273449301719666,data\cache\clean\test\stylegan_xl_60ed9d3511d333bf\jpeg_q90.jpg
stylegan_xl_65bb283a1280639e,jpeg_q90,stylegan_xl,stylegan_xl,1,0.1581248939037323,data\cache\clean\test\stylegan_xl_65bb283a1280639e\jpeg_q90.jpg
stylegan_xl_729fee52c5b7f95b,jpeg_q90,stylegan_xl,stylegan_xl,1,0.2093798965215683,data\cache\clean\test\stylegan_xl_729fee52c5b7f95b\jpeg_q90.jpg
stylegan_xl_7a863857aa371fb7,jpeg_q90,stylegan_xl,stylegan_xl,1,0.45549502968788147,data\cache\clean\test\stylegan_xl_7a863857aa371fb7\jpeg_q90.jpg
stylegan_xl_7d433e90bcd7bd53,jpeg_q90,stylegan_xl,stylegan_xl,1,0.09414589405059814,data\cache\clean\test\stylegan_xl_7d433e90bcd7bd53\jpeg_q90.jpg
stylegan_xl_7ffebe6032f8209f,jpeg_q90,stylegan_xl,stylegan_xl,1,0.0794336125254631,data\cache\clean\test\stylegan_xl_7ffebe6032f8209f\jpeg_q90.jpg
stylegan_xl_80fc8be6e7c11eb3,jpeg_q90,stylegan_xl,stylegan_xl,1,0.027976667508482933,data\cache\clean\test\stylegan_xl_80fc8be6e7c11eb3\jpeg_q90.jpg
stylegan_xl_8f9dfd75dde8914f,jpeg_q90,stylegan_xl,stylegan_xl,1,0.010685639455914497,data\cache\clean\test\stylegan_xl_8f9dfd75dde8914f\jpeg_q90.jpg
stylegan_xl_91fb9195a35b7711,jpeg_q90,stylegan_xl,stylegan_xl,1,0.3632524907588959,data\cache\clean\test\stylegan_xl_91fb9195a35b7711\jpeg_q90.jpg
stylegan_xl_a1ed16fffc5ecb68,jpeg_q90,stylegan_xl,stylegan_xl,1,0.08231251686811447,data\cache\clean\test\stylegan_xl_a1ed16fffc5ecb68\jpeg_q90.jpg
stylegan_xl_a72f3ace10a8f550,jpeg_q90,stylegan_xl,stylegan_xl,1,0.026848573237657547,data\cache\clean\test\stylegan_xl_a72f3ace10a8f550\jpeg_q90.jpg
stylegan_xl_ae09b95535340878,jpeg_q90,stylegan_xl,stylegan_xl,1,0.3159775137901306,data\cache\clean\test\stylegan_xl_ae09b95535340878\jpeg_q90.jpg
stylegan_xl_b6abe358484b287a,jpeg_q90,stylegan_xl,stylegan_xl,1,0.1738668531179428,data\cache\clean\test\stylegan_xl_b6abe358484b287a\jpeg_q90.jpg
stylegan_xl_c9421141bcf3a15a,jpeg_q90,stylegan_xl,stylegan_xl,1,0.2244633436203003,data\cache\clean\test\stylegan_xl_c9421141bcf3a15a\jpeg_q90.jpg
stylegan_xl_cccbc1d57a7e095e,jpeg_q90,stylegan_xl,stylegan_xl,1,0.4946753680706024,data\cache\clean\test\stylegan_xl_cccbc1d57a7e095e\jpeg_q90.jpg
stylegan_xl_cf9c332a1ebfb587,jpeg_q90,stylegan_xl,stylegan_xl,1,0.366603821516037,data\cache\clean\test\stylegan_xl_cf9c332a1ebfb587\jpeg_q90.jpg
stylegan_xl_d686a15f05d09472,jpeg_q90,stylegan_xl,stylegan_xl,1,0.26463186740875244,data\cache\clean\test\stylegan_xl_d686a15f05d09472\jpeg_q90.jpg
stylegan_xl_d7c4ece8c8a01de0,jpeg_q90,stylegan_xl,stylegan_xl,1,0.3699832260608673,data\cache\clean\test\stylegan_xl_d7c4ece8c8a01de0\jpeg_q90.jpg
stylegan_xl_e4b8e7ef72cabaf2,jpeg_q90,stylegan_xl,stylegan_xl,1,0.03730974718928337,data\cache\clean\test\stylegan_xl_e4b8e7ef72cabaf2\jpeg_q90.jpg
stylegan_xl_f2ea3473d8b1a62f,jpeg_q90,stylegan_xl,stylegan_xl,1,0.0771586000919342,data\cache\clean\test\stylegan_xl_f2ea3473d8b1a62f\jpeg_q90.jpg
stylegan_xl_f4a503e24265a7e1,jpeg_q90,stylegan_xl,stylegan_xl,1,0.3428550958633423,data\cache\clean\test\stylegan_xl_f4a503e24265a7e1\jpeg_q90.jpg
stylegan_xl_fef6a66b8deaa7ab,jpeg_q90,stylegan_xl,stylegan_xl,1,0.005753758829087019,data\cache\clean\test\stylegan_xl_fef6a66b8deaa7ab\jpeg_q90.jpg
cifake_1028 (10),noise_s0.02,cifake,stable_diffusion,1,0.2475244104862213,data\cache\clean\test\cifake_1028 (10)\noise_s0.02.jpg
cifake_1088 (3),noise_s0.02,cifake,stable_diffusion,1,0.2175048291683197,data\cache\clean\test\cifake_1088 (3)\noise_s0.02.jpg
cifake_1278 (9),noise_s0.02,cifake,stable_diffusion,1,0.4182186424732208,data\cache\clean\test\cifake_1278 (9)\noise_s0.02.jpg
cifake_1468 (5),noise_s0.02,cifake,stable_diffusion,1,0.4386215806007385,data\cache\clean\test\cifake_1468 (5)\noise_s0.02.jpg
cifake_1710 (5),noise_s0.02,cifake,stable_diffusion,1,0.4719870090484619,data\cache\clean\test\cifake_1710 (5)\noise_s0.02.jpg
cifake_1729 (4),noise_s0.02,cifake,stable_diffusion,1,0.2786811888217926,data\cache\clean\test\cifake_1729 (4)\noise_s0.02.jpg
cifake_1867 (9),noise_s0.02,cifake,stable_diffusion,1,0.216921865940094,data\cache\clean\test\cifake_1867 (9)\noise_s0.02.jpg
cifake_1937 (8),noise_s0.02,cifake,stable_diffusion,1,0.4558834433555603,data\cache\clean\test\cifake_1937 (8)\noise_s0.02.jpg
cifake_1995 (4),noise_s0.02,cifake,stable_diffusion,1,0.38778048753738403,data\cache\clean\test\cifake_1995 (4)\noise_s0.02.jpg
cifake_2438 (2),noise_s0.02,cifake,stable_diffusion,1,0.4029635488986969,data\cache\clean\test\cifake_2438 (2)\noise_s0.02.jpg
cifake_2509 (6),noise_s0.02,cifake,stable_diffusion,1,0.2512787878513336,data\cache\clean\test\cifake_2509 (6)\noise_s0.02.jpg
cifake_2586 (2),noise_s0.02,cifake,stable_diffusion,1,0.49718382954597473,data\cache\clean\test\cifake_2586 (2)\noise_s0.02.jpg
cifake_3160,noise_s0.02,cifake,stable_diffusion,1,0.2597990930080414,data\cache\clean\test\cifake_3160\noise_s0.02.jpg
cifake_3217 (6),noise_s0.02,cifake,stable_diffusion,1,0.41268351674079895,data\cache\clean\test\cifake_3217 (6)\noise_s0.02.jpg
cifake_3234 (2),noise_s0.02,cifake,stable_diffusion,1,0.3253706693649292,data\cache\clean\test\cifake_3234 (2)\noise_s0.02.jpg
cifake_3395 (5),noise_s0.02,cifake,stable_diffusion,1,0.16294468939304352,data\cache\clean\test\cifake_3395 (5)\noise_s0.02.jpg
cifake_3750 (6),noise_s0.02,cifake,stable_diffusion,1,0.45515117049217224,data\cache\clean\test\cifake_3750 (6)\noise_s0.02.jpg
cifake_406 (3),noise_s0.02,cifake,stable_diffusion,1,0.3074916899204254,data\cache\clean\test\cifake_406 (3)\noise_s0.02.jpg
cifake_4127 (3),noise_s0.02,cifake,stable_diffusion,1,0.23165498673915863,data\cache\clean\test\cifake_4127 (3)\noise_s0.02.jpg
cifake_4457 (9)_1,noise_s0.02,cifake,stable_diffusion,1,0.4061852693557739,data\cache\clean\test\cifake_4457 (9)_1\noise_s0.02.jpg
cifake_4615 (3),noise_s0.02,cifake,stable_diffusion,1,0.10116134583950043,data\cache\clean\test\cifake_4615 (3)\noise_s0.02.jpg
cifake_4859 (9),noise_s0.02,cifake,stable_diffusion,1,0.15467333793640137,data\cache\clean\test\cifake_4859 (9)\noise_s0.02.jpg
cifake_5221 (3),noise_s0.02,cifake,stable_diffusion,1,0.21606533229351044,data\cache\clean\test\cifake_5221 (3)\noise_s0.02.jpg
cifake_5268 (7),noise_s0.02,cifake,stable_diffusion,1,0.2592169940471649,data\cache\clean\test\cifake_5268 (7)\noise_s0.02.jpg
cifake_5288 (5),noise_s0.02,cifake,stable_diffusion,1,0.2793855667114258,data\cache\clean\test\cifake_5288 (5)\noise_s0.02.jpg
cifake_5523 (6),noise_s0.02,cifake,stable_diffusion,1,0.2622150778770447,data\cache\clean\test\cifake_5523 (6)\noise_s0.02.jpg
cifake_5607,noise_s0.02,cifake,stable_diffusion,1,0.4331291913986206,data\cache\clean\test\cifake_5607\noise_s0.02.jpg
cifake_5607 (3),noise_s0.02,cifake,stable_diffusion,1,0.3816686272621155,data\cache\clean\test\cifake_5607 (3)\noise_s0.02.jpg
cifake_5777 (3),noise_s0.02,cifake,stable_diffusion,1,0.18115587532520294,data\cache\clean\test\cifake_5777 (3)\noise_s0.02.jpg
cifake_5821 (4),noise_s0.02,cifake,stable_diffusion,1,0.4307384788990021,data\cache\clean\test\cifake_5821 (4)\noise_s0.02.jpg
cifake_716 (9),noise_s0.02,cifake,stable_diffusion,1,0.33215272426605225,data\cache\clean\test\cifake_716 (9)\noise_s0.02.jpg
cifake_771 (8),noise_s0.02,cifake,stable_diffusion,1,0.14379596710205078,data\cache\clean\test\cifake_771 (8)\noise_s0.02.jpg
cifake_954 (9),noise_s0.02,cifake,stable_diffusion,1,0.16709987819194794,data\cache\clean\test\cifake_954 (9)\noise_s0.02.jpg
cifake_966 (4),noise_s0.02,cifake,stable_diffusion,1,0.4628152549266815,data\cache\clean\test\cifake_966 (4)\noise_s0.02.jpg
dalle_10420,noise_s0.02,dalle,dalle,1,0.3819858431816101,data\cache\clean\test\dalle_10420\noise_s0.02.jpg
dalle_20080,noise_s0.02,dalle,dalle,1,0.4852451682090759,data\cache\clean\test\dalle_20080\noise_s0.02.jpg
dalle_27029,noise_s0.02,dalle,dalle,1,0.2382555454969406,data\cache\clean\test\dalle_27029\noise_s0.02.jpg
dalle_40387,noise_s0.02,dalle,dalle,1,0.2664894461631775,data\cache\clean\test\dalle_40387\noise_s0.02.jpg
dalle_41791,noise_s0.02,dalle,dalle,1,0.07217329740524292,data\cache\clean\test\dalle_41791\noise_s0.02.jpg
dalle_6f0f61883f111368d770c54801f33449,noise_s0.02,dalle,dalle,1,0.0786077007651329,data\cache\clean\test\dalle_6f0f61883f111368d770c54801f33449\noise_s0.02.jpg
dalle_8017,noise_s0.02,dalle,dalle,1,0.19751866161823273,data\cache\clean\test\dalle_8017\noise_s0.02.jpg
gigagan_05738,noise_s0.02,gigagan,gigagan,1,0.19133514165878296,data\cache\clean\test\gigagan_05738\noise_s0.02.jpg
gigagan_07350,noise_s0.02,gigagan,gigagan,1,0.3597734868526459,data\cache\clean\test\gigagan_07350\noise_s0.02.jpg
gigagan_10769,noise_s0.02,gigagan,gigagan,1,0.48365432024002075,data\cache\clean\test\gigagan_10769\noise_s0.02.jpg
gigagan_10914,noise_s0.02,gigagan,gigagan,1,0.0886724442243576,data\cache\clean\test\gigagan_10914\noise_s0.02.jpg
gigagan_12083,noise_s0.02,gigagan,gigagan,1,0.3387466073036194,data\cache\clean\test\gigagan_12083\noise_s0.02.jpg
gigagan_14071,noise_s0.02,gigagan,gigagan,1,0.10641729086637497,data\cache\clean\test\gigagan_14071\noise_s0.02.jpg
gigagan_14858,noise_s0.02,gigagan,gigagan,1,0.26543793082237244,data\cache\clean\test\gigagan_14858\noise_s0.02.jpg
gigagan_15454,noise_s0.02,gigagan,gigagan,1,0.1726246029138565,data\cache\clean\test\gigagan_15454\noise_s0.02.jpg
gigagan_15561,noise_s0.02,gigagan,gigagan,1,0.026633378118276596,data\cache\clean\test\gigagan_15561\noise_s0.02.jpg
gigagan_20207,noise_s0.02,gigagan,gigagan,1,0.20008304715156555,data\cache\clean\test\gigagan_20207\noise_s0.02.jpg
gigagan_20327,noise_s0.02,gigagan,gigagan,1,0.24508331716060638,data\cache\clean\test\gigagan_20327\noise_s0.02.jpg
gigagan_22418,noise_s0.02,gigagan,gigagan,1,0.06259005516767502,data\cache\clean\test\gigagan_22418\noise_s0.02.jpg
gigagan_24679,noise_s0.02,gigagan,gigagan,1,0.08113279193639755,data\cache\clean\test\gigagan_24679\noise_s0.02.jpg
gigagan_25090,noise_s0.02,gigagan,gigagan,1,0.19259124994277954,data\cache\clean\test\gigagan_25090\noise_s0.02.jpg
gigagan_28945,noise_s0.02,gigagan,gigagan,1,0.16696934401988983,data\cache\clean\test\gigagan_28945\noise_s0.02.jpg
imagen3_045e6da6fd7f6fb0,noise_s0.02,imagen3,imagen3,1,0.2553104758262634,data\cache\clean\test\imagen3_045e6da6fd7f6fb0\noise_s0.02.jpg
imagen3_04e3097ac2f57647,noise_s0.02,imagen3,imagen3,1,0.29392653703689575,data\cache\clean\test\imagen3_04e3097ac2f57647\noise_s0.02.jpg
imagen3_07747d6ffd056bee,noise_s0.02,imagen3,imagen3,1,0.3244146704673767,data\cache\clean\test\imagen3_07747d6ffd056bee\noise_s0.02.jpg
imagen3_13ed1f9391224848,noise_s0.02,imagen3,imagen3,1,0.08471714705228806,data\cache\clean\test\imagen3_13ed1f9391224848\noise_s0.02.jpg
imagen3_15906,noise_s0.02,imagen3,imagen3,1,0.21752087771892548,data\cache\clean\test\imagen3_15906\noise_s0.02.jpg
imagen3_17643da56f35c6f7,noise_s0.02,imagen3,imagen3,1,0.022926760837435722,data\cache\clean\test\imagen3_17643da56f35c6f7\noise_s0.02.jpg
imagen3_17919c9ffd792ad9,noise_s0.02,imagen3,imagen3,1,0.31794747710227966,data\cache\clean\test\imagen3_17919c9ffd792ad9\noise_s0.02.jpg
imagen3_1fe9a0379cffa709,noise_s0.02,imagen3,imagen3,1,0.10636795312166214,data\cache\clean\test\imagen3_1fe9a0379cffa709\noise_s0.02.jpg
imagen3_24e64d19ddde11cb,noise_s0.02,imagen3,imagen3,1,0.001976578263565898,data\cache\clean\test\imagen3_24e64d19ddde11cb\noise_s0.02.jpg
imagen3_260ae6b06f1f50e2,noise_s0.02,imagen3,imagen3,1,0.006681264843791723,data\cache\clean\test\imagen3_260ae6b06f1f50e2\noise_s0.02.jpg
imagen3_2be4510162a8a76e,noise_s0.02,imagen3,imagen3,1,0.10133357346057892,data\cache\clean\test\imagen3_2be4510162a8a76e\noise_s0.02.jpg
imagen3_3403b18fc93acbfc,noise_s0.02,imagen3,imagen3,1,0.05248773843050003,data\cache\clean\test\imagen3_3403b18fc93acbfc\noise_s0.02.jpg
imagen3_43058,noise_s0.02,imagen3,imagen3,1,0.05559655278921127,data\cache\clean\test\imagen3_43058\noise_s0.02.jpg
imagen3_44015,noise_s0.02,imagen3,imagen3,1,0.24083371460437775,data\cache\clean\test\imagen3_44015\noise_s0.02.jpg
imagen3_46922,noise_s0.02,imagen3,imagen3,1,0.13276033103466034,data\cache\clean\test\imagen3_46922\noise_s0.02.jpg
imagen3_473ffc5e3d5dc373,noise_s0.02,imagen3,imagen3,1,0.2291080504655838,data\cache\clean\test\imagen3_473ffc5e3d5dc373\noise_s0.02.jpg
imagen3_51659,noise_s0.02,imagen3,imagen3,1,0.31506502628326416,data\cache\clean\test\imagen3_51659\noise_s0.02.jpg
imagen3_519f5c348fe55fcd,noise_s0.02,imagen3,imagen3,1,0.12127627432346344,data\cache\clean\test\imagen3_519f5c348fe55fcd\noise_s0.02.jpg
imagen3_52520,noise_s0.02,imagen3,imagen3,1,0.36318716406822205,data\cache\clean\test\imagen3_52520\noise_s0.02.jpg
imagen3_560ead164dab63a5,noise_s0.02,imagen3,imagen3,1,0.47594311833381653,data\cache\clean\test\imagen3_560ead164dab63a5\noise_s0.02.jpg
imagen3_5a7405b5ead307fb,noise_s0.02,imagen3,imagen3,1,0.25610044598579407,data\cache\clean\test\imagen3_5a7405b5ead307fb\noise_s0.02.jpg
imagen3_5e95809bd47d157b,noise_s0.02,imagen3,imagen3,1,0.367069810628891,data\cache\clean\test\imagen3_5e95809bd47d157b\noise_s0.02.jpg
imagen3_69467160e53f71bc,noise_s0.02,imagen3,imagen3,1,0.29462650418281555,data\cache\clean\test\imagen3_69467160e53f71bc\noise_s0.02.jpg
imagen3_6a8270ea182a9194,noise_s0.02,imagen3,imagen3,1,0.10246715694665909,data\cache\clean\test\imagen3_6a8270ea182a9194\noise_s0.02.jpg
imagen3_6c7624322b04ce43,noise_s0.02,imagen3,imagen3,1,0.009818194434046745,data\cache\clean\test\imagen3_6c7624322b04ce43\noise_s0.02.jpg
imagen3_77fb2d4f372634f8,noise_s0.02,imagen3,imagen3,1,0.028659377247095108,data\cache\clean\test\imagen3_77fb2d4f372634f8\noise_s0.02.jpg
imagen3_7e3e1e738f642f1a,noise_s0.02,imagen3,imagen3,1,0.4961816072463989,data\cache\clean\test\imagen3_7e3e1e738f642f1a\noise_s0.02.jpg
imagen3_7ee1485909c59826,noise_s0.02,imagen3,imagen3,1,0.39726778864860535,data\cache\clean\test\imagen3_7ee1485909c59826\noise_s0.02.jpg
imagen3_8b13dc3bff918841,noise_s0.02,imagen3,imagen3,1,0.1296033263206482,data\cache\clean\test\imagen3_8b13dc3bff918841\noise_s0.02.jpg
imagen3_8c20e4bf83ffff36,noise_s0.02,imagen3,imagen3,1,0.27975109219551086,data\cache\clean\test\imagen3_8c20e4bf83ffff36\noise_s0.02.jpg
imagen3_8e6f8acd28fd8f35,noise_s0.02,imagen3,imagen3,1,0.2333371788263321,data\cache\clean\test\imagen3_8e6f8acd28fd8f35\noise_s0.02.jpg
imagen3_9e82651e214a25c8,noise_s0.02,imagen3,imagen3,1,0.15221630036830902,data\cache\clean\test\imagen3_9e82651e214a25c8\noise_s0.02.jpg
imagen3_a1b5be9a5f0d1f7a,noise_s0.02,imagen3,imagen3,1,0.25106608867645264,data\cache\clean\test\imagen3_a1b5be9a5f0d1f7a\noise_s0.02.jpg
imagen3_a90890e19b242beb,noise_s0.02,imagen3,imagen3,1,0.4990975558757782,data\cache\clean\test\imagen3_a90890e19b242beb\noise_s0.02.jpg
imagen3_aa13646e437b7afa,noise_s0.02,imagen3,imagen3,1,0.09263823181390762,data\cache\clean\test\imagen3_aa13646e437b7afa\noise_s0.02.jpg
imagen3_ad860df8c2a1a848,noise_s0.02,imagen3,imagen3,1,0.06462226063013077,data\cache\clean\test\imagen3_ad860df8c2a1a848\noise_s0.02.jpg
imagen3_b69c9976ced306d1,noise_s0.02,imagen3,imagen3,1,0.2754583954811096,data\cache\clean\test\imagen3_b69c9976ced306d1\noise_s0.02.jpg
imagen3_ca44bb7db1e73a9a,noise_s0.02,imagen3,imagen3,1,0.21380022168159485,data\cache\clean\test\imagen3_ca44bb7db1e73a9a\noise_s0.02.jpg
imagen3_d326e7c87fb1d966,noise_s0.02,imagen3,imagen3,1,0.2743736505508423,data\cache\clean\test\imagen3_d326e7c87fb1d966\noise_s0.02.jpg
imagen3_e63f3b6f8bdee43a,noise_s0.02,imagen3,imagen3,1,0.020894896239042282,data\cache\clean\test\imagen3_e63f3b6f8bdee43a\noise_s0.02.jpg
imagen3_ea646e585cc24088,noise_s0.02,imagen3,imagen3,1,0.35603517293930054,data\cache\clean\test\imagen3_ea646e585cc24088\noise_s0.02.jpg
imagen3_eaf94916ce926270,noise_s0.02,imagen3,imagen3,1,0.2791171669960022,data\cache\clean\test\imagen3_eaf94916ce926270\noise_s0.02.jpg
imagen3_f69a20bda8f47fea,noise_s0.02,imagen3,imagen3,1,0.1127476692199707,data\cache\clean\test\imagen3_f69a20bda8f47fea\noise_s0.02.jpg
imagen3_fa8535259782583b,noise_s0.02,imagen3,imagen3,1,0.1424034833908081,data\cache\clean\test\imagen3_fa8535259782583b\noise_s0.02.jpg
imagen3_fe7048efd51b15b8,noise_s0.02,imagen3,imagen3,1,0.23761801421642303,data\cache\clean\test\imagen3_fe7048efd51b15b8\noise_s0.02.jpg
sidset_full_synthetic_017359,noise_s0.02,sidset,full_synthetic,1,0.16210174560546875,data\cache\clean\test\sidset_full_synthetic_017359\noise_s0.02.jpg
sidset_full_synthetic_031321,noise_s0.02,sidset,full_synthetic,1,0.29368531703948975,data\cache\clean\test\sidset_full_synthetic_031321\noise_s0.02.jpg
sidset_full_synthetic_042089,noise_s0.02,sidset,full_synthetic,1,0.4506869912147522,data\cache\clean\test\sidset_full_synthetic_042089\noise_s0.02.jpg
sidset_full_synthetic_048809,noise_s0.02,sidset,full_synthetic,1,0.16110633313655853,data\cache\clean\test\sidset_full_synthetic_048809\noise_s0.02.jpg
sidset_full_synthetic_060524,noise_s0.02,sidset,full_synthetic,1,0.04496455937623978,data\cache\clean\test\sidset_full_synthetic_060524\noise_s0.02.jpg
sidset_full_synthetic_060650,noise_s0.02,sidset,full_synthetic,1,0.27691251039505005,data\cache\clean\test\sidset_full_synthetic_060650\noise_s0.02.jpg
sidset_full_synthetic_062086,noise_s0.02,sidset,full_synthetic,1,0.24213102459907532,data\cache\clean\test\sidset_full_synthetic_062086\noise_s0.02.jpg
sidset_full_synthetic_063062,noise_s0.02,sidset,full_synthetic,1,0.2871454656124115,data\cache\clean\test\sidset_full_synthetic_063062\noise_s0.02.jpg
sidset_full_synthetic_068023,noise_s0.02,sidset,full_synthetic,1,0.28368666768074036,data\cache\clean\test\sidset_full_synthetic_068023\noise_s0.02.jpg
stylegan_xl_0097a2e24789bc7a,noise_s0.02,stylegan_xl,stylegan_xl,1,0.08308717608451843,data\cache\clean\test\stylegan_xl_0097a2e24789bc7a\noise_s0.02.jpg
stylegan_xl_00a4591cf03df584,noise_s0.02,stylegan_xl,stylegan_xl,1,0.01508009247481823,data\cache\clean\test\stylegan_xl_00a4591cf03df584\noise_s0.02.jpg
stylegan_xl_0a4244f8a9185bad,noise_s0.02,stylegan_xl,stylegan_xl,1,0.3217065930366516,data\cache\clean\test\stylegan_xl_0a4244f8a9185bad\noise_s0.02.jpg
stylegan_xl_0f7efa4c31bcd8f4,noise_s0.02,stylegan_xl,stylegan_xl,1,0.012145373970270157,data\cache\clean\test\stylegan_xl_0f7efa4c31bcd8f4\noise_s0.02.jpg
stylegan_xl_1060d58257bc5130,noise_s0.02,stylegan_xl,stylegan_xl,1,0.08674182742834091,data\cache\clean\test\stylegan_xl_1060d58257bc5130\noise_s0.02.jpg
stylegan_xl_1440252ff76f525f,noise_s0.02,stylegan_xl,stylegan_xl,1,0.3199431896209717,data\cache\clean\test\stylegan_xl_1440252ff76f525f\noise_s0.02.jpg
stylegan_xl_17f8bf0ef8d2f478,noise_s0.02,stylegan_xl,stylegan_xl,1,0.1380259245634079,data\cache\clean\test\stylegan_xl_17f8bf0ef8d2f478\noise_s0.02.jpg
stylegan_xl_2013fe0d44f84041,noise_s0.02,stylegan_xl,stylegan_xl,1,0.06591528654098511,data\cache\clean\test\stylegan_xl_2013fe0d44f84041\noise_s0.02.jpg
stylegan_xl_324e332686aa6966,noise_s0.02,stylegan_xl,stylegan_xl,1,0.33135315775871277,data\cache\clean\test\stylegan_xl_324e332686aa6966\noise_s0.02.jpg
stylegan_xl_3621cf0be1fc8d68,noise_s0.02,stylegan_xl,stylegan_xl,1,0.07073652744293213,data\cache\clean\test\stylegan_xl_3621cf0be1fc8d68\noise_s0.02.jpg
stylegan_xl_38c489e3b0d8c700,noise_s0.02,stylegan_xl,stylegan_xl,1,0.3392540514469147,data\cache\clean\test\stylegan_xl_38c489e3b0d8c700\noise_s0.02.jpg
stylegan_xl_3b5e18f8fc06450d,noise_s0.02,stylegan_xl,stylegan_xl,1,0.03798551484942436,data\cache\clean\test\stylegan_xl_3b5e18f8fc06450d\noise_s0.02.jpg
stylegan_xl_42960,noise_s0.02,stylegan_xl,stylegan_xl,1,0.4886745512485504,data\cache\clean\test\stylegan_xl_42960\noise_s0.02.jpg
stylegan_xl_43847,noise_s0.02,stylegan_xl,stylegan_xl,1,0.08728983253240585,data\cache\clean\test\stylegan_xl_43847\noise_s0.02.jpg
stylegan_xl_44451,noise_s0.02,stylegan_xl,stylegan_xl,1,0.3984225392341614,data\cache\clean\test\stylegan_xl_44451\noise_s0.02.jpg
stylegan_xl_45400,noise_s0.02,stylegan_xl,stylegan_xl,1,0.14023149013519287,data\cache\clean\test\stylegan_xl_45400\noise_s0.02.jpg
stylegan_xl_45602,noise_s0.02,stylegan_xl,stylegan_xl,1,0.14140212535858154,data\cache\clean\test\stylegan_xl_45602\noise_s0.02.jpg
stylegan_xl_48611,noise_s0.02,stylegan_xl,stylegan_xl,1,0.30941712856292725,data\cache\clean\test\stylegan_xl_48611\noise_s0.02.jpg
stylegan_xl_49539,noise_s0.02,stylegan_xl,stylegan_xl,1,0.43665358424186707,data\cache\clean\test\stylegan_xl_49539\noise_s0.02.jpg
stylegan_xl_4f991f9638e28675,noise_s0.02,stylegan_xl,stylegan_xl,1,0.15015508234500885,data\cache\clean\test\stylegan_xl_4f991f9638e28675\noise_s0.02.jpg
stylegan_xl_53271,noise_s0.02,stylegan_xl,stylegan_xl,1,0.42287907004356384,data\cache\clean\test\stylegan_xl_53271\noise_s0.02.jpg
stylegan_xl_60ed9d3511d333bf,noise_s0.02,stylegan_xl,stylegan_xl,1,0.25003209710121155,data\cache\clean\test\stylegan_xl_60ed9d3511d333bf\noise_s0.02.jpg
stylegan_xl_65bb283a1280639e,noise_s0.02,stylegan_xl,stylegan_xl,1,0.20633725821971893,data\cache\clean\test\stylegan_xl_65bb283a1280639e\noise_s0.02.jpg
stylegan_xl_729fee52c5b7f95b,noise_s0.02,stylegan_xl,stylegan_xl,1,0.2229185849428177,data\cache\clean\test\stylegan_xl_729fee52c5b7f95b\noise_s0.02.jpg
stylegan_xl_7a863857aa371fb7,noise_s0.02,stylegan_xl,stylegan_xl,1,0.49594488739967346,data\cache\clean\test\stylegan_xl_7a863857aa371fb7\noise_s0.02.jpg
stylegan_xl_7d433e90bcd7bd53,noise_s0.02,stylegan_xl,stylegan_xl,1,0.14474567770957947,data\cache\clean\test\stylegan_xl_7d433e90bcd7bd53\noise_s0.02.jpg
stylegan_xl_7ffebe6032f8209f,noise_s0.02,stylegan_xl,stylegan_xl,1,0.07764965295791626,data\cache\clean\test\stylegan_xl_7ffebe6032f8209f\noise_s0.02.jpg
stylegan_xl_80fc8be6e7c11eb3,noise_s0.02,stylegan_xl,stylegan_xl,1,0.02753552980720997,data\cache\clean\test\stylegan_xl_80fc8be6e7c11eb3\noise_s0.02.jpg
stylegan_xl_8f9dfd75dde8914f,noise_s0.02,stylegan_xl,stylegan_xl,1,0.026263166218996048,data\cache\clean\test\stylegan_xl_8f9dfd75dde8914f\noise_s0.02.jpg
stylegan_xl_a1ed16fffc5ecb68,noise_s0.02,stylegan_xl,stylegan_xl,1,0.11569319665431976,data\cache\clean\test\stylegan_xl_a1ed16fffc5ecb68\noise_s0.02.jpg
stylegan_xl_a72f3ace10a8f550,noise_s0.02,stylegan_xl,stylegan_xl,1,0.024265291169285774,data\cache\clean\test\stylegan_xl_a72f3ace10a8f550\noise_s0.02.jpg
stylegan_xl_ae09b95535340878,noise_s0.02,stylegan_xl,stylegan_xl,1,0.211540088057518,data\cache\clean\test\stylegan_xl_ae09b95535340878\noise_s0.02.jpg
stylegan_xl_b6abe358484b287a,noise_s0.02,stylegan_xl,stylegan_xl,1,0.19006069004535675,data\cache\clean\test\stylegan_xl_b6abe358484b287a\noise_s0.02.jpg
stylegan_xl_c9421141bcf3a15a,noise_s0.02,stylegan_xl,stylegan_xl,1,0.21025274693965912,data\cache\clean\test\stylegan_xl_c9421141bcf3a15a\noise_s0.02.jpg
stylegan_xl_cccbc1d57a7e095e,noise_s0.02,stylegan_xl,stylegan_xl,1,0.36779600381851196,data\cache\clean\test\stylegan_xl_cccbc1d57a7e095e\noise_s0.02.jpg
stylegan_xl_cf9c332a1ebfb587,noise_s0.02,stylegan_xl,stylegan_xl,1,0.34106796979904175,data\cache\clean\test\stylegan_xl_cf9c332a1ebfb587\noise_s0.02.jpg
stylegan_xl_d686a15f05d09472,noise_s0.02,stylegan_xl,stylegan_xl,1,0.28934693336486816,data\cache\clean\test\stylegan_xl_d686a15f05d09472\noise_s0.02.jpg
stylegan_xl_d7c4ece8c8a01de0,noise_s0.02,stylegan_xl,stylegan_xl,1,0.18450449407100677,data\cache\clean\test\stylegan_xl_d7c4ece8c8a01de0\noise_s0.02.jpg
stylegan_xl_e4b8e7ef72cabaf2,noise_s0.02,stylegan_xl,stylegan_xl,1,0.05465127155184746,data\cache\clean\test\stylegan_xl_e4b8e7ef72cabaf2\noise_s0.02.jpg
stylegan_xl_f2ea3473d8b1a62f,noise_s0.02,stylegan_xl,stylegan_xl,1,0.11057408899068832,data\cache\clean\test\stylegan_xl_f2ea3473d8b1a62f\noise_s0.02.jpg
stylegan_xl_f4a503e24265a7e1,noise_s0.02,stylegan_xl,stylegan_xl,1,0.3598894774913788,data\cache\clean\test\stylegan_xl_f4a503e24265a7e1\noise_s0.02.jpg
stylegan_xl_fef6a66b8deaa7ab,noise_s0.02,stylegan_xl,stylegan_xl,1,0.009088815189898014,data\cache\clean\test\stylegan_xl_fef6a66b8deaa7ab\noise_s0.02.jpg
cifake_1028 (10),noise_s0.05,cifake,stable_diffusion,1,0.0658959448337555,data\cache\clean\test\cifake_1028 (10)\noise_s0.05.jpg
cifake_1278 (9),noise_s0.05,cifake,stable_diffusion,1,0.22270594537258148,data\cache\clean\test\cifake_1278 (9)\noise_s0.05.jpg
cifake_1392 (10),noise_s0.05,cifake,stable_diffusion,1,0.4272458255290985,data\cache\clean\test\cifake_1392 (10)\noise_s0.05.jpg
cifake_1729 (4),noise_s0.05,cifake,stable_diffusion,1,0.3400035798549652,data\cache\clean\test\cifake_1729 (4)\noise_s0.05.jpg
cifake_1867 (9),noise_s0.05,cifake,stable_diffusion,1,0.25765398144721985,data\cache\clean\test\cifake_1867 (9)\noise_s0.05.jpg
cifake_1878 (10),noise_s0.05,cifake,stable_diffusion,1,0.39342260360717773,data\cache\clean\test\cifake_1878 (10)\noise_s0.05.jpg
cifake_1927 (7),noise_s0.05,cifake,stable_diffusion,1,0.1672448366880417,data\cache\clean\test\cifake_1927 (7)\noise_s0.05.jpg
cifake_2438 (2),noise_s0.05,cifake,stable_diffusion,1,0.29006683826446533,data\cache\clean\test\cifake_2438 (2)\noise_s0.05.jpg
cifake_2509 (6),noise_s0.05,cifake,stable_diffusion,1,0.48151496052742004,data\cache\clean\test\cifake_2509 (6)\noise_s0.05.jpg
cifake_2634 (7),noise_s0.05,cifake,stable_diffusion,1,0.4313596189022064,data\cache\clean\test\cifake_2634 (7)\noise_s0.05.jpg
cifake_274,noise_s0.05,cifake,stable_diffusion,1,0.40386155247688293,data\cache\clean\test\cifake_274\noise_s0.05.jpg
cifake_28,noise_s0.05,cifake,stable_diffusion,1,0.24293258786201477,data\cache\clean\test\cifake_28\noise_s0.05.jpg
cifake_2831,noise_s0.05,cifake,stable_diffusion,1,0.2808792293071747,data\cache\clean\test\cifake_2831\noise_s0.05.jpg
cifake_295,noise_s0.05,cifake,stable_diffusion,1,0.45005473494529724,data\cache\clean\test\cifake_295\noise_s0.05.jpg
cifake_3160,noise_s0.05,cifake,stable_diffusion,1,0.16756418347358704,data\cache\clean\test\cifake_3160\noise_s0.05.jpg
cifake_3309 (8),noise_s0.05,cifake,stable_diffusion,1,0.2539861798286438,data\cache\clean\test\cifake_3309 (8)\noise_s0.05.jpg
cifake_3395 (5),noise_s0.05,cifake,stable_diffusion,1,0.13880740106105804,data\cache\clean\test\cifake_3395 (5)\noise_s0.05.jpg
cifake_3971 (2),noise_s0.05,cifake,stable_diffusion,1,0.40995070338249207,data\cache\clean\test\cifake_3971 (2)\noise_s0.05.jpg
cifake_3975 (6),noise_s0.05,cifake,stable_diffusion,1,0.1458956003189087,data\cache\clean\test\cifake_3975 (6)\noise_s0.05.jpg
cifake_4221 (2),noise_s0.05,cifake,stable_diffusion,1,0.34979578852653503,data\cache\clean\test\cifake_4221 (2)\noise_s0.05.jpg
cifake_4457 (9)_1,noise_s0.05,cifake,stable_diffusion,1,0.40052980184555054,data\cache\clean\test\cifake_4457 (9)_1\noise_s0.05.jpg
cifake_4746 (3),noise_s0.05,cifake,stable_diffusion,1,0.49874964356422424,data\cache\clean\test\cifake_4746 (3)\noise_s0.05.jpg
cifake_4826,noise_s0.05,cifake,stable_diffusion,1,0.47900402545928955,data\cache\clean\test\cifake_4826\noise_s0.05.jpg
cifake_5221 (3),noise_s0.05,cifake,stable_diffusion,1,0.262006938457489,data\cache\clean\test\cifake_5221 (3)\noise_s0.05.jpg
cifake_5288 (5),noise_s0.05,cifake,stable_diffusion,1,0.3746826648712158,data\cache\clean\test\cifake_5288 (5)\noise_s0.05.jpg
cifake_5511 (9),noise_s0.05,cifake,stable_diffusion,1,0.44220614433288574,data\cache\clean\test\cifake_5511 (9)\noise_s0.05.jpg
cifake_5607,noise_s0.05,cifake,stable_diffusion,1,0.3330788016319275,data\cache\clean\test\cifake_5607\noise_s0.05.jpg
cifake_5607 (3),noise_s0.05,cifake,stable_diffusion,1,0.2963695824146271,data\cache\clean\test\cifake_5607 (3)\noise_s0.05.jpg
cifake_5777 (3),noise_s0.05,cifake,stable_diffusion,1,0.20599189400672913,data\cache\clean\test\cifake_5777 (3)\noise_s0.05.jpg
cifake_771 (8),noise_s0.05,cifake,stable_diffusion,1,0.031116249039769173,data\cache\clean\test\cifake_771 (8)\noise_s0.05.jpg
cifake_939 (6),noise_s0.05,cifake,stable_diffusion,1,0.19977988302707672,data\cache\clean\test\cifake_939 (6)\noise_s0.05.jpg
cifake_954 (9),noise_s0.05,cifake,stable_diffusion,1,0.2405720204114914,data\cache\clean\test\cifake_954 (9)\noise_s0.05.jpg
cifake_966 (4),noise_s0.05,cifake,stable_diffusion,1,0.47717246413230896,data\cache\clean\test\cifake_966 (4)\noise_s0.05.jpg
dalle_17768,noise_s0.05,dalle,dalle,1,0.4984910786151886,data\cache\clean\test\dalle_17768\noise_s0.05.jpg
dalle_20080,noise_s0.05,dalle,dalle,1,0.12521709501743317,data\cache\clean\test\dalle_20080\noise_s0.05.jpg
dalle_26742,noise_s0.05,dalle,dalle,1,0.36633339524269104,data\cache\clean\test\dalle_26742\noise_s0.05.jpg
dalle_27029,noise_s0.05,dalle,dalle,1,0.18091753125190735,data\cache\clean\test\dalle_27029\noise_s0.05.jpg
dalle_36430,noise_s0.05,dalle,dalle,1,0.4504847526550293,data\cache\clean\test\dalle_36430\noise_s0.05.jpg
dalle_40387,noise_s0.05,dalle,dalle,1,0.4009036123752594,data\cache\clean\test\dalle_40387\noise_s0.05.jpg
dalle_41791,noise_s0.05,dalle,dalle,1,0.06117159128189087,data\cache\clean\test\dalle_41791\noise_s0.05.jpg
dalle_6f0f61883f111368d770c54801f33449,noise_s0.05,dalle,dalle,1,0.08428233861923218,data\cache\clean\test\dalle_6f0f61883f111368d770c54801f33449\noise_s0.05.jpg
dalle_8017,noise_s0.05,dalle,dalle,1,0.4125209152698517,data\cache\clean\test\dalle_8017\noise_s0.05.jpg
gigagan_05738,noise_s0.05,gigagan,gigagan,1,0.08956845104694366,data\cache\clean\test\gigagan_05738\noise_s0.05.jpg
gigagan_07350,noise_s0.05,gigagan,gigagan,1,0.3700167238712311,data\cache\clean\test\gigagan_07350\noise_s0.05.jpg
gigagan_09026,noise_s0.05,gigagan,gigagan,1,0.3482230603694916,data\cache\clean\test\gigagan_09026\noise_s0.05.jpg
gigagan_10769,noise_s0.05,gigagan,gigagan,1,0.19733057916164398,data\cache\clean\test\gigagan_10769\noise_s0.05.jpg
gigagan_10914,noise_s0.05,gigagan,gigagan,1,0.3447229862213135,data\cache\clean\test\gigagan_10914\noise_s0.05.jpg
gigagan_11787,noise_s0.05,gigagan,gigagan,1,0.33998459577560425,data\cache\clean\test\gigagan_11787\noise_s0.05.jpg
gigagan_12083,noise_s0.05,gigagan,gigagan,1,0.41205868124961853,data\cache\clean\test\gigagan_12083\noise_s0.05.jpg
gigagan_12654,noise_s0.05,gigagan,gigagan,1,0.23309756815433502,data\cache\clean\test\gigagan_12654\noise_s0.05.jpg
gigagan_14071,noise_s0.05,gigagan,gigagan,1,0.02702811174094677,data\cache\clean\test\gigagan_14071\noise_s0.05.jpg
gigagan_14138,noise_s0.05,gigagan,gigagan,1,0.1427202820777893,data\cache\clean\test\gigagan_14138\noise_s0.05.jpg
gigagan_15454,noise_s0.05,gigagan,gigagan,1,0.011806069873273373,data\cache\clean\test\gigagan_15454\noise_s0.05.jpg
gigagan_15561,noise_s0.05,gigagan,gigagan,1,0.023002490401268005,data\cache\clean\test\gigagan_15561\noise_s0.05.jpg
gigagan_19199,noise_s0.05,gigagan,gigagan,1,0.25226926803588867,data\cache\clean\test\gigagan_19199\noise_s0.05.jpg
gigagan_20207,noise_s0.05,gigagan,gigagan,1,0.1236681118607521,data\cache\clean\test\gigagan_20207\noise_s0.05.jpg
gigagan_21611,noise_s0.05,gigagan,gigagan,1,0.09687702357769012,data\cache\clean\test\gigagan_21611\noise_s0.05.jpg
gigagan_22418,noise_s0.05,gigagan,gigagan,1,0.05980377271771431,data\cache\clean\test\gigagan_22418\noise_s0.05.jpg
gigagan_24679,noise_s0.05,gigagan,gigagan,1,0.2290230542421341,data\cache\clean\test\gigagan_24679\noise_s0.05.jpg
gigagan_25090,noise_s0.05,gigagan,gigagan,1,0.39581573009490967,data\cache\clean\test\gigagan_25090\noise_s0.05.jpg
gigagan_28945,noise_s0.05,gigagan,gigagan,1,0.0889478251338005,data\cache\clean\test\gigagan_28945\noise_s0.05.jpg
gigagan_29717,noise_s0.05,gigagan,gigagan,1,0.4866035282611847,data\cache\clean\test\gigagan_29717\noise_s0.05.jpg
imagen3_045e6da6fd7f6fb0,noise_s0.05,imagen3,imagen3,1,0.2944578230381012,data\cache\clean\test\imagen3_045e6da6fd7f6fb0\noise_s0.05.jpg
imagen3_04e3097ac2f57647,noise_s0.05,imagen3,imagen3,1,0.3478046953678131,data\cache\clean\test\imagen3_04e3097ac2f57647\noise_s0.05.jpg
imagen3_07747d6ffd056bee,noise_s0.05,imagen3,imagen3,1,0.23741072416305542,data\cache\clean\test\imagen3_07747d6ffd056bee\noise_s0.05.jpg
imagen3_13ed1f9391224848,noise_s0.05,imagen3,imagen3,1,0.11155339330434799,data\cache\clean\test\imagen3_13ed1f9391224848\noise_s0.05.jpg
imagen3_15906,noise_s0.05,imagen3,imagen3,1,0.2729235291481018,data\cache\clean\test\imagen3_15906\noise_s0.05.jpg
imagen3_17643da56f35c6f7,noise_s0.05,imagen3,imagen3,1,0.020892558619379997,data\cache\clean\test\imagen3_17643da56f35c6f7\noise_s0.05.jpg
imagen3_17919c9ffd792ad9,noise_s0.05,imagen3,imagen3,1,0.30215778946876526,data\cache\clean\test\imagen3_17919c9ffd792ad9\noise_s0.05.jpg
imagen3_1fe9a0379cffa709,noise_s0.05,imagen3,imagen3,1,0.1378684788942337,data\cache\clean\test\imagen3_1fe9a0379cffa709\noise_s0.05.jpg
imagen3_24e64d19ddde11cb,noise_s0.05,imagen3,imagen3,1,0.004949730355292559,data\cache\clean\test\imagen3_24e64d19ddde11cb\noise_s0.05.jpg
imagen3_260ae6b06f1f50e2,noise_s0.05,imagen3,imagen3,1,0.00735106086358428,data\cache\clean\test\imagen3_260ae6b06f1f50e2\noise_s0.05.jpg
imagen3_2be4510162a8a76e,noise_s0.05,imagen3,imagen3,1,0.2612815797328949,data\cache\clean\test\imagen3_2be4510162a8a76e\noise_s0.05.jpg
imagen3_3403b18fc93acbfc,noise_s0.05,imagen3,imagen3,1,0.039479076862335205,data\cache\clean\test\imagen3_3403b18fc93acbfc\noise_s0.05.jpg
imagen3_43058,noise_s0.05,imagen3,imagen3,1,0.048941660672426224,data\cache\clean\test\imagen3_43058\noise_s0.05.jpg
imagen3_44015,noise_s0.05,imagen3,imagen3,1,0.1713436245918274,data\cache\clean\test\imagen3_44015\noise_s0.05.jpg
imagen3_46922,noise_s0.05,imagen3,imagen3,1,0.13422951102256775,data\cache\clean\test\imagen3_46922\noise_s0.05.jpg
imagen3_473ffc5e3d5dc373,noise_s0.05,imagen3,imagen3,1,0.2666579782962799,data\cache\clean\test\imagen3_473ffc5e3d5dc373\noise_s0.05.jpg
imagen3_519f5c348fe55fcd,noise_s0.05,imagen3,imagen3,1,0.08407486230134964,data\cache\clean\test\imagen3_519f5c348fe55fcd\noise_s0.05.jpg
imagen3_52520,noise_s0.05,imagen3,imagen3,1,0.3756858706474304,data\cache\clean\test\imagen3_52520\noise_s0.05.jpg
imagen3_560ead164dab63a5,noise_s0.05,imagen3,imagen3,1,0.4979306161403656,data\cache\clean\test\imagen3_560ead164dab63a5\noise_s0.05.jpg
imagen3_5a7405b5ead307fb,noise_s0.05,imagen3,imagen3,1,0.2911653518676758,data\cache\clean\test\imagen3_5a7405b5ead307fb\noise_s0.05.jpg
imagen3_5e95809bd47d157b,noise_s0.05,imagen3,imagen3,1,0.34127479791641235,data\cache\clean\test\imagen3_5e95809bd47d157b\noise_s0.05.jpg
imagen3_69467160e53f71bc,noise_s0.05,imagen3,imagen3,1,0.3492654860019684,data\cache\clean\test\imagen3_69467160e53f71bc\noise_s0.05.jpg
imagen3_6a8270ea182a9194,noise_s0.05,imagen3,imagen3,1,0.07544989883899689,data\cache\clean\test\imagen3_6a8270ea182a9194\noise_s0.05.jpg
imagen3_6c7624322b04ce43,noise_s0.05,imagen3,imagen3,1,0.024270817637443542,data\cache\clean\test\imagen3_6c7624322b04ce43\noise_s0.05.jpg
imagen3_77fb2d4f372634f8,noise_s0.05,imagen3,imagen3,1,0.029702376574277878,data\cache\clean\test\imagen3_77fb2d4f372634f8\noise_s0.05.jpg
imagen3_7e3e1e738f642f1a,noise_s0.05,imagen3,imagen3,1,0.4588724970817566,data\cache\clean\test\imagen3_7e3e1e738f642f1a\noise_s0.05.jpg
imagen3_7ee1485909c59826,noise_s0.05,imagen3,imagen3,1,0.33090636134147644,data\cache\clean\test\imagen3_7ee1485909c59826\noise_s0.05.jpg
imagen3_8b13dc3bff918841,noise_s0.05,imagen3,imagen3,1,0.11856821179389954,data\cache\clean\test\imagen3_8b13dc3bff918841\noise_s0.05.jpg
imagen3_8c20e4bf83ffff36,noise_s0.05,imagen3,imagen3,1,0.4036654829978943,data\cache\clean\test\imagen3_8c20e4bf83ffff36\noise_s0.05.jpg
imagen3_8e6f8acd28fd8f35,noise_s0.05,imagen3,imagen3,1,0.29921504855155945,data\cache\clean\test\imagen3_8e6f8acd28fd8f35\noise_s0.05.jpg
imagen3_9e82651e214a25c8,noise_s0.05,imagen3,imagen3,1,0.31416580080986023,data\cache\clean\test\imagen3_9e82651e214a25c8\noise_s0.05.jpg
imagen3_aa13646e437b7afa,noise_s0.05,imagen3,imagen3,1,0.19734789431095123,data\cache\clean\test\imagen3_aa13646e437b7afa\noise_s0.05.jpg
imagen3_ad860df8c2a1a848,noise_s0.05,imagen3,imagen3,1,0.13645970821380615,data\cache\clean\test\imagen3_ad860df8c2a1a848\noise_s0.05.jpg
imagen3_b69c9976ced306d1,noise_s0.05,imagen3,imagen3,1,0.27643883228302,data\cache\clean\test\imagen3_b69c9976ced306d1\noise_s0.05.jpg
imagen3_ca44bb7db1e73a9a,noise_s0.05,imagen3,imagen3,1,0.13010330498218536,data\cache\clean\test\imagen3_ca44bb7db1e73a9a\noise_s0.05.jpg
imagen3_d326e7c87fb1d966,noise_s0.05,imagen3,imagen3,1,0.22528694570064545,data\cache\clean\test\imagen3_d326e7c87fb1d966\noise_s0.05.jpg
imagen3_e63f3b6f8bdee43a,noise_s0.05,imagen3,imagen3,1,0.026131344959139824,data\cache\clean\test\imagen3_e63f3b6f8bdee43a\noise_s0.05.jpg
imagen3_ea646e585cc24088,noise_s0.05,imagen3,imagen3,1,0.4040268659591675,data\cache\clean\test\imagen3_ea646e585cc24088\noise_s0.05.jpg
imagen3_eaf94916ce926270,noise_s0.05,imagen3,imagen3,1,0.293750137090683,data\cache\clean\test\imagen3_eaf94916ce926270\noise_s0.05.jpg
imagen3_f69a20bda8f47fea,noise_s0.05,imagen3,imagen3,1,0.11978469043970108,data\cache\clean\test\imagen3_f69a20bda8f47fea\noise_s0.05.jpg
imagen3_fa8535259782583b,noise_s0.05,imagen3,imagen3,1,0.07051975280046463,data\cache\clean\test\imagen3_fa8535259782583b\noise_s0.05.jpg
imagen3_fd568a2839353a92,noise_s0.05,imagen3,imagen3,1,0.4953259229660034,data\cache\clean\test\imagen3_fd568a2839353a92\noise_s0.05.jpg
imagen3_fe7048efd51b15b8,noise_s0.05,imagen3,imagen3,1,0.2761788070201874,data\cache\clean\test\imagen3_fe7048efd51b15b8\noise_s0.05.jpg
imagen3_Imagen3_1208,noise_s0.05,imagen3,imagen3,1,0.10214392840862274,data\cache\clean\test\imagen3_Imagen3_1208\noise_s0.05.jpg
sidset_full_synthetic_017359,noise_s0.05,sidset,full_synthetic,1,0.22682446241378784,data\cache\clean\test\sidset_full_synthetic_017359\noise_s0.05.jpg
sidset_full_synthetic_031321,noise_s0.05,sidset,full_synthetic,1,0.4082080125808716,data\cache\clean\test\sidset_full_synthetic_031321\noise_s0.05.jpg
sidset_full_synthetic_033528,noise_s0.05,sidset,full_synthetic,1,0.23972782492637634,data\cache\clean\test\sidset_full_synthetic_033528\noise_s0.05.jpg
sidset_full_synthetic_038531,noise_s0.05,sidset,full_synthetic,1,0.43811705708503723,data\cache\clean\test\sidset_full_synthetic_038531\noise_s0.05.jpg
sidset_full_synthetic_048376,noise_s0.05,sidset,full_synthetic,1,0.3892417848110199,data\cache\clean\test\sidset_full_synthetic_048376\noise_s0.05.jpg
sidset_full_synthetic_048809,noise_s0.05,sidset,full_synthetic,1,0.33514487743377686,data\cache\clean\test\sidset_full_synthetic_048809\noise_s0.05.jpg
sidset_full_synthetic_060524,noise_s0.05,sidset,full_synthetic,1,0.04728282615542412,data\cache\clean\test\sidset_full_synthetic_060524\noise_s0.05.jpg
sidset_full_synthetic_060650,noise_s0.05,sidset,full_synthetic,1,0.22516971826553345,data\cache\clean\test\sidset_full_synthetic_060650\noise_s0.05.jpg
sidset_full_synthetic_061708,noise_s0.05,sidset,full_synthetic,1,0.2514547109603882,data\cache\clean\test\sidset_full_synthetic_061708\noise_s0.05.jpg
sidset_full_synthetic_062086,noise_s0.05,sidset,full_synthetic,1,0.4777771234512329,data\cache\clean\test\sidset_full_synthetic_062086\noise_s0.05.jpg
sidset_full_synthetic_063062,noise_s0.05,sidset,full_synthetic,1,0.3548009395599365,data\cache\clean\test\sidset_full_synthetic_063062\noise_s0.05.jpg
sidset_full_synthetic_068023,noise_s0.05,sidset,full_synthetic,1,0.3833561837673187,data\cache\clean\test\sidset_full_synthetic_068023\noise_s0.05.jpg
stylegan_xl_0097a2e24789bc7a,noise_s0.05,stylegan_xl,stylegan_xl,1,0.03732890263199806,data\cache\clean\test\stylegan_xl_0097a2e24789bc7a\noise_s0.05.jpg
stylegan_xl_00a4591cf03df584,noise_s0.05,stylegan_xl,stylegan_xl,1,0.014081781730055809,data\cache\clean\test\stylegan_xl_00a4591cf03df584\noise_s0.05.jpg
stylegan_xl_031391f1ab18ab62,noise_s0.05,stylegan_xl,stylegan_xl,1,0.19379450380802155,data\cache\clean\test\stylegan_xl_031391f1ab18ab62\noise_s0.05.jpg
stylegan_xl_0a4244f8a9185bad,noise_s0.05,stylegan_xl,stylegan_xl,1,0.3537331521511078,data\cache\clean\test\stylegan_xl_0a4244f8a9185bad\noise_s0.05.jpg
stylegan_xl_0f7efa4c31bcd8f4,noise_s0.05,stylegan_xl,stylegan_xl,1,0.08763035386800766,data\cache\clean\test\stylegan_xl_0f7efa4c31bcd8f4\noise_s0.05.jpg
stylegan_xl_1060d58257bc5130,noise_s0.05,stylegan_xl,stylegan_xl,1,0.04155644029378891,data\cache\clean\test\stylegan_xl_1060d58257bc5130\noise_s0.05.jpg
stylegan_xl_1440252ff76f525f,noise_s0.05,stylegan_xl,stylegan_xl,1,0.37287527322769165,data\cache\clean\test\stylegan_xl_1440252ff76f525f\noise_s0.05.jpg
stylegan_xl_17f8bf0ef8d2f478,noise_s0.05,stylegan_xl,stylegan_xl,1,0.10819350928068161,data\cache\clean\test\stylegan_xl_17f8bf0ef8d2f478\noise_s0.05.jpg
stylegan_xl_2013fe0d44f84041,noise_s0.05,stylegan_xl,stylegan_xl,1,0.054676469415426254,data\cache\clean\test\stylegan_xl_2013fe0d44f84041\noise_s0.05.jpg
stylegan_xl_324e332686aa6966,noise_s0.05,stylegan_xl,stylegan_xl,1,0.2491774559020996,data\cache\clean\test\stylegan_xl_324e332686aa6966\noise_s0.05.jpg
stylegan_xl_3621cf0be1fc8d68,noise_s0.05,stylegan_xl,stylegan_xl,1,0.0661003440618515,data\cache\clean\test\stylegan_xl_3621cf0be1fc8d68\noise_s0.05.jpg
stylegan_xl_38c489e3b0d8c700,noise_s0.05,stylegan_xl,stylegan_xl,1,0.37801945209503174,data\cache\clean\test\stylegan_xl_38c489e3b0d8c700\noise_s0.05.jpg
stylegan_xl_3b5e18f8fc06450d,noise_s0.05,stylegan_xl,stylegan_xl,1,0.034896183758974075,data\cache\clean\test\stylegan_xl_3b5e18f8fc06450d\noise_s0.05.jpg
stylegan_xl_43847,noise_s0.05,stylegan_xl,stylegan_xl,1,0.2510676980018616,data\cache\clean\test\stylegan_xl_43847\noise_s0.05.jpg
stylegan_xl_45400,noise_s0.05,stylegan_xl,stylegan_xl,1,0.21678371727466583,data\cache\clean\test\stylegan_xl_45400\noise_s0.05.jpg
stylegan_xl_45602,noise_s0.05,stylegan_xl,stylegan_xl,1,0.42078179121017456,data\cache\clean\test\stylegan_xl_45602\noise_s0.05.jpg
stylegan_xl_48611,noise_s0.05,stylegan_xl,stylegan_xl,1,0.464215487241745,data\cache\clean\test\stylegan_xl_48611\noise_s0.05.jpg
stylegan_xl_49539,noise_s0.05,stylegan_xl,stylegan_xl,1,0.46520549058914185,data\cache\clean\test\stylegan_xl_49539\noise_s0.05.jpg
stylegan_xl_4f991f9638e28675,noise_s0.05,stylegan_xl,stylegan_xl,1,0.14742617309093475,data\cache\clean\test\stylegan_xl_4f991f9638e28675\noise_s0.05.jpg
stylegan_xl_60ed9d3511d333bf,noise_s0.05,stylegan_xl,stylegan_xl,1,0.30291202664375305,data\cache\clean\test\stylegan_xl_60ed9d3511d333bf\noise_s0.05.jpg
stylegan_xl_65bb283a1280639e,noise_s0.05,stylegan_xl,stylegan_xl,1,0.23484060168266296,data\cache\clean\test\stylegan_xl_65bb283a1280639e\noise_s0.05.jpg
stylegan_xl_729fee52c5b7f95b,noise_s0.05,stylegan_xl,stylegan_xl,1,0.2175309956073761,data\cache\clean\test\stylegan_xl_729fee52c5b7f95b\noise_s0.05.jpg
stylegan_xl_7d433e90bcd7bd53,noise_s0.05,stylegan_xl,stylegan_xl,1,0.09241647273302078,data\cache\clean\test\stylegan_xl_7d433e90bcd7bd53\noise_s0.05.jpg
stylegan_xl_7ffebe6032f8209f,noise_s0.05,stylegan_xl,stylegan_xl,1,0.12607581913471222,data\cache\clean\test\stylegan_xl_7ffebe6032f8209f\noise_s0.05.jpg
stylegan_xl_80fc8be6e7c11eb3,noise_s0.05,stylegan_xl,stylegan_xl,1,0.02816598489880562,data\cache\clean\test\stylegan_xl_80fc8be6e7c11eb3\noise_s0.05.jpg
stylegan_xl_8461b1ae87c22c20,noise_s0.05,stylegan_xl,stylegan_xl,1,0.4160257577896118,data\cache\clean\test\stylegan_xl_8461b1ae87c22c20\noise_s0.05.jpg
stylegan_xl_8f9dfd75dde8914f,noise_s0.05,stylegan_xl,stylegan_xl,1,0.03185224533081055,data\cache\clean\test\stylegan_xl_8f9dfd75dde8914f\noise_s0.05.jpg
stylegan_xl_a1ed16fffc5ecb68,noise_s0.05,stylegan_xl,stylegan_xl,1,0.3266347348690033,data\cache\clean\test\stylegan_xl_a1ed16fffc5ecb68\noise_s0.05.jpg
stylegan_xl_a72f3ace10a8f550,noise_s0.05,stylegan_xl,stylegan_xl,1,0.024785149842500687,data\cache\clean\test\stylegan_xl_a72f3ace10a8f550\noise_s0.05.jpg
stylegan_xl_ae09b95535340878,noise_s0.05,stylegan_xl,stylegan_xl,1,0.33426138758659363,data\cache\clean\test\stylegan_xl_ae09b95535340878\noise_s0.05.jpg
stylegan_xl_b6abe358484b287a,noise_s0.05,stylegan_xl,stylegan_xl,1,0.27643588185310364,data\cache\clean\test\stylegan_xl_b6abe358484b287a\noise_s0.05.jpg
stylegan_xl_c9421141bcf3a15a,noise_s0.05,stylegan_xl,stylegan_xl,1,0.17453217506408691,data\cache\clean\test\stylegan_xl_c9421141bcf3a15a\noise_s0.05.jpg
stylegan_xl_cccbc1d57a7e095e,noise_s0.05,stylegan_xl,stylegan_xl,1,0.4049311578273773,data\cache\clean\test\stylegan_xl_cccbc1d57a7e095e\noise_s0.05.jpg
stylegan_xl_cf9c332a1ebfb587,noise_s0.05,stylegan_xl,stylegan_xl,1,0.2986432611942291,data\cache\clean\test\stylegan_xl_cf9c332a1ebfb587\noise_s0.05.jpg
stylegan_xl_d686a15f05d09472,noise_s0.05,stylegan_xl,stylegan_xl,1,0.2536008358001709,data\cache\clean\test\stylegan_xl_d686a15f05d09472\noise_s0.05.jpg
stylegan_xl_d7c4ece8c8a01de0,noise_s0.05,stylegan_xl,stylegan_xl,1,0.11917079985141754,data\cache\clean\test\stylegan_xl_d7c4ece8c8a01de0\noise_s0.05.jpg
stylegan_xl_e4b8e7ef72cabaf2,noise_s0.05,stylegan_xl,stylegan_xl,1,0.04111518710851669,data\cache\clean\test\stylegan_xl_e4b8e7ef72cabaf2\noise_s0.05.jpg
stylegan_xl_f2ea3473d8b1a62f,noise_s0.05,stylegan_xl,stylegan_xl,1,0.26233217120170593,data\cache\clean\test\stylegan_xl_f2ea3473d8b1a62f\noise_s0.05.jpg
stylegan_xl_f4a503e24265a7e1,noise_s0.05,stylegan_xl,stylegan_xl,1,0.3754861652851105,data\cache\clean\test\stylegan_xl_f4a503e24265a7e1\noise_s0.05.jpg
stylegan_xl_fef6a66b8deaa7ab,noise_s0.05,stylegan_xl,stylegan_xl,1,0.013619323261082172,data\cache\clean\test\stylegan_xl_fef6a66b8deaa7ab\noise_s0.05.jpg
cifake_1028 (10),noise_s0.1,cifake,stable_diffusion,1,0.03597714379429817,data\cache\clean\test\cifake_1028 (10)\noise_s0.1.jpg
cifake_1088 (3),noise_s0.1,cifake,stable_diffusion,1,0.1143842563033104,data\cache\clean\test\cifake_1088 (3)\noise_s0.1.jpg
cifake_1270 (7),noise_s0.1,cifake,stable_diffusion,1,0.4995145797729492,data\cache\clean\test\cifake_1270 (7)\noise_s0.1.jpg
cifake_1278 (9),noise_s0.1,cifake,stable_diffusion,1,0.1993081271648407,data\cache\clean\test\cifake_1278 (9)\noise_s0.1.jpg
cifake_1612 (9),noise_s0.1,cifake,stable_diffusion,1,0.42706504464149475,data\cache\clean\test\cifake_1612 (9)\noise_s0.1.jpg
cifake_1629 (9),noise_s0.1,cifake,stable_diffusion,1,0.4882032573223114,data\cache\clean\test\cifake_1629 (9)\noise_s0.1.jpg
cifake_1710 (5),noise_s0.1,cifake,stable_diffusion,1,0.14734230935573578,data\cache\clean\test\cifake_1710 (5)\noise_s0.1.jpg
cifake_1867 (9),noise_s0.1,cifake,stable_diffusion,1,0.2259638011455536,data\cache\clean\test\cifake_1867 (9)\noise_s0.1.jpg
cifake_1878 (10),noise_s0.1,cifake,stable_diffusion,1,0.30456000566482544,data\cache\clean\test\cifake_1878 (10)\noise_s0.1.jpg
cifake_2293 (9),noise_s0.1,cifake,stable_diffusion,1,0.4913703501224518,data\cache\clean\test\cifake_2293 (9)\noise_s0.1.jpg
cifake_2509 (6),noise_s0.1,cifake,stable_diffusion,1,0.44536837935447693,data\cache\clean\test\cifake_2509 (6)\noise_s0.1.jpg
cifake_2564 (6),noise_s0.1,cifake,stable_diffusion,1,0.3473004400730133,data\cache\clean\test\cifake_2564 (6)\noise_s0.1.jpg
cifake_2586 (2),noise_s0.1,cifake,stable_diffusion,1,0.2391839474439621,data\cache\clean\test\cifake_2586 (2)\noise_s0.1.jpg
cifake_2588 (7),noise_s0.1,cifake,stable_diffusion,1,0.4227903187274933,data\cache\clean\test\cifake_2588 (7)\noise_s0.1.jpg
cifake_2634 (7),noise_s0.1,cifake,stable_diffusion,1,0.16015875339508057,data\cache\clean\test\cifake_2634 (7)\noise_s0.1.jpg
cifake_2710 (8),noise_s0.1,cifake,stable_diffusion,1,0.3947734832763672,data\cache\clean\test\cifake_2710 (8)\noise_s0.1.jpg
cifake_274,noise_s0.1,cifake,stable_diffusion,1,0.26301729679107666,data\cache\clean\test\cifake_274\noise_s0.1.jpg
cifake_2752 (3),noise_s0.1,cifake,stable_diffusion,1,0.29068416357040405,data\cache\clean\test\cifake_2752 (3)\noise_s0.1.jpg
cifake_2794 (7),noise_s0.1,cifake,stable_diffusion,1,0.46193182468414307,data\cache\clean\test\cifake_2794 (7)\noise_s0.1.jpg
cifake_28,noise_s0.1,cifake,stable_diffusion,1,0.2310943454504013,data\cache\clean\test\cifake_28\noise_s0.1.jpg
cifake_2831,noise_s0.1,cifake,stable_diffusion,1,0.10382279008626938,data\cache\clean\test\cifake_2831\noise_s0.1.jpg
cifake_3006 (4)_1,noise_s0.1,cifake,stable_diffusion,1,0.2677203416824341,data\cache\clean\test\cifake_3006 (4)_1\noise_s0.1.jpg
cifake_3160,noise_s0.1,cifake,stable_diffusion,1,0.1914103478193283,data\cache\clean\test\cifake_3160\noise_s0.1.jpg
cifake_3217 (6),noise_s0.1,cifake,stable_diffusion,1,0.1930176168680191,data\cache\clean\test\cifake_3217 (6)\noise_s0.1.jpg
cifake_3287 (7),noise_s0.1,cifake,stable_diffusion,1,0.4171004891395569,data\cache\clean\test\cifake_3287 (7)\noise_s0.1.jpg
cifake_3309 (8),noise_s0.1,cifake,stable_diffusion,1,0.4160107970237732,data\cache\clean\test\cifake_3309 (8)\noise_s0.1.jpg
cifake_3395 (5),noise_s0.1,cifake,stable_diffusion,1,0.38341382145881653,data\cache\clean\test\cifake_3395 (5)\noise_s0.1.jpg
cifake_3702 (10),noise_s0.1,cifake,stable_diffusion,1,0.3681109547615051,data\cache\clean\test\cifake_3702 (10)\noise_s0.1.jpg
cifake_3750 (6),noise_s0.1,cifake,stable_diffusion,1,0.455260694026947,data\cache\clean\test\cifake_3750 (6)\noise_s0.1.jpg
cifake_3971 (2),noise_s0.1,cifake,stable_diffusion,1,0.199750617146492,data\cache\clean\test\cifake_3971 (2)\noise_s0.1.jpg
cifake_3975 (6),noise_s0.1,cifake,stable_diffusion,1,0.09524904936552048,data\cache\clean\test\cifake_3975 (6)\noise_s0.1.jpg
cifake_4127 (3),noise_s0.1,cifake,stable_diffusion,1,0.11972955614328384,data\cache\clean\test\cifake_4127 (3)\noise_s0.1.jpg
cifake_4221 (2),noise_s0.1,cifake,stable_diffusion,1,0.21630051732063293,data\cache\clean\test\cifake_4221 (2)\noise_s0.1.jpg
cifake_4457 (9)_1,noise_s0.1,cifake,stable_diffusion,1,0.1813109815120697,data\cache\clean\test\cifake_4457 (9)_1\noise_s0.1.jpg
cifake_4681 (5),noise_s0.1,cifake,stable_diffusion,1,0.3805542588233948,data\cache\clean\test\cifake_4681 (5)\noise_s0.1.jpg
cifake_4826,noise_s0.1,cifake,stable_diffusion,1,0.4013828635215759,data\cache\clean\test\cifake_4826\noise_s0.1.jpg
cifake_4943 (5),noise_s0.1,cifake,stable_diffusion,1,0.33387377858161926,data\cache\clean\test\cifake_4943 (5)\noise_s0.1.jpg
cifake_5062 (9),noise_s0.1,cifake,stable_diffusion,1,0.41776135563850403,data\cache\clean\test\cifake_5062 (9)\noise_s0.1.jpg
cifake_5066 (2),noise_s0.1,cifake,stable_diffusion,1,0.23549561202526093,data\cache\clean\test\cifake_5066 (2)\noise_s0.1.jpg
cifake_5221 (3),noise_s0.1,cifake,stable_diffusion,1,0.1632891446352005,data\cache\clean\test\cifake_5221 (3)\noise_s0.1.jpg
cifake_5511 (9),noise_s0.1,cifake,stable_diffusion,1,0.49331167340278625,data\cache\clean\test\cifake_5511 (9)\noise_s0.1.jpg
cifake_5607,noise_s0.1,cifake,stable_diffusion,1,0.26062485575675964,data\cache\clean\test\cifake_5607\noise_s0.1.jpg
cifake_5607 (3),noise_s0.1,cifake,stable_diffusion,1,0.1193724274635315,data\cache\clean\test\cifake_5607 (3)\noise_s0.1.jpg
cifake_5777 (3),noise_s0.1,cifake,stable_diffusion,1,0.21914036571979523,data\cache\clean\test\cifake_5777 (3)\noise_s0.1.jpg
cifake_771 (8),noise_s0.1,cifake,stable_diffusion,1,0.19149081408977509,data\cache\clean\test\cifake_771 (8)\noise_s0.1.jpg
cifake_784 (4),noise_s0.1,cifake,stable_diffusion,1,0.3329501450061798,data\cache\clean\test\cifake_784 (4)\noise_s0.1.jpg
cifake_791 (6),noise_s0.1,cifake,stable_diffusion,1,0.4902417063713074,data\cache\clean\test\cifake_791 (6)\noise_s0.1.jpg
cifake_939 (6),noise_s0.1,cifake,stable_diffusion,1,0.0866236537694931,data\cache\clean\test\cifake_939 (6)\noise_s0.1.jpg
cifake_954 (9),noise_s0.1,cifake,stable_diffusion,1,0.11826928704977036,data\cache\clean\test\cifake_954 (9)\noise_s0.1.jpg
cifake_966 (4),noise_s0.1,cifake,stable_diffusion,1,0.08318470418453217,data\cache\clean\test\cifake_966 (4)\noise_s0.1.jpg
cifake_966 (6),noise_s0.1,cifake,stable_diffusion,1,0.4855215847492218,data\cache\clean\test\cifake_966 (6)\noise_s0.1.jpg
dalle_10420,noise_s0.1,dalle,dalle,1,0.3502180278301239,data\cache\clean\test\dalle_10420\noise_s0.1.jpg
dalle_13108,noise_s0.1,dalle,dalle,1,0.15452514588832855,data\cache\clean\test\dalle_13108\noise_s0.1.jpg
dalle_15831,noise_s0.1,dalle,dalle,1,0.3969436287879944,data\cache\clean\test\dalle_15831\noise_s0.1.jpg
dalle_17768,noise_s0.1,dalle,dalle,1,0.32470226287841797,data\cache\clean\test\dalle_17768\noise_s0.1.jpg
dalle_20080,noise_s0.1,dalle,dalle,1,0.017959674820303917,data\cache\clean\test\dalle_20080\noise_s0.1.jpg
dalle_24599,noise_s0.1,dalle,dalle,1,0.14076483249664307,data\cache\clean\test\dalle_24599\noise_s0.1.jpg
dalle_27029,noise_s0.1,dalle,dalle,1,0.16469985246658325,data\cache\clean\test\dalle_27029\noise_s0.1.jpg
dalle_32865,noise_s0.1,dalle,dalle,1,0.48618078231811523,data\cache\clean\test\dalle_32865\noise_s0.1.jpg
dalle_33159,noise_s0.1,dalle,dalle,1,0.28299105167388916,data\cache\clean\test\dalle_33159\noise_s0.1.jpg
dalle_3469,noise_s0.1,dalle,dalle,1,0.4947981536388397,data\cache\clean\test\dalle_3469\noise_s0.1.jpg
dalle_36430,noise_s0.1,dalle,dalle,1,0.41937771439552307,data\cache\clean\test\dalle_36430\noise_s0.1.jpg
dalle_40387,noise_s0.1,dalle,dalle,1,0.08443917334079742,data\cache\clean\test\dalle_40387\noise_s0.1.jpg
dalle_41791,noise_s0.1,dalle,dalle,1,0.018824048340320587,data\cache\clean\test\dalle_41791\noise_s0.1.jpg
dalle_41855,noise_s0.1,dalle,dalle,1,0.3972529470920563,data\cache\clean\test\dalle_41855\noise_s0.1.jpg
dalle_5781,noise_s0.1,dalle,dalle,1,0.4455874562263489,data\cache\clean\test\dalle_5781\noise_s0.1.jpg
dalle_6f0f61883f111368d770c54801f33449,noise_s0.1,dalle,dalle,1,0.07285228371620178,data\cache\clean\test\dalle_6f0f61883f111368d770c54801f33449\noise_s0.1.jpg
dalle_733,noise_s0.1,dalle,dalle,1,0.3288566768169403,data\cache\clean\test\dalle_733\noise_s0.1.jpg
dalle_9068,noise_s0.1,dalle,dalle,1,0.12087514996528625,data\cache\clean\test\dalle_9068\noise_s0.1.jpg
gigagan_05738,noise_s0.1,gigagan,gigagan,1,0.17906220257282257,data\cache\clean\test\gigagan_05738\noise_s0.1.jpg
gigagan_07242,noise_s0.1,gigagan,gigagan,1,0.48736611008644104,data\cache\clean\test\gigagan_07242\noise_s0.1.jpg
gigagan_07350,noise_s0.1,gigagan,gigagan,1,0.017427675426006317,data\cache\clean\test\gigagan_07350\noise_s0.1.jpg
gigagan_07909,noise_s0.1,gigagan,gigagan,1,0.4615072011947632,data\cache\clean\test\gigagan_07909\noise_s0.1.jpg
gigagan_08561,noise_s0.1,gigagan,gigagan,1,0.3485865890979767,data\cache\clean\test\gigagan_08561\noise_s0.1.jpg
gigagan_09045,noise_s0.1,gigagan,gigagan,1,0.3875333070755005,data\cache\clean\test\gigagan_09045\noise_s0.1.jpg
gigagan_10914,noise_s0.1,gigagan,gigagan,1,0.11303345859050751,data\cache\clean\test\gigagan_10914\noise_s0.1.jpg
gigagan_12083,noise_s0.1,gigagan,gigagan,1,0.49421849846839905,data\cache\clean\test\gigagan_12083\noise_s0.1.jpg
gigagan_12654,noise_s0.1,gigagan,gigagan,1,0.2330990433692932,data\cache\clean\test\gigagan_12654\noise_s0.1.jpg
gigagan_14071,noise_s0.1,gigagan,gigagan,1,0.010569497011601925,data\cache\clean\test\gigagan_14071\noise_s0.1.jpg
gigagan_14138,noise_s0.1,gigagan,gigagan,1,0.06792709231376648,data\cache\clean\test\gigagan_14138\noise_s0.1.jpg
gigagan_14858,noise_s0.1,gigagan,gigagan,1,0.08133348822593689,data\cache\clean\test\gigagan_14858\noise_s0.1.jpg
gigagan_15454,noise_s0.1,gigagan,gigagan,1,0.015872256830334663,data\cache\clean\test\gigagan_15454\noise_s0.1.jpg
gigagan_15561,noise_s0.1,gigagan,gigagan,1,0.00491940975189209,data\cache\clean\test\gigagan_15561\noise_s0.1.jpg
gigagan_15694,noise_s0.1,gigagan,gigagan,1,0.06236843392252922,data\cache\clean\test\gigagan_15694\noise_s0.1.jpg
gigagan_16469,noise_s0.1,gigagan,gigagan,1,0.2422734647989273,data\cache\clean\test\gigagan_16469\noise_s0.1.jpg
gigagan_17003,noise_s0.1,gigagan,gigagan,1,0.18327952921390533,data\cache\clean\test\gigagan_17003\noise_s0.1.jpg
gigagan_18378,noise_s0.1,gigagan,gigagan,1,0.1875711977481842,data\cache\clean\test\gigagan_18378\noise_s0.1.jpg
gigagan_19199,noise_s0.1,gigagan,gigagan,1,0.19232024252414703,data\cache\clean\test\gigagan_19199\noise_s0.1.jpg
gigagan_19316,noise_s0.1,gigagan,gigagan,1,0.43460768461227417,data\cache\clean\test\gigagan_19316\noise_s0.1.jpg
gigagan_20207,noise_s0.1,gigagan,gigagan,1,0.1521291732788086,data\cache\clean\test\gigagan_20207\noise_s0.1.jpg
gigagan_20316,noise_s0.1,gigagan,gigagan,1,0.3853520154953003,data\cache\clean\test\gigagan_20316\noise_s0.1.jpg
gigagan_20327,noise_s0.1,gigagan,gigagan,1,0.08851875364780426,data\cache\clean\test\gigagan_20327\noise_s0.1.jpg
gigagan_20968,noise_s0.1,gigagan,gigagan,1,0.2634001672267914,data\cache\clean\test\gigagan_20968\noise_s0.1.jpg
gigagan_21611,noise_s0.1,gigagan,gigagan,1,0.14929074048995972,data\cache\clean\test\gigagan_21611\noise_s0.1.jpg
gigagan_22418,noise_s0.1,gigagan,gigagan,1,0.04399583116173744,data\cache\clean\test\gigagan_22418\noise_s0.1.jpg
gigagan_23134,noise_s0.1,gigagan,gigagan,1,0.30402278900146484,data\cache\clean\test\gigagan_23134\noise_s0.1.jpg
gigagan_24445,noise_s0.1,gigagan,gigagan,1,0.48919180035591125,data\cache\clean\test\gigagan_24445\noise_s0.1.jpg
gigagan_26067,noise_s0.1,gigagan,gigagan,1,0.4052277207374573,data\cache\clean\test\gigagan_26067\noise_s0.1.jpg
gigagan_28945,noise_s0.1,gigagan,gigagan,1,0.02193717658519745,data\cache\clean\test\gigagan_28945\noise_s0.1.jpg
imagen3_045e6da6fd7f6fb0,noise_s0.1,imagen3,imagen3,1,0.15851272642612457,data\cache\clean\test\imagen3_045e6da6fd7f6fb0\noise_s0.1.jpg
imagen3_04e3097ac2f57647,noise_s0.1,imagen3,imagen3,1,0.21383951604366302,data\cache\clean\test\imagen3_04e3097ac2f57647\noise_s0.1.jpg
imagen3_07747d6ffd056bee,noise_s0.1,imagen3,imagen3,1,0.25210797786712646,data\cache\clean\test\imagen3_07747d6ffd056bee\noise_s0.1.jpg
imagen3_13ed1f9391224848,noise_s0.1,imagen3,imagen3,1,0.1405848264694214,data\cache\clean\test\imagen3_13ed1f9391224848\noise_s0.1.jpg
imagen3_15906,noise_s0.1,imagen3,imagen3,1,0.16894878447055817,data\cache\clean\test\imagen3_15906\noise_s0.1.jpg
imagen3_17643da56f35c6f7,noise_s0.1,imagen3,imagen3,1,0.022991595789790154,data\cache\clean\test\imagen3_17643da56f35c6f7\noise_s0.1.jpg
imagen3_17919c9ffd792ad9,noise_s0.1,imagen3,imagen3,1,0.29859575629234314,data\cache\clean\test\imagen3_17919c9ffd792ad9\noise_s0.1.jpg
imagen3_1fe9a0379cffa709,noise_s0.1,imagen3,imagen3,1,0.19003140926361084,data\cache\clean\test\imagen3_1fe9a0379cffa709\noise_s0.1.jpg
imagen3_24e64d19ddde11cb,noise_s0.1,imagen3,imagen3,1,0.004185405094176531,data\cache\clean\test\imagen3_24e64d19ddde11cb\noise_s0.1.jpg
imagen3_260ae6b06f1f50e2,noise_s0.1,imagen3,imagen3,1,0.004379219375550747,data\cache\clean\test\imagen3_260ae6b06f1f50e2\noise_s0.1.jpg
imagen3_2be4510162a8a76e,noise_s0.1,imagen3,imagen3,1,0.09608786553144455,data\cache\clean\test\imagen3_2be4510162a8a76e\noise_s0.1.jpg
imagen3_3403b18fc93acbfc,noise_s0.1,imagen3,imagen3,1,0.03233196213841438,data\cache\clean\test\imagen3_3403b18fc93acbfc\noise_s0.1.jpg
imagen3_43058,noise_s0.1,imagen3,imagen3,1,0.13538415729999542,data\cache\clean\test\imagen3_43058\noise_s0.1.jpg
imagen3_44015,noise_s0.1,imagen3,imagen3,1,0.15353630483150482,data\cache\clean\test\imagen3_44015\noise_s0.1.jpg
imagen3_46922,noise_s0.1,imagen3,imagen3,1,0.1510736644268036,data\cache\clean\test\imagen3_46922\noise_s0.1.jpg
imagen3_473ffc5e3d5dc373,noise_s0.1,imagen3,imagen3,1,0.2848711311817169,data\cache\clean\test\imagen3_473ffc5e3d5dc373\noise_s0.1.jpg
imagen3_519f5c348fe55fcd,noise_s0.1,imagen3,imagen3,1,0.0945306196808815,data\cache\clean\test\imagen3_519f5c348fe55fcd\noise_s0.1.jpg
imagen3_52115,noise_s0.1,imagen3,imagen3,1,0.4108458459377289,data\cache\clean\test\imagen3_52115\noise_s0.1.jpg
imagen3_52520,noise_s0.1,imagen3,imagen3,1,0.1993207186460495,data\cache\clean\test\imagen3_52520\noise_s0.1.jpg
imagen3_53132,noise_s0.1,imagen3,imagen3,1,0.21944904327392578,data\cache\clean\test\imagen3_53132\noise_s0.1.jpg
imagen3_5a7405b5ead307fb,noise_s0.1,imagen3,imagen3,1,0.3517720103263855,data\cache\clean\test\imagen3_5a7405b5ead307fb\noise_s0.1.jpg
imagen3_5e95809bd47d157b,noise_s0.1,imagen3,imagen3,1,0.3766131103038788,data\cache\clean\test\imagen3_5e95809bd47d157b\noise_s0.1.jpg
imagen3_69467160e53f71bc,noise_s0.1,imagen3,imagen3,1,0.42353543639183044,data\cache\clean\test\imagen3_69467160e53f71bc\noise_s0.1.jpg
imagen3_6a8270ea182a9194,noise_s0.1,imagen3,imagen3,1,0.03580373525619507,data\cache\clean\test\imagen3_6a8270ea182a9194\noise_s0.1.jpg
imagen3_6c7624322b04ce43,noise_s0.1,imagen3,imagen3,1,0.027369702234864235,data\cache\clean\test\imagen3_6c7624322b04ce43\noise_s0.1.jpg
imagen3_77fb2d4f372634f8,noise_s0.1,imagen3,imagen3,1,0.0413980707526207,data\cache\clean\test\imagen3_77fb2d4f372634f8\noise_s0.1.jpg
imagen3_7e3e1e738f642f1a,noise_s0.1,imagen3,imagen3,1,0.41355323791503906,data\cache\clean\test\imagen3_7e3e1e738f642f1a\noise_s0.1.jpg
imagen3_8b13dc3bff918841,noise_s0.1,imagen3,imagen3,1,0.06138524413108826,data\cache\clean\test\imagen3_8b13dc3bff918841\noise_s0.1.jpg
imagen3_8c20e4bf83ffff36,noise_s0.1,imagen3,imagen3,1,0.4227345883846283,data\cache\clean\test\imagen3_8c20e4bf83ffff36\noise_s0.1.jpg
imagen3_8e6f8acd28fd8f35,noise_s0.1,imagen3,imagen3,1,0.1964619904756546,data\cache\clean\test\imagen3_8e6f8acd28fd8f35\noise_s0.1.jpg
imagen3_9e82651e214a25c8,noise_s0.1,imagen3,imagen3,1,0.4274076223373413,data\cache\clean\test\imagen3_9e82651e214a25c8\noise_s0.1.jpg
imagen3_ad860df8c2a1a848,noise_s0.1,imagen3,imagen3,1,0.03940833732485771,data\cache\clean\test\imagen3_ad860df8c2a1a848\noise_s0.1.jpg
imagen3_b69c9976ced306d1,noise_s0.1,imagen3,imagen3,1,0.2617858648300171,data\cache\clean\test\imagen3_b69c9976ced306d1\noise_s0.1.jpg
imagen3_ca44bb7db1e73a9a,noise_s0.1,imagen3,imagen3,1,0.08237093687057495,data\cache\clean\test\imagen3_ca44bb7db1e73a9a\noise_s0.1.jpg
imagen3_d326e7c87fb1d966,noise_s0.1,imagen3,imagen3,1,0.32177427411079407,data\cache\clean\test\imagen3_d326e7c87fb1d966\noise_s0.1.jpg
imagen3_e63f3b6f8bdee43a,noise_s0.1,imagen3,imagen3,1,0.04011191800236702,data\cache\clean\test\imagen3_e63f3b6f8bdee43a\noise_s0.1.jpg
imagen3_ea646e585cc24088,noise_s0.1,imagen3,imagen3,1,0.4598553776741028,data\cache\clean\test\imagen3_ea646e585cc24088\noise_s0.1.jpg
imagen3_eaf94916ce926270,noise_s0.1,imagen3,imagen3,1,0.24981042742729187,data\cache\clean\test\imagen3_eaf94916ce926270\noise_s0.1.jpg
imagen3_f69a20bda8f47fea,noise_s0.1,imagen3,imagen3,1,0.10455431044101715,data\cache\clean\test\imagen3_f69a20bda8f47fea\noise_s0.1.jpg
imagen3_fa8535259782583b,noise_s0.1,imagen3,imagen3,1,0.3914220333099365,data\cache\clean\test\imagen3_fa8535259782583b\noise_s0.1.jpg
imagen3_fd568a2839353a92,noise_s0.1,imagen3,imagen3,1,0.4695638418197632,data\cache\clean\test\imagen3_fd568a2839353a92\noise_s0.1.jpg
imagen3_Imagen3_1208,noise_s0.1,imagen3,imagen3,1,0.17782136797904968,data\cache\clean\test\imagen3_Imagen3_1208\noise_s0.1.jpg
sidset_full_synthetic_017359,noise_s0.1,sidset,full_synthetic,1,0.13503049314022064,data\cache\clean\test\sidset_full_synthetic_017359\noise_s0.1.jpg
sidset_full_synthetic_031321,noise_s0.1,sidset,full_synthetic,1,0.48396819829940796,data\cache\clean\test\sidset_full_synthetic_031321\noise_s0.1.jpg
sidset_full_synthetic_033528,noise_s0.1,sidset,full_synthetic,1,0.14382247626781464,data\cache\clean\test\sidset_full_synthetic_033528\noise_s0.1.jpg
sidset_full_synthetic_033729,noise_s0.1,sidset,full_synthetic,1,0.44234997034072876,data\cache\clean\test\sidset_full_synthetic_033729\noise_s0.1.jpg
sidset_full_synthetic_042089,noise_s0.1,sidset,full_synthetic,1,0.4598016142845154,data\cache\clean\test\sidset_full_synthetic_042089\noise_s0.1.jpg
sidset_full_synthetic_048376,noise_s0.1,sidset,full_synthetic,1,0.27267616987228394,data\cache\clean\test\sidset_full_synthetic_048376\noise_s0.1.jpg
sidset_full_synthetic_048809,noise_s0.1,sidset,full_synthetic,1,0.2986435890197754,data\cache\clean\test\sidset_full_synthetic_048809\noise_s0.1.jpg
sidset_full_synthetic_060524,noise_s0.1,sidset,full_synthetic,1,0.0564749538898468,data\cache\clean\test\sidset_full_synthetic_060524\noise_s0.1.jpg
sidset_full_synthetic_060650,noise_s0.1,sidset,full_synthetic,1,0.16385796666145325,data\cache\clean\test\sidset_full_synthetic_060650\noise_s0.1.jpg
sidset_full_synthetic_061708,noise_s0.1,sidset,full_synthetic,1,0.42860257625579834,data\cache\clean\test\sidset_full_synthetic_061708\noise_s0.1.jpg
sidset_full_synthetic_062086,noise_s0.1,sidset,full_synthetic,1,0.37872329354286194,data\cache\clean\test\sidset_full_synthetic_062086\noise_s0.1.jpg
sidset_full_synthetic_062467,noise_s0.1,sidset,full_synthetic,1,0.1594105362892151,data\cache\clean\test\sidset_full_synthetic_062467\noise_s0.1.jpg
sidset_full_synthetic_063062,noise_s0.1,sidset,full_synthetic,1,0.3186572790145874,data\cache\clean\test\sidset_full_synthetic_063062\noise_s0.1.jpg
stylegan_xl_0097a2e24789bc7a,noise_s0.1,stylegan_xl,stylegan_xl,1,0.02398013137280941,data\cache\clean\test\stylegan_xl_0097a2e24789bc7a\noise_s0.1.jpg
stylegan_xl_00a4591cf03df584,noise_s0.1,stylegan_xl,stylegan_xl,1,0.0201457217335701,data\cache\clean\test\stylegan_xl_00a4591cf03df584\noise_s0.1.jpg
stylegan_xl_031391f1ab18ab62,noise_s0.1,stylegan_xl,stylegan_xl,1,0.12148385494947433,data\cache\clean\test\stylegan_xl_031391f1ab18ab62\noise_s0.1.jpg
stylegan_xl_0a4244f8a9185bad,noise_s0.1,stylegan_xl,stylegan_xl,1,0.3144877552986145,data\cache\clean\test\stylegan_xl_0a4244f8a9185bad\noise_s0.1.jpg
stylegan_xl_0f7efa4c31bcd8f4,noise_s0.1,stylegan_xl,stylegan_xl,1,0.022766049951314926,data\cache\clean\test\stylegan_xl_0f7efa4c31bcd8f4\noise_s0.1.jpg
stylegan_xl_1060d58257bc5130,noise_s0.1,stylegan_xl,stylegan_xl,1,0.046588391065597534,data\cache\clean\test\stylegan_xl_1060d58257bc5130\noise_s0.1.jpg
stylegan_xl_17f8bf0ef8d2f478,noise_s0.1,stylegan_xl,stylegan_xl,1,0.1573866307735443,data\cache\clean\test\stylegan_xl_17f8bf0ef8d2f478\noise_s0.1.jpg
stylegan_xl_2013fe0d44f84041,noise_s0.1,stylegan_xl,stylegan_xl,1,0.03541310504078865,data\cache\clean\test\stylegan_xl_2013fe0d44f84041\noise_s0.1.jpg
stylegan_xl_324e332686aa6966,noise_s0.1,stylegan_xl,stylegan_xl,1,0.16649554669857025,data\cache\clean\test\stylegan_xl_324e332686aa6966\noise_s0.1.jpg
stylegan_xl_3621cf0be1fc8d68,noise_s0.1,stylegan_xl,stylegan_xl,1,0.07278013974428177,data\cache\clean\test\stylegan_xl_3621cf0be1fc8d68\noise_s0.1.jpg
stylegan_xl_38c489e3b0d8c700,noise_s0.1,stylegan_xl,stylegan_xl,1,0.311345636844635,data\cache\clean\test\stylegan_xl_38c489e3b0d8c700\noise_s0.1.jpg
stylegan_xl_3b5e18f8fc06450d,noise_s0.1,stylegan_xl,stylegan_xl,1,0.0576687827706337,data\cache\clean\test\stylegan_xl_3b5e18f8fc06450d\noise_s0.1.jpg
stylegan_xl_43847,noise_s0.1,stylegan_xl,stylegan_xl,1,0.4924505650997162,data\cache\clean\test\stylegan_xl_43847\noise_s0.1.jpg
stylegan_xl_45400,noise_s0.1,stylegan_xl,stylegan_xl,1,0.4800688624382019,data\cache\clean\test\stylegan_xl_45400\noise_s0.1.jpg
stylegan_xl_45602,noise_s0.1,stylegan_xl,stylegan_xl,1,0.48739364743232727,data\cache\clean\test\stylegan_xl_45602\noise_s0.1.jpg
stylegan_xl_48611,noise_s0.1,stylegan_xl,stylegan_xl,1,0.45652496814727783,data\cache\clean\test\stylegan_xl_48611\noise_s0.1.jpg
stylegan_xl_4f991f9638e28675,noise_s0.1,stylegan_xl,stylegan_xl,1,0.14916177093982697,data\cache\clean\test\stylegan_xl_4f991f9638e28675\noise_s0.1.jpg
stylegan_xl_53271,noise_s0.1,stylegan_xl,stylegan_xl,1,0.4455493092536926,data\cache\clean\test\stylegan_xl_53271\noise_s0.1.jpg
stylegan_xl_60ed9d3511d333bf,noise_s0.1,stylegan_xl,stylegan_xl,1,0.2786012589931488,data\cache\clean\test\stylegan_xl_60ed9d3511d333bf\noise_s0.1.jpg
stylegan_xl_65bb283a1280639e,noise_s0.1,stylegan_xl,stylegan_xl,1,0.21165831387043,data\cache\clean\test\stylegan_xl_65bb283a1280639e\noise_s0.1.jpg
stylegan_xl_729fee52c5b7f95b,noise_s0.1,stylegan_xl,stylegan_xl,1,0.18654534220695496,data\cache\clean\test\stylegan_xl_729fee52c5b7f95b\noise_s0.1.jpg
stylegan_xl_7a863857aa371fb7,noise_s0.1,stylegan_xl,stylegan_xl,1,0.4648938477039337,data\cache\clean\test\stylegan_xl_7a863857aa371fb7\noise_s0.1.jpg
stylegan_xl_7d433e90bcd7bd53,noise_s0.1,stylegan_xl,stylegan_xl,1,0.08654483407735825,data\cache\clean\test\stylegan_xl_7d433e90bcd7bd53\noise_s0.1.jpg
stylegan_xl_7ffebe6032f8209f,noise_s0.1,stylegan_xl,stylegan_xl,1,0.14482343196868896,data\cache\clean\test\stylegan_xl_7ffebe6032f8209f\noise_s0.1.jpg
stylegan_xl_80fc8be6e7c11eb3,noise_s0.1,stylegan_xl,stylegan_xl,1,0.03413202986121178,data\cache\clean\test\stylegan_xl_80fc8be6e7c11eb3\noise_s0.1.jpg
stylegan_xl_8f9dfd75dde8914f,noise_s0.1,stylegan_xl,stylegan_xl,1,0.05358561873435974,data\cache\clean\test\stylegan_xl_8f9dfd75dde8914f\noise_s0.1.jpg
stylegan_xl_9689384e6be6b968,noise_s0.1,stylegan_xl,stylegan_xl,1,0.3945629596710205,data\cache\clean\test\stylegan_xl_9689384e6be6b968\noise_s0.1.jpg
stylegan_xl_a1ed16fffc5ecb68,noise_s0.1,stylegan_xl,stylegan_xl,1,0.19664180278778076,data\cache\clean\test\stylegan_xl_a1ed16fffc5ecb68\noise_s0.1.jpg
stylegan_xl_a72f3ace10a8f550,noise_s0.1,stylegan_xl,stylegan_xl,1,0.0692080482840538,data\cache\clean\test\stylegan_xl_a72f3ace10a8f550\noise_s0.1.jpg
stylegan_xl_c9421141bcf3a15a,noise_s0.1,stylegan_xl,stylegan_xl,1,0.15471036732196808,data\cache\clean\test\stylegan_xl_c9421141bcf3a15a\noise_s0.1.jpg
stylegan_xl_cf9c332a1ebfb587,noise_s0.1,stylegan_xl,stylegan_xl,1,0.1748712658882141,data\cache\clean\test\stylegan_xl_cf9c332a1ebfb587\noise_s0.1.jpg
stylegan_xl_d686a15f05d09472,noise_s0.1,stylegan_xl,stylegan_xl,1,0.39794737100601196,data\cache\clean\test\stylegan_xl_d686a15f05d09472\noise_s0.1.jpg
stylegan_xl_d7c4ece8c8a01de0,noise_s0.1,stylegan_xl,stylegan_xl,1,0.12217944115400314,data\cache\clean\test\stylegan_xl_d7c4ece8c8a01de0\noise_s0.1.jpg
stylegan_xl_e4b8e7ef72cabaf2,noise_s0.1,stylegan_xl,stylegan_xl,1,0.03153803199529648,data\cache\clean\test\stylegan_xl_e4b8e7ef72cabaf2\noise_s0.1.jpg
stylegan_xl_f2ea3473d8b1a62f,noise_s0.1,stylegan_xl,stylegan_xl,1,0.14338235557079315,data\cache\clean\test\stylegan_xl_f2ea3473d8b1a62f\noise_s0.1.jpg
stylegan_xl_f4a503e24265a7e1,noise_s0.1,stylegan_xl,stylegan_xl,1,0.3922289311885834,data\cache\clean\test\stylegan_xl_f4a503e24265a7e1\noise_s0.1.jpg
stylegan_xl_fef6a66b8deaa7ab,noise_s0.1,stylegan_xl,stylegan_xl,1,0.01102809701114893,data\cache\clean\test\stylegan_xl_fef6a66b8deaa7ab\noise_s0.1.jpg
cifake_2286 (2),resize_0.25,cifake,stable_diffusion,1,0.1442929059267044,data\cache\clean\test\cifake_2286 (2)\resize_0.25.jpg
cifake_3053 (4),resize_0.25,cifake,stable_diffusion,1,0.3567520081996918,data\cache\clean\test\cifake_3053 (4)\resize_0.25.jpg
cifake_3395 (5),resize_0.25,cifake,stable_diffusion,1,0.3784363269805908,data\cache\clean\test\cifake_3395 (5)\resize_0.25.jpg
cifake_3582 (9),resize_0.25,cifake,stable_diffusion,1,0.3907240629196167,data\cache\clean\test\cifake_3582 (9)\resize_0.25.jpg
cifake_3750 (6),resize_0.25,cifake,stable_diffusion,1,0.4321802854537964,data\cache\clean\test\cifake_3750 (6)\resize_0.25.jpg
cifake_4127 (3),resize_0.25,cifake,stable_diffusion,1,0.3774772882461548,data\cache\clean\test\cifake_4127 (3)\resize_0.25.jpg
cifake_4221 (2),resize_0.25,cifake,stable_diffusion,1,0.40755799412727356,data\cache\clean\test\cifake_4221 (2)\resize_0.25.jpg
cifake_4443,resize_0.25,cifake,stable_diffusion,1,0.2436854988336563,data\cache\clean\test\cifake_4443\resize_0.25.jpg
cifake_4615 (3),resize_0.25,cifake,stable_diffusion,1,0.11728373169898987,data\cache\clean\test\cifake_4615 (3)\resize_0.25.jpg
cifake_5221 (3),resize_0.25,cifake,stable_diffusion,1,0.27202245593070984,data\cache\clean\test\cifake_5221 (3)\resize_0.25.jpg
cifake_5288 (5),resize_0.25,cifake,stable_diffusion,1,0.44493043422698975,data\cache\clean\test\cifake_5288 (5)\resize_0.25.jpg
cifake_5607 (3),resize_0.25,cifake,stable_diffusion,1,0.09824542701244354,data\cache\clean\test\cifake_5607 (3)\resize_0.25.jpg
cifake_75,resize_0.25,cifake,stable_diffusion,1,0.4029231369495392,data\cache\clean\test\cifake_75\resize_0.25.jpg
cifake_954 (9),resize_0.25,cifake,stable_diffusion,1,0.14434395730495453,data\cache\clean\test\cifake_954 (9)\resize_0.25.jpg
dalle_10420,resize_0.25,dalle,dalle,1,0.10274837911128998,data\cache\clean\test\dalle_10420\resize_0.25.jpg
dalle_17768,resize_0.25,dalle,dalle,1,0.292716383934021,data\cache\clean\test\dalle_17768\resize_0.25.jpg
dalle_19157,resize_0.25,dalle,dalle,1,0.10785572230815887,data\cache\clean\test\dalle_19157\resize_0.25.jpg
dalle_19590,resize_0.25,dalle,dalle,1,0.36849653720855713,data\cache\clean\test\dalle_19590\resize_0.25.jpg
dalle_20080,resize_0.25,dalle,dalle,1,0.03646642342209816,data\cache\clean\test\dalle_20080\resize_0.25.jpg
dalle_2116,resize_0.25,dalle,dalle,1,0.44198814034461975,data\cache\clean\test\dalle_2116\resize_0.25.jpg
dalle_24299,resize_0.25,dalle,dalle,1,0.14455199241638184,data\cache\clean\test\dalle_24299\resize_0.25.jpg
dalle_26611,resize_0.25,dalle,dalle,1,0.37909966707229614,data\cache\clean\test\dalle_26611\resize_0.25.jpg
dalle_28652,resize_0.25,dalle,dalle,1,0.3786291778087616,data\cache\clean\test\dalle_28652\resize_0.25.jpg
dalle_33159,resize_0.25,dalle,dalle,1,0.49256080389022827,data\cache\clean\test\dalle_33159\resize_0.25.jpg
dalle_3469,resize_0.25,dalle,dalle,1,0.33402231335639954,data\cache\clean\test\dalle_3469\resize_0.25.jpg
dalle_40387,resize_0.25,dalle,dalle,1,0.0885470062494278,data\cache\clean\test\dalle_40387\resize_0.25.jpg
dalle_41791,resize_0.25,dalle,dalle,1,0.04538608714938164,data\cache\clean\test\dalle_41791\resize_0.25.jpg
dalle_6481,resize_0.25,dalle,dalle,1,0.3469805121421814,data\cache\clean\test\dalle_6481\resize_0.25.jpg
dalle_6f0f61883f111368d770c54801f33449,resize_0.25,dalle,dalle,1,0.14771364629268646,data\cache\clean\test\dalle_6f0f61883f111368d770c54801f33449\resize_0.25.jpg
dalle_8017,resize_0.25,dalle,dalle,1,0.05487922206521034,data\cache\clean\test\dalle_8017\resize_0.25.jpg
dalle_8688,resize_0.25,dalle,dalle,1,0.37024059891700745,data\cache\clean\test\dalle_8688\resize_0.25.jpg
dalle_9068,resize_0.25,dalle,dalle,1,0.22104430198669434,data\cache\clean\test\dalle_9068\resize_0.25.jpg
dalle_fcb663a4c7f01f5a548e4c1088d00a91,resize_0.25,dalle,dalle,1,0.08961150050163269,data\cache\clean\test\dalle_fcb663a4c7f01f5a548e4c1088d00a91\resize_0.25.jpg
gigagan_05738,resize_0.25,gigagan,gigagan,1,0.2389637976884842,data\cache\clean\test\gigagan_05738\resize_0.25.jpg
gigagan_06526,resize_0.25,gigagan,gigagan,1,0.3393227458000183,data\cache\clean\test\gigagan_06526\resize_0.25.jpg
gigagan_07239,resize_0.25,gigagan,gigagan,1,0.47452256083488464,data\cache\clean\test\gigagan_07239\resize_0.25.jpg
gigagan_07350,resize_0.25,gigagan,gigagan,1,0.41805028915405273,data\cache\clean\test\gigagan_07350\resize_0.25.jpg
gigagan_08561,resize_0.25,gigagan,gigagan,1,0.47727444767951965,data\cache\clean\test\gigagan_08561\resize_0.25.jpg
gigagan_09458,resize_0.25,gigagan,gigagan,1,0.4521714448928833,data\cache\clean\test\gigagan_09458\resize_0.25.jpg
gigagan_10769,resize_0.25,gigagan,gigagan,1,0.20475265383720398,data\cache\clean\test\gigagan_10769\resize_0.25.jpg
gigagan_10914,resize_0.25,gigagan,gigagan,1,0.010624179616570473,data\cache\clean\test\gigagan_10914\resize_0.25.jpg
gigagan_12083,resize_0.25,gigagan,gigagan,1,0.2833227515220642,data\cache\clean\test\gigagan_12083\resize_0.25.jpg
gigagan_14071,resize_0.25,gigagan,gigagan,1,0.31099724769592285,data\cache\clean\test\gigagan_14071\resize_0.25.jpg
gigagan_15454,resize_0.25,gigagan,gigagan,1,0.019133219495415688,data\cache\clean\test\gigagan_15454\resize_0.25.jpg
gigagan_15561,resize_0.25,gigagan,gigagan,1,0.047372061759233475,data\cache\clean\test\gigagan_15561\resize_0.25.jpg
gigagan_16231,resize_0.25,gigagan,gigagan,1,0.49247169494628906,data\cache\clean\test\gigagan_16231\resize_0.25.jpg
gigagan_17003,resize_0.25,gigagan,gigagan,1,0.38929885625839233,data\cache\clean\test\gigagan_17003\resize_0.25.jpg
gigagan_18143,resize_0.25,gigagan,gigagan,1,0.40205302834510803,data\cache\clean\test\gigagan_18143\resize_0.25.jpg
gigagan_19199,resize_0.25,gigagan,gigagan,1,0.08561228215694427,data\cache\clean\test\gigagan_19199\resize_0.25.jpg
gigagan_20207,resize_0.25,gigagan,gigagan,1,0.38377660512924194,data\cache\clean\test\gigagan_20207\resize_0.25.jpg
gigagan_20327,resize_0.25,gigagan,gigagan,1,0.48728400468826294,data\cache\clean\test\gigagan_20327\resize_0.25.jpg
gigagan_20468,resize_0.25,gigagan,gigagan,1,0.15704046189785004,data\cache\clean\test\gigagan_20468\resize_0.25.jpg
gigagan_22418,resize_0.25,gigagan,gigagan,1,0.1796400099992752,data\cache\clean\test\gigagan_22418\resize_0.25.jpg
gigagan_23134,resize_0.25,gigagan,gigagan,1,0.18819820880889893,data\cache\clean\test\gigagan_23134\resize_0.25.jpg
gigagan_24679,resize_0.25,gigagan,gigagan,1,0.2604433000087738,data\cache\clean\test\gigagan_24679\resize_0.25.jpg
gigagan_25090,resize_0.25,gigagan,gigagan,1,0.450491726398468,data\cache\clean\test\gigagan_25090\resize_0.25.jpg
gigagan_28945,resize_0.25,gigagan,gigagan,1,0.14582467079162598,data\cache\clean\test\gigagan_28945\resize_0.25.jpg
imagen3_045e6da6fd7f6fb0,resize_0.25,imagen3,imagen3,1,0.26498374342918396,data\cache\clean\test\imagen3_045e6da6fd7f6fb0\resize_0.25.jpg
imagen3_04e3097ac2f57647,resize_0.25,imagen3,imagen3,1,0.31705430150032043,data\cache\clean\test\imagen3_04e3097ac2f57647\resize_0.25.jpg
imagen3_07747d6ffd056bee,resize_0.25,imagen3,imagen3,1,0.3324768841266632,data\cache\clean\test\imagen3_07747d6ffd056bee\resize_0.25.jpg
imagen3_13ed1f9391224848,resize_0.25,imagen3,imagen3,1,0.1904674470424652,data\cache\clean\test\imagen3_13ed1f9391224848\resize_0.25.jpg
imagen3_15906,resize_0.25,imagen3,imagen3,1,0.04382016509771347,data\cache\clean\test\imagen3_15906\resize_0.25.jpg
imagen3_17643da56f35c6f7,resize_0.25,imagen3,imagen3,1,0.031216571107506752,data\cache\clean\test\imagen3_17643da56f35c6f7\resize_0.25.jpg
imagen3_17919c9ffd792ad9,resize_0.25,imagen3,imagen3,1,0.2539014518260956,data\cache\clean\test\imagen3_17919c9ffd792ad9\resize_0.25.jpg
imagen3_1fe9a0379cffa709,resize_0.25,imagen3,imagen3,1,0.12145914882421494,data\cache\clean\test\imagen3_1fe9a0379cffa709\resize_0.25.jpg
imagen3_24e64d19ddde11cb,resize_0.25,imagen3,imagen3,1,0.013778863474726677,data\cache\clean\test\imagen3_24e64d19ddde11cb\resize_0.25.jpg
imagen3_260ae6b06f1f50e2,resize_0.25,imagen3,imagen3,1,0.008991200476884842,data\cache\clean\test\imagen3_260ae6b06f1f50e2\resize_0.25.jpg
imagen3_2be4510162a8a76e,resize_0.25,imagen3,imagen3,1,0.047614581882953644,data\cache\clean\test\imagen3_2be4510162a8a76e\resize_0.25.jpg
imagen3_3403b18fc93acbfc,resize_0.25,imagen3,imagen3,1,0.09856665879487991,data\cache\clean\test\imagen3_3403b18fc93acbfc\resize_0.25.jpg
imagen3_43058,resize_0.25,imagen3,imagen3,1,0.06356644630432129,data\cache\clean\test\imagen3_43058\resize_0.25.jpg
imagen3_44015,resize_0.25,imagen3,imagen3,1,0.31563952565193176,data\cache\clean\test\imagen3_44015\resize_0.25.jpg
imagen3_44075,resize_0.25,imagen3,imagen3,1,0.31472548842430115,data\cache\clean\test\imagen3_44075\resize_0.25.jpg
imagen3_46922,resize_0.25,imagen3,imagen3,1,0.24026338756084442,data\cache\clean\test\imagen3_46922\resize_0.25.jpg
imagen3_473ffc5e3d5dc373,resize_0.25,imagen3,imagen3,1,0.3550983667373657,data\cache\clean\test\imagen3_473ffc5e3d5dc373\resize_0.25.jpg
imagen3_51379,resize_0.25,imagen3,imagen3,1,0.10387848317623138,data\cache\clean\test\imagen3_51379\resize_0.25.jpg
imagen3_519f5c348fe55fcd,resize_0.25,imagen3,imagen3,1,0.08559390157461166,data\cache\clean\test\imagen3_519f5c348fe55fcd\resize_0.25.jpg
imagen3_52520,resize_0.25,imagen3,imagen3,1,0.22665974497795105,data\cache\clean\test\imagen3_52520\resize_0.25.jpg
imagen3_53132,resize_0.25,imagen3,imagen3,1,0.3919152021408081,data\cache\clean\test\imagen3_53132\resize_0.25.jpg
imagen3_560ead164dab63a5,resize_0.25,imagen3,imagen3,1,0.27440547943115234,data\cache\clean\test\imagen3_560ead164dab63a5\resize_0.25.jpg
imagen3_5a7405b5ead307fb,resize_0.25,imagen3,imagen3,1,0.20289824903011322,data\cache\clean\test\imagen3_5a7405b5ead307fb\resize_0.25.jpg
imagen3_5e95809bd47d157b,resize_0.25,imagen3,imagen3,1,0.4613324999809265,data\cache\clean\test\imagen3_5e95809bd47d157b\resize_0.25.jpg
imagen3_69467160e53f71bc,resize_0.25,imagen3,imagen3,1,0.2639872431755066,data\cache\clean\test\imagen3_69467160e53f71bc\resize_0.25.jpg
imagen3_6a8270ea182a9194,resize_0.25,imagen3,imagen3,1,0.04843154177069664,data\cache\clean\test\imagen3_6a8270ea182a9194\resize_0.25.jpg
imagen3_6c7624322b04ce43,resize_0.25,imagen3,imagen3,1,0.030400428920984268,data\cache\clean\test\imagen3_6c7624322b04ce43\resize_0.25.jpg
imagen3_77fb2d4f372634f8,resize_0.25,imagen3,imagen3,1,0.03796856477856636,data\cache\clean\test\imagen3_77fb2d4f372634f8\resize_0.25.jpg
imagen3_7e3e1e738f642f1a,resize_0.25,imagen3,imagen3,1,0.3862362205982208,data\cache\clean\test\imagen3_7e3e1e738f642f1a\resize_0.25.jpg
imagen3_7ee1485909c59826,resize_0.25,imagen3,imagen3,1,0.3843366503715515,data\cache\clean\test\imagen3_7ee1485909c59826\resize_0.25.jpg
imagen3_8b13dc3bff918841,resize_0.25,imagen3,imagen3,1,0.17893829941749573,data\cache\clean\test\imagen3_8b13dc3bff918841\resize_0.25.jpg
imagen3_8c20e4bf83ffff36,resize_0.25,imagen3,imagen3,1,0.27992916107177734,data\cache\clean\test\imagen3_8c20e4bf83ffff36\resize_0.25.jpg
imagen3_8e6f8acd28fd8f35,resize_0.25,imagen3,imagen3,1,0.18167328834533691,data\cache\clean\test\imagen3_8e6f8acd28fd8f35\resize_0.25.jpg
imagen3_9e82651e214a25c8,resize_0.25,imagen3,imagen3,1,0.2095099687576294,data\cache\clean\test\imagen3_9e82651e214a25c8\resize_0.25.jpg
imagen3_a1b5be9a5f0d1f7a,resize_0.25,imagen3,imagen3,1,0.08482181280851364,data\cache\clean\test\imagen3_a1b5be9a5f0d1f7a\resize_0.25.jpg
imagen3_a90890e19b242beb,resize_0.25,imagen3,imagen3,1,0.3502455949783325,data\cache\clean\test\imagen3_a90890e19b242beb\resize_0.25.jpg
imagen3_aa13646e437b7afa,resize_0.25,imagen3,imagen3,1,0.0688755065202713,data\cache\clean\test\imagen3_aa13646e437b7afa\resize_0.25.jpg
imagen3_ad860df8c2a1a848,resize_0.25,imagen3,imagen3,1,0.03158644959330559,data\cache\clean\test\imagen3_ad860df8c2a1a848\resize_0.25.jpg
imagen3_b69c9976ced306d1,resize_0.25,imagen3,imagen3,1,0.31359392404556274,data\cache\clean\test\imagen3_b69c9976ced306d1\resize_0.25.jpg
imagen3_ca44bb7db1e73a9a,resize_0.25,imagen3,imagen3,1,0.09327393770217896,data\cache\clean\test\imagen3_ca44bb7db1e73a9a\resize_0.25.jpg
imagen3_d326e7c87fb1d966,resize_0.25,imagen3,imagen3,1,0.13570329546928406,data\cache\clean\test\imagen3_d326e7c87fb1d966\resize_0.25.jpg
imagen3_e63f3b6f8bdee43a,resize_0.25,imagen3,imagen3,1,0.0063592782244086266,data\cache\clean\test\imagen3_e63f3b6f8bdee43a\resize_0.25.jpg
imagen3_ea646e585cc24088,resize_0.25,imagen3,imagen3,1,0.2986782193183899,data\cache\clean\test\imagen3_ea646e585cc24088\resize_0.25.jpg
imagen3_eaf94916ce926270,resize_0.25,imagen3,imagen3,1,0.2029273360967636,data\cache\clean\test\imagen3_eaf94916ce926270\resize_0.25.jpg
imagen3_f69a20bda8f47fea,resize_0.25,imagen3,imagen3,1,0.0916409119963646,data\cache\clean\test\imagen3_f69a20bda8f47fea\resize_0.25.jpg
imagen3_fa8535259782583b,resize_0.25,imagen3,imagen3,1,0.29640108346939087,data\cache\clean\test\imagen3_fa8535259782583b\resize_0.25.jpg
imagen3_fd568a2839353a92,resize_0.25,imagen3,imagen3,1,0.3196064531803131,data\cache\clean\test\imagen3_fd568a2839353a92\resize_0.25.jpg
imagen3_fe7048efd51b15b8,resize_0.25,imagen3,imagen3,1,0.11357364058494568,data\cache\clean\test\imagen3_fe7048efd51b15b8\resize_0.25.jpg
imagen3_Imagen3_1208,resize_0.25,imagen3,imagen3,1,0.2760835587978363,data\cache\clean\test\imagen3_Imagen3_1208\resize_0.25.jpg
imagen3_Imagen3_2889,resize_0.25,imagen3,imagen3,1,0.24111491441726685,data\cache\clean\test\imagen3_Imagen3_2889\resize_0.25.jpg
imagen3_Imagen3_3556,resize_0.25,imagen3,imagen3,1,0.25560247898101807,data\cache\clean\test\imagen3_Imagen3_3556\resize_0.25.jpg
sidset_full_synthetic_017359,resize_0.25,sidset,full_synthetic,1,0.36376309394836426,data\cache\clean\test\sidset_full_synthetic_017359\resize_0.25.jpg
sidset_full_synthetic_037526,resize_0.25,sidset,full_synthetic,1,0.39021068811416626,data\cache\clean\test\sidset_full_synthetic_037526\resize_0.25.jpg
sidset_full_synthetic_048809,resize_0.25,sidset,full_synthetic,1,0.3951056897640228,data\cache\clean\test\sidset_full_synthetic_048809\resize_0.25.jpg
sidset_full_synthetic_060524,resize_0.25,sidset,full_synthetic,1,0.07538699358701706,data\cache\clean\test\sidset_full_synthetic_060524\resize_0.25.jpg
sidset_full_synthetic_062086,resize_0.25,sidset,full_synthetic,1,0.10376668721437454,data\cache\clean\test\sidset_full_synthetic_062086\resize_0.25.jpg
sidset_full_synthetic_063062,resize_0.25,sidset,full_synthetic,1,0.28152522444725037,data\cache\clean\test\sidset_full_synthetic_063062\resize_0.25.jpg
sidset_full_synthetic_068023,resize_0.25,sidset,full_synthetic,1,0.4251358211040497,data\cache\clean\test\sidset_full_synthetic_068023\resize_0.25.jpg
stylegan_xl_0097a2e24789bc7a,resize_0.25,stylegan_xl,stylegan_xl,1,0.058750901371240616,data\cache\clean\test\stylegan_xl_0097a2e24789bc7a\resize_0.25.jpg
stylegan_xl_00a4591cf03df584,resize_0.25,stylegan_xl,stylegan_xl,1,0.022342802956700325,data\cache\clean\test\stylegan_xl_00a4591cf03df584\resize_0.25.jpg
stylegan_xl_031391f1ab18ab62,resize_0.25,stylegan_xl,stylegan_xl,1,0.17689378559589386,data\cache\clean\test\stylegan_xl_031391f1ab18ab62\resize_0.25.jpg
stylegan_xl_0a4244f8a9185bad,resize_0.25,stylegan_xl,stylegan_xl,1,0.2878347337245941,data\cache\clean\test\stylegan_xl_0a4244f8a9185bad\resize_0.25.jpg
stylegan_xl_0f7efa4c31bcd8f4,resize_0.25,stylegan_xl,stylegan_xl,1,0.03314550966024399,data\cache\clean\test\stylegan_xl_0f7efa4c31bcd8f4\resize_0.25.jpg
stylegan_xl_1060d58257bc5130,resize_0.25,stylegan_xl,stylegan_xl,1,0.08532276749610901,data\cache\clean\test\stylegan_xl_1060d58257bc5130\resize_0.25.jpg
stylegan_xl_17f8bf0ef8d2f478,resize_0.25,stylegan_xl,stylegan_xl,1,0.10473863035440445,data\cache\clean\test\stylegan_xl_17f8bf0ef8d2f478\resize_0.25.jpg
stylegan_xl_2013fe0d44f84041,resize_0.25,stylegan_xl,stylegan_xl,1,0.038445714861154556,data\cache\clean\test\stylegan_xl_2013fe0d44f84041\resize_0.25.jpg
stylegan_xl_324e332686aa6966,resize_0.25,stylegan_xl,stylegan_xl,1,0.10985933244228363,data\cache\clean\test\stylegan_xl_324e332686aa6966\resize_0.25.jpg
stylegan_xl_3621cf0be1fc8d68,resize_0.25,stylegan_xl,stylegan_xl,1,0.08342143148183823,data\cache\clean\test\stylegan_xl_3621cf0be1fc8d68\resize_0.25.jpg
stylegan_xl_38c489e3b0d8c700,resize_0.25,stylegan_xl,stylegan_xl,1,0.2880510687828064,data\cache\clean\test\stylegan_xl_38c489e3b0d8c700\resize_0.25.jpg
stylegan_xl_3b5e18f8fc06450d,resize_0.25,stylegan_xl,stylegan_xl,1,0.029876209795475006,data\cache\clean\test\stylegan_xl_3b5e18f8fc06450d\resize_0.25.jpg
stylegan_xl_43847,resize_0.25,stylegan_xl,stylegan_xl,1,0.08611304312944412,data\cache\clean\test\stylegan_xl_43847\resize_0.25.jpg
stylegan_xl_44451,resize_0.25,stylegan_xl,stylegan_xl,1,0.2712887227535248,data\cache\clean\test\stylegan_xl_44451\resize_0.25.jpg
stylegan_xl_45602,resize_0.25,stylegan_xl,stylegan_xl,1,0.37290477752685547,data\cache\clean\test\stylegan_xl_45602\resize_0.25.jpg
stylegan_xl_48611,resize_0.25,stylegan_xl,stylegan_xl,1,0.4323742985725403,data\cache\clean\test\stylegan_xl_48611\resize_0.25.jpg
stylegan_xl_49539,resize_0.25,stylegan_xl,stylegan_xl,1,0.2310827225446701,data\cache\clean\test\stylegan_xl_49539\resize_0.25.jpg
stylegan_xl_49605,resize_0.25,stylegan_xl,stylegan_xl,1,0.46979379653930664,data\cache\clean\test\stylegan_xl_49605\resize_0.25.jpg
stylegan_xl_4f991f9638e28675,resize_0.25,stylegan_xl,stylegan_xl,1,0.08871308714151382,data\cache\clean\test\stylegan_xl_4f991f9638e28675\resize_0.25.jpg
stylegan_xl_53271,resize_0.25,stylegan_xl,stylegan_xl,1,0.3178965449333191,data\cache\clean\test\stylegan_xl_53271\resize_0.25.jpg
stylegan_xl_53551,resize_0.25,stylegan_xl,stylegan_xl,1,0.45208436250686646,data\cache\clean\test\stylegan_xl_53551\resize_0.25.jpg
stylegan_xl_60ed9d3511d333bf,resize_0.25,stylegan_xl,stylegan_xl,1,0.21532084047794342,data\cache\clean\test\stylegan_xl_60ed9d3511d333bf\resize_0.25.jpg
stylegan_xl_65bb283a1280639e,resize_0.25,stylegan_xl,stylegan_xl,1,0.1382930427789688,data\cache\clean\test\stylegan_xl_65bb283a1280639e\resize_0.25.jpg
stylegan_xl_729fee52c5b7f95b,resize_0.25,stylegan_xl,stylegan_xl,1,0.1382512003183365,data\cache\clean\test\stylegan_xl_729fee52c5b7f95b\resize_0.25.jpg
stylegan_xl_7a863857aa371fb7,resize_0.25,stylegan_xl,stylegan_xl,1,0.41397079825401306,data\cache\clean\test\stylegan_xl_7a863857aa371fb7\resize_0.25.jpg
stylegan_xl_7d433e90bcd7bd53,resize_0.25,stylegan_xl,stylegan_xl,1,0.04474413022398949,data\cache\clean\test\stylegan_xl_7d433e90bcd7bd53\resize_0.25.jpg
stylegan_xl_7ffebe6032f8209f,resize_0.25,stylegan_xl,stylegan_xl,1,0.054551396518945694,data\cache\clean\test\stylegan_xl_7ffebe6032f8209f\resize_0.25.jpg
stylegan_xl_80fc8be6e7c11eb3,resize_0.25,stylegan_xl,stylegan_xl,1,0.028563685715198517,data\cache\clean\test\stylegan_xl_80fc8be6e7c11eb3\resize_0.25.jpg
stylegan_xl_8461b1ae87c22c20,resize_0.25,stylegan_xl,stylegan_xl,1,0.3968466818332672,data\cache\clean\test\stylegan_xl_8461b1ae87c22c20\resize_0.25.jpg
stylegan_xl_8f9dfd75dde8914f,resize_0.25,stylegan_xl,stylegan_xl,1,0.016090406104922295,data\cache\clean\test\stylegan_xl_8f9dfd75dde8914f\resize_0.25.jpg
stylegan_xl_91fb9195a35b7711,resize_0.25,stylegan_xl,stylegan_xl,1,0.40142112970352173,data\cache\clean\test\stylegan_xl_91fb9195a35b7711\resize_0.25.jpg
stylegan_xl_a1ed16fffc5ecb68,resize_0.25,stylegan_xl,stylegan_xl,1,0.10387501865625381,data\cache\clean\test\stylegan_xl_a1ed16fffc5ecb68\resize_0.25.jpg
stylegan_xl_a72f3ace10a8f550,resize_0.25,stylegan_xl,stylegan_xl,1,0.04229596257209778,data\cache\clean\test\stylegan_xl_a72f3ace10a8f550\resize_0.25.jpg
stylegan_xl_ae09b95535340878,resize_0.25,stylegan_xl,stylegan_xl,1,0.3077949583530426,data\cache\clean\test\stylegan_xl_ae09b95535340878\resize_0.25.jpg
stylegan_xl_b6abe358484b287a,resize_0.25,stylegan_xl,stylegan_xl,1,0.20625987648963928,data\cache\clean\test\stylegan_xl_b6abe358484b287a\resize_0.25.jpg
stylegan_xl_c9421141bcf3a15a,resize_0.25,stylegan_xl,stylegan_xl,1,0.25234076380729675,data\cache\clean\test\stylegan_xl_c9421141bcf3a15a\resize_0.25.jpg
stylegan_xl_cf9c332a1ebfb587,resize_0.25,stylegan_xl,stylegan_xl,1,0.30384474992752075,data\cache\clean\test\stylegan_xl_cf9c332a1ebfb587\resize_0.25.jpg
stylegan_xl_d686a15f05d09472,resize_0.25,stylegan_xl,stylegan_xl,1,0.2124904990196228,data\cache\clean\test\stylegan_xl_d686a15f05d09472\resize_0.25.jpg
stylegan_xl_d7c4ece8c8a01de0,resize_0.25,stylegan_xl,stylegan_xl,1,0.36572882533073425,data\cache\clean\test\stylegan_xl_d7c4ece8c8a01de0\resize_0.25.jpg
stylegan_xl_e4b8e7ef72cabaf2,resize_0.25,stylegan_xl,stylegan_xl,1,0.02292441390454769,data\cache\clean\test\stylegan_xl_e4b8e7ef72cabaf2\resize_0.25.jpg
stylegan_xl_f2ea3473d8b1a62f,resize_0.25,stylegan_xl,stylegan_xl,1,0.1539037823677063,data\cache\clean\test\stylegan_xl_f2ea3473d8b1a62f\resize_0.25.jpg
stylegan_xl_f4a503e24265a7e1,resize_0.25,stylegan_xl,stylegan_xl,1,0.374664843082428,data\cache\clean\test\stylegan_xl_f4a503e24265a7e1\resize_0.25.jpg
stylegan_xl_fef6a66b8deaa7ab,resize_0.25,stylegan_xl,stylegan_xl,1,0.01006684172898531,data\cache\clean\test\stylegan_xl_fef6a66b8deaa7ab\resize_0.25.jpg
cifake_2286 (2),resize_0.5,cifake,stable_diffusion,1,0.1285398006439209,data\cache\clean\test\cifake_2286 (2)\resize_0.5.jpg
cifake_2509 (6),resize_0.5,cifake,stable_diffusion,1,0.3934142291545868,data\cache\clean\test\cifake_2509 (6)\resize_0.5.jpg
cifake_3053 (4),resize_0.5,cifake,stable_diffusion,1,0.3099125027656555,data\cache\clean\test\cifake_3053 (4)\resize_0.5.jpg
cifake_3395 (5),resize_0.5,cifake,stable_diffusion,1,0.4806707501411438,data\cache\clean\test\cifake_3395 (5)\resize_0.5.jpg
cifake_3582 (9),resize_0.5,cifake,stable_diffusion,1,0.4504436254501343,data\cache\clean\test\cifake_3582 (9)\resize_0.5.jpg
cifake_4127 (3),resize_0.5,cifake,stable_diffusion,1,0.37226277589797974,data\cache\clean\test\cifake_4127 (3)\resize_0.5.jpg
cifake_4221 (2),resize_0.5,cifake,stable_diffusion,1,0.3620322048664093,data\cache\clean\test\cifake_4221 (2)\resize_0.5.jpg
cifake_4443,resize_0.5,cifake,stable_diffusion,1,0.24337215721607208,data\cache\clean\test\cifake_4443\resize_0.5.jpg
cifake_4615 (3),resize_0.5,cifake,stable_diffusion,1,0.11134082823991776,data\cache\clean\test\cifake_4615 (3)\resize_0.5.jpg
cifake_5221 (3),resize_0.5,cifake,stable_diffusion,1,0.26822951436042786,data\cache\clean\test\cifake_5221 (3)\resize_0.5.jpg
cifake_5288 (5),resize_0.5,cifake,stable_diffusion,1,0.3598232865333557,data\cache\clean\test\cifake_5288 (5)\resize_0.5.jpg
cifake_5607 (3),resize_0.5,cifake,stable_diffusion,1,0.1082872599363327,data\cache\clean\test\cifake_5607 (3)\resize_0.5.jpg
cifake_5845 (9),resize_0.5,cifake,stable_diffusion,1,0.4095039367675781,data\cache\clean\test\cifake_5845 (9)\resize_0.5.jpg
cifake_75,resize_0.5,cifake,stable_diffusion,1,0.32945960760116577,data\cache\clean\test\cifake_75\resize_0.5.jpg
cifake_954 (9),resize_0.5,cifake,stable_diffusion,1,0.1111847460269928,data\cache\clean\test\cifake_954 (9)\resize_0.5.jpg
dalle_10420,resize_0.5,dalle,dalle,1,0.38104113936424255,data\cache\clean\test\dalle_10420\resize_0.5.jpg
dalle_17768,resize_0.5,dalle,dalle,1,0.3457692563533783,data\cache\clean\test\dalle_17768\resize_0.5.jpg
dalle_20080,resize_0.5,dalle,dalle,1,0.12394236773252487,data\cache\clean\test\dalle_20080\resize_0.5.jpg
dalle_40387,resize_0.5,dalle,dalle,1,0.23003032803535461,data\cache\clean\test\dalle_40387\resize_0.5.jpg
dalle_41791,resize_0.5,dalle,dalle,1,0.05463440716266632,data\cache\clean\test\dalle_41791\resize_0.5.jpg
dalle_6f0f61883f111368d770c54801f33449,resize_0.5,dalle,dalle,1,0.07691527158021927,data\cache\clean\test\dalle_6f0f61883f111368d770c54801f33449\resize_0.5.jpg
dalle_8017,resize_0.5,dalle,dalle,1,0.3619372546672821,data\cache\clean\test\dalle_8017\resize_0.5.jpg
gigagan_05738,resize_0.5,gigagan,gigagan,1,0.43843817710876465,data\cache\clean\test\gigagan_05738\resize_0.5.jpg
gigagan_10914,resize_0.5,gigagan,gigagan,1,0.05884859338402748,data\cache\clean\test\gigagan_10914\resize_0.5.jpg
gigagan_14071,resize_0.5,gigagan,gigagan,1,0.1584915965795517,data\cache\clean\test\gigagan_14071\resize_0.5.jpg
gigagan_14858,resize_0.5,gigagan,gigagan,1,0.15681025385856628,data\cache\clean\test\gigagan_14858\resize_0.5.jpg
gigagan_15454,resize_0.5,gigagan,gigagan,1,0.3428534269332886,data\cache\clean\test\gigagan_15454\resize_0.5.jpg
gigagan_15561,resize_0.5,gigagan,gigagan,1,0.08788622170686722,data\cache\clean\test\gigagan_15561\resize_0.5.jpg
gigagan_20207,resize_0.5,gigagan,gigagan,1,0.07139371335506439,data\cache\clean\test\gigagan_20207\resize_0.5.jpg
gigagan_20327,resize_0.5,gigagan,gigagan,1,0.35177403688430786,data\cache\clean\test\gigagan_20327\resize_0.5.jpg
gigagan_22418,resize_0.5,gigagan,gigagan,1,0.10573869198560715,data\cache\clean\test\gigagan_22418\resize_0.5.jpg
gigagan_24679,resize_0.5,gigagan,gigagan,1,0.08456604182720184,data\cache\clean\test\gigagan_24679\resize_0.5.jpg
gigagan_25090,resize_0.5,gigagan,gigagan,1,0.23054245114326477,data\cache\clean\test\gigagan_25090\resize_0.5.jpg
gigagan_28945,resize_0.5,gigagan,gigagan,1,0.4427446126937866,data\cache\clean\test\gigagan_28945\resize_0.5.jpg
imagen3_045e6da6fd7f6fb0,resize_0.5,imagen3,imagen3,1,0.3170216977596283,data\cache\clean\test\imagen3_045e6da6fd7f6fb0\resize_0.5.jpg
imagen3_04e3097ac2f57647,resize_0.5,imagen3,imagen3,1,0.2998403310775757,data\cache\clean\test\imagen3_04e3097ac2f57647\resize_0.5.jpg
imagen3_07747d6ffd056bee,resize_0.5,imagen3,imagen3,1,0.4620036780834198,data\cache\clean\test\imagen3_07747d6ffd056bee\resize_0.5.jpg
imagen3_13ed1f9391224848,resize_0.5,imagen3,imagen3,1,0.07667922973632812,data\cache\clean\test\imagen3_13ed1f9391224848\resize_0.5.jpg
imagen3_15906,resize_0.5,imagen3,imagen3,1,0.05405864119529724,data\cache\clean\test\imagen3_15906\resize_0.5.jpg
imagen3_17643da56f35c6f7,resize_0.5,imagen3,imagen3,1,0.017496583983302116,data\cache\clean\test\imagen3_17643da56f35c6f7\resize_0.5.jpg
imagen3_17919c9ffd792ad9,resize_0.5,imagen3,imagen3,1,0.35130712389945984,data\cache\clean\test\imagen3_17919c9ffd792ad9\resize_0.5.jpg
imagen3_1fe9a0379cffa709,resize_0.5,imagen3,imagen3,1,0.11897854506969452,data\cache\clean\test\imagen3_1fe9a0379cffa709\resize_0.5.jpg
imagen3_24e64d19ddde11cb,resize_0.5,imagen3,imagen3,1,0.0013023216743022203,data\cache\clean\test\imagen3_24e64d19ddde11cb\resize_0.5.jpg
imagen3_260ae6b06f1f50e2,resize_0.5,imagen3,imagen3,1,0.010246212594211102,data\cache\clean\test\imagen3_260ae6b06f1f50e2\resize_0.5.jpg
imagen3_2be4510162a8a76e,resize_0.5,imagen3,imagen3,1,0.04554365202784538,data\cache\clean\test\imagen3_2be4510162a8a76e\resize_0.5.jpg
imagen3_3403b18fc93acbfc,resize_0.5,imagen3,imagen3,1,0.040578991174697876,data\cache\clean\test\imagen3_3403b18fc93acbfc\resize_0.5.jpg
imagen3_43058,resize_0.5,imagen3,imagen3,1,0.026525303721427917,data\cache\clean\test\imagen3_43058\resize_0.5.jpg
imagen3_44015,resize_0.5,imagen3,imagen3,1,0.2442197948694229,data\cache\clean\test\imagen3_44015\resize_0.5.jpg
imagen3_44075,resize_0.5,imagen3,imagen3,1,0.3982241749763489,data\cache\clean\test\imagen3_44075\resize_0.5.jpg
imagen3_46922,resize_0.5,imagen3,imagen3,1,0.12643271684646606,data\cache\clean\test\imagen3_46922\resize_0.5.jpg
imagen3_473ffc5e3d5dc373,resize_0.5,imagen3,imagen3,1,0.20172542333602905,data\cache\clean\test\imagen3_473ffc5e3d5dc373\resize_0.5.jpg
imagen3_48174,resize_0.5,imagen3,imagen3,1,0.45394444465637207,data\cache\clean\test\imagen3_48174\resize_0.5.jpg
imagen3_51659,resize_0.5,imagen3,imagen3,1,0.3374583423137665,data\cache\clean\test\imagen3_51659\resize_0.5.jpg
imagen3_519f5c348fe55fcd,resize_0.5,imagen3,imagen3,1,0.06419063359498978,data\cache\clean\test\imagen3_519f5c348fe55fcd\resize_0.5.jpg
imagen3_52520,resize_0.5,imagen3,imagen3,1,0.27109411358833313,data\cache\clean\test\imagen3_52520\resize_0.5.jpg
imagen3_560ead164dab63a5,resize_0.5,imagen3,imagen3,1,0.3438340723514557,data\cache\clean\test\imagen3_560ead164dab63a5\resize_0.5.jpg
imagen3_5a7405b5ead307fb,resize_0.5,imagen3,imagen3,1,0.19640131294727325,data\cache\clean\test\imagen3_5a7405b5ead307fb\resize_0.5.jpg
imagen3_5e95809bd47d157b,resize_0.5,imagen3,imagen3,1,0.3319582939147949,data\cache\clean\test\imagen3_5e95809bd47d157b\resize_0.5.jpg
imagen3_69467160e53f71bc,resize_0.5,imagen3,imagen3,1,0.2619413435459137,data\cache\clean\test\imagen3_69467160e53f71bc\resize_0.5.jpg
imagen3_6a8270ea182a9194,resize_0.5,imagen3,imagen3,1,0.05508521944284439,data\cache\clean\test\imagen3_6a8270ea182a9194\resize_0.5.jpg
imagen3_6c7624322b04ce43,resize_0.5,imagen3,imagen3,1,0.01271070446819067,data\cache\clean\test\imagen3_6c7624322b04ce43\resize_0.5.jpg
imagen3_77fb2d4f372634f8,resize_0.5,imagen3,imagen3,1,0.0275126900523901,data\cache\clean\test\imagen3_77fb2d4f372634f8\resize_0.5.jpg
imagen3_7e3e1e738f642f1a,resize_0.5,imagen3,imagen3,1,0.3949170410633087,data\cache\clean\test\imagen3_7e3e1e738f642f1a\resize_0.5.jpg
imagen3_7ee1485909c59826,resize_0.5,imagen3,imagen3,1,0.4047110676765442,data\cache\clean\test\imagen3_7ee1485909c59826\resize_0.5.jpg
imagen3_8b13dc3bff918841,resize_0.5,imagen3,imagen3,1,0.15463711321353912,data\cache\clean\test\imagen3_8b13dc3bff918841\resize_0.5.jpg
imagen3_8c20e4bf83ffff36,resize_0.5,imagen3,imagen3,1,0.2649349868297577,data\cache\clean\test\imagen3_8c20e4bf83ffff36\resize_0.5.jpg
imagen3_8e6f8acd28fd8f35,resize_0.5,imagen3,imagen3,1,0.17366403341293335,data\cache\clean\test\imagen3_8e6f8acd28fd8f35\resize_0.5.jpg
imagen3_9e82651e214a25c8,resize_0.5,imagen3,imagen3,1,0.1304260641336441,data\cache\clean\test\imagen3_9e82651e214a25c8\resize_0.5.jpg
imagen3_a1b5be9a5f0d1f7a,resize_0.5,imagen3,imagen3,1,0.12710344791412354,data\cache\clean\test\imagen3_a1b5be9a5f0d1f7a\resize_0.5.jpg
imagen3_a90890e19b242beb,resize_0.5,imagen3,imagen3,1,0.40523552894592285,data\cache\clean\test\imagen3_a90890e19b242beb\resize_0.5.jpg
imagen3_aa13646e437b7afa,resize_0.5,imagen3,imagen3,1,0.07754185050725937,data\cache\clean\test\imagen3_aa13646e437b7afa\resize_0.5.jpg
imagen3_ad860df8c2a1a848,resize_0.5,imagen3,imagen3,1,0.033128734678030014,data\cache\clean\test\imagen3_ad860df8c2a1a848\resize_0.5.jpg
imagen3_b69c9976ced306d1,resize_0.5,imagen3,imagen3,1,0.2737919092178345,data\cache\clean\test\imagen3_b69c9976ced306d1\resize_0.5.jpg
imagen3_ca44bb7db1e73a9a,resize_0.5,imagen3,imagen3,1,0.1675441712141037,data\cache\clean\test\imagen3_ca44bb7db1e73a9a\resize_0.5.jpg
imagen3_d326e7c87fb1d966,resize_0.5,imagen3,imagen3,1,0.21394012868404388,data\cache\clean\test\imagen3_d326e7c87fb1d966\resize_0.5.jpg
imagen3_e63f3b6f8bdee43a,resize_0.5,imagen3,imagen3,1,0.005706553813070059,data\cache\clean\test\imagen3_e63f3b6f8bdee43a\resize_0.5.jpg
imagen3_ea646e585cc24088,resize_0.5,imagen3,imagen3,1,0.2172575145959854,data\cache\clean\test\imagen3_ea646e585cc24088\resize_0.5.jpg
imagen3_eaf94916ce926270,resize_0.5,imagen3,imagen3,1,0.20352372527122498,data\cache\clean\test\imagen3_eaf94916ce926270\resize_0.5.jpg
imagen3_f69a20bda8f47fea,resize_0.5,imagen3,imagen3,1,0.12166856974363327,data\cache\clean\test\imagen3_f69a20bda8f47fea\resize_0.5.jpg
imagen3_fa8535259782583b,resize_0.5,imagen3,imagen3,1,0.27998533844947815,data\cache\clean\test\imagen3_fa8535259782583b\resize_0.5.jpg
imagen3_fd568a2839353a92,resize_0.5,imagen3,imagen3,1,0.4353660047054291,data\cache\clean\test\imagen3_fd568a2839353a92\resize_0.5.jpg
imagen3_fe7048efd51b15b8,resize_0.5,imagen3,imagen3,1,0.11898494511842728,data\cache\clean\test\imagen3_fe7048efd51b15b8\resize_0.5.jpg
imagen3_Imagen3_1208,resize_0.5,imagen3,imagen3,1,0.36512231826782227,data\cache\clean\test\imagen3_Imagen3_1208\resize_0.5.jpg
imagen3_Imagen3_3556,resize_0.5,imagen3,imagen3,1,0.3525955080986023,data\cache\clean\test\imagen3_Imagen3_3556\resize_0.5.jpg
sidset_full_synthetic_048809,resize_0.5,sidset,full_synthetic,1,0.38694512844085693,data\cache\clean\test\sidset_full_synthetic_048809\resize_0.5.jpg
sidset_full_synthetic_060524,resize_0.5,sidset,full_synthetic,1,0.12228046357631683,data\cache\clean\test\sidset_full_synthetic_060524\resize_0.5.jpg
sidset_full_synthetic_062086,resize_0.5,sidset,full_synthetic,1,0.200333371758461,data\cache\clean\test\sidset_full_synthetic_062086\resize_0.5.jpg
sidset_full_synthetic_063062,resize_0.5,sidset,full_synthetic,1,0.315571129322052,data\cache\clean\test\sidset_full_synthetic_063062\resize_0.5.jpg
stylegan_xl_0097a2e24789bc7a,resize_0.5,stylegan_xl,stylegan_xl,1,0.10074236243963242,data\cache\clean\test\stylegan_xl_0097a2e24789bc7a\resize_0.5.jpg
stylegan_xl_00a4591cf03df584,resize_0.5,stylegan_xl,stylegan_xl,1,0.011736882850527763,data\cache\clean\test\stylegan_xl_00a4591cf03df584\resize_0.5.jpg
stylegan_xl_031391f1ab18ab62,resize_0.5,stylegan_xl,stylegan_xl,1,0.28693315386772156,data\cache\clean\test\stylegan_xl_031391f1ab18ab62\resize_0.5.jpg
stylegan_xl_0a4244f8a9185bad,resize_0.5,stylegan_xl,stylegan_xl,1,0.2854422926902771,data\cache\clean\test\stylegan_xl_0a4244f8a9185bad\resize_0.5.jpg
stylegan_xl_0f7efa4c31bcd8f4,resize_0.5,stylegan_xl,stylegan_xl,1,0.008951273746788502,data\cache\clean\test\stylegan_xl_0f7efa4c31bcd8f4\resize_0.5.jpg
stylegan_xl_1060d58257bc5130,resize_0.5,stylegan_xl,stylegan_xl,1,0.05896253138780594,data\cache\clean\test\stylegan_xl_1060d58257bc5130\resize_0.5.jpg
stylegan_xl_1440252ff76f525f,resize_0.5,stylegan_xl,stylegan_xl,1,0.2641134262084961,data\cache\clean\test\stylegan_xl_1440252ff76f525f\resize_0.5.jpg
stylegan_xl_17f8bf0ef8d2f478,resize_0.5,stylegan_xl,stylegan_xl,1,0.10812302678823471,data\cache\clean\test\stylegan_xl_17f8bf0ef8d2f478\resize_0.5.jpg
stylegan_xl_2013fe0d44f84041,resize_0.5,stylegan_xl,stylegan_xl,1,0.040078260004520416,data\cache\clean\test\stylegan_xl_2013fe0d44f84041\resize_0.5.jpg
stylegan_xl_324e332686aa6966,resize_0.5,stylegan_xl,stylegan_xl,1,0.25034672021865845,data\cache\clean\test\stylegan_xl_324e332686aa6966\resize_0.5.jpg
stylegan_xl_3621cf0be1fc8d68,resize_0.5,stylegan_xl,stylegan_xl,1,0.06097368896007538,data\cache\clean\test\stylegan_xl_3621cf0be1fc8d68\resize_0.5.jpg
stylegan_xl_38c489e3b0d8c700,resize_0.5,stylegan_xl,stylegan_xl,1,0.32186561822891235,data\cache\clean\test\stylegan_xl_38c489e3b0d8c700\resize_0.5.jpg
stylegan_xl_3b5e18f8fc06450d,resize_0.5,stylegan_xl,stylegan_xl,1,0.041706621646881104,data\cache\clean\test\stylegan_xl_3b5e18f8fc06450d\resize_0.5.jpg
stylegan_xl_43847,resize_0.5,stylegan_xl,stylegan_xl,1,0.04714569076895714,data\cache\clean\test\stylegan_xl_43847\resize_0.5.jpg
stylegan_xl_44451,resize_0.5,stylegan_xl,stylegan_xl,1,0.2591637670993805,data\cache\clean\test\stylegan_xl_44451\resize_0.5.jpg
stylegan_xl_45602,resize_0.5,stylegan_xl,stylegan_xl,1,0.17271867394447327,data\cache\clean\test\stylegan_xl_45602\resize_0.5.jpg
stylegan_xl_49539,resize_0.5,stylegan_xl,stylegan_xl,1,0.4928934574127197,data\cache\clean\test\stylegan_xl_49539\resize_0.5.jpg
stylegan_xl_4f991f9638e28675,resize_0.5,stylegan_xl,stylegan_xl,1,0.12404758483171463,data\cache\clean\test\stylegan_xl_4f991f9638e28675\resize_0.5.jpg
stylegan_xl_53271,resize_0.5,stylegan_xl,stylegan_xl,1,0.4661727547645569,data\cache\clean\test\stylegan_xl_53271\resize_0.5.jpg
stylegan_xl_60ed9d3511d333bf,resize_0.5,stylegan_xl,stylegan_xl,1,0.245340958237648,data\cache\clean\test\stylegan_xl_60ed9d3511d333bf\resize_0.5.jpg
stylegan_xl_65bb283a1280639e,resize_0.5,stylegan_xl,stylegan_xl,1,0.09185875952243805,data\cache\clean\test\stylegan_xl_65bb283a1280639e\resize_0.5.jpg
stylegan_xl_729fee52c5b7f95b,resize_0.5,stylegan_xl,stylegan_xl,1,0.1855778843164444,data\cache\clean\test\stylegan_xl_729fee52c5b7f95b\resize_0.5.jpg
stylegan_xl_7a863857aa371fb7,resize_0.5,stylegan_xl,stylegan_xl,1,0.4888351559638977,data\cache\clean\test\stylegan_xl_7a863857aa371fb7\resize_0.5.jpg
stylegan_xl_7d433e90bcd7bd53,resize_0.5,stylegan_xl,stylegan_xl,1,0.0672890767455101,data\cache\clean\test\stylegan_xl_7d433e90bcd7bd53\resize_0.5.jpg
stylegan_xl_7ffebe6032f8209f,resize_0.5,stylegan_xl,stylegan_xl,1,0.07871035486459732,data\cache\clean\test\stylegan_xl_7ffebe6032f8209f\resize_0.5.jpg
stylegan_xl_80fc8be6e7c11eb3,resize_0.5,stylegan_xl,stylegan_xl,1,0.02603979781270027,data\cache\clean\test\stylegan_xl_80fc8be6e7c11eb3\resize_0.5.jpg
stylegan_xl_8f9dfd75dde8914f,resize_0.5,stylegan_xl,stylegan_xl,1,0.0147938784211874,data\cache\clean\test\stylegan_xl_8f9dfd75dde8914f\resize_0.5.jpg
stylegan_xl_91fb9195a35b7711,resize_0.5,stylegan_xl,stylegan_xl,1,0.49860718846321106,data\cache\clean\test\stylegan_xl_91fb9195a35b7711\resize_0.5.jpg
stylegan_xl_a1ed16fffc5ecb68,resize_0.5,stylegan_xl,stylegan_xl,1,0.08714284747838974,data\cache\clean\test\stylegan_xl_a1ed16fffc5ecb68\resize_0.5.jpg
stylegan_xl_a72f3ace10a8f550,resize_0.5,stylegan_xl,stylegan_xl,1,0.028573710471391678,data\cache\clean\test\stylegan_xl_a72f3ace10a8f550\resize_0.5.jpg
stylegan_xl_ae09b95535340878,resize_0.5,stylegan_xl,stylegan_xl,1,0.26299554109573364,data\cache\clean\test\stylegan_xl_ae09b95535340878\resize_0.5.jpg
stylegan_xl_b6abe358484b287a,resize_0.5,stylegan_xl,stylegan_xl,1,0.15846817195415497,data\cache\clean\test\stylegan_xl_b6abe358484b287a\resize_0.5.jpg
stylegan_xl_c9421141bcf3a15a,resize_0.5,stylegan_xl,stylegan_xl,1,0.22500863671302795,data\cache\clean\test\stylegan_xl_c9421141bcf3a15a\resize_0.5.jpg
stylegan_xl_cf9c332a1ebfb587,resize_0.5,stylegan_xl,stylegan_xl,1,0.3094090223312378,data\cache\clean\test\stylegan_xl_cf9c332a1ebfb587\resize_0.5.jpg
stylegan_xl_d686a15f05d09472,resize_0.5,stylegan_xl,stylegan_xl,1,0.26688864827156067,data\cache\clean\test\stylegan_xl_d686a15f05d09472\resize_0.5.jpg
stylegan_xl_d7c4ece8c8a01de0,resize_0.5,stylegan_xl,stylegan_xl,1,0.3427621126174927,data\cache\clean\test\stylegan_xl_d7c4ece8c8a01de0\resize_0.5.jpg
stylegan_xl_e4b8e7ef72cabaf2,resize_0.5,stylegan_xl,stylegan_xl,1,0.013693829998373985,data\cache\clean\test\stylegan_xl_e4b8e7ef72cabaf2\resize_0.5.jpg
stylegan_xl_f2ea3473d8b1a62f,resize_0.5,stylegan_xl,stylegan_xl,1,0.0960710272192955,data\cache\clean\test\stylegan_xl_f2ea3473d8b1a62f\resize_0.5.jpg
stylegan_xl_f4a503e24265a7e1,resize_0.5,stylegan_xl,stylegan_xl,1,0.39417484402656555,data\cache\clean\test\stylegan_xl_f4a503e24265a7e1\resize_0.5.jpg
stylegan_xl_fef6a66b8deaa7ab,resize_0.5,stylegan_xl,stylegan_xl,1,0.01109677366912365,data\cache\clean\test\stylegan_xl_fef6a66b8deaa7ab\resize_0.5.jpg
