img_id,variant,source_dataset,generator_family,label,prob,path
cifake_1028 (10),clean,cifake,stable_diffusion,1,0.07175245136022568,data\cache\clean\test\cifake_1028 (10)\clean.jpg
cifake_1088 (3),clean,cifake,stable_diffusion,1,0.2132129967212677,data\cache\clean\test\cifake_1088 (3)\clean.jpg
cifake_1867 (9),clean,cifake,stable_diffusion,1,0.18475189805030823,data\cache\clean\test\cifake_1867 (9)\clean.jpg
cifake_2293 (9),clean,cifake,stable_diffusion,1,0.06085676699876785,data\cache\clean\test\cifake_2293 (9)\clean.jpg
cifake_4221 (2),clean,cifake,stable_diffusion,1,0.016845237463712692,data\cache\clean\test\cifake_4221 (2)\clean.jpg
cifake_4615 (3),clean,cifake,stable_diffusion,1,0.26358306407928467,data\cache\clean\test\cifake_4615 (3)\clean.jpg
cifake_5110 (9),clean,cifake,stable_diffusion,1,0.3867235779762268,data\cache\clean\test\cifake_5110 (9)\clean.jpg
cifake_5607 (3),clean,cifake,stable_diffusion,1,0.1855165660381317,data\cache\clean\test\cifake_5607 (3)\clean.jpg
cifake_5943 (10),clean,cifake,stable_diffusion,1,0.18963217735290527,data\cache\clean\test\cifake_5943 (10)\clean.jpg
cifake_771 (8),clean,cifake,stable_diffusion,1,0.2801172435283661,data\cache\clean\test\cifake_771 (8)\clean.jpg
dalle_10420,clean,dalle,dalle,1,0.0013030519476160407,data\cache\clean\test\dalle_10420\clean.jpg
dalle_12052,clean,dalle,dalle,1,0.32868924736976624,data\cache\clean\test\dalle_12052\clean.jpg
dalle_13108,clean,dalle,dalle,1,0.07873433828353882,data\cache\clean\test\dalle_13108\clean.jpg
dalle_1895b86b74caac5dad51022c3d3b33df,clean,dalle,dalle,1,0.003718739375472069,data\cache\clean\test\dalle_1895b86b74caac5dad51022c3d3b33df\clean.jpg
dalle_19590,clean,dalle,dalle,1,0.03829089552164078,data\cache\clean\test\dalle_19590\clean.jpg
dalle_19962,clean,dalle,dalle,1,0.07257026433944702,data\cache\clean\test\dalle_19962\clean.jpg
dalle_20080,clean,dalle,dalle,1,0.40397557616233826,data\cache\clean\test\dalle_20080\clean.jpg
dalle_23768,clean,dalle,dalle,1,0.40722280740737915,data\cache\clean\test\dalle_23768\clean.jpg
dalle_24299,clean,dalle,dalle,1,0.31432849168777466,data\cache\clean\test\dalle_24299\clean.jpg
dalle_26611,clean,dalle,dalle,1,0.15495121479034424,data\cache\clean\test\dalle_26611\clean.jpg
dalle_27029,clean,dalle,dalle,1,0.18857409060001373,data\cache\clean\test\dalle_27029\clean.jpg
dalle_3469,clean,dalle,dalle,1,0.28444114327430725,data\cache\clean\test\dalle_3469\clean.jpg
dalle_35493,clean,dalle,dalle,1,0.08384660631418228,data\cache\clean\test\dalle_35493\clean.jpg
dalle_3c589aa7fd4a6705f1fd7918daf4ffb9,clean,dalle,dalle,1,0.3487702012062073,data\cache\clean\test\dalle_3c589aa7fd4a6705f1fd7918daf4ffb9\clean.jpg
dalle_41791,clean,dalle,dalle,1,0.04392310604453087,data\cache\clean\test\dalle_41791\clean.jpg
dalle_42344,clean,dalle,dalle,1,0.13940535485744476,data\cache\clean\test\dalle_42344\clean.jpg
dalle_568,clean,dalle,dalle,1,0.309508353471756,data\cache\clean\test\dalle_568\clean.jpg
dalle_6f0f61883f111368d770c54801f33449,clean,dalle,dalle,1,0.000207662204047665,data\cache\clean\test\dalle_6f0f61883f111368d770c54801f33449\clean.jpg
dalle_8017,clean,dalle,dalle,1,0.0006954256095923483,data\cache\clean\test\dalle_8017\clean.jpg
dalle_9068,clean,dalle,dalle,1,0.0014364873059093952,data\cache\clean\test\dalle_9068\clean.jpg
gigagan_02115,clean,gigagan,gigagan,1,0.2991545498371124,data\cache\clean\test\gigagan_02115\clean.jpg
gigagan_03860,clean,gigagan,gigagan,1,0.05804818496108055,data\cache\clean\test\gigagan_03860\clean.jpg
gigagan_05061,clean,gigagan,gigagan,1,0.32070451974868774,data\cache\clean\test\gigagan_05061\clean.jpg
gigagan_05645,clean,gigagan,gigagan,1,0.22544988989830017,data\cache\clean\test\gigagan_05645\clean.jpg
gigagan_05738,clean,gigagan,gigagan,1,0.3034559488296509,data\cache\clean\test\gigagan_05738\clean.jpg
gigagan_06224,clean,gigagan,gigagan,1,0.3038519024848938,data\cache\clean\test\gigagan_06224\clean.jpg
gigagan_06628,clean,gigagan,gigagan,1,0.07775405049324036,data\cache\clean\test\gigagan_06628\clean.jpg
gigagan_07350,clean,gigagan,gigagan,1,0.0711015835404396,data\cache\clean\test\gigagan_07350\clean.jpg
gigagan_07909,clean,gigagan,gigagan,1,0.03504782170057297,data\cache\clean\test\gigagan_07909\clean.jpg
gigagan_08464,clean,gigagan,gigagan,1,0.19666141271591187,data\cache\clean\test\gigagan_08464\clean.jpg
gigagan_09026,clean,gigagan,gigagan,1,0.055557943880558014,data\cache\clean\test\gigagan_09026\clean.jpg
gigagan_09302,clean,gigagan,gigagan,1,0.004163200967013836,data\cache\clean\test\gigagan_09302\clean.jpg
gigagan_09458,clean,gigagan,gigagan,1,0.22884763777256012,data\cache\clean\test\gigagan_09458\clean.jpg
gigagan_10769,clean,gigagan,gigagan,1,0.013336662203073502,data\cache\clean\test\gigagan_10769\clean.jpg
gigagan_10914,clean,gigagan,gigagan,1,0.0010461510391905904,data\cache\clean\test\gigagan_10914\clean.jpg
gigagan_11176,clean,gigagan,gigagan,1,0.25350144505500793,data\cache\clean\test\gigagan_11176\clean.jpg
gigagan_14071,clean,gigagan,gigagan,1,0.0012831990607082844,data\cache\clean\test\gigagan_14071\clean.jpg
gigagan_14909,clean,gigagan,gigagan,1,0.003980367910116911,data\cache\clean\test\gigagan_14909\clean.jpg
gigagan_15561,clean,gigagan,gigagan,1,0.012795944698154926,data\cache\clean\test\gigagan_15561\clean.jpg
gigagan_16357,clean,gigagan,gigagan,1,0.013318002223968506,data\cache\clean\test\gigagan_16357\clean.jpg
gigagan_16966,clean,gigagan,gigagan,1,0.027044303715229034,data\cache\clean\test\gigagan_16966\clean.jpg
gigagan_17666,clean,gigagan,gigagan,1,0.13837124407291412,data\cache\clean\test\gigagan_17666\clean.jpg
gigagan_18037,clean,gigagan,gigagan,1,0.4226747751235962,data\cache\clean\test\gigagan_18037\clean.jpg
gigagan_18085,clean,gigagan,gigagan,1,0.00339649454690516,data\cache\clean\test\gigagan_18085\clean.jpg
gigagan_18143,clean,gigagan,gigagan,1,0.34950390458106995,data\cache\clean\test\gigagan_18143\clean.jpg
gigagan_19199,clean,gigagan,gigagan,1,0.007622923236340284,data\cache\clean\test\gigagan_19199\clean.jpg
gigagan_19248,clean,gigagan,gigagan,1,0.28900954127311707,data\cache\clean\test\gigagan_19248\clean.jpg
gigagan_19458,clean,gigagan,gigagan,1,0.21097837388515472,data\cache\clean\test\gigagan_19458\clean.jpg
gigagan_20207,clean,gigagan,gigagan,1,0.11216417700052261,data\cache\clean\test\gigagan_20207\clean.jpg
gigagan_20327,clean,gigagan,gigagan,1,0.003840907011181116,data\cache\clean\test\gigagan_20327\clean.jpg
gigagan_20516,clean,gigagan,gigagan,1,0.36556434631347656,data\cache\clean\test\gigagan_20516\clean.jpg
gigagan_20756,clean,gigagan,gigagan,1,0.4724920690059662,data\cache\clean\test\gigagan_20756\clean.jpg
gigagan_20968,clean,gigagan,gigagan,1,0.03999163955450058,data\cache\clean\test\gigagan_20968\clean.jpg
gigagan_21166,clean,gigagan,gigagan,1,0.18699756264686584,data\cache\clean\test\gigagan_21166\clean.jpg
gigagan_21244,clean,gigagan,gigagan,1,0.09594126790761948,data\cache\clean\test\gigagan_21244\clean.jpg
gigagan_21611,clean,gigagan,gigagan,1,0.1450069099664688,data\cache\clean\test\gigagan_21611\clean.jpg
gigagan_22418,clean,gigagan,gigagan,1,0.051918692886829376,data\cache\clean\test\gigagan_22418\clean.jpg
gigagan_22533,clean,gigagan,gigagan,1,0.14028747379779816,data\cache\clean\test\gigagan_22533\clean.jpg
gigagan_22770,clean,gigagan,gigagan,1,0.016757450997829437,data\cache\clean\test\gigagan_22770\clean.jpg
gigagan_23134,clean,gigagan,gigagan,1,8.667008842166979e-06,data\cache\clean\test\gigagan_23134\clean.jpg
gigagan_23834,clean,gigagan,gigagan,1,0.03142959251999855,data\cache\clean\test\gigagan_23834\clean.jpg
gigagan_24445,clean,gigagan,gigagan,1,0.1519925445318222,data\cache\clean\test\gigagan_24445\clean.jpg
gigagan_24679,clean,gigagan,gigagan,1,0.013882076367735863,data\cache\clean\test\gigagan_24679\clean.jpg
gigagan_24933,clean,gigagan,gigagan,1,0.10069538652896881,data\cache\clean\test\gigagan_24933\clean.jpg
gigagan_25090,clean,gigagan,gigagan,1,0.002651340328156948,data\cache\clean\test\gigagan_25090\clean.jpg
gigagan_26982,clean,gigagan,gigagan,1,0.36559274792671204,data\cache\clean\test\gigagan_26982\clean.jpg
gigagan_27033,clean,gigagan,gigagan,1,0.2429444044828415,data\cache\clean\test\gigagan_27033\clean.jpg
gigagan_28336,clean,gigagan,gigagan,1,0.25731945037841797,data\cache\clean\test\gigagan_28336\clean.jpg
gigagan_28900,clean,gigagan,gigagan,1,0.1903659701347351,data\cache\clean\test\gigagan_28900\clean.jpg
gigagan_29456,clean,gigagan,gigagan,1,0.24333041906356812,data\cache\clean\test\gigagan_29456\clean.jpg
imagen3_045e6da6fd7f6fb0,clean,imagen3,imagen3,1,0.0010022015776485205,data\cache\clean\test\imagen3_045e6da6fd7f6fb0\clean.jpg
imagen3_13ed1f9391224848,clean,imagen3,imagen3,1,0.033760204911231995,data\cache\clean\test\imagen3_13ed1f9391224848\clean.jpg
imagen3_17643da56f35c6f7,clean,imagen3,imagen3,1,0.0003277907962910831,data\cache\clean\test\imagen3_17643da56f35c6f7\clean.jpg
imagen3_17919c9ffd792ad9,clean,imagen3,imagen3,1,0.19346880912780762,data\cache\clean\test\imagen3_17919c9ffd792ad9\clean.jpg
imagen3_24e64d19ddde11cb,clean,imagen3,imagen3,1,0.04761631041765213,data\cache\clean\test\imagen3_24e64d19ddde11cb\clean.jpg
imagen3_260ae6b06f1f50e2,clean,imagen3,imagen3,1,0.00047946584527380764,data\cache\clean\test\imagen3_260ae6b06f1f50e2\clean.jpg
imagen3_2be4510162a8a76e,clean,imagen3,imagen3,1,3.51424932887312e-05,data\cache\clean\test\imagen3_2be4510162a8a76e\clean.jpg
imagen3_3403b18fc93acbfc,clean,imagen3,imagen3,1,0.00749219860881567,data\cache\clean\test\imagen3_3403b18fc93acbfc\clean.jpg
imagen3_44015,clean,imagen3,imagen3,1,0.4723895192146301,data\cache\clean\test\imagen3_44015\clean.jpg
imagen3_44075,clean,imagen3,imagen3,1,0.12824130058288574,data\cache\clean\test\imagen3_44075\clean.jpg
imagen3_44476,clean,imagen3,imagen3,1,0.032450005412101746,data\cache\clean\test\imagen3_44476\clean.jpg
imagen3_46922,clean,imagen3,imagen3,1,0.05304309353232384,data\cache\clean\test\imagen3_46922\clean.jpg
imagen3_473ffc5e3d5dc373,clean,imagen3,imagen3,1,0.0001626003795536235,data\cache\clean\test\imagen3_473ffc5e3d5dc373\clean.jpg
imagen3_51659,clean,imagen3,imagen3,1,0.17027151584625244,data\cache\clean\test\imagen3_51659\clean.jpg
imagen3_52520,clean,imagen3,imagen3,1,0.2240275889635086,data\cache\clean\test\imagen3_52520\clean.jpg
imagen3_560ead164dab63a5,clean,imagen3,imagen3,1,0.19550728797912598,data\cache\clean\test\imagen3_560ead164dab63a5\clean.jpg
imagen3_5e95809bd47d157b,clean,imagen3,imagen3,1,0.021676836535334587,data\cache\clean\test\imagen3_5e95809bd47d157b\clean.jpg
imagen3_6a8270ea182a9194,clean,imagen3,imagen3,1,0.003454312914982438,data\cache\clean\test\imagen3_6a8270ea182a9194\clean.jpg
imagen3_6c7624322b04ce43,clean,imagen3,imagen3,1,0.04017476364970207,data\cache\clean\test\imagen3_6c7624322b04ce43\clean.jpg
imagen3_77fb2d4f372634f8,clean,imagen3,imagen3,1,0.018212158232927322,data\cache\clean\test\imagen3_77fb2d4f372634f8\clean.jpg
imagen3_7e3e1e738f642f1a,clean,imagen3,imagen3,1,0.44816234707832336,data\cache\clean\test\imagen3_7e3e1e738f642f1a\clean.jpg
imagen3_7ee1485909c59826,clean,imagen3,imagen3,1,0.01566450111567974,data\cache\clean\test\imagen3_7ee1485909c59826\clean.jpg
imagen3_8b13dc3bff918841,clean,imagen3,imagen3,1,0.03942975774407387,data\cache\clean\test\imagen3_8b13dc3bff918841\clean.jpg
imagen3_8c20e4bf83ffff36,clean,imagen3,imagen3,1,0.08480815589427948,data\cache\clean\test\imagen3_8c20e4bf83ffff36\clean.jpg
imagen3_8e6f8acd28fd8f35,clean,imagen3,imagen3,1,0.049671970307826996,data\cache\clean\test\imagen3_8e6f8acd28fd8f35\clean.jpg
imagen3_9e82651e214a25c8,clean,imagen3,imagen3,1,0.10600690543651581,data\cache\clean\test\imagen3_9e82651e214a25c8\clean.jpg
imagen3_a1b5be9a5f0d1f7a,clean,imagen3,imagen3,1,0.49640199542045593,data\cache\clean\test\imagen3_a1b5be9a5f0d1f7a\clean.jpg
imagen3_aa13646e437b7afa,clean,imagen3,imagen3,1,0.0919666737318039,data\cache\clean\test\imagen3_aa13646e437b7afa\clean.jpg
imagen3_ad860df8c2a1a848,clean,imagen3,imagen3,1,0.015332658775150776,data\cache\clean\test\imagen3_ad860df8c2a1a848\clean.jpg
imagen3_b69c9976ced306d1,clean,imagen3,imagen3,1,0.031208131462335587,data\cache\clean\test\imagen3_b69c9976ced306d1\clean.jpg
imagen3_ca44bb7db1e73a9a,clean,imagen3,imagen3,1,0.0013039247132837772,data\cache\clean\test\imagen3_ca44bb7db1e73a9a\clean.jpg
imagen3_d326e7c87fb1d966,clean,imagen3,imagen3,1,0.2221650332212448,data\cache\clean\test\imagen3_d326e7c87fb1d966\clean.jpg
imagen3_e63f3b6f8bdee43a,clean,imagen3,imagen3,1,0.1752079725265503,data\cache\clean\test\imagen3_e63f3b6f8bdee43a\clean.jpg
imagen3_eaf94916ce926270,clean,imagen3,imagen3,1,0.07599848508834839,data\cache\clean\test\imagen3_eaf94916ce926270\clean.jpg
imagen3_f2da05bffbe27dab,clean,imagen3,imagen3,1,0.035783227533102036,data\cache\clean\test\imagen3_f2da05bffbe27dab\clean.jpg
imagen3_fe7048efd51b15b8,clean,imagen3,imagen3,1,0.18700657784938812,data\cache\clean\test\imagen3_fe7048efd51b15b8\clean.jpg
imagen3_Imagen3_1208,clean,imagen3,imagen3,1,0.0048402114771306515,data\cache\clean\test\imagen3_Imagen3_1208\clean.jpg
imagen3_Imagen3_3085,clean,imagen3,imagen3,1,0.4590218663215637,data\cache\clean\test\imagen3_Imagen3_3085\clean.jpg
imagen3_Imagen3_3097,clean,imagen3,imagen3,1,0.011402911506593227,data\cache\clean\test\imagen3_Imagen3_3097\clean.jpg
sidset_full_synthetic_005710,clean,sidset,full_synthetic,1,0.1620073765516281,data\cache\clean\test\sidset_full_synthetic_005710\clean.jpg
sidset_full_synthetic_033528,clean,sidset,full_synthetic,1,0.0016508686821907759,data\cache\clean\test\sidset_full_synthetic_033528\clean.jpg
sidset_full_synthetic_042089,clean,sidset,full_synthetic,1,0.3284004032611847,data\cache\clean\test\sidset_full_synthetic_042089\clean.jpg
stylegan_xl_0097a2e24789bc7a,clean,stylegan_xl,stylegan_xl,1,0.0036451483611017466,data\cache\clean\test\stylegan_xl_0097a2e24789bc7a\clean.jpg
stylegan_xl_00a4591cf03df584,clean,stylegan_xl,stylegan_xl,1,0.00013281352585181594,data\cache\clean\test\stylegan_xl_00a4591cf03df584\clean.jpg
stylegan_xl_031391f1ab18ab62,clean,stylegan_xl,stylegan_xl,1,0.037701208144426346,data\cache\clean\test\stylegan_xl_031391f1ab18ab62\clean.jpg
stylegan_xl_0a4244f8a9185bad,clean,stylegan_xl,stylegan_xl,1,0.2553248107433319,data\cache\clean\test\stylegan_xl_0a4244f8a9185bad\clean.jpg
stylegan_xl_0f7efa4c31bcd8f4,clean,stylegan_xl,stylegan_xl,1,0.007748062256723642,data\cache\clean\test\stylegan_xl_0f7efa4c31bcd8f4\clean.jpg
stylegan_xl_1060d58257bc5130,clean,stylegan_xl,stylegan_xl,1,0.00036559769068844616,data\cache\clean\test\stylegan_xl_1060d58257bc5130\clean.jpg
stylegan_xl_1440252ff76f525f,clean,stylegan_xl,stylegan_xl,1,0.3112858831882477,data\cache\clean\test\stylegan_xl_1440252ff76f525f\clean.jpg
stylegan_xl_17f8bf0ef8d2f478,clean,stylegan_xl,stylegan_xl,1,0.4061410129070282,data\cache\clean\test\stylegan_xl_17f8bf0ef8d2f478\clean.jpg
stylegan_xl_2013fe0d44f84041,clean,stylegan_xl,stylegan_xl,1,6.883438618388027e-05,data\cache\clean\test\stylegan_xl_2013fe0d44f84041\clean.jpg
stylegan_xl_324e332686aa6966,clean,stylegan_xl,stylegan_xl,1,0.1543872356414795,data\cache\clean\test\stylegan_xl_324e332686aa6966\clean.jpg
stylegan_xl_3621cf0be1fc8d68,clean,stylegan_xl,stylegan_xl,1,0.17050202190876007,data\cache\clean\test\stylegan_xl_3621cf0be1fc8d68\clean.jpg
stylegan_xl_38c489e3b0d8c700,clean,stylegan_xl,stylegan_xl,1,0.06516757607460022,data\cache\clean\test\stylegan_xl_38c489e3b0d8c700\clean.jpg
stylegan_xl_3b5e18f8fc06450d,clean,stylegan_xl,stylegan_xl,1,0.0045022121630609035,data\cache\clean\test\stylegan_xl_3b5e18f8fc06450d\clean.jpg
stylegan_xl_44451,clean,stylegan_xl,stylegan_xl,1,0.013118184171617031,data\cache\clean\test\stylegan_xl_44451\clean.jpg
stylegan_xl_45081,clean,stylegan_xl,stylegan_xl,1,0.000988280982710421,data\cache\clean\test\stylegan_xl_45081\clean.jpg
stylegan_xl_45602,clean,stylegan_xl,stylegan_xl,1,0.04481268301606178,data\cache\clean\test\stylegan_xl_45602\clean.jpg
stylegan_xl_47014,clean,stylegan_xl,stylegan_xl,1,0.12272243946790695,data\cache\clean\test\stylegan_xl_47014\clean.jpg
stylegan_xl_47343,clean,stylegan_xl,stylegan_xl,1,0.0026506835129112005,data\cache\clean\test\stylegan_xl_47343\clean.jpg
stylegan_xl_48611,clean,stylegan_xl,stylegan_xl,1,0.015269492752850056,data\cache\clean\test\stylegan_xl_48611\clean.jpg
stylegan_xl_48906,clean,stylegan_xl,stylegan_xl,1,0.3888424336910248,data\cache\clean\test\stylegan_xl_48906\clean.jpg
stylegan_xl_49074,clean,stylegan_xl,stylegan_xl,1,0.12937521934509277,data\cache\clean\test\stylegan_xl_49074\clean.jpg
stylegan_xl_4f991f9638e28675,clean,stylegan_xl,stylegan_xl,1,0.001797372940927744,data\cache\clean\test\stylegan_xl_4f991f9638e28675\clean.jpg
stylegan_xl_50731,clean,stylegan_xl,stylegan_xl,1,0.39211079478263855,data\cache\clean\test\stylegan_xl_50731\clean.jpg
stylegan_xl_60ed9d3511d333bf,clean,stylegan_xl,stylegan_xl,1,0.027010170742869377,data\cache\clean\test\stylegan_xl_60ed9d3511d333bf\clean.jpg
stylegan_xl_729fee52c5b7f95b,clean,stylegan_xl,stylegan_xl,1,0.17928801476955414,data\cache\clean\test\stylegan_xl_729fee52c5b7f95b\clean.jpg
stylegan_xl_7d433e90bcd7bd53,clean,stylegan_xl,stylegan_xl,1,0.0010775893460959196,data\cache\clean\test\stylegan_xl_7d433e90bcd7bd53\clean.jpg
stylegan_xl_7ffebe6032f8209f,clean,stylegan_xl,stylegan_xl,1,0.0437188521027565,data\cache\clean\test\stylegan_xl_7ffebe6032f8209f\clean.jpg
stylegan_xl_80fc8be6e7c11eb3,clean,stylegan_xl,stylegan_xl,1,0.017254197970032692,data\cache\clean\test\stylegan_xl_80fc8be6e7c11eb3\clean.jpg
stylegan_xl_8461b1ae87c22c20,clean,stylegan_xl,stylegan_xl,1,0.1848330795764923,data\cache\clean\test\stylegan_xl_8461b1ae87c22c20\clean.jpg
stylegan_xl_8f9dfd75dde8914f,clean,stylegan_xl,stylegan_xl,1,0.1724589765071869,data\cache\clean\test\stylegan_xl_8f9dfd75dde8914f\clean.jpg
stylegan_xl_a10d4a733f4df420,clean,stylegan_xl,stylegan_xl,1,0.05671348795294762,data\cache\clean\test\stylegan_xl_a10d4a733f4df420\clean.jpg
stylegan_xl_a1ed16fffc5ecb68,clean,stylegan_xl,stylegan_xl,1,0.02556091919541359,data\cache\clean\test\stylegan_xl_a1ed16fffc5ecb68\clean.jpg
stylegan_xl_a72f3ace10a8f550,clean,stylegan_xl,stylegan_xl,1,0.0024987414944916964,data\cache\clean\test\stylegan_xl_a72f3ace10a8f550\clean.jpg
stylegan_xl_b6abe358484b287a,clean,stylegan_xl,stylegan_xl,1,0.04131753370165825,data\cache\clean\test\stylegan_xl_b6abe358484b287a\clean.jpg
stylegan_xl_bd69757ff485d03e,clean,stylegan_xl,stylegan_xl,1,0.12914259731769562,data\cache\clean\test\stylegan_xl_bd69757ff485d03e\clean.jpg
stylegan_xl_cccbc1d57a7e095e,clean,stylegan_xl,stylegan_xl,1,0.024219095706939697,data\cache\clean\test\stylegan_xl_cccbc1d57a7e095e\clean.jpg
stylegan_xl_cf9c332a1ebfb587,clean,stylegan_xl,stylegan_xl,1,0.04545408859848976,data\cache\clean\test\stylegan_xl_cf9c332a1ebfb587\clean.jpg
stylegan_xl_d7c4ece8c8a01de0,clean,stylegan_xl,stylegan_xl,1,0.012531223706901073,data\cache\clean\test\stylegan_xl_d7c4ece8c8a01de0\clean.jpg
stylegan_xl_e4b8e7ef72cabaf2,clean,stylegan_xl,stylegan_xl,1,0.08073943108320236,data\cache\clean\test\stylegan_xl_e4b8e7ef72cabaf2\clean.jpg
stylegan_xl_fef6a66b8deaa7ab,clean,stylegan_xl,stylegan_xl,1,0.0018051062943413854,data\cache\clean\test\stylegan_xl_fef6a66b8deaa7ab\clean.jpg
cifake_1028 (10),blur_s0.5,cifake,stable_diffusion,1,0.07175245136022568,data\cache\clean\test\cifake_1028 (10)\blur_s0.5.jpg
cifake_1088 (3),blur_s0.5,cifake,stable_diffusion,1,0.2132129967212677,data\cache\clean\test\cifake_1088 (3)\blur_s0.5.jpg
cifake_1867 (9),blur_s0.5,cifake,stable_diffusion,1,0.18475189805030823,data\cache\clean\test\cifake_1867 (9)\blur_s0.5.jpg
cifake_2293 (9),blur_s0.5,cifake,stable_diffusion,1,0.06085676699876785,data\cache\clean\test\cifake_2293 (9)\blur_s0.5.jpg
cifake_4221 (2),blur_s0.5,cifake,stable_diffusion,1,0.016845237463712692,data\cache\clean\test\cifake_4221 (2)\blur_s0.5.jpg
cifake_4615 (3),blur_s0.5,cifake,stable_diffusion,1,0.26358306407928467,data\cache\clean\test\cifake_4615 (3)\blur_s0.5.jpg
cifake_5110 (9),blur_s0.5,cifake,stable_diffusion,1,0.3867235779762268,data\cache\clean\test\cifake_5110 (9)\blur_s0.5.jpg
cifake_5607 (3),blur_s0.5,cifake,stable_diffusion,1,0.1855165660381317,data\cache\clean\test\cifake_5607 (3)\blur_s0.5.jpg
cifake_5943 (10),blur_s0.5,cifake,stable_diffusion,1,0.18963217735290527,data\cache\clean\test\cifake_5943 (10)\blur_s0.5.jpg
cifake_771 (8),blur_s0.5,cifake,stable_diffusion,1,0.2801172435283661,data\cache\clean\test\cifake_771 (8)\blur_s0.5.jpg
dalle_10420,blur_s0.5,dalle,dalle,1,0.0011973509099334478,data\cache\clean\test\dalle_10420\blur_s0.5.jpg
dalle_12052,blur_s0.5,dalle,dalle,1,0.3460247218608856,data\cache\clean\test\dalle_12052\blur_s0.5.jpg
dalle_13108,blur_s0.5,dalle,dalle,1,0.10625278204679489,data\cache\clean\test\dalle_13108\blur_s0.5.jpg
dalle_1895b86b74caac5dad51022c3d3b33df,blur_s0.5,dalle,dalle,1,0.0029579533729702234,data\cache\clean\test\dalle_1895b86b74caac5dad51022c3d3b33df\blur_s0.5.jpg
dalle_19590,blur_s0.5,dalle,dalle,1,0.030018465593457222,data\cache\clean\test\dalle_19590\blur_s0.5.jpg
dalle_19962,blur_s0.5,dalle,dalle,1,0.0307888425886631,data\cache\clean\test\dalle_19962\blur_s0.5.jpg
dalle_20080,blur_s0.5,dalle,dalle,1,0.4841495752334595,data\cache\clean\test\dalle_20080\blur_s0.5.jpg
dalle_23768,blur_s0.5,dalle,dalle,1,0.44618213176727295,data\cache\clean\test\dalle_23768\blur_s0.5.jpg
dalle_24299,blur_s0.5,dalle,dalle,1,0.4154227375984192,data\cache\clean\test\dalle_24299\blur_s0.5.jpg
dalle_26611,blur_s0.5,dalle,dalle,1,0.1617279052734375,data\cache\clean\test\dalle_26611\blur_s0.5.jpg
dalle_27029,blur_s0.5,dalle,dalle,1,0.18232442438602448,data\cache\clean\test\dalle_27029\blur_s0.5.jpg
dalle_33159,blur_s0.5,dalle,dalle,1,0.48270851373672485,data\cache\clean\test\dalle_33159\blur_s0.5.jpg
dalle_3469,blur_s0.5,dalle,dalle,1,0.3399735987186432,data\cache\clean\test\dalle_3469\blur_s0.5.jpg
dalle_35493,blur_s0.5,dalle,dalle,1,0.0847032368183136,data\cache\clean\test\dalle_35493\blur_s0.5.jpg
dalle_3c589aa7fd4a6705f1fd7918daf4ffb9,blur_s0.5,dalle,dalle,1,0.3354302644729614,data\cache\clean\test\dalle_3c589aa7fd4a6705f1fd7918daf4ffb9\blur_s0.5.jpg
dalle_40387,blur_s0.5,dalle,dalle,1,0.40575677156448364,data\cache\clean\test\dalle_40387\blur_s0.5.jpg
dalle_41791,blur_s0.5,dalle,dalle,1,0.06882395595312119,data\cache\clean\test\dalle_41791\blur_s0.5.jpg
dalle_42344,blur_s0.5,dalle,dalle,1,0.09829629957675934,data\cache\clean\test\dalle_42344\blur_s0.5.jpg
dalle_568,blur_s0.5,dalle,dalle,1,0.2397940307855606,data\cache\clean\test\dalle_568\blur_s0.5.jpg
dalle_6f0f61883f111368d770c54801f33449,blur_s0.5,dalle,dalle,1,0.00022749972413294017,data\cache\clean\test\dalle_6f0f61883f111368d770c54801f33449\blur_s0.5.jpg
dalle_8017,blur_s0.5,dalle,dalle,1,0.0007244645967148244,data\cache\clean\test\dalle_8017\blur_s0.5.jpg
dalle_9068,blur_s0.5,dalle,dalle,1,0.0015300579834729433,data\cache\clean\test\dalle_9068\blur_s0.5.jpg
gigagan_02115,blur_s0.5,gigagan,gigagan,1,0.23053276538848877,data\cache\clean\test\gigagan_02115\blur_s0.5.jpg
gigagan_02490,blur_s0.5,gigagan,gigagan,1,0.3743928074836731,data\cache\clean\test\gigagan_02490\blur_s0.5.jpg
gigagan_03860,blur_s0.5,gigagan,gigagan,1,0.0564010813832283,data\cache\clean\test\gigagan_03860\blur_s0.5.jpg
gigagan_05061,blur_s0.5,gigagan,gigagan,1,0.26537424325942993,data\cache\clean\test\gigagan_05061\blur_s0.5.jpg
gigagan_05645,blur_s0.5,gigagan,gigagan,1,0.11659630388021469,data\cache\clean\test\gigagan_05645\blur_s0.5.jpg
gigagan_05738,blur_s0.5,gigagan,gigagan,1,0.28295403718948364,data\cache\clean\test\gigagan_05738\blur_s0.5.jpg
gigagan_06224,blur_s0.5,gigagan,gigagan,1,0.3364267945289612,data\cache\clean\test\gigagan_06224\blur_s0.5.jpg
gigagan_06628,blur_s0.5,gigagan,gigagan,1,0.06780939549207687,data\cache\clean\test\gigagan_06628\blur_s0.5.jpg
gigagan_07350,blur_s0.5,gigagan,gigagan,1,0.06422162055969238,data\cache\clean\test\gigagan_07350\blur_s0.5.jpg
gigagan_07909,blur_s0.5,gigagan,gigagan,1,0.03307149559259415,data\cache\clean\test\gigagan_07909\blur_s0.5.jpg
gigagan_08464,blur_s0.5,gigagan,gigagan,1,0.16706986725330353,data\cache\clean\test\gigagan_08464\blur_s0.5.jpg
gigagan_09026,blur_s0.5,gigagan,gigagan,1,0.07039027661085129,data\cache\clean\test\gigagan_09026\blur_s0.5.jpg
gigagan_09302,blur_s0.5,gigagan,gigagan,1,0.006043115630745888,data\cache\clean\test\gigagan_09302\blur_s0.5.jpg
gigagan_09458,blur_s0.5,gigagan,gigagan,1,0.21655450761318207,data\cache\clean\test\gigagan_09458\blur_s0.5.jpg
gigagan_10769,blur_s0.5,gigagan,gigagan,1,0.011882069520652294,data\cache\clean\test\gigagan_10769\blur_s0.5.jpg
gigagan_10914,blur_s0.5,gigagan,gigagan,1,0.0009529858944006264,data\cache\clean\test\gigagan_10914\blur_s0.5.jpg
gigagan_11176,blur_s0.5,gigagan,gigagan,1,0.14252012968063354,data\cache\clean\test\gigagan_11176\blur_s0.5.jpg
gigagan_12104,blur_s0.5,gigagan,gigagan,1,0.423289954662323,data\cache\clean\test\gigagan_12104\blur_s0.5.jpg
gigagan_12929,blur_s0.5,gigagan,gigagan,1,0.462133526802063,data\cache\clean\test\gigagan_12929\blur_s0.5.jpg
gigagan_14071,blur_s0.5,gigagan,gigagan,1,0.001025850884616375,data\cache\clean\test\gigagan_14071\blur_s0.5.jpg
gigagan_14909,blur_s0.5,gigagan,gigagan,1,0.004037086386233568,data\cache\clean\test\gigagan_14909\blur_s0.5.jpg
gigagan_15561,blur_s0.5,gigagan,gigagan,1,0.017270870506763458,data\cache\clean\test\gigagan_15561\blur_s0.5.jpg
gigagan_16357,blur_s0.5,gigagan,gigagan,1,0.011418376117944717,data\cache\clean\test\gigagan_16357\blur_s0.5.jpg
gigagan_16966,blur_s0.5,gigagan,gigagan,1,0.022332068532705307,data\cache\clean\test\gigagan_16966\blur_s0.5.jpg
gigagan_17057,blur_s0.5,gigagan,gigagan,1,0.4956291615962982,data\cache\clean\test\gigagan_17057\blur_s0.5.jpg
gigagan_17666,blur_s0.5,gigagan,gigagan,1,0.130808487534523,data\cache\clean\test\gigagan_17666\blur_s0.5.jpg
gigagan_18037,blur_s0.5,gigagan,gigagan,1,0.4692472815513611,data\cache\clean\test\gigagan_18037\blur_s0.5.jpg
gigagan_18085,blur_s0.5,gigagan,gigagan,1,0.003926550038158894,data\cache\clean\test\gigagan_18085\blur_s0.5.jpg
gigagan_18143,blur_s0.5,gigagan,gigagan,1,0.32081738114356995,data\cache\clean\test\gigagan_18143\blur_s0.5.jpg
gigagan_18704,blur_s0.5,gigagan,gigagan,1,0.49913859367370605,data\cache\clean\test\gigagan_18704\blur_s0.5.jpg
gigagan_19055,blur_s0.5,gigagan,gigagan,1,0.4418618679046631,data\cache\clean\test\gigagan_19055\blur_s0.5.jpg
gigagan_19199,blur_s0.5,gigagan,gigagan,1,0.007490369491279125,data\cache\clean\test\gigagan_19199\blur_s0.5.jpg
gigagan_19248,blur_s0.5,gigagan,gigagan,1,0.1922234147787094,data\cache\clean\test\gigagan_19248\blur_s0.5.jpg
gigagan_19458,blur_s0.5,gigagan,gigagan,1,0.06872651726007462,data\cache\clean\test\gigagan_19458\blur_s0.5.jpg
gigagan_20207,blur_s0.5,gigagan,gigagan,1,0.08019093424081802,data\cache\clean\test\gigagan_20207\blur_s0.5.jpg
gigagan_20327,blur_s0.5,gigagan,gigagan,1,0.003589108120650053,data\cache\clean\test\gigagan_20327\blur_s0.5.jpg
gigagan_20516,blur_s0.5,gigagan,gigagan,1,0.2865980267524719,data\cache\clean\test\gigagan_20516\blur_s0.5.jpg
gigagan_20756,blur_s0.5,gigagan,gigagan,1,0.442137748003006,data\cache\clean\test\gigagan_20756\blur_s0.5.jpg
gigagan_20968,blur_s0.5,gigagan,gigagan,1,0.05651986598968506,data\cache\clean\test\gigagan_20968\blur_s0.5.jpg
gigagan_21166,blur_s0.5,gigagan,gigagan,1,0.18159456551074982,data\cache\clean\test\gigagan_21166\blur_s0.5.jpg
gigagan_21244,blur_s0.5,gigagan,gigagan,1,0.09188400208950043,data\cache\clean\test\gigagan_21244\blur_s0.5.jpg
gigagan_21611,blur_s0.5,gigagan,gigagan,1,0.09554405510425568,data\cache\clean\test\gigagan_21611\blur_s0.5.jpg
gigagan_22418,blur_s0.5,gigagan,gigagan,1,0.05242934077978134,data\cache\clean\test\gigagan_22418\blur_s0.5.jpg
gigagan_22533,blur_s0.5,gigagan,gigagan,1,0.1167827770113945,data\cache\clean\test\gigagan_22533\blur_s0.5.jpg
gigagan_22770,blur_s0.5,gigagan,gigagan,1,0.010973111726343632,data\cache\clean\test\gigagan_22770\blur_s0.5.jpg
gigagan_23134,blur_s0.5,gigagan,gigagan,1,7.767899660393596e-06,data\cache\clean\test\gigagan_23134\blur_s0.5.jpg
gigagan_23834,blur_s0.5,gigagan,gigagan,1,0.026343848556280136,data\cache\clean\test\gigagan_23834\blur_s0.5.jpg
gigagan_24445,blur_s0.5,gigagan,gigagan,1,0.13723702728748322,data\cache\clean\test\gigagan_24445\blur_s0.5.jpg
gigagan_24679,blur_s0.5,gigagan,gigagan,1,0.015772193670272827,data\cache\clean\test\gigagan_24679\blur_s0.5.jpg
gigagan_24726,blur_s0.5,gigagan,gigagan,1,0.40409210324287415,data\cache\clean\test\gigagan_24726\blur_s0.5.jpg
gigagan_24933,blur_s0.5,gigagan,gigagan,1,0.04852273315191269,data\cache\clean\test\gigagan_24933\blur_s0.5.jpg
gigagan_25090,blur_s0.5,gigagan,gigagan,1,0.002261251909658313,data\cache\clean\test\gigagan_25090\blur_s0.5.jpg
gigagan_26067,blur_s0.5,gigagan,gigagan,1,0.45807427167892456,data\cache\clean\test\gigagan_26067\blur_s0.5.jpg
gigagan_26681,blur_s0.5,gigagan,gigagan,1,0.41677770018577576,data\cache\clean\test\gigagan_26681\blur_s0.5.jpg
gigagan_26982,blur_s0.5,gigagan,gigagan,1,0.28808268904685974,data\cache\clean\test\gigagan_26982\blur_s0.5.jpg
gigagan_27033,blur_s0.5,gigagan,gigagan,1,0.22496572136878967,data\cache\clean\test\gigagan_27033\blur_s0.5.jpg
gigagan_28336,blur_s0.5,gigagan,gigagan,1,0.2638374865055084,data\cache\clean\test\gigagan_28336\blur_s0.5.jpg
gigagan_28900,blur_s0.5,gigagan,gigagan,1,0.2019137740135193,data\cache\clean\test\gigagan_28900\blur_s0.5.jpg
gigagan_29456,blur_s0.5,gigagan,gigagan,1,0.2547520697116852,data\cache\clean\test\gigagan_29456\blur_s0.5.jpg
imagen3_045e6da6fd7f6fb0,blur_s0.5,imagen3,imagen3,1,0.0010238825343549252,data\cache\clean\test\imagen3_045e6da6fd7f6fb0\blur_s0.5.jpg
imagen3_13ed1f9391224848,blur_s0.5,imagen3,imagen3,1,0.029655056074261665,data\cache\clean\test\imagen3_13ed1f9391224848\blur_s0.5.jpg
imagen3_17643da56f35c6f7,blur_s0.5,imagen3,imagen3,1,0.00032495404593646526,data\cache\clean\test\imagen3_17643da56f35c6f7\blur_s0.5.jpg
imagen3_17919c9ffd792ad9,blur_s0.5,imagen3,imagen3,1,0.19200719892978668,data\cache\clean\test\imagen3_17919c9ffd792ad9\blur_s0.5.jpg
imagen3_24e64d19ddde11cb,blur_s0.5,imagen3,imagen3,1,0.04387311264872551,data\cache\clean\test\imagen3_24e64d19ddde11cb\blur_s0.5.jpg
imagen3_260ae6b06f1f50e2,blur_s0.5,imagen3,imagen3,1,0.000433590350439772,data\cache\clean\test\imagen3_260ae6b06f1f50e2\blur_s0.5.jpg
imagen3_2be4510162a8a76e,blur_s0.5,imagen3,imagen3,1,4.112504393560812e-05,data\cache\clean\test\imagen3_2be4510162a8a76e\blur_s0.5.jpg
imagen3_3403b18fc93acbfc,blur_s0.5,imagen3,imagen3,1,0.009548709727823734,data\cache\clean\test\imagen3_3403b18fc93acbfc\blur_s0.5.jpg
imagen3_44015,blur_s0.5,imagen3,imagen3,1,0.4837382733821869,data\cache\clean\test\imagen3_44015\blur_s0.5.jpg
imagen3_44075,blur_s0.5,imagen3,imagen3,1,0.16495409607887268,data\cache\clean\test\imagen3_44075\blur_s0.5.jpg
imagen3_44476,blur_s0.5,imagen3,imagen3,1,0.03381704166531563,data\cache\clean\test\imagen3_44476\blur_s0.5.jpg
imagen3_46922,blur_s0.5,imagen3,imagen3,1,0.04827933758497238,data\cache\clean\test\imagen3_46922\blur_s0.5.jpg
imagen3_473ffc5e3d5dc373,blur_s0.5,imagen3,imagen3,1,0.0001281763834413141,data\cache\clean\test\imagen3_473ffc5e3d5dc373\blur_s0.5.jpg
imagen3_51659,blur_s0.5,imagen3,imagen3,1,0.21424441039562225,data\cache\clean\test\imagen3_51659\blur_s0.5.jpg
imagen3_52520,blur_s0.5,imagen3,imagen3,1,0.20718693733215332,data\cache\clean\test\imagen3_52520\blur_s0.5.jpg
imagen3_53132,blur_s0.5,imagen3,imagen3,1,0.45729711651802063,data\cache\clean\test\imagen3_53132\blur_s0.5.jpg
imagen3_560ead164dab63a5,blur_s0.5,imagen3,imagen3,1,0.17782436311244965,data\cache\clean\test\imagen3_560ead164dab63a5\blur_s0.5.jpg
imagen3_5e95809bd47d157b,blur_s0.5,imagen3,imagen3,1,0.019042449072003365,data\cache\clean\test\imagen3_5e95809bd47d157b\blur_s0.5.jpg
imagen3_6a8270ea182a9194,blur_s0.5,imagen3,imagen3,1,0.004386166110634804,data\cache\clean\test\imagen3_6a8270ea182a9194\blur_s0.5.jpg
imagen3_6c7624322b04ce43,blur_s0.5,imagen3,imagen3,1,0.03850831836462021,data\cache\clean\test\imagen3_6c7624322b04ce43\blur_s0.5.jpg
imagen3_77fb2d4f372634f8,blur_s0.5,imagen3,imagen3,1,0.018775394186377525,data\cache\clean\test\imagen3_77fb2d4f372634f8\blur_s0.5.jpg
imagen3_7ee1485909c59826,blur_s0.5,imagen3,imagen3,1,0.015536805614829063,data\cache\clean\test\imagen3_7ee1485909c59826\blur_s0.5.jpg
imagen3_8b13dc3bff918841,blur_s0.5,imagen3,imagen3,1,0.04340164735913277,data\cache\clean\test\imagen3_8b13dc3bff918841\blur_s0.5.jpg
imagen3_8c20e4bf83ffff36,blur_s0.5,imagen3,imagen3,1,0.06606626510620117,data\cache\clean\test\imagen3_8c20e4bf83ffff36\blur_s0.5.jpg
imagen3_8e6f8acd28fd8f35,blur_s0.5,imagen3,imagen3,1,0.06763624399900436,data\cache\clean\test\imagen3_8e6f8acd28fd8f35\blur_s0.5.jpg
imagen3_9e82651e214a25c8,blur_s0.5,imagen3,imagen3,1,0.14583265781402588,data\cache\clean\test\imagen3_9e82651e214a25c8\blur_s0.5.jpg
imagen3_aa13646e437b7afa,blur_s0.5,imagen3,imagen3,1,0.14161375164985657,data\cache\clean\test\imagen3_aa13646e437b7afa\blur_s0.5.jpg
imagen3_ad860df8c2a1a848,blur_s0.5,imagen3,imagen3,1,0.01714305952191353,data\cache\clean\test\imagen3_ad860df8c2a1a848\blur_s0.5.jpg
imagen3_b69c9976ced306d1,blur_s0.5,imagen3,imagen3,1,0.029515644535422325,data\cache\clean\test\imagen3_b69c9976ced306d1\blur_s0.5.jpg
imagen3_ca44bb7db1e73a9a,blur_s0.5,imagen3,imagen3,1,0.0012648917036131024,data\cache\clean\test\imagen3_ca44bb7db1e73a9a\blur_s0.5.jpg
imagen3_d326e7c87fb1d966,blur_s0.5,imagen3,imagen3,1,0.22263745963573456,data\cache\clean\test\imagen3_d326e7c87fb1d966\blur_s0.5.jpg
imagen3_e63f3b6f8bdee43a,blur_s0.5,imagen3,imagen3,1,0.18532206118106842,data\cache\clean\test\imagen3_e63f3b6f8bdee43a\blur_s0.5.jpg
imagen3_eaf94916ce926270,blur_s0.5,imagen3,imagen3,1,0.09538423269987106,data\cache\clean\test\imagen3_eaf94916ce926270\blur_s0.5.jpg
imagen3_f2da05bffbe27dab,blur_s0.5,imagen3,imagen3,1,0.0396699383854866,data\cache\clean\test\imagen3_f2da05bffbe27dab\blur_s0.5.jpg
imagen3_fe7048efd51b15b8,blur_s0.5,imagen3,imagen3,1,0.2156747430562973,data\cache\clean\test\imagen3_fe7048efd51b15b8\blur_s0.5.jpg
imagen3_Imagen3_1208,blur_s0.5,imagen3,imagen3,1,0.0042838468216359615,data\cache\clean\test\imagen3_Imagen3_1208\blur_s0.5.jpg
imagen3_Imagen3_2403,blur_s0.5,imagen3,imagen3,1,0.28449517488479614,data\cache\clean\test\imagen3_Imagen3_2403\blur_s0.5.jpg
imagen3_Imagen3_3097,blur_s0.5,imagen3,imagen3,1,0.010601304471492767,data\cache\clean\test\imagen3_Imagen3_3097\blur_s0.5.jpg
sidset_full_synthetic_005710,blur_s0.5,sidset,full_synthetic,1,0.1519755721092224,data\cache\clean\test\sidset_full_synthetic_005710\blur_s0.5.jpg
sidset_full_synthetic_033528,blur_s0.5,sidset,full_synthetic,1,0.0014652760000899434,data\cache\clean\test\sidset_full_synthetic_033528\blur_s0.5.jpg
sidset_full_synthetic_040891,blur_s0.5,sidset,full_synthetic,1,0.3967072069644928,data\cache\clean\test\sidset_full_synthetic_040891\blur_s0.5.jpg
sidset_full_synthetic_042089,blur_s0.5,sidset,full_synthetic,1,0.3369141221046448,data\cache\clean\test\sidset_full_synthetic_042089\blur_s0.5.jpg
stylegan_xl_0097a2e24789bc7a,blur_s0.5,stylegan_xl,stylegan_xl,1,0.0042966208420693874,data\cache\clean\test\stylegan_xl_0097a2e24789bc7a\blur_s0.5.jpg
stylegan_xl_00a4591cf03df584,blur_s0.5,stylegan_xl,stylegan_xl,1,0.00015883176820352674,data\cache\clean\test\stylegan_xl_00a4591cf03df584\blur_s0.5.jpg
stylegan_xl_031391f1ab18ab62,blur_s0.5,stylegan_xl,stylegan_xl,1,0.03443402051925659,data\cache\clean\test\stylegan_xl_031391f1ab18ab62\blur_s0.5.jpg
stylegan_xl_0a4244f8a9185bad,blur_s0.5,stylegan_xl,stylegan_xl,1,0.23319754004478455,data\cache\clean\test\stylegan_xl_0a4244f8a9185bad\blur_s0.5.jpg
stylegan_xl_0f7efa4c31bcd8f4,blur_s0.5,stylegan_xl,stylegan_xl,1,0.010209565050899982,data\cache\clean\test\stylegan_xl_0f7efa4c31bcd8f4\blur_s0.5.jpg
stylegan_xl_1060d58257bc5130,blur_s0.5,stylegan_xl,stylegan_xl,1,0.0005788611597381532,data\cache\clean\test\stylegan_xl_1060d58257bc5130\blur_s0.5.jpg
stylegan_xl_1440252ff76f525f,blur_s0.5,stylegan_xl,stylegan_xl,1,0.30798861384391785,data\cache\clean\test\stylegan_xl_1440252ff76f525f\blur_s0.5.jpg
stylegan_xl_17f8bf0ef8d2f478,blur_s0.5,stylegan_xl,stylegan_xl,1,0.45830512046813965,data\cache\clean\test\stylegan_xl_17f8bf0ef8d2f478\blur_s0.5.jpg
stylegan_xl_2013fe0d44f84041,blur_s0.5,stylegan_xl,stylegan_xl,1,8.120905113173649e-05,data\cache\clean\test\stylegan_xl_2013fe0d44f84041\blur_s0.5.jpg
stylegan_xl_23273,blur_s0.5,stylegan_xl,stylegan_xl,1,0.4760934114456177,data\cache\clean\test\stylegan_xl_23273\blur_s0.5.jpg
stylegan_xl_324e332686aa6966,blur_s0.5,stylegan_xl,stylegan_xl,1,0.16317887604236603,data\cache\clean\test\stylegan_xl_324e332686aa6966\blur_s0.5.jpg
stylegan_xl_3621cf0be1fc8d68,blur_s0.5,stylegan_xl,stylegan_xl,1,0.19395790994167328,data\cache\clean\test\stylegan_xl_3621cf0be1fc8d68\blur_s0.5.jpg
stylegan_xl_38c489e3b0d8c700,blur_s0.5,stylegan_xl,stylegan_xl,1,0.07449471950531006,data\cache\clean\test\stylegan_xl_38c489e3b0d8c700\blur_s0.5.jpg
stylegan_xl_3b5e18f8fc06450d,blur_s0.5,stylegan_xl,stylegan_xl,1,0.005321485456079245,data\cache\clean\test\stylegan_xl_3b5e18f8fc06450d\blur_s0.5.jpg
stylegan_xl_44451,blur_s0.5,stylegan_xl,stylegan_xl,1,0.022296356037259102,data\cache\clean\test\stylegan_xl_44451\blur_s0.5.jpg
stylegan_xl_45081,blur_s0.5,stylegan_xl,stylegan_xl,1,0.001109544769860804,data\cache\clean\test\stylegan_xl_45081\blur_s0.5.jpg
stylegan_xl_45602,blur_s0.5,stylegan_xl,stylegan_xl,1,0.042585793882608414,data\cache\clean\test\stylegan_xl_45602\blur_s0.5.jpg
stylegan_xl_47014,blur_s0.5,stylegan_xl,stylegan_xl,1,0.10376980155706406,data\cache\clean\test\stylegan_xl_47014\blur_s0.5.jpg
stylegan_xl_47343,blur_s0.5,stylegan_xl,stylegan_xl,1,0.003702087327837944,data\cache\clean\test\stylegan_xl_47343\blur_s0.5.jpg
stylegan_xl_48611,blur_s0.5,stylegan_xl,stylegan_xl,1,0.010093417018651962,data\cache\clean\test\stylegan_xl_48611\blur_s0.5.jpg
stylegan_xl_48906,blur_s0.5,stylegan_xl,stylegan_xl,1,0.3698253631591797,data\cache\clean\test\stylegan_xl_48906\blur_s0.5.jpg
stylegan_xl_49074,blur_s0.5,stylegan_xl,stylegan_xl,1,0.1223951056599617,data\cache\clean\test\stylegan_xl_49074\blur_s0.5.jpg
stylegan_xl_4f991f9638e28675,blur_s0.5,stylegan_xl,stylegan_xl,1,0.0016961342189460993,data\cache\clean\test\stylegan_xl_4f991f9638e28675\blur_s0.5.jpg
stylegan_xl_50731,blur_s0.5,stylegan_xl,stylegan_xl,1,0.41970792412757874,data\cache\clean\test\stylegan_xl_50731\blur_s0.5.jpg
stylegan_xl_60ed9d3511d333bf,blur_s0.5,stylegan_xl,stylegan_xl,1,0.02690623514354229,data\cache\clean\test\stylegan_xl_60ed9d3511d333bf\blur_s0.5.jpg
stylegan_xl_65bb283a1280639e,blur_s0.5,stylegan_xl,stylegan_xl,1,0.4358031749725342,data\cache\clean\test\stylegan_xl_65bb283a1280639e\blur_s0.5.jpg
stylegan_xl_729fee52c5b7f95b,blur_s0.5,stylegan_xl,stylegan_xl,1,0.18718048930168152,data\cache\clean\test\stylegan_xl_729fee52c5b7f95b\blur_s0.5.jpg
stylegan_xl_7d433e90bcd7bd53,blur_s0.5,stylegan_xl,stylegan_xl,1,0.0013110969448462129,data\cache\clean\test\stylegan_xl_7d433e90bcd7bd53\blur_s0.5.jpg
stylegan_xl_7ffebe6032f8209f,blur_s0.5,stylegan_xl,stylegan_xl,1,0.04660056158900261,data\cache\clean\test\stylegan_xl_7ffebe6032f8209f\blur_s0.5.jpg
stylegan_xl_80fc8be6e7c11eb3,blur_s0.5,stylegan_xl,stylegan_xl,1,0.016401071101427078,data\cache\clean\test\stylegan_xl_80fc8be6e7c11eb3\blur_s0.5.jpg
stylegan_xl_8461b1ae87c22c20,blur_s0.5,stylegan_xl,stylegan_xl,1,0.18274232745170593,data\cache\clean\test\stylegan_xl_8461b1ae87c22c20\blur_s0.5.jpg
stylegan_xl_8f9dfd75dde8914f,blur_s0.5,stylegan_xl,stylegan_xl,1,0.15894806385040283,data\cache\clean\test\stylegan_xl_8f9dfd75dde8914f\blur_s0.5.jpg
stylegan_xl_a10d4a733f4df420,blur_s0.5,stylegan_xl,stylegan_xl,1,0.04851754009723663,data\cache\clean\test\stylegan_xl_a10d4a733f4df420\blur_s0.5.jpg
stylegan_xl_a1ed16fffc5ecb68,blur_s0.5,stylegan_xl,stylegan_xl,1,0.020506173372268677,data\cache\clean\test\stylegan_xl_a1ed16fffc5ecb68\blur_s0.5.jpg
stylegan_xl_a72f3ace10a8f550,blur_s0.5,stylegan_xl,stylegan_xl,1,0.002503375057131052,data\cache\clean\test\stylegan_xl_a72f3ace10a8f550\blur_s0.5.jpg
stylegan_xl_b6abe358484b287a,blur_s0.5,stylegan_xl,stylegan_xl,1,0.06168735772371292,data\cache\clean\test\stylegan_xl_b6abe358484b287a\blur_s0.5.jpg
stylegan_xl_bd69757ff485d03e,blur_s0.5,stylegan_xl,stylegan_xl,1,0.11045032739639282,data\cache\clean\test\stylegan_xl_bd69757ff485d03e\blur_s0.5.jpg
stylegan_xl_cccbc1d57a7e095e,blur_s0.5,stylegan_xl,stylegan_xl,1,0.01953100599348545,data\cache\clean\test\stylegan_xl_cccbc1d57a7e095e\blur_s0.5.jpg
stylegan_xl_cf9c332a1ebfb587,blur_s0.5,stylegan_xl,stylegan_xl,1,0.0370105504989624,data\cache\clean\test\stylegan_xl_cf9c332a1ebfb587\blur_s0.5.jpg
stylegan_xl_d7c4ece8c8a01de0,blur_s0.5,stylegan_xl,stylegan_xl,1,0.008256626315414906,data\cache\clean\test\stylegan_xl_d7c4ece8c8a01de0\blur_s0.5.jpg
stylegan_xl_e4b8e7ef72cabaf2,blur_s0.5,stylegan_xl,stylegan_xl,1,0.08312799036502838,data\cache\clean\test\stylegan_xl_e4b8e7ef72cabaf2\blur_s0.5.jpg
stylegan_xl_fef6a66b8deaa7ab,blur_s0.5,stylegan_xl,stylegan_xl,1,0.0022310735657811165,data\cache\clean\test\stylegan_xl_fef6a66b8deaa7ab\blur_s0.5.jpg
cifake_1028 (10),blur_s1.0,cifake,stable_diffusion,1,0.06986862421035767,data\cache\clean\test\cifake_1028 (10)\blur_s1.0.jpg
cifake_1088 (3),blur_s1.0,cifake,stable_diffusion,1,0.2113112360239029,data\cache\clean\test\cifake_1088 (3)\blur_s1.0.jpg
cifake_1867 (9),blur_s1.0,cifake,stable_diffusion,1,0.17935965955257416,data\cache\clean\test\cifake_1867 (9)\blur_s1.0.jpg
cifake_2293 (9),blur_s1.0,cifake,stable_diffusion,1,0.059857144951820374,data\cache\clean\test\cifake_2293 (9)\blur_s1.0.jpg
cifake_4221 (2),blur_s1.0,cifake,stable_diffusion,1,0.01779170148074627,data\cache\clean\test\cifake_4221 (2)\blur_s1.0.jpg
cifake_4615 (3),blur_s1.0,cifake,stable_diffusion,1,0.2845347821712494,data\cache\clean\test\cifake_4615 (3)\blur_s1.0.jpg
cifake_5110 (9),blur_s1.0,cifake,stable_diffusion,1,0.3743043541908264,data\cache\clean\test\cifake_5110 (9)\blur_s1.0.jpg
cifake_5607 (3),blur_s1.0,cifake,stable_diffusion,1,0.19424259662628174,data\cache\clean\test\cifake_5607 (3)\blur_s1.0.jpg
cifake_5943 (10),blur_s1.0,cifake,stable_diffusion,1,0.18433237075805664,data\cache\clean\test\cifake_5943 (10)\blur_s1.0.jpg
cifake_771 (8),blur_s1.0,cifake,stable_diffusion,1,0.2932797372341156,data\cache\clean\test\cifake_771 (8)\blur_s1.0.jpg
dalle_10420,blur_s1.0,dalle,dalle,1,0.0011166778858751059,data\cache\clean\test\dalle_10420\blur_s1.0.jpg
dalle_13108,blur_s1.0,dalle,dalle,1,0.19076615571975708,data\cache\clean\test\dalle_13108\blur_s1.0.jpg
dalle_18943,blur_s1.0,dalle,dalle,1,0.4829496741294861,data\cache\clean\test\dalle_18943\blur_s1.0.jpg
dalle_1895b86b74caac5dad51022c3d3b33df,blur_s1.0,dalle,dalle,1,0.00459964107722044,data\cache\clean\test\dalle_1895b86b74caac5dad51022c3d3b33df\blur_s1.0.jpg
dalle_19590,blur_s1.0,dalle,dalle,1,0.018683305010199547,data\cache\clean\test\dalle_19590\blur_s1.0.jpg
dalle_19962,blur_s1.0,dalle,dalle,1,0.021349985152482986,data\cache\clean\test\dalle_19962\blur_s1.0.jpg
dalle_20080,blur_s1.0,dalle,dalle,1,0.3563303053379059,data\cache\clean\test\dalle_20080\blur_s1.0.jpg
dalle_24299,blur_s1.0,dalle,dalle,1,0.4030705690383911,data\cache\clean\test\dalle_24299\blur_s1.0.jpg
dalle_26611,blur_s1.0,dalle,dalle,1,0.024866418913006783,data\cache\clean\test\dalle_26611\blur_s1.0.jpg
dalle_27029,blur_s1.0,dalle,dalle,1,0.12090327590703964,data\cache\clean\test\dalle_27029\blur_s1.0.jpg
dalle_33159,blur_s1.0,dalle,dalle,1,0.2438521832227707,data\cache\clean\test\dalle_33159\blur_s1.0.jpg
dalle_3469,blur_s1.0,dalle,dalle,1,0.3541010618209839,data\cache\clean\test\dalle_3469\blur_s1.0.jpg
dalle_35493,blur_s1.0,dalle,dalle,1,0.17296192049980164,data\cache\clean\test\dalle_35493\blur_s1.0.jpg
dalle_3c589aa7fd4a6705f1fd7918daf4ffb9,blur_s1.0,dalle,dalle,1,0.38293009996414185,data\cache\clean\test\dalle_3c589aa7fd4a6705f1fd7918daf4ffb9\blur_s1.0.jpg
dalle_40387,blur_s1.0,dalle,dalle,1,0.11617426574230194,data\cache\clean\test\dalle_40387\blur_s1.0.jpg
dalle_41791,blur_s1.0,dalle,dalle,1,0.023385033011436462,data\cache\clean\test\dalle_41791\blur_s1.0.jpg
dalle_41855,blur_s1.0,dalle,dalle,1,0.22750943899154663,data\cache\clean\test\dalle_41855\blur_s1.0.jpg
dalle_42344,blur_s1.0,dalle,dalle,1,0.12365981191396713,data\cache\clean\test\dalle_42344\blur_s1.0.jpg
dalle_568,blur_s1.0,dalle,dalle,1,0.20398426055908203,data\cache\clean\test\dalle_568\blur_s1.0.jpg
dalle_6481,blur_s1.0,dalle,dalle,1,0.3433176577091217,data\cache\clean\test\dalle_6481\blur_s1.0.jpg
dalle_6f0f61883f111368d770c54801f33449,blur_s1.0,dalle,dalle,1,0.00041790216346271336,data\cache\clean\test\dalle_6f0f61883f111368d770c54801f33449\blur_s1.0.jpg
dalle_8017,blur_s1.0,dalle,dalle,1,0.0023096774239093065,data\cache\clean\test\dalle_8017\blur_s1.0.jpg
dalle_9068,blur_s1.0,dalle,dalle,1,0.002798091620206833,data\cache\clean\test\dalle_9068\blur_s1.0.jpg
gigagan_02115,blur_s1.0,gigagan,gigagan,1,0.06320935487747192,data\cache\clean\test\gigagan_02115\blur_s1.0.jpg
gigagan_02490,blur_s1.0,gigagan,gigagan,1,0.11084964126348495,data\cache\clean\test\gigagan_02490\blur_s1.0.jpg
gigagan_03263,blur_s1.0,gigagan,gigagan,1,0.319942444562912,data\cache\clean\test\gigagan_03263\blur_s1.0.jpg
gigagan_03860,blur_s1.0,gigagan,gigagan,1,0.056652333587408066,data\cache\clean\test\gigagan_03860\blur_s1.0.jpg
gigagan_05061,blur_s1.0,gigagan,gigagan,1,0.12916108965873718,data\cache\clean\test\gigagan_05061\blur_s1.0.jpg
gigagan_05645,blur_s1.0,gigagan,gigagan,1,0.06074511632323265,data\cache\clean\test\gigagan_05645\blur_s1.0.jpg
gigagan_05738,blur_s1.0,gigagan,gigagan,1,0.058670155704021454,data\cache\clean\test\gigagan_05738\blur_s1.0.jpg
gigagan_06224,blur_s1.0,gigagan,gigagan,1,0.4324758052825928,data\cache\clean\test\gigagan_06224\blur_s1.0.jpg
gigagan_06628,blur_s1.0,gigagan,gigagan,1,0.07293184846639633,data\cache\clean\test\gigagan_06628\blur_s1.0.jpg
gigagan_07350,blur_s1.0,gigagan,gigagan,1,0.016707632690668106,data\cache\clean\test\gigagan_07350\blur_s1.0.jpg
gigagan_07909,blur_s1.0,gigagan,gigagan,1,0.03169065713882446,data\cache\clean\test\gigagan_07909\blur_s1.0.jpg
gigagan_08055,blur_s1.0,gigagan,gigagan,1,0.4802405834197998,data\cache\clean\test\gigagan_08055\blur_s1.0.jpg
gigagan_08351,blur_s1.0,gigagan,gigagan,1,0.4903462827205658,data\cache\clean\test\gigagan_08351\blur_s1.0.jpg
gigagan_08464,blur_s1.0,gigagan,gigagan,1,0.14761076867580414,data\cache\clean\test\gigagan_08464\blur_s1.0.jpg
gigagan_09026,blur_s1.0,gigagan,gigagan,1,0.055087946355342865,data\cache\clean\test\gigagan_09026\blur_s1.0.jpg
gigagan_09302,blur_s1.0,gigagan,gigagan,1,0.016874773427844048,data\cache\clean\test\gigagan_09302\blur_s1.0.jpg
gigagan_09458,blur_s1.0,gigagan,gigagan,1,0.27634119987487793,data\cache\clean\test\gigagan_09458\blur_s1.0.jpg
gigagan_10282,blur_s1.0,gigagan,gigagan,1,0.4757067859172821,data\cache\clean\test\gigagan_10282\blur_s1.0.jpg
gigagan_10769,blur_s1.0,gigagan,gigagan,1,0.012745530344545841,data\cache\clean\test\gigagan_10769\blur_s1.0.jpg
gigagan_10914,blur_s1.0,gigagan,gigagan,1,0.0007918189512565732,data\cache\clean\test\gigagan_10914\blur_s1.0.jpg
gigagan_11176,blur_s1.0,gigagan,gigagan,1,0.03769741207361221,data\cache\clean\test\gigagan_11176\blur_s1.0.jpg
gigagan_12104,blur_s1.0,gigagan,gigagan,1,0.3171830475330353,data\cache\clean\test\gigagan_12104\blur_s1.0.jpg
gigagan_12929,blur_s1.0,gigagan,gigagan,1,0.4873269200325012,data\cache\clean\test\gigagan_12929\blur_s1.0.jpg
gigagan_13110,blur_s1.0,gigagan,gigagan,1,0.46096718311309814,data\cache\clean\test\gigagan_13110\blur_s1.0.jpg
gigagan_14071,blur_s1.0,gigagan,gigagan,1,0.0010351750534027815,data\cache\clean\test\gigagan_14071\blur_s1.0.jpg
gigagan_14138,blur_s1.0,gigagan,gigagan,1,0.2800721824169159,data\cache\clean\test\gigagan_14138\blur_s1.0.jpg
gigagan_14909,blur_s1.0,gigagan,gigagan,1,0.0038550356402993202,data\cache\clean\test\gigagan_14909\blur_s1.0.jpg
gigagan_15561,blur_s1.0,gigagan,gigagan,1,0.041186120361089706,data\cache\clean\test\gigagan_15561\blur_s1.0.jpg
gigagan_16357,blur_s1.0,gigagan,gigagan,1,0.02697364054620266,data\cache\clean\test\gigagan_16357\blur_s1.0.jpg
gigagan_16966,blur_s1.0,gigagan,gigagan,1,0.01948622055351734,data\cache\clean\test\gigagan_16966\blur_s1.0.jpg
gigagan_17003,blur_s1.0,gigagan,gigagan,1,0.48987478017807007,data\cache\clean\test\gigagan_17003\blur_s1.0.jpg
gigagan_17057,blur_s1.0,gigagan,gigagan,1,0.33101198077201843,data\cache\clean\test\gigagan_17057\blur_s1.0.jpg
gigagan_17666,blur_s1.0,gigagan,gigagan,1,0.1634429544210434,data\cache\clean\test\gigagan_17666\blur_s1.0.jpg
gigagan_18037,blur_s1.0,gigagan,gigagan,1,0.2597784399986267,data\cache\clean\test\gigagan_18037\blur_s1.0.jpg
gigagan_18085,blur_s1.0,gigagan,gigagan,1,0.003548074048012495,data\cache\clean\test\gigagan_18085\blur_s1.0.jpg
gigagan_18143,blur_s1.0,gigagan,gigagan,1,0.24307331442832947,data\cache\clean\test\gigagan_18143\blur_s1.0.jpg
gigagan_18704,blur_s1.0,gigagan,gigagan,1,0.4126100242137909,data\cache\clean\test\gigagan_18704\blur_s1.0.jpg
gigagan_19055,blur_s1.0,gigagan,gigagan,1,0.41603150963783264,data\cache\clean\test\gigagan_19055\blur_s1.0.jpg
gigagan_19199,blur_s1.0,gigagan,gigagan,1,0.005750805605202913,data\cache\clean\test\gigagan_19199\blur_s1.0.jpg
gigagan_19248,blur_s1.0,gigagan,gigagan,1,0.16666725277900696,data\cache\clean\test\gigagan_19248\blur_s1.0.jpg
gigagan_19458,blur_s1.0,gigagan,gigagan,1,0.013270852155983448,data\cache\clean\test\gigagan_19458\blur_s1.0.jpg
gigagan_20207,blur_s1.0,gigagan,gigagan,1,0.06177159398794174,data\cache\clean\test\gigagan_20207\blur_s1.0.jpg
gigagan_20316,blur_s1.0,gigagan,gigagan,1,0.20205295085906982,data\cache\clean\test\gigagan_20316\blur_s1.0.jpg
gigagan_20327,blur_s1.0,gigagan,gigagan,1,0.0038665360771119595,data\cache\clean\test\gigagan_20327\blur_s1.0.jpg
gigagan_20516,blur_s1.0,gigagan,gigagan,1,0.28286993503570557,data\cache\clean\test\gigagan_20516\blur_s1.0.jpg
gigagan_20756,blur_s1.0,gigagan,gigagan,1,0.23502138257026672,data\cache\clean\test\gigagan_20756\blur_s1.0.jpg
gigagan_20968,blur_s1.0,gigagan,gigagan,1,0.23803730309009552,data\cache\clean\test\gigagan_20968\blur_s1.0.jpg
gigagan_21116,blur_s1.0,gigagan,gigagan,1,0.2873997390270233,data\cache\clean\test\gigagan_21116\blur_s1.0.jpg
gigagan_21166,blur_s1.0,gigagan,gigagan,1,0.07211675494909286,data\cache\clean\test\gigagan_21166\blur_s1.0.jpg
gigagan_21244,blur_s1.0,gigagan,gigagan,1,0.08426138758659363,data\cache\clean\test\gigagan_21244\blur_s1.0.jpg
gigagan_21611,blur_s1.0,gigagan,gigagan,1,0.09135539829730988,data\cache\clean\test\gigagan_21611\blur_s1.0.jpg
gigagan_22418,blur_s1.0,gigagan,gigagan,1,0.036625538021326065,data\cache\clean\test\gigagan_22418\blur_s1.0.jpg
gigagan_22533,blur_s1.0,gigagan,gigagan,1,0.08067969232797623,data\cache\clean\test\gigagan_22533\blur_s1.0.jpg
gigagan_22770,blur_s1.0,gigagan,gigagan,1,0.007627288810908794,data\cache\clean\test\gigagan_22770\blur_s1.0.jpg
gigagan_23134,blur_s1.0,gigagan,gigagan,1,7.2960456236614846e-06,data\cache\clean\test\gigagan_23134\blur_s1.0.jpg
gigagan_23834,blur_s1.0,gigagan,gigagan,1,0.0209555234760046,data\cache\clean\test\gigagan_23834\blur_s1.0.jpg
gigagan_24445,blur_s1.0,gigagan,gigagan,1,0.08038906753063202,data\cache\clean\test\gigagan_24445\blur_s1.0.jpg
gigagan_24679,blur_s1.0,gigagan,gigagan,1,0.04289195314049721,data\cache\clean\test\gigagan_24679\blur_s1.0.jpg
gigagan_24726,blur_s1.0,gigagan,gigagan,1,0.1818120777606964,data\cache\clean\test\gigagan_24726\blur_s1.0.jpg
gigagan_24933,blur_s1.0,gigagan,gigagan,1,0.02535601705312729,data\cache\clean\test\gigagan_24933\blur_s1.0.jpg
gigagan_25002,blur_s1.0,gigagan,gigagan,1,0.4110710322856903,data\cache\clean\test\gigagan_25002\blur_s1.0.jpg
gigagan_25090,blur_s1.0,gigagan,gigagan,1,0.002693619579076767,data\cache\clean\test\gigagan_25090\blur_s1.0.jpg
gigagan_25801,blur_s1.0,gigagan,gigagan,1,0.28746670484542847,data\cache\clean\test\gigagan_25801\blur_s1.0.jpg
gigagan_26067,blur_s1.0,gigagan,gigagan,1,0.07142485678195953,data\cache\clean\test\gigagan_26067\blur_s1.0.jpg
gigagan_26982,blur_s1.0,gigagan,gigagan,1,0.4229362905025482,data\cache\clean\test\gigagan_26982\blur_s1.0.jpg
gigagan_27033,blur_s1.0,gigagan,gigagan,1,0.1790802925825119,data\cache\clean\test\gigagan_27033\blur_s1.0.jpg
gigagan_28336,blur_s1.0,gigagan,gigagan,1,0.09583757072687149,data\cache\clean\test\gigagan_28336\blur_s1.0.jpg
gigagan_28900,blur_s1.0,gigagan,gigagan,1,0.10460047423839569,data\cache\clean\test\gigagan_28900\blur_s1.0.jpg
gigagan_29456,blur_s1.0,gigagan,gigagan,1,0.25253114104270935,data\cache\clean\test\gigagan_29456\blur_s1.0.jpg
imagen3_045e6da6fd7f6fb0,blur_s1.0,imagen3,imagen3,1,0.00149674026761204,data\cache\clean\test\imagen3_045e6da6fd7f6fb0\blur_s1.0.jpg
imagen3_13ed1f9391224848,blur_s1.0,imagen3,imagen3,1,0.023904284462332726,data\cache\clean\test\imagen3_13ed1f9391224848\blur_s1.0.jpg
imagen3_17643da56f35c6f7,blur_s1.0,imagen3,imagen3,1,0.0003962881746701896,data\cache\clean\test\imagen3_17643da56f35c6f7\blur_s1.0.jpg
imagen3_17919c9ffd792ad9,blur_s1.0,imagen3,imagen3,1,0.256934255361557,data\cache\clean\test\imagen3_17919c9ffd792ad9\blur_s1.0.jpg
imagen3_24e64d19ddde11cb,blur_s1.0,imagen3,imagen3,1,0.034426942467689514,data\cache\clean\test\imagen3_24e64d19ddde11cb\blur_s1.0.jpg
imagen3_260ae6b06f1f50e2,blur_s1.0,imagen3,imagen3,1,0.0005871665198355913,data\cache\clean\test\imagen3_260ae6b06f1f50e2\blur_s1.0.jpg
imagen3_2be4510162a8a76e,blur_s1.0,imagen3,imagen3,1,4.051003998029046e-05,data\cache\clean\test\imagen3_2be4510162a8a76e\blur_s1.0.jpg
imagen3_3403b18fc93acbfc,blur_s1.0,imagen3,imagen3,1,0.02340545877814293,data\cache\clean\test\imagen3_3403b18fc93acbfc\blur_s1.0.jpg
imagen3_44015,blur_s1.0,imagen3,imagen3,1,0.24444684386253357,data\cache\clean\test\imagen3_44015\blur_s1.0.jpg
imagen3_44075,blur_s1.0,imagen3,imagen3,1,0.15158869326114655,data\cache\clean\test\imagen3_44075\blur_s1.0.jpg
imagen3_44476,blur_s1.0,imagen3,imagen3,1,0.025934014469385147,data\cache\clean\test\imagen3_44476\blur_s1.0.jpg
imagen3_46922,blur_s1.0,imagen3,imagen3,1,0.06561720371246338,data\cache\clean\test\imagen3_46922\blur_s1.0.jpg
imagen3_473ffc5e3d5dc373,blur_s1.0,imagen3,imagen3,1,0.0001494656753493473,data\cache\clean\test\imagen3_473ffc5e3d5dc373\blur_s1.0.jpg
imagen3_51659,blur_s1.0,imagen3,imagen3,1,0.2880867123603821,data\cache\clean\test\imagen3_51659\blur_s1.0.jpg
imagen3_52520,blur_s1.0,imagen3,imagen3,1,0.11369046568870544,data\cache\clean\test\imagen3_52520\blur_s1.0.jpg
imagen3_560ead164dab63a5,blur_s1.0,imagen3,imagen3,1,0.29437410831451416,data\cache\clean\test\imagen3_560ead164dab63a5\blur_s1.0.jpg
imagen3_5e95809bd47d157b,blur_s1.0,imagen3,imagen3,1,0.02657036855816841,data\cache\clean\test\imagen3_5e95809bd47d157b\blur_s1.0.jpg
imagen3_6a8270ea182a9194,blur_s1.0,imagen3,imagen3,1,0.008478558622300625,data\cache\clean\test\imagen3_6a8270ea182a9194\blur_s1.0.jpg
imagen3_6c7624322b04ce43,blur_s1.0,imagen3,imagen3,1,0.02587955817580223,data\cache\clean\test\imagen3_6c7624322b04ce43\blur_s1.0.jpg
imagen3_77fb2d4f372634f8,blur_s1.0,imagen3,imagen3,1,0.023027870804071426,data\cache\clean\test\imagen3_77fb2d4f372634f8\blur_s1.0.jpg
imagen3_7ee1485909c59826,blur_s1.0,imagen3,imagen3,1,0.02365705370903015,data\cache\clean\test\imagen3_7ee1485909c59826\blur_s1.0.jpg
imagen3_8b13dc3bff918841,blur_s1.0,imagen3,imagen3,1,0.025887951254844666,data\cache\clean\test\imagen3_8b13dc3bff918841\blur_s1.0.jpg
imagen3_8c20e4bf83ffff36,blur_s1.0,imagen3,imagen3,1,0.026662632822990417,data\cache\clean\test\imagen3_8c20e4bf83ffff36\blur_s1.0.jpg
imagen3_8e6f8acd28fd8f35,blur_s1.0,imagen3,imagen3,1,0.09916738420724869,data\cache\clean\test\imagen3_8e6f8acd28fd8f35\blur_s1.0.jpg
imagen3_9e82651e214a25c8,blur_s1.0,imagen3,imagen3,1,0.18547113239765167,data\cache\clean\test\imagen3_9e82651e214a25c8\blur_s1.0.jpg
imagen3_a1b5be9a5f0d1f7a,blur_s1.0,imagen3,imagen3,1,0.19133701920509338,data\cache\clean\test\imagen3_a1b5be9a5f0d1f7a\blur_s1.0.jpg
imagen3_aa13646e437b7afa,blur_s1.0,imagen3,imagen3,1,0.22248348593711853,data\cache\clean\test\imagen3_aa13646e437b7afa\blur_s1.0.jpg
imagen3_ad860df8c2a1a848,blur_s1.0,imagen3,imagen3,1,0.020711462944746017,data\cache\clean\test\imagen3_ad860df8c2a1a848\blur_s1.0.jpg
imagen3_b69c9976ced306d1,blur_s1.0,imagen3,imagen3,1,0.036100126802921295,data\cache\clean\test\imagen3_b69c9976ced306d1\blur_s1.0.jpg
imagen3_ca44bb7db1e73a9a,blur_s1.0,imagen3,imagen3,1,0.0012016223045066,data\cache\clean\test\imagen3_ca44bb7db1e73a9a\blur_s1.0.jpg
imagen3_d326e7c87fb1d966,blur_s1.0,imagen3,imagen3,1,0.23640687763690948,data\cache\clean\test\imagen3_d326e7c87fb1d966\blur_s1.0.jpg
imagen3_e63f3b6f8bdee43a,blur_s1.0,imagen3,imagen3,1,0.18897223472595215,data\cache\clean\test\imagen3_e63f3b6f8bdee43a\blur_s1.0.jpg
imagen3_eaf94916ce926270,blur_s1.0,imagen3,imagen3,1,0.1139649897813797,data\cache\clean\test\imagen3_eaf94916ce926270\blur_s1.0.jpg
imagen3_f2da05bffbe27dab,blur_s1.0,imagen3,imagen3,1,0.058886583894491196,data\cache\clean\test\imagen3_f2da05bffbe27dab\blur_s1.0.jpg
imagen3_fe7048efd51b15b8,blur_s1.0,imagen3,imagen3,1,0.20609618723392487,data\cache\clean\test\imagen3_fe7048efd51b15b8\blur_s1.0.jpg
imagen3_Imagen3_1208,blur_s1.0,imagen3,imagen3,1,0.003344085766002536,data\cache\clean\test\imagen3_Imagen3_1208\blur_s1.0.jpg
imagen3_Imagen3_2403,blur_s1.0,imagen3,imagen3,1,0.05608942732214928,data\cache\clean\test\imagen3_Imagen3_2403\blur_s1.0.jpg
imagen3_Imagen3_3085,blur_s1.0,imagen3,imagen3,1,0.3722960650920868,data\cache\clean\test\imagen3_Imagen3_3085\blur_s1.0.jpg
imagen3_Imagen3_3097,blur_s1.0,imagen3,imagen3,1,0.015279598534107208,data\cache\clean\test\imagen3_Imagen3_3097\blur_s1.0.jpg
sidset_full_synthetic_005710,blur_s1.0,sidset,full_synthetic,1,0.09610393643379211,data\cache\clean\test\sidset_full_synthetic_005710\blur_s1.0.jpg
sidset_full_synthetic_033528,blur_s1.0,sidset,full_synthetic,1,0.001192366937175393,data\cache\clean\test\sidset_full_synthetic_033528\blur_s1.0.jpg
sidset_full_synthetic_040891,blur_s1.0,sidset,full_synthetic,1,0.33278512954711914,data\cache\clean\test\sidset_full_synthetic_040891\blur_s1.0.jpg
sidset_full_synthetic_042089,blur_s1.0,sidset,full_synthetic,1,0.363157719373703,data\cache\clean\test\sidset_full_synthetic_042089\blur_s1.0.jpg
stylegan_xl_0097a2e24789bc7a,blur_s1.0,stylegan_xl,stylegan_xl,1,0.0053624059073626995,data\cache\clean\test\stylegan_xl_0097a2e24789bc7a\blur_s1.0.jpg
stylegan_xl_00a4591cf03df584,blur_s1.0,stylegan_xl,stylegan_xl,1,0.00018885184545069933,data\cache\clean\test\stylegan_xl_00a4591cf03df584\blur_s1.0.jpg
stylegan_xl_031391f1ab18ab62,blur_s1.0,stylegan_xl,stylegan_xl,1,0.026319945231080055,data\cache\clean\test\stylegan_xl_031391f1ab18ab62\blur_s1.0.jpg
stylegan_xl_0a4244f8a9185bad,blur_s1.0,stylegan_xl,stylegan_xl,1,0.24584105610847473,data\cache\clean\test\stylegan_xl_0a4244f8a9185bad\blur_s1.0.jpg
stylegan_xl_0f7efa4c31bcd8f4,blur_s1.0,stylegan_xl,stylegan_xl,1,0.02844083309173584,data\cache\clean\test\stylegan_xl_0f7efa4c31bcd8f4\blur_s1.0.jpg
stylegan_xl_1060d58257bc5130,blur_s1.0,stylegan_xl,stylegan_xl,1,0.001193599309772253,data\cache\clean\test\stylegan_xl_1060d58257bc5130\blur_s1.0.jpg
stylegan_xl_1440252ff76f525f,blur_s1.0,stylegan_xl,stylegan_xl,1,0.29229971766471863,data\cache\clean\test\stylegan_xl_1440252ff76f525f\blur_s1.0.jpg
stylegan_xl_2013fe0d44f84041,blur_s1.0,stylegan_xl,stylegan_xl,1,4.557154534268193e-05,data\cache\clean\test\stylegan_xl_2013fe0d44f84041\blur_s1.0.jpg
stylegan_xl_21210,blur_s1.0,stylegan_xl,stylegan_xl,1,0.4717412292957306,data\cache\clean\test\stylegan_xl_21210\blur_s1.0.jpg
stylegan_xl_23273,blur_s1.0,stylegan_xl,stylegan_xl,1,0.23638617992401123,data\cache\clean\test\stylegan_xl_23273\blur_s1.0.jpg
stylegan_xl_324e332686aa6966,blur_s1.0,stylegan_xl,stylegan_xl,1,0.14225272834300995,data\cache\clean\test\stylegan_xl_324e332686aa6966\blur_s1.0.jpg
stylegan_xl_3621cf0be1fc8d68,blur_s1.0,stylegan_xl,stylegan_xl,1,0.2122010439634323,data\cache\clean\test\stylegan_xl_3621cf0be1fc8d68\blur_s1.0.jpg
stylegan_xl_38c489e3b0d8c700,blur_s1.0,stylegan_xl,stylegan_xl,1,0.08781417459249496,data\cache\clean\test\stylegan_xl_38c489e3b0d8c700\blur_s1.0.jpg
stylegan_xl_3b5e18f8fc06450d,blur_s1.0,stylegan_xl,stylegan_xl,1,0.010078800842165947,data\cache\clean\test\stylegan_xl_3b5e18f8fc06450d\blur_s1.0.jpg
stylegan_xl_44451,blur_s1.0,stylegan_xl,stylegan_xl,1,0.145638108253479,data\cache\clean\test\stylegan_xl_44451\blur_s1.0.jpg
stylegan_xl_45081,blur_s1.0,stylegan_xl,stylegan_xl,1,0.0013077148469164968,data\cache\clean\test\stylegan_xl_45081\blur_s1.0.jpg
stylegan_xl_45602,blur_s1.0,stylegan_xl,stylegan_xl,1,0.03153883293271065,data\cache\clean\test\stylegan_xl_45602\blur_s1.0.jpg
stylegan_xl_47014,blur_s1.0,stylegan_xl,stylegan_xl,1,0.09334387630224228,data\cache\clean\test\stylegan_xl_47014\blur_s1.0.jpg
stylegan_xl_47343,blur_s1.0,stylegan_xl,stylegan_xl,1,0.003028122941032052,data\cache\clean\test\stylegan_xl_47343\blur_s1.0.jpg
stylegan_xl_48611,blur_s1.0,stylegan_xl,stylegan_xl,1,0.01055738516151905,data\cache\clean\test\stylegan_xl_48611\blur_s1.0.jpg
stylegan_xl_48906,blur_s1.0,stylegan_xl,stylegan_xl,1,0.4249977767467499,data\cache\clean\test\stylegan_xl_48906\blur_s1.0.jpg
stylegan_xl_49074,blur_s1.0,stylegan_xl,stylegan_xl,1,0.1875309944152832,data\cache\clean\test\stylegan_xl_49074\blur_s1.0.jpg
stylegan_xl_4f991f9638e28675,blur_s1.0,stylegan_xl,stylegan_xl,1,0.0013967673294246197,data\cache\clean\test\stylegan_xl_4f991f9638e28675\blur_s1.0.jpg
stylegan_xl_50731,blur_s1.0,stylegan_xl,stylegan_xl,1,0.3156002163887024,data\cache\clean\test\stylegan_xl_50731\blur_s1.0.jpg
stylegan_xl_60ed9d3511d333bf,blur_s1.0,stylegan_xl,stylegan_xl,1,0.023195460438728333,data\cache\clean\test\stylegan_xl_60ed9d3511d333bf\blur_s1.0.jpg
stylegan_xl_729fee52c5b7f95b,blur_s1.0,stylegan_xl,stylegan_xl,1,0.23060227930545807,data\cache\clean\test\stylegan_xl_729fee52c5b7f95b\blur_s1.0.jpg
stylegan_xl_7d433e90bcd7bd53,blur_s1.0,stylegan_xl,stylegan_xl,1,0.003103635273873806,data\cache\clean\test\stylegan_xl_7d433e90bcd7bd53\blur_s1.0.jpg
stylegan_xl_7ffebe6032f8209f,blur_s1.0,stylegan_xl,stylegan_xl,1,0.07062549889087677,data\cache\clean\test\stylegan_xl_7ffebe6032f8209f\blur_s1.0.jpg
stylegan_xl_80fc8be6e7c11eb3,blur_s1.0,stylegan_xl,stylegan_xl,1,0.0160098597407341,data\cache\clean\test\stylegan_xl_80fc8be6e7c11eb3\blur_s1.0.jpg
stylegan_xl_8461b1ae87c22c20,blur_s1.0,stylegan_xl,stylegan_xl,1,0.18953432142734528,data\cache\clean\test\stylegan_xl_8461b1ae87c22c20\blur_s1.0.jpg
stylegan_xl_8f9dfd75dde8914f,blur_s1.0,stylegan_xl,stylegan_xl,1,0.13092729449272156,data\cache\clean\test\stylegan_xl_8f9dfd75dde8914f\blur_s1.0.jpg
stylegan_xl_a10d4a733f4df420,blur_s1.0,stylegan_xl,stylegan_xl,1,0.0366777703166008,data\cache\clean\test\stylegan_xl_a10d4a733f4df420\blur_s1.0.jpg
stylegan_xl_a1ed16fffc5ecb68,blur_s1.0,stylegan_xl,stylegan_xl,1,0.01918596588075161,data\cache\clean\test\stylegan_xl_a1ed16fffc5ecb68\blur_s1.0.jpg
stylegan_xl_a72f3ace10a8f550,blur_s1.0,stylegan_xl,stylegan_xl,1,0.0029151758644729853,data\cache\clean\test\stylegan_xl_a72f3ace10a8f550\blur_s1.0.jpg
stylegan_xl_b6abe358484b287a,blur_s1.0,stylegan_xl,stylegan_xl,1,0.06142047420144081,data\cache\clean\test\stylegan_xl_b6abe358484b287a\blur_s1.0.jpg
stylegan_xl_bd69757ff485d03e,blur_s1.0,stylegan_xl,stylegan_xl,1,0.09990628808736801,data\cache\clean\test\stylegan_xl_bd69757ff485d03e\blur_s1.0.jpg
stylegan_xl_cccbc1d57a7e095e,blur_s1.0,stylegan_xl,stylegan_xl,1,0.02313779480755329,data\cache\clean\test\stylegan_xl_cccbc1d57a7e095e\blur_s1.0.jpg
stylegan_xl_cf9c332a1ebfb587,blur_s1.0,stylegan_xl,stylegan_xl,1,0.03360898420214653,data\cache\clean\test\stylegan_xl_cf9c332a1ebfb587\blur_s1.0.jpg
stylegan_xl_d7c4ece8c8a01de0,blur_s1.0,stylegan_xl,stylegan_xl,1,0.004448671359568834,data\cache\clean\test\stylegan_xl_d7c4ece8c8a01de0\blur_s1.0.jpg
stylegan_xl_e4b8e7ef72cabaf2,blur_s1.0,stylegan_xl,stylegan_xl,1,0.09361810237169266,data\cache\clean\test\stylegan_xl_e4b8e7ef72cabaf2\blur_s1.0.jpg
stylegan_xl_fef6a66b8deaa7ab,blur_s1.0,stylegan_xl,stylegan_xl,1,0.003369796322658658,data\cache\clean\test\stylegan_xl_fef6a66b8deaa7ab\blur_s1.0.jpg
cifake_1028 (10),blur_s2.0,cifake,stable_diffusion,1,0.0610269270837307,data\cache\clean\test\cifake_1028 (10)\blur_s2.0.jpg
cifake_1088 (3),blur_s2.0,cifake,stable_diffusion,1,0.18180729448795319,data\cache\clean\test\cifake_1088 (3)\blur_s2.0.jpg
cifake_1867 (9),blur_s2.0,cifake,stable_diffusion,1,0.13988731801509857,data\cache\clean\test\cifake_1867 (9)\blur_s2.0.jpg
cifake_2293 (9),blur_s2.0,cifake,stable_diffusion,1,0.05567806586623192,data\cache\clean\test\cifake_2293 (9)\blur_s2.0.jpg
cifake_2850 (3),blur_s2.0,cifake,stable_diffusion,1,0.4871288239955902,data\cache\clean\test\cifake_2850 (3)\blur_s2.0.jpg
cifake_4221 (2),blur_s2.0,cifake,stable_diffusion,1,0.016946356743574142,data\cache\clean\test\cifake_4221 (2)\blur_s2.0.jpg
cifake_4615 (3),blur_s2.0,cifake,stable_diffusion,1,0.26965653896331787,data\cache\clean\test\cifake_4615 (3)\blur_s2.0.jpg
cifake_5110 (9),blur_s2.0,cifake,stable_diffusion,1,0.3017939329147339,data\cache\clean\test\cifake_5110 (9)\blur_s2.0.jpg
cifake_5607 (3),blur_s2.0,cifake,stable_diffusion,1,0.1432395726442337,data\cache\clean\test\cifake_5607 (3)\blur_s2.0.jpg
cifake_5943 (10),blur_s2.0,cifake,stable_diffusion,1,0.1325719952583313,data\cache\clean\test\cifake_5943 (10)\blur_s2.0.jpg
cifake_771 (8),blur_s2.0,cifake,stable_diffusion,1,0.17220059037208557,data\cache\clean\test\cifake_771 (8)\blur_s2.0.jpg
dalle_10420,blur_s2.0,dalle,dalle,1,0.0012987506343051791,data\cache\clean\test\dalle_10420\blur_s2.0.jpg
dalle_12171,blur_s2.0,dalle,dalle,1,0.33052343130111694,data\cache\clean\test\dalle_12171\blur_s2.0.jpg
dalle_13820,blur_s2.0,dalle,dalle,1,0.27611735463142395,data\cache\clean\test\dalle_13820\blur_s2.0.jpg
dalle_18943,blur_s2.0,dalle,dalle,1,0.045921385288238525,data\cache\clean\test\dalle_18943\blur_s2.0.jpg
dalle_1895b86b74caac5dad51022c3d3b33df,blur_s2.0,dalle,dalle,1,0.11215708404779434,data\cache\clean\test\dalle_1895b86b74caac5dad51022c3d3b33df\blur_s2.0.jpg
dalle_19590,blur_s2.0,dalle,dalle,1,0.015337980352342129,data\cache\clean\test\dalle_19590\blur_s2.0.jpg
dalle_19962,blur_s2.0,dalle,dalle,1,0.006637920159846544,data\cache\clean\test\dalle_19962\blur_s2.0.jpg
dalle_20080,blur_s2.0,dalle,dalle,1,0.18842171132564545,data\cache\clean\test\dalle_20080\blur_s2.0.jpg
dalle_24299,blur_s2.0,dalle,dalle,1,0.18883363902568817,data\cache\clean\test\dalle_24299\blur_s2.0.jpg
dalle_24310,blur_s2.0,dalle,dalle,1,0.448657751083374,data\cache\clean\test\dalle_24310\blur_s2.0.jpg
dalle_26611,blur_s2.0,dalle,dalle,1,0.005236980505287647,data\cache\clean\test\dalle_26611\blur_s2.0.jpg
dalle_27029,blur_s2.0,dalle,dalle,1,0.19865189492702484,data\cache\clean\test\dalle_27029\blur_s2.0.jpg
dalle_28652,blur_s2.0,dalle,dalle,1,0.3594532012939453,data\cache\clean\test\dalle_28652\blur_s2.0.jpg
dalle_31667,blur_s2.0,dalle,dalle,1,0.4516260623931885,data\cache\clean\test\dalle_31667\blur_s2.0.jpg
dalle_33159,blur_s2.0,dalle,dalle,1,0.2942567467689514,data\cache\clean\test\dalle_33159\blur_s2.0.jpg
dalle_33250,blur_s2.0,dalle,dalle,1,0.3212718367576599,data\cache\clean\test\dalle_33250\blur_s2.0.jpg
dalle_35493,blur_s2.0,dalle,dalle,1,0.3327188491821289,data\cache\clean\test\dalle_35493\blur_s2.0.jpg
dalle_36430,blur_s2.0,dalle,dalle,1,0.34159189462661743,data\cache\clean\test\dalle_36430\blur_s2.0.jpg
dalle_40387,blur_s2.0,dalle,dalle,1,0.020869014784693718,data\cache\clean\test\dalle_40387\blur_s2.0.jpg
dalle_41791,blur_s2.0,dalle,dalle,1,0.02038716897368431,data\cache\clean\test\dalle_41791\blur_s2.0.jpg
dalle_41855,blur_s2.0,dalle,dalle,1,0.045296087861061096,data\cache\clean\test\dalle_41855\blur_s2.0.jpg
dalle_42344,blur_s2.0,dalle,dalle,1,0.2685382068157196,data\cache\clean\test\dalle_42344\blur_s2.0.jpg
dalle_568,blur_s2.0,dalle,dalle,1,0.35345956683158875,data\cache\clean\test\dalle_568\blur_s2.0.jpg
dalle_6481,blur_s2.0,dalle,dalle,1,0.1019345372915268,data\cache\clean\test\dalle_6481\blur_s2.0.jpg
dalle_6f0f61883f111368d770c54801f33449,blur_s2.0,dalle,dalle,1,0.0012994224671274424,data\cache\clean\test\dalle_6f0f61883f111368d770c54801f33449\blur_s2.0.jpg
dalle_733,blur_s2.0,dalle,dalle,1,0.4824942350387573,data\cache\clean\test\dalle_733\blur_s2.0.jpg
dalle_7803,blur_s2.0,dalle,dalle,1,0.46849745512008667,data\cache\clean\test\dalle_7803\blur_s2.0.jpg
dalle_8017,blur_s2.0,dalle,dalle,1,0.006543783005326986,data\cache\clean\test\dalle_8017\blur_s2.0.jpg
dalle_9068,blur_s2.0,dalle,dalle,1,0.045671578496694565,data\cache\clean\test\dalle_9068\blur_s2.0.jpg
dalle_fcb663a4c7f01f5a548e4c1088d00a91,blur_s2.0,dalle,dalle,1,0.41768938302993774,data\cache\clean\test\dalle_fcb663a4c7f01f5a548e4c1088d00a91\blur_s2.0.jpg
gigagan_02115,blur_s2.0,gigagan,gigagan,1,0.3779876232147217,data\cache\clean\test\gigagan_02115\blur_s2.0.jpg
gigagan_02490,blur_s2.0,gigagan,gigagan,1,0.029509225860238075,data\cache\clean\test\gigagan_02490\blur_s2.0.jpg
gigagan_03236,blur_s2.0,gigagan,gigagan,1,0.3904068171977997,data\cache\clean\test\gigagan_03236\blur_s2.0.jpg
gigagan_03263,blur_s2.0,gigagan,gigagan,1,0.1181250810623169,data\cache\clean\test\gigagan_03263\blur_s2.0.jpg
gigagan_03860,blur_s2.0,gigagan,gigagan,1,0.11298292875289917,data\cache\clean\test\gigagan_03860\blur_s2.0.jpg
gigagan_05061,blur_s2.0,gigagan,gigagan,1,0.06379356980323792,data\cache\clean\test\gigagan_05061\blur_s2.0.jpg
gigagan_05645,blur_s2.0,gigagan,gigagan,1,0.09001392871141434,data\cache\clean\test\gigagan_05645\blur_s2.0.jpg
gigagan_05738,blur_s2.0,gigagan,gigagan,1,0.045626383274793625,data\cache\clean\test\gigagan_05738\blur_s2.0.jpg
gigagan_05849,blur_s2.0,gigagan,gigagan,1,0.0739751011133194,data\cache\clean\test\gigagan_05849\blur_s2.0.jpg
gigagan_06526,blur_s2.0,gigagan,gigagan,1,0.32638686895370483,data\cache\clean\test\gigagan_06526\blur_s2.0.jpg
gigagan_06628,blur_s2.0,gigagan,gigagan,1,0.18222634494304657,data\cache\clean\test\gigagan_06628\blur_s2.0.jpg
gigagan_07177,blur_s2.0,gigagan,gigagan,1,0.4303600788116455,data\cache\clean\test\gigagan_07177\blur_s2.0.jpg
gigagan_07350,blur_s2.0,gigagan,gigagan,1,0.030669838190078735,data\cache\clean\test\gigagan_07350\blur_s2.0.jpg
gigagan_07404,blur_s2.0,gigagan,gigagan,1,0.3342146575450897,data\cache\clean\test\gigagan_07404\blur_s2.0.jpg
gigagan_07676,blur_s2.0,gigagan,gigagan,1,0.3766547739505768,data\cache\clean\test\gigagan_07676\blur_s2.0.jpg
gigagan_07909,blur_s2.0,gigagan,gigagan,1,0.11377140879631042,data\cache\clean\test\gigagan_07909\blur_s2.0.jpg
gigagan_08055,blur_s2.0,gigagan,gigagan,1,0.2779608368873596,data\cache\clean\test\gigagan_08055\blur_s2.0.jpg
gigagan_08351,blur_s2.0,gigagan,gigagan,1,0.4542076587677002,data\cache\clean\test\gigagan_08351\blur_s2.0.jpg
gigagan_08464,blur_s2.0,gigagan,gigagan,1,0.07145184278488159,data\cache\clean\test\gigagan_08464\blur_s2.0.jpg
gigagan_08561,blur_s2.0,gigagan,gigagan,1,0.2422109991312027,data\cache\clean\test\gigagan_08561\blur_s2.0.jpg
gigagan_09026,blur_s2.0,gigagan,gigagan,1,0.0341949500143528,data\cache\clean\test\gigagan_09026\blur_s2.0.jpg
gigagan_09302,blur_s2.0,gigagan,gigagan,1,0.05830439552664757,data\cache\clean\test\gigagan_09302\blur_s2.0.jpg
gigagan_09418,blur_s2.0,gigagan,gigagan,1,0.48417899012565613,data\cache\clean\test\gigagan_09418\blur_s2.0.jpg
gigagan_10282,blur_s2.0,gigagan,gigagan,1,0.22132046520709991,data\cache\clean\test\gigagan_10282\blur_s2.0.jpg
gigagan_10769,blur_s2.0,gigagan,gigagan,1,0.031513020396232605,data\cache\clean\test\gigagan_10769\blur_s2.0.jpg
gigagan_10914,blur_s2.0,gigagan,gigagan,1,0.0008055496145971119,data\cache\clean\test\gigagan_10914\blur_s2.0.jpg
gigagan_11176,blur_s2.0,gigagan,gigagan,1,0.01709350384771824,data\cache\clean\test\gigagan_11176\blur_s2.0.jpg
gigagan_12104,blur_s2.0,gigagan,gigagan,1,0.09194931387901306,data\cache\clean\test\gigagan_12104\blur_s2.0.jpg
gigagan_13110,blur_s2.0,gigagan,gigagan,1,0.47862863540649414,data\cache\clean\test\gigagan_13110\blur_s2.0.jpg
gigagan_14071,blur_s2.0,gigagan,gigagan,1,0.0010802735341712832,data\cache\clean\test\gigagan_14071\blur_s2.0.jpg
gigagan_14138,blur_s2.0,gigagan,gigagan,1,0.371391236782074,data\cache\clean\test\gigagan_14138\blur_s2.0.jpg
gigagan_14909,blur_s2.0,gigagan,gigagan,1,0.002558087930083275,data\cache\clean\test\gigagan_14909\blur_s2.0.jpg
gigagan_15355,blur_s2.0,gigagan,gigagan,1,0.15796175599098206,data\cache\clean\test\gigagan_15355\blur_s2.0.jpg
gigagan_15454,blur_s2.0,gigagan,gigagan,1,0.23203504085540771,data\cache\clean\test\gigagan_15454\blur_s2.0.jpg
gigagan_15561,blur_s2.0,gigagan,gigagan,1,0.4501872956752777,data\cache\clean\test\gigagan_15561\blur_s2.0.jpg
gigagan_15949,blur_s2.0,gigagan,gigagan,1,0.4003928303718567,data\cache\clean\test\gigagan_15949\blur_s2.0.jpg
gigagan_16357,blur_s2.0,gigagan,gigagan,1,0.04142896458506584,data\cache\clean\test\gigagan_16357\blur_s2.0.jpg
gigagan_16966,blur_s2.0,gigagan,gigagan,1,0.04314276948571205,data\cache\clean\test\gigagan_16966\blur_s2.0.jpg
gigagan_17003,blur_s2.0,gigagan,gigagan,1,0.11572899669408798,data\cache\clean\test\gigagan_17003\blur_s2.0.jpg
gigagan_17057,blur_s2.0,gigagan,gigagan,1,0.441430926322937,data\cache\clean\test\gigagan_17057\blur_s2.0.jpg
gigagan_17666,blur_s2.0,gigagan,gigagan,1,0.16809111833572388,data\cache\clean\test\gigagan_17666\blur_s2.0.jpg
gigagan_18085,blur_s2.0,gigagan,gigagan,1,0.009998691268265247,data\cache\clean\test\gigagan_18085\blur_s2.0.jpg
gigagan_18143,blur_s2.0,gigagan,gigagan,1,0.1532435119152069,data\cache\clean\test\gigagan_18143\blur_s2.0.jpg
gigagan_18704,blur_s2.0,gigagan,gigagan,1,0.25281277298927307,data\cache\clean\test\gigagan_18704\blur_s2.0.jpg
gigagan_19199,blur_s2.0,gigagan,gigagan,1,0.011652895249426365,data\cache\clean\test\gigagan_19199\blur_s2.0.jpg
gigagan_19248,blur_s2.0,gigagan,gigagan,1,0.008157150819897652,data\cache\clean\test\gigagan_19248\blur_s2.0.jpg
gigagan_19458,blur_s2.0,gigagan,gigagan,1,0.008967680856585503,data\cache\clean\test\gigagan_19458\blur_s2.0.jpg
gigagan_20207,blur_s2.0,gigagan,gigagan,1,0.03165612742304802,data\cache\clean\test\gigagan_20207\blur_s2.0.jpg
gigagan_20316,blur_s2.0,gigagan,gigagan,1,0.04290232062339783,data\cache\clean\test\gigagan_20316\blur_s2.0.jpg
gigagan_20327,blur_s2.0,gigagan,gigagan,1,0.010660323314368725,data\cache\clean\test\gigagan_20327\blur_s2.0.jpg
gigagan_20516,blur_s2.0,gigagan,gigagan,1,0.25604286789894104,data\cache\clean\test\gigagan_20516\blur_s2.0.jpg
gigagan_20756,blur_s2.0,gigagan,gigagan,1,0.069593146443367,data\cache\clean\test\gigagan_20756\blur_s2.0.jpg
gigagan_20968,blur_s2.0,gigagan,gigagan,1,0.2943722903728485,data\cache\clean\test\gigagan_20968\blur_s2.0.jpg
gigagan_21116,blur_s2.0,gigagan,gigagan,1,0.06703613698482513,data\cache\clean\test\gigagan_21116\blur_s2.0.jpg
gigagan_21166,blur_s2.0,gigagan,gigagan,1,0.006563851609826088,data\cache\clean\test\gigagan_21166\blur_s2.0.jpg
gigagan_21244,blur_s2.0,gigagan,gigagan,1,0.09923633188009262,data\cache\clean\test\gigagan_21244\blur_s2.0.jpg
gigagan_21611,blur_s2.0,gigagan,gigagan,1,0.08492507040500641,data\cache\clean\test\gigagan_21611\blur_s2.0.jpg
gigagan_22294,blur_s2.0,gigagan,gigagan,1,0.4750853180885315,data\cache\clean\test\gigagan_22294\blur_s2.0.jpg
gigagan_22418,blur_s2.0,gigagan,gigagan,1,0.07793235778808594,data\cache\clean\test\gigagan_22418\blur_s2.0.jpg
gigagan_22533,blur_s2.0,gigagan,gigagan,1,0.33236613869667053,data\cache\clean\test\gigagan_22533\blur_s2.0.jpg
gigagan_22770,blur_s2.0,gigagan,gigagan,1,0.004972672089934349,data\cache\clean\test\gigagan_22770\blur_s2.0.jpg
gigagan_23134,blur_s2.0,gigagan,gigagan,1,2.7740907171391882e-05,data\cache\clean\test\gigagan_23134\blur_s2.0.jpg
gigagan_23834,blur_s2.0,gigagan,gigagan,1,0.024111609905958176,data\cache\clean\test\gigagan_23834\blur_s2.0.jpg
gigagan_24445,blur_s2.0,gigagan,gigagan,1,0.04760044068098068,data\cache\clean\test\gigagan_24445\blur_s2.0.jpg
gigagan_24679,blur_s2.0,gigagan,gigagan,1,0.11271496117115021,data\cache\clean\test\gigagan_24679\blur_s2.0.jpg
gigagan_24726,blur_s2.0,gigagan,gigagan,1,0.21224859356880188,data\cache\clean\test\gigagan_24726\blur_s2.0.jpg
gigagan_24933,blur_s2.0,gigagan,gigagan,1,0.023950936272740364,data\cache\clean\test\gigagan_24933\blur_s2.0.jpg
gigagan_25002,blur_s2.0,gigagan,gigagan,1,0.07854091376066208,data\cache\clean\test\gigagan_25002\blur_s2.0.jpg
gigagan_25090,blur_s2.0,gigagan,gigagan,1,0.005277467425912619,data\cache\clean\test\gigagan_25090\blur_s2.0.jpg
gigagan_25801,blur_s2.0,gigagan,gigagan,1,0.22419105470180511,data\cache\clean\test\gigagan_25801\blur_s2.0.jpg
gigagan_26067,blur_s2.0,gigagan,gigagan,1,0.018450675532221794,data\cache\clean\test\gigagan_26067\blur_s2.0.jpg
gigagan_26681,blur_s2.0,gigagan,gigagan,1,0.3636379539966583,data\cache\clean\test\gigagan_26681\blur_s2.0.jpg
gigagan_28336,blur_s2.0,gigagan,gigagan,1,0.01897883042693138,data\cache\clean\test\gigagan_28336\blur_s2.0.jpg
gigagan_28900,blur_s2.0,gigagan,gigagan,1,0.1174280196428299,data\cache\clean\test\gigagan_28900\blur_s2.0.jpg
gigagan_29456,blur_s2.0,gigagan,gigagan,1,0.047367412596940994,data\cache\clean\test\gigagan_29456\blur_s2.0.jpg
gigagan_29717,blur_s2.0,gigagan,gigagan,1,0.36172860860824585,data\cache\clean\test\gigagan_29717\blur_s2.0.jpg
imagen3_045e6da6fd7f6fb0,blur_s2.0,imagen3,imagen3,1,0.0023373733274638653,data\cache\clean\test\imagen3_045e6da6fd7f6fb0\blur_s2.0.jpg
imagen3_13ed1f9391224848,blur_s2.0,imagen3,imagen3,1,0.043285071849823,data\cache\clean\test\imagen3_13ed1f9391224848\blur_s2.0.jpg
imagen3_17643da56f35c6f7,blur_s2.0,imagen3,imagen3,1,0.00047829022514633834,data\cache\clean\test\imagen3_17643da56f35c6f7\blur_s2.0.jpg
imagen3_17919c9ffd792ad9,blur_s2.0,imagen3,imagen3,1,0.39051952958106995,data\cache\clean\test\imagen3_17919c9ffd792ad9\blur_s2.0.jpg
imagen3_24e64d19ddde11cb,blur_s2.0,imagen3,imagen3,1,0.06796862930059433,data\cache\clean\test\imagen3_24e64d19ddde11cb\blur_s2.0.jpg
imagen3_260ae6b06f1f50e2,blur_s2.0,imagen3,imagen3,1,0.0011236501159146428,data\cache\clean\test\imagen3_260ae6b06f1f50e2\blur_s2.0.jpg
imagen3_2be4510162a8a76e,blur_s2.0,imagen3,imagen3,1,0.0003524244821164757,data\cache\clean\test\imagen3_2be4510162a8a76e\blur_s2.0.jpg
imagen3_3403b18fc93acbfc,blur_s2.0,imagen3,imagen3,1,0.17163047194480896,data\cache\clean\test\imagen3_3403b18fc93acbfc\blur_s2.0.jpg
imagen3_44015,blur_s2.0,imagen3,imagen3,1,0.1200425773859024,data\cache\clean\test\imagen3_44015\blur_s2.0.jpg
imagen3_44075,blur_s2.0,imagen3,imagen3,1,0.07946613430976868,data\cache\clean\test\imagen3_44075\blur_s2.0.jpg
imagen3_44476,blur_s2.0,imagen3,imagen3,1,0.05472216755151749,data\cache\clean\test\imagen3_44476\blur_s2.0.jpg
imagen3_46922,blur_s2.0,imagen3,imagen3,1,0.2120601385831833,data\cache\clean\test\imagen3_46922\blur_s2.0.jpg
imagen3_473ffc5e3d5dc373,blur_s2.0,imagen3,imagen3,1,0.0006168951513245702,data\cache\clean\test\imagen3_473ffc5e3d5dc373\blur_s2.0.jpg
imagen3_51659,blur_s2.0,imagen3,imagen3,1,0.16003748774528503,data\cache\clean\test\imagen3_51659\blur_s2.0.jpg
imagen3_519f5c348fe55fcd,blur_s2.0,imagen3,imagen3,1,0.3117029368877411,data\cache\clean\test\imagen3_519f5c348fe55fcd\blur_s2.0.jpg
imagen3_52520,blur_s2.0,imagen3,imagen3,1,0.18268968164920807,data\cache\clean\test\imagen3_52520\blur_s2.0.jpg
imagen3_53632,blur_s2.0,imagen3,imagen3,1,0.3520117700099945,data\cache\clean\test\imagen3_53632\blur_s2.0.jpg
imagen3_5e95809bd47d157b,blur_s2.0,imagen3,imagen3,1,0.013067967258393764,data\cache\clean\test\imagen3_5e95809bd47d157b\blur_s2.0.jpg
imagen3_69467160e53f71bc,blur_s2.0,imagen3,imagen3,1,0.4864196181297302,data\cache\clean\test\imagen3_69467160e53f71bc\blur_s2.0.jpg
imagen3_6a8270ea182a9194,blur_s2.0,imagen3,imagen3,1,0.01599847711622715,data\cache\clean\test\imagen3_6a8270ea182a9194\blur_s2.0.jpg
imagen3_6c7624322b04ce43,blur_s2.0,imagen3,imagen3,1,0.012429531663656235,data\cache\clean\test\imagen3_6c7624322b04ce43\blur_s2.0.jpg
imagen3_77fb2d4f372634f8,blur_s2.0,imagen3,imagen3,1,0.01482273917645216,data\cache\clean\test\imagen3_77fb2d4f372634f8\blur_s2.0.jpg
imagen3_7e3e1e738f642f1a,blur_s2.0,imagen3,imagen3,1,0.4504159986972809,data\cache\clean\test\imagen3_7e3e1e738f642f1a\blur_s2.0.jpg
imagen3_7ee1485909c59826,blur_s2.0,imagen3,imagen3,1,0.06480003148317337,data\cache\clean\test\imagen3_7ee1485909c59826\blur_s2.0.jpg
imagen3_8b13dc3bff918841,blur_s2.0,imagen3,imagen3,1,0.005956868175417185,data\cache\clean\test\imagen3_8b13dc3bff918841\blur_s2.0.jpg
imagen3_8c20e4bf83ffff36,blur_s2.0,imagen3,imagen3,1,0.08625007420778275,data\cache\clean\test\imagen3_8c20e4bf83ffff36\blur_s2.0.jpg
imagen3_8e6f8acd28fd8f35,blur_s2.0,imagen3,imagen3,1,0.11911981552839279,data\cache\clean\test\imagen3_8e6f8acd28fd8f35\blur_s2.0.jpg
imagen3_9e82651e214a25c8,blur_s2.0,imagen3,imagen3,1,0.279732882976532,data\cache\clean\test\imagen3_9e82651e214a25c8\blur_s2.0.jpg
imagen3_a1b5be9a5f0d1f7a,blur_s2.0,imagen3,imagen3,1,0.11084704101085663,data\cache\clean\test\imagen3_a1b5be9a5f0d1f7a\blur_s2.0.jpg
imagen3_aa13646e437b7afa,blur_s2.0,imagen3,imagen3,1,0.2604806125164032,data\cache\clean\test\imagen3_aa13646e437b7afa\blur_s2.0.jpg
imagen3_ad860df8c2a1a848,blur_s2.0,imagen3,imagen3,1,0.026343896985054016,data\cache\clean\test\imagen3_ad860df8c2a1a848\blur_s2.0.jpg
imagen3_b69c9976ced306d1,blur_s2.0,imagen3,imagen3,1,0.17052435874938965,data\cache\clean\test\imagen3_b69c9976ced306d1\blur_s2.0.jpg
imagen3_ca44bb7db1e73a9a,blur_s2.0,imagen3,imagen3,1,0.0017672476824373007,data\cache\clean\test\imagen3_ca44bb7db1e73a9a\blur_s2.0.jpg
imagen3_d326e7c87fb1d966,blur_s2.0,imagen3,imagen3,1,0.15812596678733826,data\cache\clean\test\imagen3_d326e7c87fb1d966\blur_s2.0.jpg
imagen3_e63f3b6f8bdee43a,blur_s2.0,imagen3,imagen3,1,0.08005025237798691,data\cache\clean\test\imagen3_e63f3b6f8bdee43a\blur_s2.0.jpg
imagen3_eaf94916ce926270,blur_s2.0,imagen3,imagen3,1,0.4661380350589752,data\cache\clean\test\imagen3_eaf94916ce926270\blur_s2.0.jpg
imagen3_f2da05bffbe27dab,blur_s2.0,imagen3,imagen3,1,0.17873594164848328,data\cache\clean\test\imagen3_f2da05bffbe27dab\blur_s2.0.jpg
imagen3_fd568a2839353a92,blur_s2.0,imagen3,imagen3,1,0.44452735781669617,data\cache\clean\test\imagen3_fd568a2839353a92\blur_s2.0.jpg
imagen3_fe7048efd51b15b8,blur_s2.0,imagen3,imagen3,1,0.0056488788686692715,data\cache\clean\test\imagen3_fe7048efd51b15b8\blur_s2.0.jpg
imagen3_Imagen3_1208,blur_s2.0,imagen3,imagen3,1,0.012254646979272366,data\cache\clean\test\imagen3_Imagen3_1208\blur_s2.0.jpg
imagen3_Imagen3_2403,blur_s2.0,imagen3,imagen3,1,0.10890784114599228,data\cache\clean\test\imagen3_Imagen3_2403\blur_s2.0.jpg
imagen3_Imagen3_2787,blur_s2.0,imagen3,imagen3,1,0.4935435652732849,data\cache\clean\test\imagen3_Imagen3_2787\blur_s2.0.jpg
imagen3_Imagen3_3085,blur_s2.0,imagen3,imagen3,1,0.33612051606178284,data\cache\clean\test\imagen3_Imagen3_3085\blur_s2.0.jpg
imagen3_Imagen3_3097,blur_s2.0,imagen3,imagen3,1,0.046402707695961,data\cache\clean\test\imagen3_Imagen3_3097\blur_s2.0.jpg
imagen3_Imagen3_3533,blur_s2.0,imagen3,imagen3,1,0.24080687761306763,data\cache\clean\test\imagen3_Imagen3_3533\blur_s2.0.jpg
imagen3_Imagen3_3556,blur_s2.0,imagen3,imagen3,1,0.2754940986633301,data\cache\clean\test\imagen3_Imagen3_3556\blur_s2.0.jpg
sidset_full_synthetic_005710,blur_s2.0,sidset,full_synthetic,1,0.055706191807985306,data\cache\clean\test\sidset_full_synthetic_005710\blur_s2.0.jpg
sidset_full_synthetic_033528,blur_s2.0,sidset,full_synthetic,1,0.0007777475984767079,data\cache\clean\test\sidset_full_synthetic_033528\blur_s2.0.jpg
sidset_full_synthetic_042089,blur_s2.0,sidset,full_synthetic,1,0.33959144353866577,data\cache\clean\test\sidset_full_synthetic_042089\blur_s2.0.jpg
sidset_full_synthetic_048809,blur_s2.0,sidset,full_synthetic,1,0.06418211758136749,data\cache\clean\test\sidset_full_synthetic_048809\blur_s2.0.jpg
stylegan_xl_0097a2e24789bc7a,blur_s2.0,stylegan_xl,stylegan_xl,1,0.02386849746108055,data\cache\clean\test\stylegan_xl_0097a2e24789bc7a\blur_s2.0.jpg
stylegan_xl_00a4591cf03df584,blur_s2.0,stylegan_xl,stylegan_xl,1,0.00036274149897508323,data\cache\clean\test\stylegan_xl_00a4591cf03df584\blur_s2.0.jpg
stylegan_xl_031391f1ab18ab62,blur_s2.0,stylegan_xl,stylegan_xl,1,0.013304161839187145,data\cache\clean\test\stylegan_xl_031391f1ab18ab62\blur_s2.0.jpg
stylegan_xl_0a4244f8a9185bad,blur_s2.0,stylegan_xl,stylegan_xl,1,0.3207797110080719,data\cache\clean\test\stylegan_xl_0a4244f8a9185bad\blur_s2.0.jpg
stylegan_xl_0f7efa4c31bcd8f4,blur_s2.0,stylegan_xl,stylegan_xl,1,0.06570564955472946,data\cache\clean\test\stylegan_xl_0f7efa4c31bcd8f4\blur_s2.0.jpg
stylegan_xl_1060d58257bc5130,blur_s2.0,stylegan_xl,stylegan_xl,1,0.0021786668803542852,data\cache\clean\test\stylegan_xl_1060d58257bc5130\blur_s2.0.jpg
stylegan_xl_1440252ff76f525f,blur_s2.0,stylegan_xl,stylegan_xl,1,0.46475476026535034,data\cache\clean\test\stylegan_xl_1440252ff76f525f\blur_s2.0.jpg
stylegan_xl_2013fe0d44f84041,blur_s2.0,stylegan_xl,stylegan_xl,1,7.532646122854203e-05,data\cache\clean\test\stylegan_xl_2013fe0d44f84041\blur_s2.0.jpg
stylegan_xl_23273,blur_s2.0,stylegan_xl,stylegan_xl,1,0.12181701511144638,data\cache\clean\test\stylegan_xl_23273\blur_s2.0.jpg
stylegan_xl_324e332686aa6966,blur_s2.0,stylegan_xl,stylegan_xl,1,0.19310711324214935,data\cache\clean\test\stylegan_xl_324e332686aa6966\blur_s2.0.jpg
stylegan_xl_3621cf0be1fc8d68,blur_s2.0,stylegan_xl,stylegan_xl,1,0.1999840885400772,data\cache\clean\test\stylegan_xl_3621cf0be1fc8d68\blur_s2.0.jpg
stylegan_xl_38c489e3b0d8c700,blur_s2.0,stylegan_xl,stylegan_xl,1,0.28081873059272766,data\cache\clean\test\stylegan_xl_38c489e3b0d8c700\blur_s2.0.jpg
stylegan_xl_3b5e18f8fc06450d,blur_s2.0,stylegan_xl,stylegan_xl,1,0.016009770333766937,data\cache\clean\test\stylegan_xl_3b5e18f8fc06450d\blur_s2.0.jpg
stylegan_xl_44451,blur_s2.0,stylegan_xl,stylegan_xl,1,0.3780609369277954,data\cache\clean\test\stylegan_xl_44451\blur_s2.0.jpg
stylegan_xl_45081,blur_s2.0,stylegan_xl,stylegan_xl,1,0.0015031863003969193,data\cache\clean\test\stylegan_xl_45081\blur_s2.0.jpg
stylegan_xl_45602,blur_s2.0,stylegan_xl,stylegan_xl,1,0.056391213089227676,data\cache\clean\test\stylegan_xl_45602\blur_s2.0.jpg
stylegan_xl_47014,blur_s2.0,stylegan_xl,stylegan_xl,1,0.15314063429832458,data\cache\clean\test\stylegan_xl_47014\blur_s2.0.jpg
stylegan_xl_47343,blur_s2.0,stylegan_xl,stylegan_xl,1,0.005334620829671621,data\cache\clean\test\stylegan_xl_47343\blur_s2.0.jpg
stylegan_xl_48611,blur_s2.0,stylegan_xl,stylegan_xl,1,0.022602185606956482,data\cache\clean\test\stylegan_xl_48611\blur_s2.0.jpg
stylegan_xl_49074,blur_s2.0,stylegan_xl,stylegan_xl,1,0.2682027816772461,data\cache\clean\test\stylegan_xl_49074\blur_s2.0.jpg
stylegan_xl_4f991f9638e28675,blur_s2.0,stylegan_xl,stylegan_xl,1,0.0024924147874116898,data\cache\clean\test\stylegan_xl_4f991f9638e28675\blur_s2.0.jpg
stylegan_xl_50731,blur_s2.0,stylegan_xl,stylegan_xl,1,0.3664383888244629,data\cache\clean\test\stylegan_xl_50731\blur_s2.0.jpg
stylegan_xl_548aed682dc65ef2,blur_s2.0,stylegan_xl,stylegan_xl,1,0.35398316383361816,data\cache\clean\test\stylegan_xl_548aed682dc65ef2\blur_s2.0.jpg
stylegan_xl_60ed9d3511d333bf,blur_s2.0,stylegan_xl,stylegan_xl,1,0.01741008833050728,data\cache\clean\test\stylegan_xl_60ed9d3511d333bf\blur_s2.0.jpg
stylegan_xl_65bb283a1280639e,blur_s2.0,stylegan_xl,stylegan_xl,1,0.41290831565856934,data\cache\clean\test\stylegan_xl_65bb283a1280639e\blur_s2.0.jpg
stylegan_xl_729fee52c5b7f95b,blur_s2.0,stylegan_xl,stylegan_xl,1,0.24337445199489594,data\cache\clean\test\stylegan_xl_729fee52c5b7f95b\blur_s2.0.jpg
stylegan_xl_7d433e90bcd7bd53,blur_s2.0,stylegan_xl,stylegan_xl,1,0.033704351633787155,data\cache\clean\test\stylegan_xl_7d433e90bcd7bd53\blur_s2.0.jpg
stylegan_xl_7ffebe6032f8209f,blur_s2.0,stylegan_xl,stylegan_xl,1,0.11335474997758865,data\cache\clean\test\stylegan_xl_7ffebe6032f8209f\blur_s2.0.jpg
stylegan_xl_80fc8be6e7c11eb3,blur_s2.0,stylegan_xl,stylegan_xl,1,0.08744419366121292,data\cache\clean\test\stylegan_xl_80fc8be6e7c11eb3\blur_s2.0.jpg
stylegan_xl_8f9dfd75dde8914f,blur_s2.0,stylegan_xl,stylegan_xl,1,0.2209555208683014,data\cache\clean\test\stylegan_xl_8f9dfd75dde8914f\blur_s2.0.jpg
stylegan_xl_91fb9195a35b7711,blur_s2.0,stylegan_xl,stylegan_xl,1,0.4938599169254303,data\cache\clean\test\stylegan_xl_91fb9195a35b7711\blur_s2.0.jpg
stylegan_xl_a10d4a733f4df420,blur_s2.0,stylegan_xl,stylegan_xl,1,0.023580150678753853,data\cache\clean\test\stylegan_xl_a10d4a733f4df420\blur_s2.0.jpg
stylegan_xl_a1ed16fffc5ecb68,blur_s2.0,stylegan_xl,stylegan_xl,1,0.1741442233324051,data\cache\clean\test\stylegan_xl_a1ed16fffc5ecb68\blur_s2.0.jpg
stylegan_xl_a72f3ace10a8f550,blur_s2.0,stylegan_xl,stylegan_xl,1,0.0035557295195758343,data\cache\clean\test\stylegan_xl_a72f3ace10a8f550\blur_s2.0.jpg
stylegan_xl_b6abe358484b287a,blur_s2.0,stylegan_xl,stylegan_xl,1,0.1477874368429184,data\cache\clean\test\stylegan_xl_b6abe358484b287a\blur_s2.0.jpg
stylegan_xl_bd69757ff485d03e,blur_s2.0,stylegan_xl,stylegan_xl,1,0.22741249203681946,data\cache\clean\test\stylegan_xl_bd69757ff485d03e\blur_s2.0.jpg
stylegan_xl_cccbc1d57a7e095e,blur_s2.0,stylegan_xl,stylegan_xl,1,0.047676462680101395,data\cache\clean\test\stylegan_xl_cccbc1d57a7e095e\blur_s2.0.jpg
stylegan_xl_cf9c332a1ebfb587,blur_s2.0,stylegan_xl,stylegan_xl,1,0.11099185049533844,data\cache\clean\test\stylegan_xl_cf9c332a1ebfb587\blur_s2.0.jpg
stylegan_xl_d7c4ece8c8a01de0,blur_s2.0,stylegan_xl,stylegan_xl,1,0.004294454585760832,data\cache\clean\test\stylegan_xl_d7c4ece8c8a01de0\blur_s2.0.jpg
stylegan_xl_e4b8e7ef72cabaf2,blur_s2.0,stylegan_xl,stylegan_xl,1,0.10425920784473419,data\cache\clean\test\stylegan_xl_e4b8e7ef72cabaf2\blur_s2.0.jpg
stylegan_xl_fef6a66b8deaa7ab,blur_s2.0,stylegan_xl,stylegan_xl,1,0.020276641473174095,data\cache\clean\test\stylegan_xl_fef6a66b8deaa7ab\blur_s2.0.jpg
stylegan_xl_stylegan-x_2517,blur_s2.0,stylegan_xl,stylegan_xl,1,0.49005600810050964,data\cache\clean\test\stylegan_xl_stylegan-x_2517\blur_s2.0.jpg
cifake_1028 (10),color_down,cifake,stable_diffusion,1,0.035491954535245895,data\cache\clean\test\cifake_1028 (10)\color_down.jpg
cifake_1867 (9),color_down,cifake,stable_diffusion,1,0.2270471602678299,data\cache\clean\test\cifake_1867 (9)\color_down.jpg
cifake_2293 (9),color_down,cifake,stable_diffusion,1,0.01952783204615116,data\cache\clean\test\cifake_2293 (9)\color_down.jpg
cifake_2752 (3),color_down,cifake,stable_diffusion,1,0.44798266887664795,data\cache\clean\test\cifake_2752 (3)\color_down.jpg
cifake_3053 (4),color_down,cifake,stable_diffusion,1,0.32952553033828735,data\cache\clean\test\cifake_3053 (4)\color_down.jpg
cifake_3971 (2),color_down,cifake,stable_diffusion,1,0.43739408254623413,data\cache\clean\test\cifake_3971 (2)\color_down.jpg
cifake_4127 (3),color_down,cifake,stable_diffusion,1,0.47942355275154114,data\cache\clean\test\cifake_4127 (3)\color_down.jpg
cifake_4221 (2),color_down,cifake,stable_diffusion,1,0.006863361224532127,data\cache\clean\test\cifake_4221 (2)\color_down.jpg
cifake_4615 (3),color_down,cifake,stable_diffusion,1,0.16306602954864502,data\cache\clean\test\cifake_4615 (3)\color_down.jpg
cifake_4682 (7),color_down,cifake,stable_diffusion,1,0.0390915647149086,data\cache\clean\test\cifake_4682 (7)\color_down.jpg
cifake_5006 (3),color_down,cifake,stable_diffusion,1,0.3325410783290863,data\cache\clean\test\cifake_5006 (3)\color_down.jpg
cifake_5381 (2),color_down,cifake,stable_diffusion,1,0.3911351263523102,data\cache\clean\test\cifake_5381 (2)\color_down.jpg
cifake_5607,color_down,cifake,stable_diffusion,1,0.358372300863266,data\cache\clean\test\cifake_5607\color_down.jpg
cifake_5943 (10),color_down,cifake,stable_diffusion,1,0.16913704574108124,data\cache\clean\test\cifake_5943 (10)\color_down.jpg
cifake_771 (8),color_down,cifake,stable_diffusion,1,0.43191877007484436,data\cache\clean\test\cifake_771 (8)\color_down.jpg
cifake_784 (4),color_down,cifake,stable_diffusion,1,0.33661016821861267,data\cache\clean\test\cifake_784 (4)\color_down.jpg
cifake_966 (6),color_down,cifake,stable_diffusion,1,0.4332175552845001,data\cache\clean\test\cifake_966 (6)\color_down.jpg
dalle_10420,color_down,dalle,dalle,1,0.0006872823578305542,data\cache\clean\test\dalle_10420\color_down.jpg
dalle_14943,color_down,dalle,dalle,1,0.26459771394729614,data\cache\clean\test\dalle_14943\color_down.jpg
dalle_18943,color_down,dalle,dalle,1,0.20068110525608063,data\cache\clean\test\dalle_18943\color_down.jpg
dalle_1895b86b74caac5dad51022c3d3b33df,color_down,dalle,dalle,1,0.0030712003353983164,data\cache\clean\test\dalle_1895b86b74caac5dad51022c3d3b33df\color_down.jpg
dalle_19590,color_down,dalle,dalle,1,0.014132462441921234,data\cache\clean\test\dalle_19590\color_down.jpg
dalle_19962,color_down,dalle,dalle,1,0.010766463354229927,data\cache\clean\test\dalle_19962\color_down.jpg
dalle_20080,color_down,dalle,dalle,1,0.028662558645009995,data\cache\clean\test\dalle_20080\color_down.jpg
dalle_22468,color_down,dalle,dalle,1,0.14349202811717987,data\cache\clean\test\dalle_22468\color_down.jpg
dalle_23768,color_down,dalle,dalle,1,0.20074184238910675,data\cache\clean\test\dalle_23768\color_down.jpg
dalle_24299,color_down,dalle,dalle,1,0.4451086223125458,data\cache\clean\test\dalle_24299\color_down.jpg
dalle_24310,color_down,dalle,dalle,1,0.4153901934623718,data\cache\clean\test\dalle_24310\color_down.jpg
dalle_24599,color_down,dalle,dalle,1,0.3882897198200226,data\cache\clean\test\dalle_24599\color_down.jpg
dalle_26611,color_down,dalle,dalle,1,0.004627692513167858,data\cache\clean\test\dalle_26611\color_down.jpg
dalle_27029,color_down,dalle,dalle,1,0.020094549283385277,data\cache\clean\test\dalle_27029\color_down.jpg
dalle_28652,color_down,dalle,dalle,1,0.18590198457241058,data\cache\clean\test\dalle_28652\color_down.jpg
dalle_33159,color_down,dalle,dalle,1,0.05200784280896187,data\cache\clean\test\dalle_33159\color_down.jpg
dalle_3469,color_down,dalle,dalle,1,0.2776462435722351,data\cache\clean\test\dalle_3469\color_down.jpg
dalle_35493,color_down,dalle,dalle,1,0.017323466017842293,data\cache\clean\test\dalle_35493\color_down.jpg
dalle_39539,color_down,dalle,dalle,1,0.01917160302400589,data\cache\clean\test\dalle_39539\color_down.jpg
dalle_3c589aa7fd4a6705f1fd7918daf4ffb9,color_down,dalle,dalle,1,0.2146543562412262,data\cache\clean\test\dalle_3c589aa7fd4a6705f1fd7918daf4ffb9\color_down.jpg
dalle_40387,color_down,dalle,dalle,1,0.08464266359806061,data\cache\clean\test\dalle_40387\color_down.jpg
dalle_41614,color_down,dalle,dalle,1,0.01174166239798069,data\cache\clean\test\dalle_41614\color_down.jpg
dalle_41791,color_down,dalle,dalle,1,0.0011689105303958058,data\cache\clean\test\dalle_41791\color_down.jpg
dalle_41855,color_down,dalle,dalle,1,0.16914954781532288,data\cache\clean\test\dalle_41855\color_down.jpg
dalle_42344,color_down,dalle,dalle,1,0.14441658556461334,data\cache\clean\test\dalle_42344\color_down.jpg
dalle_568,color_down,dalle,dalle,1,0.09277541935443878,data\cache\clean\test\dalle_568\color_down.jpg
dalle_5781,color_down,dalle,dalle,1,0.42247408628463745,data\cache\clean\test\dalle_5781\color_down.jpg
dalle_6481,color_down,dalle,dalle,1,0.3855935335159302,data\cache\clean\test\dalle_6481\color_down.jpg
dalle_6f0f61883f111368d770c54801f33449,color_down,dalle,dalle,1,0.0009741255198605359,data\cache\clean\test\dalle_6f0f61883f111368d770c54801f33449\color_down.jpg
dalle_733,color_down,dalle,dalle,1,0.1269095093011856,data\cache\clean\test\dalle_733\color_down.jpg
dalle_8017,color_down,dalle,dalle,1,0.011496287770569324,data\cache\clean\test\dalle_8017\color_down.jpg
dalle_9068,color_down,dalle,dalle,1,0.0014856006018817425,data\cache\clean\test\dalle_9068\color_down.jpg
dalle_9639,color_down,dalle,dalle,1,0.25829726457595825,data\cache\clean\test\dalle_9639\color_down.jpg
gigagan_02115,color_down,gigagan,gigagan,1,0.391242116689682,data\cache\clean\test\gigagan_02115\color_down.jpg
gigagan_03860,color_down,gigagan,gigagan,1,0.1384810209274292,data\cache\clean\test\gigagan_03860\color_down.jpg
gigagan_05061,color_down,gigagan,gigagan,1,0.14694248139858246,data\cache\clean\test\gigagan_05061\color_down.jpg
gigagan_05645,color_down,gigagan,gigagan,1,0.03811974450945854,data\cache\clean\test\gigagan_05645\color_down.jpg
gigagan_06628,color_down,gigagan,gigagan,1,0.35433387756347656,data\cache\clean\test\gigagan_06628\color_down.jpg
gigagan_07350,color_down,gigagan,gigagan,1,0.0902121290564537,data\cache\clean\test\gigagan_07350\color_down.jpg
gigagan_07909,color_down,gigagan,gigagan,1,0.0443594865500927,data\cache\clean\test\gigagan_07909\color_down.jpg
gigagan_08193,color_down,gigagan,gigagan,1,0.4983038902282715,data\cache\clean\test\gigagan_08193\color_down.jpg
gigagan_08464,color_down,gigagan,gigagan,1,0.10528858006000519,data\cache\clean\test\gigagan_08464\color_down.jpg
gigagan_09026,color_down,gigagan,gigagan,1,0.3642266094684601,data\cache\clean\test\gigagan_09026\color_down.jpg
gigagan_09302,color_down,gigagan,gigagan,1,0.012232290580868721,data\cache\clean\test\gigagan_09302\color_down.jpg
gigagan_09418,color_down,gigagan,gigagan,1,0.48365962505340576,data\cache\clean\test\gigagan_09418\color_down.jpg
gigagan_09458,color_down,gigagan,gigagan,1,0.03256279230117798,data\cache\clean\test\gigagan_09458\color_down.jpg
gigagan_10655,color_down,gigagan,gigagan,1,0.46553027629852295,data\cache\clean\test\gigagan_10655\color_down.jpg
gigagan_10769,color_down,gigagan,gigagan,1,0.09722663462162018,data\cache\clean\test\gigagan_10769\color_down.jpg
gigagan_10914,color_down,gigagan,gigagan,1,0.0004560188972391188,data\cache\clean\test\gigagan_10914\color_down.jpg
gigagan_11176,color_down,gigagan,gigagan,1,0.31654664874076843,data\cache\clean\test\gigagan_11176\color_down.jpg
gigagan_12929,color_down,gigagan,gigagan,1,0.18837101757526398,data\cache\clean\test\gigagan_12929\color_down.jpg
gigagan_13110,color_down,gigagan,gigagan,1,0.043303634971380234,data\cache\clean\test\gigagan_13110\color_down.jpg
gigagan_14071,color_down,gigagan,gigagan,1,0.005867240950465202,data\cache\clean\test\gigagan_14071\color_down.jpg
gigagan_14909,color_down,gigagan,gigagan,1,0.0012816155795007944,data\cache\clean\test\gigagan_14909\color_down.jpg
gigagan_15412,color_down,gigagan,gigagan,1,0.3406120836734772,data\cache\clean\test\gigagan_15412\color_down.jpg
gigagan_15561,color_down,gigagan,gigagan,1,0.33100366592407227,data\cache\clean\test\gigagan_15561\color_down.jpg
gigagan_16357,color_down,gigagan,gigagan,1,0.009035568684339523,data\cache\clean\test\gigagan_16357\color_down.jpg
gigagan_16966,color_down,gigagan,gigagan,1,0.033425092697143555,data\cache\clean\test\gigagan_16966\color_down.jpg
gigagan_17666,color_down,gigagan,gigagan,1,0.43588578701019287,data\cache\clean\test\gigagan_17666\color_down.jpg
gigagan_18085,color_down,gigagan,gigagan,1,0.006583899725228548,data\cache\clean\test\gigagan_18085\color_down.jpg
gigagan_18143,color_down,gigagan,gigagan,1,0.4605201780796051,data\cache\clean\test\gigagan_18143\color_down.jpg
gigagan_18704,color_down,gigagan,gigagan,1,0.12243283540010452,data\cache\clean\test\gigagan_18704\color_down.jpg
gigagan_19199,color_down,gigagan,gigagan,1,0.011627512983977795,data\cache\clean\test\gigagan_19199\color_down.jpg
gigagan_19248,color_down,gigagan,gigagan,1,0.10346314311027527,data\cache\clean\test\gigagan_19248\color_down.jpg
gigagan_19458,color_down,gigagan,gigagan,1,0.047611236572265625,data\cache\clean\test\gigagan_19458\color_down.jpg
gigagan_20207,color_down,gigagan,gigagan,1,0.055996913462877274,data\cache\clean\test\gigagan_20207\color_down.jpg
gigagan_20316,color_down,gigagan,gigagan,1,0.05140938237309456,data\cache\clean\test\gigagan_20316\color_down.jpg
gigagan_20327,color_down,gigagan,gigagan,1,0.007636881899088621,data\cache\clean\test\gigagan_20327\color_down.jpg
gigagan_20516,color_down,gigagan,gigagan,1,0.13349418342113495,data\cache\clean\test\gigagan_20516\color_down.jpg
gigagan_20756,color_down,gigagan,gigagan,1,0.04429537057876587,data\cache\clean\test\gigagan_20756\color_down.jpg
gigagan_20968,color_down,gigagan,gigagan,1,0.13258007168769836,data\cache\clean\test\gigagan_20968\color_down.jpg
gigagan_21116,color_down,gigagan,gigagan,1,0.28788572549819946,data\cache\clean\test\gigagan_21116\color_down.jpg
gigagan_21166,color_down,gigagan,gigagan,1,0.4087073802947998,data\cache\clean\test\gigagan_21166\color_down.jpg
gigagan_21611,color_down,gigagan,gigagan,1,0.03677404299378395,data\cache\clean\test\gigagan_21611\color_down.jpg
gigagan_22418,color_down,gigagan,gigagan,1,0.04938049241900444,data\cache\clean\test\gigagan_22418\color_down.jpg
gigagan_22533,color_down,gigagan,gigagan,1,0.18034717440605164,data\cache\clean\test\gigagan_22533\color_down.jpg
gigagan_22770,color_down,gigagan,gigagan,1,0.03015831857919693,data\cache\clean\test\gigagan_22770\color_down.jpg
gigagan_23134,color_down,gigagan,gigagan,1,6.831476639490575e-05,data\cache\clean\test\gigagan_23134\color_down.jpg
gigagan_23264,color_down,gigagan,gigagan,1,0.28932955861091614,data\cache\clean\test\gigagan_23264\color_down.jpg
gigagan_23834,color_down,gigagan,gigagan,1,0.050624288618564606,data\cache\clean\test\gigagan_23834\color_down.jpg
gigagan_24445,color_down,gigagan,gigagan,1,0.47225770354270935,data\cache\clean\test\gigagan_24445\color_down.jpg
gigagan_24679,color_down,gigagan,gigagan,1,0.21070493757724762,data\cache\clean\test\gigagan_24679\color_down.jpg
gigagan_24933,color_down,gigagan,gigagan,1,0.29263415932655334,data\cache\clean\test\gigagan_24933\color_down.jpg
gigagan_25090,color_down,gigagan,gigagan,1,0.0018726607086136937,data\cache\clean\test\gigagan_25090\color_down.jpg
gigagan_25801,color_down,gigagan,gigagan,1,0.40811094641685486,data\cache\clean\test\gigagan_25801\color_down.jpg
gigagan_26067,color_down,gigagan,gigagan,1,0.011604474857449532,data\cache\clean\test\gigagan_26067\color_down.jpg
gigagan_26681,color_down,gigagan,gigagan,1,0.28571832180023193,data\cache\clean\test\gigagan_26681\color_down.jpg
gigagan_26982,color_down,gigagan,gigagan,1,0.2736533284187317,data\cache\clean\test\gigagan_26982\color_down.jpg
gigagan_27033,color_down,gigagan,gigagan,1,0.42694365978240967,data\cache\clean\test\gigagan_27033\color_down.jpg
gigagan_28336,color_down,gigagan,gigagan,1,0.06057470291852951,data\cache\clean\test\gigagan_28336\color_down.jpg
gigagan_29456,color_down,gigagan,gigagan,1,0.43061184883117676,data\cache\clean\test\gigagan_29456\color_down.jpg
imagen3_045e6da6fd7f6fb0,color_down,imagen3,imagen3,1,0.0021097620483487844,data\cache\clean\test\imagen3_045e6da6fd7f6fb0\color_down.jpg
imagen3_13ed1f9391224848,color_down,imagen3,imagen3,1,0.06854431331157684,data\cache\clean\test\imagen3_13ed1f9391224848\color_down.jpg
imagen3_17643da56f35c6f7,color_down,imagen3,imagen3,1,0.00023060741659719497,data\cache\clean\test\imagen3_17643da56f35c6f7\color_down.jpg
imagen3_17919c9ffd792ad9,color_down,imagen3,imagen3,1,0.3413064479827881,data\cache\clean\test\imagen3_17919c9ffd792ad9\color_down.jpg
imagen3_24e64d19ddde11cb,color_down,imagen3,imagen3,1,0.0748516395688057,data\cache\clean\test\imagen3_24e64d19ddde11cb\color_down.jpg
imagen3_260ae6b06f1f50e2,color_down,imagen3,imagen3,1,0.0009697469067759812,data\cache\clean\test\imagen3_260ae6b06f1f50e2\color_down.jpg
imagen3_2be4510162a8a76e,color_down,imagen3,imagen3,1,0.00019127312407363206,data\cache\clean\test\imagen3_2be4510162a8a76e\color_down.jpg
imagen3_3403b18fc93acbfc,color_down,imagen3,imagen3,1,0.16407716274261475,data\cache\clean\test\imagen3_3403b18fc93acbfc\color_down.jpg
imagen3_44075,color_down,imagen3,imagen3,1,0.022374067455530167,data\cache\clean\test\imagen3_44075\color_down.jpg
imagen3_44476,color_down,imagen3,imagen3,1,0.15284386277198792,data\cache\clean\test\imagen3_44476\color_down.jpg
imagen3_46922,color_down,imagen3,imagen3,1,0.11290436238050461,data\cache\clean\test\imagen3_46922\color_down.jpg
imagen3_473ffc5e3d5dc373,color_down,imagen3,imagen3,1,0.12163619697093964,data\cache\clean\test\imagen3_473ffc5e3d5dc373\color_down.jpg
imagen3_51659,color_down,imagen3,imagen3,1,0.164372518658638,data\cache\clean\test\imagen3_51659\color_down.jpg
imagen3_519f5c348fe55fcd,color_down,imagen3,imagen3,1,0.012723200023174286,data\cache\clean\test\imagen3_519f5c348fe55fcd\color_down.jpg
imagen3_52520,color_down,imagen3,imagen3,1,0.21985721588134766,data\cache\clean\test\imagen3_52520\color_down.jpg
imagen3_53132,color_down,imagen3,imagen3,1,0.08204586058855057,data\cache\clean\test\imagen3_53132\color_down.jpg
imagen3_560ead164dab63a5,color_down,imagen3,imagen3,1,0.19996096193790436,data\cache\clean\test\imagen3_560ead164dab63a5\color_down.jpg
imagen3_5e95809bd47d157b,color_down,imagen3,imagen3,1,0.10228714346885681,data\cache\clean\test\imagen3_5e95809bd47d157b\color_down.jpg
imagen3_6a8270ea182a9194,color_down,imagen3,imagen3,1,0.031746651977300644,data\cache\clean\test\imagen3_6a8270ea182a9194\color_down.jpg
imagen3_6c7624322b04ce43,color_down,imagen3,imagen3,1,0.038583021610975266,data\cache\clean\test\imagen3_6c7624322b04ce43\color_down.jpg
imagen3_77fb2d4f372634f8,color_down,imagen3,imagen3,1,0.01806608773767948,data\cache\clean\test\imagen3_77fb2d4f372634f8\color_down.jpg
imagen3_7ee1485909c59826,color_down,imagen3,imagen3,1,0.025290660560131073,data\cache\clean\test\imagen3_7ee1485909c59826\color_down.jpg
imagen3_8b13dc3bff918841,color_down,imagen3,imagen3,1,0.02891192026436329,data\cache\clean\test\imagen3_8b13dc3bff918841\color_down.jpg
imagen3_8c20e4bf83ffff36,color_down,imagen3,imagen3,1,0.06433523446321487,data\cache\clean\test\imagen3_8c20e4bf83ffff36\color_down.jpg
imagen3_8e6f8acd28fd8f35,color_down,imagen3,imagen3,1,0.23439209163188934,data\cache\clean\test\imagen3_8e6f8acd28fd8f35\color_down.jpg
imagen3_9e82651e214a25c8,color_down,imagen3,imagen3,1,0.1404028981924057,data\cache\clean\test\imagen3_9e82651e214a25c8\color_down.jpg
imagen3_a1b5be9a5f0d1f7a,color_down,imagen3,imagen3,1,0.33492693305015564,data\cache\clean\test\imagen3_a1b5be9a5f0d1f7a\color_down.jpg
imagen3_aa13646e437b7afa,color_down,imagen3,imagen3,1,0.01533698569983244,data\cache\clean\test\imagen3_aa13646e437b7afa\color_down.jpg
imagen3_ad860df8c2a1a848,color_down,imagen3,imagen3,1,0.21506643295288086,data\cache\clean\test\imagen3_ad860df8c2a1a848\color_down.jpg
imagen3_b69c9976ced306d1,color_down,imagen3,imagen3,1,0.08149029314517975,data\cache\clean\test\imagen3_b69c9976ced306d1\color_down.jpg
imagen3_ca44bb7db1e73a9a,color_down,imagen3,imagen3,1,0.0013857887824997306,data\cache\clean\test\imagen3_ca44bb7db1e73a9a\color_down.jpg
imagen3_d326e7c87fb1d966,color_down,imagen3,imagen3,1,0.05689747631549835,data\cache\clean\test\imagen3_d326e7c87fb1d966\color_down.jpg
imagen3_e63f3b6f8bdee43a,color_down,imagen3,imagen3,1,0.27289286255836487,data\cache\clean\test\imagen3_e63f3b6f8bdee43a\color_down.jpg
imagen3_eaf94916ce926270,color_down,imagen3,imagen3,1,0.08543520420789719,data\cache\clean\test\imagen3_eaf94916ce926270\color_down.jpg
imagen3_f2da05bffbe27dab,color_down,imagen3,imagen3,1,0.12329837679862976,data\cache\clean\test\imagen3_f2da05bffbe27dab\color_down.jpg
imagen3_fe7048efd51b15b8,color_down,imagen3,imagen3,1,0.20057576894760132,data\cache\clean\test\imagen3_fe7048efd51b15b8\color_down.jpg
imagen3_Imagen3_1208,color_down,imagen3,imagen3,1,0.014717455953359604,data\cache\clean\test\imagen3_Imagen3_1208\color_down.jpg
imagen3_Imagen3_2403,color_down,imagen3,imagen3,1,0.04296422749757767,data\cache\clean\test\imagen3_Imagen3_2403\color_down.jpg
imagen3_Imagen3_2889,color_down,imagen3,imagen3,1,0.15561074018478394,data\cache\clean\test\imagen3_Imagen3_2889\color_down.jpg
imagen3_Imagen3_3085,color_down,imagen3,imagen3,1,0.41141125559806824,data\cache\clean\test\imagen3_Imagen3_3085\color_down.jpg
imagen3_Imagen3_3097,color_down,imagen3,imagen3,1,0.014976446516811848,data\cache\clean\test\imagen3_Imagen3_3097\color_down.jpg
sidset_full_synthetic_033528,color_down,sidset,full_synthetic,1,0.4512558579444885,data\cache\clean\test\sidset_full_synthetic_033528\color_down.jpg
sidset_full_synthetic_048809,color_down,sidset,full_synthetic,1,0.3188754618167877,data\cache\clean\test\sidset_full_synthetic_048809\color_down.jpg
stylegan_xl_0097a2e24789bc7a,color_down,stylegan_xl,stylegan_xl,1,0.006019358057528734,data\cache\clean\test\stylegan_xl_0097a2e24789bc7a\color_down.jpg
stylegan_xl_00a4591cf03df584,color_down,stylegan_xl,stylegan_xl,1,0.0002609244838822633,data\cache\clean\test\stylegan_xl_00a4591cf03df584\color_down.jpg
stylegan_xl_031391f1ab18ab62,color_down,stylegan_xl,stylegan_xl,1,0.035655152052640915,data\cache\clean\test\stylegan_xl_031391f1ab18ab62\color_down.jpg
stylegan_xl_0f7efa4c31bcd8f4,color_down,stylegan_xl,stylegan_xl,1,0.03263993188738823,data\cache\clean\test\stylegan_xl_0f7efa4c31bcd8f4\color_down.jpg
stylegan_xl_10213,color_down,stylegan_xl,stylegan_xl,1,0.4393886625766754,data\cache\clean\test\stylegan_xl_10213\color_down.jpg
stylegan_xl_1060d58257bc5130,color_down,stylegan_xl,stylegan_xl,1,0.0010382526088505983,data\cache\clean\test\stylegan_xl_1060d58257bc5130\color_down.jpg
stylegan_xl_1440252ff76f525f,color_down,stylegan_xl,stylegan_xl,1,0.46249181032180786,data\cache\clean\test\stylegan_xl_1440252ff76f525f\color_down.jpg
stylegan_xl_17f8bf0ef8d2f478,color_down,stylegan_xl,stylegan_xl,1,0.16641610860824585,data\cache\clean\test\stylegan_xl_17f8bf0ef8d2f478\color_down.jpg
stylegan_xl_2013fe0d44f84041,color_down,stylegan_xl,stylegan_xl,1,2.436370232317131e-05,data\cache\clean\test\stylegan_xl_2013fe0d44f84041\color_down.jpg
stylegan_xl_324e332686aa6966,color_down,stylegan_xl,stylegan_xl,1,0.42288291454315186,data\cache\clean\test\stylegan_xl_324e332686aa6966\color_down.jpg
stylegan_xl_3621cf0be1fc8d68,color_down,stylegan_xl,stylegan_xl,1,0.18850484490394592,data\cache\clean\test\stylegan_xl_3621cf0be1fc8d68\color_down.jpg
stylegan_xl_38c489e3b0d8c700,color_down,stylegan_xl,stylegan_xl,1,0.2411845177412033,data\cache\clean\test\stylegan_xl_38c489e3b0d8c700\color_down.jpg
stylegan_xl_3b5e18f8fc06450d,color_down,stylegan_xl,stylegan_xl,1,0.016712820157408714,data\cache\clean\test\stylegan_xl_3b5e18f8fc06450d\color_down.jpg
stylegan_xl_44451,color_down,stylegan_xl,stylegan_xl,1,0.17077258229255676,data\cache\clean\test\stylegan_xl_44451\color_down.jpg
stylegan_xl_45081,color_down,stylegan_xl,stylegan_xl,1,0.002585663925856352,data\cache\clean\test\stylegan_xl_45081\color_down.jpg
stylegan_xl_45602,color_down,stylegan_xl,stylegan_xl,1,0.08538543432950974,data\cache\clean\test\stylegan_xl_45602\color_down.jpg
stylegan_xl_47014,color_down,stylegan_xl,stylegan_xl,1,0.23236845433712006,data\cache\clean\test\stylegan_xl_47014\color_down.jpg
stylegan_xl_47343,color_down,stylegan_xl,stylegan_xl,1,0.0006453241221606731,data\cache\clean\test\stylegan_xl_47343\color_down.jpg
stylegan_xl_47813,color_down,stylegan_xl,stylegan_xl,1,0.19585423171520233,data\cache\clean\test\stylegan_xl_47813\color_down.jpg
stylegan_xl_48611,color_down,stylegan_xl,stylegan_xl,1,0.05663524195551872,data\cache\clean\test\stylegan_xl_48611\color_down.jpg
stylegan_xl_48906,color_down,stylegan_xl,stylegan_xl,1,0.09626194834709167,data\cache\clean\test\stylegan_xl_48906\color_down.jpg
stylegan_xl_49074,color_down,stylegan_xl,stylegan_xl,1,0.13992394506931305,data\cache\clean\test\stylegan_xl_49074\color_down.jpg
stylegan_xl_4f991f9638e28675,color_down,stylegan_xl,stylegan_xl,1,0.001716777216643095,data\cache\clean\test\stylegan_xl_4f991f9638e28675\color_down.jpg
stylegan_xl_50731,color_down,stylegan_xl,stylegan_xl,1,0.37615787982940674,data\cache\clean\test\stylegan_xl_50731\color_down.jpg
stylegan_xl_60ed9d3511d333bf,color_down,stylegan_xl,stylegan_xl,1,0.031066076830029488,data\cache\clean\test\stylegan_xl_60ed9d3511d333bf\color_down.jpg
stylegan_xl_729fee52c5b7f95b,color_down,stylegan_xl,stylegan_xl,1,0.2178736925125122,data\cache\clean\test\stylegan_xl_729fee52c5b7f95b\color_down.jpg
stylegan_xl_7d433e90bcd7bd53,color_down,stylegan_xl,stylegan_xl,1,0.007050572894513607,data\cache\clean\test\stylegan_xl_7d433e90bcd7bd53\color_down.jpg
stylegan_xl_7ffebe6032f8209f,color_down,stylegan_xl,stylegan_xl,1,0.062267810106277466,data\cache\clean\test\stylegan_xl_7ffebe6032f8209f\color_down.jpg
stylegan_xl_80fc8be6e7c11eb3,color_down,stylegan_xl,stylegan_xl,1,0.0437576025724411,data\cache\clean\test\stylegan_xl_80fc8be6e7c11eb3\color_down.jpg
stylegan_xl_8f9dfd75dde8914f,color_down,stylegan_xl,stylegan_xl,1,0.22758938372135162,data\cache\clean\test\stylegan_xl_8f9dfd75dde8914f\color_down.jpg
stylegan_xl_a10d4a733f4df420,color_down,stylegan_xl,stylegan_xl,1,0.0859774500131607,data\cache\clean\test\stylegan_xl_a10d4a733f4df420\color_down.jpg
stylegan_xl_a1ed16fffc5ecb68,color_down,stylegan_xl,stylegan_xl,1,0.14761029183864594,data\cache\clean\test\stylegan_xl_a1ed16fffc5ecb68\color_down.jpg
stylegan_xl_a72f3ace10a8f550,color_down,stylegan_xl,stylegan_xl,1,0.0007334854453802109,data\cache\clean\test\stylegan_xl_a72f3ace10a8f550\color_down.jpg
stylegan_xl_b6abe358484b287a,color_down,stylegan_xl,stylegan_xl,1,0.06805886328220367,data\cache\clean\test\stylegan_xl_b6abe358484b287a\color_down.jpg
stylegan_xl_bd69757ff485d03e,color_down,stylegan_xl,stylegan_xl,1,0.14201529324054718,data\cache\clean\test\stylegan_xl_bd69757ff485d03e\color_down.jpg
stylegan_xl_cccbc1d57a7e095e,color_down,stylegan_xl,stylegan_xl,1,0.05249464511871338,data\cache\clean\test\stylegan_xl_cccbc1d57a7e095e\color_down.jpg
stylegan_xl_cf9c332a1ebfb587,color_down,stylegan_xl,stylegan_xl,1,0.1502661257982254,data\cache\clean\test\stylegan_xl_cf9c332a1ebfb587\color_down.jpg
stylegan_xl_d7c4ece8c8a01de0,color_down,stylegan_xl,stylegan_xl,1,0.001770020928233862,data\cache\clean\test\stylegan_xl_d7c4ece8c8a01de0\color_down.jpg
stylegan_xl_e4b8e7ef72cabaf2,color_down,stylegan_xl,stylegan_xl,1,0.10421564429998398,data\cache\clean\test\stylegan_xl_e4b8e7ef72cabaf2\color_down.jpg
stylegan_xl_fef6a66b8deaa7ab,color_down,stylegan_xl,stylegan_xl,1,0.008591421879827976,data\cache\clean\test\stylegan_xl_fef6a66b8deaa7ab\color_down.jpg
cifake_1028 (10),color_up,cifake,stable_diffusion,1,0.1096215769648552,data\cache\clean\test\cifake_1028 (10)\color_up.jpg
cifake_1088 (3),color_up,cifake,stable_diffusion,1,0.3691229522228241,data\cache\clean\test\cifake_1088 (3)\color_up.jpg
cifake_1468 (5),color_up,cifake,stable_diffusion,1,0.4756269156932831,data\cache\clean\test\cifake_1468 (5)\color_up.jpg
cifake_2857 (10)_1,color_up,cifake,stable_diffusion,1,0.4880743622779846,data\cache\clean\test\cifake_2857 (10)_1\color_up.jpg
cifake_4221 (2),color_up,cifake,stable_diffusion,1,0.02919497899711132,data\cache\clean\test\cifake_4221 (2)\color_up.jpg
cifake_5006 (3),color_up,cifake,stable_diffusion,1,0.3913276493549347,data\cache\clean\test\cifake_5006 (3)\color_up.jpg
cifake_5221 (3),color_up,cifake,stable_diffusion,1,0.2759190797805786,data\cache\clean\test\cifake_5221 (3)\color_up.jpg
cifake_771 (8),color_up,cifake,stable_diffusion,1,0.10466738045215607,data\cache\clean\test\cifake_771 (8)\color_up.jpg
dalle_10420,color_up,dalle,dalle,1,0.015465956181287766,data\cache\clean\test\dalle_10420\color_up.jpg
dalle_12052,color_up,dalle,dalle,1,0.02647382952272892,data\cache\clean\test\dalle_12052\color_up.jpg
dalle_13108,color_up,dalle,dalle,1,0.14420577883720398,data\cache\clean\test\dalle_13108\color_up.jpg
dalle_1895b86b74caac5dad51022c3d3b33df,color_up,dalle,dalle,1,0.0032242904417216778,data\cache\clean\test\dalle_1895b86b74caac5dad51022c3d3b33df\color_up.jpg
dalle_19590,color_up,dalle,dalle,1,0.1479204297065735,data\cache\clean\test\dalle_19590\color_up.jpg
dalle_19962,color_up,dalle,dalle,1,0.4981018006801605,data\cache\clean\test\dalle_19962\color_up.jpg
dalle_24299,color_up,dalle,dalle,1,0.23699608445167542,data\cache\clean\test\dalle_24299\color_up.jpg
dalle_24599,color_up,dalle,dalle,1,0.05888095125555992,data\cache\clean\test\dalle_24599\color_up.jpg
dalle_35493,color_up,dalle,dalle,1,0.13841275870800018,data\cache\clean\test\dalle_35493\color_up.jpg
dalle_42344,color_up,dalle,dalle,1,0.21817363798618317,data\cache\clean\test\dalle_42344\color_up.jpg
dalle_6f0f61883f111368d770c54801f33449,color_up,dalle,dalle,1,0.0012384469155222178,data\cache\clean\test\dalle_6f0f61883f111368d770c54801f33449\color_up.jpg
dalle_8017,color_up,dalle,dalle,1,0.07396552711725235,data\cache\clean\test\dalle_8017\color_up.jpg
dalle_9068,color_up,dalle,dalle,1,0.003241890110075474,data\cache\clean\test\dalle_9068\color_up.jpg
gigagan_02490,color_up,gigagan,gigagan,1,0.30695077776908875,data\cache\clean\test\gigagan_02490\color_up.jpg
gigagan_03860,color_up,gigagan,gigagan,1,0.07337937504053116,data\cache\clean\test\gigagan_03860\color_up.jpg
gigagan_05645,color_up,gigagan,gigagan,1,0.03451930359005928,data\cache\clean\test\gigagan_05645\color_up.jpg
gigagan_06628,color_up,gigagan,gigagan,1,0.0533754825592041,data\cache\clean\test\gigagan_06628\color_up.jpg
gigagan_07239,color_up,gigagan,gigagan,1,0.3506160378456116,data\cache\clean\test\gigagan_07239\color_up.jpg
gigagan_07350,color_up,gigagan,gigagan,1,0.043230388313531876,data\cache\clean\test\gigagan_07350\color_up.jpg
gigagan_07909,color_up,gigagan,gigagan,1,0.15452148020267487,data\cache\clean\test\gigagan_07909\color_up.jpg
gigagan_07986,color_up,gigagan,gigagan,1,0.18116150796413422,data\cache\clean\test\gigagan_07986\color_up.jpg
gigagan_08055,color_up,gigagan,gigagan,1,0.07758161425590515,data\cache\clean\test\gigagan_08055\color_up.jpg
gigagan_08561,color_up,gigagan,gigagan,1,0.3353324830532074,data\cache\clean\test\gigagan_08561\color_up.jpg
gigagan_09302,color_up,gigagan,gigagan,1,0.001343138050287962,data\cache\clean\test\gigagan_09302\color_up.jpg
gigagan_09458,color_up,gigagan,gigagan,1,0.36243125796318054,data\cache\clean\test\gigagan_09458\color_up.jpg
gigagan_10282,color_up,gigagan,gigagan,1,0.0572844035923481,data\cache\clean\test\gigagan_10282\color_up.jpg
gigagan_10769,color_up,gigagan,gigagan,1,0.016715845093131065,data\cache\clean\test\gigagan_10769\color_up.jpg
gigagan_10914,color_up,gigagan,gigagan,1,0.0002863573026843369,data\cache\clean\test\gigagan_10914\color_up.jpg
gigagan_14071,color_up,gigagan,gigagan,1,0.002306837821379304,data\cache\clean\test\gigagan_14071\color_up.jpg
gigagan_14909,color_up,gigagan,gigagan,1,0.0019125009421259165,data\cache\clean\test\gigagan_14909\color_up.jpg
gigagan_15561,color_up,gigagan,gigagan,1,0.00023428052372764796,data\cache\clean\test\gigagan_15561\color_up.jpg
gigagan_16357,color_up,gigagan,gigagan,1,0.01107786875218153,data\cache\clean\test\gigagan_16357\color_up.jpg
gigagan_16966,color_up,gigagan,gigagan,1,0.011514339596033096,data\cache\clean\test\gigagan_16966\color_up.jpg
gigagan_18085,color_up,gigagan,gigagan,1,0.02131025679409504,data\cache\clean\test\gigagan_18085\color_up.jpg
gigagan_18143,color_up,gigagan,gigagan,1,0.39820966124534607,data\cache\clean\test\gigagan_18143\color_up.jpg
gigagan_19055,color_up,gigagan,gigagan,1,0.475921094417572,data\cache\clean\test\gigagan_19055\color_up.jpg
gigagan_19199,color_up,gigagan,gigagan,1,0.06515993922948837,data\cache\clean\test\gigagan_19199\color_up.jpg
gigagan_20207,color_up,gigagan,gigagan,1,0.019086500629782677,data\cache\clean\test\gigagan_20207\color_up.jpg
gigagan_20327,color_up,gigagan,gigagan,1,0.006226350553333759,data\cache\clean\test\gigagan_20327\color_up.jpg
gigagan_20968,color_up,gigagan,gigagan,1,0.3001210689544678,data\cache\clean\test\gigagan_20968\color_up.jpg
gigagan_21166,color_up,gigagan,gigagan,1,0.1166587620973587,data\cache\clean\test\gigagan_21166\color_up.jpg
gigagan_21244,color_up,gigagan,gigagan,1,0.20492124557495117,data\cache\clean\test\gigagan_21244\color_up.jpg
gigagan_21611,color_up,gigagan,gigagan,1,0.01567682810127735,data\cache\clean\test\gigagan_21611\color_up.jpg
gigagan_22418,color_up,gigagan,gigagan,1,0.03929995000362396,data\cache\clean\test\gigagan_22418\color_up.jpg
gigagan_22533,color_up,gigagan,gigagan,1,0.06712894141674042,data\cache\clean\test\gigagan_22533\color_up.jpg
gigagan_22698,color_up,gigagan,gigagan,1,0.3302559554576874,data\cache\clean\test\gigagan_22698\color_up.jpg
gigagan_22770,color_up,gigagan,gigagan,1,0.0044243959710001945,data\cache\clean\test\gigagan_22770\color_up.jpg
gigagan_23134,color_up,gigagan,gigagan,1,2.0182225853204727e-05,data\cache\clean\test\gigagan_23134\color_up.jpg
gigagan_23834,color_up,gigagan,gigagan,1,0.08145667612552643,data\cache\clean\test\gigagan_23834\color_up.jpg
gigagan_24445,color_up,gigagan,gigagan,1,0.23694159090518951,data\cache\clean\test\gigagan_24445\color_up.jpg
gigagan_24679,color_up,gigagan,gigagan,1,0.023121505975723267,data\cache\clean\test\gigagan_24679\color_up.jpg
gigagan_24707,color_up,gigagan,gigagan,1,0.29206278920173645,data\cache\clean\test\gigagan_24707\color_up.jpg
gigagan_24726,color_up,gigagan,gigagan,1,0.4375484883785248,data\cache\clean\test\gigagan_24726\color_up.jpg
gigagan_24933,color_up,gigagan,gigagan,1,0.0987228974699974,data\cache\clean\test\gigagan_24933\color_up.jpg
gigagan_25090,color_up,gigagan,gigagan,1,0.010638750158250332,data\cache\clean\test\gigagan_25090\color_up.jpg
gigagan_26067,color_up,gigagan,gigagan,1,0.12466049194335938,data\cache\clean\test\gigagan_26067\color_up.jpg
gigagan_26651,color_up,gigagan,gigagan,1,0.4540008306503296,data\cache\clean\test\gigagan_26651\color_up.jpg
gigagan_26681,color_up,gigagan,gigagan,1,0.030859755352139473,data\cache\clean\test\gigagan_26681\color_up.jpg
gigagan_27593,color_up,gigagan,gigagan,1,0.40497708320617676,data\cache\clean\test\gigagan_27593\color_up.jpg
gigagan_28900,color_up,gigagan,gigagan,1,0.09235434234142303,data\cache\clean\test\gigagan_28900\color_up.jpg
gigagan_29456,color_up,gigagan,gigagan,1,0.38375794887542725,data\cache\clean\test\gigagan_29456\color_up.jpg
imagen3_045e6da6fd7f6fb0,color_up,imagen3,imagen3,1,0.01911335438489914,data\cache\clean\test\imagen3_045e6da6fd7f6fb0\color_up.jpg
imagen3_13ed1f9391224848,color_up,imagen3,imagen3,1,0.27538031339645386,data\cache\clean\test\imagen3_13ed1f9391224848\color_up.jpg
imagen3_17643da56f35c6f7,color_up,imagen3,imagen3,1,0.0009866425534710288,data\cache\clean\test\imagen3_17643da56f35c6f7\color_up.jpg
imagen3_24e64d19ddde11cb,color_up,imagen3,imagen3,1,0.23755879700183868,data\cache\clean\test\imagen3_24e64d19ddde11cb\color_up.jpg
imagen3_260ae6b06f1f50e2,color_up,imagen3,imagen3,1,0.00026133577921427786,data\cache\clean\test\imagen3_260ae6b06f1f50e2\color_up.jpg
imagen3_2be4510162a8a76e,color_up,imagen3,imagen3,1,2.2360483853844926e-05,data\cache\clean\test\imagen3_2be4510162a8a76e\color_up.jpg
imagen3_3403b18fc93acbfc,color_up,imagen3,imagen3,1,0.018262136727571487,data\cache\clean\test\imagen3_3403b18fc93acbfc\color_up.jpg
imagen3_44075,color_up,imagen3,imagen3,1,0.013745804317295551,data\cache\clean\test\imagen3_44075\color_up.jpg
imagen3_44476,color_up,imagen3,imagen3,1,0.09541504830121994,data\cache\clean\test\imagen3_44476\color_up.jpg
imagen3_46922,color_up,imagen3,imagen3,1,0.07164771109819412,data\cache\clean\test\imagen3_46922\color_up.jpg
imagen3_473ffc5e3d5dc373,color_up,imagen3,imagen3,1,0.010448142886161804,data\cache\clean\test\imagen3_473ffc5e3d5dc373\color_up.jpg
imagen3_52520,color_up,imagen3,imagen3,1,0.4190501570701599,data\cache\clean\test\imagen3_52520\color_up.jpg
imagen3_560ead164dab63a5,color_up,imagen3,imagen3,1,0.31713393330574036,data\cache\clean\test\imagen3_560ead164dab63a5\color_up.jpg
imagen3_5e95809bd47d157b,color_up,imagen3,imagen3,1,0.053141701966524124,data\cache\clean\test\imagen3_5e95809bd47d157b\color_up.jpg
imagen3_6a8270ea182a9194,color_up,imagen3,imagen3,1,0.022993165999650955,data\cache\clean\test\imagen3_6a8270ea182a9194\color_up.jpg
imagen3_6c7624322b04ce43,color_up,imagen3,imagen3,1,0.048023633658885956,data\cache\clean\test\imagen3_6c7624322b04ce43\color_up.jpg
imagen3_77fb2d4f372634f8,color_up,imagen3,imagen3,1,0.00515323132276535,data\cache\clean\test\imagen3_77fb2d4f372634f8\color_up.jpg
imagen3_7e3e1e738f642f1a,color_up,imagen3,imagen3,1,0.13187602162361145,data\cache\clean\test\imagen3_7e3e1e738f642f1a\color_up.jpg
imagen3_7ee1485909c59826,color_up,imagen3,imagen3,1,0.24355822801589966,data\cache\clean\test\imagen3_7ee1485909c59826\color_up.jpg
imagen3_8b13dc3bff918841,color_up,imagen3,imagen3,1,0.006788655184209347,data\cache\clean\test\imagen3_8b13dc3bff918841\color_up.jpg
imagen3_8c20e4bf83ffff36,color_up,imagen3,imagen3,1,0.12731479108333588,data\cache\clean\test\imagen3_8c20e4bf83ffff36\color_up.jpg
imagen3_8e6f8acd28fd8f35,color_up,imagen3,imagen3,1,0.10583765804767609,data\cache\clean\test\imagen3_8e6f8acd28fd8f35\color_up.jpg
imagen3_9e82651e214a25c8,color_up,imagen3,imagen3,1,0.0734965056180954,data\cache\clean\test\imagen3_9e82651e214a25c8\color_up.jpg
imagen3_aa13646e437b7afa,color_up,imagen3,imagen3,1,0.3861050605773926,data\cache\clean\test\imagen3_aa13646e437b7afa\color_up.jpg
imagen3_ad860df8c2a1a848,color_up,imagen3,imagen3,1,0.006318291183561087,data\cache\clean\test\imagen3_ad860df8c2a1a848\color_up.jpg
imagen3_b69c9976ced306d1,color_up,imagen3,imagen3,1,0.06634088605642319,data\cache\clean\test\imagen3_b69c9976ced306d1\color_up.jpg
imagen3_ca44bb7db1e73a9a,color_up,imagen3,imagen3,1,0.0011526275193318725,data\cache\clean\test\imagen3_ca44bb7db1e73a9a\color_up.jpg
imagen3_e63f3b6f8bdee43a,color_up,imagen3,imagen3,1,0.18403121829032898,data\cache\clean\test\imagen3_e63f3b6f8bdee43a\color_up.jpg
imagen3_eaf94916ce926270,color_up,imagen3,imagen3,1,0.21049782633781433,data\cache\clean\test\imagen3_eaf94916ce926270\color_up.jpg
imagen3_f2da05bffbe27dab,color_up,imagen3,imagen3,1,0.11464864015579224,data\cache\clean\test\imagen3_f2da05bffbe27dab\color_up.jpg
imagen3_fe7048efd51b15b8,color_up,imagen3,imagen3,1,0.06814616173505783,data\cache\clean\test\imagen3_fe7048efd51b15b8\color_up.jpg
imagen3_Imagen3_1208,color_up,imagen3,imagen3,1,0.0036537901032716036,data\cache\clean\test\imagen3_Imagen3_1208\color_up.jpg
imagen3_Imagen3_2762,color_up,imagen3,imagen3,1,0.041230492293834686,data\cache\clean\test\imagen3_Imagen3_2762\color_up.jpg
imagen3_Imagen3_2877,color_up,imagen3,imagen3,1,0.38846349716186523,data\cache\clean\test\imagen3_Imagen3_2877\color_up.jpg
imagen3_Imagen3_3085,color_up,imagen3,imagen3,1,0.27783891558647156,data\cache\clean\test\imagen3_Imagen3_3085\color_up.jpg
imagen3_Imagen3_3097,color_up,imagen3,imagen3,1,0.001898846821859479,data\cache\clean\test\imagen3_Imagen3_3097\color_up.jpg
sidset_full_synthetic_001692,color_up,sidset,full_synthetic,1,0.43807604908943176,data\cache\clean\test\sidset_full_synthetic_001692\color_up.jpg
sidset_full_synthetic_004754,color_up,sidset,full_synthetic,1,0.030955176800489426,data\cache\clean\test\sidset_full_synthetic_004754\color_up.jpg
sidset_full_synthetic_005710,color_up,sidset,full_synthetic,1,0.04203931987285614,data\cache\clean\test\sidset_full_synthetic_005710\color_up.jpg
sidset_full_synthetic_033528,color_up,sidset,full_synthetic,1,0.004703405313193798,data\cache\clean\test\sidset_full_synthetic_033528\color_up.jpg
sidset_full_synthetic_040891,color_up,sidset,full_synthetic,1,0.1147407740354538,data\cache\clean\test\sidset_full_synthetic_040891\color_up.jpg
stylegan_xl_0097a2e24789bc7a,color_up,stylegan_xl,stylegan_xl,1,0.080817312002182,data\cache\clean\test\stylegan_xl_0097a2e24789bc7a\color_up.jpg
stylegan_xl_00a4591cf03df584,color_up,stylegan_xl,stylegan_xl,1,0.0005172857781872153,data\cache\clean\test\stylegan_xl_00a4591cf03df584\color_up.jpg
stylegan_xl_0f7efa4c31bcd8f4,color_up,stylegan_xl,stylegan_xl,1,0.0026026517152786255,data\cache\clean\test\stylegan_xl_0f7efa4c31bcd8f4\color_up.jpg
stylegan_xl_1060d58257bc5130,color_up,stylegan_xl,stylegan_xl,1,0.0001629526959732175,data\cache\clean\test\stylegan_xl_1060d58257bc5130\color_up.jpg
stylegan_xl_17552,color_up,stylegan_xl,stylegan_xl,1,0.029692284762859344,data\cache\clean\test\stylegan_xl_17552\color_up.jpg
stylegan_xl_17f8bf0ef8d2f478,color_up,stylegan_xl,stylegan_xl,1,0.3684653043746948,data\cache\clean\test\stylegan_xl_17f8bf0ef8d2f478\color_up.jpg
stylegan_xl_2013fe0d44f84041,color_up,stylegan_xl,stylegan_xl,1,0.00015927900676615536,data\cache\clean\test\stylegan_xl_2013fe0d44f84041\color_up.jpg
stylegan_xl_21210,color_up,stylegan_xl,stylegan_xl,1,0.12352514266967773,data\cache\clean\test\stylegan_xl_21210\color_up.jpg
stylegan_xl_324e332686aa6966,color_up,stylegan_xl,stylegan_xl,1,0.16856536269187927,data\cache\clean\test\stylegan_xl_324e332686aa6966\color_up.jpg
stylegan_xl_3621cf0be1fc8d68,color_up,stylegan_xl,stylegan_xl,1,0.24379487335681915,data\cache\clean\test\stylegan_xl_3621cf0be1fc8d68\color_up.jpg
stylegan_xl_38c489e3b0d8c700,color_up,stylegan_xl,stylegan_xl,1,0.33954793214797974,data\cache\clean\test\stylegan_xl_38c489e3b0d8c700\color_up.jpg
stylegan_xl_3b5e18f8fc06450d,color_up,stylegan_xl,stylegan_xl,1,0.014355181716382504,data\cache\clean\test\stylegan_xl_3b5e18f8fc06450d\color_up.jpg
stylegan_xl_43847,color_up,stylegan_xl,stylegan_xl,1,0.1468130201101303,data\cache\clean\test\stylegan_xl_43847\color_up.jpg
stylegan_xl_45081,color_up,stylegan_xl,stylegan_xl,1,0.0023678827565163374,data\cache\clean\test\stylegan_xl_45081\color_up.jpg
stylegan_xl_45602,color_up,stylegan_xl,stylegan_xl,1,0.04396820068359375,data\cache\clean\test\stylegan_xl_45602\color_up.jpg
stylegan_xl_47014,color_up,stylegan_xl,stylegan_xl,1,0.3719462454319,data\cache\clean\test\stylegan_xl_47014\color_up.jpg
stylegan_xl_47343,color_up,stylegan_xl,stylegan_xl,1,0.021608280017971992,data\cache\clean\test\stylegan_xl_47343\color_up.jpg
stylegan_xl_48611,color_up,stylegan_xl,stylegan_xl,1,0.03410632535815239,data\cache\clean\test\stylegan_xl_48611\color_up.jpg
stylegan_xl_48906,color_up,stylegan_xl,stylegan_xl,1,0.16379624605178833,data\cache\clean\test\stylegan_xl_48906\color_up.jpg
stylegan_xl_49074,color_up,stylegan_xl,stylegan_xl,1,0.012268271297216415,data\cache\clean\test\stylegan_xl_49074\color_up.jpg
stylegan_xl_4f991f9638e28675,color_up,stylegan_xl,stylegan_xl,1,0.0025094503071159124,data\cache\clean\test\stylegan_xl_4f991f9638e28675\color_up.jpg
stylegan_xl_50731,color_up,stylegan_xl,stylegan_xl,1,0.020587502047419548,data\cache\clean\test\stylegan_xl_50731\color_up.jpg
stylegan_xl_548aed682dc65ef2,color_up,stylegan_xl,stylegan_xl,1,0.1578640192747116,data\cache\clean\test\stylegan_xl_548aed682dc65ef2\color_up.jpg
stylegan_xl_60ed9d3511d333bf,color_up,stylegan_xl,stylegan_xl,1,0.009899728000164032,data\cache\clean\test\stylegan_xl_60ed9d3511d333bf\color_up.jpg
stylegan_xl_65bb283a1280639e,color_up,stylegan_xl,stylegan_xl,1,0.2342204749584198,data\cache\clean\test\stylegan_xl_65bb283a1280639e\color_up.jpg
stylegan_xl_729fee52c5b7f95b,color_up,stylegan_xl,stylegan_xl,1,0.15177355706691742,data\cache\clean\test\stylegan_xl_729fee52c5b7f95b\color_up.jpg
stylegan_xl_7d433e90bcd7bd53,color_up,stylegan_xl,stylegan_xl,1,0.0065735406242311,data\cache\clean\test\stylegan_xl_7d433e90bcd7bd53\color_up.jpg
stylegan_xl_7ffebe6032f8209f,color_up,stylegan_xl,stylegan_xl,1,0.02313545159995556,data\cache\clean\test\stylegan_xl_7ffebe6032f8209f\color_up.jpg
stylegan_xl_80fc8be6e7c11eb3,color_up,stylegan_xl,stylegan_xl,1,0.009042564779520035,data\cache\clean\test\stylegan_xl_80fc8be6e7c11eb3\color_up.jpg
stylegan_xl_a10d4a733f4df420,color_up,stylegan_xl,stylegan_xl,1,0.37088605761528015,data\cache\clean\test\stylegan_xl_a10d4a733f4df420\color_up.jpg
stylegan_xl_a1ed16fffc5ecb68,color_up,stylegan_xl,stylegan_xl,1,0.13741014897823334,data\cache\clean\test\stylegan_xl_a1ed16fffc5ecb68\color_up.jpg
stylegan_xl_a72f3ace10a8f550,color_up,stylegan_xl,stylegan_xl,1,0.024689307436347008,data\cache\clean\test\stylegan_xl_a72f3ace10a8f550\color_up.jpg
stylegan_xl_b6abe358484b287a,color_up,stylegan_xl,stylegan_xl,1,0.0265033021569252,data\cache\clean\test\stylegan_xl_b6abe358484b287a\color_up.jpg
stylegan_xl_bd69757ff485d03e,color_up,stylegan_xl,stylegan_xl,1,0.06177571415901184,data\cache\clean\test\stylegan_xl_bd69757ff485d03e\color_up.jpg
stylegan_xl_cccbc1d57a7e095e,color_up,stylegan_xl,stylegan_xl,1,0.028313852846622467,data\cache\clean\test\stylegan_xl_cccbc1d57a7e095e\color_up.jpg
stylegan_xl_cf9c332a1ebfb587,color_up,stylegan_xl,stylegan_xl,1,0.4552931487560272,data\cache\clean\test\stylegan_xl_cf9c332a1ebfb587\color_up.jpg
stylegan_xl_d7c4ece8c8a01de0,color_up,stylegan_xl,stylegan_xl,1,0.05399511009454727,data\cache\clean\test\stylegan_xl_d7c4ece8c8a01de0\color_up.jpg
stylegan_xl_e4b8e7ef72cabaf2,color_up,stylegan_xl,stylegan_xl,1,0.05432804301381111,data\cache\clean\test\stylegan_xl_e4b8e7ef72cabaf2\color_up.jpg
stylegan_xl_f2ea3473d8b1a62f,color_up,stylegan_xl,stylegan_xl,1,0.2777574360370636,data\cache\clean\test\stylegan_xl_f2ea3473d8b1a62f\color_up.jpg
stylegan_xl_fef6a66b8deaa7ab,color_up,stylegan_xl,stylegan_xl,1,0.004927169997245073,data\cache\clean\test\stylegan_xl_fef6a66b8deaa7ab\color_up.jpg
stylegan_xl_stylegan-x_2517,color_up,stylegan_xl,stylegan_xl,1,0.4713933765888214,data\cache\clean\test\stylegan_xl_stylegan-x_2517\color_up.jpg
cifake_1028 (10),crop80,cifake,stable_diffusion,1,0.11939898878335953,data\cache\clean\test\cifake_1028 (10)\crop80.jpg
cifake_1867 (9),crop80,cifake,stable_diffusion,1,0.026929117739200592,data\cache\clean\test\cifake_1867 (9)\crop80.jpg
cifake_2286 (2),crop80,cifake,stable_diffusion,1,0.02059077098965645,data\cache\clean\test\cifake_2286 (2)\crop80.jpg
cifake_2293 (9),crop80,cifake,stable_diffusion,1,0.15622612833976746,data\cache\clean\test\cifake_2293 (9)\crop80.jpg
cifake_3053 (4),crop80,cifake,stable_diffusion,1,0.03089502826333046,data\cache\clean\test\cifake_3053 (4)\crop80.jpg
cifake_3234 (2),crop80,cifake,stable_diffusion,1,0.3563039004802704,data\cache\clean\test\cifake_3234 (2)\crop80.jpg
cifake_3309 (8),crop80,cifake,stable_diffusion,1,0.014539575204253197,data\cache\clean\test\cifake_3309 (8)\crop80.jpg
cifake_3379 (8),crop80,cifake,stable_diffusion,1,0.2182815670967102,data\cache\clean\test\cifake_3379 (8)\crop80.jpg
cifake_3395 (5),crop80,cifake,stable_diffusion,1,0.026259995996952057,data\cache\clean\test\cifake_3395 (5)\crop80.jpg
cifake_3582 (9),crop80,cifake,stable_diffusion,1,0.09736831486225128,data\cache\clean\test\cifake_3582 (9)\crop80.jpg
cifake_3652 (2),crop80,cifake,stable_diffusion,1,0.3807527720928192,data\cache\clean\test\cifake_3652 (2)\crop80.jpg
cifake_3971 (2),crop80,cifake,stable_diffusion,1,0.3453691601753235,data\cache\clean\test\cifake_3971 (2)\crop80.jpg
cifake_4160 (8)_1,crop80,cifake,stable_diffusion,1,0.35423919558525085,data\cache\clean\test\cifake_4160 (8)_1\crop80.jpg
cifake_4221 (2),crop80,cifake,stable_diffusion,1,0.008052041754126549,data\cache\clean\test\cifake_4221 (2)\crop80.jpg
cifake_462 (2),crop80,cifake,stable_diffusion,1,0.46776387095451355,data\cache\clean\test\cifake_462 (2)\crop80.jpg
cifake_4656 (8),crop80,cifake,stable_diffusion,1,0.4009513556957245,data\cache\clean\test\cifake_4656 (8)\crop80.jpg
cifake_4670 (4),crop80,cifake,stable_diffusion,1,0.20556677877902985,data\cache\clean\test\cifake_4670 (4)\crop80.jpg
cifake_5110 (9),crop80,cifake,stable_diffusion,1,0.4075451195240021,data\cache\clean\test\cifake_5110 (9)\crop80.jpg
cifake_5288 (5),crop80,cifake,stable_diffusion,1,0.4489700198173523,data\cache\clean\test\cifake_5288 (5)\crop80.jpg
cifake_716 (9),crop80,cifake,stable_diffusion,1,0.33211392164230347,data\cache\clean\test\cifake_716 (9)\crop80.jpg
dalle_10420,crop80,dalle,dalle,1,0.2604261040687561,data\cache\clean\test\dalle_10420\crop80.jpg
dalle_12052,crop80,dalle,dalle,1,0.39917996525764465,data\cache\clean\test\dalle_12052\crop80.jpg
dalle_1895b86b74caac5dad51022c3d3b33df,crop80,dalle,dalle,1,0.0002993122907355428,data\cache\clean\test\dalle_1895b86b74caac5dad51022c3d3b33df\crop80.jpg
dalle_19590,crop80,dalle,dalle,1,0.002484375610947609,data\cache\clean\test\dalle_19590\crop80.jpg
dalle_20080,crop80,dalle,dalle,1,0.3657342493534088,data\cache\clean\test\dalle_20080\crop80.jpg
dalle_29659,crop80,dalle,dalle,1,0.4208715856075287,data\cache\clean\test\dalle_29659\crop80.jpg
dalle_33159,crop80,dalle,dalle,1,0.2983327805995941,data\cache\clean\test\dalle_33159\crop80.jpg
dalle_3469,crop80,dalle,dalle,1,0.40919029712677,data\cache\clean\test\dalle_3469\crop80.jpg
dalle_35493,crop80,dalle,dalle,1,0.06124560907483101,data\cache\clean\test\dalle_35493\crop80.jpg
dalle_40387,crop80,dalle,dalle,1,0.004149474203586578,data\cache\clean\test\dalle_40387\crop80.jpg
dalle_41791,crop80,dalle,dalle,1,0.3717658817768097,data\cache\clean\test\dalle_41791\crop80.jpg
dalle_568,crop80,dalle,dalle,1,0.34448349475860596,data\cache\clean\test\dalle_568\crop80.jpg
dalle_6481,crop80,dalle,dalle,1,0.1496795266866684,data\cache\clean\test\dalle_6481\crop80.jpg
dalle_6f0f61883f111368d770c54801f33449,crop80,dalle,dalle,1,0.004474977497011423,data\cache\clean\test\dalle_6f0f61883f111368d770c54801f33449\crop80.jpg
dalle_8017,crop80,dalle,dalle,1,0.0022659902460873127,data\cache\clean\test\dalle_8017\crop80.jpg
dalle_9068,crop80,dalle,dalle,1,0.4771300256252289,data\cache\clean\test\dalle_9068\crop80.jpg
dalle_a595a5116274f92b97cb4b53f3745e04,crop80,dalle,dalle,1,0.19372163712978363,data\cache\clean\test\dalle_a595a5116274f92b97cb4b53f3745e04\crop80.jpg
dalle_fcb663a4c7f01f5a548e4c1088d00a91,crop80,dalle,dalle,1,0.44855278730392456,data\cache\clean\test\dalle_fcb663a4c7f01f5a548e4c1088d00a91\crop80.jpg
gigagan_03860,crop80,gigagan,gigagan,1,0.035208892077207565,data\cache\clean\test\gigagan_03860\crop80.jpg
gigagan_05061,crop80,gigagan,gigagan,1,0.08301562070846558,data\cache\clean\test\gigagan_05061\crop80.jpg
gigagan_05645,crop80,gigagan,gigagan,1,0.03898250684142113,data\cache\clean\test\gigagan_05645\crop80.jpg
gigagan_05738,crop80,gigagan,gigagan,1,0.16230833530426025,data\cache\clean\test\gigagan_05738\crop80.jpg
gigagan_05849,crop80,gigagan,gigagan,1,0.09113552421331406,data\cache\clean\test\gigagan_05849\crop80.jpg
gigagan_06628,crop80,gigagan,gigagan,1,0.009012354537844658,data\cache\clean\test\gigagan_06628\crop80.jpg
gigagan_07350,crop80,gigagan,gigagan,1,0.0014115872327238321,data\cache\clean\test\gigagan_07350\crop80.jpg
gigagan_07909,crop80,gigagan,gigagan,1,0.2108929306268692,data\cache\clean\test\gigagan_07909\crop80.jpg
gigagan_08193,crop80,gigagan,gigagan,1,0.3887254297733307,data\cache\clean\test\gigagan_08193\crop80.jpg
gigagan_08561,crop80,gigagan,gigagan,1,0.2991596460342407,data\cache\clean\test\gigagan_08561\crop80.jpg
gigagan_09302,crop80,gigagan,gigagan,1,0.007474957033991814,data\cache\clean\test\gigagan_09302\crop80.jpg
gigagan_10769,crop80,gigagan,gigagan,1,0.019454747438430786,data\cache\clean\test\gigagan_10769\crop80.jpg
gigagan_10914,crop80,gigagan,gigagan,1,0.004516026470810175,data\cache\clean\test\gigagan_10914\crop80.jpg
gigagan_11092,crop80,gigagan,gigagan,1,0.4956168234348297,data\cache\clean\test\gigagan_11092\crop80.jpg
gigagan_11176,crop80,gigagan,gigagan,1,0.04749418795108795,data\cache\clean\test\gigagan_11176\crop80.jpg
gigagan_14071,crop80,gigagan,gigagan,1,0.0009069856023415923,data\cache\clean\test\gigagan_14071\crop80.jpg
gigagan_15355,crop80,gigagan,gigagan,1,0.3301699459552765,data\cache\clean\test\gigagan_15355\crop80.jpg
gigagan_15561,crop80,gigagan,gigagan,1,0.15054482221603394,data\cache\clean\test\gigagan_15561\crop80.jpg
gigagan_16357,crop80,gigagan,gigagan,1,0.039190419018268585,data\cache\clean\test\gigagan_16357\crop80.jpg
gigagan_16966,crop80,gigagan,gigagan,1,0.24599812924861908,data\cache\clean\test\gigagan_16966\crop80.jpg
gigagan_17057,crop80,gigagan,gigagan,1,0.47551900148391724,data\cache\clean\test\gigagan_17057\crop80.jpg
gigagan_17666,crop80,gigagan,gigagan,1,0.186497300863266,data\cache\clean\test\gigagan_17666\crop80.jpg
gigagan_18085,crop80,gigagan,gigagan,1,0.04093719273805618,data\cache\clean\test\gigagan_18085\crop80.jpg
gigagan_18143,crop80,gigagan,gigagan,1,0.16098690032958984,data\cache\clean\test\gigagan_18143\crop80.jpg
gigagan_18507,crop80,gigagan,gigagan,1,0.36207765340805054,data\cache\clean\test\gigagan_18507\crop80.jpg
gigagan_18704,crop80,gigagan,gigagan,1,0.38309022784233093,data\cache\clean\test\gigagan_18704\crop80.jpg
gigagan_19127,crop80,gigagan,gigagan,1,0.429341584444046,data\cache\clean\test\gigagan_19127\crop80.jpg
gigagan_19199,crop80,gigagan,gigagan,1,0.036487746983766556,data\cache\clean\test\gigagan_19199\crop80.jpg
gigagan_20207,crop80,gigagan,gigagan,1,0.4340740144252777,data\cache\clean\test\gigagan_20207\crop80.jpg
gigagan_20327,crop80,gigagan,gigagan,1,0.021811412647366524,data\cache\clean\test\gigagan_20327\crop80.jpg
gigagan_20516,crop80,gigagan,gigagan,1,0.028021659702062607,data\cache\clean\test\gigagan_20516\crop80.jpg
gigagan_20968,crop80,gigagan,gigagan,1,0.18464946746826172,data\cache\clean\test\gigagan_20968\crop80.jpg
gigagan_21116,crop80,gigagan,gigagan,1,0.39370036125183105,data\cache\clean\test\gigagan_21116\crop80.jpg
gigagan_21611,crop80,gigagan,gigagan,1,0.0030037974938750267,data\cache\clean\test\gigagan_21611\crop80.jpg
gigagan_22263,crop80,gigagan,gigagan,1,0.22068865597248077,data\cache\clean\test\gigagan_22263\crop80.jpg
gigagan_22418,crop80,gigagan,gigagan,1,0.3282356262207031,data\cache\clean\test\gigagan_22418\crop80.jpg
gigagan_22698,crop80,gigagan,gigagan,1,0.08535490930080414,data\cache\clean\test\gigagan_22698\crop80.jpg
gigagan_22770,crop80,gigagan,gigagan,1,0.021247878670692444,data\cache\clean\test\gigagan_22770\crop80.jpg
gigagan_23134,crop80,gigagan,gigagan,1,0.000730175175704062,data\cache\clean\test\gigagan_23134\crop80.jpg
gigagan_23834,crop80,gigagan,gigagan,1,0.020401138812303543,data\cache\clean\test\gigagan_23834\crop80.jpg
gigagan_24679,crop80,gigagan,gigagan,1,0.03361581265926361,data\cache\clean\test\gigagan_24679\crop80.jpg
gigagan_24933,crop80,gigagan,gigagan,1,0.006639775820076466,data\cache\clean\test\gigagan_24933\crop80.jpg
gigagan_25090,crop80,gigagan,gigagan,1,0.10056986659765244,data\cache\clean\test\gigagan_25090\crop80.jpg
gigagan_25645,crop80,gigagan,gigagan,1,0.2353028804063797,data\cache\clean\test\gigagan_25645\crop80.jpg
gigagan_26067,crop80,gigagan,gigagan,1,0.027645166963338852,data\cache\clean\test\gigagan_26067\crop80.jpg
gigagan_28900,crop80,gigagan,gigagan,1,0.43711137771606445,data\cache\clean\test\gigagan_28900\crop80.jpg
gigagan_29456,crop80,gigagan,gigagan,1,0.2485051304101944,data\cache\clean\test\gigagan_29456\crop80.jpg
imagen3_045e6da6fd7f6fb0,crop80,imagen3,imagen3,1,0.0020275830756872892,data\cache\clean\test\imagen3_045e6da6fd7f6fb0\crop80.jpg
imagen3_07747d6ffd056bee,crop80,imagen3,imagen3,1,0.41367796063423157,data\cache\clean\test\imagen3_07747d6ffd056bee\crop80.jpg
imagen3_13ed1f9391224848,crop80,imagen3,imagen3,1,0.07890597730875015,data\cache\clean\test\imagen3_13ed1f9391224848\crop80.jpg
imagen3_17643da56f35c6f7,crop80,imagen3,imagen3,1,0.0007921473006717861,data\cache\clean\test\imagen3_17643da56f35c6f7\crop80.jpg
imagen3_24e64d19ddde11cb,crop80,imagen3,imagen3,1,0.039316948503255844,data\cache\clean\test\imagen3_24e64d19ddde11cb\crop80.jpg
imagen3_260ae6b06f1f50e2,crop80,imagen3,imagen3,1,0.001035039429552853,data\cache\clean\test\imagen3_260ae6b06f1f50e2\crop80.jpg
imagen3_2be4510162a8a76e,crop80,imagen3,imagen3,1,0.004163323435932398,data\cache\clean\test\imagen3_2be4510162a8a76e\crop80.jpg
imagen3_3403b18fc93acbfc,crop80,imagen3,imagen3,1,0.0034843150060623884,data\cache\clean\test\imagen3_3403b18fc93acbfc\crop80.jpg
imagen3_44476,crop80,imagen3,imagen3,1,0.20150983333587646,data\cache\clean\test\imagen3_44476\crop80.jpg
imagen3_473ffc5e3d5dc373,crop80,imagen3,imagen3,1,0.002190645318478346,data\cache\clean\test\imagen3_473ffc5e3d5dc373\crop80.jpg
imagen3_5e95809bd47d157b,crop80,imagen3,imagen3,1,0.05884965509176254,data\cache\clean\test\imagen3_5e95809bd47d157b\crop80.jpg
imagen3_6a8270ea182a9194,crop80,imagen3,imagen3,1,0.00793486274778843,data\cache\clean\test\imagen3_6a8270ea182a9194\crop80.jpg
imagen3_6c7624322b04ce43,crop80,imagen3,imagen3,1,0.0016545996768400073,data\cache\clean\test\imagen3_6c7624322b04ce43\crop80.jpg
imagen3_77fb2d4f372634f8,crop80,imagen3,imagen3,1,0.3674716353416443,data\cache\clean\test\imagen3_77fb2d4f372634f8\crop80.jpg
imagen3_7e3e1e738f642f1a,crop80,imagen3,imagen3,1,0.43143436312675476,data\cache\clean\test\imagen3_7e3e1e738f642f1a\crop80.jpg
imagen3_7ee1485909c59826,crop80,imagen3,imagen3,1,0.013540617190301418,data\cache\clean\test\imagen3_7ee1485909c59826\crop80.jpg
imagen3_8b13dc3bff918841,crop80,imagen3,imagen3,1,0.012280849739909172,data\cache\clean\test\imagen3_8b13dc3bff918841\crop80.jpg
imagen3_aa13646e437b7afa,crop80,imagen3,imagen3,1,0.05477602407336235,data\cache\clean\test\imagen3_aa13646e437b7afa\crop80.jpg
imagen3_ad860df8c2a1a848,crop80,imagen3,imagen3,1,0.21156300604343414,data\cache\clean\test\imagen3_ad860df8c2a1a848\crop80.jpg
imagen3_b69c9976ced306d1,crop80,imagen3,imagen3,1,0.05760086327791214,data\cache\clean\test\imagen3_b69c9976ced306d1\crop80.jpg
imagen3_ca44bb7db1e73a9a,crop80,imagen3,imagen3,1,0.0007175051141530275,data\cache\clean\test\imagen3_ca44bb7db1e73a9a\crop80.jpg
imagen3_e63f3b6f8bdee43a,crop80,imagen3,imagen3,1,0.08169059455394745,data\cache\clean\test\imagen3_e63f3b6f8bdee43a\crop80.jpg
imagen3_ea646e585cc24088,crop80,imagen3,imagen3,1,0.3519829511642456,data\cache\clean\test\imagen3_ea646e585cc24088\crop80.jpg
imagen3_f2da05bffbe27dab,crop80,imagen3,imagen3,1,0.25825434923171997,data\cache\clean\test\imagen3_f2da05bffbe27dab\crop80.jpg
imagen3_fe7048efd51b15b8,crop80,imagen3,imagen3,1,0.09725088626146317,data\cache\clean\test\imagen3_fe7048efd51b15b8\crop80.jpg
imagen3_Imagen3_1208,crop80,imagen3,imagen3,1,9.879691788228229e-05,data\cache\clean\test\imagen3_Imagen3_1208\crop80.jpg
imagen3_Imagen3_2403,crop80,imagen3,imagen3,1,0.26112425327301025,data\cache\clean\test\imagen3_Imagen3_2403\crop80.jpg
imagen3_Imagen3_3097,crop80,imagen3,imagen3,1,0.24656014144420624,data\cache\clean\test\imagen3_Imagen3_3097\crop80.jpg
sidset_full_synthetic_005710,crop80,sidset,full_synthetic,1,0.32863378524780273,data\cache\clean\test\sidset_full_synthetic_005710\crop80.jpg
sidset_full_synthetic_033528,crop80,sidset,full_synthetic,1,0.13126187026500702,data\cache\clean\test\sidset_full_synthetic_033528\crop80.jpg
sidset_full_synthetic_033729,crop80,sidset,full_synthetic,1,0.27008670568466187,data\cache\clean\test\sidset_full_synthetic_033729\crop80.jpg
sidset_full_synthetic_042089,crop80,sidset,full_synthetic,1,0.2572537362575531,data\cache\clean\test\sidset_full_synthetic_042089\crop80.jpg
sidset_full_synthetic_054797,crop80,sidset,full_synthetic,1,0.34500911831855774,data\cache\clean\test\sidset_full_synthetic_054797\crop80.jpg
stylegan_xl_0097a2e24789bc7a,crop80,stylegan_xl,stylegan_xl,1,0.011173784732818604,data\cache\clean\test\stylegan_xl_0097a2e24789bc7a\crop80.jpg
stylegan_xl_00a4591cf03df584,crop80,stylegan_xl,stylegan_xl,1,0.00018608002574183047,data\cache\clean\test\stylegan_xl_00a4591cf03df584\crop80.jpg
stylegan_xl_031391f1ab18ab62,crop80,stylegan_xl,stylegan_xl,1,0.0429394505918026,data\cache\clean\test\stylegan_xl_031391f1ab18ab62\crop80.jpg
stylegan_xl_0a4244f8a9185bad,crop80,stylegan_xl,stylegan_xl,1,0.15082377195358276,data\cache\clean\test\stylegan_xl_0a4244f8a9185bad\crop80.jpg
stylegan_xl_0f7efa4c31bcd8f4,crop80,stylegan_xl,stylegan_xl,1,0.000979631207883358,data\cache\clean\test\stylegan_xl_0f7efa4c31bcd8f4\crop80.jpg
stylegan_xl_1060d58257bc5130,crop80,stylegan_xl,stylegan_xl,1,0.0020897574722766876,data\cache\clean\test\stylegan_xl_1060d58257bc5130\crop80.jpg
stylegan_xl_17f8bf0ef8d2f478,crop80,stylegan_xl,stylegan_xl,1,0.058454904705286026,data\cache\clean\test\stylegan_xl_17f8bf0ef8d2f478\crop80.jpg
stylegan_xl_2013fe0d44f84041,crop80,stylegan_xl,stylegan_xl,1,0.0002232973201898858,data\cache\clean\test\stylegan_xl_2013fe0d44f84041\crop80.jpg
stylegan_xl_324e332686aa6966,crop80,stylegan_xl,stylegan_xl,1,0.3696552515029907,data\cache\clean\test\stylegan_xl_324e332686aa6966\crop80.jpg
stylegan_xl_3621cf0be1fc8d68,crop80,stylegan_xl,stylegan_xl,1,0.10335010290145874,data\cache\clean\test\stylegan_xl_3621cf0be1fc8d68\crop80.jpg
stylegan_xl_38c489e3b0d8c700,crop80,stylegan_xl,stylegan_xl,1,0.03597772493958473,data\cache\clean\test\stylegan_xl_38c489e3b0d8c700\crop80.jpg
stylegan_xl_3b5e18f8fc06450d,crop80,stylegan_xl,stylegan_xl,1,0.0023497294168919325,data\cache\clean\test\stylegan_xl_3b5e18f8fc06450d\crop80.jpg
stylegan_xl_44451,crop80,stylegan_xl,stylegan_xl,1,0.007046398241072893,data\cache\clean\test\stylegan_xl_44451\crop80.jpg
stylegan_xl_45081,crop80,stylegan_xl,stylegan_xl,1,0.01237893383949995,data\cache\clean\test\stylegan_xl_45081\crop80.jpg
stylegan_xl_45602,crop80,stylegan_xl,stylegan_xl,1,0.05279023200273514,data\cache\clean\test\stylegan_xl_45602\crop80.jpg
stylegan_xl_47014,crop80,stylegan_xl,stylegan_xl,1,0.48581746220588684,data\cache\clean\test\stylegan_xl_47014\crop80.jpg
stylegan_xl_48611,crop80,stylegan_xl,stylegan_xl,1,0.1103924810886383,data\cache\clean\test\stylegan_xl_48611\crop80.jpg
stylegan_xl_49074,crop80,stylegan_xl,stylegan_xl,1,0.010246300138533115,data\cache\clean\test\stylegan_xl_49074\crop80.jpg
stylegan_xl_4f991f9638e28675,crop80,stylegan_xl,stylegan_xl,1,0.019051451236009598,data\cache\clean\test\stylegan_xl_4f991f9638e28675\crop80.jpg
stylegan_xl_60ed9d3511d333bf,crop80,stylegan_xl,stylegan_xl,1,0.052229709923267365,data\cache\clean\test\stylegan_xl_60ed9d3511d333bf\crop80.jpg
stylegan_xl_65bb283a1280639e,crop80,stylegan_xl,stylegan_xl,1,0.4371197521686554,data\cache\clean\test\stylegan_xl_65bb283a1280639e\crop80.jpg
stylegan_xl_729fee52c5b7f95b,crop80,stylegan_xl,stylegan_xl,1,0.15726882219314575,data\cache\clean\test\stylegan_xl_729fee52c5b7f95b\crop80.jpg
stylegan_xl_7d433e90bcd7bd53,crop80,stylegan_xl,stylegan_xl,1,0.002152268774807453,data\cache\clean\test\stylegan_xl_7d433e90bcd7bd53\crop80.jpg
stylegan_xl_7ffebe6032f8209f,crop80,stylegan_xl,stylegan_xl,1,0.3531940281391144,data\cache\clean\test\stylegan_xl_7ffebe6032f8209f\crop80.jpg
stylegan_xl_80fc8be6e7c11eb3,crop80,stylegan_xl,stylegan_xl,1,0.013179054483771324,data\cache\clean\test\stylegan_xl_80fc8be6e7c11eb3\crop80.jpg
stylegan_xl_8461b1ae87c22c20,crop80,stylegan_xl,stylegan_xl,1,0.01184340100735426,data\cache\clean\test\stylegan_xl_8461b1ae87c22c20\crop80.jpg
stylegan_xl_8f9dfd75dde8914f,crop80,stylegan_xl,stylegan_xl,1,0.23706768453121185,data\cache\clean\test\stylegan_xl_8f9dfd75dde8914f\crop80.jpg
stylegan_xl_a72f3ace10a8f550,crop80,stylegan_xl,stylegan_xl,1,0.13540488481521606,data\cache\clean\test\stylegan_xl_a72f3ace10a8f550\crop80.jpg
stylegan_xl_b6abe358484b287a,crop80,stylegan_xl,stylegan_xl,1,0.1706223338842392,data\cache\clean\test\stylegan_xl_b6abe358484b287a\crop80.jpg
stylegan_xl_bd69757ff485d03e,crop80,stylegan_xl,stylegan_xl,1,0.05488580837845802,data\cache\clean\test\stylegan_xl_bd69757ff485d03e\crop80.jpg
stylegan_xl_cccbc1d57a7e095e,crop80,stylegan_xl,stylegan_xl,1,0.020192893221974373,data\cache\clean\test\stylegan_xl_cccbc1d57a7e095e\crop80.jpg
stylegan_xl_d7c4ece8c8a01de0,crop80,stylegan_xl,stylegan_xl,1,0.0252681914716959,data\cache\clean\test\stylegan_xl_d7c4ece8c8a01de0\crop80.jpg
stylegan_xl_e4b8e7ef72cabaf2,crop80,stylegan_xl,stylegan_xl,1,0.10522379726171494,data\cache\clean\test\stylegan_xl_e4b8e7ef72cabaf2\crop80.jpg
stylegan_xl_fef6a66b8deaa7ab,crop80,stylegan_xl,stylegan_xl,1,0.0024653137661516666,data\cache\clean\test\stylegan_xl_fef6a66b8deaa7ab\crop80.jpg
cifake_1028 (10),jpeg_q30,cifake,stable_diffusion,1,0.27021050453186035,data\cache\clean\test\cifake_1028 (10)\jpeg_q30.jpg
cifake_3053 (4),jpeg_q30,cifake,stable_diffusion,1,0.471137672662735,data\cache\clean\test\cifake_3053 (4)\jpeg_q30.jpg
cifake_3234 (2),jpeg_q30,cifake,stable_diffusion,1,0.2097395658493042,data\cache\clean\test\cifake_3234 (2)\jpeg_q30.jpg
cifake_4127 (3),jpeg_q30,cifake,stable_diffusion,1,0.27236613631248474,data\cache\clean\test\cifake_4127 (3)\jpeg_q30.jpg
cifake_4221 (2),jpeg_q30,cifake,stable_diffusion,1,0.18669025599956512,data\cache\clean\test\cifake_4221 (2)\jpeg_q30.jpg
cifake_4615 (3),jpeg_q30,cifake,stable_diffusion,1,0.2207024246454239,data\cache\clean\test\cifake_4615 (3)\jpeg_q30.jpg
cifake_4670 (4),jpeg_q30,cifake,stable_diffusion,1,0.34528541564941406,data\cache\clean\test\cifake_4670 (4)\jpeg_q30.jpg
cifake_4681 (5),jpeg_q30,cifake,stable_diffusion,1,0.4608612656593323,data\cache\clean\test\cifake_4681 (5)\jpeg_q30.jpg
dalle_10420,jpeg_q30,dalle,dalle,1,0.00037549479748122394,data\cache\clean\test\dalle_10420\jpeg_q30.jpg
dalle_12052,jpeg_q30,dalle,dalle,1,0.014343048445880413,data\cache\clean\test\dalle_12052\jpeg_q30.jpg
dalle_12171,jpeg_q30,dalle,dalle,1,0.4123457670211792,data\cache\clean\test\dalle_12171\jpeg_q30.jpg
dalle_13108,jpeg_q30,dalle,dalle,1,0.10531043261289597,data\cache\clean\test\dalle_13108\jpeg_q30.jpg
dalle_1895b86b74caac5dad51022c3d3b33df,jpeg_q30,dalle,dalle,1,0.0032996516674757004,data\cache\clean\test\dalle_1895b86b74caac5dad51022c3d3b33df\jpeg_q30.jpg
dalle_19590,jpeg_q30,dalle,dalle,1,0.01592326909303665,data\cache\clean\test\dalle_19590\jpeg_q30.jpg
dalle_19962,jpeg_q30,dalle,dalle,1,0.0585549920797348,data\cache\clean\test\dalle_19962\jpeg_q30.jpg
dalle_23768,jpeg_q30,dalle,dalle,1,0.35418421030044556,data\cache\clean\test\dalle_23768\jpeg_q30.jpg
dalle_24299,jpeg_q30,dalle,dalle,1,0.48475348949432373,data\cache\clean\test\dalle_24299\jpeg_q30.jpg
dalle_26611,jpeg_q30,dalle,dalle,1,0.11857947707176208,data\cache\clean\test\dalle_26611\jpeg_q30.jpg
dalle_27029,jpeg_q30,dalle,dalle,1,0.23820985853672028,data\cache\clean\test\dalle_27029\jpeg_q30.jpg
dalle_33159,jpeg_q30,dalle,dalle,1,0.19793720543384552,data\cache\clean\test\dalle_33159\jpeg_q30.jpg
dalle_3469,jpeg_q30,dalle,dalle,1,0.23914222419261932,data\cache\clean\test\dalle_3469\jpeg_q30.jpg
dalle_35493,jpeg_q30,dalle,dalle,1,0.037205617874860764,data\cache\clean\test\dalle_35493\jpeg_q30.jpg
dalle_36430,jpeg_q30,dalle,dalle,1,0.2898555397987366,data\cache\clean\test\dalle_36430\jpeg_q30.jpg
dalle_3c589aa7fd4a6705f1fd7918daf4ffb9,jpeg_q30,dalle,dalle,1,0.12009192258119583,data\cache\clean\test\dalle_3c589aa7fd4a6705f1fd7918daf4ffb9\jpeg_q30.jpg
dalle_42344,jpeg_q30,dalle,dalle,1,0.010944155044853687,data\cache\clean\test\dalle_42344\jpeg_q30.jpg
dalle_6481,jpeg_q30,dalle,dalle,1,0.03416509926319122,data\cache\clean\test\dalle_6481\jpeg_q30.jpg
dalle_6f0f61883f111368d770c54801f33449,jpeg_q30,dalle,dalle,1,0.0005729385302402079,data\cache\clean\test\dalle_6f0f61883f111368d770c54801f33449\jpeg_q30.jpg
dalle_8017,jpeg_q30,dalle,dalle,1,0.0006731494795531034,data\cache\clean\test\dalle_8017\jpeg_q30.jpg
dalle_9068,jpeg_q30,dalle,dalle,1,0.005741420201957226,data\cache\clean\test\dalle_9068\jpeg_q30.jpg
gigagan_02115,jpeg_q30,gigagan,gigagan,1,0.3941154181957245,data\cache\clean\test\gigagan_02115\jpeg_q30.jpg
gigagan_02490,jpeg_q30,gigagan,gigagan,1,0.14686761796474457,data\cache\clean\test\gigagan_02490\jpeg_q30.jpg
gigagan_03263,jpeg_q30,gigagan,gigagan,1,0.039144158363342285,data\cache\clean\test\gigagan_03263\jpeg_q30.jpg
gigagan_03860,jpeg_q30,gigagan,gigagan,1,0.0886039063334465,data\cache\clean\test\gigagan_03860\jpeg_q30.jpg
gigagan_05738,jpeg_q30,gigagan,gigagan,1,0.14105363190174103,data\cache\clean\test\gigagan_05738\jpeg_q30.jpg
gigagan_05849,jpeg_q30,gigagan,gigagan,1,0.03932398930191994,data\cache\clean\test\gigagan_05849\jpeg_q30.jpg
gigagan_06224,jpeg_q30,gigagan,gigagan,1,0.3302496075630188,data\cache\clean\test\gigagan_06224\jpeg_q30.jpg
gigagan_07350,jpeg_q30,gigagan,gigagan,1,0.011085324920713902,data\cache\clean\test\gigagan_07350\jpeg_q30.jpg
gigagan_07909,jpeg_q30,gigagan,gigagan,1,0.03349711745977402,data\cache\clean\test\gigagan_07909\jpeg_q30.jpg
gigagan_08193,jpeg_q30,gigagan,gigagan,1,0.4009537398815155,data\cache\clean\test\gigagan_08193\jpeg_q30.jpg
gigagan_08351,jpeg_q30,gigagan,gigagan,1,0.4684746265411377,data\cache\clean\test\gigagan_08351\jpeg_q30.jpg
gigagan_08464,jpeg_q30,gigagan,gigagan,1,0.03264966979622841,data\cache\clean\test\gigagan_08464\jpeg_q30.jpg
gigagan_08561,jpeg_q30,gigagan,gigagan,1,0.4277016222476959,data\cache\clean\test\gigagan_08561\jpeg_q30.jpg
gigagan_09026,jpeg_q30,gigagan,gigagan,1,0.10056555271148682,data\cache\clean\test\gigagan_09026\jpeg_q30.jpg
gigagan_09302,jpeg_q30,gigagan,gigagan,1,0.0021364721469581127,data\cache\clean\test\gigagan_09302\jpeg_q30.jpg
gigagan_09458,jpeg_q30,gigagan,gigagan,1,0.2583637535572052,data\cache\clean\test\gigagan_09458\jpeg_q30.jpg
gigagan_10769,jpeg_q30,gigagan,gigagan,1,0.018201792612671852,data\cache\clean\test\gigagan_10769\jpeg_q30.jpg
gigagan_10914,jpeg_q30,gigagan,gigagan,1,0.0016826213104650378,data\cache\clean\test\gigagan_10914\jpeg_q30.jpg
gigagan_11176,jpeg_q30,gigagan,gigagan,1,0.03403625637292862,data\cache\clean\test\gigagan_11176\jpeg_q30.jpg
gigagan_11896,jpeg_q30,gigagan,gigagan,1,0.331379771232605,data\cache\clean\test\gigagan_11896\jpeg_q30.jpg
gigagan_12929,jpeg_q30,gigagan,gigagan,1,0.3942948579788208,data\cache\clean\test\gigagan_12929\jpeg_q30.jpg
gigagan_13110,jpeg_q30,gigagan,gigagan,1,0.18727551400661469,data\cache\clean\test\gigagan_13110\jpeg_q30.jpg
gigagan_14071,jpeg_q30,gigagan,gigagan,1,0.0032045741099864244,data\cache\clean\test\gigagan_14071\jpeg_q30.jpg
gigagan_14909,jpeg_q30,gigagan,gigagan,1,0.0025199675001204014,data\cache\clean\test\gigagan_14909\jpeg_q30.jpg
gigagan_15355,jpeg_q30,gigagan,gigagan,1,0.4255863428115845,data\cache\clean\test\gigagan_15355\jpeg_q30.jpg
gigagan_15412,jpeg_q30,gigagan,gigagan,1,0.15789978206157684,data\cache\clean\test\gigagan_15412\jpeg_q30.jpg
gigagan_15561,jpeg_q30,gigagan,gigagan,1,0.0008109257905744016,data\cache\clean\test\gigagan_15561\jpeg_q30.jpg
gigagan_16357,jpeg_q30,gigagan,gigagan,1,0.007852938957512379,data\cache\clean\test\gigagan_16357\jpeg_q30.jpg
gigagan_16702,jpeg_q30,gigagan,gigagan,1,0.35267186164855957,data\cache\clean\test\gigagan_16702\jpeg_q30.jpg
gigagan_16966,jpeg_q30,gigagan,gigagan,1,0.010490981861948967,data\cache\clean\test\gigagan_16966\jpeg_q30.jpg
gigagan_17057,jpeg_q30,gigagan,gigagan,1,0.3009330630302429,data\cache\clean\test\gigagan_17057\jpeg_q30.jpg
gigagan_17666,jpeg_q30,gigagan,gigagan,1,0.17354238033294678,data\cache\clean\test\gigagan_17666\jpeg_q30.jpg
gigagan_18085,jpeg_q30,gigagan,gigagan,1,0.0032350190449506044,data\cache\clean\test\gigagan_18085\jpeg_q30.jpg
gigagan_18143,jpeg_q30,gigagan,gigagan,1,0.08719527721405029,data\cache\clean\test\gigagan_18143\jpeg_q30.jpg
gigagan_18704,jpeg_q30,gigagan,gigagan,1,0.3906232714653015,data\cache\clean\test\gigagan_18704\jpeg_q30.jpg
gigagan_19199,jpeg_q30,gigagan,gigagan,1,0.005918840877711773,data\cache\clean\test\gigagan_19199\jpeg_q30.jpg
gigagan_19248,jpeg_q30,gigagan,gigagan,1,0.06628163158893585,data\cache\clean\test\gigagan_19248\jpeg_q30.jpg
gigagan_20207,jpeg_q30,gigagan,gigagan,1,0.09879481047391891,data\cache\clean\test\gigagan_20207\jpeg_q30.jpg
gigagan_20327,jpeg_q30,gigagan,gigagan,1,0.002445148304104805,data\cache\clean\test\gigagan_20327\jpeg_q30.jpg
gigagan_20756,jpeg_q30,gigagan,gigagan,1,0.3263315260410309,data\cache\clean\test\gigagan_20756\jpeg_q30.jpg
gigagan_20968,jpeg_q30,gigagan,gigagan,1,0.01126894261687994,data\cache\clean\test\gigagan_20968\jpeg_q30.jpg
gigagan_21116,jpeg_q30,gigagan,gigagan,1,0.47712400555610657,data\cache\clean\test\gigagan_21116\jpeg_q30.jpg
gigagan_21166,jpeg_q30,gigagan,gigagan,1,0.25405246019363403,data\cache\clean\test\gigagan_21166\jpeg_q30.jpg
gigagan_21244,jpeg_q30,gigagan,gigagan,1,0.4407164752483368,data\cache\clean\test\gigagan_21244\jpeg_q30.jpg
gigagan_21611,jpeg_q30,gigagan,gigagan,1,0.11045662313699722,data\cache\clean\test\gigagan_21611\jpeg_q30.jpg
gigagan_22263,jpeg_q30,gigagan,gigagan,1,0.34016087651252747,data\cache\clean\test\gigagan_22263\jpeg_q30.jpg
gigagan_22294,jpeg_q30,gigagan,gigagan,1,0.0954536721110344,data\cache\clean\test\gigagan_22294\jpeg_q30.jpg
gigagan_22418,jpeg_q30,gigagan,gigagan,1,0.3723912835121155,data\cache\clean\test\gigagan_22418\jpeg_q30.jpg
gigagan_22533,jpeg_q30,gigagan,gigagan,1,0.11704100668430328,data\cache\clean\test\gigagan_22533\jpeg_q30.jpg
gigagan_22770,jpeg_q30,gigagan,gigagan,1,0.007096757646650076,data\cache\clean\test\gigagan_22770\jpeg_q30.jpg
gigagan_23134,jpeg_q30,gigagan,gigagan,1,1.8262046069139615e-05,data\cache\clean\test\gigagan_23134\jpeg_q30.jpg
gigagan_23264,jpeg_q30,gigagan,gigagan,1,0.30646952986717224,data\cache\clean\test\gigagan_23264\jpeg_q30.jpg
gigagan_23834,jpeg_q30,gigagan,gigagan,1,0.0269168633967638,data\cache\clean\test\gigagan_23834\jpeg_q30.jpg
gigagan_24147,jpeg_q30,gigagan,gigagan,1,0.46672287583351135,data\cache\clean\test\gigagan_24147\jpeg_q30.jpg
gigagan_24445,jpeg_q30,gigagan,gigagan,1,0.007750500459223986,data\cache\clean\test\gigagan_24445\jpeg_q30.jpg
gigagan_24679,jpeg_q30,gigagan,gigagan,1,0.005391449201852083,data\cache\clean\test\gigagan_24679\jpeg_q30.jpg
gigagan_24707,jpeg_q30,gigagan,gigagan,1,0.1327519416809082,data\cache\clean\test\gigagan_24707\jpeg_q30.jpg
gigagan_24726,jpeg_q30,gigagan,gigagan,1,0.22884829342365265,data\cache\clean\test\gigagan_24726\jpeg_q30.jpg
gigagan_24933,jpeg_q30,gigagan,gigagan,1,0.12793442606925964,data\cache\clean\test\gigagan_24933\jpeg_q30.jpg
gigagan_25090,jpeg_q30,gigagan,gigagan,1,0.004899529740214348,data\cache\clean\test\gigagan_25090\jpeg_q30.jpg
gigagan_25801,jpeg_q30,gigagan,gigagan,1,0.08668549358844757,data\cache\clean\test\gigagan_25801\jpeg_q30.jpg
gigagan_26067,jpeg_q30,gigagan,gigagan,1,0.1648455262184143,data\cache\clean\test\gigagan_26067\jpeg_q30.jpg
gigagan_26323,jpeg_q30,gigagan,gigagan,1,0.32823488116264343,data\cache\clean\test\gigagan_26323\jpeg_q30.jpg
gigagan_26681,jpeg_q30,gigagan,gigagan,1,0.41506466269493103,data\cache\clean\test\gigagan_26681\jpeg_q30.jpg
gigagan_27033,jpeg_q30,gigagan,gigagan,1,0.32620969414711,data\cache\clean\test\gigagan_27033\jpeg_q30.jpg
gigagan_28336,jpeg_q30,gigagan,gigagan,1,0.0084279989823699,data\cache\clean\test\gigagan_28336\jpeg_q30.jpg
gigagan_28900,jpeg_q30,gigagan,gigagan,1,0.18921104073524475,data\cache\clean\test\gigagan_28900\jpeg_q30.jpg
gigagan_29456,jpeg_q30,gigagan,gigagan,1,0.14164623618125916,data\cache\clean\test\gigagan_29456\jpeg_q30.jpg
imagen3_045e6da6fd7f6fb0,jpeg_q30,imagen3,imagen3,1,0.0026500632520765066,data\cache\clean\test\imagen3_045e6da6fd7f6fb0\jpeg_q30.jpg
imagen3_13ed1f9391224848,jpeg_q30,imagen3,imagen3,1,0.0644664615392685,data\cache\clean\test\imagen3_13ed1f9391224848\jpeg_q30.jpg
imagen3_17643da56f35c6f7,jpeg_q30,imagen3,imagen3,1,0.001702256384305656,data\cache\clean\test\imagen3_17643da56f35c6f7\jpeg_q30.jpg
imagen3_17919c9ffd792ad9,jpeg_q30,imagen3,imagen3,1,0.17461363971233368,data\cache\clean\test\imagen3_17919c9ffd792ad9\jpeg_q30.jpg
imagen3_24e64d19ddde11cb,jpeg_q30,imagen3,imagen3,1,0.0966418981552124,data\cache\clean\test\imagen3_24e64d19ddde11cb\jpeg_q30.jpg
imagen3_260ae6b06f1f50e2,jpeg_q30,imagen3,imagen3,1,0.0009432758670300245,data\cache\clean\test\imagen3_260ae6b06f1f50e2\jpeg_q30.jpg
imagen3_2be4510162a8a76e,jpeg_q30,imagen3,imagen3,1,0.0007432129350490868,data\cache\clean\test\imagen3_2be4510162a8a76e\jpeg_q30.jpg
imagen3_3403b18fc93acbfc,jpeg_q30,imagen3,imagen3,1,0.004183854907751083,data\cache\clean\test\imagen3_3403b18fc93acbfc\jpeg_q30.jpg
imagen3_44015,jpeg_q30,imagen3,imagen3,1,0.32273000478744507,data\cache\clean\test\imagen3_44015\jpeg_q30.jpg
imagen3_44476,jpeg_q30,imagen3,imagen3,1,0.006915578152984381,data\cache\clean\test\imagen3_44476\jpeg_q30.jpg
imagen3_46922,jpeg_q30,imagen3,imagen3,1,0.045858487486839294,data\cache\clean\test\imagen3_46922\jpeg_q30.jpg
imagen3_473ffc5e3d5dc373,jpeg_q30,imagen3,imagen3,1,0.00022758261184208095,data\cache\clean\test\imagen3_473ffc5e3d5dc373\jpeg_q30.jpg
imagen3_519f5c348fe55fcd,jpeg_q30,imagen3,imagen3,1,0.38648471236228943,data\cache\clean\test\imagen3_519f5c348fe55fcd\jpeg_q30.jpg
imagen3_52520,jpeg_q30,imagen3,imagen3,1,0.06901995837688446,data\cache\clean\test\imagen3_52520\jpeg_q30.jpg
imagen3_53132,jpeg_q30,imagen3,imagen3,1,0.09770192950963974,data\cache\clean\test\imagen3_53132\jpeg_q30.jpg
imagen3_560ead164dab63a5,jpeg_q30,imagen3,imagen3,1,0.2912619411945343,data\cache\clean\test\imagen3_560ead164dab63a5\jpeg_q30.jpg
imagen3_5e95809bd47d157b,jpeg_q30,imagen3,imagen3,1,0.03941362351179123,data\cache\clean\test\imagen3_5e95809bd47d157b\jpeg_q30.jpg
imagen3_69467160e53f71bc,jpeg_q30,imagen3,imagen3,1,0.4058218002319336,data\cache\clean\test\imagen3_69467160e53f71bc\jpeg_q30.jpg
imagen3_6a8270ea182a9194,jpeg_q30,imagen3,imagen3,1,0.0014087798772379756,data\cache\clean\test\imagen3_6a8270ea182a9194\jpeg_q30.jpg
imagen3_6c7624322b04ce43,jpeg_q30,imagen3,imagen3,1,0.06619749218225479,data\cache\clean\test\imagen3_6c7624322b04ce43\jpeg_q30.jpg
imagen3_77fb2d4f372634f8,jpeg_q30,imagen3,imagen3,1,0.015307893045246601,data\cache\clean\test\imagen3_77fb2d4f372634f8\jpeg_q30.jpg
imagen3_7ee1485909c59826,jpeg_q30,imagen3,imagen3,1,0.0210782028734684,data\cache\clean\test\imagen3_7ee1485909c59826\jpeg_q30.jpg
imagen3_8b13dc3bff918841,jpeg_q30,imagen3,imagen3,1,0.10874806344509125,data\cache\clean\test\imagen3_8b13dc3bff918841\jpeg_q30.jpg
imagen3_8c20e4bf83ffff36,jpeg_q30,imagen3,imagen3,1,0.018048560246825218,data\cache\clean\test\imagen3_8c20e4bf83ffff36\jpeg_q30.jpg
imagen3_8e6f8acd28fd8f35,jpeg_q30,imagen3,imagen3,1,0.17117445170879364,data\cache\clean\test\imagen3_8e6f8acd28fd8f35\jpeg_q30.jpg
imagen3_9e82651e214a25c8,jpeg_q30,imagen3,imagen3,1,0.09853732585906982,data\cache\clean\test\imagen3_9e82651e214a25c8\jpeg_q30.jpg
imagen3_aa13646e437b7afa,jpeg_q30,imagen3,imagen3,1,0.33317628502845764,data\cache\clean\test\imagen3_aa13646e437b7afa\jpeg_q30.jpg
imagen3_ad860df8c2a1a848,jpeg_q30,imagen3,imagen3,1,0.016881516203284264,data\cache\clean\test\imagen3_ad860df8c2a1a848\jpeg_q30.jpg
imagen3_b69c9976ced306d1,jpeg_q30,imagen3,imagen3,1,0.007868334650993347,data\cache\clean\test\imagen3_b69c9976ced306d1\jpeg_q30.jpg
imagen3_ca44bb7db1e73a9a,jpeg_q30,imagen3,imagen3,1,0.015453008003532887,data\cache\clean\test\imagen3_ca44bb7db1e73a9a\jpeg_q30.jpg
imagen3_d326e7c87fb1d966,jpeg_q30,imagen3,imagen3,1,0.20681853592395782,data\cache\clean\test\imagen3_d326e7c87fb1d966\jpeg_q30.jpg
imagen3_e63f3b6f8bdee43a,jpeg_q30,imagen3,imagen3,1,0.152419313788414,data\cache\clean\test\imagen3_e63f3b6f8bdee43a\jpeg_q30.jpg
imagen3_eaf94916ce926270,jpeg_q30,imagen3,imagen3,1,0.020988384261727333,data\cache\clean\test\imagen3_eaf94916ce926270\jpeg_q30.jpg
imagen3_f2da05bffbe27dab,jpeg_q30,imagen3,imagen3,1,0.1736755073070526,data\cache\clean\test\imagen3_f2da05bffbe27dab\jpeg_q30.jpg
imagen3_fe7048efd51b15b8,jpeg_q30,imagen3,imagen3,1,0.04354053735733032,data\cache\clean\test\imagen3_fe7048efd51b15b8\jpeg_q30.jpg
imagen3_Imagen3_1208,jpeg_q30,imagen3,imagen3,1,0.004206524230539799,data\cache\clean\test\imagen3_Imagen3_1208\jpeg_q30.jpg
imagen3_Imagen3_3097,jpeg_q30,imagen3,imagen3,1,0.04889162629842758,data\cache\clean\test\imagen3_Imagen3_3097\jpeg_q30.jpg
imagen3_Imagen3_3546,jpeg_q30,imagen3,imagen3,1,0.4727185368537903,data\cache\clean\test\imagen3_Imagen3_3546\jpeg_q30.jpg
sidset_full_synthetic_003475,jpeg_q30,sidset,full_synthetic,1,0.05657663568854332,data\cache\clean\test\sidset_full_synthetic_003475\jpeg_q30.jpg
sidset_full_synthetic_005710,jpeg_q30,sidset,full_synthetic,1,0.017337994650006294,data\cache\clean\test\sidset_full_synthetic_005710\jpeg_q30.jpg
sidset_full_synthetic_031486,jpeg_q30,sidset,full_synthetic,1,0.2289482057094574,data\cache\clean\test\sidset_full_synthetic_031486\jpeg_q30.jpg
sidset_full_synthetic_033528,jpeg_q30,sidset,full_synthetic,1,0.0009579549659974873,data\cache\clean\test\sidset_full_synthetic_033528\jpeg_q30.jpg
sidset_full_synthetic_040891,jpeg_q30,sidset,full_synthetic,1,0.19008150696754456,data\cache\clean\test\sidset_full_synthetic_040891\jpeg_q30.jpg
sidset_full_synthetic_042089,jpeg_q30,sidset,full_synthetic,1,0.2657230496406555,data\cache\clean\test\sidset_full_synthetic_042089\jpeg_q30.jpg
sidset_full_synthetic_060650,jpeg_q30,sidset,full_synthetic,1,0.4172873795032501,data\cache\clean\test\sidset_full_synthetic_060650\jpeg_q30.jpg
sidset_full_synthetic_063062,jpeg_q30,sidset,full_synthetic,1,0.16966959834098816,data\cache\clean\test\sidset_full_synthetic_063062\jpeg_q30.jpg
stylegan_xl_0097a2e24789bc7a,jpeg_q30,stylegan_xl,stylegan_xl,1,0.0033302735537290573,data\cache\clean\test\stylegan_xl_0097a2e24789bc7a\jpeg_q30.jpg
stylegan_xl_00a4591cf03df584,jpeg_q30,stylegan_xl,stylegan_xl,1,0.00046169498818926513,data\cache\clean\test\stylegan_xl_00a4591cf03df584\jpeg_q30.jpg
stylegan_xl_031391f1ab18ab62,jpeg_q30,stylegan_xl,stylegan_xl,1,0.06733281910419464,data\cache\clean\test\stylegan_xl_031391f1ab18ab62\jpeg_q30.jpg
stylegan_xl_0f7efa4c31bcd8f4,jpeg_q30,stylegan_xl,stylegan_xl,1,0.026514729484915733,data\cache\clean\test\stylegan_xl_0f7efa4c31bcd8f4\jpeg_q30.jpg
stylegan_xl_1060d58257bc5130,jpeg_q30,stylegan_xl,stylegan_xl,1,7.75680600781925e-05,data\cache\clean\test\stylegan_xl_1060d58257bc5130\jpeg_q30.jpg
stylegan_xl_1440252ff76f525f,jpeg_q30,stylegan_xl,stylegan_xl,1,0.3852340281009674,data\cache\clean\test\stylegan_xl_1440252ff76f525f\jpeg_q30.jpg
stylegan_xl_17f8bf0ef8d2f478,jpeg_q30,stylegan_xl,stylegan_xl,1,0.49014389514923096,data\cache\clean\test\stylegan_xl_17f8bf0ef8d2f478\jpeg_q30.jpg
stylegan_xl_2013fe0d44f84041,jpeg_q30,stylegan_xl,stylegan_xl,1,6.337401282507926e-05,data\cache\clean\test\stylegan_xl_2013fe0d44f84041\jpeg_q30.jpg
stylegan_xl_21210,jpeg_q30,stylegan_xl,stylegan_xl,1,0.4007483124732971,data\cache\clean\test\stylegan_xl_21210\jpeg_q30.jpg
stylegan_xl_23273,jpeg_q30,stylegan_xl,stylegan_xl,1,0.10287357866764069,data\cache\clean\test\stylegan_xl_23273\jpeg_q30.jpg
stylegan_xl_324e332686aa6966,jpeg_q30,stylegan_xl,stylegan_xl,1,0.22290872037410736,data\cache\clean\test\stylegan_xl_324e332686aa6966\jpeg_q30.jpg
stylegan_xl_3621cf0be1fc8d68,jpeg_q30,stylegan_xl,stylegan_xl,1,0.22250762581825256,data\cache\clean\test\stylegan_xl_3621cf0be1fc8d68\jpeg_q30.jpg
stylegan_xl_38c489e3b0d8c700,jpeg_q30,stylegan_xl,stylegan_xl,1,0.031650055199861526,data\cache\clean\test\stylegan_xl_38c489e3b0d8c700\jpeg_q30.jpg
stylegan_xl_3b5e18f8fc06450d,jpeg_q30,stylegan_xl,stylegan_xl,1,0.008501964621245861,data\cache\clean\test\stylegan_xl_3b5e18f8fc06450d\jpeg_q30.jpg
stylegan_xl_45081,jpeg_q30,stylegan_xl,stylegan_xl,1,0.11887616664171219,data\cache\clean\test\stylegan_xl_45081\jpeg_q30.jpg
stylegan_xl_45602,jpeg_q30,stylegan_xl,stylegan_xl,1,0.046409353613853455,data\cache\clean\test\stylegan_xl_45602\jpeg_q30.jpg
stylegan_xl_47014,jpeg_q30,stylegan_xl,stylegan_xl,1,0.2583586573600769,data\cache\clean\test\stylegan_xl_47014\jpeg_q30.jpg
stylegan_xl_47343,jpeg_q30,stylegan_xl,stylegan_xl,1,0.02779504284262657,data\cache\clean\test\stylegan_xl_47343\jpeg_q30.jpg
stylegan_xl_48611,jpeg_q30,stylegan_xl,stylegan_xl,1,0.0051154326647520065,data\cache\clean\test\stylegan_xl_48611\jpeg_q30.jpg
stylegan_xl_48906,jpeg_q30,stylegan_xl,stylegan_xl,1,0.43275073170661926,data\cache\clean\test\stylegan_xl_48906\jpeg_q30.jpg
stylegan_xl_4f991f9638e28675,jpeg_q30,stylegan_xl,stylegan_xl,1,0.002947396831586957,data\cache\clean\test\stylegan_xl_4f991f9638e28675\jpeg_q30.jpg
stylegan_xl_60ed9d3511d333bf,jpeg_q30,stylegan_xl,stylegan_xl,1,0.023460358381271362,data\cache\clean\test\stylegan_xl_60ed9d3511d333bf\jpeg_q30.jpg
stylegan_xl_65bb283a1280639e,jpeg_q30,stylegan_xl,stylegan_xl,1,0.2849265933036804,data\cache\clean\test\stylegan_xl_65bb283a1280639e\jpeg_q30.jpg
stylegan_xl_729fee52c5b7f95b,jpeg_q30,stylegan_xl,stylegan_xl,1,0.10604578256607056,data\cache\clean\test\stylegan_xl_729fee52c5b7f95b\jpeg_q30.jpg
stylegan_xl_7d433e90bcd7bd53,jpeg_q30,stylegan_xl,stylegan_xl,1,0.004104193300008774,data\cache\clean\test\stylegan_xl_7d433e90bcd7bd53\jpeg_q30.jpg
stylegan_xl_7ffebe6032f8209f,jpeg_q30,stylegan_xl,stylegan_xl,1,0.014042709954082966,data\cache\clean\test\stylegan_xl_7ffebe6032f8209f\jpeg_q30.jpg
stylegan_xl_80fc8be6e7c11eb3,jpeg_q30,stylegan_xl,stylegan_xl,1,0.006159620825201273,data\cache\clean\test\stylegan_xl_80fc8be6e7c11eb3\jpeg_q30.jpg
stylegan_xl_8461b1ae87c22c20,jpeg_q30,stylegan_xl,stylegan_xl,1,0.1405603289604187,data\cache\clean\test\stylegan_xl_8461b1ae87c22c20\jpeg_q30.jpg
stylegan_xl_8f9dfd75dde8914f,jpeg_q30,stylegan_xl,stylegan_xl,1,0.1111636608839035,data\cache\clean\test\stylegan_xl_8f9dfd75dde8914f\jpeg_q30.jpg
stylegan_xl_a10d4a733f4df420,jpeg_q30,stylegan_xl,stylegan_xl,1,0.20930831134319305,data\cache\clean\test\stylegan_xl_a10d4a733f4df420\jpeg_q30.jpg
stylegan_xl_a1ed16fffc5ecb68,jpeg_q30,stylegan_xl,stylegan_xl,1,0.018379971385002136,data\cache\clean\test\stylegan_xl_a1ed16fffc5ecb68\jpeg_q30.jpg
stylegan_xl_a72f3ace10a8f550,jpeg_q30,stylegan_xl,stylegan_xl,1,0.000296462036203593,data\cache\clean\test\stylegan_xl_a72f3ace10a8f550\jpeg_q30.jpg
stylegan_xl_b6abe358484b287a,jpeg_q30,stylegan_xl,stylegan_xl,1,0.03661502152681351,data\cache\clean\test\stylegan_xl_b6abe358484b287a\jpeg_q30.jpg
stylegan_xl_bd69757ff485d03e,jpeg_q30,stylegan_xl,stylegan_xl,1,0.1512732356786728,data\cache\clean\test\stylegan_xl_bd69757ff485d03e\jpeg_q30.jpg
stylegan_xl_cccbc1d57a7e095e,jpeg_q30,stylegan_xl,stylegan_xl,1,0.009568731300532818,data\cache\clean\test\stylegan_xl_cccbc1d57a7e095e\jpeg_q30.jpg
stylegan_xl_cf9c332a1ebfb587,jpeg_q30,stylegan_xl,stylegan_xl,1,0.04326782748103142,data\cache\clean\test\stylegan_xl_cf9c332a1ebfb587\jpeg_q30.jpg
stylegan_xl_d7c4ece8c8a01de0,jpeg_q30,stylegan_xl,stylegan_xl,1,0.013280627317726612,data\cache\clean\test\stylegan_xl_d7c4ece8c8a01de0\jpeg_q30.jpg
stylegan_xl_e4b8e7ef72cabaf2,jpeg_q30,stylegan_xl,stylegan_xl,1,0.07735538482666016,data\cache\clean\test\stylegan_xl_e4b8e7ef72cabaf2\jpeg_q30.jpg
stylegan_xl_fef6a66b8deaa7ab,jpeg_q30,stylegan_xl,stylegan_xl,1,0.0005915764486417174,data\cache\clean\test\stylegan_xl_fef6a66b8deaa7ab\jpeg_q30.jpg
cifake_1088 (3),jpeg_q50,cifake,stable_diffusion,1,0.3415367603302002,data\cache\clean\test\cifake_1088 (3)\jpeg_q50.jpg
cifake_3379 (8),jpeg_q50,cifake,stable_diffusion,1,0.4083298444747925,data\cache\clean\test\cifake_3379 (8)\jpeg_q50.jpg
cifake_4127 (3),jpeg_q50,cifake,stable_diffusion,1,0.17897342145442963,data\cache\clean\test\cifake_4127 (3)\jpeg_q50.jpg
cifake_4221 (2),jpeg_q50,cifake,stable_diffusion,1,0.05846361815929413,data\cache\clean\test\cifake_4221 (2)\jpeg_q50.jpg
cifake_4615 (3),jpeg_q50,cifake,stable_diffusion,1,0.28204289078712463,data\cache\clean\test\cifake_4615 (3)\jpeg_q50.jpg
cifake_4681 (5),jpeg_q50,cifake,stable_diffusion,1,0.4345964193344116,data\cache\clean\test\cifake_4681 (5)\jpeg_q50.jpg
cifake_5607 (3),jpeg_q50,cifake,stable_diffusion,1,0.4866444766521454,data\cache\clean\test\cifake_5607 (3)\jpeg_q50.jpg
cifake_784 (4),jpeg_q50,cifake,stable_diffusion,1,0.4330967664718628,data\cache\clean\test\cifake_784 (4)\jpeg_q50.jpg
cifake_791 (6),jpeg_q50,cifake,stable_diffusion,1,0.484212189912796,data\cache\clean\test\cifake_791 (6)\jpeg_q50.jpg
dalle_10420,jpeg_q50,dalle,dalle,1,0.0005891479086130857,data\cache\clean\test\dalle_10420\jpeg_q50.jpg
dalle_12052,jpeg_q50,dalle,dalle,1,0.07960300892591476,data\cache\clean\test\dalle_12052\jpeg_q50.jpg
dalle_13108,jpeg_q50,dalle,dalle,1,0.12192171066999435,data\cache\clean\test\dalle_13108\jpeg_q50.jpg
dalle_1895b86b74caac5dad51022c3d3b33df,jpeg_q50,dalle,dalle,1,0.010625979863107204,data\cache\clean\test\dalle_1895b86b74caac5dad51022c3d3b33df\jpeg_q50.jpg
dalle_19590,jpeg_q50,dalle,dalle,1,0.036931879818439484,data\cache\clean\test\dalle_19590\jpeg_q50.jpg
dalle_19962,jpeg_q50,dalle,dalle,1,0.4586212933063507,data\cache\clean\test\dalle_19962\jpeg_q50.jpg
dalle_22468,jpeg_q50,dalle,dalle,1,0.30334755778312683,data\cache\clean\test\dalle_22468\jpeg_q50.jpg
dalle_26611,jpeg_q50,dalle,dalle,1,0.33046627044677734,data\cache\clean\test\dalle_26611\jpeg_q50.jpg
dalle_27029,jpeg_q50,dalle,dalle,1,0.2078661024570465,data\cache\clean\test\dalle_27029\jpeg_q50.jpg
dalle_33159,jpeg_q50,dalle,dalle,1,0.38896942138671875,data\cache\clean\test\dalle_33159\jpeg_q50.jpg
dalle_3469,jpeg_q50,dalle,dalle,1,0.25473567843437195,data\cache\clean\test\dalle_3469\jpeg_q50.jpg
dalle_35493,jpeg_q50,dalle,dalle,1,0.0693756714463234,data\cache\clean\test\dalle_35493\jpeg_q50.jpg
dalle_3c589aa7fd4a6705f1fd7918daf4ffb9,jpeg_q50,dalle,dalle,1,0.1008441373705864,data\cache\clean\test\dalle_3c589aa7fd4a6705f1fd7918daf4ffb9\jpeg_q50.jpg
dalle_42344,jpeg_q50,dalle,dalle,1,0.07182972133159637,data\cache\clean\test\dalle_42344\jpeg_q50.jpg
dalle_6481,jpeg_q50,dalle,dalle,1,0.2680697441101074,data\cache\clean\test\dalle_6481\jpeg_q50.jpg
dalle_6f0f61883f111368d770c54801f33449,jpeg_q50,dalle,dalle,1,0.00015023212472442538,data\cache\clean\test\dalle_6f0f61883f111368d770c54801f33449\jpeg_q50.jpg
dalle_8017,jpeg_q50,dalle,dalle,1,0.002966029569506645,data\cache\clean\test\dalle_8017\jpeg_q50.jpg
dalle_9068,jpeg_q50,dalle,dalle,1,0.00207142299041152,data\cache\clean\test\dalle_9068\jpeg_q50.jpg
gigagan_02115,jpeg_q50,gigagan,gigagan,1,0.42481544613838196,data\cache\clean\test\gigagan_02115\jpeg_q50.jpg
gigagan_02490,jpeg_q50,gigagan,gigagan,1,0.2970942556858063,data\cache\clean\test\gigagan_02490\jpeg_q50.jpg
gigagan_03263,jpeg_q50,gigagan,gigagan,1,0.12671329081058502,data\cache\clean\test\gigagan_03263\jpeg_q50.jpg
gigagan_03860,jpeg_q50,gigagan,gigagan,1,0.08712589740753174,data\cache\clean\test\gigagan_03860\jpeg_q50.jpg
gigagan_05645,jpeg_q50,gigagan,gigagan,1,0.10906162858009338,data\cache\clean\test\gigagan_05645\jpeg_q50.jpg
gigagan_05738,jpeg_q50,gigagan,gigagan,1,0.45308804512023926,data\cache\clean\test\gigagan_05738\jpeg_q50.jpg
gigagan_06224,jpeg_q50,gigagan,gigagan,1,0.1788884848356247,data\cache\clean\test\gigagan_06224\jpeg_q50.jpg
gigagan_06628,jpeg_q50,gigagan,gigagan,1,0.10286810249090195,data\cache\clean\test\gigagan_06628\jpeg_q50.jpg
gigagan_07239,jpeg_q50,gigagan,gigagan,1,0.42373982071876526,data\cache\clean\test\gigagan_07239\jpeg_q50.jpg
gigagan_07350,jpeg_q50,gigagan,gigagan,1,0.018078576773405075,data\cache\clean\test\gigagan_07350\jpeg_q50.jpg
gigagan_07676,jpeg_q50,gigagan,gigagan,1,0.18278346955776215,data\cache\clean\test\gigagan_07676\jpeg_q50.jpg
gigagan_07909,jpeg_q50,gigagan,gigagan,1,0.03609612584114075,data\cache\clean\test\gigagan_07909\jpeg_q50.jpg
gigagan_08351,jpeg_q50,gigagan,gigagan,1,0.45745226740837097,data\cache\clean\test\gigagan_08351\jpeg_q50.jpg
gigagan_08464,jpeg_q50,gigagan,gigagan,1,0.3887546956539154,data\cache\clean\test\gigagan_08464\jpeg_q50.jpg
gigagan_08561,jpeg_q50,gigagan,gigagan,1,0.4539238512516022,data\cache\clean\test\gigagan_08561\jpeg_q50.jpg
gigagan_09026,jpeg_q50,gigagan,gigagan,1,0.09690956026315689,data\cache\clean\test\gigagan_09026\jpeg_q50.jpg
gigagan_09302,jpeg_q50,gigagan,gigagan,1,0.0034069956745952368,data\cache\clean\test\gigagan_09302\jpeg_q50.jpg
gigagan_09458,jpeg_q50,gigagan,gigagan,1,0.3208580017089844,data\cache\clean\test\gigagan_09458\jpeg_q50.jpg
gigagan_10769,jpeg_q50,gigagan,gigagan,1,0.010126969777047634,data\cache\clean\test\gigagan_10769\jpeg_q50.jpg
gigagan_10914,jpeg_q50,gigagan,gigagan,1,0.0011449444573372602,data\cache\clean\test\gigagan_10914\jpeg_q50.jpg
gigagan_11176,jpeg_q50,gigagan,gigagan,1,0.09608399122953415,data\cache\clean\test\gigagan_11176\jpeg_q50.jpg
gigagan_11896,jpeg_q50,gigagan,gigagan,1,0.33784955739974976,data\cache\clean\test\gigagan_11896\jpeg_q50.jpg
gigagan_12929,jpeg_q50,gigagan,gigagan,1,0.43265703320503235,data\cache\clean\test\gigagan_12929\jpeg_q50.jpg
gigagan_14071,jpeg_q50,gigagan,gigagan,1,0.003547819796949625,data\cache\clean\test\gigagan_14071\jpeg_q50.jpg
gigagan_14909,jpeg_q50,gigagan,gigagan,1,0.010127246379852295,data\cache\clean\test\gigagan_14909\jpeg_q50.jpg
gigagan_15412,jpeg_q50,gigagan,gigagan,1,0.12698404490947723,data\cache\clean\test\gigagan_15412\jpeg_q50.jpg
gigagan_15561,jpeg_q50,gigagan,gigagan,1,0.028471248224377632,data\cache\clean\test\gigagan_15561\jpeg_q50.jpg
gigagan_16357,jpeg_q50,gigagan,gigagan,1,0.006147678475826979,data\cache\clean\test\gigagan_16357\jpeg_q50.jpg
gigagan_16966,jpeg_q50,gigagan,gigagan,1,0.009451375342905521,data\cache\clean\test\gigagan_16966\jpeg_q50.jpg
gigagan_17003,jpeg_q50,gigagan,gigagan,1,0.40495026111602783,data\cache\clean\test\gigagan_17003\jpeg_q50.jpg
gigagan_17057,jpeg_q50,gigagan,gigagan,1,0.4299090802669525,data\cache\clean\test\gigagan_17057\jpeg_q50.jpg
gigagan_17666,jpeg_q50,gigagan,gigagan,1,0.1696862131357193,data\cache\clean\test\gigagan_17666\jpeg_q50.jpg
gigagan_18037,jpeg_q50,gigagan,gigagan,1,0.19210080802440643,data\cache\clean\test\gigagan_18037\jpeg_q50.jpg
gigagan_18085,jpeg_q50,gigagan,gigagan,1,0.0014240029267966747,data\cache\clean\test\gigagan_18085\jpeg_q50.jpg
gigagan_18143,jpeg_q50,gigagan,gigagan,1,0.40053004026412964,data\cache\clean\test\gigagan_18143\jpeg_q50.jpg
gigagan_18704,jpeg_q50,gigagan,gigagan,1,0.24769063293933868,data\cache\clean\test\gigagan_18704\jpeg_q50.jpg
gigagan_18797,jpeg_q50,gigagan,gigagan,1,0.335923433303833,data\cache\clean\test\gigagan_18797\jpeg_q50.jpg
gigagan_19199,jpeg_q50,gigagan,gigagan,1,0.0034828251227736473,data\cache\clean\test\gigagan_19199\jpeg_q50.jpg
gigagan_19248,jpeg_q50,gigagan,gigagan,1,0.42026036977767944,data\cache\clean\test\gigagan_19248\jpeg_q50.jpg
gigagan_20207,jpeg_q50,gigagan,gigagan,1,0.1753808856010437,data\cache\clean\test\gigagan_20207\jpeg_q50.jpg
gigagan_20327,jpeg_q50,gigagan,gigagan,1,0.003366719698533416,data\cache\clean\test\gigagan_20327\jpeg_q50.jpg
gigagan_20516,jpeg_q50,gigagan,gigagan,1,0.4746581017971039,data\cache\clean\test\gigagan_20516\jpeg_q50.jpg
gigagan_20756,jpeg_q50,gigagan,gigagan,1,0.45131760835647583,data\cache\clean\test\gigagan_20756\jpeg_q50.jpg
gigagan_20968,jpeg_q50,gigagan,gigagan,1,0.006364942528307438,data\cache\clean\test\gigagan_20968\jpeg_q50.jpg
gigagan_21166,jpeg_q50,gigagan,gigagan,1,0.4804707467556,data\cache\clean\test\gigagan_21166\jpeg_q50.jpg
gigagan_21244,jpeg_q50,gigagan,gigagan,1,0.10846224427223206,data\cache\clean\test\gigagan_21244\jpeg_q50.jpg
gigagan_21611,jpeg_q50,gigagan,gigagan,1,0.10453798621892929,data\cache\clean\test\gigagan_21611\jpeg_q50.jpg
gigagan_22263,jpeg_q50,gigagan,gigagan,1,0.23088113963603973,data\cache\clean\test\gigagan_22263\jpeg_q50.jpg
gigagan_22294,jpeg_q50,gigagan,gigagan,1,0.49291032552719116,data\cache\clean\test\gigagan_22294\jpeg_q50.jpg
gigagan_22418,jpeg_q50,gigagan,gigagan,1,0.013431502506136894,data\cache\clean\test\gigagan_22418\jpeg_q50.jpg
gigagan_22533,jpeg_q50,gigagan,gigagan,1,0.25740671157836914,data\cache\clean\test\gigagan_22533\jpeg_q50.jpg
gigagan_22770,jpeg_q50,gigagan,gigagan,1,0.005026398226618767,data\cache\clean\test\gigagan_22770\jpeg_q50.jpg
gigagan_23134,jpeg_q50,gigagan,gigagan,1,1.5857302059885114e-05,data\cache\clean\test\gigagan_23134\jpeg_q50.jpg
gigagan_23834,jpeg_q50,gigagan,gigagan,1,0.029153820127248764,data\cache\clean\test\gigagan_23834\jpeg_q50.jpg
gigagan_24445,jpeg_q50,gigagan,gigagan,1,0.006153038237243891,data\cache\clean\test\gigagan_24445\jpeg_q50.jpg
gigagan_24679,jpeg_q50,gigagan,gigagan,1,0.005006857682019472,data\cache\clean\test\gigagan_24679\jpeg_q50.jpg
gigagan_24726,jpeg_q50,gigagan,gigagan,1,0.3560113310813904,data\cache\clean\test\gigagan_24726\jpeg_q50.jpg
gigagan_24933,jpeg_q50,gigagan,gigagan,1,0.008936421945691109,data\cache\clean\test\gigagan_24933\jpeg_q50.jpg
gigagan_25090,jpeg_q50,gigagan,gigagan,1,0.0014385078102350235,data\cache\clean\test\gigagan_25090\jpeg_q50.jpg
gigagan_25801,jpeg_q50,gigagan,gigagan,1,0.42649564146995544,data\cache\clean\test\gigagan_25801\jpeg_q50.jpg
gigagan_26067,jpeg_q50,gigagan,gigagan,1,0.008834702894091606,data\cache\clean\test\gigagan_26067\jpeg_q50.jpg
gigagan_26681,jpeg_q50,gigagan,gigagan,1,0.22377240657806396,data\cache\clean\test\gigagan_26681\jpeg_q50.jpg
gigagan_26982,jpeg_q50,gigagan,gigagan,1,0.46232837438583374,data\cache\clean\test\gigagan_26982\jpeg_q50.jpg
gigagan_27033,jpeg_q50,gigagan,gigagan,1,0.18998442590236664,data\cache\clean\test\gigagan_27033\jpeg_q50.jpg
gigagan_28336,jpeg_q50,gigagan,gigagan,1,0.10566285997629166,data\cache\clean\test\gigagan_28336\jpeg_q50.jpg
gigagan_28900,jpeg_q50,gigagan,gigagan,1,0.1347780078649521,data\cache\clean\test\gigagan_28900\jpeg_q50.jpg
gigagan_29456,jpeg_q50,gigagan,gigagan,1,0.3246205151081085,data\cache\clean\test\gigagan_29456\jpeg_q50.jpg
imagen3_045e6da6fd7f6fb0,jpeg_q50,imagen3,imagen3,1,0.0007706034230068326,data\cache\clean\test\imagen3_045e6da6fd7f6fb0\jpeg_q50.jpg
imagen3_13ed1f9391224848,jpeg_q50,imagen3,imagen3,1,0.07640945166349411,data\cache\clean\test\imagen3_13ed1f9391224848\jpeg_q50.jpg
imagen3_17643da56f35c6f7,jpeg_q50,imagen3,imagen3,1,0.00036664336221292615,data\cache\clean\test\imagen3_17643da56f35c6f7\jpeg_q50.jpg
imagen3_24e64d19ddde11cb,jpeg_q50,imagen3,imagen3,1,0.16100184619426727,data\cache\clean\test\imagen3_24e64d19ddde11cb\jpeg_q50.jpg
imagen3_260ae6b06f1f50e2,jpeg_q50,imagen3,imagen3,1,0.0006479636649601161,data\cache\clean\test\imagen3_260ae6b06f1f50e2\jpeg_q50.jpg
imagen3_2be4510162a8a76e,jpeg_q50,imagen3,imagen3,1,2.584287358331494e-05,data\cache\clean\test\imagen3_2be4510162a8a76e\jpeg_q50.jpg
imagen3_3403b18fc93acbfc,jpeg_q50,imagen3,imagen3,1,0.0060943784192204475,data\cache\clean\test\imagen3_3403b18fc93acbfc\jpeg_q50.jpg
imagen3_44476,jpeg_q50,imagen3,imagen3,1,0.013241475448012352,data\cache\clean\test\imagen3_44476\jpeg_q50.jpg
imagen3_46922,jpeg_q50,imagen3,imagen3,1,0.10620371252298355,data\cache\clean\test\imagen3_46922\jpeg_q50.jpg
imagen3_473ffc5e3d5dc373,jpeg_q50,imagen3,imagen3,1,0.0002066239103442058,data\cache\clean\test\imagen3_473ffc5e3d5dc373\jpeg_q50.jpg
imagen3_51659,jpeg_q50,imagen3,imagen3,1,0.25175943970680237,data\cache\clean\test\imagen3_51659\jpeg_q50.jpg
imagen3_519f5c348fe55fcd,jpeg_q50,imagen3,imagen3,1,0.3078958988189697,data\cache\clean\test\imagen3_519f5c348fe55fcd\jpeg_q50.jpg
imagen3_52520,jpeg_q50,imagen3,imagen3,1,0.27638164162635803,data\cache\clean\test\imagen3_52520\jpeg_q50.jpg
imagen3_560ead164dab63a5,jpeg_q50,imagen3,imagen3,1,0.32846227288246155,data\cache\clean\test\imagen3_560ead164dab63a5\jpeg_q50.jpg
imagen3_5e95809bd47d157b,jpeg_q50,imagen3,imagen3,1,0.020107271149754524,data\cache\clean\test\imagen3_5e95809bd47d157b\jpeg_q50.jpg
imagen3_69467160e53f71bc,jpeg_q50,imagen3,imagen3,1,0.4727843999862671,data\cache\clean\test\imagen3_69467160e53f71bc\jpeg_q50.jpg
imagen3_6a8270ea182a9194,jpeg_q50,imagen3,imagen3,1,0.0036171528045088053,data\cache\clean\test\imagen3_6a8270ea182a9194\jpeg_q50.jpg
imagen3_6c7624322b04ce43,jpeg_q50,imagen3,imagen3,1,0.03634355217218399,data\cache\clean\test\imagen3_6c7624322b04ce43\jpeg_q50.jpg
imagen3_77fb2d4f372634f8,jpeg_q50,imagen3,imagen3,1,0.016086088493466377,data\cache\clean\test\imagen3_77fb2d4f372634f8\jpeg_q50.jpg
imagen3_7ee1485909c59826,jpeg_q50,imagen3,imagen3,1,0.023308521136641502,data\cache\clean\test\imagen3_7ee1485909c59826\jpeg_q50.jpg
imagen3_8b13dc3bff918841,jpeg_q50,imagen3,imagen3,1,0.04031867906451225,data\cache\clean\test\imagen3_8b13dc3bff918841\jpeg_q50.jpg
imagen3_8c20e4bf83ffff36,jpeg_q50,imagen3,imagen3,1,0.022259796038269997,data\cache\clean\test\imagen3_8c20e4bf83ffff36\jpeg_q50.jpg
imagen3_8e6f8acd28fd8f35,jpeg_q50,imagen3,imagen3,1,0.20113889873027802,data\cache\clean\test\imagen3_8e6f8acd28fd8f35\jpeg_q50.jpg
imagen3_9e82651e214a25c8,jpeg_q50,imagen3,imagen3,1,0.29275354743003845,data\cache\clean\test\imagen3_9e82651e214a25c8\jpeg_q50.jpg
imagen3_aa13646e437b7afa,jpeg_q50,imagen3,imagen3,1,0.17843033373355865,data\cache\clean\test\imagen3_aa13646e437b7afa\jpeg_q50.jpg
imagen3_ad860df8c2a1a848,jpeg_q50,imagen3,imagen3,1,0.03183857351541519,data\cache\clean\test\imagen3_ad860df8c2a1a848\jpeg_q50.jpg
imagen3_b69c9976ced306d1,jpeg_q50,imagen3,imagen3,1,0.01377144642174244,data\cache\clean\test\imagen3_b69c9976ced306d1\jpeg_q50.jpg
imagen3_ca44bb7db1e73a9a,jpeg_q50,imagen3,imagen3,1,0.006970898248255253,data\cache\clean\test\imagen3_ca44bb7db1e73a9a\jpeg_q50.jpg
imagen3_e63f3b6f8bdee43a,jpeg_q50,imagen3,imagen3,1,0.27271217107772827,data\cache\clean\test\imagen3_e63f3b6f8bdee43a\jpeg_q50.jpg
imagen3_eaf94916ce926270,jpeg_q50,imagen3,imagen3,1,0.041020192205905914,data\cache\clean\test\imagen3_eaf94916ce926270\jpeg_q50.jpg
imagen3_f2da05bffbe27dab,jpeg_q50,imagen3,imagen3,1,0.03606155887246132,data\cache\clean\test\imagen3_f2da05bffbe27dab\jpeg_q50.jpg
imagen3_fe7048efd51b15b8,jpeg_q50,imagen3,imagen3,1,0.10414384305477142,data\cache\clean\test\imagen3_fe7048efd51b15b8\jpeg_q50.jpg
imagen3_Imagen3_1208,jpeg_q50,imagen3,imagen3,1,0.0030846907757222652,data\cache\clean\test\imagen3_Imagen3_1208\jpeg_q50.jpg
imagen3_Imagen3_2403,jpeg_q50,imagen3,imagen3,1,0.39670950174331665,data\cache\clean\test\imagen3_Imagen3_2403\jpeg_q50.jpg
imagen3_Imagen3_3097,jpeg_q50,imagen3,imagen3,1,0.027653111144900322,data\cache\clean\test\imagen3_Imagen3_3097\jpeg_q50.jpg
sidset_full_synthetic_001692,jpeg_q50,sidset,full_synthetic,1,0.1507173627614975,data\cache\clean\test\sidset_full_synthetic_001692\jpeg_q50.jpg
sidset_full_synthetic_005710,jpeg_q50,sidset,full_synthetic,1,0.0347609743475914,data\cache\clean\test\sidset_full_synthetic_005710\jpeg_q50.jpg
sidset_full_synthetic_031486,jpeg_q50,sidset,full_synthetic,1,0.28406721353530884,data\cache\clean\test\sidset_full_synthetic_031486\jpeg_q50.jpg
sidset_full_synthetic_033528,jpeg_q50,sidset,full_synthetic,1,0.0009271583403460681,data\cache\clean\test\sidset_full_synthetic_033528\jpeg_q50.jpg
sidset_full_synthetic_040891,jpeg_q50,sidset,full_synthetic,1,0.33932992815971375,data\cache\clean\test\sidset_full_synthetic_040891\jpeg_q50.jpg
sidset_full_synthetic_042089,jpeg_q50,sidset,full_synthetic,1,0.36713141202926636,data\cache\clean\test\sidset_full_synthetic_042089\jpeg_q50.jpg
sidset_full_synthetic_063062,jpeg_q50,sidset,full_synthetic,1,0.21427860856056213,data\cache\clean\test\sidset_full_synthetic_063062\jpeg_q50.jpg
stylegan_xl_0097a2e24789bc7a,jpeg_q50,stylegan_xl,stylegan_xl,1,0.005319309886544943,data\cache\clean\test\stylegan_xl_0097a2e24789bc7a\jpeg_q50.jpg
stylegan_xl_00a4591cf03df584,jpeg_q50,stylegan_xl,stylegan_xl,1,0.0001762281754054129,data\cache\clean\test\stylegan_xl_00a4591cf03df584\jpeg_q50.jpg
stylegan_xl_031391f1ab18ab62,jpeg_q50,stylegan_xl,stylegan_xl,1,0.06718678027391434,data\cache\clean\test\stylegan_xl_031391f1ab18ab62\jpeg_q50.jpg
stylegan_xl_0a4244f8a9185bad,jpeg_q50,stylegan_xl,stylegan_xl,1,0.16235306859016418,data\cache\clean\test\stylegan_xl_0a4244f8a9185bad\jpeg_q50.jpg
stylegan_xl_0f7efa4c31bcd8f4,jpeg_q50,stylegan_xl,stylegan_xl,1,0.02243836037814617,data\cache\clean\test\stylegan_xl_0f7efa4c31bcd8f4\jpeg_q50.jpg
stylegan_xl_1060d58257bc5130,jpeg_q50,stylegan_xl,stylegan_xl,1,0.0002757159236352891,data\cache\clean\test\stylegan_xl_1060d58257bc5130\jpeg_q50.jpg
stylegan_xl_1440252ff76f525f,jpeg_q50,stylegan_xl,stylegan_xl,1,0.29402562975883484,data\cache\clean\test\stylegan_xl_1440252ff76f525f\jpeg_q50.jpg
stylegan_xl_17f8bf0ef8d2f478,jpeg_q50,stylegan_xl,stylegan_xl,1,0.31245726346969604,data\cache\clean\test\stylegan_xl_17f8bf0ef8d2f478\jpeg_q50.jpg
stylegan_xl_2013fe0d44f84041,jpeg_q50,stylegan_xl,stylegan_xl,1,3.585114245652221e-05,data\cache\clean\test\stylegan_xl_2013fe0d44f84041\jpeg_q50.jpg
stylegan_xl_23273,jpeg_q50,stylegan_xl,stylegan_xl,1,0.22239212691783905,data\cache\clean\test\stylegan_xl_23273\jpeg_q50.jpg
stylegan_xl_324e332686aa6966,jpeg_q50,stylegan_xl,stylegan_xl,1,0.1655852347612381,data\cache\clean\test\stylegan_xl_324e332686aa6966\jpeg_q50.jpg
stylegan_xl_3621cf0be1fc8d68,jpeg_q50,stylegan_xl,stylegan_xl,1,0.17069651186466217,data\cache\clean\test\stylegan_xl_3621cf0be1fc8d68\jpeg_q50.jpg
stylegan_xl_38c489e3b0d8c700,jpeg_q50,stylegan_xl,stylegan_xl,1,0.07740619778633118,data\cache\clean\test\stylegan_xl_38c489e3b0d8c700\jpeg_q50.jpg
stylegan_xl_3b5e18f8fc06450d,jpeg_q50,stylegan_xl,stylegan_xl,1,0.022062836214900017,data\cache\clean\test\stylegan_xl_3b5e18f8fc06450d\jpeg_q50.jpg
stylegan_xl_45081,jpeg_q50,stylegan_xl,stylegan_xl,1,0.00508548878133297,data\cache\clean\test\stylegan_xl_45081\jpeg_q50.jpg
stylegan_xl_45602,jpeg_q50,stylegan_xl,stylegan_xl,1,0.11489137262105942,data\cache\clean\test\stylegan_xl_45602\jpeg_q50.jpg
stylegan_xl_47014,jpeg_q50,stylegan_xl,stylegan_xl,1,0.1855524480342865,data\cache\clean\test\stylegan_xl_47014\jpeg_q50.jpg
stylegan_xl_47343,jpeg_q50,stylegan_xl,stylegan_xl,1,0.0010298156412318349,data\cache\clean\test\stylegan_xl_47343\jpeg_q50.jpg
stylegan_xl_48611,jpeg_q50,stylegan_xl,stylegan_xl,1,0.013703018426895142,data\cache\clean\test\stylegan_xl_48611\jpeg_q50.jpg
stylegan_xl_49074,jpeg_q50,stylegan_xl,stylegan_xl,1,0.10158820450305939,data\cache\clean\test\stylegan_xl_49074\jpeg_q50.jpg
stylegan_xl_4f991f9638e28675,jpeg_q50,stylegan_xl,stylegan_xl,1,0.0010796942515298724,data\cache\clean\test\stylegan_xl_4f991f9638e28675\jpeg_q50.jpg
stylegan_xl_50731,jpeg_q50,stylegan_xl,stylegan_xl,1,0.3886376917362213,data\cache\clean\test\stylegan_xl_50731\jpeg_q50.jpg
stylegan_xl_60ed9d3511d333bf,jpeg_q50,stylegan_xl,stylegan_xl,1,0.009649014100432396,data\cache\clean\test\stylegan_xl_60ed9d3511d333bf\jpeg_q50.jpg
stylegan_xl_65bb283a1280639e,jpeg_q50,stylegan_xl,stylegan_xl,1,0.42472824454307556,data\cache\clean\test\stylegan_xl_65bb283a1280639e\jpeg_q50.jpg
stylegan_xl_729fee52c5b7f95b,jpeg_q50,stylegan_xl,stylegan_xl,1,0.22207188606262207,data\cache\clean\test\stylegan_xl_729fee52c5b7f95b\jpeg_q50.jpg
stylegan_xl_7d433e90bcd7bd53,jpeg_q50,stylegan_xl,stylegan_xl,1,0.0005324698286131024,data\cache\clean\test\stylegan_xl_7d433e90bcd7bd53\jpeg_q50.jpg
stylegan_xl_7ffebe6032f8209f,jpeg_q50,stylegan_xl,stylegan_xl,1,0.02414906956255436,data\cache\clean\test\stylegan_xl_7ffebe6032f8209f\jpeg_q50.jpg
stylegan_xl_80fc8be6e7c11eb3,jpeg_q50,stylegan_xl,stylegan_xl,1,0.011992165818810463,data\cache\clean\test\stylegan_xl_80fc8be6e7c11eb3\jpeg_q50.jpg
stylegan_xl_8461b1ae87c22c20,jpeg_q50,stylegan_xl,stylegan_xl,1,0.11599785089492798,data\cache\clean\test\stylegan_xl_8461b1ae87c22c20\jpeg_q50.jpg
stylegan_xl_8f9dfd75dde8914f,jpeg_q50,stylegan_xl,stylegan_xl,1,0.23633652925491333,data\cache\clean\test\stylegan_xl_8f9dfd75dde8914f\jpeg_q50.jpg
stylegan_xl_a10d4a733f4df420,jpeg_q50,stylegan_xl,stylegan_xl,1,0.20322473347187042,data\cache\clean\test\stylegan_xl_a10d4a733f4df420\jpeg_q50.jpg
stylegan_xl_a1ed16fffc5ecb68,jpeg_q50,stylegan_xl,stylegan_xl,1,0.029333192855119705,data\cache\clean\test\stylegan_xl_a1ed16fffc5ecb68\jpeg_q50.jpg
stylegan_xl_a72f3ace10a8f550,jpeg_q50,stylegan_xl,stylegan_xl,1,0.0005315996240824461,data\cache\clean\test\stylegan_xl_a72f3ace10a8f550\jpeg_q50.jpg
stylegan_xl_b6abe358484b287a,jpeg_q50,stylegan_xl,stylegan_xl,1,0.04644870385527611,data\cache\clean\test\stylegan_xl_b6abe358484b287a\jpeg_q50.jpg
stylegan_xl_bd69757ff485d03e,jpeg_q50,stylegan_xl,stylegan_xl,1,0.051662929356098175,data\cache\clean\test\stylegan_xl_bd69757ff485d03e\jpeg_q50.jpg
stylegan_xl_cccbc1d57a7e095e,jpeg_q50,stylegan_xl,stylegan_xl,1,0.006491340696811676,data\cache\clean\test\stylegan_xl_cccbc1d57a7e095e\jpeg_q50.jpg
stylegan_xl_cf9c332a1ebfb587,jpeg_q50,stylegan_xl,stylegan_xl,1,0.08421701937913895,data\cache\clean\test\stylegan_xl_cf9c332a1ebfb587\jpeg_q50.jpg
stylegan_xl_d7c4ece8c8a01de0,jpeg_q50,stylegan_xl,stylegan_xl,1,0.005261596292257309,data\cache\clean\test\stylegan_xl_d7c4ece8c8a01de0\jpeg_q50.jpg
stylegan_xl_e4b8e7ef72cabaf2,jpeg_q50,stylegan_xl,stylegan_xl,1,0.06896053999662399,data\cache\clean\test\stylegan_xl_e4b8e7ef72cabaf2\jpeg_q50.jpg
stylegan_xl_fef6a66b8deaa7ab,jpeg_q50,stylegan_xl,stylegan_xl,1,0.000521258800290525,data\cache\clean\test\stylegan_xl_fef6a66b8deaa7ab\jpeg_q50.jpg
cifake_1028 (10),jpeg_q70,cifake,stable_diffusion,1,0.2321854829788208,data\cache\clean\test\cifake_1028 (10)\jpeg_q70.jpg
cifake_1088 (3),jpeg_q70,cifake,stable_diffusion,1,0.2949589788913727,data\cache\clean\test\cifake_1088 (3)\jpeg_q70.jpg
cifake_2293 (9),jpeg_q70,cifake,stable_diffusion,1,0.2939348816871643,data\cache\clean\test\cifake_2293 (9)\jpeg_q70.jpg
cifake_4127 (3),jpeg_q70,cifake,stable_diffusion,1,0.1827351450920105,data\cache\clean\test\cifake_4127 (3)\jpeg_q70.jpg
cifake_4221 (2),jpeg_q70,cifake,stable_diffusion,1,0.04341767728328705,data\cache\clean\test\cifake_4221 (2)\jpeg_q70.jpg
cifake_5607 (3),jpeg_q70,cifake,stable_diffusion,1,0.3526996374130249,data\cache\clean\test\cifake_5607 (3)\jpeg_q70.jpg
cifake_5943 (10),jpeg_q70,cifake,stable_diffusion,1,0.3345184028148651,data\cache\clean\test\cifake_5943 (10)\jpeg_q70.jpg
cifake_791 (6),jpeg_q70,cifake,stable_diffusion,1,0.3206663429737091,data\cache\clean\test\cifake_791 (6)\jpeg_q70.jpg
dalle_10420,jpeg_q70,dalle,dalle,1,0.002829963807016611,data\cache\clean\test\dalle_10420\jpeg_q70.jpg
dalle_12052,jpeg_q70,dalle,dalle,1,0.030963808298110962,data\cache\clean\test\dalle_12052\jpeg_q70.jpg
dalle_13108,jpeg_q70,dalle,dalle,1,0.11079560965299606,data\cache\clean\test\dalle_13108\jpeg_q70.jpg
dalle_1895b86b74caac5dad51022c3d3b33df,jpeg_q70,dalle,dalle,1,0.007337191607803106,data\cache\clean\test\dalle_1895b86b74caac5dad51022c3d3b33df\jpeg_q70.jpg
dalle_19590,jpeg_q70,dalle,dalle,1,0.023042850196361542,data\cache\clean\test\dalle_19590\jpeg_q70.jpg
dalle_19962,jpeg_q70,dalle,dalle,1,0.23368142545223236,data\cache\clean\test\dalle_19962\jpeg_q70.jpg
dalle_23768,jpeg_q70,dalle,dalle,1,0.35575270652770996,data\cache\clean\test\dalle_23768\jpeg_q70.jpg
dalle_24299,jpeg_q70,dalle,dalle,1,0.4950200617313385,data\cache\clean\test\dalle_24299\jpeg_q70.jpg
dalle_26611,jpeg_q70,dalle,dalle,1,0.24673180282115936,data\cache\clean\test\dalle_26611\jpeg_q70.jpg
dalle_27029,jpeg_q70,dalle,dalle,1,0.16520018875598907,data\cache\clean\test\dalle_27029\jpeg_q70.jpg
dalle_3469,jpeg_q70,dalle,dalle,1,0.37056994438171387,data\cache\clean\test\dalle_3469\jpeg_q70.jpg
dalle_35493,jpeg_q70,dalle,dalle,1,0.13885530829429626,data\cache\clean\test\dalle_35493\jpeg_q70.jpg
dalle_3c589aa7fd4a6705f1fd7918daf4ffb9,jpeg_q70,dalle,dalle,1,0.1466839760541916,data\cache\clean\test\dalle_3c589aa7fd4a6705f1fd7918daf4ffb9\jpeg_q70.jpg
dalle_42344,jpeg_q70,dalle,dalle,1,0.04637537896633148,data\cache\clean\test\dalle_42344\jpeg_q70.jpg
dalle_568,jpeg_q70,dalle,dalle,1,0.23103675246238708,data\cache\clean\test\dalle_568\jpeg_q70.jpg
dalle_6481,jpeg_q70,dalle,dalle,1,0.08277813345193863,data\cache\clean\test\dalle_6481\jpeg_q70.jpg
dalle_6f0f61883f111368d770c54801f33449,jpeg_q70,dalle,dalle,1,0.00024187950475607067,data\cache\clean\test\dalle_6f0f61883f111368d770c54801f33449\jpeg_q70.jpg
dalle_7803,jpeg_q70,dalle,dalle,1,0.4635182023048401,data\cache\clean\test\dalle_7803\jpeg_q70.jpg
dalle_8017,jpeg_q70,dalle,dalle,1,0.02024170383810997,data\cache\clean\test\dalle_8017\jpeg_q70.jpg
dalle_9068,jpeg_q70,dalle,dalle,1,0.0024382551200687885,data\cache\clean\test\dalle_9068\jpeg_q70.jpg
gigagan_02115,jpeg_q70,gigagan,gigagan,1,0.38114437460899353,data\cache\clean\test\gigagan_02115\jpeg_q70.jpg
gigagan_02490,jpeg_q70,gigagan,gigagan,1,0.180833101272583,data\cache\clean\test\gigagan_02490\jpeg_q70.jpg
gigagan_03263,jpeg_q70,gigagan,gigagan,1,0.4476902186870575,data\cache\clean\test\gigagan_03263\jpeg_q70.jpg
gigagan_03860,jpeg_q70,gigagan,gigagan,1,0.036375705152750015,data\cache\clean\test\gigagan_03860\jpeg_q70.jpg
gigagan_05061,jpeg_q70,gigagan,gigagan,1,0.2925892770290375,data\cache\clean\test\gigagan_05061\jpeg_q70.jpg
gigagan_05645,jpeg_q70,gigagan,gigagan,1,0.09804016351699829,data\cache\clean\test\gigagan_05645\jpeg_q70.jpg
gigagan_05738,jpeg_q70,gigagan,gigagan,1,0.3482794165611267,data\cache\clean\test\gigagan_05738\jpeg_q70.jpg
gigagan_06224,jpeg_q70,gigagan,gigagan,1,0.17450645565986633,data\cache\clean\test\gigagan_06224\jpeg_q70.jpg
gigagan_06628,jpeg_q70,gigagan,gigagan,1,0.03374100849032402,data\cache\clean\test\gigagan_06628\jpeg_q70.jpg
gigagan_07239,jpeg_q70,gigagan,gigagan,1,0.35611221194267273,data\cache\clean\test\gigagan_07239\jpeg_q70.jpg
gigagan_07350,jpeg_q70,gigagan,gigagan,1,0.005708039738237858,data\cache\clean\test\gigagan_07350\jpeg_q70.jpg
gigagan_07909,jpeg_q70,gigagan,gigagan,1,0.02346520870923996,data\cache\clean\test\gigagan_07909\jpeg_q70.jpg
gigagan_08193,jpeg_q70,gigagan,gigagan,1,0.44655266404151917,data\cache\clean\test\gigagan_08193\jpeg_q70.jpg
gigagan_08351,jpeg_q70,gigagan,gigagan,1,0.46342143416404724,data\cache\clean\test\gigagan_08351\jpeg_q70.jpg
gigagan_08464,jpeg_q70,gigagan,gigagan,1,0.2925032377243042,data\cache\clean\test\gigagan_08464\jpeg_q70.jpg
gigagan_08561,jpeg_q70,gigagan,gigagan,1,0.4800163209438324,data\cache\clean\test\gigagan_08561\jpeg_q70.jpg
gigagan_09026,jpeg_q70,gigagan,gigagan,1,0.01767050102353096,data\cache\clean\test\gigagan_09026\jpeg_q70.jpg
gigagan_09302,jpeg_q70,gigagan,gigagan,1,0.0023817874025553465,data\cache\clean\test\gigagan_09302\jpeg_q70.jpg
gigagan_09458,jpeg_q70,gigagan,gigagan,1,0.2178545445203781,data\cache\clean\test\gigagan_09458\jpeg_q70.jpg
gigagan_10769,jpeg_q70,gigagan,gigagan,1,0.021222621202468872,data\cache\clean\test\gigagan_10769\jpeg_q70.jpg
gigagan_10914,jpeg_q70,gigagan,gigagan,1,0.001122769434005022,data\cache\clean\test\gigagan_10914\jpeg_q70.jpg
gigagan_11176,jpeg_q70,gigagan,gigagan,1,0.1546986997127533,data\cache\clean\test\gigagan_11176\jpeg_q70.jpg
gigagan_11896,jpeg_q70,gigagan,gigagan,1,0.37215447425842285,data\cache\clean\test\gigagan_11896\jpeg_q70.jpg
gigagan_12929,jpeg_q70,gigagan,gigagan,1,0.42251211404800415,data\cache\clean\test\gigagan_12929\jpeg_q70.jpg
gigagan_14071,jpeg_q70,gigagan,gigagan,1,0.0019067225512117147,data\cache\clean\test\gigagan_14071\jpeg_q70.jpg
gigagan_14909,jpeg_q70,gigagan,gigagan,1,0.014879249036312103,data\cache\clean\test\gigagan_14909\jpeg_q70.jpg
gigagan_15561,jpeg_q70,gigagan,gigagan,1,0.007676009088754654,data\cache\clean\test\gigagan_15561\jpeg_q70.jpg
gigagan_16357,jpeg_q70,gigagan,gigagan,1,0.006783724762499332,data\cache\clean\test\gigagan_16357\jpeg_q70.jpg
gigagan_16966,jpeg_q70,gigagan,gigagan,1,0.008994214236736298,data\cache\clean\test\gigagan_16966\jpeg_q70.jpg
gigagan_17057,jpeg_q70,gigagan,gigagan,1,0.3489147424697876,data\cache\clean\test\gigagan_17057\jpeg_q70.jpg
gigagan_17666,jpeg_q70,gigagan,gigagan,1,0.2900422215461731,data\cache\clean\test\gigagan_17666\jpeg_q70.jpg
gigagan_18037,jpeg_q70,gigagan,gigagan,1,0.30908694863319397,data\cache\clean\test\gigagan_18037\jpeg_q70.jpg
gigagan_18085,jpeg_q70,gigagan,gigagan,1,0.002274919068440795,data\cache\clean\test\gigagan_18085\jpeg_q70.jpg
gigagan_18143,jpeg_q70,gigagan,gigagan,1,0.3622439503669739,data\cache\clean\test\gigagan_18143\jpeg_q70.jpg
gigagan_18704,jpeg_q70,gigagan,gigagan,1,0.3384228050708771,data\cache\clean\test\gigagan_18704\jpeg_q70.jpg
gigagan_18797,jpeg_q70,gigagan,gigagan,1,0.10605084151029587,data\cache\clean\test\gigagan_18797\jpeg_q70.jpg
gigagan_19055,jpeg_q70,gigagan,gigagan,1,0.4187851846218109,data\cache\clean\test\gigagan_19055\jpeg_q70.jpg
gigagan_19199,jpeg_q70,gigagan,gigagan,1,0.0018912156810984015,data\cache\clean\test\gigagan_19199\jpeg_q70.jpg
gigagan_19248,jpeg_q70,gigagan,gigagan,1,0.1654624342918396,data\cache\clean\test\gigagan_19248\jpeg_q70.jpg
gigagan_19458,jpeg_q70,gigagan,gigagan,1,0.16825783252716064,data\cache\clean\test\gigagan_19458\jpeg_q70.jpg
gigagan_20207,jpeg_q70,gigagan,gigagan,1,0.17672160267829895,data\cache\clean\test\gigagan_20207\jpeg_q70.jpg
gigagan_20327,jpeg_q70,gigagan,gigagan,1,0.006685000378638506,data\cache\clean\test\gigagan_20327\jpeg_q70.jpg
gigagan_20516,jpeg_q70,gigagan,gigagan,1,0.19355253875255585,data\cache\clean\test\gigagan_20516\jpeg_q70.jpg
gigagan_20968,jpeg_q70,gigagan,gigagan,1,0.0017475612694397569,data\cache\clean\test\gigagan_20968\jpeg_q70.jpg
gigagan_21166,jpeg_q70,gigagan,gigagan,1,0.40754714608192444,data\cache\clean\test\gigagan_21166\jpeg_q70.jpg
gigagan_21244,jpeg_q70,gigagan,gigagan,1,0.40405139327049255,data\cache\clean\test\gigagan_21244\jpeg_q70.jpg
gigagan_21611,jpeg_q70,gigagan,gigagan,1,0.0889313593506813,data\cache\clean\test\gigagan_21611\jpeg_q70.jpg
gigagan_22418,jpeg_q70,gigagan,gigagan,1,0.004350917413830757,data\cache\clean\test\gigagan_22418\jpeg_q70.jpg
gigagan_22533,jpeg_q70,gigagan,gigagan,1,0.2746857702732086,data\cache\clean\test\gigagan_22533\jpeg_q70.jpg
gigagan_22770,jpeg_q70,gigagan,gigagan,1,0.020180916413664818,data\cache\clean\test\gigagan_22770\jpeg_q70.jpg
gigagan_23134,jpeg_q70,gigagan,gigagan,1,1.0832901352841873e-05,data\cache\clean\test\gigagan_23134\jpeg_q70.jpg
gigagan_23834,jpeg_q70,gigagan,gigagan,1,0.026742814108729362,data\cache\clean\test\gigagan_23834\jpeg_q70.jpg
gigagan_24147,jpeg_q70,gigagan,gigagan,1,0.43654146790504456,data\cache\clean\test\gigagan_24147\jpeg_q70.jpg
gigagan_24445,jpeg_q70,gigagan,gigagan,1,0.021039316430687904,data\cache\clean\test\gigagan_24445\jpeg_q70.jpg
gigagan_24679,jpeg_q70,gigagan,gigagan,1,0.005637205205857754,data\cache\clean\test\gigagan_24679\jpeg_q70.jpg
gigagan_24707,jpeg_q70,gigagan,gigagan,1,0.46362796425819397,data\cache\clean\test\gigagan_24707\jpeg_q70.jpg
gigagan_24933,jpeg_q70,gigagan,gigagan,1,0.008111665956676006,data\cache\clean\test\gigagan_24933\jpeg_q70.jpg
gigagan_25090,jpeg_q70,gigagan,gigagan,1,0.004195281770080328,data\cache\clean\test\gigagan_25090\jpeg_q70.jpg
gigagan_26067,jpeg_q70,gigagan,gigagan,1,0.024064933881163597,data\cache\clean\test\gigagan_26067\jpeg_q70.jpg
gigagan_26681,jpeg_q70,gigagan,gigagan,1,0.4129653871059418,data\cache\clean\test\gigagan_26681\jpeg_q70.jpg
gigagan_27033,jpeg_q70,gigagan,gigagan,1,0.22382764518260956,data\cache\clean\test\gigagan_27033\jpeg_q70.jpg
gigagan_28336,jpeg_q70,gigagan,gigagan,1,0.048975855112075806,data\cache\clean\test\gigagan_28336\jpeg_q70.jpg
gigagan_28900,jpeg_q70,gigagan,gigagan,1,0.1775529682636261,data\cache\clean\test\gigagan_28900\jpeg_q70.jpg
gigagan_29456,jpeg_q70,gigagan,gigagan,1,0.3544684052467346,data\cache\clean\test\gigagan_29456\jpeg_q70.jpg
imagen3_045e6da6fd7f6fb0,jpeg_q70,imagen3,imagen3,1,0.0011394302127882838,data\cache\clean\test\imagen3_045e6da6fd7f6fb0\jpeg_q70.jpg
imagen3_13ed1f9391224848,jpeg_q70,imagen3,imagen3,1,0.09617850184440613,data\cache\clean\test\imagen3_13ed1f9391224848\jpeg_q70.jpg
imagen3_17643da56f35c6f7,jpeg_q70,imagen3,imagen3,1,0.0003656513290479779,data\cache\clean\test\imagen3_17643da56f35c6f7\jpeg_q70.jpg
imagen3_17919c9ffd792ad9,jpeg_q70,imagen3,imagen3,1,0.2299286425113678,data\cache\clean\test\imagen3_17919c9ffd792ad9\jpeg_q70.jpg
imagen3_24e64d19ddde11cb,jpeg_q70,imagen3,imagen3,1,0.1871044784784317,data\cache\clean\test\imagen3_24e64d19ddde11cb\jpeg_q70.jpg
imagen3_260ae6b06f1f50e2,jpeg_q70,imagen3,imagen3,1,0.0003237536293454468,data\cache\clean\test\imagen3_260ae6b06f1f50e2\jpeg_q70.jpg
imagen3_2be4510162a8a76e,jpeg_q70,imagen3,imagen3,1,3.4708813473116606e-05,data\cache\clean\test\imagen3_2be4510162a8a76e\jpeg_q70.jpg
imagen3_3403b18fc93acbfc,jpeg_q70,imagen3,imagen3,1,0.007278444245457649,data\cache\clean\test\imagen3_3403b18fc93acbfc\jpeg_q70.jpg
imagen3_44015,jpeg_q70,imagen3,imagen3,1,0.46504899859428406,data\cache\clean\test\imagen3_44015\jpeg_q70.jpg
imagen3_44476,jpeg_q70,imagen3,imagen3,1,0.18461862206459045,data\cache\clean\test\imagen3_44476\jpeg_q70.jpg
imagen3_46922,jpeg_q70,imagen3,imagen3,1,0.07347371429204941,data\cache\clean\test\imagen3_46922\jpeg_q70.jpg
imagen3_473ffc5e3d5dc373,jpeg_q70,imagen3,imagen3,1,0.00011613863171078265,data\cache\clean\test\imagen3_473ffc5e3d5dc373\jpeg_q70.jpg
imagen3_51659,jpeg_q70,imagen3,imagen3,1,0.3345258831977844,data\cache\clean\test\imagen3_51659\jpeg_q70.jpg
imagen3_52520,jpeg_q70,imagen3,imagen3,1,0.2841271162033081,data\cache\clean\test\imagen3_52520\jpeg_q70.jpg
imagen3_560ead164dab63a5,jpeg_q70,imagen3,imagen3,1,0.17288708686828613,data\cache\clean\test\imagen3_560ead164dab63a5\jpeg_q70.jpg
imagen3_5e95809bd47d157b,jpeg_q70,imagen3,imagen3,1,0.01405305229127407,data\cache\clean\test\imagen3_5e95809bd47d157b\jpeg_q70.jpg
imagen3_6a8270ea182a9194,jpeg_q70,imagen3,imagen3,1,0.00130154425278306,data\cache\clean\test\imagen3_6a8270ea182a9194\jpeg_q70.jpg
imagen3_6c7624322b04ce43,jpeg_q70,imagen3,imagen3,1,0.10124325007200241,data\cache\clean\test\imagen3_6c7624322b04ce43\jpeg_q70.jpg
imagen3_77fb2d4f372634f8,jpeg_q70,imagen3,imagen3,1,0.008558876812458038,data\cache\clean\test\imagen3_77fb2d4f372634f8\jpeg_q70.jpg
imagen3_7ee1485909c59826,jpeg_q70,imagen3,imagen3,1,0.015338785946369171,data\cache\clean\test\imagen3_7ee1485909c59826\jpeg_q70.jpg
imagen3_8b13dc3bff918841,jpeg_q70,imagen3,imagen3,1,0.0662301555275917,data\cache\clean\test\imagen3_8b13dc3bff918841\jpeg_q70.jpg
imagen3_8c20e4bf83ffff36,jpeg_q70,imagen3,imagen3,1,0.04841277748346329,data\cache\clean\test\imagen3_8c20e4bf83ffff36\jpeg_q70.jpg
imagen3_8e6f8acd28fd8f35,jpeg_q70,imagen3,imagen3,1,0.18821394443511963,data\cache\clean\test\imagen3_8e6f8acd28fd8f35\jpeg_q70.jpg
imagen3_9e82651e214a25c8,jpeg_q70,imagen3,imagen3,1,0.30629217624664307,data\cache\clean\test\imagen3_9e82651e214a25c8\jpeg_q70.jpg
imagen3_aa13646e437b7afa,jpeg_q70,imagen3,imagen3,1,0.0872659981250763,data\cache\clean\test\imagen3_aa13646e437b7afa\jpeg_q70.jpg
imagen3_ad860df8c2a1a848,jpeg_q70,imagen3,imagen3,1,0.02379925176501274,data\cache\clean\test\imagen3_ad860df8c2a1a848\jpeg_q70.jpg
imagen3_b69c9976ced306d1,jpeg_q70,imagen3,imagen3,1,0.017623309046030045,data\cache\clean\test\imagen3_b69c9976ced306d1\jpeg_q70.jpg
imagen3_ca44bb7db1e73a9a,jpeg_q70,imagen3,imagen3,1,0.00316675566136837,data\cache\clean\test\imagen3_ca44bb7db1e73a9a\jpeg_q70.jpg
imagen3_e63f3b6f8bdee43a,jpeg_q70,imagen3,imagen3,1,0.13725346326828003,data\cache\clean\test\imagen3_e63f3b6f8bdee43a\jpeg_q70.jpg
imagen3_eaf94916ce926270,jpeg_q70,imagen3,imagen3,1,0.14499716460704803,data\cache\clean\test\imagen3_eaf94916ce926270\jpeg_q70.jpg
imagen3_f2da05bffbe27dab,jpeg_q70,imagen3,imagen3,1,0.15046469867229462,data\cache\clean\test\imagen3_f2da05bffbe27dab\jpeg_q70.jpg
imagen3_fe7048efd51b15b8,jpeg_q70,imagen3,imagen3,1,0.32637831568717957,data\cache\clean\test\imagen3_fe7048efd51b15b8\jpeg_q70.jpg
imagen3_Imagen3_1208,jpeg_q70,imagen3,imagen3,1,0.00512583926320076,data\cache\clean\test\imagen3_Imagen3_1208\jpeg_q70.jpg
imagen3_Imagen3_3097,jpeg_q70,imagen3,imagen3,1,0.2562474310398102,data\cache\clean\test\imagen3_Imagen3_3097\jpeg_q70.jpg
sidset_full_synthetic_001692,jpeg_q70,sidset,full_synthetic,1,0.27455106377601624,data\cache\clean\test\sidset_full_synthetic_001692\jpeg_q70.jpg
sidset_full_synthetic_005710,jpeg_q70,sidset,full_synthetic,1,0.07731622457504272,data\cache\clean\test\sidset_full_synthetic_005710\jpeg_q70.jpg
sidset_full_synthetic_033528,jpeg_q70,sidset,full_synthetic,1,0.0013549014693126082,data\cache\clean\test\sidset_full_synthetic_033528\jpeg_q70.jpg
stylegan_xl_0097a2e24789bc7a,jpeg_q70,stylegan_xl,stylegan_xl,1,0.010426664724946022,data\cache\clean\test\stylegan_xl_0097a2e24789bc7a\jpeg_q70.jpg
stylegan_xl_00a4591cf03df584,jpeg_q70,stylegan_xl,stylegan_xl,1,0.00020926643628627062,data\cache\clean\test\stylegan_xl_00a4591cf03df584\jpeg_q70.jpg
stylegan_xl_031391f1ab18ab62,jpeg_q70,stylegan_xl,stylegan_xl,1,0.07024990767240524,data\cache\clean\test\stylegan_xl_031391f1ab18ab62\jpeg_q70.jpg
stylegan_xl_0a4244f8a9185bad,jpeg_q70,stylegan_xl,stylegan_xl,1,0.4440206289291382,data\cache\clean\test\stylegan_xl_0a4244f8a9185bad\jpeg_q70.jpg
stylegan_xl_0f7efa4c31bcd8f4,jpeg_q70,stylegan_xl,stylegan_xl,1,0.012021863833069801,data\cache\clean\test\stylegan_xl_0f7efa4c31bcd8f4\jpeg_q70.jpg
stylegan_xl_1060d58257bc5130,jpeg_q70,stylegan_xl,stylegan_xl,1,0.0002521210990380496,data\cache\clean\test\stylegan_xl_1060d58257bc5130\jpeg_q70.jpg
stylegan_xl_1440252ff76f525f,jpeg_q70,stylegan_xl,stylegan_xl,1,0.32395488023757935,data\cache\clean\test\stylegan_xl_1440252ff76f525f\jpeg_q70.jpg
stylegan_xl_2013fe0d44f84041,jpeg_q70,stylegan_xl,stylegan_xl,1,7.038462626951514e-06,data\cache\clean\test\stylegan_xl_2013fe0d44f84041\jpeg_q70.jpg
stylegan_xl_23273,jpeg_q70,stylegan_xl,stylegan_xl,1,0.20356185734272003,data\cache\clean\test\stylegan_xl_23273\jpeg_q70.jpg
stylegan_xl_324e332686aa6966,jpeg_q70,stylegan_xl,stylegan_xl,1,0.14817684888839722,data\cache\clean\test\stylegan_xl_324e332686aa6966\jpeg_q70.jpg
stylegan_xl_3621cf0be1fc8d68,jpeg_q70,stylegan_xl,stylegan_xl,1,0.13903939723968506,data\cache\clean\test\stylegan_xl_3621cf0be1fc8d68\jpeg_q70.jpg
stylegan_xl_38c489e3b0d8c700,jpeg_q70,stylegan_xl,stylegan_xl,1,0.02670380286872387,data\cache\clean\test\stylegan_xl_38c489e3b0d8c700\jpeg_q70.jpg
stylegan_xl_3b5e18f8fc06450d,jpeg_q70,stylegan_xl,stylegan_xl,1,0.017771681770682335,data\cache\clean\test\stylegan_xl_3b5e18f8fc06450d\jpeg_q70.jpg
stylegan_xl_44451,jpeg_q70,stylegan_xl,stylegan_xl,1,0.044819895178079605,data\cache\clean\test\stylegan_xl_44451\jpeg_q70.jpg
stylegan_xl_45081,jpeg_q70,stylegan_xl,stylegan_xl,1,0.0018953499384224415,data\cache\clean\test\stylegan_xl_45081\jpeg_q70.jpg
stylegan_xl_45602,jpeg_q70,stylegan_xl,stylegan_xl,1,0.06345105916261673,data\cache\clean\test\stylegan_xl_45602\jpeg_q70.jpg
stylegan_xl_47014,jpeg_q70,stylegan_xl,stylegan_xl,1,0.20739597082138062,data\cache\clean\test\stylegan_xl_47014\jpeg_q70.jpg
stylegan_xl_47343,jpeg_q70,stylegan_xl,stylegan_xl,1,0.007365832570940256,data\cache\clean\test\stylegan_xl_47343\jpeg_q70.jpg
stylegan_xl_48611,jpeg_q70,stylegan_xl,stylegan_xl,1,0.012691128998994827,data\cache\clean\test\stylegan_xl_48611\jpeg_q70.jpg
stylegan_xl_49074,jpeg_q70,stylegan_xl,stylegan_xl,1,0.1228243038058281,data\cache\clean\test\stylegan_xl_49074\jpeg_q70.jpg
stylegan_xl_4f991f9638e28675,jpeg_q70,stylegan_xl,stylegan_xl,1,0.0014042730908840895,data\cache\clean\test\stylegan_xl_4f991f9638e28675\jpeg_q70.jpg
stylegan_xl_50731,jpeg_q70,stylegan_xl,stylegan_xl,1,0.29978057742118835,data\cache\clean\test\stylegan_xl_50731\jpeg_q70.jpg
stylegan_xl_60ed9d3511d333bf,jpeg_q70,stylegan_xl,stylegan_xl,1,0.008672825060784817,data\cache\clean\test\stylegan_xl_60ed9d3511d333bf\jpeg_q70.jpg
stylegan_xl_65bb283a1280639e,jpeg_q70,stylegan_xl,stylegan_xl,1,0.28096508979797363,data\cache\clean\test\stylegan_xl_65bb283a1280639e\jpeg_q70.jpg
stylegan_xl_729fee52c5b7f95b,jpeg_q70,stylegan_xl,stylegan_xl,1,0.2123841494321823,data\cache\clean\test\stylegan_xl_729fee52c5b7f95b\jpeg_q70.jpg
stylegan_xl_7d433e90bcd7bd53,jpeg_q70,stylegan_xl,stylegan_xl,1,0.002106989035382867,data\cache\clean\test\stylegan_xl_7d433e90bcd7bd53\jpeg_q70.jpg
stylegan_xl_7ffebe6032f8209f,jpeg_q70,stylegan_xl,stylegan_xl,1,0.011550427414476871,data\cache\clean\test\stylegan_xl_7ffebe6032f8209f\jpeg_q70.jpg
stylegan_xl_80fc8be6e7c11eb3,jpeg_q70,stylegan_xl,stylegan_xl,1,0.011635905131697655,data\cache\clean\test\stylegan_xl_80fc8be6e7c11eb3\jpeg_q70.jpg
stylegan_xl_8461b1ae87c22c20,jpeg_q70,stylegan_xl,stylegan_xl,1,0.2042611986398697,data\cache\clean\test\stylegan_xl_8461b1ae87c22c20\jpeg_q70.jpg
stylegan_xl_8f9dfd75dde8914f,jpeg_q70,stylegan_xl,stylegan_xl,1,0.3137112557888031,data\cache\clean\test\stylegan_xl_8f9dfd75dde8914f\jpeg_q70.jpg
stylegan_xl_a10d4a733f4df420,jpeg_q70,stylegan_xl,stylegan_xl,1,0.10925710946321487,data\cache\clean\test\stylegan_xl_a10d4a733f4df420\jpeg_q70.jpg
stylegan_xl_a1ed16fffc5ecb68,jpeg_q70,stylegan_xl,stylegan_xl,1,0.06313770264387131,data\cache\clean\test\stylegan_xl_a1ed16fffc5ecb68\jpeg_q70.jpg
stylegan_xl_a72f3ace10a8f550,jpeg_q70,stylegan_xl,stylegan_xl,1,0.001026022364385426,data\cache\clean\test\stylegan_xl_a72f3ace10a8f550\jpeg_q70.jpg
stylegan_xl_b6abe358484b287a,jpeg_q70,stylegan_xl,stylegan_xl,1,0.03889496624469757,data\cache\clean\test\stylegan_xl_b6abe358484b287a\jpeg_q70.jpg
stylegan_xl_bd69757ff485d03e,jpeg_q70,stylegan_xl,stylegan_xl,1,0.03806228190660477,data\cache\clean\test\stylegan_xl_bd69757ff485d03e\jpeg_q70.jpg
stylegan_xl_cccbc1d57a7e095e,jpeg_q70,stylegan_xl,stylegan_xl,1,0.008793419227004051,data\cache\clean\test\stylegan_xl_cccbc1d57a7e095e\jpeg_q70.jpg
stylegan_xl_cf9c332a1ebfb587,jpeg_q70,stylegan_xl,stylegan_xl,1,0.1366405338048935,data\cache\clean\test\stylegan_xl_cf9c332a1ebfb587\jpeg_q70.jpg
stylegan_xl_d7c4ece8c8a01de0,jpeg_q70,stylegan_xl,stylegan_xl,1,0.026993798092007637,data\cache\clean\test\stylegan_xl_d7c4ece8c8a01de0\jpeg_q70.jpg
stylegan_xl_e4b8e7ef72cabaf2,jpeg_q70,stylegan_xl,stylegan_xl,1,0.0731411874294281,data\cache\clean\test\stylegan_xl_e4b8e7ef72cabaf2\jpeg_q70.jpg
stylegan_xl_fef6a66b8deaa7ab,jpeg_q70,stylegan_xl,stylegan_xl,1,0.00048232279368676245,data\cache\clean\test\stylegan_xl_fef6a66b8deaa7ab\jpeg_q70.jpg
cifake_1028 (10),jpeg_q90,cifake,stable_diffusion,1,0.03601684793829918,data\cache\clean\test\cifake_1028 (10)\jpeg_q90.jpg
cifake_1088 (3),jpeg_q90,cifake,stable_diffusion,1,0.2513493299484253,data\cache\clean\test\cifake_1088 (3)\jpeg_q90.jpg
cifake_1867 (9),jpeg_q90,cifake,stable_diffusion,1,0.4543537199497223,data\cache\clean\test\cifake_1867 (9)\jpeg_q90.jpg
cifake_2293 (9),jpeg_q90,cifake,stable_diffusion,1,0.03933645784854889,data\cache\clean\test\cifake_2293 (9)\jpeg_q90.jpg
cifake_3395 (5),jpeg_q90,cifake,stable_diffusion,1,0.21655388176441193,data\cache\clean\test\cifake_3395 (5)\jpeg_q90.jpg
cifake_3971 (2),jpeg_q90,cifake,stable_diffusion,1,0.2619814872741699,data\cache\clean\test\cifake_3971 (2)\jpeg_q90.jpg
cifake_4221 (2),jpeg_q90,cifake,stable_diffusion,1,0.006608132738620043,data\cache\clean\test\cifake_4221 (2)\jpeg_q90.jpg
cifake_4615 (3),jpeg_q90,cifake,stable_diffusion,1,0.24169009923934937,data\cache\clean\test\cifake_4615 (3)\jpeg_q90.jpg
cifake_5607 (3),jpeg_q90,cifake,stable_diffusion,1,0.24027800559997559,data\cache\clean\test\cifake_5607 (3)\jpeg_q90.jpg
cifake_5943 (10),jpeg_q90,cifake,stable_diffusion,1,0.11981909722089767,data\cache\clean\test\cifake_5943 (10)\jpeg_q90.jpg
cifake_771 (8),jpeg_q90,cifake,stable_diffusion,1,0.27095094323158264,data\cache\clean\test\cifake_771 (8)\jpeg_q90.jpg
dalle_10420,jpeg_q90,dalle,dalle,1,0.001030240673571825,data\cache\clean\test\dalle_10420\jpeg_q90.jpg
dalle_12052,jpeg_q90,dalle,dalle,1,0.03405094891786575,data\cache\clean\test\dalle_12052\jpeg_q90.jpg
dalle_13108,jpeg_q90,dalle,dalle,1,0.16317518055438995,data\cache\clean\test\dalle_13108\jpeg_q90.jpg
dalle_1895b86b74caac5dad51022c3d3b33df,jpeg_q90,dalle,dalle,1,0.002183640841394663,data\cache\clean\test\dalle_1895b86b74caac5dad51022c3d3b33df\jpeg_q90.jpg
dalle_19590,jpeg_q90,dalle,dalle,1,0.023192262277007103,data\cache\clean\test\dalle_19590\jpeg_q90.jpg
dalle_19962,jpeg_q90,dalle,dalle,1,0.060602135956287384,data\cache\clean\test\dalle_19962\jpeg_q90.jpg
dalle_26611,jpeg_q90,dalle,dalle,1,0.3999081254005432,data\cache\clean\test\dalle_26611\jpeg_q90.jpg
dalle_27029,jpeg_q90,dalle,dalle,1,0.20754367113113403,data\cache\clean\test\dalle_27029\jpeg_q90.jpg
dalle_3469,jpeg_q90,dalle,dalle,1,0.26144471764564514,data\cache\clean\test\dalle_3469\jpeg_q90.jpg
dalle_35493,jpeg_q90,dalle,dalle,1,0.025603709742426872,data\cache\clean\test\dalle_35493\jpeg_q90.jpg
dalle_3c589aa7fd4a6705f1fd7918daf4ffb9,jpeg_q90,dalle,dalle,1,0.20123858749866486,data\cache\clean\test\dalle_3c589aa7fd4a6705f1fd7918daf4ffb9\jpeg_q90.jpg
dalle_41791,jpeg_q90,dalle,dalle,1,0.07435210049152374,data\cache\clean\test\dalle_41791\jpeg_q90.jpg
dalle_42344,jpeg_q90,dalle,dalle,1,0.44202858209609985,data\cache\clean\test\dalle_42344\jpeg_q90.jpg
dalle_568,jpeg_q90,dalle,dalle,1,0.4328056573867798,data\cache\clean\test\dalle_568\jpeg_q90.jpg
dalle_6f0f61883f111368d770c54801f33449,jpeg_q90,dalle,dalle,1,0.0002784840762615204,data\cache\clean\test\dalle_6f0f61883f111368d770c54801f33449\jpeg_q90.jpg
dalle_8017,jpeg_q90,dalle,dalle,1,0.00044798923772759736,data\cache\clean\test\dalle_8017\jpeg_q90.jpg
dalle_9068,jpeg_q90,dalle,dalle,1,0.003076135879382491,data\cache\clean\test\dalle_9068\jpeg_q90.jpg
gigagan_02115,jpeg_q90,gigagan,gigagan,1,0.3287810683250427,data\cache\clean\test\gigagan_02115\jpeg_q90.jpg
gigagan_02490,jpeg_q90,gigagan,gigagan,1,0.37418702244758606,data\cache\clean\test\gigagan_02490\jpeg_q90.jpg
gigagan_03263,jpeg_q90,gigagan,gigagan,1,0.2723139524459839,data\cache\clean\test\gigagan_03263\jpeg_q90.jpg
gigagan_03860,jpeg_q90,gigagan,gigagan,1,0.09113015234470367,data\cache\clean\test\gigagan_03860\jpeg_q90.jpg
gigagan_05061,jpeg_q90,gigagan,gigagan,1,0.30651089549064636,data\cache\clean\test\gigagan_05061\jpeg_q90.jpg
gigagan_05645,jpeg_q90,gigagan,gigagan,1,0.14364103972911835,data\cache\clean\test\gigagan_05645\jpeg_q90.jpg
gigagan_05738,jpeg_q90,gigagan,gigagan,1,0.40221408009529114,data\cache\clean\test\gigagan_05738\jpeg_q90.jpg
gigagan_06224,jpeg_q90,gigagan,gigagan,1,0.2336389422416687,data\cache\clean\test\gigagan_06224\jpeg_q90.jpg
gigagan_06628,jpeg_q90,gigagan,gigagan,1,0.1054483950138092,data\cache\clean\test\gigagan_06628\jpeg_q90.jpg
gigagan_07239,jpeg_q90,gigagan,gigagan,1,0.18071714043617249,data\cache\clean\test\gigagan_07239\jpeg_q90.jpg
gigagan_07350,jpeg_q90,gigagan,gigagan,1,0.01897028461098671,data\cache\clean\test\gigagan_07350\jpeg_q90.jpg
gigagan_07909,jpeg_q90,gigagan,gigagan,1,0.04126787558197975,data\cache\clean\test\gigagan_07909\jpeg_q90.jpg
gigagan_08464,jpeg_q90,gigagan,gigagan,1,0.1489131897687912,data\cache\clean\test\gigagan_08464\jpeg_q90.jpg
gigagan_08561,jpeg_q90,gigagan,gigagan,1,0.440605491399765,data\cache\clean\test\gigagan_08561\jpeg_q90.jpg
gigagan_09026,jpeg_q90,gigagan,gigagan,1,0.012842378579080105,data\cache\clean\test\gigagan_09026\jpeg_q90.jpg
gigagan_09302,jpeg_q90,gigagan,gigagan,1,0.0017121221171692014,data\cache\clean\test\gigagan_09302\jpeg_q90.jpg
gigagan_09458,jpeg_q90,gigagan,gigagan,1,0.10989153385162354,data\cache\clean\test\gigagan_09458\jpeg_q90.jpg
gigagan_10769,jpeg_q90,gigagan,gigagan,1,0.014529001899063587,data\cache\clean\test\gigagan_10769\jpeg_q90.jpg
gigagan_10914,jpeg_q90,gigagan,gigagan,1,0.0014724768698215485,data\cache\clean\test\gigagan_10914\jpeg_q90.jpg
gigagan_11176,jpeg_q90,gigagan,gigagan,1,0.2066517323255539,data\cache\clean\test\gigagan_11176\jpeg_q90.jpg
gigagan_11896,jpeg_q90,gigagan,gigagan,1,0.3823854923248291,data\cache\clean\test\gigagan_11896\jpeg_q90.jpg
gigagan_12929,jpeg_q90,gigagan,gigagan,1,0.4116421341896057,data\cache\clean\test\gigagan_12929\jpeg_q90.jpg
gigagan_14071,jpeg_q90,gigagan,gigagan,1,0.0006997071322984993,data\cache\clean\test\gigagan_14071\jpeg_q90.jpg
gigagan_14138,jpeg_q90,gigagan,gigagan,1,0.27208003401756287,data\cache\clean\test\gigagan_14138\jpeg_q90.jpg
gigagan_14909,jpeg_q90,gigagan,gigagan,1,0.007413056213408709,data\cache\clean\test\gigagan_14909\jpeg_q90.jpg
gigagan_15561,jpeg_q90,gigagan,gigagan,1,0.0019025211222469807,data\cache\clean\test\gigagan_15561\jpeg_q90.jpg
gigagan_16357,jpeg_q90,gigagan,gigagan,1,0.007668087724596262,data\cache\clean\test\gigagan_16357\jpeg_q90.jpg
gigagan_16966,jpeg_q90,gigagan,gigagan,1,0.01970154047012329,data\cache\clean\test\gigagan_16966\jpeg_q90.jpg
gigagan_17057,jpeg_q90,gigagan,gigagan,1,0.3945240080356598,data\cache\clean\test\gigagan_17057\jpeg_q90.jpg
gigagan_17666,jpeg_q90,gigagan,gigagan,1,0.3969566226005554,data\cache\clean\test\gigagan_17666\jpeg_q90.jpg
gigagan_18085,jpeg_q90,gigagan,gigagan,1,0.0044220671989023685,data\cache\clean\test\gigagan_18085\jpeg_q90.jpg
gigagan_18143,jpeg_q90,gigagan,gigagan,1,0.28718826174736023,data\cache\clean\test\gigagan_18143\jpeg_q90.jpg
gigagan_19199,jpeg_q90,gigagan,gigagan,1,0.004389624577015638,data\cache\clean\test\gigagan_19199\jpeg_q90.jpg
gigagan_19248,jpeg_q90,gigagan,gigagan,1,0.265736848115921,data\cache\clean\test\gigagan_19248\jpeg_q90.jpg
gigagan_19458,jpeg_q90,gigagan,gigagan,1,0.18625469505786896,data\cache\clean\test\gigagan_19458\jpeg_q90.jpg
gigagan_19654,jpeg_q90,gigagan,gigagan,1,0.4292692542076111,data\cache\clean\test\gigagan_19654\jpeg_q90.jpg
gigagan_20207,jpeg_q90,gigagan,gigagan,1,0.05271626263856888,data\cache\clean\test\gigagan_20207\jpeg_q90.jpg
gigagan_20327,jpeg_q90,gigagan,gigagan,1,0.008066919632256031,data\cache\clean\test\gigagan_20327\jpeg_q90.jpg
gigagan_20516,jpeg_q90,gigagan,gigagan,1,0.048267167061567307,data\cache\clean\test\gigagan_20516\jpeg_q90.jpg
gigagan_20968,jpeg_q90,gigagan,gigagan,1,0.007762489840388298,data\cache\clean\test\gigagan_20968\jpeg_q90.jpg
gigagan_21166,jpeg_q90,gigagan,gigagan,1,0.19578944146633148,data\cache\clean\test\gigagan_21166\jpeg_q90.jpg
gigagan_21244,jpeg_q90,gigagan,gigagan,1,0.09297186136245728,data\cache\clean\test\gigagan_21244\jpeg_q90.jpg
gigagan_21611,jpeg_q90,gigagan,gigagan,1,0.05698788911104202,data\cache\clean\test\gigagan_21611\jpeg_q90.jpg
gigagan_22418,jpeg_q90,gigagan,gigagan,1,0.03450404480099678,data\cache\clean\test\gigagan_22418\jpeg_q90.jpg
gigagan_22533,jpeg_q90,gigagan,gigagan,1,0.2675186097621918,data\cache\clean\test\gigagan_22533\jpeg_q90.jpg
gigagan_22770,jpeg_q90,gigagan,gigagan,1,0.015255690552294254,data\cache\clean\test\gigagan_22770\jpeg_q90.jpg
gigagan_23134,jpeg_q90,gigagan,gigagan,1,6.045735062798485e-06,data\cache\clean\test\gigagan_23134\jpeg_q90.jpg
gigagan_23834,jpeg_q90,gigagan,gigagan,1,0.019722262397408485,data\cache\clean\test\gigagan_23834\jpeg_q90.jpg
gigagan_24445,jpeg_q90,gigagan,gigagan,1,0.041252829134464264,data\cache\clean\test\gigagan_24445\jpeg_q90.jpg
gigagan_24679,jpeg_q90,gigagan,gigagan,1,0.008968451991677284,data\cache\clean\test\gigagan_24679\jpeg_q90.jpg
gigagan_24726,jpeg_q90,gigagan,gigagan,1,0.3056613802909851,data\cache\clean\test\gigagan_24726\jpeg_q90.jpg
gigagan_24933,jpeg_q90,gigagan,gigagan,1,0.3089454472064972,data\cache\clean\test\gigagan_24933\jpeg_q90.jpg
gigagan_25090,jpeg_q90,gigagan,gigagan,1,0.004292428959161043,data\cache\clean\test\gigagan_25090\jpeg_q90.jpg
gigagan_26067,jpeg_q90,gigagan,gigagan,1,0.08763295412063599,data\cache\clean\test\gigagan_26067\jpeg_q90.jpg
gigagan_26982,jpeg_q90,gigagan,gigagan,1,0.42479392886161804,data\cache\clean\test\gigagan_26982\jpeg_q90.jpg
gigagan_27033,jpeg_q90,gigagan,gigagan,1,0.16084599494934082,data\cache\clean\test\gigagan_27033\jpeg_q90.jpg
gigagan_28336,jpeg_q90,gigagan,gigagan,1,0.10958844423294067,data\cache\clean\test\gigagan_28336\jpeg_q90.jpg
gigagan_28900,jpeg_q90,gigagan,gigagan,1,0.15545372664928436,data\cache\clean\test\gigagan_28900\jpeg_q90.jpg
gigagan_29456,jpeg_q90,gigagan,gigagan,1,0.27763238549232483,data\cache\clean\test\gigagan_29456\jpeg_q90.jpg
imagen3_045e6da6fd7f6fb0,jpeg_q90,imagen3,imagen3,1,0.001278241747058928,data\cache\clean\test\imagen3_045e6da6fd7f6fb0\jpeg_q90.jpg
imagen3_13ed1f9391224848,jpeg_q90,imagen3,imagen3,1,0.04663563147187233,data\cache\clean\test\imagen3_13ed1f9391224848\jpeg_q90.jpg
imagen3_17643da56f35c6f7,jpeg_q90,imagen3,imagen3,1,0.0003381863352842629,data\cache\clean\test\imagen3_17643da56f35c6f7\jpeg_q90.jpg
imagen3_17919c9ffd792ad9,jpeg_q90,imagen3,imagen3,1,0.10465448349714279,data\cache\clean\test\imagen3_17919c9ffd792ad9\jpeg_q90.jpg
imagen3_24e64d19ddde11cb,jpeg_q90,imagen3,imagen3,1,0.04214964807033539,data\cache\clean\test\imagen3_24e64d19ddde11cb\jpeg_q90.jpg
imagen3_260ae6b06f1f50e2,jpeg_q90,imagen3,imagen3,1,0.00037455701385624707,data\cache\clean\test\imagen3_260ae6b06f1f50e2\jpeg_q90.jpg
imagen3_2be4510162a8a76e,jpeg_q90,imagen3,imagen3,1,3.9928898331709206e-05,data\cache\clean\test\imagen3_2be4510162a8a76e\jpeg_q90.jpg
imagen3_3403b18fc93acbfc,jpeg_q90,imagen3,imagen3,1,0.006323928013443947,data\cache\clean\test\imagen3_3403b18fc93acbfc\jpeg_q90.jpg
imagen3_44075,jpeg_q90,imagen3,imagen3,1,0.306315541267395,data\cache\clean\test\imagen3_44075\jpeg_q90.jpg
imagen3_44476,jpeg_q90,imagen3,imagen3,1,0.047225065529346466,data\cache\clean\test\imagen3_44476\jpeg_q90.jpg
imagen3_46922,jpeg_q90,imagen3,imagen3,1,0.053779296576976776,data\cache\clean\test\imagen3_46922\jpeg_q90.jpg
imagen3_473ffc5e3d5dc373,jpeg_q90,imagen3,imagen3,1,0.00019201940449420363,data\cache\clean\test\imagen3_473ffc5e3d5dc373\jpeg_q90.jpg
imagen3_51659,jpeg_q90,imagen3,imagen3,1,0.0830901712179184,data\cache\clean\test\imagen3_51659\jpeg_q90.jpg
imagen3_52520,jpeg_q90,imagen3,imagen3,1,0.14501655101776123,data\cache\clean\test\imagen3_52520\jpeg_q90.jpg
imagen3_560ead164dab63a5,jpeg_q90,imagen3,imagen3,1,0.22163242101669312,data\cache\clean\test\imagen3_560ead164dab63a5\jpeg_q90.jpg
imagen3_5e95809bd47d157b,jpeg_q90,imagen3,imagen3,1,0.01468202006071806,data\cache\clean\test\imagen3_5e95809bd47d157b\jpeg_q90.jpg
imagen3_6a8270ea182a9194,jpeg_q90,imagen3,imagen3,1,0.0031801473814994097,data\cache\clean\test\imagen3_6a8270ea182a9194\jpeg_q90.jpg
imagen3_6c7624322b04ce43,jpeg_q90,imagen3,imagen3,1,0.06865961849689484,data\cache\clean\test\imagen3_6c7624322b04ce43\jpeg_q90.jpg
imagen3_77fb2d4f372634f8,jpeg_q90,imagen3,imagen3,1,0.01011491660028696,data\cache\clean\test\imagen3_77fb2d4f372634f8\jpeg_q90.jpg
imagen3_7ee1485909c59826,jpeg_q90,imagen3,imagen3,1,0.011092625558376312,data\cache\clean\test\imagen3_7ee1485909c59826\jpeg_q90.jpg
imagen3_8b13dc3bff918841,jpeg_q90,imagen3,imagen3,1,0.04815668985247612,data\cache\clean\test\imagen3_8b13dc3bff918841\jpeg_q90.jpg
imagen3_8c20e4bf83ffff36,jpeg_q90,imagen3,imagen3,1,0.06762324273586273,data\cache\clean\test\imagen3_8c20e4bf83ffff36\jpeg_q90.jpg
imagen3_8e6f8acd28fd8f35,jpeg_q90,imagen3,imagen3,1,0.01909935474395752,data\cache\clean\test\imagen3_8e6f8acd28fd8f35\jpeg_q90.jpg
imagen3_9e82651e214a25c8,jpeg_q90,imagen3,imagen3,1,0.15869103372097015,data\cache\clean\test\imagen3_9e82651e214a25c8\jpeg_q90.jpg
imagen3_a1b5be9a5f0d1f7a,jpeg_q90,imagen3,imagen3,1,0.45766520500183105,data\cache\clean\test\imagen3_a1b5be9a5f0d1f7a\jpeg_q90.jpg
imagen3_ad860df8c2a1a848,jpeg_q90,imagen3,imagen3,1,0.011725327931344509,data\cache\clean\test\imagen3_ad860df8c2a1a848\jpeg_q90.jpg
imagen3_b69c9976ced306d1,jpeg_q90,imagen3,imagen3,1,0.03307012468576431,data\cache\clean\test\imagen3_b69c9976ced306d1\jpeg_q90.jpg
imagen3_ca44bb7db1e73a9a,jpeg_q90,imagen3,imagen3,1,0.0009707821882329881,data\cache\clean\test\imagen3_ca44bb7db1e73a9a\jpeg_q90.jpg
imagen3_d326e7c87fb1d966,jpeg_q90,imagen3,imagen3,1,0.17960809171199799,data\cache\clean\test\imagen3_d326e7c87fb1d966\jpeg_q90.jpg
imagen3_e63f3b6f8bdee43a,jpeg_q90,imagen3,imagen3,1,0.1741189807653427,data\cache\clean\test\imagen3_e63f3b6f8bdee43a\jpeg_q90.jpg
imagen3_eaf94916ce926270,jpeg_q90,imagen3,imagen3,1,0.16523322463035583,data\cache\clean\test\imagen3_eaf94916ce926270\jpeg_q90.jpg
imagen3_f2da05bffbe27dab,jpeg_q90,imagen3,imagen3,1,0.12861987948417664,data\cache\clean\test\imagen3_f2da05bffbe27dab\jpeg_q90.jpg
imagen3_fe7048efd51b15b8,jpeg_q90,imagen3,imagen3,1,0.37113285064697266,data\cache\clean\test\imagen3_fe7048efd51b15b8\jpeg_q90.jpg
imagen3_Imagen3_1208,jpeg_q90,imagen3,imagen3,1,0.004540737252682447,data\cache\clean\test\imagen3_Imagen3_1208\jpeg_q90.jpg
imagen3_Imagen3_3097,jpeg_q90,imagen3,imagen3,1,0.036068208515644073,data\cache\clean\test\imagen3_Imagen3_3097\jpeg_q90.jpg
sidset_full_synthetic_005710,jpeg_q90,sidset,full_synthetic,1,0.2895777225494385,data\cache\clean\test\sidset_full_synthetic_005710\jpeg_q90.jpg
sidset_full_synthetic_033528,jpeg_q90,sidset,full_synthetic,1,0.0018129495438188314,data\cache\clean\test\sidset_full_synthetic_033528\jpeg_q90.jpg
sidset_full_synthetic_042089,jpeg_q90,sidset,full_synthetic,1,0.45167770981788635,data\cache\clean\test\sidset_full_synthetic_042089\jpeg_q90.jpg
stylegan_xl_0097a2e24789bc7a,jpeg_q90,stylegan_xl,stylegan_xl,1,0.0025880001485347748,data\cache\clean\test\stylegan_xl_0097a2e24789bc7a\jpeg_q90.jpg
stylegan_xl_00a4591cf03df584,jpeg_q90,stylegan_xl,stylegan_xl,1,0.00014733213174622506,data\cache\clean\test\stylegan_xl_00a4591cf03df584\jpeg_q90.jpg
stylegan_xl_031391f1ab18ab62,jpeg_q90,stylegan_xl,stylegan_xl,1,0.036090221256017685,data\cache\clean\test\stylegan_xl_031391f1ab18ab62\jpeg_q90.jpg
stylegan_xl_0a4244f8a9185bad,jpeg_q90,stylegan_xl,stylegan_xl,1,0.3090890944004059,data\cache\clean\test\stylegan_xl_0a4244f8a9185bad\jpeg_q90.jpg
stylegan_xl_0f7efa4c31bcd8f4,jpeg_q90,stylegan_xl,stylegan_xl,1,0.006518174894154072,data\cache\clean\test\stylegan_xl_0f7efa4c31bcd8f4\jpeg_q90.jpg
stylegan_xl_1060d58257bc5130,jpeg_q90,stylegan_xl,stylegan_xl,1,0.00035839664633385837,data\cache\clean\test\stylegan_xl_1060d58257bc5130\jpeg_q90.jpg
stylegan_xl_1440252ff76f525f,jpeg_q90,stylegan_xl,stylegan_xl,1,0.28435149788856506,data\cache\clean\test\stylegan_xl_1440252ff76f525f\jpeg_q90.jpg
stylegan_xl_17f8bf0ef8d2f478,jpeg_q90,stylegan_xl,stylegan_xl,1,0.4249206781387329,data\cache\clean\test\stylegan_xl_17f8bf0ef8d2f478\jpeg_q90.jpg
stylegan_xl_2013fe0d44f84041,jpeg_q90,stylegan_xl,stylegan_xl,1,3.4812102967407554e-05,data\cache\clean\test\stylegan_xl_2013fe0d44f84041\jpeg_q90.jpg
stylegan_xl_23273,jpeg_q90,stylegan_xl,stylegan_xl,1,0.25870653986930847,data\cache\clean\test\stylegan_xl_23273\jpeg_q90.jpg
stylegan_xl_324e332686aa6966,jpeg_q90,stylegan_xl,stylegan_xl,1,0.11077902466058731,data\cache\clean\test\stylegan_xl_324e332686aa6966\jpeg_q90.jpg
stylegan_xl_3621cf0be1fc8d68,jpeg_q90,stylegan_xl,stylegan_xl,1,0.14265727996826172,data\cache\clean\test\stylegan_xl_3621cf0be1fc8d68\jpeg_q90.jpg
stylegan_xl_38c489e3b0d8c700,jpeg_q90,stylegan_xl,stylegan_xl,1,0.04016444832086563,data\cache\clean\test\stylegan_xl_38c489e3b0d8c700\jpeg_q90.jpg
stylegan_xl_3b5e18f8fc06450d,jpeg_q90,stylegan_xl,stylegan_xl,1,0.013390152715146542,data\cache\clean\test\stylegan_xl_3b5e18f8fc06450d\jpeg_q90.jpg
stylegan_xl_44451,jpeg_q90,stylegan_xl,stylegan_xl,1,0.05598779767751694,data\cache\clean\test\stylegan_xl_44451\jpeg_q90.jpg
stylegan_xl_45081,jpeg_q90,stylegan_xl,stylegan_xl,1,0.0010915554594248533,data\cache\clean\test\stylegan_xl_45081\jpeg_q90.jpg
stylegan_xl_45602,jpeg_q90,stylegan_xl,stylegan_xl,1,0.04194314032793045,data\cache\clean\test\stylegan_xl_45602\jpeg_q90.jpg
stylegan_xl_47014,jpeg_q90,stylegan_xl,stylegan_xl,1,0.06284020096063614,data\cache\clean\test\stylegan_xl_47014\jpeg_q90.jpg
stylegan_xl_47343,jpeg_q90,stylegan_xl,stylegan_xl,1,0.0022883769124746323,data\cache\clean\test\stylegan_xl_47343\jpeg_q90.jpg
stylegan_xl_48611,jpeg_q90,stylegan_xl,stylegan_xl,1,0.006628265604376793,data\cache\clean\test\stylegan_xl_48611\jpeg_q90.jpg
stylegan_xl_48906,jpeg_q90,stylegan_xl,stylegan_xl,1,0.18955077230930328,data\cache\clean\test\stylegan_xl_48906\jpeg_q90.jpg
stylegan_xl_49074,jpeg_q90,stylegan_xl,stylegan_xl,1,0.2125861793756485,data\cache\clean\test\stylegan_xl_49074\jpeg_q90.jpg
stylegan_xl_4f991f9638e28675,jpeg_q90,stylegan_xl,stylegan_xl,1,0.0025668127927929163,data\cache\clean\test\stylegan_xl_4f991f9638e28675\jpeg_q90.jpg
stylegan_xl_50731,jpeg_q90,stylegan_xl,stylegan_xl,1,0.15009672939777374,data\cache\clean\test\stylegan_xl_50731\jpeg_q90.jpg
stylegan_xl_60ed9d3511d333bf,jpeg_q90,stylegan_xl,stylegan_xl,1,0.023402344435453415,data\cache\clean\test\stylegan_xl_60ed9d3511d333bf\jpeg_q90.jpg
stylegan_xl_65bb283a1280639e,jpeg_q90,stylegan_xl,stylegan_xl,1,0.26087287068367004,data\cache\clean\test\stylegan_xl_65bb283a1280639e\jpeg_q90.jpg
stylegan_xl_729fee52c5b7f95b,jpeg_q90,stylegan_xl,stylegan_xl,1,0.21166329085826874,data\cache\clean\test\stylegan_xl_729fee52c5b7f95b\jpeg_q90.jpg
stylegan_xl_7d433e90bcd7bd53,jpeg_q90,stylegan_xl,stylegan_xl,1,0.00144819391425699,data\cache\clean\test\stylegan_xl_7d433e90bcd7bd53\jpeg_q90.jpg
stylegan_xl_7ffebe6032f8209f,jpeg_q90,stylegan_xl,stylegan_xl,1,0.03578029200434685,data\cache\clean\test\stylegan_xl_7ffebe6032f8209f\jpeg_q90.jpg
stylegan_xl_80fc8be6e7c11eb3,jpeg_q90,stylegan_xl,stylegan_xl,1,0.026816586032509804,data\cache\clean\test\stylegan_xl_80fc8be6e7c11eb3\jpeg_q90.jpg
stylegan_xl_8461b1ae87c22c20,jpeg_q90,stylegan_xl,stylegan_xl,1,0.11829005181789398,data\cache\clean\test\stylegan_xl_8461b1ae87c22c20\jpeg_q90.jpg
stylegan_xl_8f9dfd75dde8914f,jpeg_q90,stylegan_xl,stylegan_xl,1,0.261893630027771,data\cache\clean\test\stylegan_xl_8f9dfd75dde8914f\jpeg_q90.jpg
stylegan_xl_a10d4a733f4df420,jpeg_q90,stylegan_xl,stylegan_xl,1,0.08580515533685684,data\cache\clean\test\stylegan_xl_a10d4a733f4df420\jpeg_q90.jpg
stylegan_xl_a1ed16fffc5ecb68,jpeg_q90,stylegan_xl,stylegan_xl,1,0.02067301608622074,data\cache\clean\test\stylegan_xl_a1ed16fffc5ecb68\jpeg_q90.jpg
stylegan_xl_a72f3ace10a8f550,jpeg_q90,stylegan_xl,stylegan_xl,1,0.0016048806719481945,data\cache\clean\test\stylegan_xl_a72f3ace10a8f550\jpeg_q90.jpg
stylegan_xl_b6abe358484b287a,jpeg_q90,stylegan_xl,stylegan_xl,1,0.05489208921790123,data\cache\clean\test\stylegan_xl_b6abe358484b287a\jpeg_q90.jpg
stylegan_xl_bd69757ff485d03e,jpeg_q90,stylegan_xl,stylegan_xl,1,0.058468058705329895,data\cache\clean\test\stylegan_xl_bd69757ff485d03e\jpeg_q90.jpg
stylegan_xl_cccbc1d57a7e095e,jpeg_q90,stylegan_xl,stylegan_xl,1,0.017241260036826134,data\cache\clean\test\stylegan_xl_cccbc1d57a7e095e\jpeg_q90.jpg
stylegan_xl_cf9c332a1ebfb587,jpeg_q90,stylegan_xl,stylegan_xl,1,0.1064070463180542,data\cache\clean\test\stylegan_xl_cf9c332a1ebfb587\jpeg_q90.jpg
stylegan_xl_d7c4ece8c8a01de0,jpeg_q90,stylegan_xl,stylegan_xl,1,0.02149759791791439,data\cache\clean\test\stylegan_xl_d7c4ece8c8a01de0\jpeg_q90.jpg
stylegan_xl_e4b8e7ef72cabaf2,jpeg_q90,stylegan_xl,stylegan_xl,1,0.05936688929796219,data\cache\clean\test\stylegan_xl_e4b8e7ef72cabaf2\jpeg_q90.jpg
stylegan_xl_fef6a66b8deaa7ab,jpeg_q90,stylegan_xl,stylegan_xl,1,0.0012202778598293662,data\cache\clean\test\stylegan_xl_fef6a66b8deaa7ab\jpeg_q90.jpg
cifake_1028 (10),noise_s0.02,cifake,stable_diffusion,1,0.2589144706726074,data\cache\clean\test\cifake_1028 (10)\noise_s0.02.jpg
cifake_1088 (3),noise_s0.02,cifake,stable_diffusion,1,0.3890211582183838,data\cache\clean\test\cifake_1088 (3)\noise_s0.02.jpg
cifake_1167 (3),noise_s0.02,cifake,stable_diffusion,1,0.1727815866470337,data\cache\clean\test\cifake_1167 (3)\noise_s0.02.jpg
cifake_1468 (5),noise_s0.02,cifake,stable_diffusion,1,0.44493845105171204,data\cache\clean\test\cifake_1468 (5)\noise_s0.02.jpg
cifake_1483 (8),noise_s0.02,cifake,stable_diffusion,1,0.17577853798866272,data\cache\clean\test\cifake_1483 (8)\noise_s0.02.jpg
cifake_2293 (9),noise_s0.02,cifake,stable_diffusion,1,0.4023119807243347,data\cache\clean\test\cifake_2293 (9)\noise_s0.02.jpg
cifake_3217 (6),noise_s0.02,cifake,stable_diffusion,1,0.47484591603279114,data\cache\clean\test\cifake_3217 (6)\noise_s0.02.jpg
cifake_3395 (5),noise_s0.02,cifake,stable_diffusion,1,0.2660866379737854,data\cache\clean\test\cifake_3395 (5)\noise_s0.02.jpg
cifake_4221 (2),noise_s0.02,cifake,stable_diffusion,1,0.011691444553434849,data\cache\clean\test\cifake_4221 (2)\noise_s0.02.jpg
cifake_5607,noise_s0.02,cifake,stable_diffusion,1,0.30687186121940613,data\cache\clean\test\cifake_5607\noise_s0.02.jpg
cifake_5607 (3),noise_s0.02,cifake,stable_diffusion,1,0.3406367003917694,data\cache\clean\test\cifake_5607 (3)\noise_s0.02.jpg
cifake_5943 (10),noise_s0.02,cifake,stable_diffusion,1,0.37201938033103943,data\cache\clean\test\cifake_5943 (10)\noise_s0.02.jpg
cifake_841 (4),noise_s0.02,cifake,stable_diffusion,1,0.37660911679267883,data\cache\clean\test\cifake_841 (4)\noise_s0.02.jpg
dalle_10420,noise_s0.02,dalle,dalle,1,0.0019816746935248375,data\cache\clean\test\dalle_10420\noise_s0.02.jpg
dalle_13108,noise_s0.02,dalle,dalle,1,0.39816737174987793,data\cache\clean\test\dalle_13108\noise_s0.02.jpg
dalle_1895b86b74caac5dad51022c3d3b33df,noise_s0.02,dalle,dalle,1,0.004619158338755369,data\cache\clean\test\dalle_1895b86b74caac5dad51022c3d3b33df\noise_s0.02.jpg
dalle_19590,noise_s0.02,dalle,dalle,1,0.02596023865044117,data\cache\clean\test\dalle_19590\noise_s0.02.jpg
dalle_19962,noise_s0.02,dalle,dalle,1,0.028808843344449997,data\cache\clean\test\dalle_19962\noise_s0.02.jpg
dalle_23768,noise_s0.02,dalle,dalle,1,0.3740217685699463,data\cache\clean\test\dalle_23768\noise_s0.02.jpg
dalle_24310,noise_s0.02,dalle,dalle,1,0.42088693380355835,data\cache\clean\test\dalle_24310\noise_s0.02.jpg
dalle_26611,noise_s0.02,dalle,dalle,1,0.38875749707221985,data\cache\clean\test\dalle_26611\noise_s0.02.jpg
dalle_27029,noise_s0.02,dalle,dalle,1,0.043758291751146317,data\cache\clean\test\dalle_27029\noise_s0.02.jpg
dalle_35493,noise_s0.02,dalle,dalle,1,0.08719441294670105,data\cache\clean\test\dalle_35493\noise_s0.02.jpg
dalle_35682,noise_s0.02,dalle,dalle,1,0.3165731132030487,data\cache\clean\test\dalle_35682\noise_s0.02.jpg
dalle_3c589aa7fd4a6705f1fd7918daf4ffb9,noise_s0.02,dalle,dalle,1,0.297585666179657,data\cache\clean\test\dalle_3c589aa7fd4a6705f1fd7918daf4ffb9\noise_s0.02.jpg
dalle_41614,noise_s0.02,dalle,dalle,1,0.3404238820075989,data\cache\clean\test\dalle_41614\noise_s0.02.jpg
dalle_41791,noise_s0.02,dalle,dalle,1,0.10576601326465607,data\cache\clean\test\dalle_41791\noise_s0.02.jpg
dalle_42344,noise_s0.02,dalle,dalle,1,0.050237711519002914,data\cache\clean\test\dalle_42344\noise_s0.02.jpg
dalle_5051,noise_s0.02,dalle,dalle,1,0.2068115621805191,data\cache\clean\test\dalle_5051\noise_s0.02.jpg
dalle_6481,noise_s0.02,dalle,dalle,1,0.30222007632255554,data\cache\clean\test\dalle_6481\noise_s0.02.jpg
dalle_6f0f61883f111368d770c54801f33449,noise_s0.02,dalle,dalle,1,0.00031007881625555456,data\cache\clean\test\dalle_6f0f61883f111368d770c54801f33449\noise_s0.02.jpg
dalle_8017,noise_s0.02,dalle,dalle,1,0.007585988380014896,data\cache\clean\test\dalle_8017\noise_s0.02.jpg
dalle_9068,noise_s0.02,dalle,dalle,1,0.0015000790590420365,data\cache\clean\test\dalle_9068\noise_s0.02.jpg
gigagan_03263,noise_s0.02,gigagan,gigagan,1,0.11961483955383301,data\cache\clean\test\gigagan_03263\noise_s0.02.jpg
gigagan_03860,noise_s0.02,gigagan,gigagan,1,0.2132064402103424,data\cache\clean\test\gigagan_03860\noise_s0.02.jpg
gigagan_05738,noise_s0.02,gigagan,gigagan,1,0.4008025527000427,data\cache\clean\test\gigagan_05738\noise_s0.02.jpg
gigagan_06224,noise_s0.02,gigagan,gigagan,1,0.34220147132873535,data\cache\clean\test\gigagan_06224\noise_s0.02.jpg
gigagan_06628,noise_s0.02,gigagan,gigagan,1,0.019267164170742035,data\cache\clean\test\gigagan_06628\noise_s0.02.jpg
gigagan_07350,noise_s0.02,gigagan,gigagan,1,0.05305849388241768,data\cache\clean\test\gigagan_07350\noise_s0.02.jpg
gigagan_07909,noise_s0.02,gigagan,gigagan,1,0.021405750885605812,data\cache\clean\test\gigagan_07909\noise_s0.02.jpg
gigagan_07986,noise_s0.02,gigagan,gigagan,1,0.40925824642181396,data\cache\clean\test\gigagan_07986\noise_s0.02.jpg
gigagan_08464,noise_s0.02,gigagan,gigagan,1,0.15552911162376404,data\cache\clean\test\gigagan_08464\noise_s0.02.jpg
gigagan_09026,noise_s0.02,gigagan,gigagan,1,0.008247127756476402,data\cache\clean\test\gigagan_09026\noise_s0.02.jpg
gigagan_09302,noise_s0.02,gigagan,gigagan,1,0.0076220110058784485,data\cache\clean\test\gigagan_09302\noise_s0.02.jpg
gigagan_10769,noise_s0.02,gigagan,gigagan,1,0.010776171460747719,data\cache\clean\test\gigagan_10769\noise_s0.02.jpg
gigagan_10914,noise_s0.02,gigagan,gigagan,1,0.0015163609059527516,data\cache\clean\test\gigagan_10914\noise_s0.02.jpg
gigagan_11896,noise_s0.02,gigagan,gigagan,1,0.13268369436264038,data\cache\clean\test\gigagan_11896\noise_s0.02.jpg
gigagan_14071,noise_s0.02,gigagan,gigagan,1,0.0004557810025289655,data\cache\clean\test\gigagan_14071\noise_s0.02.jpg
gigagan_14138,noise_s0.02,gigagan,gigagan,1,0.39103999733924866,data\cache\clean\test\gigagan_14138\noise_s0.02.jpg
gigagan_14909,noise_s0.02,gigagan,gigagan,1,0.012409699149429798,data\cache\clean\test\gigagan_14909\noise_s0.02.jpg
gigagan_15561,noise_s0.02,gigagan,gigagan,1,0.0006229502614587545,data\cache\clean\test\gigagan_15561\noise_s0.02.jpg
gigagan_16357,noise_s0.02,gigagan,gigagan,1,0.01509789191186428,data\cache\clean\test\gigagan_16357\noise_s0.02.jpg
gigagan_16966,noise_s0.02,gigagan,gigagan,1,0.03807111829519272,data\cache\clean\test\gigagan_16966\noise_s0.02.jpg
gigagan_17057,noise_s0.02,gigagan,gigagan,1,0.36747118830680847,data\cache\clean\test\gigagan_17057\noise_s0.02.jpg
gigagan_17666,noise_s0.02,gigagan,gigagan,1,0.13669945299625397,data\cache\clean\test\gigagan_17666\noise_s0.02.jpg
gigagan_18037,noise_s0.02,gigagan,gigagan,1,0.4601856768131256,data\cache\clean\test\gigagan_18037\noise_s0.02.jpg
gigagan_18085,noise_s0.02,gigagan,gigagan,1,0.0076479222625494,data\cache\clean\test\gigagan_18085\noise_s0.02.jpg
gigagan_18143,noise_s0.02,gigagan,gigagan,1,0.4861764907836914,data\cache\clean\test\gigagan_18143\noise_s0.02.jpg
gigagan_18704,noise_s0.02,gigagan,gigagan,1,0.48406097292900085,data\cache\clean\test\gigagan_18704\noise_s0.02.jpg
gigagan_19199,noise_s0.02,gigagan,gigagan,1,0.010472593829035759,data\cache\clean\test\gigagan_19199\noise_s0.02.jpg
gigagan_19248,noise_s0.02,gigagan,gigagan,1,0.4157044291496277,data\cache\clean\test\gigagan_19248\noise_s0.02.jpg
gigagan_19458,noise_s0.02,gigagan,gigagan,1,0.36663535237312317,data\cache\clean\test\gigagan_19458\noise_s0.02.jpg
gigagan_20207,noise_s0.02,gigagan,gigagan,1,0.05498155951499939,data\cache\clean\test\gigagan_20207\noise_s0.02.jpg
gigagan_20327,noise_s0.02,gigagan,gigagan,1,0.0030703272204846144,data\cache\clean\test\gigagan_20327\noise_s0.02.jpg
gigagan_20516,noise_s0.02,gigagan,gigagan,1,0.31924474239349365,data\cache\clean\test\gigagan_20516\noise_s0.02.jpg
gigagan_20968,noise_s0.02,gigagan,gigagan,1,0.006928814575076103,data\cache\clean\test\gigagan_20968\noise_s0.02.jpg
gigagan_21116,noise_s0.02,gigagan,gigagan,1,0.3527618646621704,data\cache\clean\test\gigagan_21116\noise_s0.02.jpg
gigagan_21166,noise_s0.02,gigagan,gigagan,1,0.06186122074723244,data\cache\clean\test\gigagan_21166\noise_s0.02.jpg
gigagan_21244,noise_s0.02,gigagan,gigagan,1,0.036929164081811905,data\cache\clean\test\gigagan_21244\noise_s0.02.jpg
gigagan_21611,noise_s0.02,gigagan,gigagan,1,0.04119099676609039,data\cache\clean\test\gigagan_21611\noise_s0.02.jpg
gigagan_22418,noise_s0.02,gigagan,gigagan,1,0.04995817318558693,data\cache\clean\test\gigagan_22418\noise_s0.02.jpg
gigagan_22533,noise_s0.02,gigagan,gigagan,1,0.0692954882979393,data\cache\clean\test\gigagan_22533\noise_s0.02.jpg
gigagan_22770,noise_s0.02,gigagan,gigagan,1,0.03919295221567154,data\cache\clean\test\gigagan_22770\noise_s0.02.jpg
gigagan_23134,noise_s0.02,gigagan,gigagan,1,2.449098974466324e-05,data\cache\clean\test\gigagan_23134\noise_s0.02.jpg
gigagan_23521,noise_s0.02,gigagan,gigagan,1,0.48756203055381775,data\cache\clean\test\gigagan_23521\noise_s0.02.jpg
gigagan_23834,noise_s0.02,gigagan,gigagan,1,0.01807507313787937,data\cache\clean\test\gigagan_23834\noise_s0.02.jpg
gigagan_24445,noise_s0.02,gigagan,gigagan,1,0.0019735535606741905,data\cache\clean\test\gigagan_24445\noise_s0.02.jpg
gigagan_24679,noise_s0.02,gigagan,gigagan,1,0.008310978300869465,data\cache\clean\test\gigagan_24679\noise_s0.02.jpg
gigagan_24726,noise_s0.02,gigagan,gigagan,1,0.26615676283836365,data\cache\clean\test\gigagan_24726\noise_s0.02.jpg
gigagan_24933,noise_s0.02,gigagan,gigagan,1,0.22389307618141174,data\cache\clean\test\gigagan_24933\noise_s0.02.jpg
gigagan_25090,noise_s0.02,gigagan,gigagan,1,0.0045386990532279015,data\cache\clean\test\gigagan_25090\noise_s0.02.jpg
gigagan_25801,noise_s0.02,gigagan,gigagan,1,0.2994023561477661,data\cache\clean\test\gigagan_25801\noise_s0.02.jpg
gigagan_26067,noise_s0.02,gigagan,gigagan,1,0.06049668788909912,data\cache\clean\test\gigagan_26067\noise_s0.02.jpg
gigagan_26681,noise_s0.02,gigagan,gigagan,1,0.308691143989563,data\cache\clean\test\gigagan_26681\noise_s0.02.jpg
gigagan_27033,noise_s0.02,gigagan,gigagan,1,0.24664661288261414,data\cache\clean\test\gigagan_27033\noise_s0.02.jpg
gigagan_27121,noise_s0.02,gigagan,gigagan,1,0.4289690852165222,data\cache\clean\test\gigagan_27121\noise_s0.02.jpg
gigagan_27593,noise_s0.02,gigagan,gigagan,1,0.3515772223472595,data\cache\clean\test\gigagan_27593\noise_s0.02.jpg
gigagan_28336,noise_s0.02,gigagan,gigagan,1,0.04015198349952698,data\cache\clean\test\gigagan_28336\noise_s0.02.jpg
gigagan_28900,noise_s0.02,gigagan,gigagan,1,0.18089117109775543,data\cache\clean\test\gigagan_28900\noise_s0.02.jpg
gigagan_29456,noise_s0.02,gigagan,gigagan,1,0.29196110367774963,data\cache\clean\test\gigagan_29456\noise_s0.02.jpg
imagen3_045e6da6fd7f6fb0,noise_s0.02,imagen3,imagen3,1,0.0017586739268153906,data\cache\clean\test\imagen3_045e6da6fd7f6fb0\noise_s0.02.jpg
imagen3_13ed1f9391224848,noise_s0.02,imagen3,imagen3,1,0.06312558054924011,data\cache\clean\test\imagen3_13ed1f9391224848\noise_s0.02.jpg
imagen3_17643da56f35c6f7,noise_s0.02,imagen3,imagen3,1,0.00036601771716959774,data\cache\clean\test\imagen3_17643da56f35c6f7\noise_s0.02.jpg
imagen3_17919c9ffd792ad9,noise_s0.02,imagen3,imagen3,1,0.15033195912837982,data\cache\clean\test\imagen3_17919c9ffd792ad9\noise_s0.02.jpg
imagen3_24e64d19ddde11cb,noise_s0.02,imagen3,imagen3,1,0.034296151250600815,data\cache\clean\test\imagen3_24e64d19ddde11cb\noise_s0.02.jpg
imagen3_260ae6b06f1f50e2,noise_s0.02,imagen3,imagen3,1,0.00016991856682579964,data\cache\clean\test\imagen3_260ae6b06f1f50e2\noise_s0.02.jpg
imagen3_2be4510162a8a76e,noise_s0.02,imagen3,imagen3,1,5.389254874899052e-05,data\cache\clean\test\imagen3_2be4510162a8a76e\noise_s0.02.jpg
imagen3_3403b18fc93acbfc,noise_s0.02,imagen3,imagen3,1,0.01605364680290222,data\cache\clean\test\imagen3_3403b18fc93acbfc\noise_s0.02.jpg
imagen3_44075,noise_s0.02,imagen3,imagen3,1,0.32828953862190247,data\cache\clean\test\imagen3_44075\noise_s0.02.jpg
imagen3_44476,noise_s0.02,imagen3,imagen3,1,0.11827985942363739,data\cache\clean\test\imagen3_44476\noise_s0.02.jpg
imagen3_46922,noise_s0.02,imagen3,imagen3,1,0.054158132523298264,data\cache\clean\test\imagen3_46922\noise_s0.02.jpg
imagen3_473ffc5e3d5dc373,noise_s0.02,imagen3,imagen3,1,0.00046897001448087394,data\cache\clean\test\imagen3_473ffc5e3d5dc373\noise_s0.02.jpg
imagen3_560ead164dab63a5,noise_s0.02,imagen3,imagen3,1,0.16842402517795563,data\cache\clean\test\imagen3_560ead164dab63a5\noise_s0.02.jpg
imagen3_5e95809bd47d157b,noise_s0.02,imagen3,imagen3,1,0.03139476105570793,data\cache\clean\test\imagen3_5e95809bd47d157b\noise_s0.02.jpg
imagen3_6a8270ea182a9194,noise_s0.02,imagen3,imagen3,1,0.0031368019990622997,data\cache\clean\test\imagen3_6a8270ea182a9194\noise_s0.02.jpg
imagen3_6c7624322b04ce43,noise_s0.02,imagen3,imagen3,1,0.07535382360219955,data\cache\clean\test\imagen3_6c7624322b04ce43\noise_s0.02.jpg
imagen3_77fb2d4f372634f8,noise_s0.02,imagen3,imagen3,1,0.02360471338033676,data\cache\clean\test\imagen3_77fb2d4f372634f8\noise_s0.02.jpg
imagen3_7e3e1e738f642f1a,noise_s0.02,imagen3,imagen3,1,0.48858320713043213,data\cache\clean\test\imagen3_7e3e1e738f642f1a\noise_s0.02.jpg
imagen3_7ee1485909c59826,noise_s0.02,imagen3,imagen3,1,0.004443143494427204,data\cache\clean\test\imagen3_7ee1485909c59826\noise_s0.02.jpg
imagen3_8b13dc3bff918841,noise_s0.02,imagen3,imagen3,1,0.064535953104496,data\cache\clean\test\imagen3_8b13dc3bff918841\noise_s0.02.jpg
imagen3_8c20e4bf83ffff36,noise_s0.02,imagen3,imagen3,1,0.01651909574866295,data\cache\clean\test\imagen3_8c20e4bf83ffff36\noise_s0.02.jpg
imagen3_8e6f8acd28fd8f35,noise_s0.02,imagen3,imagen3,1,0.09864616394042969,data\cache\clean\test\imagen3_8e6f8acd28fd8f35\noise_s0.02.jpg
imagen3_9e82651e214a25c8,noise_s0.02,imagen3,imagen3,1,0.09334585070610046,data\cache\clean\test\imagen3_9e82651e214a25c8\noise_s0.02.jpg
imagen3_aa13646e437b7afa,noise_s0.02,imagen3,imagen3,1,0.2768591046333313,data\cache\clean\test\imagen3_aa13646e437b7afa\noise_s0.02.jpg
imagen3_ad860df8c2a1a848,noise_s0.02,imagen3,imagen3,1,0.0140732042491436,data\cache\clean\test\imagen3_ad860df8c2a1a848\noise_s0.02.jpg
imagen3_b69c9976ced306d1,noise_s0.02,imagen3,imagen3,1,0.024277107790112495,data\cache\clean\test\imagen3_b69c9976ced306d1\noise_s0.02.jpg
imagen3_ca44bb7db1e73a9a,noise_s0.02,imagen3,imagen3,1,0.006160557735711336,data\cache\clean\test\imagen3_ca44bb7db1e73a9a\noise_s0.02.jpg
imagen3_d326e7c87fb1d966,noise_s0.02,imagen3,imagen3,1,0.27686530351638794,data\cache\clean\test\imagen3_d326e7c87fb1d966\noise_s0.02.jpg
imagen3_e63f3b6f8bdee43a,noise_s0.02,imagen3,imagen3,1,0.11749019473791122,data\cache\clean\test\imagen3_e63f3b6f8bdee43a\noise_s0.02.jpg
imagen3_ea646e585cc24088,noise_s0.02,imagen3,imagen3,1,0.4919380247592926,data\cache\clean\test\imagen3_ea646e585cc24088\noise_s0.02.jpg
imagen3_eaf94916ce926270,noise_s0.02,imagen3,imagen3,1,0.05655092000961304,data\cache\clean\test\imagen3_eaf94916ce926270\noise_s0.02.jpg
imagen3_f2da05bffbe27dab,noise_s0.02,imagen3,imagen3,1,0.05524154007434845,data\cache\clean\test\imagen3_f2da05bffbe27dab\noise_s0.02.jpg
imagen3_Imagen3_1208,noise_s0.02,imagen3,imagen3,1,0.009706436656415462,data\cache\clean\test\imagen3_Imagen3_1208\noise_s0.02.jpg
imagen3_Imagen3_2403,noise_s0.02,imagen3,imagen3,1,0.13647706806659698,data\cache\clean\test\imagen3_Imagen3_2403\noise_s0.02.jpg
imagen3_Imagen3_3085,noise_s0.02,imagen3,imagen3,1,0.42055150866508484,data\cache\clean\test\imagen3_Imagen3_3085\noise_s0.02.jpg
imagen3_Imagen3_3097,noise_s0.02,imagen3,imagen3,1,0.016941212117671967,data\cache\clean\test\imagen3_Imagen3_3097\noise_s0.02.jpg
sidset_full_synthetic_001692,noise_s0.02,sidset,full_synthetic,1,0.011045449413359165,data\cache\clean\test\sidset_full_synthetic_001692\noise_s0.02.jpg
sidset_full_synthetic_005710,noise_s0.02,sidset,full_synthetic,1,0.10771936178207397,data\cache\clean\test\sidset_full_synthetic_005710\noise_s0.02.jpg
sidset_full_synthetic_033528,noise_s0.02,sidset,full_synthetic,1,0.0009846732718870044,data\cache\clean\test\sidset_full_synthetic_033528\noise_s0.02.jpg
sidset_full_synthetic_033729,noise_s0.02,sidset,full_synthetic,1,0.03557173162698746,data\cache\clean\test\sidset_full_synthetic_033729\noise_s0.02.jpg
sidset_full_synthetic_040891,noise_s0.02,sidset,full_synthetic,1,0.08461619913578033,data\cache\clean\test\sidset_full_synthetic_040891\noise_s0.02.jpg
sidset_full_synthetic_042089,noise_s0.02,sidset,full_synthetic,1,0.11268293112516403,data\cache\clean\test\sidset_full_synthetic_042089\noise_s0.02.jpg
sidset_full_synthetic_053574,noise_s0.02,sidset,full_synthetic,1,0.23890358209609985,data\cache\clean\test\sidset_full_synthetic_053574\noise_s0.02.jpg
sidset_full_synthetic_063062,noise_s0.02,sidset,full_synthetic,1,0.40235811471939087,data\cache\clean\test\sidset_full_synthetic_063062\noise_s0.02.jpg
stylegan_xl_0097a2e24789bc7a,noise_s0.02,stylegan_xl,stylegan_xl,1,0.003310165833681822,data\cache\clean\test\stylegan_xl_0097a2e24789bc7a\noise_s0.02.jpg
stylegan_xl_00a4591cf03df584,noise_s0.02,stylegan_xl,stylegan_xl,1,0.0002619110164232552,data\cache\clean\test\stylegan_xl_00a4591cf03df584\noise_s0.02.jpg
stylegan_xl_031391f1ab18ab62,noise_s0.02,stylegan_xl,stylegan_xl,1,0.04643179103732109,data\cache\clean\test\stylegan_xl_031391f1ab18ab62\noise_s0.02.jpg
stylegan_xl_0a4244f8a9185bad,noise_s0.02,stylegan_xl,stylegan_xl,1,0.20082184672355652,data\cache\clean\test\stylegan_xl_0a4244f8a9185bad\noise_s0.02.jpg
stylegan_xl_0f7efa4c31bcd8f4,noise_s0.02,stylegan_xl,stylegan_xl,1,0.011011405847966671,data\cache\clean\test\stylegan_xl_0f7efa4c31bcd8f4\noise_s0.02.jpg
stylegan_xl_1060d58257bc5130,noise_s0.02,stylegan_xl,stylegan_xl,1,0.0004149819433223456,data\cache\clean\test\stylegan_xl_1060d58257bc5130\noise_s0.02.jpg
stylegan_xl_1440252ff76f525f,noise_s0.02,stylegan_xl,stylegan_xl,1,0.49045902490615845,data\cache\clean\test\stylegan_xl_1440252ff76f525f\noise_s0.02.jpg
stylegan_xl_17f8bf0ef8d2f478,noise_s0.02,stylegan_xl,stylegan_xl,1,0.18676330149173737,data\cache\clean\test\stylegan_xl_17f8bf0ef8d2f478\noise_s0.02.jpg
stylegan_xl_2013fe0d44f84041,noise_s0.02,stylegan_xl,stylegan_xl,1,7.51250991015695e-05,data\cache\clean\test\stylegan_xl_2013fe0d44f84041\noise_s0.02.jpg
stylegan_xl_21210,noise_s0.02,stylegan_xl,stylegan_xl,1,0.44516053795814514,data\cache\clean\test\stylegan_xl_21210\noise_s0.02.jpg
stylegan_xl_23273,noise_s0.02,stylegan_xl,stylegan_xl,1,0.42211097478866577,data\cache\clean\test\stylegan_xl_23273\noise_s0.02.jpg
stylegan_xl_3621cf0be1fc8d68,noise_s0.02,stylegan_xl,stylegan_xl,1,0.13915660977363586,data\cache\clean\test\stylegan_xl_3621cf0be1fc8d68\noise_s0.02.jpg
stylegan_xl_38c489e3b0d8c700,noise_s0.02,stylegan_xl,stylegan_xl,1,0.022308265790343285,data\cache\clean\test\stylegan_xl_38c489e3b0d8c700\noise_s0.02.jpg
stylegan_xl_3b5e18f8fc06450d,noise_s0.02,stylegan_xl,stylegan_xl,1,0.0013702152064070106,data\cache\clean\test\stylegan_xl_3b5e18f8fc06450d\noise_s0.02.jpg
stylegan_xl_44451,noise_s0.02,stylegan_xl,stylegan_xl,1,0.24139346182346344,data\cache\clean\test\stylegan_xl_44451\noise_s0.02.jpg
stylegan_xl_45081,noise_s0.02,stylegan_xl,stylegan_xl,1,0.008062426000833511,data\cache\clean\test\stylegan_xl_45081\noise_s0.02.jpg
stylegan_xl_45602,noise_s0.02,stylegan_xl,stylegan_xl,1,0.23936550319194794,data\cache\clean\test\stylegan_xl_45602\noise_s0.02.jpg
stylegan_xl_47014,noise_s0.02,stylegan_xl,stylegan_xl,1,0.2846907377243042,data\cache\clean\test\stylegan_xl_47014\noise_s0.02.jpg
stylegan_xl_47343,noise_s0.02,stylegan_xl,stylegan_xl,1,0.0035477725323289633,data\cache\clean\test\stylegan_xl_47343\noise_s0.02.jpg
stylegan_xl_48611,noise_s0.02,stylegan_xl,stylegan_xl,1,0.017775127664208412,data\cache\clean\test\stylegan_xl_48611\noise_s0.02.jpg
stylegan_xl_49074,noise_s0.02,stylegan_xl,stylegan_xl,1,0.407417893409729,data\cache\clean\test\stylegan_xl_49074\noise_s0.02.jpg
stylegan_xl_4f991f9638e28675,noise_s0.02,stylegan_xl,stylegan_xl,1,0.012967316433787346,data\cache\clean\test\stylegan_xl_4f991f9638e28675\noise_s0.02.jpg
stylegan_xl_50731,noise_s0.02,stylegan_xl,stylegan_xl,1,0.40803050994873047,data\cache\clean\test\stylegan_xl_50731\noise_s0.02.jpg
stylegan_xl_60ed9d3511d333bf,noise_s0.02,stylegan_xl,stylegan_xl,1,0.03176236152648926,data\cache\clean\test\stylegan_xl_60ed9d3511d333bf\noise_s0.02.jpg
stylegan_xl_729fee52c5b7f95b,noise_s0.02,stylegan_xl,stylegan_xl,1,0.15180985629558563,data\cache\clean\test\stylegan_xl_729fee52c5b7f95b\noise_s0.02.jpg
stylegan_xl_7d433e90bcd7bd53,noise_s0.02,stylegan_xl,stylegan_xl,1,0.0012426268076524138,data\cache\clean\test\stylegan_xl_7d433e90bcd7bd53\noise_s0.02.jpg
stylegan_xl_7ffebe6032f8209f,noise_s0.02,stylegan_xl,stylegan_xl,1,0.040674660354852676,data\cache\clean\test\stylegan_xl_7ffebe6032f8209f\noise_s0.02.jpg
stylegan_xl_80fc8be6e7c11eb3,noise_s0.02,stylegan_xl,stylegan_xl,1,0.009799733757972717,data\cache\clean\test\stylegan_xl_80fc8be6e7c11eb3\noise_s0.02.jpg
stylegan_xl_8461b1ae87c22c20,noise_s0.02,stylegan_xl,stylegan_xl,1,0.34521952271461487,data\cache\clean\test\stylegan_xl_8461b1ae87c22c20\noise_s0.02.jpg
stylegan_xl_8f9dfd75dde8914f,noise_s0.02,stylegan_xl,stylegan_xl,1,0.2242385447025299,data\cache\clean\test\stylegan_xl_8f9dfd75dde8914f\noise_s0.02.jpg
stylegan_xl_a1ed16fffc5ecb68,noise_s0.02,stylegan_xl,stylegan_xl,1,0.010847809724509716,data\cache\clean\test\stylegan_xl_a1ed16fffc5ecb68\noise_s0.02.jpg
stylegan_xl_a72f3ace10a8f550,noise_s0.02,stylegan_xl,stylegan_xl,1,0.004127522464841604,data\cache\clean\test\stylegan_xl_a72f3ace10a8f550\noise_s0.02.jpg
stylegan_xl_b6abe358484b287a,noise_s0.02,stylegan_xl,stylegan_xl,1,0.06675005704164505,data\cache\clean\test\stylegan_xl_b6abe358484b287a\noise_s0.02.jpg
stylegan_xl_bd69757ff485d03e,noise_s0.02,stylegan_xl,stylegan_xl,1,0.1971980184316635,data\cache\clean\test\stylegan_xl_bd69757ff485d03e\noise_s0.02.jpg
stylegan_xl_cccbc1d57a7e095e,noise_s0.02,stylegan_xl,stylegan_xl,1,0.023060521110892296,data\cache\clean\test\stylegan_xl_cccbc1d57a7e095e\noise_s0.02.jpg
stylegan_xl_cf9c332a1ebfb587,noise_s0.02,stylegan_xl,stylegan_xl,1,0.033661674708127975,data\cache\clean\test\stylegan_xl_cf9c332a1ebfb587\noise_s0.02.jpg
stylegan_xl_d7c4ece8c8a01de0,noise_s0.02,stylegan_xl,stylegan_xl,1,0.005392428953200579,data\cache\clean\test\stylegan_xl_d7c4ece8c8a01de0\noise_s0.02.jpg
stylegan_xl_e4b8e7ef72cabaf2,noise_s0.02,stylegan_xl,stylegan_xl,1,0.07863174378871918,data\cache\clean\test\stylegan_xl_e4b8e7ef72cabaf2\noise_s0.02.jpg
stylegan_xl_fef6a66b8deaa7ab,noise_s0.02,stylegan_xl,stylegan_xl,1,0.001670969882979989,data\cache\clean\test\stylegan_xl_fef6a66b8deaa7ab\noise_s0.02.jpg
cifake_1028 (10),noise_s0.05,cifake,stable_diffusion,1,0.04973365738987923,data\cache\clean\test\cifake_1028 (10)\noise_s0.05.jpg
cifake_1088 (3),noise_s0.05,cifake,stable_diffusion,1,0.22067442536354065,data\cache\clean\test\cifake_1088 (3)\noise_s0.05.jpg
cifake_1483 (8),noise_s0.05,cifake,stable_diffusion,1,0.4209049940109253,data\cache\clean\test\cifake_1483 (8)\noise_s0.05.jpg
cifake_1710 (5),noise_s0.05,cifake,stable_diffusion,1,0.4975789487361908,data\cache\clean\test\cifake_1710 (5)\noise_s0.05.jpg
cifake_4074 (3),noise_s0.05,cifake,stable_diffusion,1,0.3302273750305176,data\cache\clean\test\cifake_4074 (3)\noise_s0.05.jpg
cifake_4221 (2),noise_s0.05,cifake,stable_diffusion,1,0.028932664543390274,data\cache\clean\test\cifake_4221 (2)\noise_s0.05.jpg
cifake_5607 (3),noise_s0.05,cifake,stable_diffusion,1,0.4284648001194,data\cache\clean\test\cifake_5607 (3)\noise_s0.05.jpg
cifake_5943 (10),noise_s0.05,cifake,stable_diffusion,1,0.017279483377933502,data\cache\clean\test\cifake_5943 (10)\noise_s0.05.jpg
cifake_771 (8),noise_s0.05,cifake,stable_diffusion,1,0.044421445578336716,data\cache\clean\test\cifake_771 (8)\noise_s0.05.jpg
dalle_10420,noise_s0.05,dalle,dalle,1,0.0014559673145413399,data\cache\clean\test\dalle_10420\noise_s0.05.jpg
dalle_13895,noise_s0.05,dalle,dalle,1,0.2614439129829407,data\cache\clean\test\dalle_13895\noise_s0.05.jpg
dalle_1895b86b74caac5dad51022c3d3b33df,noise_s0.05,dalle,dalle,1,0.008425954729318619,data\cache\clean\test\dalle_1895b86b74caac5dad51022c3d3b33df\noise_s0.05.jpg
dalle_19590,noise_s0.05,dalle,dalle,1,0.007966885343194008,data\cache\clean\test\dalle_19590\noise_s0.05.jpg
dalle_19962,noise_s0.05,dalle,dalle,1,0.03075726330280304,data\cache\clean\test\dalle_19962\noise_s0.05.jpg
dalle_22468,noise_s0.05,dalle,dalle,1,0.44021281599998474,data\cache\clean\test\dalle_22468\noise_s0.05.jpg
dalle_27029,noise_s0.05,dalle,dalle,1,0.4638194143772125,data\cache\clean\test\dalle_27029\noise_s0.05.jpg
dalle_29480,noise_s0.05,dalle,dalle,1,0.38647234439849854,data\cache\clean\test\dalle_29480\noise_s0.05.jpg
dalle_33159,noise_s0.05,dalle,dalle,1,0.057475052773952484,data\cache\clean\test\dalle_33159\noise_s0.05.jpg
dalle_35493,noise_s0.05,dalle,dalle,1,0.01161976158618927,data\cache\clean\test\dalle_35493\noise_s0.05.jpg
dalle_40387,noise_s0.05,dalle,dalle,1,0.45709189772605896,data\cache\clean\test\dalle_40387\noise_s0.05.jpg
dalle_42344,noise_s0.05,dalle,dalle,1,0.0044079553335905075,data\cache\clean\test\dalle_42344\noise_s0.05.jpg
dalle_6481,noise_s0.05,dalle,dalle,1,0.12402408570051193,data\cache\clean\test\dalle_6481\noise_s0.05.jpg
dalle_6f0f61883f111368d770c54801f33449,noise_s0.05,dalle,dalle,1,0.0023817487526685,data\cache\clean\test\dalle_6f0f61883f111368d770c54801f33449\noise_s0.05.jpg
dalle_8017,noise_s0.05,dalle,dalle,1,0.013863159343600273,data\cache\clean\test\dalle_8017\noise_s0.05.jpg
dalle_9068,noise_s0.05,dalle,dalle,1,0.0008596501429565251,data\cache\clean\test\dalle_9068\noise_s0.05.jpg
gigagan_03263,noise_s0.05,gigagan,gigagan,1,0.026672188192605972,data\cache\clean\test\gigagan_03263\noise_s0.05.jpg
gigagan_05061,noise_s0.05,gigagan,gigagan,1,0.4659993052482605,data\cache\clean\test\gigagan_05061\noise_s0.05.jpg
gigagan_05738,noise_s0.05,gigagan,gigagan,1,0.15599873661994934,data\cache\clean\test\gigagan_05738\noise_s0.05.jpg
gigagan_06224,noise_s0.05,gigagan,gigagan,1,0.21416552364826202,data\cache\clean\test\gigagan_06224\noise_s0.05.jpg
gigagan_06628,noise_s0.05,gigagan,gigagan,1,0.04868919402360916,data\cache\clean\test\gigagan_06628\noise_s0.05.jpg
gigagan_07350,noise_s0.05,gigagan,gigagan,1,0.047452978789806366,data\cache\clean\test\gigagan_07350\noise_s0.05.jpg
gigagan_07909,noise_s0.05,gigagan,gigagan,1,0.02524731121957302,data\cache\clean\test\gigagan_07909\noise_s0.05.jpg
gigagan_08464,noise_s0.05,gigagan,gigagan,1,0.08076325803995132,data\cache\clean\test\gigagan_08464\noise_s0.05.jpg
gigagan_08561,noise_s0.05,gigagan,gigagan,1,0.3454733192920685,data\cache\clean\test\gigagan_08561\noise_s0.05.jpg
gigagan_09026,noise_s0.05,gigagan,gigagan,1,0.006818314082920551,data\cache\clean\test\gigagan_09026\noise_s0.05.jpg
gigagan_09302,noise_s0.05,gigagan,gigagan,1,0.009421441704034805,data\cache\clean\test\gigagan_09302\noise_s0.05.jpg
gigagan_09458,noise_s0.05,gigagan,gigagan,1,0.1492578089237213,data\cache\clean\test\gigagan_09458\noise_s0.05.jpg
gigagan_10282,noise_s0.05,gigagan,gigagan,1,0.11592330038547516,data\cache\clean\test\gigagan_10282\noise_s0.05.jpg
gigagan_10769,noise_s0.05,gigagan,gigagan,1,0.02173698879778385,data\cache\clean\test\gigagan_10769\noise_s0.05.jpg
gigagan_10914,noise_s0.05,gigagan,gigagan,1,0.0009221907239407301,data\cache\clean\test\gigagan_10914\noise_s0.05.jpg
gigagan_11896,noise_s0.05,gigagan,gigagan,1,0.23696517944335938,data\cache\clean\test\gigagan_11896\noise_s0.05.jpg
gigagan_14071,noise_s0.05,gigagan,gigagan,1,0.0006865936447866261,data\cache\clean\test\gigagan_14071\noise_s0.05.jpg
gigagan_14138,noise_s0.05,gigagan,gigagan,1,0.39126157760620117,data\cache\clean\test\gigagan_14138\noise_s0.05.jpg
gigagan_14858,noise_s0.05,gigagan,gigagan,1,0.23848316073417664,data\cache\clean\test\gigagan_14858\noise_s0.05.jpg
gigagan_15355,noise_s0.05,gigagan,gigagan,1,0.13108022511005402,data\cache\clean\test\gigagan_15355\noise_s0.05.jpg
gigagan_15561,noise_s0.05,gigagan,gigagan,1,0.11217761784791946,data\cache\clean\test\gigagan_15561\noise_s0.05.jpg
gigagan_15694,noise_s0.05,gigagan,gigagan,1,0.25988492369651794,data\cache\clean\test\gigagan_15694\noise_s0.05.jpg
gigagan_16357,noise_s0.05,gigagan,gigagan,1,0.06099941208958626,data\cache\clean\test\gigagan_16357\noise_s0.05.jpg
gigagan_16966,noise_s0.05,gigagan,gigagan,1,0.007138908375054598,data\cache\clean\test\gigagan_16966\noise_s0.05.jpg
gigagan_17057,noise_s0.05,gigagan,gigagan,1,0.14382295310497284,data\cache\clean\test\gigagan_17057\noise_s0.05.jpg
gigagan_17666,noise_s0.05,gigagan,gigagan,1,0.16743320226669312,data\cache\clean\test\gigagan_17666\noise_s0.05.jpg
gigagan_18085,noise_s0.05,gigagan,gigagan,1,0.008402625098824501,data\cache\clean\test\gigagan_18085\noise_s0.05.jpg
gigagan_18143,noise_s0.05,gigagan,gigagan,1,0.23030714690685272,data\cache\clean\test\gigagan_18143\noise_s0.05.jpg
gigagan_18704,noise_s0.05,gigagan,gigagan,1,0.41744264960289,data\cache\clean\test\gigagan_18704\noise_s0.05.jpg
gigagan_18797,noise_s0.05,gigagan,gigagan,1,0.255088210105896,data\cache\clean\test\gigagan_18797\noise_s0.05.jpg
gigagan_19127,noise_s0.05,gigagan,gigagan,1,0.2677646577358246,data\cache\clean\test\gigagan_19127\noise_s0.05.jpg
gigagan_19199,noise_s0.05,gigagan,gigagan,1,0.014066980220377445,data\cache\clean\test\gigagan_19199\noise_s0.05.jpg
gigagan_19248,noise_s0.05,gigagan,gigagan,1,0.3434574007987976,data\cache\clean\test\gigagan_19248\noise_s0.05.jpg
gigagan_19458,noise_s0.05,gigagan,gigagan,1,0.21705812215805054,data\cache\clean\test\gigagan_19458\noise_s0.05.jpg
gigagan_19940,noise_s0.05,gigagan,gigagan,1,0.41407009959220886,data\cache\clean\test\gigagan_19940\noise_s0.05.jpg
gigagan_20207,noise_s0.05,gigagan,gigagan,1,0.028849463909864426,data\cache\clean\test\gigagan_20207\noise_s0.05.jpg
gigagan_20327,noise_s0.05,gigagan,gigagan,1,0.0065163252875208855,data\cache\clean\test\gigagan_20327\noise_s0.05.jpg
gigagan_20756,noise_s0.05,gigagan,gigagan,1,0.25381362438201904,data\cache\clean\test\gigagan_20756\noise_s0.05.jpg
gigagan_20968,noise_s0.05,gigagan,gigagan,1,0.027295177802443504,data\cache\clean\test\gigagan_20968\noise_s0.05.jpg
gigagan_21116,noise_s0.05,gigagan,gigagan,1,0.08753851056098938,data\cache\clean\test\gigagan_21116\noise_s0.05.jpg
gigagan_21166,noise_s0.05,gigagan,gigagan,1,0.4036964476108551,data\cache\clean\test\gigagan_21166\noise_s0.05.jpg
gigagan_21244,noise_s0.05,gigagan,gigagan,1,0.016876254230737686,data\cache\clean\test\gigagan_21244\noise_s0.05.jpg
gigagan_21611,noise_s0.05,gigagan,gigagan,1,0.01753741130232811,data\cache\clean\test\gigagan_21611\noise_s0.05.jpg
gigagan_22418,noise_s0.05,gigagan,gigagan,1,0.4634156823158264,data\cache\clean\test\gigagan_22418\noise_s0.05.jpg
gigagan_22533,noise_s0.05,gigagan,gigagan,1,0.40440821647644043,data\cache\clean\test\gigagan_22533\noise_s0.05.jpg
gigagan_22698,noise_s0.05,gigagan,gigagan,1,0.3102343678474426,data\cache\clean\test\gigagan_22698\noise_s0.05.jpg
gigagan_22770,noise_s0.05,gigagan,gigagan,1,0.0084801334887743,data\cache\clean\test\gigagan_22770\noise_s0.05.jpg
gigagan_23134,noise_s0.05,gigagan,gigagan,1,5.236989454715513e-05,data\cache\clean\test\gigagan_23134\noise_s0.05.jpg
gigagan_23834,noise_s0.05,gigagan,gigagan,1,0.01281612180173397,data\cache\clean\test\gigagan_23834\noise_s0.05.jpg
gigagan_24377,noise_s0.05,gigagan,gigagan,1,0.032944533973932266,data\cache\clean\test\gigagan_24377\noise_s0.05.jpg
gigagan_24445,noise_s0.05,gigagan,gigagan,1,0.006745143327862024,data\cache\clean\test\gigagan_24445\noise_s0.05.jpg
gigagan_24679,noise_s0.05,gigagan,gigagan,1,0.024319201707839966,data\cache\clean\test\gigagan_24679\noise_s0.05.jpg
gigagan_24726,noise_s0.05,gigagan,gigagan,1,0.061948250979185104,data\cache\clean\test\gigagan_24726\noise_s0.05.jpg
gigagan_24933,noise_s0.05,gigagan,gigagan,1,0.15091608464717865,data\cache\clean\test\gigagan_24933\noise_s0.05.jpg
gigagan_25090,noise_s0.05,gigagan,gigagan,1,0.010651928372681141,data\cache\clean\test\gigagan_25090\noise_s0.05.jpg
gigagan_25645,noise_s0.05,gigagan,gigagan,1,0.4233669936656952,data\cache\clean\test\gigagan_25645\noise_s0.05.jpg
gigagan_26067,noise_s0.05,gigagan,gigagan,1,0.24871152639389038,data\cache\clean\test\gigagan_26067\noise_s0.05.jpg
gigagan_26323,noise_s0.05,gigagan,gigagan,1,0.2417503297328949,data\cache\clean\test\gigagan_26323\noise_s0.05.jpg
gigagan_27589,noise_s0.05,gigagan,gigagan,1,0.4568639099597931,data\cache\clean\test\gigagan_27589\noise_s0.05.jpg
gigagan_28336,noise_s0.05,gigagan,gigagan,1,0.0313449464738369,data\cache\clean\test\gigagan_28336\noise_s0.05.jpg
gigagan_28900,noise_s0.05,gigagan,gigagan,1,0.11736856400966644,data\cache\clean\test\gigagan_28900\noise_s0.05.jpg
imagen3_045e6da6fd7f6fb0,noise_s0.05,imagen3,imagen3,1,0.0015361594269052148,data\cache\clean\test\imagen3_045e6da6fd7f6fb0\noise_s0.05.jpg
imagen3_13ed1f9391224848,noise_s0.05,imagen3,imagen3,1,0.05379803106188774,data\cache\clean\test\imagen3_13ed1f9391224848\noise_s0.05.jpg
imagen3_15ae6310fb427bba,noise_s0.05,imagen3,imagen3,1,0.45257484912872314,data\cache\clean\test\imagen3_15ae6310fb427bba\noise_s0.05.jpg
imagen3_17643da56f35c6f7,noise_s0.05,imagen3,imagen3,1,0.00043561996426433325,data\cache\clean\test\imagen3_17643da56f35c6f7\noise_s0.05.jpg
imagen3_17919c9ffd792ad9,noise_s0.05,imagen3,imagen3,1,0.46659108996391296,data\cache\clean\test\imagen3_17919c9ffd792ad9\noise_s0.05.jpg
imagen3_24e64d19ddde11cb,noise_s0.05,imagen3,imagen3,1,0.022905517369508743,data\cache\clean\test\imagen3_24e64d19ddde11cb\noise_s0.05.jpg
imagen3_260ae6b06f1f50e2,noise_s0.05,imagen3,imagen3,1,0.00019978951604571193,data\cache\clean\test\imagen3_260ae6b06f1f50e2\noise_s0.05.jpg
imagen3_2be4510162a8a76e,noise_s0.05,imagen3,imagen3,1,0.004526822362095118,data\cache\clean\test\imagen3_2be4510162a8a76e\noise_s0.05.jpg
imagen3_3403b18fc93acbfc,noise_s0.05,imagen3,imagen3,1,0.01714681275188923,data\cache\clean\test\imagen3_3403b18fc93acbfc\noise_s0.05.jpg
imagen3_44075,noise_s0.05,imagen3,imagen3,1,0.3712952435016632,data\cache\clean\test\imagen3_44075\noise_s0.05.jpg
imagen3_44476,noise_s0.05,imagen3,imagen3,1,0.16732756793498993,data\cache\clean\test\imagen3_44476\noise_s0.05.jpg
imagen3_46922,noise_s0.05,imagen3,imagen3,1,0.06190623715519905,data\cache\clean\test\imagen3_46922\noise_s0.05.jpg
imagen3_473ffc5e3d5dc373,noise_s0.05,imagen3,imagen3,1,0.0012671616859734058,data\cache\clean\test\imagen3_473ffc5e3d5dc373\noise_s0.05.jpg
imagen3_519f5c348fe55fcd,noise_s0.05,imagen3,imagen3,1,0.46215903759002686,data\cache\clean\test\imagen3_519f5c348fe55fcd\noise_s0.05.jpg
imagen3_560ead164dab63a5,noise_s0.05,imagen3,imagen3,1,0.11161679774522781,data\cache\clean\test\imagen3_560ead164dab63a5\noise_s0.05.jpg
imagen3_5e95809bd47d157b,noise_s0.05,imagen3,imagen3,1,0.037338316440582275,data\cache\clean\test\imagen3_5e95809bd47d157b\noise_s0.05.jpg
imagen3_6a8270ea182a9194,noise_s0.05,imagen3,imagen3,1,0.006044848822057247,data\cache\clean\test\imagen3_6a8270ea182a9194\noise_s0.05.jpg
imagen3_6c7624322b04ce43,noise_s0.05,imagen3,imagen3,1,0.16450253129005432,data\cache\clean\test\imagen3_6c7624322b04ce43\noise_s0.05.jpg
imagen3_77fb2d4f372634f8,noise_s0.05,imagen3,imagen3,1,0.010356470011174679,data\cache\clean\test\imagen3_77fb2d4f372634f8\noise_s0.05.jpg
imagen3_7e3e1e738f642f1a,noise_s0.05,imagen3,imagen3,1,0.3837738335132599,data\cache\clean\test\imagen3_7e3e1e738f642f1a\noise_s0.05.jpg
imagen3_7ee1485909c59826,noise_s0.05,imagen3,imagen3,1,0.010432137176394463,data\cache\clean\test\imagen3_7ee1485909c59826\noise_s0.05.jpg
imagen3_8b13dc3bff918841,noise_s0.05,imagen3,imagen3,1,0.09491274505853653,data\cache\clean\test\imagen3_8b13dc3bff918841\noise_s0.05.jpg
imagen3_8c20e4bf83ffff36,noise_s0.05,imagen3,imagen3,1,0.22790002822875977,data\cache\clean\test\imagen3_8c20e4bf83ffff36\noise_s0.05.jpg
imagen3_8e6f8acd28fd8f35,noise_s0.05,imagen3,imagen3,1,0.24361509084701538,data\cache\clean\test\imagen3_8e6f8acd28fd8f35\noise_s0.05.jpg
imagen3_9e82651e214a25c8,noise_s0.05,imagen3,imagen3,1,0.19240152835845947,data\cache\clean\test\imagen3_9e82651e214a25c8\noise_s0.05.jpg
imagen3_b69c9976ced306d1,noise_s0.05,imagen3,imagen3,1,0.020716426894068718,data\cache\clean\test\imagen3_b69c9976ced306d1\noise_s0.05.jpg
imagen3_ca44bb7db1e73a9a,noise_s0.05,imagen3,imagen3,1,0.0058791679330170155,data\cache\clean\test\imagen3_ca44bb7db1e73a9a\noise_s0.05.jpg
imagen3_e63f3b6f8bdee43a,noise_s0.05,imagen3,imagen3,1,0.041589781641960144,data\cache\clean\test\imagen3_e63f3b6f8bdee43a\noise_s0.05.jpg
imagen3_ea646e585cc24088,noise_s0.05,imagen3,imagen3,1,0.3023155927658081,data\cache\clean\test\imagen3_ea646e585cc24088\noise_s0.05.jpg
imagen3_eaf94916ce926270,noise_s0.05,imagen3,imagen3,1,0.05155641958117485,data\cache\clean\test\imagen3_eaf94916ce926270\noise_s0.05.jpg
imagen3_f2da05bffbe27dab,noise_s0.05,imagen3,imagen3,1,0.23944959044456482,data\cache\clean\test\imagen3_f2da05bffbe27dab\noise_s0.05.jpg
imagen3_fe7048efd51b15b8,noise_s0.05,imagen3,imagen3,1,0.49122896790504456,data\cache\clean\test\imagen3_fe7048efd51b15b8\noise_s0.05.jpg
imagen3_Imagen3_1208,noise_s0.05,imagen3,imagen3,1,0.01872245967388153,data\cache\clean\test\imagen3_Imagen3_1208\noise_s0.05.jpg
imagen3_Imagen3_2403,noise_s0.05,imagen3,imagen3,1,0.29666081070899963,data\cache\clean\test\imagen3_Imagen3_2403\noise_s0.05.jpg
imagen3_Imagen3_2889,noise_s0.05,imagen3,imagen3,1,0.45664501190185547,data\cache\clean\test\imagen3_Imagen3_2889\noise_s0.05.jpg
imagen3_Imagen3_3097,noise_s0.05,imagen3,imagen3,1,0.20510469377040863,data\cache\clean\test\imagen3_Imagen3_3097\noise_s0.05.jpg
sidset_full_synthetic_001692,noise_s0.05,sidset,full_synthetic,1,0.039969589561223984,data\cache\clean\test\sidset_full_synthetic_001692\noise_s0.05.jpg
sidset_full_synthetic_033528,noise_s0.05,sidset,full_synthetic,1,0.005906346719712019,data\cache\clean\test\sidset_full_synthetic_033528\noise_s0.05.jpg
sidset_full_synthetic_033729,noise_s0.05,sidset,full_synthetic,1,0.08788294345140457,data\cache\clean\test\sidset_full_synthetic_033729\noise_s0.05.jpg
sidset_full_synthetic_040891,noise_s0.05,sidset,full_synthetic,1,0.03273927420377731,data\cache\clean\test\sidset_full_synthetic_040891\noise_s0.05.jpg
sidset_full_synthetic_042089,noise_s0.05,sidset,full_synthetic,1,0.0516376793384552,data\cache\clean\test\sidset_full_synthetic_042089\noise_s0.05.jpg
sidset_full_synthetic_053723,noise_s0.05,sidset,full_synthetic,1,0.36562737822532654,data\cache\clean\test\sidset_full_synthetic_053723\noise_s0.05.jpg
sidset_full_synthetic_060524,noise_s0.05,sidset,full_synthetic,1,0.4203474819660187,data\cache\clean\test\sidset_full_synthetic_060524\noise_s0.05.jpg
sidset_full_synthetic_061708,noise_s0.05,sidset,full_synthetic,1,0.4894389808177948,data\cache\clean\test\sidset_full_synthetic_061708\noise_s0.05.jpg
sidset_full_synthetic_063062,noise_s0.05,sidset,full_synthetic,1,0.22552889585494995,data\cache\clean\test\sidset_full_synthetic_063062\noise_s0.05.jpg
stylegan_xl_0097a2e24789bc7a,noise_s0.05,stylegan_xl,stylegan_xl,1,0.0036942302249372005,data\cache\clean\test\stylegan_xl_0097a2e24789bc7a\noise_s0.05.jpg
stylegan_xl_00a4591cf03df584,noise_s0.05,stylegan_xl,stylegan_xl,1,0.00020924147975165397,data\cache\clean\test\stylegan_xl_00a4591cf03df584\noise_s0.05.jpg
stylegan_xl_031391f1ab18ab62,noise_s0.05,stylegan_xl,stylegan_xl,1,0.06343932449817657,data\cache\clean\test\stylegan_xl_031391f1ab18ab62\noise_s0.05.jpg
stylegan_xl_0a4244f8a9185bad,noise_s0.05,stylegan_xl,stylegan_xl,1,0.4602169394493103,data\cache\clean\test\stylegan_xl_0a4244f8a9185bad\noise_s0.05.jpg
stylegan_xl_0f7efa4c31bcd8f4,noise_s0.05,stylegan_xl,stylegan_xl,1,0.023392537608742714,data\cache\clean\test\stylegan_xl_0f7efa4c31bcd8f4\noise_s0.05.jpg
stylegan_xl_1060d58257bc5130,noise_s0.05,stylegan_xl,stylegan_xl,1,0.000536394480150193,data\cache\clean\test\stylegan_xl_1060d58257bc5130\noise_s0.05.jpg
stylegan_xl_17f8bf0ef8d2f478,noise_s0.05,stylegan_xl,stylegan_xl,1,0.17039868235588074,data\cache\clean\test\stylegan_xl_17f8bf0ef8d2f478\noise_s0.05.jpg
stylegan_xl_2013fe0d44f84041,noise_s0.05,stylegan_xl,stylegan_xl,1,6.642469816142693e-05,data\cache\clean\test\stylegan_xl_2013fe0d44f84041\noise_s0.05.jpg
stylegan_xl_23273,noise_s0.05,stylegan_xl,stylegan_xl,1,0.357204407453537,data\cache\clean\test\stylegan_xl_23273\noise_s0.05.jpg
stylegan_xl_3621cf0be1fc8d68,noise_s0.05,stylegan_xl,stylegan_xl,1,0.12183762341737747,data\cache\clean\test\stylegan_xl_3621cf0be1fc8d68\noise_s0.05.jpg
stylegan_xl_38c489e3b0d8c700,noise_s0.05,stylegan_xl,stylegan_xl,1,0.03011270985007286,data\cache\clean\test\stylegan_xl_38c489e3b0d8c700\noise_s0.05.jpg
stylegan_xl_3b5e18f8fc06450d,noise_s0.05,stylegan_xl,stylegan_xl,1,0.00018516287673264742,data\cache\clean\test\stylegan_xl_3b5e18f8fc06450d\noise_s0.05.jpg
stylegan_xl_45081,noise_s0.05,stylegan_xl,stylegan_xl,1,0.07073953747749329,data\cache\clean\test\stylegan_xl_45081\noise_s0.05.jpg
stylegan_xl_45602,noise_s0.05,stylegan_xl,stylegan_xl,1,0.10406232625246048,data\cache\clean\test\stylegan_xl_45602\noise_s0.05.jpg
stylegan_xl_47343,noise_s0.05,stylegan_xl,stylegan_xl,1,0.02139941230416298,data\cache\clean\test\stylegan_xl_47343\noise_s0.05.jpg
stylegan_xl_48611,noise_s0.05,stylegan_xl,stylegan_xl,1,0.013290598057210445,data\cache\clean\test\stylegan_xl_48611\noise_s0.05.jpg
stylegan_xl_48906,noise_s0.05,stylegan_xl,stylegan_xl,1,0.49513623118400574,data\cache\clean\test\stylegan_xl_48906\noise_s0.05.jpg
stylegan_xl_4f991f9638e28675,noise_s0.05,stylegan_xl,stylegan_xl,1,0.1271730363368988,data\cache\clean\test\stylegan_xl_4f991f9638e28675\noise_s0.05.jpg
stylegan_xl_60ed9d3511d333bf,noise_s0.05,stylegan_xl,stylegan_xl,1,0.02853173390030861,data\cache\clean\test\stylegan_xl_60ed9d3511d333bf\noise_s0.05.jpg
stylegan_xl_729fee52c5b7f95b,noise_s0.05,stylegan_xl,stylegan_xl,1,0.12127433717250824,data\cache\clean\test\stylegan_xl_729fee52c5b7f95b\noise_s0.05.jpg
stylegan_xl_7d433e90bcd7bd53,noise_s0.05,stylegan_xl,stylegan_xl,1,0.002122287405654788,data\cache\clean\test\stylegan_xl_7d433e90bcd7bd53\noise_s0.05.jpg
stylegan_xl_7ffebe6032f8209f,noise_s0.05,stylegan_xl,stylegan_xl,1,0.011287765577435493,data\cache\clean\test\stylegan_xl_7ffebe6032f8209f\noise_s0.05.jpg
stylegan_xl_80fc8be6e7c11eb3,noise_s0.05,stylegan_xl,stylegan_xl,1,0.01047297939658165,data\cache\clean\test\stylegan_xl_80fc8be6e7c11eb3\noise_s0.05.jpg
stylegan_xl_8461b1ae87c22c20,noise_s0.05,stylegan_xl,stylegan_xl,1,0.21120427548885345,data\cache\clean\test\stylegan_xl_8461b1ae87c22c20\noise_s0.05.jpg
stylegan_xl_8f9dfd75dde8914f,noise_s0.05,stylegan_xl,stylegan_xl,1,0.11356132477521896,data\cache\clean\test\stylegan_xl_8f9dfd75dde8914f\noise_s0.05.jpg
stylegan_xl_a1ed16fffc5ecb68,noise_s0.05,stylegan_xl,stylegan_xl,1,0.023119205608963966,data\cache\clean\test\stylegan_xl_a1ed16fffc5ecb68\noise_s0.05.jpg
stylegan_xl_a72f3ace10a8f550,noise_s0.05,stylegan_xl,stylegan_xl,1,0.007016730960458517,data\cache\clean\test\stylegan_xl_a72f3ace10a8f550\noise_s0.05.jpg
stylegan_xl_b6abe358484b287a,noise_s0.05,stylegan_xl,stylegan_xl,1,0.14420253038406372,data\cache\clean\test\stylegan_xl_b6abe358484b287a\noise_s0.05.jpg
stylegan_xl_bd69757ff485d03e,noise_s0.05,stylegan_xl,stylegan_xl,1,0.4241407513618469,data\cache\clean\test\stylegan_xl_bd69757ff485d03e\noise_s0.05.jpg
stylegan_xl_cccbc1d57a7e095e,noise_s0.05,stylegan_xl,stylegan_xl,1,0.01577799953520298,data\cache\clean\test\stylegan_xl_cccbc1d57a7e095e\noise_s0.05.jpg
stylegan_xl_cf9c332a1ebfb587,noise_s0.05,stylegan_xl,stylegan_xl,1,0.08866040408611298,data\cache\clean\test\stylegan_xl_cf9c332a1ebfb587\noise_s0.05.jpg
stylegan_xl_d7c4ece8c8a01de0,noise_s0.05,stylegan_xl,stylegan_xl,1,0.002871929667890072,data\cache\clean\test\stylegan_xl_d7c4ece8c8a01de0\noise_s0.05.jpg
stylegan_xl_e4b8e7ef72cabaf2,noise_s0.05,stylegan_xl,stylegan_xl,1,0.25338295102119446,data\cache\clean\test\stylegan_xl_e4b8e7ef72cabaf2\noise_s0.05.jpg
stylegan_xl_fef6a66b8deaa7ab,noise_s0.05,stylegan_xl,stylegan_xl,1,0.0009638328338041902,data\cache\clean\test\stylegan_xl_fef6a66b8deaa7ab\noise_s0.05.jpg
cifake_1028 (10),noise_s0.1,cifake,stable_diffusion,1,0.21156354248523712,data\cache\clean\test\cifake_1028 (10)\noise_s0.1.jpg
cifake_1088 (3),noise_s0.1,cifake,stable_diffusion,1,0.25117701292037964,data\cache\clean\test\cifake_1088 (3)\noise_s0.1.jpg
cifake_1297 (6),noise_s0.1,cifake,stable_diffusion,1,0.20143446326255798,data\cache\clean\test\cifake_1297 (6)\noise_s0.1.jpg
cifake_2293 (8),noise_s0.1,cifake,stable_diffusion,1,0.24574799835681915,data\cache\clean\test\cifake_2293 (8)\noise_s0.1.jpg
cifake_350 (3),noise_s0.1,cifake,stable_diffusion,1,0.46134862303733826,data\cache\clean\test\cifake_350 (3)\noise_s0.1.jpg
cifake_4221 (2),noise_s0.1,cifake,stable_diffusion,1,0.11701356619596481,data\cache\clean\test\cifake_4221 (2)\noise_s0.1.jpg
cifake_4615 (3),noise_s0.1,cifake,stable_diffusion,1,0.39520466327667236,data\cache\clean\test\cifake_4615 (3)\noise_s0.1.jpg
cifake_4746 (3),noise_s0.1,cifake,stable_diffusion,1,0.27878549695014954,data\cache\clean\test\cifake_4746 (3)\noise_s0.1.jpg
cifake_5943 (10),noise_s0.1,cifake,stable_diffusion,1,0.43701356649398804,data\cache\clean\test\cifake_5943 (10)\noise_s0.1.jpg
cifake_771 (8),noise_s0.1,cifake,stable_diffusion,1,0.009371628053486347,data\cache\clean\test\cifake_771 (8)\noise_s0.1.jpg
cifake_841 (4),noise_s0.1,cifake,stable_diffusion,1,0.4519229829311371,data\cache\clean\test\cifake_841 (4)\noise_s0.1.jpg
dalle_10374,noise_s0.1,dalle,dalle,1,0.20856091380119324,data\cache\clean\test\dalle_10374\noise_s0.1.jpg
dalle_10420,noise_s0.1,dalle,dalle,1,0.00018187881505582482,data\cache\clean\test\dalle_10420\noise_s0.1.jpg
dalle_12052,noise_s0.1,dalle,dalle,1,0.0158921480178833,data\cache\clean\test\dalle_12052\noise_s0.1.jpg
dalle_13048,noise_s0.1,dalle,dalle,1,0.1499185860157013,data\cache\clean\test\dalle_13048\noise_s0.1.jpg
dalle_1324,noise_s0.1,dalle,dalle,1,0.11188656091690063,data\cache\clean\test\dalle_1324\noise_s0.1.jpg
dalle_13895,noise_s0.1,dalle,dalle,1,0.14804619550704956,data\cache\clean\test\dalle_13895\noise_s0.1.jpg
dalle_1895b86b74caac5dad51022c3d3b33df,noise_s0.1,dalle,dalle,1,0.009785959497094154,data\cache\clean\test\dalle_1895b86b74caac5dad51022c3d3b33df\noise_s0.1.jpg
dalle_19590,noise_s0.1,dalle,dalle,1,0.016331981867551804,data\cache\clean\test\dalle_19590\noise_s0.1.jpg
dalle_19962,noise_s0.1,dalle,dalle,1,0.014752963557839394,data\cache\clean\test\dalle_19962\noise_s0.1.jpg
dalle_22468,noise_s0.1,dalle,dalle,1,0.27809005975723267,data\cache\clean\test\dalle_22468\noise_s0.1.jpg
dalle_33159,noise_s0.1,dalle,dalle,1,0.032251909375190735,data\cache\clean\test\dalle_33159\noise_s0.1.jpg
dalle_3469,noise_s0.1,dalle,dalle,1,0.4313327670097351,data\cache\clean\test\dalle_3469\noise_s0.1.jpg
dalle_35493,noise_s0.1,dalle,dalle,1,0.01054691057652235,data\cache\clean\test\dalle_35493\noise_s0.1.jpg
dalle_40387,noise_s0.1,dalle,dalle,1,0.0039299288764595985,data\cache\clean\test\dalle_40387\noise_s0.1.jpg
dalle_42344,noise_s0.1,dalle,dalle,1,0.003041641553863883,data\cache\clean\test\dalle_42344\noise_s0.1.jpg
dalle_6481,noise_s0.1,dalle,dalle,1,0.31834346055984497,data\cache\clean\test\dalle_6481\noise_s0.1.jpg
dalle_6f0f61883f111368d770c54801f33449,noise_s0.1,dalle,dalle,1,0.0012893062084913254,data\cache\clean\test\dalle_6f0f61883f111368d770c54801f33449\noise_s0.1.jpg
dalle_8017,noise_s0.1,dalle,dalle,1,0.07370445877313614,data\cache\clean\test\dalle_8017\noise_s0.1.jpg
dalle_9068,noise_s0.1,dalle,dalle,1,0.0005287474486976862,data\cache\clean\test\dalle_9068\noise_s0.1.jpg
gigagan_03263,noise_s0.1,gigagan,gigagan,1,0.04384099692106247,data\cache\clean\test\gigagan_03263\noise_s0.1.jpg
gigagan_04662,noise_s0.1,gigagan,gigagan,1,0.3184880018234253,data\cache\clean\test\gigagan_04662\noise_s0.1.jpg
gigagan_05738,noise_s0.1,gigagan,gigagan,1,0.03499409556388855,data\cache\clean\test\gigagan_05738\noise_s0.1.jpg
gigagan_06628,noise_s0.1,gigagan,gigagan,1,0.358629047870636,data\cache\clean\test\gigagan_06628\noise_s0.1.jpg
gigagan_07239,noise_s0.1,gigagan,gigagan,1,0.31728675961494446,data\cache\clean\test\gigagan_07239\noise_s0.1.jpg
gigagan_07350,noise_s0.1,gigagan,gigagan,1,0.04155499488115311,data\cache\clean\test\gigagan_07350\noise_s0.1.jpg
gigagan_07909,noise_s0.1,gigagan,gigagan,1,0.06791779398918152,data\cache\clean\test\gigagan_07909\noise_s0.1.jpg
gigagan_07986,noise_s0.1,gigagan,gigagan,1,0.44326356053352356,data\cache\clean\test\gigagan_07986\noise_s0.1.jpg
gigagan_08193,noise_s0.1,gigagan,gigagan,1,0.45866066217422485,data\cache\clean\test\gigagan_08193\noise_s0.1.jpg
gigagan_08351,noise_s0.1,gigagan,gigagan,1,0.2826123833656311,data\cache\clean\test\gigagan_08351\noise_s0.1.jpg
gigagan_08464,noise_s0.1,gigagan,gigagan,1,0.062146056443452835,data\cache\clean\test\gigagan_08464\noise_s0.1.jpg
gigagan_08561,noise_s0.1,gigagan,gigagan,1,0.36850491166114807,data\cache\clean\test\gigagan_08561\noise_s0.1.jpg
gigagan_09026,noise_s0.1,gigagan,gigagan,1,0.023512229323387146,data\cache\clean\test\gigagan_09026\noise_s0.1.jpg
gigagan_09302,noise_s0.1,gigagan,gigagan,1,0.015419208444654942,data\cache\clean\test\gigagan_09302\noise_s0.1.jpg
gigagan_09458,noise_s0.1,gigagan,gigagan,1,0.2220737785100937,data\cache\clean\test\gigagan_09458\noise_s0.1.jpg
gigagan_10282,noise_s0.1,gigagan,gigagan,1,0.035040661692619324,data\cache\clean\test\gigagan_10282\noise_s0.1.jpg
gigagan_10655,noise_s0.1,gigagan,gigagan,1,0.10661369562149048,data\cache\clean\test\gigagan_10655\noise_s0.1.jpg
gigagan_10769,noise_s0.1,gigagan,gigagan,1,0.040220003575086594,data\cache\clean\test\gigagan_10769\noise_s0.1.jpg
gigagan_10914,noise_s0.1,gigagan,gigagan,1,0.0010434763971716166,data\cache\clean\test\gigagan_10914\noise_s0.1.jpg
gigagan_11896,noise_s0.1,gigagan,gigagan,1,0.26468145847320557,data\cache\clean\test\gigagan_11896\noise_s0.1.jpg
gigagan_13110,noise_s0.1,gigagan,gigagan,1,0.34423860907554626,data\cache\clean\test\gigagan_13110\noise_s0.1.jpg
gigagan_14071,noise_s0.1,gigagan,gigagan,1,0.00012731249444186687,data\cache\clean\test\gigagan_14071\noise_s0.1.jpg
gigagan_14858,noise_s0.1,gigagan,gigagan,1,0.0327361561357975,data\cache\clean\test\gigagan_14858\noise_s0.1.jpg
gigagan_14909,noise_s0.1,gigagan,gigagan,1,0.2593667507171631,data\cache\clean\test\gigagan_14909\noise_s0.1.jpg
gigagan_15355,noise_s0.1,gigagan,gigagan,1,0.06100017949938774,data\cache\clean\test\gigagan_15355\noise_s0.1.jpg
gigagan_15454,noise_s0.1,gigagan,gigagan,1,0.2859157919883728,data\cache\clean\test\gigagan_15454\noise_s0.1.jpg
gigagan_15561,noise_s0.1,gigagan,gigagan,1,0.013646497391164303,data\cache\clean\test\gigagan_15561\noise_s0.1.jpg
gigagan_15694,noise_s0.1,gigagan,gigagan,1,0.0778445228934288,data\cache\clean\test\gigagan_15694\noise_s0.1.jpg
gigagan_16357,noise_s0.1,gigagan,gigagan,1,0.17260703444480896,data\cache\clean\test\gigagan_16357\noise_s0.1.jpg
gigagan_16966,noise_s0.1,gigagan,gigagan,1,0.013634243980050087,data\cache\clean\test\gigagan_16966\noise_s0.1.jpg
gigagan_17057,noise_s0.1,gigagan,gigagan,1,0.11797109246253967,data\cache\clean\test\gigagan_17057\noise_s0.1.jpg
gigagan_18085,noise_s0.1,gigagan,gigagan,1,0.01676669903099537,data\cache\clean\test\gigagan_18085\noise_s0.1.jpg
gigagan_18143,noise_s0.1,gigagan,gigagan,1,0.05506562441587448,data\cache\clean\test\gigagan_18143\noise_s0.1.jpg
gigagan_18704,noise_s0.1,gigagan,gigagan,1,0.013700117357075214,data\cache\clean\test\gigagan_18704\noise_s0.1.jpg
gigagan_19199,noise_s0.1,gigagan,gigagan,1,0.05455845594406128,data\cache\clean\test\gigagan_19199\noise_s0.1.jpg
gigagan_19248,noise_s0.1,gigagan,gigagan,1,0.2415781468153,data\cache\clean\test\gigagan_19248\noise_s0.1.jpg
gigagan_19458,noise_s0.1,gigagan,gigagan,1,0.3850768208503723,data\cache\clean\test\gigagan_19458\noise_s0.1.jpg
gigagan_19940,noise_s0.1,gigagan,gigagan,1,0.4752996861934662,data\cache\clean\test\gigagan_19940\noise_s0.1.jpg
gigagan_20327,noise_s0.1,gigagan,gigagan,1,0.00836097914725542,data\cache\clean\test\gigagan_20327\noise_s0.1.jpg
gigagan_20756,noise_s0.1,gigagan,gigagan,1,0.026313763111829758,data\cache\clean\test\gigagan_20756\noise_s0.1.jpg
gigagan_20968,noise_s0.1,gigagan,gigagan,1,0.07019789516925812,data\cache\clean\test\gigagan_20968\noise_s0.1.jpg
gigagan_21116,noise_s0.1,gigagan,gigagan,1,0.25502368807792664,data\cache\clean\test\gigagan_21116\noise_s0.1.jpg
gigagan_21166,noise_s0.1,gigagan,gigagan,1,0.2705233693122864,data\cache\clean\test\gigagan_21166\noise_s0.1.jpg
gigagan_21244,noise_s0.1,gigagan,gigagan,1,0.005042860750108957,data\cache\clean\test\gigagan_21244\noise_s0.1.jpg
gigagan_21611,noise_s0.1,gigagan,gigagan,1,0.008303651586174965,data\cache\clean\test\gigagan_21611\noise_s0.1.jpg
gigagan_22533,noise_s0.1,gigagan,gigagan,1,0.07037045061588287,data\cache\clean\test\gigagan_22533\noise_s0.1.jpg
gigagan_22698,noise_s0.1,gigagan,gigagan,1,0.4034321904182434,data\cache\clean\test\gigagan_22698\noise_s0.1.jpg
gigagan_22770,noise_s0.1,gigagan,gigagan,1,0.019018646329641342,data\cache\clean\test\gigagan_22770\noise_s0.1.jpg
gigagan_23134,noise_s0.1,gigagan,gigagan,1,0.000161144562298432,data\cache\clean\test\gigagan_23134\noise_s0.1.jpg
gigagan_23264,noise_s0.1,gigagan,gigagan,1,0.3267754018306732,data\cache\clean\test\gigagan_23264\noise_s0.1.jpg
gigagan_23834,noise_s0.1,gigagan,gigagan,1,0.009911647997796535,data\cache\clean\test\gigagan_23834\noise_s0.1.jpg
gigagan_24445,noise_s0.1,gigagan,gigagan,1,0.00865132361650467,data\cache\clean\test\gigagan_24445\noise_s0.1.jpg
gigagan_24679,noise_s0.1,gigagan,gigagan,1,0.04391249269247055,data\cache\clean\test\gigagan_24679\noise_s0.1.jpg
gigagan_24707,noise_s0.1,gigagan,gigagan,1,0.13683219254016876,data\cache\clean\test\gigagan_24707\noise_s0.1.jpg
gigagan_24726,noise_s0.1,gigagan,gigagan,1,0.02787048928439617,data\cache\clean\test\gigagan_24726\noise_s0.1.jpg
gigagan_24933,noise_s0.1,gigagan,gigagan,1,0.3759358525276184,data\cache\clean\test\gigagan_24933\noise_s0.1.jpg
gigagan_25090,noise_s0.1,gigagan,gigagan,1,0.005104138981550932,data\cache\clean\test\gigagan_25090\noise_s0.1.jpg
gigagan_25801,noise_s0.1,gigagan,gigagan,1,0.4458516538143158,data\cache\clean\test\gigagan_25801\noise_s0.1.jpg
gigagan_26067,noise_s0.1,gigagan,gigagan,1,0.13145044445991516,data\cache\clean\test\gigagan_26067\noise_s0.1.jpg
gigagan_27593,noise_s0.1,gigagan,gigagan,1,0.14172573387622833,data\cache\clean\test\gigagan_27593\noise_s0.1.jpg
gigagan_28900,noise_s0.1,gigagan,gigagan,1,0.16419808566570282,data\cache\clean\test\gigagan_28900\noise_s0.1.jpg
gigagan_29456,noise_s0.1,gigagan,gigagan,1,0.23233109712600708,data\cache\clean\test\gigagan_29456\noise_s0.1.jpg
imagen3_045e6da6fd7f6fb0,noise_s0.1,imagen3,imagen3,1,0.001229716232046485,data\cache\clean\test\imagen3_045e6da6fd7f6fb0\noise_s0.1.jpg
imagen3_13ed1f9391224848,noise_s0.1,imagen3,imagen3,1,0.18269208073616028,data\cache\clean\test\imagen3_13ed1f9391224848\noise_s0.1.jpg
imagen3_17643da56f35c6f7,noise_s0.1,imagen3,imagen3,1,0.0008630036609247327,data\cache\clean\test\imagen3_17643da56f35c6f7\noise_s0.1.jpg
imagen3_24e64d19ddde11cb,noise_s0.1,imagen3,imagen3,1,0.0382232740521431,data\cache\clean\test\imagen3_24e64d19ddde11cb\noise_s0.1.jpg
imagen3_260ae6b06f1f50e2,noise_s0.1,imagen3,imagen3,1,0.00026834491291083395,data\cache\clean\test\imagen3_260ae6b06f1f50e2\noise_s0.1.jpg
imagen3_2be4510162a8a76e,noise_s0.1,imagen3,imagen3,1,0.0007095662876963615,data\cache\clean\test\imagen3_2be4510162a8a76e\noise_s0.1.jpg
imagen3_3403b18fc93acbfc,noise_s0.1,imagen3,imagen3,1,0.06714671850204468,data\cache\clean\test\imagen3_3403b18fc93acbfc\noise_s0.1.jpg
imagen3_44075,noise_s0.1,imagen3,imagen3,1,0.06782829761505127,data\cache\clean\test\imagen3_44075\noise_s0.1.jpg
imagen3_44476,noise_s0.1,imagen3,imagen3,1,0.05497248098254204,data\cache\clean\test\imagen3_44476\noise_s0.1.jpg
imagen3_473ffc5e3d5dc373,noise_s0.1,imagen3,imagen3,1,0.0017020878149196506,data\cache\clean\test\imagen3_473ffc5e3d5dc373\noise_s0.1.jpg
imagen3_519f5c348fe55fcd,noise_s0.1,imagen3,imagen3,1,0.1352943480014801,data\cache\clean\test\imagen3_519f5c348fe55fcd\noise_s0.1.jpg
imagen3_53132,noise_s0.1,imagen3,imagen3,1,0.3421896696090698,data\cache\clean\test\imagen3_53132\noise_s0.1.jpg
imagen3_560ead164dab63a5,noise_s0.1,imagen3,imagen3,1,0.3388168215751648,data\cache\clean\test\imagen3_560ead164dab63a5\noise_s0.1.jpg
imagen3_5e95809bd47d157b,noise_s0.1,imagen3,imagen3,1,0.2162880003452301,data\cache\clean\test\imagen3_5e95809bd47d157b\noise_s0.1.jpg
imagen3_69467160e53f71bc,noise_s0.1,imagen3,imagen3,1,0.13656577467918396,data\cache\clean\test\imagen3_69467160e53f71bc\noise_s0.1.jpg
imagen3_6a8270ea182a9194,noise_s0.1,imagen3,imagen3,1,0.006348521914333105,data\cache\clean\test\imagen3_6a8270ea182a9194\noise_s0.1.jpg
imagen3_6c7624322b04ce43,noise_s0.1,imagen3,imagen3,1,0.2474588304758072,data\cache\clean\test\imagen3_6c7624322b04ce43\noise_s0.1.jpg
imagen3_77fb2d4f372634f8,noise_s0.1,imagen3,imagen3,1,0.0716516301035881,data\cache\clean\test\imagen3_77fb2d4f372634f8\noise_s0.1.jpg
imagen3_7e3e1e738f642f1a,noise_s0.1,imagen3,imagen3,1,0.2094656080007553,data\cache\clean\test\imagen3_7e3e1e738f642f1a\noise_s0.1.jpg
imagen3_7ee1485909c59826,noise_s0.1,imagen3,imagen3,1,0.04775605723261833,data\cache\clean\test\imagen3_7ee1485909c59826\noise_s0.1.jpg
imagen3_8b13dc3bff918841,noise_s0.1,imagen3,imagen3,1,0.23215311765670776,data\cache\clean\test\imagen3_8b13dc3bff918841\noise_s0.1.jpg
imagen3_8c20e4bf83ffff36,noise_s0.1,imagen3,imagen3,1,0.07870366424322128,data\cache\clean\test\imagen3_8c20e4bf83ffff36\noise_s0.1.jpg
imagen3_8e6f8acd28fd8f35,noise_s0.1,imagen3,imagen3,1,0.12014289945363998,data\cache\clean\test\imagen3_8e6f8acd28fd8f35\noise_s0.1.jpg
imagen3_9e82651e214a25c8,noise_s0.1,imagen3,imagen3,1,0.2827829420566559,data\cache\clean\test\imagen3_9e82651e214a25c8\noise_s0.1.jpg
imagen3_aa13646e437b7afa,noise_s0.1,imagen3,imagen3,1,0.11260384321212769,data\cache\clean\test\imagen3_aa13646e437b7afa\noise_s0.1.jpg
imagen3_b69c9976ced306d1,noise_s0.1,imagen3,imagen3,1,0.021055275574326515,data\cache\clean\test\imagen3_b69c9976ced306d1\noise_s0.1.jpg
imagen3_ca44bb7db1e73a9a,noise_s0.1,imagen3,imagen3,1,0.006860492285341024,data\cache\clean\test\imagen3_ca44bb7db1e73a9a\noise_s0.1.jpg
imagen3_e63f3b6f8bdee43a,noise_s0.1,imagen3,imagen3,1,0.03793209046125412,data\cache\clean\test\imagen3_e63f3b6f8bdee43a\noise_s0.1.jpg
imagen3_ea646e585cc24088,noise_s0.1,imagen3,imagen3,1,0.2747262418270111,data\cache\clean\test\imagen3_ea646e585cc24088\noise_s0.1.jpg
imagen3_eaf94916ce926270,noise_s0.1,imagen3,imagen3,1,0.09311051666736603,data\cache\clean\test\imagen3_eaf94916ce926270\noise_s0.1.jpg
imagen3_f2da05bffbe27dab,noise_s0.1,imagen3,imagen3,1,0.23783673346042633,data\cache\clean\test\imagen3_f2da05bffbe27dab\noise_s0.1.jpg
imagen3_fe7048efd51b15b8,noise_s0.1,imagen3,imagen3,1,0.2390475869178772,data\cache\clean\test\imagen3_fe7048efd51b15b8\noise_s0.1.jpg
imagen3_Imagen3_2403,noise_s0.1,imagen3,imagen3,1,0.3005314767360687,data\cache\clean\test\imagen3_Imagen3_2403\noise_s0.1.jpg
imagen3_Imagen3_2889,noise_s0.1,imagen3,imagen3,1,0.27644380927085876,data\cache\clean\test\imagen3_Imagen3_2889\noise_s0.1.jpg
imagen3_Imagen3_3747,noise_s0.1,imagen3,imagen3,1,0.3263634145259857,data\cache\clean\test\imagen3_Imagen3_3747\noise_s0.1.jpg
sidset_full_synthetic_001692,noise_s0.1,sidset,full_synthetic,1,0.06519488990306854,data\cache\clean\test\sidset_full_synthetic_001692\noise_s0.1.jpg
sidset_full_synthetic_003475,noise_s0.1,sidset,full_synthetic,1,0.020785052329301834,data\cache\clean\test\sidset_full_synthetic_003475\noise_s0.1.jpg
sidset_full_synthetic_005710,noise_s0.1,sidset,full_synthetic,1,0.4474423825740814,data\cache\clean\test\sidset_full_synthetic_005710\noise_s0.1.jpg
sidset_full_synthetic_033528,noise_s0.1,sidset,full_synthetic,1,0.012427160516381264,data\cache\clean\test\sidset_full_synthetic_033528\noise_s0.1.jpg
sidset_full_synthetic_033729,noise_s0.1,sidset,full_synthetic,1,0.40670785307884216,data\cache\clean\test\sidset_full_synthetic_033729\noise_s0.1.jpg
sidset_full_synthetic_040891,noise_s0.1,sidset,full_synthetic,1,0.012097376398742199,data\cache\clean\test\sidset_full_synthetic_040891\noise_s0.1.jpg
sidset_full_synthetic_042089,noise_s0.1,sidset,full_synthetic,1,0.050655316561460495,data\cache\clean\test\sidset_full_synthetic_042089\noise_s0.1.jpg
sidset_full_synthetic_053723,noise_s0.1,sidset,full_synthetic,1,0.45425504446029663,data\cache\clean\test\sidset_full_synthetic_053723\noise_s0.1.jpg
sidset_full_synthetic_063062,noise_s0.1,sidset,full_synthetic,1,0.4051375985145569,data\cache\clean\test\sidset_full_synthetic_063062\noise_s0.1.jpg
stylegan_xl_0097a2e24789bc7a,noise_s0.1,stylegan_xl,stylegan_xl,1,0.028018368408083916,data\cache\clean\test\stylegan_xl_0097a2e24789bc7a\noise_s0.1.jpg
stylegan_xl_00a4591cf03df584,noise_s0.1,stylegan_xl,stylegan_xl,1,0.0008715399890206754,data\cache\clean\test\stylegan_xl_00a4591cf03df584\noise_s0.1.jpg
stylegan_xl_031391f1ab18ab62,noise_s0.1,stylegan_xl,stylegan_xl,1,0.048195820301771164,data\cache\clean\test\stylegan_xl_031391f1ab18ab62\noise_s0.1.jpg
stylegan_xl_0f7efa4c31bcd8f4,noise_s0.1,stylegan_xl,stylegan_xl,1,0.04499082639813423,data\cache\clean\test\stylegan_xl_0f7efa4c31bcd8f4\noise_s0.1.jpg
stylegan_xl_1060d58257bc5130,noise_s0.1,stylegan_xl,stylegan_xl,1,0.0028923768550157547,data\cache\clean\test\stylegan_xl_1060d58257bc5130\noise_s0.1.jpg
stylegan_xl_17f8bf0ef8d2f478,noise_s0.1,stylegan_xl,stylegan_xl,1,0.32428207993507385,data\cache\clean\test\stylegan_xl_17f8bf0ef8d2f478\noise_s0.1.jpg
stylegan_xl_2013fe0d44f84041,noise_s0.1,stylegan_xl,stylegan_xl,1,0.00016259262338280678,data\cache\clean\test\stylegan_xl_2013fe0d44f84041\noise_s0.1.jpg
stylegan_xl_3621cf0be1fc8d68,noise_s0.1,stylegan_xl,stylegan_xl,1,0.08951857686042786,data\cache\clean\test\stylegan_xl_3621cf0be1fc8d68\noise_s0.1.jpg
stylegan_xl_38c489e3b0d8c700,noise_s0.1,stylegan_xl,stylegan_xl,1,0.04724108800292015,data\cache\clean\test\stylegan_xl_38c489e3b0d8c700\noise_s0.1.jpg
stylegan_xl_3b5e18f8fc06450d,noise_s0.1,stylegan_xl,stylegan_xl,1,0.003564356127753854,data\cache\clean\test\stylegan_xl_3b5e18f8fc06450d\noise_s0.1.jpg
stylegan_xl_45081,noise_s0.1,stylegan_xl,stylegan_xl,1,0.09270041435956955,data\cache\clean\test\stylegan_xl_45081\noise_s0.1.jpg
stylegan_xl_45602,noise_s0.1,stylegan_xl,stylegan_xl,1,0.14762310683727264,data\cache\clean\test\stylegan_xl_45602\noise_s0.1.jpg
stylegan_xl_47343,noise_s0.1,stylegan_xl,stylegan_xl,1,0.019131457433104515,data\cache\clean\test\stylegan_xl_47343\noise_s0.1.jpg
stylegan_xl_48611,noise_s0.1,stylegan_xl,stylegan_xl,1,0.015255032107234001,data\cache\clean\test\stylegan_xl_48611\noise_s0.1.jpg
stylegan_xl_48906,noise_s0.1,stylegan_xl,stylegan_xl,1,0.12270121276378632,data\cache\clean\test\stylegan_xl_48906\noise_s0.1.jpg
stylegan_xl_4f991f9638e28675,noise_s0.1,stylegan_xl,stylegan_xl,1,0.02547278068959713,data\cache\clean\test\stylegan_xl_4f991f9638e28675\noise_s0.1.jpg
stylegan_xl_60ed9d3511d333bf,noise_s0.1,stylegan_xl,stylegan_xl,1,0.01665261946618557,data\cache\clean\test\stylegan_xl_60ed9d3511d333bf\noise_s0.1.jpg
stylegan_xl_729fee52c5b7f95b,noise_s0.1,stylegan_xl,stylegan_xl,1,0.09284207969903946,data\cache\clean\test\stylegan_xl_729fee52c5b7f95b\noise_s0.1.jpg
stylegan_xl_7d433e90bcd7bd53,noise_s0.1,stylegan_xl,stylegan_xl,1,0.0014285184442996979,data\cache\clean\test\stylegan_xl_7d433e90bcd7bd53\noise_s0.1.jpg
stylegan_xl_7ffebe6032f8209f,noise_s0.1,stylegan_xl,stylegan_xl,1,0.029539957642555237,data\cache\clean\test\stylegan_xl_7ffebe6032f8209f\noise_s0.1.jpg
stylegan_xl_80fc8be6e7c11eb3,noise_s0.1,stylegan_xl,stylegan_xl,1,0.004755023866891861,data\cache\clean\test\stylegan_xl_80fc8be6e7c11eb3\noise_s0.1.jpg
stylegan_xl_8f9dfd75dde8914f,noise_s0.1,stylegan_xl,stylegan_xl,1,0.16438508033752441,data\cache\clean\test\stylegan_xl_8f9dfd75dde8914f\noise_s0.1.jpg
stylegan_xl_a1ed16fffc5ecb68,noise_s0.1,stylegan_xl,stylegan_xl,1,0.026645924896001816,data\cache\clean\test\stylegan_xl_a1ed16fffc5ecb68\noise_s0.1.jpg
stylegan_xl_a72f3ace10a8f550,noise_s0.1,stylegan_xl,stylegan_xl,1,0.044627707451581955,data\cache\clean\test\stylegan_xl_a72f3ace10a8f550\noise_s0.1.jpg
stylegan_xl_b6abe358484b287a,noise_s0.1,stylegan_xl,stylegan_xl,1,0.08981543779373169,data\cache\clean\test\stylegan_xl_b6abe358484b287a\noise_s0.1.jpg
stylegan_xl_bd69757ff485d03e,noise_s0.1,stylegan_xl,stylegan_xl,1,0.14795763790607452,data\cache\clean\test\stylegan_xl_bd69757ff485d03e\noise_s0.1.jpg
stylegan_xl_cccbc1d57a7e095e,noise_s0.1,stylegan_xl,stylegan_xl,1,0.05377240106463432,data\cache\clean\test\stylegan_xl_cccbc1d57a7e095e\noise_s0.1.jpg
stylegan_xl_cf9c332a1ebfb587,noise_s0.1,stylegan_xl,stylegan_xl,1,0.33199214935302734,data\cache\clean\test\stylegan_xl_cf9c332a1ebfb587\noise_s0.1.jpg
stylegan_xl_d7c4ece8c8a01de0,noise_s0.1,stylegan_xl,stylegan_xl,1,0.003138320054858923,data\cache\clean\test\stylegan_xl_d7c4ece8c8a01de0\noise_s0.1.jpg
stylegan_xl_e4b8e7ef72cabaf2,noise_s0.1,stylegan_xl,stylegan_xl,1,0.14938697218894958,data\cache\clean\test\stylegan_xl_e4b8e7ef72cabaf2\noise_s0.1.jpg
stylegan_xl_fef6a66b8deaa7ab,noise_s0.1,stylegan_xl,stylegan_xl,1,0.002092588460072875,data\cache\clean\test\stylegan_xl_fef6a66b8deaa7ab\noise_s0.1.jpg
cifake_1028 (10),resize_0.25,cifake,stable_diffusion,1,0.08642259240150452,data\cache\clean\test\cifake_1028 (10)\resize_0.25.jpg
cifake_1088 (3),resize_0.25,cifake,stable_diffusion,1,0.4058758020401001,data\cache\clean\test\cifake_1088 (3)\resize_0.25.jpg
cifake_1867 (9),resize_0.25,cifake,stable_diffusion,1,0.35621511936187744,data\cache\clean\test\cifake_1867 (9)\resize_0.25.jpg
cifake_2293 (9),resize_0.25,cifake,stable_diffusion,1,0.04482077807188034,data\cache\clean\test\cifake_2293 (9)\resize_0.25.jpg
cifake_4221 (2),resize_0.25,cifake,stable_diffusion,1,0.014117149636149406,data\cache\clean\test\cifake_4221 (2)\resize_0.25.jpg
cifake_4615 (3),resize_0.25,cifake,stable_diffusion,1,0.3531001806259155,data\cache\clean\test\cifake_4615 (3)\resize_0.25.jpg
cifake_5607 (3),resize_0.25,cifake,stable_diffusion,1,0.1096082404255867,data\cache\clean\test\cifake_5607 (3)\resize_0.25.jpg
cifake_5943 (10),resize_0.25,cifake,stable_diffusion,1,0.1397247463464737,data\cache\clean\test\cifake_5943 (10)\resize_0.25.jpg
dalle_10420,resize_0.25,dalle,dalle,1,0.0021640746854245663,data\cache\clean\test\dalle_10420\resize_0.25.jpg
dalle_18943,resize_0.25,dalle,dalle,1,0.35632967948913574,data\cache\clean\test\dalle_18943\resize_0.25.jpg
dalle_1895b86b74caac5dad51022c3d3b33df,resize_0.25,dalle,dalle,1,0.04999464750289917,data\cache\clean\test\dalle_1895b86b74caac5dad51022c3d3b33df\resize_0.25.jpg
dalle_19590,resize_0.25,dalle,dalle,1,0.01700418069958687,data\cache\clean\test\dalle_19590\resize_0.25.jpg
dalle_19962,resize_0.25,dalle,dalle,1,0.01151820458471775,data\cache\clean\test\dalle_19962\resize_0.25.jpg
dalle_20080,resize_0.25,dalle,dalle,1,0.29335179924964905,data\cache\clean\test\dalle_20080\resize_0.25.jpg
dalle_24299,resize_0.25,dalle,dalle,1,0.2948152720928192,data\cache\clean\test\dalle_24299\resize_0.25.jpg
dalle_26611,resize_0.25,dalle,dalle,1,0.0141674829646945,data\cache\clean\test\dalle_26611\resize_0.25.jpg
dalle_27029,resize_0.25,dalle,dalle,1,0.2207125574350357,data\cache\clean\test\dalle_27029\resize_0.25.jpg
dalle_33159,resize_0.25,dalle,dalle,1,0.4181678593158722,data\cache\clean\test\dalle_33159\resize_0.25.jpg
dalle_3469,resize_0.25,dalle,dalle,1,0.48508089780807495,data\cache\clean\test\dalle_3469\resize_0.25.jpg
dalle_36430,resize_0.25,dalle,dalle,1,0.4412226378917694,data\cache\clean\test\dalle_36430\resize_0.25.jpg
dalle_39539,resize_0.25,dalle,dalle,1,0.33519142866134644,data\cache\clean\test\dalle_39539\resize_0.25.jpg
dalle_40387,resize_0.25,dalle,dalle,1,0.04806661233305931,data\cache\clean\test\dalle_40387\resize_0.25.jpg
dalle_41791,resize_0.25,dalle,dalle,1,0.03894312307238579,data\cache\clean\test\dalle_41791\resize_0.25.jpg
dalle_41855,resize_0.25,dalle,dalle,1,0.1396479606628418,data\cache\clean\test\dalle_41855\resize_0.25.jpg
dalle_568,resize_0.25,dalle,dalle,1,0.4490288496017456,data\cache\clean\test\dalle_568\resize_0.25.jpg
dalle_6481,resize_0.25,dalle,dalle,1,0.28041523694992065,data\cache\clean\test\dalle_6481\resize_0.25.jpg
dalle_6f0f61883f111368d770c54801f33449,resize_0.25,dalle,dalle,1,0.001719241263344884,data\cache\clean\test\dalle_6f0f61883f111368d770c54801f33449\resize_0.25.jpg
dalle_7419,resize_0.25,dalle,dalle,1,0.4240175187587738,data\cache\clean\test\dalle_7419\resize_0.25.jpg
dalle_8017,resize_0.25,dalle,dalle,1,0.00915285013616085,data\cache\clean\test\dalle_8017\resize_0.25.jpg
dalle_9068,resize_0.25,dalle,dalle,1,0.03378058969974518,data\cache\clean\test\dalle_9068\resize_0.25.jpg
gigagan_02115,resize_0.25,gigagan,gigagan,1,0.4048413038253784,data\cache\clean\test\gigagan_02115\resize_0.25.jpg
gigagan_02490,resize_0.25,gigagan,gigagan,1,0.059901636093854904,data\cache\clean\test\gigagan_02490\resize_0.25.jpg
gigagan_03263,resize_0.25,gigagan,gigagan,1,0.09680745750665665,data\cache\clean\test\gigagan_03263\resize_0.25.jpg
gigagan_03860,resize_0.25,gigagan,gigagan,1,0.0996081531047821,data\cache\clean\test\gigagan_03860\resize_0.25.jpg
gigagan_05061,resize_0.25,gigagan,gigagan,1,0.26036080718040466,data\cache\clean\test\gigagan_05061\resize_0.25.jpg
gigagan_05645,resize_0.25,gigagan,gigagan,1,0.15031151473522186,data\cache\clean\test\gigagan_05645\resize_0.25.jpg
gigagan_05738,resize_0.25,gigagan,gigagan,1,0.03761684522032738,data\cache\clean\test\gigagan_05738\resize_0.25.jpg
gigagan_05849,resize_0.25,gigagan,gigagan,1,0.08842726051807404,data\cache\clean\test\gigagan_05849\resize_0.25.jpg
gigagan_06526,resize_0.25,gigagan,gigagan,1,0.4832732081413269,data\cache\clean\test\gigagan_06526\resize_0.25.jpg
gigagan_06628,resize_0.25,gigagan,gigagan,1,0.10288883000612259,data\cache\clean\test\gigagan_06628\resize_0.25.jpg
gigagan_07350,resize_0.25,gigagan,gigagan,1,0.03566397726535797,data\cache\clean\test\gigagan_07350\resize_0.25.jpg
gigagan_07404,resize_0.25,gigagan,gigagan,1,0.37748754024505615,data\cache\clean\test\gigagan_07404\resize_0.25.jpg
gigagan_07676,resize_0.25,gigagan,gigagan,1,0.35120975971221924,data\cache\clean\test\gigagan_07676\resize_0.25.jpg
gigagan_07909,resize_0.25,gigagan,gigagan,1,0.07005038857460022,data\cache\clean\test\gigagan_07909\resize_0.25.jpg
gigagan_08351,resize_0.25,gigagan,gigagan,1,0.44991907477378845,data\cache\clean\test\gigagan_08351\resize_0.25.jpg
gigagan_08464,resize_0.25,gigagan,gigagan,1,0.11257659643888474,data\cache\clean\test\gigagan_08464\resize_0.25.jpg
gigagan_08561,resize_0.25,gigagan,gigagan,1,0.35296544432640076,data\cache\clean\test\gigagan_08561\resize_0.25.jpg
gigagan_09026,resize_0.25,gigagan,gigagan,1,0.030821509659290314,data\cache\clean\test\gigagan_09026\resize_0.25.jpg
gigagan_09302,resize_0.25,gigagan,gigagan,1,0.019884515553712845,data\cache\clean\test\gigagan_09302\resize_0.25.jpg
gigagan_10282,resize_0.25,gigagan,gigagan,1,0.406034916639328,data\cache\clean\test\gigagan_10282\resize_0.25.jpg
gigagan_10769,resize_0.25,gigagan,gigagan,1,0.01651582680642605,data\cache\clean\test\gigagan_10769\resize_0.25.jpg
gigagan_10914,resize_0.25,gigagan,gigagan,1,0.0011823311215266585,data\cache\clean\test\gigagan_10914\resize_0.25.jpg
gigagan_11176,resize_0.25,gigagan,gigagan,1,0.029470153152942657,data\cache\clean\test\gigagan_11176\resize_0.25.jpg
gigagan_12104,resize_0.25,gigagan,gigagan,1,0.11904726177453995,data\cache\clean\test\gigagan_12104\resize_0.25.jpg
gigagan_14071,resize_0.25,gigagan,gigagan,1,0.0007188507006503642,data\cache\clean\test\gigagan_14071\resize_0.25.jpg
gigagan_14909,resize_0.25,gigagan,gigagan,1,0.004040817264467478,data\cache\clean\test\gigagan_14909\resize_0.25.jpg
gigagan_15561,resize_0.25,gigagan,gigagan,1,0.05206480994820595,data\cache\clean\test\gigagan_15561\resize_0.25.jpg
gigagan_15949,resize_0.25,gigagan,gigagan,1,0.4083114266395569,data\cache\clean\test\gigagan_15949\resize_0.25.jpg
gigagan_16357,resize_0.25,gigagan,gigagan,1,0.030789194628596306,data\cache\clean\test\gigagan_16357\resize_0.25.jpg
gigagan_16966,resize_0.25,gigagan,gigagan,1,0.03173279017210007,data\cache\clean\test\gigagan_16966\resize_0.25.jpg
gigagan_17057,resize_0.25,gigagan,gigagan,1,0.43415719270706177,data\cache\clean\test\gigagan_17057\resize_0.25.jpg
gigagan_17666,resize_0.25,gigagan,gigagan,1,0.1925041526556015,data\cache\clean\test\gigagan_17666\resize_0.25.jpg
gigagan_18085,resize_0.25,gigagan,gigagan,1,0.004857219289988279,data\cache\clean\test\gigagan_18085\resize_0.25.jpg
gigagan_18143,resize_0.25,gigagan,gigagan,1,0.48328110575675964,data\cache\clean\test\gigagan_18143\resize_0.25.jpg
gigagan_18704,resize_0.25,gigagan,gigagan,1,0.2598634958267212,data\cache\clean\test\gigagan_18704\resize_0.25.jpg
gigagan_19199,resize_0.25,gigagan,gigagan,1,0.005943728145211935,data\cache\clean\test\gigagan_19199\resize_0.25.jpg
gigagan_19248,resize_0.25,gigagan,gigagan,1,0.0313434824347496,data\cache\clean\test\gigagan_19248\resize_0.25.jpg
gigagan_19458,resize_0.25,gigagan,gigagan,1,0.0312433410435915,data\cache\clean\test\gigagan_19458\resize_0.25.jpg
gigagan_20207,resize_0.25,gigagan,gigagan,1,0.09066184610128403,data\cache\clean\test\gigagan_20207\resize_0.25.jpg
gigagan_20316,resize_0.25,gigagan,gigagan,1,0.28372785449028015,data\cache\clean\test\gigagan_20316\resize_0.25.jpg
gigagan_20327,resize_0.25,gigagan,gigagan,1,0.008553436025977135,data\cache\clean\test\gigagan_20327\resize_0.25.jpg
gigagan_20516,resize_0.25,gigagan,gigagan,1,0.42619413137435913,data\cache\clean\test\gigagan_20516\resize_0.25.jpg
gigagan_20756,resize_0.25,gigagan,gigagan,1,0.05295884236693382,data\cache\clean\test\gigagan_20756\resize_0.25.jpg
gigagan_20968,resize_0.25,gigagan,gigagan,1,0.05985013395547867,data\cache\clean\test\gigagan_20968\resize_0.25.jpg
gigagan_21116,resize_0.25,gigagan,gigagan,1,0.4000297486782074,data\cache\clean\test\gigagan_21116\resize_0.25.jpg
gigagan_21166,resize_0.25,gigagan,gigagan,1,0.018583476543426514,data\cache\clean\test\gigagan_21166\resize_0.25.jpg
gigagan_21244,resize_0.25,gigagan,gigagan,1,0.07970252633094788,data\cache\clean\test\gigagan_21244\resize_0.25.jpg
gigagan_21611,resize_0.25,gigagan,gigagan,1,0.08459073305130005,data\cache\clean\test\gigagan_21611\resize_0.25.jpg
gigagan_22418,resize_0.25,gigagan,gigagan,1,0.06271465122699738,data\cache\clean\test\gigagan_22418\resize_0.25.jpg
gigagan_22533,resize_0.25,gigagan,gigagan,1,0.4285840690135956,data\cache\clean\test\gigagan_22533\resize_0.25.jpg
gigagan_22770,resize_0.25,gigagan,gigagan,1,0.010634143836796284,data\cache\clean\test\gigagan_22770\resize_0.25.jpg
gigagan_23134,resize_0.25,gigagan,gigagan,1,3.197497790097259e-05,data\cache\clean\test\gigagan_23134\resize_0.25.jpg
gigagan_23834,resize_0.25,gigagan,gigagan,1,0.042910780757665634,data\cache\clean\test\gigagan_23834\resize_0.25.jpg
gigagan_24445,resize_0.25,gigagan,gigagan,1,0.036002207547426224,data\cache\clean\test\gigagan_24445\resize_0.25.jpg
gigagan_24679,resize_0.25,gigagan,gigagan,1,0.03968559205532074,data\cache\clean\test\gigagan_24679\resize_0.25.jpg
gigagan_24726,resize_0.25,gigagan,gigagan,1,0.10388733446598053,data\cache\clean\test\gigagan_24726\resize_0.25.jpg
gigagan_24933,resize_0.25,gigagan,gigagan,1,0.06162556633353233,data\cache\clean\test\gigagan_24933\resize_0.25.jpg
gigagan_25002,resize_0.25,gigagan,gigagan,1,0.23678091168403625,data\cache\clean\test\gigagan_25002\resize_0.25.jpg
gigagan_25090,resize_0.25,gigagan,gigagan,1,0.003694881685078144,data\cache\clean\test\gigagan_25090\resize_0.25.jpg
gigagan_25801,resize_0.25,gigagan,gigagan,1,0.31123366951942444,data\cache\clean\test\gigagan_25801\resize_0.25.jpg
gigagan_26067,resize_0.25,gigagan,gigagan,1,0.037332501262426376,data\cache\clean\test\gigagan_26067\resize_0.25.jpg
gigagan_26681,resize_0.25,gigagan,gigagan,1,0.45398107171058655,data\cache\clean\test\gigagan_26681\resize_0.25.jpg
gigagan_28336,resize_0.25,gigagan,gigagan,1,0.02170226350426674,data\cache\clean\test\gigagan_28336\resize_0.25.jpg
gigagan_28900,resize_0.25,gigagan,gigagan,1,0.17289775609970093,data\cache\clean\test\gigagan_28900\resize_0.25.jpg
gigagan_29456,resize_0.25,gigagan,gigagan,1,0.06552208960056305,data\cache\clean\test\gigagan_29456\resize_0.25.jpg
imagen3_045e6da6fd7f6fb0,resize_0.25,imagen3,imagen3,1,0.006591519806534052,data\cache\clean\test\imagen3_045e6da6fd7f6fb0\resize_0.25.jpg
imagen3_13ed1f9391224848,resize_0.25,imagen3,imagen3,1,0.03913773596286774,data\cache\clean\test\imagen3_13ed1f9391224848\resize_0.25.jpg
imagen3_15ae6310fb427bba,resize_0.25,imagen3,imagen3,1,0.4025728106498718,data\cache\clean\test\imagen3_15ae6310fb427bba\resize_0.25.jpg
imagen3_17643da56f35c6f7,resize_0.25,imagen3,imagen3,1,0.0006184843950904906,data\cache\clean\test\imagen3_17643da56f35c6f7\resize_0.25.jpg
imagen3_24e64d19ddde11cb,resize_0.25,imagen3,imagen3,1,0.06783270090818405,data\cache\clean\test\imagen3_24e64d19ddde11cb\resize_0.25.jpg
imagen3_260ae6b06f1f50e2,resize_0.25,imagen3,imagen3,1,0.001306417747400701,data\cache\clean\test\imagen3_260ae6b06f1f50e2\resize_0.25.jpg
imagen3_2be4510162a8a76e,resize_0.25,imagen3,imagen3,1,0.00023939473612699658,data\cache\clean\test\imagen3_2be4510162a8a76e\resize_0.25.jpg
imagen3_3403b18fc93acbfc,resize_0.25,imagen3,imagen3,1,0.16332148015499115,data\cache\clean\test\imagen3_3403b18fc93acbfc\resize_0.25.jpg
imagen3_44015,resize_0.25,imagen3,imagen3,1,0.396080881357193,data\cache\clean\test\imagen3_44015\resize_0.25.jpg
imagen3_44075,resize_0.25,imagen3,imagen3,1,0.07738789916038513,data\cache\clean\test\imagen3_44075\resize_0.25.jpg
imagen3_44476,resize_0.25,imagen3,imagen3,1,0.044001705944538116,data\cache\clean\test\imagen3_44476\resize_0.25.jpg
imagen3_46922,resize_0.25,imagen3,imagen3,1,0.31510427594184875,data\cache\clean\test\imagen3_46922\resize_0.25.jpg
imagen3_473ffc5e3d5dc373,resize_0.25,imagen3,imagen3,1,0.0006529667880386114,data\cache\clean\test\imagen3_473ffc5e3d5dc373\resize_0.25.jpg
imagen3_52520,resize_0.25,imagen3,imagen3,1,0.1014075055718422,data\cache\clean\test\imagen3_52520\resize_0.25.jpg
imagen3_53632,resize_0.25,imagen3,imagen3,1,0.4825262129306793,data\cache\clean\test\imagen3_53632\resize_0.25.jpg
imagen3_5e95809bd47d157b,resize_0.25,imagen3,imagen3,1,0.01842201128602028,data\cache\clean\test\imagen3_5e95809bd47d157b\resize_0.25.jpg
imagen3_6a8270ea182a9194,resize_0.25,imagen3,imagen3,1,0.03943317383527756,data\cache\clean\test\imagen3_6a8270ea182a9194\resize_0.25.jpg
imagen3_6c7624322b04ce43,resize_0.25,imagen3,imagen3,1,0.015370910987257957,data\cache\clean\test\imagen3_6c7624322b04ce43\resize_0.25.jpg
imagen3_77fb2d4f372634f8,resize_0.25,imagen3,imagen3,1,0.021870693191885948,data\cache\clean\test\imagen3_77fb2d4f372634f8\resize_0.25.jpg
imagen3_7e3e1e738f642f1a,resize_0.25,imagen3,imagen3,1,0.34993308782577515,data\cache\clean\test\imagen3_7e3e1e738f642f1a\resize_0.25.jpg
imagen3_7ee1485909c59826,resize_0.25,imagen3,imagen3,1,0.041803028434515,data\cache\clean\test\imagen3_7ee1485909c59826\resize_0.25.jpg
imagen3_8b13dc3bff918841,resize_0.25,imagen3,imagen3,1,0.02959691360592842,data\cache\clean\test\imagen3_8b13dc3bff918841\resize_0.25.jpg
imagen3_8c20e4bf83ffff36,resize_0.25,imagen3,imagen3,1,0.07477740198373795,data\cache\clean\test\imagen3_8c20e4bf83ffff36\resize_0.25.jpg
imagen3_8e6f8acd28fd8f35,resize_0.25,imagen3,imagen3,1,0.04343244433403015,data\cache\clean\test\imagen3_8e6f8acd28fd8f35\resize_0.25.jpg
imagen3_9e82651e214a25c8,resize_0.25,imagen3,imagen3,1,0.2680952847003937,data\cache\clean\test\imagen3_9e82651e214a25c8\resize_0.25.jpg
imagen3_a1b5be9a5f0d1f7a,resize_0.25,imagen3,imagen3,1,0.11278746277093887,data\cache\clean\test\imagen3_a1b5be9a5f0d1f7a\resize_0.25.jpg
imagen3_ad860df8c2a1a848,resize_0.25,imagen3,imagen3,1,0.020089875906705856,data\cache\clean\test\imagen3_ad860df8c2a1a848\resize_0.25.jpg
imagen3_b69c9976ced306d1,resize_0.25,imagen3,imagen3,1,0.10055063664913177,data\cache\clean\test\imagen3_b69c9976ced306d1\resize_0.25.jpg
imagen3_ca44bb7db1e73a9a,resize_0.25,imagen3,imagen3,1,0.0020218577701598406,data\cache\clean\test\imagen3_ca44bb7db1e73a9a\resize_0.25.jpg
imagen3_d326e7c87fb1d966,resize_0.25,imagen3,imagen3,1,0.17566676437854767,data\cache\clean\test\imagen3_d326e7c87fb1d966\resize_0.25.jpg
imagen3_e63f3b6f8bdee43a,resize_0.25,imagen3,imagen3,1,0.07814541459083557,data\cache\clean\test\imagen3_e63f3b6f8bdee43a\resize_0.25.jpg
imagen3_eaf94916ce926270,resize_0.25,imagen3,imagen3,1,0.37182363867759705,data\cache\clean\test\imagen3_eaf94916ce926270\resize_0.25.jpg
imagen3_f2da05bffbe27dab,resize_0.25,imagen3,imagen3,1,0.1607067883014679,data\cache\clean\test\imagen3_f2da05bffbe27dab\resize_0.25.jpg
imagen3_fd568a2839353a92,resize_0.25,imagen3,imagen3,1,0.45320701599121094,data\cache\clean\test\imagen3_fd568a2839353a92\resize_0.25.jpg
imagen3_fe7048efd51b15b8,resize_0.25,imagen3,imagen3,1,0.011871173046529293,data\cache\clean\test\imagen3_fe7048efd51b15b8\resize_0.25.jpg
imagen3_Imagen3_1208,resize_0.25,imagen3,imagen3,1,0.013219356536865234,data\cache\clean\test\imagen3_Imagen3_1208\resize_0.25.jpg
imagen3_Imagen3_2403,resize_0.25,imagen3,imagen3,1,0.1545577496290207,data\cache\clean\test\imagen3_Imagen3_2403\resize_0.25.jpg
imagen3_Imagen3_3085,resize_0.25,imagen3,imagen3,1,0.37027105689048767,data\cache\clean\test\imagen3_Imagen3_3085\resize_0.25.jpg
imagen3_Imagen3_3097,resize_0.25,imagen3,imagen3,1,0.08660408854484558,data\cache\clean\test\imagen3_Imagen3_3097\resize_0.25.jpg
sidset_full_synthetic_005710,resize_0.25,sidset,full_synthetic,1,0.0870160460472107,data\cache\clean\test\sidset_full_synthetic_005710\resize_0.25.jpg
sidset_full_synthetic_033528,resize_0.25,sidset,full_synthetic,1,0.002619930310174823,data\cache\clean\test\sidset_full_synthetic_033528\resize_0.25.jpg
sidset_full_synthetic_042089,resize_0.25,sidset,full_synthetic,1,0.2572735548019409,data\cache\clean\test\sidset_full_synthetic_042089\resize_0.25.jpg
sidset_full_synthetic_048809,resize_0.25,sidset,full_synthetic,1,0.3363930583000183,data\cache\clean\test\sidset_full_synthetic_048809\resize_0.25.jpg
stylegan_xl_0097a2e24789bc7a,resize_0.25,stylegan_xl,stylegan_xl,1,0.016135793179273605,data\cache\clean\test\stylegan_xl_0097a2e24789bc7a\resize_0.25.jpg
stylegan_xl_00a4591cf03df584,resize_0.25,stylegan_xl,stylegan_xl,1,0.00031063862843438983,data\cache\clean\test\stylegan_xl_00a4591cf03df584\resize_0.25.jpg
stylegan_xl_031391f1ab18ab62,resize_0.25,stylegan_xl,stylegan_xl,1,0.015148958191275597,data\cache\clean\test\stylegan_xl_031391f1ab18ab62\resize_0.25.jpg
stylegan_xl_0a4244f8a9185bad,resize_0.25,stylegan_xl,stylegan_xl,1,0.37957963347435,data\cache\clean\test\stylegan_xl_0a4244f8a9185bad\resize_0.25.jpg
stylegan_xl_0f7efa4c31bcd8f4,resize_0.25,stylegan_xl,stylegan_xl,1,0.016443563625216484,data\cache\clean\test\stylegan_xl_0f7efa4c31bcd8f4\resize_0.25.jpg
stylegan_xl_1060d58257bc5130,resize_0.25,stylegan_xl,stylegan_xl,1,0.001427763025276363,data\cache\clean\test\stylegan_xl_1060d58257bc5130\resize_0.25.jpg
stylegan_xl_1440252ff76f525f,resize_0.25,stylegan_xl,stylegan_xl,1,0.4648085832595825,data\cache\clean\test\stylegan_xl_1440252ff76f525f\resize_0.25.jpg
stylegan_xl_2013fe0d44f84041,resize_0.25,stylegan_xl,stylegan_xl,1,3.081550676142797e-05,data\cache\clean\test\stylegan_xl_2013fe0d44f84041\resize_0.25.jpg
stylegan_xl_23273,resize_0.25,stylegan_xl,stylegan_xl,1,0.28735941648483276,data\cache\clean\test\stylegan_xl_23273\resize_0.25.jpg
stylegan_xl_324e332686aa6966,resize_0.25,stylegan_xl,stylegan_xl,1,0.20653867721557617,data\cache\clean\test\stylegan_xl_324e332686aa6966\resize_0.25.jpg
stylegan_xl_3621cf0be1fc8d68,resize_0.25,stylegan_xl,stylegan_xl,1,0.2367781400680542,data\cache\clean\test\stylegan_xl_3621cf0be1fc8d68\resize_0.25.jpg
stylegan_xl_38c489e3b0d8c700,resize_0.25,stylegan_xl,stylegan_xl,1,0.3681095838546753,data\cache\clean\test\stylegan_xl_38c489e3b0d8c700\resize_0.25.jpg
stylegan_xl_3b5e18f8fc06450d,resize_0.25,stylegan_xl,stylegan_xl,1,0.010126792825758457,data\cache\clean\test\stylegan_xl_3b5e18f8fc06450d\resize_0.25.jpg
stylegan_xl_45081,resize_0.25,stylegan_xl,stylegan_xl,1,0.0013489093398675323,data\cache\clean\test\stylegan_xl_45081\resize_0.25.jpg
stylegan_xl_45602,resize_0.25,stylegan_xl,stylegan_xl,1,0.06200816109776497,data\cache\clean\test\stylegan_xl_45602\resize_0.25.jpg
stylegan_xl_47014,resize_0.25,stylegan_xl,stylegan_xl,1,0.13060429692268372,data\cache\clean\test\stylegan_xl_47014\resize_0.25.jpg
stylegan_xl_47343,resize_0.25,stylegan_xl,stylegan_xl,1,0.005610047373920679,data\cache\clean\test\stylegan_xl_47343\resize_0.25.jpg
stylegan_xl_48611,resize_0.25,stylegan_xl,stylegan_xl,1,0.018873324617743492,data\cache\clean\test\stylegan_xl_48611\resize_0.25.jpg
stylegan_xl_49074,resize_0.25,stylegan_xl,stylegan_xl,1,0.22180552780628204,data\cache\clean\test\stylegan_xl_49074\resize_0.25.jpg
stylegan_xl_4f991f9638e28675,resize_0.25,stylegan_xl,stylegan_xl,1,0.0021022912114858627,data\cache\clean\test\stylegan_xl_4f991f9638e28675\resize_0.25.jpg
stylegan_xl_50731,resize_0.25,stylegan_xl,stylegan_xl,1,0.3952854573726654,data\cache\clean\test\stylegan_xl_50731\resize_0.25.jpg
stylegan_xl_548aed682dc65ef2,resize_0.25,stylegan_xl,stylegan_xl,1,0.38923683762550354,data\cache\clean\test\stylegan_xl_548aed682dc65ef2\resize_0.25.jpg
stylegan_xl_60ed9d3511d333bf,resize_0.25,stylegan_xl,stylegan_xl,1,0.011961436830461025,data\cache\clean\test\stylegan_xl_60ed9d3511d333bf\resize_0.25.jpg
stylegan_xl_729fee52c5b7f95b,resize_0.25,stylegan_xl,stylegan_xl,1,0.20379355549812317,data\cache\clean\test\stylegan_xl_729fee52c5b7f95b\resize_0.25.jpg
stylegan_xl_7d433e90bcd7bd53,resize_0.25,stylegan_xl,stylegan_xl,1,0.015507533214986324,data\cache\clean\test\stylegan_xl_7d433e90bcd7bd53\resize_0.25.jpg
stylegan_xl_7ffebe6032f8209f,resize_0.25,stylegan_xl,stylegan_xl,1,0.059796690940856934,data\cache\clean\test\stylegan_xl_7ffebe6032f8209f\resize_0.25.jpg
stylegan_xl_80fc8be6e7c11eb3,resize_0.25,stylegan_xl,stylegan_xl,1,0.05912734940648079,data\cache\clean\test\stylegan_xl_80fc8be6e7c11eb3\resize_0.25.jpg
stylegan_xl_8f9dfd75dde8914f,resize_0.25,stylegan_xl,stylegan_xl,1,0.3408448100090027,data\cache\clean\test\stylegan_xl_8f9dfd75dde8914f\resize_0.25.jpg
stylegan_xl_a10d4a733f4df420,resize_0.25,stylegan_xl,stylegan_xl,1,0.028470147401094437,data\cache\clean\test\stylegan_xl_a10d4a733f4df420\resize_0.25.jpg
stylegan_xl_a1ed16fffc5ecb68,resize_0.25,stylegan_xl,stylegan_xl,1,0.06078079342842102,data\cache\clean\test\stylegan_xl_a1ed16fffc5ecb68\resize_0.25.jpg
stylegan_xl_a72f3ace10a8f550,resize_0.25,stylegan_xl,stylegan_xl,1,0.0042557246051728725,data\cache\clean\test\stylegan_xl_a72f3ace10a8f550\resize_0.25.jpg
stylegan_xl_b6abe358484b287a,resize_0.25,stylegan_xl,stylegan_xl,1,0.16822881996631622,data\cache\clean\test\stylegan_xl_b6abe358484b287a\resize_0.25.jpg
stylegan_xl_bd69757ff485d03e,resize_0.25,stylegan_xl,stylegan_xl,1,0.35035452246665955,data\cache\clean\test\stylegan_xl_bd69757ff485d03e\resize_0.25.jpg
stylegan_xl_cccbc1d57a7e095e,resize_0.25,stylegan_xl,stylegan_xl,1,0.03937692195177078,data\cache\clean\test\stylegan_xl_cccbc1d57a7e095e\resize_0.25.jpg
stylegan_xl_cf9c332a1ebfb587,resize_0.25,stylegan_xl,stylegan_xl,1,0.040259163826704025,data\cache\clean\test\stylegan_xl_cf9c332a1ebfb587\resize_0.25.jpg
stylegan_xl_d7c4ece8c8a01de0,resize_0.25,stylegan_xl,stylegan_xl,1,0.006306528113782406,data\cache\clean\test\stylegan_xl_d7c4ece8c8a01de0\resize_0.25.jpg
stylegan_xl_e4b8e7ef72cabaf2,resize_0.25,stylegan_xl,stylegan_xl,1,0.06549618393182755,data\cache\clean\test\stylegan_xl_e4b8e7ef72cabaf2\resize_0.25.jpg
stylegan_xl_fef6a66b8deaa7ab,resize_0.25,stylegan_xl,stylegan_xl,1,0.013143802992999554,data\cache\clean\test\stylegan_xl_fef6a66b8deaa7ab\resize_0.25.jpg
cifake_1028 (10),resize_0.5,cifake,stable_diffusion,1,0.09755028039216995,data\cache\clean\test\cifake_1028 (10)\resize_0.5.jpg
cifake_1088 (3),resize_0.5,cifake,stable_diffusion,1,0.3361518085002899,data\cache\clean\test\cifake_1088 (3)\resize_0.5.jpg
cifake_1867 (9),resize_0.5,cifake,stable_diffusion,1,0.28575634956359863,data\cache\clean\test\cifake_1867 (9)\resize_0.5.jpg
cifake_2293 (9),resize_0.5,cifake,stable_diffusion,1,0.04096361622214317,data\cache\clean\test\cifake_2293 (9)\resize_0.5.jpg
cifake_4221 (2),resize_0.5,cifake,stable_diffusion,1,0.01519810315221548,data\cache\clean\test\cifake_4221 (2)\resize_0.5.jpg
cifake_4615 (3),resize_0.5,cifake,stable_diffusion,1,0.14250145852565765,data\cache\clean\test\cifake_4615 (3)\resize_0.5.jpg
cifake_5607 (3),resize_0.5,cifake,stable_diffusion,1,0.22560682892799377,data\cache\clean\test\cifake_5607 (3)\resize_0.5.jpg
cifake_5943 (10),resize_0.5,cifake,stable_diffusion,1,0.31390804052352905,data\cache\clean\test\cifake_5943 (10)\resize_0.5.jpg
cifake_771 (8),resize_0.5,cifake,stable_diffusion,1,0.2714378237724304,data\cache\clean\test\cifake_771 (8)\resize_0.5.jpg
dalle_10420,resize_0.5,dalle,dalle,1,0.00262192590162158,data\cache\clean\test\dalle_10420\resize_0.5.jpg
dalle_13108,resize_0.5,dalle,dalle,1,0.2436942160129547,data\cache\clean\test\dalle_13108\resize_0.5.jpg
dalle_1895b86b74caac5dad51022c3d3b33df,resize_0.5,dalle,dalle,1,0.005682551767677069,data\cache\clean\test\dalle_1895b86b74caac5dad51022c3d3b33df\resize_0.5.jpg
dalle_19590,resize_0.5,dalle,dalle,1,0.055936310440301895,data\cache\clean\test\dalle_19590\resize_0.5.jpg
dalle_19962,resize_0.5,dalle,dalle,1,0.0677722916007042,data\cache\clean\test\dalle_19962\resize_0.5.jpg
dalle_23768,resize_0.5,dalle,dalle,1,0.42816561460494995,data\cache\clean\test\dalle_23768\resize_0.5.jpg
dalle_26611,resize_0.5,dalle,dalle,1,0.1101248636841774,data\cache\clean\test\dalle_26611\resize_0.5.jpg
dalle_27029,resize_0.5,dalle,dalle,1,0.17784206569194794,data\cache\clean\test\dalle_27029\resize_0.5.jpg
dalle_33159,resize_0.5,dalle,dalle,1,0.4969841241836548,data\cache\clean\test\dalle_33159\resize_0.5.jpg
dalle_3469,resize_0.5,dalle,dalle,1,0.49057140946388245,data\cache\clean\test\dalle_3469\resize_0.5.jpg
dalle_40387,resize_0.5,dalle,dalle,1,0.3831067681312561,data\cache\clean\test\dalle_40387\resize_0.5.jpg
dalle_41791,resize_0.5,dalle,dalle,1,0.06277535110712051,data\cache\clean\test\dalle_41791\resize_0.5.jpg
dalle_568,resize_0.5,dalle,dalle,1,0.36241742968559265,data\cache\clean\test\dalle_568\resize_0.5.jpg
dalle_6f0f61883f111368d770c54801f33449,resize_0.5,dalle,dalle,1,0.00033179225283674896,data\cache\clean\test\dalle_6f0f61883f111368d770c54801f33449\resize_0.5.jpg
dalle_8017,resize_0.5,dalle,dalle,1,0.006282080430537462,data\cache\clean\test\dalle_8017\resize_0.5.jpg
dalle_9068,resize_0.5,dalle,dalle,1,0.0030434669461101294,data\cache\clean\test\dalle_9068\resize_0.5.jpg
gigagan_02115,resize_0.5,gigagan,gigagan,1,0.15032245218753815,data\cache\clean\test\gigagan_02115\resize_0.5.jpg
gigagan_03860,resize_0.5,gigagan,gigagan,1,0.05351032316684723,data\cache\clean\test\gigagan_03860\resize_0.5.jpg
gigagan_05061,resize_0.5,gigagan,gigagan,1,0.25180813670158386,data\cache\clean\test\gigagan_05061\resize_0.5.jpg
gigagan_05645,resize_0.5,gigagan,gigagan,1,0.06621725857257843,data\cache\clean\test\gigagan_05645\resize_0.5.jpg
gigagan_05738,resize_0.5,gigagan,gigagan,1,0.14796295762062073,data\cache\clean\test\gigagan_05738\resize_0.5.jpg
gigagan_06628,resize_0.5,gigagan,gigagan,1,0.11947561800479889,data\cache\clean\test\gigagan_06628\resize_0.5.jpg
gigagan_07350,resize_0.5,gigagan,gigagan,1,0.016059590503573418,data\cache\clean\test\gigagan_07350\resize_0.5.jpg
gigagan_07909,resize_0.5,gigagan,gigagan,1,0.06871497631072998,data\cache\clean\test\gigagan_07909\resize_0.5.jpg
gigagan_08464,resize_0.5,gigagan,gigagan,1,0.22400875389575958,data\cache\clean\test\gigagan_08464\resize_0.5.jpg
gigagan_09026,resize_0.5,gigagan,gigagan,1,0.07985915243625641,data\cache\clean\test\gigagan_09026\resize_0.5.jpg
gigagan_09302,resize_0.5,gigagan,gigagan,1,0.007487356662750244,data\cache\clean\test\gigagan_09302\resize_0.5.jpg
gigagan_09458,resize_0.5,gigagan,gigagan,1,0.4525628983974457,data\cache\clean\test\gigagan_09458\resize_0.5.jpg
gigagan_10769,resize_0.5,gigagan,gigagan,1,0.011693020351231098,data\cache\clean\test\gigagan_10769\resize_0.5.jpg
gigagan_10914,resize_0.5,gigagan,gigagan,1,0.0010431092232465744,data\cache\clean\test\gigagan_10914\resize_0.5.jpg
gigagan_11176,resize_0.5,gigagan,gigagan,1,0.08611876517534256,data\cache\clean\test\gigagan_11176\resize_0.5.jpg
gigagan_12104,resize_0.5,gigagan,gigagan,1,0.39605528116226196,data\cache\clean\test\gigagan_12104\resize_0.5.jpg
gigagan_14071,resize_0.5,gigagan,gigagan,1,0.0007370937964878976,data\cache\clean\test\gigagan_14071\resize_0.5.jpg
gigagan_14138,resize_0.5,gigagan,gigagan,1,0.4823039174079895,data\cache\clean\test\gigagan_14138\resize_0.5.jpg
gigagan_14909,resize_0.5,gigagan,gigagan,1,0.004618879873305559,data\cache\clean\test\gigagan_14909\resize_0.5.jpg
gigagan_15561,resize_0.5,gigagan,gigagan,1,0.04681364819407463,data\cache\clean\test\gigagan_15561\resize_0.5.jpg
gigagan_16357,resize_0.5,gigagan,gigagan,1,0.010943111963570118,data\cache\clean\test\gigagan_16357\resize_0.5.jpg
gigagan_16966,resize_0.5,gigagan,gigagan,1,0.019315535202622414,data\cache\clean\test\gigagan_16966\resize_0.5.jpg
gigagan_17057,resize_0.5,gigagan,gigagan,1,0.4432967007160187,data\cache\clean\test\gigagan_17057\resize_0.5.jpg
gigagan_17666,resize_0.5,gigagan,gigagan,1,0.33160921931266785,data\cache\clean\test\gigagan_17666\resize_0.5.jpg
gigagan_18037,resize_0.5,gigagan,gigagan,1,0.4048009216785431,data\cache\clean\test\gigagan_18037\resize_0.5.jpg
gigagan_18085,resize_0.5,gigagan,gigagan,1,0.004316845443099737,data\cache\clean\test\gigagan_18085\resize_0.5.jpg
gigagan_18143,resize_0.5,gigagan,gigagan,1,0.4972302317619324,data\cache\clean\test\gigagan_18143\resize_0.5.jpg
gigagan_19199,resize_0.5,gigagan,gigagan,1,0.005721119698137045,data\cache\clean\test\gigagan_19199\resize_0.5.jpg
gigagan_19248,resize_0.5,gigagan,gigagan,1,0.4673328697681427,data\cache\clean\test\gigagan_19248\resize_0.5.jpg
gigagan_19458,resize_0.5,gigagan,gigagan,1,0.11451241374015808,data\cache\clean\test\gigagan_19458\resize_0.5.jpg
gigagan_20207,resize_0.5,gigagan,gigagan,1,0.06915207207202911,data\cache\clean\test\gigagan_20207\resize_0.5.jpg
gigagan_20327,resize_0.5,gigagan,gigagan,1,0.003854160662740469,data\cache\clean\test\gigagan_20327\resize_0.5.jpg
gigagan_20516,resize_0.5,gigagan,gigagan,1,0.43848347663879395,data\cache\clean\test\gigagan_20516\resize_0.5.jpg
gigagan_20968,resize_0.5,gigagan,gigagan,1,0.29797908663749695,data\cache\clean\test\gigagan_20968\resize_0.5.jpg
gigagan_21166,resize_0.5,gigagan,gigagan,1,0.4440789222717285,data\cache\clean\test\gigagan_21166\resize_0.5.jpg
gigagan_21244,resize_0.5,gigagan,gigagan,1,0.10408003628253937,data\cache\clean\test\gigagan_21244\resize_0.5.jpg
gigagan_21611,resize_0.5,gigagan,gigagan,1,0.11707475036382675,data\cache\clean\test\gigagan_21611\resize_0.5.jpg
gigagan_22418,resize_0.5,gigagan,gigagan,1,0.02894023433327675,data\cache\clean\test\gigagan_22418\resize_0.5.jpg
gigagan_22533,resize_0.5,gigagan,gigagan,1,0.21585695445537567,data\cache\clean\test\gigagan_22533\resize_0.5.jpg
gigagan_22770,resize_0.5,gigagan,gigagan,1,0.01332877203822136,data\cache\clean\test\gigagan_22770\resize_0.5.jpg
gigagan_23134,resize_0.5,gigagan,gigagan,1,9.933265573636163e-06,data\cache\clean\test\gigagan_23134\resize_0.5.jpg
gigagan_23834,resize_0.5,gigagan,gigagan,1,0.026896268129348755,data\cache\clean\test\gigagan_23834\resize_0.5.jpg
gigagan_24445,resize_0.5,gigagan,gigagan,1,0.0679124966263771,data\cache\clean\test\gigagan_24445\resize_0.5.jpg
gigagan_24679,resize_0.5,gigagan,gigagan,1,0.021857567131519318,data\cache\clean\test\gigagan_24679\resize_0.5.jpg
gigagan_24933,resize_0.5,gigagan,gigagan,1,0.10088694840669632,data\cache\clean\test\gigagan_24933\resize_0.5.jpg
gigagan_25090,resize_0.5,gigagan,gigagan,1,0.002052801661193371,data\cache\clean\test\gigagan_25090\resize_0.5.jpg
gigagan_26067,resize_0.5,gigagan,gigagan,1,0.08999215811491013,data\cache\clean\test\gigagan_26067\resize_0.5.jpg
gigagan_27033,resize_0.5,gigagan,gigagan,1,0.2186993658542633,data\cache\clean\test\gigagan_27033\resize_0.5.jpg
gigagan_28336,resize_0.5,gigagan,gigagan,1,0.12274115532636642,data\cache\clean\test\gigagan_28336\resize_0.5.jpg
gigagan_28900,resize_0.5,gigagan,gigagan,1,0.14158035814762115,data\cache\clean\test\gigagan_28900\resize_0.5.jpg
gigagan_29456,resize_0.5,gigagan,gigagan,1,0.17735730111598969,data\cache\clean\test\gigagan_29456\resize_0.5.jpg
imagen3_045e6da6fd7f6fb0,resize_0.5,imagen3,imagen3,1,0.0010554237524047494,data\cache\clean\test\imagen3_045e6da6fd7f6fb0\resize_0.5.jpg
imagen3_13ed1f9391224848,resize_0.5,imagen3,imagen3,1,0.02950526960194111,data\cache\clean\test\imagen3_13ed1f9391224848\resize_0.5.jpg
imagen3_17643da56f35c6f7,resize_0.5,imagen3,imagen3,1,0.0003335769579280168,data\cache\clean\test\imagen3_17643da56f35c6f7\resize_0.5.jpg
imagen3_17919c9ffd792ad9,resize_0.5,imagen3,imagen3,1,0.23566076159477234,data\cache\clean\test\imagen3_17919c9ffd792ad9\resize_0.5.jpg
imagen3_24e64d19ddde11cb,resize_0.5,imagen3,imagen3,1,0.05088594928383827,data\cache\clean\test\imagen3_24e64d19ddde11cb\resize_0.5.jpg
imagen3_260ae6b06f1f50e2,resize_0.5,imagen3,imagen3,1,0.0003444789326749742,data\cache\clean\test\imagen3_260ae6b06f1f50e2\resize_0.5.jpg
imagen3_2be4510162a8a76e,resize_0.5,imagen3,imagen3,1,3.246740743634291e-05,data\cache\clean\test\imagen3_2be4510162a8a76e\resize_0.5.jpg
imagen3_3403b18fc93acbfc,resize_0.5,imagen3,imagen3,1,0.011907827109098434,data\cache\clean\test\imagen3_3403b18fc93acbfc\resize_0.5.jpg
imagen3_44075,resize_0.5,imagen3,imagen3,1,0.12978871166706085,data\cache\clean\test\imagen3_44075\resize_0.5.jpg
imagen3_44476,resize_0.5,imagen3,imagen3,1,0.02597959153354168,data\cache\clean\test\imagen3_44476\resize_0.5.jpg
imagen3_46922,resize_0.5,imagen3,imagen3,1,0.059827983379364014,data\cache\clean\test\imagen3_46922\resize_0.5.jpg
imagen3_473ffc5e3d5dc373,resize_0.5,imagen3,imagen3,1,5.424688060884364e-05,data\cache\clean\test\imagen3_473ffc5e3d5dc373\resize_0.5.jpg
imagen3_51659,resize_0.5,imagen3,imagen3,1,0.17551292479038239,data\cache\clean\test\imagen3_51659\resize_0.5.jpg
imagen3_52520,resize_0.5,imagen3,imagen3,1,0.11434583365917206,data\cache\clean\test\imagen3_52520\resize_0.5.jpg
imagen3_560ead164dab63a5,resize_0.5,imagen3,imagen3,1,0.36403945088386536,data\cache\clean\test\imagen3_560ead164dab63a5\resize_0.5.jpg
imagen3_5e95809bd47d157b,resize_0.5,imagen3,imagen3,1,0.023966040462255478,data\cache\clean\test\imagen3_5e95809bd47d157b\resize_0.5.jpg
imagen3_6a8270ea182a9194,resize_0.5,imagen3,imagen3,1,0.0041482229717075825,data\cache\clean\test\imagen3_6a8270ea182a9194\resize_0.5.jpg
imagen3_6c7624322b04ce43,resize_0.5,imagen3,imagen3,1,0.02307659201323986,data\cache\clean\test\imagen3_6c7624322b04ce43\resize_0.5.jpg
imagen3_77fb2d4f372634f8,resize_0.5,imagen3,imagen3,1,0.026568610221147537,data\cache\clean\test\imagen3_77fb2d4f372634f8\resize_0.5.jpg
imagen3_7e3e1e738f642f1a,resize_0.5,imagen3,imagen3,1,0.3035396337509155,data\cache\clean\test\imagen3_7e3e1e738f642f1a\resize_0.5.jpg
imagen3_7ee1485909c59826,resize_0.5,imagen3,imagen3,1,0.01726003736257553,data\cache\clean\test\imagen3_7ee1485909c59826\resize_0.5.jpg
imagen3_8b13dc3bff918841,resize_0.5,imagen3,imagen3,1,0.1932959258556366,data\cache\clean\test\imagen3_8b13dc3bff918841\resize_0.5.jpg
imagen3_8c20e4bf83ffff36,resize_0.5,imagen3,imagen3,1,0.06304696947336197,data\cache\clean\test\imagen3_8c20e4bf83ffff36\resize_0.5.jpg
imagen3_8e6f8acd28fd8f35,resize_0.5,imagen3,imagen3,1,0.09335698932409286,data\cache\clean\test\imagen3_8e6f8acd28fd8f35\resize_0.5.jpg
imagen3_9e82651e214a25c8,resize_0.5,imagen3,imagen3,1,0.14549940824508667,data\cache\clean\test\imagen3_9e82651e214a25c8\resize_0.5.jpg
imagen3_a1b5be9a5f0d1f7a,resize_0.5,imagen3,imagen3,1,0.2717169523239136,data\cache\clean\test\imagen3_a1b5be9a5f0d1f7a\resize_0.5.jpg
imagen3_ad860df8c2a1a848,resize_0.5,imagen3,imagen3,1,0.01300692930817604,data\cache\clean\test\imagen3_ad860df8c2a1a848\resize_0.5.jpg
imagen3_b69c9976ced306d1,resize_0.5,imagen3,imagen3,1,0.03807804360985756,data\cache\clean\test\imagen3_b69c9976ced306d1\resize_0.5.jpg
imagen3_ca44bb7db1e73a9a,resize_0.5,imagen3,imagen3,1,0.001040276838466525,data\cache\clean\test\imagen3_ca44bb7db1e73a9a\resize_0.5.jpg
imagen3_d326e7c87fb1d966,resize_0.5,imagen3,imagen3,1,0.18422995507717133,data\cache\clean\test\imagen3_d326e7c87fb1d966\resize_0.5.jpg
imagen3_e63f3b6f8bdee43a,resize_0.5,imagen3,imagen3,1,0.2299918383359909,data\cache\clean\test\imagen3_e63f3b6f8bdee43a\resize_0.5.jpg
imagen3_eaf94916ce926270,resize_0.5,imagen3,imagen3,1,0.14428114891052246,data\cache\clean\test\imagen3_eaf94916ce926270\resize_0.5.jpg
imagen3_f2da05bffbe27dab,resize_0.5,imagen3,imagen3,1,0.07836048305034637,data\cache\clean\test\imagen3_f2da05bffbe27dab\resize_0.5.jpg
imagen3_Imagen3_1208,resize_0.5,imagen3,imagen3,1,0.004335843492299318,data\cache\clean\test\imagen3_Imagen3_1208\resize_0.5.jpg
imagen3_Imagen3_2403,resize_0.5,imagen3,imagen3,1,0.1684504598379135,data\cache\clean\test\imagen3_Imagen3_2403\resize_0.5.jpg
imagen3_Imagen3_3085,resize_0.5,imagen3,imagen3,1,0.44968459010124207,data\cache\clean\test\imagen3_Imagen3_3085\resize_0.5.jpg
imagen3_Imagen3_3097,resize_0.5,imagen3,imagen3,1,0.03296820819377899,data\cache\clean\test\imagen3_Imagen3_3097\resize_0.5.jpg
sidset_full_synthetic_005710,resize_0.5,sidset,full_synthetic,1,0.1252235472202301,data\cache\clean\test\sidset_full_synthetic_005710\resize_0.5.jpg
sidset_full_synthetic_033528,resize_0.5,sidset,full_synthetic,1,0.0017756830202415586,data\cache\clean\test\sidset_full_synthetic_033528\resize_0.5.jpg
sidset_full_synthetic_042089,resize_0.5,sidset,full_synthetic,1,0.35575318336486816,data\cache\clean\test\sidset_full_synthetic_042089\resize_0.5.jpg
stylegan_xl_0097a2e24789bc7a,resize_0.5,stylegan_xl,stylegan_xl,1,0.003933426458388567,data\cache\clean\test\stylegan_xl_0097a2e24789bc7a\resize_0.5.jpg
stylegan_xl_00a4591cf03df584,resize_0.5,stylegan_xl,stylegan_xl,1,0.00015168203390203416,data\cache\clean\test\stylegan_xl_00a4591cf03df584\resize_0.5.jpg
stylegan_xl_031391f1ab18ab62,resize_0.5,stylegan_xl,stylegan_xl,1,0.037790168076753616,data\cache\clean\test\stylegan_xl_031391f1ab18ab62\resize_0.5.jpg
stylegan_xl_0a4244f8a9185bad,resize_0.5,stylegan_xl,stylegan_xl,1,0.2835214138031006,data\cache\clean\test\stylegan_xl_0a4244f8a9185bad\resize_0.5.jpg
stylegan_xl_0f7efa4c31bcd8f4,resize_0.5,stylegan_xl,stylegan_xl,1,0.013001843355596066,data\cache\clean\test\stylegan_xl_0f7efa4c31bcd8f4\resize_0.5.jpg
stylegan_xl_1060d58257bc5130,resize_0.5,stylegan_xl,stylegan_xl,1,0.000536952808033675,data\cache\clean\test\stylegan_xl_1060d58257bc5130\resize_0.5.jpg
stylegan_xl_1440252ff76f525f,resize_0.5,stylegan_xl,stylegan_xl,1,0.3192293643951416,data\cache\clean\test\stylegan_xl_1440252ff76f525f\resize_0.5.jpg
stylegan_xl_17f8bf0ef8d2f478,resize_0.5,stylegan_xl,stylegan_xl,1,0.4714537262916565,data\cache\clean\test\stylegan_xl_17f8bf0ef8d2f478\resize_0.5.jpg
stylegan_xl_2013fe0d44f84041,resize_0.5,stylegan_xl,stylegan_xl,1,3.581631972338073e-05,data\cache\clean\test\stylegan_xl_2013fe0d44f84041\resize_0.5.jpg
stylegan_xl_324e332686aa6966,resize_0.5,stylegan_xl,stylegan_xl,1,0.11545737087726593,data\cache\clean\test\stylegan_xl_324e332686aa6966\resize_0.5.jpg
stylegan_xl_3621cf0be1fc8d68,resize_0.5,stylegan_xl,stylegan_xl,1,0.16615915298461914,data\cache\clean\test\stylegan_xl_3621cf0be1fc8d68\resize_0.5.jpg
stylegan_xl_38c489e3b0d8c700,resize_0.5,stylegan_xl,stylegan_xl,1,0.05171972140669823,data\cache\clean\test\stylegan_xl_38c489e3b0d8c700\resize_0.5.jpg
stylegan_xl_3b5e18f8fc06450d,resize_0.5,stylegan_xl,stylegan_xl,1,0.008158301003277302,data\cache\clean\test\stylegan_xl_3b5e18f8fc06450d\resize_0.5.jpg
stylegan_xl_44451,resize_0.5,stylegan_xl,stylegan_xl,1,0.2166755348443985,data\cache\clean\test\stylegan_xl_44451\resize_0.5.jpg
stylegan_xl_45081,resize_0.5,stylegan_xl,stylegan_xl,1,0.0013799327425658703,data\cache\clean\test\stylegan_xl_45081\resize_0.5.jpg
stylegan_xl_45602,resize_0.5,stylegan_xl,stylegan_xl,1,0.04819323495030403,data\cache\clean\test\stylegan_xl_45602\resize_0.5.jpg
stylegan_xl_47014,resize_0.5,stylegan_xl,stylegan_xl,1,0.15667250752449036,data\cache\clean\test\stylegan_xl_47014\resize_0.5.jpg
stylegan_xl_47343,resize_0.5,stylegan_xl,stylegan_xl,1,0.004409104119986296,data\cache\clean\test\stylegan_xl_47343\resize_0.5.jpg
stylegan_xl_48611,resize_0.5,stylegan_xl,stylegan_xl,1,0.008428776636719704,data\cache\clean\test\stylegan_xl_48611\resize_0.5.jpg
stylegan_xl_49074,resize_0.5,stylegan_xl,stylegan_xl,1,0.17754706740379333,data\cache\clean\test\stylegan_xl_49074\resize_0.5.jpg
stylegan_xl_4f991f9638e28675,resize_0.5,stylegan_xl,stylegan_xl,1,0.0017391002038493752,data\cache\clean\test\stylegan_xl_4f991f9638e28675\resize_0.5.jpg
stylegan_xl_50731,resize_0.5,stylegan_xl,stylegan_xl,1,0.34809985756874084,data\cache\clean\test\stylegan_xl_50731\resize_0.5.jpg
stylegan_xl_60ed9d3511d333bf,resize_0.5,stylegan_xl,stylegan_xl,1,0.0193281639367342,data\cache\clean\test\stylegan_xl_60ed9d3511d333bf\resize_0.5.jpg
stylegan_xl_65bb283a1280639e,resize_0.5,stylegan_xl,stylegan_xl,1,0.39605095982551575,data\cache\clean\test\stylegan_xl_65bb283a1280639e\resize_0.5.jpg
stylegan_xl_729fee52c5b7f95b,resize_0.5,stylegan_xl,stylegan_xl,1,0.17972083389759064,data\cache\clean\test\stylegan_xl_729fee52c5b7f95b\resize_0.5.jpg
stylegan_xl_7d433e90bcd7bd53,resize_0.5,stylegan_xl,stylegan_xl,1,0.0028065182268619537,data\cache\clean\test\stylegan_xl_7d433e90bcd7bd53\resize_0.5.jpg
stylegan_xl_7ffebe6032f8209f,resize_0.5,stylegan_xl,stylegan_xl,1,0.06474227458238602,data\cache\clean\test\stylegan_xl_7ffebe6032f8209f\resize_0.5.jpg
stylegan_xl_80fc8be6e7c11eb3,resize_0.5,stylegan_xl,stylegan_xl,1,0.017982201650738716,data\cache\clean\test\stylegan_xl_80fc8be6e7c11eb3\resize_0.5.jpg
stylegan_xl_8461b1ae87c22c20,resize_0.5,stylegan_xl,stylegan_xl,1,0.08856426179409027,data\cache\clean\test\stylegan_xl_8461b1ae87c22c20\resize_0.5.jpg
stylegan_xl_8f9dfd75dde8914f,resize_0.5,stylegan_xl,stylegan_xl,1,0.17877653241157532,data\cache\clean\test\stylegan_xl_8f9dfd75dde8914f\resize_0.5.jpg
stylegan_xl_a10d4a733f4df420,resize_0.5,stylegan_xl,stylegan_xl,1,0.05678574740886688,data\cache\clean\test\stylegan_xl_a10d4a733f4df420\resize_0.5.jpg
stylegan_xl_a1ed16fffc5ecb68,resize_0.5,stylegan_xl,stylegan_xl,1,0.02351425774395466,data\cache\clean\test\stylegan_xl_a1ed16fffc5ecb68\resize_0.5.jpg
stylegan_xl_a72f3ace10a8f550,resize_0.5,stylegan_xl,stylegan_xl,1,0.0051782927475869656,data\cache\clean\test\stylegan_xl_a72f3ace10a8f550\resize_0.5.jpg
stylegan_xl_b6abe358484b287a,resize_0.5,stylegan_xl,stylegan_xl,1,0.045957665890455246,data\cache\clean\test\stylegan_xl_b6abe358484b287a\resize_0.5.jpg
stylegan_xl_bd69757ff485d03e,resize_0.5,stylegan_xl,stylegan_xl,1,0.0989612340927124,data\cache\clean\test\stylegan_xl_bd69757ff485d03e\resize_0.5.jpg
stylegan_xl_cccbc1d57a7e095e,resize_0.5,stylegan_xl,stylegan_xl,1,0.02462967485189438,data\cache\clean\test\stylegan_xl_cccbc1d57a7e095e\resize_0.5.jpg
stylegan_xl_cf9c332a1ebfb587,resize_0.5,stylegan_xl,stylegan_xl,1,0.028679855167865753,data\cache\clean\test\stylegan_xl_cf9c332a1ebfb587\resize_0.5.jpg
stylegan_xl_d7c4ece8c8a01de0,resize_0.5,stylegan_xl,stylegan_xl,1,0.011380534619092941,data\cache\clean\test\stylegan_xl_d7c4ece8c8a01de0\resize_0.5.jpg
stylegan_xl_e4b8e7ef72cabaf2,resize_0.5,stylegan_xl,stylegan_xl,1,0.049166854470968246,data\cache\clean\test\stylegan_xl_e4b8e7ef72cabaf2\resize_0.5.jpg
stylegan_xl_fef6a66b8deaa7ab,resize_0.5,stylegan_xl,stylegan_xl,1,0.0019996396731585264,data\cache\clean\test\stylegan_xl_fef6a66b8deaa7ab\resize_0.5.jpg
