img_id,variant,source_dataset,generator_family,label,prob,path
cifake_0085,clean,cifake,real,0,0.810663640499115,data\cache\clean\test\cifake_0085\clean.jpg
cifake_0089 (3),clean,cifake,real,0,0.7388664484024048,data\cache\clean\test\cifake_0089 (3)\clean.jpg
cifake_0176 (2),clean,cifake,real,0,0.7070069909095764,data\cache\clean\test\cifake_0176 (2)\clean.jpg
cifake_0325 (7),clean,cifake,real,0,0.73919677734375,data\cache\clean\test\cifake_0325 (7)\clean.jpg
cifake_0343 (6),clean,cifake,real,0,0.8808169364929199,data\cache\clean\test\cifake_0343 (6)\clean.jpg
cifake_0567,clean,cifake,real,0,0.6157644391059875,data\cache\clean\test\cifake_0567\clean.jpg
cifake_0618 (3),clean,cifake,real,0,0.7171329259872437,data\cache\clean\test\cifake_0618 (3)\clean.jpg
cifake_0625 (2),clean,cifake,real,0,0.511451005935669,data\cache\clean\test\cifake_0625 (2)\clean.jpg
cifake_0793,clean,cifake,real,0,0.9320712685585022,data\cache\clean\test\cifake_0793\clean.jpg
cifake_0967 (9),clean,cifake,real,0,0.9113613963127136,data\cache\clean\test\cifake_0967 (9)\clean.jpg
cifake_1139,clean,cifake,real,0,0.9299729466438293,data\cache\clean\test\cifake_1139\clean.jpg
cifake_1306 (9),clean,cifake,real,0,0.5435171723365784,data\cache\clean\test\cifake_1306 (9)\clean.jpg
cifake_1308 (6),clean,cifake,real,0,0.8084822297096252,data\cache\clean\test\cifake_1308 (6)\clean.jpg
cifake_1427,clean,cifake,real,0,0.876480221748352,data\cache\clean\test\cifake_1427\clean.jpg
cifake_1974,clean,cifake,real,0,0.8228683471679688,data\cache\clean\test\cifake_1974\clean.jpg
cifake_2122,clean,cifake,real,0,0.9997856020927429,data\cache\clean\test\cifake_2122\clean.jpg
cifake_2500 (3),clean,cifake,real,0,0.9518411159515381,data\cache\clean\test\cifake_2500 (3)\clean.jpg
cifake_2660,clean,cifake,real,0,0.9697073101997375,data\cache\clean\test\cifake_2660\clean.jpg
cifake_2998 (7),clean,cifake,real,0,0.7735129594802856,data\cache\clean\test\cifake_2998 (7)\clean.jpg
cifake_3129 (9),clean,cifake,real,0,0.7728109359741211,data\cache\clean\test\cifake_3129 (9)\clean.jpg
cifake_3891 (3),clean,cifake,real,0,0.7320115566253662,data\cache\clean\test\cifake_3891 (3)\clean.jpg
cifake_4369,clean,cifake,real,0,0.904488205909729,data\cache\clean\test\cifake_4369\clean.jpg
cifake_4592 (10),clean,cifake,real,0,0.882893979549408,data\cache\clean\test\cifake_4592 (10)\clean.jpg
cifake_4660 (5),clean,cifake,real,0,0.9963383674621582,data\cache\clean\test\cifake_4660 (5)\clean.jpg
cifake_4673 (5),clean,cifake,real,0,0.8432132005691528,data\cache\clean\test\cifake_4673 (5)\clean.jpg
sidset_01cfa603553a1a45,clean,sidset,real,0,0.622639536857605,data\cache\clean\test\sidset_01cfa603553a1a45\clean.jpg
sidset_036df955965cb2f9,clean,sidset,real,0,0.8955698013305664,data\cache\clean\test\sidset_036df955965cb2f9\clean.jpg
sidset_038789965a8f7606,clean,sidset,real,0,0.9908381104469299,data\cache\clean\test\sidset_038789965a8f7606\clean.jpg
sidset_04c57e00f9d1b966,clean,sidset,real,0,0.7299948334693909,data\cache\clean\test\sidset_04c57e00f9d1b966\clean.jpg
sidset_09e779f2616dde26,clean,sidset,real,0,0.8266136646270752,data\cache\clean\test\sidset_09e779f2616dde26\clean.jpg
sidset_0c4df6f098aebb13,clean,sidset,real,0,0.5442285537719727,data\cache\clean\test\sidset_0c4df6f098aebb13\clean.jpg
sidset_0f8102c25fc764ea,clean,sidset,real,0,0.9799894690513611,data\cache\clean\test\sidset_0f8102c25fc764ea\clean.jpg
sidset_137115a40fe7347b,clean,sidset,real,0,0.6498122811317444,data\cache\clean\test\sidset_137115a40fe7347b\clean.jpg
sidset_1409961a28ec7db5,clean,sidset,real,0,0.9678463339805603,data\cache\clean\test\sidset_1409961a28ec7db5\clean.jpg
sidset_14312756c1c94efa,clean,sidset,real,0,0.9606755375862122,data\cache\clean\test\sidset_14312756c1c94efa\clean.jpg
sidset_1577f06c8ee59ef0,clean,sidset,real,0,0.7175767421722412,data\cache\clean\test\sidset_1577f06c8ee59ef0\clean.jpg
sidset_19a1dd0dde3ed26c,clean,sidset,real,0,0.8378220796585083,data\cache\clean\test\sidset_19a1dd0dde3ed26c\clean.jpg
sidset_1b20d1ec3fd5a56f,clean,sidset,real,0,0.8768609762191772,data\cache\clean\test\sidset_1b20d1ec3fd5a56f\clean.jpg
sidset_1d24e17c0f598d7a,clean,sidset,real,0,0.9629443883895874,data\cache\clean\test\sidset_1d24e17c0f598d7a\clean.jpg
sidset_1d49d26ca0273da6,clean,sidset,real,0,0.9999243021011353,data\cache\clean\test\sidset_1d49d26ca0273da6\clean.jpg
sidset_230a893e83782a7f,clean,sidset,real,0,0.9259600043296814,data\cache\clean\test\sidset_230a893e83782a7f\clean.jpg
sidset_333b018473a06c71,clean,sidset,real,0,0.6401457786560059,data\cache\clean\test\sidset_333b018473a06c71\clean.jpg
sidset_3beca4d6152a4aa5,clean,sidset,real,0,0.9531120657920837,data\cache\clean\test\sidset_3beca4d6152a4aa5\clean.jpg
sidset_3fbc4c1574ef987d,clean,sidset,real,0,0.6091071367263794,data\cache\clean\test\sidset_3fbc4c1574ef987d\clean.jpg
sidset_405f8f3229fd3f3a,clean,sidset,real,0,0.6911066770553589,data\cache\clean\test\sidset_405f8f3229fd3f3a\clean.jpg
sidset_4566671bd4a332e8,clean,sidset,real,0,0.9387780427932739,data\cache\clean\test\sidset_4566671bd4a332e8\clean.jpg
sidset_45a6cb8b20ae57d2,clean,sidset,real,0,0.9809243679046631,data\cache\clean\test\sidset_45a6cb8b20ae57d2\clean.jpg
sidset_51655a8a28f25f11,clean,sidset,real,0,0.982174277305603,data\cache\clean\test\sidset_51655a8a28f25f11\clean.jpg
sidset_523fede5def083dd,clean,sidset,real,0,0.8240764737129211,data\cache\clean\test\sidset_523fede5def083dd\clean.jpg
sidset_52bf81b2d7f84101,clean,sidset,real,0,0.9867572784423828,data\cache\clean\test\sidset_52bf81b2d7f84101\clean.jpg
sidset_55ed6c0bbd54e07d,clean,sidset,real,0,0.932508647441864,data\cache\clean\test\sidset_55ed6c0bbd54e07d\clean.jpg
sidset_59e78921fe0be3d3,clean,sidset,real,0,0.8761278390884399,data\cache\clean\test\sidset_59e78921fe0be3d3\clean.jpg
sidset_59fe7b3f437e993b,clean,sidset,real,0,0.6965312957763672,data\cache\clean\test\sidset_59fe7b3f437e993b\clean.jpg
sidset_5a165a26bf8ca4be,clean,sidset,real,0,0.7345069050788879,data\cache\clean\test\sidset_5a165a26bf8ca4be\clean.jpg
sidset_5b8f12b78d13bfcd,clean,sidset,real,0,0.992741048336029,data\cache\clean\test\sidset_5b8f12b78d13bfcd\clean.jpg
sidset_5ba522a91162ae70,clean,sidset,real,0,0.9999923706054688,data\cache\clean\test\sidset_5ba522a91162ae70\clean.jpg
sidset_5fd49a9afbba9bd6,clean,sidset,real,0,0.954057514667511,data\cache\clean\test\sidset_5fd49a9afbba9bd6\clean.jpg
sidset_6064863bdd6ff466,clean,sidset,real,0,0.719386637210846,data\cache\clean\test\sidset_6064863bdd6ff466\clean.jpg
sidset_615f67f3acd96d5c,clean,sidset,real,0,0.539479672908783,data\cache\clean\test\sidset_615f67f3acd96d5c\clean.jpg
sidset_62d3110113ec4633,clean,sidset,real,0,0.9622145891189575,data\cache\clean\test\sidset_62d3110113ec4633\clean.jpg
sidset_65d4916b9f3f47ba,clean,sidset,real,0,0.5200363397598267,data\cache\clean\test\sidset_65d4916b9f3f47ba\clean.jpg
sidset_660fbbd053050f25,clean,sidset,real,0,0.8004737496376038,data\cache\clean\test\sidset_660fbbd053050f25\clean.jpg
sidset_6729908303ffe2ce,clean,sidset,real,0,0.9783434271812439,data\cache\clean\test\sidset_6729908303ffe2ce\clean.jpg
sidset_67e679dca692a59d,clean,sidset,real,0,0.9532493948936462,data\cache\clean\test\sidset_67e679dca692a59d\clean.jpg
sidset_68f0479b7dde7700,clean,sidset,real,0,0.557873010635376,data\cache\clean\test\sidset_68f0479b7dde7700\clean.jpg
sidset_6a9b88d93d860623,clean,sidset,real,0,0.7429278492927551,data\cache\clean\test\sidset_6a9b88d93d860623\clean.jpg
sidset_6ae976e8966ec975,clean,sidset,real,0,0.86210697889328,data\cache\clean\test\sidset_6ae976e8966ec975\clean.jpg
sidset_6b7167d906f4ff1f,clean,sidset,real,0,0.7094938158988953,data\cache\clean\test\sidset_6b7167d906f4ff1f\clean.jpg
sidset_6b8ac1d4f89a0ffa,clean,sidset,real,0,0.8550633192062378,data\cache\clean\test\sidset_6b8ac1d4f89a0ffa\clean.jpg
sidset_715f3c6fc6f7ef1f,clean,sidset,real,0,0.7564412951469421,data\cache\clean\test\sidset_715f3c6fc6f7ef1f\clean.jpg
sidset_759a21da57c25774,clean,sidset,real,0,0.9941158294677734,data\cache\clean\test\sidset_759a21da57c25774\clean.jpg
sidset_7974984b83c15934,clean,sidset,real,0,0.8453468680381775,data\cache\clean\test\sidset_7974984b83c15934\clean.jpg
sidset_7b550aceb5ec111f,clean,sidset,real,0,0.836347222328186,data\cache\clean\test\sidset_7b550aceb5ec111f\clean.jpg
sidset_7c1fff13774e270c,clean,sidset,real,0,0.9917569756507874,data\cache\clean\test\sidset_7c1fff13774e270c\clean.jpg
sidset_7d3102cbae765943,clean,sidset,real,0,0.8270506262779236,data\cache\clean\test\sidset_7d3102cbae765943\clean.jpg
sidset_7e06c24631cbe6ed,clean,sidset,real,0,0.6525796055793762,data\cache\clean\test\sidset_7e06c24631cbe6ed\clean.jpg
sidset_7f1ce0ac000e1d6c,clean,sidset,real,0,0.8909197449684143,data\cache\clean\test\sidset_7f1ce0ac000e1d6c\clean.jpg
sidset_832e43df048c6d1a,clean,sidset,real,0,0.9065346121788025,data\cache\clean\test\sidset_832e43df048c6d1a\clean.jpg
sidset_8619862cda88466c,clean,sidset,real,0,0.7681933641433716,data\cache\clean\test\sidset_8619862cda88466c\clean.jpg
sidset_8865c586ab64c0f9,clean,sidset,real,0,0.7204535603523254,data\cache\clean\test\sidset_8865c586ab64c0f9\clean.jpg
sidset_8c3549f9f22a8f34,clean,sidset,real,0,0.9993546605110168,data\cache\clean\test\sidset_8c3549f9f22a8f34\clean.jpg
sidset_918190e0dd7fc829,clean,sidset,real,0,0.994990885257721,data\cache\clean\test\sidset_918190e0dd7fc829\clean.jpg
sidset_9548acaeca2f5124,clean,sidset,real,0,0.7768317461013794,data\cache\clean\test\sidset_9548acaeca2f5124\clean.jpg
sidset_9811f04611ad082c,clean,sidset,real,0,0.920097827911377,data\cache\clean\test\sidset_9811f04611ad082c\clean.jpg
sidset_995429a562f1aed2,clean,sidset,real,0,0.9990515112876892,data\cache\clean\test\sidset_995429a562f1aed2\clean.jpg
sidset_9ad980e066bd4c5e,clean,sidset,real,0,0.7339847087860107,data\cache\clean\test\sidset_9ad980e066bd4c5e\clean.jpg
sidset_9b5464ba8debcd10,clean,sidset,real,0,0.6290013790130615,data\cache\clean\test\sidset_9b5464ba8debcd10\clean.jpg
sidset_9bd8ecc186d59fe9,clean,sidset,real,0,0.5068116784095764,data\cache\clean\test\sidset_9bd8ecc186d59fe9\clean.jpg
sidset_9e2a9b16ff46f867,clean,sidset,real,0,0.9900672435760498,data\cache\clean\test\sidset_9e2a9b16ff46f867\clean.jpg
sidset_a02993bbac9bbcb4,clean,sidset,real,0,0.9714531898498535,data\cache\clean\test\sidset_a02993bbac9bbcb4\clean.jpg
sidset_a09d0102c68de8b5,clean,sidset,real,0,0.5183480978012085,data\cache\clean\test\sidset_a09d0102c68de8b5\clean.jpg
sidset_a4268c0135ca2c65,clean,sidset,real,0,0.9990732669830322,data\cache\clean\test\sidset_a4268c0135ca2c65\clean.jpg
sidset_a429805728e89e7d,clean,sidset,real,0,0.8894959688186646,data\cache\clean\test\sidset_a429805728e89e7d\clean.jpg
sidset_a8ad741ef85002f3,clean,sidset,real,0,0.919933557510376,data\cache\clean\test\sidset_a8ad741ef85002f3\clean.jpg
sidset_b230de6baca8d392,clean,sidset,real,0,0.9928817749023438,data\cache\clean\test\sidset_b230de6baca8d392\clean.jpg
sidset_b476dc9881140333,clean,sidset,real,0,0.7352882623672485,data\cache\clean\test\sidset_b476dc9881140333\clean.jpg
sidset_b4f4dcd2e7617eea,clean,sidset,real,0,0.7933644652366638,data\cache\clean\test\sidset_b4f4dcd2e7617eea\clean.jpg
sidset_bafdbc8a8d68c696,clean,sidset,real,0,0.6646331548690796,data\cache\clean\test\sidset_bafdbc8a8d68c696\clean.jpg
sidset_bc280ffeb57ce51b,clean,sidset,real,0,0.7673631906509399,data\cache\clean\test\sidset_bc280ffeb57ce51b\clean.jpg
sidset_bc70b06f0d603efd,clean,sidset,real,0,1.0,data\cache\clean\test\sidset_bc70b06f0d603efd\clean.jpg
sidset_bddc30edb2816122,clean,sidset,real,0,0.8869611620903015,data\cache\clean\test\sidset_bddc30edb2816122\clean.jpg
sidset_bf236ad30956e497,clean,sidset,real,0,0.7755039930343628,data\cache\clean\test\sidset_bf236ad30956e497\clean.jpg
sidset_bf7100f88bf3b0f3,clean,sidset,real,0,0.5843808054924011,data\cache\clean\test\sidset_bf7100f88bf3b0f3\clean.jpg
sidset_c2f7255d9f5d9469,clean,sidset,real,0,0.8377296328544617,data\cache\clean\test\sidset_c2f7255d9f5d9469\clean.jpg
sidset_c3c41d4a18529a16,clean,sidset,real,0,0.9357719421386719,data\cache\clean\test\sidset_c3c41d4a18529a16\clean.jpg
sidset_c47a1c5427ee9d26,clean,sidset,real,0,0.9183788299560547,data\cache\clean\test\sidset_c47a1c5427ee9d26\clean.jpg
sidset_c51e9f52ce3dbd67,clean,sidset,real,0,0.8177090287208557,data\cache\clean\test\sidset_c51e9f52ce3dbd67\clean.jpg
sidset_c5a378b0ea24d25e,clean,sidset,real,0,0.9103711843490601,data\cache\clean\test\sidset_c5a378b0ea24d25e\clean.jpg
sidset_c5f4e20e7d2e391c,clean,sidset,real,0,0.756300151348114,data\cache\clean\test\sidset_c5f4e20e7d2e391c\clean.jpg
sidset_c71adf7ec32fe698,clean,sidset,real,0,0.5747805833816528,data\cache\clean\test\sidset_c71adf7ec32fe698\clean.jpg
sidset_c90419b9eb89527a,clean,sidset,real,0,0.9906458854675293,data\cache\clean\test\sidset_c90419b9eb89527a\clean.jpg
sidset_cac550631e35c126,clean,sidset,real,0,0.9953567385673523,data\cache\clean\test\sidset_cac550631e35c126\clean.jpg
sidset_ce09a25a50fdfe47,clean,sidset,real,0,0.9568241238594055,data\cache\clean\test\sidset_ce09a25a50fdfe47\clean.jpg
sidset_cfa694ce3bb2538c,clean,sidset,real,0,0.7343835830688477,data\cache\clean\test\sidset_cfa694ce3bb2538c\clean.jpg
sidset_d0fea44f4c3d5825,clean,sidset,real,0,0.6786069869995117,data\cache\clean\test\sidset_d0fea44f4c3d5825\clean.jpg
sidset_d1bccd9512c32cdc,clean,sidset,real,0,0.8186501264572144,data\cache\clean\test\sidset_d1bccd9512c32cdc\clean.jpg
sidset_d3d78752fef3f3c4,clean,sidset,real,0,0.8512150645256042,data\cache\clean\test\sidset_d3d78752fef3f3c4\clean.jpg
sidset_d482661389f951ac,clean,sidset,real,0,0.8225381970405579,data\cache\clean\test\sidset_d482661389f951ac\clean.jpg
sidset_dcc4eb3a61fc711a,clean,sidset,real,0,0.5456724166870117,data\cache\clean\test\sidset_dcc4eb3a61fc711a\clean.jpg
sidset_de2d4b37000ff09c,clean,sidset,real,0,0.5755043625831604,data\cache\clean\test\sidset_de2d4b37000ff09c\clean.jpg
sidset_df546351780cb733,clean,sidset,real,0,0.9273838400840759,data\cache\clean\test\sidset_df546351780cb733\clean.jpg
sidset_e19c80d7ff2e201b,clean,sidset,real,0,0.9947046637535095,data\cache\clean\test\sidset_e19c80d7ff2e201b\clean.jpg
sidset_e21b0418ac95d9f8,clean,sidset,real,0,0.8688144683837891,data\cache\clean\test\sidset_e21b0418ac95d9f8\clean.jpg
sidset_e35ca53982ee8372,clean,sidset,real,0,0.853270947933197,data\cache\clean\test\sidset_e35ca53982ee8372\clean.jpg
sidset_e547ceb84d50e7bf,clean,sidset,real,0,0.9999903440475464,data\cache\clean\test\sidset_e547ceb84d50e7bf\clean.jpg
sidset_e73a5a7ccc6dabc2,clean,sidset,real,0,0.8585233092308044,data\cache\clean\test\sidset_e73a5a7ccc6dabc2\clean.jpg
sidset_ef3f636bfc78f3a5,clean,sidset,real,0,0.584260880947113,data\cache\clean\test\sidset_ef3f636bfc78f3a5\clean.jpg
sidset_f8827db6d147bcf1,clean,sidset,real,0,0.6598647832870483,data\cache\clean\test\sidset_f8827db6d147bcf1\clean.jpg
sidset_fac95db1f3df9775,clean,sidset,real,0,0.9762029647827148,data\cache\clean\test\sidset_fac95db1f3df9775\clean.jpg
sidset_ffb6be41271c5645,clean,sidset,real,0,0.6248279809951782,data\cache\clean\test\sidset_ffb6be41271c5645\clean.jpg
sidset_ffdcd87dfa1e049a,clean,sidset,real,0,0.5654512047767639,data\cache\clean\test\sidset_ffdcd87dfa1e049a\clean.jpg
cifake_0085,blur_s0.5,cifake,real,0,0.810663640499115,data\cache\clean\test\cifake_0085\blur_s0.5.jpg
cifake_0089 (3),blur_s0.5,cifake,real,0,0.7388664484024048,data\cache\clean\test\cifake_0089 (3)\blur_s0.5.jpg
cifake_0176 (2),blur_s0.5,cifake,real,0,0.7070069909095764,data\cache\clean\test\cifake_0176 (2)\blur_s0.5.jpg
cifake_0325 (7),blur_s0.5,cifake,real,0,0.73919677734375,data\cache\clean\test\cifake_0325 (7)\blur_s0.5.jpg
cifake_0343 (6),blur_s0.5,cifake,real,0,0.8808169364929199,data\cache\clean\test\cifake_0343 (6)\blur_s0.5.jpg
cifake_0567,blur_s0.5,cifake,real,0,0.6157644391059875,data\cache\clean\test\cifake_0567\blur_s0.5.jpg
cifake_0618 (3),blur_s0.5,cifake,real,0,0.7171329259872437,data\cache\clean\test\cifake_0618 (3)\blur_s0.5.jpg
cifake_0625 (2),blur_s0.5,cifake,real,0,0.511451005935669,data\cache\clean\test\cifake_0625 (2)\blur_s0.5.jpg
cifake_0793,blur_s0.5,cifake,real,0,0.9320712685585022,data\cache\clean\test\cifake_0793\blur_s0.5.jpg
cifake_0967 (9),blur_s0.5,cifake,real,0,0.9113613963127136,data\cache\clean\test\cifake_0967 (9)\blur_s0.5.jpg
cifake_1139,blur_s0.5,cifake,real,0,0.9299729466438293,data\cache\clean\test\cifake_1139\blur_s0.5.jpg
cifake_1306 (9),blur_s0.5,cifake,real,0,0.5435171723365784,data\cache\clean\test\cifake_1306 (9)\blur_s0.5.jpg
cifake_1308 (6),blur_s0.5,cifake,real,0,0.8084822297096252,data\cache\clean\test\cifake_1308 (6)\blur_s0.5.jpg
cifake_1427,blur_s0.5,cifake,real,0,0.876480221748352,data\cache\clean\test\cifake_1427\blur_s0.5.jpg
cifake_1974,blur_s0.5,cifake,real,0,0.8228683471679688,data\cache\clean\test\cifake_1974\blur_s0.5.jpg
cifake_2122,blur_s0.5,cifake,real,0,0.9997856020927429,data\cache\clean\test\cifake_2122\blur_s0.5.jpg
cifake_2500 (3),blur_s0.5,cifake,real,0,0.9518411159515381,data\cache\clean\test\cifake_2500 (3)\blur_s0.5.jpg
cifake_2660,blur_s0.5,cifake,real,0,0.9697073101997375,data\cache\clean\test\cifake_2660\blur_s0.5.jpg
cifake_2998 (7),blur_s0.5,cifake,real,0,0.7735129594802856,data\cache\clean\test\cifake_2998 (7)\blur_s0.5.jpg
cifake_3129 (9),blur_s0.5,cifake,real,0,0.7728109359741211,data\cache\clean\test\cifake_3129 (9)\blur_s0.5.jpg
cifake_3891 (3),blur_s0.5,cifake,real,0,0.7320115566253662,data\cache\clean\test\cifake_3891 (3)\blur_s0.5.jpg
cifake_4369,blur_s0.5,cifake,real,0,0.904488205909729,data\cache\clean\test\cifake_4369\blur_s0.5.jpg
cifake_4592 (10),blur_s0.5,cifake,real,0,0.882893979549408,data\cache\clean\test\cifake_4592 (10)\blur_s0.5.jpg
cifake_4660 (5),blur_s0.5,cifake,real,0,0.9963383674621582,data\cache\clean\test\cifake_4660 (5)\blur_s0.5.jpg
cifake_4673 (5),blur_s0.5,cifake,real,0,0.8432132005691528,data\cache\clean\test\cifake_4673 (5)\blur_s0.5.jpg
sidset_01cfa603553a1a45,blur_s0.5,sidset,real,0,0.7657589912414551,data\cache\clean\test\sidset_01cfa603553a1a45\blur_s0.5.jpg
sidset_036df955965cb2f9,blur_s0.5,sidset,real,0,0.8704001903533936,data\cache\clean\test\sidset_036df955965cb2f9\blur_s0.5.jpg
sidset_038789965a8f7606,blur_s0.5,sidset,real,0,0.9878507256507874,data\cache\clean\test\sidset_038789965a8f7606\blur_s0.5.jpg
sidset_04c57e00f9d1b966,blur_s0.5,sidset,real,0,0.7128288149833679,data\cache\clean\test\sidset_04c57e00f9d1b966\blur_s0.5.jpg
sidset_09e779f2616dde26,blur_s0.5,sidset,real,0,0.7315550446510315,data\cache\clean\test\sidset_09e779f2616dde26\blur_s0.5.jpg
sidset_0c4df6f098aebb13,blur_s0.5,sidset,real,0,0.5445719957351685,data\cache\clean\test\sidset_0c4df6f098aebb13\blur_s0.5.jpg
sidset_0f8102c25fc764ea,blur_s0.5,sidset,real,0,0.9718459844589233,data\cache\clean\test\sidset_0f8102c25fc764ea\blur_s0.5.jpg
sidset_137115a40fe7347b,blur_s0.5,sidset,real,0,0.6118954420089722,data\cache\clean\test\sidset_137115a40fe7347b\blur_s0.5.jpg
sidset_13a6bf4eaf05914a,blur_s0.5,sidset,real,0,0.5001736283302307,data\cache\clean\test\sidset_13a6bf4eaf05914a\blur_s0.5.jpg
sidset_1409961a28ec7db5,blur_s0.5,sidset,real,0,0.9672045111656189,data\cache\clean\test\sidset_1409961a28ec7db5\blur_s0.5.jpg
sidset_14312756c1c94efa,blur_s0.5,sidset,real,0,0.949080765247345,data\cache\clean\test\sidset_14312756c1c94efa\blur_s0.5.jpg
sidset_1577f06c8ee59ef0,blur_s0.5,sidset,real,0,0.7539965510368347,data\cache\clean\test\sidset_1577f06c8ee59ef0\blur_s0.5.jpg
sidset_19a1dd0dde3ed26c,blur_s0.5,sidset,real,0,0.7624963521957397,data\cache\clean\test\sidset_19a1dd0dde3ed26c\blur_s0.5.jpg
sidset_1b20d1ec3fd5a56f,blur_s0.5,sidset,real,0,0.8278282284736633,data\cache\clean\test\sidset_1b20d1ec3fd5a56f\blur_s0.5.jpg
sidset_1d24e17c0f598d7a,blur_s0.5,sidset,real,0,0.9688881039619446,data\cache\clean\test\sidset_1d24e17c0f598d7a\blur_s0.5.jpg
sidset_1d49d26ca0273da6,blur_s0.5,sidset,real,0,0.999842643737793,data\cache\clean\test\sidset_1d49d26ca0273da6\blur_s0.5.jpg
sidset_230a893e83782a7f,blur_s0.5,sidset,real,0,0.8630090951919556,data\cache\clean\test\sidset_230a893e83782a7f\blur_s0.5.jpg
sidset_240eaccddb6506ef,blur_s0.5,sidset,real,0,0.6021996140480042,data\cache\clean\test\sidset_240eaccddb6506ef\blur_s0.5.jpg
sidset_333b018473a06c71,blur_s0.5,sidset,real,0,0.6586458086967468,data\cache\clean\test\sidset_333b018473a06c71\blur_s0.5.jpg
sidset_3beca4d6152a4aa5,blur_s0.5,sidset,real,0,0.9531501531600952,data\cache\clean\test\sidset_3beca4d6152a4aa5\blur_s0.5.jpg
sidset_3fbc4c1574ef987d,blur_s0.5,sidset,real,0,0.5554962158203125,data\cache\clean\test\sidset_3fbc4c1574ef987d\blur_s0.5.jpg
sidset_405f8f3229fd3f3a,blur_s0.5,sidset,real,0,0.637062132358551,data\cache\clean\test\sidset_405f8f3229fd3f3a\blur_s0.5.jpg
sidset_41d1ae3e93b118ab,blur_s0.5,sidset,real,0,0.5608128905296326,data\cache\clean\test\sidset_41d1ae3e93b118ab\blur_s0.5.jpg
sidset_4566671bd4a332e8,blur_s0.5,sidset,real,0,0.7971747517585754,data\cache\clean\test\sidset_4566671bd4a332e8\blur_s0.5.jpg
sidset_45a6cb8b20ae57d2,blur_s0.5,sidset,real,0,0.9839821457862854,data\cache\clean\test\sidset_45a6cb8b20ae57d2\blur_s0.5.jpg
sidset_51655a8a28f25f11,blur_s0.5,sidset,real,0,0.9821076989173889,data\cache\clean\test\sidset_51655a8a28f25f11\blur_s0.5.jpg
sidset_523fede5def083dd,blur_s0.5,sidset,real,0,0.8693186044692993,data\cache\clean\test\sidset_523fede5def083dd\blur_s0.5.jpg
sidset_52bf81b2d7f84101,blur_s0.5,sidset,real,0,0.9868116974830627,data\cache\clean\test\sidset_52bf81b2d7f84101\blur_s0.5.jpg
sidset_55ed6c0bbd54e07d,blur_s0.5,sidset,real,0,0.8782079219818115,data\cache\clean\test\sidset_55ed6c0bbd54e07d\blur_s0.5.jpg
sidset_59e78921fe0be3d3,blur_s0.5,sidset,real,0,0.8573967814445496,data\cache\clean\test\sidset_59e78921fe0be3d3\blur_s0.5.jpg
sidset_59fe7b3f437e993b,blur_s0.5,sidset,real,0,0.5936501026153564,data\cache\clean\test\sidset_59fe7b3f437e993b\blur_s0.5.jpg
sidset_5a165a26bf8ca4be,blur_s0.5,sidset,real,0,0.6603908538818359,data\cache\clean\test\sidset_5a165a26bf8ca4be\blur_s0.5.jpg
sidset_5b8f12b78d13bfcd,blur_s0.5,sidset,real,0,0.9889983534812927,data\cache\clean\test\sidset_5b8f12b78d13bfcd\blur_s0.5.jpg
sidset_5ba522a91162ae70,blur_s0.5,sidset,real,0,0.9999904632568359,data\cache\clean\test\sidset_5ba522a91162ae70\blur_s0.5.jpg
sidset_5fd49a9afbba9bd6,blur_s0.5,sidset,real,0,0.9330570101737976,data\cache\clean\test\sidset_5fd49a9afbba9bd6\blur_s0.5.jpg
sidset_6064863bdd6ff466,blur_s0.5,sidset,real,0,0.6468935012817383,data\cache\clean\test\sidset_6064863bdd6ff466\blur_s0.5.jpg
sidset_615f67f3acd96d5c,blur_s0.5,sidset,real,0,0.5913090109825134,data\cache\clean\test\sidset_615f67f3acd96d5c\blur_s0.5.jpg
sidset_62d3110113ec4633,blur_s0.5,sidset,real,0,0.9483945965766907,data\cache\clean\test\sidset_62d3110113ec4633\blur_s0.5.jpg
sidset_660fbbd053050f25,blur_s0.5,sidset,real,0,0.7052152156829834,data\cache\clean\test\sidset_660fbbd053050f25\blur_s0.5.jpg
sidset_6729908303ffe2ce,blur_s0.5,sidset,real,0,0.9705060720443726,data\cache\clean\test\sidset_6729908303ffe2ce\blur_s0.5.jpg
sidset_67e679dca692a59d,blur_s0.5,sidset,real,0,0.9432553052902222,data\cache\clean\test\sidset_67e679dca692a59d\blur_s0.5.jpg
sidset_68f0479b7dde7700,blur_s0.5,sidset,real,0,0.5708240270614624,data\cache\clean\test\sidset_68f0479b7dde7700\blur_s0.5.jpg
sidset_6a9b88d93d860623,blur_s0.5,sidset,real,0,0.7897629737854004,data\cache\clean\test\sidset_6a9b88d93d860623\blur_s0.5.jpg
sidset_6ae976e8966ec975,blur_s0.5,sidset,real,0,0.8603169322013855,data\cache\clean\test\sidset_6ae976e8966ec975\blur_s0.5.jpg
sidset_6b7167d906f4ff1f,blur_s0.5,sidset,real,0,0.8057370185852051,data\cache\clean\test\sidset_6b7167d906f4ff1f\blur_s0.5.jpg
sidset_6b8ac1d4f89a0ffa,blur_s0.5,sidset,real,0,0.87422776222229,data\cache\clean\test\sidset_6b8ac1d4f89a0ffa\blur_s0.5.jpg
sidset_6f3ce9ca0af3863c,blur_s0.5,sidset,real,0,0.547096848487854,data\cache\clean\test\sidset_6f3ce9ca0af3863c\blur_s0.5.jpg
sidset_715f3c6fc6f7ef1f,blur_s0.5,sidset,real,0,0.8723628520965576,data\cache\clean\test\sidset_715f3c6fc6f7ef1f\blur_s0.5.jpg
sidset_759a21da57c25774,blur_s0.5,sidset,real,0,0.9947110414505005,data\cache\clean\test\sidset_759a21da57c25774\blur_s0.5.jpg
sidset_7974984b83c15934,blur_s0.5,sidset,real,0,0.8689706325531006,data\cache\clean\test\sidset_7974984b83c15934\blur_s0.5.jpg
sidset_7b550aceb5ec111f,blur_s0.5,sidset,real,0,0.7774109244346619,data\cache\clean\test\sidset_7b550aceb5ec111f\blur_s0.5.jpg
sidset_7c1fff13774e270c,blur_s0.5,sidset,real,0,0.9905421137809753,data\cache\clean\test\sidset_7c1fff13774e270c\blur_s0.5.jpg
sidset_7d3102cbae765943,blur_s0.5,sidset,real,0,0.8543310165405273,data\cache\clean\test\sidset_7d3102cbae765943\blur_s0.5.jpg
sidset_7e06c24631cbe6ed,blur_s0.5,sidset,real,0,0.5808506011962891,data\cache\clean\test\sidset_7e06c24631cbe6ed\blur_s0.5.jpg
sidset_7f1ce0ac000e1d6c,blur_s0.5,sidset,real,0,0.8649612665176392,data\cache\clean\test\sidset_7f1ce0ac000e1d6c\blur_s0.5.jpg
sidset_832e43df048c6d1a,blur_s0.5,sidset,real,0,0.9002045392990112,data\cache\clean\test\sidset_832e43df048c6d1a\blur_s0.5.jpg
sidset_8619862cda88466c,blur_s0.5,sidset,real,0,0.623587429523468,data\cache\clean\test\sidset_8619862cda88466c\blur_s0.5.jpg
sidset_8865c586ab64c0f9,blur_s0.5,sidset,real,0,0.7026727199554443,data\cache\clean\test\sidset_8865c586ab64c0f9\blur_s0.5.jpg
sidset_8c3549f9f22a8f34,blur_s0.5,sidset,real,0,0.9983537197113037,data\cache\clean\test\sidset_8c3549f9f22a8f34\blur_s0.5.jpg
sidset_918190e0dd7fc829,blur_s0.5,sidset,real,0,0.9965453743934631,data\cache\clean\test\sidset_918190e0dd7fc829\blur_s0.5.jpg
sidset_9548acaeca2f5124,blur_s0.5,sidset,real,0,0.7886475324630737,data\cache\clean\test\sidset_9548acaeca2f5124\blur_s0.5.jpg
sidset_9811f04611ad082c,blur_s0.5,sidset,real,0,0.8974308371543884,data\cache\clean\test\sidset_9811f04611ad082c\blur_s0.5.jpg
sidset_995429a562f1aed2,blur_s0.5,sidset,real,0,0.9986577033996582,data\cache\clean\test\sidset_995429a562f1aed2\blur_s0.5.jpg
sidset_9ad980e066bd4c5e,blur_s0.5,sidset,real,0,0.754345715045929,data\cache\clean\test\sidset_9ad980e066bd4c5e\blur_s0.5.jpg
sidset_9b5464ba8debcd10,blur_s0.5,sidset,real,0,0.6177043318748474,data\cache\clean\test\sidset_9b5464ba8debcd10\blur_s0.5.jpg
sidset_9e2a9b16ff46f867,blur_s0.5,sidset,real,0,0.9720180630683899,data\cache\clean\test\sidset_9e2a9b16ff46f867\blur_s0.5.jpg
sidset_a02993bbac9bbcb4,blur_s0.5,sidset,real,0,0.9609485268592834,data\cache\clean\test\sidset_a02993bbac9bbcb4\blur_s0.5.jpg
sidset_a09d0102c68de8b5,blur_s0.5,sidset,real,0,0.5019793510437012,data\cache\clean\test\sidset_a09d0102c68de8b5\blur_s0.5.jpg
sidset_a4268c0135ca2c65,blur_s0.5,sidset,real,0,0.9990986585617065,data\cache\clean\test\sidset_a4268c0135ca2c65\blur_s0.5.jpg
sidset_a429805728e89e7d,blur_s0.5,sidset,real,0,0.789652943611145,data\cache\clean\test\sidset_a429805728e89e7d\blur_s0.5.jpg
sidset_a8ad741ef85002f3,blur_s0.5,sidset,real,0,0.9112232327461243,data\cache\clean\test\sidset_a8ad741ef85002f3\blur_s0.5.jpg
sidset_b230de6baca8d392,blur_s0.5,sidset,real,0,0.9889087080955505,data\cache\clean\test\sidset_b230de6baca8d392\blur_s0.5.jpg
sidset_b476dc9881140333,blur_s0.5,sidset,real,0,0.7155517935752869,data\cache\clean\test\sidset_b476dc9881140333\blur_s0.5.jpg
sidset_b4f4dcd2e7617eea,blur_s0.5,sidset,real,0,0.8015611171722412,data\cache\clean\test\sidset_b4f4dcd2e7617eea\blur_s0.5.jpg
sidset_bafdbc8a8d68c696,blur_s0.5,sidset,real,0,0.6916791200637817,data\cache\clean\test\sidset_bafdbc8a8d68c696\blur_s0.5.jpg
sidset_bc280ffeb57ce51b,blur_s0.5,sidset,real,0,0.7839276194572449,data\cache\clean\test\sidset_bc280ffeb57ce51b\blur_s0.5.jpg
sidset_bc70b06f0d603efd,blur_s0.5,sidset,real,0,1.0,data\cache\clean\test\sidset_bc70b06f0d603efd\blur_s0.5.jpg
sidset_bddc30edb2816122,blur_s0.5,sidset,real,0,0.8498512506484985,data\cache\clean\test\sidset_bddc30edb2816122\blur_s0.5.jpg
sidset_bf236ad30956e497,blur_s0.5,sidset,real,0,0.7719853520393372,data\cache\clean\test\sidset_bf236ad30956e497\blur_s0.5.jpg
sidset_bf7100f88bf3b0f3,blur_s0.5,sidset,real,0,0.541620135307312,data\cache\clean\test\sidset_bf7100f88bf3b0f3\blur_s0.5.jpg
sidset_c2f7255d9f5d9469,blur_s0.5,sidset,real,0,0.7533456087112427,data\cache\clean\test\sidset_c2f7255d9f5d9469\blur_s0.5.jpg
sidset_c3c41d4a18529a16,blur_s0.5,sidset,real,0,0.9540313482284546,data\cache\clean\test\sidset_c3c41d4a18529a16\blur_s0.5.jpg
sidset_c47a1c5427ee9d26,blur_s0.5,sidset,real,0,0.9178037643432617,data\cache\clean\test\sidset_c47a1c5427ee9d26\blur_s0.5.jpg
sidset_c51e9f52ce3dbd67,blur_s0.5,sidset,real,0,0.7609355449676514,data\cache\clean\test\sidset_c51e9f52ce3dbd67\blur_s0.5.jpg
sidset_c5a378b0ea24d25e,blur_s0.5,sidset,real,0,0.8935415148735046,data\cache\clean\test\sidset_c5a378b0ea24d25e\blur_s0.5.jpg
sidset_c5f4e20e7d2e391c,blur_s0.5,sidset,real,0,0.7519161105155945,data\cache\clean\test\sidset_c5f4e20e7d2e391c\blur_s0.5.jpg
sidset_c90419b9eb89527a,blur_s0.5,sidset,real,0,0.989948034286499,data\cache\clean\test\sidset_c90419b9eb89527a\blur_s0.5.jpg
sidset_cac550631e35c126,blur_s0.5,sidset,real,0,0.9952811598777771,data\cache\clean\test\sidset_cac550631e35c126\blur_s0.5.jpg
sidset_ce09a25a50fdfe47,blur_s0.5,sidset,real,0,0.9278358221054077,data\cache\clean\test\sidset_ce09a25a50fdfe47\blur_s0.5.jpg
sidset_cfa694ce3bb2538c,blur_s0.5,sidset,real,0,0.6466249823570251,data\cache\clean\test\sidset_cfa694ce3bb2538c\blur_s0.5.jpg
sidset_d0fea44f4c3d5825,blur_s0.5,sidset,real,0,0.6962392330169678,data\cache\clean\test\sidset_d0fea44f4c3d5825\blur_s0.5.jpg
sidset_d1bccd9512c32cdc,blur_s0.5,sidset,real,0,0.6689864993095398,data\cache\clean\test\sidset_d1bccd9512c32cdc\blur_s0.5.jpg
sidset_d3d78752fef3f3c4,blur_s0.5,sidset,real,0,0.876010000705719,data\cache\clean\test\sidset_d3d78752fef3f3c4\blur_s0.5.jpg
sidset_d482661389f951ac,blur_s0.5,sidset,real,0,0.8399826884269714,data\cache\clean\test\sidset_d482661389f951ac\blur_s0.5.jpg
sidset_dcc4eb3a61fc711a,blur_s0.5,sidset,real,0,0.5488693714141846,data\cache\clean\test\sidset_dcc4eb3a61fc711a\blur_s0.5.jpg
sidset_de2d4b37000ff09c,blur_s0.5,sidset,real,0,0.6360477805137634,data\cache\clean\test\sidset_de2d4b37000ff09c\blur_s0.5.jpg
sidset_df546351780cb733,blur_s0.5,sidset,real,0,0.8952221274375916,data\cache\clean\test\sidset_df546351780cb733\blur_s0.5.jpg
sidset_e14e3989daa0bebd,blur_s0.5,sidset,real,0,0.5187538862228394,data\cache\clean\test\sidset_e14e3989daa0bebd\blur_s0.5.jpg
sidset_e19c80d7ff2e201b,blur_s0.5,sidset,real,0,0.9969634413719177,data\cache\clean\test\sidset_e19c80d7ff2e201b\blur_s0.5.jpg
sidset_e21b0418ac95d9f8,blur_s0.5,sidset,real,0,0.8690100908279419,data\cache\clean\test\sidset_e21b0418ac95d9f8\blur_s0.5.jpg
sidset_e35ca53982ee8372,blur_s0.5,sidset,real,0,0.7662255167961121,data\cache\clean\test\sidset_e35ca53982ee8372\blur_s0.5.jpg
sidset_e547ceb84d50e7bf,blur_s0.5,sidset,real,0,0.9998968839645386,data\cache\clean\test\sidset_e547ceb84d50e7bf\blur_s0.5.jpg
sidset_e73a5a7ccc6dabc2,blur_s0.5,sidset,real,0,0.7831316590309143,data\cache\clean\test\sidset_e73a5a7ccc6dabc2\blur_s0.5.jpg
sidset_e75efd006759f4d0,blur_s0.5,sidset,real,0,0.5448874235153198,data\cache\clean\test\sidset_e75efd006759f4d0\blur_s0.5.jpg
sidset_f8827db6d147bcf1,blur_s0.5,sidset,real,0,0.5998961925506592,data\cache\clean\test\sidset_f8827db6d147bcf1\blur_s0.5.jpg
sidset_fac95db1f3df9775,blur_s0.5,sidset,real,0,0.9721711277961731,data\cache\clean\test\sidset_fac95db1f3df9775\blur_s0.5.jpg
sidset_ffb6be41271c5645,blur_s0.5,sidset,real,0,0.6175006628036499,data\cache\clean\test\sidset_ffb6be41271c5645\blur_s0.5.jpg
sidset_ffdcd87dfa1e049a,blur_s0.5,sidset,real,0,0.6182100176811218,data\cache\clean\test\sidset_ffdcd87dfa1e049a\blur_s0.5.jpg
cifake_0085,blur_s1.0,cifake,real,0,0.8121200203895569,data\cache\clean\test\cifake_0085\blur_s1.0.jpg
cifake_0089 (3),blur_s1.0,cifake,real,0,0.7388184070587158,data\cache\clean\test\cifake_0089 (3)\blur_s1.0.jpg
cifake_0176 (2),blur_s1.0,cifake,real,0,0.6946663856506348,data\cache\clean\test\cifake_0176 (2)\blur_s1.0.jpg
cifake_0325 (7),blur_s1.0,cifake,real,0,0.7341218590736389,data\cache\clean\test\cifake_0325 (7)\blur_s1.0.jpg
cifake_0343 (6),blur_s1.0,cifake,real,0,0.8832995891571045,data\cache\clean\test\cifake_0343 (6)\blur_s1.0.jpg
cifake_0567,blur_s1.0,cifake,real,0,0.6049306392669678,data\cache\clean\test\cifake_0567\blur_s1.0.jpg
cifake_0618 (3),blur_s1.0,cifake,real,0,0.7218313217163086,data\cache\clean\test\cifake_0618 (3)\blur_s1.0.jpg
cifake_0625 (2),blur_s1.0,cifake,real,0,0.5040052533149719,data\cache\clean\test\cifake_0625 (2)\blur_s1.0.jpg
cifake_0793,blur_s1.0,cifake,real,0,0.9325821399688721,data\cache\clean\test\cifake_0793\blur_s1.0.jpg
cifake_0967 (9),blur_s1.0,cifake,real,0,0.9090374708175659,data\cache\clean\test\cifake_0967 (9)\blur_s1.0.jpg
cifake_1139,blur_s1.0,cifake,real,0,0.9292582869529724,data\cache\clean\test\cifake_1139\blur_s1.0.jpg
cifake_1306 (9),blur_s1.0,cifake,real,0,0.5398755669593811,data\cache\clean\test\cifake_1306 (9)\blur_s1.0.jpg
cifake_1308 (6),blur_s1.0,cifake,real,0,0.804343581199646,data\cache\clean\test\cifake_1308 (6)\blur_s1.0.jpg
cifake_1427,blur_s1.0,cifake,real,0,0.8836907744407654,data\cache\clean\test\cifake_1427\blur_s1.0.jpg
cifake_1974,blur_s1.0,cifake,real,0,0.8302449584007263,data\cache\clean\test\cifake_1974\blur_s1.0.jpg
cifake_2122,blur_s1.0,cifake,real,0,0.9997815489768982,data\cache\clean\test\cifake_2122\blur_s1.0.jpg
cifake_2500 (3),blur_s1.0,cifake,real,0,0.9513875842094421,data\cache\clean\test\cifake_2500 (3)\blur_s1.0.jpg
cifake_2660,blur_s1.0,cifake,real,0,0.970613956451416,data\cache\clean\test\cifake_2660\blur_s1.0.jpg
cifake_2874 (4),blur_s1.0,cifake,real,0,0.5104379057884216,data\cache\clean\test\cifake_2874 (4)\blur_s1.0.jpg
cifake_2998 (7),blur_s1.0,cifake,real,0,0.7686475515365601,data\cache\clean\test\cifake_2998 (7)\blur_s1.0.jpg
cifake_3129 (9),blur_s1.0,cifake,real,0,0.7748040556907654,data\cache\clean\test\cifake_3129 (9)\blur_s1.0.jpg
cifake_3891 (3),blur_s1.0,cifake,real,0,0.7320419549942017,data\cache\clean\test\cifake_3891 (3)\blur_s1.0.jpg
cifake_4369,blur_s1.0,cifake,real,0,0.9091869592666626,data\cache\clean\test\cifake_4369\blur_s1.0.jpg
cifake_4592 (10),blur_s1.0,cifake,real,0,0.8856236934661865,data\cache\clean\test\cifake_4592 (10)\blur_s1.0.jpg
cifake_4660 (5),blur_s1.0,cifake,real,0,0.9961632490158081,data\cache\clean\test\cifake_4660 (5)\blur_s1.0.jpg
cifake_4673 (5),blur_s1.0,cifake,real,0,0.8415566682815552,data\cache\clean\test\cifake_4673 (5)\blur_s1.0.jpg
sidset_01cfa603553a1a45,blur_s1.0,sidset,real,0,0.6446846723556519,data\cache\clean\test\sidset_01cfa603553a1a45\blur_s1.0.jpg
sidset_036df955965cb2f9,blur_s1.0,sidset,real,0,0.8466155529022217,data\cache\clean\test\sidset_036df955965cb2f9\blur_s1.0.jpg
sidset_038789965a8f7606,blur_s1.0,sidset,real,0,0.9860057830810547,data\cache\clean\test\sidset_038789965a8f7606\blur_s1.0.jpg
sidset_04c57e00f9d1b966,blur_s1.0,sidset,real,0,0.6372960805892944,data\cache\clean\test\sidset_04c57e00f9d1b966\blur_s1.0.jpg
sidset_09e779f2616dde26,blur_s1.0,sidset,real,0,0.5623103380203247,data\cache\clean\test\sidset_09e779f2616dde26\blur_s1.0.jpg
sidset_09f7329f0c1c9fd4,blur_s1.0,sidset,real,0,0.5645744800567627,data\cache\clean\test\sidset_09f7329f0c1c9fd4\blur_s1.0.jpg
sidset_0f8102c25fc764ea,blur_s1.0,sidset,real,0,0.9563847184181213,data\cache\clean\test\sidset_0f8102c25fc764ea\blur_s1.0.jpg
sidset_13a6bf4eaf05914a,blur_s1.0,sidset,real,0,0.5538646578788757,data\cache\clean\test\sidset_13a6bf4eaf05914a\blur_s1.0.jpg
sidset_1409961a28ec7db5,blur_s1.0,sidset,real,0,0.9395548701286316,data\cache\clean\test\sidset_1409961a28ec7db5\blur_s1.0.jpg
sidset_14312756c1c94efa,blur_s1.0,sidset,real,0,0.9484947323799133,data\cache\clean\test\sidset_14312756c1c94efa\blur_s1.0.jpg
sidset_1577f06c8ee59ef0,blur_s1.0,sidset,real,0,0.6187174320220947,data\cache\clean\test\sidset_1577f06c8ee59ef0\blur_s1.0.jpg
sidset_19a1dd0dde3ed26c,blur_s1.0,sidset,real,0,0.59746915102005,data\cache\clean\test\sidset_19a1dd0dde3ed26c\blur_s1.0.jpg
sidset_1b20d1ec3fd5a56f,blur_s1.0,sidset,real,0,0.648108959197998,data\cache\clean\test\sidset_1b20d1ec3fd5a56f\blur_s1.0.jpg
sidset_1d24e17c0f598d7a,blur_s1.0,sidset,real,0,0.9770937561988831,data\cache\clean\test\sidset_1d24e17c0f598d7a\blur_s1.0.jpg
sidset_1d49d26ca0273da6,blur_s1.0,sidset,real,0,0.9992907047271729,data\cache\clean\test\sidset_1d49d26ca0273da6\blur_s1.0.jpg
sidset_22b07f2ffcaf319c,blur_s1.0,sidset,real,0,0.6376774311065674,data\cache\clean\test\sidset_22b07f2ffcaf319c\blur_s1.0.jpg
sidset_230a893e83782a7f,blur_s1.0,sidset,real,0,0.5318536758422852,data\cache\clean\test\sidset_230a893e83782a7f\blur_s1.0.jpg
sidset_240eaccddb6506ef,blur_s1.0,sidset,real,0,0.5326529741287231,data\cache\clean\test\sidset_240eaccddb6506ef\blur_s1.0.jpg
sidset_3beca4d6152a4aa5,blur_s1.0,sidset,real,0,0.9326844811439514,data\cache\clean\test\sidset_3beca4d6152a4aa5\blur_s1.0.jpg
sidset_3fbc4c1574ef987d,blur_s1.0,sidset,real,0,0.5626295208930969,data\cache\clean\test\sidset_3fbc4c1574ef987d\blur_s1.0.jpg
sidset_405f8f3229fd3f3a,blur_s1.0,sidset,real,0,0.5228559374809265,data\cache\clean\test\sidset_405f8f3229fd3f3a\blur_s1.0.jpg
sidset_41d1ae3e93b118ab,blur_s1.0,sidset,real,0,0.7752121686935425,data\cache\clean\test\sidset_41d1ae3e93b118ab\blur_s1.0.jpg
sidset_4566671bd4a332e8,blur_s1.0,sidset,real,0,0.6181718707084656,data\cache\clean\test\sidset_4566671bd4a332e8\blur_s1.0.jpg
sidset_45a6cb8b20ae57d2,blur_s1.0,sidset,real,0,0.9799714088439941,data\cache\clean\test\sidset_45a6cb8b20ae57d2\blur_s1.0.jpg
sidset_4b587c02c1897383,blur_s1.0,sidset,real,0,0.5396588444709778,data\cache\clean\test\sidset_4b587c02c1897383\blur_s1.0.jpg
sidset_4e4b9b1d6e8b2aca,blur_s1.0,sidset,real,0,0.5411715507507324,data\cache\clean\test\sidset_4e4b9b1d6e8b2aca\blur_s1.0.jpg
sidset_4efd021afbfb3ae6,blur_s1.0,sidset,real,0,0.5294755101203918,data\cache\clean\test\sidset_4efd021afbfb3ae6\blur_s1.0.jpg
sidset_51655a8a28f25f11,blur_s1.0,sidset,real,0,0.9317741394042969,data\cache\clean\test\sidset_51655a8a28f25f11\blur_s1.0.jpg
sidset_523fede5def083dd,blur_s1.0,sidset,real,0,0.848601758480072,data\cache\clean\test\sidset_523fede5def083dd\blur_s1.0.jpg
sidset_52bf81b2d7f84101,blur_s1.0,sidset,real,0,0.9097147583961487,data\cache\clean\test\sidset_52bf81b2d7f84101\blur_s1.0.jpg
sidset_55ed6c0bbd54e07d,blur_s1.0,sidset,real,0,0.5578742027282715,data\cache\clean\test\sidset_55ed6c0bbd54e07d\blur_s1.0.jpg
sidset_59d5d634b8531991,blur_s1.0,sidset,real,0,0.84658282995224,data\cache\clean\test\sidset_59d5d634b8531991\blur_s1.0.jpg
sidset_59e78921fe0be3d3,blur_s1.0,sidset,real,0,0.7881983518600464,data\cache\clean\test\sidset_59e78921fe0be3d3\blur_s1.0.jpg
sidset_5a165a26bf8ca4be,blur_s1.0,sidset,real,0,0.516080379486084,data\cache\clean\test\sidset_5a165a26bf8ca4be\blur_s1.0.jpg
sidset_5b8f12b78d13bfcd,blur_s1.0,sidset,real,0,0.9847670197486877,data\cache\clean\test\sidset_5b8f12b78d13bfcd\blur_s1.0.jpg
sidset_5ba522a91162ae70,blur_s1.0,sidset,real,0,0.999970555305481,data\cache\clean\test\sidset_5ba522a91162ae70\blur_s1.0.jpg
sidset_5fd49a9afbba9bd6,blur_s1.0,sidset,real,0,0.969487726688385,data\cache\clean\test\sidset_5fd49a9afbba9bd6\blur_s1.0.jpg
sidset_6114a7afd5ced36c,blur_s1.0,sidset,real,0,0.6316077709197998,data\cache\clean\test\sidset_6114a7afd5ced36c\blur_s1.0.jpg
sidset_615f67f3acd96d5c,blur_s1.0,sidset,real,0,0.7240444421768188,data\cache\clean\test\sidset_615f67f3acd96d5c\blur_s1.0.jpg
sidset_62d3110113ec4633,blur_s1.0,sidset,real,0,0.8733440041542053,data\cache\clean\test\sidset_62d3110113ec4633\blur_s1.0.jpg
sidset_6729908303ffe2ce,blur_s1.0,sidset,real,0,0.9660025835037231,data\cache\clean\test\sidset_6729908303ffe2ce\blur_s1.0.jpg
sidset_67e679dca692a59d,blur_s1.0,sidset,real,0,0.9644050002098083,data\cache\clean\test\sidset_67e679dca692a59d\blur_s1.0.jpg
sidset_68f0479b7dde7700,blur_s1.0,sidset,real,0,0.5535645484924316,data\cache\clean\test\sidset_68f0479b7dde7700\blur_s1.0.jpg
sidset_6a9b88d93d860623,blur_s1.0,sidset,real,0,0.7850035429000854,data\cache\clean\test\sidset_6a9b88d93d860623\blur_s1.0.jpg
sidset_6ae976e8966ec975,blur_s1.0,sidset,real,0,0.8139214515686035,data\cache\clean\test\sidset_6ae976e8966ec975\blur_s1.0.jpg
sidset_6b7167d906f4ff1f,blur_s1.0,sidset,real,0,0.8645659685134888,data\cache\clean\test\sidset_6b7167d906f4ff1f\blur_s1.0.jpg
sidset_6b8ac1d4f89a0ffa,blur_s1.0,sidset,real,0,0.9255284667015076,data\cache\clean\test\sidset_6b8ac1d4f89a0ffa\blur_s1.0.jpg
sidset_6f3ce9ca0af3863c,blur_s1.0,sidset,real,0,0.6292816996574402,data\cache\clean\test\sidset_6f3ce9ca0af3863c\blur_s1.0.jpg
sidset_715f3c6fc6f7ef1f,blur_s1.0,sidset,real,0,0.7953022718429565,data\cache\clean\test\sidset_715f3c6fc6f7ef1f\blur_s1.0.jpg
sidset_759a21da57c25774,blur_s1.0,sidset,real,0,0.9973630309104919,data\cache\clean\test\sidset_759a21da57c25774\blur_s1.0.jpg
sidset_7974984b83c15934,blur_s1.0,sidset,real,0,0.8679264187812805,data\cache\clean\test\sidset_7974984b83c15934\blur_s1.0.jpg
sidset_7b550aceb5ec111f,blur_s1.0,sidset,real,0,0.7712976932525635,data\cache\clean\test\sidset_7b550aceb5ec111f\blur_s1.0.jpg
sidset_7c1fff13774e270c,blur_s1.0,sidset,real,0,0.9906476140022278,data\cache\clean\test\sidset_7c1fff13774e270c\blur_s1.0.jpg
sidset_7d3102cbae765943,blur_s1.0,sidset,real,0,0.8940925598144531,data\cache\clean\test\sidset_7d3102cbae765943\blur_s1.0.jpg
sidset_7f1ce0ac000e1d6c,blur_s1.0,sidset,real,0,0.8348289728164673,data\cache\clean\test\sidset_7f1ce0ac000e1d6c\blur_s1.0.jpg
sidset_832e43df048c6d1a,blur_s1.0,sidset,real,0,0.8646814227104187,data\cache\clean\test\sidset_832e43df048c6d1a\blur_s1.0.jpg
sidset_8865c586ab64c0f9,blur_s1.0,sidset,real,0,0.6626139283180237,data\cache\clean\test\sidset_8865c586ab64c0f9\blur_s1.0.jpg
sidset_8c3549f9f22a8f34,blur_s1.0,sidset,real,0,0.9954842329025269,data\cache\clean\test\sidset_8c3549f9f22a8f34\blur_s1.0.jpg
sidset_918190e0dd7fc829,blur_s1.0,sidset,real,0,0.999000608921051,data\cache\clean\test\sidset_918190e0dd7fc829\blur_s1.0.jpg
sidset_9548acaeca2f5124,blur_s1.0,sidset,real,0,0.7550587058067322,data\cache\clean\test\sidset_9548acaeca2f5124\blur_s1.0.jpg
sidset_9811f04611ad082c,blur_s1.0,sidset,real,0,0.8658214211463928,data\cache\clean\test\sidset_9811f04611ad082c\blur_s1.0.jpg
sidset_995429a562f1aed2,blur_s1.0,sidset,real,0,0.9983094930648804,data\cache\clean\test\sidset_995429a562f1aed2\blur_s1.0.jpg
sidset_9ad980e066bd4c5e,blur_s1.0,sidset,real,0,0.810897171497345,data\cache\clean\test\sidset_9ad980e066bd4c5e\blur_s1.0.jpg
sidset_9b5464ba8debcd10,blur_s1.0,sidset,real,0,0.5668914318084717,data\cache\clean\test\sidset_9b5464ba8debcd10\blur_s1.0.jpg
sidset_9e2a9b16ff46f867,blur_s1.0,sidset,real,0,0.9529004096984863,data\cache\clean\test\sidset_9e2a9b16ff46f867\blur_s1.0.jpg
sidset_a02993bbac9bbcb4,blur_s1.0,sidset,real,0,0.9394877552986145,data\cache\clean\test\sidset_a02993bbac9bbcb4\blur_s1.0.jpg
sidset_a4268c0135ca2c65,blur_s1.0,sidset,real,0,0.9977916479110718,data\cache\clean\test\sidset_a4268c0135ca2c65\blur_s1.0.jpg
sidset_a429805728e89e7d,blur_s1.0,sidset,real,0,0.6416652798652649,data\cache\clean\test\sidset_a429805728e89e7d\blur_s1.0.jpg
sidset_a8ad741ef85002f3,blur_s1.0,sidset,real,0,0.8498290181159973,data\cache\clean\test\sidset_a8ad741ef85002f3\blur_s1.0.jpg
sidset_afe2c3d2863b693b,blur_s1.0,sidset,real,0,0.5254796147346497,data\cache\clean\test\sidset_afe2c3d2863b693b\blur_s1.0.jpg
sidset_b230de6baca8d392,blur_s1.0,sidset,real,0,0.9477494359016418,data\cache\clean\test\sidset_b230de6baca8d392\blur_s1.0.jpg
sidset_b476dc9881140333,blur_s1.0,sidset,real,0,0.5916761159896851,data\cache\clean\test\sidset_b476dc9881140333\blur_s1.0.jpg
sidset_b4f4dcd2e7617eea,blur_s1.0,sidset,real,0,0.830124020576477,data\cache\clean\test\sidset_b4f4dcd2e7617eea\blur_s1.0.jpg
sidset_b7e2bd65518fb887,blur_s1.0,sidset,real,0,0.5366604924201965,data\cache\clean\test\sidset_b7e2bd65518fb887\blur_s1.0.jpg
sidset_bafdbc8a8d68c696,blur_s1.0,sidset,real,0,0.7657456398010254,data\cache\clean\test\sidset_bafdbc8a8d68c696\blur_s1.0.jpg
sidset_bc280ffeb57ce51b,blur_s1.0,sidset,real,0,0.8096892237663269,data\cache\clean\test\sidset_bc280ffeb57ce51b\blur_s1.0.jpg
sidset_bc70b06f0d603efd,blur_s1.0,sidset,real,0,0.9999998807907104,data\cache\clean\test\sidset_bc70b06f0d603efd\blur_s1.0.jpg
sidset_bddc30edb2816122,blur_s1.0,sidset,real,0,0.766553521156311,data\cache\clean\test\sidset_bddc30edb2816122\blur_s1.0.jpg
sidset_bf236ad30956e497,blur_s1.0,sidset,real,0,0.6975197196006775,data\cache\clean\test\sidset_bf236ad30956e497\blur_s1.0.jpg
sidset_bf7100f88bf3b0f3,blur_s1.0,sidset,real,0,0.5339228510856628,data\cache\clean\test\sidset_bf7100f88bf3b0f3\blur_s1.0.jpg
sidset_c2f7255d9f5d9469,blur_s1.0,sidset,real,0,0.7646302580833435,data\cache\clean\test\sidset_c2f7255d9f5d9469\blur_s1.0.jpg
sidset_c3c41d4a18529a16,blur_s1.0,sidset,real,0,0.9596675038337708,data\cache\clean\test\sidset_c3c41d4a18529a16\blur_s1.0.jpg
sidset_c47a1c5427ee9d26,blur_s1.0,sidset,real,0,0.9484511017799377,data\cache\clean\test\sidset_c47a1c5427ee9d26\blur_s1.0.jpg
sidset_c51e9f52ce3dbd67,blur_s1.0,sidset,real,0,0.6930411458015442,data\cache\clean\test\sidset_c51e9f52ce3dbd67\blur_s1.0.jpg
sidset_c5a378b0ea24d25e,blur_s1.0,sidset,real,0,0.8152931928634644,data\cache\clean\test\sidset_c5a378b0ea24d25e\blur_s1.0.jpg
sidset_c5f4e20e7d2e391c,blur_s1.0,sidset,real,0,0.7234163880348206,data\cache\clean\test\sidset_c5f4e20e7d2e391c\blur_s1.0.jpg
sidset_c90419b9eb89527a,blur_s1.0,sidset,real,0,0.991370677947998,data\cache\clean\test\sidset_c90419b9eb89527a\blur_s1.0.jpg
sidset_cac550631e35c126,blur_s1.0,sidset,real,0,0.9944689273834229,data\cache\clean\test\sidset_cac550631e35c126\blur_s1.0.jpg
sidset_ce09a25a50fdfe47,blur_s1.0,sidset,real,0,0.8909751772880554,data\cache\clean\test\sidset_ce09a25a50fdfe47\blur_s1.0.jpg
sidset_cfa694ce3bb2538c,blur_s1.0,sidset,real,0,0.5702105760574341,data\cache\clean\test\sidset_cfa694ce3bb2538c\blur_s1.0.jpg
sidset_d0fea44f4c3d5825,blur_s1.0,sidset,real,0,0.7123546004295349,data\cache\clean\test\sidset_d0fea44f4c3d5825\blur_s1.0.jpg
sidset_d3d78752fef3f3c4,blur_s1.0,sidset,real,0,0.8601434230804443,data\cache\clean\test\sidset_d3d78752fef3f3c4\blur_s1.0.jpg
sidset_d482661389f951ac,blur_s1.0,sidset,real,0,0.8934853672981262,data\cache\clean\test\sidset_d482661389f951ac\blur_s1.0.jpg
sidset_d7c9ba7b7774dcd9,blur_s1.0,sidset,real,0,0.5486431121826172,data\cache\clean\test\sidset_d7c9ba7b7774dcd9\blur_s1.0.jpg
sidset_dcc4eb3a61fc711a,blur_s1.0,sidset,real,0,0.5352221131324768,data\cache\clean\test\sidset_dcc4eb3a61fc711a\blur_s1.0.jpg
sidset_de2d4b37000ff09c,blur_s1.0,sidset,real,0,0.7595584392547607,data\cache\clean\test\sidset_de2d4b37000ff09c\blur_s1.0.jpg
sidset_df546351780cb733,blur_s1.0,sidset,real,0,0.745169997215271,data\cache\clean\test\sidset_df546351780cb733\blur_s1.0.jpg
sidset_e14e3989daa0bebd,blur_s1.0,sidset,real,0,0.5001170039176941,data\cache\clean\test\sidset_e14e3989daa0bebd\blur_s1.0.jpg
sidset_e19c80d7ff2e201b,blur_s1.0,sidset,real,0,0.9976143836975098,data\cache\clean\test\sidset_e19c80d7ff2e201b\blur_s1.0.jpg
sidset_e21b0418ac95d9f8,blur_s1.0,sidset,real,0,0.9175947308540344,data\cache\clean\test\sidset_e21b0418ac95d9f8\blur_s1.0.jpg
sidset_e35ca53982ee8372,blur_s1.0,sidset,real,0,0.5913930535316467,data\cache\clean\test\sidset_e35ca53982ee8372\blur_s1.0.jpg
sidset_e547ceb84d50e7bf,blur_s1.0,sidset,real,0,0.9992423057556152,data\cache\clean\test\sidset_e547ceb84d50e7bf\blur_s1.0.jpg
sidset_e73a5a7ccc6dabc2,blur_s1.0,sidset,real,0,0.8349645137786865,data\cache\clean\test\sidset_e73a5a7ccc6dabc2\blur_s1.0.jpg
sidset_fac95db1f3df9775,blur_s1.0,sidset,real,0,0.9682462811470032,data\cache\clean\test\sidset_fac95db1f3df9775\blur_s1.0.jpg
sidset_ffdcd87dfa1e049a,blur_s1.0,sidset,real,0,0.6345729827880859,data\cache\clean\test\sidset_ffdcd87dfa1e049a\blur_s1.0.jpg
cifake_0085,blur_s2.0,cifake,real,0,0.7760783433914185,data\cache\clean\test\cifake_0085\blur_s2.0.jpg
cifake_0089 (3),blur_s2.0,cifake,real,0,0.8165243864059448,data\cache\clean\test\cifake_0089 (3)\blur_s2.0.jpg
cifake_0176 (2),blur_s2.0,cifake,real,0,0.7051963210105896,data\cache\clean\test\cifake_0176 (2)\blur_s2.0.jpg
cifake_0325 (7),blur_s2.0,cifake,real,0,0.6796116232872009,data\cache\clean\test\cifake_0325 (7)\blur_s2.0.jpg
cifake_0343 (6),blur_s2.0,cifake,real,0,0.9044218063354492,data\cache\clean\test\cifake_0343 (6)\blur_s2.0.jpg
cifake_0567,blur_s2.0,cifake,real,0,0.601088285446167,data\cache\clean\test\cifake_0567\blur_s2.0.jpg
cifake_0618 (3),blur_s2.0,cifake,real,0,0.6866026520729065,data\cache\clean\test\cifake_0618 (3)\blur_s2.0.jpg
cifake_0625 (2),blur_s2.0,cifake,real,0,0.502975344657898,data\cache\clean\test\cifake_0625 (2)\blur_s2.0.jpg
cifake_0793,blur_s2.0,cifake,real,0,0.9292323589324951,data\cache\clean\test\cifake_0793\blur_s2.0.jpg
cifake_0967 (9),blur_s2.0,cifake,real,0,0.9131749868392944,data\cache\clean\test\cifake_0967 (9)\blur_s2.0.jpg
cifake_1139,blur_s2.0,cifake,real,0,0.8824205994606018,data\cache\clean\test\cifake_1139\blur_s2.0.jpg
cifake_1306 (9),blur_s2.0,cifake,real,0,0.5362375378608704,data\cache\clean\test\cifake_1306 (9)\blur_s2.0.jpg
cifake_1308 (6),blur_s2.0,cifake,real,0,0.8092206716537476,data\cache\clean\test\cifake_1308 (6)\blur_s2.0.jpg
cifake_1427,blur_s2.0,cifake,real,0,0.8635930418968201,data\cache\clean\test\cifake_1427\blur_s2.0.jpg
cifake_1974,blur_s2.0,cifake,real,0,0.8094164729118347,data\cache\clean\test\cifake_1974\blur_s2.0.jpg
cifake_2122,blur_s2.0,cifake,real,0,0.9998255372047424,data\cache\clean\test\cifake_2122\blur_s2.0.jpg
cifake_2500 (3),blur_s2.0,cifake,real,0,0.9339854717254639,data\cache\clean\test\cifake_2500 (3)\blur_s2.0.jpg
cifake_2579 (8),blur_s2.0,cifake,real,0,0.5805707573890686,data\cache\clean\test\cifake_2579 (8)\blur_s2.0.jpg
cifake_2660,blur_s2.0,cifake,real,0,0.9734148383140564,data\cache\clean\test\cifake_2660\blur_s2.0.jpg
cifake_2874 (4),blur_s2.0,cifake,real,0,0.540327787399292,data\cache\clean\test\cifake_2874 (4)\blur_s2.0.jpg
cifake_2998 (7),blur_s2.0,cifake,real,0,0.683077335357666,data\cache\clean\test\cifake_2998 (7)\blur_s2.0.jpg
cifake_3129 (9),blur_s2.0,cifake,real,0,0.6358450651168823,data\cache\clean\test\cifake_3129 (9)\blur_s2.0.jpg
cifake_3891 (3),blur_s2.0,cifake,real,0,0.7030397653579712,data\cache\clean\test\cifake_3891 (3)\blur_s2.0.jpg
cifake_4369,blur_s2.0,cifake,real,0,0.8963167667388916,data\cache\clean\test\cifake_4369\blur_s2.0.jpg
cifake_4592 (10),blur_s2.0,cifake,real,0,0.8008677363395691,data\cache\clean\test\cifake_4592 (10)\blur_s2.0.jpg
cifake_4660 (5),blur_s2.0,cifake,real,0,0.9963623881340027,data\cache\clean\test\cifake_4660 (5)\blur_s2.0.jpg
cifake_4673 (5),blur_s2.0,cifake,real,0,0.8550692200660706,data\cache\clean\test\cifake_4673 (5)\blur_s2.0.jpg
sidset_01d31beadaa634e8,blur_s2.0,sidset,real,0,0.8700767159461975,data\cache\clean\test\sidset_01d31beadaa634e8\blur_s2.0.jpg
sidset_036df955965cb2f9,blur_s2.0,sidset,real,0,0.9326151013374329,data\cache\clean\test\sidset_036df955965cb2f9\blur_s2.0.jpg
sidset_038789965a8f7606,blur_s2.0,sidset,real,0,0.9803836941719055,data\cache\clean\test\sidset_038789965a8f7606\blur_s2.0.jpg
sidset_04dca235b99ad328,blur_s2.0,sidset,real,0,0.5104674696922302,data\cache\clean\test\sidset_04dca235b99ad328\blur_s2.0.jpg
sidset_09e779f2616dde26,blur_s2.0,sidset,real,0,0.7642791271209717,data\cache\clean\test\sidset_09e779f2616dde26\blur_s2.0.jpg
sidset_09f7329f0c1c9fd4,blur_s2.0,sidset,real,0,0.9508808255195618,data\cache\clean\test\sidset_09f7329f0c1c9fd4\blur_s2.0.jpg
sidset_0f8102c25fc764ea,blur_s2.0,sidset,real,0,0.9276435375213623,data\cache\clean\test\sidset_0f8102c25fc764ea\blur_s2.0.jpg
sidset_13a6bf4eaf05914a,blur_s2.0,sidset,real,0,0.5162369012832642,data\cache\clean\test\sidset_13a6bf4eaf05914a\blur_s2.0.jpg
sidset_1409961a28ec7db5,blur_s2.0,sidset,real,0,0.905348002910614,data\cache\clean\test\sidset_1409961a28ec7db5\blur_s2.0.jpg
sidset_14312756c1c94efa,blur_s2.0,sidset,real,0,0.910219669342041,data\cache\clean\test\sidset_14312756c1c94efa\blur_s2.0.jpg
sidset_1577f06c8ee59ef0,blur_s2.0,sidset,real,0,0.6935326457023621,data\cache\clean\test\sidset_1577f06c8ee59ef0\blur_s2.0.jpg
sidset_19a1dd0dde3ed26c,blur_s2.0,sidset,real,0,0.6248021721839905,data\cache\clean\test\sidset_19a1dd0dde3ed26c\blur_s2.0.jpg
sidset_1b20d1ec3fd5a56f,blur_s2.0,sidset,real,0,0.5265468955039978,data\cache\clean\test\sidset_1b20d1ec3fd5a56f\blur_s2.0.jpg
sidset_1c5e2d6d698b5e89,blur_s2.0,sidset,real,0,0.654427170753479,data\cache\clean\test\sidset_1c5e2d6d698b5e89\blur_s2.0.jpg
sidset_1d24e17c0f598d7a,blur_s2.0,sidset,real,0,0.9909821152687073,data\cache\clean\test\sidset_1d24e17c0f598d7a\blur_s2.0.jpg
sidset_1d49d26ca0273da6,blur_s2.0,sidset,real,0,0.9967936873435974,data\cache\clean\test\sidset_1d49d26ca0273da6\blur_s2.0.jpg
sidset_1dff9756ab9d9e0a,blur_s2.0,sidset,real,0,0.5104942321777344,data\cache\clean\test\sidset_1dff9756ab9d9e0a\blur_s2.0.jpg
sidset_1ea22329e992bb73,blur_s2.0,sidset,real,0,0.7601829767227173,data\cache\clean\test\sidset_1ea22329e992bb73\blur_s2.0.jpg
sidset_1ec791166ce27275,blur_s2.0,sidset,real,0,0.8227702379226685,data\cache\clean\test\sidset_1ec791166ce27275\blur_s2.0.jpg
sidset_22b07f2ffcaf319c,blur_s2.0,sidset,real,0,0.8638800382614136,data\cache\clean\test\sidset_22b07f2ffcaf319c\blur_s2.0.jpg
sidset_3366fe07253694af,blur_s2.0,sidset,real,0,0.6582439541816711,data\cache\clean\test\sidset_3366fe07253694af\blur_s2.0.jpg
sidset_3beca4d6152a4aa5,blur_s2.0,sidset,real,0,0.6245228052139282,data\cache\clean\test\sidset_3beca4d6152a4aa5\blur_s2.0.jpg
sidset_3fbc4c1574ef987d,blur_s2.0,sidset,real,0,0.9249285459518433,data\cache\clean\test\sidset_3fbc4c1574ef987d\blur_s2.0.jpg
sidset_405f8f3229fd3f3a,blur_s2.0,sidset,real,0,0.5969358086585999,data\cache\clean\test\sidset_405f8f3229fd3f3a\blur_s2.0.jpg
sidset_4566671bd4a332e8,blur_s2.0,sidset,real,0,0.6330528855323792,data\cache\clean\test\sidset_4566671bd4a332e8\blur_s2.0.jpg
sidset_45a6cb8b20ae57d2,blur_s2.0,sidset,real,0,0.9912080764770508,data\cache\clean\test\sidset_45a6cb8b20ae57d2\blur_s2.0.jpg
sidset_4e4b9b1d6e8b2aca,blur_s2.0,sidset,real,0,0.8847399353981018,data\cache\clean\test\sidset_4e4b9b1d6e8b2aca\blur_s2.0.jpg
sidset_4efd021afbfb3ae6,blur_s2.0,sidset,real,0,0.6123007535934448,data\cache\clean\test\sidset_4efd021afbfb3ae6\blur_s2.0.jpg
sidset_51655a8a28f25f11,blur_s2.0,sidset,real,0,0.9529045224189758,data\cache\clean\test\sidset_51655a8a28f25f11\blur_s2.0.jpg
sidset_523fede5def083dd,blur_s2.0,sidset,real,0,0.7139031887054443,data\cache\clean\test\sidset_523fede5def083dd\blur_s2.0.jpg
sidset_5936454130919f70,blur_s2.0,sidset,real,0,0.6738067269325256,data\cache\clean\test\sidset_5936454130919f70\blur_s2.0.jpg
sidset_59d5d634b8531991,blur_s2.0,sidset,real,0,0.9634055495262146,data\cache\clean\test\sidset_59d5d634b8531991\blur_s2.0.jpg
sidset_59e78921fe0be3d3,blur_s2.0,sidset,real,0,0.5950793623924255,data\cache\clean\test\sidset_59e78921fe0be3d3\blur_s2.0.jpg
sidset_5b8f12b78d13bfcd,blur_s2.0,sidset,real,0,0.9811694025993347,data\cache\clean\test\sidset_5b8f12b78d13bfcd\blur_s2.0.jpg
sidset_5ba522a91162ae70,blur_s2.0,sidset,real,0,0.9996317625045776,data\cache\clean\test\sidset_5ba522a91162ae70\blur_s2.0.jpg
sidset_5fd49a9afbba9bd6,blur_s2.0,sidset,real,0,0.9989270567893982,data\cache\clean\test\sidset_5fd49a9afbba9bd6\blur_s2.0.jpg
sidset_615f67f3acd96d5c,blur_s2.0,sidset,real,0,0.7858704924583435,data\cache\clean\test\sidset_615f67f3acd96d5c\blur_s2.0.jpg
sidset_62d3110113ec4633,blur_s2.0,sidset,real,0,0.8597115278244019,data\cache\clean\test\sidset_62d3110113ec4633\blur_s2.0.jpg
sidset_65d4916b9f3f47ba,blur_s2.0,sidset,real,0,0.6573975682258606,data\cache\clean\test\sidset_65d4916b9f3f47ba\blur_s2.0.jpg
sidset_6729908303ffe2ce,blur_s2.0,sidset,real,0,0.9786237478256226,data\cache\clean\test\sidset_6729908303ffe2ce\blur_s2.0.jpg
sidset_67e679dca692a59d,blur_s2.0,sidset,real,0,0.9801079630851746,data\cache\clean\test\sidset_67e679dca692a59d\blur_s2.0.jpg
sidset_68f0479b7dde7700,blur_s2.0,sidset,real,0,0.6546133160591125,data\cache\clean\test\sidset_68f0479b7dde7700\blur_s2.0.jpg
sidset_6a9b88d93d860623,blur_s2.0,sidset,real,0,0.7921835780143738,data\cache\clean\test\sidset_6a9b88d93d860623\blur_s2.0.jpg
sidset_6ae976e8966ec975,blur_s2.0,sidset,real,0,0.6768035888671875,data\cache\clean\test\sidset_6ae976e8966ec975\blur_s2.0.jpg
sidset_6b7167d906f4ff1f,blur_s2.0,sidset,real,0,0.9601531028747559,data\cache\clean\test\sidset_6b7167d906f4ff1f\blur_s2.0.jpg
sidset_6b8ac1d4f89a0ffa,blur_s2.0,sidset,real,0,0.9082452058792114,data\cache\clean\test\sidset_6b8ac1d4f89a0ffa\blur_s2.0.jpg
sidset_6f3ce9ca0af3863c,blur_s2.0,sidset,real,0,0.9730504751205444,data\cache\clean\test\sidset_6f3ce9ca0af3863c\blur_s2.0.jpg
sidset_715f3c6fc6f7ef1f,blur_s2.0,sidset,real,0,0.854346513748169,data\cache\clean\test\sidset_715f3c6fc6f7ef1f\blur_s2.0.jpg
sidset_759a21da57c25774,blur_s2.0,sidset,real,0,0.9996102452278137,data\cache\clean\test\sidset_759a21da57c25774\blur_s2.0.jpg
sidset_789adfb30711725a,blur_s2.0,sidset,real,0,0.6594005823135376,data\cache\clean\test\sidset_789adfb30711725a\blur_s2.0.jpg
sidset_7974984b83c15934,blur_s2.0,sidset,real,0,0.8276095986366272,data\cache\clean\test\sidset_7974984b83c15934\blur_s2.0.jpg
sidset_7b550aceb5ec111f,blur_s2.0,sidset,real,0,0.6859678626060486,data\cache\clean\test\sidset_7b550aceb5ec111f\blur_s2.0.jpg
sidset_7c1fff13774e270c,blur_s2.0,sidset,real,0,0.9716981649398804,data\cache\clean\test\sidset_7c1fff13774e270c\blur_s2.0.jpg
sidset_7d3102cbae765943,blur_s2.0,sidset,real,0,0.9695548415184021,data\cache\clean\test\sidset_7d3102cbae765943\blur_s2.0.jpg
sidset_7f1ce0ac000e1d6c,blur_s2.0,sidset,real,0,0.7450451850891113,data\cache\clean\test\sidset_7f1ce0ac000e1d6c\blur_s2.0.jpg
sidset_832e43df048c6d1a,blur_s2.0,sidset,real,0,0.7717849612236023,data\cache\clean\test\sidset_832e43df048c6d1a\blur_s2.0.jpg
sidset_85928afd9860bcb5,blur_s2.0,sidset,real,0,0.6037635803222656,data\cache\clean\test\sidset_85928afd9860bcb5\blur_s2.0.jpg
sidset_87e6f806902a63fc,blur_s2.0,sidset,real,0,0.5933234691619873,data\cache\clean\test\sidset_87e6f806902a63fc\blur_s2.0.jpg
sidset_8c3549f9f22a8f34,blur_s2.0,sidset,real,0,0.9951251149177551,data\cache\clean\test\sidset_8c3549f9f22a8f34\blur_s2.0.jpg
sidset_918190e0dd7fc829,blur_s2.0,sidset,real,0,0.999158501625061,data\cache\clean\test\sidset_918190e0dd7fc829\blur_s2.0.jpg
sidset_9548acaeca2f5124,blur_s2.0,sidset,real,0,0.7268536686897278,data\cache\clean\test\sidset_9548acaeca2f5124\blur_s2.0.jpg
sidset_981012b937df03d0,blur_s2.0,sidset,real,0,0.6574608683586121,data\cache\clean\test\sidset_981012b937df03d0\blur_s2.0.jpg
sidset_9811f04611ad082c,blur_s2.0,sidset,real,0,0.8432912826538086,data\cache\clean\test\sidset_9811f04611ad082c\blur_s2.0.jpg
sidset_9915729405b9e03e,blur_s2.0,sidset,real,0,0.6847069263458252,data\cache\clean\test\sidset_9915729405b9e03e\blur_s2.0.jpg
sidset_995429a562f1aed2,blur_s2.0,sidset,real,0,0.9980360865592957,data\cache\clean\test\sidset_995429a562f1aed2\blur_s2.0.jpg
sidset_9ad980e066bd4c5e,blur_s2.0,sidset,real,0,0.7625842690467834,data\cache\clean\test\sidset_9ad980e066bd4c5e\blur_s2.0.jpg
sidset_9b5464ba8debcd10,blur_s2.0,sidset,real,0,0.6580557823181152,data\cache\clean\test\sidset_9b5464ba8debcd10\blur_s2.0.jpg
sidset_9e2a9b16ff46f867,blur_s2.0,sidset,real,0,0.9439598917961121,data\cache\clean\test\sidset_9e2a9b16ff46f867\blur_s2.0.jpg
sidset_9fef864f1f832f63,blur_s2.0,sidset,real,0,0.6718951463699341,data\cache\clean\test\sidset_9fef864f1f832f63\blur_s2.0.jpg
sidset_a02993bbac9bbcb4,blur_s2.0,sidset,real,0,0.7298778891563416,data\cache\clean\test\sidset_a02993bbac9bbcb4\blur_s2.0.jpg
sidset_a8ad741ef85002f3,blur_s2.0,sidset,real,0,0.7367938160896301,data\cache\clean\test\sidset_a8ad741ef85002f3\blur_s2.0.jpg
sidset_ab4f5a8a2f533316,blur_s2.0,sidset,real,0,0.6878386735916138,data\cache\clean\test\sidset_ab4f5a8a2f533316\blur_s2.0.jpg
sidset_afe2c3d2863b693b,blur_s2.0,sidset,real,0,0.7055493593215942,data\cache\clean\test\sidset_afe2c3d2863b693b\blur_s2.0.jpg
sidset_b230de6baca8d392,blur_s2.0,sidset,real,0,0.8575282692909241,data\cache\clean\test\sidset_b230de6baca8d392\blur_s2.0.jpg
sidset_b4f4dcd2e7617eea,blur_s2.0,sidset,real,0,0.6275774836540222,data\cache\clean\test\sidset_b4f4dcd2e7617eea\blur_s2.0.jpg
sidset_b7e2bd65518fb887,blur_s2.0,sidset,real,0,0.5449468493461609,data\cache\clean\test\sidset_b7e2bd65518fb887\blur_s2.0.jpg
sidset_bafdbc8a8d68c696,blur_s2.0,sidset,real,0,0.7989218235015869,data\cache\clean\test\sidset_bafdbc8a8d68c696\blur_s2.0.jpg
sidset_bc280ffeb57ce51b,blur_s2.0,sidset,real,0,0.641481339931488,data\cache\clean\test\sidset_bc280ffeb57ce51b\blur_s2.0.jpg
sidset_bc70b06f0d603efd,blur_s2.0,sidset,real,0,0.9999996423721313,data\cache\clean\test\sidset_bc70b06f0d603efd\blur_s2.0.jpg
sidset_bddc30edb2816122,blur_s2.0,sidset,real,0,0.7804364562034607,data\cache\clean\test\sidset_bddc30edb2816122\blur_s2.0.jpg
sidset_bf236ad30956e497,blur_s2.0,sidset,real,0,0.5679273009300232,data\cache\clean\test\sidset_bf236ad30956e497\blur_s2.0.jpg
sidset_bf7100f88bf3b0f3,blur_s2.0,sidset,real,0,0.6526411175727844,data\cache\clean\test\sidset_bf7100f88bf3b0f3\blur_s2.0.jpg
sidset_c2f7255d9f5d9469,blur_s2.0,sidset,real,0,0.9483402371406555,data\cache\clean\test\sidset_c2f7255d9f5d9469\blur_s2.0.jpg
sidset_c33edc6a23ae9d6b,blur_s2.0,sidset,real,0,0.7228630185127258,data\cache\clean\test\sidset_c33edc6a23ae9d6b\blur_s2.0.jpg
sidset_c3c41d4a18529a16,blur_s2.0,sidset,real,0,0.930073082447052,data\cache\clean\test\sidset_c3c41d4a18529a16\blur_s2.0.jpg
sidset_c4527bae1db9f157,blur_s2.0,sidset,real,0,0.5437928438186646,data\cache\clean\test\sidset_c4527bae1db9f157\blur_s2.0.jpg
sidset_c47a1c5427ee9d26,blur_s2.0,sidset,real,0,0.9768516421318054,data\cache\clean\test\sidset_c47a1c5427ee9d26\blur_s2.0.jpg
sidset_c51e9f52ce3dbd67,blur_s2.0,sidset,real,0,0.7888091206550598,data\cache\clean\test\sidset_c51e9f52ce3dbd67\blur_s2.0.jpg
sidset_c5a378b0ea24d25e,blur_s2.0,sidset,real,0,0.7756983041763306,data\cache\clean\test\sidset_c5a378b0ea24d25e\blur_s2.0.jpg
sidset_c72eaa7da48ea3f1,blur_s2.0,sidset,real,0,0.7324550151824951,data\cache\clean\test\sidset_c72eaa7da48ea3f1\blur_s2.0.jpg
sidset_c790c7ca03b21797,blur_s2.0,sidset,real,0,0.6966978907585144,data\cache\clean\test\sidset_c790c7ca03b21797\blur_s2.0.jpg
sidset_c90419b9eb89527a,blur_s2.0,sidset,real,0,0.9979871511459351,data\cache\clean\test\sidset_c90419b9eb89527a\blur_s2.0.jpg
sidset_cac550631e35c126,blur_s2.0,sidset,real,0,0.9813038110733032,data\cache\clean\test\sidset_cac550631e35c126\blur_s2.0.jpg
sidset_cd120c52d3b96cca,blur_s2.0,sidset,real,0,0.8947456479072571,data\cache\clean\test\sidset_cd120c52d3b96cca\blur_s2.0.jpg
sidset_ce09a25a50fdfe47,blur_s2.0,sidset,real,0,0.9758647084236145,data\cache\clean\test\sidset_ce09a25a50fdfe47\blur_s2.0.jpg
sidset_d177df42ac3e071e,blur_s2.0,sidset,real,0,0.6061620712280273,data\cache\clean\test\sidset_d177df42ac3e071e\blur_s2.0.jpg
sidset_d1bccd9512c32cdc,blur_s2.0,sidset,real,0,0.752787172794342,data\cache\clean\test\sidset_d1bccd9512c32cdc\blur_s2.0.jpg
sidset_d3d78752fef3f3c4,blur_s2.0,sidset,real,0,0.7350999116897583,data\cache\clean\test\sidset_d3d78752fef3f3c4\blur_s2.0.jpg
sidset_d482661389f951ac,blur_s2.0,sidset,real,0,0.924257755279541,data\cache\clean\test\sidset_d482661389f951ac\blur_s2.0.jpg
sidset_dcc4eb3a61fc711a,blur_s2.0,sidset,real,0,0.6916717290878296,data\cache\clean\test\sidset_dcc4eb3a61fc711a\blur_s2.0.jpg
sidset_de2d4b37000ff09c,blur_s2.0,sidset,real,0,0.8654835820198059,data\cache\clean\test\sidset_de2d4b37000ff09c\blur_s2.0.jpg
sidset_e19c80d7ff2e201b,blur_s2.0,sidset,real,0,0.991671085357666,data\cache\clean\test\sidset_e19c80d7ff2e201b\blur_s2.0.jpg
sidset_e35ca53982ee8372,blur_s2.0,sidset,real,0,0.7394453883171082,data\cache\clean\test\sidset_e35ca53982ee8372\blur_s2.0.jpg
sidset_e547ceb84d50e7bf,blur_s2.0,sidset,real,0,0.9352893233299255,data\cache\clean\test\sidset_e547ceb84d50e7bf\blur_s2.0.jpg
sidset_e73a5a7ccc6dabc2,blur_s2.0,sidset,real,0,0.9198954701423645,data\cache\clean\test\sidset_e73a5a7ccc6dabc2\blur_s2.0.jpg
sidset_e75efd006759f4d0,blur_s2.0,sidset,real,0,0.6085761189460754,data\cache\clean\test\sidset_e75efd006759f4d0\blur_s2.0.jpg
sidset_f20a6b1e60fc7de3,blur_s2.0,sidset,real,0,0.6994426250457764,data\cache\clean\test\sidset_f20a6b1e60fc7de3\blur_s2.0.jpg
sidset_f250696304a3be0e,blur_s2.0,sidset,real,0,0.5898529291152954,data\cache\clean\test\sidset_f250696304a3be0e\blur_s2.0.jpg
sidset_fac95db1f3df9775,blur_s2.0,sidset,real,0,0.9490551352500916,data\cache\clean\test\sidset_fac95db1f3df9775\blur_s2.0.jpg
cifake_0085,color_down,cifake,real,0,0.8648362159729004,data\cache\clean\test\cifake_0085\color_down.jpg
cifake_0089 (3),color_down,cifake,real,0,0.9798063039779663,data\cache\clean\test\cifake_0089 (3)\color_down.jpg
cifake_0343 (6),color_down,cifake,real,0,0.9778987169265747,data\cache\clean\test\cifake_0343 (6)\color_down.jpg
cifake_0485 (9),color_down,cifake,real,0,0.5215591788291931,data\cache\clean\test\cifake_0485 (9)\color_down.jpg
cifake_0618 (3),color_down,cifake,real,0,0.5301787257194519,data\cache\clean\test\cifake_0618 (3)\color_down.jpg
cifake_0793,color_down,cifake,real,0,0.925674557685852,data\cache\clean\test\cifake_0793\color_down.jpg
cifake_0967 (9),color_down,cifake,real,0,0.8959612846374512,data\cache\clean\test\cifake_0967 (9)\color_down.jpg
cifake_1139,color_down,cifake,real,0,0.9838114380836487,data\cache\clean\test\cifake_1139\color_down.jpg
cifake_1306 (9),color_down,cifake,real,0,0.7351820468902588,data\cache\clean\test\cifake_1306 (9)\color_down.jpg
cifake_1331 (2),color_down,cifake,real,0,0.6468836069107056,data\cache\clean\test\cifake_1331 (2)\color_down.jpg
cifake_2122,color_down,cifake,real,0,0.9881707429885864,data\cache\clean\test\cifake_2122\color_down.jpg
cifake_2500 (3),color_down,cifake,real,0,0.7307091951370239,data\cache\clean\test\cifake_2500 (3)\color_down.jpg
cifake_2660,color_down,cifake,real,0,0.688130259513855,data\cache\clean\test\cifake_2660\color_down.jpg
cifake_3129 (9),color_down,cifake,real,0,0.839035153388977,data\cache\clean\test\cifake_3129 (9)\color_down.jpg
cifake_3280 (8),color_down,cifake,real,0,0.7452518939971924,data\cache\clean\test\cifake_3280 (8)\color_down.jpg
cifake_4111 (9),color_down,cifake,real,0,0.6908344626426697,data\cache\clean\test\cifake_4111 (9)\color_down.jpg
cifake_4369,color_down,cifake,real,0,0.865849494934082,data\cache\clean\test\cifake_4369\color_down.jpg
cifake_4609 (2),color_down,cifake,real,0,0.6609197854995728,data\cache\clean\test\cifake_4609 (2)\color_down.jpg
cifake_4660 (5),color_down,cifake,real,0,0.9232068061828613,data\cache\clean\test\cifake_4660 (5)\color_down.jpg
cifake_4673 (5),color_down,cifake,real,0,0.9585734009742737,data\cache\clean\test\cifake_4673 (5)\color_down.jpg
sidset_00d6650eafabf1b3,color_down,sidset,real,0,0.8483157157897949,data\cache\clean\test\sidset_00d6650eafabf1b3\color_down.jpg
sidset_01cc1b0f620bd54f,color_down,sidset,real,0,0.9520880579948425,data\cache\clean\test\sidset_01cc1b0f620bd54f\color_down.jpg
sidset_01cfa603553a1a45,color_down,sidset,real,0,0.5834711790084839,data\cache\clean\test\sidset_01cfa603553a1a45\color_down.jpg
sidset_01d31beadaa634e8,color_down,sidset,real,0,0.8393407464027405,data\cache\clean\test\sidset_01d31beadaa634e8\color_down.jpg
sidset_036df955965cb2f9,color_down,sidset,real,0,0.9824661016464233,data\cache\clean\test\sidset_036df955965cb2f9\color_down.jpg
sidset_038789965a8f7606,color_down,sidset,real,0,0.9919537901878357,data\cache\clean\test\sidset_038789965a8f7606\color_down.jpg
sidset_04c57e00f9d1b966,color_down,sidset,real,0,0.7411910891532898,data\cache\clean\test\sidset_04c57e00f9d1b966\color_down.jpg
sidset_0819e112dbbe3cb8,color_down,sidset,real,0,0.9716622233390808,data\cache\clean\test\sidset_0819e112dbbe3cb8\color_down.jpg
sidset_09e779f2616dde26,color_down,sidset,real,0,0.9668731689453125,data\cache\clean\test\sidset_09e779f2616dde26\color_down.jpg
sidset_09f7329f0c1c9fd4,color_down,sidset,real,0,0.9033422470092773,data\cache\clean\test\sidset_09f7329f0c1c9fd4\color_down.jpg
sidset_0e8025a1493dc563,color_down,sidset,real,0,0.7545341849327087,data\cache\clean\test\sidset_0e8025a1493dc563\color_down.jpg
sidset_0f8102c25fc764ea,color_down,sidset,real,0,0.974464476108551,data\cache\clean\test\sidset_0f8102c25fc764ea\color_down.jpg
sidset_13a6bf4eaf05914a,color_down,sidset,real,0,0.8245952129364014,data\cache\clean\test\sidset_13a6bf4eaf05914a\color_down.jpg
sidset_1409961a28ec7db5,color_down,sidset,real,0,0.9861127734184265,data\cache\clean\test\sidset_1409961a28ec7db5\color_down.jpg
sidset_14312756c1c94efa,color_down,sidset,real,0,0.6159127950668335,data\cache\clean\test\sidset_14312756c1c94efa\color_down.jpg
sidset_1577f06c8ee59ef0,color_down,sidset,real,0,0.765489935874939,data\cache\clean\test\sidset_1577f06c8ee59ef0\color_down.jpg
sidset_165e94520f73e349,color_down,sidset,real,0,0.9841719269752502,data\cache\clean\test\sidset_165e94520f73e349\color_down.jpg
sidset_19a1dd0dde3ed26c,color_down,sidset,real,0,0.8919160962104797,data\cache\clean\test\sidset_19a1dd0dde3ed26c\color_down.jpg
sidset_1ac2b808424b8d8b,color_down,sidset,real,0,0.6661403179168701,data\cache\clean\test\sidset_1ac2b808424b8d8b\color_down.jpg
sidset_1b20d1ec3fd5a56f,color_down,sidset,real,0,0.9202781915664673,data\cache\clean\test\sidset_1b20d1ec3fd5a56f\color_down.jpg
sidset_1cae0a8c943c87f1,color_down,sidset,real,0,0.7565544843673706,data\cache\clean\test\sidset_1cae0a8c943c87f1\color_down.jpg
sidset_1d24e17c0f598d7a,color_down,sidset,real,0,0.8017593026161194,data\cache\clean\test\sidset_1d24e17c0f598d7a\color_down.jpg
sidset_1d49d26ca0273da6,color_down,sidset,real,0,0.9997617602348328,data\cache\clean\test\sidset_1d49d26ca0273da6\color_down.jpg
sidset_1ec791166ce27275,color_down,sidset,real,0,0.9427652955055237,data\cache\clean\test\sidset_1ec791166ce27275\color_down.jpg
sidset_230a893e83782a7f,color_down,sidset,real,0,0.9320226907730103,data\cache\clean\test\sidset_230a893e83782a7f\color_down.jpg
sidset_2387febf3723ff05,color_down,sidset,real,0,0.8652085661888123,data\cache\clean\test\sidset_2387febf3723ff05\color_down.jpg
sidset_326f495eb261b65e,color_down,sidset,real,0,0.8200556635856628,data\cache\clean\test\sidset_326f495eb261b65e\color_down.jpg
sidset_333b018473a06c71,color_down,sidset,real,0,0.7684783339500427,data\cache\clean\test\sidset_333b018473a06c71\color_down.jpg
sidset_351df796b93ed2b5,color_down,sidset,real,0,0.7038415670394897,data\cache\clean\test\sidset_351df796b93ed2b5\color_down.jpg
sidset_3beca4d6152a4aa5,color_down,sidset,real,0,0.933075487613678,data\cache\clean\test\sidset_3beca4d6152a4aa5\color_down.jpg
sidset_405f8f3229fd3f3a,color_down,sidset,real,0,0.7811946272850037,data\cache\clean\test\sidset_405f8f3229fd3f3a\color_down.jpg
sidset_41d1e9323b7236bd,color_down,sidset,real,0,0.9612531065940857,data\cache\clean\test\sidset_41d1e9323b7236bd\color_down.jpg
sidset_41fb52633e2258f5,color_down,sidset,real,0,0.6309478282928467,data\cache\clean\test\sidset_41fb52633e2258f5\color_down.jpg
sidset_44062c28bab0688d,color_down,sidset,real,0,0.5257391333580017,data\cache\clean\test\sidset_44062c28bab0688d\color_down.jpg
sidset_4566671bd4a332e8,color_down,sidset,real,0,0.7099353075027466,data\cache\clean\test\sidset_4566671bd4a332e8\color_down.jpg
sidset_45a6cb8b20ae57d2,color_down,sidset,real,0,0.8714044690132141,data\cache\clean\test\sidset_45a6cb8b20ae57d2\color_down.jpg
sidset_4e4b9b1d6e8b2aca,color_down,sidset,real,0,0.8892347812652588,data\cache\clean\test\sidset_4e4b9b1d6e8b2aca\color_down.jpg
sidset_5125ff3ebc4e3bdb,color_down,sidset,real,0,0.8554733395576477,data\cache\clean\test\sidset_5125ff3ebc4e3bdb\color_down.jpg
sidset_51655a8a28f25f11,color_down,sidset,real,0,0.9677709937095642,data\cache\clean\test\sidset_51655a8a28f25f11\color_down.jpg
sidset_523fede5def083dd,color_down,sidset,real,0,0.5479095578193665,data\cache\clean\test\sidset_523fede5def083dd\color_down.jpg
sidset_52abd3a1d147812f,color_down,sidset,real,0,0.9765631556510925,data\cache\clean\test\sidset_52abd3a1d147812f\color_down.jpg
sidset_52bf81b2d7f84101,color_down,sidset,real,0,0.9450547099113464,data\cache\clean\test\sidset_52bf81b2d7f84101\color_down.jpg
sidset_55ed6c0bbd54e07d,color_down,sidset,real,0,0.9711125493049622,data\cache\clean\test\sidset_55ed6c0bbd54e07d\color_down.jpg
sidset_5936454130919f70,color_down,sidset,real,0,0.5923063158988953,data\cache\clean\test\sidset_5936454130919f70\color_down.jpg
sidset_59d5d634b8531991,color_down,sidset,real,0,0.6711065173149109,data\cache\clean\test\sidset_59d5d634b8531991\color_down.jpg
sidset_59e78921fe0be3d3,color_down,sidset,real,0,0.8547802567481995,data\cache\clean\test\sidset_59e78921fe0be3d3\color_down.jpg
sidset_59fe7b3f437e993b,color_down,sidset,real,0,0.8805646896362305,data\cache\clean\test\sidset_59fe7b3f437e993b\color_down.jpg
sidset_5a165a26bf8ca4be,color_down,sidset,real,0,0.8727853298187256,data\cache\clean\test\sidset_5a165a26bf8ca4be\color_down.jpg
sidset_5b8f12b78d13bfcd,color_down,sidset,real,0,0.9889516234397888,data\cache\clean\test\sidset_5b8f12b78d13bfcd\color_down.jpg
sidset_5ba522a91162ae70,color_down,sidset,real,0,0.9996289014816284,data\cache\clean\test\sidset_5ba522a91162ae70\color_down.jpg
sidset_5e68348a6cb40819,color_down,sidset,real,0,0.5113806128501892,data\cache\clean\test\sidset_5e68348a6cb40819\color_down.jpg
sidset_5fd49a9afbba9bd6,color_down,sidset,real,0,0.9716520309448242,data\cache\clean\test\sidset_5fd49a9afbba9bd6\color_down.jpg
sidset_6064863bdd6ff466,color_down,sidset,real,0,0.5407031178474426,data\cache\clean\test\sidset_6064863bdd6ff466\color_down.jpg
sidset_615f67f3acd96d5c,color_down,sidset,real,0,0.6703715920448303,data\cache\clean\test\sidset_615f67f3acd96d5c\color_down.jpg
sidset_62d3110113ec4633,color_down,sidset,real,0,0.956992506980896,data\cache\clean\test\sidset_62d3110113ec4633\color_down.jpg
sidset_656e08da323e3b5e,color_down,sidset,real,0,0.9067789316177368,data\cache\clean\test\sidset_656e08da323e3b5e\color_down.jpg
sidset_660fbbd053050f25,color_down,sidset,real,0,0.6294212341308594,data\cache\clean\test\sidset_660fbbd053050f25\color_down.jpg
sidset_6729908303ffe2ce,color_down,sidset,real,0,0.9987401366233826,data\cache\clean\test\sidset_6729908303ffe2ce\color_down.jpg
sidset_67e679dca692a59d,color_down,sidset,real,0,0.9770864844322205,data\cache\clean\test\sidset_67e679dca692a59d\color_down.jpg
sidset_68f0479b7dde7700,color_down,sidset,real,0,0.8513389825820923,data\cache\clean\test\sidset_68f0479b7dde7700\color_down.jpg
sidset_6ae976e8966ec975,color_down,sidset,real,0,0.6061751842498779,data\cache\clean\test\sidset_6ae976e8966ec975\color_down.jpg
sidset_6f3ce9ca0af3863c,color_down,sidset,real,0,0.9536629319190979,data\cache\clean\test\sidset_6f3ce9ca0af3863c\color_down.jpg
sidset_715f3c6fc6f7ef1f,color_down,sidset,real,0,0.8116936683654785,data\cache\clean\test\sidset_715f3c6fc6f7ef1f\color_down.jpg
sidset_759a21da57c25774,color_down,sidset,real,0,0.9987325072288513,data\cache\clean\test\sidset_759a21da57c25774\color_down.jpg
sidset_75c4b6f64d7849f6,color_down,sidset,real,0,0.7932352423667908,data\cache\clean\test\sidset_75c4b6f64d7849f6\color_down.jpg
sidset_789adfb30711725a,color_down,sidset,real,0,0.6108109951019287,data\cache\clean\test\sidset_789adfb30711725a\color_down.jpg
sidset_7974984b83c15934,color_down,sidset,real,0,0.802590548992157,data\cache\clean\test\sidset_7974984b83c15934\color_down.jpg
sidset_7b550aceb5ec111f,color_down,sidset,real,0,0.9983730316162109,data\cache\clean\test\sidset_7b550aceb5ec111f\color_down.jpg
sidset_7c1fff13774e270c,color_down,sidset,real,0,0.9944242835044861,data\cache\clean\test\sidset_7c1fff13774e270c\color_down.jpg
sidset_7f1ce0ac000e1d6c,color_down,sidset,real,0,0.7496188282966614,data\cache\clean\test\sidset_7f1ce0ac000e1d6c\color_down.jpg
sidset_82cbb50e3941115f,color_down,sidset,real,0,0.893968403339386,data\cache\clean\test\sidset_82cbb50e3941115f\color_down.jpg
sidset_832e43df048c6d1a,color_down,sidset,real,0,0.8760705590248108,data\cache\clean\test\sidset_832e43df048c6d1a\color_down.jpg
sidset_847120c126ba55f8,color_down,sidset,real,0,0.5132258534431458,data\cache\clean\test\sidset_847120c126ba55f8\color_down.jpg
sidset_8619862cda88466c,color_down,sidset,real,0,0.7698491811752319,data\cache\clean\test\sidset_8619862cda88466c\color_down.jpg
sidset_87d1c36b80601bcb,color_down,sidset,real,0,0.542422890663147,data\cache\clean\test\sidset_87d1c36b80601bcb\color_down.jpg
sidset_87e6f806902a63fc,color_down,sidset,real,0,0.509150505065918,data\cache\clean\test\sidset_87e6f806902a63fc\color_down.jpg
sidset_8865c586ab64c0f9,color_down,sidset,real,0,0.6870786547660828,data\cache\clean\test\sidset_8865c586ab64c0f9\color_down.jpg
sidset_8c3549f9f22a8f34,color_down,sidset,real,0,0.9977045655250549,data\cache\clean\test\sidset_8c3549f9f22a8f34\color_down.jpg
sidset_8d41ffee1fc53ffe,color_down,sidset,real,0,0.7127824425697327,data\cache\clean\test\sidset_8d41ffee1fc53ffe\color_down.jpg
sidset_918190e0dd7fc829,color_down,sidset,real,0,0.9995614886283875,data\cache\clean\test\sidset_918190e0dd7fc829\color_down.jpg
sidset_9548acaeca2f5124,color_down,sidset,real,0,0.8222973346710205,data\cache\clean\test\sidset_9548acaeca2f5124\color_down.jpg
sidset_981012b937df03d0,color_down,sidset,real,0,0.5632110238075256,data\cache\clean\test\sidset_981012b937df03d0\color_down.jpg
sidset_9811f04611ad082c,color_down,sidset,real,0,0.8607980012893677,data\cache\clean\test\sidset_9811f04611ad082c\color_down.jpg
sidset_995429a562f1aed2,color_down,sidset,real,0,0.9971843361854553,data\cache\clean\test\sidset_995429a562f1aed2\color_down.jpg
sidset_9ad980e066bd4c5e,color_down,sidset,real,0,0.7238466739654541,data\cache\clean\test\sidset_9ad980e066bd4c5e\color_down.jpg
sidset_9b5464ba8debcd10,color_down,sidset,real,0,0.6577253341674805,data\cache\clean\test\sidset_9b5464ba8debcd10\color_down.jpg
sidset_9e2a9b16ff46f867,color_down,sidset,real,0,0.7876495122909546,data\cache\clean\test\sidset_9e2a9b16ff46f867\color_down.jpg
sidset_9e37d103bda1f813,color_down,sidset,real,0,0.6156535148620605,data\cache\clean\test\sidset_9e37d103bda1f813\color_down.jpg
sidset_a02993bbac9bbcb4,color_down,sidset,real,0,0.9240874648094177,data\cache\clean\test\sidset_a02993bbac9bbcb4\color_down.jpg
sidset_a0c976304a971d8f,color_down,sidset,real,0,0.5090019106864929,data\cache\clean\test\sidset_a0c976304a971d8f\color_down.jpg
sidset_a3032d75347e6fa2,color_down,sidset,real,0,0.7850613594055176,data\cache\clean\test\sidset_a3032d75347e6fa2\color_down.jpg
sidset_a4268c0135ca2c65,color_down,sidset,real,0,0.9907429814338684,data\cache\clean\test\sidset_a4268c0135ca2c65\color_down.jpg
sidset_a429805728e89e7d,color_down,sidset,real,0,0.690397322177887,data\cache\clean\test\sidset_a429805728e89e7d\color_down.jpg
sidset_a8c91bd501d586fa,color_down,sidset,real,0,0.7041298151016235,data\cache\clean\test\sidset_a8c91bd501d586fa\color_down.jpg
sidset_addaecf6bdb9e66b,color_down,sidset,real,0,0.8763965964317322,data\cache\clean\test\sidset_addaecf6bdb9e66b\color_down.jpg
sidset_af18b6bd4586f20d,color_down,sidset,real,0,0.9638373255729675,data\cache\clean\test\sidset_af18b6bd4586f20d\color_down.jpg
sidset_b230de6baca8d392,color_down,sidset,real,0,0.7932177186012268,data\cache\clean\test\sidset_b230de6baca8d392\color_down.jpg
sidset_bc280ffeb57ce51b,color_down,sidset,real,0,0.5367875099182129,data\cache\clean\test\sidset_bc280ffeb57ce51b\color_down.jpg
sidset_bc70b06f0d603efd,color_down,sidset,real,0,0.9999994039535522,data\cache\clean\test\sidset_bc70b06f0d603efd\color_down.jpg
sidset_bddc30edb2816122,color_down,sidset,real,0,0.7875134944915771,data\cache\clean\test\sidset_bddc30edb2816122\color_down.jpg
sidset_c104d5a827c3dc84,color_down,sidset,real,0,0.6559710502624512,data\cache\clean\test\sidset_c104d5a827c3dc84\color_down.jpg
sidset_c2f7255d9f5d9469,color_down,sidset,real,0,0.999498724937439,data\cache\clean\test\sidset_c2f7255d9f5d9469\color_down.jpg
sidset_c33edc6a23ae9d6b,color_down,sidset,real,0,0.9012648463249207,data\cache\clean\test\sidset_c33edc6a23ae9d6b\color_down.jpg
sidset_c3c41d4a18529a16,color_down,sidset,real,0,0.8861647844314575,data\cache\clean\test\sidset_c3c41d4a18529a16\color_down.jpg
sidset_c47a1c5427ee9d26,color_down,sidset,real,0,0.950153648853302,data\cache\clean\test\sidset_c47a1c5427ee9d26\color_down.jpg
sidset_c5a378b0ea24d25e,color_down,sidset,real,0,0.8899200558662415,data\cache\clean\test\sidset_c5a378b0ea24d25e\color_down.jpg
sidset_c5f4e20e7d2e391c,color_down,sidset,real,0,0.6392071843147278,data\cache\clean\test\sidset_c5f4e20e7d2e391c\color_down.jpg
sidset_c71adf7ec32fe698,color_down,sidset,real,0,0.7733494639396667,data\cache\clean\test\sidset_c71adf7ec32fe698\color_down.jpg
sidset_c8dc1e1cdf90714f,color_down,sidset,real,0,0.8143313527107239,data\cache\clean\test\sidset_c8dc1e1cdf90714f\color_down.jpg
sidset_c90419b9eb89527a,color_down,sidset,real,0,0.9961981177330017,data\cache\clean\test\sidset_c90419b9eb89527a\color_down.jpg
sidset_ca472f89d820942c,color_down,sidset,real,0,0.6189842224121094,data\cache\clean\test\sidset_ca472f89d820942c\color_down.jpg
sidset_cac550631e35c126,color_down,sidset,real,0,0.98173987865448,data\cache\clean\test\sidset_cac550631e35c126\color_down.jpg
sidset_ccf7149e158c1b96,color_down,sidset,real,0,0.5036830306053162,data\cache\clean\test\sidset_ccf7149e158c1b96\color_down.jpg
sidset_ce09a25a50fdfe47,color_down,sidset,real,0,0.9617466330528259,data\cache\clean\test\sidset_ce09a25a50fdfe47\color_down.jpg
sidset_cefabeb567a88f94,color_down,sidset,real,0,0.7241548299789429,data\cache\clean\test\sidset_cefabeb567a88f94\color_down.jpg
sidset_d0fea44f4c3d5825,color_down,sidset,real,0,0.5798773169517517,data\cache\clean\test\sidset_d0fea44f4c3d5825\color_down.jpg
sidset_d1bccd9512c32cdc,color_down,sidset,real,0,0.7619127631187439,data\cache\clean\test\sidset_d1bccd9512c32cdc\color_down.jpg
sidset_d7c9ba7b7774dcd9,color_down,sidset,real,0,0.5875266790390015,data\cache\clean\test\sidset_d7c9ba7b7774dcd9\color_down.jpg
sidset_dcc4eb3a61fc711a,color_down,sidset,real,0,0.9877256751060486,data\cache\clean\test\sidset_dcc4eb3a61fc711a\color_down.jpg
sidset_df24b3622104398d,color_down,sidset,real,0,0.5246219038963318,data\cache\clean\test\sidset_df24b3622104398d\color_down.jpg
sidset_df546351780cb733,color_down,sidset,real,0,0.9500336647033691,data\cache\clean\test\sidset_df546351780cb733\color_down.jpg
sidset_e19c80d7ff2e201b,color_down,sidset,real,0,0.9968907237052917,data\cache\clean\test\sidset_e19c80d7ff2e201b\color_down.jpg
sidset_e1a5cac65504c6d6,color_down,sidset,real,0,0.9315508604049683,data\cache\clean\test\sidset_e1a5cac65504c6d6\color_down.jpg
sidset_e21b0418ac95d9f8,color_down,sidset,real,0,0.719847559928894,data\cache\clean\test\sidset_e21b0418ac95d9f8\color_down.jpg
sidset_e35ca53982ee8372,color_down,sidset,real,0,0.8439652919769287,data\cache\clean\test\sidset_e35ca53982ee8372\color_down.jpg
sidset_e547ceb84d50e7bf,color_down,sidset,real,0,0.9998763799667358,data\cache\clean\test\sidset_e547ceb84d50e7bf\color_down.jpg
sidset_e6571874366c7377,color_down,sidset,real,0,0.9289582371711731,data\cache\clean\test\sidset_e6571874366c7377\color_down.jpg
sidset_e73a5a7ccc6dabc2,color_down,sidset,real,0,0.805854082107544,data\cache\clean\test\sidset_e73a5a7ccc6dabc2\color_down.jpg
sidset_e83254d4c55675a6,color_down,sidset,real,0,0.6158954501152039,data\cache\clean\test\sidset_e83254d4c55675a6\color_down.jpg
sidset_ef3f636bfc78f3a5,color_down,sidset,real,0,0.6276163458824158,data\cache\clean\test\sidset_ef3f636bfc78f3a5\color_down.jpg
sidset_f04f6268869ee6fc,color_down,sidset,real,0,0.5795186161994934,data\cache\clean\test\sidset_f04f6268869ee6fc\color_down.jpg
sidset_f250696304a3be0e,color_down,sidset,real,0,0.5395213961601257,data\cache\clean\test\sidset_f250696304a3be0e\color_down.jpg
sidset_f84d742c437fbc59,color_down,sidset,real,0,0.5885018706321716,data\cache\clean\test\sidset_f84d742c437fbc59\color_down.jpg
sidset_f8827db6d147bcf1,color_down,sidset,real,0,0.6676312685012817,data\cache\clean\test\sidset_f8827db6d147bcf1\color_down.jpg
sidset_fac95db1f3df9775,color_down,sidset,real,0,0.9620475172996521,data\cache\clean\test\sidset_fac95db1f3df9775\color_down.jpg
cifake_0005 (3),color_up,cifake,real,0,0.5707005262374878,data\cache\clean\test\cifake_0005 (3)\color_up.jpg
cifake_0044 (6),color_up,cifake,real,0,0.7331830263137817,data\cache\clean\test\cifake_0044 (6)\color_up.jpg
cifake_0085,color_up,cifake,real,0,0.9215742945671082,data\cache\clean\test\cifake_0085\color_up.jpg
cifake_0179 (9),color_up,cifake,real,0,0.717613935470581,data\cache\clean\test\cifake_0179 (9)\color_up.jpg
cifake_0239 (10),color_up,cifake,real,0,0.7444460391998291,data\cache\clean\test\cifake_0239 (10)\color_up.jpg
cifake_0327 (5),color_up,cifake,real,0,0.7318547964096069,data\cache\clean\test\cifake_0327 (5)\color_up.jpg
cifake_0343 (6),color_up,cifake,real,0,0.9431279301643372,data\cache\clean\test\cifake_0343 (6)\color_up.jpg
cifake_0618 (3),color_up,cifake,real,0,0.6008644104003906,data\cache\clean\test\cifake_0618 (3)\color_up.jpg
cifake_0622 (2),color_up,cifake,real,0,0.5552512407302856,data\cache\clean\test\cifake_0622 (2)\color_up.jpg
cifake_0739 (4),color_up,cifake,real,0,0.5792285799980164,data\cache\clean\test\cifake_0739 (4)\color_up.jpg
cifake_0744 (5),color_up,cifake,real,0,0.6248471736907959,data\cache\clean\test\cifake_0744 (5)\color_up.jpg
cifake_0793,color_up,cifake,real,0,0.9397046566009521,data\cache\clean\test\cifake_0793\color_up.jpg
cifake_0967 (9),color_up,cifake,real,0,0.9521976709365845,data\cache\clean\test\cifake_0967 (9)\color_up.jpg
cifake_1306 (9),color_up,cifake,real,0,0.5232177972793579,data\cache\clean\test\cifake_1306 (9)\color_up.jpg
cifake_1353 (9),color_up,cifake,real,0,0.541789710521698,data\cache\clean\test\cifake_1353 (9)\color_up.jpg
cifake_1427,color_up,cifake,real,0,0.9739574790000916,data\cache\clean\test\cifake_1427\color_up.jpg
cifake_1974,color_up,cifake,real,0,0.6190996170043945,data\cache\clean\test\cifake_1974\color_up.jpg
cifake_2094 (3),color_up,cifake,real,0,0.5553814768791199,data\cache\clean\test\cifake_2094 (3)\color_up.jpg
cifake_2122,color_up,cifake,real,0,0.9109088778495789,data\cache\clean\test\cifake_2122\color_up.jpg
cifake_2270 (3),color_up,cifake,real,0,0.8836714029312134,data\cache\clean\test\cifake_2270 (3)\color_up.jpg
cifake_2500 (3),color_up,cifake,real,0,0.9716348052024841,data\cache\clean\test\cifake_2500 (3)\color_up.jpg
cifake_2652 (8),color_up,cifake,real,0,0.8976734280586243,data\cache\clean\test\cifake_2652 (8)\color_up.jpg
cifake_2660,color_up,cifake,real,0,0.9979385733604431,data\cache\clean\test\cifake_2660\color_up.jpg
cifake_2736 (3),color_up,cifake,real,0,0.5965286493301392,data\cache\clean\test\cifake_2736 (3)\color_up.jpg
cifake_2784 (7),color_up,cifake,real,0,0.5078179836273193,data\cache\clean\test\cifake_2784 (7)\color_up.jpg
cifake_2857 (10),color_up,cifake,real,0,0.5533018112182617,data\cache\clean\test\cifake_2857 (10)\color_up.jpg
cifake_3280 (8),color_up,cifake,real,0,0.9950156807899475,data\cache\clean\test\cifake_3280 (8)\color_up.jpg
cifake_3458 (9),color_up,cifake,real,0,0.6073331832885742,data\cache\clean\test\cifake_3458 (9)\color_up.jpg
cifake_3614,color_up,cifake,real,0,0.5702294111251831,data\cache\clean\test\cifake_3614\color_up.jpg
cifake_3872,color_up,cifake,real,0,0.7778420448303223,data\cache\clean\test\cifake_3872\color_up.jpg
cifake_4111 (9),color_up,cifake,real,0,0.554830014705658,data\cache\clean\test\cifake_4111 (9)\color_up.jpg
cifake_4186 (5),color_up,cifake,real,0,0.9915755391120911,data\cache\clean\test\cifake_4186 (5)\color_up.jpg
cifake_4337 (3),color_up,cifake,real,0,0.8229966163635254,data\cache\clean\test\cifake_4337 (3)\color_up.jpg
cifake_4533 (5),color_up,cifake,real,0,0.8426041603088379,data\cache\clean\test\cifake_4533 (5)\color_up.jpg
cifake_4609 (2),color_up,cifake,real,0,0.8288686275482178,data\cache\clean\test\cifake_4609 (2)\color_up.jpg
cifake_4660 (5),color_up,cifake,real,0,0.9991883635520935,data\cache\clean\test\cifake_4660 (5)\color_up.jpg
cifake_4673 (5),color_up,cifake,real,0,0.9494725465774536,data\cache\clean\test\cifake_4673 (5)\color_up.jpg
sidset_0187018493986f60,color_up,sidset,real,0,0.6200299859046936,data\cache\clean\test\sidset_0187018493986f60\color_up.jpg
sidset_02eb47f790cba404,color_up,sidset,real,0,0.9087421894073486,data\cache\clean\test\sidset_02eb47f790cba404\color_up.jpg
sidset_036df955965cb2f9,color_up,sidset,real,0,0.7458846569061279,data\cache\clean\test\sidset_036df955965cb2f9\color_up.jpg
sidset_038789965a8f7606,color_up,sidset,real,0,0.9915620684623718,data\cache\clean\test\sidset_038789965a8f7606\color_up.jpg
sidset_04c57e00f9d1b966,color_up,sidset,real,0,0.98954176902771,data\cache\clean\test\sidset_04c57e00f9d1b966\color_up.jpg
sidset_0819e112dbbe3cb8,color_up,sidset,real,0,0.7166993618011475,data\cache\clean\test\sidset_0819e112dbbe3cb8\color_up.jpg
sidset_09e779f2616dde26,color_up,sidset,real,0,0.8712363839149475,data\cache\clean\test\sidset_09e779f2616dde26\color_up.jpg
sidset_09f7329f0c1c9fd4,color_up,sidset,real,0,0.9398882389068604,data\cache\clean\test\sidset_09f7329f0c1c9fd4\color_up.jpg
sidset_0c4df6f098aebb13,color_up,sidset,real,0,0.9828617572784424,data\cache\clean\test\sidset_0c4df6f098aebb13\color_up.jpg
sidset_0cf1d8bc81be1587,color_up,sidset,real,0,0.7015248537063599,data\cache\clean\test\sidset_0cf1d8bc81be1587\color_up.jpg
sidset_0e40f2f48ac5ec94,color_up,sidset,real,0,0.5163499116897583,data\cache\clean\test\sidset_0e40f2f48ac5ec94\color_up.jpg
sidset_0f8102c25fc764ea,color_up,sidset,real,0,0.9391719698905945,data\cache\clean\test\sidset_0f8102c25fc764ea\color_up.jpg
sidset_10932d70e80241b5,color_up,sidset,real,0,0.5283347964286804,data\cache\clean\test\sidset_10932d70e80241b5\color_up.jpg
sidset_137115a40fe7347b,color_up,sidset,real,0,0.5740023255348206,data\cache\clean\test\sidset_137115a40fe7347b\color_up.jpg
sidset_1409961a28ec7db5,color_up,sidset,real,0,0.9665274620056152,data\cache\clean\test\sidset_1409961a28ec7db5\color_up.jpg
sidset_1577f06c8ee59ef0,color_up,sidset,real,0,0.7040954828262329,data\cache\clean\test\sidset_1577f06c8ee59ef0\color_up.jpg
sidset_165e94520f73e349,color_up,sidset,real,0,0.7839024662971497,data\cache\clean\test\sidset_165e94520f73e349\color_up.jpg
sidset_19a1dd0dde3ed26c,color_up,sidset,real,0,0.9718716144561768,data\cache\clean\test\sidset_19a1dd0dde3ed26c\color_up.jpg
sidset_1b20d1ec3fd5a56f,color_up,sidset,real,0,0.6393397450447083,data\cache\clean\test\sidset_1b20d1ec3fd5a56f\color_up.jpg
sidset_1cae0a8c943c87f1,color_up,sidset,real,0,0.5741716623306274,data\cache\clean\test\sidset_1cae0a8c943c87f1\color_up.jpg
sidset_1d24e17c0f598d7a,color_up,sidset,real,0,0.9780835509300232,data\cache\clean\test\sidset_1d24e17c0f598d7a\color_up.jpg
sidset_1d49d26ca0273da6,color_up,sidset,real,0,0.9987986087799072,data\cache\clean\test\sidset_1d49d26ca0273da6\color_up.jpg
sidset_22b07f2ffcaf319c,color_up,sidset,real,0,0.9750994443893433,data\cache\clean\test\sidset_22b07f2ffcaf319c\color_up.jpg
sidset_230a893e83782a7f,color_up,sidset,real,0,0.9204345941543579,data\cache\clean\test\sidset_230a893e83782a7f\color_up.jpg
sidset_235e3feb178ed158,color_up,sidset,real,0,0.6741822361946106,data\cache\clean\test\sidset_235e3feb178ed158\color_up.jpg
sidset_240eaccddb6506ef,color_up,sidset,real,0,0.7211286425590515,data\cache\clean\test\sidset_240eaccddb6506ef\color_up.jpg
sidset_2905198a806667f8,color_up,sidset,real,0,0.9649367332458496,data\cache\clean\test\sidset_2905198a806667f8\color_up.jpg
sidset_3beca4d6152a4aa5,color_up,sidset,real,0,0.932698667049408,data\cache\clean\test\sidset_3beca4d6152a4aa5\color_up.jpg
sidset_3f585c2908250b1b,color_up,sidset,real,0,0.7510563135147095,data\cache\clean\test\sidset_3f585c2908250b1b\color_up.jpg
sidset_3fbc4c1574ef987d,color_up,sidset,real,0,0.9787129163742065,data\cache\clean\test\sidset_3fbc4c1574ef987d\color_up.jpg
sidset_41d1e9323b7236bd,color_up,sidset,real,0,0.7542502284049988,data\cache\clean\test\sidset_41d1e9323b7236bd\color_up.jpg
sidset_41fb52633e2258f5,color_up,sidset,real,0,0.9034484028816223,data\cache\clean\test\sidset_41fb52633e2258f5\color_up.jpg
sidset_4566671bd4a332e8,color_up,sidset,real,0,0.9908479452133179,data\cache\clean\test\sidset_4566671bd4a332e8\color_up.jpg
sidset_45a6cb8b20ae57d2,color_up,sidset,real,0,0.9929289221763611,data\cache\clean\test\sidset_45a6cb8b20ae57d2\color_up.jpg
sidset_4b587c02c1897383,color_up,sidset,real,0,0.6336166262626648,data\cache\clean\test\sidset_4b587c02c1897383\color_up.jpg
sidset_51655a8a28f25f11,color_up,sidset,real,0,0.9723768830299377,data\cache\clean\test\sidset_51655a8a28f25f11\color_up.jpg
sidset_523fede5def083dd,color_up,sidset,real,0,0.734204888343811,data\cache\clean\test\sidset_523fede5def083dd\color_up.jpg
sidset_52abd3a1d147812f,color_up,sidset,real,0,0.8447876572608948,data\cache\clean\test\sidset_52abd3a1d147812f\color_up.jpg
sidset_52bf81b2d7f84101,color_up,sidset,real,0,0.6375957727432251,data\cache\clean\test\sidset_52bf81b2d7f84101\color_up.jpg
sidset_551fdd5a1c3d6806,color_up,sidset,real,0,0.6110936403274536,data\cache\clean\test\sidset_551fdd5a1c3d6806\color_up.jpg
sidset_55ed6c0bbd54e07d,color_up,sidset,real,0,0.6323449611663818,data\cache\clean\test\sidset_55ed6c0bbd54e07d\color_up.jpg
sidset_5936454130919f70,color_up,sidset,real,0,0.6860888004302979,data\cache\clean\test\sidset_5936454130919f70\color_up.jpg
sidset_59e78921fe0be3d3,color_up,sidset,real,0,0.9984195232391357,data\cache\clean\test\sidset_59e78921fe0be3d3\color_up.jpg
sidset_59fe7b3f437e993b,color_up,sidset,real,0,0.9794247150421143,data\cache\clean\test\sidset_59fe7b3f437e993b\color_up.jpg
sidset_5b8f12b78d13bfcd,color_up,sidset,real,0,0.9778659343719482,data\cache\clean\test\sidset_5b8f12b78d13bfcd\color_up.jpg
sidset_5ba522a91162ae70,color_up,sidset,real,0,0.9999666213989258,data\cache\clean\test\sidset_5ba522a91162ae70\color_up.jpg
sidset_5f38de5989bc70a2,color_up,sidset,real,0,0.7791031002998352,data\cache\clean\test\sidset_5f38de5989bc70a2\color_up.jpg
sidset_5fd49a9afbba9bd6,color_up,sidset,real,0,0.9774290323257446,data\cache\clean\test\sidset_5fd49a9afbba9bd6\color_up.jpg
sidset_6064863bdd6ff466,color_up,sidset,real,0,0.8373101949691772,data\cache\clean\test\sidset_6064863bdd6ff466\color_up.jpg
sidset_62d3110113ec4633,color_up,sidset,real,0,0.805789589881897,data\cache\clean\test\sidset_62d3110113ec4633\color_up.jpg
sidset_660fbbd053050f25,color_up,sidset,real,0,0.960541307926178,data\cache\clean\test\sidset_660fbbd053050f25\color_up.jpg
sidset_6729908303ffe2ce,color_up,sidset,real,0,0.9485275745391846,data\cache\clean\test\sidset_6729908303ffe2ce\color_up.jpg
sidset_67e679dca692a59d,color_up,sidset,real,0,0.5278677940368652,data\cache\clean\test\sidset_67e679dca692a59d\color_up.jpg
sidset_68f0479b7dde7700,color_up,sidset,real,0,0.8131579160690308,data\cache\clean\test\sidset_68f0479b7dde7700\color_up.jpg
sidset_6a9b88d93d860623,color_up,sidset,real,0,0.8004366159439087,data\cache\clean\test\sidset_6a9b88d93d860623\color_up.jpg
sidset_6ae976e8966ec975,color_up,sidset,real,0,0.9142991900444031,data\cache\clean\test\sidset_6ae976e8966ec975\color_up.jpg
sidset_6b7167d906f4ff1f,color_up,sidset,real,0,0.8685396909713745,data\cache\clean\test\sidset_6b7167d906f4ff1f\color_up.jpg
sidset_6b8ac1d4f89a0ffa,color_up,sidset,real,0,0.9707096815109253,data\cache\clean\test\sidset_6b8ac1d4f89a0ffa\color_up.jpg
sidset_6cd755669fbaa2d8,color_up,sidset,real,0,0.7557690739631653,data\cache\clean\test\sidset_6cd755669fbaa2d8\color_up.jpg
sidset_6f3ce9ca0af3863c,color_up,sidset,real,0,0.969788670539856,data\cache\clean\test\sidset_6f3ce9ca0af3863c\color_up.jpg
sidset_715f3c6fc6f7ef1f,color_up,sidset,real,0,0.8320110440254211,data\cache\clean\test\sidset_715f3c6fc6f7ef1f\color_up.jpg
sidset_759a21da57c25774,color_up,sidset,real,0,0.6985300183296204,data\cache\clean\test\sidset_759a21da57c25774\color_up.jpg
sidset_789adfb30711725a,color_up,sidset,real,0,0.5528074502944946,data\cache\clean\test\sidset_789adfb30711725a\color_up.jpg
sidset_7974984b83c15934,color_up,sidset,real,0,0.8188838958740234,data\cache\clean\test\sidset_7974984b83c15934\color_up.jpg
sidset_7c1fff13774e270c,color_up,sidset,real,0,0.9958255290985107,data\cache\clean\test\sidset_7c1fff13774e270c\color_up.jpg
sidset_7d3102cbae765943,color_up,sidset,real,0,0.5326278805732727,data\cache\clean\test\sidset_7d3102cbae765943\color_up.jpg
sidset_7e06c24631cbe6ed,color_up,sidset,real,0,0.8719533681869507,data\cache\clean\test\sidset_7e06c24631cbe6ed\color_up.jpg
sidset_7f1ce0ac000e1d6c,color_up,sidset,real,0,0.9475989937782288,data\cache\clean\test\sidset_7f1ce0ac000e1d6c\color_up.jpg
sidset_832e43df048c6d1a,color_up,sidset,real,0,0.9883068203926086,data\cache\clean\test\sidset_832e43df048c6d1a\color_up.jpg
sidset_8619862cda88466c,color_up,sidset,real,0,0.9739457964897156,data\cache\clean\test\sidset_8619862cda88466c\color_up.jpg
sidset_8865c586ab64c0f9,color_up,sidset,real,0,0.8333293199539185,data\cache\clean\test\sidset_8865c586ab64c0f9\color_up.jpg
sidset_918190e0dd7fc829,color_up,sidset,real,0,0.9986275434494019,data\cache\clean\test\sidset_918190e0dd7fc829\color_up.jpg
sidset_9548acaeca2f5124,color_up,sidset,real,0,0.688924252986908,data\cache\clean\test\sidset_9548acaeca2f5124\color_up.jpg
sidset_9811f04611ad082c,color_up,sidset,real,0,0.8065984845161438,data\cache\clean\test\sidset_9811f04611ad082c\color_up.jpg
sidset_995429a562f1aed2,color_up,sidset,real,0,0.997750461101532,data\cache\clean\test\sidset_995429a562f1aed2\color_up.jpg
sidset_9ad980e066bd4c5e,color_up,sidset,real,0,0.9869160652160645,data\cache\clean\test\sidset_9ad980e066bd4c5e\color_up.jpg
sidset_9b5464ba8debcd10,color_up,sidset,real,0,0.6768336892127991,data\cache\clean\test\sidset_9b5464ba8debcd10\color_up.jpg
sidset_9e2a9b16ff46f867,color_up,sidset,real,0,0.9199222326278687,data\cache\clean\test\sidset_9e2a9b16ff46f867\color_up.jpg
sidset_a09d0102c68de8b5,color_up,sidset,real,0,0.8944439888000488,data\cache\clean\test\sidset_a09d0102c68de8b5\color_up.jpg
sidset_a3032d75347e6fa2,color_up,sidset,real,0,0.767269492149353,data\cache\clean\test\sidset_a3032d75347e6fa2\color_up.jpg
sidset_a4268c0135ca2c65,color_up,sidset,real,0,0.5089011788368225,data\cache\clean\test\sidset_a4268c0135ca2c65\color_up.jpg
sidset_a78c3118763031c7,color_up,sidset,real,0,0.7367826104164124,data\cache\clean\test\sidset_a78c3118763031c7\color_up.jpg
sidset_a8ad741ef85002f3,color_up,sidset,real,0,0.8129708766937256,data\cache\clean\test\sidset_a8ad741ef85002f3\color_up.jpg
sidset_a8c91bd501d586fa,color_up,sidset,real,0,0.7121952176094055,data\cache\clean\test\sidset_a8c91bd501d586fa\color_up.jpg
sidset_a95cb67561b0310c,color_up,sidset,real,0,0.7446739673614502,data\cache\clean\test\sidset_a95cb67561b0310c\color_up.jpg
sidset_ab4f5a8a2f533316,color_up,sidset,real,0,0.6330351233482361,data\cache\clean\test\sidset_ab4f5a8a2f533316\color_up.jpg
sidset_ac17a0e988c1ea43,color_up,sidset,real,0,0.5911296606063843,data\cache\clean\test\sidset_ac17a0e988c1ea43\color_up.jpg
sidset_addaecf6bdb9e66b,color_up,sidset,real,0,0.9860469698905945,data\cache\clean\test\sidset_addaecf6bdb9e66b\color_up.jpg
sidset_af18b6bd4586f20d,color_up,sidset,real,0,0.9667420387268066,data\cache\clean\test\sidset_af18b6bd4586f20d\color_up.jpg
sidset_b230de6baca8d392,color_up,sidset,real,0,0.9893688559532166,data\cache\clean\test\sidset_b230de6baca8d392\color_up.jpg
sidset_b476dc9881140333,color_up,sidset,real,0,0.916647732257843,data\cache\clean\test\sidset_b476dc9881140333\color_up.jpg
sidset_b4f4dcd2e7617eea,color_up,sidset,real,0,0.7394360899925232,data\cache\clean\test\sidset_b4f4dcd2e7617eea\color_up.jpg
sidset_b7e2bd65518fb887,color_up,sidset,real,0,0.5564003586769104,data\cache\clean\test\sidset_b7e2bd65518fb887\color_up.jpg
sidset_bafdbc8a8d68c696,color_up,sidset,real,0,0.5180139541625977,data\cache\clean\test\sidset_bafdbc8a8d68c696\color_up.jpg
sidset_bc280ffeb57ce51b,color_up,sidset,real,0,0.902916669845581,data\cache\clean\test\sidset_bc280ffeb57ce51b\color_up.jpg
sidset_bc70b06f0d603efd,color_up,sidset,real,0,0.9999995231628418,data\cache\clean\test\sidset_bc70b06f0d603efd\color_up.jpg
sidset_bddc30edb2816122,color_up,sidset,real,0,0.8470437526702881,data\cache\clean\test\sidset_bddc30edb2816122\color_up.jpg
sidset_bf7100f88bf3b0f3,color_up,sidset,real,0,0.5592201948165894,data\cache\clean\test\sidset_bf7100f88bf3b0f3\color_up.jpg
sidset_c2f7255d9f5d9469,color_up,sidset,real,0,0.9815943241119385,data\cache\clean\test\sidset_c2f7255d9f5d9469\color_up.jpg
sidset_c3c41d4a18529a16,color_up,sidset,real,0,0.9795225858688354,data\cache\clean\test\sidset_c3c41d4a18529a16\color_up.jpg
sidset_c47a1c5427ee9d26,color_up,sidset,real,0,0.9025670289993286,data\cache\clean\test\sidset_c47a1c5427ee9d26\color_up.jpg
sidset_c51e9f52ce3dbd67,color_up,sidset,real,0,0.9560800194740295,data\cache\clean\test\sidset_c51e9f52ce3dbd67\color_up.jpg
sidset_c5a378b0ea24d25e,color_up,sidset,real,0,0.9183242321014404,data\cache\clean\test\sidset_c5a378b0ea24d25e\color_up.jpg
sidset_c790c7ca03b21797,color_up,sidset,real,0,0.7644718885421753,data\cache\clean\test\sidset_c790c7ca03b21797\color_up.jpg
sidset_c90419b9eb89527a,color_up,sidset,real,0,0.9998593330383301,data\cache\clean\test\sidset_c90419b9eb89527a\color_up.jpg
sidset_c979e1ce90deac08,color_up,sidset,real,0,0.7309187054634094,data\cache\clean\test\sidset_c979e1ce90deac08\color_up.jpg
sidset_ca472f89d820942c,color_up,sidset,real,0,0.7918621897697449,data\cache\clean\test\sidset_ca472f89d820942c\color_up.jpg
sidset_cac550631e35c126,color_up,sidset,real,0,0.9513982534408569,data\cache\clean\test\sidset_cac550631e35c126\color_up.jpg
sidset_cbf3fa49807183fd,color_up,sidset,real,0,0.7156731486320496,data\cache\clean\test\sidset_cbf3fa49807183fd\color_up.jpg
sidset_ce09a25a50fdfe47,color_up,sidset,real,0,0.9861764311790466,data\cache\clean\test\sidset_ce09a25a50fdfe47\color_up.jpg
sidset_cefabeb567a88f94,color_up,sidset,real,0,0.5097734332084656,data\cache\clean\test\sidset_cefabeb567a88f94\color_up.jpg
sidset_d0fea44f4c3d5825,color_up,sidset,real,0,0.8488638997077942,data\cache\clean\test\sidset_d0fea44f4c3d5825\color_up.jpg
sidset_d1bccd9512c32cdc,color_up,sidset,real,0,0.948585569858551,data\cache\clean\test\sidset_d1bccd9512c32cdc\color_up.jpg
sidset_d3d78752fef3f3c4,color_up,sidset,real,0,0.8575130105018616,data\cache\clean\test\sidset_d3d78752fef3f3c4\color_up.jpg
sidset_d482661389f951ac,color_up,sidset,real,0,0.9969690442085266,data\cache\clean\test\sidset_d482661389f951ac\color_up.jpg
sidset_d652dc17bb0709b8,color_up,sidset,real,0,0.5431846380233765,data\cache\clean\test\sidset_d652dc17bb0709b8\color_up.jpg
sidset_d7c9ba7b7774dcd9,color_up,sidset,real,0,0.6941239833831787,data\cache\clean\test\sidset_d7c9ba7b7774dcd9\color_up.jpg
sidset_dcc4eb3a61fc711a,color_up,sidset,real,0,0.9699491262435913,data\cache\clean\test\sidset_dcc4eb3a61fc711a\color_up.jpg
sidset_de2d4b37000ff09c,color_up,sidset,real,0,0.5392622947692871,data\cache\clean\test\sidset_de2d4b37000ff09c\color_up.jpg
sidset_df546351780cb733,color_up,sidset,real,0,0.6221780180931091,data\cache\clean\test\sidset_df546351780cb733\color_up.jpg
sidset_e19c80d7ff2e201b,color_up,sidset,real,0,0.942011833190918,data\cache\clean\test\sidset_e19c80d7ff2e201b\color_up.jpg
sidset_e1a5cac65504c6d6,color_up,sidset,real,0,0.8902732729911804,data\cache\clean\test\sidset_e1a5cac65504c6d6\color_up.jpg
sidset_e35ca53982ee8372,color_up,sidset,real,0,0.5506067872047424,data\cache\clean\test\sidset_e35ca53982ee8372\color_up.jpg
sidset_e547ceb84d50e7bf,color_up,sidset,real,0,0.986940324306488,data\cache\clean\test\sidset_e547ceb84d50e7bf\color_up.jpg
sidset_e73a5a7ccc6dabc2,color_up,sidset,real,0,0.8525155186653137,data\cache\clean\test\sidset_e73a5a7ccc6dabc2\color_up.jpg
sidset_e75efd006759f4d0,color_up,sidset,real,0,0.9901288151741028,data\cache\clean\test\sidset_e75efd006759f4d0\color_up.jpg
sidset_e83254d4c55675a6,color_up,sidset,real,0,0.5918959379196167,data\cache\clean\test\sidset_e83254d4c55675a6\color_up.jpg
sidset_f2be8bd472d53987,color_up,sidset,real,0,0.8059964776039124,data\cache\clean\test\sidset_f2be8bd472d53987\color_up.jpg
sidset_fac95db1f3df9775,color_up,sidset,real,0,0.9751840233802795,data\cache\clean\test\sidset_fac95db1f3df9775\color_up.jpg
sidset_ffdcd87dfa1e049a,color_up,sidset,real,0,0.6481471657752991,data\cache\clean\test\sidset_ffdcd87dfa1e049a\color_up.jpg
cifake_0085,crop80,cifake,real,0,0.8762190937995911,data\cache\clean\test\cifake_0085\crop80.jpg
cifake_0235,crop80,cifake,real,0,0.6990110278129578,data\cache\clean\test\cifake_0235\crop80.jpg
cifake_0343 (6),crop80,cifake,real,0,0.9516696333885193,data\cache\clean\test\cifake_0343 (6)\crop80.jpg
cifake_0485 (9),crop80,cifake,real,0,0.6885778307914734,data\cache\clean\test\cifake_0485 (9)\crop80.jpg
cifake_0793,crop80,cifake,real,0,0.7721701860427856,data\cache\clean\test\cifake_0793\crop80.jpg
cifake_0858 (3),crop80,cifake,real,0,0.5236257910728455,data\cache\clean\test\cifake_0858 (3)\crop80.jpg
cifake_0967 (9),crop80,cifake,real,0,0.6166781783103943,data\cache\clean\test\cifake_0967 (9)\crop80.jpg
cifake_1139,crop80,cifake,real,0,0.5102423429489136,data\cache\clean\test\cifake_1139\crop80.jpg
cifake_1311,crop80,cifake,real,0,0.6298339366912842,data\cache\clean\test\cifake_1311\crop80.jpg
cifake_1614 (9),crop80,cifake,real,0,0.7978907227516174,data\cache\clean\test\cifake_1614 (9)\crop80.jpg
cifake_1974,crop80,cifake,real,0,0.5487948656082153,data\cache\clean\test\cifake_1974\crop80.jpg
cifake_2122,crop80,cifake,real,0,0.9869359135627747,data\cache\clean\test\cifake_2122\crop80.jpg
cifake_2500 (3),crop80,cifake,real,0,0.5037577152252197,data\cache\clean\test\cifake_2500 (3)\crop80.jpg
cifake_2660,crop80,cifake,real,0,0.6005582213401794,data\cache\clean\test\cifake_2660\crop80.jpg
cifake_2784 (7),crop80,cifake,real,0,0.618350088596344,data\cache\clean\test\cifake_2784 (7)\crop80.jpg
cifake_2874 (4),crop80,cifake,real,0,0.6061858534812927,data\cache\clean\test\cifake_2874 (4)\crop80.jpg
cifake_3049 (2),crop80,cifake,real,0,0.7188327312469482,data\cache\clean\test\cifake_3049 (2)\crop80.jpg
cifake_3129 (9),crop80,cifake,real,0,0.6579881310462952,data\cache\clean\test\cifake_3129 (9)\crop80.jpg
cifake_3696,crop80,cifake,real,0,0.6962224245071411,data\cache\clean\test\cifake_3696\crop80.jpg
cifake_3891 (3),crop80,cifake,real,0,0.5656465291976929,data\cache\clean\test\cifake_3891 (3)\crop80.jpg
cifake_3916 (8),crop80,cifake,real,0,0.8279720544815063,data\cache\clean\test\cifake_3916 (8)\crop80.jpg
cifake_4369,crop80,cifake,real,0,0.9238700270652771,data\cache\clean\test\cifake_4369\crop80.jpg
cifake_4660 (5),crop80,cifake,real,0,0.6763197779655457,data\cache\clean\test\cifake_4660 (5)\crop80.jpg
cifake_4673 (5),crop80,cifake,real,0,0.5378265976905823,data\cache\clean\test\cifake_4673 (5)\crop80.jpg
cifake_4707,crop80,cifake,real,0,0.6414796113967896,data\cache\clean\test\cifake_4707\crop80.jpg
sidset_00e0167d680d60ff,crop80,sidset,real,0,0.8391336798667908,data\cache\clean\test\sidset_00e0167d680d60ff\crop80.jpg
sidset_038789965a8f7606,crop80,sidset,real,0,0.9970570802688599,data\cache\clean\test\sidset_038789965a8f7606\crop80.jpg
sidset_03d8d2fbfa5b4207,crop80,sidset,real,0,0.5844004154205322,data\cache\clean\test\sidset_03d8d2fbfa5b4207\crop80.jpg
sidset_04c57e00f9d1b966,crop80,sidset,real,0,0.8587555885314941,data\cache\clean\test\sidset_04c57e00f9d1b966\crop80.jpg
sidset_04dca235b99ad328,crop80,sidset,real,0,0.994522213935852,data\cache\clean\test\sidset_04dca235b99ad328\crop80.jpg
sidset_09e779f2616dde26,crop80,sidset,real,0,0.9749097228050232,data\cache\clean\test\sidset_09e779f2616dde26\crop80.jpg
sidset_09f7329f0c1c9fd4,crop80,sidset,real,0,0.9747126698493958,data\cache\clean\test\sidset_09f7329f0c1c9fd4\crop80.jpg
sidset_0de936daf9c7eba4,crop80,sidset,real,0,0.6024987101554871,data\cache\clean\test\sidset_0de936daf9c7eba4\crop80.jpg
sidset_0df1386082a76670,crop80,sidset,real,0,0.6540732383728027,data\cache\clean\test\sidset_0df1386082a76670\crop80.jpg
sidset_0e40f2f48ac5ec94,crop80,sidset,real,0,0.924001932144165,data\cache\clean\test\sidset_0e40f2f48ac5ec94\crop80.jpg
sidset_0f8102c25fc764ea,crop80,sidset,real,0,0.9353237152099609,data\cache\clean\test\sidset_0f8102c25fc764ea\crop80.jpg
sidset_13e79c12d8601494,crop80,sidset,real,0,0.7368569374084473,data\cache\clean\test\sidset_13e79c12d8601494\crop80.jpg
sidset_1409961a28ec7db5,crop80,sidset,real,0,0.9340588450431824,data\cache\clean\test\sidset_1409961a28ec7db5\crop80.jpg
sidset_14312756c1c94efa,crop80,sidset,real,0,0.9679127931594849,data\cache\clean\test\sidset_14312756c1c94efa\crop80.jpg
sidset_1577f06c8ee59ef0,crop80,sidset,real,0,0.8654888868331909,data\cache\clean\test\sidset_1577f06c8ee59ef0\crop80.jpg
sidset_19a1dd0dde3ed26c,crop80,sidset,real,0,0.6377449035644531,data\cache\clean\test\sidset_19a1dd0dde3ed26c\crop80.jpg
sidset_1ac2b808424b8d8b,crop80,sidset,real,0,0.7146124839782715,data\cache\clean\test\sidset_1ac2b808424b8d8b\crop80.jpg
sidset_1b20d1ec3fd5a56f,crop80,sidset,real,0,0.9480558037757874,data\cache\clean\test\sidset_1b20d1ec3fd5a56f\crop80.jpg
sidset_1d24e17c0f598d7a,crop80,sidset,real,0,0.9500709772109985,data\cache\clean\test\sidset_1d24e17c0f598d7a\crop80.jpg
sidset_1d49d26ca0273da6,crop80,sidset,real,0,0.9927307963371277,data\cache\clean\test\sidset_1d49d26ca0273da6\crop80.jpg
sidset_1ec791166ce27275,crop80,sidset,real,0,0.8256378173828125,data\cache\clean\test\sidset_1ec791166ce27275\crop80.jpg
sidset_2144db649ba57c91,crop80,sidset,real,0,0.5216215252876282,data\cache\clean\test\sidset_2144db649ba57c91\crop80.jpg
sidset_22b07f2ffcaf319c,crop80,sidset,real,0,0.9014285206794739,data\cache\clean\test\sidset_22b07f2ffcaf319c\crop80.jpg
sidset_230a893e83782a7f,crop80,sidset,real,0,0.9711592793464661,data\cache\clean\test\sidset_230a893e83782a7f\crop80.jpg
sidset_2387febf3723ff05,crop80,sidset,real,0,0.6905864477157593,data\cache\clean\test\sidset_2387febf3723ff05\crop80.jpg
sidset_240eaccddb6506ef,crop80,sidset,real,0,0.8202694654464722,data\cache\clean\test\sidset_240eaccddb6506ef\crop80.jpg
sidset_26df1d9f04ba6c29,crop80,sidset,real,0,0.5249454975128174,data\cache\clean\test\sidset_26df1d9f04ba6c29\crop80.jpg
sidset_326f495eb261b65e,crop80,sidset,real,0,0.7330089211463928,data\cache\clean\test\sidset_326f495eb261b65e\crop80.jpg
sidset_34272fa10993d06b,crop80,sidset,real,0,0.566378116607666,data\cache\clean\test\sidset_34272fa10993d06b\crop80.jpg
sidset_3beca4d6152a4aa5,crop80,sidset,real,0,0.8802288174629211,data\cache\clean\test\sidset_3beca4d6152a4aa5\crop80.jpg
sidset_3fbc4c1574ef987d,crop80,sidset,real,0,0.9436275959014893,data\cache\clean\test\sidset_3fbc4c1574ef987d\crop80.jpg
sidset_41d1ae3e93b118ab,crop80,sidset,real,0,0.6303493976593018,data\cache\clean\test\sidset_41d1ae3e93b118ab\crop80.jpg
sidset_41fcb89ff22ef83c,crop80,sidset,real,0,0.9535432457923889,data\cache\clean\test\sidset_41fcb89ff22ef83c\crop80.jpg
sidset_44062c28bab0688d,crop80,sidset,real,0,0.6858622431755066,data\cache\clean\test\sidset_44062c28bab0688d\crop80.jpg
sidset_4566671bd4a332e8,crop80,sidset,real,0,0.799302339553833,data\cache\clean\test\sidset_4566671bd4a332e8\crop80.jpg
sidset_45a6cb8b20ae57d2,crop80,sidset,real,0,0.9251430630683899,data\cache\clean\test\sidset_45a6cb8b20ae57d2\crop80.jpg
sidset_4b587c02c1897383,crop80,sidset,real,0,0.8781409859657288,data\cache\clean\test\sidset_4b587c02c1897383\crop80.jpg
sidset_51655a8a28f25f11,crop80,sidset,real,0,0.9930490255355835,data\cache\clean\test\sidset_51655a8a28f25f11\crop80.jpg
sidset_523fede5def083dd,crop80,sidset,real,0,0.7996050119400024,data\cache\clean\test\sidset_523fede5def083dd\crop80.jpg
sidset_52abd3a1d147812f,crop80,sidset,real,0,0.5592378377914429,data\cache\clean\test\sidset_52abd3a1d147812f\crop80.jpg
sidset_52bf81b2d7f84101,crop80,sidset,real,0,0.9900718927383423,data\cache\clean\test\sidset_52bf81b2d7f84101\crop80.jpg
sidset_55ed6c0bbd54e07d,crop80,sidset,real,0,0.9474559426307678,data\cache\clean\test\sidset_55ed6c0bbd54e07d\crop80.jpg
sidset_5694bb0ecffdbb2f,crop80,sidset,real,0,0.8690844178199768,data\cache\clean\test\sidset_5694bb0ecffdbb2f\crop80.jpg
sidset_5936454130919f70,crop80,sidset,real,0,0.9512048363685608,data\cache\clean\test\sidset_5936454130919f70\crop80.jpg
sidset_59e78921fe0be3d3,crop80,sidset,real,0,0.9828416109085083,data\cache\clean\test\sidset_59e78921fe0be3d3\crop80.jpg
sidset_59fe7b3f437e993b,crop80,sidset,real,0,0.9938687682151794,data\cache\clean\test\sidset_59fe7b3f437e993b\crop80.jpg
sidset_5ae51a789c118b75,crop80,sidset,real,0,0.833299994468689,data\cache\clean\test\sidset_5ae51a789c118b75\crop80.jpg
sidset_5b291a7b5ae05cf0,crop80,sidset,real,0,0.5365656018257141,data\cache\clean\test\sidset_5b291a7b5ae05cf0\crop80.jpg
sidset_5b8f12b78d13bfcd,crop80,sidset,real,0,0.5806752443313599,data\cache\clean\test\sidset_5b8f12b78d13bfcd\crop80.jpg
sidset_5ba522a91162ae70,crop80,sidset,real,0,0.9999992847442627,data\cache\clean\test\sidset_5ba522a91162ae70\crop80.jpg
sidset_5d6c80bf53edd038,crop80,sidset,real,0,0.5077934861183167,data\cache\clean\test\sidset_5d6c80bf53edd038\crop80.jpg
sidset_5fd49a9afbba9bd6,crop80,sidset,real,0,0.9650624990463257,data\cache\clean\test\sidset_5fd49a9afbba9bd6\crop80.jpg
sidset_615f67f3acd96d5c,crop80,sidset,real,0,0.9928458333015442,data\cache\clean\test\sidset_615f67f3acd96d5c\crop80.jpg
sidset_62d3110113ec4633,crop80,sidset,real,0,0.6270089745521545,data\cache\clean\test\sidset_62d3110113ec4633\crop80.jpg
sidset_63bbe94724c1d946,crop80,sidset,real,0,0.5208996534347534,data\cache\clean\test\sidset_63bbe94724c1d946\crop80.jpg
sidset_65fc1b103d53aa5c,crop80,sidset,real,0,0.7497426867485046,data\cache\clean\test\sidset_65fc1b103d53aa5c\crop80.jpg
sidset_660fbbd053050f25,crop80,sidset,real,0,0.6862053871154785,data\cache\clean\test\sidset_660fbbd053050f25\crop80.jpg
sidset_6729908303ffe2ce,crop80,sidset,real,0,0.8996086716651917,data\cache\clean\test\sidset_6729908303ffe2ce\crop80.jpg
sidset_67e679dca692a59d,crop80,sidset,real,0,0.9633346199989319,data\cache\clean\test\sidset_67e679dca692a59d\crop80.jpg
sidset_6a9b88d93d860623,crop80,sidset,real,0,0.7927053570747375,data\cache\clean\test\sidset_6a9b88d93d860623\crop80.jpg
sidset_6ae976e8966ec975,crop80,sidset,real,0,0.8690782189369202,data\cache\clean\test\sidset_6ae976e8966ec975\crop80.jpg
sidset_6b7167d906f4ff1f,crop80,sidset,real,0,0.9131237864494324,data\cache\clean\test\sidset_6b7167d906f4ff1f\crop80.jpg
sidset_6b8ac1d4f89a0ffa,crop80,sidset,real,0,0.6469891667366028,data\cache\clean\test\sidset_6b8ac1d4f89a0ffa\crop80.jpg
sidset_6f3ce9ca0af3863c,crop80,sidset,real,0,0.6138779520988464,data\cache\clean\test\sidset_6f3ce9ca0af3863c\crop80.jpg
sidset_71a3cfa241159bad,crop80,sidset,real,0,0.9859622120857239,data\cache\clean\test\sidset_71a3cfa241159bad\crop80.jpg
sidset_796b6212cfecb3de,crop80,sidset,real,0,0.9608638882637024,data\cache\clean\test\sidset_796b6212cfecb3de\crop80.jpg
sidset_7974984b83c15934,crop80,sidset,real,0,0.70945805311203,data\cache\clean\test\sidset_7974984b83c15934\crop80.jpg
sidset_7c1fff13774e270c,crop80,sidset,real,0,0.9876163601875305,data\cache\clean\test\sidset_7c1fff13774e270c\crop80.jpg
sidset_7d3102cbae765943,crop80,sidset,real,0,0.6124536395072937,data\cache\clean\test\sidset_7d3102cbae765943\crop80.jpg
sidset_7f1ce0ac000e1d6c,crop80,sidset,real,0,0.9554263353347778,data\cache\clean\test\sidset_7f1ce0ac000e1d6c\crop80.jpg
sidset_832e43df048c6d1a,crop80,sidset,real,0,0.9711127877235413,data\cache\clean\test\sidset_832e43df048c6d1a\crop80.jpg
sidset_8619862cda88466c,crop80,sidset,real,0,0.9438813924789429,data\cache\clean\test\sidset_8619862cda88466c\crop80.jpg
sidset_8865c586ab64c0f9,crop80,sidset,real,0,0.8797529339790344,data\cache\clean\test\sidset_8865c586ab64c0f9\crop80.jpg
sidset_8c3549f9f22a8f34,crop80,sidset,real,0,0.9500513672828674,data\cache\clean\test\sidset_8c3549f9f22a8f34\crop80.jpg
sidset_8d98f1eeb3935d09,crop80,sidset,real,0,0.7171747088432312,data\cache\clean\test\sidset_8d98f1eeb3935d09\crop80.jpg
sidset_8f3624cc8a5e0ffc,crop80,sidset,real,0,0.94058758020401,data\cache\clean\test\sidset_8f3624cc8a5e0ffc\crop80.jpg
sidset_9015299eba2ace6e,crop80,sidset,real,0,0.8653475046157837,data\cache\clean\test\sidset_9015299eba2ace6e\crop80.jpg
sidset_918190e0dd7fc829,crop80,sidset,real,0,0.9829769134521484,data\cache\clean\test\sidset_918190e0dd7fc829\crop80.jpg
sidset_92e8228aca22327e,crop80,sidset,real,0,0.8423983454704285,data\cache\clean\test\sidset_92e8228aca22327e\crop80.jpg
sidset_94165053e2c40790,crop80,sidset,real,0,0.663535475730896,data\cache\clean\test\sidset_94165053e2c40790\crop80.jpg
sidset_9548acaeca2f5124,crop80,sidset,real,0,0.6896976828575134,data\cache\clean\test\sidset_9548acaeca2f5124\crop80.jpg
sidset_9811f04611ad082c,crop80,sidset,real,0,0.6316472887992859,data\cache\clean\test\sidset_9811f04611ad082c\crop80.jpg
sidset_995429a562f1aed2,crop80,sidset,real,0,0.9986400008201599,data\cache\clean\test\sidset_995429a562f1aed2\crop80.jpg
sidset_9ad980e066bd4c5e,crop80,sidset,real,0,0.9593061804771423,data\cache\clean\test\sidset_9ad980e066bd4c5e\crop80.jpg
sidset_9b5464ba8debcd10,crop80,sidset,real,0,0.6491029262542725,data\cache\clean\test\sidset_9b5464ba8debcd10\crop80.jpg
sidset_9e2a9b16ff46f867,crop80,sidset,real,0,0.99925297498703,data\cache\clean\test\sidset_9e2a9b16ff46f867\crop80.jpg
sidset_9fef864f1f832f63,crop80,sidset,real,0,0.5918771028518677,data\cache\clean\test\sidset_9fef864f1f832f63\crop80.jpg
sidset_a3032d75347e6fa2,crop80,sidset,real,0,0.9985740184783936,data\cache\clean\test\sidset_a3032d75347e6fa2\crop80.jpg
sidset_a4268c0135ca2c65,crop80,sidset,real,0,0.9195391535758972,data\cache\clean\test\sidset_a4268c0135ca2c65\crop80.jpg
sidset_a429805728e89e7d,crop80,sidset,real,0,0.9921544194221497,data\cache\clean\test\sidset_a429805728e89e7d\crop80.jpg
sidset_a68752f61204ef57,crop80,sidset,real,0,0.6125261783599854,data\cache\clean\test\sidset_a68752f61204ef57\crop80.jpg
sidset_a8c91bd501d586fa,crop80,sidset,real,0,0.686075747013092,data\cache\clean\test\sidset_a8c91bd501d586fa\crop80.jpg
sidset_addaecf6bdb9e66b,crop80,sidset,real,0,0.8503879904747009,data\cache\clean\test\sidset_addaecf6bdb9e66b\crop80.jpg
sidset_afe2c3d2863b693b,crop80,sidset,real,0,0.9567550420761108,data\cache\clean\test\sidset_afe2c3d2863b693b\crop80.jpg
sidset_b230de6baca8d392,crop80,sidset,real,0,0.9269933104515076,data\cache\clean\test\sidset_b230de6baca8d392\crop80.jpg
sidset_b476dc9881140333,crop80,sidset,real,0,0.6940597295761108,data\cache\clean\test\sidset_b476dc9881140333\crop80.jpg
sidset_b4f4dcd2e7617eea,crop80,sidset,real,0,0.7458659410476685,data\cache\clean\test\sidset_b4f4dcd2e7617eea\crop80.jpg
sidset_b6d4573c9d24dcf3,crop80,sidset,real,0,0.580853283405304,data\cache\clean\test\sidset_b6d4573c9d24dcf3\crop80.jpg
sidset_bc280ffeb57ce51b,crop80,sidset,real,0,0.713738203048706,data\cache\clean\test\sidset_bc280ffeb57ce51b\crop80.jpg
sidset_bc70b06f0d603efd,crop80,sidset,real,0,1.0,data\cache\clean\test\sidset_bc70b06f0d603efd\crop80.jpg
sidset_bddc30edb2816122,crop80,sidset,real,0,0.8889747858047485,data\cache\clean\test\sidset_bddc30edb2816122\crop80.jpg
sidset_bf236ad30956e497,crop80,sidset,real,0,0.8413547277450562,data\cache\clean\test\sidset_bf236ad30956e497\crop80.jpg
sidset_c104d5a827c3dc84,crop80,sidset,real,0,0.7301000952720642,data\cache\clean\test\sidset_c104d5a827c3dc84\crop80.jpg
sidset_c3c41d4a18529a16,crop80,sidset,real,0,0.9918632507324219,data\cache\clean\test\sidset_c3c41d4a18529a16\crop80.jpg
sidset_c4d87d865d01d863,crop80,sidset,real,0,0.6018442511558533,data\cache\clean\test\sidset_c4d87d865d01d863\crop80.jpg
sidset_c5f4e20e7d2e391c,crop80,sidset,real,0,0.8518484234809875,data\cache\clean\test\sidset_c5f4e20e7d2e391c\crop80.jpg
sidset_c71adf7ec32fe698,crop80,sidset,real,0,0.9814153909683228,data\cache\clean\test\sidset_c71adf7ec32fe698\crop80.jpg
sidset_c90419b9eb89527a,crop80,sidset,real,0,0.8455867767333984,data\cache\clean\test\sidset_c90419b9eb89527a\crop80.jpg
sidset_ca472f89d820942c,crop80,sidset,real,0,0.6761593818664551,data\cache\clean\test\sidset_ca472f89d820942c\crop80.jpg
sidset_cac550631e35c126,crop80,sidset,real,0,0.8919822573661804,data\cache\clean\test\sidset_cac550631e35c126\crop80.jpg
sidset_cbf3fa49807183fd,crop80,sidset,real,0,0.5019115209579468,data\cache\clean\test\sidset_cbf3fa49807183fd\crop80.jpg
sidset_ce09a25a50fdfe47,crop80,sidset,real,0,0.925554633140564,data\cache\clean\test\sidset_ce09a25a50fdfe47\crop80.jpg
sidset_d1bccd9512c32cdc,crop80,sidset,real,0,0.7808389067649841,data\cache\clean\test\sidset_d1bccd9512c32cdc\crop80.jpg
sidset_d3d78752fef3f3c4,crop80,sidset,real,0,0.7478218078613281,data\cache\clean\test\sidset_d3d78752fef3f3c4\crop80.jpg
sidset_d482661389f951ac,crop80,sidset,real,0,0.568936288356781,data\cache\clean\test\sidset_d482661389f951ac\crop80.jpg
sidset_d7c9ba7b7774dcd9,crop80,sidset,real,0,0.8960197567939758,data\cache\clean\test\sidset_d7c9ba7b7774dcd9\crop80.jpg
sidset_de2d4b37000ff09c,crop80,sidset,real,0,0.7821267247200012,data\cache\clean\test\sidset_de2d4b37000ff09c\crop80.jpg
sidset_df546351780cb733,crop80,sidset,real,0,0.5356538891792297,data\cache\clean\test\sidset_df546351780cb733\crop80.jpg
sidset_e19c80d7ff2e201b,crop80,sidset,real,0,0.975835382938385,data\cache\clean\test\sidset_e19c80d7ff2e201b\crop80.jpg
sidset_e1a5cac65504c6d6,crop80,sidset,real,0,0.9992703795433044,data\cache\clean\test\sidset_e1a5cac65504c6d6\crop80.jpg
sidset_e20f8df5bc8ae19c,crop80,sidset,real,0,0.5847828388214111,data\cache\clean\test\sidset_e20f8df5bc8ae19c\crop80.jpg
sidset_e35ca53982ee8372,crop80,sidset,real,0,0.5857202410697937,data\cache\clean\test\sidset_e35ca53982ee8372\crop80.jpg
sidset_e547ceb84d50e7bf,crop80,sidset,real,0,0.9944814443588257,data\cache\clean\test\sidset_e547ceb84d50e7bf\crop80.jpg
sidset_e83254d4c55675a6,crop80,sidset,real,0,0.5694688558578491,data\cache\clean\test\sidset_e83254d4c55675a6\crop80.jpg
sidset_eab75e8e0ce4beb2,crop80,sidset,real,0,0.7484161257743835,data\cache\clean\test\sidset_eab75e8e0ce4beb2\crop80.jpg
sidset_ee10cfddcd14bfe8,crop80,sidset,real,0,0.6292043924331665,data\cache\clean\test\sidset_ee10cfddcd14bfe8\crop80.jpg
sidset_f3130702f6e36cdd,crop80,sidset,real,0,0.5044276714324951,data\cache\clean\test\sidset_f3130702f6e36cdd\crop80.jpg
sidset_f4d320b4fb6abcc2,crop80,sidset,real,0,0.565089225769043,data\cache\clean\test\sidset_f4d320b4fb6abcc2\crop80.jpg
sidset_f6e7d3012684d351,crop80,sidset,real,0,0.51853346824646,data\cache\clean\test\sidset_f6e7d3012684d351\crop80.jpg
sidset_fac95db1f3df9775,crop80,sidset,real,0,0.9992986917495728,data\cache\clean\test\sidset_fac95db1f3df9775\crop80.jpg
sidset_fb820a8756e04447,crop80,sidset,real,0,0.8074877858161926,data\cache\clean\test\sidset_fb820a8756e04447\crop80.jpg
sidset_fc48a2efc247fa8c,crop80,sidset,real,0,0.8221145868301392,data\cache\clean\test\sidset_fc48a2efc247fa8c\crop80.jpg
sidset_ffb6be41271c5645,crop80,sidset,real,0,0.7063032388687134,data\cache\clean\test\sidset_ffb6be41271c5645\crop80.jpg
sidset_ffdcd87dfa1e049a,crop80,sidset,real,0,0.8721492290496826,data\cache\clean\test\sidset_ffdcd87dfa1e049a\crop80.jpg
cifake_0085,jpeg_q30,cifake,real,0,0.9850103259086609,data\cache\clean\test\cifake_0085\jpeg_q30.jpg
cifake_0089 (3),jpeg_q30,cifake,real,0,0.7119693160057068,data\cache\clean\test\cifake_0089 (3)\jpeg_q30.jpg
cifake_0179 (9),jpeg_q30,cifake,real,0,0.5507288575172424,data\cache\clean\test\cifake_0179 (9)\jpeg_q30.jpg
cifake_0343 (6),jpeg_q30,cifake,real,0,0.9084429144859314,data\cache\clean\test\cifake_0343 (6)\jpeg_q30.jpg
cifake_0618 (3),jpeg_q30,cifake,real,0,0.7988301515579224,data\cache\clean\test\cifake_0618 (3)\jpeg_q30.jpg
cifake_0793,jpeg_q30,cifake,real,0,0.9837124347686768,data\cache\clean\test\cifake_0793\jpeg_q30.jpg
cifake_0858 (3),jpeg_q30,cifake,real,0,0.6128586530685425,data\cache\clean\test\cifake_0858 (3)\jpeg_q30.jpg
cifake_0967 (9),jpeg_q30,cifake,real,0,0.9352630376815796,data\cache\clean\test\cifake_0967 (9)\jpeg_q30.jpg
cifake_1139,jpeg_q30,cifake,real,0,0.9601731300354004,data\cache\clean\test\cifake_1139\jpeg_q30.jpg
cifake_1974,jpeg_q30,cifake,real,0,0.5879787802696228,data\cache\clean\test\cifake_1974\jpeg_q30.jpg
cifake_2054 (9),jpeg_q30,cifake,real,0,0.7466252446174622,data\cache\clean\test\cifake_2054 (9)\jpeg_q30.jpg
cifake_2122,jpeg_q30,cifake,real,0,0.9954570531845093,data\cache\clean\test\cifake_2122\jpeg_q30.jpg
cifake_2270 (3),jpeg_q30,cifake,real,0,0.5979667901992798,data\cache\clean\test\cifake_2270 (3)\jpeg_q30.jpg
cifake_2500 (3),jpeg_q30,cifake,real,0,0.9095561504364014,data\cache\clean\test\cifake_2500 (3)\jpeg_q30.jpg
cifake_2547,jpeg_q30,cifake,real,0,0.5800749063491821,data\cache\clean\test\cifake_2547\jpeg_q30.jpg
cifake_2660,jpeg_q30,cifake,real,0,0.9983475208282471,data\cache\clean\test\cifake_2660\jpeg_q30.jpg
cifake_2784 (7),jpeg_q30,cifake,real,0,0.6223681569099426,data\cache\clean\test\cifake_2784 (7)\jpeg_q30.jpg
cifake_2874 (4),jpeg_q30,cifake,real,0,0.8574084043502808,data\cache\clean\test\cifake_2874 (4)\jpeg_q30.jpg
cifake_2910 (9),jpeg_q30,cifake,real,0,0.6485580205917358,data\cache\clean\test\cifake_2910 (9)\jpeg_q30.jpg
cifake_3129 (9),jpeg_q30,cifake,real,0,0.8189420700073242,data\cache\clean\test\cifake_3129 (9)\jpeg_q30.jpg
cifake_3280 (8),jpeg_q30,cifake,real,0,0.709435760974884,data\cache\clean\test\cifake_3280 (8)\jpeg_q30.jpg
cifake_3458 (9),jpeg_q30,cifake,real,0,0.6376239061355591,data\cache\clean\test\cifake_3458 (9)\jpeg_q30.jpg
cifake_3843 (3),jpeg_q30,cifake,real,0,0.7030245661735535,data\cache\clean\test\cifake_3843 (3)\jpeg_q30.jpg
cifake_3872,jpeg_q30,cifake,real,0,0.9529406428337097,data\cache\clean\test\cifake_3872\jpeg_q30.jpg
cifake_4369,jpeg_q30,cifake,real,0,0.7459574937820435,data\cache\clean\test\cifake_4369\jpeg_q30.jpg
cifake_4592 (10),jpeg_q30,cifake,real,0,0.7507051229476929,data\cache\clean\test\cifake_4592 (10)\jpeg_q30.jpg
cifake_4609 (2),jpeg_q30,cifake,real,0,0.8172922730445862,data\cache\clean\test\cifake_4609 (2)\jpeg_q30.jpg
cifake_4660 (5),jpeg_q30,cifake,real,0,0.8198299407958984,data\cache\clean\test\cifake_4660 (5)\jpeg_q30.jpg
cifake_4673 (5),jpeg_q30,cifake,real,0,0.8672894835472107,data\cache\clean\test\cifake_4673 (5)\jpeg_q30.jpg
sidset_01cfa603553a1a45,jpeg_q30,sidset,real,0,0.6299454569816589,data\cache\clean\test\sidset_01cfa603553a1a45\jpeg_q30.jpg
sidset_036df955965cb2f9,jpeg_q30,sidset,real,0,0.910921037197113,data\cache\clean\test\sidset_036df955965cb2f9\jpeg_q30.jpg
sidset_038789965a8f7606,jpeg_q30,sidset,real,0,0.9980873465538025,data\cache\clean\test\sidset_038789965a8f7606\jpeg_q30.jpg
sidset_04c57e00f9d1b966,jpeg_q30,sidset,real,0,0.8142358660697937,data\cache\clean\test\sidset_04c57e00f9d1b966\jpeg_q30.jpg
sidset_04dca235b99ad328,jpeg_q30,sidset,real,0,0.5619148015975952,data\cache\clean\test\sidset_04dca235b99ad328\jpeg_q30.jpg
sidset_0819e112dbbe3cb8,jpeg_q30,sidset,real,0,0.8023791909217834,data\cache\clean\test\sidset_0819e112dbbe3cb8\jpeg_q30.jpg
sidset_09e779f2616dde26,jpeg_q30,sidset,real,0,0.9696016907691956,data\cache\clean\test\sidset_09e779f2616dde26\jpeg_q30.jpg
sidset_0cf1d8bc81be1587,jpeg_q30,sidset,real,0,0.7827504277229309,data\cache\clean\test\sidset_0cf1d8bc81be1587\jpeg_q30.jpg
sidset_0e8025a1493dc563,jpeg_q30,sidset,real,0,0.5870550274848938,data\cache\clean\test\sidset_0e8025a1493dc563\jpeg_q30.jpg
sidset_0f8102c25fc764ea,jpeg_q30,sidset,real,0,0.9931156039237976,data\cache\clean\test\sidset_0f8102c25fc764ea\jpeg_q30.jpg
sidset_1409961a28ec7db5,jpeg_q30,sidset,real,0,0.855918824672699,data\cache\clean\test\sidset_1409961a28ec7db5\jpeg_q30.jpg
sidset_14312756c1c94efa,jpeg_q30,sidset,real,0,0.5551130175590515,data\cache\clean\test\sidset_14312756c1c94efa\jpeg_q30.jpg
sidset_1577f06c8ee59ef0,jpeg_q30,sidset,real,0,0.6240548491477966,data\cache\clean\test\sidset_1577f06c8ee59ef0\jpeg_q30.jpg
sidset_1b20d1ec3fd5a56f,jpeg_q30,sidset,real,0,0.7688324451446533,data\cache\clean\test\sidset_1b20d1ec3fd5a56f\jpeg_q30.jpg
sidset_1cae0a8c943c87f1,jpeg_q30,sidset,real,0,0.7692914605140686,data\cache\clean\test\sidset_1cae0a8c943c87f1\jpeg_q30.jpg
sidset_1d24e17c0f598d7a,jpeg_q30,sidset,real,0,0.9873610734939575,data\cache\clean\test\sidset_1d24e17c0f598d7a\jpeg_q30.jpg
sidset_1d49d26ca0273da6,jpeg_q30,sidset,real,0,0.9999055862426758,data\cache\clean\test\sidset_1d49d26ca0273da6\jpeg_q30.jpg
sidset_1ec791166ce27275,jpeg_q30,sidset,real,0,0.7418568730354309,data\cache\clean\test\sidset_1ec791166ce27275\jpeg_q30.jpg
sidset_22b07f2ffcaf319c,jpeg_q30,sidset,real,0,0.9832900762557983,data\cache\clean\test\sidset_22b07f2ffcaf319c\jpeg_q30.jpg
sidset_230a893e83782a7f,jpeg_q30,sidset,real,0,0.9235568642616272,data\cache\clean\test\sidset_230a893e83782a7f\jpeg_q30.jpg
sidset_235e3feb178ed158,jpeg_q30,sidset,real,0,0.7526987195014954,data\cache\clean\test\sidset_235e3feb178ed158\jpeg_q30.jpg
sidset_333b018473a06c71,jpeg_q30,sidset,real,0,0.6209068298339844,data\cache\clean\test\sidset_333b018473a06c71\jpeg_q30.jpg
sidset_36ec0b674a14714a,jpeg_q30,sidset,real,0,0.5532355308532715,data\cache\clean\test\sidset_36ec0b674a14714a\jpeg_q30.jpg
sidset_3beca4d6152a4aa5,jpeg_q30,sidset,real,0,0.8452421426773071,data\cache\clean\test\sidset_3beca4d6152a4aa5\jpeg_q30.jpg
sidset_3fbc4c1574ef987d,jpeg_q30,sidset,real,0,0.8358368873596191,data\cache\clean\test\sidset_3fbc4c1574ef987d\jpeg_q30.jpg
sidset_4566671bd4a332e8,jpeg_q30,sidset,real,0,0.7156065702438354,data\cache\clean\test\sidset_4566671bd4a332e8\jpeg_q30.jpg
sidset_45a6cb8b20ae57d2,jpeg_q30,sidset,real,0,0.9880359768867493,data\cache\clean\test\sidset_45a6cb8b20ae57d2\jpeg_q30.jpg
sidset_45c5c68f5a74cd90,jpeg_q30,sidset,real,0,0.5477823615074158,data\cache\clean\test\sidset_45c5c68f5a74cd90\jpeg_q30.jpg
sidset_4ac34f7de95d2879,jpeg_q30,sidset,real,0,0.5674440860748291,data\cache\clean\test\sidset_4ac34f7de95d2879\jpeg_q30.jpg
sidset_4b587c02c1897383,jpeg_q30,sidset,real,0,0.5166499614715576,data\cache\clean\test\sidset_4b587c02c1897383\jpeg_q30.jpg
sidset_4e4b9b1d6e8b2aca,jpeg_q30,sidset,real,0,0.8390268683433533,data\cache\clean\test\sidset_4e4b9b1d6e8b2aca\jpeg_q30.jpg
sidset_51655a8a28f25f11,jpeg_q30,sidset,real,0,0.9557902812957764,data\cache\clean\test\sidset_51655a8a28f25f11\jpeg_q30.jpg
sidset_523fede5def083dd,jpeg_q30,sidset,real,0,0.8911584615707397,data\cache\clean\test\sidset_523fede5def083dd\jpeg_q30.jpg
sidset_52bf81b2d7f84101,jpeg_q30,sidset,real,0,0.9971047043800354,data\cache\clean\test\sidset_52bf81b2d7f84101\jpeg_q30.jpg
sidset_55ed6c0bbd54e07d,jpeg_q30,sidset,real,0,0.7072612047195435,data\cache\clean\test\sidset_55ed6c0bbd54e07d\jpeg_q30.jpg
sidset_59e78921fe0be3d3,jpeg_q30,sidset,real,0,0.9733185172080994,data\cache\clean\test\sidset_59e78921fe0be3d3\jpeg_q30.jpg
sidset_5a165a26bf8ca4be,jpeg_q30,sidset,real,0,0.8857036232948303,data\cache\clean\test\sidset_5a165a26bf8ca4be\jpeg_q30.jpg
sidset_5b8f12b78d13bfcd,jpeg_q30,sidset,real,0,0.9893819093704224,data\cache\clean\test\sidset_5b8f12b78d13bfcd\jpeg_q30.jpg
sidset_5ba522a91162ae70,jpeg_q30,sidset,real,0,0.9999988079071045,data\cache\clean\test\sidset_5ba522a91162ae70\jpeg_q30.jpg
sidset_5fd49a9afbba9bd6,jpeg_q30,sidset,real,0,0.9871428608894348,data\cache\clean\test\sidset_5fd49a9afbba9bd6\jpeg_q30.jpg
sidset_6064863bdd6ff466,jpeg_q30,sidset,real,0,0.7337880730628967,data\cache\clean\test\sidset_6064863bdd6ff466\jpeg_q30.jpg
sidset_6114a7afd5ced36c,jpeg_q30,sidset,real,0,0.6450672745704651,data\cache\clean\test\sidset_6114a7afd5ced36c\jpeg_q30.jpg
sidset_615f67f3acd96d5c,jpeg_q30,sidset,real,0,0.8883243799209595,data\cache\clean\test\sidset_615f67f3acd96d5c\jpeg_q30.jpg
sidset_62d3110113ec4633,jpeg_q30,sidset,real,0,0.9990605711936951,data\cache\clean\test\sidset_62d3110113ec4633\jpeg_q30.jpg
sidset_660fbbd053050f25,jpeg_q30,sidset,real,0,0.5526147484779358,data\cache\clean\test\sidset_660fbbd053050f25\jpeg_q30.jpg
sidset_6729908303ffe2ce,jpeg_q30,sidset,real,0,0.9898614883422852,data\cache\clean\test\sidset_6729908303ffe2ce\jpeg_q30.jpg
sidset_67e679dca692a59d,jpeg_q30,sidset,real,0,0.9769557118415833,data\cache\clean\test\sidset_67e679dca692a59d\jpeg_q30.jpg
sidset_68f0479b7dde7700,jpeg_q30,sidset,real,0,0.8335533142089844,data\cache\clean\test\sidset_68f0479b7dde7700\jpeg_q30.jpg
sidset_6ae976e8966ec975,jpeg_q30,sidset,real,0,0.8935901522636414,data\cache\clean\test\sidset_6ae976e8966ec975\jpeg_q30.jpg
sidset_6b8ac1d4f89a0ffa,jpeg_q30,sidset,real,0,0.7817200422286987,data\cache\clean\test\sidset_6b8ac1d4f89a0ffa\jpeg_q30.jpg
sidset_6f3ce9ca0af3863c,jpeg_q30,sidset,real,0,0.7656198740005493,data\cache\clean\test\sidset_6f3ce9ca0af3863c\jpeg_q30.jpg
sidset_759a21da57c25774,jpeg_q30,sidset,real,0,0.9997681975364685,data\cache\clean\test\sidset_759a21da57c25774\jpeg_q30.jpg
sidset_789adfb30711725a,jpeg_q30,sidset,real,0,0.5632822513580322,data\cache\clean\test\sidset_789adfb30711725a\jpeg_q30.jpg
sidset_796b6212cfecb3de,jpeg_q30,sidset,real,0,0.6276309490203857,data\cache\clean\test\sidset_796b6212cfecb3de\jpeg_q30.jpg
sidset_7974984b83c15934,jpeg_q30,sidset,real,0,0.9301728010177612,data\cache\clean\test\sidset_7974984b83c15934\jpeg_q30.jpg
sidset_7c1fff13774e270c,jpeg_q30,sidset,real,0,0.9400206804275513,data\cache\clean\test\sidset_7c1fff13774e270c\jpeg_q30.jpg
sidset_7d3102cbae765943,jpeg_q30,sidset,real,0,0.8284319043159485,data\cache\clean\test\sidset_7d3102cbae765943\jpeg_q30.jpg
sidset_7f1ce0ac000e1d6c,jpeg_q30,sidset,real,0,0.7970761656761169,data\cache\clean\test\sidset_7f1ce0ac000e1d6c\jpeg_q30.jpg
sidset_832e43df048c6d1a,jpeg_q30,sidset,real,0,0.9580748081207275,data\cache\clean\test\sidset_832e43df048c6d1a\jpeg_q30.jpg
sidset_8619862cda88466c,jpeg_q30,sidset,real,0,0.9855636358261108,data\cache\clean\test\sidset_8619862cda88466c\jpeg_q30.jpg
sidset_87e6f806902a63fc,jpeg_q30,sidset,real,0,0.6841623783111572,data\cache\clean\test\sidset_87e6f806902a63fc\jpeg_q30.jpg
sidset_8865c586ab64c0f9,jpeg_q30,sidset,real,0,0.5348992943763733,data\cache\clean\test\sidset_8865c586ab64c0f9\jpeg_q30.jpg
sidset_8c3549f9f22a8f34,jpeg_q30,sidset,real,0,0.9848496913909912,data\cache\clean\test\sidset_8c3549f9f22a8f34\jpeg_q30.jpg
sidset_918190e0dd7fc829,jpeg_q30,sidset,real,0,0.9999254941940308,data\cache\clean\test\sidset_918190e0dd7fc829\jpeg_q30.jpg
sidset_9548acaeca2f5124,jpeg_q30,sidset,real,0,0.8199905157089233,data\cache\clean\test\sidset_9548acaeca2f5124\jpeg_q30.jpg
sidset_981012b937df03d0,jpeg_q30,sidset,real,0,0.7683409452438354,data\cache\clean\test\sidset_981012b937df03d0\jpeg_q30.jpg
sidset_9811f04611ad082c,jpeg_q30,sidset,real,0,0.9262009859085083,data\cache\clean\test\sidset_9811f04611ad082c\jpeg_q30.jpg
sidset_9915729405b9e03e,jpeg_q30,sidset,real,0,0.6757792234420776,data\cache\clean\test\sidset_9915729405b9e03e\jpeg_q30.jpg
sidset_995429a562f1aed2,jpeg_q30,sidset,real,0,0.9921445250511169,data\cache\clean\test\sidset_995429a562f1aed2\jpeg_q30.jpg
sidset_9ad980e066bd4c5e,jpeg_q30,sidset,real,0,0.8536885380744934,data\cache\clean\test\sidset_9ad980e066bd4c5e\jpeg_q30.jpg
sidset_9e2a9b16ff46f867,jpeg_q30,sidset,real,0,0.9880898594856262,data\cache\clean\test\sidset_9e2a9b16ff46f867\jpeg_q30.jpg
sidset_a09d0102c68de8b5,jpeg_q30,sidset,real,0,0.7921873927116394,data\cache\clean\test\sidset_a09d0102c68de8b5\jpeg_q30.jpg
sidset_a3032d75347e6fa2,jpeg_q30,sidset,real,0,0.9928277134895325,data\cache\clean\test\sidset_a3032d75347e6fa2\jpeg_q30.jpg
sidset_a4268c0135ca2c65,jpeg_q30,sidset,real,0,0.9999305009841919,data\cache\clean\test\sidset_a4268c0135ca2c65\jpeg_q30.jpg
sidset_a429805728e89e7d,jpeg_q30,sidset,real,0,0.9981744289398193,data\cache\clean\test\sidset_a429805728e89e7d\jpeg_q30.jpg
sidset_a8ad741ef85002f3,jpeg_q30,sidset,real,0,0.7940533757209778,data\cache\clean\test\sidset_a8ad741ef85002f3\jpeg_q30.jpg
sidset_af18b6bd4586f20d,jpeg_q30,sidset,real,0,0.9499083161354065,data\cache\clean\test\sidset_af18b6bd4586f20d\jpeg_q30.jpg
sidset_b230de6baca8d392,jpeg_q30,sidset,real,0,0.991682767868042,data\cache\clean\test\sidset_b230de6baca8d392\jpeg_q30.jpg
sidset_b3d460c2a4f17eff,jpeg_q30,sidset,real,0,0.5238646268844604,data\cache\clean\test\sidset_b3d460c2a4f17eff\jpeg_q30.jpg
sidset_b476dc9881140333,jpeg_q30,sidset,real,0,0.8708110451698303,data\cache\clean\test\sidset_b476dc9881140333\jpeg_q30.jpg
sidset_b4f4dcd2e7617eea,jpeg_q30,sidset,real,0,0.620903730392456,data\cache\clean\test\sidset_b4f4dcd2e7617eea\jpeg_q30.jpg
sidset_b7e2bd65518fb887,jpeg_q30,sidset,real,0,0.9002836346626282,data\cache\clean\test\sidset_b7e2bd65518fb887\jpeg_q30.jpg
sidset_bc70b06f0d603efd,jpeg_q30,sidset,real,0,0.9999998807907104,data\cache\clean\test\sidset_bc70b06f0d603efd\jpeg_q30.jpg
sidset_bddc30edb2816122,jpeg_q30,sidset,real,0,0.8690906167030334,data\cache\clean\test\sidset_bddc30edb2816122\jpeg_q30.jpg
sidset_bf236ad30956e497,jpeg_q30,sidset,real,0,0.8051448464393616,data\cache\clean\test\sidset_bf236ad30956e497\jpeg_q30.jpg
sidset_c33edc6a23ae9d6b,jpeg_q30,sidset,real,0,0.9514440298080444,data\cache\clean\test\sidset_c33edc6a23ae9d6b\jpeg_q30.jpg
sidset_c3c41d4a18529a16,jpeg_q30,sidset,real,0,0.9297909140586853,data\cache\clean\test\sidset_c3c41d4a18529a16\jpeg_q30.jpg
sidset_c51e9f52ce3dbd67,jpeg_q30,sidset,real,0,0.6412016153335571,data\cache\clean\test\sidset_c51e9f52ce3dbd67\jpeg_q30.jpg
sidset_c5a378b0ea24d25e,jpeg_q30,sidset,real,0,0.7759931683540344,data\cache\clean\test\sidset_c5a378b0ea24d25e\jpeg_q30.jpg
sidset_c90419b9eb89527a,jpeg_q30,sidset,real,0,0.9745429158210754,data\cache\clean\test\sidset_c90419b9eb89527a\jpeg_q30.jpg
sidset_c979e1ce90deac08,jpeg_q30,sidset,real,0,0.9388254284858704,data\cache\clean\test\sidset_c979e1ce90deac08\jpeg_q30.jpg
sidset_cac550631e35c126,jpeg_q30,sidset,real,0,0.8542884588241577,data\cache\clean\test\sidset_cac550631e35c126\jpeg_q30.jpg
sidset_cbf3fa49807183fd,jpeg_q30,sidset,real,0,0.8854794502258301,data\cache\clean\test\sidset_cbf3fa49807183fd\jpeg_q30.jpg
sidset_cd120c52d3b96cca,jpeg_q30,sidset,real,0,0.6772237420082092,data\cache\clean\test\sidset_cd120c52d3b96cca\jpeg_q30.jpg
sidset_ce09a25a50fdfe47,jpeg_q30,sidset,real,0,0.9964858293533325,data\cache\clean\test\sidset_ce09a25a50fdfe47\jpeg_q30.jpg
sidset_cefabeb567a88f94,jpeg_q30,sidset,real,0,0.7430699467658997,data\cache\clean\test\sidset_cefabeb567a88f94\jpeg_q30.jpg
sidset_cfa694ce3bb2538c,jpeg_q30,sidset,real,0,0.9819860458374023,data\cache\clean\test\sidset_cfa694ce3bb2538c\jpeg_q30.jpg
sidset_d0fea44f4c3d5825,jpeg_q30,sidset,real,0,0.5982269644737244,data\cache\clean\test\sidset_d0fea44f4c3d5825\jpeg_q30.jpg
sidset_d177df42ac3e071e,jpeg_q30,sidset,real,0,0.5568230748176575,data\cache\clean\test\sidset_d177df42ac3e071e\jpeg_q30.jpg
sidset_d1bccd9512c32cdc,jpeg_q30,sidset,real,0,0.6676484942436218,data\cache\clean\test\sidset_d1bccd9512c32cdc\jpeg_q30.jpg
sidset_d3d78752fef3f3c4,jpeg_q30,sidset,real,0,0.973275363445282,data\cache\clean\test\sidset_d3d78752fef3f3c4\jpeg_q30.jpg
sidset_d482661389f951ac,jpeg_q30,sidset,real,0,0.9566884636878967,data\cache\clean\test\sidset_d482661389f951ac\jpeg_q30.jpg
sidset_d7c9ba7b7774dcd9,jpeg_q30,sidset,real,0,0.5786867737770081,data\cache\clean\test\sidset_d7c9ba7b7774dcd9\jpeg_q30.jpg
sidset_de2d4b37000ff09c,jpeg_q30,sidset,real,0,0.7973079681396484,data\cache\clean\test\sidset_de2d4b37000ff09c\jpeg_q30.jpg
sidset_df546351780cb733,jpeg_q30,sidset,real,0,0.8752942085266113,data\cache\clean\test\sidset_df546351780cb733\jpeg_q30.jpg
sidset_e19c80d7ff2e201b,jpeg_q30,sidset,real,0,0.9986392855644226,data\cache\clean\test\sidset_e19c80d7ff2e201b\jpeg_q30.jpg
sidset_e1a5cac65504c6d6,jpeg_q30,sidset,real,0,0.68602055311203,data\cache\clean\test\sidset_e1a5cac65504c6d6\jpeg_q30.jpg
sidset_e35ca53982ee8372,jpeg_q30,sidset,real,0,0.8646371960639954,data\cache\clean\test\sidset_e35ca53982ee8372\jpeg_q30.jpg
sidset_e547ceb84d50e7bf,jpeg_q30,sidset,real,0,0.9966188669204712,data\cache\clean\test\sidset_e547ceb84d50e7bf\jpeg_q30.jpg
sidset_e73a5a7ccc6dabc2,jpeg_q30,sidset,real,0,0.9661078453063965,data\cache\clean\test\sidset_e73a5a7ccc6dabc2\jpeg_q30.jpg
sidset_e83254d4c55675a6,jpeg_q30,sidset,real,0,0.8051401376724243,data\cache\clean\test\sidset_e83254d4c55675a6\jpeg_q30.jpg
sidset_ee10cfddcd14bfe8,jpeg_q30,sidset,real,0,0.9072142243385315,data\cache\clean\test\sidset_ee10cfddcd14bfe8\jpeg_q30.jpg
sidset_f250696304a3be0e,jpeg_q30,sidset,real,0,0.6537435054779053,data\cache\clean\test\sidset_f250696304a3be0e\jpeg_q30.jpg
sidset_f2be8bd472d53987,jpeg_q30,sidset,real,0,0.9749853014945984,data\cache\clean\test\sidset_f2be8bd472d53987\jpeg_q30.jpg
sidset_f8827db6d147bcf1,jpeg_q30,sidset,real,0,0.6786549687385559,data\cache\clean\test\sidset_f8827db6d147bcf1\jpeg_q30.jpg
sidset_fac95db1f3df9775,jpeg_q30,sidset,real,0,0.9690866470336914,data\cache\clean\test\sidset_fac95db1f3df9775\jpeg_q30.jpg
sidset_ffb6be41271c5645,jpeg_q30,sidset,real,0,0.8186221122741699,data\cache\clean\test\sidset_ffb6be41271c5645\jpeg_q30.jpg
sidset_ffdcd87dfa1e049a,jpeg_q30,sidset,real,0,0.8299639225006104,data\cache\clean\test\sidset_ffdcd87dfa1e049a\jpeg_q30.jpg
cifake_0085,jpeg_q50,cifake,real,0,0.9908684492111206,data\cache\clean\test\cifake_0085\jpeg_q50.jpg
cifake_0089 (3),jpeg_q50,cifake,real,0,0.7367740869522095,data\cache\clean\test\cifake_0089 (3)\jpeg_q50.jpg
cifake_0179 (9),jpeg_q50,cifake,real,0,0.8069286942481995,data\cache\clean\test\cifake_0179 (9)\jpeg_q50.jpg
cifake_0235,jpeg_q50,cifake,real,0,0.8315975666046143,data\cache\clean\test\cifake_0235\jpeg_q50.jpg
cifake_0239 (10),jpeg_q50,cifake,real,0,0.7955634593963623,data\cache\clean\test\cifake_0239 (10)\jpeg_q50.jpg
cifake_0343 (6),jpeg_q50,cifake,real,0,0.929073691368103,data\cache\clean\test\cifake_0343 (6)\jpeg_q50.jpg
cifake_0485 (9),jpeg_q50,cifake,real,0,0.7268447279930115,data\cache\clean\test\cifake_0485 (9)\jpeg_q50.jpg
cifake_0618 (3),jpeg_q50,cifake,real,0,0.7841399312019348,data\cache\clean\test\cifake_0618 (3)\jpeg_q50.jpg
cifake_0739 (4),jpeg_q50,cifake,real,0,0.6315447688102722,data\cache\clean\test\cifake_0739 (4)\jpeg_q50.jpg
cifake_0793,jpeg_q50,cifake,real,0,0.9649451375007629,data\cache\clean\test\cifake_0793\jpeg_q50.jpg
cifake_0967 (9),jpeg_q50,cifake,real,0,0.9689925312995911,data\cache\clean\test\cifake_0967 (9)\jpeg_q50.jpg
cifake_1139,jpeg_q50,cifake,real,0,0.8879069089889526,data\cache\clean\test\cifake_1139\jpeg_q50.jpg
cifake_1311,jpeg_q50,cifake,real,0,0.7423096299171448,data\cache\clean\test\cifake_1311\jpeg_q50.jpg
cifake_1331 (2),jpeg_q50,cifake,real,0,0.7030912637710571,data\cache\clean\test\cifake_1331 (2)\jpeg_q50.jpg
cifake_1427,jpeg_q50,cifake,real,0,0.5378159880638123,data\cache\clean\test\cifake_1427\jpeg_q50.jpg
cifake_2094 (3),jpeg_q50,cifake,real,0,0.5264339447021484,data\cache\clean\test\cifake_2094 (3)\jpeg_q50.jpg
cifake_2122,jpeg_q50,cifake,real,0,0.9932072758674622,data\cache\clean\test\cifake_2122\jpeg_q50.jpg
cifake_2500 (3),jpeg_q50,cifake,real,0,0.9019624590873718,data\cache\clean\test\cifake_2500 (3)\jpeg_q50.jpg
cifake_2660,jpeg_q50,cifake,real,0,0.9984112977981567,data\cache\clean\test\cifake_2660\jpeg_q50.jpg
cifake_2666 (9),jpeg_q50,cifake,real,0,0.586787760257721,data\cache\clean\test\cifake_2666 (9)\jpeg_q50.jpg
cifake_2874 (4),jpeg_q50,cifake,real,0,0.7262908816337585,data\cache\clean\test\cifake_2874 (4)\jpeg_q50.jpg
cifake_2934 (2),jpeg_q50,cifake,real,0,0.620583176612854,data\cache\clean\test\cifake_2934 (2)\jpeg_q50.jpg
cifake_3111 (10),jpeg_q50,cifake,real,0,0.5529015064239502,data\cache\clean\test\cifake_3111 (10)\jpeg_q50.jpg
cifake_3129 (9),jpeg_q50,cifake,real,0,0.6418097019195557,data\cache\clean\test\cifake_3129 (9)\jpeg_q50.jpg
cifake_3280 (8),jpeg_q50,cifake,real,0,0.7053406834602356,data\cache\clean\test\cifake_3280 (8)\jpeg_q50.jpg
cifake_3872,jpeg_q50,cifake,real,0,0.9221562147140503,data\cache\clean\test\cifake_3872\jpeg_q50.jpg
cifake_4369,jpeg_q50,cifake,real,0,0.5999962091445923,data\cache\clean\test\cifake_4369\jpeg_q50.jpg
cifake_4592 (10),jpeg_q50,cifake,real,0,0.7428568601608276,data\cache\clean\test\cifake_4592 (10)\jpeg_q50.jpg
cifake_4609 (2),jpeg_q50,cifake,real,0,0.8490466475486755,data\cache\clean\test\cifake_4609 (2)\jpeg_q50.jpg
cifake_4660 (5),jpeg_q50,cifake,real,0,0.9858883023262024,data\cache\clean\test\cifake_4660 (5)\jpeg_q50.jpg
cifake_4673 (5),jpeg_q50,cifake,real,0,0.6461301445960999,data\cache\clean\test\cifake_4673 (5)\jpeg_q50.jpg
sidset_01cfa603553a1a45,jpeg_q50,sidset,real,0,0.6420371532440186,data\cache\clean\test\sidset_01cfa603553a1a45\jpeg_q50.jpg
sidset_01d31beadaa634e8,jpeg_q50,sidset,real,0,0.5807110071182251,data\cache\clean\test\sidset_01d31beadaa634e8\jpeg_q50.jpg
sidset_02eb47f790cba404,jpeg_q50,sidset,real,0,0.6457868814468384,data\cache\clean\test\sidset_02eb47f790cba404\jpeg_q50.jpg
sidset_036df955965cb2f9,jpeg_q50,sidset,real,0,0.9663226008415222,data\cache\clean\test\sidset_036df955965cb2f9\jpeg_q50.jpg
sidset_038789965a8f7606,jpeg_q50,sidset,real,0,0.9958452582359314,data\cache\clean\test\sidset_038789965a8f7606\jpeg_q50.jpg
sidset_04c57e00f9d1b966,jpeg_q50,sidset,real,0,0.7874488830566406,data\cache\clean\test\sidset_04c57e00f9d1b966\jpeg_q50.jpg
sidset_0819e112dbbe3cb8,jpeg_q50,sidset,real,0,0.7922272086143494,data\cache\clean\test\sidset_0819e112dbbe3cb8\jpeg_q50.jpg
sidset_09e779f2616dde26,jpeg_q50,sidset,real,0,0.9945892095565796,data\cache\clean\test\sidset_09e779f2616dde26\jpeg_q50.jpg
sidset_0cf1d8bc81be1587,jpeg_q50,sidset,real,0,0.7584036588668823,data\cache\clean\test\sidset_0cf1d8bc81be1587\jpeg_q50.jpg
sidset_0e8025a1493dc563,jpeg_q50,sidset,real,0,0.5008552670478821,data\cache\clean\test\sidset_0e8025a1493dc563\jpeg_q50.jpg
sidset_0f8102c25fc764ea,jpeg_q50,sidset,real,0,0.9665770530700684,data\cache\clean\test\sidset_0f8102c25fc764ea\jpeg_q50.jpg
sidset_137115a40fe7347b,jpeg_q50,sidset,real,0,0.7705576419830322,data\cache\clean\test\sidset_137115a40fe7347b\jpeg_q50.jpg
sidset_13a6bf4eaf05914a,jpeg_q50,sidset,real,0,0.6903267502784729,data\cache\clean\test\sidset_13a6bf4eaf05914a\jpeg_q50.jpg
sidset_1409961a28ec7db5,jpeg_q50,sidset,real,0,0.8778468370437622,data\cache\clean\test\sidset_1409961a28ec7db5\jpeg_q50.jpg
sidset_1577f06c8ee59ef0,jpeg_q50,sidset,real,0,0.7783170938491821,data\cache\clean\test\sidset_1577f06c8ee59ef0\jpeg_q50.jpg
sidset_1b20d1ec3fd5a56f,jpeg_q50,sidset,real,0,0.798261821269989,data\cache\clean\test\sidset_1b20d1ec3fd5a56f\jpeg_q50.jpg
sidset_1cae0a8c943c87f1,jpeg_q50,sidset,real,0,0.8346260786056519,data\cache\clean\test\sidset_1cae0a8c943c87f1\jpeg_q50.jpg
sidset_1d24e17c0f598d7a,jpeg_q50,sidset,real,0,0.9150113463401794,data\cache\clean\test\sidset_1d24e17c0f598d7a\jpeg_q50.jpg
sidset_1d49d26ca0273da6,jpeg_q50,sidset,real,0,0.9993634819984436,data\cache\clean\test\sidset_1d49d26ca0273da6\jpeg_q50.jpg
sidset_22b07f2ffcaf319c,jpeg_q50,sidset,real,0,0.9726222157478333,data\cache\clean\test\sidset_22b07f2ffcaf319c\jpeg_q50.jpg
sidset_230a893e83782a7f,jpeg_q50,sidset,real,0,0.9661780595779419,data\cache\clean\test\sidset_230a893e83782a7f\jpeg_q50.jpg
sidset_235e3feb178ed158,jpeg_q50,sidset,real,0,0.6794397830963135,data\cache\clean\test\sidset_235e3feb178ed158\jpeg_q50.jpg
sidset_333b018473a06c71,jpeg_q50,sidset,real,0,0.8111494779586792,data\cache\clean\test\sidset_333b018473a06c71\jpeg_q50.jpg
sidset_389903ded0c46375,jpeg_q50,sidset,real,0,0.5736775398254395,data\cache\clean\test\sidset_389903ded0c46375\jpeg_q50.jpg
sidset_3beca4d6152a4aa5,jpeg_q50,sidset,real,0,0.6417322754859924,data\cache\clean\test\sidset_3beca4d6152a4aa5\jpeg_q50.jpg
sidset_3fbc4c1574ef987d,jpeg_q50,sidset,real,0,0.6353721022605896,data\cache\clean\test\sidset_3fbc4c1574ef987d\jpeg_q50.jpg
sidset_405f8f3229fd3f3a,jpeg_q50,sidset,real,0,0.8325954079627991,data\cache\clean\test\sidset_405f8f3229fd3f3a\jpeg_q50.jpg
sidset_45a6cb8b20ae57d2,jpeg_q50,sidset,real,0,0.9697410464286804,data\cache\clean\test\sidset_45a6cb8b20ae57d2\jpeg_q50.jpg
sidset_45c5c68f5a74cd90,jpeg_q50,sidset,real,0,0.6300883293151855,data\cache\clean\test\sidset_45c5c68f5a74cd90\jpeg_q50.jpg
sidset_4ac34f7de95d2879,jpeg_q50,sidset,real,0,0.7070078253746033,data\cache\clean\test\sidset_4ac34f7de95d2879\jpeg_q50.jpg
sidset_4b587c02c1897383,jpeg_q50,sidset,real,0,0.7467421889305115,data\cache\clean\test\sidset_4b587c02c1897383\jpeg_q50.jpg
sidset_4e4b9b1d6e8b2aca,jpeg_q50,sidset,real,0,0.62358558177948,data\cache\clean\test\sidset_4e4b9b1d6e8b2aca\jpeg_q50.jpg
sidset_4efd021afbfb3ae6,jpeg_q50,sidset,real,0,0.5875039100646973,data\cache\clean\test\sidset_4efd021afbfb3ae6\jpeg_q50.jpg
sidset_51655a8a28f25f11,jpeg_q50,sidset,real,0,0.9816552400588989,data\cache\clean\test\sidset_51655a8a28f25f11\jpeg_q50.jpg
sidset_523fede5def083dd,jpeg_q50,sidset,real,0,0.892887532711029,data\cache\clean\test\sidset_523fede5def083dd\jpeg_q50.jpg
sidset_52612414625e7f90,jpeg_q50,sidset,real,0,0.5479974150657654,data\cache\clean\test\sidset_52612414625e7f90\jpeg_q50.jpg
sidset_52bf81b2d7f84101,jpeg_q50,sidset,real,0,0.9971033930778503,data\cache\clean\test\sidset_52bf81b2d7f84101\jpeg_q50.jpg
sidset_55ed6c0bbd54e07d,jpeg_q50,sidset,real,0,0.6816573739051819,data\cache\clean\test\sidset_55ed6c0bbd54e07d\jpeg_q50.jpg
sidset_59e78921fe0be3d3,jpeg_q50,sidset,real,0,0.9426419138908386,data\cache\clean\test\sidset_59e78921fe0be3d3\jpeg_q50.jpg
sidset_5a165a26bf8ca4be,jpeg_q50,sidset,real,0,0.9087604880332947,data\cache\clean\test\sidset_5a165a26bf8ca4be\jpeg_q50.jpg
sidset_5b8f12b78d13bfcd,jpeg_q50,sidset,real,0,0.9931754469871521,data\cache\clean\test\sidset_5b8f12b78d13bfcd\jpeg_q50.jpg
sidset_5ba522a91162ae70,jpeg_q50,sidset,real,0,0.9999977350234985,data\cache\clean\test\sidset_5ba522a91162ae70\jpeg_q50.jpg
sidset_5fd49a9afbba9bd6,jpeg_q50,sidset,real,0,0.9960612654685974,data\cache\clean\test\sidset_5fd49a9afbba9bd6\jpeg_q50.jpg
sidset_6064863bdd6ff466,jpeg_q50,sidset,real,0,0.7653800845146179,data\cache\clean\test\sidset_6064863bdd6ff466\jpeg_q50.jpg
sidset_615f67f3acd96d5c,jpeg_q50,sidset,real,0,0.9852660298347473,data\cache\clean\test\sidset_615f67f3acd96d5c\jpeg_q50.jpg
sidset_62d3110113ec4633,jpeg_q50,sidset,real,0,0.9788676500320435,data\cache\clean\test\sidset_62d3110113ec4633\jpeg_q50.jpg
sidset_660fbbd053050f25,jpeg_q50,sidset,real,0,0.6777002215385437,data\cache\clean\test\sidset_660fbbd053050f25\jpeg_q50.jpg
sidset_6729908303ffe2ce,jpeg_q50,sidset,real,0,0.9919992089271545,data\cache\clean\test\sidset_6729908303ffe2ce\jpeg_q50.jpg
sidset_67e679dca692a59d,jpeg_q50,sidset,real,0,0.9580987691879272,data\cache\clean\test\sidset_67e679dca692a59d\jpeg_q50.jpg
sidset_68f0479b7dde7700,jpeg_q50,sidset,real,0,0.8090056777000427,data\cache\clean\test\sidset_68f0479b7dde7700\jpeg_q50.jpg
sidset_6a9b88d93d860623,jpeg_q50,sidset,real,0,0.7098709940910339,data\cache\clean\test\sidset_6a9b88d93d860623\jpeg_q50.jpg
sidset_6ae976e8966ec975,jpeg_q50,sidset,real,0,0.7273380160331726,data\cache\clean\test\sidset_6ae976e8966ec975\jpeg_q50.jpg
sidset_6b8ac1d4f89a0ffa,jpeg_q50,sidset,real,0,0.8387372493743896,data\cache\clean\test\sidset_6b8ac1d4f89a0ffa\jpeg_q50.jpg
sidset_759a21da57c25774,jpeg_q50,sidset,real,0,0.9998800754547119,data\cache\clean\test\sidset_759a21da57c25774\jpeg_q50.jpg
sidset_7974984b83c15934,jpeg_q50,sidset,real,0,0.8794252276420593,data\cache\clean\test\sidset_7974984b83c15934\jpeg_q50.jpg
sidset_7c1fff13774e270c,jpeg_q50,sidset,real,0,0.9797592759132385,data\cache\clean\test\sidset_7c1fff13774e270c\jpeg_q50.jpg
sidset_7d3102cbae765943,jpeg_q50,sidset,real,0,0.7885999083518982,data\cache\clean\test\sidset_7d3102cbae765943\jpeg_q50.jpg
sidset_7f1ce0ac000e1d6c,jpeg_q50,sidset,real,0,0.9300097823143005,data\cache\clean\test\sidset_7f1ce0ac000e1d6c\jpeg_q50.jpg
sidset_832e43df048c6d1a,jpeg_q50,sidset,real,0,0.8701525330543518,data\cache\clean\test\sidset_832e43df048c6d1a\jpeg_q50.jpg
sidset_8619862cda88466c,jpeg_q50,sidset,real,0,0.8615913987159729,data\cache\clean\test\sidset_8619862cda88466c\jpeg_q50.jpg
sidset_87e6f806902a63fc,jpeg_q50,sidset,real,0,0.530773937702179,data\cache\clean\test\sidset_87e6f806902a63fc\jpeg_q50.jpg
sidset_8865c586ab64c0f9,jpeg_q50,sidset,real,0,0.7601863741874695,data\cache\clean\test\sidset_8865c586ab64c0f9\jpeg_q50.jpg
sidset_8c3549f9f22a8f34,jpeg_q50,sidset,real,0,0.9966495633125305,data\cache\clean\test\sidset_8c3549f9f22a8f34\jpeg_q50.jpg
sidset_9015299eba2ace6e,jpeg_q50,sidset,real,0,0.5461706519126892,data\cache\clean\test\sidset_9015299eba2ace6e\jpeg_q50.jpg
sidset_918190e0dd7fc829,jpeg_q50,sidset,real,0,0.9997766613960266,data\cache\clean\test\sidset_918190e0dd7fc829\jpeg_q50.jpg
sidset_9548acaeca2f5124,jpeg_q50,sidset,real,0,0.7954786419868469,data\cache\clean\test\sidset_9548acaeca2f5124\jpeg_q50.jpg
sidset_981012b937df03d0,jpeg_q50,sidset,real,0,0.6000904440879822,data\cache\clean\test\sidset_981012b937df03d0\jpeg_q50.jpg
sidset_9811f04611ad082c,jpeg_q50,sidset,real,0,0.9163722395896912,data\cache\clean\test\sidset_9811f04611ad082c\jpeg_q50.jpg
sidset_995429a562f1aed2,jpeg_q50,sidset,real,0,0.9936506152153015,data\cache\clean\test\sidset_995429a562f1aed2\jpeg_q50.jpg
sidset_9ad980e066bd4c5e,jpeg_q50,sidset,real,0,0.9044152498245239,data\cache\clean\test\sidset_9ad980e066bd4c5e\jpeg_q50.jpg
sidset_9e2a9b16ff46f867,jpeg_q50,sidset,real,0,0.9784552454948425,data\cache\clean\test\sidset_9e2a9b16ff46f867\jpeg_q50.jpg
sidset_a02993bbac9bbcb4,jpeg_q50,sidset,real,0,0.7645506262779236,data\cache\clean\test\sidset_a02993bbac9bbcb4\jpeg_q50.jpg
sidset_a09d0102c68de8b5,jpeg_q50,sidset,real,0,0.6771324276924133,data\cache\clean\test\sidset_a09d0102c68de8b5\jpeg_q50.jpg
sidset_a0c976304a971d8f,jpeg_q50,sidset,real,0,0.6880821585655212,data\cache\clean\test\sidset_a0c976304a971d8f\jpeg_q50.jpg
sidset_a3032d75347e6fa2,jpeg_q50,sidset,real,0,0.9223055839538574,data\cache\clean\test\sidset_a3032d75347e6fa2\jpeg_q50.jpg
sidset_a4268c0135ca2c65,jpeg_q50,sidset,real,0,0.9997637867927551,data\cache\clean\test\sidset_a4268c0135ca2c65\jpeg_q50.jpg
sidset_a429805728e89e7d,jpeg_q50,sidset,real,0,0.9969722032546997,data\cache\clean\test\sidset_a429805728e89e7d\jpeg_q50.jpg
sidset_a79f0b1ae413f9bc,jpeg_q50,sidset,real,0,0.5019854307174683,data\cache\clean\test\sidset_a79f0b1ae413f9bc\jpeg_q50.jpg
sidset_a8ad741ef85002f3,jpeg_q50,sidset,real,0,0.6827557682991028,data\cache\clean\test\sidset_a8ad741ef85002f3\jpeg_q50.jpg
sidset_b230de6baca8d392,jpeg_q50,sidset,real,0,0.9977686405181885,data\cache\clean\test\sidset_b230de6baca8d392\jpeg_q50.jpg
sidset_b476dc9881140333,jpeg_q50,sidset,real,0,0.7062750458717346,data\cache\clean\test\sidset_b476dc9881140333\jpeg_q50.jpg
sidset_b6d4573c9d24dcf3,jpeg_q50,sidset,real,0,0.5003518462181091,data\cache\clean\test\sidset_b6d4573c9d24dcf3\jpeg_q50.jpg
sidset_b7e2bd65518fb887,jpeg_q50,sidset,real,0,0.920906662940979,data\cache\clean\test\sidset_b7e2bd65518fb887\jpeg_q50.jpg
sidset_bafdbc8a8d68c696,jpeg_q50,sidset,real,0,0.9183427095413208,data\cache\clean\test\sidset_bafdbc8a8d68c696\jpeg_q50.jpg
sidset_bc70b06f0d603efd,jpeg_q50,sidset,real,0,1.0,data\cache\clean\test\sidset_bc70b06f0d603efd\jpeg_q50.jpg
sidset_bddc30edb2816122,jpeg_q50,sidset,real,0,0.8307501673698425,data\cache\clean\test\sidset_bddc30edb2816122\jpeg_q50.jpg
sidset_bf236ad30956e497,jpeg_q50,sidset,real,0,0.859081506729126,data\cache\clean\test\sidset_bf236ad30956e497\jpeg_q50.jpg
sidset_bf7100f88bf3b0f3,jpeg_q50,sidset,real,0,0.5636610388755798,data\cache\clean\test\sidset_bf7100f88bf3b0f3\jpeg_q50.jpg
sidset_c2f7255d9f5d9469,jpeg_q50,sidset,real,0,0.7460211515426636,data\cache\clean\test\sidset_c2f7255d9f5d9469\jpeg_q50.jpg
sidset_c33edc6a23ae9d6b,jpeg_q50,sidset,real,0,0.5743387341499329,data\cache\clean\test\sidset_c33edc6a23ae9d6b\jpeg_q50.jpg
sidset_c3c41d4a18529a16,jpeg_q50,sidset,real,0,0.7407433986663818,data\cache\clean\test\sidset_c3c41d4a18529a16\jpeg_q50.jpg
sidset_c51e9f52ce3dbd67,jpeg_q50,sidset,real,0,0.7228474617004395,data\cache\clean\test\sidset_c51e9f52ce3dbd67\jpeg_q50.jpg
sidset_c5a378b0ea24d25e,jpeg_q50,sidset,real,0,0.6371691226959229,data\cache\clean\test\sidset_c5a378b0ea24d25e\jpeg_q50.jpg
sidset_c790c7ca03b21797,jpeg_q50,sidset,real,0,0.6062594652175903,data\cache\clean\test\sidset_c790c7ca03b21797\jpeg_q50.jpg
sidset_c90419b9eb89527a,jpeg_q50,sidset,real,0,0.9970369338989258,data\cache\clean\test\sidset_c90419b9eb89527a\jpeg_q50.jpg
sidset_c979e1ce90deac08,jpeg_q50,sidset,real,0,0.984367311000824,data\cache\clean\test\sidset_c979e1ce90deac08\jpeg_q50.jpg
sidset_cac550631e35c126,jpeg_q50,sidset,real,0,0.9100233316421509,data\cache\clean\test\sidset_cac550631e35c126\jpeg_q50.jpg
sidset_ce09a25a50fdfe47,jpeg_q50,sidset,real,0,0.9939316511154175,data\cache\clean\test\sidset_ce09a25a50fdfe47\jpeg_q50.jpg
sidset_cefabeb567a88f94,jpeg_q50,sidset,real,0,0.8483930826187134,data\cache\clean\test\sidset_cefabeb567a88f94\jpeg_q50.jpg
sidset_cfa694ce3bb2538c,jpeg_q50,sidset,real,0,0.9177370667457581,data\cache\clean\test\sidset_cfa694ce3bb2538c\jpeg_q50.jpg
sidset_d1bccd9512c32cdc,jpeg_q50,sidset,real,0,0.6490263938903809,data\cache\clean\test\sidset_d1bccd9512c32cdc\jpeg_q50.jpg
sidset_d3d78752fef3f3c4,jpeg_q50,sidset,real,0,0.8335326910018921,data\cache\clean\test\sidset_d3d78752fef3f3c4\jpeg_q50.jpg
sidset_d482661389f951ac,jpeg_q50,sidset,real,0,0.9121964573860168,data\cache\clean\test\sidset_d482661389f951ac\jpeg_q50.jpg
sidset_d7c9ba7b7774dcd9,jpeg_q50,sidset,real,0,0.806084930896759,data\cache\clean\test\sidset_d7c9ba7b7774dcd9\jpeg_q50.jpg
sidset_de2d4b37000ff09c,jpeg_q50,sidset,real,0,0.8026532530784607,data\cache\clean\test\sidset_de2d4b37000ff09c\jpeg_q50.jpg
sidset_df546351780cb733,jpeg_q50,sidset,real,0,0.9164151549339294,data\cache\clean\test\sidset_df546351780cb733\jpeg_q50.jpg
sidset_e14e3989daa0bebd,jpeg_q50,sidset,real,0,0.7245469093322754,data\cache\clean\test\sidset_e14e3989daa0bebd\jpeg_q50.jpg
sidset_e19c80d7ff2e201b,jpeg_q50,sidset,real,0,0.9936943650245667,data\cache\clean\test\sidset_e19c80d7ff2e201b\jpeg_q50.jpg
sidset_e1a5cac65504c6d6,jpeg_q50,sidset,real,0,0.5228045582771301,data\cache\clean\test\sidset_e1a5cac65504c6d6\jpeg_q50.jpg
sidset_e21b0418ac95d9f8,jpeg_q50,sidset,real,0,0.894851565361023,data\cache\clean\test\sidset_e21b0418ac95d9f8\jpeg_q50.jpg
sidset_e35ca53982ee8372,jpeg_q50,sidset,real,0,0.8398314118385315,data\cache\clean\test\sidset_e35ca53982ee8372\jpeg_q50.jpg
sidset_e547ceb84d50e7bf,jpeg_q50,sidset,real,0,0.999876856803894,data\cache\clean\test\sidset_e547ceb84d50e7bf\jpeg_q50.jpg
sidset_e73a5a7ccc6dabc2,jpeg_q50,sidset,real,0,0.8352631330490112,data\cache\clean\test\sidset_e73a5a7ccc6dabc2\jpeg_q50.jpg
sidset_e75efd006759f4d0,jpeg_q50,sidset,real,0,0.7253842949867249,data\cache\clean\test\sidset_e75efd006759f4d0\jpeg_q50.jpg
sidset_ef3f636bfc78f3a5,jpeg_q50,sidset,real,0,0.7002607583999634,data\cache\clean\test\sidset_ef3f636bfc78f3a5\jpeg_q50.jpg
sidset_f8827db6d147bcf1,jpeg_q50,sidset,real,0,0.7554940581321716,data\cache\clean\test\sidset_f8827db6d147bcf1\jpeg_q50.jpg
sidset_fac95db1f3df9775,jpeg_q50,sidset,real,0,0.9955219030380249,data\cache\clean\test\sidset_fac95db1f3df9775\jpeg_q50.jpg
sidset_ffb6be41271c5645,jpeg_q50,sidset,real,0,0.5337769985198975,data\cache\clean\test\sidset_ffb6be41271c5645\jpeg_q50.jpg
sidset_ffdcd87dfa1e049a,jpeg_q50,sidset,real,0,0.7143818736076355,data\cache\clean\test\sidset_ffdcd87dfa1e049a\jpeg_q50.jpg
cifake_0085,jpeg_q70,cifake,real,0,0.9460729956626892,data\cache\clean\test\cifake_0085\jpeg_q70.jpg
cifake_0179 (9),jpeg_q70,cifake,real,0,0.6830384135246277,data\cache\clean\test\cifake_0179 (9)\jpeg_q70.jpg
cifake_0235,jpeg_q70,cifake,real,0,0.6986910700798035,data\cache\clean\test\cifake_0235\jpeg_q70.jpg
cifake_0239 (10),jpeg_q70,cifake,real,0,0.6795574426651001,data\cache\clean\test\cifake_0239 (10)\jpeg_q70.jpg
cifake_0343 (6),jpeg_q70,cifake,real,0,0.8666388392448425,data\cache\clean\test\cifake_0343 (6)\jpeg_q70.jpg
cifake_0485 (9),jpeg_q70,cifake,real,0,0.5740016102790833,data\cache\clean\test\cifake_0485 (9)\jpeg_q70.jpg
cifake_0618 (3),jpeg_q70,cifake,real,0,0.8521261811256409,data\cache\clean\test\cifake_0618 (3)\jpeg_q70.jpg
cifake_0745,jpeg_q70,cifake,real,0,0.5562043786048889,data\cache\clean\test\cifake_0745\jpeg_q70.jpg
cifake_0793,jpeg_q70,cifake,real,0,0.9264085292816162,data\cache\clean\test\cifake_0793\jpeg_q70.jpg
cifake_0967 (9),jpeg_q70,cifake,real,0,0.9609851837158203,data\cache\clean\test\cifake_0967 (9)\jpeg_q70.jpg
cifake_1139,jpeg_q70,cifake,real,0,0.7362781167030334,data\cache\clean\test\cifake_1139\jpeg_q70.jpg
cifake_1306 (9),jpeg_q70,cifake,real,0,0.6477891802787781,data\cache\clean\test\cifake_1306 (9)\jpeg_q70.jpg
cifake_1331 (2),jpeg_q70,cifake,real,0,0.6440414786338806,data\cache\clean\test\cifake_1331 (2)\jpeg_q70.jpg
cifake_1353 (9),jpeg_q70,cifake,real,0,0.7873114347457886,data\cache\clean\test\cifake_1353 (9)\jpeg_q70.jpg
cifake_1427,jpeg_q70,cifake,real,0,0.7327184677124023,data\cache\clean\test\cifake_1427\jpeg_q70.jpg
cifake_2122,jpeg_q70,cifake,real,0,0.994901180267334,data\cache\clean\test\cifake_2122\jpeg_q70.jpg
cifake_2500 (3),jpeg_q70,cifake,real,0,0.9097778797149658,data\cache\clean\test\cifake_2500 (3)\jpeg_q70.jpg
cifake_2660,jpeg_q70,cifake,real,0,0.9942814111709595,data\cache\clean\test\cifake_2660\jpeg_q70.jpg
cifake_2934 (2),jpeg_q70,cifake,real,0,0.8164266347885132,data\cache\clean\test\cifake_2934 (2)\jpeg_q70.jpg
cifake_3111 (10),jpeg_q70,cifake,real,0,0.5908454656600952,data\cache\clean\test\cifake_3111 (10)\jpeg_q70.jpg
cifake_3280 (8),jpeg_q70,cifake,real,0,0.5638909339904785,data\cache\clean\test\cifake_3280 (8)\jpeg_q70.jpg
cifake_3461 (5),jpeg_q70,cifake,real,0,0.6951305270195007,data\cache\clean\test\cifake_3461 (5)\jpeg_q70.jpg
cifake_3872,jpeg_q70,cifake,real,0,0.9230580925941467,data\cache\clean\test\cifake_3872\jpeg_q70.jpg
cifake_4111 (9),jpeg_q70,cifake,real,0,0.5441235899925232,data\cache\clean\test\cifake_4111 (9)\jpeg_q70.jpg
cifake_4369,jpeg_q70,cifake,real,0,0.5484525561332703,data\cache\clean\test\cifake_4369\jpeg_q70.jpg
cifake_4533 (5),jpeg_q70,cifake,real,0,0.7576137781143188,data\cache\clean\test\cifake_4533 (5)\jpeg_q70.jpg
cifake_4592 (10),jpeg_q70,cifake,real,0,0.6506253480911255,data\cache\clean\test\cifake_4592 (10)\jpeg_q70.jpg
cifake_4609 (2),jpeg_q70,cifake,real,0,0.607103168964386,data\cache\clean\test\cifake_4609 (2)\jpeg_q70.jpg
cifake_4660 (5),jpeg_q70,cifake,real,0,0.9776096940040588,data\cache\clean\test\cifake_4660 (5)\jpeg_q70.jpg
cifake_4673 (5),jpeg_q70,cifake,real,0,0.8603850603103638,data\cache\clean\test\cifake_4673 (5)\jpeg_q70.jpg
sidset_01cfa603553a1a45,jpeg_q70,sidset,real,0,0.618424117565155,data\cache\clean\test\sidset_01cfa603553a1a45\jpeg_q70.jpg
sidset_036df955965cb2f9,jpeg_q70,sidset,real,0,0.9782826900482178,data\cache\clean\test\sidset_036df955965cb2f9\jpeg_q70.jpg
sidset_038789965a8f7606,jpeg_q70,sidset,real,0,0.9955073595046997,data\cache\clean\test\sidset_038789965a8f7606\jpeg_q70.jpg
sidset_09e779f2616dde26,jpeg_q70,sidset,real,0,0.9542996883392334,data\cache\clean\test\sidset_09e779f2616dde26\jpeg_q70.jpg
sidset_0cf1d8bc81be1587,jpeg_q70,sidset,real,0,0.6651000380516052,data\cache\clean\test\sidset_0cf1d8bc81be1587\jpeg_q70.jpg
sidset_0f8102c25fc764ea,jpeg_q70,sidset,real,0,0.957623302936554,data\cache\clean\test\sidset_0f8102c25fc764ea\jpeg_q70.jpg
sidset_13a6bf4eaf05914a,jpeg_q70,sidset,real,0,0.5212140679359436,data\cache\clean\test\sidset_13a6bf4eaf05914a\jpeg_q70.jpg
sidset_1409961a28ec7db5,jpeg_q70,sidset,real,0,0.9241288900375366,data\cache\clean\test\sidset_1409961a28ec7db5\jpeg_q70.jpg
sidset_14312756c1c94efa,jpeg_q70,sidset,real,0,0.6342988014221191,data\cache\clean\test\sidset_14312756c1c94efa\jpeg_q70.jpg
sidset_1577f06c8ee59ef0,jpeg_q70,sidset,real,0,0.6824132204055786,data\cache\clean\test\sidset_1577f06c8ee59ef0\jpeg_q70.jpg
sidset_1b20d1ec3fd5a56f,jpeg_q70,sidset,real,0,0.6317875981330872,data\cache\clean\test\sidset_1b20d1ec3fd5a56f\jpeg_q70.jpg
sidset_1cae0a8c943c87f1,jpeg_q70,sidset,real,0,0.6357156038284302,data\cache\clean\test\sidset_1cae0a8c943c87f1\jpeg_q70.jpg
sidset_1d24e17c0f598d7a,jpeg_q70,sidset,real,0,0.8258483409881592,data\cache\clean\test\sidset_1d24e17c0f598d7a\jpeg_q70.jpg
sidset_1d49d26ca0273da6,jpeg_q70,sidset,real,0,0.9997716546058655,data\cache\clean\test\sidset_1d49d26ca0273da6\jpeg_q70.jpg
sidset_22b07f2ffcaf319c,jpeg_q70,sidset,real,0,0.8217715620994568,data\cache\clean\test\sidset_22b07f2ffcaf319c\jpeg_q70.jpg
sidset_230a893e83782a7f,jpeg_q70,sidset,real,0,0.9716871380805969,data\cache\clean\test\sidset_230a893e83782a7f\jpeg_q70.jpg
sidset_2387febf3723ff05,jpeg_q70,sidset,real,0,0.7485747337341309,data\cache\clean\test\sidset_2387febf3723ff05\jpeg_q70.jpg
sidset_240eaccddb6506ef,jpeg_q70,sidset,real,0,0.5352839231491089,data\cache\clean\test\sidset_240eaccddb6506ef\jpeg_q70.jpg
sidset_333b018473a06c71,jpeg_q70,sidset,real,0,0.7758640050888062,data\cache\clean\test\sidset_333b018473a06c71\jpeg_q70.jpg
sidset_3beca4d6152a4aa5,jpeg_q70,sidset,real,0,0.7954515814781189,data\cache\clean\test\sidset_3beca4d6152a4aa5\jpeg_q70.jpg
sidset_3fbc4c1574ef987d,jpeg_q70,sidset,real,0,0.823302686214447,data\cache\clean\test\sidset_3fbc4c1574ef987d\jpeg_q70.jpg
sidset_405f8f3229fd3f3a,jpeg_q70,sidset,real,0,0.5726302862167358,data\cache\clean\test\sidset_405f8f3229fd3f3a\jpeg_q70.jpg
sidset_44062c28bab0688d,jpeg_q70,sidset,real,0,0.7433031797409058,data\cache\clean\test\sidset_44062c28bab0688d\jpeg_q70.jpg
sidset_4566671bd4a332e8,jpeg_q70,sidset,real,0,0.5322348475456238,data\cache\clean\test\sidset_4566671bd4a332e8\jpeg_q70.jpg
sidset_45a6cb8b20ae57d2,jpeg_q70,sidset,real,0,0.9811722636222839,data\cache\clean\test\sidset_45a6cb8b20ae57d2\jpeg_q70.jpg
sidset_45c5c68f5a74cd90,jpeg_q70,sidset,real,0,0.5805022120475769,data\cache\clean\test\sidset_45c5c68f5a74cd90\jpeg_q70.jpg
sidset_4ac34f7de95d2879,jpeg_q70,sidset,real,0,0.590330183506012,data\cache\clean\test\sidset_4ac34f7de95d2879\jpeg_q70.jpg
sidset_4e4b9b1d6e8b2aca,jpeg_q70,sidset,real,0,0.8629263639450073,data\cache\clean\test\sidset_4e4b9b1d6e8b2aca\jpeg_q70.jpg
sidset_4efd021afbfb3ae6,jpeg_q70,sidset,real,0,0.5776665806770325,data\cache\clean\test\sidset_4efd021afbfb3ae6\jpeg_q70.jpg
sidset_51655a8a28f25f11,jpeg_q70,sidset,real,0,0.9455975890159607,data\cache\clean\test\sidset_51655a8a28f25f11\jpeg_q70.jpg
sidset_523fede5def083dd,jpeg_q70,sidset,real,0,0.8170648813247681,data\cache\clean\test\sidset_523fede5def083dd\jpeg_q70.jpg
sidset_52967b3819a48f74,jpeg_q70,sidset,real,0,0.5392691493034363,data\cache\clean\test\sidset_52967b3819a48f74\jpeg_q70.jpg
sidset_52bf81b2d7f84101,jpeg_q70,sidset,real,0,0.9961268305778503,data\cache\clean\test\sidset_52bf81b2d7f84101\jpeg_q70.jpg
sidset_55ed6c0bbd54e07d,jpeg_q70,sidset,real,0,0.6476882100105286,data\cache\clean\test\sidset_55ed6c0bbd54e07d\jpeg_q70.jpg
sidset_59e78921fe0be3d3,jpeg_q70,sidset,real,0,0.8471898436546326,data\cache\clean\test\sidset_59e78921fe0be3d3\jpeg_q70.jpg
sidset_5a165a26bf8ca4be,jpeg_q70,sidset,real,0,0.9645503759384155,data\cache\clean\test\sidset_5a165a26bf8ca4be\jpeg_q70.jpg
sidset_5b8f12b78d13bfcd,jpeg_q70,sidset,real,0,0.9941500425338745,data\cache\clean\test\sidset_5b8f12b78d13bfcd\jpeg_q70.jpg
sidset_5ba522a91162ae70,jpeg_q70,sidset,real,0,0.9999910593032837,data\cache\clean\test\sidset_5ba522a91162ae70\jpeg_q70.jpg
sidset_5fd49a9afbba9bd6,jpeg_q70,sidset,real,0,0.9634378552436829,data\cache\clean\test\sidset_5fd49a9afbba9bd6\jpeg_q70.jpg
sidset_6114a7afd5ced36c,jpeg_q70,sidset,real,0,0.6044362187385559,data\cache\clean\test\sidset_6114a7afd5ced36c\jpeg_q70.jpg
sidset_615f67f3acd96d5c,jpeg_q70,sidset,real,0,0.9814691543579102,data\cache\clean\test\sidset_615f67f3acd96d5c\jpeg_q70.jpg
sidset_62d3110113ec4633,jpeg_q70,sidset,real,0,0.9900223612785339,data\cache\clean\test\sidset_62d3110113ec4633\jpeg_q70.jpg
sidset_660fbbd053050f25,jpeg_q70,sidset,real,0,0.5048714280128479,data\cache\clean\test\sidset_660fbbd053050f25\jpeg_q70.jpg
sidset_6729908303ffe2ce,jpeg_q70,sidset,real,0,0.9908527731895447,data\cache\clean\test\sidset_6729908303ffe2ce\jpeg_q70.jpg
sidset_67e679dca692a59d,jpeg_q70,sidset,real,0,0.9327585101127625,data\cache\clean\test\sidset_67e679dca692a59d\jpeg_q70.jpg
sidset_68f0479b7dde7700,jpeg_q70,sidset,real,0,0.6854044795036316,data\cache\clean\test\sidset_68f0479b7dde7700\jpeg_q70.jpg
sidset_6a9b88d93d860623,jpeg_q70,sidset,real,0,0.7757036089897156,data\cache\clean\test\sidset_6a9b88d93d860623\jpeg_q70.jpg
sidset_6ae976e8966ec975,jpeg_q70,sidset,real,0,0.8154414296150208,data\cache\clean\test\sidset_6ae976e8966ec975\jpeg_q70.jpg
sidset_6b8ac1d4f89a0ffa,jpeg_q70,sidset,real,0,0.9261918067932129,data\cache\clean\test\sidset_6b8ac1d4f89a0ffa\jpeg_q70.jpg
sidset_759a21da57c25774,jpeg_q70,sidset,real,0,0.9994946718215942,data\cache\clean\test\sidset_759a21da57c25774\jpeg_q70.jpg
sidset_7974984b83c15934,jpeg_q70,sidset,real,0,0.9355799555778503,data\cache\clean\test\sidset_7974984b83c15934\jpeg_q70.jpg
sidset_7b550aceb5ec111f,jpeg_q70,sidset,real,0,0.5831323266029358,data\cache\clean\test\sidset_7b550aceb5ec111f\jpeg_q70.jpg
sidset_7c1fff13774e270c,jpeg_q70,sidset,real,0,0.9820927381515503,data\cache\clean\test\sidset_7c1fff13774e270c\jpeg_q70.jpg
sidset_7c2753e1c208db5a,jpeg_q70,sidset,real,0,0.5885758399963379,data\cache\clean\test\sidset_7c2753e1c208db5a\jpeg_q70.jpg
sidset_7d3102cbae765943,jpeg_q70,sidset,real,0,0.7916849255561829,data\cache\clean\test\sidset_7d3102cbae765943\jpeg_q70.jpg
sidset_7e06c24631cbe6ed,jpeg_q70,sidset,real,0,0.6228187680244446,data\cache\clean\test\sidset_7e06c24631cbe6ed\jpeg_q70.jpg
sidset_7f1ce0ac000e1d6c,jpeg_q70,sidset,real,0,0.8871473670005798,data\cache\clean\test\sidset_7f1ce0ac000e1d6c\jpeg_q70.jpg
sidset_832e43df048c6d1a,jpeg_q70,sidset,real,0,0.9048566222190857,data\cache\clean\test\sidset_832e43df048c6d1a\jpeg_q70.jpg
sidset_8619862cda88466c,jpeg_q70,sidset,real,0,0.8888824582099915,data\cache\clean\test\sidset_8619862cda88466c\jpeg_q70.jpg
sidset_8865c586ab64c0f9,jpeg_q70,sidset,real,0,0.6047218441963196,data\cache\clean\test\sidset_8865c586ab64c0f9\jpeg_q70.jpg
sidset_8c3549f9f22a8f34,jpeg_q70,sidset,real,0,0.9978600144386292,data\cache\clean\test\sidset_8c3549f9f22a8f34\jpeg_q70.jpg
sidset_918190e0dd7fc829,jpeg_q70,sidset,real,0,0.9985176920890808,data\cache\clean\test\sidset_918190e0dd7fc829\jpeg_q70.jpg
sidset_9548acaeca2f5124,jpeg_q70,sidset,real,0,0.879176676273346,data\cache\clean\test\sidset_9548acaeca2f5124\jpeg_q70.jpg
sidset_9811f04611ad082c,jpeg_q70,sidset,real,0,0.9226494431495667,data\cache\clean\test\sidset_9811f04611ad082c\jpeg_q70.jpg
sidset_995429a562f1aed2,jpeg_q70,sidset,real,0,0.998295247554779,data\cache\clean\test\sidset_995429a562f1aed2\jpeg_q70.jpg
sidset_9e2a9b16ff46f867,jpeg_q70,sidset,real,0,0.988179087638855,data\cache\clean\test\sidset_9e2a9b16ff46f867\jpeg_q70.jpg
sidset_a02993bbac9bbcb4,jpeg_q70,sidset,real,0,0.8235805630683899,data\cache\clean\test\sidset_a02993bbac9bbcb4\jpeg_q70.jpg
sidset_a09d0102c68de8b5,jpeg_q70,sidset,real,0,0.7337870597839355,data\cache\clean\test\sidset_a09d0102c68de8b5\jpeg_q70.jpg
sidset_a0c976304a971d8f,jpeg_q70,sidset,real,0,0.5477150678634644,data\cache\clean\test\sidset_a0c976304a971d8f\jpeg_q70.jpg
sidset_a4268c0135ca2c65,jpeg_q70,sidset,real,0,0.9996289014816284,data\cache\clean\test\sidset_a4268c0135ca2c65\jpeg_q70.jpg
sidset_a429805728e89e7d,jpeg_q70,sidset,real,0,0.9996770620346069,data\cache\clean\test\sidset_a429805728e89e7d\jpeg_q70.jpg
sidset_a8ad741ef85002f3,jpeg_q70,sidset,real,0,0.8921863436698914,data\cache\clean\test\sidset_a8ad741ef85002f3\jpeg_q70.jpg
sidset_b230de6baca8d392,jpeg_q70,sidset,real,0,0.9961031675338745,data\cache\clean\test\sidset_b230de6baca8d392\jpeg_q70.jpg
sidset_b476dc9881140333,jpeg_q70,sidset,real,0,0.5032953023910522,data\cache\clean\test\sidset_b476dc9881140333\jpeg_q70.jpg
sidset_b4f4dcd2e7617eea,jpeg_q70,sidset,real,0,0.5204192399978638,data\cache\clean\test\sidset_b4f4dcd2e7617eea\jpeg_q70.jpg
sidset_b7e2bd65518fb887,jpeg_q70,sidset,real,0,0.9370991587638855,data\cache\clean\test\sidset_b7e2bd65518fb887\jpeg_q70.jpg
sidset_bafdbc8a8d68c696,jpeg_q70,sidset,real,0,0.7752482891082764,data\cache\clean\test\sidset_bafdbc8a8d68c696\jpeg_q70.jpg
sidset_bc70b06f0d603efd,jpeg_q70,sidset,real,0,0.9999998807907104,data\cache\clean\test\sidset_bc70b06f0d603efd\jpeg_q70.jpg
sidset_bddc30edb2816122,jpeg_q70,sidset,real,0,0.8457072973251343,data\cache\clean\test\sidset_bddc30edb2816122\jpeg_q70.jpg
sidset_bf236ad30956e497,jpeg_q70,sidset,real,0,0.6805555820465088,data\cache\clean\test\sidset_bf236ad30956e497\jpeg_q70.jpg
sidset_bf7100f88bf3b0f3,jpeg_q70,sidset,real,0,0.9758437871932983,data\cache\clean\test\sidset_bf7100f88bf3b0f3\jpeg_q70.jpg
sidset_c2f7255d9f5d9469,jpeg_q70,sidset,real,0,0.6181860566139221,data\cache\clean\test\sidset_c2f7255d9f5d9469\jpeg_q70.jpg
sidset_c33edc6a23ae9d6b,jpeg_q70,sidset,real,0,0.7268102169036865,data\cache\clean\test\sidset_c33edc6a23ae9d6b\jpeg_q70.jpg
sidset_c3c41d4a18529a16,jpeg_q70,sidset,real,0,0.9858981370925903,data\cache\clean\test\sidset_c3c41d4a18529a16\jpeg_q70.jpg
sidset_c47a1c5427ee9d26,jpeg_q70,sidset,real,0,0.5482656955718994,data\cache\clean\test\sidset_c47a1c5427ee9d26\jpeg_q70.jpg
sidset_c51e9f52ce3dbd67,jpeg_q70,sidset,real,0,0.8457463383674622,data\cache\clean\test\sidset_c51e9f52ce3dbd67\jpeg_q70.jpg
sidset_c5a378b0ea24d25e,jpeg_q70,sidset,real,0,0.647506833076477,data\cache\clean\test\sidset_c5a378b0ea24d25e\jpeg_q70.jpg
sidset_c790c7ca03b21797,jpeg_q70,sidset,real,0,0.5907115340232849,data\cache\clean\test\sidset_c790c7ca03b21797\jpeg_q70.jpg
sidset_c90419b9eb89527a,jpeg_q70,sidset,real,0,0.9629572033882141,data\cache\clean\test\sidset_c90419b9eb89527a\jpeg_q70.jpg
sidset_c979e1ce90deac08,jpeg_q70,sidset,real,0,0.918945848941803,data\cache\clean\test\sidset_c979e1ce90deac08\jpeg_q70.jpg
sidset_cac550631e35c126,jpeg_q70,sidset,real,0,0.9573390483856201,data\cache\clean\test\sidset_cac550631e35c126\jpeg_q70.jpg
sidset_ce09a25a50fdfe47,jpeg_q70,sidset,real,0,0.9958440661430359,data\cache\clean\test\sidset_ce09a25a50fdfe47\jpeg_q70.jpg
sidset_cefabeb567a88f94,jpeg_q70,sidset,real,0,0.8038892149925232,data\cache\clean\test\sidset_cefabeb567a88f94\jpeg_q70.jpg
sidset_cfa694ce3bb2538c,jpeg_q70,sidset,real,0,0.9156466722488403,data\cache\clean\test\sidset_cfa694ce3bb2538c\jpeg_q70.jpg
sidset_d0fea44f4c3d5825,jpeg_q70,sidset,real,0,0.6400953531265259,data\cache\clean\test\sidset_d0fea44f4c3d5825\jpeg_q70.jpg
sidset_d3d78752fef3f3c4,jpeg_q70,sidset,real,0,0.9118612408638,data\cache\clean\test\sidset_d3d78752fef3f3c4\jpeg_q70.jpg
sidset_d482661389f951ac,jpeg_q70,sidset,real,0,0.9140928387641907,data\cache\clean\test\sidset_d482661389f951ac\jpeg_q70.jpg
sidset_d7c9ba7b7774dcd9,jpeg_q70,sidset,real,0,0.5620378255844116,data\cache\clean\test\sidset_d7c9ba7b7774dcd9\jpeg_q70.jpg
sidset_dcc4eb3a61fc711a,jpeg_q70,sidset,real,0,0.627481997013092,data\cache\clean\test\sidset_dcc4eb3a61fc711a\jpeg_q70.jpg
sidset_de2d4b37000ff09c,jpeg_q70,sidset,real,0,0.8704565167427063,data\cache\clean\test\sidset_de2d4b37000ff09c\jpeg_q70.jpg
sidset_df546351780cb733,jpeg_q70,sidset,real,0,0.8601276874542236,data\cache\clean\test\sidset_df546351780cb733\jpeg_q70.jpg
sidset_e14e3989daa0bebd,jpeg_q70,sidset,real,0,0.6254230737686157,data\cache\clean\test\sidset_e14e3989daa0bebd\jpeg_q70.jpg
sidset_e19c80d7ff2e201b,jpeg_q70,sidset,real,0,0.9943244457244873,data\cache\clean\test\sidset_e19c80d7ff2e201b\jpeg_q70.jpg
sidset_e35ca53982ee8372,jpeg_q70,sidset,real,0,0.9581970572471619,data\cache\clean\test\sidset_e35ca53982ee8372\jpeg_q70.jpg
sidset_e547ceb84d50e7bf,jpeg_q70,sidset,real,0,0.9997202754020691,data\cache\clean\test\sidset_e547ceb84d50e7bf\jpeg_q70.jpg
sidset_e73a5a7ccc6dabc2,jpeg_q70,sidset,real,0,0.8880591988563538,data\cache\clean\test\sidset_e73a5a7ccc6dabc2\jpeg_q70.jpg
sidset_ef3f636bfc78f3a5,jpeg_q70,sidset,real,0,0.5771384239196777,data\cache\clean\test\sidset_ef3f636bfc78f3a5\jpeg_q70.jpg
sidset_f4d320b4fb6abcc2,jpeg_q70,sidset,real,0,0.6351476907730103,data\cache\clean\test\sidset_f4d320b4fb6abcc2\jpeg_q70.jpg
sidset_f8827db6d147bcf1,jpeg_q70,sidset,real,0,0.5459129214286804,data\cache\clean\test\sidset_f8827db6d147bcf1\jpeg_q70.jpg
sidset_fac95db1f3df9775,jpeg_q70,sidset,real,0,0.9974722266197205,data\cache\clean\test\sidset_fac95db1f3df9775\jpeg_q70.jpg
sidset_ffb6be41271c5645,jpeg_q70,sidset,real,0,0.6144421696662903,data\cache\clean\test\sidset_ffb6be41271c5645\jpeg_q70.jpg
sidset_ffdcd87dfa1e049a,jpeg_q70,sidset,real,0,0.6730402708053589,data\cache\clean\test\sidset_ffdcd87dfa1e049a\jpeg_q70.jpg
cifake_0085,jpeg_q90,cifake,real,0,0.6775153279304504,data\cache\clean\test\cifake_0085\jpeg_q90.jpg
cifake_0176 (2),jpeg_q90,cifake,real,0,0.6461533904075623,data\cache\clean\test\cifake_0176 (2)\jpeg_q90.jpg
cifake_0325 (7),jpeg_q90,cifake,real,0,0.5428439974784851,data\cache\clean\test\cifake_0325 (7)\jpeg_q90.jpg
cifake_0343 (6),jpeg_q90,cifake,real,0,0.8951486349105835,data\cache\clean\test\cifake_0343 (6)\jpeg_q90.jpg
cifake_0618 (3),jpeg_q90,cifake,real,0,0.6689140796661377,data\cache\clean\test\cifake_0618 (3)\jpeg_q90.jpg
cifake_0625 (2),jpeg_q90,cifake,real,0,0.6706215739250183,data\cache\clean\test\cifake_0625 (2)\jpeg_q90.jpg
cifake_0739 (4),jpeg_q90,cifake,real,0,0.6270455718040466,data\cache\clean\test\cifake_0739 (4)\jpeg_q90.jpg
cifake_0793,jpeg_q90,cifake,real,0,0.962315022945404,data\cache\clean\test\cifake_0793\jpeg_q90.jpg
cifake_0967 (9),jpeg_q90,cifake,real,0,0.9158129096031189,data\cache\clean\test\cifake_0967 (9)\jpeg_q90.jpg
cifake_1139,jpeg_q90,cifake,real,0,0.8398733735084534,data\cache\clean\test\cifake_1139\jpeg_q90.jpg
cifake_1306 (9),jpeg_q90,cifake,real,0,0.5509980916976929,data\cache\clean\test\cifake_1306 (9)\jpeg_q90.jpg
cifake_1427,jpeg_q90,cifake,real,0,0.5226640701293945,data\cache\clean\test\cifake_1427\jpeg_q90.jpg
cifake_1974,jpeg_q90,cifake,real,0,0.7008219957351685,data\cache\clean\test\cifake_1974\jpeg_q90.jpg
cifake_2122,jpeg_q90,cifake,real,0,0.9991080164909363,data\cache\clean\test\cifake_2122\jpeg_q90.jpg
cifake_2500 (3),jpeg_q90,cifake,real,0,0.9107846617698669,data\cache\clean\test\cifake_2500 (3)\jpeg_q90.jpg
cifake_2660,jpeg_q90,cifake,real,0,0.9894505143165588,data\cache\clean\test\cifake_2660\jpeg_q90.jpg
cifake_3614,jpeg_q90,cifake,real,0,0.5755718350410461,data\cache\clean\test\cifake_3614\jpeg_q90.jpg
cifake_3891 (3),jpeg_q90,cifake,real,0,0.6355808973312378,data\cache\clean\test\cifake_3891 (3)\jpeg_q90.jpg
cifake_4111 (9),jpeg_q90,cifake,real,0,0.7423998713493347,data\cache\clean\test\cifake_4111 (9)\jpeg_q90.jpg
cifake_4369,jpeg_q90,cifake,real,0,0.580848753452301,data\cache\clean\test\cifake_4369\jpeg_q90.jpg
cifake_4592 (10),jpeg_q90,cifake,real,0,0.778679609298706,data\cache\clean\test\cifake_4592 (10)\jpeg_q90.jpg
cifake_4660 (5),jpeg_q90,cifake,real,0,0.961985170841217,data\cache\clean\test\cifake_4660 (5)\jpeg_q90.jpg
cifake_4673 (5),jpeg_q90,cifake,real,0,0.5854430794715881,data\cache\clean\test\cifake_4673 (5)\jpeg_q90.jpg
sidset_01cfa603553a1a45,jpeg_q90,sidset,real,0,0.6266169548034668,data\cache\clean\test\sidset_01cfa603553a1a45\jpeg_q90.jpg
sidset_036df955965cb2f9,jpeg_q90,sidset,real,0,0.9426425099372864,data\cache\clean\test\sidset_036df955965cb2f9\jpeg_q90.jpg
sidset_038789965a8f7606,jpeg_q90,sidset,real,0,0.9951155185699463,data\cache\clean\test\sidset_038789965a8f7606\jpeg_q90.jpg
sidset_04c57e00f9d1b966,jpeg_q90,sidset,real,0,0.6920126080513,data\cache\clean\test\sidset_04c57e00f9d1b966\jpeg_q90.jpg
sidset_09e779f2616dde26,jpeg_q90,sidset,real,0,0.8927174806594849,data\cache\clean\test\sidset_09e779f2616dde26\jpeg_q90.jpg
sidset_0cf1d8bc81be1587,jpeg_q90,sidset,real,0,0.6585537791252136,data\cache\clean\test\sidset_0cf1d8bc81be1587\jpeg_q90.jpg
sidset_0f8102c25fc764ea,jpeg_q90,sidset,real,0,0.967100203037262,data\cache\clean\test\sidset_0f8102c25fc764ea\jpeg_q90.jpg
sidset_1409961a28ec7db5,jpeg_q90,sidset,real,0,0.9750155806541443,data\cache\clean\test\sidset_1409961a28ec7db5\jpeg_q90.jpg
sidset_14312756c1c94efa,jpeg_q90,sidset,real,0,0.8805577754974365,data\cache\clean\test\sidset_14312756c1c94efa\jpeg_q90.jpg
sidset_1577f06c8ee59ef0,jpeg_q90,sidset,real,0,0.5368764996528625,data\cache\clean\test\sidset_1577f06c8ee59ef0\jpeg_q90.jpg
sidset_165e94520f73e349,jpeg_q90,sidset,real,0,0.6359903216362,data\cache\clean\test\sidset_165e94520f73e349\jpeg_q90.jpg
sidset_1b20d1ec3fd5a56f,jpeg_q90,sidset,real,0,0.8616182208061218,data\cache\clean\test\sidset_1b20d1ec3fd5a56f\jpeg_q90.jpg
sidset_1d24e17c0f598d7a,jpeg_q90,sidset,real,0,0.9218102693557739,data\cache\clean\test\sidset_1d24e17c0f598d7a\jpeg_q90.jpg
sidset_1d49d26ca0273da6,jpeg_q90,sidset,real,0,0.9998692274093628,data\cache\clean\test\sidset_1d49d26ca0273da6\jpeg_q90.jpg
sidset_22b07f2ffcaf319c,jpeg_q90,sidset,real,0,0.5896547436714172,data\cache\clean\test\sidset_22b07f2ffcaf319c\jpeg_q90.jpg
sidset_230a893e83782a7f,jpeg_q90,sidset,real,0,0.9191124439239502,data\cache\clean\test\sidset_230a893e83782a7f\jpeg_q90.jpg
sidset_333b018473a06c71,jpeg_q90,sidset,real,0,0.6347764730453491,data\cache\clean\test\sidset_333b018473a06c71\jpeg_q90.jpg
sidset_3beca4d6152a4aa5,jpeg_q90,sidset,real,0,0.9256241917610168,data\cache\clean\test\sidset_3beca4d6152a4aa5\jpeg_q90.jpg
sidset_3fbc4c1574ef987d,jpeg_q90,sidset,real,0,0.7850954532623291,data\cache\clean\test\sidset_3fbc4c1574ef987d\jpeg_q90.jpg
sidset_405f8f3229fd3f3a,jpeg_q90,sidset,real,0,0.739633321762085,data\cache\clean\test\sidset_405f8f3229fd3f3a\jpeg_q90.jpg
sidset_41d1ae3e93b118ab,jpeg_q90,sidset,real,0,0.5459794402122498,data\cache\clean\test\sidset_41d1ae3e93b118ab\jpeg_q90.jpg
sidset_44062c28bab0688d,jpeg_q90,sidset,real,0,0.5827170610427856,data\cache\clean\test\sidset_44062c28bab0688d\jpeg_q90.jpg
sidset_4566671bd4a332e8,jpeg_q90,sidset,real,0,0.760944128036499,data\cache\clean\test\sidset_4566671bd4a332e8\jpeg_q90.jpg
sidset_45a6cb8b20ae57d2,jpeg_q90,sidset,real,0,0.9874508380889893,data\cache\clean\test\sidset_45a6cb8b20ae57d2\jpeg_q90.jpg
sidset_51655a8a28f25f11,jpeg_q90,sidset,real,0,0.9533422589302063,data\cache\clean\test\sidset_51655a8a28f25f11\jpeg_q90.jpg
sidset_523fede5def083dd,jpeg_q90,sidset,real,0,0.8633556962013245,data\cache\clean\test\sidset_523fede5def083dd\jpeg_q90.jpg
sidset_52bf81b2d7f84101,jpeg_q90,sidset,real,0,0.973177969455719,data\cache\clean\test\sidset_52bf81b2d7f84101\jpeg_q90.jpg
sidset_55ed6c0bbd54e07d,jpeg_q90,sidset,real,0,0.9189943671226501,data\cache\clean\test\sidset_55ed6c0bbd54e07d\jpeg_q90.jpg
sidset_59e78921fe0be3d3,jpeg_q90,sidset,real,0,0.9538776278495789,data\cache\clean\test\sidset_59e78921fe0be3d3\jpeg_q90.jpg
sidset_59fe7b3f437e993b,jpeg_q90,sidset,real,0,0.8409862518310547,data\cache\clean\test\sidset_59fe7b3f437e993b\jpeg_q90.jpg
sidset_5a165a26bf8ca4be,jpeg_q90,sidset,real,0,0.8228940367698669,data\cache\clean\test\sidset_5a165a26bf8ca4be\jpeg_q90.jpg
sidset_5b291a7b5ae05cf0,jpeg_q90,sidset,real,0,0.502632200717926,data\cache\clean\test\sidset_5b291a7b5ae05cf0\jpeg_q90.jpg
sidset_5b8f12b78d13bfcd,jpeg_q90,sidset,real,0,0.9951961636543274,data\cache\clean\test\sidset_5b8f12b78d13bfcd\jpeg_q90.jpg
sidset_5ba522a91162ae70,jpeg_q90,sidset,real,0,0.9999967813491821,data\cache\clean\test\sidset_5ba522a91162ae70\jpeg_q90.jpg
sidset_5fd49a9afbba9bd6,jpeg_q90,sidset,real,0,0.980293869972229,data\cache\clean\test\sidset_5fd49a9afbba9bd6\jpeg_q90.jpg
sidset_6064863bdd6ff466,jpeg_q90,sidset,real,0,0.6057032346725464,data\cache\clean\test\sidset_6064863bdd6ff466\jpeg_q90.jpg
sidset_615f67f3acd96d5c,jpeg_q90,sidset,real,0,0.9498165845870972,data\cache\clean\test\sidset_615f67f3acd96d5c\jpeg_q90.jpg
sidset_62d3110113ec4633,jpeg_q90,sidset,real,0,0.9904927611351013,data\cache\clean\test\sidset_62d3110113ec4633\jpeg_q90.jpg
sidset_6431b1bc822a7f18,jpeg_q90,sidset,real,0,0.5502434372901917,data\cache\clean\test\sidset_6431b1bc822a7f18\jpeg_q90.jpg
sidset_65d4916b9f3f47ba,jpeg_q90,sidset,real,0,0.8414914011955261,data\cache\clean\test\sidset_65d4916b9f3f47ba\jpeg_q90.jpg
sidset_660fbbd053050f25,jpeg_q90,sidset,real,0,0.5441603064537048,data\cache\clean\test\sidset_660fbbd053050f25\jpeg_q90.jpg
sidset_6729908303ffe2ce,jpeg_q90,sidset,real,0,0.9862218499183655,data\cache\clean\test\sidset_6729908303ffe2ce\jpeg_q90.jpg
sidset_67e679dca692a59d,jpeg_q90,sidset,real,0,0.9627735018730164,data\cache\clean\test\sidset_67e679dca692a59d\jpeg_q90.jpg
sidset_68f0479b7dde7700,jpeg_q90,sidset,real,0,0.5823537707328796,data\cache\clean\test\sidset_68f0479b7dde7700\jpeg_q90.jpg
sidset_6a9b88d93d860623,jpeg_q90,sidset,real,0,0.8903529644012451,data\cache\clean\test\sidset_6a9b88d93d860623\jpeg_q90.jpg
sidset_6ae976e8966ec975,jpeg_q90,sidset,real,0,0.8859068155288696,data\cache\clean\test\sidset_6ae976e8966ec975\jpeg_q90.jpg
sidset_6b7167d906f4ff1f,jpeg_q90,sidset,real,0,0.6586692929267883,data\cache\clean\test\sidset_6b7167d906f4ff1f\jpeg_q90.jpg
sidset_6b8ac1d4f89a0ffa,jpeg_q90,sidset,real,0,0.8713389039039612,data\cache\clean\test\sidset_6b8ac1d4f89a0ffa\jpeg_q90.jpg
sidset_6f3ce9ca0af3863c,jpeg_q90,sidset,real,0,0.8276923894882202,data\cache\clean\test\sidset_6f3ce9ca0af3863c\jpeg_q90.jpg
sidset_715f3c6fc6f7ef1f,jpeg_q90,sidset,real,0,0.794492244720459,data\cache\clean\test\sidset_715f3c6fc6f7ef1f\jpeg_q90.jpg
sidset_759a21da57c25774,jpeg_q90,sidset,real,0,0.9996830224990845,data\cache\clean\test\sidset_759a21da57c25774\jpeg_q90.jpg
sidset_789adfb30711725a,jpeg_q90,sidset,real,0,0.530548632144928,data\cache\clean\test\sidset_789adfb30711725a\jpeg_q90.jpg
sidset_7974984b83c15934,jpeg_q90,sidset,real,0,0.8593941330909729,data\cache\clean\test\sidset_7974984b83c15934\jpeg_q90.jpg
sidset_7b550aceb5ec111f,jpeg_q90,sidset,real,0,0.768136203289032,data\cache\clean\test\sidset_7b550aceb5ec111f\jpeg_q90.jpg
sidset_7c1fff13774e270c,jpeg_q90,sidset,real,0,0.9928868412971497,data\cache\clean\test\sidset_7c1fff13774e270c\jpeg_q90.jpg
sidset_7d3102cbae765943,jpeg_q90,sidset,real,0,0.5767515301704407,data\cache\clean\test\sidset_7d3102cbae765943\jpeg_q90.jpg
sidset_7e06c24631cbe6ed,jpeg_q90,sidset,real,0,0.6622293591499329,data\cache\clean\test\sidset_7e06c24631cbe6ed\jpeg_q90.jpg
sidset_7f1ce0ac000e1d6c,jpeg_q90,sidset,real,0,0.9126157760620117,data\cache\clean\test\sidset_7f1ce0ac000e1d6c\jpeg_q90.jpg
sidset_832e43df048c6d1a,jpeg_q90,sidset,real,0,0.8758969902992249,data\cache\clean\test\sidset_832e43df048c6d1a\jpeg_q90.jpg
sidset_8619862cda88466c,jpeg_q90,sidset,real,0,0.7951785326004028,data\cache\clean\test\sidset_8619862cda88466c\jpeg_q90.jpg
sidset_8865c586ab64c0f9,jpeg_q90,sidset,real,0,0.7111113667488098,data\cache\clean\test\sidset_8865c586ab64c0f9\jpeg_q90.jpg
sidset_8c3549f9f22a8f34,jpeg_q90,sidset,real,0,0.9997643828392029,data\cache\clean\test\sidset_8c3549f9f22a8f34\jpeg_q90.jpg
sidset_918190e0dd7fc829,jpeg_q90,sidset,real,0,0.9995514750480652,data\cache\clean\test\sidset_918190e0dd7fc829\jpeg_q90.jpg
sidset_9548acaeca2f5124,jpeg_q90,sidset,real,0,0.7500455975532532,data\cache\clean\test\sidset_9548acaeca2f5124\jpeg_q90.jpg
sidset_9811f04611ad082c,jpeg_q90,sidset,real,0,0.9137809872627258,data\cache\clean\test\sidset_9811f04611ad082c\jpeg_q90.jpg
sidset_995429a562f1aed2,jpeg_q90,sidset,real,0,0.9989288449287415,data\cache\clean\test\sidset_995429a562f1aed2\jpeg_q90.jpg
sidset_9ad980e066bd4c5e,jpeg_q90,sidset,real,0,0.8451186418533325,data\cache\clean\test\sidset_9ad980e066bd4c5e\jpeg_q90.jpg
sidset_9b5464ba8debcd10,jpeg_q90,sidset,real,0,0.6320276856422424,data\cache\clean\test\sidset_9b5464ba8debcd10\jpeg_q90.jpg
sidset_9e2a9b16ff46f867,jpeg_q90,sidset,real,0,0.9871042966842651,data\cache\clean\test\sidset_9e2a9b16ff46f867\jpeg_q90.jpg
sidset_a02993bbac9bbcb4,jpeg_q90,sidset,real,0,0.7730943560600281,data\cache\clean\test\sidset_a02993bbac9bbcb4\jpeg_q90.jpg
sidset_a09d0102c68de8b5,jpeg_q90,sidset,real,0,0.6537776589393616,data\cache\clean\test\sidset_a09d0102c68de8b5\jpeg_q90.jpg
sidset_a3032d75347e6fa2,jpeg_q90,sidset,real,0,0.675127387046814,data\cache\clean\test\sidset_a3032d75347e6fa2\jpeg_q90.jpg
sidset_a4268c0135ca2c65,jpeg_q90,sidset,real,0,0.9991567134857178,data\cache\clean\test\sidset_a4268c0135ca2c65\jpeg_q90.jpg
sidset_a429805728e89e7d,jpeg_q90,sidset,real,0,0.9919546246528625,data\cache\clean\test\sidset_a429805728e89e7d\jpeg_q90.jpg
sidset_a78c3118763031c7,jpeg_q90,sidset,real,0,0.5292233824729919,data\cache\clean\test\sidset_a78c3118763031c7\jpeg_q90.jpg
sidset_a8ad741ef85002f3,jpeg_q90,sidset,real,0,0.7076478004455566,data\cache\clean\test\sidset_a8ad741ef85002f3\jpeg_q90.jpg
sidset_b230de6baca8d392,jpeg_q90,sidset,real,0,0.9937589168548584,data\cache\clean\test\sidset_b230de6baca8d392\jpeg_q90.jpg
sidset_b476dc9881140333,jpeg_q90,sidset,real,0,0.6780170202255249,data\cache\clean\test\sidset_b476dc9881140333\jpeg_q90.jpg
sidset_b4f4dcd2e7617eea,jpeg_q90,sidset,real,0,0.6905869245529175,data\cache\clean\test\sidset_b4f4dcd2e7617eea\jpeg_q90.jpg
sidset_b7e2bd65518fb887,jpeg_q90,sidset,real,0,0.7071778774261475,data\cache\clean\test\sidset_b7e2bd65518fb887\jpeg_q90.jpg
sidset_bafdbc8a8d68c696,jpeg_q90,sidset,real,0,0.82530277967453,data\cache\clean\test\sidset_bafdbc8a8d68c696\jpeg_q90.jpg
sidset_bc70b06f0d603efd,jpeg_q90,sidset,real,0,1.0,data\cache\clean\test\sidset_bc70b06f0d603efd\jpeg_q90.jpg
sidset_bddc30edb2816122,jpeg_q90,sidset,real,0,0.8619076013565063,data\cache\clean\test\sidset_bddc30edb2816122\jpeg_q90.jpg
sidset_bf236ad30956e497,jpeg_q90,sidset,real,0,0.809464156627655,data\cache\clean\test\sidset_bf236ad30956e497\jpeg_q90.jpg
sidset_bf7100f88bf3b0f3,jpeg_q90,sidset,real,0,0.9539548754692078,data\cache\clean\test\sidset_bf7100f88bf3b0f3\jpeg_q90.jpg
sidset_c2f7255d9f5d9469,jpeg_q90,sidset,real,0,0.6079427599906921,data\cache\clean\test\sidset_c2f7255d9f5d9469\jpeg_q90.jpg
sidset_c3c41d4a18529a16,jpeg_q90,sidset,real,0,0.719304084777832,data\cache\clean\test\sidset_c3c41d4a18529a16\jpeg_q90.jpg
sidset_c47a1c5427ee9d26,jpeg_q90,sidset,real,0,0.8741804957389832,data\cache\clean\test\sidset_c47a1c5427ee9d26\jpeg_q90.jpg
sidset_c51e9f52ce3dbd67,jpeg_q90,sidset,real,0,0.8119297623634338,data\cache\clean\test\sidset_c51e9f52ce3dbd67\jpeg_q90.jpg
sidset_c5a378b0ea24d25e,jpeg_q90,sidset,real,0,0.6465355753898621,data\cache\clean\test\sidset_c5a378b0ea24d25e\jpeg_q90.jpg
sidset_c71adf7ec32fe698,jpeg_q90,sidset,real,0,0.6479188203811646,data\cache\clean\test\sidset_c71adf7ec32fe698\jpeg_q90.jpg
sidset_c90419b9eb89527a,jpeg_q90,sidset,real,0,0.9940358400344849,data\cache\clean\test\sidset_c90419b9eb89527a\jpeg_q90.jpg
sidset_c979e1ce90deac08,jpeg_q90,sidset,real,0,0.6127316951751709,data\cache\clean\test\sidset_c979e1ce90deac08\jpeg_q90.jpg
sidset_cac550631e35c126,jpeg_q90,sidset,real,0,0.9822512269020081,data\cache\clean\test\sidset_cac550631e35c126\jpeg_q90.jpg
sidset_ce09a25a50fdfe47,jpeg_q90,sidset,real,0,0.987236499786377,data\cache\clean\test\sidset_ce09a25a50fdfe47\jpeg_q90.jpg
sidset_cefabeb567a88f94,jpeg_q90,sidset,real,0,0.8007368445396423,data\cache\clean\test\sidset_cefabeb567a88f94\jpeg_q90.jpg
sidset_cfa694ce3bb2538c,jpeg_q90,sidset,real,0,0.8875207901000977,data\cache\clean\test\sidset_cfa694ce3bb2538c\jpeg_q90.jpg
sidset_d0fea44f4c3d5825,jpeg_q90,sidset,real,0,0.7018716335296631,data\cache\clean\test\sidset_d0fea44f4c3d5825\jpeg_q90.jpg
sidset_d3d78752fef3f3c4,jpeg_q90,sidset,real,0,0.8482683300971985,data\cache\clean\test\sidset_d3d78752fef3f3c4\jpeg_q90.jpg
sidset_d482661389f951ac,jpeg_q90,sidset,real,0,0.825190544128418,data\cache\clean\test\sidset_d482661389f951ac\jpeg_q90.jpg
sidset_d7c9ba7b7774dcd9,jpeg_q90,sidset,real,0,0.5229441523551941,data\cache\clean\test\sidset_d7c9ba7b7774dcd9\jpeg_q90.jpg
sidset_de2d4b37000ff09c,jpeg_q90,sidset,real,0,0.6232750415802002,data\cache\clean\test\sidset_de2d4b37000ff09c\jpeg_q90.jpg
sidset_df546351780cb733,jpeg_q90,sidset,real,0,0.8927123546600342,data\cache\clean\test\sidset_df546351780cb733\jpeg_q90.jpg
sidset_e14e3989daa0bebd,jpeg_q90,sidset,real,0,0.6794528961181641,data\cache\clean\test\sidset_e14e3989daa0bebd\jpeg_q90.jpg
sidset_e19c80d7ff2e201b,jpeg_q90,sidset,real,0,0.9953436255455017,data\cache\clean\test\sidset_e19c80d7ff2e201b\jpeg_q90.jpg
sidset_e35ca53982ee8372,jpeg_q90,sidset,real,0,0.9601136445999146,data\cache\clean\test\sidset_e35ca53982ee8372\jpeg_q90.jpg
sidset_e547ceb84d50e7bf,jpeg_q90,sidset,real,0,0.9999220371246338,data\cache\clean\test\sidset_e547ceb84d50e7bf\jpeg_q90.jpg
sidset_e6571874366c7377,jpeg_q90,sidset,real,0,0.571907639503479,data\cache\clean\test\sidset_e6571874366c7377\jpeg_q90.jpg
sidset_e73a5a7ccc6dabc2,jpeg_q90,sidset,real,0,0.9362409114837646,data\cache\clean\test\sidset_e73a5a7ccc6dabc2\jpeg_q90.jpg
sidset_ef3f636bfc78f3a5,jpeg_q90,sidset,real,0,0.540522575378418,data\cache\clean\test\sidset_ef3f636bfc78f3a5\jpeg_q90.jpg
sidset_f1dcc7d3f0ff18ab,jpeg_q90,sidset,real,0,0.6718651652336121,data\cache\clean\test\sidset_f1dcc7d3f0ff18ab\jpeg_q90.jpg
sidset_f250696304a3be0e,jpeg_q90,sidset,real,0,0.5086204409599304,data\cache\clean\test\sidset_f250696304a3be0e\jpeg_q90.jpg
sidset_f8827db6d147bcf1,jpeg_q90,sidset,real,0,0.5071275234222412,data\cache\clean\test\sidset_f8827db6d147bcf1\jpeg_q90.jpg
sidset_fac95db1f3df9775,jpeg_q90,sidset,real,0,0.9864452481269836,data\cache\clean\test\sidset_fac95db1f3df9775\jpeg_q90.jpg
sidset_ffb6be41271c5645,jpeg_q90,sidset,real,0,0.5747937560081482,data\cache\clean\test\sidset_ffb6be41271c5645\jpeg_q90.jpg
sidset_ffdcd87dfa1e049a,jpeg_q90,sidset,real,0,0.5588680505752563,data\cache\clean\test\sidset_ffdcd87dfa1e049a\jpeg_q90.jpg
cifake_0005 (3),noise_s0.02,cifake,real,0,0.5152988433837891,data\cache\clean\test\cifake_0005 (3)\noise_s0.02.jpg
cifake_0239 (10),noise_s0.02,cifake,real,0,0.8122371435165405,data\cache\clean\test\cifake_0239 (10)\noise_s0.02.jpg
cifake_0260 (4),noise_s0.02,cifake,real,0,0.7545313835144043,data\cache\clean\test\cifake_0260 (4)\noise_s0.02.jpg
cifake_0343 (6),noise_s0.02,cifake,real,0,0.8254449367523193,data\cache\clean\test\cifake_0343 (6)\noise_s0.02.jpg
cifake_0618 (3),noise_s0.02,cifake,real,0,0.6701125502586365,data\cache\clean\test\cifake_0618 (3)\noise_s0.02.jpg
cifake_0793,noise_s0.02,cifake,real,0,0.8017195463180542,data\cache\clean\test\cifake_0793\noise_s0.02.jpg
cifake_0858 (3),noise_s0.02,cifake,real,0,0.6522195339202881,data\cache\clean\test\cifake_0858 (3)\noise_s0.02.jpg
cifake_0967 (9),noise_s0.02,cifake,real,0,0.9513007402420044,data\cache\clean\test\cifake_0967 (9)\noise_s0.02.jpg
cifake_1139,noise_s0.02,cifake,real,0,0.7089155316352844,data\cache\clean\test\cifake_1139\noise_s0.02.jpg
cifake_1331 (2),noise_s0.02,cifake,real,0,0.85670006275177,data\cache\clean\test\cifake_1331 (2)\noise_s0.02.jpg
cifake_1427,noise_s0.02,cifake,real,0,0.6151605844497681,data\cache\clean\test\cifake_1427\noise_s0.02.jpg
cifake_2122,noise_s0.02,cifake,real,0,0.9795070290565491,data\cache\clean\test\cifake_2122\noise_s0.02.jpg
cifake_2500 (3),noise_s0.02,cifake,real,0,0.8694718480110168,data\cache\clean\test\cifake_2500 (3)\noise_s0.02.jpg
cifake_2523 (3),noise_s0.02,cifake,real,0,0.6104570627212524,data\cache\clean\test\cifake_2523 (3)\noise_s0.02.jpg
cifake_2547,noise_s0.02,cifake,real,0,0.667441189289093,data\cache\clean\test\cifake_2547\noise_s0.02.jpg
cifake_2660,noise_s0.02,cifake,real,0,0.9977772831916809,data\cache\clean\test\cifake_2660\noise_s0.02.jpg
cifake_2940 (8),noise_s0.02,cifake,real,0,0.546558678150177,data\cache\clean\test\cifake_2940 (8)\noise_s0.02.jpg
cifake_3129 (9),noise_s0.02,cifake,real,0,0.5530778169631958,data\cache\clean\test\cifake_3129 (9)\noise_s0.02.jpg
cifake_3280 (8),noise_s0.02,cifake,real,0,0.5015199780464172,data\cache\clean\test\cifake_3280 (8)\noise_s0.02.jpg
cifake_3872,noise_s0.02,cifake,real,0,0.9582207202911377,data\cache\clean\test\cifake_3872\noise_s0.02.jpg
cifake_3979,noise_s0.02,cifake,real,0,0.515449583530426,data\cache\clean\test\cifake_3979\noise_s0.02.jpg
cifake_4389,noise_s0.02,cifake,real,0,0.5002032518386841,data\cache\clean\test\cifake_4389\noise_s0.02.jpg
cifake_4609 (2),noise_s0.02,cifake,real,0,0.9181452989578247,data\cache\clean\test\cifake_4609 (2)\noise_s0.02.jpg
cifake_4660 (5),noise_s0.02,cifake,real,0,0.9477983713150024,data\cache\clean\test\cifake_4660 (5)\noise_s0.02.jpg
cifake_4673 (5),noise_s0.02,cifake,real,0,0.8304552435874939,data\cache\clean\test\cifake_4673 (5)\noise_s0.02.jpg
cifake_4907 (6),noise_s0.02,cifake,real,0,0.7064338326454163,data\cache\clean\test\cifake_4907 (6)\noise_s0.02.jpg
sidset_01cfa603553a1a45,noise_s0.02,sidset,real,0,0.7627729177474976,data\cache\clean\test\sidset_01cfa603553a1a45\noise_s0.02.jpg
sidset_036df955965cb2f9,noise_s0.02,sidset,real,0,0.760948896408081,data\cache\clean\test\sidset_036df955965cb2f9\noise_s0.02.jpg
sidset_038789965a8f7606,noise_s0.02,sidset,real,0,0.9787989854812622,data\cache\clean\test\sidset_038789965a8f7606\noise_s0.02.jpg
sidset_04c57e00f9d1b966,noise_s0.02,sidset,real,0,0.615336537361145,data\cache\clean\test\sidset_04c57e00f9d1b966\noise_s0.02.jpg
sidset_04dca235b99ad328,noise_s0.02,sidset,real,0,0.6665505170822144,data\cache\clean\test\sidset_04dca235b99ad328\noise_s0.02.jpg
sidset_09e779f2616dde26,noise_s0.02,sidset,real,0,0.8511101603507996,data\cache\clean\test\sidset_09e779f2616dde26\noise_s0.02.jpg
sidset_09f7329f0c1c9fd4,noise_s0.02,sidset,real,0,0.7188402414321899,data\cache\clean\test\sidset_09f7329f0c1c9fd4\noise_s0.02.jpg
sidset_0e40f2f48ac5ec94,noise_s0.02,sidset,real,0,0.583004891872406,data\cache\clean\test\sidset_0e40f2f48ac5ec94\noise_s0.02.jpg
sidset_0f8102c25fc764ea,noise_s0.02,sidset,real,0,0.99490886926651,data\cache\clean\test\sidset_0f8102c25fc764ea\noise_s0.02.jpg
sidset_10932d70e80241b5,noise_s0.02,sidset,real,0,0.5778030157089233,data\cache\clean\test\sidset_10932d70e80241b5\noise_s0.02.jpg
sidset_137115a40fe7347b,noise_s0.02,sidset,real,0,0.6642923951148987,data\cache\clean\test\sidset_137115a40fe7347b\noise_s0.02.jpg
sidset_1409961a28ec7db5,noise_s0.02,sidset,real,0,0.985658586025238,data\cache\clean\test\sidset_1409961a28ec7db5\noise_s0.02.jpg
sidset_14312756c1c94efa,noise_s0.02,sidset,real,0,0.8097766041755676,data\cache\clean\test\sidset_14312756c1c94efa\noise_s0.02.jpg
sidset_1577f06c8ee59ef0,noise_s0.02,sidset,real,0,0.6871501207351685,data\cache\clean\test\sidset_1577f06c8ee59ef0\noise_s0.02.jpg
sidset_165e94520f73e349,noise_s0.02,sidset,real,0,0.8069055676460266,data\cache\clean\test\sidset_165e94520f73e349\noise_s0.02.jpg
sidset_19a1dd0dde3ed26c,noise_s0.02,sidset,real,0,0.9650712609291077,data\cache\clean\test\sidset_19a1dd0dde3ed26c\noise_s0.02.jpg
sidset_1ac2b808424b8d8b,noise_s0.02,sidset,real,0,0.6582320332527161,data\cache\clean\test\sidset_1ac2b808424b8d8b\noise_s0.02.jpg
sidset_1b20d1ec3fd5a56f,noise_s0.02,sidset,real,0,0.816778838634491,data\cache\clean\test\sidset_1b20d1ec3fd5a56f\noise_s0.02.jpg
sidset_1d24e17c0f598d7a,noise_s0.02,sidset,real,0,0.9499813318252563,data\cache\clean\test\sidset_1d24e17c0f598d7a\noise_s0.02.jpg
sidset_1d49d26ca0273da6,noise_s0.02,sidset,real,0,0.9996739625930786,data\cache\clean\test\sidset_1d49d26ca0273da6\noise_s0.02.jpg
sidset_22b07f2ffcaf319c,noise_s0.02,sidset,real,0,0.573320746421814,data\cache\clean\test\sidset_22b07f2ffcaf319c\noise_s0.02.jpg
sidset_230a893e83782a7f,noise_s0.02,sidset,real,0,0.7855934500694275,data\cache\clean\test\sidset_230a893e83782a7f\noise_s0.02.jpg
sidset_333b018473a06c71,noise_s0.02,sidset,real,0,0.6833251714706421,data\cache\clean\test\sidset_333b018473a06c71\noise_s0.02.jpg
sidset_3beca4d6152a4aa5,noise_s0.02,sidset,real,0,0.8835065960884094,data\cache\clean\test\sidset_3beca4d6152a4aa5\noise_s0.02.jpg
sidset_405f8f3229fd3f3a,noise_s0.02,sidset,real,0,0.8221762180328369,data\cache\clean\test\sidset_405f8f3229fd3f3a\noise_s0.02.jpg
sidset_41d1ae3e93b118ab,noise_s0.02,sidset,real,0,0.5223859548568726,data\cache\clean\test\sidset_41d1ae3e93b118ab\noise_s0.02.jpg
sidset_44062c28bab0688d,noise_s0.02,sidset,real,0,0.6242393255233765,data\cache\clean\test\sidset_44062c28bab0688d\noise_s0.02.jpg
sidset_4566671bd4a332e8,noise_s0.02,sidset,real,0,0.9175081253051758,data\cache\clean\test\sidset_4566671bd4a332e8\noise_s0.02.jpg
sidset_45a6cb8b20ae57d2,noise_s0.02,sidset,real,0,0.9844070672988892,data\cache\clean\test\sidset_45a6cb8b20ae57d2\noise_s0.02.jpg
sidset_47bafd1331a90437,noise_s0.02,sidset,real,0,0.5588350892066956,data\cache\clean\test\sidset_47bafd1331a90437\noise_s0.02.jpg
sidset_4b587c02c1897383,noise_s0.02,sidset,real,0,0.5579178929328918,data\cache\clean\test\sidset_4b587c02c1897383\noise_s0.02.jpg
sidset_4efd021afbfb3ae6,noise_s0.02,sidset,real,0,0.5827619433403015,data\cache\clean\test\sidset_4efd021afbfb3ae6\noise_s0.02.jpg
sidset_51655a8a28f25f11,noise_s0.02,sidset,real,0,0.8167003989219666,data\cache\clean\test\sidset_51655a8a28f25f11\noise_s0.02.jpg
sidset_523fede5def083dd,noise_s0.02,sidset,real,0,0.8481085896492004,data\cache\clean\test\sidset_523fede5def083dd\noise_s0.02.jpg
sidset_52bf81b2d7f84101,noise_s0.02,sidset,real,0,0.9847022891044617,data\cache\clean\test\sidset_52bf81b2d7f84101\noise_s0.02.jpg
sidset_55ed6c0bbd54e07d,noise_s0.02,sidset,real,0,0.9333233833312988,data\cache\clean\test\sidset_55ed6c0bbd54e07d\noise_s0.02.jpg
sidset_59d5d634b8531991,noise_s0.02,sidset,real,0,0.693821132183075,data\cache\clean\test\sidset_59d5d634b8531991\noise_s0.02.jpg
sidset_59e78921fe0be3d3,noise_s0.02,sidset,real,0,0.9886407852172852,data\cache\clean\test\sidset_59e78921fe0be3d3\noise_s0.02.jpg
sidset_5a165a26bf8ca4be,noise_s0.02,sidset,real,0,0.9648767709732056,data\cache\clean\test\sidset_5a165a26bf8ca4be\noise_s0.02.jpg
sidset_5ae51a789c118b75,noise_s0.02,sidset,real,0,0.8880116939544678,data\cache\clean\test\sidset_5ae51a789c118b75\noise_s0.02.jpg
sidset_5b8f12b78d13bfcd,noise_s0.02,sidset,real,0,0.9947236776351929,data\cache\clean\test\sidset_5b8f12b78d13bfcd\noise_s0.02.jpg
sidset_5ba522a91162ae70,noise_s0.02,sidset,real,0,0.9999929666519165,data\cache\clean\test\sidset_5ba522a91162ae70\noise_s0.02.jpg
sidset_5fd49a9afbba9bd6,noise_s0.02,sidset,real,0,0.9597147107124329,data\cache\clean\test\sidset_5fd49a9afbba9bd6\noise_s0.02.jpg
sidset_6064863bdd6ff466,noise_s0.02,sidset,real,0,0.7216892838478088,data\cache\clean\test\sidset_6064863bdd6ff466\noise_s0.02.jpg
sidset_62d3110113ec4633,noise_s0.02,sidset,real,0,0.901008665561676,data\cache\clean\test\sidset_62d3110113ec4633\noise_s0.02.jpg
sidset_656e08da323e3b5e,noise_s0.02,sidset,real,0,0.6311975717544556,data\cache\clean\test\sidset_656e08da323e3b5e\noise_s0.02.jpg
sidset_6729908303ffe2ce,noise_s0.02,sidset,real,0,0.984236478805542,data\cache\clean\test\sidset_6729908303ffe2ce\noise_s0.02.jpg
sidset_67e679dca692a59d,noise_s0.02,sidset,real,0,0.9151033759117126,data\cache\clean\test\sidset_67e679dca692a59d\noise_s0.02.jpg
sidset_68f0479b7dde7700,noise_s0.02,sidset,real,0,0.8990164995193481,data\cache\clean\test\sidset_68f0479b7dde7700\noise_s0.02.jpg
sidset_6a9b88d93d860623,noise_s0.02,sidset,real,0,0.721957266330719,data\cache\clean\test\sidset_6a9b88d93d860623\noise_s0.02.jpg
sidset_6ae976e8966ec975,noise_s0.02,sidset,real,0,0.7803215384483337,data\cache\clean\test\sidset_6ae976e8966ec975\noise_s0.02.jpg
sidset_6b7167d906f4ff1f,noise_s0.02,sidset,real,0,0.6472240686416626,data\cache\clean\test\sidset_6b7167d906f4ff1f\noise_s0.02.jpg
sidset_6b8ac1d4f89a0ffa,noise_s0.02,sidset,real,0,0.948340892791748,data\cache\clean\test\sidset_6b8ac1d4f89a0ffa\noise_s0.02.jpg
sidset_6f3ce9ca0af3863c,noise_s0.02,sidset,real,0,0.7552348375320435,data\cache\clean\test\sidset_6f3ce9ca0af3863c\noise_s0.02.jpg
sidset_715f3c6fc6f7ef1f,noise_s0.02,sidset,real,0,0.7529611587524414,data\cache\clean\test\sidset_715f3c6fc6f7ef1f\noise_s0.02.jpg
sidset_759a21da57c25774,noise_s0.02,sidset,real,0,0.9503678679466248,data\cache\clean\test\sidset_759a21da57c25774\noise_s0.02.jpg
sidset_789adfb30711725a,noise_s0.02,sidset,real,0,0.6114583015441895,data\cache\clean\test\sidset_789adfb30711725a\noise_s0.02.jpg
sidset_7974984b83c15934,noise_s0.02,sidset,real,0,0.8796860575675964,data\cache\clean\test\sidset_7974984b83c15934\noise_s0.02.jpg
sidset_7c1fff13774e270c,noise_s0.02,sidset,real,0,0.9711310863494873,data\cache\clean\test\sidset_7c1fff13774e270c\noise_s0.02.jpg
sidset_7f1ce0ac000e1d6c,noise_s0.02,sidset,real,0,0.890123724937439,data\cache\clean\test\sidset_7f1ce0ac000e1d6c\noise_s0.02.jpg
sidset_832e43df048c6d1a,noise_s0.02,sidset,real,0,0.9536213874816895,data\cache\clean\test\sidset_832e43df048c6d1a\noise_s0.02.jpg
sidset_8619862cda88466c,noise_s0.02,sidset,real,0,0.7213529944419861,data\cache\clean\test\sidset_8619862cda88466c\noise_s0.02.jpg
sidset_8865c586ab64c0f9,noise_s0.02,sidset,real,0,0.662747859954834,data\cache\clean\test\sidset_8865c586ab64c0f9\noise_s0.02.jpg
sidset_8f3624cc8a5e0ffc,noise_s0.02,sidset,real,0,0.6697601079940796,data\cache\clean\test\sidset_8f3624cc8a5e0ffc\noise_s0.02.jpg
sidset_918190e0dd7fc829,noise_s0.02,sidset,real,0,0.9998586177825928,data\cache\clean\test\sidset_918190e0dd7fc829\noise_s0.02.jpg
sidset_9548acaeca2f5124,noise_s0.02,sidset,real,0,0.86314857006073,data\cache\clean\test\sidset_9548acaeca2f5124\noise_s0.02.jpg
sidset_9811f04611ad082c,noise_s0.02,sidset,real,0,0.935494601726532,data\cache\clean\test\sidset_9811f04611ad082c\noise_s0.02.jpg
sidset_995429a562f1aed2,noise_s0.02,sidset,real,0,0.99952232837677,data\cache\clean\test\sidset_995429a562f1aed2\noise_s0.02.jpg
sidset_9ad980e066bd4c5e,noise_s0.02,sidset,real,0,0.9226118326187134,data\cache\clean\test\sidset_9ad980e066bd4c5e\noise_s0.02.jpg
sidset_9e2a9b16ff46f867,noise_s0.02,sidset,real,0,0.9819698333740234,data\cache\clean\test\sidset_9e2a9b16ff46f867\noise_s0.02.jpg
sidset_a02993bbac9bbcb4,noise_s0.02,sidset,real,0,0.5907924771308899,data\cache\clean\test\sidset_a02993bbac9bbcb4\noise_s0.02.jpg
sidset_a09d0102c68de8b5,noise_s0.02,sidset,real,0,0.6374977827072144,data\cache\clean\test\sidset_a09d0102c68de8b5\noise_s0.02.jpg
sidset_a3032d75347e6fa2,noise_s0.02,sidset,real,0,0.9305720329284668,data\cache\clean\test\sidset_a3032d75347e6fa2\noise_s0.02.jpg
sidset_a4268c0135ca2c65,noise_s0.02,sidset,real,0,0.9991050362586975,data\cache\clean\test\sidset_a4268c0135ca2c65\noise_s0.02.jpg
sidset_a429805728e89e7d,noise_s0.02,sidset,real,0,0.9985373020172119,data\cache\clean\test\sidset_a429805728e89e7d\noise_s0.02.jpg
sidset_a8ad741ef85002f3,noise_s0.02,sidset,real,0,0.941303014755249,data\cache\clean\test\sidset_a8ad741ef85002f3\noise_s0.02.jpg
sidset_afe2c3d2863b693b,noise_s0.02,sidset,real,0,0.7081261277198792,data\cache\clean\test\sidset_afe2c3d2863b693b\noise_s0.02.jpg
sidset_b230de6baca8d392,noise_s0.02,sidset,real,0,0.9571495652198792,data\cache\clean\test\sidset_b230de6baca8d392\noise_s0.02.jpg
sidset_b476dc9881140333,noise_s0.02,sidset,real,0,0.6541153192520142,data\cache\clean\test\sidset_b476dc9881140333\noise_s0.02.jpg
sidset_b7e2bd65518fb887,noise_s0.02,sidset,real,0,0.505494236946106,data\cache\clean\test\sidset_b7e2bd65518fb887\noise_s0.02.jpg
sidset_bafdbc8a8d68c696,noise_s0.02,sidset,real,0,0.7297683358192444,data\cache\clean\test\sidset_bafdbc8a8d68c696\noise_s0.02.jpg
sidset_bc280ffeb57ce51b,noise_s0.02,sidset,real,0,0.8216162323951721,data\cache\clean\test\sidset_bc280ffeb57ce51b\noise_s0.02.jpg
sidset_bc70b06f0d603efd,noise_s0.02,sidset,real,0,1.0,data\cache\clean\test\sidset_bc70b06f0d603efd\noise_s0.02.jpg
sidset_bddc30edb2816122,noise_s0.02,sidset,real,0,0.8008967041969299,data\cache\clean\test\sidset_bddc30edb2816122\noise_s0.02.jpg
sidset_bf236ad30956e497,noise_s0.02,sidset,real,0,0.7761828899383545,data\cache\clean\test\sidset_bf236ad30956e497\noise_s0.02.jpg
sidset_c104d5a827c3dc84,noise_s0.02,sidset,real,0,0.7011318206787109,data\cache\clean\test\sidset_c104d5a827c3dc84\noise_s0.02.jpg
sidset_c2f7255d9f5d9469,noise_s0.02,sidset,real,0,0.9200308918952942,data\cache\clean\test\sidset_c2f7255d9f5d9469\noise_s0.02.jpg
sidset_c33edc6a23ae9d6b,noise_s0.02,sidset,real,0,0.8266260027885437,data\cache\clean\test\sidset_c33edc6a23ae9d6b\noise_s0.02.jpg
sidset_c3c41d4a18529a16,noise_s0.02,sidset,real,0,0.9771167635917664,data\cache\clean\test\sidset_c3c41d4a18529a16\noise_s0.02.jpg
sidset_c51e9f52ce3dbd67,noise_s0.02,sidset,real,0,0.6891290545463562,data\cache\clean\test\sidset_c51e9f52ce3dbd67\noise_s0.02.jpg
sidset_c5a378b0ea24d25e,noise_s0.02,sidset,real,0,0.6176228523254395,data\cache\clean\test\sidset_c5a378b0ea24d25e\noise_s0.02.jpg
sidset_c5f4e20e7d2e391c,noise_s0.02,sidset,real,0,0.7594208121299744,data\cache\clean\test\sidset_c5f4e20e7d2e391c\noise_s0.02.jpg
sidset_c90419b9eb89527a,noise_s0.02,sidset,real,0,0.942122220993042,data\cache\clean\test\sidset_c90419b9eb89527a\noise_s0.02.jpg
sidset_c979e1ce90deac08,noise_s0.02,sidset,real,0,0.7973860502243042,data\cache\clean\test\sidset_c979e1ce90deac08\noise_s0.02.jpg
sidset_cac550631e35c126,noise_s0.02,sidset,real,0,0.9659241437911987,data\cache\clean\test\sidset_cac550631e35c126\noise_s0.02.jpg
sidset_ce09a25a50fdfe47,noise_s0.02,sidset,real,0,0.9591944217681885,data\cache\clean\test\sidset_ce09a25a50fdfe47\noise_s0.02.jpg
sidset_cfa694ce3bb2538c,noise_s0.02,sidset,real,0,0.51689213514328,data\cache\clean\test\sidset_cfa694ce3bb2538c\noise_s0.02.jpg
sidset_d0fea44f4c3d5825,noise_s0.02,sidset,real,0,0.7696095705032349,data\cache\clean\test\sidset_d0fea44f4c3d5825\noise_s0.02.jpg
sidset_d3d78752fef3f3c4,noise_s0.02,sidset,real,0,0.7609067559242249,data\cache\clean\test\sidset_d3d78752fef3f3c4\noise_s0.02.jpg
sidset_d482661389f951ac,noise_s0.02,sidset,real,0,0.8280392289161682,data\cache\clean\test\sidset_d482661389f951ac\noise_s0.02.jpg
sidset_d7c9ba7b7774dcd9,noise_s0.02,sidset,real,0,0.9463938474655151,data\cache\clean\test\sidset_d7c9ba7b7774dcd9\noise_s0.02.jpg
sidset_dcc4eb3a61fc711a,noise_s0.02,sidset,real,0,0.5012369155883789,data\cache\clean\test\sidset_dcc4eb3a61fc711a\noise_s0.02.jpg
sidset_dd93360440cacd38,noise_s0.02,sidset,real,0,0.7976284623146057,data\cache\clean\test\sidset_dd93360440cacd38\noise_s0.02.jpg
sidset_de2d4b37000ff09c,noise_s0.02,sidset,real,0,0.9464548230171204,data\cache\clean\test\sidset_de2d4b37000ff09c\noise_s0.02.jpg
sidset_df546351780cb733,noise_s0.02,sidset,real,0,0.5519118905067444,data\cache\clean\test\sidset_df546351780cb733\noise_s0.02.jpg
sidset_e19c80d7ff2e201b,noise_s0.02,sidset,real,0,0.9980985522270203,data\cache\clean\test\sidset_e19c80d7ff2e201b\noise_s0.02.jpg
sidset_e20f8df5bc8ae19c,noise_s0.02,sidset,real,0,0.5314525961875916,data\cache\clean\test\sidset_e20f8df5bc8ae19c\noise_s0.02.jpg
sidset_e21b0418ac95d9f8,noise_s0.02,sidset,real,0,0.8617113828659058,data\cache\clean\test\sidset_e21b0418ac95d9f8\noise_s0.02.jpg
sidset_e35ca53982ee8372,noise_s0.02,sidset,real,0,0.8012419939041138,data\cache\clean\test\sidset_e35ca53982ee8372\noise_s0.02.jpg
sidset_e547ceb84d50e7bf,noise_s0.02,sidset,real,0,0.9999605417251587,data\cache\clean\test\sidset_e547ceb84d50e7bf\noise_s0.02.jpg
sidset_e73a5a7ccc6dabc2,noise_s0.02,sidset,real,0,0.8844526410102844,data\cache\clean\test\sidset_e73a5a7ccc6dabc2\noise_s0.02.jpg
sidset_ef3f636bfc78f3a5,noise_s0.02,sidset,real,0,0.6853125691413879,data\cache\clean\test\sidset_ef3f636bfc78f3a5\noise_s0.02.jpg
sidset_f250696304a3be0e,noise_s0.02,sidset,real,0,0.5591942071914673,data\cache\clean\test\sidset_f250696304a3be0e\noise_s0.02.jpg
sidset_f8827db6d147bcf1,noise_s0.02,sidset,real,0,0.692305326461792,data\cache\clean\test\sidset_f8827db6d147bcf1\noise_s0.02.jpg
sidset_fac95db1f3df9775,noise_s0.02,sidset,real,0,0.987063467502594,data\cache\clean\test\sidset_fac95db1f3df9775\noise_s0.02.jpg
sidset_ffb6be41271c5645,noise_s0.02,sidset,real,0,0.8697221875190735,data\cache\clean\test\sidset_ffb6be41271c5645\noise_s0.02.jpg
sidset_ffdcd87dfa1e049a,noise_s0.02,sidset,real,0,0.6781189441680908,data\cache\clean\test\sidset_ffdcd87dfa1e049a\noise_s0.02.jpg
cifake_0005 (3),noise_s0.05,cifake,real,0,0.5533905029296875,data\cache\clean\test\cifake_0005 (3)\noise_s0.05.jpg
cifake_0085,noise_s0.05,cifake,real,0,0.6868091225624084,data\cache\clean\test\cifake_0085\noise_s0.05.jpg
cifake_0179 (9),noise_s0.05,cifake,real,0,0.5648198127746582,data\cache\clean\test\cifake_0179 (9)\noise_s0.05.jpg
cifake_0235,noise_s0.05,cifake,real,0,0.6004540920257568,data\cache\clean\test\cifake_0235\noise_s0.05.jpg
cifake_0260 (4),noise_s0.05,cifake,real,0,0.7407065033912659,data\cache\clean\test\cifake_0260 (4)\noise_s0.05.jpg
cifake_0343 (6),noise_s0.05,cifake,real,0,0.6628512740135193,data\cache\clean\test\cifake_0343 (6)\noise_s0.05.jpg
cifake_0567,noise_s0.05,cifake,real,0,0.7559118866920471,data\cache\clean\test\cifake_0567\noise_s0.05.jpg
cifake_0618 (3),noise_s0.05,cifake,real,0,0.8211247324943542,data\cache\clean\test\cifake_0618 (3)\noise_s0.05.jpg
cifake_0739 (4),noise_s0.05,cifake,real,0,0.5413520336151123,data\cache\clean\test\cifake_0739 (4)\noise_s0.05.jpg
cifake_0793,noise_s0.05,cifake,real,0,0.862097978591919,data\cache\clean\test\cifake_0793\noise_s0.05.jpg
cifake_0858 (3),noise_s0.05,cifake,real,0,0.9089489579200745,data\cache\clean\test\cifake_0858 (3)\noise_s0.05.jpg
cifake_0930 (4),noise_s0.05,cifake,real,0,0.6569452881813049,data\cache\clean\test\cifake_0930 (4)\noise_s0.05.jpg
cifake_0967 (9),noise_s0.05,cifake,real,0,0.984230101108551,data\cache\clean\test\cifake_0967 (9)\noise_s0.05.jpg
cifake_1139,noise_s0.05,cifake,real,0,0.8386574387550354,data\cache\clean\test\cifake_1139\noise_s0.05.jpg
cifake_1331 (2),noise_s0.05,cifake,real,0,0.8855617642402649,data\cache\clean\test\cifake_1331 (2)\noise_s0.05.jpg
cifake_1974,noise_s0.05,cifake,real,0,0.5474151968955994,data\cache\clean\test\cifake_1974\noise_s0.05.jpg
cifake_2122,noise_s0.05,cifake,real,0,0.9199458360671997,data\cache\clean\test\cifake_2122\noise_s0.05.jpg
cifake_2400,noise_s0.05,cifake,real,0,0.5904724597930908,data\cache\clean\test\cifake_2400\noise_s0.05.jpg
cifake_2500 (3),noise_s0.05,cifake,real,0,0.7878069877624512,data\cache\clean\test\cifake_2500 (3)\noise_s0.05.jpg
cifake_2602 (7),noise_s0.05,cifake,real,0,0.6176759004592896,data\cache\clean\test\cifake_2602 (7)\noise_s0.05.jpg
cifake_2660,noise_s0.05,cifake,real,0,0.9733356833457947,data\cache\clean\test\cifake_2660\noise_s0.05.jpg
cifake_2874 (4),noise_s0.05,cifake,real,0,0.743009626865387,data\cache\clean\test\cifake_2874 (4)\noise_s0.05.jpg
cifake_3042 (4),noise_s0.05,cifake,real,0,0.6328878998756409,data\cache\clean\test\cifake_3042 (4)\noise_s0.05.jpg
cifake_3129 (9),noise_s0.05,cifake,real,0,0.9117018580436707,data\cache\clean\test\cifake_3129 (9)\noise_s0.05.jpg
cifake_3280 (8),noise_s0.05,cifake,real,0,0.7894605994224548,data\cache\clean\test\cifake_3280 (8)\noise_s0.05.jpg
cifake_3458 (9),noise_s0.05,cifake,real,0,0.5878883004188538,data\cache\clean\test\cifake_3458 (9)\noise_s0.05.jpg
cifake_4142 (5),noise_s0.05,cifake,real,0,0.7459362149238586,data\cache\clean\test\cifake_4142 (5)\noise_s0.05.jpg
cifake_4283 (2),noise_s0.05,cifake,real,0,0.7766627669334412,data\cache\clean\test\cifake_4283 (2)\noise_s0.05.jpg
cifake_4609 (2),noise_s0.05,cifake,real,0,0.6449658870697021,data\cache\clean\test\cifake_4609 (2)\noise_s0.05.jpg
cifake_4660 (5),noise_s0.05,cifake,real,0,0.9562829732894897,data\cache\clean\test\cifake_4660 (5)\noise_s0.05.jpg
cifake_4673 (5),noise_s0.05,cifake,real,0,0.9638388156890869,data\cache\clean\test\cifake_4673 (5)\noise_s0.05.jpg
cifake_4907 (6),noise_s0.05,cifake,real,0,0.8851162791252136,data\cache\clean\test\cifake_4907 (6)\noise_s0.05.jpg
sidset_01cfa603553a1a45,noise_s0.05,sidset,real,0,0.7464513182640076,data\cache\clean\test\sidset_01cfa603553a1a45\noise_s0.05.jpg
sidset_01d31beadaa634e8,noise_s0.05,sidset,real,0,0.6024066805839539,data\cache\clean\test\sidset_01d31beadaa634e8\noise_s0.05.jpg
sidset_02eb47f790cba404,noise_s0.05,sidset,real,0,0.8381618857383728,data\cache\clean\test\sidset_02eb47f790cba404\noise_s0.05.jpg
sidset_036df955965cb2f9,noise_s0.05,sidset,real,0,0.7627953290939331,data\cache\clean\test\sidset_036df955965cb2f9\noise_s0.05.jpg
sidset_038789965a8f7606,noise_s0.05,sidset,real,0,0.970767080783844,data\cache\clean\test\sidset_038789965a8f7606\noise_s0.05.jpg
sidset_04c57e00f9d1b966,noise_s0.05,sidset,real,0,0.8507629632949829,data\cache\clean\test\sidset_04c57e00f9d1b966\noise_s0.05.jpg
sidset_04dca235b99ad328,noise_s0.05,sidset,real,0,0.939414918422699,data\cache\clean\test\sidset_04dca235b99ad328\noise_s0.05.jpg
sidset_0819e112dbbe3cb8,noise_s0.05,sidset,real,0,0.8768729567527771,data\cache\clean\test\sidset_0819e112dbbe3cb8\noise_s0.05.jpg
sidset_09e779f2616dde26,noise_s0.05,sidset,real,0,0.9960803389549255,data\cache\clean\test\sidset_09e779f2616dde26\noise_s0.05.jpg
sidset_09f7329f0c1c9fd4,noise_s0.05,sidset,real,0,0.8768301606178284,data\cache\clean\test\sidset_09f7329f0c1c9fd4\noise_s0.05.jpg
sidset_0c4df6f098aebb13,noise_s0.05,sidset,real,0,0.7323094606399536,data\cache\clean\test\sidset_0c4df6f098aebb13\noise_s0.05.jpg
sidset_0e40f2f48ac5ec94,noise_s0.05,sidset,real,0,0.6060764789581299,data\cache\clean\test\sidset_0e40f2f48ac5ec94\noise_s0.05.jpg
sidset_0e8025a1493dc563,noise_s0.05,sidset,real,0,0.8591811060905457,data\cache\clean\test\sidset_0e8025a1493dc563\noise_s0.05.jpg
sidset_0f8102c25fc764ea,noise_s0.05,sidset,real,0,0.9975233674049377,data\cache\clean\test\sidset_0f8102c25fc764ea\noise_s0.05.jpg
sidset_10932d70e80241b5,noise_s0.05,sidset,real,0,0.6143327355384827,data\cache\clean\test\sidset_10932d70e80241b5\noise_s0.05.jpg
sidset_137115a40fe7347b,noise_s0.05,sidset,real,0,0.7038219571113586,data\cache\clean\test\sidset_137115a40fe7347b\noise_s0.05.jpg
sidset_13a6bf4eaf05914a,noise_s0.05,sidset,real,0,0.8204597234725952,data\cache\clean\test\sidset_13a6bf4eaf05914a\noise_s0.05.jpg
sidset_1409961a28ec7db5,noise_s0.05,sidset,real,0,0.9293543696403503,data\cache\clean\test\sidset_1409961a28ec7db5\noise_s0.05.jpg
sidset_1577f06c8ee59ef0,noise_s0.05,sidset,real,0,0.895717442035675,data\cache\clean\test\sidset_1577f06c8ee59ef0\noise_s0.05.jpg
sidset_165e94520f73e349,noise_s0.05,sidset,real,0,0.5836451053619385,data\cache\clean\test\sidset_165e94520f73e349\noise_s0.05.jpg
sidset_19a1dd0dde3ed26c,noise_s0.05,sidset,real,0,0.9819007515907288,data\cache\clean\test\sidset_19a1dd0dde3ed26c\noise_s0.05.jpg
sidset_1ac2b808424b8d8b,noise_s0.05,sidset,real,0,0.9212671518325806,data\cache\clean\test\sidset_1ac2b808424b8d8b\noise_s0.05.jpg
sidset_1b20d1ec3fd5a56f,noise_s0.05,sidset,real,0,0.677131712436676,data\cache\clean\test\sidset_1b20d1ec3fd5a56f\noise_s0.05.jpg
sidset_1cae0a8c943c87f1,noise_s0.05,sidset,real,0,0.9075369238853455,data\cache\clean\test\sidset_1cae0a8c943c87f1\noise_s0.05.jpg
sidset_1d24e17c0f598d7a,noise_s0.05,sidset,real,0,0.9135399460792542,data\cache\clean\test\sidset_1d24e17c0f598d7a\noise_s0.05.jpg
sidset_1d49d26ca0273da6,noise_s0.05,sidset,real,0,0.9921584129333496,data\cache\clean\test\sidset_1d49d26ca0273da6\noise_s0.05.jpg
sidset_22b07f2ffcaf319c,noise_s0.05,sidset,real,0,0.8862110376358032,data\cache\clean\test\sidset_22b07f2ffcaf319c\noise_s0.05.jpg
sidset_262ab01448a69651,noise_s0.05,sidset,real,0,0.649113118648529,data\cache\clean\test\sidset_262ab01448a69651\noise_s0.05.jpg
sidset_326f495eb261b65e,noise_s0.05,sidset,real,0,0.5846560001373291,data\cache\clean\test\sidset_326f495eb261b65e\noise_s0.05.jpg
sidset_333b018473a06c71,noise_s0.05,sidset,real,0,0.8116620182991028,data\cache\clean\test\sidset_333b018473a06c71\noise_s0.05.jpg
sidset_351df796b93ed2b5,noise_s0.05,sidset,real,0,0.581576943397522,data\cache\clean\test\sidset_351df796b93ed2b5\noise_s0.05.jpg
sidset_36ec0b674a14714a,noise_s0.05,sidset,real,0,0.5853468775749207,data\cache\clean\test\sidset_36ec0b674a14714a\noise_s0.05.jpg
sidset_3beca4d6152a4aa5,noise_s0.05,sidset,real,0,0.8401973843574524,data\cache\clean\test\sidset_3beca4d6152a4aa5\noise_s0.05.jpg
sidset_41fcb89ff22ef83c,noise_s0.05,sidset,real,0,0.6072182059288025,data\cache\clean\test\sidset_41fcb89ff22ef83c\noise_s0.05.jpg
sidset_424e6f898ae9cf5f,noise_s0.05,sidset,real,0,0.5930498838424683,data\cache\clean\test\sidset_424e6f898ae9cf5f\noise_s0.05.jpg
sidset_4566671bd4a332e8,noise_s0.05,sidset,real,0,0.9188888669013977,data\cache\clean\test\sidset_4566671bd4a332e8\noise_s0.05.jpg
sidset_45a6cb8b20ae57d2,noise_s0.05,sidset,real,0,0.9847500324249268,data\cache\clean\test\sidset_45a6cb8b20ae57d2\noise_s0.05.jpg
sidset_47bafd1331a90437,noise_s0.05,sidset,real,0,0.5751014947891235,data\cache\clean\test\sidset_47bafd1331a90437\noise_s0.05.jpg
sidset_523fede5def083dd,noise_s0.05,sidset,real,0,0.9135518074035645,data\cache\clean\test\sidset_523fede5def083dd\noise_s0.05.jpg
sidset_52967b3819a48f74,noise_s0.05,sidset,real,0,0.5649042725563049,data\cache\clean\test\sidset_52967b3819a48f74\noise_s0.05.jpg
sidset_52bf81b2d7f84101,noise_s0.05,sidset,real,0,0.9988622665405273,data\cache\clean\test\sidset_52bf81b2d7f84101\noise_s0.05.jpg
sidset_55ed6c0bbd54e07d,noise_s0.05,sidset,real,0,0.9914175271987915,data\cache\clean\test\sidset_55ed6c0bbd54e07d\noise_s0.05.jpg
sidset_59e78921fe0be3d3,noise_s0.05,sidset,real,0,0.9957441687583923,data\cache\clean\test\sidset_59e78921fe0be3d3\noise_s0.05.jpg
sidset_5a165a26bf8ca4be,noise_s0.05,sidset,real,0,0.892443835735321,data\cache\clean\test\sidset_5a165a26bf8ca4be\noise_s0.05.jpg
sidset_5b8f12b78d13bfcd,noise_s0.05,sidset,real,0,0.9991241097450256,data\cache\clean\test\sidset_5b8f12b78d13bfcd\noise_s0.05.jpg
sidset_5ba522a91162ae70,noise_s0.05,sidset,real,0,0.9999947547912598,data\cache\clean\test\sidset_5ba522a91162ae70\noise_s0.05.jpg
sidset_5fd49a9afbba9bd6,noise_s0.05,sidset,real,0,0.7468215227127075,data\cache\clean\test\sidset_5fd49a9afbba9bd6\noise_s0.05.jpg
sidset_6064863bdd6ff466,noise_s0.05,sidset,real,0,0.7821588516235352,data\cache\clean\test\sidset_6064863bdd6ff466\noise_s0.05.jpg
sidset_62d3110113ec4633,noise_s0.05,sidset,real,0,0.6712936162948608,data\cache\clean\test\sidset_62d3110113ec4633\noise_s0.05.jpg
sidset_656e08da323e3b5e,noise_s0.05,sidset,real,0,0.5589640140533447,data\cache\clean\test\sidset_656e08da323e3b5e\noise_s0.05.jpg
sidset_65d4916b9f3f47ba,noise_s0.05,sidset,real,0,0.776572048664093,data\cache\clean\test\sidset_65d4916b9f3f47ba\noise_s0.05.jpg
sidset_6729908303ffe2ce,noise_s0.05,sidset,real,0,0.9761587977409363,data\cache\clean\test\sidset_6729908303ffe2ce\noise_s0.05.jpg
sidset_67e679dca692a59d,noise_s0.05,sidset,real,0,0.9248321056365967,data\cache\clean\test\sidset_67e679dca692a59d\noise_s0.05.jpg
sidset_68f0479b7dde7700,noise_s0.05,sidset,real,0,0.9725685715675354,data\cache\clean\test\sidset_68f0479b7dde7700\noise_s0.05.jpg
sidset_6a9b88d93d860623,noise_s0.05,sidset,real,0,0.569101095199585,data\cache\clean\test\sidset_6a9b88d93d860623\noise_s0.05.jpg
sidset_6ae976e8966ec975,noise_s0.05,sidset,real,0,0.7081426382064819,data\cache\clean\test\sidset_6ae976e8966ec975\noise_s0.05.jpg
sidset_6b8ac1d4f89a0ffa,noise_s0.05,sidset,real,0,0.9481240510940552,data\cache\clean\test\sidset_6b8ac1d4f89a0ffa\noise_s0.05.jpg
sidset_6f3ce9ca0af3863c,noise_s0.05,sidset,real,0,0.9955980181694031,data\cache\clean\test\sidset_6f3ce9ca0af3863c\noise_s0.05.jpg
sidset_715f3c6fc6f7ef1f,noise_s0.05,sidset,real,0,0.5071401596069336,data\cache\clean\test\sidset_715f3c6fc6f7ef1f\noise_s0.05.jpg
sidset_759a21da57c25774,noise_s0.05,sidset,real,0,0.9662350416183472,data\cache\clean\test\sidset_759a21da57c25774\noise_s0.05.jpg
sidset_789adfb30711725a,noise_s0.05,sidset,real,0,0.7190117239952087,data\cache\clean\test\sidset_789adfb30711725a\noise_s0.05.jpg
sidset_796b6212cfecb3de,noise_s0.05,sidset,real,0,0.6481006741523743,data\cache\clean\test\sidset_796b6212cfecb3de\noise_s0.05.jpg
sidset_7974984b83c15934,noise_s0.05,sidset,real,0,0.8774871826171875,data\cache\clean\test\sidset_7974984b83c15934\noise_s0.05.jpg
sidset_7c1fff13774e270c,noise_s0.05,sidset,real,0,0.9584864377975464,data\cache\clean\test\sidset_7c1fff13774e270c\noise_s0.05.jpg
sidset_7e06c24631cbe6ed,noise_s0.05,sidset,real,0,0.8434880971908569,data\cache\clean\test\sidset_7e06c24631cbe6ed\noise_s0.05.jpg
sidset_7f1ce0ac000e1d6c,noise_s0.05,sidset,real,0,0.9513891935348511,data\cache\clean\test\sidset_7f1ce0ac000e1d6c\noise_s0.05.jpg
sidset_82cbb50e3941115f,noise_s0.05,sidset,real,0,0.5166139006614685,data\cache\clean\test\sidset_82cbb50e3941115f\noise_s0.05.jpg
sidset_832e43df048c6d1a,noise_s0.05,sidset,real,0,0.8081427812576294,data\cache\clean\test\sidset_832e43df048c6d1a\noise_s0.05.jpg
sidset_8619862cda88466c,noise_s0.05,sidset,real,0,0.9043931365013123,data\cache\clean\test\sidset_8619862cda88466c\noise_s0.05.jpg
sidset_87d1c36b80601bcb,noise_s0.05,sidset,real,0,0.696811318397522,data\cache\clean\test\sidset_87d1c36b80601bcb\noise_s0.05.jpg
sidset_8865c586ab64c0f9,noise_s0.05,sidset,real,0,0.5108124613761902,data\cache\clean\test\sidset_8865c586ab64c0f9\noise_s0.05.jpg
sidset_9015299eba2ace6e,noise_s0.05,sidset,real,0,0.8201904892921448,data\cache\clean\test\sidset_9015299eba2ace6e\noise_s0.05.jpg
sidset_918190e0dd7fc829,noise_s0.05,sidset,real,0,0.9999921321868896,data\cache\clean\test\sidset_918190e0dd7fc829\noise_s0.05.jpg
sidset_9548acaeca2f5124,noise_s0.05,sidset,real,0,0.8405410647392273,data\cache\clean\test\sidset_9548acaeca2f5124\noise_s0.05.jpg
sidset_9811f04611ad082c,noise_s0.05,sidset,real,0,0.9750455021858215,data\cache\clean\test\sidset_9811f04611ad082c\noise_s0.05.jpg
sidset_995429a562f1aed2,noise_s0.05,sidset,real,0,0.9995878338813782,data\cache\clean\test\sidset_995429a562f1aed2\noise_s0.05.jpg
sidset_9ad980e066bd4c5e,noise_s0.05,sidset,real,0,0.9683852195739746,data\cache\clean\test\sidset_9ad980e066bd4c5e\noise_s0.05.jpg
sidset_9e2a9b16ff46f867,noise_s0.05,sidset,real,0,0.9925042390823364,data\cache\clean\test\sidset_9e2a9b16ff46f867\noise_s0.05.jpg
sidset_a02993bbac9bbcb4,noise_s0.05,sidset,real,0,0.8622022271156311,data\cache\clean\test\sidset_a02993bbac9bbcb4\noise_s0.05.jpg
sidset_a09d0102c68de8b5,noise_s0.05,sidset,real,0,0.6782655715942383,data\cache\clean\test\sidset_a09d0102c68de8b5\noise_s0.05.jpg
sidset_a3032d75347e6fa2,noise_s0.05,sidset,real,0,0.5974453091621399,data\cache\clean\test\sidset_a3032d75347e6fa2\noise_s0.05.jpg
sidset_a4268c0135ca2c65,noise_s0.05,sidset,real,0,0.9993752837181091,data\cache\clean\test\sidset_a4268c0135ca2c65\noise_s0.05.jpg
sidset_a429805728e89e7d,noise_s0.05,sidset,real,0,0.9987506866455078,data\cache\clean\test\sidset_a429805728e89e7d\noise_s0.05.jpg
sidset_a8ad741ef85002f3,noise_s0.05,sidset,real,0,0.8927432298660278,data\cache\clean\test\sidset_a8ad741ef85002f3\noise_s0.05.jpg
sidset_ace6b1574d0e0f60,noise_s0.05,sidset,real,0,0.5079305768013,data\cache\clean\test\sidset_ace6b1574d0e0f60\noise_s0.05.jpg
sidset_ada487d9073d8dd5,noise_s0.05,sidset,real,0,0.9403475522994995,data\cache\clean\test\sidset_ada487d9073d8dd5\noise_s0.05.jpg
sidset_afe2c3d2863b693b,noise_s0.05,sidset,real,0,0.835856556892395,data\cache\clean\test\sidset_afe2c3d2863b693b\noise_s0.05.jpg
sidset_b19138b41d2201b5,noise_s0.05,sidset,real,0,0.6071013808250427,data\cache\clean\test\sidset_b19138b41d2201b5\noise_s0.05.jpg
sidset_b230de6baca8d392,noise_s0.05,sidset,real,0,0.9816251397132874,data\cache\clean\test\sidset_b230de6baca8d392\noise_s0.05.jpg
sidset_b476dc9881140333,noise_s0.05,sidset,real,0,0.7154892683029175,data\cache\clean\test\sidset_b476dc9881140333\noise_s0.05.jpg
sidset_b4f4dcd2e7617eea,noise_s0.05,sidset,real,0,0.6839765906333923,data\cache\clean\test\sidset_b4f4dcd2e7617eea\noise_s0.05.jpg
sidset_b7e2bd65518fb887,noise_s0.05,sidset,real,0,0.6766940355300903,data\cache\clean\test\sidset_b7e2bd65518fb887\noise_s0.05.jpg
sidset_b968aac60e0c49aa,noise_s0.05,sidset,real,0,0.6568747758865356,data\cache\clean\test\sidset_b968aac60e0c49aa\noise_s0.05.jpg
sidset_bc280ffeb57ce51b,noise_s0.05,sidset,real,0,0.9526337385177612,data\cache\clean\test\sidset_bc280ffeb57ce51b\noise_s0.05.jpg
sidset_bc70b06f0d603efd,noise_s0.05,sidset,real,0,1.0,data\cache\clean\test\sidset_bc70b06f0d603efd\noise_s0.05.jpg
sidset_bddc30edb2816122,noise_s0.05,sidset,real,0,0.7725249528884888,data\cache\clean\test\sidset_bddc30edb2816122\noise_s0.05.jpg
sidset_bf236ad30956e497,noise_s0.05,sidset,real,0,0.9445538520812988,data\cache\clean\test\sidset_bf236ad30956e497\noise_s0.05.jpg
sidset_bf6c68ececf7b114,noise_s0.05,sidset,real,0,0.5345328450202942,data\cache\clean\test\sidset_bf6c68ececf7b114\noise_s0.05.jpg
sidset_c104d5a827c3dc84,noise_s0.05,sidset,real,0,0.9251860976219177,data\cache\clean\test\sidset_c104d5a827c3dc84\noise_s0.05.jpg
sidset_c2f7255d9f5d9469,noise_s0.05,sidset,real,0,0.9822556972503662,data\cache\clean\test\sidset_c2f7255d9f5d9469\noise_s0.05.jpg
sidset_c33edc6a23ae9d6b,noise_s0.05,sidset,real,0,0.665530264377594,data\cache\clean\test\sidset_c33edc6a23ae9d6b\noise_s0.05.jpg
sidset_c3c41d4a18529a16,noise_s0.05,sidset,real,0,0.9835907816886902,data\cache\clean\test\sidset_c3c41d4a18529a16\noise_s0.05.jpg
sidset_c51e9f52ce3dbd67,noise_s0.05,sidset,real,0,0.8586064577102661,data\cache\clean\test\sidset_c51e9f52ce3dbd67\noise_s0.05.jpg
sidset_c5a378b0ea24d25e,noise_s0.05,sidset,real,0,0.7052627801895142,data\cache\clean\test\sidset_c5a378b0ea24d25e\noise_s0.05.jpg
sidset_c5f4e20e7d2e391c,noise_s0.05,sidset,real,0,0.9555399417877197,data\cache\clean\test\sidset_c5f4e20e7d2e391c\noise_s0.05.jpg
sidset_c71adf7ec32fe698,noise_s0.05,sidset,real,0,0.7463157176971436,data\cache\clean\test\sidset_c71adf7ec32fe698\noise_s0.05.jpg
sidset_c790c7ca03b21797,noise_s0.05,sidset,real,0,0.6017467379570007,data\cache\clean\test\sidset_c790c7ca03b21797\noise_s0.05.jpg
sidset_c90419b9eb89527a,noise_s0.05,sidset,real,0,0.8444536924362183,data\cache\clean\test\sidset_c90419b9eb89527a\noise_s0.05.jpg
sidset_c979e1ce90deac08,noise_s0.05,sidset,real,0,0.9645052552223206,data\cache\clean\test\sidset_c979e1ce90deac08\noise_s0.05.jpg
sidset_c97e1e2ef7643dd9,noise_s0.05,sidset,real,0,0.5546460747718811,data\cache\clean\test\sidset_c97e1e2ef7643dd9\noise_s0.05.jpg
sidset_ce09a25a50fdfe47,noise_s0.05,sidset,real,0,0.796232283115387,data\cache\clean\test\sidset_ce09a25a50fdfe47\noise_s0.05.jpg
sidset_cefabeb567a88f94,noise_s0.05,sidset,real,0,0.7261272072792053,data\cache\clean\test\sidset_cefabeb567a88f94\noise_s0.05.jpg
sidset_cfa694ce3bb2538c,noise_s0.05,sidset,real,0,0.9578466415405273,data\cache\clean\test\sidset_cfa694ce3bb2538c\noise_s0.05.jpg
sidset_d0fea44f4c3d5825,noise_s0.05,sidset,real,0,0.6540693640708923,data\cache\clean\test\sidset_d0fea44f4c3d5825\noise_s0.05.jpg
sidset_d1bccd9512c32cdc,noise_s0.05,sidset,real,0,0.6454581618309021,data\cache\clean\test\sidset_d1bccd9512c32cdc\noise_s0.05.jpg
sidset_d3d78752fef3f3c4,noise_s0.05,sidset,real,0,0.7895677089691162,data\cache\clean\test\sidset_d3d78752fef3f3c4\noise_s0.05.jpg
sidset_d482661389f951ac,noise_s0.05,sidset,real,0,0.7948723435401917,data\cache\clean\test\sidset_d482661389f951ac\noise_s0.05.jpg
sidset_d7c9ba7b7774dcd9,noise_s0.05,sidset,real,0,0.9645376205444336,data\cache\clean\test\sidset_d7c9ba7b7774dcd9\noise_s0.05.jpg
sidset_dcc4eb3a61fc711a,noise_s0.05,sidset,real,0,0.7946109771728516,data\cache\clean\test\sidset_dcc4eb3a61fc711a\noise_s0.05.jpg
sidset_de2d4b37000ff09c,noise_s0.05,sidset,real,0,0.9212642908096313,data\cache\clean\test\sidset_de2d4b37000ff09c\noise_s0.05.jpg
sidset_df089363fbc3dff5,noise_s0.05,sidset,real,0,0.6253225207328796,data\cache\clean\test\sidset_df089363fbc3dff5\noise_s0.05.jpg
sidset_df24b3622104398d,noise_s0.05,sidset,real,0,0.5208476185798645,data\cache\clean\test\sidset_df24b3622104398d\noise_s0.05.jpg
sidset_df546351780cb733,noise_s0.05,sidset,real,0,0.5637186169624329,data\cache\clean\test\sidset_df546351780cb733\noise_s0.05.jpg
sidset_e19c80d7ff2e201b,noise_s0.05,sidset,real,0,0.9994872808456421,data\cache\clean\test\sidset_e19c80d7ff2e201b\noise_s0.05.jpg
sidset_e1a5cac65504c6d6,noise_s0.05,sidset,real,0,0.5677529573440552,data\cache\clean\test\sidset_e1a5cac65504c6d6\noise_s0.05.jpg
sidset_e35ca53982ee8372,noise_s0.05,sidset,real,0,0.5140644907951355,data\cache\clean\test\sidset_e35ca53982ee8372\noise_s0.05.jpg
sidset_e547ceb84d50e7bf,noise_s0.05,sidset,real,0,0.9949474334716797,data\cache\clean\test\sidset_e547ceb84d50e7bf\noise_s0.05.jpg
sidset_e6571874366c7377,noise_s0.05,sidset,real,0,0.7051856517791748,data\cache\clean\test\sidset_e6571874366c7377\noise_s0.05.jpg
sidset_e7250acece7d41f5,noise_s0.05,sidset,real,0,0.6934870481491089,data\cache\clean\test\sidset_e7250acece7d41f5\noise_s0.05.jpg
sidset_e73a5a7ccc6dabc2,noise_s0.05,sidset,real,0,0.9692416191101074,data\cache\clean\test\sidset_e73a5a7ccc6dabc2\noise_s0.05.jpg
sidset_e83254d4c55675a6,noise_s0.05,sidset,real,0,0.5010591149330139,data\cache\clean\test\sidset_e83254d4c55675a6\noise_s0.05.jpg
sidset_ef3f636bfc78f3a5,noise_s0.05,sidset,real,0,0.6780605316162109,data\cache\clean\test\sidset_ef3f636bfc78f3a5\noise_s0.05.jpg
sidset_f250696304a3be0e,noise_s0.05,sidset,real,0,0.7773091197013855,data\cache\clean\test\sidset_f250696304a3be0e\noise_s0.05.jpg
sidset_f8827db6d147bcf1,noise_s0.05,sidset,real,0,0.6519585847854614,data\cache\clean\test\sidset_f8827db6d147bcf1\noise_s0.05.jpg
sidset_fac95db1f3df9775,noise_s0.05,sidset,real,0,0.9747690558433533,data\cache\clean\test\sidset_fac95db1f3df9775\noise_s0.05.jpg
sidset_fb820a8756e04447,noise_s0.05,sidset,real,0,0.8814017176628113,data\cache\clean\test\sidset_fb820a8756e04447\noise_s0.05.jpg
sidset_ffb6be41271c5645,noise_s0.05,sidset,real,0,0.8113358020782471,data\cache\clean\test\sidset_ffb6be41271c5645\noise_s0.05.jpg
sidset_ffdcd87dfa1e049a,noise_s0.05,sidset,real,0,0.5633437633514404,data\cache\clean\test\sidset_ffdcd87dfa1e049a\noise_s0.05.jpg
cifake_0005 (3),noise_s0.1,cifake,real,0,0.8546868562698364,data\cache\clean\test\cifake_0005 (3)\noise_s0.1.jpg
cifake_0085,noise_s0.1,cifake,real,0,0.6668838858604431,data\cache\clean\test\cifake_0085\noise_s0.1.jpg
cifake_0140 (3),noise_s0.1,cifake,real,0,0.6637042760848999,data\cache\clean\test\cifake_0140 (3)\noise_s0.1.jpg
cifake_0179 (9),noise_s0.1,cifake,real,0,0.7120394706726074,data\cache\clean\test\cifake_0179 (9)\noise_s0.1.jpg
cifake_0235,noise_s0.1,cifake,real,0,0.7676631212234497,data\cache\clean\test\cifake_0235\noise_s0.1.jpg
cifake_0260 (4),noise_s0.1,cifake,real,0,0.8992781043052673,data\cache\clean\test\cifake_0260 (4)\noise_s0.1.jpg
cifake_0343 (6),noise_s0.1,cifake,real,0,0.9185689687728882,data\cache\clean\test\cifake_0343 (6)\noise_s0.1.jpg
cifake_0508 (3),noise_s0.1,cifake,real,0,0.6604341268539429,data\cache\clean\test\cifake_0508 (3)\noise_s0.1.jpg
cifake_0567,noise_s0.1,cifake,real,0,0.9405084252357483,data\cache\clean\test\cifake_0567\noise_s0.1.jpg
cifake_0618 (3),noise_s0.1,cifake,real,0,0.7110490798950195,data\cache\clean\test\cifake_0618 (3)\noise_s0.1.jpg
cifake_0622 (2),noise_s0.1,cifake,real,0,0.5893959999084473,data\cache\clean\test\cifake_0622 (2)\noise_s0.1.jpg
cifake_0669,noise_s0.1,cifake,real,0,0.5305724143981934,data\cache\clean\test\cifake_0669\noise_s0.1.jpg
cifake_0782,noise_s0.1,cifake,real,0,0.6905754208564758,data\cache\clean\test\cifake_0782\noise_s0.1.jpg
cifake_0793,noise_s0.1,cifake,real,0,0.9763405919075012,data\cache\clean\test\cifake_0793\noise_s0.1.jpg
cifake_0858 (3),noise_s0.1,cifake,real,0,0.9674413800239563,data\cache\clean\test\cifake_0858 (3)\noise_s0.1.jpg
cifake_0930 (4),noise_s0.1,cifake,real,0,0.6927835941314697,data\cache\clean\test\cifake_0930 (4)\noise_s0.1.jpg
cifake_0967 (9),noise_s0.1,cifake,real,0,0.9695103764533997,data\cache\clean\test\cifake_0967 (9)\noise_s0.1.jpg
cifake_1139,noise_s0.1,cifake,real,0,0.7941041588783264,data\cache\clean\test\cifake_1139\noise_s0.1.jpg
cifake_1331 (2),noise_s0.1,cifake,real,0,0.9126615524291992,data\cache\clean\test\cifake_1331 (2)\noise_s0.1.jpg
cifake_1353 (9),noise_s0.1,cifake,real,0,0.692585289478302,data\cache\clean\test\cifake_1353 (9)\noise_s0.1.jpg
cifake_1573 (5),noise_s0.1,cifake,real,0,0.5195373892784119,data\cache\clean\test\cifake_1573 (5)\noise_s0.1.jpg
cifake_1974,noise_s0.1,cifake,real,0,0.7063487768173218,data\cache\clean\test\cifake_1974\noise_s0.1.jpg
cifake_2122,noise_s0.1,cifake,real,0,0.6818886995315552,data\cache\clean\test\cifake_2122\noise_s0.1.jpg
cifake_2500 (3),noise_s0.1,cifake,real,0,0.8681370615959167,data\cache\clean\test\cifake_2500 (3)\noise_s0.1.jpg
cifake_2602 (7),noise_s0.1,cifake,real,0,0.8910237550735474,data\cache\clean\test\cifake_2602 (7)\noise_s0.1.jpg
cifake_2660,noise_s0.1,cifake,real,0,0.9885214567184448,data\cache\clean\test\cifake_2660\noise_s0.1.jpg
cifake_2874 (4),noise_s0.1,cifake,real,0,0.9349420070648193,data\cache\clean\test\cifake_2874 (4)\noise_s0.1.jpg
cifake_2940 (8),noise_s0.1,cifake,real,0,0.7867928743362427,data\cache\clean\test\cifake_2940 (8)\noise_s0.1.jpg
cifake_3049 (2),noise_s0.1,cifake,real,0,0.6768087148666382,data\cache\clean\test\cifake_3049 (2)\noise_s0.1.jpg
cifake_3089 (5),noise_s0.1,cifake,real,0,0.5851658582687378,data\cache\clean\test\cifake_3089 (5)\noise_s0.1.jpg
cifake_3129 (9),noise_s0.1,cifake,real,0,0.9360548257827759,data\cache\clean\test\cifake_3129 (9)\noise_s0.1.jpg
cifake_3199 (2),noise_s0.1,cifake,real,0,0.643040657043457,data\cache\clean\test\cifake_3199 (2)\noise_s0.1.jpg
cifake_3280 (8),noise_s0.1,cifake,real,0,0.8926565647125244,data\cache\clean\test\cifake_3280 (8)\noise_s0.1.jpg
cifake_3458 (9),noise_s0.1,cifake,real,0,0.7917565107345581,data\cache\clean\test\cifake_3458 (9)\noise_s0.1.jpg
cifake_3614,noise_s0.1,cifake,real,0,0.677980899810791,data\cache\clean\test\cifake_3614\noise_s0.1.jpg
cifake_4079 (3),noise_s0.1,cifake,real,0,0.599977970123291,data\cache\clean\test\cifake_4079 (3)\noise_s0.1.jpg
cifake_4283 (2),noise_s0.1,cifake,real,0,0.8147472739219666,data\cache\clean\test\cifake_4283 (2)\noise_s0.1.jpg
cifake_4389,noise_s0.1,cifake,real,0,0.6608846783638,data\cache\clean\test\cifake_4389\noise_s0.1.jpg
cifake_4592 (10),noise_s0.1,cifake,real,0,0.7102327942848206,data\cache\clean\test\cifake_4592 (10)\noise_s0.1.jpg
cifake_4609 (2),noise_s0.1,cifake,real,0,0.6430101990699768,data\cache\clean\test\cifake_4609 (2)\noise_s0.1.jpg
cifake_4660 (5),noise_s0.1,cifake,real,0,0.9380592703819275,data\cache\clean\test\cifake_4660 (5)\noise_s0.1.jpg
cifake_4673 (5),noise_s0.1,cifake,real,0,0.8705418109893799,data\cache\clean\test\cifake_4673 (5)\noise_s0.1.jpg
cifake_4907 (6),noise_s0.1,cifake,real,0,0.929386556148529,data\cache\clean\test\cifake_4907 (6)\noise_s0.1.jpg
sidset_01cfa603553a1a45,noise_s0.1,sidset,real,0,0.5864356756210327,data\cache\clean\test\sidset_01cfa603553a1a45\noise_s0.1.jpg
sidset_01d31beadaa634e8,noise_s0.1,sidset,real,0,0.8357875347137451,data\cache\clean\test\sidset_01d31beadaa634e8\noise_s0.1.jpg
sidset_02eb47f790cba404,noise_s0.1,sidset,real,0,0.9453908205032349,data\cache\clean\test\sidset_02eb47f790cba404\noise_s0.1.jpg
sidset_036df955965cb2f9,noise_s0.1,sidset,real,0,0.8807951211929321,data\cache\clean\test\sidset_036df955965cb2f9\noise_s0.1.jpg
sidset_038789965a8f7606,noise_s0.1,sidset,real,0,0.8972549438476562,data\cache\clean\test\sidset_038789965a8f7606\noise_s0.1.jpg
sidset_04c57e00f9d1b966,noise_s0.1,sidset,real,0,0.8233919143676758,data\cache\clean\test\sidset_04c57e00f9d1b966\noise_s0.1.jpg
sidset_04dca235b99ad328,noise_s0.1,sidset,real,0,0.9186674356460571,data\cache\clean\test\sidset_04dca235b99ad328\noise_s0.1.jpg
sidset_0819e112dbbe3cb8,noise_s0.1,sidset,real,0,0.9726971983909607,data\cache\clean\test\sidset_0819e112dbbe3cb8\noise_s0.1.jpg
sidset_09e779f2616dde26,noise_s0.1,sidset,real,0,0.9959650039672852,data\cache\clean\test\sidset_09e779f2616dde26\noise_s0.1.jpg
sidset_09f7329f0c1c9fd4,noise_s0.1,sidset,real,0,0.8201846480369568,data\cache\clean\test\sidset_09f7329f0c1c9fd4\noise_s0.1.jpg
sidset_0c4df6f098aebb13,noise_s0.1,sidset,real,0,0.7282671928405762,data\cache\clean\test\sidset_0c4df6f098aebb13\noise_s0.1.jpg
sidset_0df1386082a76670,noise_s0.1,sidset,real,0,0.9584534764289856,data\cache\clean\test\sidset_0df1386082a76670\noise_s0.1.jpg
sidset_0e40f2f48ac5ec94,noise_s0.1,sidset,real,0,0.8369591236114502,data\cache\clean\test\sidset_0e40f2f48ac5ec94\noise_s0.1.jpg
sidset_0e8025a1493dc563,noise_s0.1,sidset,real,0,0.9396686553955078,data\cache\clean\test\sidset_0e8025a1493dc563\noise_s0.1.jpg
sidset_0f8102c25fc764ea,noise_s0.1,sidset,real,0,0.9966118931770325,data\cache\clean\test\sidset_0f8102c25fc764ea\noise_s0.1.jpg
sidset_10932d70e80241b5,noise_s0.1,sidset,real,0,0.6284334659576416,data\cache\clean\test\sidset_10932d70e80241b5\noise_s0.1.jpg
sidset_13a6bf4eaf05914a,noise_s0.1,sidset,real,0,0.9181974530220032,data\cache\clean\test\sidset_13a6bf4eaf05914a\noise_s0.1.jpg
sidset_1409961a28ec7db5,noise_s0.1,sidset,real,0,0.9359474778175354,data\cache\clean\test\sidset_1409961a28ec7db5\noise_s0.1.jpg
sidset_14312756c1c94efa,noise_s0.1,sidset,real,0,0.8844203948974609,data\cache\clean\test\sidset_14312756c1c94efa\noise_s0.1.jpg
sidset_1577f06c8ee59ef0,noise_s0.1,sidset,real,0,0.9640874862670898,data\cache\clean\test\sidset_1577f06c8ee59ef0\noise_s0.1.jpg
sidset_19a1dd0dde3ed26c,noise_s0.1,sidset,real,0,0.9991521835327148,data\cache\clean\test\sidset_19a1dd0dde3ed26c\noise_s0.1.jpg
sidset_1ac2b808424b8d8b,noise_s0.1,sidset,real,0,0.5776885747909546,data\cache\clean\test\sidset_1ac2b808424b8d8b\noise_s0.1.jpg
sidset_1b20d1ec3fd5a56f,noise_s0.1,sidset,real,0,0.7528976798057556,data\cache\clean\test\sidset_1b20d1ec3fd5a56f\noise_s0.1.jpg
sidset_1cae0a8c943c87f1,noise_s0.1,sidset,real,0,0.9185499548912048,data\cache\clean\test\sidset_1cae0a8c943c87f1\noise_s0.1.jpg
sidset_1d24e17c0f598d7a,noise_s0.1,sidset,real,0,0.572498083114624,data\cache\clean\test\sidset_1d24e17c0f598d7a\noise_s0.1.jpg
sidset_1d49d26ca0273da6,noise_s0.1,sidset,real,0,0.9733676314353943,data\cache\clean\test\sidset_1d49d26ca0273da6\noise_s0.1.jpg
sidset_1dff9756ab9d9e0a,noise_s0.1,sidset,real,0,0.8923880457878113,data\cache\clean\test\sidset_1dff9756ab9d9e0a\noise_s0.1.jpg
sidset_22b07f2ffcaf319c,noise_s0.1,sidset,real,0,0.6856063604354858,data\cache\clean\test\sidset_22b07f2ffcaf319c\noise_s0.1.jpg
sidset_235e3feb178ed158,noise_s0.1,sidset,real,0,0.595177412033081,data\cache\clean\test\sidset_235e3feb178ed158\noise_s0.1.jpg
sidset_249ee9deb8b187fa,noise_s0.1,sidset,real,0,0.8960972428321838,data\cache\clean\test\sidset_249ee9deb8b187fa\noise_s0.1.jpg
sidset_262ab01448a69651,noise_s0.1,sidset,real,0,0.9355798363685608,data\cache\clean\test\sidset_262ab01448a69651\noise_s0.1.jpg
sidset_326f495eb261b65e,noise_s0.1,sidset,real,0,0.8087739944458008,data\cache\clean\test\sidset_326f495eb261b65e\noise_s0.1.jpg
sidset_333b018473a06c71,noise_s0.1,sidset,real,0,0.5048151016235352,data\cache\clean\test\sidset_333b018473a06c71\noise_s0.1.jpg
sidset_3366fe07253694af,noise_s0.1,sidset,real,0,0.6110392808914185,data\cache\clean\test\sidset_3366fe07253694af\noise_s0.1.jpg
sidset_3833df0f9ce8d3c3,noise_s0.1,sidset,real,0,0.5569710731506348,data\cache\clean\test\sidset_3833df0f9ce8d3c3\noise_s0.1.jpg
sidset_3beca4d6152a4aa5,noise_s0.1,sidset,real,0,0.6791832447052002,data\cache\clean\test\sidset_3beca4d6152a4aa5\noise_s0.1.jpg
sidset_3d21129b72399ca2,noise_s0.1,sidset,real,0,0.6125929355621338,data\cache\clean\test\sidset_3d21129b72399ca2\noise_s0.1.jpg
sidset_41d1e9323b7236bd,noise_s0.1,sidset,real,0,0.7169443964958191,data\cache\clean\test\sidset_41d1e9323b7236bd\noise_s0.1.jpg
sidset_424e6f898ae9cf5f,noise_s0.1,sidset,real,0,0.6297122836112976,data\cache\clean\test\sidset_424e6f898ae9cf5f\noise_s0.1.jpg
sidset_4566671bd4a332e8,noise_s0.1,sidset,real,0,0.9946222305297852,data\cache\clean\test\sidset_4566671bd4a332e8\noise_s0.1.jpg
sidset_45a6cb8b20ae57d2,noise_s0.1,sidset,real,0,0.92397540807724,data\cache\clean\test\sidset_45a6cb8b20ae57d2\noise_s0.1.jpg
sidset_475d67fc473d0989,noise_s0.1,sidset,real,0,0.6361056566238403,data\cache\clean\test\sidset_475d67fc473d0989\noise_s0.1.jpg
sidset_47bafd1331a90437,noise_s0.1,sidset,real,0,0.5663143992424011,data\cache\clean\test\sidset_47bafd1331a90437\noise_s0.1.jpg
sidset_4d8b960b02ae1eb9,noise_s0.1,sidset,real,0,0.5020484924316406,data\cache\clean\test\sidset_4d8b960b02ae1eb9\noise_s0.1.jpg
sidset_4e4b9b1d6e8b2aca,noise_s0.1,sidset,real,0,0.6626048684120178,data\cache\clean\test\sidset_4e4b9b1d6e8b2aca\noise_s0.1.jpg
sidset_51655a8a28f25f11,noise_s0.1,sidset,real,0,0.8728157877922058,data\cache\clean\test\sidset_51655a8a28f25f11\noise_s0.1.jpg
sidset_523fede5def083dd,noise_s0.1,sidset,real,0,0.9395536184310913,data\cache\clean\test\sidset_523fede5def083dd\noise_s0.1.jpg
sidset_52967b3819a48f74,noise_s0.1,sidset,real,0,0.5434812903404236,data\cache\clean\test\sidset_52967b3819a48f74\noise_s0.1.jpg
sidset_52abd3a1d147812f,noise_s0.1,sidset,real,0,0.9292615056037903,data\cache\clean\test\sidset_52abd3a1d147812f\noise_s0.1.jpg
sidset_52bf81b2d7f84101,noise_s0.1,sidset,real,0,0.9978492259979248,data\cache\clean\test\sidset_52bf81b2d7f84101\noise_s0.1.jpg
sidset_53e1de4d64954e20,noise_s0.1,sidset,real,0,0.7777044773101807,data\cache\clean\test\sidset_53e1de4d64954e20\noise_s0.1.jpg
sidset_5445e0d08b367d9a,noise_s0.1,sidset,real,0,0.6655990481376648,data\cache\clean\test\sidset_5445e0d08b367d9a\noise_s0.1.jpg
sidset_55ed6c0bbd54e07d,noise_s0.1,sidset,real,0,0.896287739276886,data\cache\clean\test\sidset_55ed6c0bbd54e07d\noise_s0.1.jpg
sidset_5936454130919f70,noise_s0.1,sidset,real,0,0.7437742352485657,data\cache\clean\test\sidset_5936454130919f70\noise_s0.1.jpg
sidset_59d5d634b8531991,noise_s0.1,sidset,real,0,0.8397796750068665,data\cache\clean\test\sidset_59d5d634b8531991\noise_s0.1.jpg
sidset_59e78921fe0be3d3,noise_s0.1,sidset,real,0,0.9997708201408386,data\cache\clean\test\sidset_59e78921fe0be3d3\noise_s0.1.jpg
sidset_5a165a26bf8ca4be,noise_s0.1,sidset,real,0,0.657706081867218,data\cache\clean\test\sidset_5a165a26bf8ca4be\noise_s0.1.jpg
sidset_5b8f12b78d13bfcd,noise_s0.1,sidset,real,0,0.9961209893226624,data\cache\clean\test\sidset_5b8f12b78d13bfcd\noise_s0.1.jpg
sidset_5ba522a91162ae70,noise_s0.1,sidset,real,0,0.9997870326042175,data\cache\clean\test\sidset_5ba522a91162ae70\noise_s0.1.jpg
sidset_5d6c80bf53edd038,noise_s0.1,sidset,real,0,0.5639047026634216,data\cache\clean\test\sidset_5d6c80bf53edd038\noise_s0.1.jpg
sidset_5fd49a9afbba9bd6,noise_s0.1,sidset,real,0,0.9565134644508362,data\cache\clean\test\sidset_5fd49a9afbba9bd6\noise_s0.1.jpg
sidset_6064863bdd6ff466,noise_s0.1,sidset,real,0,0.6401471495628357,data\cache\clean\test\sidset_6064863bdd6ff466\noise_s0.1.jpg
sidset_615f67f3acd96d5c,noise_s0.1,sidset,real,0,0.9037104249000549,data\cache\clean\test\sidset_615f67f3acd96d5c\noise_s0.1.jpg
sidset_62d3110113ec4633,noise_s0.1,sidset,real,0,0.9376811385154724,data\cache\clean\test\sidset_62d3110113ec4633\noise_s0.1.jpg
sidset_65d4916b9f3f47ba,noise_s0.1,sidset,real,0,0.8003551363945007,data\cache\clean\test\sidset_65d4916b9f3f47ba\noise_s0.1.jpg
sidset_6729908303ffe2ce,noise_s0.1,sidset,real,0,0.9931091070175171,data\cache\clean\test\sidset_6729908303ffe2ce\noise_s0.1.jpg
sidset_67e679dca692a59d,noise_s0.1,sidset,real,0,0.771610677242279,data\cache\clean\test\sidset_67e679dca692a59d\noise_s0.1.jpg
sidset_68f0479b7dde7700,noise_s0.1,sidset,real,0,0.9844686388969421,data\cache\clean\test\sidset_68f0479b7dde7700\noise_s0.1.jpg
sidset_6a9b88d93d860623,noise_s0.1,sidset,real,0,0.794860303401947,data\cache\clean\test\sidset_6a9b88d93d860623\noise_s0.1.jpg
sidset_6ae976e8966ec975,noise_s0.1,sidset,real,0,0.8263386487960815,data\cache\clean\test\sidset_6ae976e8966ec975\noise_s0.1.jpg
sidset_6b8ac1d4f89a0ffa,noise_s0.1,sidset,real,0,0.6173267364501953,data\cache\clean\test\sidset_6b8ac1d4f89a0ffa\noise_s0.1.jpg
sidset_6f3ce9ca0af3863c,noise_s0.1,sidset,real,0,0.9977446794509888,data\cache\clean\test\sidset_6f3ce9ca0af3863c\noise_s0.1.jpg
sidset_715f3c6fc6f7ef1f,noise_s0.1,sidset,real,0,0.9103743433952332,data\cache\clean\test\sidset_715f3c6fc6f7ef1f\noise_s0.1.jpg
sidset_759a21da57c25774,noise_s0.1,sidset,real,0,0.9990791082382202,data\cache\clean\test\sidset_759a21da57c25774\noise_s0.1.jpg
sidset_789adfb30711725a,noise_s0.1,sidset,real,0,0.509740948677063,data\cache\clean\test\sidset_789adfb30711725a\noise_s0.1.jpg
sidset_796b6212cfecb3de,noise_s0.1,sidset,real,0,0.818217396736145,data\cache\clean\test\sidset_796b6212cfecb3de\noise_s0.1.jpg
sidset_7974984b83c15934,noise_s0.1,sidset,real,0,0.8371877074241638,data\cache\clean\test\sidset_7974984b83c15934\noise_s0.1.jpg
sidset_7c1fff13774e270c,noise_s0.1,sidset,real,0,0.7699496150016785,data\cache\clean\test\sidset_7c1fff13774e270c\noise_s0.1.jpg
sidset_7e06c24631cbe6ed,noise_s0.1,sidset,real,0,0.7582572102546692,data\cache\clean\test\sidset_7e06c24631cbe6ed\noise_s0.1.jpg
sidset_7f1ce0ac000e1d6c,noise_s0.1,sidset,real,0,0.9767194986343384,data\cache\clean\test\sidset_7f1ce0ac000e1d6c\noise_s0.1.jpg
sidset_82cbb50e3941115f,noise_s0.1,sidset,real,0,0.9787423610687256,data\cache\clean\test\sidset_82cbb50e3941115f\noise_s0.1.jpg
sidset_832e43df048c6d1a,noise_s0.1,sidset,real,0,0.7277743816375732,data\cache\clean\test\sidset_832e43df048c6d1a\noise_s0.1.jpg
sidset_847120c126ba55f8,noise_s0.1,sidset,real,0,0.581379234790802,data\cache\clean\test\sidset_847120c126ba55f8\noise_s0.1.jpg
sidset_8619862cda88466c,noise_s0.1,sidset,real,0,0.9952499866485596,data\cache\clean\test\sidset_8619862cda88466c\noise_s0.1.jpg
sidset_87d1c36b80601bcb,noise_s0.1,sidset,real,0,0.7506917715072632,data\cache\clean\test\sidset_87d1c36b80601bcb\noise_s0.1.jpg
sidset_87e6f806902a63fc,noise_s0.1,sidset,real,0,0.5953947901725769,data\cache\clean\test\sidset_87e6f806902a63fc\noise_s0.1.jpg
sidset_8b8383943b5a3a6c,noise_s0.1,sidset,real,0,0.7405540943145752,data\cache\clean\test\sidset_8b8383943b5a3a6c\noise_s0.1.jpg
sidset_8f3624cc8a5e0ffc,noise_s0.1,sidset,real,0,0.9211530089378357,data\cache\clean\test\sidset_8f3624cc8a5e0ffc\noise_s0.1.jpg
sidset_9015299eba2ace6e,noise_s0.1,sidset,real,0,0.8363244533538818,data\cache\clean\test\sidset_9015299eba2ace6e\noise_s0.1.jpg
sidset_918190e0dd7fc829,noise_s0.1,sidset,real,0,0.9999967813491821,data\cache\clean\test\sidset_918190e0dd7fc829\noise_s0.1.jpg
sidset_9548acaeca2f5124,noise_s0.1,sidset,real,0,0.632234513759613,data\cache\clean\test\sidset_9548acaeca2f5124\noise_s0.1.jpg
sidset_96ceb63cf8f5febe,noise_s0.1,sidset,real,0,0.6732175946235657,data\cache\clean\test\sidset_96ceb63cf8f5febe\noise_s0.1.jpg
sidset_981012b937df03d0,noise_s0.1,sidset,real,0,0.56614750623703,data\cache\clean\test\sidset_981012b937df03d0\noise_s0.1.jpg
sidset_9811f04611ad082c,noise_s0.1,sidset,real,0,0.9217113852500916,data\cache\clean\test\sidset_9811f04611ad082c\noise_s0.1.jpg
sidset_995429a562f1aed2,noise_s0.1,sidset,real,0,0.9960086345672607,data\cache\clean\test\sidset_995429a562f1aed2\noise_s0.1.jpg
sidset_9ad980e066bd4c5e,noise_s0.1,sidset,real,0,0.991629421710968,data\cache\clean\test\sidset_9ad980e066bd4c5e\noise_s0.1.jpg
sidset_9bd8ecc186d59fe9,noise_s0.1,sidset,real,0,0.5497893691062927,data\cache\clean\test\sidset_9bd8ecc186d59fe9\noise_s0.1.jpg
sidset_9e2a9b16ff46f867,noise_s0.1,sidset,real,0,0.9423556923866272,data\cache\clean\test\sidset_9e2a9b16ff46f867\noise_s0.1.jpg
sidset_a02993bbac9bbcb4,noise_s0.1,sidset,real,0,0.922661542892456,data\cache\clean\test\sidset_a02993bbac9bbcb4\noise_s0.1.jpg
sidset_a09d0102c68de8b5,noise_s0.1,sidset,real,0,0.5585456490516663,data\cache\clean\test\sidset_a09d0102c68de8b5\noise_s0.1.jpg
sidset_a3032d75347e6fa2,noise_s0.1,sidset,real,0,0.8388804197311401,data\cache\clean\test\sidset_a3032d75347e6fa2\noise_s0.1.jpg
sidset_a4268c0135ca2c65,noise_s0.1,sidset,real,0,0.9990750551223755,data\cache\clean\test\sidset_a4268c0135ca2c65\noise_s0.1.jpg
sidset_a429805728e89e7d,noise_s0.1,sidset,real,0,0.986284613609314,data\cache\clean\test\sidset_a429805728e89e7d\noise_s0.1.jpg
sidset_a8ad741ef85002f3,noise_s0.1,sidset,real,0,0.5295695066452026,data\cache\clean\test\sidset_a8ad741ef85002f3\noise_s0.1.jpg
sidset_ab4f5a8a2f533316,noise_s0.1,sidset,real,0,0.6773192882537842,data\cache\clean\test\sidset_ab4f5a8a2f533316\noise_s0.1.jpg
sidset_ada487d9073d8dd5,noise_s0.1,sidset,real,0,0.9862291812896729,data\cache\clean\test\sidset_ada487d9073d8dd5\noise_s0.1.jpg
sidset_addaecf6bdb9e66b,noise_s0.1,sidset,real,0,0.5893034338951111,data\cache\clean\test\sidset_addaecf6bdb9e66b\noise_s0.1.jpg
sidset_af18b6bd4586f20d,noise_s0.1,sidset,real,0,0.9834251999855042,data\cache\clean\test\sidset_af18b6bd4586f20d\noise_s0.1.jpg
sidset_afe2c3d2863b693b,noise_s0.1,sidset,real,0,0.8929839134216309,data\cache\clean\test\sidset_afe2c3d2863b693b\noise_s0.1.jpg
sidset_b19138b41d2201b5,noise_s0.1,sidset,real,0,0.7957963347434998,data\cache\clean\test\sidset_b19138b41d2201b5\noise_s0.1.jpg
sidset_b230de6baca8d392,noise_s0.1,sidset,real,0,0.73583984375,data\cache\clean\test\sidset_b230de6baca8d392\noise_s0.1.jpg
sidset_b476dc9881140333,noise_s0.1,sidset,real,0,0.7953667044639587,data\cache\clean\test\sidset_b476dc9881140333\noise_s0.1.jpg
sidset_b4f4dcd2e7617eea,noise_s0.1,sidset,real,0,0.5436884760856628,data\cache\clean\test\sidset_b4f4dcd2e7617eea\noise_s0.1.jpg
sidset_b7e2bd65518fb887,noise_s0.1,sidset,real,0,0.5255764722824097,data\cache\clean\test\sidset_b7e2bd65518fb887\noise_s0.1.jpg
sidset_b968aac60e0c49aa,noise_s0.1,sidset,real,0,0.6690393686294556,data\cache\clean\test\sidset_b968aac60e0c49aa\noise_s0.1.jpg
sidset_bc280ffeb57ce51b,noise_s0.1,sidset,real,0,0.8955341577529907,data\cache\clean\test\sidset_bc280ffeb57ce51b\noise_s0.1.jpg
sidset_bc70b06f0d603efd,noise_s0.1,sidset,real,0,1.0,data\cache\clean\test\sidset_bc70b06f0d603efd\noise_s0.1.jpg
sidset_bdbaa5aba127b616,noise_s0.1,sidset,real,0,0.6363611221313477,data\cache\clean\test\sidset_bdbaa5aba127b616\noise_s0.1.jpg
sidset_bddc30edb2816122,noise_s0.1,sidset,real,0,0.7096210718154907,data\cache\clean\test\sidset_bddc30edb2816122\noise_s0.1.jpg
sidset_bf236ad30956e497,noise_s0.1,sidset,real,0,0.9564286470413208,data\cache\clean\test\sidset_bf236ad30956e497\noise_s0.1.jpg
sidset_bf6c68ececf7b114,noise_s0.1,sidset,real,0,0.7045630216598511,data\cache\clean\test\sidset_bf6c68ececf7b114\noise_s0.1.jpg
sidset_c104d5a827c3dc84,noise_s0.1,sidset,real,0,0.9845779538154602,data\cache\clean\test\sidset_c104d5a827c3dc84\noise_s0.1.jpg
sidset_c2318477854fb927,noise_s0.1,sidset,real,0,0.6979621648788452,data\cache\clean\test\sidset_c2318477854fb927\noise_s0.1.jpg
sidset_c2f7255d9f5d9469,noise_s0.1,sidset,real,0,0.9948360919952393,data\cache\clean\test\sidset_c2f7255d9f5d9469\noise_s0.1.jpg
sidset_c3c41d4a18529a16,noise_s0.1,sidset,real,0,0.820343017578125,data\cache\clean\test\sidset_c3c41d4a18529a16\noise_s0.1.jpg
sidset_c51e9f52ce3dbd67,noise_s0.1,sidset,real,0,0.7200482487678528,data\cache\clean\test\sidset_c51e9f52ce3dbd67\noise_s0.1.jpg
sidset_c5f4e20e7d2e391c,noise_s0.1,sidset,real,0,0.9474375247955322,data\cache\clean\test\sidset_c5f4e20e7d2e391c\noise_s0.1.jpg
sidset_c71adf7ec32fe698,noise_s0.1,sidset,real,0,0.8630384802818298,data\cache\clean\test\sidset_c71adf7ec32fe698\noise_s0.1.jpg
sidset_c90419b9eb89527a,noise_s0.1,sidset,real,0,0.5090427398681641,data\cache\clean\test\sidset_c90419b9eb89527a\noise_s0.1.jpg
sidset_c979e1ce90deac08,noise_s0.1,sidset,real,0,0.8095187544822693,data\cache\clean\test\sidset_c979e1ce90deac08\noise_s0.1.jpg
sidset_c97e1e2ef7643dd9,noise_s0.1,sidset,real,0,0.5025011897087097,data\cache\clean\test\sidset_c97e1e2ef7643dd9\noise_s0.1.jpg
sidset_cb68a83278e88b9d,noise_s0.1,sidset,real,0,0.6867818236351013,data\cache\clean\test\sidset_cb68a83278e88b9d\noise_s0.1.jpg
sidset_ce09a25a50fdfe47,noise_s0.1,sidset,real,0,0.9320995807647705,data\cache\clean\test\sidset_ce09a25a50fdfe47\noise_s0.1.jpg
sidset_cefabeb567a88f94,noise_s0.1,sidset,real,0,0.7961581349372864,data\cache\clean\test\sidset_cefabeb567a88f94\noise_s0.1.jpg
sidset_cfa694ce3bb2538c,noise_s0.1,sidset,real,0,0.9231330752372742,data\cache\clean\test\sidset_cfa694ce3bb2538c\noise_s0.1.jpg
sidset_d0fea44f4c3d5825,noise_s0.1,sidset,real,0,0.6430970430374146,data\cache\clean\test\sidset_d0fea44f4c3d5825\noise_s0.1.jpg
sidset_d1bccd9512c32cdc,noise_s0.1,sidset,real,0,0.8078672885894775,data\cache\clean\test\sidset_d1bccd9512c32cdc\noise_s0.1.jpg
sidset_d3d78752fef3f3c4,noise_s0.1,sidset,real,0,0.8242601156234741,data\cache\clean\test\sidset_d3d78752fef3f3c4\noise_s0.1.jpg
sidset_d482661389f951ac,noise_s0.1,sidset,real,0,0.9278280138969421,data\cache\clean\test\sidset_d482661389f951ac\noise_s0.1.jpg
sidset_d72f603ed9208f48,noise_s0.1,sidset,real,0,0.601893961429596,data\cache\clean\test\sidset_d72f603ed9208f48\noise_s0.1.jpg
sidset_d7c9ba7b7774dcd9,noise_s0.1,sidset,real,0,0.9269243478775024,data\cache\clean\test\sidset_d7c9ba7b7774dcd9\noise_s0.1.jpg
sidset_dcc4eb3a61fc711a,noise_s0.1,sidset,real,0,0.8871625661849976,data\cache\clean\test\sidset_dcc4eb3a61fc711a\noise_s0.1.jpg
sidset_de2d4b37000ff09c,noise_s0.1,sidset,real,0,0.8001154661178589,data\cache\clean\test\sidset_de2d4b37000ff09c\noise_s0.1.jpg
sidset_df24b3622104398d,noise_s0.1,sidset,real,0,0.7872998714447021,data\cache\clean\test\sidset_df24b3622104398d\noise_s0.1.jpg
sidset_df546351780cb733,noise_s0.1,sidset,real,0,0.9460801482200623,data\cache\clean\test\sidset_df546351780cb733\noise_s0.1.jpg
sidset_e19c80d7ff2e201b,noise_s0.1,sidset,real,0,0.9892750382423401,data\cache\clean\test\sidset_e19c80d7ff2e201b\noise_s0.1.jpg
sidset_e1a5cac65504c6d6,noise_s0.1,sidset,real,0,0.9241662621498108,data\cache\clean\test\sidset_e1a5cac65504c6d6\noise_s0.1.jpg
sidset_e35ca53982ee8372,noise_s0.1,sidset,real,0,0.9648833274841309,data\cache\clean\test\sidset_e35ca53982ee8372\noise_s0.1.jpg
sidset_e547ceb84d50e7bf,noise_s0.1,sidset,real,0,0.9967889785766602,data\cache\clean\test\sidset_e547ceb84d50e7bf\noise_s0.1.jpg
sidset_e6571874366c7377,noise_s0.1,sidset,real,0,0.8206067085266113,data\cache\clean\test\sidset_e6571874366c7377\noise_s0.1.jpg
sidset_e73a5a7ccc6dabc2,noise_s0.1,sidset,real,0,0.9881766438484192,data\cache\clean\test\sidset_e73a5a7ccc6dabc2\noise_s0.1.jpg
sidset_e8e76505f6a37089,noise_s0.1,sidset,real,0,0.7741711139678955,data\cache\clean\test\sidset_e8e76505f6a37089\noise_s0.1.jpg
sidset_ea40598e1128af27,noise_s0.1,sidset,real,0,0.5018911957740784,data\cache\clean\test\sidset_ea40598e1128af27\noise_s0.1.jpg
sidset_ee10cfddcd14bfe8,noise_s0.1,sidset,real,0,0.5213718414306641,data\cache\clean\test\sidset_ee10cfddcd14bfe8\noise_s0.1.jpg
sidset_ef3f636bfc78f3a5,noise_s0.1,sidset,real,0,0.8108826875686646,data\cache\clean\test\sidset_ef3f636bfc78f3a5\noise_s0.1.jpg
sidset_f250696304a3be0e,noise_s0.1,sidset,real,0,0.7665675282478333,data\cache\clean\test\sidset_f250696304a3be0e\noise_s0.1.jpg
sidset_f4037827a526d8a5,noise_s0.1,sidset,real,0,0.7401180863380432,data\cache\clean\test\sidset_f4037827a526d8a5\noise_s0.1.jpg
sidset_f4ef9cdd7b551944,noise_s0.1,sidset,real,0,0.9588900804519653,data\cache\clean\test\sidset_f4ef9cdd7b551944\noise_s0.1.jpg
sidset_fac95db1f3df9775,noise_s0.1,sidset,real,0,0.9824461936950684,data\cache\clean\test\sidset_fac95db1f3df9775\noise_s0.1.jpg
sidset_fb820a8756e04447,noise_s0.1,sidset,real,0,0.7461793422698975,data\cache\clean\test\sidset_fb820a8756e04447\noise_s0.1.jpg
sidset_ffb6be41271c5645,noise_s0.1,sidset,real,0,0.8259804844856262,data\cache\clean\test\sidset_ffb6be41271c5645\noise_s0.1.jpg
sidset_ffc66525933a388f,noise_s0.1,sidset,real,0,0.7006307244300842,data\cache\clean\test\sidset_ffc66525933a388f\noise_s0.1.jpg
cifake_0085,resize_0.25,cifake,real,0,0.8395470380783081,data\cache\clean\test\cifake_0085\resize_0.25.jpg
cifake_0089 (3),resize_0.25,cifake,real,0,0.7050328850746155,data\cache\clean\test\cifake_0089 (3)\resize_0.25.jpg
cifake_0176 (2),resize_0.25,cifake,real,0,0.7751970291137695,data\cache\clean\test\cifake_0176 (2)\resize_0.25.jpg
cifake_0240 (9),resize_0.25,cifake,real,0,0.6400113105773926,data\cache\clean\test\cifake_0240 (9)\resize_0.25.jpg
cifake_0325 (7),resize_0.25,cifake,real,0,0.7228006720542908,data\cache\clean\test\cifake_0325 (7)\resize_0.25.jpg
cifake_0343 (6),resize_0.25,cifake,real,0,0.9041153192520142,data\cache\clean\test\cifake_0343 (6)\resize_0.25.jpg
cifake_0567,resize_0.25,cifake,real,0,0.6901543736457825,data\cache\clean\test\cifake_0567\resize_0.25.jpg
cifake_0618 (3),resize_0.25,cifake,real,0,0.7690178155899048,data\cache\clean\test\cifake_0618 (3)\resize_0.25.jpg
cifake_0625 (2),resize_0.25,cifake,real,0,0.6191861033439636,data\cache\clean\test\cifake_0625 (2)\resize_0.25.jpg
cifake_0793,resize_0.25,cifake,real,0,0.9302387237548828,data\cache\clean\test\cifake_0793\resize_0.25.jpg
cifake_0967 (9),resize_0.25,cifake,real,0,0.9302970170974731,data\cache\clean\test\cifake_0967 (9)\resize_0.25.jpg
cifake_1139,resize_0.25,cifake,real,0,0.9385280609130859,data\cache\clean\test\cifake_1139\resize_0.25.jpg
cifake_1306 (9),resize_0.25,cifake,real,0,0.6146130561828613,data\cache\clean\test\cifake_1306 (9)\resize_0.25.jpg
cifake_1427,resize_0.25,cifake,real,0,0.7658368349075317,data\cache\clean\test\cifake_1427\resize_0.25.jpg
cifake_1974,resize_0.25,cifake,real,0,0.7959739565849304,data\cache\clean\test\cifake_1974\resize_0.25.jpg
cifake_2122,resize_0.25,cifake,real,0,0.9997478127479553,data\cache\clean\test\cifake_2122\resize_0.25.jpg
cifake_2500 (3),resize_0.25,cifake,real,0,0.9283512830734253,data\cache\clean\test\cifake_2500 (3)\resize_0.25.jpg
cifake_2652 (8),resize_0.25,cifake,real,0,0.5256686210632324,data\cache\clean\test\cifake_2652 (8)\resize_0.25.jpg
cifake_2660,resize_0.25,cifake,real,0,0.9840654730796814,data\cache\clean\test\cifake_2660\resize_0.25.jpg
cifake_2998 (7),resize_0.25,cifake,real,0,0.6657289266586304,data\cache\clean\test\cifake_2998 (7)\resize_0.25.jpg
cifake_3129 (9),resize_0.25,cifake,real,0,0.6507825255393982,data\cache\clean\test\cifake_3129 (9)\resize_0.25.jpg
cifake_3711 (6),resize_0.25,cifake,real,0,0.5637550354003906,data\cache\clean\test\cifake_3711 (6)\resize_0.25.jpg
cifake_3891 (3),resize_0.25,cifake,real,0,0.5245632529258728,data\cache\clean\test\cifake_3891 (3)\resize_0.25.jpg
cifake_4111 (9),resize_0.25,cifake,real,0,0.6333444714546204,data\cache\clean\test\cifake_4111 (9)\resize_0.25.jpg
cifake_4369,resize_0.25,cifake,real,0,0.9569411277770996,data\cache\clean\test\cifake_4369\resize_0.25.jpg
cifake_4592 (10),resize_0.25,cifake,real,0,0.8873761296272278,data\cache\clean\test\cifake_4592 (10)\resize_0.25.jpg
cifake_4660 (5),resize_0.25,cifake,real,0,0.9916892051696777,data\cache\clean\test\cifake_4660 (5)\resize_0.25.jpg
cifake_4673 (5),resize_0.25,cifake,real,0,0.8193175196647644,data\cache\clean\test\cifake_4673 (5)\resize_0.25.jpg
sidset_01cfa603553a1a45,resize_0.25,sidset,real,0,0.5393579006195068,data\cache\clean\test\sidset_01cfa603553a1a45\resize_0.25.jpg
sidset_01d31beadaa634e8,resize_0.25,sidset,real,0,0.7379351854324341,data\cache\clean\test\sidset_01d31beadaa634e8\resize_0.25.jpg
sidset_036df955965cb2f9,resize_0.25,sidset,real,0,0.9240220189094543,data\cache\clean\test\sidset_036df955965cb2f9\resize_0.25.jpg
sidset_038789965a8f7606,resize_0.25,sidset,real,0,0.9924339056015015,data\cache\clean\test\sidset_038789965a8f7606\resize_0.25.jpg
sidset_04c57e00f9d1b966,resize_0.25,sidset,real,0,0.8223484754562378,data\cache\clean\test\sidset_04c57e00f9d1b966\resize_0.25.jpg
sidset_04dca235b99ad328,resize_0.25,sidset,real,0,0.8359017968177795,data\cache\clean\test\sidset_04dca235b99ad328\resize_0.25.jpg
sidset_09e779f2616dde26,resize_0.25,sidset,real,0,0.7794774174690247,data\cache\clean\test\sidset_09e779f2616dde26\resize_0.25.jpg
sidset_09f7329f0c1c9fd4,resize_0.25,sidset,real,0,0.9713355302810669,data\cache\clean\test\sidset_09f7329f0c1c9fd4\resize_0.25.jpg
sidset_0f8102c25fc764ea,resize_0.25,sidset,real,0,0.9083549380302429,data\cache\clean\test\sidset_0f8102c25fc764ea\resize_0.25.jpg
sidset_137115a40fe7347b,resize_0.25,sidset,real,0,0.5422658920288086,data\cache\clean\test\sidset_137115a40fe7347b\resize_0.25.jpg
sidset_13a6bf4eaf05914a,resize_0.25,sidset,real,0,0.7394360303878784,data\cache\clean\test\sidset_13a6bf4eaf05914a\resize_0.25.jpg
sidset_1409961a28ec7db5,resize_0.25,sidset,real,0,0.9206842184066772,data\cache\clean\test\sidset_1409961a28ec7db5\resize_0.25.jpg
sidset_14312756c1c94efa,resize_0.25,sidset,real,0,0.9194150567054749,data\cache\clean\test\sidset_14312756c1c94efa\resize_0.25.jpg
sidset_1577f06c8ee59ef0,resize_0.25,sidset,real,0,0.7371155619621277,data\cache\clean\test\sidset_1577f06c8ee59ef0\resize_0.25.jpg
sidset_1b20d1ec3fd5a56f,resize_0.25,sidset,real,0,0.5040637254714966,data\cache\clean\test\sidset_1b20d1ec3fd5a56f\resize_0.25.jpg
sidset_1c5e2d6d698b5e89,resize_0.25,sidset,real,0,0.5085850358009338,data\cache\clean\test\sidset_1c5e2d6d698b5e89\resize_0.25.jpg
sidset_1d24e17c0f598d7a,resize_0.25,sidset,real,0,0.9945098161697388,data\cache\clean\test\sidset_1d24e17c0f598d7a\resize_0.25.jpg
sidset_1d49d26ca0273da6,resize_0.25,sidset,real,0,0.9965826869010925,data\cache\clean\test\sidset_1d49d26ca0273da6\resize_0.25.jpg
sidset_1ec791166ce27275,resize_0.25,sidset,real,0,0.7651034593582153,data\cache\clean\test\sidset_1ec791166ce27275\resize_0.25.jpg
sidset_22b07f2ffcaf319c,resize_0.25,sidset,real,0,0.8757266998291016,data\cache\clean\test\sidset_22b07f2ffcaf319c\resize_0.25.jpg
sidset_230a893e83782a7f,resize_0.25,sidset,real,0,0.7734259963035583,data\cache\clean\test\sidset_230a893e83782a7f\resize_0.25.jpg
sidset_3366fe07253694af,resize_0.25,sidset,real,0,0.8391575813293457,data\cache\clean\test\sidset_3366fe07253694af\resize_0.25.jpg
sidset_3beca4d6152a4aa5,resize_0.25,sidset,real,0,0.7420346140861511,data\cache\clean\test\sidset_3beca4d6152a4aa5\resize_0.25.jpg
sidset_3fbc4c1574ef987d,resize_0.25,sidset,real,0,0.940826416015625,data\cache\clean\test\sidset_3fbc4c1574ef987d\resize_0.25.jpg
sidset_405f8f3229fd3f3a,resize_0.25,sidset,real,0,0.7702160477638245,data\cache\clean\test\sidset_405f8f3229fd3f3a\resize_0.25.jpg
sidset_4566671bd4a332e8,resize_0.25,sidset,real,0,0.6340911984443665,data\cache\clean\test\sidset_4566671bd4a332e8\resize_0.25.jpg
sidset_45a6cb8b20ae57d2,resize_0.25,sidset,real,0,0.9889519810676575,data\cache\clean\test\sidset_45a6cb8b20ae57d2\resize_0.25.jpg
sidset_4e4b9b1d6e8b2aca,resize_0.25,sidset,real,0,0.963380753993988,data\cache\clean\test\sidset_4e4b9b1d6e8b2aca\resize_0.25.jpg
sidset_4efd021afbfb3ae6,resize_0.25,sidset,real,0,0.5511764287948608,data\cache\clean\test\sidset_4efd021afbfb3ae6\resize_0.25.jpg
sidset_51655a8a28f25f11,resize_0.25,sidset,real,0,0.982170581817627,data\cache\clean\test\sidset_51655a8a28f25f11\resize_0.25.jpg
sidset_523fede5def083dd,resize_0.25,sidset,real,0,0.7767107486724854,data\cache\clean\test\sidset_523fede5def083dd\resize_0.25.jpg
sidset_52abd3a1d147812f,resize_0.25,sidset,real,0,0.5438994765281677,data\cache\clean\test\sidset_52abd3a1d147812f\resize_0.25.jpg
sidset_55ed6c0bbd54e07d,resize_0.25,sidset,real,0,0.5269387364387512,data\cache\clean\test\sidset_55ed6c0bbd54e07d\resize_0.25.jpg
sidset_59d5d634b8531991,resize_0.25,sidset,real,0,0.8967822790145874,data\cache\clean\test\sidset_59d5d634b8531991\resize_0.25.jpg
sidset_59e78921fe0be3d3,resize_0.25,sidset,real,0,0.8544268608093262,data\cache\clean\test\sidset_59e78921fe0be3d3\resize_0.25.jpg
sidset_59fe7b3f437e993b,resize_0.25,sidset,real,0,0.6504509449005127,data\cache\clean\test\sidset_59fe7b3f437e993b\resize_0.25.jpg
sidset_5b8f12b78d13bfcd,resize_0.25,sidset,real,0,0.99050372838974,data\cache\clean\test\sidset_5b8f12b78d13bfcd\resize_0.25.jpg
sidset_5ba522a91162ae70,resize_0.25,sidset,real,0,0.9999812841415405,data\cache\clean\test\sidset_5ba522a91162ae70\resize_0.25.jpg
sidset_5fd49a9afbba9bd6,resize_0.25,sidset,real,0,0.9985986351966858,data\cache\clean\test\sidset_5fd49a9afbba9bd6\resize_0.25.jpg
sidset_6114a7afd5ced36c,resize_0.25,sidset,real,0,0.6467720866203308,data\cache\clean\test\sidset_6114a7afd5ced36c\resize_0.25.jpg
sidset_615f67f3acd96d5c,resize_0.25,sidset,real,0,0.9292650818824768,data\cache\clean\test\sidset_615f67f3acd96d5c\resize_0.25.jpg
sidset_62d3110113ec4633,resize_0.25,sidset,real,0,0.9458353519439697,data\cache\clean\test\sidset_62d3110113ec4633\resize_0.25.jpg
sidset_65d4916b9f3f47ba,resize_0.25,sidset,real,0,0.6850858926773071,data\cache\clean\test\sidset_65d4916b9f3f47ba\resize_0.25.jpg
sidset_6729908303ffe2ce,resize_0.25,sidset,real,0,0.9776154160499573,data\cache\clean\test\sidset_6729908303ffe2ce\resize_0.25.jpg
sidset_67e679dca692a59d,resize_0.25,sidset,real,0,0.9952219128608704,data\cache\clean\test\sidset_67e679dca692a59d\resize_0.25.jpg
sidset_68f0479b7dde7700,resize_0.25,sidset,real,0,0.6487561464309692,data\cache\clean\test\sidset_68f0479b7dde7700\resize_0.25.jpg
sidset_6a2ca6466f80c6c2,resize_0.25,sidset,real,0,0.7671498656272888,data\cache\clean\test\sidset_6a2ca6466f80c6c2\resize_0.25.jpg
sidset_6a9b88d93d860623,resize_0.25,sidset,real,0,0.9506781101226807,data\cache\clean\test\sidset_6a9b88d93d860623\resize_0.25.jpg
sidset_6ae976e8966ec975,resize_0.25,sidset,real,0,0.8721616864204407,data\cache\clean\test\sidset_6ae976e8966ec975\resize_0.25.jpg
sidset_6b7167d906f4ff1f,resize_0.25,sidset,real,0,0.9709404706954956,data\cache\clean\test\sidset_6b7167d906f4ff1f\resize_0.25.jpg
sidset_6b8ac1d4f89a0ffa,resize_0.25,sidset,real,0,0.940879225730896,data\cache\clean\test\sidset_6b8ac1d4f89a0ffa\resize_0.25.jpg
sidset_6f3ce9ca0af3863c,resize_0.25,sidset,real,0,0.9319549202919006,data\cache\clean\test\sidset_6f3ce9ca0af3863c\resize_0.25.jpg
sidset_715f3c6fc6f7ef1f,resize_0.25,sidset,real,0,0.9138684868812561,data\cache\clean\test\sidset_715f3c6fc6f7ef1f\resize_0.25.jpg
sidset_759a21da57c25774,resize_0.25,sidset,real,0,0.9999524354934692,data\cache\clean\test\sidset_759a21da57c25774\resize_0.25.jpg
sidset_789adfb30711725a,resize_0.25,sidset,real,0,0.6260265707969666,data\cache\clean\test\sidset_789adfb30711725a\resize_0.25.jpg
sidset_796b6212cfecb3de,resize_0.25,sidset,real,0,0.5971906185150146,data\cache\clean\test\sidset_796b6212cfecb3de\resize_0.25.jpg
sidset_7974984b83c15934,resize_0.25,sidset,real,0,0.7591258883476257,data\cache\clean\test\sidset_7974984b83c15934\resize_0.25.jpg
sidset_7b550aceb5ec111f,resize_0.25,sidset,real,0,0.8144117593765259,data\cache\clean\test\sidset_7b550aceb5ec111f\resize_0.25.jpg
sidset_7c1fff13774e270c,resize_0.25,sidset,real,0,0.9779919981956482,data\cache\clean\test\sidset_7c1fff13774e270c\resize_0.25.jpg
sidset_7d3102cbae765943,resize_0.25,sidset,real,0,0.9500601887702942,data\cache\clean\test\sidset_7d3102cbae765943\resize_0.25.jpg
sidset_7f1ce0ac000e1d6c,resize_0.25,sidset,real,0,0.7375923991203308,data\cache\clean\test\sidset_7f1ce0ac000e1d6c\resize_0.25.jpg
sidset_832e43df048c6d1a,resize_0.25,sidset,real,0,0.8633075952529907,data\cache\clean\test\sidset_832e43df048c6d1a\resize_0.25.jpg
sidset_85928afd9860bcb5,resize_0.25,sidset,real,0,0.5620784759521484,data\cache\clean\test\sidset_85928afd9860bcb5\resize_0.25.jpg
sidset_87e6f806902a63fc,resize_0.25,sidset,real,0,0.5747623443603516,data\cache\clean\test\sidset_87e6f806902a63fc\resize_0.25.jpg
sidset_8865c586ab64c0f9,resize_0.25,sidset,real,0,0.5394555926322937,data\cache\clean\test\sidset_8865c586ab64c0f9\resize_0.25.jpg
sidset_8c3549f9f22a8f34,resize_0.25,sidset,real,0,0.9994470477104187,data\cache\clean\test\sidset_8c3549f9f22a8f34\resize_0.25.jpg
sidset_918190e0dd7fc829,resize_0.25,sidset,real,0,0.9998557567596436,data\cache\clean\test\sidset_918190e0dd7fc829\resize_0.25.jpg
sidset_9548acaeca2f5124,resize_0.25,sidset,real,0,0.7786893248558044,data\cache\clean\test\sidset_9548acaeca2f5124\resize_0.25.jpg
sidset_981012b937df03d0,resize_0.25,sidset,real,0,0.6936192512512207,data\cache\clean\test\sidset_981012b937df03d0\resize_0.25.jpg
sidset_9811f04611ad082c,resize_0.25,sidset,real,0,0.8730404376983643,data\cache\clean\test\sidset_9811f04611ad082c\resize_0.25.jpg
sidset_9915729405b9e03e,resize_0.25,sidset,real,0,0.581259548664093,data\cache\clean\test\sidset_9915729405b9e03e\resize_0.25.jpg
sidset_995429a562f1aed2,resize_0.25,sidset,real,0,0.998902440071106,data\cache\clean\test\sidset_995429a562f1aed2\resize_0.25.jpg
sidset_9ad980e066bd4c5e,resize_0.25,sidset,real,0,0.8317422270774841,data\cache\clean\test\sidset_9ad980e066bd4c5e\resize_0.25.jpg
sidset_9b5464ba8debcd10,resize_0.25,sidset,real,0,0.5553103685379028,data\cache\clean\test\sidset_9b5464ba8debcd10\resize_0.25.jpg
sidset_9e2a9b16ff46f867,resize_0.25,sidset,real,0,0.9517731666564941,data\cache\clean\test\sidset_9e2a9b16ff46f867\resize_0.25.jpg
sidset_9fef864f1f832f63,resize_0.25,sidset,real,0,0.7031878232955933,data\cache\clean\test\sidset_9fef864f1f832f63\resize_0.25.jpg
sidset_a02993bbac9bbcb4,resize_0.25,sidset,real,0,0.9041820764541626,data\cache\clean\test\sidset_a02993bbac9bbcb4\resize_0.25.jpg
sidset_a4268c0135ca2c65,resize_0.25,sidset,real,0,0.6440021395683289,data\cache\clean\test\sidset_a4268c0135ca2c65\resize_0.25.jpg
sidset_a429805728e89e7d,resize_0.25,sidset,real,0,0.7464105486869812,data\cache\clean\test\sidset_a429805728e89e7d\resize_0.25.jpg
sidset_a79f0b1ae413f9bc,resize_0.25,sidset,real,0,0.5111722350120544,data\cache\clean\test\sidset_a79f0b1ae413f9bc\resize_0.25.jpg
sidset_a8ad741ef85002f3,resize_0.25,sidset,real,0,0.8795478940010071,data\cache\clean\test\sidset_a8ad741ef85002f3\resize_0.25.jpg
sidset_ab4f5a8a2f533316,resize_0.25,sidset,real,0,0.6941128373146057,data\cache\clean\test\sidset_ab4f5a8a2f533316\resize_0.25.jpg
sidset_ac54ef2834f8bc74,resize_0.25,sidset,real,0,0.5301814079284668,data\cache\clean\test\sidset_ac54ef2834f8bc74\resize_0.25.jpg
sidset_addaecf6bdb9e66b,resize_0.25,sidset,real,0,0.5030906200408936,data\cache\clean\test\sidset_addaecf6bdb9e66b\resize_0.25.jpg
sidset_afe2c3d2863b693b,resize_0.25,sidset,real,0,0.8193511366844177,data\cache\clean\test\sidset_afe2c3d2863b693b\resize_0.25.jpg
sidset_b230de6baca8d392,resize_0.25,sidset,real,0,0.9276363253593445,data\cache\clean\test\sidset_b230de6baca8d392\resize_0.25.jpg
sidset_b476dc9881140333,resize_0.25,sidset,real,0,0.6309189796447754,data\cache\clean\test\sidset_b476dc9881140333\resize_0.25.jpg
sidset_b4f4dcd2e7617eea,resize_0.25,sidset,real,0,0.5733956098556519,data\cache\clean\test\sidset_b4f4dcd2e7617eea\resize_0.25.jpg
sidset_b7e2bd65518fb887,resize_0.25,sidset,real,0,0.7458092570304871,data\cache\clean\test\sidset_b7e2bd65518fb887\resize_0.25.jpg
sidset_bafdbc8a8d68c696,resize_0.25,sidset,real,0,0.8333930969238281,data\cache\clean\test\sidset_bafdbc8a8d68c696\resize_0.25.jpg
sidset_bc280ffeb57ce51b,resize_0.25,sidset,real,0,0.7500596046447754,data\cache\clean\test\sidset_bc280ffeb57ce51b\resize_0.25.jpg
sidset_bc70b06f0d603efd,resize_0.25,sidset,real,0,0.9999997615814209,data\cache\clean\test\sidset_bc70b06f0d603efd\resize_0.25.jpg
sidset_bf236ad30956e497,resize_0.25,sidset,real,0,0.5827306509017944,data\cache\clean\test\sidset_bf236ad30956e497\resize_0.25.jpg
sidset_bf7100f88bf3b0f3,resize_0.25,sidset,real,0,0.8714781403541565,data\cache\clean\test\sidset_bf7100f88bf3b0f3\resize_0.25.jpg
sidset_c2f7255d9f5d9469,resize_0.25,sidset,real,0,0.9461401104927063,data\cache\clean\test\sidset_c2f7255d9f5d9469\resize_0.25.jpg
sidset_c33edc6a23ae9d6b,resize_0.25,sidset,real,0,0.8002789616584778,data\cache\clean\test\sidset_c33edc6a23ae9d6b\resize_0.25.jpg
sidset_c3c41d4a18529a16,resize_0.25,sidset,real,0,0.9551096558570862,data\cache\clean\test\sidset_c3c41d4a18529a16\resize_0.25.jpg
sidset_c47a1c5427ee9d26,resize_0.25,sidset,real,0,0.9908893704414368,data\cache\clean\test\sidset_c47a1c5427ee9d26\resize_0.25.jpg
sidset_c51e9f52ce3dbd67,resize_0.25,sidset,real,0,0.6535294651985168,data\cache\clean\test\sidset_c51e9f52ce3dbd67\resize_0.25.jpg
sidset_c5a378b0ea24d25e,resize_0.25,sidset,real,0,0.8173507452011108,data\cache\clean\test\sidset_c5a378b0ea24d25e\resize_0.25.jpg
sidset_c72eaa7da48ea3f1,resize_0.25,sidset,real,0,0.5190921425819397,data\cache\clean\test\sidset_c72eaa7da48ea3f1\resize_0.25.jpg
sidset_c790c7ca03b21797,resize_0.25,sidset,real,0,0.6365875601768494,data\cache\clean\test\sidset_c790c7ca03b21797\resize_0.25.jpg
sidset_c90419b9eb89527a,resize_0.25,sidset,real,0,0.9990979433059692,data\cache\clean\test\sidset_c90419b9eb89527a\resize_0.25.jpg
sidset_cac550631e35c126,resize_0.25,sidset,real,0,0.9929425716400146,data\cache\clean\test\sidset_cac550631e35c126\resize_0.25.jpg
sidset_cbf3fa49807183fd,resize_0.25,sidset,real,0,0.9059624671936035,data\cache\clean\test\sidset_cbf3fa49807183fd\resize_0.25.jpg
sidset_cd120c52d3b96cca,resize_0.25,sidset,real,0,0.9694240689277649,data\cache\clean\test\sidset_cd120c52d3b96cca\resize_0.25.jpg
sidset_ce09a25a50fdfe47,resize_0.25,sidset,real,0,0.9741566181182861,data\cache\clean\test\sidset_ce09a25a50fdfe47\resize_0.25.jpg
sidset_cfa694ce3bb2538c,resize_0.25,sidset,real,0,0.8023921847343445,data\cache\clean\test\sidset_cfa694ce3bb2538c\resize_0.25.jpg
sidset_d0ca13f76444d845,resize_0.25,sidset,real,0,0.5186241865158081,data\cache\clean\test\sidset_d0ca13f76444d845\resize_0.25.jpg
sidset_d0fea44f4c3d5825,resize_0.25,sidset,real,0,0.6904593706130981,data\cache\clean\test\sidset_d0fea44f4c3d5825\resize_0.25.jpg
sidset_d177df42ac3e071e,resize_0.25,sidset,real,0,0.6391314268112183,data\cache\clean\test\sidset_d177df42ac3e071e\resize_0.25.jpg
sidset_d1bccd9512c32cdc,resize_0.25,sidset,real,0,0.8568388819694519,data\cache\clean\test\sidset_d1bccd9512c32cdc\resize_0.25.jpg
sidset_d3d78752fef3f3c4,resize_0.25,sidset,real,0,0.8867256045341492,data\cache\clean\test\sidset_d3d78752fef3f3c4\resize_0.25.jpg
sidset_d482661389f951ac,resize_0.25,sidset,real,0,0.9695725440979004,data\cache\clean\test\sidset_d482661389f951ac\resize_0.25.jpg
sidset_d7c9ba7b7774dcd9,resize_0.25,sidset,real,0,0.7334064841270447,data\cache\clean\test\sidset_d7c9ba7b7774dcd9\resize_0.25.jpg
sidset_dcc4eb3a61fc711a,resize_0.25,sidset,real,0,0.690324604511261,data\cache\clean\test\sidset_dcc4eb3a61fc711a\resize_0.25.jpg
sidset_de2d4b37000ff09c,resize_0.25,sidset,real,0,0.9202357530593872,data\cache\clean\test\sidset_de2d4b37000ff09c\resize_0.25.jpg
sidset_df546351780cb733,resize_0.25,sidset,real,0,0.7984548211097717,data\cache\clean\test\sidset_df546351780cb733\resize_0.25.jpg
sidset_e19c80d7ff2e201b,resize_0.25,sidset,real,0,0.9959008097648621,data\cache\clean\test\sidset_e19c80d7ff2e201b\resize_0.25.jpg
sidset_e21b0418ac95d9f8,resize_0.25,sidset,real,0,0.8505393266677856,data\cache\clean\test\sidset_e21b0418ac95d9f8\resize_0.25.jpg
sidset_e35ca53982ee8372,resize_0.25,sidset,real,0,0.701827347278595,data\cache\clean\test\sidset_e35ca53982ee8372\resize_0.25.jpg
sidset_e547ceb84d50e7bf,resize_0.25,sidset,real,0,0.9966855645179749,data\cache\clean\test\sidset_e547ceb84d50e7bf\resize_0.25.jpg
sidset_e73a5a7ccc6dabc2,resize_0.25,sidset,real,0,0.9613377451896667,data\cache\clean\test\sidset_e73a5a7ccc6dabc2\resize_0.25.jpg
sidset_e75efd006759f4d0,resize_0.25,sidset,real,0,0.8867526054382324,data\cache\clean\test\sidset_e75efd006759f4d0\resize_0.25.jpg
sidset_e83254d4c55675a6,resize_0.25,sidset,real,0,0.5524073243141174,data\cache\clean\test\sidset_e83254d4c55675a6\resize_0.25.jpg
sidset_f1dcc7d3f0ff18ab,resize_0.25,sidset,real,0,0.7262247800827026,data\cache\clean\test\sidset_f1dcc7d3f0ff18ab\resize_0.25.jpg
sidset_f20a6b1e60fc7de3,resize_0.25,sidset,real,0,0.610716700553894,data\cache\clean\test\sidset_f20a6b1e60fc7de3\resize_0.25.jpg
sidset_f250696304a3be0e,resize_0.25,sidset,real,0,0.5104767084121704,data\cache\clean\test\sidset_f250696304a3be0e\resize_0.25.jpg
sidset_fac95db1f3df9775,resize_0.25,sidset,real,0,0.9686204791069031,data\cache\clean\test\sidset_fac95db1f3df9775\resize_0.25.jpg
cifake_0005 (3),resize_0.5,cifake,real,0,0.5229227542877197,data\cache\clean\test\cifake_0005 (3)\resize_0.5.jpg
cifake_0085,resize_0.5,cifake,real,0,0.8456578850746155,data\cache\clean\test\cifake_0085\resize_0.5.jpg
cifake_0089 (3),resize_0.5,cifake,real,0,0.7354036569595337,data\cache\clean\test\cifake_0089 (3)\resize_0.5.jpg
cifake_0176 (2),resize_0.5,cifake,real,0,0.7760615944862366,data\cache\clean\test\cifake_0176 (2)\resize_0.5.jpg
cifake_0325 (7),resize_0.5,cifake,real,0,0.6404608488082886,data\cache\clean\test\cifake_0325 (7)\resize_0.5.jpg
cifake_0343 (6),resize_0.5,cifake,real,0,0.8700632452964783,data\cache\clean\test\cifake_0343 (6)\resize_0.5.jpg
cifake_0567,resize_0.5,cifake,real,0,0.6876252889633179,data\cache\clean\test\cifake_0567\resize_0.5.jpg
cifake_0618 (3),resize_0.5,cifake,real,0,0.6206583976745605,data\cache\clean\test\cifake_0618 (3)\resize_0.5.jpg
cifake_0625 (2),resize_0.5,cifake,real,0,0.6219151616096497,data\cache\clean\test\cifake_0625 (2)\resize_0.5.jpg
cifake_0793,resize_0.5,cifake,real,0,0.9151254296302795,data\cache\clean\test\cifake_0793\resize_0.5.jpg
cifake_0967 (9),resize_0.5,cifake,real,0,0.9378625154495239,data\cache\clean\test\cifake_0967 (9)\resize_0.5.jpg
cifake_1139,resize_0.5,cifake,real,0,0.9625487923622131,data\cache\clean\test\cifake_1139\resize_0.5.jpg
cifake_1306 (9),resize_0.5,cifake,real,0,0.5459626317024231,data\cache\clean\test\cifake_1306 (9)\resize_0.5.jpg
cifake_1308 (6),resize_0.5,cifake,real,0,0.7222678661346436,data\cache\clean\test\cifake_1308 (6)\resize_0.5.jpg
cifake_1353 (9),resize_0.5,cifake,real,0,0.5765714049339294,data\cache\clean\test\cifake_1353 (9)\resize_0.5.jpg
cifake_1427,resize_0.5,cifake,real,0,0.8591348528862,data\cache\clean\test\cifake_1427\resize_0.5.jpg
cifake_1974,resize_0.5,cifake,real,0,0.7621243596076965,data\cache\clean\test\cifake_1974\resize_0.5.jpg
cifake_2122,resize_0.5,cifake,real,0,0.9997411370277405,data\cache\clean\test\cifake_2122\resize_0.5.jpg
cifake_2500 (3),resize_0.5,cifake,real,0,0.9187818765640259,data\cache\clean\test\cifake_2500 (3)\resize_0.5.jpg
cifake_2652 (8),resize_0.5,cifake,real,0,0.5428816080093384,data\cache\clean\test\cifake_2652 (8)\resize_0.5.jpg
cifake_2660,resize_0.5,cifake,real,0,0.9862799644470215,data\cache\clean\test\cifake_2660\resize_0.5.jpg
cifake_2874 (4),resize_0.5,cifake,real,0,0.5380691885948181,data\cache\clean\test\cifake_2874 (4)\resize_0.5.jpg
cifake_2998 (7),resize_0.5,cifake,real,0,0.5998575091362,data\cache\clean\test\cifake_2998 (7)\resize_0.5.jpg
cifake_3129 (9),resize_0.5,cifake,real,0,0.6458152532577515,data\cache\clean\test\cifake_3129 (9)\resize_0.5.jpg
cifake_3891 (3),resize_0.5,cifake,real,0,0.5281692743301392,data\cache\clean\test\cifake_3891 (3)\resize_0.5.jpg
cifake_4369,resize_0.5,cifake,real,0,0.9364665746688843,data\cache\clean\test\cifake_4369\resize_0.5.jpg
cifake_4592 (10),resize_0.5,cifake,real,0,0.8479517698287964,data\cache\clean\test\cifake_4592 (10)\resize_0.5.jpg
cifake_4660 (5),resize_0.5,cifake,real,0,0.9937706589698792,data\cache\clean\test\cifake_4660 (5)\resize_0.5.jpg
cifake_4673 (5),resize_0.5,cifake,real,0,0.8349370360374451,data\cache\clean\test\cifake_4673 (5)\resize_0.5.jpg
sidset_01cfa603553a1a45,resize_0.5,sidset,real,0,0.6418558955192566,data\cache\clean\test\sidset_01cfa603553a1a45\resize_0.5.jpg
sidset_01d31beadaa634e8,resize_0.5,sidset,real,0,0.6121270656585693,data\cache\clean\test\sidset_01d31beadaa634e8\resize_0.5.jpg
sidset_036df955965cb2f9,resize_0.5,sidset,real,0,0.892074465751648,data\cache\clean\test\sidset_036df955965cb2f9\resize_0.5.jpg
sidset_038789965a8f7606,resize_0.5,sidset,real,0,0.9914230704307556,data\cache\clean\test\sidset_038789965a8f7606\resize_0.5.jpg
sidset_04c57e00f9d1b966,resize_0.5,sidset,real,0,0.719655454158783,data\cache\clean\test\sidset_04c57e00f9d1b966\resize_0.5.jpg
sidset_09e779f2616dde26,resize_0.5,sidset,real,0,0.6169495582580566,data\cache\clean\test\sidset_09e779f2616dde26\resize_0.5.jpg
sidset_09f7329f0c1c9fd4,resize_0.5,sidset,real,0,0.8409128785133362,data\cache\clean\test\sidset_09f7329f0c1c9fd4\resize_0.5.jpg
sidset_0c4df6f098aebb13,resize_0.5,sidset,real,0,0.5241485238075256,data\cache\clean\test\sidset_0c4df6f098aebb13\resize_0.5.jpg
sidset_0f8102c25fc764ea,resize_0.5,sidset,real,0,0.9730249643325806,data\cache\clean\test\sidset_0f8102c25fc764ea\resize_0.5.jpg
sidset_137115a40fe7347b,resize_0.5,sidset,real,0,0.5733212232589722,data\cache\clean\test\sidset_137115a40fe7347b\resize_0.5.jpg
sidset_13a6bf4eaf05914a,resize_0.5,sidset,real,0,0.7209591865539551,data\cache\clean\test\sidset_13a6bf4eaf05914a\resize_0.5.jpg
sidset_1409961a28ec7db5,resize_0.5,sidset,real,0,0.9447202086448669,data\cache\clean\test\sidset_1409961a28ec7db5\resize_0.5.jpg
sidset_14312756c1c94efa,resize_0.5,sidset,real,0,0.9373366236686707,data\cache\clean\test\sidset_14312756c1c94efa\resize_0.5.jpg
sidset_1577f06c8ee59ef0,resize_0.5,sidset,real,0,0.8781885504722595,data\cache\clean\test\sidset_1577f06c8ee59ef0\resize_0.5.jpg
sidset_165e94520f73e349,resize_0.5,sidset,real,0,0.8767191171646118,data\cache\clean\test\sidset_165e94520f73e349\resize_0.5.jpg
sidset_19a1dd0dde3ed26c,resize_0.5,sidset,real,0,0.5670415759086609,data\cache\clean\test\sidset_19a1dd0dde3ed26c\resize_0.5.jpg
sidset_1b20d1ec3fd5a56f,resize_0.5,sidset,real,0,0.5417967438697815,data\cache\clean\test\sidset_1b20d1ec3fd5a56f\resize_0.5.jpg
sidset_1d24e17c0f598d7a,resize_0.5,sidset,real,0,0.9846402406692505,data\cache\clean\test\sidset_1d24e17c0f598d7a\resize_0.5.jpg
sidset_1d49d26ca0273da6,resize_0.5,sidset,real,0,0.9997327923774719,data\cache\clean\test\sidset_1d49d26ca0273da6\resize_0.5.jpg
sidset_1ec791166ce27275,resize_0.5,sidset,real,0,0.645959198474884,data\cache\clean\test\sidset_1ec791166ce27275\resize_0.5.jpg
sidset_22b07f2ffcaf319c,resize_0.5,sidset,real,0,0.7648955583572388,data\cache\clean\test\sidset_22b07f2ffcaf319c\resize_0.5.jpg
sidset_230a893e83782a7f,resize_0.5,sidset,real,0,0.8301349878311157,data\cache\clean\test\sidset_230a893e83782a7f\resize_0.5.jpg
sidset_240eaccddb6506ef,resize_0.5,sidset,real,0,0.5039656162261963,data\cache\clean\test\sidset_240eaccddb6506ef\resize_0.5.jpg
sidset_247241c5aa1f3f9c,resize_0.5,sidset,real,0,0.8367205262184143,data\cache\clean\test\sidset_247241c5aa1f3f9c\resize_0.5.jpg
sidset_333b018473a06c71,resize_0.5,sidset,real,0,0.5831273198127747,data\cache\clean\test\sidset_333b018473a06c71\resize_0.5.jpg
sidset_3beca4d6152a4aa5,resize_0.5,sidset,real,0,0.926628053188324,data\cache\clean\test\sidset_3beca4d6152a4aa5\resize_0.5.jpg
sidset_3fbc4c1574ef987d,resize_0.5,sidset,real,0,0.815861165523529,data\cache\clean\test\sidset_3fbc4c1574ef987d\resize_0.5.jpg
sidset_41d1ae3e93b118ab,resize_0.5,sidset,real,0,0.5405972003936768,data\cache\clean\test\sidset_41d1ae3e93b118ab\resize_0.5.jpg
sidset_4566671bd4a332e8,resize_0.5,sidset,real,0,0.6753199696540833,data\cache\clean\test\sidset_4566671bd4a332e8\resize_0.5.jpg
sidset_45a6cb8b20ae57d2,resize_0.5,sidset,real,0,0.9891156554222107,data\cache\clean\test\sidset_45a6cb8b20ae57d2\resize_0.5.jpg
sidset_4ac34f7de95d2879,resize_0.5,sidset,real,0,0.573605477809906,data\cache\clean\test\sidset_4ac34f7de95d2879\resize_0.5.jpg
sidset_4e4b9b1d6e8b2aca,resize_0.5,sidset,real,0,0.7426397800445557,data\cache\clean\test\sidset_4e4b9b1d6e8b2aca\resize_0.5.jpg
sidset_4efd021afbfb3ae6,resize_0.5,sidset,real,0,0.7971164584159851,data\cache\clean\test\sidset_4efd021afbfb3ae6\resize_0.5.jpg
sidset_51655a8a28f25f11,resize_0.5,sidset,real,0,0.9662786722183228,data\cache\clean\test\sidset_51655a8a28f25f11\resize_0.5.jpg
sidset_523fede5def083dd,resize_0.5,sidset,real,0,0.9064152240753174,data\cache\clean\test\sidset_523fede5def083dd\resize_0.5.jpg
sidset_52bf81b2d7f84101,resize_0.5,sidset,real,0,0.960570216178894,data\cache\clean\test\sidset_52bf81b2d7f84101\resize_0.5.jpg
sidset_55ed6c0bbd54e07d,resize_0.5,sidset,real,0,0.7879656553268433,data\cache\clean\test\sidset_55ed6c0bbd54e07d\resize_0.5.jpg
sidset_5936454130919f70,resize_0.5,sidset,real,0,0.5099006295204163,data\cache\clean\test\sidset_5936454130919f70\resize_0.5.jpg
sidset_59d5d634b8531991,resize_0.5,sidset,real,0,0.774028480052948,data\cache\clean\test\sidset_59d5d634b8531991\resize_0.5.jpg
sidset_59e78921fe0be3d3,resize_0.5,sidset,real,0,0.9497593641281128,data\cache\clean\test\sidset_59e78921fe0be3d3\resize_0.5.jpg
sidset_59fe7b3f437e993b,resize_0.5,sidset,real,0,0.7357813715934753,data\cache\clean\test\sidset_59fe7b3f437e993b\resize_0.5.jpg
sidset_5a165a26bf8ca4be,resize_0.5,sidset,real,0,0.7538522481918335,data\cache\clean\test\sidset_5a165a26bf8ca4be\resize_0.5.jpg
sidset_5ae51a789c118b75,resize_0.5,sidset,real,0,0.6798513531684875,data\cache\clean\test\sidset_5ae51a789c118b75\resize_0.5.jpg
sidset_5b8f12b78d13bfcd,resize_0.5,sidset,real,0,0.9872608184814453,data\cache\clean\test\sidset_5b8f12b78d13bfcd\resize_0.5.jpg
sidset_5ba522a91162ae70,resize_0.5,sidset,real,0,0.9999934434890747,data\cache\clean\test\sidset_5ba522a91162ae70\resize_0.5.jpg
sidset_5fd49a9afbba9bd6,resize_0.5,sidset,real,0,0.9862099289894104,data\cache\clean\test\sidset_5fd49a9afbba9bd6\resize_0.5.jpg
sidset_6064863bdd6ff466,resize_0.5,sidset,real,0,0.580207347869873,data\cache\clean\test\sidset_6064863bdd6ff466\resize_0.5.jpg
sidset_6114a7afd5ced36c,resize_0.5,sidset,real,0,0.9030316472053528,data\cache\clean\test\sidset_6114a7afd5ced36c\resize_0.5.jpg
sidset_615f67f3acd96d5c,resize_0.5,sidset,real,0,0.8904168009757996,data\cache\clean\test\sidset_615f67f3acd96d5c\resize_0.5.jpg
sidset_62d3110113ec4633,resize_0.5,sidset,real,0,0.9100795388221741,data\cache\clean\test\sidset_62d3110113ec4633\resize_0.5.jpg
sidset_660fbbd053050f25,resize_0.5,sidset,real,0,0.6199350953102112,data\cache\clean\test\sidset_660fbbd053050f25\resize_0.5.jpg
sidset_6729908303ffe2ce,resize_0.5,sidset,real,0,0.9708268642425537,data\cache\clean\test\sidset_6729908303ffe2ce\resize_0.5.jpg
sidset_67e679dca692a59d,resize_0.5,sidset,real,0,0.9774532914161682,data\cache\clean\test\sidset_67e679dca692a59d\resize_0.5.jpg
sidset_68f0479b7dde7700,resize_0.5,sidset,real,0,0.6260888576507568,data\cache\clean\test\sidset_68f0479b7dde7700\resize_0.5.jpg
sidset_6a2ca6466f80c6c2,resize_0.5,sidset,real,0,0.8608667254447937,data\cache\clean\test\sidset_6a2ca6466f80c6c2\resize_0.5.jpg
sidset_6a9b88d93d860623,resize_0.5,sidset,real,0,0.958061933517456,data\cache\clean\test\sidset_6a9b88d93d860623\resize_0.5.jpg
sidset_6ae976e8966ec975,resize_0.5,sidset,real,0,0.8724620938301086,data\cache\clean\test\sidset_6ae976e8966ec975\resize_0.5.jpg
sidset_6b7167d906f4ff1f,resize_0.5,sidset,real,0,0.8353508114814758,data\cache\clean\test\sidset_6b7167d906f4ff1f\resize_0.5.jpg
sidset_6b8ac1d4f89a0ffa,resize_0.5,sidset,real,0,0.9570364356040955,data\cache\clean\test\sidset_6b8ac1d4f89a0ffa\resize_0.5.jpg
sidset_6f3ce9ca0af3863c,resize_0.5,sidset,real,0,0.7864922285079956,data\cache\clean\test\sidset_6f3ce9ca0af3863c\resize_0.5.jpg
sidset_715f3c6fc6f7ef1f,resize_0.5,sidset,real,0,0.9412289261817932,data\cache\clean\test\sidset_715f3c6fc6f7ef1f\resize_0.5.jpg
sidset_759a21da57c25774,resize_0.5,sidset,real,0,0.9988687634468079,data\cache\clean\test\sidset_759a21da57c25774\resize_0.5.jpg
sidset_796b6212cfecb3de,resize_0.5,sidset,real,0,0.6629428267478943,data\cache\clean\test\sidset_796b6212cfecb3de\resize_0.5.jpg
sidset_7974984b83c15934,resize_0.5,sidset,real,0,0.8031417727470398,data\cache\clean\test\sidset_7974984b83c15934\resize_0.5.jpg
sidset_7b550aceb5ec111f,resize_0.5,sidset,real,0,0.8824657201766968,data\cache\clean\test\sidset_7b550aceb5ec111f\resize_0.5.jpg
sidset_7c1fff13774e270c,resize_0.5,sidset,real,0,0.993857204914093,data\cache\clean\test\sidset_7c1fff13774e270c\resize_0.5.jpg
sidset_7d3102cbae765943,resize_0.5,sidset,real,0,0.9561464190483093,data\cache\clean\test\sidset_7d3102cbae765943\resize_0.5.jpg
sidset_7e06c24631cbe6ed,resize_0.5,sidset,real,0,0.6682766675949097,data\cache\clean\test\sidset_7e06c24631cbe6ed\resize_0.5.jpg
sidset_7f1ce0ac000e1d6c,resize_0.5,sidset,real,0,0.9107925295829773,data\cache\clean\test\sidset_7f1ce0ac000e1d6c\resize_0.5.jpg
sidset_832e43df048c6d1a,resize_0.5,sidset,real,0,0.8954813480377197,data\cache\clean\test\sidset_832e43df048c6d1a\resize_0.5.jpg
sidset_8619862cda88466c,resize_0.5,sidset,real,0,0.7761321067810059,data\cache\clean\test\sidset_8619862cda88466c\resize_0.5.jpg
sidset_8865c586ab64c0f9,resize_0.5,sidset,real,0,0.8476228713989258,data\cache\clean\test\sidset_8865c586ab64c0f9\resize_0.5.jpg
sidset_8c3549f9f22a8f34,resize_0.5,sidset,real,0,0.9989029169082642,data\cache\clean\test\sidset_8c3549f9f22a8f34\resize_0.5.jpg
sidset_918190e0dd7fc829,resize_0.5,sidset,real,0,0.9998618364334106,data\cache\clean\test\sidset_918190e0dd7fc829\resize_0.5.jpg
sidset_9548acaeca2f5124,resize_0.5,sidset,real,0,0.768578052520752,data\cache\clean\test\sidset_9548acaeca2f5124\resize_0.5.jpg
sidset_9811f04611ad082c,resize_0.5,sidset,real,0,0.9082714319229126,data\cache\clean\test\sidset_9811f04611ad082c\resize_0.5.jpg
sidset_995429a562f1aed2,resize_0.5,sidset,real,0,0.9991693496704102,data\cache\clean\test\sidset_995429a562f1aed2\resize_0.5.jpg
sidset_9ad980e066bd4c5e,resize_0.5,sidset,real,0,0.9128203392028809,data\cache\clean\test\sidset_9ad980e066bd4c5e\resize_0.5.jpg
sidset_9b5464ba8debcd10,resize_0.5,sidset,real,0,0.6457688808441162,data\cache\clean\test\sidset_9b5464ba8debcd10\resize_0.5.jpg
sidset_9e2a9b16ff46f867,resize_0.5,sidset,real,0,0.9912707805633545,data\cache\clean\test\sidset_9e2a9b16ff46f867\resize_0.5.jpg
sidset_a02993bbac9bbcb4,resize_0.5,sidset,real,0,0.9738591909408569,data\cache\clean\test\sidset_a02993bbac9bbcb4\resize_0.5.jpg
sidset_a09d0102c68de8b5,resize_0.5,sidset,real,0,0.5186752676963806,data\cache\clean\test\sidset_a09d0102c68de8b5\resize_0.5.jpg
sidset_a4268c0135ca2c65,resize_0.5,sidset,real,0,0.9993414282798767,data\cache\clean\test\sidset_a4268c0135ca2c65\resize_0.5.jpg
sidset_a429805728e89e7d,resize_0.5,sidset,real,0,0.928070068359375,data\cache\clean\test\sidset_a429805728e89e7d\resize_0.5.jpg
sidset_a79f0b1ae413f9bc,resize_0.5,sidset,real,0,0.6027544736862183,data\cache\clean\test\sidset_a79f0b1ae413f9bc\resize_0.5.jpg
sidset_a8ad741ef85002f3,resize_0.5,sidset,real,0,0.9258668422698975,data\cache\clean\test\sidset_a8ad741ef85002f3\resize_0.5.jpg
sidset_addaecf6bdb9e66b,resize_0.5,sidset,real,0,0.5128603577613831,data\cache\clean\test\sidset_addaecf6bdb9e66b\resize_0.5.jpg
sidset_afe2c3d2863b693b,resize_0.5,sidset,real,0,0.6154258847236633,data\cache\clean\test\sidset_afe2c3d2863b693b\resize_0.5.jpg
sidset_b230de6baca8d392,resize_0.5,sidset,real,0,0.9824075102806091,data\cache\clean\test\sidset_b230de6baca8d392\resize_0.5.jpg
sidset_b476dc9881140333,resize_0.5,sidset,real,0,0.7857376337051392,data\cache\clean\test\sidset_b476dc9881140333\resize_0.5.jpg
sidset_b4f4dcd2e7617eea,resize_0.5,sidset,real,0,0.8643767833709717,data\cache\clean\test\sidset_b4f4dcd2e7617eea\resize_0.5.jpg
sidset_b7e2bd65518fb887,resize_0.5,sidset,real,0,0.7625493407249451,data\cache\clean\test\sidset_b7e2bd65518fb887\resize_0.5.jpg
sidset_bafdbc8a8d68c696,resize_0.5,sidset,real,0,0.7793815732002258,data\cache\clean\test\sidset_bafdbc8a8d68c696\resize_0.5.jpg
sidset_bc280ffeb57ce51b,resize_0.5,sidset,real,0,0.8008624911308289,data\cache\clean\test\sidset_bc280ffeb57ce51b\resize_0.5.jpg
sidset_bc70b06f0d603efd,resize_0.5,sidset,real,0,1.0,data\cache\clean\test\sidset_bc70b06f0d603efd\resize_0.5.jpg
sidset_bddc30edb2816122,resize_0.5,sidset,real,0,0.7844287157058716,data\cache\clean\test\sidset_bddc30edb2816122\resize_0.5.jpg
sidset_bf236ad30956e497,resize_0.5,sidset,real,0,0.6976697444915771,data\cache\clean\test\sidset_bf236ad30956e497\resize_0.5.jpg
sidset_bf7100f88bf3b0f3,resize_0.5,sidset,real,0,0.8407374024391174,data\cache\clean\test\sidset_bf7100f88bf3b0f3\resize_0.5.jpg
sidset_c2f7255d9f5d9469,resize_0.5,sidset,real,0,0.9746893048286438,data\cache\clean\test\sidset_c2f7255d9f5d9469\resize_0.5.jpg
sidset_c3c41d4a18529a16,resize_0.5,sidset,real,0,0.9812677502632141,data\cache\clean\test\sidset_c3c41d4a18529a16\resize_0.5.jpg
sidset_c47a1c5427ee9d26,resize_0.5,sidset,real,0,0.9674016833305359,data\cache\clean\test\sidset_c47a1c5427ee9d26\resize_0.5.jpg
sidset_c51e9f52ce3dbd67,resize_0.5,sidset,real,0,0.9084190726280212,data\cache\clean\test\sidset_c51e9f52ce3dbd67\resize_0.5.jpg
sidset_c5a378b0ea24d25e,resize_0.5,sidset,real,0,0.8742978572845459,data\cache\clean\test\sidset_c5a378b0ea24d25e\resize_0.5.jpg
sidset_c5f4e20e7d2e391c,resize_0.5,sidset,real,0,0.6715590953826904,data\cache\clean\test\sidset_c5f4e20e7d2e391c\resize_0.5.jpg
sidset_c90419b9eb89527a,resize_0.5,sidset,real,0,0.9981688261032104,data\cache\clean\test\sidset_c90419b9eb89527a\resize_0.5.jpg
sidset_cac550631e35c126,resize_0.5,sidset,real,0,0.9962026476860046,data\cache\clean\test\sidset_cac550631e35c126\resize_0.5.jpg
sidset_ce09a25a50fdfe47,resize_0.5,sidset,real,0,0.9551752805709839,data\cache\clean\test\sidset_ce09a25a50fdfe47\resize_0.5.jpg
sidset_cfa694ce3bb2538c,resize_0.5,sidset,real,0,0.66042160987854,data\cache\clean\test\sidset_cfa694ce3bb2538c\resize_0.5.jpg
sidset_d0fea44f4c3d5825,resize_0.5,sidset,real,0,0.9247879385948181,data\cache\clean\test\sidset_d0fea44f4c3d5825\resize_0.5.jpg
sidset_d1bccd9512c32cdc,resize_0.5,sidset,real,0,0.725103497505188,data\cache\clean\test\sidset_d1bccd9512c32cdc\resize_0.5.jpg
sidset_d3d78752fef3f3c4,resize_0.5,sidset,real,0,0.9211280345916748,data\cache\clean\test\sidset_d3d78752fef3f3c4\resize_0.5.jpg
sidset_d482661389f951ac,resize_0.5,sidset,real,0,0.9581699967384338,data\cache\clean\test\sidset_d482661389f951ac\resize_0.5.jpg
sidset_d7c9ba7b7774dcd9,resize_0.5,sidset,real,0,0.5652040243148804,data\cache\clean\test\sidset_d7c9ba7b7774dcd9\resize_0.5.jpg
sidset_de2d4b37000ff09c,resize_0.5,sidset,real,0,0.8490410447120667,data\cache\clean\test\sidset_de2d4b37000ff09c\resize_0.5.jpg
sidset_df546351780cb733,resize_0.5,sidset,real,0,0.9650633931159973,data\cache\clean\test\sidset_df546351780cb733\resize_0.5.jpg
sidset_e19c80d7ff2e201b,resize_0.5,sidset,real,0,0.9994980096817017,data\cache\clean\test\sidset_e19c80d7ff2e201b\resize_0.5.jpg
sidset_e21b0418ac95d9f8,resize_0.5,sidset,real,0,0.9891830086708069,data\cache\clean\test\sidset_e21b0418ac95d9f8\resize_0.5.jpg
sidset_e35ca53982ee8372,resize_0.5,sidset,real,0,0.8474701046943665,data\cache\clean\test\sidset_e35ca53982ee8372\resize_0.5.jpg
sidset_e547ceb84d50e7bf,resize_0.5,sidset,real,0,0.999881386756897,data\cache\clean\test\sidset_e547ceb84d50e7bf\resize_0.5.jpg
sidset_e6571874366c7377,resize_0.5,sidset,real,0,0.6957758665084839,data\cache\clean\test\sidset_e6571874366c7377\resize_0.5.jpg
sidset_e73a5a7ccc6dabc2,resize_0.5,sidset,real,0,0.8702669143676758,data\cache\clean\test\sidset_e73a5a7ccc6dabc2\resize_0.5.jpg
sidset_e75efd006759f4d0,resize_0.5,sidset,real,0,0.6594078540802002,data\cache\clean\test\sidset_e75efd006759f4d0\resize_0.5.jpg
sidset_e83254d4c55675a6,resize_0.5,sidset,real,0,0.5680952668190002,data\cache\clean\test\sidset_e83254d4c55675a6\resize_0.5.jpg
sidset_fac95db1f3df9775,resize_0.5,sidset,real,0,0.9872384071350098,data\cache\clean\test\sidset_fac95db1f3df9775\resize_0.5.jpg
sidset_ffb6be41271c5645,resize_0.5,sidset,real,0,0.6222502589225769,data\cache\clean\test\sidset_ffb6be41271c5645\resize_0.5.jpg
sidset_ffdcd87dfa1e049a,resize_0.5,sidset,real,0,0.6607633829116821,data\cache\clean\test\sidset_ffdcd87dfa1e049a\resize_0.5.jpg
