img_id,variant,source_dataset,generator_family,label,prob,path
cifake_1028 (10),clean,cifake,stable_diffusion,1,0.13006049394607544,data\cache\clean\test\cifake_1028 (10)\clean.jpg
cifake_1088 (3),clean,cifake,stable_diffusion,1,0.3721769452095032,data\cache\clean\test\cifake_1088 (3)\clean.jpg
cifake_2293 (9),clean,cifake,stable_diffusion,1,0.24390831589698792,data\cache\clean\test\cifake_2293 (9)\clean.jpg
cifake_4127 (3),clean,cifake,stable_diffusion,1,0.3745933771133423,data\cache\clean\test\cifake_4127 (3)\clean.jpg
cifake_4221 (2),clean,cifake,stable_diffusion,1,0.04694168269634247,data\cache\clean\test\cifake_4221 (2)\clean.jpg
cifake_4615 (3),clean,cifake,stable_diffusion,1,0.10387521237134933,data\cache\clean\test\cifake_4615 (3)\clean.jpg
cifake_5607 (3),clean,cifake,stable_diffusion,1,0.1751161366701126,data\cache\clean\test\cifake_5607 (3)\clean.jpg
cifake_5943 (10),clean,cifake,stable_diffusion,1,0.05738913267850876,data\cache\clean\test\cifake_5943 (10)\clean.jpg
cifake_771 (8),clean,cifake,stable_diffusion,1,0.1649961620569229,data\cache\clean\test\cifake_771 (8)\clean.jpg
dalle_12052,clean,dalle,dalle,1,0.00041099247755482793,data\cache\clean\test\dalle_12052\clean.jpg
dalle_13108,clean,dalle,dalle,1,0.18931865692138672,data\cache\clean\test\dalle_13108\clean.jpg
dalle_17768,clean,dalle,dalle,1,0.26638439297676086,data\cache\clean\test\dalle_17768\clean.jpg
dalle_1895b86b74caac5dad51022c3d3b33df,clean,dalle,dalle,1,0.059264712035655975,data\cache\clean\test\dalle_1895b86b74caac5dad51022c3d3b33df\clean.jpg
dalle_19590,clean,dalle,dalle,1,0.0505412220954895,data\cache\clean\test\dalle_19590\clean.jpg
dalle_20855,clean,dalle,dalle,1,0.26313573122024536,data\cache\clean\test\dalle_20855\clean.jpg
dalle_3469,clean,dalle,dalle,1,0.146974578499794,data\cache\clean\test\dalle_3469\clean.jpg
dalle_40387,clean,dalle,dalle,1,0.08787351101636887,data\cache\clean\test\dalle_40387\clean.jpg
dalle_41791,clean,dalle,dalle,1,0.00036393426125869155,data\cache\clean\test\dalle_41791\clean.jpg
dalle_42344,clean,dalle,dalle,1,0.26976582407951355,data\cache\clean\test\dalle_42344\clean.jpg
dalle_6f0f61883f111368d770c54801f33449,clean,dalle,dalle,1,0.000597120204474777,data\cache\clean\test\dalle_6f0f61883f111368d770c54801f33449\clean.jpg
dalle_8017,clean,dalle,dalle,1,1.808450724638533e-05,data\cache\clean\test\dalle_8017\clean.jpg
dalle_9068,clean,dalle,dalle,1,0.10973398387432098,data\cache\clean\test\dalle_9068\clean.jpg
dalle_9639,clean,dalle,dalle,1,0.09290764480829239,data\cache\clean\test\dalle_9639\clean.jpg
gigagan_02115,clean,gigagan,gigagan,1,0.24753770232200623,data\cache\clean\test\gigagan_02115\clean.jpg
gigagan_03860,clean,gigagan,gigagan,1,0.21617703139781952,data\cache\clean\test\gigagan_03860\clean.jpg
gigagan_05738,clean,gigagan,gigagan,1,0.10346835851669312,data\cache\clean\test\gigagan_05738\clean.jpg
gigagan_06526,clean,gigagan,gigagan,1,0.3485155403614044,data\cache\clean\test\gigagan_06526\clean.jpg
gigagan_06628,clean,gigagan,gigagan,1,0.48266100883483887,data\cache\clean\test\gigagan_06628\clean.jpg
gigagan_07909,clean,gigagan,gigagan,1,0.04804222285747528,data\cache\clean\test\gigagan_07909\clean.jpg
gigagan_08351,clean,gigagan,gigagan,1,0.04609788581728935,data\cache\clean\test\gigagan_08351\clean.jpg
gigagan_08561,clean,gigagan,gigagan,1,0.14056342840194702,data\cache\clean\test\gigagan_08561\clean.jpg
gigagan_09026,clean,gigagan,gigagan,1,0.0675940066576004,data\cache\clean\test\gigagan_09026\clean.jpg
gigagan_09302,clean,gigagan,gigagan,1,0.027396613731980324,data\cache\clean\test\gigagan_09302\clean.jpg
gigagan_09458,clean,gigagan,gigagan,1,0.09008656442165375,data\cache\clean\test\gigagan_09458\clean.jpg
gigagan_10769,clean,gigagan,gigagan,1,0.0071943290531635284,data\cache\clean\test\gigagan_10769\clean.jpg
gigagan_10914,clean,gigagan,gigagan,1,0.0003818211844190955,data\cache\clean\test\gigagan_10914\clean.jpg
gigagan_12929,clean,gigagan,gigagan,1,0.025941750034689903,data\cache\clean\test\gigagan_12929\clean.jpg
gigagan_13110,clean,gigagan,gigagan,1,0.34851527214050293,data\cache\clean\test\gigagan_13110\clean.jpg
gigagan_14071,clean,gigagan,gigagan,1,0.0001890456915134564,data\cache\clean\test\gigagan_14071\clean.jpg
gigagan_14138,clean,gigagan,gigagan,1,0.4328015446662903,data\cache\clean\test\gigagan_14138\clean.jpg
gigagan_14909,clean,gigagan,gigagan,1,0.0785079076886177,data\cache\clean\test\gigagan_14909\clean.jpg
gigagan_15561,clean,gigagan,gigagan,1,0.16782480478286743,data\cache\clean\test\gigagan_15561\clean.jpg
gigagan_16357,clean,gigagan,gigagan,1,0.18906113505363464,data\cache\clean\test\gigagan_16357\clean.jpg
gigagan_16859,clean,gigagan,gigagan,1,0.3617532253265381,data\cache\clean\test\gigagan_16859\clean.jpg
gigagan_16966,clean,gigagan,gigagan,1,0.12654486298561096,data\cache\clean\test\gigagan_16966\clean.jpg
gigagan_17666,clean,gigagan,gigagan,1,0.38640207052230835,data\cache\clean\test\gigagan_17666\clean.jpg
gigagan_18085,clean,gigagan,gigagan,1,0.01792415976524353,data\cache\clean\test\gigagan_18085\clean.jpg
gigagan_18143,clean,gigagan,gigagan,1,0.2303239405155182,data\cache\clean\test\gigagan_18143\clean.jpg
gigagan_19199,clean,gigagan,gigagan,1,0.01322016492486,data\cache\clean\test\gigagan_19199\clean.jpg
gigagan_20207,clean,gigagan,gigagan,1,0.3489808142185211,data\cache\clean\test\gigagan_20207\clean.jpg
gigagan_20327,clean,gigagan,gigagan,1,0.00044361071195453405,data\cache\clean\test\gigagan_20327\clean.jpg
gigagan_20756,clean,gigagan,gigagan,1,0.4518316686153412,data\cache\clean\test\gigagan_20756\clean.jpg
gigagan_20968,clean,gigagan,gigagan,1,0.3294030427932739,data\cache\clean\test\gigagan_20968\clean.jpg
gigagan_21116,clean,gigagan,gigagan,1,0.44932371377944946,data\cache\clean\test\gigagan_21116\clean.jpg
gigagan_21166,clean,gigagan,gigagan,1,0.1746159940958023,data\cache\clean\test\gigagan_21166\clean.jpg
gigagan_21244,clean,gigagan,gigagan,1,0.042506732046604156,data\cache\clean\test\gigagan_21244\clean.jpg
gigagan_21611,clean,gigagan,gigagan,1,0.14540325105190277,data\cache\clean\test\gigagan_21611\clean.jpg
gigagan_22263,clean,gigagan,gigagan,1,0.30193281173706055,data\cache\clean\test\gigagan_22263\clean.jpg
gigagan_22418,clean,gigagan,gigagan,1,0.45856717228889465,data\cache\clean\test\gigagan_22418\clean.jpg
gigagan_22533,clean,gigagan,gigagan,1,0.1120716780424118,data\cache\clean\test\gigagan_22533\clean.jpg
gigagan_22770,clean,gigagan,gigagan,1,0.015118801966309547,data\cache\clean\test\gigagan_22770\clean.jpg
gigagan_23134,clean,gigagan,gigagan,1,0.0005514406366273761,data\cache\clean\test\gigagan_23134\clean.jpg
gigagan_23834,clean,gigagan,gigagan,1,0.04142413288354874,data\cache\clean\test\gigagan_23834\clean.jpg
gigagan_24445,clean,gigagan,gigagan,1,0.09173748642206192,data\cache\clean\test\gigagan_24445\clean.jpg
gigagan_24679,clean,gigagan,gigagan,1,0.09889441728591919,data\cache\clean\test\gigagan_24679\clean.jpg
gigagan_25002,clean,gigagan,gigagan,1,0.3071672022342682,data\cache\clean\test\gigagan_25002\clean.jpg
gigagan_25090,clean,gigagan,gigagan,1,0.014969632029533386,data\cache\clean\test\gigagan_25090\clean.jpg
gigagan_25801,clean,gigagan,gigagan,1,0.40301936864852905,data\cache\clean\test\gigagan_25801\clean.jpg
gigagan_26681,clean,gigagan,gigagan,1,0.11139146983623505,data\cache\clean\test\gigagan_26681\clean.jpg
gigagan_26982,clean,gigagan,gigagan,1,0.47400936484336853,data\cache\clean\test\gigagan_26982\clean.jpg
gigagan_28062,clean,gigagan,gigagan,1,0.4221551716327667,data\cache\clean\test\gigagan_28062\clean.jpg
gigagan_28336,clean,gigagan,gigagan,1,0.35474130511283875,data\cache\clean\test\gigagan_28336\clean.jpg
gigagan_28900,clean,gigagan,gigagan,1,0.06174130365252495,data\cache\clean\test\gigagan_28900\clean.jpg
gigagan_29456,clean,gigagan,gigagan,1,0.14300163090229034,data\cache\clean\test\gigagan_29456\clean.jpg
imagen3_045e6da6fd7f6fb0,clean,imagen3,imagen3,1,0.0007599423988722265,data\cache\clean\test\imagen3_045e6da6fd7f6fb0\clean.jpg
imagen3_07747d6ffd056bee,clean,imagen3,imagen3,1,0.32301345467567444,data\cache\clean\test\imagen3_07747d6ffd056bee\clean.jpg
imagen3_13ed1f9391224848,clean,imagen3,imagen3,1,0.20106026530265808,data\cache\clean\test\imagen3_13ed1f9391224848\clean.jpg
imagen3_17643da56f35c6f7,clean,imagen3,imagen3,1,0.001857805997133255,data\cache\clean\test\imagen3_17643da56f35c6f7\clean.jpg
imagen3_24e64d19ddde11cb,clean,imagen3,imagen3,1,0.002086855936795473,data\cache\clean\test\imagen3_24e64d19ddde11cb\clean.jpg
imagen3_260ae6b06f1f50e2,clean,imagen3,imagen3,1,0.0002084024454234168,data\cache\clean\test\imagen3_260ae6b06f1f50e2\clean.jpg
imagen3_2be4510162a8a76e,clean,imagen3,imagen3,1,0.03833416476845741,data\cache\clean\test\imagen3_2be4510162a8a76e\clean.jpg
imagen3_3403b18fc93acbfc,clean,imagen3,imagen3,1,0.016112804412841797,data\cache\clean\test\imagen3_3403b18fc93acbfc\clean.jpg
imagen3_44075,clean,imagen3,imagen3,1,0.49487870931625366,data\cache\clean\test\imagen3_44075\clean.jpg
imagen3_44476,clean,imagen3,imagen3,1,0.09118469059467316,data\cache\clean\test\imagen3_44476\clean.jpg
imagen3_46922,clean,imagen3,imagen3,1,0.05592624843120575,data\cache\clean\test\imagen3_46922\clean.jpg
imagen3_473ffc5e3d5dc373,clean,imagen3,imagen3,1,0.0006628233822993934,data\cache\clean\test\imagen3_473ffc5e3d5dc373\clean.jpg
imagen3_51659,clean,imagen3,imagen3,1,0.051324836909770966,data\cache\clean\test\imagen3_51659\clean.jpg
imagen3_53132,clean,imagen3,imagen3,1,0.3067661225795746,data\cache\clean\test\imagen3_53132\clean.jpg
imagen3_5e95809bd47d157b,clean,imagen3,imagen3,1,0.033361904323101044,data\cache\clean\test\imagen3_5e95809bd47d157b\clean.jpg
imagen3_69467160e53f71bc,clean,imagen3,imagen3,1,0.29829806089401245,data\cache\clean\test\imagen3_69467160e53f71bc\clean.jpg
imagen3_6a8270ea182a9194,clean,imagen3,imagen3,1,0.0012343727285042405,data\cache\clean\test\imagen3_6a8270ea182a9194\clean.jpg
imagen3_6c7624322b04ce43,clean,imagen3,imagen3,1,0.01229582354426384,data\cache\clean\test\imagen3_6c7624322b04ce43\clean.jpg
imagen3_77fb2d4f372634f8,clean,imagen3,imagen3,1,0.001873695757240057,data\cache\clean\test\imagen3_77fb2d4f372634f8\clean.jpg
imagen3_7ee1485909c59826,clean,imagen3,imagen3,1,0.0044736857526004314,data\cache\clean\test\imagen3_7ee1485909c59826\clean.jpg
imagen3_8b13dc3bff918841,clean,imagen3,imagen3,1,0.049823030829429626,data\cache\clean\test\imagen3_8b13dc3bff918841\clean.jpg
imagen3_8c20e4bf83ffff36,clean,imagen3,imagen3,1,0.18382292985916138,data\cache\clean\test\imagen3_8c20e4bf83ffff36\clean.jpg
imagen3_8e6f8acd28fd8f35,clean,imagen3,imagen3,1,0.021670112386345863,data\cache\clean\test\imagen3_8e6f8acd28fd8f35\clean.jpg
imagen3_9e82651e214a25c8,clean,imagen3,imagen3,1,0.06262126564979553,data\cache\clean\test\imagen3_9e82651e214a25c8\clean.jpg
imagen3_aa13646e437b7afa,clean,imagen3,imagen3,1,0.0024015847593545914,data\cache\clean\test\imagen3_aa13646e437b7afa\clean.jpg
imagen3_ad860df8c2a1a848,clean,imagen3,imagen3,1,0.006354098673909903,data\cache\clean\test\imagen3_ad860df8c2a1a848\clean.jpg
imagen3_b69c9976ced306d1,clean,imagen3,imagen3,1,0.016375383362174034,data\cache\clean\test\imagen3_b69c9976ced306d1\clean.jpg
imagen3_ca44bb7db1e73a9a,clean,imagen3,imagen3,1,0.008034111000597477,data\cache\clean\test\imagen3_ca44bb7db1e73a9a\clean.jpg
imagen3_e63f3b6f8bdee43a,clean,imagen3,imagen3,1,0.037056226283311844,data\cache\clean\test\imagen3_e63f3b6f8bdee43a\clean.jpg
imagen3_ea646e585cc24088,clean,imagen3,imagen3,1,0.2680037021636963,data\cache\clean\test\imagen3_ea646e585cc24088\clean.jpg
imagen3_eaf94916ce926270,clean,imagen3,imagen3,1,0.4156395196914673,data\cache\clean\test\imagen3_eaf94916ce926270\clean.jpg
imagen3_f2da05bffbe27dab,clean,imagen3,imagen3,1,0.07279422134160995,data\cache\clean\test\imagen3_f2da05bffbe27dab\clean.jpg
imagen3_fe7048efd51b15b8,clean,imagen3,imagen3,1,0.32310110330581665,data\cache\clean\test\imagen3_fe7048efd51b15b8\clean.jpg
imagen3_Imagen3_1208,clean,imagen3,imagen3,1,0.006143237464129925,data\cache\clean\test\imagen3_Imagen3_1208\clean.jpg
imagen3_Imagen3_2403,clean,imagen3,imagen3,1,0.008946063928306103,data\cache\clean\test\imagen3_Imagen3_2403\clean.jpg
imagen3_Imagen3_3097,clean,imagen3,imagen3,1,0.11300413310527802,data\cache\clean\test\imagen3_Imagen3_3097\clean.jpg
sidset_full_synthetic_001692,clean,sidset,full_synthetic,1,0.4780886173248291,data\cache\clean\test\sidset_full_synthetic_001692\clean.jpg
sidset_full_synthetic_033528,clean,sidset,full_synthetic,1,0.0078375693410635,data\cache\clean\test\sidset_full_synthetic_033528\clean.jpg
sidset_full_synthetic_040891,clean,sidset,full_synthetic,1,0.36294376850128174,data\cache\clean\test\sidset_full_synthetic_040891\clean.jpg
sidset_full_synthetic_042089,clean,sidset,full_synthetic,1,0.09256552904844284,data\cache\clean\test\sidset_full_synthetic_042089\clean.jpg
sidset_full_synthetic_060524,clean,sidset,full_synthetic,1,0.33965009450912476,data\cache\clean\test\sidset_full_synthetic_060524\clean.jpg
sidset_full_synthetic_063062,clean,sidset,full_synthetic,1,0.2005186527967453,data\cache\clean\test\sidset_full_synthetic_063062\clean.jpg
sidset_full_synthetic_066065,clean,sidset,full_synthetic,1,0.06166812777519226,data\cache\clean\test\sidset_full_synthetic_066065\clean.jpg
stylegan_xl_0097a2e24789bc7a,clean,stylegan_xl,stylegan_xl,1,0.016876183450222015,data\cache\clean\test\stylegan_xl_0097a2e24789bc7a\clean.jpg
stylegan_xl_00a4591cf03df584,clean,stylegan_xl,stylegan_xl,1,0.0008587446645833552,data\cache\clean\test\stylegan_xl_00a4591cf03df584\clean.jpg
stylegan_xl_031391f1ab18ab62,clean,stylegan_xl,stylegan_xl,1,0.2427641898393631,data\cache\clean\test\stylegan_xl_031391f1ab18ab62\clean.jpg
stylegan_xl_0f7efa4c31bcd8f4,clean,stylegan_xl,stylegan_xl,1,0.0033426573500037193,data\cache\clean\test\stylegan_xl_0f7efa4c31bcd8f4\clean.jpg
stylegan_xl_1060d58257bc5130,clean,stylegan_xl,stylegan_xl,1,0.0008794993627816439,data\cache\clean\test\stylegan_xl_1060d58257bc5130\clean.jpg
stylegan_xl_1440252ff76f525f,clean,stylegan_xl,stylegan_xl,1,0.3723221719264984,data\cache\clean\test\stylegan_xl_1440252ff76f525f\clean.jpg
stylegan_xl_2013fe0d44f84041,clean,stylegan_xl,stylegan_xl,1,1.7581871361471713e-05,data\cache\clean\test\stylegan_xl_2013fe0d44f84041\clean.jpg
stylegan_xl_324e332686aa6966,clean,stylegan_xl,stylegan_xl,1,0.35702961683273315,data\cache\clean\test\stylegan_xl_324e332686aa6966\clean.jpg
stylegan_xl_3621cf0be1fc8d68,clean,stylegan_xl,stylegan_xl,1,0.22685043513774872,data\cache\clean\test\stylegan_xl_3621cf0be1fc8d68\clean.jpg
stylegan_xl_38c489e3b0d8c700,clean,stylegan_xl,stylegan_xl,1,0.015939148142933846,data\cache\clean\test\stylegan_xl_38c489e3b0d8c700\clean.jpg
stylegan_xl_3b5e18f8fc06450d,clean,stylegan_xl,stylegan_xl,1,0.01113923266530037,data\cache\clean\test\stylegan_xl_3b5e18f8fc06450d\clean.jpg
stylegan_xl_44451,clean,stylegan_xl,stylegan_xl,1,0.2108810842037201,data\cache\clean\test\stylegan_xl_44451\clean.jpg
stylegan_xl_45081,clean,stylegan_xl,stylegan_xl,1,0.01200147531926632,data\cache\clean\test\stylegan_xl_45081\clean.jpg
stylegan_xl_47014,clean,stylegan_xl,stylegan_xl,1,0.10304740816354752,data\cache\clean\test\stylegan_xl_47014\clean.jpg
stylegan_xl_47343,clean,stylegan_xl,stylegan_xl,1,0.011922911740839481,data\cache\clean\test\stylegan_xl_47343\clean.jpg
stylegan_xl_48611,clean,stylegan_xl,stylegan_xl,1,0.009365180507302284,data\cache\clean\test\stylegan_xl_48611\clean.jpg
stylegan_xl_49605,clean,stylegan_xl,stylegan_xl,1,0.49089279770851135,data\cache\clean\test\stylegan_xl_49605\clean.jpg
stylegan_xl_4f991f9638e28675,clean,stylegan_xl,stylegan_xl,1,0.1465076059103012,data\cache\clean\test\stylegan_xl_4f991f9638e28675\clean.jpg
stylegan_xl_50731,clean,stylegan_xl,stylegan_xl,1,0.038704611361026764,data\cache\clean\test\stylegan_xl_50731\clean.jpg
stylegan_xl_60ed9d3511d333bf,clean,stylegan_xl,stylegan_xl,1,0.010863887146115303,data\cache\clean\test\stylegan_xl_60ed9d3511d333bf\clean.jpg
stylegan_xl_65bb283a1280639e,clean,stylegan_xl,stylegan_xl,1,0.06704407185316086,data\cache\clean\test\stylegan_xl_65bb283a1280639e\clean.jpg
stylegan_xl_729fee52c5b7f95b,clean,stylegan_xl,stylegan_xl,1,0.023857783526182175,data\cache\clean\test\stylegan_xl_729fee52c5b7f95b\clean.jpg
stylegan_xl_7d433e90bcd7bd53,clean,stylegan_xl,stylegan_xl,1,0.0005461765103973448,data\cache\clean\test\stylegan_xl_7d433e90bcd7bd53\clean.jpg
stylegan_xl_7ffebe6032f8209f,clean,stylegan_xl,stylegan_xl,1,0.011878273449838161,data\cache\clean\test\stylegan_xl_7ffebe6032f8209f\clean.jpg
stylegan_xl_80fc8be6e7c11eb3,clean,stylegan_xl,stylegan_xl,1,0.001690907054580748,data\cache\clean\test\stylegan_xl_80fc8be6e7c11eb3\clean.jpg
stylegan_xl_8461b1ae87c22c20,clean,stylegan_xl,stylegan_xl,1,0.19561193883419037,data\cache\clean\test\stylegan_xl_8461b1ae87c22c20\clean.jpg
stylegan_xl_8f9dfd75dde8914f,clean,stylegan_xl,stylegan_xl,1,0.027437251061201096,data\cache\clean\test\stylegan_xl_8f9dfd75dde8914f\clean.jpg
stylegan_xl_a10d4a733f4df420,clean,stylegan_xl,stylegan_xl,1,0.15937355160713196,data\cache\clean\test\stylegan_xl_a10d4a733f4df420\clean.jpg
stylegan_xl_a1ed16fffc5ecb68,clean,stylegan_xl,stylegan_xl,1,0.11045370250940323,data\cache\clean\test\stylegan_xl_a1ed16fffc5ecb68\clean.jpg
stylegan_xl_a72f3ace10a8f550,clean,stylegan_xl,stylegan_xl,1,0.0041620503179728985,data\cache\clean\test\stylegan_xl_a72f3ace10a8f550\clean.jpg
stylegan_xl_b6abe358484b287a,clean,stylegan_xl,stylegan_xl,1,0.004452174063771963,data\cache\clean\test\stylegan_xl_b6abe358484b287a\clean.jpg
stylegan_xl_bd69757ff485d03e,clean,stylegan_xl,stylegan_xl,1,0.09839480370283127,data\cache\clean\test\stylegan_xl_bd69757ff485d03e\clean.jpg
stylegan_xl_cccbc1d57a7e095e,clean,stylegan_xl,stylegan_xl,1,0.20179378986358643,data\cache\clean\test\stylegan_xl_cccbc1d57a7e095e\clean.jpg
stylegan_xl_cf9c332a1ebfb587,clean,stylegan_xl,stylegan_xl,1,0.001990353688597679,data\cache\clean\test\stylegan_xl_cf9c332a1ebfb587\clean.jpg
stylegan_xl_d7c4ece8c8a01de0,clean,stylegan_xl,stylegan_xl,1,0.07964067906141281,data\cache\clean\test\stylegan_xl_d7c4ece8c8a01de0\clean.jpg
stylegan_xl_e4b8e7ef72cabaf2,clean,stylegan_xl,stylegan_xl,1,0.08200164139270782,data\cache\clean\test\stylegan_xl_e4b8e7ef72cabaf2\clean.jpg
stylegan_xl_f4a503e24265a7e1,clean,stylegan_xl,stylegan_xl,1,0.4837377071380615,data\cache\clean\test\stylegan_xl_f4a503e24265a7e1\clean.jpg
stylegan_xl_fef6a66b8deaa7ab,clean,stylegan_xl,stylegan_xl,1,0.00041740428423509,data\cache\clean\test\stylegan_xl_fef6a66b8deaa7ab\clean.jpg
cifake_1028 (10),blur_s0.5,cifake,stable_diffusion,1,0.13006049394607544,data\cache\clean\test\cifake_1028 (10)\blur_s0.5.jpg
cifake_1088 (3),blur_s0.5,cifake,stable_diffusion,1,0.3721769452095032,data\cache\clean\test\cifake_1088 (3)\blur_s0.5.jpg
cifake_2293 (9),blur_s0.5,cifake,stable_diffusion,1,0.24390831589698792,data\cache\clean\test\cifake_2293 (9)\blur_s0.5.jpg
cifake_4127 (3),blur_s0.5,cifake,stable_diffusion,1,0.3745933771133423,data\cache\clean\test\cifake_4127 (3)\blur_s0.5.jpg
cifake_4221 (2),blur_s0.5,cifake,stable_diffusion,1,0.04694168269634247,data\cache\clean\test\cifake_4221 (2)\blur_s0.5.jpg
cifake_4615 (3),blur_s0.5,cifake,stable_diffusion,1,0.10387521237134933,data\cache\clean\test\cifake_4615 (3)\blur_s0.5.jpg
cifake_5607 (3),blur_s0.5,cifake,stable_diffusion,1,0.1751161366701126,data\cache\clean\test\cifake_5607 (3)\blur_s0.5.jpg
cifake_5943 (10),blur_s0.5,cifake,stable_diffusion,1,0.05738913267850876,data\cache\clean\test\cifake_5943 (10)\blur_s0.5.jpg
cifake_771 (8),blur_s0.5,cifake,stable_diffusion,1,0.1649961620569229,data\cache\clean\test\cifake_771 (8)\blur_s0.5.jpg
dalle_12052,blur_s0.5,dalle,dalle,1,0.0004659910628106445,data\cache\clean\test\dalle_12052\blur_s0.5.jpg
dalle_13108,blur_s0.5,dalle,dalle,1,0.18932558596134186,data\cache\clean\test\dalle_13108\blur_s0.5.jpg
dalle_17768,blur_s0.5,dalle,dalle,1,0.28774070739746094,data\cache\clean\test\dalle_17768\blur_s0.5.jpg
dalle_1895b86b74caac5dad51022c3d3b33df,blur_s0.5,dalle,dalle,1,0.05873875319957733,data\cache\clean\test\dalle_1895b86b74caac5dad51022c3d3b33df\blur_s0.5.jpg
dalle_19590,blur_s0.5,dalle,dalle,1,0.03139742836356163,data\cache\clean\test\dalle_19590\blur_s0.5.jpg
dalle_20855,blur_s0.5,dalle,dalle,1,0.2676102817058563,data\cache\clean\test\dalle_20855\blur_s0.5.jpg
dalle_27874,blur_s0.5,dalle,dalle,1,0.3929269015789032,data\cache\clean\test\dalle_27874\blur_s0.5.jpg
dalle_3469,blur_s0.5,dalle,dalle,1,0.16645410656929016,data\cache\clean\test\dalle_3469\blur_s0.5.jpg
dalle_35493,blur_s0.5,dalle,dalle,1,0.49269282817840576,data\cache\clean\test\dalle_35493\blur_s0.5.jpg
dalle_40387,blur_s0.5,dalle,dalle,1,0.06758768111467361,data\cache\clean\test\dalle_40387\blur_s0.5.jpg
dalle_41791,blur_s0.5,dalle,dalle,1,0.0007489363197237253,data\cache\clean\test\dalle_41791\blur_s0.5.jpg
dalle_42344,blur_s0.5,dalle,dalle,1,0.2085258662700653,data\cache\clean\test\dalle_42344\blur_s0.5.jpg
dalle_6f0f61883f111368d770c54801f33449,blur_s0.5,dalle,dalle,1,0.0004680062993429601,data\cache\clean\test\dalle_6f0f61883f111368d770c54801f33449\blur_s0.5.jpg
dalle_8017,blur_s0.5,dalle,dalle,1,1.9602530301199295e-05,data\cache\clean\test\dalle_8017\blur_s0.5.jpg
dalle_9068,blur_s0.5,dalle,dalle,1,0.09843019396066666,data\cache\clean\test\dalle_9068\blur_s0.5.jpg
dalle_9639,blur_s0.5,dalle,dalle,1,0.07101991772651672,data\cache\clean\test\dalle_9639\blur_s0.5.jpg
gigagan_02115,blur_s0.5,gigagan,gigagan,1,0.19361597299575806,data\cache\clean\test\gigagan_02115\blur_s0.5.jpg
gigagan_03860,blur_s0.5,gigagan,gigagan,1,0.22534427046775818,data\cache\clean\test\gigagan_03860\blur_s0.5.jpg
gigagan_05738,blur_s0.5,gigagan,gigagan,1,0.10375969111919403,data\cache\clean\test\gigagan_05738\blur_s0.5.jpg
gigagan_06526,blur_s0.5,gigagan,gigagan,1,0.2778995633125305,data\cache\clean\test\gigagan_06526\blur_s0.5.jpg
gigagan_06628,blur_s0.5,gigagan,gigagan,1,0.44469550251960754,data\cache\clean\test\gigagan_06628\blur_s0.5.jpg
gigagan_07909,blur_s0.5,gigagan,gigagan,1,0.04280165955424309,data\cache\clean\test\gigagan_07909\blur_s0.5.jpg
gigagan_08351,blur_s0.5,gigagan,gigagan,1,0.0560629740357399,data\cache\clean\test\gigagan_08351\blur_s0.5.jpg
gigagan_08561,blur_s0.5,gigagan,gigagan,1,0.17391538619995117,data\cache\clean\test\gigagan_08561\blur_s0.5.jpg
gigagan_09026,blur_s0.5,gigagan,gigagan,1,0.0752849355340004,data\cache\clean\test\gigagan_09026\blur_s0.5.jpg
gigagan_09302,blur_s0.5,gigagan,gigagan,1,0.03298668563365936,data\cache\clean\test\gigagan_09302\blur_s0.5.jpg
gigagan_09458,blur_s0.5,gigagan,gigagan,1,0.1333668977022171,data\cache\clean\test\gigagan_09458\blur_s0.5.jpg
gigagan_10769,blur_s0.5,gigagan,gigagan,1,0.008368522860109806,data\cache\clean\test\gigagan_10769\blur_s0.5.jpg
gigagan_10914,blur_s0.5,gigagan,gigagan,1,0.0001720633590593934,data\cache\clean\test\gigagan_10914\blur_s0.5.jpg
gigagan_12929,blur_s0.5,gigagan,gigagan,1,0.019938575103878975,data\cache\clean\test\gigagan_12929\blur_s0.5.jpg
gigagan_13110,blur_s0.5,gigagan,gigagan,1,0.4043000340461731,data\cache\clean\test\gigagan_13110\blur_s0.5.jpg
gigagan_14071,blur_s0.5,gigagan,gigagan,1,0.000169108941918239,data\cache\clean\test\gigagan_14071\blur_s0.5.jpg
gigagan_14138,blur_s0.5,gigagan,gigagan,1,0.3572205901145935,data\cache\clean\test\gigagan_14138\blur_s0.5.jpg
gigagan_14909,blur_s0.5,gigagan,gigagan,1,0.05404995381832123,data\cache\clean\test\gigagan_14909\blur_s0.5.jpg
gigagan_15454,blur_s0.5,gigagan,gigagan,1,0.33726683259010315,data\cache\clean\test\gigagan_15454\blur_s0.5.jpg
gigagan_15561,blur_s0.5,gigagan,gigagan,1,0.23169957101345062,data\cache\clean\test\gigagan_15561\blur_s0.5.jpg
gigagan_16357,blur_s0.5,gigagan,gigagan,1,0.15421396493911743,data\cache\clean\test\gigagan_16357\blur_s0.5.jpg
gigagan_16859,blur_s0.5,gigagan,gigagan,1,0.28333520889282227,data\cache\clean\test\gigagan_16859\blur_s0.5.jpg
gigagan_16966,blur_s0.5,gigagan,gigagan,1,0.14870396256446838,data\cache\clean\test\gigagan_16966\blur_s0.5.jpg
gigagan_17666,blur_s0.5,gigagan,gigagan,1,0.36986222863197327,data\cache\clean\test\gigagan_17666\blur_s0.5.jpg
gigagan_18085,blur_s0.5,gigagan,gigagan,1,0.01647750847041607,data\cache\clean\test\gigagan_18085\blur_s0.5.jpg
gigagan_18143,blur_s0.5,gigagan,gigagan,1,0.19828562438488007,data\cache\clean\test\gigagan_18143\blur_s0.5.jpg
gigagan_19199,blur_s0.5,gigagan,gigagan,1,0.010294654406607151,data\cache\clean\test\gigagan_19199\blur_s0.5.jpg
gigagan_19248,blur_s0.5,gigagan,gigagan,1,0.4646350145339966,data\cache\clean\test\gigagan_19248\blur_s0.5.jpg
gigagan_19458,blur_s0.5,gigagan,gigagan,1,0.29640939831733704,data\cache\clean\test\gigagan_19458\blur_s0.5.jpg
gigagan_20207,blur_s0.5,gigagan,gigagan,1,0.35645946860313416,data\cache\clean\test\gigagan_20207\blur_s0.5.jpg
gigagan_20327,blur_s0.5,gigagan,gigagan,1,0.0004831664846278727,data\cache\clean\test\gigagan_20327\blur_s0.5.jpg
gigagan_20756,blur_s0.5,gigagan,gigagan,1,0.3564143478870392,data\cache\clean\test\gigagan_20756\blur_s0.5.jpg
gigagan_20968,blur_s0.5,gigagan,gigagan,1,0.3687788248062134,data\cache\clean\test\gigagan_20968\blur_s0.5.jpg
gigagan_21116,blur_s0.5,gigagan,gigagan,1,0.2331298291683197,data\cache\clean\test\gigagan_21116\blur_s0.5.jpg
gigagan_21166,blur_s0.5,gigagan,gigagan,1,0.24309752881526947,data\cache\clean\test\gigagan_21166\blur_s0.5.jpg
gigagan_21244,blur_s0.5,gigagan,gigagan,1,0.05891130492091179,data\cache\clean\test\gigagan_21244\blur_s0.5.jpg
gigagan_21611,blur_s0.5,gigagan,gigagan,1,0.11070805788040161,data\cache\clean\test\gigagan_21611\blur_s0.5.jpg
gigagan_22263,blur_s0.5,gigagan,gigagan,1,0.21579429507255554,data\cache\clean\test\gigagan_22263\blur_s0.5.jpg
gigagan_22533,blur_s0.5,gigagan,gigagan,1,0.14465650916099548,data\cache\clean\test\gigagan_22533\blur_s0.5.jpg
gigagan_22770,blur_s0.5,gigagan,gigagan,1,0.013412061147391796,data\cache\clean\test\gigagan_22770\blur_s0.5.jpg
gigagan_23134,blur_s0.5,gigagan,gigagan,1,0.0005316951428540051,data\cache\clean\test\gigagan_23134\blur_s0.5.jpg
gigagan_23834,blur_s0.5,gigagan,gigagan,1,0.04556141793727875,data\cache\clean\test\gigagan_23834\blur_s0.5.jpg
gigagan_24445,blur_s0.5,gigagan,gigagan,1,0.07838083803653717,data\cache\clean\test\gigagan_24445\blur_s0.5.jpg
gigagan_24679,blur_s0.5,gigagan,gigagan,1,0.09844506531953812,data\cache\clean\test\gigagan_24679\blur_s0.5.jpg
gigagan_24933,blur_s0.5,gigagan,gigagan,1,0.4864886701107025,data\cache\clean\test\gigagan_24933\blur_s0.5.jpg
gigagan_25002,blur_s0.5,gigagan,gigagan,1,0.36763036251068115,data\cache\clean\test\gigagan_25002\blur_s0.5.jpg
gigagan_25090,blur_s0.5,gigagan,gigagan,1,0.012694702483713627,data\cache\clean\test\gigagan_25090\blur_s0.5.jpg
gigagan_25801,blur_s0.5,gigagan,gigagan,1,0.3083360195159912,data\cache\clean\test\gigagan_25801\blur_s0.5.jpg
gigagan_26681,blur_s0.5,gigagan,gigagan,1,0.139951691031456,data\cache\clean\test\gigagan_26681\blur_s0.5.jpg
gigagan_26982,blur_s0.5,gigagan,gigagan,1,0.451482355594635,data\cache\clean\test\gigagan_26982\blur_s0.5.jpg
gigagan_27589,blur_s0.5,gigagan,gigagan,1,0.45178157091140747,data\cache\clean\test\gigagan_27589\blur_s0.5.jpg
gigagan_28062,blur_s0.5,gigagan,gigagan,1,0.24781730771064758,data\cache\clean\test\gigagan_28062\blur_s0.5.jpg
gigagan_28336,blur_s0.5,gigagan,gigagan,1,0.48962345719337463,data\cache\clean\test\gigagan_28336\blur_s0.5.jpg
gigagan_28900,blur_s0.5,gigagan,gigagan,1,0.06882861256599426,data\cache\clean\test\gigagan_28900\blur_s0.5.jpg
gigagan_29456,blur_s0.5,gigagan,gigagan,1,0.1331189125776291,data\cache\clean\test\gigagan_29456\blur_s0.5.jpg
imagen3_045e6da6fd7f6fb0,blur_s0.5,imagen3,imagen3,1,0.0008035734645090997,data\cache\clean\test\imagen3_045e6da6fd7f6fb0\blur_s0.5.jpg
imagen3_07747d6ffd056bee,blur_s0.5,imagen3,imagen3,1,0.3133084774017334,data\cache\clean\test\imagen3_07747d6ffd056bee\blur_s0.5.jpg
imagen3_13ed1f9391224848,blur_s0.5,imagen3,imagen3,1,0.18672868609428406,data\cache\clean\test\imagen3_13ed1f9391224848\blur_s0.5.jpg
imagen3_15ae6310fb427bba,blur_s0.5,imagen3,imagen3,1,0.4975472092628479,data\cache\clean\test\imagen3_15ae6310fb427bba\blur_s0.5.jpg
imagen3_17643da56f35c6f7,blur_s0.5,imagen3,imagen3,1,0.0015306700952351093,data\cache\clean\test\imagen3_17643da56f35c6f7\blur_s0.5.jpg
imagen3_24e64d19ddde11cb,blur_s0.5,imagen3,imagen3,1,0.002293040044605732,data\cache\clean\test\imagen3_24e64d19ddde11cb\blur_s0.5.jpg
imagen3_260ae6b06f1f50e2,blur_s0.5,imagen3,imagen3,1,0.0002272736164741218,data\cache\clean\test\imagen3_260ae6b06f1f50e2\blur_s0.5.jpg
imagen3_2be4510162a8a76e,blur_s0.5,imagen3,imagen3,1,0.06122415140271187,data\cache\clean\test\imagen3_2be4510162a8a76e\blur_s0.5.jpg
imagen3_3403b18fc93acbfc,blur_s0.5,imagen3,imagen3,1,0.019703980535268784,data\cache\clean\test\imagen3_3403b18fc93acbfc\blur_s0.5.jpg
imagen3_44075,blur_s0.5,imagen3,imagen3,1,0.4843441843986511,data\cache\clean\test\imagen3_44075\blur_s0.5.jpg
imagen3_44476,blur_s0.5,imagen3,imagen3,1,0.09240809828042984,data\cache\clean\test\imagen3_44476\blur_s0.5.jpg
imagen3_46922,blur_s0.5,imagen3,imagen3,1,0.03778267651796341,data\cache\clean\test\imagen3_46922\blur_s0.5.jpg
imagen3_473ffc5e3d5dc373,blur_s0.5,imagen3,imagen3,1,0.0006477377028204501,data\cache\clean\test\imagen3_473ffc5e3d5dc373\blur_s0.5.jpg
imagen3_51659,blur_s0.5,imagen3,imagen3,1,0.06414861232042313,data\cache\clean\test\imagen3_51659\blur_s0.5.jpg
imagen3_53132,blur_s0.5,imagen3,imagen3,1,0.40355026721954346,data\cache\clean\test\imagen3_53132\blur_s0.5.jpg
imagen3_5e95809bd47d157b,blur_s0.5,imagen3,imagen3,1,0.02725251019001007,data\cache\clean\test\imagen3_5e95809bd47d157b\blur_s0.5.jpg
imagen3_69467160e53f71bc,blur_s0.5,imagen3,imagen3,1,0.283275306224823,data\cache\clean\test\imagen3_69467160e53f71bc\blur_s0.5.jpg
imagen3_6a8270ea182a9194,blur_s0.5,imagen3,imagen3,1,0.0013620146783068776,data\cache\clean\test\imagen3_6a8270ea182a9194\blur_s0.5.jpg
imagen3_6c7624322b04ce43,blur_s0.5,imagen3,imagen3,1,0.007829156704246998,data\cache\clean\test\imagen3_6c7624322b04ce43\blur_s0.5.jpg
imagen3_77fb2d4f372634f8,blur_s0.5,imagen3,imagen3,1,0.00213115313090384,data\cache\clean\test\imagen3_77fb2d4f372634f8\blur_s0.5.jpg
imagen3_7ee1485909c59826,blur_s0.5,imagen3,imagen3,1,0.005090297199785709,data\cache\clean\test\imagen3_7ee1485909c59826\blur_s0.5.jpg
imagen3_8b13dc3bff918841,blur_s0.5,imagen3,imagen3,1,0.04885697737336159,data\cache\clean\test\imagen3_8b13dc3bff918841\blur_s0.5.jpg
imagen3_8c20e4bf83ffff36,blur_s0.5,imagen3,imagen3,1,0.21706612408161163,data\cache\clean\test\imagen3_8c20e4bf83ffff36\blur_s0.5.jpg
imagen3_8e6f8acd28fd8f35,blur_s0.5,imagen3,imagen3,1,0.027647987008094788,data\cache\clean\test\imagen3_8e6f8acd28fd8f35\blur_s0.5.jpg
imagen3_9e82651e214a25c8,blur_s0.5,imagen3,imagen3,1,0.07514595240354538,data\cache\clean\test\imagen3_9e82651e214a25c8\blur_s0.5.jpg
imagen3_aa13646e437b7afa,blur_s0.5,imagen3,imagen3,1,0.002915953751653433,data\cache\clean\test\imagen3_aa13646e437b7afa\blur_s0.5.jpg
imagen3_ad860df8c2a1a848,blur_s0.5,imagen3,imagen3,1,0.005819372367113829,data\cache\clean\test\imagen3_ad860df8c2a1a848\blur_s0.5.jpg
imagen3_b69c9976ced306d1,blur_s0.5,imagen3,imagen3,1,0.01606476679444313,data\cache\clean\test\imagen3_b69c9976ced306d1\blur_s0.5.jpg
imagen3_ca44bb7db1e73a9a,blur_s0.5,imagen3,imagen3,1,0.008804327808320522,data\cache\clean\test\imagen3_ca44bb7db1e73a9a\blur_s0.5.jpg
imagen3_e63f3b6f8bdee43a,blur_s0.5,imagen3,imagen3,1,0.04017944261431694,data\cache\clean\test\imagen3_e63f3b6f8bdee43a\blur_s0.5.jpg
imagen3_ea646e585cc24088,blur_s0.5,imagen3,imagen3,1,0.30001068115234375,data\cache\clean\test\imagen3_ea646e585cc24088\blur_s0.5.jpg
imagen3_eaf94916ce926270,blur_s0.5,imagen3,imagen3,1,0.4274688959121704,data\cache\clean\test\imagen3_eaf94916ce926270\blur_s0.5.jpg
imagen3_f2da05bffbe27dab,blur_s0.5,imagen3,imagen3,1,0.08219514787197113,data\cache\clean\test\imagen3_f2da05bffbe27dab\blur_s0.5.jpg
imagen3_fe7048efd51b15b8,blur_s0.5,imagen3,imagen3,1,0.2660403251647949,data\cache\clean\test\imagen3_fe7048efd51b15b8\blur_s0.5.jpg
imagen3_Imagen3_1208,blur_s0.5,imagen3,imagen3,1,0.004280800931155682,data\cache\clean\test\imagen3_Imagen3_1208\blur_s0.5.jpg
imagen3_Imagen3_2403,blur_s0.5,imagen3,imagen3,1,0.005197959020733833,data\cache\clean\test\imagen3_Imagen3_2403\blur_s0.5.jpg
imagen3_Imagen3_3097,blur_s0.5,imagen3,imagen3,1,0.0939549058675766,data\cache\clean\test\imagen3_Imagen3_3097\blur_s0.5.jpg
sidset_full_synthetic_001692,blur_s0.5,sidset,full_synthetic,1,0.4650852084159851,data\cache\clean\test\sidset_full_synthetic_001692\blur_s0.5.jpg
sidset_full_synthetic_033528,blur_s0.5,sidset,full_synthetic,1,0.010403144173324108,data\cache\clean\test\sidset_full_synthetic_033528\blur_s0.5.jpg
sidset_full_synthetic_040891,blur_s0.5,sidset,full_synthetic,1,0.33324098587036133,data\cache\clean\test\sidset_full_synthetic_040891\blur_s0.5.jpg
sidset_full_synthetic_042089,blur_s0.5,sidset,full_synthetic,1,0.1012372374534607,data\cache\clean\test\sidset_full_synthetic_042089\blur_s0.5.jpg
sidset_full_synthetic_060524,blur_s0.5,sidset,full_synthetic,1,0.28243881464004517,data\cache\clean\test\sidset_full_synthetic_060524\blur_s0.5.jpg
sidset_full_synthetic_063062,blur_s0.5,sidset,full_synthetic,1,0.18544143438339233,data\cache\clean\test\sidset_full_synthetic_063062\blur_s0.5.jpg
sidset_full_synthetic_066065,blur_s0.5,sidset,full_synthetic,1,0.07871619611978531,data\cache\clean\test\sidset_full_synthetic_066065\blur_s0.5.jpg
stylegan_xl_0097a2e24789bc7a,blur_s0.5,stylegan_xl,stylegan_xl,1,0.022654002532362938,data\cache\clean\test\stylegan_xl_0097a2e24789bc7a\blur_s0.5.jpg
stylegan_xl_00a4591cf03df584,blur_s0.5,stylegan_xl,stylegan_xl,1,0.001111303921788931,data\cache\clean\test\stylegan_xl_00a4591cf03df584\blur_s0.5.jpg
stylegan_xl_031391f1ab18ab62,blur_s0.5,stylegan_xl,stylegan_xl,1,0.1897328794002533,data\cache\clean\test\stylegan_xl_031391f1ab18ab62\blur_s0.5.jpg
stylegan_xl_0f7efa4c31bcd8f4,blur_s0.5,stylegan_xl,stylegan_xl,1,0.003693793434649706,data\cache\clean\test\stylegan_xl_0f7efa4c31bcd8f4\blur_s0.5.jpg
stylegan_xl_1060d58257bc5130,blur_s0.5,stylegan_xl,stylegan_xl,1,0.0011218228610232472,data\cache\clean\test\stylegan_xl_1060d58257bc5130\blur_s0.5.jpg
stylegan_xl_1440252ff76f525f,blur_s0.5,stylegan_xl,stylegan_xl,1,0.37809279561042786,data\cache\clean\test\stylegan_xl_1440252ff76f525f\blur_s0.5.jpg
stylegan_xl_2013fe0d44f84041,blur_s0.5,stylegan_xl,stylegan_xl,1,2.11786446016049e-05,data\cache\clean\test\stylegan_xl_2013fe0d44f84041\blur_s0.5.jpg
stylegan_xl_324e332686aa6966,blur_s0.5,stylegan_xl,stylegan_xl,1,0.36109718680381775,data\cache\clean\test\stylegan_xl_324e332686aa6966\blur_s0.5.jpg
stylegan_xl_3621cf0be1fc8d68,blur_s0.5,stylegan_xl,stylegan_xl,1,0.2521548271179199,data\cache\clean\test\stylegan_xl_3621cf0be1fc8d68\blur_s0.5.jpg
stylegan_xl_38c489e3b0d8c700,blur_s0.5,stylegan_xl,stylegan_xl,1,0.015196147374808788,data\cache\clean\test\stylegan_xl_38c489e3b0d8c700\blur_s0.5.jpg
stylegan_xl_3b5e18f8fc06450d,blur_s0.5,stylegan_xl,stylegan_xl,1,0.01116140466183424,data\cache\clean\test\stylegan_xl_3b5e18f8fc06450d\blur_s0.5.jpg
stylegan_xl_44451,blur_s0.5,stylegan_xl,stylegan_xl,1,0.34235286712646484,data\cache\clean\test\stylegan_xl_44451\blur_s0.5.jpg
stylegan_xl_45081,blur_s0.5,stylegan_xl,stylegan_xl,1,0.015075636096298695,data\cache\clean\test\stylegan_xl_45081\blur_s0.5.jpg
stylegan_xl_47014,blur_s0.5,stylegan_xl,stylegan_xl,1,0.11584065854549408,data\cache\clean\test\stylegan_xl_47014\blur_s0.5.jpg
stylegan_xl_47343,blur_s0.5,stylegan_xl,stylegan_xl,1,0.015098147094249725,data\cache\clean\test\stylegan_xl_47343\blur_s0.5.jpg
stylegan_xl_48611,blur_s0.5,stylegan_xl,stylegan_xl,1,0.008883173577487469,data\cache\clean\test\stylegan_xl_48611\blur_s0.5.jpg
stylegan_xl_49605,blur_s0.5,stylegan_xl,stylegan_xl,1,0.46128034591674805,data\cache\clean\test\stylegan_xl_49605\blur_s0.5.jpg
stylegan_xl_4f991f9638e28675,blur_s0.5,stylegan_xl,stylegan_xl,1,0.10200195014476776,data\cache\clean\test\stylegan_xl_4f991f9638e28675\blur_s0.5.jpg
stylegan_xl_50731,blur_s0.5,stylegan_xl,stylegan_xl,1,0.039728689938783646,data\cache\clean\test\stylegan_xl_50731\blur_s0.5.jpg
stylegan_xl_51829,blur_s0.5,stylegan_xl,stylegan_xl,1,0.46300986409187317,data\cache\clean\test\stylegan_xl_51829\blur_s0.5.jpg
stylegan_xl_60ed9d3511d333bf,blur_s0.5,stylegan_xl,stylegan_xl,1,0.018231287598609924,data\cache\clean\test\stylegan_xl_60ed9d3511d333bf\blur_s0.5.jpg
stylegan_xl_65bb283a1280639e,blur_s0.5,stylegan_xl,stylegan_xl,1,0.04869983717799187,data\cache\clean\test\stylegan_xl_65bb283a1280639e\blur_s0.5.jpg
stylegan_xl_729fee52c5b7f95b,blur_s0.5,stylegan_xl,stylegan_xl,1,0.02909013070166111,data\cache\clean\test\stylegan_xl_729fee52c5b7f95b\blur_s0.5.jpg
stylegan_xl_7d433e90bcd7bd53,blur_s0.5,stylegan_xl,stylegan_xl,1,0.0005687515367753804,data\cache\clean\test\stylegan_xl_7d433e90bcd7bd53\blur_s0.5.jpg
stylegan_xl_7ffebe6032f8209f,blur_s0.5,stylegan_xl,stylegan_xl,1,0.011945105157792568,data\cache\clean\test\stylegan_xl_7ffebe6032f8209f\blur_s0.5.jpg
stylegan_xl_80fc8be6e7c11eb3,blur_s0.5,stylegan_xl,stylegan_xl,1,0.0023754090070724487,data\cache\clean\test\stylegan_xl_80fc8be6e7c11eb3\blur_s0.5.jpg
stylegan_xl_8461b1ae87c22c20,blur_s0.5,stylegan_xl,stylegan_xl,1,0.31186968088150024,data\cache\clean\test\stylegan_xl_8461b1ae87c22c20\blur_s0.5.jpg
stylegan_xl_8f9dfd75dde8914f,blur_s0.5,stylegan_xl,stylegan_xl,1,0.03134297952055931,data\cache\clean\test\stylegan_xl_8f9dfd75dde8914f\blur_s0.5.jpg
stylegan_xl_a10d4a733f4df420,blur_s0.5,stylegan_xl,stylegan_xl,1,0.13420118391513824,data\cache\clean\test\stylegan_xl_a10d4a733f4df420\blur_s0.5.jpg
stylegan_xl_a1ed16fffc5ecb68,blur_s0.5,stylegan_xl,stylegan_xl,1,0.10239926725625992,data\cache\clean\test\stylegan_xl_a1ed16fffc5ecb68\blur_s0.5.jpg
stylegan_xl_a72f3ace10a8f550,blur_s0.5,stylegan_xl,stylegan_xl,1,0.0037910270038992167,data\cache\clean\test\stylegan_xl_a72f3ace10a8f550\blur_s0.5.jpg
stylegan_xl_b6abe358484b287a,blur_s0.5,stylegan_xl,stylegan_xl,1,0.004524671472609043,data\cache\clean\test\stylegan_xl_b6abe358484b287a\blur_s0.5.jpg
stylegan_xl_bd69757ff485d03e,blur_s0.5,stylegan_xl,stylegan_xl,1,0.10685214400291443,data\cache\clean\test\stylegan_xl_bd69757ff485d03e\blur_s0.5.jpg
stylegan_xl_cccbc1d57a7e095e,blur_s0.5,stylegan_xl,stylegan_xl,1,0.25604143738746643,data\cache\clean\test\stylegan_xl_cccbc1d57a7e095e\blur_s0.5.jpg
stylegan_xl_cf9c332a1ebfb587,blur_s0.5,stylegan_xl,stylegan_xl,1,0.002178177470341325,data\cache\clean\test\stylegan_xl_cf9c332a1ebfb587\blur_s0.5.jpg
stylegan_xl_d7c4ece8c8a01de0,blur_s0.5,stylegan_xl,stylegan_xl,1,0.10522591322660446,data\cache\clean\test\stylegan_xl_d7c4ece8c8a01de0\blur_s0.5.jpg
stylegan_xl_e4b8e7ef72cabaf2,blur_s0.5,stylegan_xl,stylegan_xl,1,0.12860684096813202,data\cache\clean\test\stylegan_xl_e4b8e7ef72cabaf2\blur_s0.5.jpg
stylegan_xl_f4a503e24265a7e1,blur_s0.5,stylegan_xl,stylegan_xl,1,0.48019444942474365,data\cache\clean\test\stylegan_xl_f4a503e24265a7e1\blur_s0.5.jpg
stylegan_xl_fef6a66b8deaa7ab,blur_s0.5,stylegan_xl,stylegan_xl,1,0.00043872129754163325,data\cache\clean\test\stylegan_xl_fef6a66b8deaa7ab\blur_s0.5.jpg
cifake_1028 (10),blur_s1.0,cifake,stable_diffusion,1,0.12643860280513763,data\cache\clean\test\cifake_1028 (10)\blur_s1.0.jpg
cifake_1088 (3),blur_s1.0,cifake,stable_diffusion,1,0.3779354989528656,data\cache\clean\test\cifake_1088 (3)\blur_s1.0.jpg
cifake_2293 (9),blur_s1.0,cifake,stable_diffusion,1,0.23407359421253204,data\cache\clean\test\cifake_2293 (9)\blur_s1.0.jpg
cifake_4127 (3),blur_s1.0,cifake,stable_diffusion,1,0.37582871317863464,data\cache\clean\test\cifake_4127 (3)\blur_s1.0.jpg
cifake_4221 (2),blur_s1.0,cifake,stable_diffusion,1,0.048554498702287674,data\cache\clean\test\cifake_4221 (2)\blur_s1.0.jpg
cifake_4615 (3),blur_s1.0,cifake,stable_diffusion,1,0.11527364701032639,data\cache\clean\test\cifake_4615 (3)\blur_s1.0.jpg
cifake_5607 (3),blur_s1.0,cifake,stable_diffusion,1,0.1807146668434143,data\cache\clean\test\cifake_5607 (3)\blur_s1.0.jpg
cifake_5943 (10),blur_s1.0,cifake,stable_diffusion,1,0.053666889667510986,data\cache\clean\test\cifake_5943 (10)\blur_s1.0.jpg
cifake_771 (8),blur_s1.0,cifake,stable_diffusion,1,0.17263616621494293,data\cache\clean\test\cifake_771 (8)\blur_s1.0.jpg
dalle_12052,blur_s1.0,dalle,dalle,1,0.0010617852676659822,data\cache\clean\test\dalle_12052\blur_s1.0.jpg
dalle_13108,blur_s1.0,dalle,dalle,1,0.2077341228723526,data\cache\clean\test\dalle_13108\blur_s1.0.jpg
dalle_17768,blur_s1.0,dalle,dalle,1,0.33065176010131836,data\cache\clean\test\dalle_17768\blur_s1.0.jpg
dalle_1895b86b74caac5dad51022c3d3b33df,blur_s1.0,dalle,dalle,1,0.10971672087907791,data\cache\clean\test\dalle_1895b86b74caac5dad51022c3d3b33df\blur_s1.0.jpg
dalle_19590,blur_s1.0,dalle,dalle,1,0.011232834309339523,data\cache\clean\test\dalle_19590\blur_s1.0.jpg
dalle_19962,blur_s1.0,dalle,dalle,1,0.4317907989025116,data\cache\clean\test\dalle_19962\blur_s1.0.jpg
dalle_20080,blur_s1.0,dalle,dalle,1,0.42821428179740906,data\cache\clean\test\dalle_20080\blur_s1.0.jpg
dalle_20855,blur_s1.0,dalle,dalle,1,0.2142249345779419,data\cache\clean\test\dalle_20855\blur_s1.0.jpg
dalle_24599,blur_s1.0,dalle,dalle,1,0.23879310488700867,data\cache\clean\test\dalle_24599\blur_s1.0.jpg
dalle_25150,blur_s1.0,dalle,dalle,1,0.3832296133041382,data\cache\clean\test\dalle_25150\blur_s1.0.jpg
dalle_26611,blur_s1.0,dalle,dalle,1,0.37888607382774353,data\cache\clean\test\dalle_26611\blur_s1.0.jpg
dalle_27874,blur_s1.0,dalle,dalle,1,0.37879830598831177,data\cache\clean\test\dalle_27874\blur_s1.0.jpg
dalle_3469,blur_s1.0,dalle,dalle,1,0.18136191368103027,data\cache\clean\test\dalle_3469\blur_s1.0.jpg
dalle_40387,blur_s1.0,dalle,dalle,1,0.025255151093006134,data\cache\clean\test\dalle_40387\blur_s1.0.jpg
dalle_41791,blur_s1.0,dalle,dalle,1,0.0003143034118693322,data\cache\clean\test\dalle_41791\blur_s1.0.jpg
dalle_42344,blur_s1.0,dalle,dalle,1,0.23205459117889404,data\cache\clean\test\dalle_42344\blur_s1.0.jpg
dalle_6481,blur_s1.0,dalle,dalle,1,0.3007689416408539,data\cache\clean\test\dalle_6481\blur_s1.0.jpg
dalle_6f0f61883f111368d770c54801f33449,blur_s1.0,dalle,dalle,1,0.0005449357558973134,data\cache\clean\test\dalle_6f0f61883f111368d770c54801f33449\blur_s1.0.jpg
dalle_8017,blur_s1.0,dalle,dalle,1,6.705655687255785e-05,data\cache\clean\test\dalle_8017\blur_s1.0.jpg
dalle_9068,blur_s1.0,dalle,dalle,1,0.04714571312069893,data\cache\clean\test\dalle_9068\blur_s1.0.jpg
dalle_9639,blur_s1.0,dalle,dalle,1,0.026760965585708618,data\cache\clean\test\dalle_9639\blur_s1.0.jpg
gigagan_02115,blur_s1.0,gigagan,gigagan,1,0.2634907364845276,data\cache\clean\test\gigagan_02115\blur_s1.0.jpg
gigagan_03860,blur_s1.0,gigagan,gigagan,1,0.245095357298851,data\cache\clean\test\gigagan_03860\blur_s1.0.jpg
gigagan_05738,blur_s1.0,gigagan,gigagan,1,0.05072959512472153,data\cache\clean\test\gigagan_05738\blur_s1.0.jpg
gigagan_06526,blur_s1.0,gigagan,gigagan,1,0.28022268414497375,data\cache\clean\test\gigagan_06526\blur_s1.0.jpg
gigagan_06628,blur_s1.0,gigagan,gigagan,1,0.4527837634086609,data\cache\clean\test\gigagan_06628\blur_s1.0.jpg
gigagan_07909,blur_s1.0,gigagan,gigagan,1,0.04451180621981621,data\cache\clean\test\gigagan_07909\blur_s1.0.jpg
gigagan_08351,blur_s1.0,gigagan,gigagan,1,0.07128515839576721,data\cache\clean\test\gigagan_08351\blur_s1.0.jpg
gigagan_08561,blur_s1.0,gigagan,gigagan,1,0.2472715973854065,data\cache\clean\test\gigagan_08561\blur_s1.0.jpg
gigagan_09026,blur_s1.0,gigagan,gigagan,1,0.04619406536221504,data\cache\clean\test\gigagan_09026\blur_s1.0.jpg
gigagan_09302,blur_s1.0,gigagan,gigagan,1,0.05835014954209328,data\cache\clean\test\gigagan_09302\blur_s1.0.jpg
gigagan_09458,blur_s1.0,gigagan,gigagan,1,0.13040009140968323,data\cache\clean\test\gigagan_09458\blur_s1.0.jpg
gigagan_10282,blur_s1.0,gigagan,gigagan,1,0.2947671413421631,data\cache\clean\test\gigagan_10282\blur_s1.0.jpg
gigagan_10769,blur_s1.0,gigagan,gigagan,1,0.015422583557665348,data\cache\clean\test\gigagan_10769\blur_s1.0.jpg
gigagan_10914,blur_s1.0,gigagan,gigagan,1,0.0001670017809374258,data\cache\clean\test\gigagan_10914\blur_s1.0.jpg
gigagan_12929,blur_s1.0,gigagan,gigagan,1,0.00951403845101595,data\cache\clean\test\gigagan_12929\blur_s1.0.jpg
gigagan_13110,blur_s1.0,gigagan,gigagan,1,0.2884291112422943,data\cache\clean\test\gigagan_13110\blur_s1.0.jpg
gigagan_14071,blur_s1.0,gigagan,gigagan,1,0.0002006816939683631,data\cache\clean\test\gigagan_14071\blur_s1.0.jpg
gigagan_14138,blur_s1.0,gigagan,gigagan,1,0.19643262028694153,data\cache\clean\test\gigagan_14138\blur_s1.0.jpg
gigagan_14909,blur_s1.0,gigagan,gigagan,1,0.0611250065267086,data\cache\clean\test\gigagan_14909\blur_s1.0.jpg
gigagan_15454,blur_s1.0,gigagan,gigagan,1,0.07864723354578018,data\cache\clean\test\gigagan_15454\blur_s1.0.jpg
gigagan_15561,blur_s1.0,gigagan,gigagan,1,0.4581490457057953,data\cache\clean\test\gigagan_15561\blur_s1.0.jpg
gigagan_15694,blur_s1.0,gigagan,gigagan,1,0.26568952202796936,data\cache\clean\test\gigagan_15694\blur_s1.0.jpg
gigagan_16357,blur_s1.0,gigagan,gigagan,1,0.13964064419269562,data\cache\clean\test\gigagan_16357\blur_s1.0.jpg
gigagan_16859,blur_s1.0,gigagan,gigagan,1,0.21526150405406952,data\cache\clean\test\gigagan_16859\blur_s1.0.jpg
gigagan_16966,blur_s1.0,gigagan,gigagan,1,0.16230417788028717,data\cache\clean\test\gigagan_16966\blur_s1.0.jpg
gigagan_17003,blur_s1.0,gigagan,gigagan,1,0.4204867482185364,data\cache\clean\test\gigagan_17003\blur_s1.0.jpg
gigagan_17666,blur_s1.0,gigagan,gigagan,1,0.42914241552352905,data\cache\clean\test\gigagan_17666\blur_s1.0.jpg
gigagan_18085,blur_s1.0,gigagan,gigagan,1,0.008990979753434658,data\cache\clean\test\gigagan_18085\blur_s1.0.jpg
gigagan_18143,blur_s1.0,gigagan,gigagan,1,0.15661951899528503,data\cache\clean\test\gigagan_18143\blur_s1.0.jpg
gigagan_19199,blur_s1.0,gigagan,gigagan,1,0.022430548444390297,data\cache\clean\test\gigagan_19199\blur_s1.0.jpg
gigagan_19248,blur_s1.0,gigagan,gigagan,1,0.37996137142181396,data\cache\clean\test\gigagan_19248\blur_s1.0.jpg
gigagan_19458,blur_s1.0,gigagan,gigagan,1,0.06783004850149155,data\cache\clean\test\gigagan_19458\blur_s1.0.jpg
gigagan_20207,blur_s1.0,gigagan,gigagan,1,0.35660332441329956,data\cache\clean\test\gigagan_20207\blur_s1.0.jpg
gigagan_20327,blur_s1.0,gigagan,gigagan,1,0.0006627611583098769,data\cache\clean\test\gigagan_20327\blur_s1.0.jpg
gigagan_20756,blur_s1.0,gigagan,gigagan,1,0.16947077214717865,data\cache\clean\test\gigagan_20756\blur_s1.0.jpg
gigagan_20968,blur_s1.0,gigagan,gigagan,1,0.38506409525871277,data\cache\clean\test\gigagan_20968\blur_s1.0.jpg
gigagan_21116,blur_s1.0,gigagan,gigagan,1,0.08377309888601303,data\cache\clean\test\gigagan_21116\blur_s1.0.jpg
gigagan_21166,blur_s1.0,gigagan,gigagan,1,0.1567387878894806,data\cache\clean\test\gigagan_21166\blur_s1.0.jpg
gigagan_21244,blur_s1.0,gigagan,gigagan,1,0.06980332732200623,data\cache\clean\test\gigagan_21244\blur_s1.0.jpg
gigagan_21611,blur_s1.0,gigagan,gigagan,1,0.12047067284584045,data\cache\clean\test\gigagan_21611\blur_s1.0.jpg
gigagan_22263,blur_s1.0,gigagan,gigagan,1,0.10641007870435715,data\cache\clean\test\gigagan_22263\blur_s1.0.jpg
gigagan_22418,blur_s1.0,gigagan,gigagan,1,0.4833223223686218,data\cache\clean\test\gigagan_22418\blur_s1.0.jpg
gigagan_22533,blur_s1.0,gigagan,gigagan,1,0.13276930153369904,data\cache\clean\test\gigagan_22533\blur_s1.0.jpg
gigagan_22770,blur_s1.0,gigagan,gigagan,1,0.008707040920853615,data\cache\clean\test\gigagan_22770\blur_s1.0.jpg
gigagan_23134,blur_s1.0,gigagan,gigagan,1,0.0006369119510054588,data\cache\clean\test\gigagan_23134\blur_s1.0.jpg
gigagan_23834,blur_s1.0,gigagan,gigagan,1,0.03941299393773079,data\cache\clean\test\gigagan_23834\blur_s1.0.jpg
gigagan_24445,blur_s1.0,gigagan,gigagan,1,0.055671557784080505,data\cache\clean\test\gigagan_24445\blur_s1.0.jpg
gigagan_24679,blur_s1.0,gigagan,gigagan,1,0.14805513620376587,data\cache\clean\test\gigagan_24679\blur_s1.0.jpg
gigagan_24726,blur_s1.0,gigagan,gigagan,1,0.31040722131729126,data\cache\clean\test\gigagan_24726\blur_s1.0.jpg
gigagan_24933,blur_s1.0,gigagan,gigagan,1,0.3380228579044342,data\cache\clean\test\gigagan_24933\blur_s1.0.jpg
gigagan_25002,blur_s1.0,gigagan,gigagan,1,0.12827198207378387,data\cache\clean\test\gigagan_25002\blur_s1.0.jpg
gigagan_25090,blur_s1.0,gigagan,gigagan,1,0.02336343750357628,data\cache\clean\test\gigagan_25090\blur_s1.0.jpg
gigagan_25801,blur_s1.0,gigagan,gigagan,1,0.15691687166690826,data\cache\clean\test\gigagan_25801\blur_s1.0.jpg
gigagan_26067,blur_s1.0,gigagan,gigagan,1,0.20422473549842834,data\cache\clean\test\gigagan_26067\blur_s1.0.jpg
gigagan_26681,blur_s1.0,gigagan,gigagan,1,0.12462392449378967,data\cache\clean\test\gigagan_26681\blur_s1.0.jpg
gigagan_28062,blur_s1.0,gigagan,gigagan,1,0.32528162002563477,data\cache\clean\test\gigagan_28062\blur_s1.0.jpg
gigagan_28336,blur_s1.0,gigagan,gigagan,1,0.4118157923221588,data\cache\clean\test\gigagan_28336\blur_s1.0.jpg
gigagan_28900,blur_s1.0,gigagan,gigagan,1,0.03929181024432182,data\cache\clean\test\gigagan_28900\blur_s1.0.jpg
gigagan_29456,blur_s1.0,gigagan,gigagan,1,0.10892072319984436,data\cache\clean\test\gigagan_29456\blur_s1.0.jpg
imagen3_045e6da6fd7f6fb0,blur_s1.0,imagen3,imagen3,1,0.0010047517716884613,data\cache\clean\test\imagen3_045e6da6fd7f6fb0\blur_s1.0.jpg
imagen3_07747d6ffd056bee,blur_s1.0,imagen3,imagen3,1,0.4898354113101959,data\cache\clean\test\imagen3_07747d6ffd056bee\blur_s1.0.jpg
imagen3_13ed1f9391224848,blur_s1.0,imagen3,imagen3,1,0.13325288891792297,data\cache\clean\test\imagen3_13ed1f9391224848\blur_s1.0.jpg
imagen3_17643da56f35c6f7,blur_s1.0,imagen3,imagen3,1,0.0011478026863187551,data\cache\clean\test\imagen3_17643da56f35c6f7\blur_s1.0.jpg
imagen3_24e64d19ddde11cb,blur_s1.0,imagen3,imagen3,1,0.00359390489757061,data\cache\clean\test\imagen3_24e64d19ddde11cb\blur_s1.0.jpg
imagen3_260ae6b06f1f50e2,blur_s1.0,imagen3,imagen3,1,0.0003059005248360336,data\cache\clean\test\imagen3_260ae6b06f1f50e2\blur_s1.0.jpg
imagen3_2be4510162a8a76e,blur_s1.0,imagen3,imagen3,1,0.10068919509649277,data\cache\clean\test\imagen3_2be4510162a8a76e\blur_s1.0.jpg
imagen3_3403b18fc93acbfc,blur_s1.0,imagen3,imagen3,1,0.034484073519706726,data\cache\clean\test\imagen3_3403b18fc93acbfc\blur_s1.0.jpg
imagen3_44075,blur_s1.0,imagen3,imagen3,1,0.28130027651786804,data\cache\clean\test\imagen3_44075\blur_s1.0.jpg
imagen3_44476,blur_s1.0,imagen3,imagen3,1,0.15572433173656464,data\cache\clean\test\imagen3_44476\blur_s1.0.jpg
imagen3_46922,blur_s1.0,imagen3,imagen3,1,0.028146719560027122,data\cache\clean\test\imagen3_46922\blur_s1.0.jpg
imagen3_473ffc5e3d5dc373,blur_s1.0,imagen3,imagen3,1,0.0007585196872241795,data\cache\clean\test\imagen3_473ffc5e3d5dc373\blur_s1.0.jpg
imagen3_51659,blur_s1.0,imagen3,imagen3,1,0.2060457170009613,data\cache\clean\test\imagen3_51659\blur_s1.0.jpg
imagen3_519f5c348fe55fcd,blur_s1.0,imagen3,imagen3,1,0.491825670003891,data\cache\clean\test\imagen3_519f5c348fe55fcd\blur_s1.0.jpg
imagen3_560ead164dab63a5,blur_s1.0,imagen3,imagen3,1,0.49419814348220825,data\cache\clean\test\imagen3_560ead164dab63a5\blur_s1.0.jpg
imagen3_5e95809bd47d157b,blur_s1.0,imagen3,imagen3,1,0.031522516161203384,data\cache\clean\test\imagen3_5e95809bd47d157b\blur_s1.0.jpg
imagen3_69467160e53f71bc,blur_s1.0,imagen3,imagen3,1,0.31920477747917175,data\cache\clean\test\imagen3_69467160e53f71bc\blur_s1.0.jpg
imagen3_6a8270ea182a9194,blur_s1.0,imagen3,imagen3,1,0.00185466802213341,data\cache\clean\test\imagen3_6a8270ea182a9194\blur_s1.0.jpg
imagen3_6c7624322b04ce43,blur_s1.0,imagen3,imagen3,1,0.007871725596487522,data\cache\clean\test\imagen3_6c7624322b04ce43\blur_s1.0.jpg
imagen3_77fb2d4f372634f8,blur_s1.0,imagen3,imagen3,1,0.001732938690111041,data\cache\clean\test\imagen3_77fb2d4f372634f8\blur_s1.0.jpg
imagen3_7ee1485909c59826,blur_s1.0,imagen3,imagen3,1,0.006561389192938805,data\cache\clean\test\imagen3_7ee1485909c59826\blur_s1.0.jpg
imagen3_8b13dc3bff918841,blur_s1.0,imagen3,imagen3,1,0.05589001998305321,data\cache\clean\test\imagen3_8b13dc3bff918841\blur_s1.0.jpg
imagen3_8c20e4bf83ffff36,blur_s1.0,imagen3,imagen3,1,0.19607476890087128,data\cache\clean\test\imagen3_8c20e4bf83ffff36\blur_s1.0.jpg
imagen3_8e6f8acd28fd8f35,blur_s1.0,imagen3,imagen3,1,0.03616389259696007,data\cache\clean\test\imagen3_8e6f8acd28fd8f35\blur_s1.0.jpg
imagen3_9e82651e214a25c8,blur_s1.0,imagen3,imagen3,1,0.08533257991075516,data\cache\clean\test\imagen3_9e82651e214a25c8\blur_s1.0.jpg
imagen3_aa13646e437b7afa,blur_s1.0,imagen3,imagen3,1,0.004356926307082176,data\cache\clean\test\imagen3_aa13646e437b7afa\blur_s1.0.jpg
imagen3_ad860df8c2a1a848,blur_s1.0,imagen3,imagen3,1,0.007313321810215712,data\cache\clean\test\imagen3_ad860df8c2a1a848\blur_s1.0.jpg
imagen3_b69c9976ced306d1,blur_s1.0,imagen3,imagen3,1,0.018010493367910385,data\cache\clean\test\imagen3_b69c9976ced306d1\blur_s1.0.jpg
imagen3_ca44bb7db1e73a9a,blur_s1.0,imagen3,imagen3,1,0.010923326946794987,data\cache\clean\test\imagen3_ca44bb7db1e73a9a\blur_s1.0.jpg
imagen3_e63f3b6f8bdee43a,blur_s1.0,imagen3,imagen3,1,0.061487652361392975,data\cache\clean\test\imagen3_e63f3b6f8bdee43a\blur_s1.0.jpg
imagen3_ea646e585cc24088,blur_s1.0,imagen3,imagen3,1,0.33593595027923584,data\cache\clean\test\imagen3_ea646e585cc24088\blur_s1.0.jpg
imagen3_eaf94916ce926270,blur_s1.0,imagen3,imagen3,1,0.4649011194705963,data\cache\clean\test\imagen3_eaf94916ce926270\blur_s1.0.jpg
imagen3_f2da05bffbe27dab,blur_s1.0,imagen3,imagen3,1,0.07943414896726608,data\cache\clean\test\imagen3_f2da05bffbe27dab\blur_s1.0.jpg
imagen3_fd568a2839353a92,blur_s1.0,imagen3,imagen3,1,0.491300493478775,data\cache\clean\test\imagen3_fd568a2839353a92\blur_s1.0.jpg
imagen3_fe7048efd51b15b8,blur_s1.0,imagen3,imagen3,1,0.16122084856033325,data\cache\clean\test\imagen3_fe7048efd51b15b8\blur_s1.0.jpg
imagen3_Imagen3_1208,blur_s1.0,imagen3,imagen3,1,0.003797717858105898,data\cache\clean\test\imagen3_Imagen3_1208\blur_s1.0.jpg
imagen3_Imagen3_2403,blur_s1.0,imagen3,imagen3,1,0.0022251689806580544,data\cache\clean\test\imagen3_Imagen3_2403\blur_s1.0.jpg
imagen3_Imagen3_3097,blur_s1.0,imagen3,imagen3,1,0.11211196333169937,data\cache\clean\test\imagen3_Imagen3_3097\blur_s1.0.jpg
sidset_full_synthetic_033528,blur_s1.0,sidset,full_synthetic,1,0.01661260984838009,data\cache\clean\test\sidset_full_synthetic_033528\blur_s1.0.jpg
sidset_full_synthetic_040891,blur_s1.0,sidset,full_synthetic,1,0.3684287667274475,data\cache\clean\test\sidset_full_synthetic_040891\blur_s1.0.jpg
sidset_full_synthetic_042089,blur_s1.0,sidset,full_synthetic,1,0.10348926484584808,data\cache\clean\test\sidset_full_synthetic_042089\blur_s1.0.jpg
sidset_full_synthetic_060524,blur_s1.0,sidset,full_synthetic,1,0.10884447395801544,data\cache\clean\test\sidset_full_synthetic_060524\blur_s1.0.jpg
sidset_full_synthetic_063062,blur_s1.0,sidset,full_synthetic,1,0.1496051549911499,data\cache\clean\test\sidset_full_synthetic_063062\blur_s1.0.jpg
sidset_full_synthetic_066065,blur_s1.0,sidset,full_synthetic,1,0.08122038841247559,data\cache\clean\test\sidset_full_synthetic_066065\blur_s1.0.jpg
stylegan_xl_0097a2e24789bc7a,blur_s1.0,stylegan_xl,stylegan_xl,1,0.01638474129140377,data\cache\clean\test\stylegan_xl_0097a2e24789bc7a\blur_s1.0.jpg
stylegan_xl_00a4591cf03df584,blur_s1.0,stylegan_xl,stylegan_xl,1,0.001356175052933395,data\cache\clean\test\stylegan_xl_00a4591cf03df584\blur_s1.0.jpg
stylegan_xl_031391f1ab18ab62,blur_s1.0,stylegan_xl,stylegan_xl,1,0.0804816484451294,data\cache\clean\test\stylegan_xl_031391f1ab18ab62\blur_s1.0.jpg
stylegan_xl_0f7efa4c31bcd8f4,blur_s1.0,stylegan_xl,stylegan_xl,1,0.0036208543460816145,data\cache\clean\test\stylegan_xl_0f7efa4c31bcd8f4\blur_s1.0.jpg
stylegan_xl_1060d58257bc5130,blur_s1.0,stylegan_xl,stylegan_xl,1,0.0024798030499368906,data\cache\clean\test\stylegan_xl_1060d58257bc5130\blur_s1.0.jpg
stylegan_xl_1440252ff76f525f,blur_s1.0,stylegan_xl,stylegan_xl,1,0.38019993901252747,data\cache\clean\test\stylegan_xl_1440252ff76f525f\blur_s1.0.jpg
stylegan_xl_2013fe0d44f84041,blur_s1.0,stylegan_xl,stylegan_xl,1,1.2124612112529576e-05,data\cache\clean\test\stylegan_xl_2013fe0d44f84041\blur_s1.0.jpg
stylegan_xl_324e332686aa6966,blur_s1.0,stylegan_xl,stylegan_xl,1,0.34548261761665344,data\cache\clean\test\stylegan_xl_324e332686aa6966\blur_s1.0.jpg
stylegan_xl_3621cf0be1fc8d68,blur_s1.0,stylegan_xl,stylegan_xl,1,0.18684902787208557,data\cache\clean\test\stylegan_xl_3621cf0be1fc8d68\blur_s1.0.jpg
stylegan_xl_38c489e3b0d8c700,blur_s1.0,stylegan_xl,stylegan_xl,1,0.011399645358324051,data\cache\clean\test\stylegan_xl_38c489e3b0d8c700\blur_s1.0.jpg
stylegan_xl_3b5e18f8fc06450d,blur_s1.0,stylegan_xl,stylegan_xl,1,0.013113598339259624,data\cache\clean\test\stylegan_xl_3b5e18f8fc06450d\blur_s1.0.jpg
stylegan_xl_45081,blur_s1.0,stylegan_xl,stylegan_xl,1,0.027060022577643394,data\cache\clean\test\stylegan_xl_45081\blur_s1.0.jpg
stylegan_xl_47014,blur_s1.0,stylegan_xl,stylegan_xl,1,0.2503560781478882,data\cache\clean\test\stylegan_xl_47014\blur_s1.0.jpg
stylegan_xl_47343,blur_s1.0,stylegan_xl,stylegan_xl,1,0.010968392714858055,data\cache\clean\test\stylegan_xl_47343\blur_s1.0.jpg
stylegan_xl_48611,blur_s1.0,stylegan_xl,stylegan_xl,1,0.011102719232439995,data\cache\clean\test\stylegan_xl_48611\blur_s1.0.jpg
stylegan_xl_4f991f9638e28675,blur_s1.0,stylegan_xl,stylegan_xl,1,0.03372027352452278,data\cache\clean\test\stylegan_xl_4f991f9638e28675\blur_s1.0.jpg
stylegan_xl_50731,blur_s1.0,stylegan_xl,stylegan_xl,1,0.015343318693339825,data\cache\clean\test\stylegan_xl_50731\blur_s1.0.jpg
stylegan_xl_51829,blur_s1.0,stylegan_xl,stylegan_xl,1,0.25262531638145447,data\cache\clean\test\stylegan_xl_51829\blur_s1.0.jpg
stylegan_xl_60ed9d3511d333bf,blur_s1.0,stylegan_xl,stylegan_xl,1,0.04529524967074394,data\cache\clean\test\stylegan_xl_60ed9d3511d333bf\blur_s1.0.jpg
stylegan_xl_65bb283a1280639e,blur_s1.0,stylegan_xl,stylegan_xl,1,0.034614574164152145,data\cache\clean\test\stylegan_xl_65bb283a1280639e\blur_s1.0.jpg
stylegan_xl_729fee52c5b7f95b,blur_s1.0,stylegan_xl,stylegan_xl,1,0.036356572061777115,data\cache\clean\test\stylegan_xl_729fee52c5b7f95b\blur_s1.0.jpg
stylegan_xl_7d433e90bcd7bd53,blur_s1.0,stylegan_xl,stylegan_xl,1,0.0008148370543494821,data\cache\clean\test\stylegan_xl_7d433e90bcd7bd53\blur_s1.0.jpg
stylegan_xl_7ffebe6032f8209f,blur_s1.0,stylegan_xl,stylegan_xl,1,0.018427077680826187,data\cache\clean\test\stylegan_xl_7ffebe6032f8209f\blur_s1.0.jpg
stylegan_xl_80fc8be6e7c11eb3,blur_s1.0,stylegan_xl,stylegan_xl,1,0.0037678456865251064,data\cache\clean\test\stylegan_xl_80fc8be6e7c11eb3\blur_s1.0.jpg
stylegan_xl_8461b1ae87c22c20,blur_s1.0,stylegan_xl,stylegan_xl,1,0.43755626678466797,data\cache\clean\test\stylegan_xl_8461b1ae87c22c20\blur_s1.0.jpg
stylegan_xl_8f9dfd75dde8914f,blur_s1.0,stylegan_xl,stylegan_xl,1,0.021062320098280907,data\cache\clean\test\stylegan_xl_8f9dfd75dde8914f\blur_s1.0.jpg
stylegan_xl_a10d4a733f4df420,blur_s1.0,stylegan_xl,stylegan_xl,1,0.07024205476045609,data\cache\clean\test\stylegan_xl_a10d4a733f4df420\blur_s1.0.jpg
stylegan_xl_a1ed16fffc5ecb68,blur_s1.0,stylegan_xl,stylegan_xl,1,0.10303469747304916,data\cache\clean\test\stylegan_xl_a1ed16fffc5ecb68\blur_s1.0.jpg
stylegan_xl_a72f3ace10a8f550,blur_s1.0,stylegan_xl,stylegan_xl,1,0.002686739433556795,data\cache\clean\test\stylegan_xl_a72f3ace10a8f550\blur_s1.0.jpg
stylegan_xl_b6abe358484b287a,blur_s1.0,stylegan_xl,stylegan_xl,1,0.006058403756469488,data\cache\clean\test\stylegan_xl_b6abe358484b287a\blur_s1.0.jpg
stylegan_xl_bd69757ff485d03e,blur_s1.0,stylegan_xl,stylegan_xl,1,0.14445066452026367,data\cache\clean\test\stylegan_xl_bd69757ff485d03e\blur_s1.0.jpg
stylegan_xl_cccbc1d57a7e095e,blur_s1.0,stylegan_xl,stylegan_xl,1,0.2496788501739502,data\cache\clean\test\stylegan_xl_cccbc1d57a7e095e\blur_s1.0.jpg
stylegan_xl_cf9c332a1ebfb587,blur_s1.0,stylegan_xl,stylegan_xl,1,0.0020445415284484625,data\cache\clean\test\stylegan_xl_cf9c332a1ebfb587\blur_s1.0.jpg
stylegan_xl_d7c4ece8c8a01de0,blur_s1.0,stylegan_xl,stylegan_xl,1,0.16019567847251892,data\cache\clean\test\stylegan_xl_d7c4ece8c8a01de0\blur_s1.0.jpg
stylegan_xl_e4b8e7ef72cabaf2,blur_s1.0,stylegan_xl,stylegan_xl,1,0.24844758212566376,data\cache\clean\test\stylegan_xl_e4b8e7ef72cabaf2\blur_s1.0.jpg
stylegan_xl_f4a503e24265a7e1,blur_s1.0,stylegan_xl,stylegan_xl,1,0.47699713706970215,data\cache\clean\test\stylegan_xl_f4a503e24265a7e1\blur_s1.0.jpg
stylegan_xl_fef6a66b8deaa7ab,blur_s1.0,stylegan_xl,stylegan_xl,1,0.0007507957052439451,data\cache\clean\test\stylegan_xl_fef6a66b8deaa7ab\blur_s1.0.jpg
cifake_1028 (10),blur_s2.0,cifake,stable_diffusion,1,0.1093812808394432,data\cache\clean\test\cifake_1028 (10)\blur_s2.0.jpg
cifake_1088 (3),blur_s2.0,cifake,stable_diffusion,1,0.34206682443618774,data\cache\clean\test\cifake_1088 (3)\blur_s2.0.jpg
cifake_2293 (9),blur_s2.0,cifake,stable_diffusion,1,0.21537035703659058,data\cache\clean\test\cifake_2293 (9)\blur_s2.0.jpg
cifake_3053 (4),blur_s2.0,cifake,stable_diffusion,1,0.4350726902484894,data\cache\clean\test\cifake_3053 (4)\blur_s2.0.jpg
cifake_4127 (3),blur_s2.0,cifake,stable_diffusion,1,0.2768543064594269,data\cache\clean\test\cifake_4127 (3)\blur_s2.0.jpg
cifake_4221 (2),blur_s2.0,cifake,stable_diffusion,1,0.052356377243995667,data\cache\clean\test\cifake_4221 (2)\blur_s2.0.jpg
cifake_4615 (3),blur_s2.0,cifake,stable_diffusion,1,0.09239636361598969,data\cache\clean\test\cifake_4615 (3)\blur_s2.0.jpg
cifake_5607 (3),blur_s2.0,cifake,stable_diffusion,1,0.11718208342790604,data\cache\clean\test\cifake_5607 (3)\blur_s2.0.jpg
cifake_5943 (10),blur_s2.0,cifake,stable_diffusion,1,0.02898542769253254,data\cache\clean\test\cifake_5943 (10)\blur_s2.0.jpg
cifake_771 (8),blur_s2.0,cifake,stable_diffusion,1,0.11049913614988327,data\cache\clean\test\cifake_771 (8)\blur_s2.0.jpg
dalle_12052,blur_s2.0,dalle,dalle,1,0.0062783933244645596,data\cache\clean\test\dalle_12052\blur_s2.0.jpg
dalle_12104,blur_s2.0,dalle,dalle,1,0.47271230816841125,data\cache\clean\test\dalle_12104\blur_s2.0.jpg
dalle_13108,blur_s2.0,dalle,dalle,1,0.33065393567085266,data\cache\clean\test\dalle_13108\blur_s2.0.jpg
dalle_13820,blur_s2.0,dalle,dalle,1,0.2583369016647339,data\cache\clean\test\dalle_13820\blur_s2.0.jpg
dalle_17254,blur_s2.0,dalle,dalle,1,0.055962830781936646,data\cache\clean\test\dalle_17254\blur_s2.0.jpg
dalle_18943,blur_s2.0,dalle,dalle,1,0.05566416308283806,data\cache\clean\test\dalle_18943\blur_s2.0.jpg
dalle_19590,blur_s2.0,dalle,dalle,1,0.005033497698605061,data\cache\clean\test\dalle_19590\blur_s2.0.jpg
dalle_19962,blur_s2.0,dalle,dalle,1,0.03767953813076019,data\cache\clean\test\dalle_19962\blur_s2.0.jpg
dalle_20080,blur_s2.0,dalle,dalle,1,0.214540034532547,data\cache\clean\test\dalle_20080\blur_s2.0.jpg
dalle_20855,blur_s2.0,dalle,dalle,1,0.12927620112895966,data\cache\clean\test\dalle_20855\blur_s2.0.jpg
dalle_24310,blur_s2.0,dalle,dalle,1,0.2930605709552765,data\cache\clean\test\dalle_24310\blur_s2.0.jpg
dalle_24599,blur_s2.0,dalle,dalle,1,0.31184178590774536,data\cache\clean\test\dalle_24599\blur_s2.0.jpg
dalle_25150,blur_s2.0,dalle,dalle,1,0.021706508472561836,data\cache\clean\test\dalle_25150\blur_s2.0.jpg
dalle_26611,blur_s2.0,dalle,dalle,1,0.15143845975399017,data\cache\clean\test\dalle_26611\blur_s2.0.jpg
dalle_27874,blur_s2.0,dalle,dalle,1,0.09763048589229584,data\cache\clean\test\dalle_27874\blur_s2.0.jpg
dalle_3469,blur_s2.0,dalle,dalle,1,0.3803841173648834,data\cache\clean\test\dalle_3469\blur_s2.0.jpg
dalle_35682,blur_s2.0,dalle,dalle,1,0.42841836810112,data\cache\clean\test\dalle_35682\blur_s2.0.jpg
dalle_36430,blur_s2.0,dalle,dalle,1,0.17268896102905273,data\cache\clean\test\dalle_36430\blur_s2.0.jpg
dalle_40387,blur_s2.0,dalle,dalle,1,0.02423389069736004,data\cache\clean\test\dalle_40387\blur_s2.0.jpg
dalle_41791,blur_s2.0,dalle,dalle,1,0.00016862992197275162,data\cache\clean\test\dalle_41791\blur_s2.0.jpg
dalle_42344,blur_s2.0,dalle,dalle,1,0.49169015884399414,data\cache\clean\test\dalle_42344\blur_s2.0.jpg
dalle_6481,blur_s2.0,dalle,dalle,1,0.07331808656454086,data\cache\clean\test\dalle_6481\blur_s2.0.jpg
dalle_6f0f61883f111368d770c54801f33449,blur_s2.0,dalle,dalle,1,0.0006272341124713421,data\cache\clean\test\dalle_6f0f61883f111368d770c54801f33449\blur_s2.0.jpg
dalle_8017,blur_s2.0,dalle,dalle,1,0.00012336316285654902,data\cache\clean\test\dalle_8017\blur_s2.0.jpg
dalle_9068,blur_s2.0,dalle,dalle,1,0.040452729910612106,data\cache\clean\test\dalle_9068\blur_s2.0.jpg
dalle_94051e3a0f0d105850a5990e8bdc5785,blur_s2.0,dalle,dalle,1,0.1402948945760727,data\cache\clean\test\dalle_94051e3a0f0d105850a5990e8bdc5785\blur_s2.0.jpg
dalle_9639,blur_s2.0,dalle,dalle,1,0.1864895224571228,data\cache\clean\test\dalle_9639\blur_s2.0.jpg
gigagan_02490,blur_s2.0,gigagan,gigagan,1,0.23196621239185333,data\cache\clean\test\gigagan_02490\blur_s2.0.jpg
gigagan_03860,blur_s2.0,gigagan,gigagan,1,0.11666952818632126,data\cache\clean\test\gigagan_03860\blur_s2.0.jpg
gigagan_05738,blur_s2.0,gigagan,gigagan,1,0.05206087976694107,data\cache\clean\test\gigagan_05738\blur_s2.0.jpg
gigagan_06526,blur_s2.0,gigagan,gigagan,1,0.17022183537483215,data\cache\clean\test\gigagan_06526\blur_s2.0.jpg
gigagan_06628,blur_s2.0,gigagan,gigagan,1,0.3030891716480255,data\cache\clean\test\gigagan_06628\blur_s2.0.jpg
gigagan_07909,blur_s2.0,gigagan,gigagan,1,0.1044812723994255,data\cache\clean\test\gigagan_07909\blur_s2.0.jpg
gigagan_08193,blur_s2.0,gigagan,gigagan,1,0.42034584283828735,data\cache\clean\test\gigagan_08193\blur_s2.0.jpg
gigagan_08351,blur_s2.0,gigagan,gigagan,1,0.054615311324596405,data\cache\clean\test\gigagan_08351\blur_s2.0.jpg
gigagan_08561,blur_s2.0,gigagan,gigagan,1,0.19874973595142365,data\cache\clean\test\gigagan_08561\blur_s2.0.jpg
gigagan_09026,blur_s2.0,gigagan,gigagan,1,0.035301629453897476,data\cache\clean\test\gigagan_09026\blur_s2.0.jpg
gigagan_09302,blur_s2.0,gigagan,gigagan,1,0.054188404232263565,data\cache\clean\test\gigagan_09302\blur_s2.0.jpg
gigagan_09458,blur_s2.0,gigagan,gigagan,1,0.1580279916524887,data\cache\clean\test\gigagan_09458\blur_s2.0.jpg
gigagan_09663,blur_s2.0,gigagan,gigagan,1,0.17210297286510468,data\cache\clean\test\gigagan_09663\blur_s2.0.jpg
gigagan_10282,blur_s2.0,gigagan,gigagan,1,0.1294572353363037,data\cache\clean\test\gigagan_10282\blur_s2.0.jpg
gigagan_10769,blur_s2.0,gigagan,gigagan,1,0.047509223222732544,data\cache\clean\test\gigagan_10769\blur_s2.0.jpg
gigagan_10914,blur_s2.0,gigagan,gigagan,1,0.00022334222740028054,data\cache\clean\test\gigagan_10914\blur_s2.0.jpg
gigagan_12929,blur_s2.0,gigagan,gigagan,1,0.013490315526723862,data\cache\clean\test\gigagan_12929\blur_s2.0.jpg
gigagan_13110,blur_s2.0,gigagan,gigagan,1,0.13433413207530975,data\cache\clean\test\gigagan_13110\blur_s2.0.jpg
gigagan_14071,blur_s2.0,gigagan,gigagan,1,0.0002205150667577982,data\cache\clean\test\gigagan_14071\blur_s2.0.jpg
gigagan_14138,blur_s2.0,gigagan,gigagan,1,0.29179829359054565,data\cache\clean\test\gigagan_14138\blur_s2.0.jpg
gigagan_14909,blur_s2.0,gigagan,gigagan,1,0.02872340939939022,data\cache\clean\test\gigagan_14909\blur_s2.0.jpg
gigagan_15355,blur_s2.0,gigagan,gigagan,1,0.06413241475820541,data\cache\clean\test\gigagan_15355\blur_s2.0.jpg
gigagan_15454,blur_s2.0,gigagan,gigagan,1,0.03282766789197922,data\cache\clean\test\gigagan_15454\blur_s2.0.jpg
gigagan_15694,blur_s2.0,gigagan,gigagan,1,0.3421366214752197,data\cache\clean\test\gigagan_15694\blur_s2.0.jpg
gigagan_16357,blur_s2.0,gigagan,gigagan,1,0.07300816476345062,data\cache\clean\test\gigagan_16357\blur_s2.0.jpg
gigagan_16859,blur_s2.0,gigagan,gigagan,1,0.4903608560562134,data\cache\clean\test\gigagan_16859\blur_s2.0.jpg
gigagan_16966,blur_s2.0,gigagan,gigagan,1,0.46454891562461853,data\cache\clean\test\gigagan_16966\blur_s2.0.jpg
gigagan_17003,blur_s2.0,gigagan,gigagan,1,0.12692596018314362,data\cache\clean\test\gigagan_17003\blur_s2.0.jpg
gigagan_18085,blur_s2.0,gigagan,gigagan,1,0.00594230554997921,data\cache\clean\test\gigagan_18085\blur_s2.0.jpg
gigagan_18143,blur_s2.0,gigagan,gigagan,1,0.22545291483402252,data\cache\clean\test\gigagan_18143\blur_s2.0.jpg
gigagan_18797,blur_s2.0,gigagan,gigagan,1,0.37889865040779114,data\cache\clean\test\gigagan_18797\blur_s2.0.jpg
gigagan_19127,blur_s2.0,gigagan,gigagan,1,0.46047452092170715,data\cache\clean\test\gigagan_19127\blur_s2.0.jpg
gigagan_19199,blur_s2.0,gigagan,gigagan,1,0.09733057767152786,data\cache\clean\test\gigagan_19199\blur_s2.0.jpg
gigagan_19207,blur_s2.0,gigagan,gigagan,1,0.49328213930130005,data\cache\clean\test\gigagan_19207\blur_s2.0.jpg
gigagan_19248,blur_s2.0,gigagan,gigagan,1,0.02852248214185238,data\cache\clean\test\gigagan_19248\blur_s2.0.jpg
gigagan_19458,blur_s2.0,gigagan,gigagan,1,0.02037050761282444,data\cache\clean\test\gigagan_19458\blur_s2.0.jpg
gigagan_20207,blur_s2.0,gigagan,gigagan,1,0.07240553945302963,data\cache\clean\test\gigagan_20207\blur_s2.0.jpg
gigagan_20327,blur_s2.0,gigagan,gigagan,1,0.0015547348884865642,data\cache\clean\test\gigagan_20327\blur_s2.0.jpg
gigagan_20756,blur_s2.0,gigagan,gigagan,1,0.025765249505639076,data\cache\clean\test\gigagan_20756\blur_s2.0.jpg
gigagan_21116,blur_s2.0,gigagan,gigagan,1,0.09823630750179291,data\cache\clean\test\gigagan_21116\blur_s2.0.jpg
gigagan_21166,blur_s2.0,gigagan,gigagan,1,0.04934988170862198,data\cache\clean\test\gigagan_21166\blur_s2.0.jpg
gigagan_21244,blur_s2.0,gigagan,gigagan,1,0.08681725710630417,data\cache\clean\test\gigagan_21244\blur_s2.0.jpg
gigagan_21611,blur_s2.0,gigagan,gigagan,1,0.15013839304447174,data\cache\clean\test\gigagan_21611\blur_s2.0.jpg
gigagan_22263,blur_s2.0,gigagan,gigagan,1,0.02423795498907566,data\cache\clean\test\gigagan_22263\blur_s2.0.jpg
gigagan_22418,blur_s2.0,gigagan,gigagan,1,0.27528247237205505,data\cache\clean\test\gigagan_22418\blur_s2.0.jpg
gigagan_22770,blur_s2.0,gigagan,gigagan,1,0.002857457846403122,data\cache\clean\test\gigagan_22770\blur_s2.0.jpg
gigagan_23134,blur_s2.0,gigagan,gigagan,1,0.00015691935550421476,data\cache\clean\test\gigagan_23134\blur_s2.0.jpg
gigagan_23523,blur_s2.0,gigagan,gigagan,1,0.35105830430984497,data\cache\clean\test\gigagan_23523\blur_s2.0.jpg
gigagan_23834,blur_s2.0,gigagan,gigagan,1,0.020839067175984383,data\cache\clean\test\gigagan_23834\blur_s2.0.jpg
gigagan_24445,blur_s2.0,gigagan,gigagan,1,0.016198744997382164,data\cache\clean\test\gigagan_24445\blur_s2.0.jpg
gigagan_24679,blur_s2.0,gigagan,gigagan,1,0.18791808187961578,data\cache\clean\test\gigagan_24679\blur_s2.0.jpg
gigagan_24726,blur_s2.0,gigagan,gigagan,1,0.21124188601970673,data\cache\clean\test\gigagan_24726\blur_s2.0.jpg
gigagan_24933,blur_s2.0,gigagan,gigagan,1,0.3596562147140503,data\cache\clean\test\gigagan_24933\blur_s2.0.jpg
gigagan_25002,blur_s2.0,gigagan,gigagan,1,0.05506938323378563,data\cache\clean\test\gigagan_25002\blur_s2.0.jpg
gigagan_25090,blur_s2.0,gigagan,gigagan,1,0.07134664058685303,data\cache\clean\test\gigagan_25090\blur_s2.0.jpg
gigagan_25801,blur_s2.0,gigagan,gigagan,1,0.14961495995521545,data\cache\clean\test\gigagan_25801\blur_s2.0.jpg
gigagan_26067,blur_s2.0,gigagan,gigagan,1,0.05605855956673622,data\cache\clean\test\gigagan_26067\blur_s2.0.jpg
gigagan_26681,blur_s2.0,gigagan,gigagan,1,0.32579362392425537,data\cache\clean\test\gigagan_26681\blur_s2.0.jpg
gigagan_27121,blur_s2.0,gigagan,gigagan,1,0.14151769876480103,data\cache\clean\test\gigagan_27121\blur_s2.0.jpg
gigagan_28062,blur_s2.0,gigagan,gigagan,1,0.46657153964042664,data\cache\clean\test\gigagan_28062\blur_s2.0.jpg
gigagan_28336,blur_s2.0,gigagan,gigagan,1,0.07283682376146317,data\cache\clean\test\gigagan_28336\blur_s2.0.jpg
gigagan_28900,blur_s2.0,gigagan,gigagan,1,0.028448347002267838,data\cache\clean\test\gigagan_28900\blur_s2.0.jpg
gigagan_29456,blur_s2.0,gigagan,gigagan,1,0.15590175986289978,data\cache\clean\test\gigagan_29456\blur_s2.0.jpg
imagen3_045e6da6fd7f6fb0,blur_s2.0,imagen3,imagen3,1,0.0006726867286488414,data\cache\clean\test\imagen3_045e6da6fd7f6fb0\blur_s2.0.jpg
imagen3_07747d6ffd056bee,blur_s2.0,imagen3,imagen3,1,0.23245355486869812,data\cache\clean\test\imagen3_07747d6ffd056bee\blur_s2.0.jpg
imagen3_13ed1f9391224848,blur_s2.0,imagen3,imagen3,1,0.11339126527309418,data\cache\clean\test\imagen3_13ed1f9391224848\blur_s2.0.jpg
imagen3_15ae6310fb427bba,blur_s2.0,imagen3,imagen3,1,0.47956278920173645,data\cache\clean\test\imagen3_15ae6310fb427bba\blur_s2.0.jpg
imagen3_17643da56f35c6f7,blur_s2.0,imagen3,imagen3,1,0.000740936491638422,data\cache\clean\test\imagen3_17643da56f35c6f7\blur_s2.0.jpg
imagen3_17919c9ffd792ad9,blur_s2.0,imagen3,imagen3,1,0.2971002161502838,data\cache\clean\test\imagen3_17919c9ffd792ad9\blur_s2.0.jpg
imagen3_24e64d19ddde11cb,blur_s2.0,imagen3,imagen3,1,0.015928223729133606,data\cache\clean\test\imagen3_24e64d19ddde11cb\blur_s2.0.jpg
imagen3_260ae6b06f1f50e2,blur_s2.0,imagen3,imagen3,1,0.0008646008209325373,data\cache\clean\test\imagen3_260ae6b06f1f50e2\blur_s2.0.jpg
imagen3_3403b18fc93acbfc,blur_s2.0,imagen3,imagen3,1,0.14781637489795685,data\cache\clean\test\imagen3_3403b18fc93acbfc\blur_s2.0.jpg
imagen3_44075,blur_s2.0,imagen3,imagen3,1,0.11492835730314255,data\cache\clean\test\imagen3_44075\blur_s2.0.jpg
imagen3_44476,blur_s2.0,imagen3,imagen3,1,0.2173565924167633,data\cache\clean\test\imagen3_44476\blur_s2.0.jpg
imagen3_46922,blur_s2.0,imagen3,imagen3,1,0.048806894570589066,data\cache\clean\test\imagen3_46922\blur_s2.0.jpg
imagen3_473ffc5e3d5dc373,blur_s2.0,imagen3,imagen3,1,0.000715292408131063,data\cache\clean\test\imagen3_473ffc5e3d5dc373\blur_s2.0.jpg
imagen3_51659,blur_s2.0,imagen3,imagen3,1,0.04965226352214813,data\cache\clean\test\imagen3_51659\blur_s2.0.jpg
imagen3_52115,blur_s2.0,imagen3,imagen3,1,0.3925156891345978,data\cache\clean\test\imagen3_52115\blur_s2.0.jpg
imagen3_5e95809bd47d157b,blur_s2.0,imagen3,imagen3,1,0.013894353993237019,data\cache\clean\test\imagen3_5e95809bd47d157b\blur_s2.0.jpg
imagen3_69467160e53f71bc,blur_s2.0,imagen3,imagen3,1,0.17682188749313354,data\cache\clean\test\imagen3_69467160e53f71bc\blur_s2.0.jpg
imagen3_6a8270ea182a9194,blur_s2.0,imagen3,imagen3,1,0.0022836101707071066,data\cache\clean\test\imagen3_6a8270ea182a9194\blur_s2.0.jpg
imagen3_6c7624322b04ce43,blur_s2.0,imagen3,imagen3,1,0.0035583931021392345,data\cache\clean\test\imagen3_6c7624322b04ce43\blur_s2.0.jpg
imagen3_77fb2d4f372634f8,blur_s2.0,imagen3,imagen3,1,0.00168612040579319,data\cache\clean\test\imagen3_77fb2d4f372634f8\blur_s2.0.jpg
imagen3_7e3e1e738f642f1a,blur_s2.0,imagen3,imagen3,1,0.4176903963088989,data\cache\clean\test\imagen3_7e3e1e738f642f1a\blur_s2.0.jpg
imagen3_7ee1485909c59826,blur_s2.0,imagen3,imagen3,1,0.008647938258945942,data\cache\clean\test\imagen3_7ee1485909c59826\blur_s2.0.jpg
imagen3_8b13dc3bff918841,blur_s2.0,imagen3,imagen3,1,0.026079094037413597,data\cache\clean\test\imagen3_8b13dc3bff918841\blur_s2.0.jpg
imagen3_8c20e4bf83ffff36,blur_s2.0,imagen3,imagen3,1,0.15989230573177338,data\cache\clean\test\imagen3_8c20e4bf83ffff36\blur_s2.0.jpg
imagen3_8e6f8acd28fd8f35,blur_s2.0,imagen3,imagen3,1,0.017105940729379654,data\cache\clean\test\imagen3_8e6f8acd28fd8f35\blur_s2.0.jpg
imagen3_9e82651e214a25c8,blur_s2.0,imagen3,imagen3,1,0.07160985469818115,data\cache\clean\test\imagen3_9e82651e214a25c8\blur_s2.0.jpg
imagen3_aa13646e437b7afa,blur_s2.0,imagen3,imagen3,1,0.044931571930646896,data\cache\clean\test\imagen3_aa13646e437b7afa\blur_s2.0.jpg
imagen3_ad860df8c2a1a848,blur_s2.0,imagen3,imagen3,1,0.016222355887293816,data\cache\clean\test\imagen3_ad860df8c2a1a848\blur_s2.0.jpg
imagen3_b69c9976ced306d1,blur_s2.0,imagen3,imagen3,1,0.040521472692489624,data\cache\clean\test\imagen3_b69c9976ced306d1\blur_s2.0.jpg
imagen3_ca44bb7db1e73a9a,blur_s2.0,imagen3,imagen3,1,0.010975999757647514,data\cache\clean\test\imagen3_ca44bb7db1e73a9a\blur_s2.0.jpg
imagen3_e63f3b6f8bdee43a,blur_s2.0,imagen3,imagen3,1,0.048001479357481,data\cache\clean\test\imagen3_e63f3b6f8bdee43a\blur_s2.0.jpg
imagen3_ea646e585cc24088,blur_s2.0,imagen3,imagen3,1,0.2666226923465729,data\cache\clean\test\imagen3_ea646e585cc24088\blur_s2.0.jpg
imagen3_eaf94916ce926270,blur_s2.0,imagen3,imagen3,1,0.44736483693122864,data\cache\clean\test\imagen3_eaf94916ce926270\blur_s2.0.jpg
imagen3_f2da05bffbe27dab,blur_s2.0,imagen3,imagen3,1,0.045453548431396484,data\cache\clean\test\imagen3_f2da05bffbe27dab\blur_s2.0.jpg
imagen3_fd568a2839353a92,blur_s2.0,imagen3,imagen3,1,0.389203816652298,data\cache\clean\test\imagen3_fd568a2839353a92\blur_s2.0.jpg
imagen3_fe7048efd51b15b8,blur_s2.0,imagen3,imagen3,1,0.07767603546380997,data\cache\clean\test\imagen3_fe7048efd51b15b8\blur_s2.0.jpg
imagen3_Imagen3_1208,blur_s2.0,imagen3,imagen3,1,0.05729440227150917,data\cache\clean\test\imagen3_Imagen3_1208\blur_s2.0.jpg
imagen3_Imagen3_2403,blur_s2.0,imagen3,imagen3,1,0.003979237284511328,data\cache\clean\test\imagen3_Imagen3_2403\blur_s2.0.jpg
imagen3_Imagen3_3097,blur_s2.0,imagen3,imagen3,1,0.24082723259925842,data\cache\clean\test\imagen3_Imagen3_3097\blur_s2.0.jpg
imagen3_Imagen3_3449,blur_s2.0,imagen3,imagen3,1,0.44035348296165466,data\cache\clean\test\imagen3_Imagen3_3449\blur_s2.0.jpg
imagen3_Imagen3_3533,blur_s2.0,imagen3,imagen3,1,0.3755170702934265,data\cache\clean\test\imagen3_Imagen3_3533\blur_s2.0.jpg
sidset_full_synthetic_033528,blur_s2.0,sidset,full_synthetic,1,0.016395017504692078,data\cache\clean\test\sidset_full_synthetic_033528\blur_s2.0.jpg
sidset_full_synthetic_040891,blur_s2.0,sidset,full_synthetic,1,0.380196213722229,data\cache\clean\test\sidset_full_synthetic_040891\blur_s2.0.jpg
sidset_full_synthetic_042089,blur_s2.0,sidset,full_synthetic,1,0.10788697004318237,data\cache\clean\test\sidset_full_synthetic_042089\blur_s2.0.jpg
sidset_full_synthetic_048809,blur_s2.0,sidset,full_synthetic,1,0.14636468887329102,data\cache\clean\test\sidset_full_synthetic_048809\blur_s2.0.jpg
sidset_full_synthetic_060524,blur_s2.0,sidset,full_synthetic,1,0.0333455465734005,data\cache\clean\test\sidset_full_synthetic_060524\blur_s2.0.jpg
sidset_full_synthetic_063062,blur_s2.0,sidset,full_synthetic,1,0.08083481341600418,data\cache\clean\test\sidset_full_synthetic_063062\blur_s2.0.jpg
sidset_full_synthetic_066065,blur_s2.0,sidset,full_synthetic,1,0.15325863659381866,data\cache\clean\test\sidset_full_synthetic_066065\blur_s2.0.jpg
stylegan_xl_0097a2e24789bc7a,blur_s2.0,stylegan_xl,stylegan_xl,1,0.03735115006566048,data\cache\clean\test\stylegan_xl_0097a2e24789bc7a\blur_s2.0.jpg
stylegan_xl_00a4591cf03df584,blur_s2.0,stylegan_xl,stylegan_xl,1,0.002525662537664175,data\cache\clean\test\stylegan_xl_00a4591cf03df584\blur_s2.0.jpg
stylegan_xl_031391f1ab18ab62,blur_s2.0,stylegan_xl,stylegan_xl,1,0.1875358521938324,data\cache\clean\test\stylegan_xl_031391f1ab18ab62\blur_s2.0.jpg
stylegan_xl_0a4244f8a9185bad,blur_s2.0,stylegan_xl,stylegan_xl,1,0.4799949526786804,data\cache\clean\test\stylegan_xl_0a4244f8a9185bad\blur_s2.0.jpg
stylegan_xl_0f7efa4c31bcd8f4,blur_s2.0,stylegan_xl,stylegan_xl,1,0.0023789540864527225,data\cache\clean\test\stylegan_xl_0f7efa4c31bcd8f4\blur_s2.0.jpg
stylegan_xl_1060d58257bc5130,blur_s2.0,stylegan_xl,stylegan_xl,1,0.01326923631131649,data\cache\clean\test\stylegan_xl_1060d58257bc5130\blur_s2.0.jpg
stylegan_xl_1440252ff76f525f,blur_s2.0,stylegan_xl,stylegan_xl,1,0.4778411388397217,data\cache\clean\test\stylegan_xl_1440252ff76f525f\blur_s2.0.jpg
stylegan_xl_2013fe0d44f84041,blur_s2.0,stylegan_xl,stylegan_xl,1,5.4063079005572945e-05,data\cache\clean\test\stylegan_xl_2013fe0d44f84041\blur_s2.0.jpg
stylegan_xl_324e332686aa6966,blur_s2.0,stylegan_xl,stylegan_xl,1,0.43660232424736023,data\cache\clean\test\stylegan_xl_324e332686aa6966\blur_s2.0.jpg
stylegan_xl_3621cf0be1fc8d68,blur_s2.0,stylegan_xl,stylegan_xl,1,0.135071262717247,data\cache\clean\test\stylegan_xl_3621cf0be1fc8d68\blur_s2.0.jpg
stylegan_xl_38c489e3b0d8c700,blur_s2.0,stylegan_xl,stylegan_xl,1,0.01539972610771656,data\cache\clean\test\stylegan_xl_38c489e3b0d8c700\blur_s2.0.jpg
stylegan_xl_3b5e18f8fc06450d,blur_s2.0,stylegan_xl,stylegan_xl,1,0.0071083419024944305,data\cache\clean\test\stylegan_xl_3b5e18f8fc06450d\blur_s2.0.jpg
stylegan_xl_45081,blur_s2.0,stylegan_xl,stylegan_xl,1,0.06872545927762985,data\cache\clean\test\stylegan_xl_45081\blur_s2.0.jpg
stylegan_xl_45954,blur_s2.0,stylegan_xl,stylegan_xl,1,0.303006649017334,data\cache\clean\test\stylegan_xl_45954\blur_s2.0.jpg
stylegan_xl_47014,blur_s2.0,stylegan_xl,stylegan_xl,1,0.16634489595890045,data\cache\clean\test\stylegan_xl_47014\blur_s2.0.jpg
stylegan_xl_47343,blur_s2.0,stylegan_xl,stylegan_xl,1,0.028707418590784073,data\cache\clean\test\stylegan_xl_47343\blur_s2.0.jpg
stylegan_xl_48611,blur_s2.0,stylegan_xl,stylegan_xl,1,0.022142870351672173,data\cache\clean\test\stylegan_xl_48611\blur_s2.0.jpg
stylegan_xl_49074,blur_s2.0,stylegan_xl,stylegan_xl,1,0.3115752041339874,data\cache\clean\test\stylegan_xl_49074\blur_s2.0.jpg
stylegan_xl_4f991f9638e28675,blur_s2.0,stylegan_xl,stylegan_xl,1,0.01320668589323759,data\cache\clean\test\stylegan_xl_4f991f9638e28675\blur_s2.0.jpg
stylegan_xl_50731,blur_s2.0,stylegan_xl,stylegan_xl,1,0.01660589687526226,data\cache\clean\test\stylegan_xl_50731\blur_s2.0.jpg
stylegan_xl_51829,blur_s2.0,stylegan_xl,stylegan_xl,1,0.11475647240877151,data\cache\clean\test\stylegan_xl_51829\blur_s2.0.jpg
stylegan_xl_548aed682dc65ef2,blur_s2.0,stylegan_xl,stylegan_xl,1,0.3158993124961853,data\cache\clean\test\stylegan_xl_548aed682dc65ef2\blur_s2.0.jpg
stylegan_xl_60ed9d3511d333bf,blur_s2.0,stylegan_xl,stylegan_xl,1,0.15758636593818665,data\cache\clean\test\stylegan_xl_60ed9d3511d333bf\blur_s2.0.jpg
stylegan_xl_65bb283a1280639e,blur_s2.0,stylegan_xl,stylegan_xl,1,0.024952774867415428,data\cache\clean\test\stylegan_xl_65bb283a1280639e\blur_s2.0.jpg
stylegan_xl_729fee52c5b7f95b,blur_s2.0,stylegan_xl,stylegan_xl,1,0.0322776734828949,data\cache\clean\test\stylegan_xl_729fee52c5b7f95b\blur_s2.0.jpg
stylegan_xl_7d433e90bcd7bd53,blur_s2.0,stylegan_xl,stylegan_xl,1,0.0015735323540866375,data\cache\clean\test\stylegan_xl_7d433e90bcd7bd53\blur_s2.0.jpg
stylegan_xl_7ffebe6032f8209f,blur_s2.0,stylegan_xl,stylegan_xl,1,0.02040989138185978,data\cache\clean\test\stylegan_xl_7ffebe6032f8209f\blur_s2.0.jpg
stylegan_xl_80fc8be6e7c11eb3,blur_s2.0,stylegan_xl,stylegan_xl,1,0.05158645659685135,data\cache\clean\test\stylegan_xl_80fc8be6e7c11eb3\blur_s2.0.jpg
stylegan_xl_8f9dfd75dde8914f,blur_s2.0,stylegan_xl,stylegan_xl,1,0.03260190039873123,data\cache\clean\test\stylegan_xl_8f9dfd75dde8914f\blur_s2.0.jpg
stylegan_xl_a10d4a733f4df420,blur_s2.0,stylegan_xl,stylegan_xl,1,0.021252861246466637,data\cache\clean\test\stylegan_xl_a10d4a733f4df420\blur_s2.0.jpg
stylegan_xl_a1ed16fffc5ecb68,blur_s2.0,stylegan_xl,stylegan_xl,1,0.22855189442634583,data\cache\clean\test\stylegan_xl_a1ed16fffc5ecb68\blur_s2.0.jpg
stylegan_xl_a72f3ace10a8f550,blur_s2.0,stylegan_xl,stylegan_xl,1,0.0016339763533324003,data\cache\clean\test\stylegan_xl_a72f3ace10a8f550\blur_s2.0.jpg
stylegan_xl_ae09b95535340878,blur_s2.0,stylegan_xl,stylegan_xl,1,0.43315115571022034,data\cache\clean\test\stylegan_xl_ae09b95535340878\blur_s2.0.jpg
stylegan_xl_b6abe358484b287a,blur_s2.0,stylegan_xl,stylegan_xl,1,0.02050507441163063,data\cache\clean\test\stylegan_xl_b6abe358484b287a\blur_s2.0.jpg
stylegan_xl_bd69757ff485d03e,blur_s2.0,stylegan_xl,stylegan_xl,1,0.30876827239990234,data\cache\clean\test\stylegan_xl_bd69757ff485d03e\blur_s2.0.jpg
stylegan_xl_cccbc1d57a7e095e,blur_s2.0,stylegan_xl,stylegan_xl,1,0.21495145559310913,data\cache\clean\test\stylegan_xl_cccbc1d57a7e095e\blur_s2.0.jpg
stylegan_xl_cf9c332a1ebfb587,blur_s2.0,stylegan_xl,stylegan_xl,1,0.007121030706912279,data\cache\clean\test\stylegan_xl_cf9c332a1ebfb587\blur_s2.0.jpg
stylegan_xl_d7c4ece8c8a01de0,blur_s2.0,stylegan_xl,stylegan_xl,1,0.39502865076065063,data\cache\clean\test\stylegan_xl_d7c4ece8c8a01de0\blur_s2.0.jpg
stylegan_xl_e4b8e7ef72cabaf2,blur_s2.0,stylegan_xl,stylegan_xl,1,0.3612838685512543,data\cache\clean\test\stylegan_xl_e4b8e7ef72cabaf2\blur_s2.0.jpg
stylegan_xl_f4a503e24265a7e1,blur_s2.0,stylegan_xl,stylegan_xl,1,0.42857876420021057,data\cache\clean\test\stylegan_xl_f4a503e24265a7e1\blur_s2.0.jpg
stylegan_xl_fef6a66b8deaa7ab,blur_s2.0,stylegan_xl,stylegan_xl,1,0.005738475825637579,data\cache\clean\test\stylegan_xl_fef6a66b8deaa7ab\blur_s2.0.jpg
cifake_1028 (10),color_down,cifake,stable_diffusion,1,0.023693138733506203,data\cache\clean\test\cifake_1028 (10)\color_down.jpg
cifake_2293 (9),color_down,cifake,stable_diffusion,1,0.07340476661920547,data\cache\clean\test\cifake_2293 (9)\color_down.jpg
cifake_3053 (4),color_down,cifake,stable_diffusion,1,0.19098199903964996,data\cache\clean\test\cifake_3053 (4)\color_down.jpg
cifake_4127 (3),color_down,cifake,stable_diffusion,1,0.4915056824684143,data\cache\clean\test\cifake_4127 (3)\color_down.jpg
cifake_4221 (2),color_down,cifake,stable_diffusion,1,0.015462798066437244,data\cache\clean\test\cifake_4221 (2)\color_down.jpg
cifake_4387,color_down,cifake,stable_diffusion,1,0.3539127707481384,data\cache\clean\test\cifake_4387\color_down.jpg
cifake_4615 (3),color_down,cifake,stable_diffusion,1,0.10162828862667084,data\cache\clean\test\cifake_4615 (3)\color_down.jpg
cifake_4656 (8),color_down,cifake,stable_diffusion,1,0.43953439593315125,data\cache\clean\test\cifake_4656 (8)\color_down.jpg
cifake_4670 (4),color_down,cifake,stable_diffusion,1,0.45647096633911133,data\cache\clean\test\cifake_4670 (4)\color_down.jpg
cifake_4682 (7),color_down,cifake,stable_diffusion,1,0.31506964564323425,data\cache\clean\test\cifake_4682 (7)\color_down.jpg
cifake_5006 (3),color_down,cifake,stable_diffusion,1,0.267791748046875,data\cache\clean\test\cifake_5006 (3)\color_down.jpg
cifake_5607,color_down,cifake,stable_diffusion,1,0.3314327895641327,data\cache\clean\test\cifake_5607\color_down.jpg
cifake_5943 (10),color_down,cifake,stable_diffusion,1,0.0173955075442791,data\cache\clean\test\cifake_5943 (10)\color_down.jpg
cifake_771 (8),color_down,cifake,stable_diffusion,1,0.43090522289276123,data\cache\clean\test\cifake_771 (8)\color_down.jpg
dalle_10420,color_down,dalle,dalle,1,0.48127323389053345,data\cache\clean\test\dalle_10420\color_down.jpg
dalle_11338,color_down,dalle,dalle,1,0.13590805232524872,data\cache\clean\test\dalle_11338\color_down.jpg
dalle_12052,color_down,dalle,dalle,1,0.0014210814842954278,data\cache\clean\test\dalle_12052\color_down.jpg
dalle_13895,color_down,dalle,dalle,1,0.21531003713607788,data\cache\clean\test\dalle_13895\color_down.jpg
dalle_14943,color_down,dalle,dalle,1,0.3719426393508911,data\cache\clean\test\dalle_14943\color_down.jpg
dalle_17254,color_down,dalle,dalle,1,0.4955943822860718,data\cache\clean\test\dalle_17254\color_down.jpg
dalle_17768,color_down,dalle,dalle,1,0.15226104855537415,data\cache\clean\test\dalle_17768\color_down.jpg
dalle_1817,color_down,dalle,dalle,1,0.27079328894615173,data\cache\clean\test\dalle_1817\color_down.jpg
dalle_18943,color_down,dalle,dalle,1,0.06624779105186462,data\cache\clean\test\dalle_18943\color_down.jpg
dalle_1895b86b74caac5dad51022c3d3b33df,color_down,dalle,dalle,1,0.039496880024671555,data\cache\clean\test\dalle_1895b86b74caac5dad51022c3d3b33df\color_down.jpg
dalle_19590,color_down,dalle,dalle,1,0.020139874890446663,data\cache\clean\test\dalle_19590\color_down.jpg
dalle_19962,color_down,dalle,dalle,1,0.4846932888031006,data\cache\clean\test\dalle_19962\color_down.jpg
dalle_20080,color_down,dalle,dalle,1,0.03561035543680191,data\cache\clean\test\dalle_20080\color_down.jpg
dalle_24599,color_down,dalle,dalle,1,0.3327922523021698,data\cache\clean\test\dalle_24599\color_down.jpg
dalle_25150,color_down,dalle,dalle,1,0.21099302172660828,data\cache\clean\test\dalle_25150\color_down.jpg
dalle_26611,color_down,dalle,dalle,1,0.11569155752658844,data\cache\clean\test\dalle_26611\color_down.jpg
dalle_27029,color_down,dalle,dalle,1,0.2841606140136719,data\cache\clean\test\dalle_27029\color_down.jpg
dalle_27874,color_down,dalle,dalle,1,0.0367668978869915,data\cache\clean\test\dalle_27874\color_down.jpg
dalle_29659,color_down,dalle,dalle,1,0.4346754252910614,data\cache\clean\test\dalle_29659\color_down.jpg
dalle_33159,color_down,dalle,dalle,1,0.06548630446195602,data\cache\clean\test\dalle_33159\color_down.jpg
dalle_35108,color_down,dalle,dalle,1,0.41600170731544495,data\cache\clean\test\dalle_35108\color_down.jpg
dalle_35493,color_down,dalle,dalle,1,0.0133825009688735,data\cache\clean\test\dalle_35493\color_down.jpg
dalle_35682,color_down,dalle,dalle,1,0.19400575757026672,data\cache\clean\test\dalle_35682\color_down.jpg
dalle_40387,color_down,dalle,dalle,1,0.020443368703126907,data\cache\clean\test\dalle_40387\color_down.jpg
dalle_41614,color_down,dalle,dalle,1,0.00862314272671938,data\cache\clean\test\dalle_41614\color_down.jpg
dalle_41791,color_down,dalle,dalle,1,6.284315895754844e-05,data\cache\clean\test\dalle_41791\color_down.jpg
dalle_42344,color_down,dalle,dalle,1,0.22921587526798248,data\cache\clean\test\dalle_42344\color_down.jpg
dalle_5781,color_down,dalle,dalle,1,0.48332270979881287,data\cache\clean\test\dalle_5781\color_down.jpg
dalle_6f0f61883f111368d770c54801f33449,color_down,dalle,dalle,1,0.0040917485021054745,data\cache\clean\test\dalle_6f0f61883f111368d770c54801f33449\color_down.jpg
dalle_8017,color_down,dalle,dalle,1,6.294818012975156e-05,data\cache\clean\test\dalle_8017\color_down.jpg
dalle_9068,color_down,dalle,dalle,1,0.008006671443581581,data\cache\clean\test\dalle_9068\color_down.jpg
dalle_9639,color_down,dalle,dalle,1,0.06757397949695587,data\cache\clean\test\dalle_9639\color_down.jpg
gigagan_02738,color_down,gigagan,gigagan,1,0.2508658170700073,data\cache\clean\test\gigagan_02738\color_down.jpg
gigagan_06526,color_down,gigagan,gigagan,1,0.0866536870598793,data\cache\clean\test\gigagan_06526\color_down.jpg
gigagan_07909,color_down,gigagan,gigagan,1,0.06805866956710815,data\cache\clean\test\gigagan_07909\color_down.jpg
gigagan_08351,color_down,gigagan,gigagan,1,0.027779927477240562,data\cache\clean\test\gigagan_08351\color_down.jpg
gigagan_08561,color_down,gigagan,gigagan,1,0.10911084711551666,data\cache\clean\test\gigagan_08561\color_down.jpg
gigagan_09026,color_down,gigagan,gigagan,1,0.15948230028152466,data\cache\clean\test\gigagan_09026\color_down.jpg
gigagan_09302,color_down,gigagan,gigagan,1,0.05116139352321625,data\cache\clean\test\gigagan_09302\color_down.jpg
gigagan_09418,color_down,gigagan,gigagan,1,0.2415504902601242,data\cache\clean\test\gigagan_09418\color_down.jpg
gigagan_09458,color_down,gigagan,gigagan,1,0.17664209008216858,data\cache\clean\test\gigagan_09458\color_down.jpg
gigagan_10769,color_down,gigagan,gigagan,1,0.07218126207590103,data\cache\clean\test\gigagan_10769\color_down.jpg
gigagan_10914,color_down,gigagan,gigagan,1,0.0001023905206238851,data\cache\clean\test\gigagan_10914\color_down.jpg
gigagan_12929,color_down,gigagan,gigagan,1,0.00479485047981143,data\cache\clean\test\gigagan_12929\color_down.jpg
gigagan_13110,color_down,gigagan,gigagan,1,0.019572220742702484,data\cache\clean\test\gigagan_13110\color_down.jpg
gigagan_14071,color_down,gigagan,gigagan,1,0.0006231251754797995,data\cache\clean\test\gigagan_14071\color_down.jpg
gigagan_14138,color_down,gigagan,gigagan,1,0.06310886889696121,data\cache\clean\test\gigagan_14138\color_down.jpg
gigagan_14909,color_down,gigagan,gigagan,1,0.13620080053806305,data\cache\clean\test\gigagan_14909\color_down.jpg
gigagan_15355,color_down,gigagan,gigagan,1,0.3904701769351959,data\cache\clean\test\gigagan_15355\color_down.jpg
gigagan_15454,color_down,gigagan,gigagan,1,0.07562003284692764,data\cache\clean\test\gigagan_15454\color_down.jpg
gigagan_16357,color_down,gigagan,gigagan,1,0.12482542544603348,data\cache\clean\test\gigagan_16357\color_down.jpg
gigagan_16966,color_down,gigagan,gigagan,1,0.4623304009437561,data\cache\clean\test\gigagan_16966\color_down.jpg
gigagan_17003,color_down,gigagan,gigagan,1,0.2987426817417145,data\cache\clean\test\gigagan_17003\color_down.jpg
gigagan_18085,color_down,gigagan,gigagan,1,0.023555655032396317,data\cache\clean\test\gigagan_18085\color_down.jpg
gigagan_18704,color_down,gigagan,gigagan,1,0.052095990628004074,data\cache\clean\test\gigagan_18704\color_down.jpg
gigagan_19199,color_down,gigagan,gigagan,1,0.0074456725269556046,data\cache\clean\test\gigagan_19199\color_down.jpg
gigagan_19458,color_down,gigagan,gigagan,1,0.1315140575170517,data\cache\clean\test\gigagan_19458\color_down.jpg
gigagan_20207,color_down,gigagan,gigagan,1,0.05306036025285721,data\cache\clean\test\gigagan_20207\color_down.jpg
gigagan_20327,color_down,gigagan,gigagan,1,0.0010499270865693688,data\cache\clean\test\gigagan_20327\color_down.jpg
gigagan_20756,color_down,gigagan,gigagan,1,0.11743032187223434,data\cache\clean\test\gigagan_20756\color_down.jpg
gigagan_20968,color_down,gigagan,gigagan,1,0.47430792450904846,data\cache\clean\test\gigagan_20968\color_down.jpg
gigagan_21107,color_down,gigagan,gigagan,1,0.2850348949432373,data\cache\clean\test\gigagan_21107\color_down.jpg
gigagan_21116,color_down,gigagan,gigagan,1,0.41202256083488464,data\cache\clean\test\gigagan_21116\color_down.jpg
gigagan_21244,color_down,gigagan,gigagan,1,0.16499736905097961,data\cache\clean\test\gigagan_21244\color_down.jpg
gigagan_21611,color_down,gigagan,gigagan,1,0.0722743421792984,data\cache\clean\test\gigagan_21611\color_down.jpg
gigagan_22418,color_down,gigagan,gigagan,1,0.09081607311964035,data\cache\clean\test\gigagan_22418\color_down.jpg
gigagan_22533,color_down,gigagan,gigagan,1,0.09186940640211105,data\cache\clean\test\gigagan_22533\color_down.jpg
gigagan_22770,color_down,gigagan,gigagan,1,0.05745784938335419,data\cache\clean\test\gigagan_22770\color_down.jpg
gigagan_23134,color_down,gigagan,gigagan,1,0.002064230153337121,data\cache\clean\test\gigagan_23134\color_down.jpg
gigagan_23834,color_down,gigagan,gigagan,1,0.16836050152778625,data\cache\clean\test\gigagan_23834\color_down.jpg
gigagan_24445,color_down,gigagan,gigagan,1,0.21716193854808807,data\cache\clean\test\gigagan_24445\color_down.jpg
gigagan_24679,color_down,gigagan,gigagan,1,0.3358708322048187,data\cache\clean\test\gigagan_24679\color_down.jpg
gigagan_25002,color_down,gigagan,gigagan,1,0.48691698908805847,data\cache\clean\test\gigagan_25002\color_down.jpg
gigagan_25090,color_down,gigagan,gigagan,1,0.028489205986261368,data\cache\clean\test\gigagan_25090\color_down.jpg
gigagan_26067,color_down,gigagan,gigagan,1,0.03877681493759155,data\cache\clean\test\gigagan_26067\color_down.jpg
gigagan_26681,color_down,gigagan,gigagan,1,0.4197518527507782,data\cache\clean\test\gigagan_26681\color_down.jpg
gigagan_26982,color_down,gigagan,gigagan,1,0.3655458092689514,data\cache\clean\test\gigagan_26982\color_down.jpg
gigagan_28336,color_down,gigagan,gigagan,1,0.09559519588947296,data\cache\clean\test\gigagan_28336\color_down.jpg
gigagan_28900,color_down,gigagan,gigagan,1,0.3405468165874481,data\cache\clean\test\gigagan_28900\color_down.jpg
gigagan_28945,color_down,gigagan,gigagan,1,0.4469059109687805,data\cache\clean\test\gigagan_28945\color_down.jpg
gigagan_29456,color_down,gigagan,gigagan,1,0.15374009311199188,data\cache\clean\test\gigagan_29456\color_down.jpg
imagen3_045e6da6fd7f6fb0,color_down,imagen3,imagen3,1,0.003004257334396243,data\cache\clean\test\imagen3_045e6da6fd7f6fb0\color_down.jpg
imagen3_13ed1f9391224848,color_down,imagen3,imagen3,1,0.08754934370517731,data\cache\clean\test\imagen3_13ed1f9391224848\color_down.jpg
imagen3_15ae6310fb427bba,color_down,imagen3,imagen3,1,0.41697508096694946,data\cache\clean\test\imagen3_15ae6310fb427bba\color_down.jpg
imagen3_17643da56f35c6f7,color_down,imagen3,imagen3,1,0.0016186230350285769,data\cache\clean\test\imagen3_17643da56f35c6f7\color_down.jpg
imagen3_17919c9ffd792ad9,color_down,imagen3,imagen3,1,0.41685184836387634,data\cache\clean\test\imagen3_17919c9ffd792ad9\color_down.jpg
imagen3_24e64d19ddde11cb,color_down,imagen3,imagen3,1,0.002333196112886071,data\cache\clean\test\imagen3_24e64d19ddde11cb\color_down.jpg
imagen3_260ae6b06f1f50e2,color_down,imagen3,imagen3,1,0.000822780595626682,data\cache\clean\test\imagen3_260ae6b06f1f50e2\color_down.jpg
imagen3_3403b18fc93acbfc,color_down,imagen3,imagen3,1,0.1743689924478531,data\cache\clean\test\imagen3_3403b18fc93acbfc\color_down.jpg
imagen3_43208,color_down,imagen3,imagen3,1,0.34024783968925476,data\cache\clean\test\imagen3_43208\color_down.jpg
imagen3_44075,color_down,imagen3,imagen3,1,0.19217105209827423,data\cache\clean\test\imagen3_44075\color_down.jpg
imagen3_44476,color_down,imagen3,imagen3,1,0.4219420552253723,data\cache\clean\test\imagen3_44476\color_down.jpg
imagen3_46617,color_down,imagen3,imagen3,1,0.3832096457481384,data\cache\clean\test\imagen3_46617\color_down.jpg
imagen3_473ffc5e3d5dc373,color_down,imagen3,imagen3,1,0.01673297956585884,data\cache\clean\test\imagen3_473ffc5e3d5dc373\color_down.jpg
imagen3_51659,color_down,imagen3,imagen3,1,0.04333609715104103,data\cache\clean\test\imagen3_51659\color_down.jpg
imagen3_519f5c348fe55fcd,color_down,imagen3,imagen3,1,0.04410562664270401,data\cache\clean\test\imagen3_519f5c348fe55fcd\color_down.jpg
imagen3_52115,color_down,imagen3,imagen3,1,0.3158705532550812,data\cache\clean\test\imagen3_52115\color_down.jpg
imagen3_53132,color_down,imagen3,imagen3,1,0.009705785661935806,data\cache\clean\test\imagen3_53132\color_down.jpg
imagen3_5e95809bd47d157b,color_down,imagen3,imagen3,1,0.2193165272474289,data\cache\clean\test\imagen3_5e95809bd47d157b\color_down.jpg
imagen3_69467160e53f71bc,color_down,imagen3,imagen3,1,0.13372011482715607,data\cache\clean\test\imagen3_69467160e53f71bc\color_down.jpg
imagen3_6a8270ea182a9194,color_down,imagen3,imagen3,1,0.12733642756938934,data\cache\clean\test\imagen3_6a8270ea182a9194\color_down.jpg
imagen3_6c7624322b04ce43,color_down,imagen3,imagen3,1,0.013668344356119633,data\cache\clean\test\imagen3_6c7624322b04ce43\color_down.jpg
imagen3_77fb2d4f372634f8,color_down,imagen3,imagen3,1,0.0020960066467523575,data\cache\clean\test\imagen3_77fb2d4f372634f8\color_down.jpg
imagen3_7ee1485909c59826,color_down,imagen3,imagen3,1,0.006048657465726137,data\cache\clean\test\imagen3_7ee1485909c59826\color_down.jpg
imagen3_8b13dc3bff918841,color_down,imagen3,imagen3,1,0.3192337155342102,data\cache\clean\test\imagen3_8b13dc3bff918841\color_down.jpg
imagen3_8c20e4bf83ffff36,color_down,imagen3,imagen3,1,0.24475716054439545,data\cache\clean\test\imagen3_8c20e4bf83ffff36\color_down.jpg
imagen3_8e6f8acd28fd8f35,color_down,imagen3,imagen3,1,0.17748518288135529,data\cache\clean\test\imagen3_8e6f8acd28fd8f35\color_down.jpg
imagen3_9e82651e214a25c8,color_down,imagen3,imagen3,1,0.13905225694179535,data\cache\clean\test\imagen3_9e82651e214a25c8\color_down.jpg
imagen3_aa13646e437b7afa,color_down,imagen3,imagen3,1,0.00792901311069727,data\cache\clean\test\imagen3_aa13646e437b7afa\color_down.jpg
imagen3_ad860df8c2a1a848,color_down,imagen3,imagen3,1,0.040050163865089417,data\cache\clean\test\imagen3_ad860df8c2a1a848\color_down.jpg
imagen3_b69c9976ced306d1,color_down,imagen3,imagen3,1,0.027531050145626068,data\cache\clean\test\imagen3_b69c9976ced306d1\color_down.jpg
imagen3_ca44bb7db1e73a9a,color_down,imagen3,imagen3,1,0.0013761288719251752,data\cache\clean\test\imagen3_ca44bb7db1e73a9a\color_down.jpg
imagen3_e63f3b6f8bdee43a,color_down,imagen3,imagen3,1,0.11732646077871323,data\cache\clean\test\imagen3_e63f3b6f8bdee43a\color_down.jpg
imagen3_ea646e585cc24088,color_down,imagen3,imagen3,1,0.4149632453918457,data\cache\clean\test\imagen3_ea646e585cc24088\color_down.jpg
imagen3_eaf94916ce926270,color_down,imagen3,imagen3,1,0.38409194350242615,data\cache\clean\test\imagen3_eaf94916ce926270\color_down.jpg
imagen3_f2da05bffbe27dab,color_down,imagen3,imagen3,1,0.3029296398162842,data\cache\clean\test\imagen3_f2da05bffbe27dab\color_down.jpg
imagen3_Imagen3_1208,color_down,imagen3,imagen3,1,0.014398676343262196,data\cache\clean\test\imagen3_Imagen3_1208\color_down.jpg
imagen3_Imagen3_2403,color_down,imagen3,imagen3,1,0.0017990985652431846,data\cache\clean\test\imagen3_Imagen3_2403\color_down.jpg
imagen3_Imagen3_3546,color_down,imagen3,imagen3,1,0.32685863971710205,data\cache\clean\test\imagen3_Imagen3_3546\color_down.jpg
sidset_full_synthetic_001692,color_down,sidset,full_synthetic,1,0.3238210678100586,data\cache\clean\test\sidset_full_synthetic_001692\color_down.jpg
sidset_full_synthetic_042089,color_down,sidset,full_synthetic,1,0.4515215754508972,data\cache\clean\test\sidset_full_synthetic_042089\color_down.jpg
sidset_full_synthetic_048809,color_down,sidset,full_synthetic,1,0.49269458651542664,data\cache\clean\test\sidset_full_synthetic_048809\color_down.jpg
stylegan_xl_0097a2e24789bc7a,color_down,stylegan_xl,stylegan_xl,1,0.02454366907477379,data\cache\clean\test\stylegan_xl_0097a2e24789bc7a\color_down.jpg
stylegan_xl_00a4591cf03df584,color_down,stylegan_xl,stylegan_xl,1,0.0015770061872899532,data\cache\clean\test\stylegan_xl_00a4591cf03df584\color_down.jpg
stylegan_xl_031391f1ab18ab62,color_down,stylegan_xl,stylegan_xl,1,0.020089048892259598,data\cache\clean\test\stylegan_xl_031391f1ab18ab62\color_down.jpg
stylegan_xl_0f7efa4c31bcd8f4,color_down,stylegan_xl,stylegan_xl,1,0.005375162698328495,data\cache\clean\test\stylegan_xl_0f7efa4c31bcd8f4\color_down.jpg
stylegan_xl_1060d58257bc5130,color_down,stylegan_xl,stylegan_xl,1,0.004169703461229801,data\cache\clean\test\stylegan_xl_1060d58257bc5130\color_down.jpg
stylegan_xl_17552,color_down,stylegan_xl,stylegan_xl,1,0.49327006936073303,data\cache\clean\test\stylegan_xl_17552\color_down.jpg
stylegan_xl_2013fe0d44f84041,color_down,stylegan_xl,stylegan_xl,1,6.146940904727671e-06,data\cache\clean\test\stylegan_xl_2013fe0d44f84041\color_down.jpg
stylegan_xl_3621cf0be1fc8d68,color_down,stylegan_xl,stylegan_xl,1,0.252537339925766,data\cache\clean\test\stylegan_xl_3621cf0be1fc8d68\color_down.jpg
stylegan_xl_38c489e3b0d8c700,color_down,stylegan_xl,stylegan_xl,1,0.028640415519475937,data\cache\clean\test\stylegan_xl_38c489e3b0d8c700\color_down.jpg
stylegan_xl_3b5e18f8fc06450d,color_down,stylegan_xl,stylegan_xl,1,0.03575872257351875,data\cache\clean\test\stylegan_xl_3b5e18f8fc06450d\color_down.jpg
stylegan_xl_44451,color_down,stylegan_xl,stylegan_xl,1,0.2963104844093323,data\cache\clean\test\stylegan_xl_44451\color_down.jpg
stylegan_xl_45081,color_down,stylegan_xl,stylegan_xl,1,0.03947699815034866,data\cache\clean\test\stylegan_xl_45081\color_down.jpg
stylegan_xl_47014,color_down,stylegan_xl,stylegan_xl,1,0.11051434278488159,data\cache\clean\test\stylegan_xl_47014\color_down.jpg
stylegan_xl_47343,color_down,stylegan_xl,stylegan_xl,1,0.0024597428273409605,data\cache\clean\test\stylegan_xl_47343\color_down.jpg
stylegan_xl_48611,color_down,stylegan_xl,stylegan_xl,1,0.021300634369254112,data\cache\clean\test\stylegan_xl_48611\color_down.jpg
stylegan_xl_49605,color_down,stylegan_xl,stylegan_xl,1,0.465716689825058,data\cache\clean\test\stylegan_xl_49605\color_down.jpg
stylegan_xl_4f991f9638e28675,color_down,stylegan_xl,stylegan_xl,1,0.4717314541339874,data\cache\clean\test\stylegan_xl_4f991f9638e28675\color_down.jpg
stylegan_xl_50731,color_down,stylegan_xl,stylegan_xl,1,0.057144083082675934,data\cache\clean\test\stylegan_xl_50731\color_down.jpg
stylegan_xl_60ed9d3511d333bf,color_down,stylegan_xl,stylegan_xl,1,0.07845655083656311,data\cache\clean\test\stylegan_xl_60ed9d3511d333bf\color_down.jpg
stylegan_xl_65bb283a1280639e,color_down,stylegan_xl,stylegan_xl,1,0.45987704396247864,data\cache\clean\test\stylegan_xl_65bb283a1280639e\color_down.jpg
stylegan_xl_729fee52c5b7f95b,color_down,stylegan_xl,stylegan_xl,1,0.04320361092686653,data\cache\clean\test\stylegan_xl_729fee52c5b7f95b\color_down.jpg
stylegan_xl_7d433e90bcd7bd53,color_down,stylegan_xl,stylegan_xl,1,0.006166571751236916,data\cache\clean\test\stylegan_xl_7d433e90bcd7bd53\color_down.jpg
stylegan_xl_7ffebe6032f8209f,color_down,stylegan_xl,stylegan_xl,1,0.0319533534348011,data\cache\clean\test\stylegan_xl_7ffebe6032f8209f\color_down.jpg
stylegan_xl_80fc8be6e7c11eb3,color_down,stylegan_xl,stylegan_xl,1,0.009600426070392132,data\cache\clean\test\stylegan_xl_80fc8be6e7c11eb3\color_down.jpg
stylegan_xl_8461b1ae87c22c20,color_down,stylegan_xl,stylegan_xl,1,0.4093815088272095,data\cache\clean\test\stylegan_xl_8461b1ae87c22c20\color_down.jpg
stylegan_xl_8f9dfd75dde8914f,color_down,stylegan_xl,stylegan_xl,1,0.012447637505829334,data\cache\clean\test\stylegan_xl_8f9dfd75dde8914f\color_down.jpg
stylegan_xl_a10d4a733f4df420,color_down,stylegan_xl,stylegan_xl,1,0.11381008476018906,data\cache\clean\test\stylegan_xl_a10d4a733f4df420\color_down.jpg
stylegan_xl_a72f3ace10a8f550,color_down,stylegan_xl,stylegan_xl,1,0.006322259083390236,data\cache\clean\test\stylegan_xl_a72f3ace10a8f550\color_down.jpg
stylegan_xl_b6abe358484b287a,color_down,stylegan_xl,stylegan_xl,1,0.009463181719183922,data\cache\clean\test\stylegan_xl_b6abe358484b287a\color_down.jpg
stylegan_xl_bd69757ff485d03e,color_down,stylegan_xl,stylegan_xl,1,0.20727552473545074,data\cache\clean\test\stylegan_xl_bd69757ff485d03e\color_down.jpg
stylegan_xl_cccbc1d57a7e095e,color_down,stylegan_xl,stylegan_xl,1,0.13869813084602356,data\cache\clean\test\stylegan_xl_cccbc1d57a7e095e\color_down.jpg
stylegan_xl_cf9c332a1ebfb587,color_down,stylegan_xl,stylegan_xl,1,0.0068705035373568535,data\cache\clean\test\stylegan_xl_cf9c332a1ebfb587\color_down.jpg
stylegan_xl_d686a15f05d09472,color_down,stylegan_xl,stylegan_xl,1,0.19775912165641785,data\cache\clean\test\stylegan_xl_d686a15f05d09472\color_down.jpg
stylegan_xl_d7c4ece8c8a01de0,color_down,stylegan_xl,stylegan_xl,1,0.017842277884483337,data\cache\clean\test\stylegan_xl_d7c4ece8c8a01de0\color_down.jpg
stylegan_xl_e4b8e7ef72cabaf2,color_down,stylegan_xl,stylegan_xl,1,0.11546242982149124,data\cache\clean\test\stylegan_xl_e4b8e7ef72cabaf2\color_down.jpg
stylegan_xl_f4a503e24265a7e1,color_down,stylegan_xl,stylegan_xl,1,0.32242122292518616,data\cache\clean\test\stylegan_xl_f4a503e24265a7e1\color_down.jpg
stylegan_xl_fef6a66b8deaa7ab,color_down,stylegan_xl,stylegan_xl,1,0.0011505767470225692,data\cache\clean\test\stylegan_xl_fef6a66b8deaa7ab\color_down.jpg
stylegan_xl_stylegan-x_172,color_down,stylegan_xl,stylegan_xl,1,0.22000505030155182,data\cache\clean\test\stylegan_xl_stylegan-x_172\color_down.jpg
cifake_1028 (10),color_up,cifake,stable_diffusion,1,0.03043927438557148,data\cache\clean\test\cifake_1028 (10)\color_up.jpg
cifake_1088 (3),color_up,cifake,stable_diffusion,1,0.11838676780462265,data\cache\clean\test\cifake_1088 (3)\color_up.jpg
cifake_1297 (6),color_up,cifake,stable_diffusion,1,0.38687559962272644,data\cache\clean\test\cifake_1297 (6)\color_up.jpg
cifake_1867 (9),color_up,cifake,stable_diffusion,1,0.276540607213974,data\cache\clean\test\cifake_1867 (9)\color_up.jpg
cifake_2790 (9),color_up,cifake,stable_diffusion,1,0.3389882445335388,data\cache\clean\test\cifake_2790 (9)\color_up.jpg
cifake_2857 (10)_1,color_up,cifake,stable_diffusion,1,0.454571396112442,data\cache\clean\test\cifake_2857 (10)_1\color_up.jpg
cifake_4221 (2),color_up,cifake,stable_diffusion,1,0.07681461423635483,data\cache\clean\test\cifake_4221 (2)\color_up.jpg
cifake_4949 (8),color_up,cifake,stable_diffusion,1,0.4034177362918854,data\cache\clean\test\cifake_4949 (8)\color_up.jpg
cifake_5006 (3),color_up,cifake,stable_diffusion,1,0.22550566494464874,data\cache\clean\test\cifake_5006 (3)\color_up.jpg
cifake_5221 (3),color_up,cifake,stable_diffusion,1,0.12526454031467438,data\cache\clean\test\cifake_5221 (3)\color_up.jpg
cifake_5607 (3),color_up,cifake,stable_diffusion,1,0.22548842430114746,data\cache\clean\test\cifake_5607 (3)\color_up.jpg
cifake_5943 (10),color_up,cifake,stable_diffusion,1,0.258380651473999,data\cache\clean\test\cifake_5943 (10)\color_up.jpg
cifake_771 (8),color_up,cifake,stable_diffusion,1,0.12498554587364197,data\cache\clean\test\cifake_771 (8)\color_up.jpg
cifake_791 (6),color_up,cifake,stable_diffusion,1,0.3176383972167969,data\cache\clean\test\cifake_791 (6)\color_up.jpg
dalle_12052,color_up,dalle,dalle,1,6.596213643206283e-05,data\cache\clean\test\dalle_12052\color_up.jpg
dalle_13108,color_up,dalle,dalle,1,0.15241920948028564,data\cache\clean\test\dalle_13108\color_up.jpg
dalle_1895b86b74caac5dad51022c3d3b33df,color_up,dalle,dalle,1,0.00254902639426291,data\cache\clean\test\dalle_1895b86b74caac5dad51022c3d3b33df\color_up.jpg
dalle_19590,color_up,dalle,dalle,1,0.22287297248840332,data\cache\clean\test\dalle_19590\color_up.jpg
dalle_19962,color_up,dalle,dalle,1,0.049145083874464035,data\cache\clean\test\dalle_19962\color_up.jpg
dalle_24310,color_up,dalle,dalle,1,0.4752374291419983,data\cache\clean\test\dalle_24310\color_up.jpg
dalle_24599,color_up,dalle,dalle,1,0.16454774141311646,data\cache\clean\test\dalle_24599\color_up.jpg
dalle_25150,color_up,dalle,dalle,1,0.3145573139190674,data\cache\clean\test\dalle_25150\color_up.jpg
dalle_3469,color_up,dalle,dalle,1,0.45335137844085693,data\cache\clean\test\dalle_3469\color_up.jpg
dalle_35682,color_up,dalle,dalle,1,0.17242366075515747,data\cache\clean\test\dalle_35682\color_up.jpg
dalle_40387,color_up,dalle,dalle,1,0.16624997556209564,data\cache\clean\test\dalle_40387\color_up.jpg
dalle_41791,color_up,dalle,dalle,1,0.01851477101445198,data\cache\clean\test\dalle_41791\color_up.jpg
dalle_42344,color_up,dalle,dalle,1,0.40072566270828247,data\cache\clean\test\dalle_42344\color_up.jpg
dalle_6f0f61883f111368d770c54801f33449,color_up,dalle,dalle,1,0.00387839088216424,data\cache\clean\test\dalle_6f0f61883f111368d770c54801f33449\color_up.jpg
dalle_8017,color_up,dalle,dalle,1,0.003280847566202283,data\cache\clean\test\dalle_8017\color_up.jpg
dalle_9068,color_up,dalle,dalle,1,0.2595653831958771,data\cache\clean\test\dalle_9068\color_up.jpg
dalle_91f035539c39fa2709629b8486c722f8,color_up,dalle,dalle,1,0.2690863311290741,data\cache\clean\test\dalle_91f035539c39fa2709629b8486c722f8\color_up.jpg
dalle_9639,color_up,dalle,dalle,1,0.08227159827947617,data\cache\clean\test\dalle_9639\color_up.jpg
gigagan_02234,color_up,gigagan,gigagan,1,0.45648542046546936,data\cache\clean\test\gigagan_02234\color_up.jpg
gigagan_03422,color_up,gigagan,gigagan,1,0.029890822246670723,data\cache\clean\test\gigagan_03422\color_up.jpg
gigagan_05645,color_up,gigagan,gigagan,1,0.16056622564792633,data\cache\clean\test\gigagan_05645\color_up.jpg
gigagan_05738,color_up,gigagan,gigagan,1,0.18969209492206573,data\cache\clean\test\gigagan_05738\color_up.jpg
gigagan_06628,color_up,gigagan,gigagan,1,0.008492178283631802,data\cache\clean\test\gigagan_06628\color_up.jpg
gigagan_07909,color_up,gigagan,gigagan,1,0.07903613895177841,data\cache\clean\test\gigagan_07909\color_up.jpg
gigagan_07986,color_up,gigagan,gigagan,1,0.022307075560092926,data\cache\clean\test\gigagan_07986\color_up.jpg
gigagan_08055,color_up,gigagan,gigagan,1,0.4504127502441406,data\cache\clean\test\gigagan_08055\color_up.jpg
gigagan_08351,color_up,gigagan,gigagan,1,0.21321061253547668,data\cache\clean\test\gigagan_08351\color_up.jpg
gigagan_08561,color_up,gigagan,gigagan,1,0.07927042245864868,data\cache\clean\test\gigagan_08561\color_up.jpg
gigagan_09302,color_up,gigagan,gigagan,1,0.011087296530604362,data\cache\clean\test\gigagan_09302\color_up.jpg
gigagan_09458,color_up,gigagan,gigagan,1,0.2356618493795395,data\cache\clean\test\gigagan_09458\color_up.jpg
gigagan_10282,color_up,gigagan,gigagan,1,0.025086713954806328,data\cache\clean\test\gigagan_10282\color_up.jpg
gigagan_10769,color_up,gigagan,gigagan,1,0.010417655110359192,data\cache\clean\test\gigagan_10769\color_up.jpg
gigagan_10914,color_up,gigagan,gigagan,1,2.5106310204137117e-05,data\cache\clean\test\gigagan_10914\color_up.jpg
gigagan_12929,color_up,gigagan,gigagan,1,0.3873325288295746,data\cache\clean\test\gigagan_12929\color_up.jpg
gigagan_14071,color_up,gigagan,gigagan,1,0.0007278623525053263,data\cache\clean\test\gigagan_14071\color_up.jpg
gigagan_14858,color_up,gigagan,gigagan,1,0.4404773712158203,data\cache\clean\test\gigagan_14858\color_up.jpg
gigagan_14909,color_up,gigagan,gigagan,1,0.011689257808029652,data\cache\clean\test\gigagan_14909\color_up.jpg
gigagan_15355,color_up,gigagan,gigagan,1,0.08711910247802734,data\cache\clean\test\gigagan_15355\color_up.jpg
gigagan_15454,color_up,gigagan,gigagan,1,0.17321783304214478,data\cache\clean\test\gigagan_15454\color_up.jpg
gigagan_15561,color_up,gigagan,gigagan,1,0.002179098082706332,data\cache\clean\test\gigagan_15561\color_up.jpg
gigagan_16357,color_up,gigagan,gigagan,1,0.06162251532077789,data\cache\clean\test\gigagan_16357\color_up.jpg
gigagan_16966,color_up,gigagan,gigagan,1,0.03562180697917938,data\cache\clean\test\gigagan_16966\color_up.jpg
gigagan_18085,color_up,gigagan,gigagan,1,0.211655855178833,data\cache\clean\test\gigagan_18085\color_up.jpg
gigagan_18143,color_up,gigagan,gigagan,1,0.4652755856513977,data\cache\clean\test\gigagan_18143\color_up.jpg
gigagan_19199,color_up,gigagan,gigagan,1,0.04158136248588562,data\cache\clean\test\gigagan_19199\color_up.jpg
gigagan_19248,color_up,gigagan,gigagan,1,0.45501038432121277,data\cache\clean\test\gigagan_19248\color_up.jpg
gigagan_20207,color_up,gigagan,gigagan,1,0.15770727396011353,data\cache\clean\test\gigagan_20207\color_up.jpg
gigagan_20327,color_up,gigagan,gigagan,1,0.00030876550590619445,data\cache\clean\test\gigagan_20327\color_up.jpg
gigagan_20756,color_up,gigagan,gigagan,1,0.4099452793598175,data\cache\clean\test\gigagan_20756\color_up.jpg
gigagan_21116,color_up,gigagan,gigagan,1,0.2862662672996521,data\cache\clean\test\gigagan_21116\color_up.jpg
gigagan_21166,color_up,gigagan,gigagan,1,0.05237111821770668,data\cache\clean\test\gigagan_21166\color_up.jpg
gigagan_21244,color_up,gigagan,gigagan,1,0.07178259640932083,data\cache\clean\test\gigagan_21244\color_up.jpg
gigagan_21611,color_up,gigagan,gigagan,1,0.021386081352829933,data\cache\clean\test\gigagan_21611\color_up.jpg
gigagan_22263,color_up,gigagan,gigagan,1,0.2269441932439804,data\cache\clean\test\gigagan_22263\color_up.jpg
gigagan_22533,color_up,gigagan,gigagan,1,0.015933098271489143,data\cache\clean\test\gigagan_22533\color_up.jpg
gigagan_22770,color_up,gigagan,gigagan,1,0.00949360616505146,data\cache\clean\test\gigagan_22770\color_up.jpg
gigagan_23134,color_up,gigagan,gigagan,1,0.002172743435949087,data\cache\clean\test\gigagan_23134\color_up.jpg
gigagan_23264,color_up,gigagan,gigagan,1,0.4072922468185425,data\cache\clean\test\gigagan_23264\color_up.jpg
gigagan_23834,color_up,gigagan,gigagan,1,0.23269376158714294,data\cache\clean\test\gigagan_23834\color_up.jpg
gigagan_24445,color_up,gigagan,gigagan,1,0.061635274440050125,data\cache\clean\test\gigagan_24445\color_up.jpg
gigagan_24462,color_up,gigagan,gigagan,1,0.01700676418840885,data\cache\clean\test\gigagan_24462\color_up.jpg
gigagan_24679,color_up,gigagan,gigagan,1,0.30980199575424194,data\cache\clean\test\gigagan_24679\color_up.jpg
gigagan_24707,color_up,gigagan,gigagan,1,0.439241886138916,data\cache\clean\test\gigagan_24707\color_up.jpg
gigagan_24726,color_up,gigagan,gigagan,1,0.09717798233032227,data\cache\clean\test\gigagan_24726\color_up.jpg
gigagan_25090,color_up,gigagan,gigagan,1,0.3549672067165375,data\cache\clean\test\gigagan_25090\color_up.jpg
gigagan_25801,color_up,gigagan,gigagan,1,0.3845672905445099,data\cache\clean\test\gigagan_25801\color_up.jpg
gigagan_26067,color_up,gigagan,gigagan,1,0.061573803424835205,data\cache\clean\test\gigagan_26067\color_up.jpg
gigagan_26651,color_up,gigagan,gigagan,1,0.08325925469398499,data\cache\clean\test\gigagan_26651\color_up.jpg
gigagan_26681,color_up,gigagan,gigagan,1,0.024818850681185722,data\cache\clean\test\gigagan_26681\color_up.jpg
gigagan_27033,color_up,gigagan,gigagan,1,0.23533734679222107,data\cache\clean\test\gigagan_27033\color_up.jpg
gigagan_27542,color_up,gigagan,gigagan,1,0.4427117705345154,data\cache\clean\test\gigagan_27542\color_up.jpg
gigagan_28019,color_up,gigagan,gigagan,1,0.03986310586333275,data\cache\clean\test\gigagan_28019\color_up.jpg
gigagan_28900,color_up,gigagan,gigagan,1,0.10213550180196762,data\cache\clean\test\gigagan_28900\color_up.jpg
gigagan_29456,color_up,gigagan,gigagan,1,0.2265424281358719,data\cache\clean\test\gigagan_29456\color_up.jpg
imagen3_045e6da6fd7f6fb0,color_up,imagen3,imagen3,1,0.0006664821412414312,data\cache\clean\test\imagen3_045e6da6fd7f6fb0\color_up.jpg
imagen3_13ed1f9391224848,color_up,imagen3,imagen3,1,0.46717628836631775,data\cache\clean\test\imagen3_13ed1f9391224848\color_up.jpg
imagen3_15ae6310fb427bba,color_up,imagen3,imagen3,1,0.44663846492767334,data\cache\clean\test\imagen3_15ae6310fb427bba\color_up.jpg
imagen3_17643da56f35c6f7,color_up,imagen3,imagen3,1,0.001125752693042159,data\cache\clean\test\imagen3_17643da56f35c6f7\color_up.jpg
imagen3_24e64d19ddde11cb,color_up,imagen3,imagen3,1,0.010508880950510502,data\cache\clean\test\imagen3_24e64d19ddde11cb\color_up.jpg
imagen3_260ae6b06f1f50e2,color_up,imagen3,imagen3,1,0.00010050514538306743,data\cache\clean\test\imagen3_260ae6b06f1f50e2\color_up.jpg
imagen3_2be4510162a8a76e,color_up,imagen3,imagen3,1,0.003525421256199479,data\cache\clean\test\imagen3_2be4510162a8a76e\color_up.jpg
imagen3_3403b18fc93acbfc,color_up,imagen3,imagen3,1,0.05651215836405754,data\cache\clean\test\imagen3_3403b18fc93acbfc\color_up.jpg
imagen3_44075,color_up,imagen3,imagen3,1,0.0720919594168663,data\cache\clean\test\imagen3_44075\color_up.jpg
imagen3_44476,color_up,imagen3,imagen3,1,0.22840911149978638,data\cache\clean\test\imagen3_44476\color_up.jpg
imagen3_46922,color_up,imagen3,imagen3,1,0.3134085536003113,data\cache\clean\test\imagen3_46922\color_up.jpg
imagen3_473ffc5e3d5dc373,color_up,imagen3,imagen3,1,0.008347241207957268,data\cache\clean\test\imagen3_473ffc5e3d5dc373\color_up.jpg
imagen3_51659,color_up,imagen3,imagen3,1,0.259633868932724,data\cache\clean\test\imagen3_51659\color_up.jpg
imagen3_5e95809bd47d157b,color_up,imagen3,imagen3,1,0.2118205726146698,data\cache\clean\test\imagen3_5e95809bd47d157b\color_up.jpg
imagen3_69467160e53f71bc,color_up,imagen3,imagen3,1,0.2851686477661133,data\cache\clean\test\imagen3_69467160e53f71bc\color_up.jpg
imagen3_6a8270ea182a9194,color_up,imagen3,imagen3,1,0.002662788610905409,data\cache\clean\test\imagen3_6a8270ea182a9194\color_up.jpg
imagen3_6c7624322b04ce43,color_up,imagen3,imagen3,1,0.027088748291134834,data\cache\clean\test\imagen3_6c7624322b04ce43\color_up.jpg
imagen3_77fb2d4f372634f8,color_up,imagen3,imagen3,1,0.0009066784987226129,data\cache\clean\test\imagen3_77fb2d4f372634f8\color_up.jpg
imagen3_7e3e1e738f642f1a,color_up,imagen3,imagen3,1,0.1800626963376999,data\cache\clean\test\imagen3_7e3e1e738f642f1a\color_up.jpg
imagen3_7ee1485909c59826,color_up,imagen3,imagen3,1,0.038923271000385284,data\cache\clean\test\imagen3_7ee1485909c59826\color_up.jpg
imagen3_8b13dc3bff918841,color_up,imagen3,imagen3,1,0.011233814060688019,data\cache\clean\test\imagen3_8b13dc3bff918841\color_up.jpg
imagen3_8c20e4bf83ffff36,color_up,imagen3,imagen3,1,0.30927300453186035,data\cache\clean\test\imagen3_8c20e4bf83ffff36\color_up.jpg
imagen3_8e6f8acd28fd8f35,color_up,imagen3,imagen3,1,0.031032947823405266,data\cache\clean\test\imagen3_8e6f8acd28fd8f35\color_up.jpg
imagen3_9e82651e214a25c8,color_up,imagen3,imagen3,1,0.02747238613665104,data\cache\clean\test\imagen3_9e82651e214a25c8\color_up.jpg
imagen3_aa13646e437b7afa,color_up,imagen3,imagen3,1,0.001078551635146141,data\cache\clean\test\imagen3_aa13646e437b7afa\color_up.jpg
imagen3_ad860df8c2a1a848,color_up,imagen3,imagen3,1,0.0033711979631334543,data\cache\clean\test\imagen3_ad860df8c2a1a848\color_up.jpg
imagen3_b69c9976ced306d1,color_up,imagen3,imagen3,1,0.09412881731987,data\cache\clean\test\imagen3_b69c9976ced306d1\color_up.jpg
imagen3_ca44bb7db1e73a9a,color_up,imagen3,imagen3,1,0.004452017601579428,data\cache\clean\test\imagen3_ca44bb7db1e73a9a\color_up.jpg
imagen3_e63f3b6f8bdee43a,color_up,imagen3,imagen3,1,0.16834041476249695,data\cache\clean\test\imagen3_e63f3b6f8bdee43a\color_up.jpg
imagen3_ea646e585cc24088,color_up,imagen3,imagen3,1,0.21803195774555206,data\cache\clean\test\imagen3_ea646e585cc24088\color_up.jpg
imagen3_f2da05bffbe27dab,color_up,imagen3,imagen3,1,0.2061661332845688,data\cache\clean\test\imagen3_f2da05bffbe27dab\color_up.jpg
imagen3_fd568a2839353a92,color_up,imagen3,imagen3,1,0.4891202449798584,data\cache\clean\test\imagen3_fd568a2839353a92\color_up.jpg
imagen3_fe7048efd51b15b8,color_up,imagen3,imagen3,1,0.022120224311947823,data\cache\clean\test\imagen3_fe7048efd51b15b8\color_up.jpg
imagen3_Imagen3_1208,color_up,imagen3,imagen3,1,0.005920243915170431,data\cache\clean\test\imagen3_Imagen3_1208\color_up.jpg
imagen3_Imagen3_2403,color_up,imagen3,imagen3,1,0.2368297129869461,data\cache\clean\test\imagen3_Imagen3_2403\color_up.jpg
imagen3_Imagen3_3097,color_up,imagen3,imagen3,1,0.04692244157195091,data\cache\clean\test\imagen3_Imagen3_3097\color_up.jpg
sidset_full_synthetic_001692,color_up,sidset,full_synthetic,1,0.012868272140622139,data\cache\clean\test\sidset_full_synthetic_001692\color_up.jpg
sidset_full_synthetic_004754,color_up,sidset,full_synthetic,1,0.05302637442946434,data\cache\clean\test\sidset_full_synthetic_004754\color_up.jpg
sidset_full_synthetic_033528,color_up,sidset,full_synthetic,1,0.002300039166584611,data\cache\clean\test\sidset_full_synthetic_033528\color_up.jpg
sidset_full_synthetic_040891,color_up,sidset,full_synthetic,1,0.0683528259396553,data\cache\clean\test\sidset_full_synthetic_040891\color_up.jpg
sidset_full_synthetic_042089,color_up,sidset,full_synthetic,1,0.32113441824913025,data\cache\clean\test\sidset_full_synthetic_042089\color_up.jpg
sidset_full_synthetic_046026,color_up,sidset,full_synthetic,1,0.2260604351758957,data\cache\clean\test\sidset_full_synthetic_046026\color_up.jpg
sidset_full_synthetic_048809,color_up,sidset,full_synthetic,1,0.26290005445480347,data\cache\clean\test\sidset_full_synthetic_048809\color_up.jpg
sidset_full_synthetic_060524,color_up,sidset,full_synthetic,1,0.03149286285042763,data\cache\clean\test\sidset_full_synthetic_060524\color_up.jpg
sidset_full_synthetic_063062,color_up,sidset,full_synthetic,1,0.13051776587963104,data\cache\clean\test\sidset_full_synthetic_063062\color_up.jpg
sidset_full_synthetic_066065,color_up,sidset,full_synthetic,1,0.28903377056121826,data\cache\clean\test\sidset_full_synthetic_066065\color_up.jpg
stylegan_xl_0097a2e24789bc7a,color_up,stylegan_xl,stylegan_xl,1,0.05106257647275925,data\cache\clean\test\stylegan_xl_0097a2e24789bc7a\color_up.jpg
stylegan_xl_00a4591cf03df584,color_up,stylegan_xl,stylegan_xl,1,0.004943379200994968,data\cache\clean\test\stylegan_xl_00a4591cf03df584\color_up.jpg
stylegan_xl_031391f1ab18ab62,color_up,stylegan_xl,stylegan_xl,1,0.4224194288253784,data\cache\clean\test\stylegan_xl_031391f1ab18ab62\color_up.jpg
stylegan_xl_0f7efa4c31bcd8f4,color_up,stylegan_xl,stylegan_xl,1,0.003017097245901823,data\cache\clean\test\stylegan_xl_0f7efa4c31bcd8f4\color_up.jpg
stylegan_xl_1060d58257bc5130,color_up,stylegan_xl,stylegan_xl,1,0.001063522999174893,data\cache\clean\test\stylegan_xl_1060d58257bc5130\color_up.jpg
stylegan_xl_17552,color_up,stylegan_xl,stylegan_xl,1,0.039968669414520264,data\cache\clean\test\stylegan_xl_17552\color_up.jpg
stylegan_xl_2013fe0d44f84041,color_up,stylegan_xl,stylegan_xl,1,7.691038626944646e-05,data\cache\clean\test\stylegan_xl_2013fe0d44f84041\color_up.jpg
stylegan_xl_324e332686aa6966,color_up,stylegan_xl,stylegan_xl,1,0.2747262120246887,data\cache\clean\test\stylegan_xl_324e332686aa6966\color_up.jpg
stylegan_xl_3621cf0be1fc8d68,color_up,stylegan_xl,stylegan_xl,1,0.2235698699951172,data\cache\clean\test\stylegan_xl_3621cf0be1fc8d68\color_up.jpg
stylegan_xl_38c489e3b0d8c700,color_up,stylegan_xl,stylegan_xl,1,0.2865145802497864,data\cache\clean\test\stylegan_xl_38c489e3b0d8c700\color_up.jpg
stylegan_xl_3b5e18f8fc06450d,color_up,stylegan_xl,stylegan_xl,1,0.006194727495312691,data\cache\clean\test\stylegan_xl_3b5e18f8fc06450d\color_up.jpg
stylegan_xl_43600,color_up,stylegan_xl,stylegan_xl,1,0.2996295392513275,data\cache\clean\test\stylegan_xl_43600\color_up.jpg
stylegan_xl_45081,color_up,stylegan_xl,stylegan_xl,1,0.0008709721732884645,data\cache\clean\test\stylegan_xl_45081\color_up.jpg
stylegan_xl_47014,color_up,stylegan_xl,stylegan_xl,1,0.21200215816497803,data\cache\clean\test\stylegan_xl_47014\color_up.jpg
stylegan_xl_47343,color_up,stylegan_xl,stylegan_xl,1,0.006127350497990847,data\cache\clean\test\stylegan_xl_47343\color_up.jpg
stylegan_xl_48611,color_up,stylegan_xl,stylegan_xl,1,0.010711741633713245,data\cache\clean\test\stylegan_xl_48611\color_up.jpg
stylegan_xl_4f991f9638e28675,color_up,stylegan_xl,stylegan_xl,1,0.011844310909509659,data\cache\clean\test\stylegan_xl_4f991f9638e28675\color_up.jpg
stylegan_xl_50731,color_up,stylegan_xl,stylegan_xl,1,0.00043047458166256547,data\cache\clean\test\stylegan_xl_50731\color_up.jpg
stylegan_xl_51829,color_up,stylegan_xl,stylegan_xl,1,0.1909712851047516,data\cache\clean\test\stylegan_xl_51829\color_up.jpg
stylegan_xl_548aed682dc65ef2,color_up,stylegan_xl,stylegan_xl,1,0.3765925467014313,data\cache\clean\test\stylegan_xl_548aed682dc65ef2\color_up.jpg
stylegan_xl_60ed9d3511d333bf,color_up,stylegan_xl,stylegan_xl,1,0.012486770749092102,data\cache\clean\test\stylegan_xl_60ed9d3511d333bf\color_up.jpg
stylegan_xl_65bb283a1280639e,color_up,stylegan_xl,stylegan_xl,1,0.01808689534664154,data\cache\clean\test\stylegan_xl_65bb283a1280639e\color_up.jpg
stylegan_xl_729fee52c5b7f95b,color_up,stylegan_xl,stylegan_xl,1,0.04879893362522125,data\cache\clean\test\stylegan_xl_729fee52c5b7f95b\color_up.jpg
stylegan_xl_7d433e90bcd7bd53,color_up,stylegan_xl,stylegan_xl,1,0.0019042821368202567,data\cache\clean\test\stylegan_xl_7d433e90bcd7bd53\color_up.jpg
stylegan_xl_7ffebe6032f8209f,color_up,stylegan_xl,stylegan_xl,1,0.0007946721161715686,data\cache\clean\test\stylegan_xl_7ffebe6032f8209f\color_up.jpg
stylegan_xl_80fc8be6e7c11eb3,color_up,stylegan_xl,stylegan_xl,1,0.0003010026703123003,data\cache\clean\test\stylegan_xl_80fc8be6e7c11eb3\color_up.jpg
stylegan_xl_8461b1ae87c22c20,color_up,stylegan_xl,stylegan_xl,1,0.11588752269744873,data\cache\clean\test\stylegan_xl_8461b1ae87c22c20\color_up.jpg
stylegan_xl_8f9dfd75dde8914f,color_up,stylegan_xl,stylegan_xl,1,0.1827113777399063,data\cache\clean\test\stylegan_xl_8f9dfd75dde8914f\color_up.jpg
stylegan_xl_a10d4a733f4df420,color_up,stylegan_xl,stylegan_xl,1,0.2292332947254181,data\cache\clean\test\stylegan_xl_a10d4a733f4df420\color_up.jpg
stylegan_xl_a1ed16fffc5ecb68,color_up,stylegan_xl,stylegan_xl,1,0.31136053800582886,data\cache\clean\test\stylegan_xl_a1ed16fffc5ecb68\color_up.jpg
stylegan_xl_a72f3ace10a8f550,color_up,stylegan_xl,stylegan_xl,1,0.012155738659203053,data\cache\clean\test\stylegan_xl_a72f3ace10a8f550\color_up.jpg
stylegan_xl_ae09b95535340878,color_up,stylegan_xl,stylegan_xl,1,0.48411527276039124,data\cache\clean\test\stylegan_xl_ae09b95535340878\color_up.jpg
stylegan_xl_b6abe358484b287a,color_up,stylegan_xl,stylegan_xl,1,0.002946017077192664,data\cache\clean\test\stylegan_xl_b6abe358484b287a\color_up.jpg
stylegan_xl_bd69757ff485d03e,color_up,stylegan_xl,stylegan_xl,1,0.05107404664158821,data\cache\clean\test\stylegan_xl_bd69757ff485d03e\color_up.jpg
stylegan_xl_cccbc1d57a7e095e,color_up,stylegan_xl,stylegan_xl,1,0.12278122454881668,data\cache\clean\test\stylegan_xl_cccbc1d57a7e095e\color_up.jpg
stylegan_xl_cf9c332a1ebfb587,color_up,stylegan_xl,stylegan_xl,1,0.00820093508809805,data\cache\clean\test\stylegan_xl_cf9c332a1ebfb587\color_up.jpg
stylegan_xl_d7c4ece8c8a01de0,color_up,stylegan_xl,stylegan_xl,1,0.1891118288040161,data\cache\clean\test\stylegan_xl_d7c4ece8c8a01de0\color_up.jpg
stylegan_xl_e4b8e7ef72cabaf2,color_up,stylegan_xl,stylegan_xl,1,0.2609110176563263,data\cache\clean\test\stylegan_xl_e4b8e7ef72cabaf2\color_up.jpg
stylegan_xl_f2ea3473d8b1a62f,color_up,stylegan_xl,stylegan_xl,1,0.4406995177268982,data\cache\clean\test\stylegan_xl_f2ea3473d8b1a62f\color_up.jpg
stylegan_xl_f4a503e24265a7e1,color_up,stylegan_xl,stylegan_xl,1,0.4304405450820923,data\cache\clean\test\stylegan_xl_f4a503e24265a7e1\color_up.jpg
stylegan_xl_fef6a66b8deaa7ab,color_up,stylegan_xl,stylegan_xl,1,0.00398213742300868,data\cache\clean\test\stylegan_xl_fef6a66b8deaa7ab\color_up.jpg
stylegan_xl_stylegan-x_172,color_up,stylegan_xl,stylegan_xl,1,0.4786393344402313,data\cache\clean\test\stylegan_xl_stylegan-x_172\color_up.jpg
stylegan_xl_stylegan-x_519,color_up,stylegan_xl,stylegan_xl,1,0.3313218355178833,data\cache\clean\test\stylegan_xl_stylegan-x_519\color_up.jpg
cifake_1028 (10),crop80,cifake,stable_diffusion,1,0.3710126280784607,data\cache\clean\test\cifake_1028 (10)\crop80.jpg
cifake_1297 (6),crop80,cifake,stable_diffusion,1,0.37803754210472107,data\cache\clean\test\cifake_1297 (6)\crop80.jpg
cifake_1392 (10),crop80,cifake,stable_diffusion,1,0.42094385623931885,data\cache\clean\test\cifake_1392 (10)\crop80.jpg
cifake_1729 (4),crop80,cifake,stable_diffusion,1,0.4224606156349182,data\cache\clean\test\cifake_1729 (4)\crop80.jpg
cifake_1867 (9),crop80,cifake,stable_diffusion,1,0.06126983463764191,data\cache\clean\test\cifake_1867 (9)\crop80.jpg
cifake_2078 (4),crop80,cifake,stable_diffusion,1,0.49653539061546326,data\cache\clean\test\cifake_2078 (4)\crop80.jpg
cifake_2286 (2),crop80,cifake,stable_diffusion,1,0.1397588551044464,data\cache\clean\test\cifake_2286 (2)\crop80.jpg
cifake_2293 (9),crop80,cifake,stable_diffusion,1,0.35328418016433716,data\cache\clean\test\cifake_2293 (9)\crop80.jpg
cifake_3053 (4),crop80,cifake,stable_diffusion,1,0.040940795093774796,data\cache\clean\test\cifake_3053 (4)\crop80.jpg
cifake_3234 (2),crop80,cifake,stable_diffusion,1,0.4246428608894348,data\cache\clean\test\cifake_3234 (2)\crop80.jpg
cifake_3309 (8),crop80,cifake,stable_diffusion,1,0.0006493218243122101,data\cache\clean\test\cifake_3309 (8)\crop80.jpg
cifake_3379 (8),crop80,cifake,stable_diffusion,1,0.07977765798568726,data\cache\clean\test\cifake_3379 (8)\crop80.jpg
cifake_3395 (5),crop80,cifake,stable_diffusion,1,0.009479998610913754,data\cache\clean\test\cifake_3395 (5)\crop80.jpg
cifake_3450 (4),crop80,cifake,stable_diffusion,1,0.2408035695552826,data\cache\clean\test\cifake_3450 (4)\crop80.jpg
cifake_3582 (9),crop80,cifake,stable_diffusion,1,0.26071375608444214,data\cache\clean\test\cifake_3582 (9)\crop80.jpg
cifake_4160 (8)_1,crop80,cifake,stable_diffusion,1,0.3975572884082794,data\cache\clean\test\cifake_4160 (8)_1\crop80.jpg
cifake_4221 (2),crop80,cifake,stable_diffusion,1,0.04676499590277672,data\cache\clean\test\cifake_4221 (2)\crop80.jpg
cifake_4670 (4),crop80,cifake,stable_diffusion,1,0.09896735846996307,data\cache\clean\test\cifake_4670 (4)\crop80.jpg
cifake_5943 (10),crop80,cifake,stable_diffusion,1,0.18049396574497223,data\cache\clean\test\cifake_5943 (10)\crop80.jpg
cifake_771 (8),crop80,cifake,stable_diffusion,1,0.3573988676071167,data\cache\clean\test\cifake_771 (8)\crop80.jpg
dalle_10374,crop80,dalle,dalle,1,0.27984216809272766,data\cache\clean\test\dalle_10374\crop80.jpg
dalle_12052,crop80,dalle,dalle,1,0.003306922037154436,data\cache\clean\test\dalle_12052\crop80.jpg
dalle_13108,crop80,dalle,dalle,1,0.19082745909690857,data\cache\clean\test\dalle_13108\crop80.jpg
dalle_1895b86b74caac5dad51022c3d3b33df,crop80,dalle,dalle,1,0.00035251135705038905,data\cache\clean\test\dalle_1895b86b74caac5dad51022c3d3b33df\crop80.jpg
dalle_19590,crop80,dalle,dalle,1,0.0029500394593924284,data\cache\clean\test\dalle_19590\crop80.jpg
dalle_27874,crop80,dalle,dalle,1,0.3767455816268921,data\cache\clean\test\dalle_27874\crop80.jpg
dalle_29659,crop80,dalle,dalle,1,0.19353419542312622,data\cache\clean\test\dalle_29659\crop80.jpg
dalle_3469,crop80,dalle,dalle,1,0.19955241680145264,data\cache\clean\test\dalle_3469\crop80.jpg
dalle_40387,crop80,dalle,dalle,1,0.012150449678301811,data\cache\clean\test\dalle_40387\crop80.jpg
dalle_41791,crop80,dalle,dalle,1,0.34810906648635864,data\cache\clean\test\dalle_41791\crop80.jpg
dalle_6f0f61883f111368d770c54801f33449,crop80,dalle,dalle,1,0.011643096804618835,data\cache\clean\test\dalle_6f0f61883f111368d770c54801f33449\crop80.jpg
dalle_8017,crop80,dalle,dalle,1,4.381347753223963e-05,data\cache\clean\test\dalle_8017\crop80.jpg
gigagan_03422,crop80,gigagan,gigagan,1,0.18196865916252136,data\cache\clean\test\gigagan_03422\crop80.jpg
gigagan_03860,crop80,gigagan,gigagan,1,0.1958765983581543,data\cache\clean\test\gigagan_03860\crop80.jpg
gigagan_05645,crop80,gigagan,gigagan,1,0.1655944287776947,data\cache\clean\test\gigagan_05645\crop80.jpg
gigagan_05738,crop80,gigagan,gigagan,1,0.013919110409915447,data\cache\clean\test\gigagan_05738\crop80.jpg
gigagan_06526,crop80,gigagan,gigagan,1,0.18780392408370972,data\cache\clean\test\gigagan_06526\crop80.jpg
gigagan_07350,crop80,gigagan,gigagan,1,0.033716700971126556,data\cache\clean\test\gigagan_07350\crop80.jpg
gigagan_07909,crop80,gigagan,gigagan,1,0.0728183314204216,data\cache\clean\test\gigagan_07909\crop80.jpg
gigagan_08193,crop80,gigagan,gigagan,1,0.48690542578697205,data\cache\clean\test\gigagan_08193\crop80.jpg
gigagan_08351,crop80,gigagan,gigagan,1,0.05600599944591522,data\cache\clean\test\gigagan_08351\crop80.jpg
gigagan_09302,crop80,gigagan,gigagan,1,0.055178139358758926,data\cache\clean\test\gigagan_09302\crop80.jpg
gigagan_10769,crop80,gigagan,gigagan,1,0.00467519648373127,data\cache\clean\test\gigagan_10769\crop80.jpg
gigagan_10914,crop80,gigagan,gigagan,1,0.0003853278758469969,data\cache\clean\test\gigagan_10914\crop80.jpg
gigagan_11176,crop80,gigagan,gigagan,1,0.42396092414855957,data\cache\clean\test\gigagan_11176\crop80.jpg
gigagan_12929,crop80,gigagan,gigagan,1,0.06544750928878784,data\cache\clean\test\gigagan_12929\crop80.jpg
gigagan_13110,crop80,gigagan,gigagan,1,0.35588330030441284,data\cache\clean\test\gigagan_13110\crop80.jpg
gigagan_14071,crop80,gigagan,gigagan,1,0.0006189292762428522,data\cache\clean\test\gigagan_14071\crop80.jpg
gigagan_16357,crop80,gigagan,gigagan,1,0.4277101755142212,data\cache\clean\test\gigagan_16357\crop80.jpg
gigagan_16859,crop80,gigagan,gigagan,1,0.3513373136520386,data\cache\clean\test\gigagan_16859\crop80.jpg
gigagan_17666,crop80,gigagan,gigagan,1,0.02048962190747261,data\cache\clean\test\gigagan_17666\crop80.jpg
gigagan_18085,crop80,gigagan,gigagan,1,0.3691938817501068,data\cache\clean\test\gigagan_18085\crop80.jpg
gigagan_18143,crop80,gigagan,gigagan,1,0.33778488636016846,data\cache\clean\test\gigagan_18143\crop80.jpg
gigagan_19199,crop80,gigagan,gigagan,1,0.04177321493625641,data\cache\clean\test\gigagan_19199\crop80.jpg
gigagan_20327,crop80,gigagan,gigagan,1,0.00039321836084127426,data\cache\clean\test\gigagan_20327\crop80.jpg
gigagan_20756,crop80,gigagan,gigagan,1,0.22566400468349457,data\cache\clean\test\gigagan_20756\crop80.jpg
gigagan_21611,crop80,gigagan,gigagan,1,0.012584925629198551,data\cache\clean\test\gigagan_21611\crop80.jpg
gigagan_22263,crop80,gigagan,gigagan,1,0.09479007869958878,data\cache\clean\test\gigagan_22263\crop80.jpg
gigagan_22533,crop80,gigagan,gigagan,1,0.04788446053862572,data\cache\clean\test\gigagan_22533\crop80.jpg
gigagan_22770,crop80,gigagan,gigagan,1,0.20593304932117462,data\cache\clean\test\gigagan_22770\crop80.jpg
gigagan_23134,crop80,gigagan,gigagan,1,0.3372980058193207,data\cache\clean\test\gigagan_23134\crop80.jpg
gigagan_23834,crop80,gigagan,gigagan,1,0.08580382913351059,data\cache\clean\test\gigagan_23834\crop80.jpg
gigagan_24679,crop80,gigagan,gigagan,1,0.16571663320064545,data\cache\clean\test\gigagan_24679\crop80.jpg
gigagan_24933,crop80,gigagan,gigagan,1,0.22126874327659607,data\cache\clean\test\gigagan_24933\crop80.jpg
gigagan_26067,crop80,gigagan,gigagan,1,0.02147703804075718,data\cache\clean\test\gigagan_26067\crop80.jpg
gigagan_26681,crop80,gigagan,gigagan,1,0.10156113654375076,data\cache\clean\test\gigagan_26681\crop80.jpg
gigagan_26982,crop80,gigagan,gigagan,1,0.45338836312294006,data\cache\clean\test\gigagan_26982\crop80.jpg
gigagan_27121,crop80,gigagan,gigagan,1,0.4039226472377777,data\cache\clean\test\gigagan_27121\crop80.jpg
imagen3_045e6da6fd7f6fb0,crop80,imagen3,imagen3,1,0.00019771461666096002,data\cache\clean\test\imagen3_045e6da6fd7f6fb0\crop80.jpg
imagen3_07747d6ffd056bee,crop80,imagen3,imagen3,1,0.2221573442220688,data\cache\clean\test\imagen3_07747d6ffd056bee\crop80.jpg
imagen3_13ed1f9391224848,crop80,imagen3,imagen3,1,0.30340874195098877,data\cache\clean\test\imagen3_13ed1f9391224848\crop80.jpg
imagen3_17643da56f35c6f7,crop80,imagen3,imagen3,1,0.00026763102505356073,data\cache\clean\test\imagen3_17643da56f35c6f7\crop80.jpg
imagen3_1fe9a0379cffa709,crop80,imagen3,imagen3,1,0.2694458067417145,data\cache\clean\test\imagen3_1fe9a0379cffa709\crop80.jpg
imagen3_24e64d19ddde11cb,crop80,imagen3,imagen3,1,0.0015610476257279515,data\cache\clean\test\imagen3_24e64d19ddde11cb\crop80.jpg
imagen3_260ae6b06f1f50e2,crop80,imagen3,imagen3,1,0.00029498047661036253,data\cache\clean\test\imagen3_260ae6b06f1f50e2\crop80.jpg
imagen3_2be4510162a8a76e,crop80,imagen3,imagen3,1,0.3976905643939972,data\cache\clean\test\imagen3_2be4510162a8a76e\crop80.jpg
imagen3_3403b18fc93acbfc,crop80,imagen3,imagen3,1,0.04530992731451988,data\cache\clean\test\imagen3_3403b18fc93acbfc\crop80.jpg
imagen3_44476,crop80,imagen3,imagen3,1,0.08707112818956375,data\cache\clean\test\imagen3_44476\crop80.jpg
imagen3_473ffc5e3d5dc373,crop80,imagen3,imagen3,1,0.06181247904896736,data\cache\clean\test\imagen3_473ffc5e3d5dc373\crop80.jpg
imagen3_51659,crop80,imagen3,imagen3,1,0.4265024960041046,data\cache\clean\test\imagen3_51659\crop80.jpg
imagen3_5e95809bd47d157b,crop80,imagen3,imagen3,1,0.10006561130285263,data\cache\clean\test\imagen3_5e95809bd47d157b\crop80.jpg
imagen3_69467160e53f71bc,crop80,imagen3,imagen3,1,0.42765703797340393,data\cache\clean\test\imagen3_69467160e53f71bc\crop80.jpg
imagen3_6a8270ea182a9194,crop80,imagen3,imagen3,1,0.010025295428931713,data\cache\clean\test\imagen3_6a8270ea182a9194\crop80.jpg
imagen3_6c7624322b04ce43,crop80,imagen3,imagen3,1,0.0006375523516908288,data\cache\clean\test\imagen3_6c7624322b04ce43\crop80.jpg
imagen3_77fb2d4f372634f8,crop80,imagen3,imagen3,1,0.12563224136829376,data\cache\clean\test\imagen3_77fb2d4f372634f8\crop80.jpg
imagen3_7ee1485909c59826,crop80,imagen3,imagen3,1,0.002870351541787386,data\cache\clean\test\imagen3_7ee1485909c59826\crop80.jpg
imagen3_8b13dc3bff918841,crop80,imagen3,imagen3,1,0.02329251542687416,data\cache\clean\test\imagen3_8b13dc3bff918841\crop80.jpg
imagen3_8e6f8acd28fd8f35,crop80,imagen3,imagen3,1,0.08601383864879608,data\cache\clean\test\imagen3_8e6f8acd28fd8f35\crop80.jpg
imagen3_9e82651e214a25c8,crop80,imagen3,imagen3,1,0.2698938548564911,data\cache\clean\test\imagen3_9e82651e214a25c8\crop80.jpg
imagen3_aa13646e437b7afa,crop80,imagen3,imagen3,1,0.0023597225081175566,data\cache\clean\test\imagen3_aa13646e437b7afa\crop80.jpg
imagen3_ad860df8c2a1a848,crop80,imagen3,imagen3,1,0.00869875680655241,data\cache\clean\test\imagen3_ad860df8c2a1a848\crop80.jpg
imagen3_b69c9976ced306d1,crop80,imagen3,imagen3,1,0.022846000269055367,data\cache\clean\test\imagen3_b69c9976ced306d1\crop80.jpg
imagen3_ca44bb7db1e73a9a,crop80,imagen3,imagen3,1,0.002974111819639802,data\cache\clean\test\imagen3_ca44bb7db1e73a9a\crop80.jpg
imagen3_e63f3b6f8bdee43a,crop80,imagen3,imagen3,1,0.22960606217384338,data\cache\clean\test\imagen3_e63f3b6f8bdee43a\crop80.jpg
imagen3_ea646e585cc24088,crop80,imagen3,imagen3,1,0.2797408401966095,data\cache\clean\test\imagen3_ea646e585cc24088\crop80.jpg
imagen3_f2da05bffbe27dab,crop80,imagen3,imagen3,1,0.37188708782196045,data\cache\clean\test\imagen3_f2da05bffbe27dab\crop80.jpg
imagen3_f69a20bda8f47fea,crop80,imagen3,imagen3,1,0.3644137680530548,data\cache\clean\test\imagen3_f69a20bda8f47fea\crop80.jpg
imagen3_Imagen3_1208,crop80,imagen3,imagen3,1,0.0001658025721553713,data\cache\clean\test\imagen3_Imagen3_1208\crop80.jpg
imagen3_Imagen3_2403,crop80,imagen3,imagen3,1,0.0392737090587616,data\cache\clean\test\imagen3_Imagen3_2403\crop80.jpg
imagen3_Imagen3_3546,crop80,imagen3,imagen3,1,0.281614750623703,data\cache\clean\test\imagen3_Imagen3_3546\crop80.jpg
sidset_full_synthetic_001692,crop80,sidset,full_synthetic,1,0.49710536003112793,data\cache\clean\test\sidset_full_synthetic_001692\crop80.jpg
sidset_full_synthetic_033528,crop80,sidset,full_synthetic,1,0.015496873296797276,data\cache\clean\test\sidset_full_synthetic_033528\crop80.jpg
sidset_full_synthetic_040891,crop80,sidset,full_synthetic,1,0.4826791286468506,data\cache\clean\test\sidset_full_synthetic_040891\crop80.jpg
sidset_full_synthetic_042089,crop80,sidset,full_synthetic,1,0.07365723699331284,data\cache\clean\test\sidset_full_synthetic_042089\crop80.jpg
sidset_full_synthetic_046026,crop80,sidset,full_synthetic,1,0.45454859733581543,data\cache\clean\test\sidset_full_synthetic_046026\crop80.jpg
sidset_full_synthetic_060524,crop80,sidset,full_synthetic,1,0.13996650278568268,data\cache\clean\test\sidset_full_synthetic_060524\crop80.jpg
sidset_full_synthetic_063062,crop80,sidset,full_synthetic,1,0.07876677811145782,data\cache\clean\test\sidset_full_synthetic_063062\crop80.jpg
stylegan_xl_0097a2e24789bc7a,crop80,stylegan_xl,stylegan_xl,1,0.0015486099291592836,data\cache\clean\test\stylegan_xl_0097a2e24789bc7a\crop80.jpg
stylegan_xl_00a4591cf03df584,crop80,stylegan_xl,stylegan_xl,1,0.0005363405216485262,data\cache\clean\test\stylegan_xl_00a4591cf03df584\crop80.jpg
stylegan_xl_0f7efa4c31bcd8f4,crop80,stylegan_xl,stylegan_xl,1,0.0015231958823278546,data\cache\clean\test\stylegan_xl_0f7efa4c31bcd8f4\crop80.jpg
stylegan_xl_1060d58257bc5130,crop80,stylegan_xl,stylegan_xl,1,0.002199535258114338,data\cache\clean\test\stylegan_xl_1060d58257bc5130\crop80.jpg
stylegan_xl_2013fe0d44f84041,crop80,stylegan_xl,stylegan_xl,1,0.0007886036182753742,data\cache\clean\test\stylegan_xl_2013fe0d44f84041\crop80.jpg
stylegan_xl_3621cf0be1fc8d68,crop80,stylegan_xl,stylegan_xl,1,0.16888687014579773,data\cache\clean\test\stylegan_xl_3621cf0be1fc8d68\crop80.jpg
stylegan_xl_38c489e3b0d8c700,crop80,stylegan_xl,stylegan_xl,1,0.06797545403242111,data\cache\clean\test\stylegan_xl_38c489e3b0d8c700\crop80.jpg
stylegan_xl_3b5e18f8fc06450d,crop80,stylegan_xl,stylegan_xl,1,0.0002130355715053156,data\cache\clean\test\stylegan_xl_3b5e18f8fc06450d\crop80.jpg
stylegan_xl_44451,crop80,stylegan_xl,stylegan_xl,1,0.014352125115692616,data\cache\clean\test\stylegan_xl_44451\crop80.jpg
stylegan_xl_45081,crop80,stylegan_xl,stylegan_xl,1,0.02303275279700756,data\cache\clean\test\stylegan_xl_45081\crop80.jpg
stylegan_xl_45602,crop80,stylegan_xl,stylegan_xl,1,0.29680898785591125,data\cache\clean\test\stylegan_xl_45602\crop80.jpg
stylegan_xl_47014,crop80,stylegan_xl,stylegan_xl,1,0.08625377714633942,data\cache\clean\test\stylegan_xl_47014\crop80.jpg
stylegan_xl_48611,crop80,stylegan_xl,stylegan_xl,1,0.31790968775749207,data\cache\clean\test\stylegan_xl_48611\crop80.jpg
stylegan_xl_4f991f9638e28675,crop80,stylegan_xl,stylegan_xl,1,0.07436861097812653,data\cache\clean\test\stylegan_xl_4f991f9638e28675\crop80.jpg
stylegan_xl_60ed9d3511d333bf,crop80,stylegan_xl,stylegan_xl,1,0.05210837349295616,data\cache\clean\test\stylegan_xl_60ed9d3511d333bf\crop80.jpg
stylegan_xl_65bb283a1280639e,crop80,stylegan_xl,stylegan_xl,1,0.20465873181819916,data\cache\clean\test\stylegan_xl_65bb283a1280639e\crop80.jpg
stylegan_xl_729fee52c5b7f95b,crop80,stylegan_xl,stylegan_xl,1,0.219602569937706,data\cache\clean\test\stylegan_xl_729fee52c5b7f95b\crop80.jpg
stylegan_xl_7d433e90bcd7bd53,crop80,stylegan_xl,stylegan_xl,1,0.0006808770704083145,data\cache\clean\test\stylegan_xl_7d433e90bcd7bd53\crop80.jpg
stylegan_xl_7ffebe6032f8209f,crop80,stylegan_xl,stylegan_xl,1,0.07905469089746475,data\cache\clean\test\stylegan_xl_7ffebe6032f8209f\crop80.jpg
stylegan_xl_80fc8be6e7c11eb3,crop80,stylegan_xl,stylegan_xl,1,0.002413721289485693,data\cache\clean\test\stylegan_xl_80fc8be6e7c11eb3\crop80.jpg
stylegan_xl_8461b1ae87c22c20,crop80,stylegan_xl,stylegan_xl,1,0.015820268541574478,data\cache\clean\test\stylegan_xl_8461b1ae87c22c20\crop80.jpg
stylegan_xl_8f9dfd75dde8914f,crop80,stylegan_xl,stylegan_xl,1,0.06116178631782532,data\cache\clean\test\stylegan_xl_8f9dfd75dde8914f\crop80.jpg
stylegan_xl_a72f3ace10a8f550,crop80,stylegan_xl,stylegan_xl,1,0.04251226410269737,data\cache\clean\test\stylegan_xl_a72f3ace10a8f550\crop80.jpg
stylegan_xl_b6abe358484b287a,crop80,stylegan_xl,stylegan_xl,1,0.14077691733837128,data\cache\clean\test\stylegan_xl_b6abe358484b287a\crop80.jpg
stylegan_xl_bd69757ff485d03e,crop80,stylegan_xl,stylegan_xl,1,0.34134912490844727,data\cache\clean\test\stylegan_xl_bd69757ff485d03e\crop80.jpg
stylegan_xl_cccbc1d57a7e095e,crop80,stylegan_xl,stylegan_xl,1,0.13351275026798248,data\cache\clean\test\stylegan_xl_cccbc1d57a7e095e\crop80.jpg
stylegan_xl_cf9c332a1ebfb587,crop80,stylegan_xl,stylegan_xl,1,0.009366113692522049,data\cache\clean\test\stylegan_xl_cf9c332a1ebfb587\crop80.jpg
stylegan_xl_d7c4ece8c8a01de0,crop80,stylegan_xl,stylegan_xl,1,0.08855243027210236,data\cache\clean\test\stylegan_xl_d7c4ece8c8a01de0\crop80.jpg
stylegan_xl_e4b8e7ef72cabaf2,crop80,stylegan_xl,stylegan_xl,1,0.2068912237882614,data\cache\clean\test\stylegan_xl_e4b8e7ef72cabaf2\crop80.jpg
stylegan_xl_f4a503e24265a7e1,crop80,stylegan_xl,stylegan_xl,1,0.24962811172008514,data\cache\clean\test\stylegan_xl_f4a503e24265a7e1\crop80.jpg
stylegan_xl_fef6a66b8deaa7ab,crop80,stylegan_xl,stylegan_xl,1,0.0001704129681456834,data\cache\clean\test\stylegan_xl_fef6a66b8deaa7ab\crop80.jpg
cifake_1028 (10),jpeg_q30,cifake,stable_diffusion,1,0.17659281194210052,data\cache\clean\test\cifake_1028 (10)\jpeg_q30.jpg
cifake_1088 (3),jpeg_q30,cifake,stable_diffusion,1,0.21583613753318787,data\cache\clean\test\cifake_1088 (3)\jpeg_q30.jpg
cifake_1167 (3),jpeg_q30,cifake,stable_diffusion,1,0.490314245223999,data\cache\clean\test\cifake_1167 (3)\jpeg_q30.jpg
cifake_1297 (6),jpeg_q30,cifake,stable_diffusion,1,0.42577746510505676,data\cache\clean\test\cifake_1297 (6)\jpeg_q30.jpg
cifake_1468 (5),jpeg_q30,cifake,stable_diffusion,1,0.48022088408470154,data\cache\clean\test\cifake_1468 (5)\jpeg_q30.jpg
cifake_1597 (8),jpeg_q30,cifake,stable_diffusion,1,0.41851839423179626,data\cache\clean\test\cifake_1597 (8)\jpeg_q30.jpg
cifake_1623 (9),jpeg_q30,cifake,stable_diffusion,1,0.37337014079093933,data\cache\clean\test\cifake_1623 (9)\jpeg_q30.jpg
cifake_3234 (2),jpeg_q30,cifake,stable_diffusion,1,0.3703261613845825,data\cache\clean\test\cifake_3234 (2)\jpeg_q30.jpg
cifake_4127 (3),jpeg_q30,cifake,stable_diffusion,1,0.08062823116779327,data\cache\clean\test\cifake_4127 (3)\jpeg_q30.jpg
cifake_4221 (2),jpeg_q30,cifake,stable_diffusion,1,0.045690543949604034,data\cache\clean\test\cifake_4221 (2)\jpeg_q30.jpg
cifake_4615 (3),jpeg_q30,cifake,stable_diffusion,1,0.10924694687128067,data\cache\clean\test\cifake_4615 (3)\jpeg_q30.jpg
cifake_4670 (4),jpeg_q30,cifake,stable_diffusion,1,0.18626676499843597,data\cache\clean\test\cifake_4670 (4)\jpeg_q30.jpg
cifake_4681 (5),jpeg_q30,cifake,stable_diffusion,1,0.024178696796298027,data\cache\clean\test\cifake_4681 (5)\jpeg_q30.jpg
cifake_5607 (3),jpeg_q30,cifake,stable_diffusion,1,0.1947217583656311,data\cache\clean\test\cifake_5607 (3)\jpeg_q30.jpg
cifake_5943 (10),jpeg_q30,cifake,stable_diffusion,1,0.3432154357433319,data\cache\clean\test\cifake_5943 (10)\jpeg_q30.jpg
cifake_791 (6),jpeg_q30,cifake,stable_diffusion,1,0.33230602741241455,data\cache\clean\test\cifake_791 (6)\jpeg_q30.jpg
dalle_12052,jpeg_q30,dalle,dalle,1,4.690865898737684e-05,data\cache\clean\test\dalle_12052\jpeg_q30.jpg
dalle_13108,jpeg_q30,dalle,dalle,1,0.37319886684417725,data\cache\clean\test\dalle_13108\jpeg_q30.jpg
dalle_17768,jpeg_q30,dalle,dalle,1,0.2753686308860779,data\cache\clean\test\dalle_17768\jpeg_q30.jpg
dalle_18943,jpeg_q30,dalle,dalle,1,0.10336168110370636,data\cache\clean\test\dalle_18943\jpeg_q30.jpg
dalle_1895b86b74caac5dad51022c3d3b33df,jpeg_q30,dalle,dalle,1,0.049059297889471054,data\cache\clean\test\dalle_1895b86b74caac5dad51022c3d3b33df\jpeg_q30.jpg
dalle_19590,jpeg_q30,dalle,dalle,1,0.04466014355421066,data\cache\clean\test\dalle_19590\jpeg_q30.jpg
dalle_27874,jpeg_q30,dalle,dalle,1,0.06189443916082382,data\cache\clean\test\dalle_27874\jpeg_q30.jpg
dalle_29480,jpeg_q30,dalle,dalle,1,0.41433945298194885,data\cache\clean\test\dalle_29480\jpeg_q30.jpg
dalle_3469,jpeg_q30,dalle,dalle,1,0.3916042447090149,data\cache\clean\test\dalle_3469\jpeg_q30.jpg
dalle_35493,jpeg_q30,dalle,dalle,1,0.09718827903270721,data\cache\clean\test\dalle_35493\jpeg_q30.jpg
dalle_40387,jpeg_q30,dalle,dalle,1,0.47984763979911804,data\cache\clean\test\dalle_40387\jpeg_q30.jpg
dalle_41791,jpeg_q30,dalle,dalle,1,0.155806303024292,data\cache\clean\test\dalle_41791\jpeg_q30.jpg
dalle_42344,jpeg_q30,dalle,dalle,1,0.013771867379546165,data\cache\clean\test\dalle_42344\jpeg_q30.jpg
dalle_6481,jpeg_q30,dalle,dalle,1,0.2102634608745575,data\cache\clean\test\dalle_6481\jpeg_q30.jpg
dalle_6f0f61883f111368d770c54801f33449,jpeg_q30,dalle,dalle,1,0.0004558757063932717,data\cache\clean\test\dalle_6f0f61883f111368d770c54801f33449\jpeg_q30.jpg
dalle_8017,jpeg_q30,dalle,dalle,1,2.210603270214051e-05,data\cache\clean\test\dalle_8017\jpeg_q30.jpg
dalle_9068,jpeg_q30,dalle,dalle,1,0.43510952591896057,data\cache\clean\test\dalle_9068\jpeg_q30.jpg
dalle_9639,jpeg_q30,dalle,dalle,1,0.16134963929653168,data\cache\clean\test\dalle_9639\jpeg_q30.jpg
gigagan_03860,jpeg_q30,gigagan,gigagan,1,0.08771304786205292,data\cache\clean\test\gigagan_03860\jpeg_q30.jpg
gigagan_05738,jpeg_q30,gigagan,gigagan,1,0.03523407131433487,data\cache\clean\test\gigagan_05738\jpeg_q30.jpg
gigagan_05849,jpeg_q30,gigagan,gigagan,1,0.17649465799331665,data\cache\clean\test\gigagan_05849\jpeg_q30.jpg
gigagan_06526,jpeg_q30,gigagan,gigagan,1,0.2688903212547302,data\cache\clean\test\gigagan_06526\jpeg_q30.jpg
gigagan_07909,jpeg_q30,gigagan,gigagan,1,0.020388662815093994,data\cache\clean\test\gigagan_07909\jpeg_q30.jpg
gigagan_08193,jpeg_q30,gigagan,gigagan,1,0.22124293446540833,data\cache\clean\test\gigagan_08193\jpeg_q30.jpg
gigagan_08351,jpeg_q30,gigagan,gigagan,1,0.05771002173423767,data\cache\clean\test\gigagan_08351\jpeg_q30.jpg
gigagan_08561,jpeg_q30,gigagan,gigagan,1,0.10163839906454086,data\cache\clean\test\gigagan_08561\jpeg_q30.jpg
gigagan_09026,jpeg_q30,gigagan,gigagan,1,0.18483693897724152,data\cache\clean\test\gigagan_09026\jpeg_q30.jpg
gigagan_09302,jpeg_q30,gigagan,gigagan,1,0.014999001286923885,data\cache\clean\test\gigagan_09302\jpeg_q30.jpg
gigagan_09418,jpeg_q30,gigagan,gigagan,1,0.03450363129377365,data\cache\clean\test\gigagan_09418\jpeg_q30.jpg
gigagan_09458,jpeg_q30,gigagan,gigagan,1,0.04122600331902504,data\cache\clean\test\gigagan_09458\jpeg_q30.jpg
gigagan_10282,jpeg_q30,gigagan,gigagan,1,0.09669935703277588,data\cache\clean\test\gigagan_10282\jpeg_q30.jpg
gigagan_10769,jpeg_q30,gigagan,gigagan,1,0.008197836577892303,data\cache\clean\test\gigagan_10769\jpeg_q30.jpg
gigagan_10914,jpeg_q30,gigagan,gigagan,1,0.00020436695194803178,data\cache\clean\test\gigagan_10914\jpeg_q30.jpg
gigagan_11896,jpeg_q30,gigagan,gigagan,1,0.49491626024246216,data\cache\clean\test\gigagan_11896\jpeg_q30.jpg
gigagan_12929,jpeg_q30,gigagan,gigagan,1,0.1559680700302124,data\cache\clean\test\gigagan_12929\jpeg_q30.jpg
gigagan_13110,jpeg_q30,gigagan,gigagan,1,0.4583183526992798,data\cache\clean\test\gigagan_13110\jpeg_q30.jpg
gigagan_14071,jpeg_q30,gigagan,gigagan,1,0.0018450974021106958,data\cache\clean\test\gigagan_14071\jpeg_q30.jpg
gigagan_14138,jpeg_q30,gigagan,gigagan,1,0.30351880192756653,data\cache\clean\test\gigagan_14138\jpeg_q30.jpg
gigagan_14909,jpeg_q30,gigagan,gigagan,1,0.05408475548028946,data\cache\clean\test\gigagan_14909\jpeg_q30.jpg
gigagan_15355,jpeg_q30,gigagan,gigagan,1,0.3038667142391205,data\cache\clean\test\gigagan_15355\jpeg_q30.jpg
gigagan_15412,jpeg_q30,gigagan,gigagan,1,0.497589111328125,data\cache\clean\test\gigagan_15412\jpeg_q30.jpg
gigagan_15561,jpeg_q30,gigagan,gigagan,1,0.03461240977048874,data\cache\clean\test\gigagan_15561\jpeg_q30.jpg
gigagan_16357,jpeg_q30,gigagan,gigagan,1,0.17826995253562927,data\cache\clean\test\gigagan_16357\jpeg_q30.jpg
gigagan_16702,jpeg_q30,gigagan,gigagan,1,0.06261922419071198,data\cache\clean\test\gigagan_16702\jpeg_q30.jpg
gigagan_16966,jpeg_q30,gigagan,gigagan,1,0.06614601612091064,data\cache\clean\test\gigagan_16966\jpeg_q30.jpg
gigagan_17666,jpeg_q30,gigagan,gigagan,1,0.3224636912345886,data\cache\clean\test\gigagan_17666\jpeg_q30.jpg
gigagan_18085,jpeg_q30,gigagan,gigagan,1,0.007153131067752838,data\cache\clean\test\gigagan_18085\jpeg_q30.jpg
gigagan_18143,jpeg_q30,gigagan,gigagan,1,0.28063610196113586,data\cache\clean\test\gigagan_18143\jpeg_q30.jpg
gigagan_18797,jpeg_q30,gigagan,gigagan,1,0.49008268117904663,data\cache\clean\test\gigagan_18797\jpeg_q30.jpg
gigagan_19199,jpeg_q30,gigagan,gigagan,1,0.04817957058548927,data\cache\clean\test\gigagan_19199\jpeg_q30.jpg
gigagan_19248,jpeg_q30,gigagan,gigagan,1,0.08427011221647263,data\cache\clean\test\gigagan_19248\jpeg_q30.jpg
gigagan_20207,jpeg_q30,gigagan,gigagan,1,0.41003677248954773,data\cache\clean\test\gigagan_20207\jpeg_q30.jpg
gigagan_20327,jpeg_q30,gigagan,gigagan,1,0.00030283507658168674,data\cache\clean\test\gigagan_20327\jpeg_q30.jpg
gigagan_20756,jpeg_q30,gigagan,gigagan,1,0.09365098923444748,data\cache\clean\test\gigagan_20756\jpeg_q30.jpg
gigagan_20968,jpeg_q30,gigagan,gigagan,1,0.2171505242586136,data\cache\clean\test\gigagan_20968\jpeg_q30.jpg
gigagan_21116,jpeg_q30,gigagan,gigagan,1,0.15074121952056885,data\cache\clean\test\gigagan_21116\jpeg_q30.jpg
gigagan_21166,jpeg_q30,gigagan,gigagan,1,0.38700681924819946,data\cache\clean\test\gigagan_21166\jpeg_q30.jpg
gigagan_21611,jpeg_q30,gigagan,gigagan,1,0.14169535040855408,data\cache\clean\test\gigagan_21611\jpeg_q30.jpg
gigagan_22263,jpeg_q30,gigagan,gigagan,1,0.052143294364213943,data\cache\clean\test\gigagan_22263\jpeg_q30.jpg
gigagan_22533,jpeg_q30,gigagan,gigagan,1,0.32429322600364685,data\cache\clean\test\gigagan_22533\jpeg_q30.jpg
gigagan_22770,jpeg_q30,gigagan,gigagan,1,0.008555944077670574,data\cache\clean\test\gigagan_22770\jpeg_q30.jpg
gigagan_23134,jpeg_q30,gigagan,gigagan,1,0.0012284641852602363,data\cache\clean\test\gigagan_23134\jpeg_q30.jpg
gigagan_23523,jpeg_q30,gigagan,gigagan,1,0.45775356888771057,data\cache\clean\test\gigagan_23523\jpeg_q30.jpg
gigagan_23834,jpeg_q30,gigagan,gigagan,1,0.058426592499017715,data\cache\clean\test\gigagan_23834\jpeg_q30.jpg
gigagan_24445,jpeg_q30,gigagan,gigagan,1,0.007849042303860188,data\cache\clean\test\gigagan_24445\jpeg_q30.jpg
gigagan_24679,jpeg_q30,gigagan,gigagan,1,0.2242341786623001,data\cache\clean\test\gigagan_24679\jpeg_q30.jpg
gigagan_24933,jpeg_q30,gigagan,gigagan,1,0.4779452979564667,data\cache\clean\test\gigagan_24933\jpeg_q30.jpg
gigagan_25002,jpeg_q30,gigagan,gigagan,1,0.08876202255487442,data\cache\clean\test\gigagan_25002\jpeg_q30.jpg
gigagan_25090,jpeg_q30,gigagan,gigagan,1,0.01818237453699112,data\cache\clean\test\gigagan_25090\jpeg_q30.jpg
gigagan_25801,jpeg_q30,gigagan,gigagan,1,0.03104633279144764,data\cache\clean\test\gigagan_25801\jpeg_q30.jpg
gigagan_26067,jpeg_q30,gigagan,gigagan,1,0.3863425850868225,data\cache\clean\test\gigagan_26067\jpeg_q30.jpg
gigagan_26323,jpeg_q30,gigagan,gigagan,1,0.2913648188114166,data\cache\clean\test\gigagan_26323\jpeg_q30.jpg
gigagan_26681,jpeg_q30,gigagan,gigagan,1,0.15491001307964325,data\cache\clean\test\gigagan_26681\jpeg_q30.jpg
gigagan_27033,jpeg_q30,gigagan,gigagan,1,0.31836003065109253,data\cache\clean\test\gigagan_27033\jpeg_q30.jpg
gigagan_27589,jpeg_q30,gigagan,gigagan,1,0.3417981266975403,data\cache\clean\test\gigagan_27589\jpeg_q30.jpg
gigagan_27940,jpeg_q30,gigagan,gigagan,1,0.3676862120628357,data\cache\clean\test\gigagan_27940\jpeg_q30.jpg
gigagan_28062,jpeg_q30,gigagan,gigagan,1,0.1924392431974411,data\cache\clean\test\gigagan_28062\jpeg_q30.jpg
gigagan_28336,jpeg_q30,gigagan,gigagan,1,0.018895622342824936,data\cache\clean\test\gigagan_28336\jpeg_q30.jpg
gigagan_28900,jpeg_q30,gigagan,gigagan,1,0.10202152281999588,data\cache\clean\test\gigagan_28900\jpeg_q30.jpg
gigagan_29456,jpeg_q30,gigagan,gigagan,1,0.05968879535794258,data\cache\clean\test\gigagan_29456\jpeg_q30.jpg
imagen3_045e6da6fd7f6fb0,jpeg_q30,imagen3,imagen3,1,0.002018004423007369,data\cache\clean\test\imagen3_045e6da6fd7f6fb0\jpeg_q30.jpg
imagen3_13ed1f9391224848,jpeg_q30,imagen3,imagen3,1,0.15187416970729828,data\cache\clean\test\imagen3_13ed1f9391224848\jpeg_q30.jpg
imagen3_15ae6310fb427bba,jpeg_q30,imagen3,imagen3,1,0.3898566663265228,data\cache\clean\test\imagen3_15ae6310fb427bba\jpeg_q30.jpg
imagen3_17643da56f35c6f7,jpeg_q30,imagen3,imagen3,1,0.004811364691704512,data\cache\clean\test\imagen3_17643da56f35c6f7\jpeg_q30.jpg
imagen3_17919c9ffd792ad9,jpeg_q30,imagen3,imagen3,1,0.1605137288570404,data\cache\clean\test\imagen3_17919c9ffd792ad9\jpeg_q30.jpg
imagen3_24e64d19ddde11cb,jpeg_q30,imagen3,imagen3,1,0.0017304240027442575,data\cache\clean\test\imagen3_24e64d19ddde11cb\jpeg_q30.jpg
imagen3_260ae6b06f1f50e2,jpeg_q30,imagen3,imagen3,1,0.00025043878122232854,data\cache\clean\test\imagen3_260ae6b06f1f50e2\jpeg_q30.jpg
imagen3_2be4510162a8a76e,jpeg_q30,imagen3,imagen3,1,0.326324999332428,data\cache\clean\test\imagen3_2be4510162a8a76e\jpeg_q30.jpg
imagen3_3403b18fc93acbfc,jpeg_q30,imagen3,imagen3,1,0.017493633553385735,data\cache\clean\test\imagen3_3403b18fc93acbfc\jpeg_q30.jpg
imagen3_43208,jpeg_q30,imagen3,imagen3,1,0.29099392890930176,data\cache\clean\test\imagen3_43208\jpeg_q30.jpg
imagen3_44476,jpeg_q30,imagen3,imagen3,1,0.10674761980772018,data\cache\clean\test\imagen3_44476\jpeg_q30.jpg
imagen3_46922,jpeg_q30,imagen3,imagen3,1,0.016000961884856224,data\cache\clean\test\imagen3_46922\jpeg_q30.jpg
imagen3_473ffc5e3d5dc373,jpeg_q30,imagen3,imagen3,1,0.003380322828888893,data\cache\clean\test\imagen3_473ffc5e3d5dc373\jpeg_q30.jpg
imagen3_519f5c348fe55fcd,jpeg_q30,imagen3,imagen3,1,0.1692742109298706,data\cache\clean\test\imagen3_519f5c348fe55fcd\jpeg_q30.jpg
imagen3_53132,jpeg_q30,imagen3,imagen3,1,0.3047427833080292,data\cache\clean\test\imagen3_53132\jpeg_q30.jpg
imagen3_5e95809bd47d157b,jpeg_q30,imagen3,imagen3,1,0.0273934006690979,data\cache\clean\test\imagen3_5e95809bd47d157b\jpeg_q30.jpg
imagen3_69467160e53f71bc,jpeg_q30,imagen3,imagen3,1,0.11831044405698776,data\cache\clean\test\imagen3_69467160e53f71bc\jpeg_q30.jpg
imagen3_6a8270ea182a9194,jpeg_q30,imagen3,imagen3,1,0.0018367714947089553,data\cache\clean\test\imagen3_6a8270ea182a9194\jpeg_q30.jpg
imagen3_6c7624322b04ce43,jpeg_q30,imagen3,imagen3,1,0.019764654338359833,data\cache\clean\test\imagen3_6c7624322b04ce43\jpeg_q30.jpg
imagen3_77fb2d4f372634f8,jpeg_q30,imagen3,imagen3,1,0.0027219767216593027,data\cache\clean\test\imagen3_77fb2d4f372634f8\jpeg_q30.jpg
imagen3_7e3e1e738f642f1a,jpeg_q30,imagen3,imagen3,1,0.43343305587768555,data\cache\clean\test\imagen3_7e3e1e738f642f1a\jpeg_q30.jpg
imagen3_7ee1485909c59826,jpeg_q30,imagen3,imagen3,1,0.005139184184372425,data\cache\clean\test\imagen3_7ee1485909c59826\jpeg_q30.jpg
imagen3_8b13dc3bff918841,jpeg_q30,imagen3,imagen3,1,0.06041916087269783,data\cache\clean\test\imagen3_8b13dc3bff918841\jpeg_q30.jpg
imagen3_8e6f8acd28fd8f35,jpeg_q30,imagen3,imagen3,1,0.09288717061281204,data\cache\clean\test\imagen3_8e6f8acd28fd8f35\jpeg_q30.jpg
imagen3_9e82651e214a25c8,jpeg_q30,imagen3,imagen3,1,0.02364250272512436,data\cache\clean\test\imagen3_9e82651e214a25c8\jpeg_q30.jpg
imagen3_a90890e19b242beb,jpeg_q30,imagen3,imagen3,1,0.47446608543395996,data\cache\clean\test\imagen3_a90890e19b242beb\jpeg_q30.jpg
imagen3_aa13646e437b7afa,jpeg_q30,imagen3,imagen3,1,0.010929964482784271,data\cache\clean\test\imagen3_aa13646e437b7afa\jpeg_q30.jpg
imagen3_ad860df8c2a1a848,jpeg_q30,imagen3,imagen3,1,0.006227453704923391,data\cache\clean\test\imagen3_ad860df8c2a1a848\jpeg_q30.jpg
imagen3_b69c9976ced306d1,jpeg_q30,imagen3,imagen3,1,0.01395221333950758,data\cache\clean\test\imagen3_b69c9976ced306d1\jpeg_q30.jpg
imagen3_ca44bb7db1e73a9a,jpeg_q30,imagen3,imagen3,1,0.0105260806158185,data\cache\clean\test\imagen3_ca44bb7db1e73a9a\jpeg_q30.jpg
imagen3_e63f3b6f8bdee43a,jpeg_q30,imagen3,imagen3,1,0.03306801989674568,data\cache\clean\test\imagen3_e63f3b6f8bdee43a\jpeg_q30.jpg
imagen3_ea646e585cc24088,jpeg_q30,imagen3,imagen3,1,0.3390750586986542,data\cache\clean\test\imagen3_ea646e585cc24088\jpeg_q30.jpg
imagen3_eaf94916ce926270,jpeg_q30,imagen3,imagen3,1,0.27807942032814026,data\cache\clean\test\imagen3_eaf94916ce926270\jpeg_q30.jpg
imagen3_f2da05bffbe27dab,jpeg_q30,imagen3,imagen3,1,0.16486354172229767,data\cache\clean\test\imagen3_f2da05bffbe27dab\jpeg_q30.jpg
imagen3_fd568a2839353a92,jpeg_q30,imagen3,imagen3,1,0.3963637053966522,data\cache\clean\test\imagen3_fd568a2839353a92\jpeg_q30.jpg
imagen3_fe7048efd51b15b8,jpeg_q30,imagen3,imagen3,1,0.03136177361011505,data\cache\clean\test\imagen3_fe7048efd51b15b8\jpeg_q30.jpg
imagen3_Imagen3_1208,jpeg_q30,imagen3,imagen3,1,0.017826031893491745,data\cache\clean\test\imagen3_Imagen3_1208\jpeg_q30.jpg
imagen3_Imagen3_2403,jpeg_q30,imagen3,imagen3,1,0.009773168712854385,data\cache\clean\test\imagen3_Imagen3_2403\jpeg_q30.jpg
imagen3_Imagen3_2787,jpeg_q30,imagen3,imagen3,1,0.478890985250473,data\cache\clean\test\imagen3_Imagen3_2787\jpeg_q30.jpg
imagen3_Imagen3_3097,jpeg_q30,imagen3,imagen3,1,0.34611231088638306,data\cache\clean\test\imagen3_Imagen3_3097\jpeg_q30.jpg
sidset_full_synthetic_001692,jpeg_q30,sidset,full_synthetic,1,0.018719209358096123,data\cache\clean\test\sidset_full_synthetic_001692\jpeg_q30.jpg
sidset_full_synthetic_003475,jpeg_q30,sidset,full_synthetic,1,0.4067627489566803,data\cache\clean\test\sidset_full_synthetic_003475\jpeg_q30.jpg
sidset_full_synthetic_005710,jpeg_q30,sidset,full_synthetic,1,0.3692483603954315,data\cache\clean\test\sidset_full_synthetic_005710\jpeg_q30.jpg
sidset_full_synthetic_028747,jpeg_q30,sidset,full_synthetic,1,0.34406355023384094,data\cache\clean\test\sidset_full_synthetic_028747\jpeg_q30.jpg
sidset_full_synthetic_033528,jpeg_q30,sidset,full_synthetic,1,0.0036381396930664778,data\cache\clean\test\sidset_full_synthetic_033528\jpeg_q30.jpg
sidset_full_synthetic_040891,jpeg_q30,sidset,full_synthetic,1,0.009241723455488682,data\cache\clean\test\sidset_full_synthetic_040891\jpeg_q30.jpg
sidset_full_synthetic_042089,jpeg_q30,sidset,full_synthetic,1,0.03632774576544762,data\cache\clean\test\sidset_full_synthetic_042089\jpeg_q30.jpg
sidset_full_synthetic_060524,jpeg_q30,sidset,full_synthetic,1,0.021894318982958794,data\cache\clean\test\sidset_full_synthetic_060524\jpeg_q30.jpg
sidset_full_synthetic_063062,jpeg_q30,sidset,full_synthetic,1,0.02703750506043434,data\cache\clean\test\sidset_full_synthetic_063062\jpeg_q30.jpg
sidset_full_synthetic_066065,jpeg_q30,sidset,full_synthetic,1,0.023547116667032242,data\cache\clean\test\sidset_full_synthetic_066065\jpeg_q30.jpg
stylegan_xl_0097a2e24789bc7a,jpeg_q30,stylegan_xl,stylegan_xl,1,0.02853759378194809,data\cache\clean\test\stylegan_xl_0097a2e24789bc7a\jpeg_q30.jpg
stylegan_xl_00a4591cf03df584,jpeg_q30,stylegan_xl,stylegan_xl,1,0.00672481395304203,data\cache\clean\test\stylegan_xl_00a4591cf03df584\jpeg_q30.jpg
stylegan_xl_0f7efa4c31bcd8f4,jpeg_q30,stylegan_xl,stylegan_xl,1,0.010856044478714466,data\cache\clean\test\stylegan_xl_0f7efa4c31bcd8f4\jpeg_q30.jpg
stylegan_xl_1060d58257bc5130,jpeg_q30,stylegan_xl,stylegan_xl,1,0.00045158647117204964,data\cache\clean\test\stylegan_xl_1060d58257bc5130\jpeg_q30.jpg
stylegan_xl_2013fe0d44f84041,jpeg_q30,stylegan_xl,stylegan_xl,1,5.3378657867142465e-06,data\cache\clean\test\stylegan_xl_2013fe0d44f84041\jpeg_q30.jpg
stylegan_xl_324e332686aa6966,jpeg_q30,stylegan_xl,stylegan_xl,1,0.21762336790561676,data\cache\clean\test\stylegan_xl_324e332686aa6966\jpeg_q30.jpg
stylegan_xl_3621cf0be1fc8d68,jpeg_q30,stylegan_xl,stylegan_xl,1,0.1723574995994568,data\cache\clean\test\stylegan_xl_3621cf0be1fc8d68\jpeg_q30.jpg
stylegan_xl_38c489e3b0d8c700,jpeg_q30,stylegan_xl,stylegan_xl,1,0.08471966534852982,data\cache\clean\test\stylegan_xl_38c489e3b0d8c700\jpeg_q30.jpg
stylegan_xl_3b5e18f8fc06450d,jpeg_q30,stylegan_xl,stylegan_xl,1,0.03617682680487633,data\cache\clean\test\stylegan_xl_3b5e18f8fc06450d\jpeg_q30.jpg
stylegan_xl_45954,jpeg_q30,stylegan_xl,stylegan_xl,1,0.47317254543304443,data\cache\clean\test\stylegan_xl_45954\jpeg_q30.jpg
stylegan_xl_47014,jpeg_q30,stylegan_xl,stylegan_xl,1,0.07424122095108032,data\cache\clean\test\stylegan_xl_47014\jpeg_q30.jpg
stylegan_xl_47343,jpeg_q30,stylegan_xl,stylegan_xl,1,0.0011205432238057256,data\cache\clean\test\stylegan_xl_47343\jpeg_q30.jpg
stylegan_xl_48611,jpeg_q30,stylegan_xl,stylegan_xl,1,0.018288353458046913,data\cache\clean\test\stylegan_xl_48611\jpeg_q30.jpg
stylegan_xl_49605,jpeg_q30,stylegan_xl,stylegan_xl,1,0.43576115369796753,data\cache\clean\test\stylegan_xl_49605\jpeg_q30.jpg
stylegan_xl_4f991f9638e28675,jpeg_q30,stylegan_xl,stylegan_xl,1,0.04702046141028404,data\cache\clean\test\stylegan_xl_4f991f9638e28675\jpeg_q30.jpg
stylegan_xl_50731,jpeg_q30,stylegan_xl,stylegan_xl,1,0.0679434984922409,data\cache\clean\test\stylegan_xl_50731\jpeg_q30.jpg
stylegan_xl_60ed9d3511d333bf,jpeg_q30,stylegan_xl,stylegan_xl,1,0.030532516539096832,data\cache\clean\test\stylegan_xl_60ed9d3511d333bf\jpeg_q30.jpg
stylegan_xl_65bb283a1280639e,jpeg_q30,stylegan_xl,stylegan_xl,1,0.02253163792192936,data\cache\clean\test\stylegan_xl_65bb283a1280639e\jpeg_q30.jpg
stylegan_xl_729fee52c5b7f95b,jpeg_q30,stylegan_xl,stylegan_xl,1,0.009548123925924301,data\cache\clean\test\stylegan_xl_729fee52c5b7f95b\jpeg_q30.jpg
stylegan_xl_7d433e90bcd7bd53,jpeg_q30,stylegan_xl,stylegan_xl,1,0.002462014788761735,data\cache\clean\test\stylegan_xl_7d433e90bcd7bd53\jpeg_q30.jpg
stylegan_xl_7ffebe6032f8209f,jpeg_q30,stylegan_xl,stylegan_xl,1,0.0012652201112359762,data\cache\clean\test\stylegan_xl_7ffebe6032f8209f\jpeg_q30.jpg
stylegan_xl_80fc8be6e7c11eb3,jpeg_q30,stylegan_xl,stylegan_xl,1,0.0011035946663469076,data\cache\clean\test\stylegan_xl_80fc8be6e7c11eb3\jpeg_q30.jpg
stylegan_xl_8461b1ae87c22c20,jpeg_q30,stylegan_xl,stylegan_xl,1,0.24903084337711334,data\cache\clean\test\stylegan_xl_8461b1ae87c22c20\jpeg_q30.jpg
stylegan_xl_8f9dfd75dde8914f,jpeg_q30,stylegan_xl,stylegan_xl,1,0.02827025204896927,data\cache\clean\test\stylegan_xl_8f9dfd75dde8914f\jpeg_q30.jpg
stylegan_xl_a1ed16fffc5ecb68,jpeg_q30,stylegan_xl,stylegan_xl,1,0.03263717144727707,data\cache\clean\test\stylegan_xl_a1ed16fffc5ecb68\jpeg_q30.jpg
stylegan_xl_a72f3ace10a8f550,jpeg_q30,stylegan_xl,stylegan_xl,1,0.0007392614497803152,data\cache\clean\test\stylegan_xl_a72f3ace10a8f550\jpeg_q30.jpg
stylegan_xl_b6abe358484b287a,jpeg_q30,stylegan_xl,stylegan_xl,1,0.013746173121035099,data\cache\clean\test\stylegan_xl_b6abe358484b287a\jpeg_q30.jpg
stylegan_xl_bd69757ff485d03e,jpeg_q30,stylegan_xl,stylegan_xl,1,0.03560424968600273,data\cache\clean\test\stylegan_xl_bd69757ff485d03e\jpeg_q30.jpg
stylegan_xl_cccbc1d57a7e095e,jpeg_q30,stylegan_xl,stylegan_xl,1,0.08237528055906296,data\cache\clean\test\stylegan_xl_cccbc1d57a7e095e\jpeg_q30.jpg
stylegan_xl_cf9c332a1ebfb587,jpeg_q30,stylegan_xl,stylegan_xl,1,0.03407275304198265,data\cache\clean\test\stylegan_xl_cf9c332a1ebfb587\jpeg_q30.jpg
stylegan_xl_d7c4ece8c8a01de0,jpeg_q30,stylegan_xl,stylegan_xl,1,0.015054764226078987,data\cache\clean\test\stylegan_xl_d7c4ece8c8a01de0\jpeg_q30.jpg
stylegan_xl_e4b8e7ef72cabaf2,jpeg_q30,stylegan_xl,stylegan_xl,1,0.06565161794424057,data\cache\clean\test\stylegan_xl_e4b8e7ef72cabaf2\jpeg_q30.jpg
stylegan_xl_f4a503e24265a7e1,jpeg_q30,stylegan_xl,stylegan_xl,1,0.29004016518592834,data\cache\clean\test\stylegan_xl_f4a503e24265a7e1\jpeg_q30.jpg
stylegan_xl_fef6a66b8deaa7ab,jpeg_q30,stylegan_xl,stylegan_xl,1,0.0003234315663576126,data\cache\clean\test\stylegan_xl_fef6a66b8deaa7ab\jpeg_q30.jpg
stylegan_xl_stylegan-x_3678,jpeg_q30,stylegan_xl,stylegan_xl,1,0.14189265668392181,data\cache\clean\test\stylegan_xl_stylegan-x_3678\jpeg_q30.jpg
cifake_1028 (10),jpeg_q50,cifake,stable_diffusion,1,0.2933467924594879,data\cache\clean\test\cifake_1028 (10)\jpeg_q50.jpg
cifake_1088 (3),jpeg_q50,cifake,stable_diffusion,1,0.15654537081718445,data\cache\clean\test\cifake_1088 (3)\jpeg_q50.jpg
cifake_1167 (3),jpeg_q50,cifake,stable_diffusion,1,0.23593907058238983,data\cache\clean\test\cifake_1167 (3)\jpeg_q50.jpg
cifake_3379 (8),jpeg_q50,cifake,stable_diffusion,1,0.3571750521659851,data\cache\clean\test\cifake_3379 (8)\jpeg_q50.jpg
cifake_4127 (3),jpeg_q50,cifake,stable_diffusion,1,0.128133624792099,data\cache\clean\test\cifake_4127 (3)\jpeg_q50.jpg
cifake_4221 (2),jpeg_q50,cifake,stable_diffusion,1,0.02663733996450901,data\cache\clean\test\cifake_4221 (2)\jpeg_q50.jpg
cifake_4615 (3),jpeg_q50,cifake,stable_diffusion,1,0.13845591247081757,data\cache\clean\test\cifake_4615 (3)\jpeg_q50.jpg
cifake_4670 (4),jpeg_q50,cifake,stable_diffusion,1,0.15317901968955994,data\cache\clean\test\cifake_4670 (4)\jpeg_q50.jpg
cifake_4681 (5),jpeg_q50,cifake,stable_diffusion,1,0.18230947852134705,data\cache\clean\test\cifake_4681 (5)\jpeg_q50.jpg
cifake_5607 (3),jpeg_q50,cifake,stable_diffusion,1,0.21588458120822906,data\cache\clean\test\cifake_5607 (3)\jpeg_q50.jpg
cifake_5943 (10),jpeg_q50,cifake,stable_diffusion,1,0.1558157205581665,data\cache\clean\test\cifake_5943 (10)\jpeg_q50.jpg
cifake_771 (8),jpeg_q50,cifake,stable_diffusion,1,0.3736172914505005,data\cache\clean\test\cifake_771 (8)\jpeg_q50.jpg
cifake_791 (6),jpeg_q50,cifake,stable_diffusion,1,0.12841925024986267,data\cache\clean\test\cifake_791 (6)\jpeg_q50.jpg
dalle_12052,jpeg_q50,dalle,dalle,1,0.00013793411199003458,data\cache\clean\test\dalle_12052\jpeg_q50.jpg
dalle_13108,jpeg_q50,dalle,dalle,1,0.4149814248085022,data\cache\clean\test\dalle_13108\jpeg_q50.jpg
dalle_17768,jpeg_q50,dalle,dalle,1,0.2616032660007477,data\cache\clean\test\dalle_17768\jpeg_q50.jpg
dalle_18943,jpeg_q50,dalle,dalle,1,0.32538047432899475,data\cache\clean\test\dalle_18943\jpeg_q50.jpg
dalle_1895b86b74caac5dad51022c3d3b33df,jpeg_q50,dalle,dalle,1,0.025392595678567886,data\cache\clean\test\dalle_1895b86b74caac5dad51022c3d3b33df\jpeg_q50.jpg
dalle_19590,jpeg_q50,dalle,dalle,1,0.18114495277404785,data\cache\clean\test\dalle_19590\jpeg_q50.jpg
dalle_20855,jpeg_q50,dalle,dalle,1,0.17487983405590057,data\cache\clean\test\dalle_20855\jpeg_q50.jpg
dalle_25150,jpeg_q50,dalle,dalle,1,0.4012155830860138,data\cache\clean\test\dalle_25150\jpeg_q50.jpg
dalle_29480,jpeg_q50,dalle,dalle,1,0.4188188314437866,data\cache\clean\test\dalle_29480\jpeg_q50.jpg
dalle_3469,jpeg_q50,dalle,dalle,1,0.30522406101226807,data\cache\clean\test\dalle_3469\jpeg_q50.jpg
dalle_35493,jpeg_q50,dalle,dalle,1,0.07294813543558121,data\cache\clean\test\dalle_35493\jpeg_q50.jpg
dalle_39236,jpeg_q50,dalle,dalle,1,0.4170617461204529,data\cache\clean\test\dalle_39236\jpeg_q50.jpg
dalle_40387,jpeg_q50,dalle,dalle,1,0.3784128427505493,data\cache\clean\test\dalle_40387\jpeg_q50.jpg
dalle_41791,jpeg_q50,dalle,dalle,1,0.09202580899000168,data\cache\clean\test\dalle_41791\jpeg_q50.jpg
dalle_42344,jpeg_q50,dalle,dalle,1,0.03721330687403679,data\cache\clean\test\dalle_42344\jpeg_q50.jpg
dalle_5781,jpeg_q50,dalle,dalle,1,0.4221423268318176,data\cache\clean\test\dalle_5781\jpeg_q50.jpg
dalle_6f0f61883f111368d770c54801f33449,jpeg_q50,dalle,dalle,1,0.0004008802061434835,data\cache\clean\test\dalle_6f0f61883f111368d770c54801f33449\jpeg_q50.jpg
dalle_8017,jpeg_q50,dalle,dalle,1,3.8184916775207967e-05,data\cache\clean\test\dalle_8017\jpeg_q50.jpg
dalle_9068,jpeg_q50,dalle,dalle,1,0.2099049985408783,data\cache\clean\test\dalle_9068\jpeg_q50.jpg
dalle_9639,jpeg_q50,dalle,dalle,1,0.40536007285118103,data\cache\clean\test\dalle_9639\jpeg_q50.jpg
gigagan_03860,jpeg_q50,gigagan,gigagan,1,0.07848421484231949,data\cache\clean\test\gigagan_03860\jpeg_q50.jpg
gigagan_05645,jpeg_q50,gigagan,gigagan,1,0.1964641660451889,data\cache\clean\test\gigagan_05645\jpeg_q50.jpg
gigagan_05738,jpeg_q50,gigagan,gigagan,1,0.10820231586694717,data\cache\clean\test\gigagan_05738\jpeg_q50.jpg
gigagan_06526,jpeg_q50,gigagan,gigagan,1,0.1176140159368515,data\cache\clean\test\gigagan_06526\jpeg_q50.jpg
gigagan_06628,jpeg_q50,gigagan,gigagan,1,0.4685990512371063,data\cache\clean\test\gigagan_06628\jpeg_q50.jpg
gigagan_07350,jpeg_q50,gigagan,gigagan,1,0.19509808719158173,data\cache\clean\test\gigagan_07350\jpeg_q50.jpg
gigagan_07909,jpeg_q50,gigagan,gigagan,1,0.011174969375133514,data\cache\clean\test\gigagan_07909\jpeg_q50.jpg
gigagan_08193,jpeg_q50,gigagan,gigagan,1,0.38520365953445435,data\cache\clean\test\gigagan_08193\jpeg_q50.jpg
gigagan_08351,jpeg_q50,gigagan,gigagan,1,0.0487748458981514,data\cache\clean\test\gigagan_08351\jpeg_q50.jpg
gigagan_08561,jpeg_q50,gigagan,gigagan,1,0.18091817200183868,data\cache\clean\test\gigagan_08561\jpeg_q50.jpg
gigagan_09026,jpeg_q50,gigagan,gigagan,1,0.4412059783935547,data\cache\clean\test\gigagan_09026\jpeg_q50.jpg
gigagan_09302,jpeg_q50,gigagan,gigagan,1,0.01680135354399681,data\cache\clean\test\gigagan_09302\jpeg_q50.jpg
gigagan_09418,jpeg_q50,gigagan,gigagan,1,0.03519449383020401,data\cache\clean\test\gigagan_09418\jpeg_q50.jpg
gigagan_09458,jpeg_q50,gigagan,gigagan,1,0.07311967760324478,data\cache\clean\test\gigagan_09458\jpeg_q50.jpg
gigagan_10282,jpeg_q50,gigagan,gigagan,1,0.44126075506210327,data\cache\clean\test\gigagan_10282\jpeg_q50.jpg
gigagan_10769,jpeg_q50,gigagan,gigagan,1,0.004602792672812939,data\cache\clean\test\gigagan_10769\jpeg_q50.jpg
gigagan_10914,jpeg_q50,gigagan,gigagan,1,0.0001656387175898999,data\cache\clean\test\gigagan_10914\jpeg_q50.jpg
gigagan_12929,jpeg_q50,gigagan,gigagan,1,0.080996572971344,data\cache\clean\test\gigagan_12929\jpeg_q50.jpg
gigagan_14071,jpeg_q50,gigagan,gigagan,1,0.0007234349031932652,data\cache\clean\test\gigagan_14071\jpeg_q50.jpg
gigagan_14909,jpeg_q50,gigagan,gigagan,1,0.3428606688976288,data\cache\clean\test\gigagan_14909\jpeg_q50.jpg
gigagan_15561,jpeg_q50,gigagan,gigagan,1,0.49578285217285156,data\cache\clean\test\gigagan_15561\jpeg_q50.jpg
gigagan_15694,jpeg_q50,gigagan,gigagan,1,0.4361425042152405,data\cache\clean\test\gigagan_15694\jpeg_q50.jpg
gigagan_16357,jpeg_q50,gigagan,gigagan,1,0.26789039373397827,data\cache\clean\test\gigagan_16357\jpeg_q50.jpg
gigagan_16966,jpeg_q50,gigagan,gigagan,1,0.04459403082728386,data\cache\clean\test\gigagan_16966\jpeg_q50.jpg
gigagan_17003,jpeg_q50,gigagan,gigagan,1,0.38420721888542175,data\cache\clean\test\gigagan_17003\jpeg_q50.jpg
gigagan_17666,jpeg_q50,gigagan,gigagan,1,0.49957388639450073,data\cache\clean\test\gigagan_17666\jpeg_q50.jpg
gigagan_18085,jpeg_q50,gigagan,gigagan,1,0.013157868757843971,data\cache\clean\test\gigagan_18085\jpeg_q50.jpg
gigagan_18143,jpeg_q50,gigagan,gigagan,1,0.19417804479599,data\cache\clean\test\gigagan_18143\jpeg_q50.jpg
gigagan_19199,jpeg_q50,gigagan,gigagan,1,0.011288770474493504,data\cache\clean\test\gigagan_19199\jpeg_q50.jpg
gigagan_19248,jpeg_q50,gigagan,gigagan,1,0.4105304181575775,data\cache\clean\test\gigagan_19248\jpeg_q50.jpg
gigagan_20207,jpeg_q50,gigagan,gigagan,1,0.11002513766288757,data\cache\clean\test\gigagan_20207\jpeg_q50.jpg
gigagan_20327,jpeg_q50,gigagan,gigagan,1,0.0004927383852191269,data\cache\clean\test\gigagan_20327\jpeg_q50.jpg
gigagan_20756,jpeg_q50,gigagan,gigagan,1,0.33809512853622437,data\cache\clean\test\gigagan_20756\jpeg_q50.jpg
gigagan_20968,jpeg_q50,gigagan,gigagan,1,0.016898689791560173,data\cache\clean\test\gigagan_20968\jpeg_q50.jpg
gigagan_21116,jpeg_q50,gigagan,gigagan,1,0.3182269036769867,data\cache\clean\test\gigagan_21116\jpeg_q50.jpg
gigagan_21166,jpeg_q50,gigagan,gigagan,1,0.17197488248348236,data\cache\clean\test\gigagan_21166\jpeg_q50.jpg
gigagan_21244,jpeg_q50,gigagan,gigagan,1,0.12434321641921997,data\cache\clean\test\gigagan_21244\jpeg_q50.jpg
gigagan_21611,jpeg_q50,gigagan,gigagan,1,0.13101047277450562,data\cache\clean\test\gigagan_21611\jpeg_q50.jpg
gigagan_22263,jpeg_q50,gigagan,gigagan,1,0.05533676967024803,data\cache\clean\test\gigagan_22263\jpeg_q50.jpg
gigagan_22418,jpeg_q50,gigagan,gigagan,1,0.4731273353099823,data\cache\clean\test\gigagan_22418\jpeg_q50.jpg
gigagan_22533,jpeg_q50,gigagan,gigagan,1,0.409995973110199,data\cache\clean\test\gigagan_22533\jpeg_q50.jpg
gigagan_22770,jpeg_q50,gigagan,gigagan,1,0.004936849232763052,data\cache\clean\test\gigagan_22770\jpeg_q50.jpg
gigagan_23134,jpeg_q50,gigagan,gigagan,1,0.0004026999813504517,data\cache\clean\test\gigagan_23134\jpeg_q50.jpg
gigagan_23834,jpeg_q50,gigagan,gigagan,1,0.056071728467941284,data\cache\clean\test\gigagan_23834\jpeg_q50.jpg
gigagan_24445,jpeg_q50,gigagan,gigagan,1,0.007669811602681875,data\cache\clean\test\gigagan_24445\jpeg_q50.jpg
gigagan_24679,jpeg_q50,gigagan,gigagan,1,0.2592562139034271,data\cache\clean\test\gigagan_24679\jpeg_q50.jpg
gigagan_24933,jpeg_q50,gigagan,gigagan,1,0.1970289796590805,data\cache\clean\test\gigagan_24933\jpeg_q50.jpg
gigagan_25090,jpeg_q50,gigagan,gigagan,1,0.002936622593551874,data\cache\clean\test\gigagan_25090\jpeg_q50.jpg
gigagan_25801,jpeg_q50,gigagan,gigagan,1,0.13806791603565216,data\cache\clean\test\gigagan_25801\jpeg_q50.jpg
gigagan_26067,jpeg_q50,gigagan,gigagan,1,0.12828446924686432,data\cache\clean\test\gigagan_26067\jpeg_q50.jpg
gigagan_26681,jpeg_q50,gigagan,gigagan,1,0.11678457260131836,data\cache\clean\test\gigagan_26681\jpeg_q50.jpg
gigagan_27033,jpeg_q50,gigagan,gigagan,1,0.3432507812976837,data\cache\clean\test\gigagan_27033\jpeg_q50.jpg
gigagan_27589,jpeg_q50,gigagan,gigagan,1,0.44021856784820557,data\cache\clean\test\gigagan_27589\jpeg_q50.jpg
gigagan_28062,jpeg_q50,gigagan,gigagan,1,0.44950541853904724,data\cache\clean\test\gigagan_28062\jpeg_q50.jpg
gigagan_28336,jpeg_q50,gigagan,gigagan,1,0.22545357048511505,data\cache\clean\test\gigagan_28336\jpeg_q50.jpg
gigagan_28900,jpeg_q50,gigagan,gigagan,1,0.055601056665182114,data\cache\clean\test\gigagan_28900\jpeg_q50.jpg
gigagan_29456,jpeg_q50,gigagan,gigagan,1,0.07022756338119507,data\cache\clean\test\gigagan_29456\jpeg_q50.jpg
imagen3_045e6da6fd7f6fb0,jpeg_q50,imagen3,imagen3,1,0.0009141836781054735,data\cache\clean\test\imagen3_045e6da6fd7f6fb0\jpeg_q50.jpg
imagen3_13ed1f9391224848,jpeg_q50,imagen3,imagen3,1,0.2844672203063965,data\cache\clean\test\imagen3_13ed1f9391224848\jpeg_q50.jpg
imagen3_15ae6310fb427bba,jpeg_q50,imagen3,imagen3,1,0.28004804253578186,data\cache\clean\test\imagen3_15ae6310fb427bba\jpeg_q50.jpg
imagen3_17643da56f35c6f7,jpeg_q50,imagen3,imagen3,1,0.0018766481662169099,data\cache\clean\test\imagen3_17643da56f35c6f7\jpeg_q50.jpg
imagen3_24e64d19ddde11cb,jpeg_q50,imagen3,imagen3,1,0.003012334695085883,data\cache\clean\test\imagen3_24e64d19ddde11cb\jpeg_q50.jpg
imagen3_260ae6b06f1f50e2,jpeg_q50,imagen3,imagen3,1,0.00011659735901048407,data\cache\clean\test\imagen3_260ae6b06f1f50e2\jpeg_q50.jpg
imagen3_2be4510162a8a76e,jpeg_q50,imagen3,imagen3,1,0.014224679209291935,data\cache\clean\test\imagen3_2be4510162a8a76e\jpeg_q50.jpg
imagen3_3403b18fc93acbfc,jpeg_q50,imagen3,imagen3,1,0.026441380381584167,data\cache\clean\test\imagen3_3403b18fc93acbfc\jpeg_q50.jpg
imagen3_44476,jpeg_q50,imagen3,imagen3,1,0.014179524034261703,data\cache\clean\test\imagen3_44476\jpeg_q50.jpg
imagen3_46922,jpeg_q50,imagen3,imagen3,1,0.024945270270109177,data\cache\clean\test\imagen3_46922\jpeg_q50.jpg
imagen3_473ffc5e3d5dc373,jpeg_q50,imagen3,imagen3,1,0.0025794082321226597,data\cache\clean\test\imagen3_473ffc5e3d5dc373\jpeg_q50.jpg
imagen3_51659,jpeg_q50,imagen3,imagen3,1,0.07509732246398926,data\cache\clean\test\imagen3_51659\jpeg_q50.jpg
imagen3_519f5c348fe55fcd,jpeg_q50,imagen3,imagen3,1,0.1857864409685135,data\cache\clean\test\imagen3_519f5c348fe55fcd\jpeg_q50.jpg
imagen3_52115,jpeg_q50,imagen3,imagen3,1,0.21919679641723633,data\cache\clean\test\imagen3_52115\jpeg_q50.jpg
imagen3_5e95809bd47d157b,jpeg_q50,imagen3,imagen3,1,0.014512804336845875,data\cache\clean\test\imagen3_5e95809bd47d157b\jpeg_q50.jpg
imagen3_69467160e53f71bc,jpeg_q50,imagen3,imagen3,1,0.11885622143745422,data\cache\clean\test\imagen3_69467160e53f71bc\jpeg_q50.jpg
imagen3_6a8270ea182a9194,jpeg_q50,imagen3,imagen3,1,0.0033335417974740267,data\cache\clean\test\imagen3_6a8270ea182a9194\jpeg_q50.jpg
imagen3_6c7624322b04ce43,jpeg_q50,imagen3,imagen3,1,0.014375387690961361,data\cache\clean\test\imagen3_6c7624322b04ce43\jpeg_q50.jpg
imagen3_77fb2d4f372634f8,jpeg_q50,imagen3,imagen3,1,0.0017987132305279374,data\cache\clean\test\imagen3_77fb2d4f372634f8\jpeg_q50.jpg
imagen3_7ee1485909c59826,jpeg_q50,imagen3,imagen3,1,0.0036361110396683216,data\cache\clean\test\imagen3_7ee1485909c59826\jpeg_q50.jpg
imagen3_8b13dc3bff918841,jpeg_q50,imagen3,imagen3,1,0.04651524871587753,data\cache\clean\test\imagen3_8b13dc3bff918841\jpeg_q50.jpg
imagen3_8c20e4bf83ffff36,jpeg_q50,imagen3,imagen3,1,0.35980379581451416,data\cache\clean\test\imagen3_8c20e4bf83ffff36\jpeg_q50.jpg
imagen3_8e6f8acd28fd8f35,jpeg_q50,imagen3,imagen3,1,0.06797266006469727,data\cache\clean\test\imagen3_8e6f8acd28fd8f35\jpeg_q50.jpg
imagen3_9e82651e214a25c8,jpeg_q50,imagen3,imagen3,1,0.03471102938055992,data\cache\clean\test\imagen3_9e82651e214a25c8\jpeg_q50.jpg
imagen3_aa13646e437b7afa,jpeg_q50,imagen3,imagen3,1,0.0033087455667555332,data\cache\clean\test\imagen3_aa13646e437b7afa\jpeg_q50.jpg
imagen3_ad860df8c2a1a848,jpeg_q50,imagen3,imagen3,1,0.02095296047627926,data\cache\clean\test\imagen3_ad860df8c2a1a848\jpeg_q50.jpg
imagen3_b69c9976ced306d1,jpeg_q50,imagen3,imagen3,1,0.019355876371264458,data\cache\clean\test\imagen3_b69c9976ced306d1\jpeg_q50.jpg
imagen3_ca44bb7db1e73a9a,jpeg_q50,imagen3,imagen3,1,0.014379815198481083,data\cache\clean\test\imagen3_ca44bb7db1e73a9a\jpeg_q50.jpg
imagen3_e63f3b6f8bdee43a,jpeg_q50,imagen3,imagen3,1,0.02703416720032692,data\cache\clean\test\imagen3_e63f3b6f8bdee43a\jpeg_q50.jpg
imagen3_ea646e585cc24088,jpeg_q50,imagen3,imagen3,1,0.4001612663269043,data\cache\clean\test\imagen3_ea646e585cc24088\jpeg_q50.jpg
imagen3_eaf94916ce926270,jpeg_q50,imagen3,imagen3,1,0.28032010793685913,data\cache\clean\test\imagen3_eaf94916ce926270\jpeg_q50.jpg
imagen3_f2da05bffbe27dab,jpeg_q50,imagen3,imagen3,1,0.019478902220726013,data\cache\clean\test\imagen3_f2da05bffbe27dab\jpeg_q50.jpg
imagen3_fd568a2839353a92,jpeg_q50,imagen3,imagen3,1,0.37740805745124817,data\cache\clean\test\imagen3_fd568a2839353a92\jpeg_q50.jpg
imagen3_fe7048efd51b15b8,jpeg_q50,imagen3,imagen3,1,0.19812697172164917,data\cache\clean\test\imagen3_fe7048efd51b15b8\jpeg_q50.jpg
imagen3_Imagen3_1208,jpeg_q50,imagen3,imagen3,1,0.003899461356922984,data\cache\clean\test\imagen3_Imagen3_1208\jpeg_q50.jpg
imagen3_Imagen3_2403,jpeg_q50,imagen3,imagen3,1,0.006289949640631676,data\cache\clean\test\imagen3_Imagen3_2403\jpeg_q50.jpg
imagen3_Imagen3_3097,jpeg_q50,imagen3,imagen3,1,0.07852119952440262,data\cache\clean\test\imagen3_Imagen3_3097\jpeg_q50.jpg
sidset_full_synthetic_001692,jpeg_q50,sidset,full_synthetic,1,0.01754928007721901,data\cache\clean\test\sidset_full_synthetic_001692\jpeg_q50.jpg
sidset_full_synthetic_028747,jpeg_q50,sidset,full_synthetic,1,0.2760540246963501,data\cache\clean\test\sidset_full_synthetic_028747\jpeg_q50.jpg
sidset_full_synthetic_033528,jpeg_q50,sidset,full_synthetic,1,0.007319930009543896,data\cache\clean\test\sidset_full_synthetic_033528\jpeg_q50.jpg
sidset_full_synthetic_040891,jpeg_q50,sidset,full_synthetic,1,0.023020174354314804,data\cache\clean\test\sidset_full_synthetic_040891\jpeg_q50.jpg
sidset_full_synthetic_042089,jpeg_q50,sidset,full_synthetic,1,0.025926955044269562,data\cache\clean\test\sidset_full_synthetic_042089\jpeg_q50.jpg
sidset_full_synthetic_046026,jpeg_q50,sidset,full_synthetic,1,0.1824212521314621,data\cache\clean\test\sidset_full_synthetic_046026\jpeg_q50.jpg
sidset_full_synthetic_060524,jpeg_q50,sidset,full_synthetic,1,0.1240771934390068,data\cache\clean\test\sidset_full_synthetic_060524\jpeg_q50.jpg
sidset_full_synthetic_063062,jpeg_q50,sidset,full_synthetic,1,0.006255788262933493,data\cache\clean\test\sidset_full_synthetic_063062\jpeg_q50.jpg
sidset_full_synthetic_066065,jpeg_q50,sidset,full_synthetic,1,0.02080092579126358,data\cache\clean\test\sidset_full_synthetic_066065\jpeg_q50.jpg
stylegan_xl_0097a2e24789bc7a,jpeg_q50,stylegan_xl,stylegan_xl,1,0.014856904745101929,data\cache\clean\test\stylegan_xl_0097a2e24789bc7a\jpeg_q50.jpg
stylegan_xl_00a4591cf03df584,jpeg_q50,stylegan_xl,stylegan_xl,1,0.0022437656298279762,data\cache\clean\test\stylegan_xl_00a4591cf03df584\jpeg_q50.jpg
stylegan_xl_031391f1ab18ab62,jpeg_q50,stylegan_xl,stylegan_xl,1,0.4757944345474243,data\cache\clean\test\stylegan_xl_031391f1ab18ab62\jpeg_q50.jpg
stylegan_xl_0f7efa4c31bcd8f4,jpeg_q50,stylegan_xl,stylegan_xl,1,0.012501668184995651,data\cache\clean\test\stylegan_xl_0f7efa4c31bcd8f4\jpeg_q50.jpg
stylegan_xl_1060d58257bc5130,jpeg_q50,stylegan_xl,stylegan_xl,1,0.00037447450449690223,data\cache\clean\test\stylegan_xl_1060d58257bc5130\jpeg_q50.jpg
stylegan_xl_2013fe0d44f84041,jpeg_q50,stylegan_xl,stylegan_xl,1,9.422245057066903e-06,data\cache\clean\test\stylegan_xl_2013fe0d44f84041\jpeg_q50.jpg
stylegan_xl_3621cf0be1fc8d68,jpeg_q50,stylegan_xl,stylegan_xl,1,0.10097964107990265,data\cache\clean\test\stylegan_xl_3621cf0be1fc8d68\jpeg_q50.jpg
stylegan_xl_38c489e3b0d8c700,jpeg_q50,stylegan_xl,stylegan_xl,1,0.03869359940290451,data\cache\clean\test\stylegan_xl_38c489e3b0d8c700\jpeg_q50.jpg
stylegan_xl_3b5e18f8fc06450d,jpeg_q50,stylegan_xl,stylegan_xl,1,0.041289106011390686,data\cache\clean\test\stylegan_xl_3b5e18f8fc06450d\jpeg_q50.jpg
stylegan_xl_45081,jpeg_q50,stylegan_xl,stylegan_xl,1,0.054773036390542984,data\cache\clean\test\stylegan_xl_45081\jpeg_q50.jpg
stylegan_xl_47014,jpeg_q50,stylegan_xl,stylegan_xl,1,0.045165833085775375,data\cache\clean\test\stylegan_xl_47014\jpeg_q50.jpg
stylegan_xl_47343,jpeg_q50,stylegan_xl,stylegan_xl,1,0.0001373862032778561,data\cache\clean\test\stylegan_xl_47343\jpeg_q50.jpg
stylegan_xl_48611,jpeg_q50,stylegan_xl,stylegan_xl,1,0.017416581511497498,data\cache\clean\test\stylegan_xl_48611\jpeg_q50.jpg
stylegan_xl_4f991f9638e28675,jpeg_q50,stylegan_xl,stylegan_xl,1,0.012982802465558052,data\cache\clean\test\stylegan_xl_4f991f9638e28675\jpeg_q50.jpg
stylegan_xl_50731,jpeg_q50,stylegan_xl,stylegan_xl,1,0.015123454853892326,data\cache\clean\test\stylegan_xl_50731\jpeg_q50.jpg
stylegan_xl_60ed9d3511d333bf,jpeg_q50,stylegan_xl,stylegan_xl,1,0.01108526811003685,data\cache\clean\test\stylegan_xl_60ed9d3511d333bf\jpeg_q50.jpg
stylegan_xl_65bb283a1280639e,jpeg_q50,stylegan_xl,stylegan_xl,1,0.029570814222097397,data\cache\clean\test\stylegan_xl_65bb283a1280639e\jpeg_q50.jpg
stylegan_xl_729fee52c5b7f95b,jpeg_q50,stylegan_xl,stylegan_xl,1,0.024449042975902557,data\cache\clean\test\stylegan_xl_729fee52c5b7f95b\jpeg_q50.jpg
stylegan_xl_7d433e90bcd7bd53,jpeg_q50,stylegan_xl,stylegan_xl,1,0.0005832315073348582,data\cache\clean\test\stylegan_xl_7d433e90bcd7bd53\jpeg_q50.jpg
stylegan_xl_7ffebe6032f8209f,jpeg_q50,stylegan_xl,stylegan_xl,1,0.006583731155842543,data\cache\clean\test\stylegan_xl_7ffebe6032f8209f\jpeg_q50.jpg
stylegan_xl_80fc8be6e7c11eb3,jpeg_q50,stylegan_xl,stylegan_xl,1,0.0010691809002310038,data\cache\clean\test\stylegan_xl_80fc8be6e7c11eb3\jpeg_q50.jpg
stylegan_xl_8461b1ae87c22c20,jpeg_q50,stylegan_xl,stylegan_xl,1,0.3517739772796631,data\cache\clean\test\stylegan_xl_8461b1ae87c22c20\jpeg_q50.jpg
stylegan_xl_8f9dfd75dde8914f,jpeg_q50,stylegan_xl,stylegan_xl,1,0.012989231385290623,data\cache\clean\test\stylegan_xl_8f9dfd75dde8914f\jpeg_q50.jpg
stylegan_xl_a10d4a733f4df420,jpeg_q50,stylegan_xl,stylegan_xl,1,0.2588960826396942,data\cache\clean\test\stylegan_xl_a10d4a733f4df420\jpeg_q50.jpg
stylegan_xl_a1ed16fffc5ecb68,jpeg_q50,stylegan_xl,stylegan_xl,1,0.10309942811727524,data\cache\clean\test\stylegan_xl_a1ed16fffc5ecb68\jpeg_q50.jpg
stylegan_xl_a72f3ace10a8f550,jpeg_q50,stylegan_xl,stylegan_xl,1,0.0016629011370241642,data\cache\clean\test\stylegan_xl_a72f3ace10a8f550\jpeg_q50.jpg
stylegan_xl_b6abe358484b287a,jpeg_q50,stylegan_xl,stylegan_xl,1,0.0035618506371974945,data\cache\clean\test\stylegan_xl_b6abe358484b287a\jpeg_q50.jpg
stylegan_xl_bd69757ff485d03e,jpeg_q50,stylegan_xl,stylegan_xl,1,0.0467078760266304,data\cache\clean\test\stylegan_xl_bd69757ff485d03e\jpeg_q50.jpg
stylegan_xl_cccbc1d57a7e095e,jpeg_q50,stylegan_xl,stylegan_xl,1,0.04155108332633972,data\cache\clean\test\stylegan_xl_cccbc1d57a7e095e\jpeg_q50.jpg
stylegan_xl_cf9c332a1ebfb587,jpeg_q50,stylegan_xl,stylegan_xl,1,0.007092790212482214,data\cache\clean\test\stylegan_xl_cf9c332a1ebfb587\jpeg_q50.jpg
stylegan_xl_d7c4ece8c8a01de0,jpeg_q50,stylegan_xl,stylegan_xl,1,0.007930274121463299,data\cache\clean\test\stylegan_xl_d7c4ece8c8a01de0\jpeg_q50.jpg
stylegan_xl_e4b8e7ef72cabaf2,jpeg_q50,stylegan_xl,stylegan_xl,1,0.05314449593424797,data\cache\clean\test\stylegan_xl_e4b8e7ef72cabaf2\jpeg_q50.jpg
stylegan_xl_f4a503e24265a7e1,jpeg_q50,stylegan_xl,stylegan_xl,1,0.3938746452331543,data\cache\clean\test\stylegan_xl_f4a503e24265a7e1\jpeg_q50.jpg
stylegan_xl_fef6a66b8deaa7ab,jpeg_q50,stylegan_xl,stylegan_xl,1,0.00038564004353247583,data\cache\clean\test\stylegan_xl_fef6a66b8deaa7ab\jpeg_q50.jpg
cifake_1028 (10),jpeg_q70,cifake,stable_diffusion,1,0.11481381952762604,data\cache\clean\test\cifake_1028 (10)\jpeg_q70.jpg
cifake_1088 (3),jpeg_q70,cifake,stable_diffusion,1,0.31526464223861694,data\cache\clean\test\cifake_1088 (3)\jpeg_q70.jpg
cifake_4127 (3),jpeg_q70,cifake,stable_diffusion,1,0.06258027255535126,data\cache\clean\test\cifake_4127 (3)\jpeg_q70.jpg
cifake_4221 (2),jpeg_q70,cifake,stable_diffusion,1,0.05449707433581352,data\cache\clean\test\cifake_4221 (2)\jpeg_q70.jpg
cifake_4615 (3),jpeg_q70,cifake,stable_diffusion,1,0.31493958830833435,data\cache\clean\test\cifake_4615 (3)\jpeg_q70.jpg
cifake_4670 (4),jpeg_q70,cifake,stable_diffusion,1,0.29534271359443665,data\cache\clean\test\cifake_4670 (4)\jpeg_q70.jpg
cifake_5006 (3),jpeg_q70,cifake,stable_diffusion,1,0.44047969579696655,data\cache\clean\test\cifake_5006 (3)\jpeg_q70.jpg
cifake_5607 (3),jpeg_q70,cifake,stable_diffusion,1,0.1565314531326294,data\cache\clean\test\cifake_5607 (3)\jpeg_q70.jpg
cifake_5943 (10),jpeg_q70,cifake,stable_diffusion,1,0.017512928694486618,data\cache\clean\test\cifake_5943 (10)\jpeg_q70.jpg
cifake_791 (6),jpeg_q70,cifake,stable_diffusion,1,0.06471574306488037,data\cache\clean\test\cifake_791 (6)\jpeg_q70.jpg
dalle_12052,jpeg_q70,dalle,dalle,1,4.6341541747096926e-05,data\cache\clean\test\dalle_12052\jpeg_q70.jpg
dalle_17768,jpeg_q70,dalle,dalle,1,0.09428396821022034,data\cache\clean\test\dalle_17768\jpeg_q70.jpg
dalle_1895b86b74caac5dad51022c3d3b33df,jpeg_q70,dalle,dalle,1,0.032969944179058075,data\cache\clean\test\dalle_1895b86b74caac5dad51022c3d3b33df\jpeg_q70.jpg
dalle_19590,jpeg_q70,dalle,dalle,1,0.11360888183116913,data\cache\clean\test\dalle_19590\jpeg_q70.jpg
dalle_20855,jpeg_q70,dalle,dalle,1,0.2152840793132782,data\cache\clean\test\dalle_20855\jpeg_q70.jpg
dalle_29659,jpeg_q70,dalle,dalle,1,0.2784212529659271,data\cache\clean\test\dalle_29659\jpeg_q70.jpg
dalle_3469,jpeg_q70,dalle,dalle,1,0.2666338384151459,data\cache\clean\test\dalle_3469\jpeg_q70.jpg
dalle_35493,jpeg_q70,dalle,dalle,1,0.1985776722431183,data\cache\clean\test\dalle_35493\jpeg_q70.jpg
dalle_40387,jpeg_q70,dalle,dalle,1,0.08697766065597534,data\cache\clean\test\dalle_40387\jpeg_q70.jpg
dalle_41791,jpeg_q70,dalle,dalle,1,0.006443934049457312,data\cache\clean\test\dalle_41791\jpeg_q70.jpg
dalle_42344,jpeg_q70,dalle,dalle,1,0.009644772857427597,data\cache\clean\test\dalle_42344\jpeg_q70.jpg
dalle_5781,jpeg_q70,dalle,dalle,1,0.2561204731464386,data\cache\clean\test\dalle_5781\jpeg_q70.jpg
dalle_6f0f61883f111368d770c54801f33449,jpeg_q70,dalle,dalle,1,0.0008891767938621342,data\cache\clean\test\dalle_6f0f61883f111368d770c54801f33449\jpeg_q70.jpg
dalle_8017,jpeg_q70,dalle,dalle,1,0.00010201471741311252,data\cache\clean\test\dalle_8017\jpeg_q70.jpg
dalle_9068,jpeg_q70,dalle,dalle,1,0.17380163073539734,data\cache\clean\test\dalle_9068\jpeg_q70.jpg
dalle_9639,jpeg_q70,dalle,dalle,1,0.34889036417007446,data\cache\clean\test\dalle_9639\jpeg_q70.jpg
gigagan_03860,jpeg_q70,gigagan,gigagan,1,0.01942957006394863,data\cache\clean\test\gigagan_03860\jpeg_q70.jpg
gigagan_05738,jpeg_q70,gigagan,gigagan,1,0.15318037569522858,data\cache\clean\test\gigagan_05738\jpeg_q70.jpg
gigagan_06526,jpeg_q70,gigagan,gigagan,1,0.13958357274532318,data\cache\clean\test\gigagan_06526\jpeg_q70.jpg
gigagan_06628,jpeg_q70,gigagan,gigagan,1,0.2402355968952179,data\cache\clean\test\gigagan_06628\jpeg_q70.jpg
gigagan_07350,jpeg_q70,gigagan,gigagan,1,0.21036353707313538,data\cache\clean\test\gigagan_07350\jpeg_q70.jpg
gigagan_07909,jpeg_q70,gigagan,gigagan,1,0.0061644623056054115,data\cache\clean\test\gigagan_07909\jpeg_q70.jpg
gigagan_08193,jpeg_q70,gigagan,gigagan,1,0.2190956026315689,data\cache\clean\test\gigagan_08193\jpeg_q70.jpg
gigagan_08351,jpeg_q70,gigagan,gigagan,1,0.027536341920495033,data\cache\clean\test\gigagan_08351\jpeg_q70.jpg
gigagan_08561,jpeg_q70,gigagan,gigagan,1,0.1255289614200592,data\cache\clean\test\gigagan_08561\jpeg_q70.jpg
gigagan_09026,jpeg_q70,gigagan,gigagan,1,0.062342192977666855,data\cache\clean\test\gigagan_09026\jpeg_q70.jpg
gigagan_09302,jpeg_q70,gigagan,gigagan,1,0.013447212986648083,data\cache\clean\test\gigagan_09302\jpeg_q70.jpg
gigagan_09458,jpeg_q70,gigagan,gigagan,1,0.05998965725302696,data\cache\clean\test\gigagan_09458\jpeg_q70.jpg
gigagan_10282,jpeg_q70,gigagan,gigagan,1,0.45407742261886597,data\cache\clean\test\gigagan_10282\jpeg_q70.jpg
gigagan_10769,jpeg_q70,gigagan,gigagan,1,0.006008674390614033,data\cache\clean\test\gigagan_10769\jpeg_q70.jpg
gigagan_10914,jpeg_q70,gigagan,gigagan,1,0.0007629297906532884,data\cache\clean\test\gigagan_10914\jpeg_q70.jpg
gigagan_12929,jpeg_q70,gigagan,gigagan,1,0.10275834053754807,data\cache\clean\test\gigagan_12929\jpeg_q70.jpg
gigagan_14071,jpeg_q70,gigagan,gigagan,1,0.000823860929813236,data\cache\clean\test\gigagan_14071\jpeg_q70.jpg
gigagan_15561,jpeg_q70,gigagan,gigagan,1,0.18676495552062988,data\cache\clean\test\gigagan_15561\jpeg_q70.jpg
gigagan_16357,jpeg_q70,gigagan,gigagan,1,0.28364771604537964,data\cache\clean\test\gigagan_16357\jpeg_q70.jpg
gigagan_16966,jpeg_q70,gigagan,gigagan,1,0.10898377001285553,data\cache\clean\test\gigagan_16966\jpeg_q70.jpg
gigagan_17666,jpeg_q70,gigagan,gigagan,1,0.32114508748054504,data\cache\clean\test\gigagan_17666\jpeg_q70.jpg
gigagan_18085,jpeg_q70,gigagan,gigagan,1,0.0067316689528524876,data\cache\clean\test\gigagan_18085\jpeg_q70.jpg
gigagan_18143,jpeg_q70,gigagan,gigagan,1,0.21009774506092072,data\cache\clean\test\gigagan_18143\jpeg_q70.jpg
gigagan_18797,jpeg_q70,gigagan,gigagan,1,0.16468456387519836,data\cache\clean\test\gigagan_18797\jpeg_q70.jpg
gigagan_19199,jpeg_q70,gigagan,gigagan,1,0.004296396393328905,data\cache\clean\test\gigagan_19199\jpeg_q70.jpg
gigagan_19248,jpeg_q70,gigagan,gigagan,1,0.37166664004325867,data\cache\clean\test\gigagan_19248\jpeg_q70.jpg
gigagan_19458,jpeg_q70,gigagan,gigagan,1,0.4532824456691742,data\cache\clean\test\gigagan_19458\jpeg_q70.jpg
gigagan_20207,jpeg_q70,gigagan,gigagan,1,0.48383960127830505,data\cache\clean\test\gigagan_20207\jpeg_q70.jpg
gigagan_20327,jpeg_q70,gigagan,gigagan,1,0.0004737319250125438,data\cache\clean\test\gigagan_20327\jpeg_q70.jpg
gigagan_20756,jpeg_q70,gigagan,gigagan,1,0.2232140749692917,data\cache\clean\test\gigagan_20756\jpeg_q70.jpg
gigagan_20968,jpeg_q70,gigagan,gigagan,1,0.015518219210207462,data\cache\clean\test\gigagan_20968\jpeg_q70.jpg
gigagan_21116,jpeg_q70,gigagan,gigagan,1,0.4915634095668793,data\cache\clean\test\gigagan_21116\jpeg_q70.jpg
gigagan_21166,jpeg_q70,gigagan,gigagan,1,0.20548008382320404,data\cache\clean\test\gigagan_21166\jpeg_q70.jpg
gigagan_21244,jpeg_q70,gigagan,gigagan,1,0.14477768540382385,data\cache\clean\test\gigagan_21244\jpeg_q70.jpg
gigagan_21611,jpeg_q70,gigagan,gigagan,1,0.1868159919977188,data\cache\clean\test\gigagan_21611\jpeg_q70.jpg
gigagan_22263,jpeg_q70,gigagan,gigagan,1,0.1686669886112213,data\cache\clean\test\gigagan_22263\jpeg_q70.jpg
gigagan_22418,jpeg_q70,gigagan,gigagan,1,0.10294963419437408,data\cache\clean\test\gigagan_22418\jpeg_q70.jpg
gigagan_22533,jpeg_q70,gigagan,gigagan,1,0.1949765682220459,data\cache\clean\test\gigagan_22533\jpeg_q70.jpg
gigagan_22770,jpeg_q70,gigagan,gigagan,1,0.020989203825592995,data\cache\clean\test\gigagan_22770\jpeg_q70.jpg
gigagan_23134,jpeg_q70,gigagan,gigagan,1,0.0004944585380144417,data\cache\clean\test\gigagan_23134\jpeg_q70.jpg
gigagan_23834,jpeg_q70,gigagan,gigagan,1,0.03638392686843872,data\cache\clean\test\gigagan_23834\jpeg_q70.jpg
gigagan_24147,jpeg_q70,gigagan,gigagan,1,0.2973495423793793,data\cache\clean\test\gigagan_24147\jpeg_q70.jpg
gigagan_24445,jpeg_q70,gigagan,gigagan,1,0.016126099973917007,data\cache\clean\test\gigagan_24445\jpeg_q70.jpg
gigagan_24679,jpeg_q70,gigagan,gigagan,1,0.11647150665521622,data\cache\clean\test\gigagan_24679\jpeg_q70.jpg
gigagan_24933,jpeg_q70,gigagan,gigagan,1,0.16772720217704773,data\cache\clean\test\gigagan_24933\jpeg_q70.jpg
gigagan_25090,jpeg_q70,gigagan,gigagan,1,0.008677015081048012,data\cache\clean\test\gigagan_25090\jpeg_q70.jpg
gigagan_25801,jpeg_q70,gigagan,gigagan,1,0.47464269399642944,data\cache\clean\test\gigagan_25801\jpeg_q70.jpg
gigagan_26067,jpeg_q70,gigagan,gigagan,1,0.10913222283124924,data\cache\clean\test\gigagan_26067\jpeg_q70.jpg
gigagan_26681,jpeg_q70,gigagan,gigagan,1,0.23592235147953033,data\cache\clean\test\gigagan_26681\jpeg_q70.jpg
gigagan_27033,jpeg_q70,gigagan,gigagan,1,0.4761612117290497,data\cache\clean\test\gigagan_27033\jpeg_q70.jpg
gigagan_27589,jpeg_q70,gigagan,gigagan,1,0.41240429878234863,data\cache\clean\test\gigagan_27589\jpeg_q70.jpg
gigagan_28062,jpeg_q70,gigagan,gigagan,1,0.19247734546661377,data\cache\clean\test\gigagan_28062\jpeg_q70.jpg
gigagan_28336,jpeg_q70,gigagan,gigagan,1,0.10640935599803925,data\cache\clean\test\gigagan_28336\jpeg_q70.jpg
gigagan_28900,jpeg_q70,gigagan,gigagan,1,0.0574699230492115,data\cache\clean\test\gigagan_28900\jpeg_q70.jpg
gigagan_29456,jpeg_q70,gigagan,gigagan,1,0.060416433960199356,data\cache\clean\test\gigagan_29456\jpeg_q70.jpg
imagen3_045e6da6fd7f6fb0,jpeg_q70,imagen3,imagen3,1,0.0022512858267873526,data\cache\clean\test\imagen3_045e6da6fd7f6fb0\jpeg_q70.jpg
imagen3_13ed1f9391224848,jpeg_q70,imagen3,imagen3,1,0.24825382232666016,data\cache\clean\test\imagen3_13ed1f9391224848\jpeg_q70.jpg
imagen3_15ae6310fb427bba,jpeg_q70,imagen3,imagen3,1,0.32802653312683105,data\cache\clean\test\imagen3_15ae6310fb427bba\jpeg_q70.jpg
imagen3_17643da56f35c6f7,jpeg_q70,imagen3,imagen3,1,0.0032266101334244013,data\cache\clean\test\imagen3_17643da56f35c6f7\jpeg_q70.jpg
imagen3_24e64d19ddde11cb,jpeg_q70,imagen3,imagen3,1,0.003344127209857106,data\cache\clean\test\imagen3_24e64d19ddde11cb\jpeg_q70.jpg
imagen3_260ae6b06f1f50e2,jpeg_q70,imagen3,imagen3,1,6.77166972309351e-05,data\cache\clean\test\imagen3_260ae6b06f1f50e2\jpeg_q70.jpg
imagen3_2be4510162a8a76e,jpeg_q70,imagen3,imagen3,1,0.04773694649338722,data\cache\clean\test\imagen3_2be4510162a8a76e\jpeg_q70.jpg
imagen3_3403b18fc93acbfc,jpeg_q70,imagen3,imagen3,1,0.016001231968402863,data\cache\clean\test\imagen3_3403b18fc93acbfc\jpeg_q70.jpg
imagen3_44476,jpeg_q70,imagen3,imagen3,1,0.025044800713658333,data\cache\clean\test\imagen3_44476\jpeg_q70.jpg
imagen3_46922,jpeg_q70,imagen3,imagen3,1,0.017076175659894943,data\cache\clean\test\imagen3_46922\jpeg_q70.jpg
imagen3_473ffc5e3d5dc373,jpeg_q70,imagen3,imagen3,1,0.0006943302578292787,data\cache\clean\test\imagen3_473ffc5e3d5dc373\jpeg_q70.jpg
imagen3_51659,jpeg_q70,imagen3,imagen3,1,0.03173958137631416,data\cache\clean\test\imagen3_51659\jpeg_q70.jpg
imagen3_52115,jpeg_q70,imagen3,imagen3,1,0.3622104227542877,data\cache\clean\test\imagen3_52115\jpeg_q70.jpg
imagen3_560ead164dab63a5,jpeg_q70,imagen3,imagen3,1,0.3800186514854431,data\cache\clean\test\imagen3_560ead164dab63a5\jpeg_q70.jpg
imagen3_5e95809bd47d157b,jpeg_q70,imagen3,imagen3,1,0.01887688785791397,data\cache\clean\test\imagen3_5e95809bd47d157b\jpeg_q70.jpg
imagen3_69467160e53f71bc,jpeg_q70,imagen3,imagen3,1,0.08906642347574234,data\cache\clean\test\imagen3_69467160e53f71bc\jpeg_q70.jpg
imagen3_6a8270ea182a9194,jpeg_q70,imagen3,imagen3,1,0.0010623671114444733,data\cache\clean\test\imagen3_6a8270ea182a9194\jpeg_q70.jpg
imagen3_6c7624322b04ce43,jpeg_q70,imagen3,imagen3,1,0.020190658047795296,data\cache\clean\test\imagen3_6c7624322b04ce43\jpeg_q70.jpg
imagen3_77fb2d4f372634f8,jpeg_q70,imagen3,imagen3,1,0.0004551358288154006,data\cache\clean\test\imagen3_77fb2d4f372634f8\jpeg_q70.jpg
imagen3_7ee1485909c59826,jpeg_q70,imagen3,imagen3,1,0.00414225272834301,data\cache\clean\test\imagen3_7ee1485909c59826\jpeg_q70.jpg
imagen3_8b13dc3bff918841,jpeg_q70,imagen3,imagen3,1,0.060282256454229355,data\cache\clean\test\imagen3_8b13dc3bff918841\jpeg_q70.jpg
imagen3_8c20e4bf83ffff36,jpeg_q70,imagen3,imagen3,1,0.23903881013393402,data\cache\clean\test\imagen3_8c20e4bf83ffff36\jpeg_q70.jpg
imagen3_8e6f8acd28fd8f35,jpeg_q70,imagen3,imagen3,1,0.03838573396205902,data\cache\clean\test\imagen3_8e6f8acd28fd8f35\jpeg_q70.jpg
imagen3_9e82651e214a25c8,jpeg_q70,imagen3,imagen3,1,0.08792091906070709,data\cache\clean\test\imagen3_9e82651e214a25c8\jpeg_q70.jpg
imagen3_aa13646e437b7afa,jpeg_q70,imagen3,imagen3,1,0.002768149832263589,data\cache\clean\test\imagen3_aa13646e437b7afa\jpeg_q70.jpg
imagen3_ad860df8c2a1a848,jpeg_q70,imagen3,imagen3,1,0.011524264700710773,data\cache\clean\test\imagen3_ad860df8c2a1a848\jpeg_q70.jpg
imagen3_b69c9976ced306d1,jpeg_q70,imagen3,imagen3,1,0.01156342402100563,data\cache\clean\test\imagen3_b69c9976ced306d1\jpeg_q70.jpg
imagen3_ca44bb7db1e73a9a,jpeg_q70,imagen3,imagen3,1,0.00872217956930399,data\cache\clean\test\imagen3_ca44bb7db1e73a9a\jpeg_q70.jpg
imagen3_e63f3b6f8bdee43a,jpeg_q70,imagen3,imagen3,1,0.02238311804831028,data\cache\clean\test\imagen3_e63f3b6f8bdee43a\jpeg_q70.jpg
imagen3_ea646e585cc24088,jpeg_q70,imagen3,imagen3,1,0.31632983684539795,data\cache\clean\test\imagen3_ea646e585cc24088\jpeg_q70.jpg
imagen3_eaf94916ce926270,jpeg_q70,imagen3,imagen3,1,0.31170567870140076,data\cache\clean\test\imagen3_eaf94916ce926270\jpeg_q70.jpg
imagen3_f2da05bffbe27dab,jpeg_q70,imagen3,imagen3,1,0.3629274368286133,data\cache\clean\test\imagen3_f2da05bffbe27dab\jpeg_q70.jpg
imagen3_fd568a2839353a92,jpeg_q70,imagen3,imagen3,1,0.35232123732566833,data\cache\clean\test\imagen3_fd568a2839353a92\jpeg_q70.jpg
imagen3_Imagen3_1208,jpeg_q70,imagen3,imagen3,1,0.004304802976548672,data\cache\clean\test\imagen3_Imagen3_1208\jpeg_q70.jpg
imagen3_Imagen3_2403,jpeg_q70,imagen3,imagen3,1,0.00656116520985961,data\cache\clean\test\imagen3_Imagen3_2403\jpeg_q70.jpg
imagen3_Imagen3_3097,jpeg_q70,imagen3,imagen3,1,0.2604099214076996,data\cache\clean\test\imagen3_Imagen3_3097\jpeg_q70.jpg
sidset_full_synthetic_001692,jpeg_q70,sidset,full_synthetic,1,0.03769337013363838,data\cache\clean\test\sidset_full_synthetic_001692\jpeg_q70.jpg
sidset_full_synthetic_028747,jpeg_q70,sidset,full_synthetic,1,0.016529735177755356,data\cache\clean\test\sidset_full_synthetic_028747\jpeg_q70.jpg
sidset_full_synthetic_033528,jpeg_q70,sidset,full_synthetic,1,0.028985273092985153,data\cache\clean\test\sidset_full_synthetic_033528\jpeg_q70.jpg
sidset_full_synthetic_040891,jpeg_q70,sidset,full_synthetic,1,0.49659183621406555,data\cache\clean\test\sidset_full_synthetic_040891\jpeg_q70.jpg
sidset_full_synthetic_042089,jpeg_q70,sidset,full_synthetic,1,0.07735457271337509,data\cache\clean\test\sidset_full_synthetic_042089\jpeg_q70.jpg
sidset_full_synthetic_046026,jpeg_q70,sidset,full_synthetic,1,0.3095417022705078,data\cache\clean\test\sidset_full_synthetic_046026\jpeg_q70.jpg
sidset_full_synthetic_063062,jpeg_q70,sidset,full_synthetic,1,0.026497183367609978,data\cache\clean\test\sidset_full_synthetic_063062\jpeg_q70.jpg
sidset_full_synthetic_066065,jpeg_q70,sidset,full_synthetic,1,0.03151043877005577,data\cache\clean\test\sidset_full_synthetic_066065\jpeg_q70.jpg
stylegan_xl_0097a2e24789bc7a,jpeg_q70,stylegan_xl,stylegan_xl,1,0.03376047685742378,data\cache\clean\test\stylegan_xl_0097a2e24789bc7a\jpeg_q70.jpg
stylegan_xl_00a4591cf03df584,jpeg_q70,stylegan_xl,stylegan_xl,1,0.0014585416065528989,data\cache\clean\test\stylegan_xl_00a4591cf03df584\jpeg_q70.jpg
stylegan_xl_031391f1ab18ab62,jpeg_q70,stylegan_xl,stylegan_xl,1,0.327700674533844,data\cache\clean\test\stylegan_xl_031391f1ab18ab62\jpeg_q70.jpg
stylegan_xl_0f7efa4c31bcd8f4,jpeg_q70,stylegan_xl,stylegan_xl,1,0.00507171219214797,data\cache\clean\test\stylegan_xl_0f7efa4c31bcd8f4\jpeg_q70.jpg
stylegan_xl_1060d58257bc5130,jpeg_q70,stylegan_xl,stylegan_xl,1,0.0007512487354688346,data\cache\clean\test\stylegan_xl_1060d58257bc5130\jpeg_q70.jpg
stylegan_xl_2013fe0d44f84041,jpeg_q70,stylegan_xl,stylegan_xl,1,1.442405618945486e-06,data\cache\clean\test\stylegan_xl_2013fe0d44f84041\jpeg_q70.jpg
stylegan_xl_324e332686aa6966,jpeg_q70,stylegan_xl,stylegan_xl,1,0.41086819767951965,data\cache\clean\test\stylegan_xl_324e332686aa6966\jpeg_q70.jpg
stylegan_xl_3621cf0be1fc8d68,jpeg_q70,stylegan_xl,stylegan_xl,1,0.15963464975357056,data\cache\clean\test\stylegan_xl_3621cf0be1fc8d68\jpeg_q70.jpg
stylegan_xl_38c489e3b0d8c700,jpeg_q70,stylegan_xl,stylegan_xl,1,0.018885601311922073,data\cache\clean\test\stylegan_xl_38c489e3b0d8c700\jpeg_q70.jpg
stylegan_xl_3b5e18f8fc06450d,jpeg_q70,stylegan_xl,stylegan_xl,1,0.019260965287685394,data\cache\clean\test\stylegan_xl_3b5e18f8fc06450d\jpeg_q70.jpg
stylegan_xl_44451,jpeg_q70,stylegan_xl,stylegan_xl,1,0.32439711689949036,data\cache\clean\test\stylegan_xl_44451\jpeg_q70.jpg
stylegan_xl_45081,jpeg_q70,stylegan_xl,stylegan_xl,1,0.06131724268198013,data\cache\clean\test\stylegan_xl_45081\jpeg_q70.jpg
stylegan_xl_45602,jpeg_q70,stylegan_xl,stylegan_xl,1,0.399344265460968,data\cache\clean\test\stylegan_xl_45602\jpeg_q70.jpg
stylegan_xl_46109,jpeg_q70,stylegan_xl,stylegan_xl,1,0.3965434730052948,data\cache\clean\test\stylegan_xl_46109\jpeg_q70.jpg
stylegan_xl_47014,jpeg_q70,stylegan_xl,stylegan_xl,1,0.0746472105383873,data\cache\clean\test\stylegan_xl_47014\jpeg_q70.jpg
stylegan_xl_47343,jpeg_q70,stylegan_xl,stylegan_xl,1,0.0025437921285629272,data\cache\clean\test\stylegan_xl_47343\jpeg_q70.jpg
stylegan_xl_48611,jpeg_q70,stylegan_xl,stylegan_xl,1,0.022891925647854805,data\cache\clean\test\stylegan_xl_48611\jpeg_q70.jpg
stylegan_xl_49074,jpeg_q70,stylegan_xl,stylegan_xl,1,0.4793524146080017,data\cache\clean\test\stylegan_xl_49074\jpeg_q70.jpg
stylegan_xl_49605,jpeg_q70,stylegan_xl,stylegan_xl,1,0.43248075246810913,data\cache\clean\test\stylegan_xl_49605\jpeg_q70.jpg
stylegan_xl_4f991f9638e28675,jpeg_q70,stylegan_xl,stylegan_xl,1,0.0303190965205431,data\cache\clean\test\stylegan_xl_4f991f9638e28675\jpeg_q70.jpg
stylegan_xl_50731,jpeg_q70,stylegan_xl,stylegan_xl,1,0.010362536646425724,data\cache\clean\test\stylegan_xl_50731\jpeg_q70.jpg
stylegan_xl_60ed9d3511d333bf,jpeg_q70,stylegan_xl,stylegan_xl,1,0.011476768180727959,data\cache\clean\test\stylegan_xl_60ed9d3511d333bf\jpeg_q70.jpg
stylegan_xl_65bb283a1280639e,jpeg_q70,stylegan_xl,stylegan_xl,1,0.04604995623230934,data\cache\clean\test\stylegan_xl_65bb283a1280639e\jpeg_q70.jpg
stylegan_xl_729fee52c5b7f95b,jpeg_q70,stylegan_xl,stylegan_xl,1,0.007103261537849903,data\cache\clean\test\stylegan_xl_729fee52c5b7f95b\jpeg_q70.jpg
stylegan_xl_7d433e90bcd7bd53,jpeg_q70,stylegan_xl,stylegan_xl,1,0.0011976280948147178,data\cache\clean\test\stylegan_xl_7d433e90bcd7bd53\jpeg_q70.jpg
stylegan_xl_7ffebe6032f8209f,jpeg_q70,stylegan_xl,stylegan_xl,1,0.0023465356789529324,data\cache\clean\test\stylegan_xl_7ffebe6032f8209f\jpeg_q70.jpg
stylegan_xl_80fc8be6e7c11eb3,jpeg_q70,stylegan_xl,stylegan_xl,1,0.0016606015851721168,data\cache\clean\test\stylegan_xl_80fc8be6e7c11eb3\jpeg_q70.jpg
stylegan_xl_8461b1ae87c22c20,jpeg_q70,stylegan_xl,stylegan_xl,1,0.4129486382007599,data\cache\clean\test\stylegan_xl_8461b1ae87c22c20\jpeg_q70.jpg
stylegan_xl_8f9dfd75dde8914f,jpeg_q70,stylegan_xl,stylegan_xl,1,0.010512075386941433,data\cache\clean\test\stylegan_xl_8f9dfd75dde8914f\jpeg_q70.jpg
stylegan_xl_a10d4a733f4df420,jpeg_q70,stylegan_xl,stylegan_xl,1,0.24016109108924866,data\cache\clean\test\stylegan_xl_a10d4a733f4df420\jpeg_q70.jpg
stylegan_xl_a1ed16fffc5ecb68,jpeg_q70,stylegan_xl,stylegan_xl,1,0.2773190438747406,data\cache\clean\test\stylegan_xl_a1ed16fffc5ecb68\jpeg_q70.jpg
stylegan_xl_a72f3ace10a8f550,jpeg_q70,stylegan_xl,stylegan_xl,1,0.005785740911960602,data\cache\clean\test\stylegan_xl_a72f3ace10a8f550\jpeg_q70.jpg
stylegan_xl_b6abe358484b287a,jpeg_q70,stylegan_xl,stylegan_xl,1,0.0035646152682602406,data\cache\clean\test\stylegan_xl_b6abe358484b287a\jpeg_q70.jpg
stylegan_xl_bd69757ff485d03e,jpeg_q70,stylegan_xl,stylegan_xl,1,0.04193422943353653,data\cache\clean\test\stylegan_xl_bd69757ff485d03e\jpeg_q70.jpg
stylegan_xl_cccbc1d57a7e095e,jpeg_q70,stylegan_xl,stylegan_xl,1,0.029352907091379166,data\cache\clean\test\stylegan_xl_cccbc1d57a7e095e\jpeg_q70.jpg
stylegan_xl_cf9c332a1ebfb587,jpeg_q70,stylegan_xl,stylegan_xl,1,0.009793642908334732,data\cache\clean\test\stylegan_xl_cf9c332a1ebfb587\jpeg_q70.jpg
stylegan_xl_d7c4ece8c8a01de0,jpeg_q70,stylegan_xl,stylegan_xl,1,0.023697517812252045,data\cache\clean\test\stylegan_xl_d7c4ece8c8a01de0\jpeg_q70.jpg
stylegan_xl_e4b8e7ef72cabaf2,jpeg_q70,stylegan_xl,stylegan_xl,1,0.18054035305976868,data\cache\clean\test\stylegan_xl_e4b8e7ef72cabaf2\jpeg_q70.jpg
stylegan_xl_f4a503e24265a7e1,jpeg_q70,stylegan_xl,stylegan_xl,1,0.2934756875038147,data\cache\clean\test\stylegan_xl_f4a503e24265a7e1\jpeg_q70.jpg
stylegan_xl_fef6a66b8deaa7ab,jpeg_q70,stylegan_xl,stylegan_xl,1,0.0002884837449528277,data\cache\clean\test\stylegan_xl_fef6a66b8deaa7ab\jpeg_q70.jpg
cifake_1028 (10),jpeg_q90,cifake,stable_diffusion,1,0.05344792827963829,data\cache\clean\test\cifake_1028 (10)\jpeg_q90.jpg
cifake_1088 (3),jpeg_q90,cifake,stable_diffusion,1,0.25989454984664917,data\cache\clean\test\cifake_1088 (3)\jpeg_q90.jpg
cifake_2293 (9),jpeg_q90,cifake,stable_diffusion,1,0.16378825902938843,data\cache\clean\test\cifake_2293 (9)\jpeg_q90.jpg
cifake_2790 (9),jpeg_q90,cifake,stable_diffusion,1,0.20773941278457642,data\cache\clean\test\cifake_2790 (9)\jpeg_q90.jpg
cifake_3395 (5),jpeg_q90,cifake,stable_diffusion,1,0.1879739612340927,data\cache\clean\test\cifake_3395 (5)\jpeg_q90.jpg
cifake_4127 (3),jpeg_q90,cifake,stable_diffusion,1,0.16518548130989075,data\cache\clean\test\cifake_4127 (3)\jpeg_q90.jpg
cifake_4221 (2),jpeg_q90,cifake,stable_diffusion,1,0.04981100186705589,data\cache\clean\test\cifake_4221 (2)\jpeg_q90.jpg
cifake_4615 (3),jpeg_q90,cifake,stable_diffusion,1,0.0776124820113182,data\cache\clean\test\cifake_4615 (3)\jpeg_q90.jpg
cifake_4670 (4),jpeg_q90,cifake,stable_diffusion,1,0.1590581238269806,data\cache\clean\test\cifake_4670 (4)\jpeg_q90.jpg
cifake_5607 (3),jpeg_q90,cifake,stable_diffusion,1,0.10649825632572174,data\cache\clean\test\cifake_5607 (3)\jpeg_q90.jpg
cifake_5943 (10),jpeg_q90,cifake,stable_diffusion,1,0.016696395352482796,data\cache\clean\test\cifake_5943 (10)\jpeg_q90.jpg
cifake_771 (8),jpeg_q90,cifake,stable_diffusion,1,0.1582665890455246,data\cache\clean\test\cifake_771 (8)\jpeg_q90.jpg
cifake_791 (6),jpeg_q90,cifake,stable_diffusion,1,0.2949528396129608,data\cache\clean\test\cifake_791 (6)\jpeg_q90.jpg
dalle_12052,jpeg_q90,dalle,dalle,1,5.6591430620756e-05,data\cache\clean\test\dalle_12052\jpeg_q90.jpg
dalle_13108,jpeg_q90,dalle,dalle,1,0.2692205607891083,data\cache\clean\test\dalle_13108\jpeg_q90.jpg
dalle_17768,jpeg_q90,dalle,dalle,1,0.3255477845668793,data\cache\clean\test\dalle_17768\jpeg_q90.jpg
dalle_1895b86b74caac5dad51022c3d3b33df,jpeg_q90,dalle,dalle,1,0.015011962503194809,data\cache\clean\test\dalle_1895b86b74caac5dad51022c3d3b33df\jpeg_q90.jpg
dalle_19590,jpeg_q90,dalle,dalle,1,0.03682771697640419,data\cache\clean\test\dalle_19590\jpeg_q90.jpg
dalle_20855,jpeg_q90,dalle,dalle,1,0.30104634165763855,data\cache\clean\test\dalle_20855\jpeg_q90.jpg
dalle_27874,jpeg_q90,dalle,dalle,1,0.4834311902523041,data\cache\clean\test\dalle_27874\jpeg_q90.jpg
dalle_3469,jpeg_q90,dalle,dalle,1,0.1639433652162552,data\cache\clean\test\dalle_3469\jpeg_q90.jpg
dalle_40387,jpeg_q90,dalle,dalle,1,0.17907224595546722,data\cache\clean\test\dalle_40387\jpeg_q90.jpg
dalle_41791,jpeg_q90,dalle,dalle,1,0.000514012819621712,data\cache\clean\test\dalle_41791\jpeg_q90.jpg
dalle_42344,jpeg_q90,dalle,dalle,1,0.4050799608230591,data\cache\clean\test\dalle_42344\jpeg_q90.jpg
dalle_6f0f61883f111368d770c54801f33449,jpeg_q90,dalle,dalle,1,0.0009828245965763927,data\cache\clean\test\dalle_6f0f61883f111368d770c54801f33449\jpeg_q90.jpg
dalle_8017,jpeg_q90,dalle,dalle,1,1.086269458028255e-05,data\cache\clean\test\dalle_8017\jpeg_q90.jpg
dalle_9068,jpeg_q90,dalle,dalle,1,0.2139449566602707,data\cache\clean\test\dalle_9068\jpeg_q90.jpg
dalle_9639,jpeg_q90,dalle,dalle,1,0.05803133174777031,data\cache\clean\test\dalle_9639\jpeg_q90.jpg
gigagan_02115,jpeg_q90,gigagan,gigagan,1,0.26470285654067993,data\cache\clean\test\gigagan_02115\jpeg_q90.jpg
gigagan_03860,jpeg_q90,gigagan,gigagan,1,0.07625249773263931,data\cache\clean\test\gigagan_03860\jpeg_q90.jpg
gigagan_05738,jpeg_q90,gigagan,gigagan,1,0.14647440612316132,data\cache\clean\test\gigagan_05738\jpeg_q90.jpg
gigagan_06526,jpeg_q90,gigagan,gigagan,1,0.12615132331848145,data\cache\clean\test\gigagan_06526\jpeg_q90.jpg
gigagan_07909,jpeg_q90,gigagan,gigagan,1,0.03404731675982475,data\cache\clean\test\gigagan_07909\jpeg_q90.jpg
gigagan_08193,jpeg_q90,gigagan,gigagan,1,0.4401843547821045,data\cache\clean\test\gigagan_08193\jpeg_q90.jpg
gigagan_08351,jpeg_q90,gigagan,gigagan,1,0.04417574033141136,data\cache\clean\test\gigagan_08351\jpeg_q90.jpg
gigagan_08561,jpeg_q90,gigagan,gigagan,1,0.08530896157026291,data\cache\clean\test\gigagan_08561\jpeg_q90.jpg
gigagan_09026,jpeg_q90,gigagan,gigagan,1,0.040172263979911804,data\cache\clean\test\gigagan_09026\jpeg_q90.jpg
gigagan_09302,jpeg_q90,gigagan,gigagan,1,0.013500187546014786,data\cache\clean\test\gigagan_09302\jpeg_q90.jpg
gigagan_09458,jpeg_q90,gigagan,gigagan,1,0.12398134917020798,data\cache\clean\test\gigagan_09458\jpeg_q90.jpg
gigagan_09663,jpeg_q90,gigagan,gigagan,1,0.3048831820487976,data\cache\clean\test\gigagan_09663\jpeg_q90.jpg
gigagan_10282,jpeg_q90,gigagan,gigagan,1,0.44466930627822876,data\cache\clean\test\gigagan_10282\jpeg_q90.jpg
gigagan_10769,jpeg_q90,gigagan,gigagan,1,0.005657598376274109,data\cache\clean\test\gigagan_10769\jpeg_q90.jpg
gigagan_10914,jpeg_q90,gigagan,gigagan,1,0.0007584698032587767,data\cache\clean\test\gigagan_10914\jpeg_q90.jpg
gigagan_12929,jpeg_q90,gigagan,gigagan,1,0.014158189296722412,data\cache\clean\test\gigagan_12929\jpeg_q90.jpg
gigagan_14071,jpeg_q90,gigagan,gigagan,1,0.0001691245852271095,data\cache\clean\test\gigagan_14071\jpeg_q90.jpg
gigagan_14138,jpeg_q90,gigagan,gigagan,1,0.13598041236400604,data\cache\clean\test\gigagan_14138\jpeg_q90.jpg
gigagan_14909,jpeg_q90,gigagan,gigagan,1,0.3486188054084778,data\cache\clean\test\gigagan_14909\jpeg_q90.jpg
gigagan_15561,jpeg_q90,gigagan,gigagan,1,0.1261507123708725,data\cache\clean\test\gigagan_15561\jpeg_q90.jpg
gigagan_16357,jpeg_q90,gigagan,gigagan,1,0.11405579000711441,data\cache\clean\test\gigagan_16357\jpeg_q90.jpg
gigagan_16859,jpeg_q90,gigagan,gigagan,1,0.3972051739692688,data\cache\clean\test\gigagan_16859\jpeg_q90.jpg
gigagan_16966,jpeg_q90,gigagan,gigagan,1,0.14865612983703613,data\cache\clean\test\gigagan_16966\jpeg_q90.jpg
gigagan_17666,jpeg_q90,gigagan,gigagan,1,0.43328502774238586,data\cache\clean\test\gigagan_17666\jpeg_q90.jpg
gigagan_18085,jpeg_q90,gigagan,gigagan,1,0.013448959216475487,data\cache\clean\test\gigagan_18085\jpeg_q90.jpg
gigagan_18143,jpeg_q90,gigagan,gigagan,1,0.14975765347480774,data\cache\clean\test\gigagan_18143\jpeg_q90.jpg
gigagan_19199,jpeg_q90,gigagan,gigagan,1,0.0055524311028420925,data\cache\clean\test\gigagan_19199\jpeg_q90.jpg
gigagan_19248,jpeg_q90,gigagan,gigagan,1,0.4923812747001648,data\cache\clean\test\gigagan_19248\jpeg_q90.jpg
gigagan_20207,jpeg_q90,gigagan,gigagan,1,0.16753025352954865,data\cache\clean\test\gigagan_20207\jpeg_q90.jpg
gigagan_20327,jpeg_q90,gigagan,gigagan,1,0.0004925702814944088,data\cache\clean\test\gigagan_20327\jpeg_q90.jpg
gigagan_20756,jpeg_q90,gigagan,gigagan,1,0.3335673213005066,data\cache\clean\test\gigagan_20756\jpeg_q90.jpg
gigagan_20968,jpeg_q90,gigagan,gigagan,1,0.037204559892416,data\cache\clean\test\gigagan_20968\jpeg_q90.jpg
gigagan_21116,jpeg_q90,gigagan,gigagan,1,0.4317472279071808,data\cache\clean\test\gigagan_21116\jpeg_q90.jpg
gigagan_21166,jpeg_q90,gigagan,gigagan,1,0.0634724572300911,data\cache\clean\test\gigagan_21166\jpeg_q90.jpg
gigagan_21244,jpeg_q90,gigagan,gigagan,1,0.05129437521100044,data\cache\clean\test\gigagan_21244\jpeg_q90.jpg
gigagan_21611,jpeg_q90,gigagan,gigagan,1,0.08664340525865555,data\cache\clean\test\gigagan_21611\jpeg_q90.jpg
gigagan_22263,jpeg_q90,gigagan,gigagan,1,0.21196764707565308,data\cache\clean\test\gigagan_22263\jpeg_q90.jpg
gigagan_22418,jpeg_q90,gigagan,gigagan,1,0.37652668356895447,data\cache\clean\test\gigagan_22418\jpeg_q90.jpg
gigagan_22533,jpeg_q90,gigagan,gigagan,1,0.11931131780147552,data\cache\clean\test\gigagan_22533\jpeg_q90.jpg
gigagan_22770,jpeg_q90,gigagan,gigagan,1,0.01339003350585699,data\cache\clean\test\gigagan_22770\jpeg_q90.jpg
gigagan_23134,jpeg_q90,gigagan,gigagan,1,0.0002542984439060092,data\cache\clean\test\gigagan_23134\jpeg_q90.jpg
gigagan_23834,jpeg_q90,gigagan,gigagan,1,0.032704003155231476,data\cache\clean\test\gigagan_23834\jpeg_q90.jpg
gigagan_24445,jpeg_q90,gigagan,gigagan,1,0.058982059359550476,data\cache\clean\test\gigagan_24445\jpeg_q90.jpg
gigagan_24679,jpeg_q90,gigagan,gigagan,1,0.1088341623544693,data\cache\clean\test\gigagan_24679\jpeg_q90.jpg
gigagan_24726,jpeg_q90,gigagan,gigagan,1,0.37947317957878113,data\cache\clean\test\gigagan_24726\jpeg_q90.jpg
gigagan_25002,jpeg_q90,gigagan,gigagan,1,0.21135763823986053,data\cache\clean\test\gigagan_25002\jpeg_q90.jpg
gigagan_25090,jpeg_q90,gigagan,gigagan,1,0.009035149589180946,data\cache\clean\test\gigagan_25090\jpeg_q90.jpg
gigagan_25801,jpeg_q90,gigagan,gigagan,1,0.4527890980243683,data\cache\clean\test\gigagan_25801\jpeg_q90.jpg
gigagan_26067,jpeg_q90,gigagan,gigagan,1,0.1926390379667282,data\cache\clean\test\gigagan_26067\jpeg_q90.jpg
gigagan_26681,jpeg_q90,gigagan,gigagan,1,0.22554531693458557,data\cache\clean\test\gigagan_26681\jpeg_q90.jpg
gigagan_28062,jpeg_q90,gigagan,gigagan,1,0.4898699223995209,data\cache\clean\test\gigagan_28062\jpeg_q90.jpg
gigagan_28336,jpeg_q90,gigagan,gigagan,1,0.18590396642684937,data\cache\clean\test\gigagan_28336\jpeg_q90.jpg
gigagan_28900,jpeg_q90,gigagan,gigagan,1,0.03547099977731705,data\cache\clean\test\gigagan_28900\jpeg_q90.jpg
gigagan_29456,jpeg_q90,gigagan,gigagan,1,0.05193997547030449,data\cache\clean\test\gigagan_29456\jpeg_q90.jpg
imagen3_045e6da6fd7f6fb0,jpeg_q90,imagen3,imagen3,1,0.0009985185461118817,data\cache\clean\test\imagen3_045e6da6fd7f6fb0\jpeg_q90.jpg
imagen3_13ed1f9391224848,jpeg_q90,imagen3,imagen3,1,0.18160896003246307,data\cache\clean\test\imagen3_13ed1f9391224848\jpeg_q90.jpg
imagen3_15ae6310fb427bba,jpeg_q90,imagen3,imagen3,1,0.22304700314998627,data\cache\clean\test\imagen3_15ae6310fb427bba\jpeg_q90.jpg
imagen3_17643da56f35c6f7,jpeg_q90,imagen3,imagen3,1,0.0013689701445400715,data\cache\clean\test\imagen3_17643da56f35c6f7\jpeg_q90.jpg
imagen3_24e64d19ddde11cb,jpeg_q90,imagen3,imagen3,1,0.0015768883749842644,data\cache\clean\test\imagen3_24e64d19ddde11cb\jpeg_q90.jpg
imagen3_260ae6b06f1f50e2,jpeg_q90,imagen3,imagen3,1,0.00015287267160601914,data\cache\clean\test\imagen3_260ae6b06f1f50e2\jpeg_q90.jpg
imagen3_2be4510162a8a76e,jpeg_q90,imagen3,imagen3,1,0.030908359214663506,data\cache\clean\test\imagen3_2be4510162a8a76e\jpeg_q90.jpg
imagen3_3403b18fc93acbfc,jpeg_q90,imagen3,imagen3,1,0.018048517405986786,data\cache\clean\test\imagen3_3403b18fc93acbfc\jpeg_q90.jpg
imagen3_44015,jpeg_q90,imagen3,imagen3,1,0.35301291942596436,data\cache\clean\test\imagen3_44015\jpeg_q90.jpg
imagen3_44476,jpeg_q90,imagen3,imagen3,1,0.15333192050457,data\cache\clean\test\imagen3_44476\jpeg_q90.jpg
imagen3_46922,jpeg_q90,imagen3,imagen3,1,0.017427217215299606,data\cache\clean\test\imagen3_46922\jpeg_q90.jpg
imagen3_473ffc5e3d5dc373,jpeg_q90,imagen3,imagen3,1,0.0006737100193277001,data\cache\clean\test\imagen3_473ffc5e3d5dc373\jpeg_q90.jpg
imagen3_51659,jpeg_q90,imagen3,imagen3,1,0.012048732489347458,data\cache\clean\test\imagen3_51659\jpeg_q90.jpg
imagen3_52115,jpeg_q90,imagen3,imagen3,1,0.37225356698036194,data\cache\clean\test\imagen3_52115\jpeg_q90.jpg
imagen3_53132,jpeg_q90,imagen3,imagen3,1,0.43081849813461304,data\cache\clean\test\imagen3_53132\jpeg_q90.jpg
imagen3_5e95809bd47d157b,jpeg_q90,imagen3,imagen3,1,0.02106758952140808,data\cache\clean\test\imagen3_5e95809bd47d157b\jpeg_q90.jpg
imagen3_69467160e53f71bc,jpeg_q90,imagen3,imagen3,1,0.16335460543632507,data\cache\clean\test\imagen3_69467160e53f71bc\jpeg_q90.jpg
imagen3_6a8270ea182a9194,jpeg_q90,imagen3,imagen3,1,0.0008222124306485057,data\cache\clean\test\imagen3_6a8270ea182a9194\jpeg_q90.jpg
imagen3_6c7624322b04ce43,jpeg_q90,imagen3,imagen3,1,0.014942578971385956,data\cache\clean\test\imagen3_6c7624322b04ce43\jpeg_q90.jpg
imagen3_77fb2d4f372634f8,jpeg_q90,imagen3,imagen3,1,0.001618987531401217,data\cache\clean\test\imagen3_77fb2d4f372634f8\jpeg_q90.jpg
imagen3_7ee1485909c59826,jpeg_q90,imagen3,imagen3,1,0.0038165675941854715,data\cache\clean\test\imagen3_7ee1485909c59826\jpeg_q90.jpg
imagen3_8b13dc3bff918841,jpeg_q90,imagen3,imagen3,1,0.04777764528989792,data\cache\clean\test\imagen3_8b13dc3bff918841\jpeg_q90.jpg
imagen3_8c20e4bf83ffff36,jpeg_q90,imagen3,imagen3,1,0.24966926872730255,data\cache\clean\test\imagen3_8c20e4bf83ffff36\jpeg_q90.jpg
imagen3_8e6f8acd28fd8f35,jpeg_q90,imagen3,imagen3,1,0.0070029692724347115,data\cache\clean\test\imagen3_8e6f8acd28fd8f35\jpeg_q90.jpg
imagen3_9e82651e214a25c8,jpeg_q90,imagen3,imagen3,1,0.05751018226146698,data\cache\clean\test\imagen3_9e82651e214a25c8\jpeg_q90.jpg
imagen3_aa13646e437b7afa,jpeg_q90,imagen3,imagen3,1,0.003963488154113293,data\cache\clean\test\imagen3_aa13646e437b7afa\jpeg_q90.jpg
imagen3_ad860df8c2a1a848,jpeg_q90,imagen3,imagen3,1,0.003448568983003497,data\cache\clean\test\imagen3_ad860df8c2a1a848\jpeg_q90.jpg
imagen3_b69c9976ced306d1,jpeg_q90,imagen3,imagen3,1,0.015113307163119316,data\cache\clean\test\imagen3_b69c9976ced306d1\jpeg_q90.jpg
imagen3_ca44bb7db1e73a9a,jpeg_q90,imagen3,imagen3,1,0.0050044371746480465,data\cache\clean\test\imagen3_ca44bb7db1e73a9a\jpeg_q90.jpg
imagen3_e63f3b6f8bdee43a,jpeg_q90,imagen3,imagen3,1,0.033835820853710175,data\cache\clean\test\imagen3_e63f3b6f8bdee43a\jpeg_q90.jpg
imagen3_ea646e585cc24088,jpeg_q90,imagen3,imagen3,1,0.44645047187805176,data\cache\clean\test\imagen3_ea646e585cc24088\jpeg_q90.jpg
imagen3_eaf94916ce926270,jpeg_q90,imagen3,imagen3,1,0.39216166734695435,data\cache\clean\test\imagen3_eaf94916ce926270\jpeg_q90.jpg
imagen3_f2da05bffbe27dab,jpeg_q90,imagen3,imagen3,1,0.191655695438385,data\cache\clean\test\imagen3_f2da05bffbe27dab\jpeg_q90.jpg
imagen3_fd568a2839353a92,jpeg_q90,imagen3,imagen3,1,0.4449359178543091,data\cache\clean\test\imagen3_fd568a2839353a92\jpeg_q90.jpg
imagen3_Imagen3_1208,jpeg_q90,imagen3,imagen3,1,0.003634456777945161,data\cache\clean\test\imagen3_Imagen3_1208\jpeg_q90.jpg
imagen3_Imagen3_2403,jpeg_q90,imagen3,imagen3,1,0.023830169811844826,data\cache\clean\test\imagen3_Imagen3_2403\jpeg_q90.jpg
imagen3_Imagen3_3097,jpeg_q90,imagen3,imagen3,1,0.14212416112422943,data\cache\clean\test\imagen3_Imagen3_3097\jpeg_q90.jpg
sidset_full_synthetic_001692,jpeg_q90,sidset,full_synthetic,1,0.1890486478805542,data\cache\clean\test\sidset_full_synthetic_001692\jpeg_q90.jpg
sidset_full_synthetic_033528,jpeg_q90,sidset,full_synthetic,1,0.003664687043055892,data\cache\clean\test\sidset_full_synthetic_033528\jpeg_q90.jpg
sidset_full_synthetic_042089,jpeg_q90,sidset,full_synthetic,1,0.09846265614032745,data\cache\clean\test\sidset_full_synthetic_042089\jpeg_q90.jpg
sidset_full_synthetic_063062,jpeg_q90,sidset,full_synthetic,1,0.14728285372257233,data\cache\clean\test\sidset_full_synthetic_063062\jpeg_q90.jpg
sidset_full_synthetic_066065,jpeg_q90,sidset,full_synthetic,1,0.2694581151008606,data\cache\clean\test\sidset_full_synthetic_066065\jpeg_q90.jpg
stylegan_xl_0097a2e24789bc7a,jpeg_q90,stylegan_xl,stylegan_xl,1,0.011031233705580235,data\cache\clean\test\stylegan_xl_0097a2e24789bc7a\jpeg_q90.jpg
stylegan_xl_00a4591cf03df584,jpeg_q90,stylegan_xl,stylegan_xl,1,0.001224404782988131,data\cache\clean\test\stylegan_xl_00a4591cf03df584\jpeg_q90.jpg
stylegan_xl_031391f1ab18ab62,jpeg_q90,stylegan_xl,stylegan_xl,1,0.3397134840488434,data\cache\clean\test\stylegan_xl_031391f1ab18ab62\jpeg_q90.jpg
stylegan_xl_0f7efa4c31bcd8f4,jpeg_q90,stylegan_xl,stylegan_xl,1,0.003361435839906335,data\cache\clean\test\stylegan_xl_0f7efa4c31bcd8f4\jpeg_q90.jpg
stylegan_xl_1060d58257bc5130,jpeg_q90,stylegan_xl,stylegan_xl,1,0.0010724329622462392,data\cache\clean\test\stylegan_xl_1060d58257bc5130\jpeg_q90.jpg
stylegan_xl_2013fe0d44f84041,jpeg_q90,stylegan_xl,stylegan_xl,1,9.685052646091208e-06,data\cache\clean\test\stylegan_xl_2013fe0d44f84041\jpeg_q90.jpg
stylegan_xl_324e332686aa6966,jpeg_q90,stylegan_xl,stylegan_xl,1,0.45419666171073914,data\cache\clean\test\stylegan_xl_324e332686aa6966\jpeg_q90.jpg
stylegan_xl_3621cf0be1fc8d68,jpeg_q90,stylegan_xl,stylegan_xl,1,0.18901510536670685,data\cache\clean\test\stylegan_xl_3621cf0be1fc8d68\jpeg_q90.jpg
stylegan_xl_38c489e3b0d8c700,jpeg_q90,stylegan_xl,stylegan_xl,1,0.01197031605988741,data\cache\clean\test\stylegan_xl_38c489e3b0d8c700\jpeg_q90.jpg
stylegan_xl_3b5e18f8fc06450d,jpeg_q90,stylegan_xl,stylegan_xl,1,0.014277162030339241,data\cache\clean\test\stylegan_xl_3b5e18f8fc06450d\jpeg_q90.jpg
stylegan_xl_44451,jpeg_q90,stylegan_xl,stylegan_xl,1,0.2748214304447174,data\cache\clean\test\stylegan_xl_44451\jpeg_q90.jpg
stylegan_xl_45081,jpeg_q90,stylegan_xl,stylegan_xl,1,0.014277651906013489,data\cache\clean\test\stylegan_xl_45081\jpeg_q90.jpg
stylegan_xl_47014,jpeg_q90,stylegan_xl,stylegan_xl,1,0.02052338421344757,data\cache\clean\test\stylegan_xl_47014\jpeg_q90.jpg
stylegan_xl_47343,jpeg_q90,stylegan_xl,stylegan_xl,1,0.0027753831818699837,data\cache\clean\test\stylegan_xl_47343\jpeg_q90.jpg
stylegan_xl_48611,jpeg_q90,stylegan_xl,stylegan_xl,1,0.007160154636949301,data\cache\clean\test\stylegan_xl_48611\jpeg_q90.jpg
stylegan_xl_4f991f9638e28675,jpeg_q90,stylegan_xl,stylegan_xl,1,0.08322364836931229,data\cache\clean\test\stylegan_xl_4f991f9638e28675\jpeg_q90.jpg
stylegan_xl_50731,jpeg_q90,stylegan_xl,stylegan_xl,1,0.001926942728459835,data\cache\clean\test\stylegan_xl_50731\jpeg_q90.jpg
stylegan_xl_51829,jpeg_q90,stylegan_xl,stylegan_xl,1,0.08676557242870331,data\cache\clean\test\stylegan_xl_51829\jpeg_q90.jpg
stylegan_xl_60ed9d3511d333bf,jpeg_q90,stylegan_xl,stylegan_xl,1,0.009593994356691837,data\cache\clean\test\stylegan_xl_60ed9d3511d333bf\jpeg_q90.jpg
stylegan_xl_65bb283a1280639e,jpeg_q90,stylegan_xl,stylegan_xl,1,0.08723578602075577,data\cache\clean\test\stylegan_xl_65bb283a1280639e\jpeg_q90.jpg
stylegan_xl_729fee52c5b7f95b,jpeg_q90,stylegan_xl,stylegan_xl,1,0.01730663888156414,data\cache\clean\test\stylegan_xl_729fee52c5b7f95b\jpeg_q90.jpg
stylegan_xl_7d433e90bcd7bd53,jpeg_q90,stylegan_xl,stylegan_xl,1,0.0005757108447141945,data\cache\clean\test\stylegan_xl_7d433e90bcd7bd53\jpeg_q90.jpg
stylegan_xl_7ffebe6032f8209f,jpeg_q90,stylegan_xl,stylegan_xl,1,0.0059480005875229836,data\cache\clean\test\stylegan_xl_7ffebe6032f8209f\jpeg_q90.jpg
stylegan_xl_80fc8be6e7c11eb3,jpeg_q90,stylegan_xl,stylegan_xl,1,0.0016096821054816246,data\cache\clean\test\stylegan_xl_80fc8be6e7c11eb3\jpeg_q90.jpg
stylegan_xl_8461b1ae87c22c20,jpeg_q90,stylegan_xl,stylegan_xl,1,0.297462522983551,data\cache\clean\test\stylegan_xl_8461b1ae87c22c20\jpeg_q90.jpg
stylegan_xl_8f9dfd75dde8914f,jpeg_q90,stylegan_xl,stylegan_xl,1,0.011516500264406204,data\cache\clean\test\stylegan_xl_8f9dfd75dde8914f\jpeg_q90.jpg
stylegan_xl_a10d4a733f4df420,jpeg_q90,stylegan_xl,stylegan_xl,1,0.11029551178216934,data\cache\clean\test\stylegan_xl_a10d4a733f4df420\jpeg_q90.jpg
stylegan_xl_a1ed16fffc5ecb68,jpeg_q90,stylegan_xl,stylegan_xl,1,0.056227169930934906,data\cache\clean\test\stylegan_xl_a1ed16fffc5ecb68\jpeg_q90.jpg
stylegan_xl_a72f3ace10a8f550,jpeg_q90,stylegan_xl,stylegan_xl,1,0.00456524221226573,data\cache\clean\test\stylegan_xl_a72f3ace10a8f550\jpeg_q90.jpg
stylegan_xl_b6abe358484b287a,jpeg_q90,stylegan_xl,stylegan_xl,1,0.005146815907210112,data\cache\clean\test\stylegan_xl_b6abe358484b287a\jpeg_q90.jpg
stylegan_xl_bd69757ff485d03e,jpeg_q90,stylegan_xl,stylegan_xl,1,0.06701108813285828,data\cache\clean\test\stylegan_xl_bd69757ff485d03e\jpeg_q90.jpg
stylegan_xl_cccbc1d57a7e095e,jpeg_q90,stylegan_xl,stylegan_xl,1,0.06942111998796463,data\cache\clean\test\stylegan_xl_cccbc1d57a7e095e\jpeg_q90.jpg
stylegan_xl_cf9c332a1ebfb587,jpeg_q90,stylegan_xl,stylegan_xl,1,0.0028896701987832785,data\cache\clean\test\stylegan_xl_cf9c332a1ebfb587\jpeg_q90.jpg
stylegan_xl_d7c4ece8c8a01de0,jpeg_q90,stylegan_xl,stylegan_xl,1,0.057410046458244324,data\cache\clean\test\stylegan_xl_d7c4ece8c8a01de0\jpeg_q90.jpg
stylegan_xl_e4b8e7ef72cabaf2,jpeg_q90,stylegan_xl,stylegan_xl,1,0.15216080844402313,data\cache\clean\test\stylegan_xl_e4b8e7ef72cabaf2\jpeg_q90.jpg
stylegan_xl_f4a503e24265a7e1,jpeg_q90,stylegan_xl,stylegan_xl,1,0.4719221591949463,data\cache\clean\test\stylegan_xl_f4a503e24265a7e1\jpeg_q90.jpg
stylegan_xl_fef6a66b8deaa7ab,jpeg_q90,stylegan_xl,stylegan_xl,1,0.00040690539753995836,data\cache\clean\test\stylegan_xl_fef6a66b8deaa7ab\jpeg_q90.jpg
cifake_1028 (10),noise_s0.02,cifake,stable_diffusion,1,0.1483369767665863,data\cache\clean\test\cifake_1028 (10)\noise_s0.02.jpg
cifake_1088 (3),noise_s0.02,cifake,stable_diffusion,1,0.2908323109149933,data\cache\clean\test\cifake_1088 (3)\noise_s0.02.jpg
cifake_1167 (3),noise_s0.02,cifake,stable_diffusion,1,0.07561276853084564,data\cache\clean\test\cifake_1167 (3)\noise_s0.02.jpg
cifake_1468 (5),noise_s0.02,cifake,stable_diffusion,1,0.36368122696876526,data\cache\clean\test\cifake_1468 (5)\noise_s0.02.jpg
cifake_1483 (8),noise_s0.02,cifake,stable_diffusion,1,0.4021238088607788,data\cache\clean\test\cifake_1483 (8)\noise_s0.02.jpg
cifake_2293 (9),noise_s0.02,cifake,stable_diffusion,1,0.25212839245796204,data\cache\clean\test\cifake_2293 (9)\noise_s0.02.jpg
cifake_4127 (3),noise_s0.02,cifake,stable_diffusion,1,0.4665447473526001,data\cache\clean\test\cifake_4127 (3)\noise_s0.02.jpg
cifake_4221 (2),noise_s0.02,cifake,stable_diffusion,1,0.028116080909967422,data\cache\clean\test\cifake_4221 (2)\noise_s0.02.jpg
cifake_5006 (3),noise_s0.02,cifake,stable_diffusion,1,0.2921536862850189,data\cache\clean\test\cifake_5006 (3)\noise_s0.02.jpg
cifake_5607,noise_s0.02,cifake,stable_diffusion,1,0.059787262231111526,data\cache\clean\test\cifake_5607\noise_s0.02.jpg
cifake_5607 (3),noise_s0.02,cifake,stable_diffusion,1,0.3494042754173279,data\cache\clean\test\cifake_5607 (3)\noise_s0.02.jpg
cifake_5943 (10),noise_s0.02,cifake,stable_diffusion,1,0.09407355636358261,data\cache\clean\test\cifake_5943 (10)\noise_s0.02.jpg
cifake_771 (8),noise_s0.02,cifake,stable_diffusion,1,0.34880900382995605,data\cache\clean\test\cifake_771 (8)\noise_s0.02.jpg
cifake_791 (6),noise_s0.02,cifake,stable_diffusion,1,0.32875770330429077,data\cache\clean\test\cifake_791 (6)\noise_s0.02.jpg
dalle_11338,noise_s0.02,dalle,dalle,1,0.38878321647644043,data\cache\clean\test\dalle_11338\noise_s0.02.jpg
dalle_12052,noise_s0.02,dalle,dalle,1,0.0004010539560113102,data\cache\clean\test\dalle_12052\noise_s0.02.jpg
dalle_13377,noise_s0.02,dalle,dalle,1,0.12808389961719513,data\cache\clean\test\dalle_13377\noise_s0.02.jpg
dalle_17768,noise_s0.02,dalle,dalle,1,0.1049850657582283,data\cache\clean\test\dalle_17768\noise_s0.02.jpg
dalle_1895b86b74caac5dad51022c3d3b33df,noise_s0.02,dalle,dalle,1,0.00717940041795373,data\cache\clean\test\dalle_1895b86b74caac5dad51022c3d3b33df\noise_s0.02.jpg
dalle_19590,noise_s0.02,dalle,dalle,1,0.08329274505376816,data\cache\clean\test\dalle_19590\noise_s0.02.jpg
dalle_20855,noise_s0.02,dalle,dalle,1,0.03447248041629791,data\cache\clean\test\dalle_20855\noise_s0.02.jpg
dalle_26203,noise_s0.02,dalle,dalle,1,0.27944621443748474,data\cache\clean\test\dalle_26203\noise_s0.02.jpg
dalle_27029,noise_s0.02,dalle,dalle,1,0.09604736417531967,data\cache\clean\test\dalle_27029\noise_s0.02.jpg
dalle_29480,noise_s0.02,dalle,dalle,1,0.40933090448379517,data\cache\clean\test\dalle_29480\noise_s0.02.jpg
dalle_29659,noise_s0.02,dalle,dalle,1,0.4113590121269226,data\cache\clean\test\dalle_29659\noise_s0.02.jpg
dalle_3469,noise_s0.02,dalle,dalle,1,0.28390011191368103,data\cache\clean\test\dalle_3469\noise_s0.02.jpg
dalle_35682,noise_s0.02,dalle,dalle,1,0.15062767267227173,data\cache\clean\test\dalle_35682\noise_s0.02.jpg
dalle_40387,noise_s0.02,dalle,dalle,1,0.24048590660095215,data\cache\clean\test\dalle_40387\noise_s0.02.jpg
dalle_41614,noise_s0.02,dalle,dalle,1,0.4571850001811981,data\cache\clean\test\dalle_41614\noise_s0.02.jpg
dalle_41791,noise_s0.02,dalle,dalle,1,0.00030181618058122694,data\cache\clean\test\dalle_41791\noise_s0.02.jpg
dalle_42344,noise_s0.02,dalle,dalle,1,0.1325065791606903,data\cache\clean\test\dalle_42344\noise_s0.02.jpg
dalle_5781,noise_s0.02,dalle,dalle,1,0.09794217348098755,data\cache\clean\test\dalle_5781\noise_s0.02.jpg
dalle_6f0f61883f111368d770c54801f33449,noise_s0.02,dalle,dalle,1,0.002706669270992279,data\cache\clean\test\dalle_6f0f61883f111368d770c54801f33449\noise_s0.02.jpg
dalle_8017,noise_s0.02,dalle,dalle,1,6.436857074731961e-05,data\cache\clean\test\dalle_8017\noise_s0.02.jpg
dalle_9068,noise_s0.02,dalle,dalle,1,0.2725118100643158,data\cache\clean\test\dalle_9068\noise_s0.02.jpg
dalle_9639,noise_s0.02,dalle,dalle,1,0.012479557655751705,data\cache\clean\test\dalle_9639\noise_s0.02.jpg
gigagan_03860,noise_s0.02,gigagan,gigagan,1,0.31538307666778564,data\cache\clean\test\gigagan_03860\noise_s0.02.jpg
gigagan_05738,noise_s0.02,gigagan,gigagan,1,0.20645499229431152,data\cache\clean\test\gigagan_05738\noise_s0.02.jpg
gigagan_06526,noise_s0.02,gigagan,gigagan,1,0.11651468276977539,data\cache\clean\test\gigagan_06526\noise_s0.02.jpg
gigagan_06628,noise_s0.02,gigagan,gigagan,1,0.45682400465011597,data\cache\clean\test\gigagan_06628\noise_s0.02.jpg
gigagan_07909,noise_s0.02,gigagan,gigagan,1,0.0345558263361454,data\cache\clean\test\gigagan_07909\noise_s0.02.jpg
gigagan_07986,noise_s0.02,gigagan,gigagan,1,0.37260696291923523,data\cache\clean\test\gigagan_07986\noise_s0.02.jpg
gigagan_08351,noise_s0.02,gigagan,gigagan,1,0.12383385002613068,data\cache\clean\test\gigagan_08351\noise_s0.02.jpg
gigagan_08561,noise_s0.02,gigagan,gigagan,1,0.20766887068748474,data\cache\clean\test\gigagan_08561\noise_s0.02.jpg
gigagan_09026,noise_s0.02,gigagan,gigagan,1,0.012663792818784714,data\cache\clean\test\gigagan_09026\noise_s0.02.jpg
gigagan_09302,noise_s0.02,gigagan,gigagan,1,0.02962406724691391,data\cache\clean\test\gigagan_09302\noise_s0.02.jpg
gigagan_09458,noise_s0.02,gigagan,gigagan,1,0.10698959231376648,data\cache\clean\test\gigagan_09458\noise_s0.02.jpg
gigagan_09663,noise_s0.02,gigagan,gigagan,1,0.4472668468952179,data\cache\clean\test\gigagan_09663\noise_s0.02.jpg
gigagan_10282,noise_s0.02,gigagan,gigagan,1,0.3352077305316925,data\cache\clean\test\gigagan_10282\noise_s0.02.jpg
gigagan_10769,noise_s0.02,gigagan,gigagan,1,0.01612289994955063,data\cache\clean\test\gigagan_10769\noise_s0.02.jpg
gigagan_10914,noise_s0.02,gigagan,gigagan,1,0.0030478783883154392,data\cache\clean\test\gigagan_10914\noise_s0.02.jpg
gigagan_12929,noise_s0.02,gigagan,gigagan,1,0.1382645070552826,data\cache\clean\test\gigagan_12929\noise_s0.02.jpg
gigagan_14071,noise_s0.02,gigagan,gigagan,1,0.00013815102283842862,data\cache\clean\test\gigagan_14071\noise_s0.02.jpg
gigagan_14138,noise_s0.02,gigagan,gigagan,1,0.3642948269844055,data\cache\clean\test\gigagan_14138\noise_s0.02.jpg
gigagan_14858,noise_s0.02,gigagan,gigagan,1,0.3965703547000885,data\cache\clean\test\gigagan_14858\noise_s0.02.jpg
gigagan_14909,noise_s0.02,gigagan,gigagan,1,0.2817729711532593,data\cache\clean\test\gigagan_14909\noise_s0.02.jpg
gigagan_15561,noise_s0.02,gigagan,gigagan,1,0.04216776415705681,data\cache\clean\test\gigagan_15561\noise_s0.02.jpg
gigagan_15694,noise_s0.02,gigagan,gigagan,1,0.2543628513813019,data\cache\clean\test\gigagan_15694\noise_s0.02.jpg
gigagan_16357,noise_s0.02,gigagan,gigagan,1,0.11035460233688354,data\cache\clean\test\gigagan_16357\noise_s0.02.jpg
gigagan_16859,noise_s0.02,gigagan,gigagan,1,0.4785463809967041,data\cache\clean\test\gigagan_16859\noise_s0.02.jpg
gigagan_16966,noise_s0.02,gigagan,gigagan,1,0.19558347761631012,data\cache\clean\test\gigagan_16966\noise_s0.02.jpg
gigagan_17666,noise_s0.02,gigagan,gigagan,1,0.057415928691625595,data\cache\clean\test\gigagan_17666\noise_s0.02.jpg
gigagan_18085,noise_s0.02,gigagan,gigagan,1,0.03443623706698418,data\cache\clean\test\gigagan_18085\noise_s0.02.jpg
gigagan_18143,noise_s0.02,gigagan,gigagan,1,0.33936721086502075,data\cache\clean\test\gigagan_18143\noise_s0.02.jpg
gigagan_19199,noise_s0.02,gigagan,gigagan,1,0.009771673940122128,data\cache\clean\test\gigagan_19199\noise_s0.02.jpg
gigagan_20207,noise_s0.02,gigagan,gigagan,1,0.10589184612035751,data\cache\clean\test\gigagan_20207\noise_s0.02.jpg
gigagan_20327,noise_s0.02,gigagan,gigagan,1,0.00024292554007843137,data\cache\clean\test\gigagan_20327\noise_s0.02.jpg
gigagan_20968,noise_s0.02,gigagan,gigagan,1,0.22453837096691132,data\cache\clean\test\gigagan_20968\noise_s0.02.jpg
gigagan_21116,noise_s0.02,gigagan,gigagan,1,0.13318073749542236,data\cache\clean\test\gigagan_21116\noise_s0.02.jpg
gigagan_21166,noise_s0.02,gigagan,gigagan,1,0.17604981362819672,data\cache\clean\test\gigagan_21166\noise_s0.02.jpg
gigagan_21244,noise_s0.02,gigagan,gigagan,1,0.019240183755755424,data\cache\clean\test\gigagan_21244\noise_s0.02.jpg
gigagan_21611,noise_s0.02,gigagan,gigagan,1,0.049432024359703064,data\cache\clean\test\gigagan_21611\noise_s0.02.jpg
gigagan_22263,noise_s0.02,gigagan,gigagan,1,0.33055418729782104,data\cache\clean\test\gigagan_22263\noise_s0.02.jpg
gigagan_22533,noise_s0.02,gigagan,gigagan,1,0.09695111960172653,data\cache\clean\test\gigagan_22533\noise_s0.02.jpg
gigagan_22770,noise_s0.02,gigagan,gigagan,1,0.0227860938757658,data\cache\clean\test\gigagan_22770\noise_s0.02.jpg
gigagan_23134,noise_s0.02,gigagan,gigagan,1,0.0005836760974489152,data\cache\clean\test\gigagan_23134\noise_s0.02.jpg
gigagan_23834,noise_s0.02,gigagan,gigagan,1,0.061624377965927124,data\cache\clean\test\gigagan_23834\noise_s0.02.jpg
gigagan_24445,noise_s0.02,gigagan,gigagan,1,0.002197416266426444,data\cache\clean\test\gigagan_24445\noise_s0.02.jpg
gigagan_24679,noise_s0.02,gigagan,gigagan,1,0.1676660031080246,data\cache\clean\test\gigagan_24679\noise_s0.02.jpg
gigagan_24726,noise_s0.02,gigagan,gigagan,1,0.36394059658050537,data\cache\clean\test\gigagan_24726\noise_s0.02.jpg
gigagan_25002,noise_s0.02,gigagan,gigagan,1,0.42579177021980286,data\cache\clean\test\gigagan_25002\noise_s0.02.jpg
gigagan_25090,noise_s0.02,gigagan,gigagan,1,0.016315452754497528,data\cache\clean\test\gigagan_25090\noise_s0.02.jpg
gigagan_26067,noise_s0.02,gigagan,gigagan,1,0.06350211054086685,data\cache\clean\test\gigagan_26067\noise_s0.02.jpg
gigagan_26681,noise_s0.02,gigagan,gigagan,1,0.10629873722791672,data\cache\clean\test\gigagan_26681\noise_s0.02.jpg
gigagan_26982,noise_s0.02,gigagan,gigagan,1,0.4944722056388855,data\cache\clean\test\gigagan_26982\noise_s0.02.jpg
gigagan_27121,noise_s0.02,gigagan,gigagan,1,0.1357324868440628,data\cache\clean\test\gigagan_27121\noise_s0.02.jpg
gigagan_28336,noise_s0.02,gigagan,gigagan,1,0.060938071459531784,data\cache\clean\test\gigagan_28336\noise_s0.02.jpg
gigagan_28900,noise_s0.02,gigagan,gigagan,1,0.10964326560497284,data\cache\clean\test\gigagan_28900\noise_s0.02.jpg
gigagan_29456,noise_s0.02,gigagan,gigagan,1,0.07995516061782837,data\cache\clean\test\gigagan_29456\noise_s0.02.jpg
imagen3_045e6da6fd7f6fb0,noise_s0.02,imagen3,imagen3,1,0.0006727559375576675,data\cache\clean\test\imagen3_045e6da6fd7f6fb0\noise_s0.02.jpg
imagen3_07747d6ffd056bee,noise_s0.02,imagen3,imagen3,1,0.469367116689682,data\cache\clean\test\imagen3_07747d6ffd056bee\noise_s0.02.jpg
imagen3_13ed1f9391224848,noise_s0.02,imagen3,imagen3,1,0.04410337656736374,data\cache\clean\test\imagen3_13ed1f9391224848\noise_s0.02.jpg
imagen3_17643da56f35c6f7,noise_s0.02,imagen3,imagen3,1,0.002596745267510414,data\cache\clean\test\imagen3_17643da56f35c6f7\noise_s0.02.jpg
imagen3_17919c9ffd792ad9,noise_s0.02,imagen3,imagen3,1,0.46334704756736755,data\cache\clean\test\imagen3_17919c9ffd792ad9\noise_s0.02.jpg
imagen3_24e64d19ddde11cb,noise_s0.02,imagen3,imagen3,1,0.004008749034255743,data\cache\clean\test\imagen3_24e64d19ddde11cb\noise_s0.02.jpg
imagen3_260ae6b06f1f50e2,noise_s0.02,imagen3,imagen3,1,6.206794932950288e-05,data\cache\clean\test\imagen3_260ae6b06f1f50e2\noise_s0.02.jpg
imagen3_2be4510162a8a76e,noise_s0.02,imagen3,imagen3,1,0.10248608142137527,data\cache\clean\test\imagen3_2be4510162a8a76e\noise_s0.02.jpg
imagen3_3403b18fc93acbfc,noise_s0.02,imagen3,imagen3,1,0.026538807898759842,data\cache\clean\test\imagen3_3403b18fc93acbfc\noise_s0.02.jpg
imagen3_44476,noise_s0.02,imagen3,imagen3,1,0.13978703320026398,data\cache\clean\test\imagen3_44476\noise_s0.02.jpg
imagen3_46922,noise_s0.02,imagen3,imagen3,1,0.1877673715353012,data\cache\clean\test\imagen3_46922\noise_s0.02.jpg
imagen3_473ffc5e3d5dc373,noise_s0.02,imagen3,imagen3,1,0.0007556169293820858,data\cache\clean\test\imagen3_473ffc5e3d5dc373\noise_s0.02.jpg
imagen3_51659,noise_s0.02,imagen3,imagen3,1,0.2927078604698181,data\cache\clean\test\imagen3_51659\noise_s0.02.jpg
imagen3_5e95809bd47d157b,noise_s0.02,imagen3,imagen3,1,0.03180008381605148,data\cache\clean\test\imagen3_5e95809bd47d157b\noise_s0.02.jpg
imagen3_69467160e53f71bc,noise_s0.02,imagen3,imagen3,1,0.27074554562568665,data\cache\clean\test\imagen3_69467160e53f71bc\noise_s0.02.jpg
imagen3_6a8270ea182a9194,noise_s0.02,imagen3,imagen3,1,0.0018251948058605194,data\cache\clean\test\imagen3_6a8270ea182a9194\noise_s0.02.jpg
imagen3_6c7624322b04ce43,noise_s0.02,imagen3,imagen3,1,0.010546164587140083,data\cache\clean\test\imagen3_6c7624322b04ce43\noise_s0.02.jpg
imagen3_77fb2d4f372634f8,noise_s0.02,imagen3,imagen3,1,0.0028493404388427734,data\cache\clean\test\imagen3_77fb2d4f372634f8\noise_s0.02.jpg
imagen3_7ee1485909c59826,noise_s0.02,imagen3,imagen3,1,0.0035238568671047688,data\cache\clean\test\imagen3_7ee1485909c59826\noise_s0.02.jpg
imagen3_8b13dc3bff918841,noise_s0.02,imagen3,imagen3,1,0.07294145226478577,data\cache\clean\test\imagen3_8b13dc3bff918841\noise_s0.02.jpg
imagen3_8c20e4bf83ffff36,noise_s0.02,imagen3,imagen3,1,0.3575439751148224,data\cache\clean\test\imagen3_8c20e4bf83ffff36\noise_s0.02.jpg
imagen3_8e6f8acd28fd8f35,noise_s0.02,imagen3,imagen3,1,0.08477655798196793,data\cache\clean\test\imagen3_8e6f8acd28fd8f35\noise_s0.02.jpg
imagen3_9e82651e214a25c8,noise_s0.02,imagen3,imagen3,1,0.0665004625916481,data\cache\clean\test\imagen3_9e82651e214a25c8\noise_s0.02.jpg
imagen3_aa13646e437b7afa,noise_s0.02,imagen3,imagen3,1,0.010938452556729317,data\cache\clean\test\imagen3_aa13646e437b7afa\noise_s0.02.jpg
imagen3_ad860df8c2a1a848,noise_s0.02,imagen3,imagen3,1,0.01030766312032938,data\cache\clean\test\imagen3_ad860df8c2a1a848\noise_s0.02.jpg
imagen3_b69c9976ced306d1,noise_s0.02,imagen3,imagen3,1,0.03478851914405823,data\cache\clean\test\imagen3_b69c9976ced306d1\noise_s0.02.jpg
imagen3_ca44bb7db1e73a9a,noise_s0.02,imagen3,imagen3,1,0.020449580624699593,data\cache\clean\test\imagen3_ca44bb7db1e73a9a\noise_s0.02.jpg
imagen3_e63f3b6f8bdee43a,noise_s0.02,imagen3,imagen3,1,0.023858817294239998,data\cache\clean\test\imagen3_e63f3b6f8bdee43a\noise_s0.02.jpg
imagen3_ea646e585cc24088,noise_s0.02,imagen3,imagen3,1,0.19834357500076294,data\cache\clean\test\imagen3_ea646e585cc24088\noise_s0.02.jpg
imagen3_eaf94916ce926270,noise_s0.02,imagen3,imagen3,1,0.296080619096756,data\cache\clean\test\imagen3_eaf94916ce926270\noise_s0.02.jpg
imagen3_f2da05bffbe27dab,noise_s0.02,imagen3,imagen3,1,0.3280351459980011,data\cache\clean\test\imagen3_f2da05bffbe27dab\noise_s0.02.jpg
imagen3_Imagen3_1208,noise_s0.02,imagen3,imagen3,1,0.021228132769465446,data\cache\clean\test\imagen3_Imagen3_1208\noise_s0.02.jpg
imagen3_Imagen3_2403,noise_s0.02,imagen3,imagen3,1,0.0024904971942305565,data\cache\clean\test\imagen3_Imagen3_2403\noise_s0.02.jpg
imagen3_Imagen3_3097,noise_s0.02,imagen3,imagen3,1,0.07686254382133484,data\cache\clean\test\imagen3_Imagen3_3097\noise_s0.02.jpg
sidset_full_synthetic_001692,noise_s0.02,sidset,full_synthetic,1,0.00020555435912683606,data\cache\clean\test\sidset_full_synthetic_001692\noise_s0.02.jpg
sidset_full_synthetic_005710,noise_s0.02,sidset,full_synthetic,1,0.3582684099674225,data\cache\clean\test\sidset_full_synthetic_005710\noise_s0.02.jpg
sidset_full_synthetic_028747,noise_s0.02,sidset,full_synthetic,1,0.4587353467941284,data\cache\clean\test\sidset_full_synthetic_028747\noise_s0.02.jpg
sidset_full_synthetic_033528,noise_s0.02,sidset,full_synthetic,1,0.0038591744378209114,data\cache\clean\test\sidset_full_synthetic_033528\noise_s0.02.jpg
sidset_full_synthetic_033729,noise_s0.02,sidset,full_synthetic,1,0.13172732293605804,data\cache\clean\test\sidset_full_synthetic_033729\noise_s0.02.jpg
sidset_full_synthetic_040891,noise_s0.02,sidset,full_synthetic,1,0.044518619775772095,data\cache\clean\test\sidset_full_synthetic_040891\noise_s0.02.jpg
sidset_full_synthetic_042089,noise_s0.02,sidset,full_synthetic,1,0.02340255118906498,data\cache\clean\test\sidset_full_synthetic_042089\noise_s0.02.jpg
sidset_full_synthetic_048809,noise_s0.02,sidset,full_synthetic,1,0.1582554429769516,data\cache\clean\test\sidset_full_synthetic_048809\noise_s0.02.jpg
sidset_full_synthetic_049538,noise_s0.02,sidset,full_synthetic,1,0.22380506992340088,data\cache\clean\test\sidset_full_synthetic_049538\noise_s0.02.jpg
sidset_full_synthetic_060524,noise_s0.02,sidset,full_synthetic,1,0.00921341311186552,data\cache\clean\test\sidset_full_synthetic_060524\noise_s0.02.jpg
sidset_full_synthetic_063062,noise_s0.02,sidset,full_synthetic,1,0.012033790349960327,data\cache\clean\test\sidset_full_synthetic_063062\noise_s0.02.jpg
sidset_full_synthetic_066065,noise_s0.02,sidset,full_synthetic,1,0.35148265957832336,data\cache\clean\test\sidset_full_synthetic_066065\noise_s0.02.jpg
stylegan_xl_0097a2e24789bc7a,noise_s0.02,stylegan_xl,stylegan_xl,1,0.011520544067025185,data\cache\clean\test\stylegan_xl_0097a2e24789bc7a\noise_s0.02.jpg
stylegan_xl_00a4591cf03df584,noise_s0.02,stylegan_xl,stylegan_xl,1,0.005521307699382305,data\cache\clean\test\stylegan_xl_00a4591cf03df584\noise_s0.02.jpg
stylegan_xl_031391f1ab18ab62,noise_s0.02,stylegan_xl,stylegan_xl,1,0.11364526301622391,data\cache\clean\test\stylegan_xl_031391f1ab18ab62\noise_s0.02.jpg
stylegan_xl_0f7efa4c31bcd8f4,noise_s0.02,stylegan_xl,stylegan_xl,1,0.004497903864830732,data\cache\clean\test\stylegan_xl_0f7efa4c31bcd8f4\noise_s0.02.jpg
stylegan_xl_1060d58257bc5130,noise_s0.02,stylegan_xl,stylegan_xl,1,0.0004621271218638867,data\cache\clean\test\stylegan_xl_1060d58257bc5130\noise_s0.02.jpg
stylegan_xl_2013fe0d44f84041,noise_s0.02,stylegan_xl,stylegan_xl,1,1.5154520042415243e-05,data\cache\clean\test\stylegan_xl_2013fe0d44f84041\noise_s0.02.jpg
stylegan_xl_324e332686aa6966,noise_s0.02,stylegan_xl,stylegan_xl,1,0.20257312059402466,data\cache\clean\test\stylegan_xl_324e332686aa6966\noise_s0.02.jpg
stylegan_xl_3621cf0be1fc8d68,noise_s0.02,stylegan_xl,stylegan_xl,1,0.19003379344940186,data\cache\clean\test\stylegan_xl_3621cf0be1fc8d68\noise_s0.02.jpg
stylegan_xl_38c489e3b0d8c700,noise_s0.02,stylegan_xl,stylegan_xl,1,0.02469266951084137,data\cache\clean\test\stylegan_xl_38c489e3b0d8c700\noise_s0.02.jpg
stylegan_xl_3b5e18f8fc06450d,noise_s0.02,stylegan_xl,stylegan_xl,1,0.006218886934220791,data\cache\clean\test\stylegan_xl_3b5e18f8fc06450d\noise_s0.02.jpg
stylegan_xl_45081,noise_s0.02,stylegan_xl,stylegan_xl,1,0.020143697038292885,data\cache\clean\test\stylegan_xl_45081\noise_s0.02.jpg
stylegan_xl_47014,noise_s0.02,stylegan_xl,stylegan_xl,1,0.12684133648872375,data\cache\clean\test\stylegan_xl_47014\noise_s0.02.jpg
stylegan_xl_47343,noise_s0.02,stylegan_xl,stylegan_xl,1,0.004427465610206127,data\cache\clean\test\stylegan_xl_47343\noise_s0.02.jpg
stylegan_xl_48611,noise_s0.02,stylegan_xl,stylegan_xl,1,0.023025844246149063,data\cache\clean\test\stylegan_xl_48611\noise_s0.02.jpg
stylegan_xl_4f991f9638e28675,noise_s0.02,stylegan_xl,stylegan_xl,1,0.48373526334762573,data\cache\clean\test\stylegan_xl_4f991f9638e28675\noise_s0.02.jpg
stylegan_xl_50731,noise_s0.02,stylegan_xl,stylegan_xl,1,0.01948384940624237,data\cache\clean\test\stylegan_xl_50731\noise_s0.02.jpg
stylegan_xl_60ed9d3511d333bf,noise_s0.02,stylegan_xl,stylegan_xl,1,0.011938043870031834,data\cache\clean\test\stylegan_xl_60ed9d3511d333bf\noise_s0.02.jpg
stylegan_xl_729fee52c5b7f95b,noise_s0.02,stylegan_xl,stylegan_xl,1,0.03678625077009201,data\cache\clean\test\stylegan_xl_729fee52c5b7f95b\noise_s0.02.jpg
stylegan_xl_7d433e90bcd7bd53,noise_s0.02,stylegan_xl,stylegan_xl,1,0.0011381946969777346,data\cache\clean\test\stylegan_xl_7d433e90bcd7bd53\noise_s0.02.jpg
stylegan_xl_7ffebe6032f8209f,noise_s0.02,stylegan_xl,stylegan_xl,1,0.007862946018576622,data\cache\clean\test\stylegan_xl_7ffebe6032f8209f\noise_s0.02.jpg
stylegan_xl_80fc8be6e7c11eb3,noise_s0.02,stylegan_xl,stylegan_xl,1,0.0025544636882841587,data\cache\clean\test\stylegan_xl_80fc8be6e7c11eb3\noise_s0.02.jpg
stylegan_xl_8461b1ae87c22c20,noise_s0.02,stylegan_xl,stylegan_xl,1,0.3207402527332306,data\cache\clean\test\stylegan_xl_8461b1ae87c22c20\noise_s0.02.jpg
stylegan_xl_8f9dfd75dde8914f,noise_s0.02,stylegan_xl,stylegan_xl,1,0.045379023998975754,data\cache\clean\test\stylegan_xl_8f9dfd75dde8914f\noise_s0.02.jpg
stylegan_xl_a1ed16fffc5ecb68,noise_s0.02,stylegan_xl,stylegan_xl,1,0.04508497938513756,data\cache\clean\test\stylegan_xl_a1ed16fffc5ecb68\noise_s0.02.jpg
stylegan_xl_a72f3ace10a8f550,noise_s0.02,stylegan_xl,stylegan_xl,1,0.0069776251912117004,data\cache\clean\test\stylegan_xl_a72f3ace10a8f550\noise_s0.02.jpg
stylegan_xl_b6abe358484b287a,noise_s0.02,stylegan_xl,stylegan_xl,1,0.00837581418454647,data\cache\clean\test\stylegan_xl_b6abe358484b287a\noise_s0.02.jpg
stylegan_xl_bd69757ff485d03e,noise_s0.02,stylegan_xl,stylegan_xl,1,0.09769213944673538,data\cache\clean\test\stylegan_xl_bd69757ff485d03e\noise_s0.02.jpg
stylegan_xl_cccbc1d57a7e095e,noise_s0.02,stylegan_xl,stylegan_xl,1,0.11943678557872772,data\cache\clean\test\stylegan_xl_cccbc1d57a7e095e\noise_s0.02.jpg
stylegan_xl_cf9c332a1ebfb587,noise_s0.02,stylegan_xl,stylegan_xl,1,0.004314653109759092,data\cache\clean\test\stylegan_xl_cf9c332a1ebfb587\noise_s0.02.jpg
stylegan_xl_d7c4ece8c8a01de0,noise_s0.02,stylegan_xl,stylegan_xl,1,0.054179590195417404,data\cache\clean\test\stylegan_xl_d7c4ece8c8a01de0\noise_s0.02.jpg
stylegan_xl_e4b8e7ef72cabaf2,noise_s0.02,stylegan_xl,stylegan_xl,1,0.06534797698259354,data\cache\clean\test\stylegan_xl_e4b8e7ef72cabaf2\noise_s0.02.jpg
stylegan_xl_f4a503e24265a7e1,noise_s0.02,stylegan_xl,stylegan_xl,1,0.4864613711833954,data\cache\clean\test\stylegan_xl_f4a503e24265a7e1\noise_s0.02.jpg
stylegan_xl_fef6a66b8deaa7ab,noise_s0.02,stylegan_xl,stylegan_xl,1,0.0004892546567134559,data\cache\clean\test\stylegan_xl_fef6a66b8deaa7ab\noise_s0.02.jpg
cifake_1028 (10),noise_s0.05,cifake,stable_diffusion,1,0.05332320183515549,data\cache\clean\test\cifake_1028 (10)\noise_s0.05.jpg
cifake_1088 (3),noise_s0.05,cifake,stable_diffusion,1,0.1449432671070099,data\cache\clean\test\cifake_1088 (3)\noise_s0.05.jpg
cifake_1710 (5),noise_s0.05,cifake,stable_diffusion,1,0.2625753581523895,data\cache\clean\test\cifake_1710 (5)\noise_s0.05.jpg
cifake_3239 (3),noise_s0.05,cifake,stable_diffusion,1,0.39734840393066406,data\cache\clean\test\cifake_3239 (3)\noise_s0.05.jpg
cifake_4074 (3),noise_s0.05,cifake,stable_diffusion,1,0.412840873003006,data\cache\clean\test\cifake_4074 (3)\noise_s0.05.jpg
cifake_4221 (2),noise_s0.05,cifake,stable_diffusion,1,0.13529449701309204,data\cache\clean\test\cifake_4221 (2)\noise_s0.05.jpg
cifake_5006 (3),noise_s0.05,cifake,stable_diffusion,1,0.2937728464603424,data\cache\clean\test\cifake_5006 (3)\noise_s0.05.jpg
cifake_5221 (3),noise_s0.05,cifake,stable_diffusion,1,0.3518178462982178,data\cache\clean\test\cifake_5221 (3)\noise_s0.05.jpg
cifake_5607 (3),noise_s0.05,cifake,stable_diffusion,1,0.35479679703712463,data\cache\clean\test\cifake_5607 (3)\noise_s0.05.jpg
cifake_5943 (10),noise_s0.05,cifake,stable_diffusion,1,0.032369256019592285,data\cache\clean\test\cifake_5943 (10)\noise_s0.05.jpg
cifake_771 (8),noise_s0.05,cifake,stable_diffusion,1,0.07241296768188477,data\cache\clean\test\cifake_771 (8)\noise_s0.05.jpg
dalle_11338,noise_s0.05,dalle,dalle,1,0.36425748467445374,data\cache\clean\test\dalle_11338\noise_s0.05.jpg
dalle_12052,noise_s0.05,dalle,dalle,1,0.00010596779611660168,data\cache\clean\test\dalle_12052\noise_s0.05.jpg
dalle_1324,noise_s0.05,dalle,dalle,1,0.47359398007392883,data\cache\clean\test\dalle_1324\noise_s0.05.jpg
dalle_13895,noise_s0.05,dalle,dalle,1,0.08113066107034683,data\cache\clean\test\dalle_13895\noise_s0.05.jpg
dalle_17254,noise_s0.05,dalle,dalle,1,0.2123279869556427,data\cache\clean\test\dalle_17254\noise_s0.05.jpg
dalle_18943,noise_s0.05,dalle,dalle,1,0.36609625816345215,data\cache\clean\test\dalle_18943\noise_s0.05.jpg
dalle_1895b86b74caac5dad51022c3d3b33df,noise_s0.05,dalle,dalle,1,0.0031924466602504253,data\cache\clean\test\dalle_1895b86b74caac5dad51022c3d3b33df\noise_s0.05.jpg
dalle_19590,noise_s0.05,dalle,dalle,1,0.03063618764281273,data\cache\clean\test\dalle_19590\noise_s0.05.jpg
dalle_20855,noise_s0.05,dalle,dalle,1,0.10276538133621216,data\cache\clean\test\dalle_20855\noise_s0.05.jpg
dalle_25150,noise_s0.05,dalle,dalle,1,0.2942871153354645,data\cache\clean\test\dalle_25150\noise_s0.05.jpg
dalle_29480,noise_s0.05,dalle,dalle,1,0.11568867415189743,data\cache\clean\test\dalle_29480\noise_s0.05.jpg
dalle_29659,noise_s0.05,dalle,dalle,1,0.17232604324817657,data\cache\clean\test\dalle_29659\noise_s0.05.jpg
dalle_33159,noise_s0.05,dalle,dalle,1,0.34341734647750854,data\cache\clean\test\dalle_33159\noise_s0.05.jpg
dalle_33250,noise_s0.05,dalle,dalle,1,0.2913194000720978,data\cache\clean\test\dalle_33250\noise_s0.05.jpg
dalle_3469,noise_s0.05,dalle,dalle,1,0.4392496943473816,data\cache\clean\test\dalle_3469\noise_s0.05.jpg
dalle_35493,noise_s0.05,dalle,dalle,1,0.10846530646085739,data\cache\clean\test\dalle_35493\noise_s0.05.jpg
dalle_35682,noise_s0.05,dalle,dalle,1,0.33895567059516907,data\cache\clean\test\dalle_35682\noise_s0.05.jpg
dalle_39236,noise_s0.05,dalle,dalle,1,0.43066170811653137,data\cache\clean\test\dalle_39236\noise_s0.05.jpg
dalle_40387,noise_s0.05,dalle,dalle,1,0.1367887258529663,data\cache\clean\test\dalle_40387\noise_s0.05.jpg
dalle_41791,noise_s0.05,dalle,dalle,1,0.0018260021461173892,data\cache\clean\test\dalle_41791\noise_s0.05.jpg
dalle_42344,noise_s0.05,dalle,dalle,1,0.030991999432444572,data\cache\clean\test\dalle_42344\noise_s0.05.jpg
dalle_5781,noise_s0.05,dalle,dalle,1,0.3240479826927185,data\cache\clean\test\dalle_5781\noise_s0.05.jpg
dalle_6481,noise_s0.05,dalle,dalle,1,0.07946807146072388,data\cache\clean\test\dalle_6481\noise_s0.05.jpg
dalle_6f0f61883f111368d770c54801f33449,noise_s0.05,dalle,dalle,1,0.00473172077909112,data\cache\clean\test\dalle_6f0f61883f111368d770c54801f33449\noise_s0.05.jpg
dalle_8017,noise_s0.05,dalle,dalle,1,0.00012736239295918494,data\cache\clean\test\dalle_8017\noise_s0.05.jpg
dalle_9068,noise_s0.05,dalle,dalle,1,0.08770715445280075,data\cache\clean\test\dalle_9068\noise_s0.05.jpg
dalle_94051e3a0f0d105850a5990e8bdc5785,noise_s0.05,dalle,dalle,1,0.4975041151046753,data\cache\clean\test\dalle_94051e3a0f0d105850a5990e8bdc5785\noise_s0.05.jpg
dalle_9639,noise_s0.05,dalle,dalle,1,0.09583965688943863,data\cache\clean\test\dalle_9639\noise_s0.05.jpg
gigagan_02234,noise_s0.05,gigagan,gigagan,1,0.230784073472023,data\cache\clean\test\gigagan_02234\noise_s0.05.jpg
gigagan_03422,noise_s0.05,gigagan,gigagan,1,0.27594226598739624,data\cache\clean\test\gigagan_03422\noise_s0.05.jpg
gigagan_05250,noise_s0.05,gigagan,gigagan,1,0.2813149392604828,data\cache\clean\test\gigagan_05250\noise_s0.05.jpg
gigagan_05645,noise_s0.05,gigagan,gigagan,1,0.4681393504142761,data\cache\clean\test\gigagan_05645\noise_s0.05.jpg
gigagan_05738,noise_s0.05,gigagan,gigagan,1,0.05446517840027809,data\cache\clean\test\gigagan_05738\noise_s0.05.jpg
gigagan_06526,noise_s0.05,gigagan,gigagan,1,0.360843688249588,data\cache\clean\test\gigagan_06526\noise_s0.05.jpg
gigagan_06628,noise_s0.05,gigagan,gigagan,1,0.06091174855828285,data\cache\clean\test\gigagan_06628\noise_s0.05.jpg
gigagan_07242,noise_s0.05,gigagan,gigagan,1,0.16328097879886627,data\cache\clean\test\gigagan_07242\noise_s0.05.jpg
gigagan_07909,noise_s0.05,gigagan,gigagan,1,0.08678633719682693,data\cache\clean\test\gigagan_07909\noise_s0.05.jpg
gigagan_07986,noise_s0.05,gigagan,gigagan,1,0.3194787800312042,data\cache\clean\test\gigagan_07986\noise_s0.05.jpg
gigagan_08351,noise_s0.05,gigagan,gigagan,1,0.08878219127655029,data\cache\clean\test\gigagan_08351\noise_s0.05.jpg
gigagan_08561,noise_s0.05,gigagan,gigagan,1,0.3792419731616974,data\cache\clean\test\gigagan_08561\noise_s0.05.jpg
gigagan_09026,noise_s0.05,gigagan,gigagan,1,0.024514425545930862,data\cache\clean\test\gigagan_09026\noise_s0.05.jpg
gigagan_09302,noise_s0.05,gigagan,gigagan,1,0.03243165463209152,data\cache\clean\test\gigagan_09302\noise_s0.05.jpg
gigagan_09458,noise_s0.05,gigagan,gigagan,1,0.20228412747383118,data\cache\clean\test\gigagan_09458\noise_s0.05.jpg
gigagan_10282,noise_s0.05,gigagan,gigagan,1,0.05925804004073143,data\cache\clean\test\gigagan_10282\noise_s0.05.jpg
gigagan_10769,noise_s0.05,gigagan,gigagan,1,0.011943906545639038,data\cache\clean\test\gigagan_10769\noise_s0.05.jpg
gigagan_10914,noise_s0.05,gigagan,gigagan,1,0.0009221783839166164,data\cache\clean\test\gigagan_10914\noise_s0.05.jpg
gigagan_14071,noise_s0.05,gigagan,gigagan,1,0.0002399162040092051,data\cache\clean\test\gigagan_14071\noise_s0.05.jpg
gigagan_14858,noise_s0.05,gigagan,gigagan,1,0.032217808067798615,data\cache\clean\test\gigagan_14858\noise_s0.05.jpg
gigagan_15355,noise_s0.05,gigagan,gigagan,1,0.10479635745286942,data\cache\clean\test\gigagan_15355\noise_s0.05.jpg
gigagan_15454,noise_s0.05,gigagan,gigagan,1,0.08691737800836563,data\cache\clean\test\gigagan_15454\noise_s0.05.jpg
gigagan_15561,noise_s0.05,gigagan,gigagan,1,0.24325455725193024,data\cache\clean\test\gigagan_15561\noise_s0.05.jpg
gigagan_15694,noise_s0.05,gigagan,gigagan,1,0.1563115417957306,data\cache\clean\test\gigagan_15694\noise_s0.05.jpg
gigagan_16357,noise_s0.05,gigagan,gigagan,1,0.06407828629016876,data\cache\clean\test\gigagan_16357\noise_s0.05.jpg
gigagan_16702,noise_s0.05,gigagan,gigagan,1,0.30184197425842285,data\cache\clean\test\gigagan_16702\noise_s0.05.jpg
gigagan_16966,noise_s0.05,gigagan,gigagan,1,0.006592144258320332,data\cache\clean\test\gigagan_16966\noise_s0.05.jpg
gigagan_17666,noise_s0.05,gigagan,gigagan,1,0.25216352939605713,data\cache\clean\test\gigagan_17666\noise_s0.05.jpg
gigagan_18085,noise_s0.05,gigagan,gigagan,1,0.07632509618997574,data\cache\clean\test\gigagan_18085\noise_s0.05.jpg
gigagan_19199,noise_s0.05,gigagan,gigagan,1,0.00882233027368784,data\cache\clean\test\gigagan_19199\noise_s0.05.jpg
gigagan_19248,noise_s0.05,gigagan,gigagan,1,0.26909339427948,data\cache\clean\test\gigagan_19248\noise_s0.05.jpg
gigagan_19458,noise_s0.05,gigagan,gigagan,1,0.42872217297554016,data\cache\clean\test\gigagan_19458\noise_s0.05.jpg
gigagan_19654,noise_s0.05,gigagan,gigagan,1,0.3679956793785095,data\cache\clean\test\gigagan_19654\noise_s0.05.jpg
gigagan_20207,noise_s0.05,gigagan,gigagan,1,0.22148877382278442,data\cache\clean\test\gigagan_20207\noise_s0.05.jpg
gigagan_20327,noise_s0.05,gigagan,gigagan,1,0.0010143255349248648,data\cache\clean\test\gigagan_20327\noise_s0.05.jpg
gigagan_20756,noise_s0.05,gigagan,gigagan,1,0.3252217173576355,data\cache\clean\test\gigagan_20756\noise_s0.05.jpg
gigagan_20968,noise_s0.05,gigagan,gigagan,1,0.2705766260623932,data\cache\clean\test\gigagan_20968\noise_s0.05.jpg
gigagan_21116,noise_s0.05,gigagan,gigagan,1,0.10772823542356491,data\cache\clean\test\gigagan_21116\noise_s0.05.jpg
gigagan_21166,noise_s0.05,gigagan,gigagan,1,0.3921965956687927,data\cache\clean\test\gigagan_21166\noise_s0.05.jpg
gigagan_21244,noise_s0.05,gigagan,gigagan,1,0.009202676825225353,data\cache\clean\test\gigagan_21244\noise_s0.05.jpg
gigagan_21611,noise_s0.05,gigagan,gigagan,1,0.02677971124649048,data\cache\clean\test\gigagan_21611\noise_s0.05.jpg
gigagan_22263,noise_s0.05,gigagan,gigagan,1,0.10418672859668732,data\cache\clean\test\gigagan_22263\noise_s0.05.jpg
gigagan_22533,noise_s0.05,gigagan,gigagan,1,0.2692265808582306,data\cache\clean\test\gigagan_22533\noise_s0.05.jpg
gigagan_22770,noise_s0.05,gigagan,gigagan,1,0.04874521121382713,data\cache\clean\test\gigagan_22770\noise_s0.05.jpg
gigagan_23134,noise_s0.05,gigagan,gigagan,1,0.001588292419910431,data\cache\clean\test\gigagan_23134\noise_s0.05.jpg
gigagan_23834,noise_s0.05,gigagan,gigagan,1,0.03214132785797119,data\cache\clean\test\gigagan_23834\noise_s0.05.jpg
gigagan_24445,noise_s0.05,gigagan,gigagan,1,0.018715443089604378,data\cache\clean\test\gigagan_24445\noise_s0.05.jpg
gigagan_24679,noise_s0.05,gigagan,gigagan,1,0.2241544872522354,data\cache\clean\test\gigagan_24679\noise_s0.05.jpg
gigagan_24726,noise_s0.05,gigagan,gigagan,1,0.03308882191777229,data\cache\clean\test\gigagan_24726\noise_s0.05.jpg
gigagan_25002,noise_s0.05,gigagan,gigagan,1,0.2100355476140976,data\cache\clean\test\gigagan_25002\noise_s0.05.jpg
gigagan_25090,noise_s0.05,gigagan,gigagan,1,0.12467371672391891,data\cache\clean\test\gigagan_25090\noise_s0.05.jpg
gigagan_25761,noise_s0.05,gigagan,gigagan,1,0.2732629179954529,data\cache\clean\test\gigagan_25761\noise_s0.05.jpg
gigagan_26067,noise_s0.05,gigagan,gigagan,1,0.20989319682121277,data\cache\clean\test\gigagan_26067\noise_s0.05.jpg
gigagan_26681,noise_s0.05,gigagan,gigagan,1,0.12366089224815369,data\cache\clean\test\gigagan_26681\noise_s0.05.jpg
gigagan_27121,noise_s0.05,gigagan,gigagan,1,0.2201634794473648,data\cache\clean\test\gigagan_27121\noise_s0.05.jpg
gigagan_27589,noise_s0.05,gigagan,gigagan,1,0.2681849002838135,data\cache\clean\test\gigagan_27589\noise_s0.05.jpg
gigagan_28062,noise_s0.05,gigagan,gigagan,1,0.47079962491989136,data\cache\clean\test\gigagan_28062\noise_s0.05.jpg
gigagan_28336,noise_s0.05,gigagan,gigagan,1,0.042241957038640976,data\cache\clean\test\gigagan_28336\noise_s0.05.jpg
gigagan_28900,noise_s0.05,gigagan,gigagan,1,0.1464979648590088,data\cache\clean\test\gigagan_28900\noise_s0.05.jpg
gigagan_29456,noise_s0.05,gigagan,gigagan,1,0.20727331936359406,data\cache\clean\test\gigagan_29456\noise_s0.05.jpg
imagen3_045e6da6fd7f6fb0,noise_s0.05,imagen3,imagen3,1,0.000926673470530659,data\cache\clean\test\imagen3_045e6da6fd7f6fb0\noise_s0.05.jpg
imagen3_07747d6ffd056bee,noise_s0.05,imagen3,imagen3,1,0.26999521255493164,data\cache\clean\test\imagen3_07747d6ffd056bee\noise_s0.05.jpg
imagen3_13ed1f9391224848,noise_s0.05,imagen3,imagen3,1,0.07494286447763443,data\cache\clean\test\imagen3_13ed1f9391224848\noise_s0.05.jpg
imagen3_17643da56f35c6f7,noise_s0.05,imagen3,imagen3,1,0.006776089314371347,data\cache\clean\test\imagen3_17643da56f35c6f7\noise_s0.05.jpg
imagen3_17919c9ffd792ad9,noise_s0.05,imagen3,imagen3,1,0.4981549084186554,data\cache\clean\test\imagen3_17919c9ffd792ad9\noise_s0.05.jpg
imagen3_24e64d19ddde11cb,noise_s0.05,imagen3,imagen3,1,0.00487169437110424,data\cache\clean\test\imagen3_24e64d19ddde11cb\noise_s0.05.jpg
imagen3_260ae6b06f1f50e2,noise_s0.05,imagen3,imagen3,1,6.909007061040029e-05,data\cache\clean\test\imagen3_260ae6b06f1f50e2\noise_s0.05.jpg
imagen3_3403b18fc93acbfc,noise_s0.05,imagen3,imagen3,1,0.04633317142724991,data\cache\clean\test\imagen3_3403b18fc93acbfc\noise_s0.05.jpg
imagen3_43208,noise_s0.05,imagen3,imagen3,1,0.382649689912796,data\cache\clean\test\imagen3_43208\noise_s0.05.jpg
imagen3_44476,noise_s0.05,imagen3,imagen3,1,0.021647145971655846,data\cache\clean\test\imagen3_44476\noise_s0.05.jpg
imagen3_46922,noise_s0.05,imagen3,imagen3,1,0.4903053045272827,data\cache\clean\test\imagen3_46922\noise_s0.05.jpg
imagen3_473ffc5e3d5dc373,noise_s0.05,imagen3,imagen3,1,0.01599395088851452,data\cache\clean\test\imagen3_473ffc5e3d5dc373\noise_s0.05.jpg
imagen3_519f5c348fe55fcd,noise_s0.05,imagen3,imagen3,1,0.20352783799171448,data\cache\clean\test\imagen3_519f5c348fe55fcd\noise_s0.05.jpg
imagen3_5e95809bd47d157b,noise_s0.05,imagen3,imagen3,1,0.028999682515859604,data\cache\clean\test\imagen3_5e95809bd47d157b\noise_s0.05.jpg
imagen3_69467160e53f71bc,noise_s0.05,imagen3,imagen3,1,0.15693244338035583,data\cache\clean\test\imagen3_69467160e53f71bc\noise_s0.05.jpg
imagen3_6a8270ea182a9194,noise_s0.05,imagen3,imagen3,1,0.001956488937139511,data\cache\clean\test\imagen3_6a8270ea182a9194\noise_s0.05.jpg
imagen3_6c7624322b04ce43,noise_s0.05,imagen3,imagen3,1,0.027049297466874123,data\cache\clean\test\imagen3_6c7624322b04ce43\noise_s0.05.jpg
imagen3_77fb2d4f372634f8,noise_s0.05,imagen3,imagen3,1,0.0017903032712638378,data\cache\clean\test\imagen3_77fb2d4f372634f8\noise_s0.05.jpg
imagen3_7ee1485909c59826,noise_s0.05,imagen3,imagen3,1,0.0022824611514806747,data\cache\clean\test\imagen3_7ee1485909c59826\noise_s0.05.jpg
imagen3_8b13dc3bff918841,noise_s0.05,imagen3,imagen3,1,0.05121804028749466,data\cache\clean\test\imagen3_8b13dc3bff918841\noise_s0.05.jpg
imagen3_8e6f8acd28fd8f35,noise_s0.05,imagen3,imagen3,1,0.11895705759525299,data\cache\clean\test\imagen3_8e6f8acd28fd8f35\noise_s0.05.jpg
imagen3_9e82651e214a25c8,noise_s0.05,imagen3,imagen3,1,0.16938632726669312,data\cache\clean\test\imagen3_9e82651e214a25c8\noise_s0.05.jpg
imagen3_a90890e19b242beb,noise_s0.05,imagen3,imagen3,1,0.14023736119270325,data\cache\clean\test\imagen3_a90890e19b242beb\noise_s0.05.jpg
imagen3_aa13646e437b7afa,noise_s0.05,imagen3,imagen3,1,0.03278276324272156,data\cache\clean\test\imagen3_aa13646e437b7afa\noise_s0.05.jpg
imagen3_ad860df8c2a1a848,noise_s0.05,imagen3,imagen3,1,0.3030690550804138,data\cache\clean\test\imagen3_ad860df8c2a1a848\noise_s0.05.jpg
imagen3_b69c9976ced306d1,noise_s0.05,imagen3,imagen3,1,0.01856077089905739,data\cache\clean\test\imagen3_b69c9976ced306d1\noise_s0.05.jpg
imagen3_ca44bb7db1e73a9a,noise_s0.05,imagen3,imagen3,1,0.02595631405711174,data\cache\clean\test\imagen3_ca44bb7db1e73a9a\noise_s0.05.jpg
imagen3_e63f3b6f8bdee43a,noise_s0.05,imagen3,imagen3,1,0.017335807904601097,data\cache\clean\test\imagen3_e63f3b6f8bdee43a\noise_s0.05.jpg
imagen3_f2da05bffbe27dab,noise_s0.05,imagen3,imagen3,1,0.2716427147388458,data\cache\clean\test\imagen3_f2da05bffbe27dab\noise_s0.05.jpg
imagen3_Imagen3_1208,noise_s0.05,imagen3,imagen3,1,0.00590292364358902,data\cache\clean\test\imagen3_Imagen3_1208\noise_s0.05.jpg
imagen3_Imagen3_2403,noise_s0.05,imagen3,imagen3,1,0.010104047134518623,data\cache\clean\test\imagen3_Imagen3_2403\noise_s0.05.jpg
sidset_full_synthetic_001692,noise_s0.05,sidset,full_synthetic,1,0.0006082222680561244,data\cache\clean\test\sidset_full_synthetic_001692\noise_s0.05.jpg
sidset_full_synthetic_033528,noise_s0.05,sidset,full_synthetic,1,0.022753577679395676,data\cache\clean\test\sidset_full_synthetic_033528\noise_s0.05.jpg
sidset_full_synthetic_033729,noise_s0.05,sidset,full_synthetic,1,0.08724972605705261,data\cache\clean\test\sidset_full_synthetic_033729\noise_s0.05.jpg
sidset_full_synthetic_040891,noise_s0.05,sidset,full_synthetic,1,0.009943556040525436,data\cache\clean\test\sidset_full_synthetic_040891\noise_s0.05.jpg
sidset_full_synthetic_042089,noise_s0.05,sidset,full_synthetic,1,0.008844724856317043,data\cache\clean\test\sidset_full_synthetic_042089\noise_s0.05.jpg
sidset_full_synthetic_048809,noise_s0.05,sidset,full_synthetic,1,0.31588640809059143,data\cache\clean\test\sidset_full_synthetic_048809\noise_s0.05.jpg
sidset_full_synthetic_060524,noise_s0.05,sidset,full_synthetic,1,0.0048876479268074036,data\cache\clean\test\sidset_full_synthetic_060524\noise_s0.05.jpg
sidset_full_synthetic_063062,noise_s0.05,sidset,full_synthetic,1,0.014192700386047363,data\cache\clean\test\sidset_full_synthetic_063062\noise_s0.05.jpg
stylegan_xl_0097a2e24789bc7a,noise_s0.05,stylegan_xl,stylegan_xl,1,0.012997958809137344,data\cache\clean\test\stylegan_xl_0097a2e24789bc7a\noise_s0.05.jpg
stylegan_xl_00a4591cf03df584,noise_s0.05,stylegan_xl,stylegan_xl,1,0.002650427632033825,data\cache\clean\test\stylegan_xl_00a4591cf03df584\noise_s0.05.jpg
stylegan_xl_031391f1ab18ab62,noise_s0.05,stylegan_xl,stylegan_xl,1,0.31196630001068115,data\cache\clean\test\stylegan_xl_031391f1ab18ab62\noise_s0.05.jpg
stylegan_xl_0f7efa4c31bcd8f4,noise_s0.05,stylegan_xl,stylegan_xl,1,0.0035427254624664783,data\cache\clean\test\stylegan_xl_0f7efa4c31bcd8f4\noise_s0.05.jpg
stylegan_xl_1060d58257bc5130,noise_s0.05,stylegan_xl,stylegan_xl,1,0.001556158298626542,data\cache\clean\test\stylegan_xl_1060d58257bc5130\noise_s0.05.jpg
stylegan_xl_2013fe0d44f84041,noise_s0.05,stylegan_xl,stylegan_xl,1,7.906820428615902e-06,data\cache\clean\test\stylegan_xl_2013fe0d44f84041\noise_s0.05.jpg
stylegan_xl_324e332686aa6966,noise_s0.05,stylegan_xl,stylegan_xl,1,0.45238423347473145,data\cache\clean\test\stylegan_xl_324e332686aa6966\noise_s0.05.jpg
stylegan_xl_3621cf0be1fc8d68,noise_s0.05,stylegan_xl,stylegan_xl,1,0.2761004865169525,data\cache\clean\test\stylegan_xl_3621cf0be1fc8d68\noise_s0.05.jpg
stylegan_xl_38c489e3b0d8c700,noise_s0.05,stylegan_xl,stylegan_xl,1,0.06645890325307846,data\cache\clean\test\stylegan_xl_38c489e3b0d8c700\noise_s0.05.jpg
stylegan_xl_3b5e18f8fc06450d,noise_s0.05,stylegan_xl,stylegan_xl,1,0.0016991161974146962,data\cache\clean\test\stylegan_xl_3b5e18f8fc06450d\noise_s0.05.jpg
stylegan_xl_45081,noise_s0.05,stylegan_xl,stylegan_xl,1,0.214249387383461,data\cache\clean\test\stylegan_xl_45081\noise_s0.05.jpg
stylegan_xl_47014,noise_s0.05,stylegan_xl,stylegan_xl,1,0.1794952154159546,data\cache\clean\test\stylegan_xl_47014\noise_s0.05.jpg
stylegan_xl_47343,noise_s0.05,stylegan_xl,stylegan_xl,1,0.04619954153895378,data\cache\clean\test\stylegan_xl_47343\noise_s0.05.jpg
stylegan_xl_48611,noise_s0.05,stylegan_xl,stylegan_xl,1,0.07122009992599487,data\cache\clean\test\stylegan_xl_48611\noise_s0.05.jpg
stylegan_xl_50731,noise_s0.05,stylegan_xl,stylegan_xl,1,0.27988943457603455,data\cache\clean\test\stylegan_xl_50731\noise_s0.05.jpg
stylegan_xl_60ed9d3511d333bf,noise_s0.05,stylegan_xl,stylegan_xl,1,0.016080504283308983,data\cache\clean\test\stylegan_xl_60ed9d3511d333bf\noise_s0.05.jpg
stylegan_xl_729fee52c5b7f95b,noise_s0.05,stylegan_xl,stylegan_xl,1,0.016276637092232704,data\cache\clean\test\stylegan_xl_729fee52c5b7f95b\noise_s0.05.jpg
stylegan_xl_7d433e90bcd7bd53,noise_s0.05,stylegan_xl,stylegan_xl,1,0.011417746543884277,data\cache\clean\test\stylegan_xl_7d433e90bcd7bd53\noise_s0.05.jpg
stylegan_xl_7ffebe6032f8209f,noise_s0.05,stylegan_xl,stylegan_xl,1,0.0027006519958376884,data\cache\clean\test\stylegan_xl_7ffebe6032f8209f\noise_s0.05.jpg
stylegan_xl_80fc8be6e7c11eb3,noise_s0.05,stylegan_xl,stylegan_xl,1,0.003081217175349593,data\cache\clean\test\stylegan_xl_80fc8be6e7c11eb3\noise_s0.05.jpg
stylegan_xl_8461b1ae87c22c20,noise_s0.05,stylegan_xl,stylegan_xl,1,0.19200758635997772,data\cache\clean\test\stylegan_xl_8461b1ae87c22c20\noise_s0.05.jpg
stylegan_xl_8f9dfd75dde8914f,noise_s0.05,stylegan_xl,stylegan_xl,1,0.04142720252275467,data\cache\clean\test\stylegan_xl_8f9dfd75dde8914f\noise_s0.05.jpg
stylegan_xl_a1ed16fffc5ecb68,noise_s0.05,stylegan_xl,stylegan_xl,1,0.031003572046756744,data\cache\clean\test\stylegan_xl_a1ed16fffc5ecb68\noise_s0.05.jpg
stylegan_xl_a72f3ace10a8f550,noise_s0.05,stylegan_xl,stylegan_xl,1,0.0023708820808678865,data\cache\clean\test\stylegan_xl_a72f3ace10a8f550\noise_s0.05.jpg
stylegan_xl_b6abe358484b287a,noise_s0.05,stylegan_xl,stylegan_xl,1,0.017337612807750702,data\cache\clean\test\stylegan_xl_b6abe358484b287a\noise_s0.05.jpg
stylegan_xl_bd69757ff485d03e,noise_s0.05,stylegan_xl,stylegan_xl,1,0.2193184494972229,data\cache\clean\test\stylegan_xl_bd69757ff485d03e\noise_s0.05.jpg
stylegan_xl_cccbc1d57a7e095e,noise_s0.05,stylegan_xl,stylegan_xl,1,0.015170835889875889,data\cache\clean\test\stylegan_xl_cccbc1d57a7e095e\noise_s0.05.jpg
stylegan_xl_cf9c332a1ebfb587,noise_s0.05,stylegan_xl,stylegan_xl,1,0.006961942184716463,data\cache\clean\test\stylegan_xl_cf9c332a1ebfb587\noise_s0.05.jpg
stylegan_xl_d686a15f05d09472,noise_s0.05,stylegan_xl,stylegan_xl,1,0.37087881565093994,data\cache\clean\test\stylegan_xl_d686a15f05d09472\noise_s0.05.jpg
stylegan_xl_d7c4ece8c8a01de0,noise_s0.05,stylegan_xl,stylegan_xl,1,0.043624475598335266,data\cache\clean\test\stylegan_xl_d7c4ece8c8a01de0\noise_s0.05.jpg
stylegan_xl_e4b8e7ef72cabaf2,noise_s0.05,stylegan_xl,stylegan_xl,1,0.3875391185283661,data\cache\clean\test\stylegan_xl_e4b8e7ef72cabaf2\noise_s0.05.jpg
stylegan_xl_f4a503e24265a7e1,noise_s0.05,stylegan_xl,stylegan_xl,1,0.46304526925086975,data\cache\clean\test\stylegan_xl_f4a503e24265a7e1\noise_s0.05.jpg
stylegan_xl_fef6a66b8deaa7ab,noise_s0.05,stylegan_xl,stylegan_xl,1,0.0004604456771630794,data\cache\clean\test\stylegan_xl_fef6a66b8deaa7ab\noise_s0.05.jpg
cifake_1028 (10),noise_s0.1,cifake,stable_diffusion,1,0.19356806576251984,data\cache\clean\test\cifake_1028 (10)\noise_s0.1.jpg
cifake_1088 (3),noise_s0.1,cifake,stable_diffusion,1,0.33567628264427185,data\cache\clean\test\cifake_1088 (3)\noise_s0.1.jpg
cifake_1297 (6),noise_s0.1,cifake,stable_diffusion,1,0.1236582100391388,data\cache\clean\test\cifake_1297 (6)\noise_s0.1.jpg
cifake_4221 (2),noise_s0.1,cifake,stable_diffusion,1,0.4295039772987366,data\cache\clean\test\cifake_4221 (2)\noise_s0.1.jpg
cifake_4615 (3),noise_s0.1,cifake,stable_diffusion,1,0.25437095761299133,data\cache\clean\test\cifake_4615 (3)\noise_s0.1.jpg
cifake_4746 (3),noise_s0.1,cifake,stable_diffusion,1,0.14589977264404297,data\cache\clean\test\cifake_4746 (3)\noise_s0.1.jpg
cifake_5006 (3),noise_s0.1,cifake,stable_diffusion,1,0.4054219424724579,data\cache\clean\test\cifake_5006 (3)\noise_s0.1.jpg
cifake_5943 (10),noise_s0.1,cifake,stable_diffusion,1,0.16113261878490448,data\cache\clean\test\cifake_5943 (10)\noise_s0.1.jpg
cifake_771 (8),noise_s0.1,cifake,stable_diffusion,1,0.023550547659397125,data\cache\clean\test\cifake_771 (8)\noise_s0.1.jpg
dalle_10374,noise_s0.1,dalle,dalle,1,0.46458011865615845,data\cache\clean\test\dalle_10374\noise_s0.1.jpg
dalle_12052,noise_s0.1,dalle,dalle,1,0.0001448824186809361,data\cache\clean\test\dalle_12052\noise_s0.1.jpg
dalle_12104,noise_s0.1,dalle,dalle,1,0.3157897889614105,data\cache\clean\test\dalle_12104\noise_s0.1.jpg
dalle_13048,noise_s0.1,dalle,dalle,1,0.468398779630661,data\cache\clean\test\dalle_13048\noise_s0.1.jpg
dalle_13108,noise_s0.1,dalle,dalle,1,0.455615371465683,data\cache\clean\test\dalle_13108\noise_s0.1.jpg
dalle_1324,noise_s0.1,dalle,dalle,1,0.011939010582864285,data\cache\clean\test\dalle_1324\noise_s0.1.jpg
dalle_13895,noise_s0.1,dalle,dalle,1,0.07459904998540878,data\cache\clean\test\dalle_13895\noise_s0.1.jpg
dalle_17254,noise_s0.1,dalle,dalle,1,0.3174448013305664,data\cache\clean\test\dalle_17254\noise_s0.1.jpg
dalle_17768,noise_s0.1,dalle,dalle,1,0.4535766541957855,data\cache\clean\test\dalle_17768\noise_s0.1.jpg
dalle_1895b86b74caac5dad51022c3d3b33df,noise_s0.1,dalle,dalle,1,0.0019936393946409225,data\cache\clean\test\dalle_1895b86b74caac5dad51022c3d3b33df\noise_s0.1.jpg
dalle_19590,noise_s0.1,dalle,dalle,1,0.21677647531032562,data\cache\clean\test\dalle_19590\noise_s0.1.jpg
dalle_19962,noise_s0.1,dalle,dalle,1,0.01675744168460369,data\cache\clean\test\dalle_19962\noise_s0.1.jpg
dalle_20600,noise_s0.1,dalle,dalle,1,0.08939837664365768,data\cache\clean\test\dalle_20600\noise_s0.1.jpg
dalle_20855,noise_s0.1,dalle,dalle,1,0.21922415494918823,data\cache\clean\test\dalle_20855\noise_s0.1.jpg
dalle_24773,noise_s0.1,dalle,dalle,1,0.2367975413799286,data\cache\clean\test\dalle_24773\noise_s0.1.jpg
dalle_25150,noise_s0.1,dalle,dalle,1,0.21709412336349487,data\cache\clean\test\dalle_25150\noise_s0.1.jpg
dalle_27029,noise_s0.1,dalle,dalle,1,0.3929954171180725,data\cache\clean\test\dalle_27029\noise_s0.1.jpg
dalle_27874,noise_s0.1,dalle,dalle,1,0.08505092561244965,data\cache\clean\test\dalle_27874\noise_s0.1.jpg
dalle_29480,noise_s0.1,dalle,dalle,1,0.4377859830856323,data\cache\clean\test\dalle_29480\noise_s0.1.jpg
dalle_29659,noise_s0.1,dalle,dalle,1,0.32098037004470825,data\cache\clean\test\dalle_29659\noise_s0.1.jpg
dalle_33159,noise_s0.1,dalle,dalle,1,0.25009021162986755,data\cache\clean\test\dalle_33159\noise_s0.1.jpg
dalle_3469,noise_s0.1,dalle,dalle,1,0.30408579111099243,data\cache\clean\test\dalle_3469\noise_s0.1.jpg
dalle_35493,noise_s0.1,dalle,dalle,1,0.09339852631092072,data\cache\clean\test\dalle_35493\noise_s0.1.jpg
dalle_39236,noise_s0.1,dalle,dalle,1,0.2807517945766449,data\cache\clean\test\dalle_39236\noise_s0.1.jpg
dalle_40387,noise_s0.1,dalle,dalle,1,0.014924243092536926,data\cache\clean\test\dalle_40387\noise_s0.1.jpg
dalle_41791,noise_s0.1,dalle,dalle,1,0.001329934922978282,data\cache\clean\test\dalle_41791\noise_s0.1.jpg
dalle_42344,noise_s0.1,dalle,dalle,1,0.004507027566432953,data\cache\clean\test\dalle_42344\noise_s0.1.jpg
dalle_6481,noise_s0.1,dalle,dalle,1,0.4165162146091461,data\cache\clean\test\dalle_6481\noise_s0.1.jpg
dalle_6f0f61883f111368d770c54801f33449,noise_s0.1,dalle,dalle,1,0.0036555558908730745,data\cache\clean\test\dalle_6f0f61883f111368d770c54801f33449\noise_s0.1.jpg
dalle_8017,noise_s0.1,dalle,dalle,1,0.0029307587537914515,data\cache\clean\test\dalle_8017\noise_s0.1.jpg
dalle_9068,noise_s0.1,dalle,dalle,1,0.016308827325701714,data\cache\clean\test\dalle_9068\noise_s0.1.jpg
dalle_94051e3a0f0d105850a5990e8bdc5785,noise_s0.1,dalle,dalle,1,0.318747878074646,data\cache\clean\test\dalle_94051e3a0f0d105850a5990e8bdc5785\noise_s0.1.jpg
dalle_9639,noise_s0.1,dalle,dalle,1,0.10499197244644165,data\cache\clean\test\dalle_9639\noise_s0.1.jpg
gigagan_02234,noise_s0.1,gigagan,gigagan,1,0.2118137925863266,data\cache\clean\test\gigagan_02234\noise_s0.1.jpg
gigagan_02738,noise_s0.1,gigagan,gigagan,1,0.3760133981704712,data\cache\clean\test\gigagan_02738\noise_s0.1.jpg
gigagan_04662,noise_s0.1,gigagan,gigagan,1,0.4110904335975647,data\cache\clean\test\gigagan_04662\noise_s0.1.jpg
gigagan_05738,noise_s0.1,gigagan,gigagan,1,0.02605467662215233,data\cache\clean\test\gigagan_05738\noise_s0.1.jpg
gigagan_07242,noise_s0.1,gigagan,gigagan,1,0.3016165792942047,data\cache\clean\test\gigagan_07242\noise_s0.1.jpg
gigagan_07909,noise_s0.1,gigagan,gigagan,1,0.10363196581602097,data\cache\clean\test\gigagan_07909\noise_s0.1.jpg
gigagan_07986,noise_s0.1,gigagan,gigagan,1,0.494589626789093,data\cache\clean\test\gigagan_07986\noise_s0.1.jpg
gigagan_08351,noise_s0.1,gigagan,gigagan,1,0.0362127311527729,data\cache\clean\test\gigagan_08351\noise_s0.1.jpg
gigagan_08464,noise_s0.1,gigagan,gigagan,1,0.4891021251678467,data\cache\clean\test\gigagan_08464\noise_s0.1.jpg
gigagan_08561,noise_s0.1,gigagan,gigagan,1,0.3932887613773346,data\cache\clean\test\gigagan_08561\noise_s0.1.jpg
gigagan_09026,noise_s0.1,gigagan,gigagan,1,0.05276834964752197,data\cache\clean\test\gigagan_09026\noise_s0.1.jpg
gigagan_09302,noise_s0.1,gigagan,gigagan,1,0.06749433279037476,data\cache\clean\test\gigagan_09302\noise_s0.1.jpg
gigagan_09418,noise_s0.1,gigagan,gigagan,1,0.4024779200553894,data\cache\clean\test\gigagan_09418\noise_s0.1.jpg
gigagan_09458,noise_s0.1,gigagan,gigagan,1,0.4736426770687103,data\cache\clean\test\gigagan_09458\noise_s0.1.jpg
gigagan_10282,noise_s0.1,gigagan,gigagan,1,0.016713108867406845,data\cache\clean\test\gigagan_10282\noise_s0.1.jpg
gigagan_10655,noise_s0.1,gigagan,gigagan,1,0.06800636649131775,data\cache\clean\test\gigagan_10655\noise_s0.1.jpg
gigagan_10769,noise_s0.1,gigagan,gigagan,1,0.033761829137802124,data\cache\clean\test\gigagan_10769\noise_s0.1.jpg
gigagan_10914,noise_s0.1,gigagan,gigagan,1,0.0016668164171278477,data\cache\clean\test\gigagan_10914\noise_s0.1.jpg
gigagan_13110,noise_s0.1,gigagan,gigagan,1,0.28536808490753174,data\cache\clean\test\gigagan_13110\noise_s0.1.jpg
gigagan_14071,noise_s0.1,gigagan,gigagan,1,0.0011844378896057606,data\cache\clean\test\gigagan_14071\noise_s0.1.jpg
gigagan_14858,noise_s0.1,gigagan,gigagan,1,0.006452237255871296,data\cache\clean\test\gigagan_14858\noise_s0.1.jpg
gigagan_15355,noise_s0.1,gigagan,gigagan,1,0.13725724816322327,data\cache\clean\test\gigagan_15355\noise_s0.1.jpg
gigagan_15454,noise_s0.1,gigagan,gigagan,1,0.04987434670329094,data\cache\clean\test\gigagan_15454\noise_s0.1.jpg
gigagan_15561,noise_s0.1,gigagan,gigagan,1,0.03144245594739914,data\cache\clean\test\gigagan_15561\noise_s0.1.jpg
gigagan_15694,noise_s0.1,gigagan,gigagan,1,0.18290118873119354,data\cache\clean\test\gigagan_15694\noise_s0.1.jpg
gigagan_16357,noise_s0.1,gigagan,gigagan,1,0.3752615749835968,data\cache\clean\test\gigagan_16357\noise_s0.1.jpg
gigagan_16966,noise_s0.1,gigagan,gigagan,1,0.007118984591215849,data\cache\clean\test\gigagan_16966\noise_s0.1.jpg
gigagan_18085,noise_s0.1,gigagan,gigagan,1,0.14863911271095276,data\cache\clean\test\gigagan_18085\noise_s0.1.jpg
gigagan_18143,noise_s0.1,gigagan,gigagan,1,0.11188521981239319,data\cache\clean\test\gigagan_18143\noise_s0.1.jpg
gigagan_18704,noise_s0.1,gigagan,gigagan,1,0.012887353077530861,data\cache\clean\test\gigagan_18704\noise_s0.1.jpg
gigagan_19199,noise_s0.1,gigagan,gigagan,1,0.007545855827629566,data\cache\clean\test\gigagan_19199\noise_s0.1.jpg
gigagan_20327,noise_s0.1,gigagan,gigagan,1,0.0024100535083562136,data\cache\clean\test\gigagan_20327\noise_s0.1.jpg
gigagan_20756,noise_s0.1,gigagan,gigagan,1,0.11925838142633438,data\cache\clean\test\gigagan_20756\noise_s0.1.jpg
gigagan_21166,noise_s0.1,gigagan,gigagan,1,0.14924807846546173,data\cache\clean\test\gigagan_21166\noise_s0.1.jpg
gigagan_21244,noise_s0.1,gigagan,gigagan,1,0.01240767166018486,data\cache\clean\test\gigagan_21244\noise_s0.1.jpg
gigagan_21611,noise_s0.1,gigagan,gigagan,1,0.024419186636805534,data\cache\clean\test\gigagan_21611\noise_s0.1.jpg
gigagan_22263,noise_s0.1,gigagan,gigagan,1,0.2149192988872528,data\cache\clean\test\gigagan_22263\noise_s0.1.jpg
gigagan_22533,noise_s0.1,gigagan,gigagan,1,0.34911730885505676,data\cache\clean\test\gigagan_22533\noise_s0.1.jpg
gigagan_22770,noise_s0.1,gigagan,gigagan,1,0.03469495847821236,data\cache\clean\test\gigagan_22770\noise_s0.1.jpg
gigagan_23134,noise_s0.1,gigagan,gigagan,1,0.004638463258743286,data\cache\clean\test\gigagan_23134\noise_s0.1.jpg
gigagan_23834,noise_s0.1,gigagan,gigagan,1,0.04112497717142105,data\cache\clean\test\gigagan_23834\noise_s0.1.jpg
gigagan_24445,noise_s0.1,gigagan,gigagan,1,0.022548697888851166,data\cache\clean\test\gigagan_24445\noise_s0.1.jpg
gigagan_24679,noise_s0.1,gigagan,gigagan,1,0.19800278544425964,data\cache\clean\test\gigagan_24679\noise_s0.1.jpg
gigagan_24707,noise_s0.1,gigagan,gigagan,1,0.018364982679486275,data\cache\clean\test\gigagan_24707\noise_s0.1.jpg
gigagan_24726,noise_s0.1,gigagan,gigagan,1,0.004589663818478584,data\cache\clean\test\gigagan_24726\noise_s0.1.jpg
gigagan_25002,noise_s0.1,gigagan,gigagan,1,0.17713084816932678,data\cache\clean\test\gigagan_25002\noise_s0.1.jpg
gigagan_25090,noise_s0.1,gigagan,gigagan,1,0.048840105533599854,data\cache\clean\test\gigagan_25090\noise_s0.1.jpg
gigagan_25761,noise_s0.1,gigagan,gigagan,1,0.4474230706691742,data\cache\clean\test\gigagan_25761\noise_s0.1.jpg
gigagan_26067,noise_s0.1,gigagan,gigagan,1,0.2161487638950348,data\cache\clean\test\gigagan_26067\noise_s0.1.jpg
gigagan_26681,noise_s0.1,gigagan,gigagan,1,0.4631232023239136,data\cache\clean\test\gigagan_26681\noise_s0.1.jpg
gigagan_27121,noise_s0.1,gigagan,gigagan,1,0.06133783236145973,data\cache\clean\test\gigagan_27121\noise_s0.1.jpg
gigagan_27593,noise_s0.1,gigagan,gigagan,1,0.3762589693069458,data\cache\clean\test\gigagan_27593\noise_s0.1.jpg
gigagan_28019,noise_s0.1,gigagan,gigagan,1,0.34787091612815857,data\cache\clean\test\gigagan_28019\noise_s0.1.jpg
gigagan_28900,noise_s0.1,gigagan,gigagan,1,0.2488216757774353,data\cache\clean\test\gigagan_28900\noise_s0.1.jpg
gigagan_29456,noise_s0.1,gigagan,gigagan,1,0.06910870969295502,data\cache\clean\test\gigagan_29456\noise_s0.1.jpg
gigagan_29717,noise_s0.1,gigagan,gigagan,1,0.45339909195899963,data\cache\clean\test\gigagan_29717\noise_s0.1.jpg
imagen3_045e6da6fd7f6fb0,noise_s0.1,imagen3,imagen3,1,0.0016535295872017741,data\cache\clean\test\imagen3_045e6da6fd7f6fb0\noise_s0.1.jpg
imagen3_07747d6ffd056bee,noise_s0.1,imagen3,imagen3,1,0.28895702958106995,data\cache\clean\test\imagen3_07747d6ffd056bee\noise_s0.1.jpg
imagen3_13ed1f9391224848,noise_s0.1,imagen3,imagen3,1,0.15422317385673523,data\cache\clean\test\imagen3_13ed1f9391224848\noise_s0.1.jpg
imagen3_17643da56f35c6f7,noise_s0.1,imagen3,imagen3,1,0.011080214753746986,data\cache\clean\test\imagen3_17643da56f35c6f7\noise_s0.1.jpg
imagen3_24e64d19ddde11cb,noise_s0.1,imagen3,imagen3,1,0.01345909759402275,data\cache\clean\test\imagen3_24e64d19ddde11cb\noise_s0.1.jpg
imagen3_260ae6b06f1f50e2,noise_s0.1,imagen3,imagen3,1,0.0003293243935331702,data\cache\clean\test\imagen3_260ae6b06f1f50e2\noise_s0.1.jpg
imagen3_3403b18fc93acbfc,noise_s0.1,imagen3,imagen3,1,0.10580667853355408,data\cache\clean\test\imagen3_3403b18fc93acbfc\noise_s0.1.jpg
imagen3_44476,noise_s0.1,imagen3,imagen3,1,0.031233282759785652,data\cache\clean\test\imagen3_44476\noise_s0.1.jpg
imagen3_473ffc5e3d5dc373,noise_s0.1,imagen3,imagen3,1,0.02103131264448166,data\cache\clean\test\imagen3_473ffc5e3d5dc373\noise_s0.1.jpg
imagen3_519f5c348fe55fcd,noise_s0.1,imagen3,imagen3,1,0.1267918199300766,data\cache\clean\test\imagen3_519f5c348fe55fcd\noise_s0.1.jpg
imagen3_5e95809bd47d157b,noise_s0.1,imagen3,imagen3,1,0.090042345225811,data\cache\clean\test\imagen3_5e95809bd47d157b\noise_s0.1.jpg
imagen3_69467160e53f71bc,noise_s0.1,imagen3,imagen3,1,0.041221972554922104,data\cache\clean\test\imagen3_69467160e53f71bc\noise_s0.1.jpg
imagen3_6a8270ea182a9194,noise_s0.1,imagen3,imagen3,1,0.004516560584306717,data\cache\clean\test\imagen3_6a8270ea182a9194\noise_s0.1.jpg
imagen3_6c7624322b04ce43,noise_s0.1,imagen3,imagen3,1,0.13775373995304108,data\cache\clean\test\imagen3_6c7624322b04ce43\noise_s0.1.jpg
imagen3_77fb2d4f372634f8,noise_s0.1,imagen3,imagen3,1,0.005024088080972433,data\cache\clean\test\imagen3_77fb2d4f372634f8\noise_s0.1.jpg
imagen3_7e3e1e738f642f1a,noise_s0.1,imagen3,imagen3,1,0.39736104011535645,data\cache\clean\test\imagen3_7e3e1e738f642f1a\noise_s0.1.jpg
imagen3_7ee1485909c59826,noise_s0.1,imagen3,imagen3,1,0.010173801332712173,data\cache\clean\test\imagen3_7ee1485909c59826\noise_s0.1.jpg
imagen3_8b13dc3bff918841,noise_s0.1,imagen3,imagen3,1,0.10358727723360062,data\cache\clean\test\imagen3_8b13dc3bff918841\noise_s0.1.jpg
imagen3_8c20e4bf83ffff36,noise_s0.1,imagen3,imagen3,1,0.35829049348831177,data\cache\clean\test\imagen3_8c20e4bf83ffff36\noise_s0.1.jpg
imagen3_8e6f8acd28fd8f35,noise_s0.1,imagen3,imagen3,1,0.10885173827409744,data\cache\clean\test\imagen3_8e6f8acd28fd8f35\noise_s0.1.jpg
imagen3_9e82651e214a25c8,noise_s0.1,imagen3,imagen3,1,0.31248417496681213,data\cache\clean\test\imagen3_9e82651e214a25c8\noise_s0.1.jpg
imagen3_aa13646e437b7afa,noise_s0.1,imagen3,imagen3,1,0.0036957385018467903,data\cache\clean\test\imagen3_aa13646e437b7afa\noise_s0.1.jpg
imagen3_b69c9976ced306d1,noise_s0.1,imagen3,imagen3,1,0.0190715529024601,data\cache\clean\test\imagen3_b69c9976ced306d1\noise_s0.1.jpg
imagen3_ca44bb7db1e73a9a,noise_s0.1,imagen3,imagen3,1,0.014905069023370743,data\cache\clean\test\imagen3_ca44bb7db1e73a9a\noise_s0.1.jpg
imagen3_e63f3b6f8bdee43a,noise_s0.1,imagen3,imagen3,1,0.01265648566186428,data\cache\clean\test\imagen3_e63f3b6f8bdee43a\noise_s0.1.jpg
imagen3_ea646e585cc24088,noise_s0.1,imagen3,imagen3,1,0.19686156511306763,data\cache\clean\test\imagen3_ea646e585cc24088\noise_s0.1.jpg
imagen3_f2da05bffbe27dab,noise_s0.1,imagen3,imagen3,1,0.24708503484725952,data\cache\clean\test\imagen3_f2da05bffbe27dab\noise_s0.1.jpg
imagen3_fe7048efd51b15b8,noise_s0.1,imagen3,imagen3,1,0.43093135952949524,data\cache\clean\test\imagen3_fe7048efd51b15b8\noise_s0.1.jpg
imagen3_Imagen3_1208,noise_s0.1,imagen3,imagen3,1,0.055828604847192764,data\cache\clean\test\imagen3_Imagen3_1208\noise_s0.1.jpg
imagen3_Imagen3_2403,noise_s0.1,imagen3,imagen3,1,0.030977196991443634,data\cache\clean\test\imagen3_Imagen3_2403\noise_s0.1.jpg
sidset_full_synthetic_001692,noise_s0.1,sidset,full_synthetic,1,0.0030359195079654455,data\cache\clean\test\sidset_full_synthetic_001692\noise_s0.1.jpg
sidset_full_synthetic_003475,noise_s0.1,sidset,full_synthetic,1,0.061866845935583115,data\cache\clean\test\sidset_full_synthetic_003475\noise_s0.1.jpg
sidset_full_synthetic_033528,noise_s0.1,sidset,full_synthetic,1,0.06479226052761078,data\cache\clean\test\sidset_full_synthetic_033528\noise_s0.1.jpg
sidset_full_synthetic_040891,noise_s0.1,sidset,full_synthetic,1,0.0027925833128392696,data\cache\clean\test\sidset_full_synthetic_040891\noise_s0.1.jpg
sidset_full_synthetic_042089,noise_s0.1,sidset,full_synthetic,1,0.008865516632795334,data\cache\clean\test\sidset_full_synthetic_042089\noise_s0.1.jpg
sidset_full_synthetic_048809,noise_s0.1,sidset,full_synthetic,1,0.026868849992752075,data\cache\clean\test\sidset_full_synthetic_048809\noise_s0.1.jpg
sidset_full_synthetic_054797,noise_s0.1,sidset,full_synthetic,1,0.4588131904602051,data\cache\clean\test\sidset_full_synthetic_054797\noise_s0.1.jpg
sidset_full_synthetic_060524,noise_s0.1,sidset,full_synthetic,1,0.007049869280308485,data\cache\clean\test\sidset_full_synthetic_060524\noise_s0.1.jpg
sidset_full_synthetic_063062,noise_s0.1,sidset,full_synthetic,1,0.030672859400510788,data\cache\clean\test\sidset_full_synthetic_063062\noise_s0.1.jpg
stylegan_xl_0097a2e24789bc7a,noise_s0.1,stylegan_xl,stylegan_xl,1,0.01766294427216053,data\cache\clean\test\stylegan_xl_0097a2e24789bc7a\noise_s0.1.jpg
stylegan_xl_00a4591cf03df584,noise_s0.1,stylegan_xl,stylegan_xl,1,0.0027227457612752914,data\cache\clean\test\stylegan_xl_00a4591cf03df584\noise_s0.1.jpg
stylegan_xl_031391f1ab18ab62,noise_s0.1,stylegan_xl,stylegan_xl,1,0.2586324214935303,data\cache\clean\test\stylegan_xl_031391f1ab18ab62\noise_s0.1.jpg
stylegan_xl_0f7efa4c31bcd8f4,noise_s0.1,stylegan_xl,stylegan_xl,1,0.012583491392433643,data\cache\clean\test\stylegan_xl_0f7efa4c31bcd8f4\noise_s0.1.jpg
stylegan_xl_1060d58257bc5130,noise_s0.1,stylegan_xl,stylegan_xl,1,0.007758923806250095,data\cache\clean\test\stylegan_xl_1060d58257bc5130\noise_s0.1.jpg
stylegan_xl_2013fe0d44f84041,noise_s0.1,stylegan_xl,stylegan_xl,1,0.0002485223230905831,data\cache\clean\test\stylegan_xl_2013fe0d44f84041\noise_s0.1.jpg
stylegan_xl_3621cf0be1fc8d68,noise_s0.1,stylegan_xl,stylegan_xl,1,0.1203448474407196,data\cache\clean\test\stylegan_xl_3621cf0be1fc8d68\noise_s0.1.jpg
stylegan_xl_38c489e3b0d8c700,noise_s0.1,stylegan_xl,stylegan_xl,1,0.08822081983089447,data\cache\clean\test\stylegan_xl_38c489e3b0d8c700\noise_s0.1.jpg
stylegan_xl_3b5e18f8fc06450d,noise_s0.1,stylegan_xl,stylegan_xl,1,0.025949034839868546,data\cache\clean\test\stylegan_xl_3b5e18f8fc06450d\noise_s0.1.jpg
stylegan_xl_47014,noise_s0.1,stylegan_xl,stylegan_xl,1,0.40804001688957214,data\cache\clean\test\stylegan_xl_47014\noise_s0.1.jpg
stylegan_xl_47343,noise_s0.1,stylegan_xl,stylegan_xl,1,0.06784874200820923,data\cache\clean\test\stylegan_xl_47343\noise_s0.1.jpg
stylegan_xl_48611,noise_s0.1,stylegan_xl,stylegan_xl,1,0.03776317462325096,data\cache\clean\test\stylegan_xl_48611\noise_s0.1.jpg
stylegan_xl_51829,noise_s0.1,stylegan_xl,stylegan_xl,1,0.4029339551925659,data\cache\clean\test\stylegan_xl_51829\noise_s0.1.jpg
stylegan_xl_60ed9d3511d333bf,noise_s0.1,stylegan_xl,stylegan_xl,1,0.014238252304494381,data\cache\clean\test\stylegan_xl_60ed9d3511d333bf\noise_s0.1.jpg
stylegan_xl_729fee52c5b7f95b,noise_s0.1,stylegan_xl,stylegan_xl,1,0.007051244378089905,data\cache\clean\test\stylegan_xl_729fee52c5b7f95b\noise_s0.1.jpg
stylegan_xl_7d433e90bcd7bd53,noise_s0.1,stylegan_xl,stylegan_xl,1,0.0040289671160280704,data\cache\clean\test\stylegan_xl_7d433e90bcd7bd53\noise_s0.1.jpg
stylegan_xl_7ffebe6032f8209f,noise_s0.1,stylegan_xl,stylegan_xl,1,0.011135987937450409,data\cache\clean\test\stylegan_xl_7ffebe6032f8209f\noise_s0.1.jpg
stylegan_xl_80fc8be6e7c11eb3,noise_s0.1,stylegan_xl,stylegan_xl,1,0.002278953092172742,data\cache\clean\test\stylegan_xl_80fc8be6e7c11eb3\noise_s0.1.jpg
stylegan_xl_8461b1ae87c22c20,noise_s0.1,stylegan_xl,stylegan_xl,1,0.3146911859512329,data\cache\clean\test\stylegan_xl_8461b1ae87c22c20\noise_s0.1.jpg
stylegan_xl_8f9dfd75dde8914f,noise_s0.1,stylegan_xl,stylegan_xl,1,0.2247341126203537,data\cache\clean\test\stylegan_xl_8f9dfd75dde8914f\noise_s0.1.jpg
stylegan_xl_a1ed16fffc5ecb68,noise_s0.1,stylegan_xl,stylegan_xl,1,0.05524995177984238,data\cache\clean\test\stylegan_xl_a1ed16fffc5ecb68\noise_s0.1.jpg
stylegan_xl_a72f3ace10a8f550,noise_s0.1,stylegan_xl,stylegan_xl,1,0.015546295791864395,data\cache\clean\test\stylegan_xl_a72f3ace10a8f550\noise_s0.1.jpg
stylegan_xl_b6abe358484b287a,noise_s0.1,stylegan_xl,stylegan_xl,1,0.027167055755853653,data\cache\clean\test\stylegan_xl_b6abe358484b287a\noise_s0.1.jpg
stylegan_xl_bd69757ff485d03e,noise_s0.1,stylegan_xl,stylegan_xl,1,0.43962588906288147,data\cache\clean\test\stylegan_xl_bd69757ff485d03e\noise_s0.1.jpg
stylegan_xl_cccbc1d57a7e095e,noise_s0.1,stylegan_xl,stylegan_xl,1,0.03931977599859238,data\cache\clean\test\stylegan_xl_cccbc1d57a7e095e\noise_s0.1.jpg
stylegan_xl_cf9c332a1ebfb587,noise_s0.1,stylegan_xl,stylegan_xl,1,0.01521452609449625,data\cache\clean\test\stylegan_xl_cf9c332a1ebfb587\noise_s0.1.jpg
stylegan_xl_d7c4ece8c8a01de0,noise_s0.1,stylegan_xl,stylegan_xl,1,0.08730745315551758,data\cache\clean\test\stylegan_xl_d7c4ece8c8a01de0\noise_s0.1.jpg
stylegan_xl_e4b8e7ef72cabaf2,noise_s0.1,stylegan_xl,stylegan_xl,1,0.1404394954442978,data\cache\clean\test\stylegan_xl_e4b8e7ef72cabaf2\noise_s0.1.jpg
stylegan_xl_fef6a66b8deaa7ab,noise_s0.1,stylegan_xl,stylegan_xl,1,0.0010993062751367688,data\cache\clean\test\stylegan_xl_fef6a66b8deaa7ab\noise_s0.1.jpg
cifake_1028 (10),resize_0.25,cifake,stable_diffusion,1,0.14035172760486603,data\cache\clean\test\cifake_1028 (10)\resize_0.25.jpg
cifake_2293 (9),resize_0.25,cifake,stable_diffusion,1,0.1816556453704834,data\cache\clean\test\cifake_2293 (9)\resize_0.25.jpg
cifake_4127 (3),resize_0.25,cifake,stable_diffusion,1,0.42339473962783813,data\cache\clean\test\cifake_4127 (3)\resize_0.25.jpg
cifake_4221 (2),resize_0.25,cifake,stable_diffusion,1,0.04188072681427002,data\cache\clean\test\cifake_4221 (2)\resize_0.25.jpg
cifake_4615 (3),resize_0.25,cifake,stable_diffusion,1,0.10384681075811386,data\cache\clean\test\cifake_4615 (3)\resize_0.25.jpg
cifake_5607 (3),resize_0.25,cifake,stable_diffusion,1,0.0692126527428627,data\cache\clean\test\cifake_5607 (3)\resize_0.25.jpg
cifake_5943 (10),resize_0.25,cifake,stable_diffusion,1,0.02396131493151188,data\cache\clean\test\cifake_5943 (10)\resize_0.25.jpg
cifake_771 (8),resize_0.25,cifake,stable_diffusion,1,0.4027562439441681,data\cache\clean\test\cifake_771 (8)\resize_0.25.jpg
dalle_12052,resize_0.25,dalle,dalle,1,0.009525872766971588,data\cache\clean\test\dalle_12052\resize_0.25.jpg
dalle_13820,resize_0.25,dalle,dalle,1,0.4956086277961731,data\cache\clean\test\dalle_13820\resize_0.25.jpg
dalle_17254,resize_0.25,dalle,dalle,1,0.47538572549819946,data\cache\clean\test\dalle_17254\resize_0.25.jpg
dalle_18943,resize_0.25,dalle,dalle,1,0.1304101198911667,data\cache\clean\test\dalle_18943\resize_0.25.jpg
dalle_19590,resize_0.25,dalle,dalle,1,0.008253983221948147,data\cache\clean\test\dalle_19590\resize_0.25.jpg
dalle_19962,resize_0.25,dalle,dalle,1,0.11647504568099976,data\cache\clean\test\dalle_19962\resize_0.25.jpg
dalle_24599,resize_0.25,dalle,dalle,1,0.24564874172210693,data\cache\clean\test\dalle_24599\resize_0.25.jpg
dalle_25150,resize_0.25,dalle,dalle,1,0.04723495617508888,data\cache\clean\test\dalle_25150\resize_0.25.jpg
dalle_26611,resize_0.25,dalle,dalle,1,0.27154621481895447,data\cache\clean\test\dalle_26611\resize_0.25.jpg
dalle_27874,resize_0.25,dalle,dalle,1,0.4878639578819275,data\cache\clean\test\dalle_27874\resize_0.25.jpg
dalle_3469,resize_0.25,dalle,dalle,1,0.30011188983917236,data\cache\clean\test\dalle_3469\resize_0.25.jpg
dalle_40387,resize_0.25,dalle,dalle,1,0.023013412952423096,data\cache\clean\test\dalle_40387\resize_0.25.jpg
dalle_41791,resize_0.25,dalle,dalle,1,0.00042825352284125984,data\cache\clean\test\dalle_41791\resize_0.25.jpg
dalle_6481,resize_0.25,dalle,dalle,1,0.3090471923351288,data\cache\clean\test\dalle_6481\resize_0.25.jpg
dalle_6f0f61883f111368d770c54801f33449,resize_0.25,dalle,dalle,1,0.0008334745070897043,data\cache\clean\test\dalle_6f0f61883f111368d770c54801f33449\resize_0.25.jpg
dalle_8017,resize_0.25,dalle,dalle,1,0.0001794593408703804,data\cache\clean\test\dalle_8017\resize_0.25.jpg
dalle_9068,resize_0.25,dalle,dalle,1,0.1858597993850708,data\cache\clean\test\dalle_9068\resize_0.25.jpg
dalle_94051e3a0f0d105850a5990e8bdc5785,resize_0.25,dalle,dalle,1,0.17854581773281097,data\cache\clean\test\dalle_94051e3a0f0d105850a5990e8bdc5785\resize_0.25.jpg
dalle_9639,resize_0.25,dalle,dalle,1,0.2518187463283539,data\cache\clean\test\dalle_9639\resize_0.25.jpg
gigagan_02490,resize_0.25,gigagan,gigagan,1,0.33360546827316284,data\cache\clean\test\gigagan_02490\resize_0.25.jpg
gigagan_03860,resize_0.25,gigagan,gigagan,1,0.11597279459238052,data\cache\clean\test\gigagan_03860\resize_0.25.jpg
gigagan_05738,resize_0.25,gigagan,gigagan,1,0.047104354947805405,data\cache\clean\test\gigagan_05738\resize_0.25.jpg
gigagan_06526,resize_0.25,gigagan,gigagan,1,0.35068023204803467,data\cache\clean\test\gigagan_06526\resize_0.25.jpg
gigagan_06628,resize_0.25,gigagan,gigagan,1,0.34663084149360657,data\cache\clean\test\gigagan_06628\resize_0.25.jpg
gigagan_07909,resize_0.25,gigagan,gigagan,1,0.04414120316505432,data\cache\clean\test\gigagan_07909\resize_0.25.jpg
gigagan_08351,resize_0.25,gigagan,gigagan,1,0.11154769361019135,data\cache\clean\test\gigagan_08351\resize_0.25.jpg
gigagan_08561,resize_0.25,gigagan,gigagan,1,0.4450035095214844,data\cache\clean\test\gigagan_08561\resize_0.25.jpg
gigagan_09026,resize_0.25,gigagan,gigagan,1,0.10195250064134598,data\cache\clean\test\gigagan_09026\resize_0.25.jpg
gigagan_09302,resize_0.25,gigagan,gigagan,1,0.06625042110681534,data\cache\clean\test\gigagan_09302\resize_0.25.jpg
gigagan_09458,resize_0.25,gigagan,gigagan,1,0.19207222759723663,data\cache\clean\test\gigagan_09458\resize_0.25.jpg
gigagan_10282,resize_0.25,gigagan,gigagan,1,0.17415079474449158,data\cache\clean\test\gigagan_10282\resize_0.25.jpg
gigagan_10769,resize_0.25,gigagan,gigagan,1,0.03589834272861481,data\cache\clean\test\gigagan_10769\resize_0.25.jpg
gigagan_10914,resize_0.25,gigagan,gigagan,1,0.0001508492132415995,data\cache\clean\test\gigagan_10914\resize_0.25.jpg
gigagan_12929,resize_0.25,gigagan,gigagan,1,0.02674952894449234,data\cache\clean\test\gigagan_12929\resize_0.25.jpg
gigagan_13110,resize_0.25,gigagan,gigagan,1,0.4571526348590851,data\cache\clean\test\gigagan_13110\resize_0.25.jpg
gigagan_14071,resize_0.25,gigagan,gigagan,1,0.00019560959481168538,data\cache\clean\test\gigagan_14071\resize_0.25.jpg
gigagan_14138,resize_0.25,gigagan,gigagan,1,0.4320245087146759,data\cache\clean\test\gigagan_14138\resize_0.25.jpg
gigagan_14909,resize_0.25,gigagan,gigagan,1,0.043388355523347855,data\cache\clean\test\gigagan_14909\resize_0.25.jpg
gigagan_15355,resize_0.25,gigagan,gigagan,1,0.26726824045181274,data\cache\clean\test\gigagan_15355\resize_0.25.jpg
gigagan_15454,resize_0.25,gigagan,gigagan,1,0.08727002143859863,data\cache\clean\test\gigagan_15454\resize_0.25.jpg
gigagan_16357,resize_0.25,gigagan,gigagan,1,0.17276810109615326,data\cache\clean\test\gigagan_16357\resize_0.25.jpg
gigagan_16966,resize_0.25,gigagan,gigagan,1,0.22888106107711792,data\cache\clean\test\gigagan_16966\resize_0.25.jpg
gigagan_18085,resize_0.25,gigagan,gigagan,1,0.003343264339491725,data\cache\clean\test\gigagan_18085\resize_0.25.jpg
gigagan_18143,resize_0.25,gigagan,gigagan,1,0.46156778931617737,data\cache\clean\test\gigagan_18143\resize_0.25.jpg
gigagan_18797,resize_0.25,gigagan,gigagan,1,0.47218573093414307,data\cache\clean\test\gigagan_18797\resize_0.25.jpg
gigagan_19199,resize_0.25,gigagan,gigagan,1,0.05470719560980797,data\cache\clean\test\gigagan_19199\resize_0.25.jpg
gigagan_19248,resize_0.25,gigagan,gigagan,1,0.09693751484155655,data\cache\clean\test\gigagan_19248\resize_0.25.jpg
gigagan_19458,resize_0.25,gigagan,gigagan,1,0.055874090641736984,data\cache\clean\test\gigagan_19458\resize_0.25.jpg
gigagan_20207,resize_0.25,gigagan,gigagan,1,0.30279386043548584,data\cache\clean\test\gigagan_20207\resize_0.25.jpg
gigagan_20327,resize_0.25,gigagan,gigagan,1,0.0006428129272535443,data\cache\clean\test\gigagan_20327\resize_0.25.jpg
gigagan_20756,resize_0.25,gigagan,gigagan,1,0.039546556770801544,data\cache\clean\test\gigagan_20756\resize_0.25.jpg
gigagan_21116,resize_0.25,gigagan,gigagan,1,0.27766305208206177,data\cache\clean\test\gigagan_21116\resize_0.25.jpg
gigagan_21166,resize_0.25,gigagan,gigagan,1,0.07052116096019745,data\cache\clean\test\gigagan_21166\resize_0.25.jpg
gigagan_21244,resize_0.25,gigagan,gigagan,1,0.04904226213693619,data\cache\clean\test\gigagan_21244\resize_0.25.jpg
gigagan_21611,resize_0.25,gigagan,gigagan,1,0.1666908711194992,data\cache\clean\test\gigagan_21611\resize_0.25.jpg
gigagan_22263,resize_0.25,gigagan,gigagan,1,0.05189019441604614,data\cache\clean\test\gigagan_22263\resize_0.25.jpg
gigagan_22770,resize_0.25,gigagan,gigagan,1,0.004420539364218712,data\cache\clean\test\gigagan_22770\resize_0.25.jpg
gigagan_23134,resize_0.25,gigagan,gigagan,1,0.00013098145427647978,data\cache\clean\test\gigagan_23134\resize_0.25.jpg
gigagan_23834,resize_0.25,gigagan,gigagan,1,0.05319515988230705,data\cache\clean\test\gigagan_23834\resize_0.25.jpg
gigagan_24445,resize_0.25,gigagan,gigagan,1,0.027097530663013458,data\cache\clean\test\gigagan_24445\resize_0.25.jpg
gigagan_24679,resize_0.25,gigagan,gigagan,1,0.1272178292274475,data\cache\clean\test\gigagan_24679\resize_0.25.jpg
gigagan_24726,resize_0.25,gigagan,gigagan,1,0.06511849164962769,data\cache\clean\test\gigagan_24726\resize_0.25.jpg
gigagan_24933,resize_0.25,gigagan,gigagan,1,0.28757449984550476,data\cache\clean\test\gigagan_24933\resize_0.25.jpg
gigagan_25002,resize_0.25,gigagan,gigagan,1,0.23795057833194733,data\cache\clean\test\gigagan_25002\resize_0.25.jpg
gigagan_25090,resize_0.25,gigagan,gigagan,1,0.08103016763925552,data\cache\clean\test\gigagan_25090\resize_0.25.jpg
gigagan_25801,resize_0.25,gigagan,gigagan,1,0.16432830691337585,data\cache\clean\test\gigagan_25801\resize_0.25.jpg
gigagan_26067,resize_0.25,gigagan,gigagan,1,0.1261255443096161,data\cache\clean\test\gigagan_26067\resize_0.25.jpg
gigagan_26681,resize_0.25,gigagan,gigagan,1,0.1448296755552292,data\cache\clean\test\gigagan_26681\resize_0.25.jpg
gigagan_28062,resize_0.25,gigagan,gigagan,1,0.28671345114707947,data\cache\clean\test\gigagan_28062\resize_0.25.jpg
gigagan_28336,resize_0.25,gigagan,gigagan,1,0.22203071415424347,data\cache\clean\test\gigagan_28336\resize_0.25.jpg
gigagan_28900,resize_0.25,gigagan,gigagan,1,0.03797611594200134,data\cache\clean\test\gigagan_28900\resize_0.25.jpg
gigagan_29456,resize_0.25,gigagan,gigagan,1,0.18715737760066986,data\cache\clean\test\gigagan_29456\resize_0.25.jpg
imagen3_045e6da6fd7f6fb0,resize_0.25,imagen3,imagen3,1,0.0005661419127136469,data\cache\clean\test\imagen3_045e6da6fd7f6fb0\resize_0.25.jpg
imagen3_07747d6ffd056bee,resize_0.25,imagen3,imagen3,1,0.47915035486221313,data\cache\clean\test\imagen3_07747d6ffd056bee\resize_0.25.jpg
imagen3_13ed1f9391224848,resize_0.25,imagen3,imagen3,1,0.1100316047668457,data\cache\clean\test\imagen3_13ed1f9391224848\resize_0.25.jpg
imagen3_17643da56f35c6f7,resize_0.25,imagen3,imagen3,1,0.0008279059547930956,data\cache\clean\test\imagen3_17643da56f35c6f7\resize_0.25.jpg
imagen3_17919c9ffd792ad9,resize_0.25,imagen3,imagen3,1,0.24661551415920258,data\cache\clean\test\imagen3_17919c9ffd792ad9\resize_0.25.jpg
imagen3_24e64d19ddde11cb,resize_0.25,imagen3,imagen3,1,0.016047123819589615,data\cache\clean\test\imagen3_24e64d19ddde11cb\resize_0.25.jpg
imagen3_260ae6b06f1f50e2,resize_0.25,imagen3,imagen3,1,0.0005806346307508647,data\cache\clean\test\imagen3_260ae6b06f1f50e2\resize_0.25.jpg
imagen3_3403b18fc93acbfc,resize_0.25,imagen3,imagen3,1,0.16241863369941711,data\cache\clean\test\imagen3_3403b18fc93acbfc\resize_0.25.jpg
imagen3_43058,resize_0.25,imagen3,imagen3,1,0.44736966490745544,data\cache\clean\test\imagen3_43058\resize_0.25.jpg
imagen3_44075,resize_0.25,imagen3,imagen3,1,0.17770785093307495,data\cache\clean\test\imagen3_44075\resize_0.25.jpg
imagen3_44476,resize_0.25,imagen3,imagen3,1,0.17037181556224823,data\cache\clean\test\imagen3_44476\resize_0.25.jpg
imagen3_46922,resize_0.25,imagen3,imagen3,1,0.20911777019500732,data\cache\clean\test\imagen3_46922\resize_0.25.jpg
imagen3_473ffc5e3d5dc373,resize_0.25,imagen3,imagen3,1,0.0013631170149892569,data\cache\clean\test\imagen3_473ffc5e3d5dc373\resize_0.25.jpg
imagen3_51659,resize_0.25,imagen3,imagen3,1,0.29486313462257385,data\cache\clean\test\imagen3_51659\resize_0.25.jpg
imagen3_5e95809bd47d157b,resize_0.25,imagen3,imagen3,1,0.03052365593612194,data\cache\clean\test\imagen3_5e95809bd47d157b\resize_0.25.jpg
imagen3_69467160e53f71bc,resize_0.25,imagen3,imagen3,1,0.10854821652173996,data\cache\clean\test\imagen3_69467160e53f71bc\resize_0.25.jpg
imagen3_6a8270ea182a9194,resize_0.25,imagen3,imagen3,1,0.004981024190783501,data\cache\clean\test\imagen3_6a8270ea182a9194\resize_0.25.jpg
imagen3_6c7624322b04ce43,resize_0.25,imagen3,imagen3,1,0.009324237704277039,data\cache\clean\test\imagen3_6c7624322b04ce43\resize_0.25.jpg
imagen3_77fb2d4f372634f8,resize_0.25,imagen3,imagen3,1,0.0015192355494946241,data\cache\clean\test\imagen3_77fb2d4f372634f8\resize_0.25.jpg
imagen3_7e3e1e738f642f1a,resize_0.25,imagen3,imagen3,1,0.3674311637878418,data\cache\clean\test\imagen3_7e3e1e738f642f1a\resize_0.25.jpg
imagen3_7ee1485909c59826,resize_0.25,imagen3,imagen3,1,0.006129859946668148,data\cache\clean\test\imagen3_7ee1485909c59826\resize_0.25.jpg
imagen3_8b13dc3bff918841,resize_0.25,imagen3,imagen3,1,0.03785254433751106,data\cache\clean\test\imagen3_8b13dc3bff918841\resize_0.25.jpg
imagen3_8c20e4bf83ffff36,resize_0.25,imagen3,imagen3,1,0.0971822738647461,data\cache\clean\test\imagen3_8c20e4bf83ffff36\resize_0.25.jpg
imagen3_8e6f8acd28fd8f35,resize_0.25,imagen3,imagen3,1,0.009790812619030476,data\cache\clean\test\imagen3_8e6f8acd28fd8f35\resize_0.25.jpg
imagen3_9e82651e214a25c8,resize_0.25,imagen3,imagen3,1,0.0732501745223999,data\cache\clean\test\imagen3_9e82651e214a25c8\resize_0.25.jpg
imagen3_aa13646e437b7afa,resize_0.25,imagen3,imagen3,1,0.02536393702030182,data\cache\clean\test\imagen3_aa13646e437b7afa\resize_0.25.jpg
imagen3_ad860df8c2a1a848,resize_0.25,imagen3,imagen3,1,0.009474282152950764,data\cache\clean\test\imagen3_ad860df8c2a1a848\resize_0.25.jpg
imagen3_b69c9976ced306d1,resize_0.25,imagen3,imagen3,1,0.030711162835359573,data\cache\clean\test\imagen3_b69c9976ced306d1\resize_0.25.jpg
imagen3_ca44bb7db1e73a9a,resize_0.25,imagen3,imagen3,1,0.010924439877271652,data\cache\clean\test\imagen3_ca44bb7db1e73a9a\resize_0.25.jpg
imagen3_e63f3b6f8bdee43a,resize_0.25,imagen3,imagen3,1,0.04153263196349144,data\cache\clean\test\imagen3_e63f3b6f8bdee43a\resize_0.25.jpg
imagen3_ea646e585cc24088,resize_0.25,imagen3,imagen3,1,0.26989415287971497,data\cache\clean\test\imagen3_ea646e585cc24088\resize_0.25.jpg
imagen3_eaf94916ce926270,resize_0.25,imagen3,imagen3,1,0.4655753970146179,data\cache\clean\test\imagen3_eaf94916ce926270\resize_0.25.jpg
imagen3_f2da05bffbe27dab,resize_0.25,imagen3,imagen3,1,0.04723203927278519,data\cache\clean\test\imagen3_f2da05bffbe27dab\resize_0.25.jpg
imagen3_fd568a2839353a92,resize_0.25,imagen3,imagen3,1,0.36139076948165894,data\cache\clean\test\imagen3_fd568a2839353a92\resize_0.25.jpg
imagen3_fe7048efd51b15b8,resize_0.25,imagen3,imagen3,1,0.18691492080688477,data\cache\clean\test\imagen3_fe7048efd51b15b8\resize_0.25.jpg
imagen3_Imagen3_1208,resize_0.25,imagen3,imagen3,1,0.03413575142621994,data\cache\clean\test\imagen3_Imagen3_1208\resize_0.25.jpg
imagen3_Imagen3_2403,resize_0.25,imagen3,imagen3,1,0.00324136926792562,data\cache\clean\test\imagen3_Imagen3_2403\resize_0.25.jpg
imagen3_Imagen3_3097,resize_0.25,imagen3,imagen3,1,0.39572960138320923,data\cache\clean\test\imagen3_Imagen3_3097\resize_0.25.jpg
sidset_full_synthetic_033528,resize_0.25,sidset,full_synthetic,1,0.05406436696648598,data\cache\clean\test\sidset_full_synthetic_033528\resize_0.25.jpg
sidset_full_synthetic_042089,resize_0.25,sidset,full_synthetic,1,0.060613177716732025,data\cache\clean\test\sidset_full_synthetic_042089\resize_0.25.jpg
sidset_full_synthetic_048809,resize_0.25,sidset,full_synthetic,1,0.3485698401927948,data\cache\clean\test\sidset_full_synthetic_048809\resize_0.25.jpg
sidset_full_synthetic_060524,resize_0.25,sidset,full_synthetic,1,0.04387561231851578,data\cache\clean\test\sidset_full_synthetic_060524\resize_0.25.jpg
sidset_full_synthetic_063062,resize_0.25,sidset,full_synthetic,1,0.20153580605983734,data\cache\clean\test\sidset_full_synthetic_063062\resize_0.25.jpg
sidset_full_synthetic_066065,resize_0.25,sidset,full_synthetic,1,0.16427919268608093,data\cache\clean\test\sidset_full_synthetic_066065\resize_0.25.jpg
stylegan_xl_0097a2e24789bc7a,resize_0.25,stylegan_xl,stylegan_xl,1,0.020094456151127815,data\cache\clean\test\stylegan_xl_0097a2e24789bc7a\resize_0.25.jpg
stylegan_xl_00a4591cf03df584,resize_0.25,stylegan_xl,stylegan_xl,1,0.0033580861054360867,data\cache\clean\test\stylegan_xl_00a4591cf03df584\resize_0.25.jpg
stylegan_xl_031391f1ab18ab62,resize_0.25,stylegan_xl,stylegan_xl,1,0.23053358495235443,data\cache\clean\test\stylegan_xl_031391f1ab18ab62\resize_0.25.jpg
stylegan_xl_0a4244f8a9185bad,resize_0.25,stylegan_xl,stylegan_xl,1,0.49844327569007874,data\cache\clean\test\stylegan_xl_0a4244f8a9185bad\resize_0.25.jpg
stylegan_xl_0f7efa4c31bcd8f4,resize_0.25,stylegan_xl,stylegan_xl,1,0.0007490398129448295,data\cache\clean\test\stylegan_xl_0f7efa4c31bcd8f4\resize_0.25.jpg
stylegan_xl_1060d58257bc5130,resize_0.25,stylegan_xl,stylegan_xl,1,0.013190352357923985,data\cache\clean\test\stylegan_xl_1060d58257bc5130\resize_0.25.jpg
stylegan_xl_2013fe0d44f84041,resize_0.25,stylegan_xl,stylegan_xl,1,1.577959665155504e-05,data\cache\clean\test\stylegan_xl_2013fe0d44f84041\resize_0.25.jpg
stylegan_xl_3621cf0be1fc8d68,resize_0.25,stylegan_xl,stylegan_xl,1,0.1175990030169487,data\cache\clean\test\stylegan_xl_3621cf0be1fc8d68\resize_0.25.jpg
stylegan_xl_38c489e3b0d8c700,resize_0.25,stylegan_xl,stylegan_xl,1,0.045421648770570755,data\cache\clean\test\stylegan_xl_38c489e3b0d8c700\resize_0.25.jpg
stylegan_xl_3b5e18f8fc06450d,resize_0.25,stylegan_xl,stylegan_xl,1,0.0064871725626289845,data\cache\clean\test\stylegan_xl_3b5e18f8fc06450d\resize_0.25.jpg
stylegan_xl_45081,resize_0.25,stylegan_xl,stylegan_xl,1,0.051911137998104095,data\cache\clean\test\stylegan_xl_45081\resize_0.25.jpg
stylegan_xl_45954,resize_0.25,stylegan_xl,stylegan_xl,1,0.3182191550731659,data\cache\clean\test\stylegan_xl_45954\resize_0.25.jpg
stylegan_xl_47014,resize_0.25,stylegan_xl,stylegan_xl,1,0.27213969826698303,data\cache\clean\test\stylegan_xl_47014\resize_0.25.jpg
stylegan_xl_47343,resize_0.25,stylegan_xl,stylegan_xl,1,0.029944153502583504,data\cache\clean\test\stylegan_xl_47343\resize_0.25.jpg
stylegan_xl_48611,resize_0.25,stylegan_xl,stylegan_xl,1,0.017102206125855446,data\cache\clean\test\stylegan_xl_48611\resize_0.25.jpg
stylegan_xl_4f991f9638e28675,resize_0.25,stylegan_xl,stylegan_xl,1,0.011050143279135227,data\cache\clean\test\stylegan_xl_4f991f9638e28675\resize_0.25.jpg
stylegan_xl_50731,resize_0.25,stylegan_xl,stylegan_xl,1,0.010024070739746094,data\cache\clean\test\stylegan_xl_50731\resize_0.25.jpg
stylegan_xl_51829,resize_0.25,stylegan_xl,stylegan_xl,1,0.11883208900690079,data\cache\clean\test\stylegan_xl_51829\resize_0.25.jpg
stylegan_xl_548aed682dc65ef2,resize_0.25,stylegan_xl,stylegan_xl,1,0.31449174880981445,data\cache\clean\test\stylegan_xl_548aed682dc65ef2\resize_0.25.jpg
stylegan_xl_60ed9d3511d333bf,resize_0.25,stylegan_xl,stylegan_xl,1,0.09594666957855225,data\cache\clean\test\stylegan_xl_60ed9d3511d333bf\resize_0.25.jpg
stylegan_xl_65bb283a1280639e,resize_0.25,stylegan_xl,stylegan_xl,1,0.02040371485054493,data\cache\clean\test\stylegan_xl_65bb283a1280639e\resize_0.25.jpg
stylegan_xl_729fee52c5b7f95b,resize_0.25,stylegan_xl,stylegan_xl,1,0.026317430660128593,data\cache\clean\test\stylegan_xl_729fee52c5b7f95b\resize_0.25.jpg
stylegan_xl_7d433e90bcd7bd53,resize_0.25,stylegan_xl,stylegan_xl,1,0.0009560210746712983,data\cache\clean\test\stylegan_xl_7d433e90bcd7bd53\resize_0.25.jpg
stylegan_xl_7ffebe6032f8209f,resize_0.25,stylegan_xl,stylegan_xl,1,0.015886027365922928,data\cache\clean\test\stylegan_xl_7ffebe6032f8209f\resize_0.25.jpg
stylegan_xl_80fc8be6e7c11eb3,resize_0.25,stylegan_xl,stylegan_xl,1,0.0126370033249259,data\cache\clean\test\stylegan_xl_80fc8be6e7c11eb3\resize_0.25.jpg
stylegan_xl_8461b1ae87c22c20,resize_0.25,stylegan_xl,stylegan_xl,1,0.4423474371433258,data\cache\clean\test\stylegan_xl_8461b1ae87c22c20\resize_0.25.jpg
stylegan_xl_8f9dfd75dde8914f,resize_0.25,stylegan_xl,stylegan_xl,1,0.02483803778886795,data\cache\clean\test\stylegan_xl_8f9dfd75dde8914f\resize_0.25.jpg
stylegan_xl_a10d4a733f4df420,resize_0.25,stylegan_xl,stylegan_xl,1,0.04138360172510147,data\cache\clean\test\stylegan_xl_a10d4a733f4df420\resize_0.25.jpg
stylegan_xl_a1ed16fffc5ecb68,resize_0.25,stylegan_xl,stylegan_xl,1,0.32676562666893005,data\cache\clean\test\stylegan_xl_a1ed16fffc5ecb68\resize_0.25.jpg
stylegan_xl_a72f3ace10a8f550,resize_0.25,stylegan_xl,stylegan_xl,1,0.0019387612119317055,data\cache\clean\test\stylegan_xl_a72f3ace10a8f550\resize_0.25.jpg
stylegan_xl_ae09b95535340878,resize_0.25,stylegan_xl,stylegan_xl,1,0.48424819111824036,data\cache\clean\test\stylegan_xl_ae09b95535340878\resize_0.25.jpg
stylegan_xl_b6abe358484b287a,resize_0.25,stylegan_xl,stylegan_xl,1,0.023893628269433975,data\cache\clean\test\stylegan_xl_b6abe358484b287a\resize_0.25.jpg
stylegan_xl_bd69757ff485d03e,resize_0.25,stylegan_xl,stylegan_xl,1,0.38606035709381104,data\cache\clean\test\stylegan_xl_bd69757ff485d03e\resize_0.25.jpg
stylegan_xl_cccbc1d57a7e095e,resize_0.25,stylegan_xl,stylegan_xl,1,0.18375703692436218,data\cache\clean\test\stylegan_xl_cccbc1d57a7e095e\resize_0.25.jpg
stylegan_xl_cf9c332a1ebfb587,resize_0.25,stylegan_xl,stylegan_xl,1,0.005592722445726395,data\cache\clean\test\stylegan_xl_cf9c332a1ebfb587\resize_0.25.jpg
stylegan_xl_d7c4ece8c8a01de0,resize_0.25,stylegan_xl,stylegan_xl,1,0.3145027458667755,data\cache\clean\test\stylegan_xl_d7c4ece8c8a01de0\resize_0.25.jpg
stylegan_xl_e4b8e7ef72cabaf2,resize_0.25,stylegan_xl,stylegan_xl,1,0.25945207476615906,data\cache\clean\test\stylegan_xl_e4b8e7ef72cabaf2\resize_0.25.jpg
stylegan_xl_f4a503e24265a7e1,resize_0.25,stylegan_xl,stylegan_xl,1,0.49536651372909546,data\cache\clean\test\stylegan_xl_f4a503e24265a7e1\resize_0.25.jpg
stylegan_xl_fef6a66b8deaa7ab,resize_0.25,stylegan_xl,stylegan_xl,1,0.004894155543297529,data\cache\clean\test\stylegan_xl_fef6a66b8deaa7ab\resize_0.25.jpg
cifake_1028 (10),resize_0.5,cifake,stable_diffusion,1,0.13985015451908112,data\cache\clean\test\cifake_1028 (10)\resize_0.5.jpg
cifake_1088 (3),resize_0.5,cifake,stable_diffusion,1,0.49563392996788025,data\cache\clean\test\cifake_1088 (3)\resize_0.5.jpg
cifake_2293 (9),resize_0.5,cifake,stable_diffusion,1,0.1071804016828537,data\cache\clean\test\cifake_2293 (9)\resize_0.5.jpg
cifake_4127 (3),resize_0.5,cifake,stable_diffusion,1,0.41249844431877136,data\cache\clean\test\cifake_4127 (3)\resize_0.5.jpg
cifake_4221 (2),resize_0.5,cifake,stable_diffusion,1,0.044320620596408844,data\cache\clean\test\cifake_4221 (2)\resize_0.5.jpg
cifake_4615 (3),resize_0.5,cifake,stable_diffusion,1,0.03701488673686981,data\cache\clean\test\cifake_4615 (3)\resize_0.5.jpg
cifake_5607 (3),resize_0.5,cifake,stable_diffusion,1,0.12127287685871124,data\cache\clean\test\cifake_5607 (3)\resize_0.5.jpg
cifake_5943 (10),resize_0.5,cifake,stable_diffusion,1,0.047542452812194824,data\cache\clean\test\cifake_5943 (10)\resize_0.5.jpg
cifake_771 (8),resize_0.5,cifake,stable_diffusion,1,0.1690278798341751,data\cache\clean\test\cifake_771 (8)\resize_0.5.jpg
dalle_12052,resize_0.5,dalle,dalle,1,0.003181317588314414,data\cache\clean\test\dalle_12052\resize_0.5.jpg
dalle_13108,resize_0.5,dalle,dalle,1,0.3308454155921936,data\cache\clean\test\dalle_13108\resize_0.5.jpg
dalle_1895b86b74caac5dad51022c3d3b33df,resize_0.5,dalle,dalle,1,0.2110419124364853,data\cache\clean\test\dalle_1895b86b74caac5dad51022c3d3b33df\resize_0.5.jpg
dalle_19590,resize_0.5,dalle,dalle,1,0.053384967148303986,data\cache\clean\test\dalle_19590\resize_0.5.jpg
dalle_3469,resize_0.5,dalle,dalle,1,0.24193216860294342,data\cache\clean\test\dalle_3469\resize_0.5.jpg
dalle_40387,resize_0.5,dalle,dalle,1,0.147963285446167,data\cache\clean\test\dalle_40387\resize_0.5.jpg
dalle_41791,resize_0.5,dalle,dalle,1,0.00105798221193254,data\cache\clean\test\dalle_41791\resize_0.5.jpg
dalle_6f0f61883f111368d770c54801f33449,resize_0.5,dalle,dalle,1,0.00044670014176517725,data\cache\clean\test\dalle_6f0f61883f111368d770c54801f33449\resize_0.5.jpg
dalle_8017,resize_0.5,dalle,dalle,1,0.00017815982573665679,data\cache\clean\test\dalle_8017\resize_0.5.jpg
dalle_9068,resize_0.5,dalle,dalle,1,0.1976010501384735,data\cache\clean\test\dalle_9068\resize_0.5.jpg
dalle_9639,resize_0.5,dalle,dalle,1,0.10264285653829575,data\cache\clean\test\dalle_9639\resize_0.5.jpg
gigagan_02115,resize_0.5,gigagan,gigagan,1,0.42785075306892395,data\cache\clean\test\gigagan_02115\resize_0.5.jpg
gigagan_03860,resize_0.5,gigagan,gigagan,1,0.31676235795021057,data\cache\clean\test\gigagan_03860\resize_0.5.jpg
gigagan_05738,resize_0.5,gigagan,gigagan,1,0.1058950200676918,data\cache\clean\test\gigagan_05738\resize_0.5.jpg
gigagan_06526,resize_0.5,gigagan,gigagan,1,0.4878618121147156,data\cache\clean\test\gigagan_06526\resize_0.5.jpg
gigagan_07909,resize_0.5,gigagan,gigagan,1,0.08389406651258469,data\cache\clean\test\gigagan_07909\resize_0.5.jpg
gigagan_08351,resize_0.5,gigagan,gigagan,1,0.1384287029504776,data\cache\clean\test\gigagan_08351\resize_0.5.jpg
gigagan_08561,resize_0.5,gigagan,gigagan,1,0.354761004447937,data\cache\clean\test\gigagan_08561\resize_0.5.jpg
gigagan_09026,resize_0.5,gigagan,gigagan,1,0.13765984773635864,data\cache\clean\test\gigagan_09026\resize_0.5.jpg
gigagan_09302,resize_0.5,gigagan,gigagan,1,0.02945113182067871,data\cache\clean\test\gigagan_09302\resize_0.5.jpg
gigagan_09458,resize_0.5,gigagan,gigagan,1,0.07024949789047241,data\cache\clean\test\gigagan_09458\resize_0.5.jpg
gigagan_10769,resize_0.5,gigagan,gigagan,1,0.014718832448124886,data\cache\clean\test\gigagan_10769\resize_0.5.jpg
gigagan_10914,resize_0.5,gigagan,gigagan,1,0.0002260318724438548,data\cache\clean\test\gigagan_10914\resize_0.5.jpg
gigagan_12929,resize_0.5,gigagan,gigagan,1,0.014726406894624233,data\cache\clean\test\gigagan_12929\resize_0.5.jpg
gigagan_14071,resize_0.5,gigagan,gigagan,1,0.0001767972280504182,data\cache\clean\test\gigagan_14071\resize_0.5.jpg
gigagan_14138,resize_0.5,gigagan,gigagan,1,0.4064697325229645,data\cache\clean\test\gigagan_14138\resize_0.5.jpg
gigagan_14909,resize_0.5,gigagan,gigagan,1,0.0803864598274231,data\cache\clean\test\gigagan_14909\resize_0.5.jpg
gigagan_15454,resize_0.5,gigagan,gigagan,1,0.26934105157852173,data\cache\clean\test\gigagan_15454\resize_0.5.jpg
gigagan_16357,resize_0.5,gigagan,gigagan,1,0.2045479565858841,data\cache\clean\test\gigagan_16357\resize_0.5.jpg
gigagan_16859,resize_0.5,gigagan,gigagan,1,0.31710585951805115,data\cache\clean\test\gigagan_16859\resize_0.5.jpg
gigagan_16966,resize_0.5,gigagan,gigagan,1,0.1711864173412323,data\cache\clean\test\gigagan_16966\resize_0.5.jpg
gigagan_18085,resize_0.5,gigagan,gigagan,1,0.015529799275100231,data\cache\clean\test\gigagan_18085\resize_0.5.jpg
gigagan_18143,resize_0.5,gigagan,gigagan,1,0.28217291831970215,data\cache\clean\test\gigagan_18143\resize_0.5.jpg
gigagan_19199,resize_0.5,gigagan,gigagan,1,0.019555656239390373,data\cache\clean\test\gigagan_19199\resize_0.5.jpg
gigagan_19458,resize_0.5,gigagan,gigagan,1,0.3779163062572479,data\cache\clean\test\gigagan_19458\resize_0.5.jpg
gigagan_20207,resize_0.5,gigagan,gigagan,1,0.4777209460735321,data\cache\clean\test\gigagan_20207\resize_0.5.jpg
gigagan_20327,resize_0.5,gigagan,gigagan,1,0.0005009717424400151,data\cache\clean\test\gigagan_20327\resize_0.5.jpg
gigagan_20756,resize_0.5,gigagan,gigagan,1,0.4751945734024048,data\cache\clean\test\gigagan_20756\resize_0.5.jpg
gigagan_21116,resize_0.5,gigagan,gigagan,1,0.11129826307296753,data\cache\clean\test\gigagan_21116\resize_0.5.jpg
gigagan_21166,resize_0.5,gigagan,gigagan,1,0.40645891427993774,data\cache\clean\test\gigagan_21166\resize_0.5.jpg
gigagan_21244,resize_0.5,gigagan,gigagan,1,0.08620131015777588,data\cache\clean\test\gigagan_21244\resize_0.5.jpg
gigagan_21611,resize_0.5,gigagan,gigagan,1,0.17110443115234375,data\cache\clean\test\gigagan_21611\resize_0.5.jpg
gigagan_22263,resize_0.5,gigagan,gigagan,1,0.19618524610996246,data\cache\clean\test\gigagan_22263\resize_0.5.jpg
gigagan_22533,resize_0.5,gigagan,gigagan,1,0.3192661702632904,data\cache\clean\test\gigagan_22533\resize_0.5.jpg
gigagan_22770,resize_0.5,gigagan,gigagan,1,0.011727998033165932,data\cache\clean\test\gigagan_22770\resize_0.5.jpg
gigagan_23134,resize_0.5,gigagan,gigagan,1,0.00040038564475253224,data\cache\clean\test\gigagan_23134\resize_0.5.jpg
gigagan_23834,resize_0.5,gigagan,gigagan,1,0.042028430849313736,data\cache\clean\test\gigagan_23834\resize_0.5.jpg
gigagan_24445,resize_0.5,gigagan,gigagan,1,0.061414338648319244,data\cache\clean\test\gigagan_24445\resize_0.5.jpg
gigagan_24679,resize_0.5,gigagan,gigagan,1,0.06406395882368088,data\cache\clean\test\gigagan_24679\resize_0.5.jpg
gigagan_25002,resize_0.5,gigagan,gigagan,1,0.4292490482330322,data\cache\clean\test\gigagan_25002\resize_0.5.jpg
gigagan_25090,resize_0.5,gigagan,gigagan,1,0.04185384511947632,data\cache\clean\test\gigagan_25090\resize_0.5.jpg
gigagan_25801,resize_0.5,gigagan,gigagan,1,0.20111244916915894,data\cache\clean\test\gigagan_25801\resize_0.5.jpg
gigagan_26067,resize_0.5,gigagan,gigagan,1,0.26738834381103516,data\cache\clean\test\gigagan_26067\resize_0.5.jpg
gigagan_26681,resize_0.5,gigagan,gigagan,1,0.08899234980344772,data\cache\clean\test\gigagan_26681\resize_0.5.jpg
gigagan_28062,resize_0.5,gigagan,gigagan,1,0.36335429549217224,data\cache\clean\test\gigagan_28062\resize_0.5.jpg
gigagan_28336,resize_0.5,gigagan,gigagan,1,0.4398697018623352,data\cache\clean\test\gigagan_28336\resize_0.5.jpg
gigagan_28900,resize_0.5,gigagan,gigagan,1,0.05429892614483833,data\cache\clean\test\gigagan_28900\resize_0.5.jpg
gigagan_29456,resize_0.5,gigagan,gigagan,1,0.14734172821044922,data\cache\clean\test\gigagan_29456\resize_0.5.jpg
imagen3_045e6da6fd7f6fb0,resize_0.5,imagen3,imagen3,1,0.0005484303692355752,data\cache\clean\test\imagen3_045e6da6fd7f6fb0\resize_0.5.jpg
imagen3_13ed1f9391224848,resize_0.5,imagen3,imagen3,1,0.13340088725090027,data\cache\clean\test\imagen3_13ed1f9391224848\resize_0.5.jpg
imagen3_17643da56f35c6f7,resize_0.5,imagen3,imagen3,1,0.0007748411153443158,data\cache\clean\test\imagen3_17643da56f35c6f7\resize_0.5.jpg
imagen3_17919c9ffd792ad9,resize_0.5,imagen3,imagen3,1,0.46124112606048584,data\cache\clean\test\imagen3_17919c9ffd792ad9\resize_0.5.jpg
imagen3_24e64d19ddde11cb,resize_0.5,imagen3,imagen3,1,0.003924480173736811,data\cache\clean\test\imagen3_24e64d19ddde11cb\resize_0.5.jpg
imagen3_260ae6b06f1f50e2,resize_0.5,imagen3,imagen3,1,0.00020248399232514203,data\cache\clean\test\imagen3_260ae6b06f1f50e2\resize_0.5.jpg
imagen3_2be4510162a8a76e,resize_0.5,imagen3,imagen3,1,0.21051329374313354,data\cache\clean\test\imagen3_2be4510162a8a76e\resize_0.5.jpg
imagen3_3403b18fc93acbfc,resize_0.5,imagen3,imagen3,1,0.01777946576476097,data\cache\clean\test\imagen3_3403b18fc93acbfc\resize_0.5.jpg
imagen3_44476,resize_0.5,imagen3,imagen3,1,0.11247028410434723,data\cache\clean\test\imagen3_44476\resize_0.5.jpg
imagen3_46922,resize_0.5,imagen3,imagen3,1,0.08354112505912781,data\cache\clean\test\imagen3_46922\resize_0.5.jpg
imagen3_473ffc5e3d5dc373,resize_0.5,imagen3,imagen3,1,0.00029307985096238554,data\cache\clean\test\imagen3_473ffc5e3d5dc373\resize_0.5.jpg
imagen3_51659,resize_0.5,imagen3,imagen3,1,0.07523524016141891,data\cache\clean\test\imagen3_51659\resize_0.5.jpg
imagen3_5e95809bd47d157b,resize_0.5,imagen3,imagen3,1,0.04895695671439171,data\cache\clean\test\imagen3_5e95809bd47d157b\resize_0.5.jpg
imagen3_69467160e53f71bc,resize_0.5,imagen3,imagen3,1,0.225546196103096,data\cache\clean\test\imagen3_69467160e53f71bc\resize_0.5.jpg
imagen3_6a8270ea182a9194,resize_0.5,imagen3,imagen3,1,0.001555700320750475,data\cache\clean\test\imagen3_6a8270ea182a9194\resize_0.5.jpg
imagen3_6c7624322b04ce43,resize_0.5,imagen3,imagen3,1,0.009809349663555622,data\cache\clean\test\imagen3_6c7624322b04ce43\resize_0.5.jpg
imagen3_77fb2d4f372634f8,resize_0.5,imagen3,imagen3,1,0.0016080185305327177,data\cache\clean\test\imagen3_77fb2d4f372634f8\resize_0.5.jpg
imagen3_7ee1485909c59826,resize_0.5,imagen3,imagen3,1,0.005128911696374416,data\cache\clean\test\imagen3_7ee1485909c59826\resize_0.5.jpg
imagen3_8b13dc3bff918841,resize_0.5,imagen3,imagen3,1,0.07489488273859024,data\cache\clean\test\imagen3_8b13dc3bff918841\resize_0.5.jpg
imagen3_8c20e4bf83ffff36,resize_0.5,imagen3,imagen3,1,0.33066892623901367,data\cache\clean\test\imagen3_8c20e4bf83ffff36\resize_0.5.jpg
imagen3_8e6f8acd28fd8f35,resize_0.5,imagen3,imagen3,1,0.03144970163702965,data\cache\clean\test\imagen3_8e6f8acd28fd8f35\resize_0.5.jpg
imagen3_9e82651e214a25c8,resize_0.5,imagen3,imagen3,1,0.06182705610990524,data\cache\clean\test\imagen3_9e82651e214a25c8\resize_0.5.jpg
imagen3_aa13646e437b7afa,resize_0.5,imagen3,imagen3,1,0.0036022095009684563,data\cache\clean\test\imagen3_aa13646e437b7afa\resize_0.5.jpg
imagen3_ad860df8c2a1a848,resize_0.5,imagen3,imagen3,1,0.0050107622519135475,data\cache\clean\test\imagen3_ad860df8c2a1a848\resize_0.5.jpg
imagen3_b69c9976ced306d1,resize_0.5,imagen3,imagen3,1,0.018381936475634575,data\cache\clean\test\imagen3_b69c9976ced306d1\resize_0.5.jpg
imagen3_ca44bb7db1e73a9a,resize_0.5,imagen3,imagen3,1,0.006859449669718742,data\cache\clean\test\imagen3_ca44bb7db1e73a9a\resize_0.5.jpg
imagen3_e63f3b6f8bdee43a,resize_0.5,imagen3,imagen3,1,0.04565228521823883,data\cache\clean\test\imagen3_e63f3b6f8bdee43a\resize_0.5.jpg
imagen3_ea646e585cc24088,resize_0.5,imagen3,imagen3,1,0.36213406920433044,data\cache\clean\test\imagen3_ea646e585cc24088\resize_0.5.jpg
imagen3_f2da05bffbe27dab,resize_0.5,imagen3,imagen3,1,0.11626173555850983,data\cache\clean\test\imagen3_f2da05bffbe27dab\resize_0.5.jpg
imagen3_fd568a2839353a92,resize_0.5,imagen3,imagen3,1,0.4499329626560211,data\cache\clean\test\imagen3_fd568a2839353a92\resize_0.5.jpg
imagen3_Imagen3_1208,resize_0.5,imagen3,imagen3,1,0.00541722821071744,data\cache\clean\test\imagen3_Imagen3_1208\resize_0.5.jpg
imagen3_Imagen3_2403,resize_0.5,imagen3,imagen3,1,0.0058947475627064705,data\cache\clean\test\imagen3_Imagen3_2403\resize_0.5.jpg
imagen3_Imagen3_3097,resize_0.5,imagen3,imagen3,1,0.11108862608671188,data\cache\clean\test\imagen3_Imagen3_3097\resize_0.5.jpg
sidset_full_synthetic_033528,resize_0.5,sidset,full_synthetic,1,0.024072809144854546,data\cache\clean\test\sidset_full_synthetic_033528\resize_0.5.jpg
sidset_full_synthetic_042089,resize_0.5,sidset,full_synthetic,1,0.11315584927797318,data\cache\clean\test\sidset_full_synthetic_042089\resize_0.5.jpg
sidset_full_synthetic_060524,resize_0.5,sidset,full_synthetic,1,0.4044451415538788,data\cache\clean\test\sidset_full_synthetic_060524\resize_0.5.jpg
sidset_full_synthetic_063062,resize_0.5,sidset,full_synthetic,1,0.18992337584495544,data\cache\clean\test\sidset_full_synthetic_063062\resize_0.5.jpg
sidset_full_synthetic_066065,resize_0.5,sidset,full_synthetic,1,0.23933015763759613,data\cache\clean\test\sidset_full_synthetic_066065\resize_0.5.jpg
stylegan_xl_0097a2e24789bc7a,resize_0.5,stylegan_xl,stylegan_xl,1,0.010067407973110676,data\cache\clean\test\stylegan_xl_0097a2e24789bc7a\resize_0.5.jpg
stylegan_xl_00a4591cf03df584,resize_0.5,stylegan_xl,stylegan_xl,1,0.0013085352256894112,data\cache\clean\test\stylegan_xl_00a4591cf03df584\resize_0.5.jpg
stylegan_xl_031391f1ab18ab62,resize_0.5,stylegan_xl,stylegan_xl,1,0.15385764837265015,data\cache\clean\test\stylegan_xl_031391f1ab18ab62\resize_0.5.jpg
stylegan_xl_0f7efa4c31bcd8f4,resize_0.5,stylegan_xl,stylegan_xl,1,0.00395854189991951,data\cache\clean\test\stylegan_xl_0f7efa4c31bcd8f4\resize_0.5.jpg
stylegan_xl_1060d58257bc5130,resize_0.5,stylegan_xl,stylegan_xl,1,0.0008995886892080307,data\cache\clean\test\stylegan_xl_1060d58257bc5130\resize_0.5.jpg
stylegan_xl_1440252ff76f525f,resize_0.5,stylegan_xl,stylegan_xl,1,0.44111454486846924,data\cache\clean\test\stylegan_xl_1440252ff76f525f\resize_0.5.jpg
stylegan_xl_2013fe0d44f84041,resize_0.5,stylegan_xl,stylegan_xl,1,1.3946922081231605e-05,data\cache\clean\test\stylegan_xl_2013fe0d44f84041\resize_0.5.jpg
stylegan_xl_324e332686aa6966,resize_0.5,stylegan_xl,stylegan_xl,1,0.449042409658432,data\cache\clean\test\stylegan_xl_324e332686aa6966\resize_0.5.jpg
stylegan_xl_3621cf0be1fc8d68,resize_0.5,stylegan_xl,stylegan_xl,1,0.17459845542907715,data\cache\clean\test\stylegan_xl_3621cf0be1fc8d68\resize_0.5.jpg
stylegan_xl_38c489e3b0d8c700,resize_0.5,stylegan_xl,stylegan_xl,1,0.020935043692588806,data\cache\clean\test\stylegan_xl_38c489e3b0d8c700\resize_0.5.jpg
stylegan_xl_3b5e18f8fc06450d,resize_0.5,stylegan_xl,stylegan_xl,1,0.007860543206334114,data\cache\clean\test\stylegan_xl_3b5e18f8fc06450d\resize_0.5.jpg
stylegan_xl_45081,resize_0.5,stylegan_xl,stylegan_xl,1,0.04894690215587616,data\cache\clean\test\stylegan_xl_45081\resize_0.5.jpg
stylegan_xl_47343,resize_0.5,stylegan_xl,stylegan_xl,1,0.03014438785612583,data\cache\clean\test\stylegan_xl_47343\resize_0.5.jpg
stylegan_xl_48611,resize_0.5,stylegan_xl,stylegan_xl,1,0.009191778488457203,data\cache\clean\test\stylegan_xl_48611\resize_0.5.jpg
stylegan_xl_4f991f9638e28675,resize_0.5,stylegan_xl,stylegan_xl,1,0.06619729846715927,data\cache\clean\test\stylegan_xl_4f991f9638e28675\resize_0.5.jpg
stylegan_xl_50731,resize_0.5,stylegan_xl,stylegan_xl,1,0.017691470682621002,data\cache\clean\test\stylegan_xl_50731\resize_0.5.jpg
stylegan_xl_60ed9d3511d333bf,resize_0.5,stylegan_xl,stylegan_xl,1,0.03067413717508316,data\cache\clean\test\stylegan_xl_60ed9d3511d333bf\resize_0.5.jpg
stylegan_xl_65bb283a1280639e,resize_0.5,stylegan_xl,stylegan_xl,1,0.016882339492440224,data\cache\clean\test\stylegan_xl_65bb283a1280639e\resize_0.5.jpg
stylegan_xl_729fee52c5b7f95b,resize_0.5,stylegan_xl,stylegan_xl,1,0.03224208578467369,data\cache\clean\test\stylegan_xl_729fee52c5b7f95b\resize_0.5.jpg
stylegan_xl_7d433e90bcd7bd53,resize_0.5,stylegan_xl,stylegan_xl,1,0.0008852698956616223,data\cache\clean\test\stylegan_xl_7d433e90bcd7bd53\resize_0.5.jpg
stylegan_xl_7ffebe6032f8209f,resize_0.5,stylegan_xl,stylegan_xl,1,0.01775282993912697,data\cache\clean\test\stylegan_xl_7ffebe6032f8209f\resize_0.5.jpg
stylegan_xl_80fc8be6e7c11eb3,resize_0.5,stylegan_xl,stylegan_xl,1,0.0027063321322202682,data\cache\clean\test\stylegan_xl_80fc8be6e7c11eb3\resize_0.5.jpg
stylegan_xl_8461b1ae87c22c20,resize_0.5,stylegan_xl,stylegan_xl,1,0.19090241193771362,data\cache\clean\test\stylegan_xl_8461b1ae87c22c20\resize_0.5.jpg
stylegan_xl_8f9dfd75dde8914f,resize_0.5,stylegan_xl,stylegan_xl,1,0.015753965824842453,data\cache\clean\test\stylegan_xl_8f9dfd75dde8914f\resize_0.5.jpg
stylegan_xl_a10d4a733f4df420,resize_0.5,stylegan_xl,stylegan_xl,1,0.17268511652946472,data\cache\clean\test\stylegan_xl_a10d4a733f4df420\resize_0.5.jpg
stylegan_xl_a1ed16fffc5ecb68,resize_0.5,stylegan_xl,stylegan_xl,1,0.11010333895683289,data\cache\clean\test\stylegan_xl_a1ed16fffc5ecb68\resize_0.5.jpg
stylegan_xl_a72f3ace10a8f550,resize_0.5,stylegan_xl,stylegan_xl,1,0.003664169693365693,data\cache\clean\test\stylegan_xl_a72f3ace10a8f550\resize_0.5.jpg
stylegan_xl_b6abe358484b287a,resize_0.5,stylegan_xl,stylegan_xl,1,0.0053476900793612,data\cache\clean\test\stylegan_xl_b6abe358484b287a\resize_0.5.jpg
stylegan_xl_bd69757ff485d03e,resize_0.5,stylegan_xl,stylegan_xl,1,0.1595524549484253,data\cache\clean\test\stylegan_xl_bd69757ff485d03e\resize_0.5.jpg
stylegan_xl_cccbc1d57a7e095e,resize_0.5,stylegan_xl,stylegan_xl,1,0.18091686069965363,data\cache\clean\test\stylegan_xl_cccbc1d57a7e095e\resize_0.5.jpg
stylegan_xl_cf9c332a1ebfb587,resize_0.5,stylegan_xl,stylegan_xl,1,0.0022430953104048967,data\cache\clean\test\stylegan_xl_cf9c332a1ebfb587\resize_0.5.jpg
stylegan_xl_d7c4ece8c8a01de0,resize_0.5,stylegan_xl,stylegan_xl,1,0.25538796186447144,data\cache\clean\test\stylegan_xl_d7c4ece8c8a01de0\resize_0.5.jpg
stylegan_xl_e4b8e7ef72cabaf2,resize_0.5,stylegan_xl,stylegan_xl,1,0.12054625153541565,data\cache\clean\test\stylegan_xl_e4b8e7ef72cabaf2\resize_0.5.jpg
stylegan_xl_f4a503e24265a7e1,resize_0.5,stylegan_xl,stylegan_xl,1,0.3998163044452667,data\cache\clean\test\stylegan_xl_f4a503e24265a7e1\resize_0.5.jpg
stylegan_xl_fef6a66b8deaa7ab,resize_0.5,stylegan_xl,stylegan_xl,1,0.0006737457006238401,data\cache\clean\test\stylegan_xl_fef6a66b8deaa7ab\resize_0.5.jpg
