img_id,variant,source_dataset,generator_family,label,prob,path
cifake_1028 (10),clean,cifake,stable_diffusion,1,0.33270785212516785,data\cache\clean\test\cifake_1028 (10)\clean.jpg
cifake_1088 (3),clean,cifake,stable_diffusion,1,0.12291266024112701,data\cache\clean\test\cifake_1088 (3)\clean.jpg
cifake_1297 (6),clean,cifake,stable_diffusion,1,0.4672708511352539,data\cache\clean\test\cifake_1297 (6)\clean.jpg
cifake_1867 (9),clean,cifake,stable_diffusion,1,0.1955755352973938,data\cache\clean\test\cifake_1867 (9)\clean.jpg
cifake_2293 (9),clean,cifake,stable_diffusion,1,0.06794039160013199,data\cache\clean\test\cifake_2293 (9)\clean.jpg
cifake_2790 (9),clean,cifake,stable_diffusion,1,0.07319114357233047,data\cache\clean\test\cifake_2790 (9)\clean.jpg
cifake_3339 (9),clean,cifake,stable_diffusion,1,0.25080493092536926,data\cache\clean\test\cifake_3339 (9)\clean.jpg
cifake_3395 (5),clean,cifake,stable_diffusion,1,0.40862396359443665,data\cache\clean\test\cifake_3395 (5)\clean.jpg
cifake_4127 (3),clean,cifake,stable_diffusion,1,0.2857411801815033,data\cache\clean\test\cifake_4127 (3)\clean.jpg
cifake_4221 (2),clean,cifake,stable_diffusion,1,0.04700721800327301,data\cache\clean\test\cifake_4221 (2)\clean.jpg
cifake_4615 (3),clean,cifake,stable_diffusion,1,0.18561820685863495,data\cache\clean\test\cifake_4615 (3)\clean.jpg
cifake_4670 (4),clean,cifake,stable_diffusion,1,0.3584928512573242,data\cache\clean\test\cifake_4670 (4)\clean.jpg
cifake_5110 (9),clean,cifake,stable_diffusion,1,0.2515312433242798,data\cache\clean\test\cifake_5110 (9)\clean.jpg
cifake_5607 (3),clean,cifake,stable_diffusion,1,0.12798435986042023,data\cache\clean\test\cifake_5607 (3)\clean.jpg
cifake_5943 (10),clean,cifake,stable_diffusion,1,0.04405402019619942,data\cache\clean\test\cifake_5943 (10)\clean.jpg
cifake_771 (8),clean,cifake,stable_diffusion,1,0.08993300795555115,data\cache\clean\test\cifake_771 (8)\clean.jpg
cifake_841 (4),clean,cifake,stable_diffusion,1,0.27819573879241943,data\cache\clean\test\cifake_841 (4)\clean.jpg
cifake_954 (9),clean,cifake,stable_diffusion,1,0.42173391580581665,data\cache\clean\test\cifake_954 (9)\clean.jpg
dalle_10420,clean,dalle,dalle,1,0.34214872121810913,data\cache\clean\test\dalle_10420\clean.jpg
dalle_12052,clean,dalle,dalle,1,0.1588948518037796,data\cache\clean\test\dalle_12052\clean.jpg
dalle_13108,clean,dalle,dalle,1,0.15528838336467743,data\cache\clean\test\dalle_13108\clean.jpg
dalle_13895,clean,dalle,dalle,1,0.4982786178588867,data\cache\clean\test\dalle_13895\clean.jpg
dalle_1895b86b74caac5dad51022c3d3b33df,clean,dalle,dalle,1,0.0282195545732975,data\cache\clean\test\dalle_1895b86b74caac5dad51022c3d3b33df\clean.jpg
dalle_20855,clean,dalle,dalle,1,0.2543352544307709,data\cache\clean\test\dalle_20855\clean.jpg
dalle_26203,clean,dalle,dalle,1,0.47736886143684387,data\cache\clean\test\dalle_26203\clean.jpg
dalle_29659,clean,dalle,dalle,1,0.2806720435619354,data\cache\clean\test\dalle_29659\clean.jpg
dalle_3469,clean,dalle,dalle,1,0.2770104706287384,data\cache\clean\test\dalle_3469\clean.jpg
dalle_35493,clean,dalle,dalle,1,0.2408842146396637,data\cache\clean\test\dalle_35493\clean.jpg
dalle_3c589aa7fd4a6705f1fd7918daf4ffb9,clean,dalle,dalle,1,0.23913605511188507,data\cache\clean\test\dalle_3c589aa7fd4a6705f1fd7918daf4ffb9\clean.jpg
dalle_40387,clean,dalle,dalle,1,0.05117621272802353,data\cache\clean\test\dalle_40387\clean.jpg
dalle_41791,clean,dalle,dalle,1,0.3650205135345459,data\cache\clean\test\dalle_41791\clean.jpg
dalle_6f0f61883f111368d770c54801f33449,clean,dalle,dalle,1,0.006319123785942793,data\cache\clean\test\dalle_6f0f61883f111368d770c54801f33449\clean.jpg
dalle_8017,clean,dalle,dalle,1,0.007191377226263285,data\cache\clean\test\dalle_8017\clean.jpg
dalle_9068,clean,dalle,dalle,1,0.05310475081205368,data\cache\clean\test\dalle_9068\clean.jpg
gigagan_03422,clean,gigagan,gigagan,1,0.4281176030635834,data\cache\clean\test\gigagan_03422\clean.jpg
gigagan_05061,clean,gigagan,gigagan,1,0.4551514685153961,data\cache\clean\test\gigagan_05061\clean.jpg
gigagan_05738,clean,gigagan,gigagan,1,0.299625039100647,data\cache\clean\test\gigagan_05738\clean.jpg
gigagan_07177,clean,gigagan,gigagan,1,0.2425408512353897,data\cache\clean\test\gigagan_07177\clean.jpg
gigagan_07676,clean,gigagan,gigagan,1,0.41855937242507935,data\cache\clean\test\gigagan_07676\clean.jpg
gigagan_07909,clean,gigagan,gigagan,1,0.10677410662174225,data\cache\clean\test\gigagan_07909\clean.jpg
gigagan_09026,clean,gigagan,gigagan,1,0.09189846366643906,data\cache\clean\test\gigagan_09026\clean.jpg
gigagan_09302,clean,gigagan,gigagan,1,0.09857019782066345,data\cache\clean\test\gigagan_09302\clean.jpg
gigagan_09458,clean,gigagan,gigagan,1,0.123576320707798,data\cache\clean\test\gigagan_09458\clean.jpg
gigagan_10769,clean,gigagan,gigagan,1,0.2055189162492752,data\cache\clean\test\gigagan_10769\clean.jpg
gigagan_10914,clean,gigagan,gigagan,1,0.015609498135745525,data\cache\clean\test\gigagan_10914\clean.jpg
gigagan_14071,clean,gigagan,gigagan,1,0.006365084555000067,data\cache\clean\test\gigagan_14071\clean.jpg
gigagan_14858,clean,gigagan,gigagan,1,0.4154498875141144,data\cache\clean\test\gigagan_14858\clean.jpg
gigagan_14909,clean,gigagan,gigagan,1,0.12621338665485382,data\cache\clean\test\gigagan_14909\clean.jpg
gigagan_15561,clean,gigagan,gigagan,1,0.19629722833633423,data\cache\clean\test\gigagan_15561\clean.jpg
gigagan_15694,clean,gigagan,gigagan,1,0.1640692800283432,data\cache\clean\test\gigagan_15694\clean.jpg
gigagan_15949,clean,gigagan,gigagan,1,0.35981589555740356,data\cache\clean\test\gigagan_15949\clean.jpg
gigagan_16357,clean,gigagan,gigagan,1,0.35030508041381836,data\cache\clean\test\gigagan_16357\clean.jpg
gigagan_16966,clean,gigagan,gigagan,1,0.20136335492134094,data\cache\clean\test\gigagan_16966\clean.jpg
gigagan_17003,clean,gigagan,gigagan,1,0.4258253574371338,data\cache\clean\test\gigagan_17003\clean.jpg
gigagan_17666,clean,gigagan,gigagan,1,0.05006519332528114,data\cache\clean\test\gigagan_17666\clean.jpg
gigagan_18037,clean,gigagan,gigagan,1,0.2801150381565094,data\cache\clean\test\gigagan_18037\clean.jpg
gigagan_18085,clean,gigagan,gigagan,1,0.19362309575080872,data\cache\clean\test\gigagan_18085\clean.jpg
gigagan_18378,clean,gigagan,gigagan,1,0.4992308020591736,data\cache\clean\test\gigagan_18378\clean.jpg
gigagan_19055,clean,gigagan,gigagan,1,0.16808025538921356,data\cache\clean\test\gigagan_19055\clean.jpg
gigagan_19199,clean,gigagan,gigagan,1,0.04427064210176468,data\cache\clean\test\gigagan_19199\clean.jpg
gigagan_19316,clean,gigagan,gigagan,1,0.4173170328140259,data\cache\clean\test\gigagan_19316\clean.jpg
gigagan_20207,clean,gigagan,gigagan,1,0.34049612283706665,data\cache\clean\test\gigagan_20207\clean.jpg
gigagan_20316,clean,gigagan,gigagan,1,0.20356346666812897,data\cache\clean\test\gigagan_20316\clean.jpg
gigagan_20327,clean,gigagan,gigagan,1,0.0573064386844635,data\cache\clean\test\gigagan_20327\clean.jpg
gigagan_20516,clean,gigagan,gigagan,1,0.15285052359104156,data\cache\clean\test\gigagan_20516\clean.jpg
gigagan_20968,clean,gigagan,gigagan,1,0.035290829837322235,data\cache\clean\test\gigagan_20968\clean.jpg
gigagan_21116,clean,gigagan,gigagan,1,0.30846890807151794,data\cache\clean\test\gigagan_21116\clean.jpg
gigagan_21166,clean,gigagan,gigagan,1,0.3920651078224182,data\cache\clean\test\gigagan_21166\clean.jpg
gigagan_21244,clean,gigagan,gigagan,1,0.17909787595272064,data\cache\clean\test\gigagan_21244\clean.jpg
gigagan_21611,clean,gigagan,gigagan,1,0.24321283400058746,data\cache\clean\test\gigagan_21611\clean.jpg
gigagan_22418,clean,gigagan,gigagan,1,0.06993478536605835,data\cache\clean\test\gigagan_22418\clean.jpg
gigagan_23134,clean,gigagan,gigagan,1,0.030010830610990524,data\cache\clean\test\gigagan_23134\clean.jpg
gigagan_23521,clean,gigagan,gigagan,1,0.3374190330505371,data\cache\clean\test\gigagan_23521\clean.jpg
gigagan_23834,clean,gigagan,gigagan,1,0.11326833814382553,data\cache\clean\test\gigagan_23834\clean.jpg
gigagan_24147,clean,gigagan,gigagan,1,0.3162311911582947,data\cache\clean\test\gigagan_24147\clean.jpg
gigagan_24377,clean,gigagan,gigagan,1,0.1285405158996582,data\cache\clean\test\gigagan_24377\clean.jpg
gigagan_24445,clean,gigagan,gigagan,1,0.14334431290626526,data\cache\clean\test\gigagan_24445\clean.jpg
gigagan_24679,clean,gigagan,gigagan,1,0.3069443702697754,data\cache\clean\test\gigagan_24679\clean.jpg
gigagan_24933,clean,gigagan,gigagan,1,0.4753881096839905,data\cache\clean\test\gigagan_24933\clean.jpg
gigagan_25090,clean,gigagan,gigagan,1,0.23202799260616302,data\cache\clean\test\gigagan_25090\clean.jpg
gigagan_25761,clean,gigagan,gigagan,1,0.44879457354545593,data\cache\clean\test\gigagan_25761\clean.jpg
gigagan_26651,clean,gigagan,gigagan,1,0.36932435631752014,data\cache\clean\test\gigagan_26651\clean.jpg
gigagan_26681,clean,gigagan,gigagan,1,0.2919805347919464,data\cache\clean\test\gigagan_26681\clean.jpg
gigagan_27542,clean,gigagan,gigagan,1,0.43738478422164917,data\cache\clean\test\gigagan_27542\clean.jpg
gigagan_28336,clean,gigagan,gigagan,1,0.2777077555656433,data\cache\clean\test\gigagan_28336\clean.jpg
gigagan_28900,clean,gigagan,gigagan,1,0.34017515182495117,data\cache\clean\test\gigagan_28900\clean.jpg
gigagan_29456,clean,gigagan,gigagan,1,0.14337433874607086,data\cache\clean\test\gigagan_29456\clean.jpg
imagen3_045e6da6fd7f6fb0,clean,imagen3,imagen3,1,0.05252303555607796,data\cache\clean\test\imagen3_045e6da6fd7f6fb0\clean.jpg
imagen3_04e3097ac2f57647,clean,imagen3,imagen3,1,0.4690161943435669,data\cache\clean\test\imagen3_04e3097ac2f57647\clean.jpg
imagen3_13ed1f9391224848,clean,imagen3,imagen3,1,0.14908024668693542,data\cache\clean\test\imagen3_13ed1f9391224848\clean.jpg
imagen3_17643da56f35c6f7,clean,imagen3,imagen3,1,0.024126099422574043,data\cache\clean\test\imagen3_17643da56f35c6f7\clean.jpg
imagen3_1fe9a0379cffa709,clean,imagen3,imagen3,1,0.4581616520881653,data\cache\clean\test\imagen3_1fe9a0379cffa709\clean.jpg
imagen3_24e64d19ddde11cb,clean,imagen3,imagen3,1,0.021852781996130943,data\cache\clean\test\imagen3_24e64d19ddde11cb\clean.jpg
imagen3_260ae6b06f1f50e2,clean,imagen3,imagen3,1,0.03424869477748871,data\cache\clean\test\imagen3_260ae6b06f1f50e2\clean.jpg
imagen3_2be4510162a8a76e,clean,imagen3,imagen3,1,0.020635439082980156,data\cache\clean\test\imagen3_2be4510162a8a76e\clean.jpg
imagen3_3403b18fc93acbfc,clean,imagen3,imagen3,1,0.05760558322072029,data\cache\clean\test\imagen3_3403b18fc93acbfc\clean.jpg
imagen3_43058,clean,imagen3,imagen3,1,0.06573314964771271,data\cache\clean\test\imagen3_43058\clean.jpg
imagen3_46922,clean,imagen3,imagen3,1,0.42279380559921265,data\cache\clean\test\imagen3_46922\clean.jpg
imagen3_473ffc5e3d5dc373,clean,imagen3,imagen3,1,0.22364386916160583,data\cache\clean\test\imagen3_473ffc5e3d5dc373\clean.jpg
imagen3_51659,clean,imagen3,imagen3,1,0.2648235857486725,data\cache\clean\test\imagen3_51659\clean.jpg
imagen3_52520,clean,imagen3,imagen3,1,0.4841924011707306,data\cache\clean\test\imagen3_52520\clean.jpg
imagen3_560ead164dab63a5,clean,imagen3,imagen3,1,0.1453355848789215,data\cache\clean\test\imagen3_560ead164dab63a5\clean.jpg
imagen3_5e95809bd47d157b,clean,imagen3,imagen3,1,0.1452358514070511,data\cache\clean\test\imagen3_5e95809bd47d157b\clean.jpg
imagen3_69467160e53f71bc,clean,imagen3,imagen3,1,0.4712603688240051,data\cache\clean\test\imagen3_69467160e53f71bc\clean.jpg
imagen3_6a8270ea182a9194,clean,imagen3,imagen3,1,0.07479262351989746,data\cache\clean\test\imagen3_6a8270ea182a9194\clean.jpg
imagen3_6c7624322b04ce43,clean,imagen3,imagen3,1,0.014588293619453907,data\cache\clean\test\imagen3_6c7624322b04ce43\clean.jpg
imagen3_77fb2d4f372634f8,clean,imagen3,imagen3,1,0.06712383776903152,data\cache\clean\test\imagen3_77fb2d4f372634f8\clean.jpg
imagen3_8b13dc3bff918841,clean,imagen3,imagen3,1,0.22346705198287964,data\cache\clean\test\imagen3_8b13dc3bff918841\clean.jpg
imagen3_8e6f8acd28fd8f35,clean,imagen3,imagen3,1,0.2504998743534088,data\cache\clean\test\imagen3_8e6f8acd28fd8f35\clean.jpg
imagen3_9e82651e214a25c8,clean,imagen3,imagen3,1,0.19647113978862762,data\cache\clean\test\imagen3_9e82651e214a25c8\clean.jpg
imagen3_aa13646e437b7afa,clean,imagen3,imagen3,1,0.09243025630712509,data\cache\clean\test\imagen3_aa13646e437b7afa\clean.jpg
imagen3_ad860df8c2a1a848,clean,imagen3,imagen3,1,0.09271007776260376,data\cache\clean\test\imagen3_ad860df8c2a1a848\clean.jpg
imagen3_b69c9976ced306d1,clean,imagen3,imagen3,1,0.2674488425254822,data\cache\clean\test\imagen3_b69c9976ced306d1\clean.jpg
imagen3_ca44bb7db1e73a9a,clean,imagen3,imagen3,1,0.1136903166770935,data\cache\clean\test\imagen3_ca44bb7db1e73a9a\clean.jpg
imagen3_e63f3b6f8bdee43a,clean,imagen3,imagen3,1,0.40389108657836914,data\cache\clean\test\imagen3_e63f3b6f8bdee43a\clean.jpg
imagen3_ea646e585cc24088,clean,imagen3,imagen3,1,0.3199550211429596,data\cache\clean\test\imagen3_ea646e585cc24088\clean.jpg
imagen3_f2da05bffbe27dab,clean,imagen3,imagen3,1,0.061224937438964844,data\cache\clean\test\imagen3_f2da05bffbe27dab\clean.jpg
imagen3_fd568a2839353a92,clean,imagen3,imagen3,1,0.4623638987541199,data\cache\clean\test\imagen3_fd568a2839353a92\clean.jpg
imagen3_fe7048efd51b15b8,clean,imagen3,imagen3,1,0.44962191581726074,data\cache\clean\test\imagen3_fe7048efd51b15b8\clean.jpg
imagen3_Imagen3_1208,clean,imagen3,imagen3,1,0.07355783879756927,data\cache\clean\test\imagen3_Imagen3_1208\clean.jpg
imagen3_Imagen3_2403,clean,imagen3,imagen3,1,0.3578057587146759,data\cache\clean\test\imagen3_Imagen3_2403\clean.jpg
imagen3_Imagen3_3097,clean,imagen3,imagen3,1,0.09222257882356644,data\cache\clean\test\imagen3_Imagen3_3097\clean.jpg
imagen3_Imagen3_3546,clean,imagen3,imagen3,1,0.33218827843666077,data\cache\clean\test\imagen3_Imagen3_3546\clean.jpg
sidset_full_synthetic_001692,clean,sidset,full_synthetic,1,0.08218467980623245,data\cache\clean\test\sidset_full_synthetic_001692\clean.jpg
sidset_full_synthetic_031321,clean,sidset,full_synthetic,1,0.40339380502700806,data\cache\clean\test\sidset_full_synthetic_031321\clean.jpg
sidset_full_synthetic_033528,clean,sidset,full_synthetic,1,0.18539868295192719,data\cache\clean\test\sidset_full_synthetic_033528\clean.jpg
sidset_full_synthetic_060524,clean,sidset,full_synthetic,1,0.2004299759864807,data\cache\clean\test\sidset_full_synthetic_060524\clean.jpg
sidset_full_synthetic_063062,clean,sidset,full_synthetic,1,0.3787257969379425,data\cache\clean\test\sidset_full_synthetic_063062\clean.jpg
sidset_full_synthetic_066065,clean,sidset,full_synthetic,1,0.2751399874687195,data\cache\clean\test\sidset_full_synthetic_066065\clean.jpg
stylegan_xl_0097a2e24789bc7a,clean,stylegan_xl,stylegan_xl,1,0.04689566418528557,data\cache\clean\test\stylegan_xl_0097a2e24789bc7a\clean.jpg
stylegan_xl_00a4591cf03df584,clean,stylegan_xl,stylegan_xl,1,0.018155710771679878,data\cache\clean\test\stylegan_xl_00a4591cf03df584\clean.jpg
stylegan_xl_0a4244f8a9185bad,clean,stylegan_xl,stylegan_xl,1,0.3876197338104248,data\cache\clean\test\stylegan_xl_0a4244f8a9185bad\clean.jpg
stylegan_xl_0f7efa4c31bcd8f4,clean,stylegan_xl,stylegan_xl,1,0.21039654314517975,data\cache\clean\test\stylegan_xl_0f7efa4c31bcd8f4\clean.jpg
stylegan_xl_1060d58257bc5130,clean,stylegan_xl,stylegan_xl,1,0.023694021627306938,data\cache\clean\test\stylegan_xl_1060d58257bc5130\clean.jpg
stylegan_xl_17f8bf0ef8d2f478,clean,stylegan_xl,stylegan_xl,1,0.4673987925052643,data\cache\clean\test\stylegan_xl_17f8bf0ef8d2f478\clean.jpg
stylegan_xl_2013fe0d44f84041,clean,stylegan_xl,stylegan_xl,1,0.006577649153769016,data\cache\clean\test\stylegan_xl_2013fe0d44f84041\clean.jpg
stylegan_xl_324e332686aa6966,clean,stylegan_xl,stylegan_xl,1,0.26156648993492126,data\cache\clean\test\stylegan_xl_324e332686aa6966\clean.jpg
stylegan_xl_3621cf0be1fc8d68,clean,stylegan_xl,stylegan_xl,1,0.4359864592552185,data\cache\clean\test\stylegan_xl_3621cf0be1fc8d68\clean.jpg
stylegan_xl_38c489e3b0d8c700,clean,stylegan_xl,stylegan_xl,1,0.2716408967971802,data\cache\clean\test\stylegan_xl_38c489e3b0d8c700\clean.jpg
stylegan_xl_3b5e18f8fc06450d,clean,stylegan_xl,stylegan_xl,1,0.005815729033201933,data\cache\clean\test\stylegan_xl_3b5e18f8fc06450d\clean.jpg
stylegan_xl_45602,clean,stylegan_xl,stylegan_xl,1,0.27148115634918213,data\cache\clean\test\stylegan_xl_45602\clean.jpg
stylegan_xl_47343,clean,stylegan_xl,stylegan_xl,1,0.07093147188425064,data\cache\clean\test\stylegan_xl_47343\clean.jpg
stylegan_xl_48611,clean,stylegan_xl,stylegan_xl,1,0.12786777317523956,data\cache\clean\test\stylegan_xl_48611\clean.jpg
stylegan_xl_4f991f9638e28675,clean,stylegan_xl,stylegan_xl,1,0.14028285443782806,data\cache\clean\test\stylegan_xl_4f991f9638e28675\clean.jpg
stylegan_xl_60ed9d3511d333bf,clean,stylegan_xl,stylegan_xl,1,0.13635006546974182,data\cache\clean\test\stylegan_xl_60ed9d3511d333bf\clean.jpg
stylegan_xl_65bb283a1280639e,clean,stylegan_xl,stylegan_xl,1,0.21092815697193146,data\cache\clean\test\stylegan_xl_65bb283a1280639e\clean.jpg
stylegan_xl_729fee52c5b7f95b,clean,stylegan_xl,stylegan_xl,1,0.16922862827777863,data\cache\clean\test\stylegan_xl_729fee52c5b7f95b\clean.jpg
stylegan_xl_7d433e90bcd7bd53,clean,stylegan_xl,stylegan_xl,1,0.00589619530364871,data\cache\clean\test\stylegan_xl_7d433e90bcd7bd53\clean.jpg
stylegan_xl_7ffebe6032f8209f,clean,stylegan_xl,stylegan_xl,1,0.21820087730884552,data\cache\clean\test\stylegan_xl_7ffebe6032f8209f\clean.jpg
stylegan_xl_80fc8be6e7c11eb3,clean,stylegan_xl,stylegan_xl,1,0.02152189426124096,data\cache\clean\test\stylegan_xl_80fc8be6e7c11eb3\clean.jpg
stylegan_xl_8461b1ae87c22c20,clean,stylegan_xl,stylegan_xl,1,0.2186356633901596,data\cache\clean\test\stylegan_xl_8461b1ae87c22c20\clean.jpg
stylegan_xl_8f9dfd75dde8914f,clean,stylegan_xl,stylegan_xl,1,0.16241617500782013,data\cache\clean\test\stylegan_xl_8f9dfd75dde8914f\clean.jpg
stylegan_xl_a10d4a733f4df420,clean,stylegan_xl,stylegan_xl,1,0.20501835644245148,data\cache\clean\test\stylegan_xl_a10d4a733f4df420\clean.jpg
stylegan_xl_a1ed16fffc5ecb68,clean,stylegan_xl,stylegan_xl,1,0.06044507399201393,data\cache\clean\test\stylegan_xl_a1ed16fffc5ecb68\clean.jpg
stylegan_xl_a72f3ace10a8f550,clean,stylegan_xl,stylegan_xl,1,0.03084985911846161,data\cache\clean\test\stylegan_xl_a72f3ace10a8f550\clean.jpg
stylegan_xl_b6abe358484b287a,clean,stylegan_xl,stylegan_xl,1,0.3141603171825409,data\cache\clean\test\stylegan_xl_b6abe358484b287a\clean.jpg
stylegan_xl_bd69757ff485d03e,clean,stylegan_xl,stylegan_xl,1,0.40391045808792114,data\cache\clean\test\stylegan_xl_bd69757ff485d03e\clean.jpg
stylegan_xl_c9421141bcf3a15a,clean,stylegan_xl,stylegan_xl,1,0.47762900590896606,data\cache\clean\test\stylegan_xl_c9421141bcf3a15a\clean.jpg
stylegan_xl_cccbc1d57a7e095e,clean,stylegan_xl,stylegan_xl,1,0.4900721311569214,data\cache\clean\test\stylegan_xl_cccbc1d57a7e095e\clean.jpg
stylegan_xl_cf9c332a1ebfb587,clean,stylegan_xl,stylegan_xl,1,0.10081970691680908,data\cache\clean\test\stylegan_xl_cf9c332a1ebfb587\clean.jpg
stylegan_xl_d7c4ece8c8a01de0,clean,stylegan_xl,stylegan_xl,1,0.22172771394252777,data\cache\clean\test\stylegan_xl_d7c4ece8c8a01de0\clean.jpg
stylegan_xl_e4b8e7ef72cabaf2,clean,stylegan_xl,stylegan_xl,1,0.2588897943496704,data\cache\clean\test\stylegan_xl_e4b8e7ef72cabaf2\clean.jpg
stylegan_xl_f4a503e24265a7e1,clean,stylegan_xl,stylegan_xl,1,0.3776960074901581,data\cache\clean\test\stylegan_xl_f4a503e24265a7e1\clean.jpg
stylegan_xl_fef6a66b8deaa7ab,clean,stylegan_xl,stylegan_xl,1,0.051962755620479584,data\cache\clean\test\stylegan_xl_fef6a66b8deaa7ab\clean.jpg
cifake_1028 (10),blur_s0.5,cifake,stable_diffusion,1,0.33270785212516785,data\cache\clean\test\cifake_1028 (10)\blur_s0.5.jpg
cifake_1088 (3),blur_s0.5,cifake,stable_diffusion,1,0.12291266024112701,data\cache\clean\test\cifake_1088 (3)\blur_s0.5.jpg
cifake_1297 (6),blur_s0.5,cifake,stable_diffusion,1,0.4672708511352539,data\cache\clean\test\cifake_1297 (6)\blur_s0.5.jpg
cifake_1867 (9),blur_s0.5,cifake,stable_diffusion,1,0.1955755352973938,data\cache\clean\test\cifake_1867 (9)\blur_s0.5.jpg
cifake_2293 (9),blur_s0.5,cifake,stable_diffusion,1,0.06794039160013199,data\cache\clean\test\cifake_2293 (9)\blur_s0.5.jpg
cifake_2790 (9),blur_s0.5,cifake,stable_diffusion,1,0.07319114357233047,data\cache\clean\test\cifake_2790 (9)\blur_s0.5.jpg
cifake_3339 (9),blur_s0.5,cifake,stable_diffusion,1,0.25080493092536926,data\cache\clean\test\cifake_3339 (9)\blur_s0.5.jpg
cifake_3395 (5),blur_s0.5,cifake,stable_diffusion,1,0.40862396359443665,data\cache\clean\test\cifake_3395 (5)\blur_s0.5.jpg
cifake_4127 (3),blur_s0.5,cifake,stable_diffusion,1,0.2857411801815033,data\cache\clean\test\cifake_4127 (3)\blur_s0.5.jpg
cifake_4221 (2),blur_s0.5,cifake,stable_diffusion,1,0.04700721800327301,data\cache\clean\test\cifake_4221 (2)\blur_s0.5.jpg
cifake_4615 (3),blur_s0.5,cifake,stable_diffusion,1,0.18561820685863495,data\cache\clean\test\cifake_4615 (3)\blur_s0.5.jpg
cifake_4670 (4),blur_s0.5,cifake,stable_diffusion,1,0.3584928512573242,data\cache\clean\test\cifake_4670 (4)\blur_s0.5.jpg
cifake_5110 (9),blur_s0.5,cifake,stable_diffusion,1,0.2515312433242798,data\cache\clean\test\cifake_5110 (9)\blur_s0.5.jpg
cifake_5607 (3),blur_s0.5,cifake,stable_diffusion,1,0.12798435986042023,data\cache\clean\test\cifake_5607 (3)\blur_s0.5.jpg
cifake_5943 (10),blur_s0.5,cifake,stable_diffusion,1,0.04405402019619942,data\cache\clean\test\cifake_5943 (10)\blur_s0.5.jpg
cifake_771 (8),blur_s0.5,cifake,stable_diffusion,1,0.08993300795555115,data\cache\clean\test\cifake_771 (8)\blur_s0.5.jpg
cifake_841 (4),blur_s0.5,cifake,stable_diffusion,1,0.27819573879241943,data\cache\clean\test\cifake_841 (4)\blur_s0.5.jpg
cifake_954 (9),blur_s0.5,cifake,stable_diffusion,1,0.42173391580581665,data\cache\clean\test\cifake_954 (9)\blur_s0.5.jpg
dalle_10420,blur_s0.5,dalle,dalle,1,0.3322054445743561,data\cache\clean\test\dalle_10420\blur_s0.5.jpg
dalle_12052,blur_s0.5,dalle,dalle,1,0.18670663237571716,data\cache\clean\test\dalle_12052\blur_s0.5.jpg
dalle_13108,blur_s0.5,dalle,dalle,1,0.14736995100975037,data\cache\clean\test\dalle_13108\blur_s0.5.jpg
dalle_13895,blur_s0.5,dalle,dalle,1,0.4665880799293518,data\cache\clean\test\dalle_13895\blur_s0.5.jpg
dalle_1895b86b74caac5dad51022c3d3b33df,blur_s0.5,dalle,dalle,1,0.021295493468642235,data\cache\clean\test\dalle_1895b86b74caac5dad51022c3d3b33df\blur_s0.5.jpg
dalle_20855,blur_s0.5,dalle,dalle,1,0.25623834133148193,data\cache\clean\test\dalle_20855\blur_s0.5.jpg
dalle_26203,blur_s0.5,dalle,dalle,1,0.4480929374694824,data\cache\clean\test\dalle_26203\blur_s0.5.jpg
dalle_29659,blur_s0.5,dalle,dalle,1,0.290711909532547,data\cache\clean\test\dalle_29659\blur_s0.5.jpg
dalle_3469,blur_s0.5,dalle,dalle,1,0.2784588932991028,data\cache\clean\test\dalle_3469\blur_s0.5.jpg
dalle_35493,blur_s0.5,dalle,dalle,1,0.2059265673160553,data\cache\clean\test\dalle_35493\blur_s0.5.jpg
dalle_3c589aa7fd4a6705f1fd7918daf4ffb9,blur_s0.5,dalle,dalle,1,0.21593987941741943,data\cache\clean\test\dalle_3c589aa7fd4a6705f1fd7918daf4ffb9\blur_s0.5.jpg
dalle_40387,blur_s0.5,dalle,dalle,1,0.05765971168875694,data\cache\clean\test\dalle_40387\blur_s0.5.jpg
dalle_41791,blur_s0.5,dalle,dalle,1,0.4093034267425537,data\cache\clean\test\dalle_41791\blur_s0.5.jpg
dalle_6f0f61883f111368d770c54801f33449,blur_s0.5,dalle,dalle,1,0.006666979286819696,data\cache\clean\test\dalle_6f0f61883f111368d770c54801f33449\blur_s0.5.jpg
dalle_8017,blur_s0.5,dalle,dalle,1,0.009597796015441418,data\cache\clean\test\dalle_8017\blur_s0.5.jpg
dalle_9068,blur_s0.5,dalle,dalle,1,0.03717203438282013,data\cache\clean\test\dalle_9068\blur_s0.5.jpg
gigagan_03422,blur_s0.5,gigagan,gigagan,1,0.3368569314479828,data\cache\clean\test\gigagan_03422\blur_s0.5.jpg
gigagan_05061,blur_s0.5,gigagan,gigagan,1,0.43899211287498474,data\cache\clean\test\gigagan_05061\blur_s0.5.jpg
gigagan_05738,blur_s0.5,gigagan,gigagan,1,0.34645646810531616,data\cache\clean\test\gigagan_05738\blur_s0.5.jpg
gigagan_07177,blur_s0.5,gigagan,gigagan,1,0.20773383975028992,data\cache\clean\test\gigagan_07177\blur_s0.5.jpg
gigagan_07676,blur_s0.5,gigagan,gigagan,1,0.45900803804397583,data\cache\clean\test\gigagan_07676\blur_s0.5.jpg
gigagan_07909,blur_s0.5,gigagan,gigagan,1,0.12261660397052765,data\cache\clean\test\gigagan_07909\blur_s0.5.jpg
gigagan_08464,blur_s0.5,gigagan,gigagan,1,0.4187176525592804,data\cache\clean\test\gigagan_08464\blur_s0.5.jpg
gigagan_09026,blur_s0.5,gigagan,gigagan,1,0.10957304388284683,data\cache\clean\test\gigagan_09026\blur_s0.5.jpg
gigagan_09302,blur_s0.5,gigagan,gigagan,1,0.14078398048877716,data\cache\clean\test\gigagan_09302\blur_s0.5.jpg
gigagan_09458,blur_s0.5,gigagan,gigagan,1,0.10155858844518661,data\cache\clean\test\gigagan_09458\blur_s0.5.jpg
gigagan_10769,blur_s0.5,gigagan,gigagan,1,0.23687955737113953,data\cache\clean\test\gigagan_10769\blur_s0.5.jpg
gigagan_10914,blur_s0.5,gigagan,gigagan,1,0.012421421706676483,data\cache\clean\test\gigagan_10914\blur_s0.5.jpg
gigagan_14071,blur_s0.5,gigagan,gigagan,1,0.005970275495201349,data\cache\clean\test\gigagan_14071\blur_s0.5.jpg
gigagan_14858,blur_s0.5,gigagan,gigagan,1,0.47038736939430237,data\cache\clean\test\gigagan_14858\blur_s0.5.jpg
gigagan_14909,blur_s0.5,gigagan,gigagan,1,0.1197788342833519,data\cache\clean\test\gigagan_14909\blur_s0.5.jpg
gigagan_15561,blur_s0.5,gigagan,gigagan,1,0.21962645649909973,data\cache\clean\test\gigagan_15561\blur_s0.5.jpg
gigagan_15694,blur_s0.5,gigagan,gigagan,1,0.10720502585172653,data\cache\clean\test\gigagan_15694\blur_s0.5.jpg
gigagan_15949,blur_s0.5,gigagan,gigagan,1,0.27477872371673584,data\cache\clean\test\gigagan_15949\blur_s0.5.jpg
gigagan_16357,blur_s0.5,gigagan,gigagan,1,0.3244623839855194,data\cache\clean\test\gigagan_16357\blur_s0.5.jpg
gigagan_16966,blur_s0.5,gigagan,gigagan,1,0.3183494210243225,data\cache\clean\test\gigagan_16966\blur_s0.5.jpg
gigagan_17003,blur_s0.5,gigagan,gigagan,1,0.3593471348285675,data\cache\clean\test\gigagan_17003\blur_s0.5.jpg
gigagan_17666,blur_s0.5,gigagan,gigagan,1,0.04687326028943062,data\cache\clean\test\gigagan_17666\blur_s0.5.jpg
gigagan_18037,blur_s0.5,gigagan,gigagan,1,0.33016321063041687,data\cache\clean\test\gigagan_18037\blur_s0.5.jpg
gigagan_18085,blur_s0.5,gigagan,gigagan,1,0.33962976932525635,data\cache\clean\test\gigagan_18085\blur_s0.5.jpg
gigagan_18378,blur_s0.5,gigagan,gigagan,1,0.40114277601242065,data\cache\clean\test\gigagan_18378\blur_s0.5.jpg
gigagan_19055,blur_s0.5,gigagan,gigagan,1,0.1246761754155159,data\cache\clean\test\gigagan_19055\blur_s0.5.jpg
gigagan_19199,blur_s0.5,gigagan,gigagan,1,0.03112892247736454,data\cache\clean\test\gigagan_19199\blur_s0.5.jpg
gigagan_20207,blur_s0.5,gigagan,gigagan,1,0.31623926758766174,data\cache\clean\test\gigagan_20207\blur_s0.5.jpg
gigagan_20316,blur_s0.5,gigagan,gigagan,1,0.4098164737224579,data\cache\clean\test\gigagan_20316\blur_s0.5.jpg
gigagan_20327,blur_s0.5,gigagan,gigagan,1,0.054376084357500076,data\cache\clean\test\gigagan_20327\blur_s0.5.jpg
gigagan_20516,blur_s0.5,gigagan,gigagan,1,0.1093970313668251,data\cache\clean\test\gigagan_20516\blur_s0.5.jpg
gigagan_20968,blur_s0.5,gigagan,gigagan,1,0.028023172169923782,data\cache\clean\test\gigagan_20968\blur_s0.5.jpg
gigagan_21116,blur_s0.5,gigagan,gigagan,1,0.21363641321659088,data\cache\clean\test\gigagan_21116\blur_s0.5.jpg
gigagan_21166,blur_s0.5,gigagan,gigagan,1,0.4126148223876953,data\cache\clean\test\gigagan_21166\blur_s0.5.jpg
gigagan_21244,blur_s0.5,gigagan,gigagan,1,0.23445865511894226,data\cache\clean\test\gigagan_21244\blur_s0.5.jpg
gigagan_21611,blur_s0.5,gigagan,gigagan,1,0.2064814567565918,data\cache\clean\test\gigagan_21611\blur_s0.5.jpg
gigagan_22418,blur_s0.5,gigagan,gigagan,1,0.0394674688577652,data\cache\clean\test\gigagan_22418\blur_s0.5.jpg
gigagan_23134,blur_s0.5,gigagan,gigagan,1,0.03250802308320999,data\cache\clean\test\gigagan_23134\blur_s0.5.jpg
gigagan_23521,blur_s0.5,gigagan,gigagan,1,0.315803200006485,data\cache\clean\test\gigagan_23521\blur_s0.5.jpg
gigagan_23834,blur_s0.5,gigagan,gigagan,1,0.13169190287590027,data\cache\clean\test\gigagan_23834\blur_s0.5.jpg
gigagan_24147,blur_s0.5,gigagan,gigagan,1,0.45042499899864197,data\cache\clean\test\gigagan_24147\blur_s0.5.jpg
gigagan_24377,blur_s0.5,gigagan,gigagan,1,0.21919691562652588,data\cache\clean\test\gigagan_24377\blur_s0.5.jpg
gigagan_24445,blur_s0.5,gigagan,gigagan,1,0.10993789881467819,data\cache\clean\test\gigagan_24445\blur_s0.5.jpg
gigagan_24679,blur_s0.5,gigagan,gigagan,1,0.2255602926015854,data\cache\clean\test\gigagan_24679\blur_s0.5.jpg
gigagan_24933,blur_s0.5,gigagan,gigagan,1,0.37481191754341125,data\cache\clean\test\gigagan_24933\blur_s0.5.jpg
gigagan_25090,blur_s0.5,gigagan,gigagan,1,0.22908426821231842,data\cache\clean\test\gigagan_25090\blur_s0.5.jpg
gigagan_25761,blur_s0.5,gigagan,gigagan,1,0.40497830510139465,data\cache\clean\test\gigagan_25761\blur_s0.5.jpg
gigagan_26681,blur_s0.5,gigagan,gigagan,1,0.2416422814130783,data\cache\clean\test\gigagan_26681\blur_s0.5.jpg
gigagan_27589,blur_s0.5,gigagan,gigagan,1,0.4826089143753052,data\cache\clean\test\gigagan_27589\blur_s0.5.jpg
gigagan_28336,blur_s0.5,gigagan,gigagan,1,0.3474084436893463,data\cache\clean\test\gigagan_28336\blur_s0.5.jpg
gigagan_28900,blur_s0.5,gigagan,gigagan,1,0.35490262508392334,data\cache\clean\test\gigagan_28900\blur_s0.5.jpg
gigagan_29456,blur_s0.5,gigagan,gigagan,1,0.15480706095695496,data\cache\clean\test\gigagan_29456\blur_s0.5.jpg
imagen3_045e6da6fd7f6fb0,blur_s0.5,imagen3,imagen3,1,0.03536473214626312,data\cache\clean\test\imagen3_045e6da6fd7f6fb0\blur_s0.5.jpg
imagen3_13ed1f9391224848,blur_s0.5,imagen3,imagen3,1,0.14693325757980347,data\cache\clean\test\imagen3_13ed1f9391224848\blur_s0.5.jpg
imagen3_17643da56f35c6f7,blur_s0.5,imagen3,imagen3,1,0.014949691481888294,data\cache\clean\test\imagen3_17643da56f35c6f7\blur_s0.5.jpg
imagen3_1fe9a0379cffa709,blur_s0.5,imagen3,imagen3,1,0.4563872814178467,data\cache\clean\test\imagen3_1fe9a0379cffa709\blur_s0.5.jpg
imagen3_24e64d19ddde11cb,blur_s0.5,imagen3,imagen3,1,0.019725268706679344,data\cache\clean\test\imagen3_24e64d19ddde11cb\blur_s0.5.jpg
imagen3_260ae6b06f1f50e2,blur_s0.5,imagen3,imagen3,1,0.02879473939538002,data\cache\clean\test\imagen3_260ae6b06f1f50e2\blur_s0.5.jpg
imagen3_2be4510162a8a76e,blur_s0.5,imagen3,imagen3,1,0.02136879414319992,data\cache\clean\test\imagen3_2be4510162a8a76e\blur_s0.5.jpg
imagen3_3403b18fc93acbfc,blur_s0.5,imagen3,imagen3,1,0.06488917768001556,data\cache\clean\test\imagen3_3403b18fc93acbfc\blur_s0.5.jpg
imagen3_43058,blur_s0.5,imagen3,imagen3,1,0.07631752640008926,data\cache\clean\test\imagen3_43058\blur_s0.5.jpg
imagen3_46922,blur_s0.5,imagen3,imagen3,1,0.47156259417533875,data\cache\clean\test\imagen3_46922\blur_s0.5.jpg
imagen3_473ffc5e3d5dc373,blur_s0.5,imagen3,imagen3,1,0.19385920464992523,data\cache\clean\test\imagen3_473ffc5e3d5dc373\blur_s0.5.jpg
imagen3_51659,blur_s0.5,imagen3,imagen3,1,0.24619737267494202,data\cache\clean\test\imagen3_51659\blur_s0.5.jpg
imagen3_519f5c348fe55fcd,blur_s0.5,imagen3,imagen3,1,0.45684051513671875,data\cache\clean\test\imagen3_519f5c348fe55fcd\blur_s0.5.jpg
imagen3_52520,blur_s0.5,imagen3,imagen3,1,0.4351227879524231,data\cache\clean\test\imagen3_52520\blur_s0.5.jpg
imagen3_560ead164dab63a5,blur_s0.5,imagen3,imagen3,1,0.1353144347667694,data\cache\clean\test\imagen3_560ead164dab63a5\blur_s0.5.jpg
imagen3_5e95809bd47d157b,blur_s0.5,imagen3,imagen3,1,0.14165079593658447,data\cache\clean\test\imagen3_5e95809bd47d157b\blur_s0.5.jpg
imagen3_69467160e53f71bc,blur_s0.5,imagen3,imagen3,1,0.46142029762268066,data\cache\clean\test\imagen3_69467160e53f71bc\blur_s0.5.jpg
imagen3_6a8270ea182a9194,blur_s0.5,imagen3,imagen3,1,0.07647878676652908,data\cache\clean\test\imagen3_6a8270ea182a9194\blur_s0.5.jpg
imagen3_6c7624322b04ce43,blur_s0.5,imagen3,imagen3,1,0.010078453458845615,data\cache\clean\test\imagen3_6c7624322b04ce43\blur_s0.5.jpg
imagen3_77fb2d4f372634f8,blur_s0.5,imagen3,imagen3,1,0.06199008971452713,data\cache\clean\test\imagen3_77fb2d4f372634f8\blur_s0.5.jpg
imagen3_8b13dc3bff918841,blur_s0.5,imagen3,imagen3,1,0.25054290890693665,data\cache\clean\test\imagen3_8b13dc3bff918841\blur_s0.5.jpg
imagen3_8e6f8acd28fd8f35,blur_s0.5,imagen3,imagen3,1,0.22330962121486664,data\cache\clean\test\imagen3_8e6f8acd28fd8f35\blur_s0.5.jpg
imagen3_9e82651e214a25c8,blur_s0.5,imagen3,imagen3,1,0.19899576902389526,data\cache\clean\test\imagen3_9e82651e214a25c8\blur_s0.5.jpg
imagen3_aa13646e437b7afa,blur_s0.5,imagen3,imagen3,1,0.09678561240434647,data\cache\clean\test\imagen3_aa13646e437b7afa\blur_s0.5.jpg
imagen3_ad860df8c2a1a848,blur_s0.5,imagen3,imagen3,1,0.06517767161130905,data\cache\clean\test\imagen3_ad860df8c2a1a848\blur_s0.5.jpg
imagen3_b69c9976ced306d1,blur_s0.5,imagen3,imagen3,1,0.26051321625709534,data\cache\clean\test\imagen3_b69c9976ced306d1\blur_s0.5.jpg
imagen3_ca44bb7db1e73a9a,blur_s0.5,imagen3,imagen3,1,0.11020024120807648,data\cache\clean\test\imagen3_ca44bb7db1e73a9a\blur_s0.5.jpg
imagen3_d326e7c87fb1d966,blur_s0.5,imagen3,imagen3,1,0.48896026611328125,data\cache\clean\test\imagen3_d326e7c87fb1d966\blur_s0.5.jpg
imagen3_e63f3b6f8bdee43a,blur_s0.5,imagen3,imagen3,1,0.4444773197174072,data\cache\clean\test\imagen3_e63f3b6f8bdee43a\blur_s0.5.jpg
imagen3_ea646e585cc24088,blur_s0.5,imagen3,imagen3,1,0.31688550114631653,data\cache\clean\test\imagen3_ea646e585cc24088\blur_s0.5.jpg
imagen3_f2da05bffbe27dab,blur_s0.5,imagen3,imagen3,1,0.06088995933532715,data\cache\clean\test\imagen3_f2da05bffbe27dab\blur_s0.5.jpg
imagen3_fd568a2839353a92,blur_s0.5,imagen3,imagen3,1,0.4506721794605255,data\cache\clean\test\imagen3_fd568a2839353a92\blur_s0.5.jpg
imagen3_fe7048efd51b15b8,blur_s0.5,imagen3,imagen3,1,0.4139096438884735,data\cache\clean\test\imagen3_fe7048efd51b15b8\blur_s0.5.jpg
imagen3_Imagen3_1208,blur_s0.5,imagen3,imagen3,1,0.05995615944266319,data\cache\clean\test\imagen3_Imagen3_1208\blur_s0.5.jpg
imagen3_Imagen3_2403,blur_s0.5,imagen3,imagen3,1,0.2554467022418976,data\cache\clean\test\imagen3_Imagen3_2403\blur_s0.5.jpg
imagen3_Imagen3_3097,blur_s0.5,imagen3,imagen3,1,0.08338949084281921,data\cache\clean\test\imagen3_Imagen3_3097\blur_s0.5.jpg
imagen3_Imagen3_3546,blur_s0.5,imagen3,imagen3,1,0.28839343786239624,data\cache\clean\test\imagen3_Imagen3_3546\blur_s0.5.jpg
sidset_full_synthetic_001692,blur_s0.5,sidset,full_synthetic,1,0.10763343423604965,data\cache\clean\test\sidset_full_synthetic_001692\blur_s0.5.jpg
sidset_full_synthetic_031321,blur_s0.5,sidset,full_synthetic,1,0.4310523569583893,data\cache\clean\test\sidset_full_synthetic_031321\blur_s0.5.jpg
sidset_full_synthetic_033528,blur_s0.5,sidset,full_synthetic,1,0.23707734048366547,data\cache\clean\test\sidset_full_synthetic_033528\blur_s0.5.jpg
sidset_full_synthetic_046026,blur_s0.5,sidset,full_synthetic,1,0.4737766683101654,data\cache\clean\test\sidset_full_synthetic_046026\blur_s0.5.jpg
sidset_full_synthetic_060524,blur_s0.5,sidset,full_synthetic,1,0.18800637125968933,data\cache\clean\test\sidset_full_synthetic_060524\blur_s0.5.jpg
sidset_full_synthetic_063062,blur_s0.5,sidset,full_synthetic,1,0.38057589530944824,data\cache\clean\test\sidset_full_synthetic_063062\blur_s0.5.jpg
sidset_full_synthetic_066065,blur_s0.5,sidset,full_synthetic,1,0.3042203485965729,data\cache\clean\test\sidset_full_synthetic_066065\blur_s0.5.jpg
stylegan_xl_0097a2e24789bc7a,blur_s0.5,stylegan_xl,stylegan_xl,1,0.05441192910075188,data\cache\clean\test\stylegan_xl_0097a2e24789bc7a\blur_s0.5.jpg
stylegan_xl_00a4591cf03df584,blur_s0.5,stylegan_xl,stylegan_xl,1,0.018789391964673996,data\cache\clean\test\stylegan_xl_00a4591cf03df584\blur_s0.5.jpg
stylegan_xl_0a4244f8a9185bad,blur_s0.5,stylegan_xl,stylegan_xl,1,0.36301979422569275,data\cache\clean\test\stylegan_xl_0a4244f8a9185bad\blur_s0.5.jpg
stylegan_xl_0f7efa4c31bcd8f4,blur_s0.5,stylegan_xl,stylegan_xl,1,0.1589718610048294,data\cache\clean\test\stylegan_xl_0f7efa4c31bcd8f4\blur_s0.5.jpg
stylegan_xl_1060d58257bc5130,blur_s0.5,stylegan_xl,stylegan_xl,1,0.02705686166882515,data\cache\clean\test\stylegan_xl_1060d58257bc5130\blur_s0.5.jpg
stylegan_xl_17f8bf0ef8d2f478,blur_s0.5,stylegan_xl,stylegan_xl,1,0.4751434326171875,data\cache\clean\test\stylegan_xl_17f8bf0ef8d2f478\blur_s0.5.jpg
stylegan_xl_2013fe0d44f84041,blur_s0.5,stylegan_xl,stylegan_xl,1,0.007448217365890741,data\cache\clean\test\stylegan_xl_2013fe0d44f84041\blur_s0.5.jpg
stylegan_xl_324e332686aa6966,blur_s0.5,stylegan_xl,stylegan_xl,1,0.21295492351055145,data\cache\clean\test\stylegan_xl_324e332686aa6966\blur_s0.5.jpg
stylegan_xl_3621cf0be1fc8d68,blur_s0.5,stylegan_xl,stylegan_xl,1,0.441670298576355,data\cache\clean\test\stylegan_xl_3621cf0be1fc8d68\blur_s0.5.jpg
stylegan_xl_38c489e3b0d8c700,blur_s0.5,stylegan_xl,stylegan_xl,1,0.2679983377456665,data\cache\clean\test\stylegan_xl_38c489e3b0d8c700\blur_s0.5.jpg
stylegan_xl_3b5e18f8fc06450d,blur_s0.5,stylegan_xl,stylegan_xl,1,0.005689728539437056,data\cache\clean\test\stylegan_xl_3b5e18f8fc06450d\blur_s0.5.jpg
stylegan_xl_45602,blur_s0.5,stylegan_xl,stylegan_xl,1,0.3145991861820221,data\cache\clean\test\stylegan_xl_45602\blur_s0.5.jpg
stylegan_xl_47343,blur_s0.5,stylegan_xl,stylegan_xl,1,0.09437429904937744,data\cache\clean\test\stylegan_xl_47343\blur_s0.5.jpg
stylegan_xl_48611,blur_s0.5,stylegan_xl,stylegan_xl,1,0.13143675029277802,data\cache\clean\test\stylegan_xl_48611\blur_s0.5.jpg
stylegan_xl_4f991f9638e28675,blur_s0.5,stylegan_xl,stylegan_xl,1,0.13651110231876373,data\cache\clean\test\stylegan_xl_4f991f9638e28675\blur_s0.5.jpg
stylegan_xl_60ed9d3511d333bf,blur_s0.5,stylegan_xl,stylegan_xl,1,0.17865806818008423,data\cache\clean\test\stylegan_xl_60ed9d3511d333bf\blur_s0.5.jpg
stylegan_xl_65bb283a1280639e,blur_s0.5,stylegan_xl,stylegan_xl,1,0.2166842371225357,data\cache\clean\test\stylegan_xl_65bb283a1280639e\blur_s0.5.jpg
stylegan_xl_729fee52c5b7f95b,blur_s0.5,stylegan_xl,stylegan_xl,1,0.13998810946941376,data\cache\clean\test\stylegan_xl_729fee52c5b7f95b\blur_s0.5.jpg
stylegan_xl_7d433e90bcd7bd53,blur_s0.5,stylegan_xl,stylegan_xl,1,0.005536608397960663,data\cache\clean\test\stylegan_xl_7d433e90bcd7bd53\blur_s0.5.jpg
stylegan_xl_7ffebe6032f8209f,blur_s0.5,stylegan_xl,stylegan_xl,1,0.2109435647726059,data\cache\clean\test\stylegan_xl_7ffebe6032f8209f\blur_s0.5.jpg
stylegan_xl_80fc8be6e7c11eb3,blur_s0.5,stylegan_xl,stylegan_xl,1,0.023335713893175125,data\cache\clean\test\stylegan_xl_80fc8be6e7c11eb3\blur_s0.5.jpg
stylegan_xl_8461b1ae87c22c20,blur_s0.5,stylegan_xl,stylegan_xl,1,0.24572962522506714,data\cache\clean\test\stylegan_xl_8461b1ae87c22c20\blur_s0.5.jpg
stylegan_xl_8f9dfd75dde8914f,blur_s0.5,stylegan_xl,stylegan_xl,1,0.12744814157485962,data\cache\clean\test\stylegan_xl_8f9dfd75dde8914f\blur_s0.5.jpg
stylegan_xl_a10d4a733f4df420,blur_s0.5,stylegan_xl,stylegan_xl,1,0.19730232656002045,data\cache\clean\test\stylegan_xl_a10d4a733f4df420\blur_s0.5.jpg
stylegan_xl_a1ed16fffc5ecb68,blur_s0.5,stylegan_xl,stylegan_xl,1,0.16830334067344666,data\cache\clean\test\stylegan_xl_a1ed16fffc5ecb68\blur_s0.5.jpg
stylegan_xl_a72f3ace10a8f550,blur_s0.5,stylegan_xl,stylegan_xl,1,0.029505908489227295,data\cache\clean\test\stylegan_xl_a72f3ace10a8f550\blur_s0.5.jpg
stylegan_xl_b6abe358484b287a,blur_s0.5,stylegan_xl,stylegan_xl,1,0.21983471512794495,data\cache\clean\test\stylegan_xl_b6abe358484b287a\blur_s0.5.jpg
stylegan_xl_bd69757ff485d03e,blur_s0.5,stylegan_xl,stylegan_xl,1,0.4201146364212036,data\cache\clean\test\stylegan_xl_bd69757ff485d03e\blur_s0.5.jpg
stylegan_xl_c9421141bcf3a15a,blur_s0.5,stylegan_xl,stylegan_xl,1,0.43744051456451416,data\cache\clean\test\stylegan_xl_c9421141bcf3a15a\blur_s0.5.jpg
stylegan_xl_cccbc1d57a7e095e,blur_s0.5,stylegan_xl,stylegan_xl,1,0.4087061882019043,data\cache\clean\test\stylegan_xl_cccbc1d57a7e095e\blur_s0.5.jpg
stylegan_xl_cf9c332a1ebfb587,blur_s0.5,stylegan_xl,stylegan_xl,1,0.10754171013832092,data\cache\clean\test\stylegan_xl_cf9c332a1ebfb587\blur_s0.5.jpg
stylegan_xl_d7c4ece8c8a01de0,blur_s0.5,stylegan_xl,stylegan_xl,1,0.37148603796958923,data\cache\clean\test\stylegan_xl_d7c4ece8c8a01de0\blur_s0.5.jpg
stylegan_xl_e4b8e7ef72cabaf2,blur_s0.5,stylegan_xl,stylegan_xl,1,0.3301500976085663,data\cache\clean\test\stylegan_xl_e4b8e7ef72cabaf2\blur_s0.5.jpg
stylegan_xl_f4a503e24265a7e1,blur_s0.5,stylegan_xl,stylegan_xl,1,0.33990007638931274,data\cache\clean\test\stylegan_xl_f4a503e24265a7e1\blur_s0.5.jpg
stylegan_xl_fef6a66b8deaa7ab,blur_s0.5,stylegan_xl,stylegan_xl,1,0.05193985998630524,data\cache\clean\test\stylegan_xl_fef6a66b8deaa7ab\blur_s0.5.jpg
cifake_1028 (10),blur_s1.0,cifake,stable_diffusion,1,0.32685041427612305,data\cache\clean\test\cifake_1028 (10)\blur_s1.0.jpg
cifake_1088 (3),blur_s1.0,cifake,stable_diffusion,1,0.12290585786104202,data\cache\clean\test\cifake_1088 (3)\blur_s1.0.jpg
cifake_1297 (6),blur_s1.0,cifake,stable_diffusion,1,0.4618922472000122,data\cache\clean\test\cifake_1297 (6)\blur_s1.0.jpg
cifake_1867 (9),blur_s1.0,cifake,stable_diffusion,1,0.1928120255470276,data\cache\clean\test\cifake_1867 (9)\blur_s1.0.jpg
cifake_2293 (9),blur_s1.0,cifake,stable_diffusion,1,0.06572873890399933,data\cache\clean\test\cifake_2293 (9)\blur_s1.0.jpg
cifake_2790 (9),blur_s1.0,cifake,stable_diffusion,1,0.07309120893478394,data\cache\clean\test\cifake_2790 (9)\blur_s1.0.jpg
cifake_3339 (9),blur_s1.0,cifake,stable_diffusion,1,0.2512233257293701,data\cache\clean\test\cifake_3339 (9)\blur_s1.0.jpg
cifake_3395 (5),blur_s1.0,cifake,stable_diffusion,1,0.40603670477867126,data\cache\clean\test\cifake_3395 (5)\blur_s1.0.jpg
cifake_4127 (3),blur_s1.0,cifake,stable_diffusion,1,0.2894752323627472,data\cache\clean\test\cifake_4127 (3)\blur_s1.0.jpg
cifake_4221 (2),blur_s1.0,cifake,stable_diffusion,1,0.05014101415872574,data\cache\clean\test\cifake_4221 (2)\blur_s1.0.jpg
cifake_4615 (3),blur_s1.0,cifake,stable_diffusion,1,0.19213621318340302,data\cache\clean\test\cifake_4615 (3)\blur_s1.0.jpg
cifake_4670 (4),blur_s1.0,cifake,stable_diffusion,1,0.36702150106430054,data\cache\clean\test\cifake_4670 (4)\blur_s1.0.jpg
cifake_5110 (9),blur_s1.0,cifake,stable_diffusion,1,0.246388241648674,data\cache\clean\test\cifake_5110 (9)\blur_s1.0.jpg
cifake_5607 (3),blur_s1.0,cifake,stable_diffusion,1,0.13366082310676575,data\cache\clean\test\cifake_5607 (3)\blur_s1.0.jpg
cifake_5943 (10),blur_s1.0,cifake,stable_diffusion,1,0.04213494062423706,data\cache\clean\test\cifake_5943 (10)\blur_s1.0.jpg
cifake_771 (8),blur_s1.0,cifake,stable_diffusion,1,0.09310033172369003,data\cache\clean\test\cifake_771 (8)\blur_s1.0.jpg
cifake_841 (4),blur_s1.0,cifake,stable_diffusion,1,0.27904990315437317,data\cache\clean\test\cifake_841 (4)\blur_s1.0.jpg
cifake_954 (9),blur_s1.0,cifake,stable_diffusion,1,0.41857218742370605,data\cache\clean\test\cifake_954 (9)\blur_s1.0.jpg
dalle_10420,blur_s1.0,dalle,dalle,1,0.3196011781692505,data\cache\clean\test\dalle_10420\blur_s1.0.jpg
dalle_12052,blur_s1.0,dalle,dalle,1,0.24949711561203003,data\cache\clean\test\dalle_12052\blur_s1.0.jpg
dalle_13048,blur_s1.0,dalle,dalle,1,0.4684717655181885,data\cache\clean\test\dalle_13048\blur_s1.0.jpg
dalle_13108,blur_s1.0,dalle,dalle,1,0.1395435333251953,data\cache\clean\test\dalle_13108\blur_s1.0.jpg
dalle_13820,blur_s1.0,dalle,dalle,1,0.49438396096229553,data\cache\clean\test\dalle_13820\blur_s1.0.jpg
dalle_13895,blur_s1.0,dalle,dalle,1,0.28645217418670654,data\cache\clean\test\dalle_13895\blur_s1.0.jpg
dalle_1895b86b74caac5dad51022c3d3b33df,blur_s1.0,dalle,dalle,1,0.020112914964556694,data\cache\clean\test\dalle_1895b86b74caac5dad51022c3d3b33df\blur_s1.0.jpg
dalle_20855,blur_s1.0,dalle,dalle,1,0.2377028912305832,data\cache\clean\test\dalle_20855\blur_s1.0.jpg
dalle_26203,blur_s1.0,dalle,dalle,1,0.4728218615055084,data\cache\clean\test\dalle_26203\blur_s1.0.jpg
dalle_26611,blur_s1.0,dalle,dalle,1,0.4569592773914337,data\cache\clean\test\dalle_26611\blur_s1.0.jpg
dalle_29659,blur_s1.0,dalle,dalle,1,0.2798444330692291,data\cache\clean\test\dalle_29659\blur_s1.0.jpg
dalle_33159,blur_s1.0,dalle,dalle,1,0.468773752450943,data\cache\clean\test\dalle_33159\blur_s1.0.jpg
dalle_3469,blur_s1.0,dalle,dalle,1,0.2832687199115753,data\cache\clean\test\dalle_3469\blur_s1.0.jpg
dalle_35493,blur_s1.0,dalle,dalle,1,0.12001905590295792,data\cache\clean\test\dalle_35493\blur_s1.0.jpg
dalle_3c589aa7fd4a6705f1fd7918daf4ffb9,blur_s1.0,dalle,dalle,1,0.22196808457374573,data\cache\clean\test\dalle_3c589aa7fd4a6705f1fd7918daf4ffb9\blur_s1.0.jpg
dalle_40387,blur_s1.0,dalle,dalle,1,0.011166926473379135,data\cache\clean\test\dalle_40387\blur_s1.0.jpg
dalle_41791,blur_s1.0,dalle,dalle,1,0.18641459941864014,data\cache\clean\test\dalle_41791\blur_s1.0.jpg
dalle_6f0f61883f111368d770c54801f33449,blur_s1.0,dalle,dalle,1,0.00925215519964695,data\cache\clean\test\dalle_6f0f61883f111368d770c54801f33449\blur_s1.0.jpg
dalle_8017,blur_s1.0,dalle,dalle,1,0.014147264882922173,data\cache\clean\test\dalle_8017\blur_s1.0.jpg
dalle_9068,blur_s1.0,dalle,dalle,1,0.0172764640301466,data\cache\clean\test\dalle_9068\blur_s1.0.jpg
gigagan_01605,blur_s1.0,gigagan,gigagan,1,0.4635308086872101,data\cache\clean\test\gigagan_01605\blur_s1.0.jpg
gigagan_03422,blur_s1.0,gigagan,gigagan,1,0.2482701689004898,data\cache\clean\test\gigagan_03422\blur_s1.0.jpg
gigagan_05061,blur_s1.0,gigagan,gigagan,1,0.2906886041164398,data\cache\clean\test\gigagan_05061\blur_s1.0.jpg
gigagan_05738,blur_s1.0,gigagan,gigagan,1,0.1754378229379654,data\cache\clean\test\gigagan_05738\blur_s1.0.jpg
gigagan_07177,blur_s1.0,gigagan,gigagan,1,0.1252450793981552,data\cache\clean\test\gigagan_07177\blur_s1.0.jpg
gigagan_07676,blur_s1.0,gigagan,gigagan,1,0.4025234878063202,data\cache\clean\test\gigagan_07676\blur_s1.0.jpg
gigagan_07909,blur_s1.0,gigagan,gigagan,1,0.08656679838895798,data\cache\clean\test\gigagan_07909\blur_s1.0.jpg
gigagan_08464,blur_s1.0,gigagan,gigagan,1,0.17666006088256836,data\cache\clean\test\gigagan_08464\blur_s1.0.jpg
gigagan_09026,blur_s1.0,gigagan,gigagan,1,0.043400101363658905,data\cache\clean\test\gigagan_09026\blur_s1.0.jpg
gigagan_09302,blur_s1.0,gigagan,gigagan,1,0.19542521238327026,data\cache\clean\test\gigagan_09302\blur_s1.0.jpg
gigagan_09458,blur_s1.0,gigagan,gigagan,1,0.06111157685518265,data\cache\clean\test\gigagan_09458\blur_s1.0.jpg
gigagan_10769,blur_s1.0,gigagan,gigagan,1,0.1800093650817871,data\cache\clean\test\gigagan_10769\blur_s1.0.jpg
gigagan_10914,blur_s1.0,gigagan,gigagan,1,0.009221987798810005,data\cache\clean\test\gigagan_10914\blur_s1.0.jpg
gigagan_11053,blur_s1.0,gigagan,gigagan,1,0.21402482688426971,data\cache\clean\test\gigagan_11053\blur_s1.0.jpg
gigagan_12929,blur_s1.0,gigagan,gigagan,1,0.47693219780921936,data\cache\clean\test\gigagan_12929\blur_s1.0.jpg
gigagan_13110,blur_s1.0,gigagan,gigagan,1,0.4902173578739166,data\cache\clean\test\gigagan_13110\blur_s1.0.jpg
gigagan_14071,blur_s1.0,gigagan,gigagan,1,0.0060660806484520435,data\cache\clean\test\gigagan_14071\blur_s1.0.jpg
gigagan_14858,blur_s1.0,gigagan,gigagan,1,0.4998355507850647,data\cache\clean\test\gigagan_14858\blur_s1.0.jpg
gigagan_14909,blur_s1.0,gigagan,gigagan,1,0.11318404972553253,data\cache\clean\test\gigagan_14909\blur_s1.0.jpg
gigagan_15561,blur_s1.0,gigagan,gigagan,1,0.2822934091091156,data\cache\clean\test\gigagan_15561\blur_s1.0.jpg
gigagan_15694,blur_s1.0,gigagan,gigagan,1,0.03702130168676376,data\cache\clean\test\gigagan_15694\blur_s1.0.jpg
gigagan_15949,blur_s1.0,gigagan,gigagan,1,0.1729579120874405,data\cache\clean\test\gigagan_15949\blur_s1.0.jpg
gigagan_16357,blur_s1.0,gigagan,gigagan,1,0.3085736632347107,data\cache\clean\test\gigagan_16357\blur_s1.0.jpg
gigagan_16859,blur_s1.0,gigagan,gigagan,1,0.47001028060913086,data\cache\clean\test\gigagan_16859\blur_s1.0.jpg
gigagan_16966,blur_s1.0,gigagan,gigagan,1,0.49257519841194153,data\cache\clean\test\gigagan_16966\blur_s1.0.jpg
gigagan_17003,blur_s1.0,gigagan,gigagan,1,0.21042990684509277,data\cache\clean\test\gigagan_17003\blur_s1.0.jpg
gigagan_17666,blur_s1.0,gigagan,gigagan,1,0.07083328813314438,data\cache\clean\test\gigagan_17666\blur_s1.0.jpg
gigagan_18037,blur_s1.0,gigagan,gigagan,1,0.3134629428386688,data\cache\clean\test\gigagan_18037\blur_s1.0.jpg
gigagan_18085,blur_s1.0,gigagan,gigagan,1,0.31133168935775757,data\cache\clean\test\gigagan_18085\blur_s1.0.jpg
gigagan_18378,blur_s1.0,gigagan,gigagan,1,0.24011632800102234,data\cache\clean\test\gigagan_18378\blur_s1.0.jpg
gigagan_19055,blur_s1.0,gigagan,gigagan,1,0.07883405685424805,data\cache\clean\test\gigagan_19055\blur_s1.0.jpg
gigagan_19199,blur_s1.0,gigagan,gigagan,1,0.02587018348276615,data\cache\clean\test\gigagan_19199\blur_s1.0.jpg
gigagan_19248,blur_s1.0,gigagan,gigagan,1,0.3812546133995056,data\cache\clean\test\gigagan_19248\blur_s1.0.jpg
gigagan_19940,blur_s1.0,gigagan,gigagan,1,0.3727706968784332,data\cache\clean\test\gigagan_19940\blur_s1.0.jpg
gigagan_20207,blur_s1.0,gigagan,gigagan,1,0.28403833508491516,data\cache\clean\test\gigagan_20207\blur_s1.0.jpg
gigagan_20327,blur_s1.0,gigagan,gigagan,1,0.046963948756456375,data\cache\clean\test\gigagan_20327\blur_s1.0.jpg
gigagan_20516,blur_s1.0,gigagan,gigagan,1,0.14259397983551025,data\cache\clean\test\gigagan_20516\blur_s1.0.jpg
gigagan_20968,blur_s1.0,gigagan,gigagan,1,0.02674815058708191,data\cache\clean\test\gigagan_20968\blur_s1.0.jpg
gigagan_21116,blur_s1.0,gigagan,gigagan,1,0.13245421648025513,data\cache\clean\test\gigagan_21116\blur_s1.0.jpg
gigagan_21166,blur_s1.0,gigagan,gigagan,1,0.45211443305015564,data\cache\clean\test\gigagan_21166\blur_s1.0.jpg
gigagan_21244,blur_s1.0,gigagan,gigagan,1,0.19318579137325287,data\cache\clean\test\gigagan_21244\blur_s1.0.jpg
gigagan_21611,blur_s1.0,gigagan,gigagan,1,0.1738850623369217,data\cache\clean\test\gigagan_21611\blur_s1.0.jpg
gigagan_22418,blur_s1.0,gigagan,gigagan,1,0.021417874842882156,data\cache\clean\test\gigagan_22418\blur_s1.0.jpg
gigagan_22533,blur_s1.0,gigagan,gigagan,1,0.23154588043689728,data\cache\clean\test\gigagan_22533\blur_s1.0.jpg
gigagan_23134,blur_s1.0,gigagan,gigagan,1,0.04128487780690193,data\cache\clean\test\gigagan_23134\blur_s1.0.jpg
gigagan_23521,blur_s1.0,gigagan,gigagan,1,0.315869003534317,data\cache\clean\test\gigagan_23521\blur_s1.0.jpg
gigagan_23523,blur_s1.0,gigagan,gigagan,1,0.4164028465747833,data\cache\clean\test\gigagan_23523\blur_s1.0.jpg
gigagan_23834,blur_s1.0,gigagan,gigagan,1,0.1709328293800354,data\cache\clean\test\gigagan_23834\blur_s1.0.jpg
gigagan_24147,blur_s1.0,gigagan,gigagan,1,0.4968641996383667,data\cache\clean\test\gigagan_24147\blur_s1.0.jpg
gigagan_24377,blur_s1.0,gigagan,gigagan,1,0.4366256892681122,data\cache\clean\test\gigagan_24377\blur_s1.0.jpg
gigagan_24445,blur_s1.0,gigagan,gigagan,1,0.04464671015739441,data\cache\clean\test\gigagan_24445\blur_s1.0.jpg
gigagan_24679,blur_s1.0,gigagan,gigagan,1,0.2036086469888687,data\cache\clean\test\gigagan_24679\blur_s1.0.jpg
gigagan_24933,blur_s1.0,gigagan,gigagan,1,0.3381309509277344,data\cache\clean\test\gigagan_24933\blur_s1.0.jpg
gigagan_25090,blur_s1.0,gigagan,gigagan,1,0.22305752336978912,data\cache\clean\test\gigagan_25090\blur_s1.0.jpg
gigagan_25761,blur_s1.0,gigagan,gigagan,1,0.3656920790672302,data\cache\clean\test\gigagan_25761\blur_s1.0.jpg
gigagan_26067,blur_s1.0,gigagan,gigagan,1,0.36817678809165955,data\cache\clean\test\gigagan_26067\blur_s1.0.jpg
gigagan_26681,blur_s1.0,gigagan,gigagan,1,0.38329628109931946,data\cache\clean\test\gigagan_26681\blur_s1.0.jpg
gigagan_27121,blur_s1.0,gigagan,gigagan,1,0.42834386229515076,data\cache\clean\test\gigagan_27121\blur_s1.0.jpg
gigagan_27542,blur_s1.0,gigagan,gigagan,1,0.43082308769226074,data\cache\clean\test\gigagan_27542\blur_s1.0.jpg
gigagan_27589,blur_s1.0,gigagan,gigagan,1,0.3666698634624481,data\cache\clean\test\gigagan_27589\blur_s1.0.jpg
gigagan_28336,blur_s1.0,gigagan,gigagan,1,0.22362785041332245,data\cache\clean\test\gigagan_28336\blur_s1.0.jpg
gigagan_28900,blur_s1.0,gigagan,gigagan,1,0.21345408260822296,data\cache\clean\test\gigagan_28900\blur_s1.0.jpg
gigagan_29456,blur_s1.0,gigagan,gigagan,1,0.17275886237621307,data\cache\clean\test\gigagan_29456\blur_s1.0.jpg
imagen3_045e6da6fd7f6fb0,blur_s1.0,imagen3,imagen3,1,0.019721603021025658,data\cache\clean\test\imagen3_045e6da6fd7f6fb0\blur_s1.0.jpg
imagen3_13ed1f9391224848,blur_s1.0,imagen3,imagen3,1,0.12081283330917358,data\cache\clean\test\imagen3_13ed1f9391224848\blur_s1.0.jpg
imagen3_17643da56f35c6f7,blur_s1.0,imagen3,imagen3,1,0.009119809605181217,data\cache\clean\test\imagen3_17643da56f35c6f7\blur_s1.0.jpg
imagen3_17919c9ffd792ad9,blur_s1.0,imagen3,imagen3,1,0.42213383316993713,data\cache\clean\test\imagen3_17919c9ffd792ad9\blur_s1.0.jpg
imagen3_1fe9a0379cffa709,blur_s1.0,imagen3,imagen3,1,0.45305323600769043,data\cache\clean\test\imagen3_1fe9a0379cffa709\blur_s1.0.jpg
imagen3_24e64d19ddde11cb,blur_s1.0,imagen3,imagen3,1,0.015966184437274933,data\cache\clean\test\imagen3_24e64d19ddde11cb\blur_s1.0.jpg
imagen3_260ae6b06f1f50e2,blur_s1.0,imagen3,imagen3,1,0.025401568040251732,data\cache\clean\test\imagen3_260ae6b06f1f50e2\blur_s1.0.jpg
imagen3_2be4510162a8a76e,blur_s1.0,imagen3,imagen3,1,0.022480832412838936,data\cache\clean\test\imagen3_2be4510162a8a76e\blur_s1.0.jpg
imagen3_3403b18fc93acbfc,blur_s1.0,imagen3,imagen3,1,0.08911681175231934,data\cache\clean\test\imagen3_3403b18fc93acbfc\blur_s1.0.jpg
imagen3_43058,blur_s1.0,imagen3,imagen3,1,0.09224254637956619,data\cache\clean\test\imagen3_43058\blur_s1.0.jpg
imagen3_473ffc5e3d5dc373,blur_s1.0,imagen3,imagen3,1,0.16247662901878357,data\cache\clean\test\imagen3_473ffc5e3d5dc373\blur_s1.0.jpg
imagen3_51659,blur_s1.0,imagen3,imagen3,1,0.35466086864471436,data\cache\clean\test\imagen3_51659\blur_s1.0.jpg
imagen3_519f5c348fe55fcd,blur_s1.0,imagen3,imagen3,1,0.3064498007297516,data\cache\clean\test\imagen3_519f5c348fe55fcd\blur_s1.0.jpg
imagen3_52520,blur_s1.0,imagen3,imagen3,1,0.32365143299102783,data\cache\clean\test\imagen3_52520\blur_s1.0.jpg
imagen3_560ead164dab63a5,blur_s1.0,imagen3,imagen3,1,0.14697614312171936,data\cache\clean\test\imagen3_560ead164dab63a5\blur_s1.0.jpg
imagen3_5e95809bd47d157b,blur_s1.0,imagen3,imagen3,1,0.1388305425643921,data\cache\clean\test\imagen3_5e95809bd47d157b\blur_s1.0.jpg
imagen3_69467160e53f71bc,blur_s1.0,imagen3,imagen3,1,0.4509038031101227,data\cache\clean\test\imagen3_69467160e53f71bc\blur_s1.0.jpg
imagen3_6a8270ea182a9194,blur_s1.0,imagen3,imagen3,1,0.07570470124483109,data\cache\clean\test\imagen3_6a8270ea182a9194\blur_s1.0.jpg
imagen3_6c7624322b04ce43,blur_s1.0,imagen3,imagen3,1,0.013376490212976933,data\cache\clean\test\imagen3_6c7624322b04ce43\blur_s1.0.jpg
imagen3_77fb2d4f372634f8,blur_s1.0,imagen3,imagen3,1,0.04945441335439682,data\cache\clean\test\imagen3_77fb2d4f372634f8\blur_s1.0.jpg
imagen3_8b13dc3bff918841,blur_s1.0,imagen3,imagen3,1,0.29827961325645447,data\cache\clean\test\imagen3_8b13dc3bff918841\blur_s1.0.jpg
imagen3_8e6f8acd28fd8f35,blur_s1.0,imagen3,imagen3,1,0.16406980156898499,data\cache\clean\test\imagen3_8e6f8acd28fd8f35\blur_s1.0.jpg
imagen3_9e82651e214a25c8,blur_s1.0,imagen3,imagen3,1,0.2205040603876114,data\cache\clean\test\imagen3_9e82651e214a25c8\blur_s1.0.jpg
imagen3_aa13646e437b7afa,blur_s1.0,imagen3,imagen3,1,0.11919710785150528,data\cache\clean\test\imagen3_aa13646e437b7afa\blur_s1.0.jpg
imagen3_ad860df8c2a1a848,blur_s1.0,imagen3,imagen3,1,0.04205842688679695,data\cache\clean\test\imagen3_ad860df8c2a1a848\blur_s1.0.jpg
imagen3_b69c9976ced306d1,blur_s1.0,imagen3,imagen3,1,0.22283747792243958,data\cache\clean\test\imagen3_b69c9976ced306d1\blur_s1.0.jpg
imagen3_ca44bb7db1e73a9a,blur_s1.0,imagen3,imagen3,1,0.0949261412024498,data\cache\clean\test\imagen3_ca44bb7db1e73a9a\blur_s1.0.jpg
imagen3_d326e7c87fb1d966,blur_s1.0,imagen3,imagen3,1,0.4370286762714386,data\cache\clean\test\imagen3_d326e7c87fb1d966\blur_s1.0.jpg
imagen3_ea646e585cc24088,blur_s1.0,imagen3,imagen3,1,0.35202693939208984,data\cache\clean\test\imagen3_ea646e585cc24088\blur_s1.0.jpg
imagen3_f2da05bffbe27dab,blur_s1.0,imagen3,imagen3,1,0.05598762631416321,data\cache\clean\test\imagen3_f2da05bffbe27dab\blur_s1.0.jpg
imagen3_fd568a2839353a92,blur_s1.0,imagen3,imagen3,1,0.4120500385761261,data\cache\clean\test\imagen3_fd568a2839353a92\blur_s1.0.jpg
imagen3_fe7048efd51b15b8,blur_s1.0,imagen3,imagen3,1,0.3268095552921295,data\cache\clean\test\imagen3_fe7048efd51b15b8\blur_s1.0.jpg
imagen3_Imagen3_1208,blur_s1.0,imagen3,imagen3,1,0.04244166985154152,data\cache\clean\test\imagen3_Imagen3_1208\blur_s1.0.jpg
imagen3_Imagen3_2403,blur_s1.0,imagen3,imagen3,1,0.1143185943365097,data\cache\clean\test\imagen3_Imagen3_2403\blur_s1.0.jpg
imagen3_Imagen3_2787,blur_s1.0,imagen3,imagen3,1,0.34606900811195374,data\cache\clean\test\imagen3_Imagen3_2787\blur_s1.0.jpg
imagen3_Imagen3_3097,blur_s1.0,imagen3,imagen3,1,0.07575194537639618,data\cache\clean\test\imagen3_Imagen3_3097\blur_s1.0.jpg
imagen3_Imagen3_3358,blur_s1.0,imagen3,imagen3,1,0.30484774708747864,data\cache\clean\test\imagen3_Imagen3_3358\blur_s1.0.jpg
imagen3_Imagen3_3449,blur_s1.0,imagen3,imagen3,1,0.3234412968158722,data\cache\clean\test\imagen3_Imagen3_3449\blur_s1.0.jpg
imagen3_Imagen3_3546,blur_s1.0,imagen3,imagen3,1,0.41575080156326294,data\cache\clean\test\imagen3_Imagen3_3546\blur_s1.0.jpg
imagen3_Imagen3_468,blur_s1.0,imagen3,imagen3,1,0.3915506899356842,data\cache\clean\test\imagen3_Imagen3_468\blur_s1.0.jpg
sidset_full_synthetic_001692,blur_s1.0,sidset,full_synthetic,1,0.12363982200622559,data\cache\clean\test\sidset_full_synthetic_001692\blur_s1.0.jpg
sidset_full_synthetic_031321,blur_s1.0,sidset,full_synthetic,1,0.4815259575843811,data\cache\clean\test\sidset_full_synthetic_031321\blur_s1.0.jpg
sidset_full_synthetic_033528,blur_s1.0,sidset,full_synthetic,1,0.10120363533496857,data\cache\clean\test\sidset_full_synthetic_033528\blur_s1.0.jpg
sidset_full_synthetic_060524,blur_s1.0,sidset,full_synthetic,1,0.09698732197284698,data\cache\clean\test\sidset_full_synthetic_060524\blur_s1.0.jpg
sidset_full_synthetic_063062,blur_s1.0,sidset,full_synthetic,1,0.3746609091758728,data\cache\clean\test\sidset_full_synthetic_063062\blur_s1.0.jpg
sidset_full_synthetic_066065,blur_s1.0,sidset,full_synthetic,1,0.3227795660495758,data\cache\clean\test\sidset_full_synthetic_066065\blur_s1.0.jpg
stylegan_xl_0097a2e24789bc7a,blur_s1.0,stylegan_xl,stylegan_xl,1,0.051541250199079514,data\cache\clean\test\stylegan_xl_0097a2e24789bc7a\blur_s1.0.jpg
stylegan_xl_00a4591cf03df584,blur_s1.0,stylegan_xl,stylegan_xl,1,0.01925806887447834,data\cache\clean\test\stylegan_xl_00a4591cf03df584\blur_s1.0.jpg
stylegan_xl_031391f1ab18ab62,blur_s1.0,stylegan_xl,stylegan_xl,1,0.4164033532142639,data\cache\clean\test\stylegan_xl_031391f1ab18ab62\blur_s1.0.jpg
stylegan_xl_0a4244f8a9185bad,blur_s1.0,stylegan_xl,stylegan_xl,1,0.4007708728313446,data\cache\clean\test\stylegan_xl_0a4244f8a9185bad\blur_s1.0.jpg
stylegan_xl_0f7efa4c31bcd8f4,blur_s1.0,stylegan_xl,stylegan_xl,1,0.09668230265378952,data\cache\clean\test\stylegan_xl_0f7efa4c31bcd8f4\blur_s1.0.jpg
stylegan_xl_1060d58257bc5130,blur_s1.0,stylegan_xl,stylegan_xl,1,0.024076096713542938,data\cache\clean\test\stylegan_xl_1060d58257bc5130\blur_s1.0.jpg
stylegan_xl_17f8bf0ef8d2f478,blur_s1.0,stylegan_xl,stylegan_xl,1,0.45685768127441406,data\cache\clean\test\stylegan_xl_17f8bf0ef8d2f478\blur_s1.0.jpg
stylegan_xl_2013fe0d44f84041,blur_s1.0,stylegan_xl,stylegan_xl,1,0.005453656893223524,data\cache\clean\test\stylegan_xl_2013fe0d44f84041\blur_s1.0.jpg
stylegan_xl_324e332686aa6966,blur_s1.0,stylegan_xl,stylegan_xl,1,0.17352744936943054,data\cache\clean\test\stylegan_xl_324e332686aa6966\blur_s1.0.jpg
stylegan_xl_3621cf0be1fc8d68,blur_s1.0,stylegan_xl,stylegan_xl,1,0.35496142506599426,data\cache\clean\test\stylegan_xl_3621cf0be1fc8d68\blur_s1.0.jpg
stylegan_xl_38c489e3b0d8c700,blur_s1.0,stylegan_xl,stylegan_xl,1,0.24349293112754822,data\cache\clean\test\stylegan_xl_38c489e3b0d8c700\blur_s1.0.jpg
stylegan_xl_3b5e18f8fc06450d,blur_s1.0,stylegan_xl,stylegan_xl,1,0.00661498261615634,data\cache\clean\test\stylegan_xl_3b5e18f8fc06450d\blur_s1.0.jpg
stylegan_xl_45602,blur_s1.0,stylegan_xl,stylegan_xl,1,0.3078167140483856,data\cache\clean\test\stylegan_xl_45602\blur_s1.0.jpg
stylegan_xl_47343,blur_s1.0,stylegan_xl,stylegan_xl,1,0.09750398248434067,data\cache\clean\test\stylegan_xl_47343\blur_s1.0.jpg
stylegan_xl_48611,blur_s1.0,stylegan_xl,stylegan_xl,1,0.2150408774614334,data\cache\clean\test\stylegan_xl_48611\blur_s1.0.jpg
stylegan_xl_4f991f9638e28675,blur_s1.0,stylegan_xl,stylegan_xl,1,0.07302878797054291,data\cache\clean\test\stylegan_xl_4f991f9638e28675\blur_s1.0.jpg
stylegan_xl_60ed9d3511d333bf,blur_s1.0,stylegan_xl,stylegan_xl,1,0.26961588859558105,data\cache\clean\test\stylegan_xl_60ed9d3511d333bf\blur_s1.0.jpg
stylegan_xl_65bb283a1280639e,blur_s1.0,stylegan_xl,stylegan_xl,1,0.18075932562351227,data\cache\clean\test\stylegan_xl_65bb283a1280639e\blur_s1.0.jpg
stylegan_xl_729fee52c5b7f95b,blur_s1.0,stylegan_xl,stylegan_xl,1,0.09134147316217422,data\cache\clean\test\stylegan_xl_729fee52c5b7f95b\blur_s1.0.jpg
stylegan_xl_7d433e90bcd7bd53,blur_s1.0,stylegan_xl,stylegan_xl,1,0.005063304677605629,data\cache\clean\test\stylegan_xl_7d433e90bcd7bd53\blur_s1.0.jpg
stylegan_xl_7ffebe6032f8209f,blur_s1.0,stylegan_xl,stylegan_xl,1,0.1953486204147339,data\cache\clean\test\stylegan_xl_7ffebe6032f8209f\blur_s1.0.jpg
stylegan_xl_80fc8be6e7c11eb3,blur_s1.0,stylegan_xl,stylegan_xl,1,0.03011908009648323,data\cache\clean\test\stylegan_xl_80fc8be6e7c11eb3\blur_s1.0.jpg
stylegan_xl_8461b1ae87c22c20,blur_s1.0,stylegan_xl,stylegan_xl,1,0.13113200664520264,data\cache\clean\test\stylegan_xl_8461b1ae87c22c20\blur_s1.0.jpg
stylegan_xl_8f9dfd75dde8914f,blur_s1.0,stylegan_xl,stylegan_xl,1,0.13141405582427979,data\cache\clean\test\stylegan_xl_8f9dfd75dde8914f\blur_s1.0.jpg
stylegan_xl_a10d4a733f4df420,blur_s1.0,stylegan_xl,stylegan_xl,1,0.19829262793064117,data\cache\clean\test\stylegan_xl_a10d4a733f4df420\blur_s1.0.jpg
stylegan_xl_a1ed16fffc5ecb68,blur_s1.0,stylegan_xl,stylegan_xl,1,0.4388722777366638,data\cache\clean\test\stylegan_xl_a1ed16fffc5ecb68\blur_s1.0.jpg
stylegan_xl_a72f3ace10a8f550,blur_s1.0,stylegan_xl,stylegan_xl,1,0.02696823514997959,data\cache\clean\test\stylegan_xl_a72f3ace10a8f550\blur_s1.0.jpg
stylegan_xl_ae09b95535340878,blur_s1.0,stylegan_xl,stylegan_xl,1,0.3549485206604004,data\cache\clean\test\stylegan_xl_ae09b95535340878\blur_s1.0.jpg
stylegan_xl_b6abe358484b287a,blur_s1.0,stylegan_xl,stylegan_xl,1,0.09282288700342178,data\cache\clean\test\stylegan_xl_b6abe358484b287a\blur_s1.0.jpg
stylegan_xl_bd69757ff485d03e,blur_s1.0,stylegan_xl,stylegan_xl,1,0.4359729588031769,data\cache\clean\test\stylegan_xl_bd69757ff485d03e\blur_s1.0.jpg
stylegan_xl_c9421141bcf3a15a,blur_s1.0,stylegan_xl,stylegan_xl,1,0.4860926568508148,data\cache\clean\test\stylegan_xl_c9421141bcf3a15a\blur_s1.0.jpg
stylegan_xl_cccbc1d57a7e095e,blur_s1.0,stylegan_xl,stylegan_xl,1,0.47657710313796997,data\cache\clean\test\stylegan_xl_cccbc1d57a7e095e\blur_s1.0.jpg
stylegan_xl_cf9c332a1ebfb587,blur_s1.0,stylegan_xl,stylegan_xl,1,0.0976548120379448,data\cache\clean\test\stylegan_xl_cf9c332a1ebfb587\blur_s1.0.jpg
stylegan_xl_d7c4ece8c8a01de0,blur_s1.0,stylegan_xl,stylegan_xl,1,0.4454176723957062,data\cache\clean\test\stylegan_xl_d7c4ece8c8a01de0\blur_s1.0.jpg
stylegan_xl_e4b8e7ef72cabaf2,blur_s1.0,stylegan_xl,stylegan_xl,1,0.3387543559074402,data\cache\clean\test\stylegan_xl_e4b8e7ef72cabaf2\blur_s1.0.jpg
stylegan_xl_f4a503e24265a7e1,blur_s1.0,stylegan_xl,stylegan_xl,1,0.2965044677257538,data\cache\clean\test\stylegan_xl_f4a503e24265a7e1\blur_s1.0.jpg
stylegan_xl_fef6a66b8deaa7ab,blur_s1.0,stylegan_xl,stylegan_xl,1,0.0556875579059124,data\cache\clean\test\stylegan_xl_fef6a66b8deaa7ab\blur_s1.0.jpg
cifake_1028 (10),blur_s2.0,cifake,stable_diffusion,1,0.34672117233276367,data\cache\clean\test\cifake_1028 (10)\blur_s2.0.jpg
cifake_1088 (3),blur_s2.0,cifake,stable_diffusion,1,0.0907289981842041,data\cache\clean\test\cifake_1088 (3)\blur_s2.0.jpg
cifake_1297 (6),blur_s2.0,cifake,stable_diffusion,1,0.4658980965614319,data\cache\clean\test\cifake_1297 (6)\blur_s2.0.jpg
cifake_1867 (9),blur_s2.0,cifake,stable_diffusion,1,0.14741934835910797,data\cache\clean\test\cifake_1867 (9)\blur_s2.0.jpg
cifake_2293 (9),blur_s2.0,cifake,stable_diffusion,1,0.06910136342048645,data\cache\clean\test\cifake_2293 (9)\blur_s2.0.jpg
cifake_2790 (9),blur_s2.0,cifake,stable_diffusion,1,0.06878067553043365,data\cache\clean\test\cifake_2790 (9)\blur_s2.0.jpg
cifake_3339 (9),blur_s2.0,cifake,stable_diffusion,1,0.24770696461200714,data\cache\clean\test\cifake_3339 (9)\blur_s2.0.jpg
cifake_3395 (5),blur_s2.0,cifake,stable_diffusion,1,0.4836815893650055,data\cache\clean\test\cifake_3395 (5)\blur_s2.0.jpg
cifake_4127 (3),blur_s2.0,cifake,stable_diffusion,1,0.2281409651041031,data\cache\clean\test\cifake_4127 (3)\blur_s2.0.jpg
cifake_4221 (2),blur_s2.0,cifake,stable_diffusion,1,0.0549551323056221,data\cache\clean\test\cifake_4221 (2)\blur_s2.0.jpg
cifake_4615 (3),blur_s2.0,cifake,stable_diffusion,1,0.15107537806034088,data\cache\clean\test\cifake_4615 (3)\blur_s2.0.jpg
cifake_4670 (4),blur_s2.0,cifake,stable_diffusion,1,0.3156764805316925,data\cache\clean\test\cifake_4670 (4)\blur_s2.0.jpg
cifake_5110 (9),blur_s2.0,cifake,stable_diffusion,1,0.2259587198495865,data\cache\clean\test\cifake_5110 (9)\blur_s2.0.jpg
cifake_5607 (3),blur_s2.0,cifake,stable_diffusion,1,0.09229636192321777,data\cache\clean\test\cifake_5607 (3)\blur_s2.0.jpg
cifake_5943 (10),blur_s2.0,cifake,stable_diffusion,1,0.030040888115763664,data\cache\clean\test\cifake_5943 (10)\blur_s2.0.jpg
cifake_771 (8),blur_s2.0,cifake,stable_diffusion,1,0.07736652344465256,data\cache\clean\test\cifake_771 (8)\blur_s2.0.jpg
cifake_841 (4),blur_s2.0,cifake,stable_diffusion,1,0.25925412774086,data\cache\clean\test\cifake_841 (4)\blur_s2.0.jpg
cifake_954 (9),blur_s2.0,cifake,stable_diffusion,1,0.4042988717556,data\cache\clean\test\cifake_954 (9)\blur_s2.0.jpg
dalle_10420,blur_s2.0,dalle,dalle,1,0.2773831784725189,data\cache\clean\test\dalle_10420\blur_s2.0.jpg
dalle_12171,blur_s2.0,dalle,dalle,1,0.14164423942565918,data\cache\clean\test\dalle_12171\blur_s2.0.jpg
dalle_13048,blur_s2.0,dalle,dalle,1,0.2592632472515106,data\cache\clean\test\dalle_13048\blur_s2.0.jpg
dalle_13108,blur_s2.0,dalle,dalle,1,0.3587871789932251,data\cache\clean\test\dalle_13108\blur_s2.0.jpg
dalle_13820,blur_s2.0,dalle,dalle,1,0.21639229357242584,data\cache\clean\test\dalle_13820\blur_s2.0.jpg
dalle_13895,blur_s2.0,dalle,dalle,1,0.1851162165403366,data\cache\clean\test\dalle_13895\blur_s2.0.jpg
dalle_17768,blur_s2.0,dalle,dalle,1,0.3498145043849945,data\cache\clean\test\dalle_17768\blur_s2.0.jpg
dalle_1895b86b74caac5dad51022c3d3b33df,blur_s2.0,dalle,dalle,1,0.12869004905223846,data\cache\clean\test\dalle_1895b86b74caac5dad51022c3d3b33df\blur_s2.0.jpg
dalle_19590,blur_s2.0,dalle,dalle,1,0.42050445079803467,data\cache\clean\test\dalle_19590\blur_s2.0.jpg
dalle_19962,blur_s2.0,dalle,dalle,1,0.4217187762260437,data\cache\clean\test\dalle_19962\blur_s2.0.jpg
dalle_20855,blur_s2.0,dalle,dalle,1,0.27060842514038086,data\cache\clean\test\dalle_20855\blur_s2.0.jpg
dalle_24299,blur_s2.0,dalle,dalle,1,0.3282313644886017,data\cache\clean\test\dalle_24299\blur_s2.0.jpg
dalle_26611,blur_s2.0,dalle,dalle,1,0.2117602527141571,data\cache\clean\test\dalle_26611\blur_s2.0.jpg
dalle_28652,blur_s2.0,dalle,dalle,1,0.27958691120147705,data\cache\clean\test\dalle_28652\blur_s2.0.jpg
dalle_29659,blur_s2.0,dalle,dalle,1,0.21251711249351501,data\cache\clean\test\dalle_29659\blur_s2.0.jpg
dalle_3469,blur_s2.0,dalle,dalle,1,0.38528338074684143,data\cache\clean\test\dalle_3469\blur_s2.0.jpg
dalle_35493,blur_s2.0,dalle,dalle,1,0.16129232943058014,data\cache\clean\test\dalle_35493\blur_s2.0.jpg
dalle_3c589aa7fd4a6705f1fd7918daf4ffb9,blur_s2.0,dalle,dalle,1,0.39281633496284485,data\cache\clean\test\dalle_3c589aa7fd4a6705f1fd7918daf4ffb9\blur_s2.0.jpg
dalle_40387,blur_s2.0,dalle,dalle,1,0.010132281109690666,data\cache\clean\test\dalle_40387\blur_s2.0.jpg
dalle_41791,blur_s2.0,dalle,dalle,1,0.1137290820479393,data\cache\clean\test\dalle_41791\blur_s2.0.jpg
dalle_6f0f61883f111368d770c54801f33449,blur_s2.0,dalle,dalle,1,0.015461389906704426,data\cache\clean\test\dalle_6f0f61883f111368d770c54801f33449\blur_s2.0.jpg
dalle_8017,blur_s2.0,dalle,dalle,1,0.014376260340213776,data\cache\clean\test\dalle_8017\blur_s2.0.jpg
dalle_9068,blur_s2.0,dalle,dalle,1,0.04879801720380783,data\cache\clean\test\dalle_9068\blur_s2.0.jpg
gigagan_02234,blur_s2.0,gigagan,gigagan,1,0.37908869981765747,data\cache\clean\test\gigagan_02234\blur_s2.0.jpg
gigagan_03263,blur_s2.0,gigagan,gigagan,1,0.35170313715934753,data\cache\clean\test\gigagan_03263\blur_s2.0.jpg
gigagan_03422,blur_s2.0,gigagan,gigagan,1,0.1632118672132492,data\cache\clean\test\gigagan_03422\blur_s2.0.jpg
gigagan_05061,blur_s2.0,gigagan,gigagan,1,0.27291351556777954,data\cache\clean\test\gigagan_05061\blur_s2.0.jpg
gigagan_05738,blur_s2.0,gigagan,gigagan,1,0.12778492271900177,data\cache\clean\test\gigagan_05738\blur_s2.0.jpg
gigagan_07177,blur_s2.0,gigagan,gigagan,1,0.061695944517850876,data\cache\clean\test\gigagan_07177\blur_s2.0.jpg
gigagan_07676,blur_s2.0,gigagan,gigagan,1,0.2982858121395111,data\cache\clean\test\gigagan_07676\blur_s2.0.jpg
gigagan_07909,blur_s2.0,gigagan,gigagan,1,0.1331968605518341,data\cache\clean\test\gigagan_07909\blur_s2.0.jpg
gigagan_08464,blur_s2.0,gigagan,gigagan,1,0.12222643941640854,data\cache\clean\test\gigagan_08464\blur_s2.0.jpg
gigagan_09026,blur_s2.0,gigagan,gigagan,1,0.038049500435590744,data\cache\clean\test\gigagan_09026\blur_s2.0.jpg
gigagan_09302,blur_s2.0,gigagan,gigagan,1,0.149641215801239,data\cache\clean\test\gigagan_09302\blur_s2.0.jpg
gigagan_09458,blur_s2.0,gigagan,gigagan,1,0.1326487958431244,data\cache\clean\test\gigagan_09458\blur_s2.0.jpg
gigagan_10282,blur_s2.0,gigagan,gigagan,1,0.18343693017959595,data\cache\clean\test\gigagan_10282\blur_s2.0.jpg
gigagan_10769,blur_s2.0,gigagan,gigagan,1,0.24864082038402557,data\cache\clean\test\gigagan_10769\blur_s2.0.jpg
gigagan_10914,blur_s2.0,gigagan,gigagan,1,0.009180299006402493,data\cache\clean\test\gigagan_10914\blur_s2.0.jpg
gigagan_11053,blur_s2.0,gigagan,gigagan,1,0.1970731019973755,data\cache\clean\test\gigagan_11053\blur_s2.0.jpg
gigagan_11092,blur_s2.0,gigagan,gigagan,1,0.4201837182044983,data\cache\clean\test\gigagan_11092\blur_s2.0.jpg
gigagan_12104,blur_s2.0,gigagan,gigagan,1,0.39240124821662903,data\cache\clean\test\gigagan_12104\blur_s2.0.jpg
gigagan_14071,blur_s2.0,gigagan,gigagan,1,0.008410980924963951,data\cache\clean\test\gigagan_14071\blur_s2.0.jpg
gigagan_14909,blur_s2.0,gigagan,gigagan,1,0.09939822554588318,data\cache\clean\test\gigagan_14909\blur_s2.0.jpg
gigagan_15355,blur_s2.0,gigagan,gigagan,1,0.4146622121334076,data\cache\clean\test\gigagan_15355\blur_s2.0.jpg
gigagan_15561,blur_s2.0,gigagan,gigagan,1,0.36698487401008606,data\cache\clean\test\gigagan_15561\blur_s2.0.jpg
gigagan_15694,blur_s2.0,gigagan,gigagan,1,0.10998430848121643,data\cache\clean\test\gigagan_15694\blur_s2.0.jpg
gigagan_15949,blur_s2.0,gigagan,gigagan,1,0.15814505517482758,data\cache\clean\test\gigagan_15949\blur_s2.0.jpg
gigagan_16357,blur_s2.0,gigagan,gigagan,1,0.28940603137016296,data\cache\clean\test\gigagan_16357\blur_s2.0.jpg
gigagan_17003,blur_s2.0,gigagan,gigagan,1,0.10312958806753159,data\cache\clean\test\gigagan_17003\blur_s2.0.jpg
gigagan_17666,blur_s2.0,gigagan,gigagan,1,0.13905414938926697,data\cache\clean\test\gigagan_17666\blur_s2.0.jpg
gigagan_18037,blur_s2.0,gigagan,gigagan,1,0.43907901644706726,data\cache\clean\test\gigagan_18037\blur_s2.0.jpg
gigagan_18085,blur_s2.0,gigagan,gigagan,1,0.23949342966079712,data\cache\clean\test\gigagan_18085\blur_s2.0.jpg
gigagan_19055,blur_s2.0,gigagan,gigagan,1,0.12026336044073105,data\cache\clean\test\gigagan_19055\blur_s2.0.jpg
gigagan_19199,blur_s2.0,gigagan,gigagan,1,0.050922878086566925,data\cache\clean\test\gigagan_19199\blur_s2.0.jpg
gigagan_19248,blur_s2.0,gigagan,gigagan,1,0.1756538450717926,data\cache\clean\test\gigagan_19248\blur_s2.0.jpg
gigagan_19458,blur_s2.0,gigagan,gigagan,1,0.2755615711212158,data\cache\clean\test\gigagan_19458\blur_s2.0.jpg
gigagan_19940,blur_s2.0,gigagan,gigagan,1,0.4239792823791504,data\cache\clean\test\gigagan_19940\blur_s2.0.jpg
gigagan_20207,blur_s2.0,gigagan,gigagan,1,0.2092016488313675,data\cache\clean\test\gigagan_20207\blur_s2.0.jpg
gigagan_20327,blur_s2.0,gigagan,gigagan,1,0.06488541513681412,data\cache\clean\test\gigagan_20327\blur_s2.0.jpg
gigagan_20468,blur_s2.0,gigagan,gigagan,1,0.41705697774887085,data\cache\clean\test\gigagan_20468\blur_s2.0.jpg
gigagan_20516,blur_s2.0,gigagan,gigagan,1,0.21445797383785248,data\cache\clean\test\gigagan_20516\blur_s2.0.jpg
gigagan_20756,blur_s2.0,gigagan,gigagan,1,0.19496893882751465,data\cache\clean\test\gigagan_20756\blur_s2.0.jpg
gigagan_20968,blur_s2.0,gigagan,gigagan,1,0.04247288033366203,data\cache\clean\test\gigagan_20968\blur_s2.0.jpg
gigagan_21116,blur_s2.0,gigagan,gigagan,1,0.1276976317167282,data\cache\clean\test\gigagan_21116\blur_s2.0.jpg
gigagan_21166,blur_s2.0,gigagan,gigagan,1,0.21380062401294708,data\cache\clean\test\gigagan_21166\blur_s2.0.jpg
gigagan_21244,blur_s2.0,gigagan,gigagan,1,0.11556779593229294,data\cache\clean\test\gigagan_21244\blur_s2.0.jpg
gigagan_21611,blur_s2.0,gigagan,gigagan,1,0.20871493220329285,data\cache\clean\test\gigagan_21611\blur_s2.0.jpg
gigagan_22263,blur_s2.0,gigagan,gigagan,1,0.3778935372829437,data\cache\clean\test\gigagan_22263\blur_s2.0.jpg
gigagan_22418,blur_s2.0,gigagan,gigagan,1,0.042872462421655655,data\cache\clean\test\gigagan_22418\blur_s2.0.jpg
gigagan_22533,blur_s2.0,gigagan,gigagan,1,0.2394641637802124,data\cache\clean\test\gigagan_22533\blur_s2.0.jpg
gigagan_23134,blur_s2.0,gigagan,gigagan,1,0.050934746861457825,data\cache\clean\test\gigagan_23134\blur_s2.0.jpg
gigagan_23521,blur_s2.0,gigagan,gigagan,1,0.4778713881969452,data\cache\clean\test\gigagan_23521\blur_s2.0.jpg
gigagan_23523,blur_s2.0,gigagan,gigagan,1,0.32318055629730225,data\cache\clean\test\gigagan_23523\blur_s2.0.jpg
gigagan_23834,blur_s2.0,gigagan,gigagan,1,0.3357430696487427,data\cache\clean\test\gigagan_23834\blur_s2.0.jpg
gigagan_24147,blur_s2.0,gigagan,gigagan,1,0.42245838046073914,data\cache\clean\test\gigagan_24147\blur_s2.0.jpg
gigagan_24445,blur_s2.0,gigagan,gigagan,1,0.025978783145546913,data\cache\clean\test\gigagan_24445\blur_s2.0.jpg
gigagan_24679,blur_s2.0,gigagan,gigagan,1,0.30246028304100037,data\cache\clean\test\gigagan_24679\blur_s2.0.jpg
gigagan_24726,blur_s2.0,gigagan,gigagan,1,0.34890881180763245,data\cache\clean\test\gigagan_24726\blur_s2.0.jpg
gigagan_24933,blur_s2.0,gigagan,gigagan,1,0.4779723584651947,data\cache\clean\test\gigagan_24933\blur_s2.0.jpg
gigagan_25002,blur_s2.0,gigagan,gigagan,1,0.4158259332180023,data\cache\clean\test\gigagan_25002\blur_s2.0.jpg
gigagan_25761,blur_s2.0,gigagan,gigagan,1,0.3578108847141266,data\cache\clean\test\gigagan_25761\blur_s2.0.jpg
gigagan_26067,blur_s2.0,gigagan,gigagan,1,0.1301802545785904,data\cache\clean\test\gigagan_26067\blur_s2.0.jpg
gigagan_26323,blur_s2.0,gigagan,gigagan,1,0.48483145236968994,data\cache\clean\test\gigagan_26323\blur_s2.0.jpg
gigagan_26681,blur_s2.0,gigagan,gigagan,1,0.3977566659450531,data\cache\clean\test\gigagan_26681\blur_s2.0.jpg
gigagan_27121,blur_s2.0,gigagan,gigagan,1,0.23203273117542267,data\cache\clean\test\gigagan_27121\blur_s2.0.jpg
gigagan_27542,blur_s2.0,gigagan,gigagan,1,0.4774124324321747,data\cache\clean\test\gigagan_27542\blur_s2.0.jpg
gigagan_27589,blur_s2.0,gigagan,gigagan,1,0.3101159930229187,data\cache\clean\test\gigagan_27589\blur_s2.0.jpg
gigagan_28336,blur_s2.0,gigagan,gigagan,1,0.07963613420724869,data\cache\clean\test\gigagan_28336\blur_s2.0.jpg
gigagan_28900,blur_s2.0,gigagan,gigagan,1,0.19223573803901672,data\cache\clean\test\gigagan_28900\blur_s2.0.jpg
gigagan_28945,blur_s2.0,gigagan,gigagan,1,0.40754690766334534,data\cache\clean\test\gigagan_28945\blur_s2.0.jpg
gigagan_29456,blur_s2.0,gigagan,gigagan,1,0.09081514179706573,data\cache\clean\test\gigagan_29456\blur_s2.0.jpg
gigagan_29526,blur_s2.0,gigagan,gigagan,1,0.39036914706230164,data\cache\clean\test\gigagan_29526\blur_s2.0.jpg
imagen3_045e6da6fd7f6fb0,blur_s2.0,imagen3,imagen3,1,0.013002828694880009,data\cache\clean\test\imagen3_045e6da6fd7f6fb0\blur_s2.0.jpg
imagen3_13ed1f9391224848,blur_s2.0,imagen3,imagen3,1,0.12125114351511002,data\cache\clean\test\imagen3_13ed1f9391224848\blur_s2.0.jpg
imagen3_17643da56f35c6f7,blur_s2.0,imagen3,imagen3,1,0.009053980931639671,data\cache\clean\test\imagen3_17643da56f35c6f7\blur_s2.0.jpg
imagen3_17919c9ffd792ad9,blur_s2.0,imagen3,imagen3,1,0.3210310637950897,data\cache\clean\test\imagen3_17919c9ffd792ad9\blur_s2.0.jpg
imagen3_1fe9a0379cffa709,blur_s2.0,imagen3,imagen3,1,0.4782067537307739,data\cache\clean\test\imagen3_1fe9a0379cffa709\blur_s2.0.jpg
imagen3_24e64d19ddde11cb,blur_s2.0,imagen3,imagen3,1,0.02904951386153698,data\cache\clean\test\imagen3_24e64d19ddde11cb\blur_s2.0.jpg
imagen3_260ae6b06f1f50e2,blur_s2.0,imagen3,imagen3,1,0.03513171896338463,data\cache\clean\test\imagen3_260ae6b06f1f50e2\blur_s2.0.jpg
imagen3_2be4510162a8a76e,blur_s2.0,imagen3,imagen3,1,0.05705289915204048,data\cache\clean\test\imagen3_2be4510162a8a76e\blur_s2.0.jpg
imagen3_3403b18fc93acbfc,blur_s2.0,imagen3,imagen3,1,0.08563672006130219,data\cache\clean\test\imagen3_3403b18fc93acbfc\blur_s2.0.jpg
imagen3_43058,blur_s2.0,imagen3,imagen3,1,0.05816712602972984,data\cache\clean\test\imagen3_43058\blur_s2.0.jpg
imagen3_473ffc5e3d5dc373,blur_s2.0,imagen3,imagen3,1,0.27787336707115173,data\cache\clean\test\imagen3_473ffc5e3d5dc373\blur_s2.0.jpg
imagen3_51659,blur_s2.0,imagen3,imagen3,1,0.40100911259651184,data\cache\clean\test\imagen3_51659\blur_s2.0.jpg
imagen3_519f5c348fe55fcd,blur_s2.0,imagen3,imagen3,1,0.1437515914440155,data\cache\clean\test\imagen3_519f5c348fe55fcd\blur_s2.0.jpg
imagen3_52520,blur_s2.0,imagen3,imagen3,1,0.2580488920211792,data\cache\clean\test\imagen3_52520\blur_s2.0.jpg
imagen3_560ead164dab63a5,blur_s2.0,imagen3,imagen3,1,0.2002425342798233,data\cache\clean\test\imagen3_560ead164dab63a5\blur_s2.0.jpg
imagen3_5e95809bd47d157b,blur_s2.0,imagen3,imagen3,1,0.10784725844860077,data\cache\clean\test\imagen3_5e95809bd47d157b\blur_s2.0.jpg
imagen3_69467160e53f71bc,blur_s2.0,imagen3,imagen3,1,0.1959552764892578,data\cache\clean\test\imagen3_69467160e53f71bc\blur_s2.0.jpg
imagen3_6a8270ea182a9194,blur_s2.0,imagen3,imagen3,1,0.05929846689105034,data\cache\clean\test\imagen3_6a8270ea182a9194\blur_s2.0.jpg
imagen3_6c7624322b04ce43,blur_s2.0,imagen3,imagen3,1,0.014670931734144688,data\cache\clean\test\imagen3_6c7624322b04ce43\blur_s2.0.jpg
imagen3_77fb2d4f372634f8,blur_s2.0,imagen3,imagen3,1,0.0328294076025486,data\cache\clean\test\imagen3_77fb2d4f372634f8\blur_s2.0.jpg
imagen3_8b13dc3bff918841,blur_s2.0,imagen3,imagen3,1,0.42860907316207886,data\cache\clean\test\imagen3_8b13dc3bff918841\blur_s2.0.jpg
imagen3_8e6f8acd28fd8f35,blur_s2.0,imagen3,imagen3,1,0.1528167575597763,data\cache\clean\test\imagen3_8e6f8acd28fd8f35\blur_s2.0.jpg
imagen3_9e82651e214a25c8,blur_s2.0,imagen3,imagen3,1,0.2672329843044281,data\cache\clean\test\imagen3_9e82651e214a25c8\blur_s2.0.jpg
imagen3_aa13646e437b7afa,blur_s2.0,imagen3,imagen3,1,0.250302255153656,data\cache\clean\test\imagen3_aa13646e437b7afa\blur_s2.0.jpg
imagen3_ad860df8c2a1a848,blur_s2.0,imagen3,imagen3,1,0.0445198155939579,data\cache\clean\test\imagen3_ad860df8c2a1a848\blur_s2.0.jpg
imagen3_b69c9976ced306d1,blur_s2.0,imagen3,imagen3,1,0.27480989694595337,data\cache\clean\test\imagen3_b69c9976ced306d1\blur_s2.0.jpg
imagen3_ca44bb7db1e73a9a,blur_s2.0,imagen3,imagen3,1,0.07904859632253647,data\cache\clean\test\imagen3_ca44bb7db1e73a9a\blur_s2.0.jpg
imagen3_d326e7c87fb1d966,blur_s2.0,imagen3,imagen3,1,0.27450791001319885,data\cache\clean\test\imagen3_d326e7c87fb1d966\blur_s2.0.jpg
imagen3_e63f3b6f8bdee43a,blur_s2.0,imagen3,imagen3,1,0.36373627185821533,data\cache\clean\test\imagen3_e63f3b6f8bdee43a\blur_s2.0.jpg
imagen3_f2da05bffbe27dab,blur_s2.0,imagen3,imagen3,1,0.04683149233460426,data\cache\clean\test\imagen3_f2da05bffbe27dab\blur_s2.0.jpg
imagen3_fd568a2839353a92,blur_s2.0,imagen3,imagen3,1,0.2967367172241211,data\cache\clean\test\imagen3_fd568a2839353a92\blur_s2.0.jpg
imagen3_fe7048efd51b15b8,blur_s2.0,imagen3,imagen3,1,0.13128390908241272,data\cache\clean\test\imagen3_fe7048efd51b15b8\blur_s2.0.jpg
imagen3_Imagen3_1208,blur_s2.0,imagen3,imagen3,1,0.17344637215137482,data\cache\clean\test\imagen3_Imagen3_1208\blur_s2.0.jpg
imagen3_Imagen3_2403,blur_s2.0,imagen3,imagen3,1,0.1426205337047577,data\cache\clean\test\imagen3_Imagen3_2403\blur_s2.0.jpg
imagen3_Imagen3_2787,blur_s2.0,imagen3,imagen3,1,0.2053913176059723,data\cache\clean\test\imagen3_Imagen3_2787\blur_s2.0.jpg
imagen3_Imagen3_3097,blur_s2.0,imagen3,imagen3,1,0.07913198322057724,data\cache\clean\test\imagen3_Imagen3_3097\blur_s2.0.jpg
imagen3_Imagen3_3358,blur_s2.0,imagen3,imagen3,1,0.24868695437908173,data\cache\clean\test\imagen3_Imagen3_3358\blur_s2.0.jpg
imagen3_Imagen3_3449,blur_s2.0,imagen3,imagen3,1,0.1561799943447113,data\cache\clean\test\imagen3_Imagen3_3449\blur_s2.0.jpg
sidset_full_synthetic_001692,blur_s2.0,sidset,full_synthetic,1,0.18061019480228424,data\cache\clean\test\sidset_full_synthetic_001692\blur_s2.0.jpg
sidset_full_synthetic_005710,blur_s2.0,sidset,full_synthetic,1,0.43843865394592285,data\cache\clean\test\sidset_full_synthetic_005710\blur_s2.0.jpg
sidset_full_synthetic_013529,blur_s2.0,sidset,full_synthetic,1,0.12025687843561172,data\cache\clean\test\sidset_full_synthetic_013529\blur_s2.0.jpg
sidset_full_synthetic_031321,blur_s2.0,sidset,full_synthetic,1,0.35346749424934387,data\cache\clean\test\sidset_full_synthetic_031321\blur_s2.0.jpg
sidset_full_synthetic_033528,blur_s2.0,sidset,full_synthetic,1,0.055743083357810974,data\cache\clean\test\sidset_full_synthetic_033528\blur_s2.0.jpg
sidset_full_synthetic_037894,blur_s2.0,sidset,full_synthetic,1,0.39603734016418457,data\cache\clean\test\sidset_full_synthetic_037894\blur_s2.0.jpg
sidset_full_synthetic_040891,blur_s2.0,sidset,full_synthetic,1,0.29886606335639954,data\cache\clean\test\sidset_full_synthetic_040891\blur_s2.0.jpg
sidset_full_synthetic_048809,blur_s2.0,sidset,full_synthetic,1,0.16768284142017365,data\cache\clean\test\sidset_full_synthetic_048809\blur_s2.0.jpg
sidset_full_synthetic_060524,blur_s2.0,sidset,full_synthetic,1,0.06781890988349915,data\cache\clean\test\sidset_full_synthetic_060524\blur_s2.0.jpg
sidset_full_synthetic_062086,blur_s2.0,sidset,full_synthetic,1,0.44828513264656067,data\cache\clean\test\sidset_full_synthetic_062086\blur_s2.0.jpg
sidset_full_synthetic_063062,blur_s2.0,sidset,full_synthetic,1,0.36282041668891907,data\cache\clean\test\sidset_full_synthetic_063062\blur_s2.0.jpg
sidset_full_synthetic_066065,blur_s2.0,sidset,full_synthetic,1,0.3838768005371094,data\cache\clean\test\sidset_full_synthetic_066065\blur_s2.0.jpg
stylegan_xl_0097a2e24789bc7a,blur_s2.0,stylegan_xl,stylegan_xl,1,0.06986213475465775,data\cache\clean\test\stylegan_xl_0097a2e24789bc7a\blur_s2.0.jpg
stylegan_xl_00a4591cf03df584,blur_s2.0,stylegan_xl,stylegan_xl,1,0.014724323526024818,data\cache\clean\test\stylegan_xl_00a4591cf03df584\blur_s2.0.jpg
stylegan_xl_031391f1ab18ab62,blur_s2.0,stylegan_xl,stylegan_xl,1,0.23683230578899384,data\cache\clean\test\stylegan_xl_031391f1ab18ab62\blur_s2.0.jpg
stylegan_xl_0a4244f8a9185bad,blur_s2.0,stylegan_xl,stylegan_xl,1,0.4637901782989502,data\cache\clean\test\stylegan_xl_0a4244f8a9185bad\blur_s2.0.jpg
stylegan_xl_0f7efa4c31bcd8f4,blur_s2.0,stylegan_xl,stylegan_xl,1,0.13758283853530884,data\cache\clean\test\stylegan_xl_0f7efa4c31bcd8f4\blur_s2.0.jpg
stylegan_xl_1060d58257bc5130,blur_s2.0,stylegan_xl,stylegan_xl,1,0.02575938031077385,data\cache\clean\test\stylegan_xl_1060d58257bc5130\blur_s2.0.jpg
stylegan_xl_2013fe0d44f84041,blur_s2.0,stylegan_xl,stylegan_xl,1,0.007279781624674797,data\cache\clean\test\stylegan_xl_2013fe0d44f84041\blur_s2.0.jpg
stylegan_xl_3621cf0be1fc8d68,blur_s2.0,stylegan_xl,stylegan_xl,1,0.21617431938648224,data\cache\clean\test\stylegan_xl_3621cf0be1fc8d68\blur_s2.0.jpg
stylegan_xl_38c489e3b0d8c700,blur_s2.0,stylegan_xl,stylegan_xl,1,0.2764711380004883,data\cache\clean\test\stylegan_xl_38c489e3b0d8c700\blur_s2.0.jpg
stylegan_xl_3b5e18f8fc06450d,blur_s2.0,stylegan_xl,stylegan_xl,1,0.007700134534388781,data\cache\clean\test\stylegan_xl_3b5e18f8fc06450d\blur_s2.0.jpg
stylegan_xl_45602,blur_s2.0,stylegan_xl,stylegan_xl,1,0.30573779344558716,data\cache\clean\test\stylegan_xl_45602\blur_s2.0.jpg
stylegan_xl_47343,blur_s2.0,stylegan_xl,stylegan_xl,1,0.13149839639663696,data\cache\clean\test\stylegan_xl_47343\blur_s2.0.jpg
stylegan_xl_48611,blur_s2.0,stylegan_xl,stylegan_xl,1,0.46690163016319275,data\cache\clean\test\stylegan_xl_48611\blur_s2.0.jpg
stylegan_xl_4f991f9638e28675,blur_s2.0,stylegan_xl,stylegan_xl,1,0.06434021890163422,data\cache\clean\test\stylegan_xl_4f991f9638e28675\blur_s2.0.jpg
stylegan_xl_60ed9d3511d333bf,blur_s2.0,stylegan_xl,stylegan_xl,1,0.22615255415439606,data\cache\clean\test\stylegan_xl_60ed9d3511d333bf\blur_s2.0.jpg
stylegan_xl_65bb283a1280639e,blur_s2.0,stylegan_xl,stylegan_xl,1,0.11530119180679321,data\cache\clean\test\stylegan_xl_65bb283a1280639e\blur_s2.0.jpg
stylegan_xl_729fee52c5b7f95b,blur_s2.0,stylegan_xl,stylegan_xl,1,0.10097026824951172,data\cache\clean\test\stylegan_xl_729fee52c5b7f95b\blur_s2.0.jpg
stylegan_xl_7d433e90bcd7bd53,blur_s2.0,stylegan_xl,stylegan_xl,1,0.006629835348576307,data\cache\clean\test\stylegan_xl_7d433e90bcd7bd53\blur_s2.0.jpg
stylegan_xl_7ffebe6032f8209f,blur_s2.0,stylegan_xl,stylegan_xl,1,0.13515545427799225,data\cache\clean\test\stylegan_xl_7ffebe6032f8209f\blur_s2.0.jpg
stylegan_xl_80fc8be6e7c11eb3,blur_s2.0,stylegan_xl,stylegan_xl,1,0.05726010352373123,data\cache\clean\test\stylegan_xl_80fc8be6e7c11eb3\blur_s2.0.jpg
stylegan_xl_8461b1ae87c22c20,blur_s2.0,stylegan_xl,stylegan_xl,1,0.2971653342247009,data\cache\clean\test\stylegan_xl_8461b1ae87c22c20\blur_s2.0.jpg
stylegan_xl_8f9dfd75dde8914f,blur_s2.0,stylegan_xl,stylegan_xl,1,0.10911361128091812,data\cache\clean\test\stylegan_xl_8f9dfd75dde8914f\blur_s2.0.jpg
stylegan_xl_a10d4a733f4df420,blur_s2.0,stylegan_xl,stylegan_xl,1,0.1436488777399063,data\cache\clean\test\stylegan_xl_a10d4a733f4df420\blur_s2.0.jpg
stylegan_xl_a72f3ace10a8f550,blur_s2.0,stylegan_xl,stylegan_xl,1,0.022215450182557106,data\cache\clean\test\stylegan_xl_a72f3ace10a8f550\blur_s2.0.jpg
stylegan_xl_ae09b95535340878,blur_s2.0,stylegan_xl,stylegan_xl,1,0.3210989832878113,data\cache\clean\test\stylegan_xl_ae09b95535340878\blur_s2.0.jpg
stylegan_xl_b6abe358484b287a,blur_s2.0,stylegan_xl,stylegan_xl,1,0.08031218498945236,data\cache\clean\test\stylegan_xl_b6abe358484b287a\blur_s2.0.jpg
stylegan_xl_cccbc1d57a7e095e,blur_s2.0,stylegan_xl,stylegan_xl,1,0.44942396879196167,data\cache\clean\test\stylegan_xl_cccbc1d57a7e095e\blur_s2.0.jpg
stylegan_xl_cf9c332a1ebfb587,blur_s2.0,stylegan_xl,stylegan_xl,1,0.09731637686491013,data\cache\clean\test\stylegan_xl_cf9c332a1ebfb587\blur_s2.0.jpg
stylegan_xl_d686a15f05d09472,blur_s2.0,stylegan_xl,stylegan_xl,1,0.3378612995147705,data\cache\clean\test\stylegan_xl_d686a15f05d09472\blur_s2.0.jpg
stylegan_xl_d7c4ece8c8a01de0,blur_s2.0,stylegan_xl,stylegan_xl,1,0.2797509729862213,data\cache\clean\test\stylegan_xl_d7c4ece8c8a01de0\blur_s2.0.jpg
stylegan_xl_e4b8e7ef72cabaf2,blur_s2.0,stylegan_xl,stylegan_xl,1,0.409914493560791,data\cache\clean\test\stylegan_xl_e4b8e7ef72cabaf2\blur_s2.0.jpg
stylegan_xl_f4a503e24265a7e1,blur_s2.0,stylegan_xl,stylegan_xl,1,0.3067239820957184,data\cache\clean\test\stylegan_xl_f4a503e24265a7e1\blur_s2.0.jpg
stylegan_xl_fef6a66b8deaa7ab,blur_s2.0,stylegan_xl,stylegan_xl,1,0.0717928558588028,data\cache\clean\test\stylegan_xl_fef6a66b8deaa7ab\blur_s2.0.jpg
cifake_1028 (10),color_down,cifake,stable_diffusion,1,0.09502390027046204,data\cache\clean\test\cifake_1028 (10)\color_down.jpg
cifake_1270 (7),color_down,cifake,stable_diffusion,1,0.26378849148750305,data\cache\clean\test\cifake_1270 (7)\color_down.jpg
cifake_1297 (6),color_down,cifake,stable_diffusion,1,0.3579905927181244,data\cache\clean\test\cifake_1297 (6)\color_down.jpg
cifake_1393 (6),color_down,cifake,stable_diffusion,1,0.4757743179798126,data\cache\clean\test\cifake_1393 (6)\color_down.jpg
cifake_1511 (4),color_down,cifake,stable_diffusion,1,0.3174765110015869,data\cache\clean\test\cifake_1511 (4)\color_down.jpg
cifake_1629 (9),color_down,cifake,stable_diffusion,1,0.3470686078071594,data\cache\clean\test\cifake_1629 (9)\color_down.jpg
cifake_1710 (5),color_down,cifake,stable_diffusion,1,0.37578344345092773,data\cache\clean\test\cifake_1710 (5)\color_down.jpg
cifake_1842 (10),color_down,cifake,stable_diffusion,1,0.40412527322769165,data\cache\clean\test\cifake_1842 (10)\color_down.jpg
cifake_1867 (9),color_down,cifake,stable_diffusion,1,0.11024803668260574,data\cache\clean\test\cifake_1867 (9)\color_down.jpg
cifake_2228 (3),color_down,cifake,stable_diffusion,1,0.48952817916870117,data\cache\clean\test\cifake_2228 (3)\color_down.jpg
cifake_2293 (9),color_down,cifake,stable_diffusion,1,0.02235867828130722,data\cache\clean\test\cifake_2293 (9)\color_down.jpg
cifake_251 (10),color_down,cifake,stable_diffusion,1,0.2156839519739151,data\cache\clean\test\cifake_251 (10)\color_down.jpg
cifake_2790 (9),color_down,cifake,stable_diffusion,1,0.3244668245315552,data\cache\clean\test\cifake_2790 (9)\color_down.jpg
cifake_28,color_down,cifake,stable_diffusion,1,0.479966402053833,data\cache\clean\test\cifake_28\color_down.jpg
cifake_3053 (4),color_down,cifake,stable_diffusion,1,0.40328094363212585,data\cache\clean\test\cifake_3053 (4)\color_down.jpg
cifake_3379 (8),color_down,cifake,stable_diffusion,1,0.44100090861320496,data\cache\clean\test\cifake_3379 (8)\color_down.jpg
cifake_350 (3),color_down,cifake,stable_diffusion,1,0.4100504517555237,data\cache\clean\test\cifake_350 (3)\color_down.jpg
cifake_3750 (6),color_down,cifake,stable_diffusion,1,0.43859535455703735,data\cache\clean\test\cifake_3750 (6)\color_down.jpg
cifake_3971 (2),color_down,cifake,stable_diffusion,1,0.26234331727027893,data\cache\clean\test\cifake_3971 (2)\color_down.jpg
cifake_3975 (6),color_down,cifake,stable_diffusion,1,0.40608978271484375,data\cache\clean\test\cifake_3975 (6)\color_down.jpg
cifake_4074 (3),color_down,cifake,stable_diffusion,1,0.20470702648162842,data\cache\clean\test\cifake_4074 (3)\color_down.jpg
cifake_4127 (3),color_down,cifake,stable_diffusion,1,0.37956610321998596,data\cache\clean\test\cifake_4127 (3)\color_down.jpg
cifake_4221 (2),color_down,cifake,stable_diffusion,1,0.013757983222603798,data\cache\clean\test\cifake_4221 (2)\color_down.jpg
cifake_4615 (3),color_down,cifake,stable_diffusion,1,0.16438034176826477,data\cache\clean\test\cifake_4615 (3)\color_down.jpg
cifake_4656 (8),color_down,cifake,stable_diffusion,1,0.43230751156806946,data\cache\clean\test\cifake_4656 (8)\color_down.jpg
cifake_4670 (4),color_down,cifake,stable_diffusion,1,0.1608426570892334,data\cache\clean\test\cifake_4670 (4)\color_down.jpg
cifake_4682 (7),color_down,cifake,stable_diffusion,1,0.15585607290267944,data\cache\clean\test\cifake_4682 (7)\color_down.jpg
cifake_5006 (3),color_down,cifake,stable_diffusion,1,0.27609783411026,data\cache\clean\test\cifake_5006 (3)\color_down.jpg
cifake_5110 (9),color_down,cifake,stable_diffusion,1,0.35713639855384827,data\cache\clean\test\cifake_5110 (9)\color_down.jpg
cifake_5607 (3),color_down,cifake,stable_diffusion,1,0.2832057774066925,data\cache\clean\test\cifake_5607 (3)\color_down.jpg
cifake_5831,color_down,cifake,stable_diffusion,1,0.3489118218421936,data\cache\clean\test\cifake_5831\color_down.jpg
cifake_5943 (10),color_down,cifake,stable_diffusion,1,0.02743987925350666,data\cache\clean\test\cifake_5943 (10)\color_down.jpg
cifake_75,color_down,cifake,stable_diffusion,1,0.20836199820041656,data\cache\clean\test\cifake_75\color_down.jpg
cifake_771 (8),color_down,cifake,stable_diffusion,1,0.04064961522817612,data\cache\clean\test\cifake_771 (8)\color_down.jpg
cifake_841 (4),color_down,cifake,stable_diffusion,1,0.3819272220134735,data\cache\clean\test\cifake_841 (4)\color_down.jpg
dalle_10420,color_down,dalle,dalle,1,0.038216304033994675,data\cache\clean\test\dalle_10420\color_down.jpg
dalle_12052,color_down,dalle,dalle,1,0.45749273896217346,data\cache\clean\test\dalle_12052\color_down.jpg
dalle_12171,color_down,dalle,dalle,1,0.15627165138721466,data\cache\clean\test\dalle_12171\color_down.jpg
dalle_13048,color_down,dalle,dalle,1,0.11039619892835617,data\cache\clean\test\dalle_13048\color_down.jpg
dalle_13108,color_down,dalle,dalle,1,0.34515440464019775,data\cache\clean\test\dalle_13108\color_down.jpg
dalle_13820,color_down,dalle,dalle,1,0.18010111153125763,data\cache\clean\test\dalle_13820\color_down.jpg
dalle_13895,color_down,dalle,dalle,1,0.2893940806388855,data\cache\clean\test\dalle_13895\color_down.jpg
dalle_17768,color_down,dalle,dalle,1,0.10017412900924683,data\cache\clean\test\dalle_17768\color_down.jpg
dalle_1895b86b74caac5dad51022c3d3b33df,color_down,dalle,dalle,1,0.05643691495060921,data\cache\clean\test\dalle_1895b86b74caac5dad51022c3d3b33df\color_down.jpg
dalle_19590,color_down,dalle,dalle,1,0.3786778450012207,data\cache\clean\test\dalle_19590\color_down.jpg
dalle_20080,color_down,dalle,dalle,1,0.31261008977890015,data\cache\clean\test\dalle_20080\color_down.jpg
dalle_20855,color_down,dalle,dalle,1,0.12039384990930557,data\cache\clean\test\dalle_20855\color_down.jpg
dalle_24299,color_down,dalle,dalle,1,0.4319247305393219,data\cache\clean\test\dalle_24299\color_down.jpg
dalle_24310,color_down,dalle,dalle,1,0.488362580537796,data\cache\clean\test\dalle_24310\color_down.jpg
dalle_24599,color_down,dalle,dalle,1,0.4105994701385498,data\cache\clean\test\dalle_24599\color_down.jpg
dalle_26203,color_down,dalle,dalle,1,0.343018114566803,data\cache\clean\test\dalle_26203\color_down.jpg
dalle_26611,color_down,dalle,dalle,1,0.19077719748020172,data\cache\clean\test\dalle_26611\color_down.jpg
dalle_27029,color_down,dalle,dalle,1,0.3989439010620117,data\cache\clean\test\dalle_27029\color_down.jpg
dalle_28652,color_down,dalle,dalle,1,0.02613961510360241,data\cache\clean\test\dalle_28652\color_down.jpg
dalle_29482,color_down,dalle,dalle,1,0.13863016664981842,data\cache\clean\test\dalle_29482\color_down.jpg
dalle_29659,color_down,dalle,dalle,1,0.1951492577791214,data\cache\clean\test\dalle_29659\color_down.jpg
dalle_33159,color_down,dalle,dalle,1,0.1861220747232437,data\cache\clean\test\dalle_33159\color_down.jpg
dalle_33250,color_down,dalle,dalle,1,0.3076140880584717,data\cache\clean\test\dalle_33250\color_down.jpg
dalle_33964,color_down,dalle,dalle,1,0.18919144570827484,data\cache\clean\test\dalle_33964\color_down.jpg
dalle_3469,color_down,dalle,dalle,1,0.19749444723129272,data\cache\clean\test\dalle_3469\color_down.jpg
dalle_35493,color_down,dalle,dalle,1,0.0627230554819107,data\cache\clean\test\dalle_35493\color_down.jpg
dalle_3c589aa7fd4a6705f1fd7918daf4ffb9,color_down,dalle,dalle,1,0.21673837304115295,data\cache\clean\test\dalle_3c589aa7fd4a6705f1fd7918daf4ffb9\color_down.jpg
dalle_40387,color_down,dalle,dalle,1,0.013375193811953068,data\cache\clean\test\dalle_40387\color_down.jpg
dalle_41614,color_down,dalle,dalle,1,0.028799813240766525,data\cache\clean\test\dalle_41614\color_down.jpg
dalle_41791,color_down,dalle,dalle,1,0.004400965292006731,data\cache\clean\test\dalle_41791\color_down.jpg
dalle_41915,color_down,dalle,dalle,1,0.27391546964645386,data\cache\clean\test\dalle_41915\color_down.jpg
dalle_4285,color_down,dalle,dalle,1,0.4543611407279968,data\cache\clean\test\dalle_4285\color_down.jpg
dalle_6f0f61883f111368d770c54801f33449,color_down,dalle,dalle,1,0.015212018974125385,data\cache\clean\test\dalle_6f0f61883f111368d770c54801f33449\color_down.jpg
dalle_7803,color_down,dalle,dalle,1,0.45707863569259644,data\cache\clean\test\dalle_7803\color_down.jpg
dalle_8017,color_down,dalle,dalle,1,0.007561841513961554,data\cache\clean\test\dalle_8017\color_down.jpg
dalle_8a157bfea6c5c95a977f573edf76cb42,color_down,dalle,dalle,1,0.47171011567115784,data\cache\clean\test\dalle_8a157bfea6c5c95a977f573edf76cb42\color_down.jpg
dalle_9068,color_down,dalle,dalle,1,0.004223449621349573,data\cache\clean\test\dalle_9068\color_down.jpg
dalle_9639,color_down,dalle,dalle,1,0.4134811460971832,data\cache\clean\test\dalle_9639\color_down.jpg
gigagan_00014,color_down,gigagan,gigagan,1,0.4194234311580658,data\cache\clean\test\gigagan_00014\color_down.jpg
gigagan_01204,color_down,gigagan,gigagan,1,0.173411026597023,data\cache\clean\test\gigagan_01204\color_down.jpg
gigagan_01605,color_down,gigagan,gigagan,1,0.3017868995666504,data\cache\clean\test\gigagan_01605\color_down.jpg
gigagan_04453,color_down,gigagan,gigagan,1,0.3990798890590668,data\cache\clean\test\gigagan_04453\color_down.jpg
gigagan_04662,color_down,gigagan,gigagan,1,0.46325474977493286,data\cache\clean\test\gigagan_04662\color_down.jpg
gigagan_05061,color_down,gigagan,gigagan,1,0.3097129464149475,data\cache\clean\test\gigagan_05061\color_down.jpg
gigagan_06526,color_down,gigagan,gigagan,1,0.4866209924221039,data\cache\clean\test\gigagan_06526\color_down.jpg
gigagan_07177,color_down,gigagan,gigagan,1,0.33897626399993896,data\cache\clean\test\gigagan_07177\color_down.jpg
gigagan_07350,color_down,gigagan,gigagan,1,0.44736579060554504,data\cache\clean\test\gigagan_07350\color_down.jpg
gigagan_07676,color_down,gigagan,gigagan,1,0.3973398804664612,data\cache\clean\test\gigagan_07676\color_down.jpg
gigagan_07909,color_down,gigagan,gigagan,1,0.15769940614700317,data\cache\clean\test\gigagan_07909\color_down.jpg
gigagan_07986,color_down,gigagan,gigagan,1,0.3609943687915802,data\cache\clean\test\gigagan_07986\color_down.jpg
gigagan_08464,color_down,gigagan,gigagan,1,0.1963815838098526,data\cache\clean\test\gigagan_08464\color_down.jpg
gigagan_09026,color_down,gigagan,gigagan,1,0.13523849844932556,data\cache\clean\test\gigagan_09026\color_down.jpg
gigagan_09302,color_down,gigagan,gigagan,1,0.08041743189096451,data\cache\clean\test\gigagan_09302\color_down.jpg
gigagan_09418,color_down,gigagan,gigagan,1,0.36815375089645386,data\cache\clean\test\gigagan_09418\color_down.jpg
gigagan_09458,color_down,gigagan,gigagan,1,0.023499591276049614,data\cache\clean\test\gigagan_09458\color_down.jpg
gigagan_09888,color_down,gigagan,gigagan,1,0.4886539578437805,data\cache\clean\test\gigagan_09888\color_down.jpg
gigagan_10769,color_down,gigagan,gigagan,1,0.40516337752342224,data\cache\clean\test\gigagan_10769\color_down.jpg
gigagan_10914,color_down,gigagan,gigagan,1,0.005495053716003895,data\cache\clean\test\gigagan_10914\color_down.jpg
gigagan_12083,color_down,gigagan,gigagan,1,0.3966308534145355,data\cache\clean\test\gigagan_12083\color_down.jpg
gigagan_12288,color_down,gigagan,gigagan,1,0.3709436058998108,data\cache\clean\test\gigagan_12288\color_down.jpg
gigagan_12489,color_down,gigagan,gigagan,1,0.3677619397640228,data\cache\clean\test\gigagan_12489\color_down.jpg
gigagan_12929,color_down,gigagan,gigagan,1,0.15238799154758453,data\cache\clean\test\gigagan_12929\color_down.jpg
gigagan_13110,color_down,gigagan,gigagan,1,0.08753079175949097,data\cache\clean\test\gigagan_13110\color_down.jpg
gigagan_14071,color_down,gigagan,gigagan,1,0.004719403572380543,data\cache\clean\test\gigagan_14071\color_down.jpg
gigagan_14909,color_down,gigagan,gigagan,1,0.037687577307224274,data\cache\clean\test\gigagan_14909\color_down.jpg
gigagan_15561,color_down,gigagan,gigagan,1,0.19629104435443878,data\cache\clean\test\gigagan_15561\color_down.jpg
gigagan_15694,color_down,gigagan,gigagan,1,0.12117289006710052,data\cache\clean\test\gigagan_15694\color_down.jpg
gigagan_15949,color_down,gigagan,gigagan,1,0.4393702447414398,data\cache\clean\test\gigagan_15949\color_down.jpg
gigagan_16053,color_down,gigagan,gigagan,1,0.3684372007846832,data\cache\clean\test\gigagan_16053\color_down.jpg
gigagan_16357,color_down,gigagan,gigagan,1,0.23409876227378845,data\cache\clean\test\gigagan_16357\color_down.jpg
gigagan_16966,color_down,gigagan,gigagan,1,0.1597958505153656,data\cache\clean\test\gigagan_16966\color_down.jpg
gigagan_17003,color_down,gigagan,gigagan,1,0.04393792897462845,data\cache\clean\test\gigagan_17003\color_down.jpg
gigagan_17666,color_down,gigagan,gigagan,1,0.08061923086643219,data\cache\clean\test\gigagan_17666\color_down.jpg
gigagan_18037,color_down,gigagan,gigagan,1,0.359102725982666,data\cache\clean\test\gigagan_18037\color_down.jpg
gigagan_18085,color_down,gigagan,gigagan,1,0.28319478034973145,data\cache\clean\test\gigagan_18085\color_down.jpg
gigagan_18378,color_down,gigagan,gigagan,1,0.06603885442018509,data\cache\clean\test\gigagan_18378\color_down.jpg
gigagan_19199,color_down,gigagan,gigagan,1,0.022655196487903595,data\cache\clean\test\gigagan_19199\color_down.jpg
gigagan_19248,color_down,gigagan,gigagan,1,0.49690553545951843,data\cache\clean\test\gigagan_19248\color_down.jpg
gigagan_19940,color_down,gigagan,gigagan,1,0.2834759056568146,data\cache\clean\test\gigagan_19940\color_down.jpg
gigagan_20207,color_down,gigagan,gigagan,1,0.32318776845932007,data\cache\clean\test\gigagan_20207\color_down.jpg
gigagan_20316,color_down,gigagan,gigagan,1,0.3512307405471802,data\cache\clean\test\gigagan_20316\color_down.jpg
gigagan_20327,color_down,gigagan,gigagan,1,0.052389271557331085,data\cache\clean\test\gigagan_20327\color_down.jpg
gigagan_20468,color_down,gigagan,gigagan,1,0.2929781377315521,data\cache\clean\test\gigagan_20468\color_down.jpg
gigagan_20516,color_down,gigagan,gigagan,1,0.13190831243991852,data\cache\clean\test\gigagan_20516\color_down.jpg
gigagan_20756,color_down,gigagan,gigagan,1,0.08339808136224747,data\cache\clean\test\gigagan_20756\color_down.jpg
gigagan_20968,color_down,gigagan,gigagan,1,0.018628498539328575,data\cache\clean\test\gigagan_20968\color_down.jpg
gigagan_21116,color_down,gigagan,gigagan,1,0.27516689896583557,data\cache\clean\test\gigagan_21116\color_down.jpg
gigagan_21166,color_down,gigagan,gigagan,1,0.4154711961746216,data\cache\clean\test\gigagan_21166\color_down.jpg
gigagan_21244,color_down,gigagan,gigagan,1,0.33615607023239136,data\cache\clean\test\gigagan_21244\color_down.jpg
gigagan_21611,color_down,gigagan,gigagan,1,0.02053515799343586,data\cache\clean\test\gigagan_21611\color_down.jpg
gigagan_22294,color_down,gigagan,gigagan,1,0.2377844601869583,data\cache\clean\test\gigagan_22294\color_down.jpg
gigagan_22418,color_down,gigagan,gigagan,1,0.022829590365290642,data\cache\clean\test\gigagan_22418\color_down.jpg
gigagan_22533,color_down,gigagan,gigagan,1,0.16047146916389465,data\cache\clean\test\gigagan_22533\color_down.jpg
gigagan_23134,color_down,gigagan,gigagan,1,0.05034523084759712,data\cache\clean\test\gigagan_23134\color_down.jpg
gigagan_23264,color_down,gigagan,gigagan,1,0.4488735496997833,data\cache\clean\test\gigagan_23264\color_down.jpg
gigagan_23523,color_down,gigagan,gigagan,1,0.29275304079055786,data\cache\clean\test\gigagan_23523\color_down.jpg
gigagan_23834,color_down,gigagan,gigagan,1,0.11312822252511978,data\cache\clean\test\gigagan_23834\color_down.jpg
gigagan_24377,color_down,gigagan,gigagan,1,0.17587919533252716,data\cache\clean\test\gigagan_24377\color_down.jpg
gigagan_24445,color_down,gigagan,gigagan,1,0.1982850432395935,data\cache\clean\test\gigagan_24445\color_down.jpg
gigagan_24679,color_down,gigagan,gigagan,1,0.3994579017162323,data\cache\clean\test\gigagan_24679\color_down.jpg
gigagan_24933,color_down,gigagan,gigagan,1,0.30719855427742004,data\cache\clean\test\gigagan_24933\color_down.jpg
gigagan_25090,color_down,gigagan,gigagan,1,0.14367614686489105,data\cache\clean\test\gigagan_25090\color_down.jpg
gigagan_25761,color_down,gigagan,gigagan,1,0.4876968264579773,data\cache\clean\test\gigagan_25761\color_down.jpg
gigagan_26067,color_down,gigagan,gigagan,1,0.10656138509511948,data\cache\clean\test\gigagan_26067\color_down.jpg
gigagan_26681,color_down,gigagan,gigagan,1,0.3786524832248688,data\cache\clean\test\gigagan_26681\color_down.jpg
gigagan_27542,color_down,gigagan,gigagan,1,0.42644500732421875,data\cache\clean\test\gigagan_27542\color_down.jpg
gigagan_27589,color_down,gigagan,gigagan,1,0.4969373047351837,data\cache\clean\test\gigagan_27589\color_down.jpg
gigagan_28336,color_down,gigagan,gigagan,1,0.06670268625020981,data\cache\clean\test\gigagan_28336\color_down.jpg
gigagan_28945,color_down,gigagan,gigagan,1,0.451158732175827,data\cache\clean\test\gigagan_28945\color_down.jpg
gigagan_29456,color_down,gigagan,gigagan,1,0.10012888163328171,data\cache\clean\test\gigagan_29456\color_down.jpg
imagen3_045e6da6fd7f6fb0,color_down,imagen3,imagen3,1,0.01911739632487297,data\cache\clean\test\imagen3_045e6da6fd7f6fb0\color_down.jpg
imagen3_04e3097ac2f57647,color_down,imagen3,imagen3,1,0.43146663904190063,data\cache\clean\test\imagen3_04e3097ac2f57647\color_down.jpg
imagen3_13ed1f9391224848,color_down,imagen3,imagen3,1,0.12056444585323334,data\cache\clean\test\imagen3_13ed1f9391224848\color_down.jpg
imagen3_17643da56f35c6f7,color_down,imagen3,imagen3,1,0.00862655509263277,data\cache\clean\test\imagen3_17643da56f35c6f7\color_down.jpg
imagen3_17919c9ffd792ad9,color_down,imagen3,imagen3,1,0.4159008860588074,data\cache\clean\test\imagen3_17919c9ffd792ad9\color_down.jpg
imagen3_1fe9a0379cffa709,color_down,imagen3,imagen3,1,0.14717668294906616,data\cache\clean\test\imagen3_1fe9a0379cffa709\color_down.jpg
imagen3_24e64d19ddde11cb,color_down,imagen3,imagen3,1,0.01704171486198902,data\cache\clean\test\imagen3_24e64d19ddde11cb\color_down.jpg
imagen3_260ae6b06f1f50e2,color_down,imagen3,imagen3,1,0.016529835760593414,data\cache\clean\test\imagen3_260ae6b06f1f50e2\color_down.jpg
imagen3_2be4510162a8a76e,color_down,imagen3,imagen3,1,0.02786625362932682,data\cache\clean\test\imagen3_2be4510162a8a76e\color_down.jpg
imagen3_3403b18fc93acbfc,color_down,imagen3,imagen3,1,0.08909546583890915,data\cache\clean\test\imagen3_3403b18fc93acbfc\color_down.jpg
imagen3_43058,color_down,imagen3,imagen3,1,0.05195915326476097,data\cache\clean\test\imagen3_43058\color_down.jpg
imagen3_43208,color_down,imagen3,imagen3,1,0.1263176053762436,data\cache\clean\test\imagen3_43208\color_down.jpg
imagen3_44075,color_down,imagen3,imagen3,1,0.1842820644378662,data\cache\clean\test\imagen3_44075\color_down.jpg
imagen3_44476,color_down,imagen3,imagen3,1,0.0980137288570404,data\cache\clean\test\imagen3_44476\color_down.jpg
imagen3_46617,color_down,imagen3,imagen3,1,0.014143574982881546,data\cache\clean\test\imagen3_46617\color_down.jpg
imagen3_46922,color_down,imagen3,imagen3,1,0.1818559616804123,data\cache\clean\test\imagen3_46922\color_down.jpg
imagen3_473ffc5e3d5dc373,color_down,imagen3,imagen3,1,0.44294989109039307,data\cache\clean\test\imagen3_473ffc5e3d5dc373\color_down.jpg
imagen3_48174,color_down,imagen3,imagen3,1,0.46607670187950134,data\cache\clean\test\imagen3_48174\color_down.jpg
imagen3_51659,color_down,imagen3,imagen3,1,0.11860731989145279,data\cache\clean\test\imagen3_51659\color_down.jpg
imagen3_519f5c348fe55fcd,color_down,imagen3,imagen3,1,0.008058152161538601,data\cache\clean\test\imagen3_519f5c348fe55fcd\color_down.jpg
imagen3_52520,color_down,imagen3,imagen3,1,0.15589231252670288,data\cache\clean\test\imagen3_52520\color_down.jpg
imagen3_560ead164dab63a5,color_down,imagen3,imagen3,1,0.23844332993030548,data\cache\clean\test\imagen3_560ead164dab63a5\color_down.jpg
imagen3_5e95809bd47d157b,color_down,imagen3,imagen3,1,0.4003636837005615,data\cache\clean\test\imagen3_5e95809bd47d157b\color_down.jpg
imagen3_69467160e53f71bc,color_down,imagen3,imagen3,1,0.4251614511013031,data\cache\clean\test\imagen3_69467160e53f71bc\color_down.jpg
imagen3_6a8270ea182a9194,color_down,imagen3,imagen3,1,0.18596646189689636,data\cache\clean\test\imagen3_6a8270ea182a9194\color_down.jpg
imagen3_6c7624322b04ce43,color_down,imagen3,imagen3,1,0.03164849802851677,data\cache\clean\test\imagen3_6c7624322b04ce43\color_down.jpg
imagen3_77fb2d4f372634f8,color_down,imagen3,imagen3,1,0.019101126119494438,data\cache\clean\test\imagen3_77fb2d4f372634f8\color_down.jpg
imagen3_7e3e1e738f642f1a,color_down,imagen3,imagen3,1,0.42191293835639954,data\cache\clean\test\imagen3_7e3e1e738f642f1a\color_down.jpg
imagen3_7ee1485909c59826,color_down,imagen3,imagen3,1,0.35710015892982483,data\cache\clean\test\imagen3_7ee1485909c59826\color_down.jpg
imagen3_8b13dc3bff918841,color_down,imagen3,imagen3,1,0.2703784108161926,data\cache\clean\test\imagen3_8b13dc3bff918841\color_down.jpg
imagen3_8c20e4bf83ffff36,color_down,imagen3,imagen3,1,0.4789256155490875,data\cache\clean\test\imagen3_8c20e4bf83ffff36\color_down.jpg
imagen3_8e6f8acd28fd8f35,color_down,imagen3,imagen3,1,0.26242300868034363,data\cache\clean\test\imagen3_8e6f8acd28fd8f35\color_down.jpg
imagen3_9e82651e214a25c8,color_down,imagen3,imagen3,1,0.2529878616333008,data\cache\clean\test\imagen3_9e82651e214a25c8\color_down.jpg
imagen3_a90890e19b242beb,color_down,imagen3,imagen3,1,0.38400784134864807,data\cache\clean\test\imagen3_a90890e19b242beb\color_down.jpg
imagen3_aa13646e437b7afa,color_down,imagen3,imagen3,1,0.05464903265237808,data\cache\clean\test\imagen3_aa13646e437b7afa\color_down.jpg
imagen3_ad860df8c2a1a848,color_down,imagen3,imagen3,1,0.04546699672937393,data\cache\clean\test\imagen3_ad860df8c2a1a848\color_down.jpg
imagen3_b69c9976ced306d1,color_down,imagen3,imagen3,1,0.2488364726305008,data\cache\clean\test\imagen3_b69c9976ced306d1\color_down.jpg
imagen3_ca44bb7db1e73a9a,color_down,imagen3,imagen3,1,0.032946113497018814,data\cache\clean\test\imagen3_ca44bb7db1e73a9a\color_down.jpg
imagen3_d326e7c87fb1d966,color_down,imagen3,imagen3,1,0.44440534710884094,data\cache\clean\test\imagen3_d326e7c87fb1d966\color_down.jpg
imagen3_e63f3b6f8bdee43a,color_down,imagen3,imagen3,1,0.1025380939245224,data\cache\clean\test\imagen3_e63f3b6f8bdee43a\color_down.jpg
imagen3_ea646e585cc24088,color_down,imagen3,imagen3,1,0.11528436839580536,data\cache\clean\test\imagen3_ea646e585cc24088\color_down.jpg
imagen3_eaf94916ce926270,color_down,imagen3,imagen3,1,0.3141256868839264,data\cache\clean\test\imagen3_eaf94916ce926270\color_down.jpg
imagen3_f2da05bffbe27dab,color_down,imagen3,imagen3,1,0.04098259657621384,data\cache\clean\test\imagen3_f2da05bffbe27dab\color_down.jpg
imagen3_fd568a2839353a92,color_down,imagen3,imagen3,1,0.47974422574043274,data\cache\clean\test\imagen3_fd568a2839353a92\color_down.jpg
imagen3_fe7048efd51b15b8,color_down,imagen3,imagen3,1,0.2599652111530304,data\cache\clean\test\imagen3_fe7048efd51b15b8\color_down.jpg
imagen3_Imagen3_1208,color_down,imagen3,imagen3,1,0.04400162771344185,data\cache\clean\test\imagen3_Imagen3_1208\color_down.jpg
imagen3_Imagen3_2403,color_down,imagen3,imagen3,1,0.15538424253463745,data\cache\clean\test\imagen3_Imagen3_2403\color_down.jpg
imagen3_Imagen3_2551,color_down,imagen3,imagen3,1,0.16330641508102417,data\cache\clean\test\imagen3_Imagen3_2551\color_down.jpg
imagen3_Imagen3_3097,color_down,imagen3,imagen3,1,0.42869073152542114,data\cache\clean\test\imagen3_Imagen3_3097\color_down.jpg
imagen3_Imagen3_3235,color_down,imagen3,imagen3,1,0.4515778720378876,data\cache\clean\test\imagen3_Imagen3_3235\color_down.jpg
imagen3_Imagen3_3546,color_down,imagen3,imagen3,1,0.1402006894350052,data\cache\clean\test\imagen3_Imagen3_3546\color_down.jpg
sidset_full_synthetic_001692,color_down,sidset,full_synthetic,1,0.030205613002181053,data\cache\clean\test\sidset_full_synthetic_001692\color_down.jpg
sidset_full_synthetic_031321,color_down,sidset,full_synthetic,1,0.49356216192245483,data\cache\clean\test\sidset_full_synthetic_031321\color_down.jpg
sidset_full_synthetic_042089,color_down,sidset,full_synthetic,1,0.38630929589271545,data\cache\clean\test\sidset_full_synthetic_042089\color_down.jpg
sidset_full_synthetic_048809,color_down,sidset,full_synthetic,1,0.1820574849843979,data\cache\clean\test\sidset_full_synthetic_048809\color_down.jpg
sidset_full_synthetic_060524,color_down,sidset,full_synthetic,1,0.3072810173034668,data\cache\clean\test\sidset_full_synthetic_060524\color_down.jpg
sidset_full_synthetic_063062,color_down,sidset,full_synthetic,1,0.4613964855670929,data\cache\clean\test\sidset_full_synthetic_063062\color_down.jpg
stylegan_xl_0097a2e24789bc7a,color_down,stylegan_xl,stylegan_xl,1,0.09862153977155685,data\cache\clean\test\stylegan_xl_0097a2e24789bc7a\color_down.jpg
stylegan_xl_00a4591cf03df584,color_down,stylegan_xl,stylegan_xl,1,0.0076611824333667755,data\cache\clean\test\stylegan_xl_00a4591cf03df584\color_down.jpg
stylegan_xl_031391f1ab18ab62,color_down,stylegan_xl,stylegan_xl,1,0.323025107383728,data\cache\clean\test\stylegan_xl_031391f1ab18ab62\color_down.jpg
stylegan_xl_0f7efa4c31bcd8f4,color_down,stylegan_xl,stylegan_xl,1,0.05977500602602959,data\cache\clean\test\stylegan_xl_0f7efa4c31bcd8f4\color_down.jpg
stylegan_xl_10213,color_down,stylegan_xl,stylegan_xl,1,0.4547896683216095,data\cache\clean\test\stylegan_xl_10213\color_down.jpg
stylegan_xl_1060d58257bc5130,color_down,stylegan_xl,stylegan_xl,1,0.028713807463645935,data\cache\clean\test\stylegan_xl_1060d58257bc5130\color_down.jpg
stylegan_xl_17f8bf0ef8d2f478,color_down,stylegan_xl,stylegan_xl,1,0.2819664776325226,data\cache\clean\test\stylegan_xl_17f8bf0ef8d2f478\color_down.jpg
stylegan_xl_2013fe0d44f84041,color_down,stylegan_xl,stylegan_xl,1,0.004325493238866329,data\cache\clean\test\stylegan_xl_2013fe0d44f84041\color_down.jpg
stylegan_xl_324e332686aa6966,color_down,stylegan_xl,stylegan_xl,1,0.4710927903652191,data\cache\clean\test\stylegan_xl_324e332686aa6966\color_down.jpg
stylegan_xl_3621cf0be1fc8d68,color_down,stylegan_xl,stylegan_xl,1,0.280460387468338,data\cache\clean\test\stylegan_xl_3621cf0be1fc8d68\color_down.jpg
stylegan_xl_38c489e3b0d8c700,color_down,stylegan_xl,stylegan_xl,1,0.1562846451997757,data\cache\clean\test\stylegan_xl_38c489e3b0d8c700\color_down.jpg
stylegan_xl_3b5e18f8fc06450d,color_down,stylegan_xl,stylegan_xl,1,0.0329766683280468,data\cache\clean\test\stylegan_xl_3b5e18f8fc06450d\color_down.jpg
stylegan_xl_43922,color_down,stylegan_xl,stylegan_xl,1,0.46197980642318726,data\cache\clean\test\stylegan_xl_43922\color_down.jpg
stylegan_xl_44451,color_down,stylegan_xl,stylegan_xl,1,0.27724766731262207,data\cache\clean\test\stylegan_xl_44451\color_down.jpg
stylegan_xl_45602,color_down,stylegan_xl,stylegan_xl,1,0.11396732926368713,data\cache\clean\test\stylegan_xl_45602\color_down.jpg
stylegan_xl_47343,color_down,stylegan_xl,stylegan_xl,1,0.01739135943353176,data\cache\clean\test\stylegan_xl_47343\color_down.jpg
stylegan_xl_48611,color_down,stylegan_xl,stylegan_xl,1,0.024754872545599937,data\cache\clean\test\stylegan_xl_48611\color_down.jpg
stylegan_xl_4f991f9638e28675,color_down,stylegan_xl,stylegan_xl,1,0.26219668984413147,data\cache\clean\test\stylegan_xl_4f991f9638e28675\color_down.jpg
stylegan_xl_51829,color_down,stylegan_xl,stylegan_xl,1,0.44855785369873047,data\cache\clean\test\stylegan_xl_51829\color_down.jpg
stylegan_xl_53551,color_down,stylegan_xl,stylegan_xl,1,0.21161307394504547,data\cache\clean\test\stylegan_xl_53551\color_down.jpg
stylegan_xl_548aed682dc65ef2,color_down,stylegan_xl,stylegan_xl,1,0.29446664452552795,data\cache\clean\test\stylegan_xl_548aed682dc65ef2\color_down.jpg
stylegan_xl_60ed9d3511d333bf,color_down,stylegan_xl,stylegan_xl,1,0.2530912756919861,data\cache\clean\test\stylegan_xl_60ed9d3511d333bf\color_down.jpg
stylegan_xl_65bb283a1280639e,color_down,stylegan_xl,stylegan_xl,1,0.3145344853401184,data\cache\clean\test\stylegan_xl_65bb283a1280639e\color_down.jpg
stylegan_xl_729fee52c5b7f95b,color_down,stylegan_xl,stylegan_xl,1,0.14833778142929077,data\cache\clean\test\stylegan_xl_729fee52c5b7f95b\color_down.jpg
stylegan_xl_7d433e90bcd7bd53,color_down,stylegan_xl,stylegan_xl,1,0.007118431851267815,data\cache\clean\test\stylegan_xl_7d433e90bcd7bd53\color_down.jpg
stylegan_xl_7ffebe6032f8209f,color_down,stylegan_xl,stylegan_xl,1,0.09559392184019089,data\cache\clean\test\stylegan_xl_7ffebe6032f8209f\color_down.jpg
stylegan_xl_80fc8be6e7c11eb3,color_down,stylegan_xl,stylegan_xl,1,0.06006714329123497,data\cache\clean\test\stylegan_xl_80fc8be6e7c11eb3\color_down.jpg
stylegan_xl_8461b1ae87c22c20,color_down,stylegan_xl,stylegan_xl,1,0.10038087517023087,data\cache\clean\test\stylegan_xl_8461b1ae87c22c20\color_down.jpg
stylegan_xl_8f9dfd75dde8914f,color_down,stylegan_xl,stylegan_xl,1,0.07539653033018112,data\cache\clean\test\stylegan_xl_8f9dfd75dde8914f\color_down.jpg
stylegan_xl_91fb9195a35b7711,color_down,stylegan_xl,stylegan_xl,1,0.4607798159122467,data\cache\clean\test\stylegan_xl_91fb9195a35b7711\color_down.jpg
stylegan_xl_a10d4a733f4df420,color_down,stylegan_xl,stylegan_xl,1,0.4261421263217926,data\cache\clean\test\stylegan_xl_a10d4a733f4df420\color_down.jpg
stylegan_xl_a72f3ace10a8f550,color_down,stylegan_xl,stylegan_xl,1,0.01989416778087616,data\cache\clean\test\stylegan_xl_a72f3ace10a8f550\color_down.jpg
stylegan_xl_ae09b95535340878,color_down,stylegan_xl,stylegan_xl,1,0.436093807220459,data\cache\clean\test\stylegan_xl_ae09b95535340878\color_down.jpg
stylegan_xl_b6abe358484b287a,color_down,stylegan_xl,stylegan_xl,1,0.15586455166339874,data\cache\clean\test\stylegan_xl_b6abe358484b287a\color_down.jpg
stylegan_xl_c9421141bcf3a15a,color_down,stylegan_xl,stylegan_xl,1,0.25199243426322937,data\cache\clean\test\stylegan_xl_c9421141bcf3a15a\color_down.jpg
stylegan_xl_cccbc1d57a7e095e,color_down,stylegan_xl,stylegan_xl,1,0.33901533484458923,data\cache\clean\test\stylegan_xl_cccbc1d57a7e095e\color_down.jpg
stylegan_xl_cf9c332a1ebfb587,color_down,stylegan_xl,stylegan_xl,1,0.0432695634663105,data\cache\clean\test\stylegan_xl_cf9c332a1ebfb587\color_down.jpg
stylegan_xl_d686a15f05d09472,color_down,stylegan_xl,stylegan_xl,1,0.3956236243247986,data\cache\clean\test\stylegan_xl_d686a15f05d09472\color_down.jpg
stylegan_xl_d7c4ece8c8a01de0,color_down,stylegan_xl,stylegan_xl,1,0.22350092232227325,data\cache\clean\test\stylegan_xl_d7c4ece8c8a01de0\color_down.jpg
stylegan_xl_e4b8e7ef72cabaf2,color_down,stylegan_xl,stylegan_xl,1,0.08599252998828888,data\cache\clean\test\stylegan_xl_e4b8e7ef72cabaf2\color_down.jpg
stylegan_xl_f4a503e24265a7e1,color_down,stylegan_xl,stylegan_xl,1,0.21020004153251648,data\cache\clean\test\stylegan_xl_f4a503e24265a7e1\color_down.jpg
stylegan_xl_fef6a66b8deaa7ab,color_down,stylegan_xl,stylegan_xl,1,0.021880874410271645,data\cache\clean\test\stylegan_xl_fef6a66b8deaa7ab\color_down.jpg
stylegan_xl_stylegan-x_1267,color_down,stylegan_xl,stylegan_xl,1,0.3428427278995514,data\cache\clean\test\stylegan_xl_stylegan-x_1267\color_down.jpg
cifake_1028 (10),color_up,cifake,stable_diffusion,1,0.11767873167991638,data\cache\clean\test\cifake_1028 (10)\color_up.jpg
cifake_1088 (3),color_up,cifake,stable_diffusion,1,0.028095150366425514,data\cache\clean\test\cifake_1088 (3)\color_up.jpg
cifake_1297 (6),color_up,cifake,stable_diffusion,1,0.05066538602113724,data\cache\clean\test\cifake_1297 (6)\color_up.jpg
cifake_1468 (5),color_up,cifake,stable_diffusion,1,0.31163814663887024,data\cache\clean\test\cifake_1468 (5)\color_up.jpg
cifake_1629 (9),color_up,cifake,stable_diffusion,1,0.44957244396209717,data\cache\clean\test\cifake_1629 (9)\color_up.jpg
cifake_1867 (9),color_up,cifake,stable_diffusion,1,0.3746070861816406,data\cache\clean\test\cifake_1867 (9)\color_up.jpg
cifake_2293 (9),color_up,cifake,stable_diffusion,1,0.4636403024196625,data\cache\clean\test\cifake_2293 (9)\color_up.jpg
cifake_2790 (9),color_up,cifake,stable_diffusion,1,0.15808741748332977,data\cache\clean\test\cifake_2790 (9)\color_up.jpg
cifake_2857 (10)_1,color_up,cifake,stable_diffusion,1,0.06514193117618561,data\cache\clean\test\cifake_2857 (10)_1\color_up.jpg
cifake_295,color_up,cifake,stable_diffusion,1,0.48761042952537537,data\cache\clean\test\cifake_295\color_up.jpg
cifake_3160,color_up,cifake,stable_diffusion,1,0.45347145199775696,data\cache\clean\test\cifake_3160\color_up.jpg
cifake_3339 (9),color_up,cifake,stable_diffusion,1,0.14525383710861206,data\cache\clean\test\cifake_3339 (9)\color_up.jpg
cifake_3921_1,color_up,cifake,stable_diffusion,1,0.26414597034454346,data\cache\clean\test\cifake_3921_1\color_up.jpg
cifake_4127 (3),color_up,cifake,stable_diffusion,1,0.18324624001979828,data\cache\clean\test\cifake_4127 (3)\color_up.jpg
cifake_4221 (2),color_up,cifake,stable_diffusion,1,0.045569028705358505,data\cache\clean\test\cifake_4221 (2)\color_up.jpg
cifake_4615 (3),color_up,cifake,stable_diffusion,1,0.27765950560569763,data\cache\clean\test\cifake_4615 (3)\color_up.jpg
cifake_4949 (8),color_up,cifake,stable_diffusion,1,0.3876005709171295,data\cache\clean\test\cifake_4949 (8)\color_up.jpg
cifake_5006 (3),color_up,cifake,stable_diffusion,1,0.13562077283859253,data\cache\clean\test\cifake_5006 (3)\color_up.jpg
cifake_5221 (3),color_up,cifake,stable_diffusion,1,0.02987057715654373,data\cache\clean\test\cifake_5221 (3)\color_up.jpg
cifake_5511 (9),color_up,cifake,stable_diffusion,1,0.4605564773082733,data\cache\clean\test\cifake_5511 (9)\color_up.jpg
cifake_5607,color_up,cifake,stable_diffusion,1,0.1718345731496811,data\cache\clean\test\cifake_5607\color_up.jpg
cifake_5607 (3),color_up,cifake,stable_diffusion,1,0.03776370733976364,data\cache\clean\test\cifake_5607 (3)\color_up.jpg
cifake_771 (8),color_up,cifake,stable_diffusion,1,0.0732942447066307,data\cache\clean\test\cifake_771 (8)\color_up.jpg
cifake_791 (6),color_up,cifake,stable_diffusion,1,0.43501219153404236,data\cache\clean\test\cifake_791 (6)\color_up.jpg
cifake_954 (9),color_up,cifake,stable_diffusion,1,0.3945099115371704,data\cache\clean\test\cifake_954 (9)\color_up.jpg
dalle_12052,color_up,dalle,dalle,1,0.14629583060741425,data\cache\clean\test\dalle_12052\color_up.jpg
dalle_1895b86b74caac5dad51022c3d3b33df,color_up,dalle,dalle,1,0.009663903154432774,data\cache\clean\test\dalle_1895b86b74caac5dad51022c3d3b33df\color_up.jpg
dalle_40387,color_up,dalle,dalle,1,0.041909996420145035,data\cache\clean\test\dalle_40387\color_up.jpg
dalle_6f0f61883f111368d770c54801f33449,color_up,dalle,dalle,1,0.015146028250455856,data\cache\clean\test\dalle_6f0f61883f111368d770c54801f33449\color_up.jpg
dalle_733,color_up,dalle,dalle,1,0.37937211990356445,data\cache\clean\test\dalle_733\color_up.jpg
dalle_8017,color_up,dalle,dalle,1,0.06552822142839432,data\cache\clean\test\dalle_8017\color_up.jpg
dalle_9068,color_up,dalle,dalle,1,0.27730458974838257,data\cache\clean\test\dalle_9068\color_up.jpg
gigagan_00014,color_up,gigagan,gigagan,1,0.2630181312561035,data\cache\clean\test\gigagan_00014\color_up.jpg
gigagan_03422,color_up,gigagan,gigagan,1,0.02704465389251709,data\cache\clean\test\gigagan_03422\color_up.jpg
gigagan_05645,color_up,gigagan,gigagan,1,0.11448393762111664,data\cache\clean\test\gigagan_05645\color_up.jpg
gigagan_05738,color_up,gigagan,gigagan,1,0.2872661352157593,data\cache\clean\test\gigagan_05738\color_up.jpg
gigagan_06628,color_up,gigagan,gigagan,1,0.3856956958770752,data\cache\clean\test\gigagan_06628\color_up.jpg
gigagan_07350,color_up,gigagan,gigagan,1,0.4874258041381836,data\cache\clean\test\gigagan_07350\color_up.jpg
gigagan_07909,color_up,gigagan,gigagan,1,0.10701356083154678,data\cache\clean\test\gigagan_07909\color_up.jpg
gigagan_07986,color_up,gigagan,gigagan,1,0.4683644771575928,data\cache\clean\test\gigagan_07986\color_up.jpg
gigagan_08055,color_up,gigagan,gigagan,1,0.39981305599212646,data\cache\clean\test\gigagan_08055\color_up.jpg
gigagan_09026,color_up,gigagan,gigagan,1,0.17544542253017426,data\cache\clean\test\gigagan_09026\color_up.jpg
gigagan_09302,color_up,gigagan,gigagan,1,0.11813691258430481,data\cache\clean\test\gigagan_09302\color_up.jpg
gigagan_09458,color_up,gigagan,gigagan,1,0.26497796177864075,data\cache\clean\test\gigagan_09458\color_up.jpg
gigagan_10282,color_up,gigagan,gigagan,1,0.3576224148273468,data\cache\clean\test\gigagan_10282\color_up.jpg
gigagan_10769,color_up,gigagan,gigagan,1,0.14605271816253662,data\cache\clean\test\gigagan_10769\color_up.jpg
gigagan_10914,color_up,gigagan,gigagan,1,0.005346556659787893,data\cache\clean\test\gigagan_10914\color_up.jpg
gigagan_14071,color_up,gigagan,gigagan,1,0.015343742445111275,data\cache\clean\test\gigagan_14071\color_up.jpg
gigagan_14909,color_up,gigagan,gigagan,1,0.32800713181495667,data\cache\clean\test\gigagan_14909\color_up.jpg
gigagan_15561,color_up,gigagan,gigagan,1,0.09251019358634949,data\cache\clean\test\gigagan_15561\color_up.jpg
gigagan_15694,color_up,gigagan,gigagan,1,0.1622915118932724,data\cache\clean\test\gigagan_15694\color_up.jpg
gigagan_16357,color_up,gigagan,gigagan,1,0.21503327786922455,data\cache\clean\test\gigagan_16357\color_up.jpg
gigagan_16966,color_up,gigagan,gigagan,1,0.09621471166610718,data\cache\clean\test\gigagan_16966\color_up.jpg
gigagan_18085,color_up,gigagan,gigagan,1,0.17581583559513092,data\cache\clean\test\gigagan_18085\color_up.jpg
gigagan_19055,color_up,gigagan,gigagan,1,0.26938992738723755,data\cache\clean\test\gigagan_19055\color_up.jpg
gigagan_19199,color_up,gigagan,gigagan,1,0.15786847472190857,data\cache\clean\test\gigagan_19199\color_up.jpg
gigagan_19316,color_up,gigagan,gigagan,1,0.2073158472776413,data\cache\clean\test\gigagan_19316\color_up.jpg
gigagan_20207,color_up,gigagan,gigagan,1,0.2594353258609772,data\cache\clean\test\gigagan_20207\color_up.jpg
gigagan_20316,color_up,gigagan,gigagan,1,0.2777327299118042,data\cache\clean\test\gigagan_20316\color_up.jpg
gigagan_20327,color_up,gigagan,gigagan,1,0.09384345263242722,data\cache\clean\test\gigagan_20327\color_up.jpg
gigagan_20516,color_up,gigagan,gigagan,1,0.2369067370891571,data\cache\clean\test\gigagan_20516\color_up.jpg
gigagan_20968,color_up,gigagan,gigagan,1,0.08889194577932358,data\cache\clean\test\gigagan_20968\color_up.jpg
gigagan_21116,color_up,gigagan,gigagan,1,0.33875522017478943,data\cache\clean\test\gigagan_21116\color_up.jpg
gigagan_21166,color_up,gigagan,gigagan,1,0.12366872280836105,data\cache\clean\test\gigagan_21166\color_up.jpg
gigagan_21244,color_up,gigagan,gigagan,1,0.08888702094554901,data\cache\clean\test\gigagan_21244\color_up.jpg
gigagan_21611,color_up,gigagan,gigagan,1,0.40798360109329224,data\cache\clean\test\gigagan_21611\color_up.jpg
gigagan_22294,color_up,gigagan,gigagan,1,0.39932936429977417,data\cache\clean\test\gigagan_22294\color_up.jpg
gigagan_22418,color_up,gigagan,gigagan,1,0.11368349939584732,data\cache\clean\test\gigagan_22418\color_up.jpg
gigagan_22770,color_up,gigagan,gigagan,1,0.3578377962112427,data\cache\clean\test\gigagan_22770\color_up.jpg
gigagan_23134,color_up,gigagan,gigagan,1,0.04926092177629471,data\cache\clean\test\gigagan_23134\color_up.jpg
gigagan_23834,color_up,gigagan,gigagan,1,0.2631409168243408,data\cache\clean\test\gigagan_23834\color_up.jpg
gigagan_24377,color_up,gigagan,gigagan,1,0.2752733826637268,data\cache\clean\test\gigagan_24377\color_up.jpg
gigagan_24445,color_up,gigagan,gigagan,1,0.15971702337265015,data\cache\clean\test\gigagan_24445\color_up.jpg
gigagan_24707,color_up,gigagan,gigagan,1,0.2650691568851471,data\cache\clean\test\gigagan_24707\color_up.jpg
gigagan_24726,color_up,gigagan,gigagan,1,0.1535433530807495,data\cache\clean\test\gigagan_24726\color_up.jpg
gigagan_25761,color_up,gigagan,gigagan,1,0.4470375180244446,data\cache\clean\test\gigagan_25761\color_up.jpg
gigagan_26067,color_up,gigagan,gigagan,1,0.3571193516254425,data\cache\clean\test\gigagan_26067\color_up.jpg
gigagan_26323,color_up,gigagan,gigagan,1,0.23202398419380188,data\cache\clean\test\gigagan_26323\color_up.jpg
gigagan_26651,color_up,gigagan,gigagan,1,0.09924463927745819,data\cache\clean\test\gigagan_26651\color_up.jpg
gigagan_26681,color_up,gigagan,gigagan,1,0.20866332948207855,data\cache\clean\test\gigagan_26681\color_up.jpg
gigagan_27542,color_up,gigagan,gigagan,1,0.20346322655677795,data\cache\clean\test\gigagan_27542\color_up.jpg
gigagan_28019,color_up,gigagan,gigagan,1,0.2312759906053543,data\cache\clean\test\gigagan_28019\color_up.jpg
gigagan_29456,color_up,gigagan,gigagan,1,0.15812373161315918,data\cache\clean\test\gigagan_29456\color_up.jpg
imagen3_045e6da6fd7f6fb0,color_up,imagen3,imagen3,1,0.3084494471549988,data\cache\clean\test\imagen3_045e6da6fd7f6fb0\color_up.jpg
imagen3_13ed1f9391224848,color_up,imagen3,imagen3,1,0.47854626178741455,data\cache\clean\test\imagen3_13ed1f9391224848\color_up.jpg
imagen3_17643da56f35c6f7,color_up,imagen3,imagen3,1,0.05288761109113693,data\cache\clean\test\imagen3_17643da56f35c6f7\color_up.jpg
imagen3_24e64d19ddde11cb,color_up,imagen3,imagen3,1,0.09890493005514145,data\cache\clean\test\imagen3_24e64d19ddde11cb\color_up.jpg
imagen3_260ae6b06f1f50e2,color_up,imagen3,imagen3,1,0.03645208105444908,data\cache\clean\test\imagen3_260ae6b06f1f50e2\color_up.jpg
imagen3_2be4510162a8a76e,color_up,imagen3,imagen3,1,0.019001243636012077,data\cache\clean\test\imagen3_2be4510162a8a76e\color_up.jpg
imagen3_3403b18fc93acbfc,color_up,imagen3,imagen3,1,0.07642540335655212,data\cache\clean\test\imagen3_3403b18fc93acbfc\color_up.jpg
imagen3_43058,color_up,imagen3,imagen3,1,0.12063626945018768,data\cache\clean\test\imagen3_43058\color_up.jpg
imagen3_46922,color_up,imagen3,imagen3,1,0.439654678106308,data\cache\clean\test\imagen3_46922\color_up.jpg
imagen3_560ead164dab63a5,color_up,imagen3,imagen3,1,0.36691856384277344,data\cache\clean\test\imagen3_560ead164dab63a5\color_up.jpg
imagen3_5e95809bd47d157b,color_up,imagen3,imagen3,1,0.3570905327796936,data\cache\clean\test\imagen3_5e95809bd47d157b\color_up.jpg
imagen3_69467160e53f71bc,color_up,imagen3,imagen3,1,0.3809220790863037,data\cache\clean\test\imagen3_69467160e53f71bc\color_up.jpg
imagen3_6a8270ea182a9194,color_up,imagen3,imagen3,1,0.14516577124595642,data\cache\clean\test\imagen3_6a8270ea182a9194\color_up.jpg
imagen3_6c7624322b04ce43,color_up,imagen3,imagen3,1,0.05982685834169388,data\cache\clean\test\imagen3_6c7624322b04ce43\color_up.jpg
imagen3_77fb2d4f372634f8,color_up,imagen3,imagen3,1,0.06513256579637527,data\cache\clean\test\imagen3_77fb2d4f372634f8\color_up.jpg
imagen3_8b13dc3bff918841,color_up,imagen3,imagen3,1,0.2556472718715668,data\cache\clean\test\imagen3_8b13dc3bff918841\color_up.jpg
imagen3_9e82651e214a25c8,color_up,imagen3,imagen3,1,0.11143166571855545,data\cache\clean\test\imagen3_9e82651e214a25c8\color_up.jpg
imagen3_aa13646e437b7afa,color_up,imagen3,imagen3,1,0.2071177363395691,data\cache\clean\test\imagen3_aa13646e437b7afa\color_up.jpg
imagen3_ad860df8c2a1a848,color_up,imagen3,imagen3,1,0.1567232757806778,data\cache\clean\test\imagen3_ad860df8c2a1a848\color_up.jpg
imagen3_b69c9976ced306d1,color_up,imagen3,imagen3,1,0.386127769947052,data\cache\clean\test\imagen3_b69c9976ced306d1\color_up.jpg
imagen3_ca44bb7db1e73a9a,color_up,imagen3,imagen3,1,0.1897139996290207,data\cache\clean\test\imagen3_ca44bb7db1e73a9a\color_up.jpg
imagen3_f2da05bffbe27dab,color_up,imagen3,imagen3,1,0.21713294088840485,data\cache\clean\test\imagen3_f2da05bffbe27dab\color_up.jpg
imagen3_fe7048efd51b15b8,color_up,imagen3,imagen3,1,0.27660858631134033,data\cache\clean\test\imagen3_fe7048efd51b15b8\color_up.jpg
imagen3_Imagen3_1208,color_up,imagen3,imagen3,1,0.12184229493141174,data\cache\clean\test\imagen3_Imagen3_1208\color_up.jpg
imagen3_Imagen3_1328,color_up,imagen3,imagen3,1,0.30490580201148987,data\cache\clean\test\imagen3_Imagen3_1328\color_up.jpg
imagen3_Imagen3_2762,color_up,imagen3,imagen3,1,0.05291110649704933,data\cache\clean\test\imagen3_Imagen3_2762\color_up.jpg
imagen3_Imagen3_2787,color_up,imagen3,imagen3,1,0.2894788086414337,data\cache\clean\test\imagen3_Imagen3_2787\color_up.jpg
imagen3_Imagen3_2877,color_up,imagen3,imagen3,1,0.14186063408851624,data\cache\clean\test\imagen3_Imagen3_2877\color_up.jpg
imagen3_Imagen3_3097,color_up,imagen3,imagen3,1,0.07681285589933395,data\cache\clean\test\imagen3_Imagen3_3097\color_up.jpg
imagen3_Imagen3_3235,color_up,imagen3,imagen3,1,0.3507375121116638,data\cache\clean\test\imagen3_Imagen3_3235\color_up.jpg
imagen3_Imagen3_3358,color_up,imagen3,imagen3,1,0.12793965637683868,data\cache\clean\test\imagen3_Imagen3_3358\color_up.jpg
imagen3_Imagen3_3449,color_up,imagen3,imagen3,1,0.320931077003479,data\cache\clean\test\imagen3_Imagen3_3449\color_up.jpg
sidset_full_synthetic_001692,color_up,sidset,full_synthetic,1,0.006352788768708706,data\cache\clean\test\sidset_full_synthetic_001692\color_up.jpg
sidset_full_synthetic_004754,color_up,sidset,full_synthetic,1,0.2976709306240082,data\cache\clean\test\sidset_full_synthetic_004754\color_up.jpg
sidset_full_synthetic_005710,color_up,sidset,full_synthetic,1,0.2613309621810913,data\cache\clean\test\sidset_full_synthetic_005710\color_up.jpg
sidset_full_synthetic_008149,color_up,sidset,full_synthetic,1,0.3378303349018097,data\cache\clean\test\sidset_full_synthetic_008149\color_up.jpg
sidset_full_synthetic_012484,color_up,sidset,full_synthetic,1,0.28586509823799133,data\cache\clean\test\sidset_full_synthetic_012484\color_up.jpg
sidset_full_synthetic_013529,color_up,sidset,full_synthetic,1,0.2742675840854645,data\cache\clean\test\sidset_full_synthetic_013529\color_up.jpg
sidset_full_synthetic_028747,color_up,sidset,full_synthetic,1,0.37211233377456665,data\cache\clean\test\sidset_full_synthetic_028747\color_up.jpg
sidset_full_synthetic_031321,color_up,sidset,full_synthetic,1,0.17872780561447144,data\cache\clean\test\sidset_full_synthetic_031321\color_up.jpg
sidset_full_synthetic_033528,color_up,sidset,full_synthetic,1,0.15011662244796753,data\cache\clean\test\sidset_full_synthetic_033528\color_up.jpg
sidset_full_synthetic_037894,color_up,sidset,full_synthetic,1,0.29315513372421265,data\cache\clean\test\sidset_full_synthetic_037894\color_up.jpg
sidset_full_synthetic_040891,color_up,sidset,full_synthetic,1,0.24116657674312592,data\cache\clean\test\sidset_full_synthetic_040891\color_up.jpg
sidset_full_synthetic_046026,color_up,sidset,full_synthetic,1,0.262005478143692,data\cache\clean\test\sidset_full_synthetic_046026\color_up.jpg
sidset_full_synthetic_053574,color_up,sidset,full_synthetic,1,0.4259950816631317,data\cache\clean\test\sidset_full_synthetic_053574\color_up.jpg
sidset_full_synthetic_053723,color_up,sidset,full_synthetic,1,0.4328698515892029,data\cache\clean\test\sidset_full_synthetic_053723\color_up.jpg
sidset_full_synthetic_054797,color_up,sidset,full_synthetic,1,0.3891264498233795,data\cache\clean\test\sidset_full_synthetic_054797\color_up.jpg
sidset_full_synthetic_060524,color_up,sidset,full_synthetic,1,0.1112711951136589,data\cache\clean\test\sidset_full_synthetic_060524\color_up.jpg
sidset_full_synthetic_062086,color_up,sidset,full_synthetic,1,0.3867473602294922,data\cache\clean\test\sidset_full_synthetic_062086\color_up.jpg
sidset_full_synthetic_063062,color_up,sidset,full_synthetic,1,0.42626577615737915,data\cache\clean\test\sidset_full_synthetic_063062\color_up.jpg
stylegan_xl_0097a2e24789bc7a,color_up,stylegan_xl,stylegan_xl,1,0.2673141062259674,data\cache\clean\test\stylegan_xl_0097a2e24789bc7a\color_up.jpg
stylegan_xl_00a4591cf03df584,color_up,stylegan_xl,stylegan_xl,1,0.06626015156507492,data\cache\clean\test\stylegan_xl_00a4591cf03df584\color_up.jpg
stylegan_xl_0f7efa4c31bcd8f4,color_up,stylegan_xl,stylegan_xl,1,0.20674188435077667,data\cache\clean\test\stylegan_xl_0f7efa4c31bcd8f4\color_up.jpg
stylegan_xl_1060d58257bc5130,color_up,stylegan_xl,stylegan_xl,1,0.03418762981891632,data\cache\clean\test\stylegan_xl_1060d58257bc5130\color_up.jpg
stylegan_xl_2013fe0d44f84041,color_up,stylegan_xl,stylegan_xl,1,0.015190418809652328,data\cache\clean\test\stylegan_xl_2013fe0d44f84041\color_up.jpg
stylegan_xl_324e332686aa6966,color_up,stylegan_xl,stylegan_xl,1,0.23742549121379852,data\cache\clean\test\stylegan_xl_324e332686aa6966\color_up.jpg
stylegan_xl_38c489e3b0d8c700,color_up,stylegan_xl,stylegan_xl,1,0.42614710330963135,data\cache\clean\test\stylegan_xl_38c489e3b0d8c700\color_up.jpg
stylegan_xl_3b5e18f8fc06450d,color_up,stylegan_xl,stylegan_xl,1,0.004934598691761494,data\cache\clean\test\stylegan_xl_3b5e18f8fc06450d\color_up.jpg
stylegan_xl_47343,color_up,stylegan_xl,stylegan_xl,1,0.2204868197441101,data\cache\clean\test\stylegan_xl_47343\color_up.jpg
stylegan_xl_4f991f9638e28675,color_up,stylegan_xl,stylegan_xl,1,0.1076040118932724,data\cache\clean\test\stylegan_xl_4f991f9638e28675\color_up.jpg
stylegan_xl_60ed9d3511d333bf,color_up,stylegan_xl,stylegan_xl,1,0.1296655833721161,data\cache\clean\test\stylegan_xl_60ed9d3511d333bf\color_up.jpg
stylegan_xl_65bb283a1280639e,color_up,stylegan_xl,stylegan_xl,1,0.10562121868133545,data\cache\clean\test\stylegan_xl_65bb283a1280639e\color_up.jpg
stylegan_xl_729fee52c5b7f95b,color_up,stylegan_xl,stylegan_xl,1,0.2893570363521576,data\cache\clean\test\stylegan_xl_729fee52c5b7f95b\color_up.jpg
stylegan_xl_7d433e90bcd7bd53,color_up,stylegan_xl,stylegan_xl,1,0.027779025956988335,data\cache\clean\test\stylegan_xl_7d433e90bcd7bd53\color_up.jpg
stylegan_xl_7ffebe6032f8209f,color_up,stylegan_xl,stylegan_xl,1,0.22643473744392395,data\cache\clean\test\stylegan_xl_7ffebe6032f8209f\color_up.jpg
stylegan_xl_80fc8be6e7c11eb3,color_up,stylegan_xl,stylegan_xl,1,0.03869857266545296,data\cache\clean\test\stylegan_xl_80fc8be6e7c11eb3\color_up.jpg
stylegan_xl_8461b1ae87c22c20,color_up,stylegan_xl,stylegan_xl,1,0.3568119704723358,data\cache\clean\test\stylegan_xl_8461b1ae87c22c20\color_up.jpg
stylegan_xl_8f9dfd75dde8914f,color_up,stylegan_xl,stylegan_xl,1,0.41873058676719666,data\cache\clean\test\stylegan_xl_8f9dfd75dde8914f\color_up.jpg
stylegan_xl_91fb9195a35b7711,color_up,stylegan_xl,stylegan_xl,1,0.3612106442451477,data\cache\clean\test\stylegan_xl_91fb9195a35b7711\color_up.jpg
stylegan_xl_a10d4a733f4df420,color_up,stylegan_xl,stylegan_xl,1,0.27299219369888306,data\cache\clean\test\stylegan_xl_a10d4a733f4df420\color_up.jpg
stylegan_xl_a1ed16fffc5ecb68,color_up,stylegan_xl,stylegan_xl,1,0.10604123026132584,data\cache\clean\test\stylegan_xl_a1ed16fffc5ecb68\color_up.jpg
stylegan_xl_a72f3ace10a8f550,color_up,stylegan_xl,stylegan_xl,1,0.05735786631703377,data\cache\clean\test\stylegan_xl_a72f3ace10a8f550\color_up.jpg
stylegan_xl_b6abe358484b287a,color_up,stylegan_xl,stylegan_xl,1,0.36100542545318604,data\cache\clean\test\stylegan_xl_b6abe358484b287a\color_up.jpg
stylegan_xl_bd69757ff485d03e,color_up,stylegan_xl,stylegan_xl,1,0.45400795340538025,data\cache\clean\test\stylegan_xl_bd69757ff485d03e\color_up.jpg
stylegan_xl_cccbc1d57a7e095e,color_up,stylegan_xl,stylegan_xl,1,0.3802643120288849,data\cache\clean\test\stylegan_xl_cccbc1d57a7e095e\color_up.jpg
stylegan_xl_d7c4ece8c8a01de0,color_up,stylegan_xl,stylegan_xl,1,0.08667825907468796,data\cache\clean\test\stylegan_xl_d7c4ece8c8a01de0\color_up.jpg
stylegan_xl_f2ea3473d8b1a62f,color_up,stylegan_xl,stylegan_xl,1,0.24155138432979584,data\cache\clean\test\stylegan_xl_f2ea3473d8b1a62f\color_up.jpg
stylegan_xl_fef6a66b8deaa7ab,color_up,stylegan_xl,stylegan_xl,1,0.22917234897613525,data\cache\clean\test\stylegan_xl_fef6a66b8deaa7ab\color_up.jpg
cifake_1028 (10),crop80,cifake,stable_diffusion,1,0.20597976446151733,data\cache\clean\test\cifake_1028 (10)\crop80.jpg
cifake_1088 (3),crop80,cifake,stable_diffusion,1,0.26930496096611023,data\cache\clean\test\cifake_1088 (3)\crop80.jpg
cifake_1297 (6),crop80,cifake,stable_diffusion,1,0.18007691204547882,data\cache\clean\test\cifake_1297 (6)\crop80.jpg
cifake_1392 (10),crop80,cifake,stable_diffusion,1,0.3386172950267792,data\cache\clean\test\cifake_1392 (10)\crop80.jpg
cifake_1561 (10)_1,crop80,cifake,stable_diffusion,1,0.18312573432922363,data\cache\clean\test\cifake_1561 (10)_1\crop80.jpg
cifake_1729 (4),crop80,cifake,stable_diffusion,1,0.32462674379348755,data\cache\clean\test\cifake_1729 (4)\crop80.jpg
cifake_1736 (10),crop80,cifake,stable_diffusion,1,0.346578449010849,data\cache\clean\test\cifake_1736 (10)\crop80.jpg
cifake_1805 (10),crop80,cifake,stable_diffusion,1,0.4528946876525879,data\cache\clean\test\cifake_1805 (10)\crop80.jpg
cifake_1842 (10),crop80,cifake,stable_diffusion,1,0.216146782040596,data\cache\clean\test\cifake_1842 (10)\crop80.jpg
cifake_1867 (9),crop80,cifake,stable_diffusion,1,0.017877407371997833,data\cache\clean\test\cifake_1867 (9)\crop80.jpg
cifake_2286 (2),crop80,cifake,stable_diffusion,1,0.05425335094332695,data\cache\clean\test\cifake_2286 (2)\crop80.jpg
cifake_2293 (9),crop80,cifake,stable_diffusion,1,0.08809497952461243,data\cache\clean\test\cifake_2293 (9)\crop80.jpg
cifake_237 (2),crop80,cifake,stable_diffusion,1,0.4113452434539795,data\cache\clean\test\cifake_237 (2)\crop80.jpg
cifake_274,crop80,cifake,stable_diffusion,1,0.49816474318504333,data\cache\clean\test\cifake_274\crop80.jpg
cifake_2790 (9),crop80,cifake,stable_diffusion,1,0.3859916925430298,data\cache\clean\test\cifake_2790 (9)\crop80.jpg
cifake_3053 (4),crop80,cifake,stable_diffusion,1,0.10268529504537582,data\cache\clean\test\cifake_3053 (4)\crop80.jpg
cifake_3234 (2),crop80,cifake,stable_diffusion,1,0.4220879077911377,data\cache\clean\test\cifake_3234 (2)\crop80.jpg
cifake_3309 (8),crop80,cifake,stable_diffusion,1,0.011185696348547935,data\cache\clean\test\cifake_3309 (8)\crop80.jpg
cifake_3379 (8),crop80,cifake,stable_diffusion,1,0.17694348096847534,data\cache\clean\test\cifake_3379 (8)\crop80.jpg
cifake_3395 (5),crop80,cifake,stable_diffusion,1,0.012580422684550285,data\cache\clean\test\cifake_3395 (5)\crop80.jpg
cifake_3582 (9),crop80,cifake,stable_diffusion,1,0.30833375453948975,data\cache\clean\test\cifake_3582 (9)\crop80.jpg
cifake_3750 (6),crop80,cifake,stable_diffusion,1,0.440607488155365,data\cache\clean\test\cifake_3750 (6)\crop80.jpg
cifake_3847 (9),crop80,cifake,stable_diffusion,1,0.43229493498802185,data\cache\clean\test\cifake_3847 (9)\crop80.jpg
cifake_4127 (3),crop80,cifake,stable_diffusion,1,0.2416137158870697,data\cache\clean\test\cifake_4127 (3)\crop80.jpg
cifake_4221 (2),crop80,cifake,stable_diffusion,1,0.012432253919541836,data\cache\clean\test\cifake_4221 (2)\crop80.jpg
cifake_4275 (3),crop80,cifake,stable_diffusion,1,0.4183034896850586,data\cache\clean\test\cifake_4275 (3)\crop80.jpg
cifake_462 (2),crop80,cifake,stable_diffusion,1,0.09545610845088959,data\cache\clean\test\cifake_462 (2)\crop80.jpg
cifake_4656 (8),crop80,cifake,stable_diffusion,1,0.34218278527259827,data\cache\clean\test\cifake_4656 (8)\crop80.jpg
cifake_4670 (4),crop80,cifake,stable_diffusion,1,0.1417747139930725,data\cache\clean\test\cifake_4670 (4)\crop80.jpg
cifake_5110 (9),crop80,cifake,stable_diffusion,1,0.09599002450704575,data\cache\clean\test\cifake_5110 (9)\crop80.jpg
cifake_5288 (5),crop80,cifake,stable_diffusion,1,0.4587671160697937,data\cache\clean\test\cifake_5288 (5)\crop80.jpg
cifake_5607,crop80,cifake,stable_diffusion,1,0.4112951159477234,data\cache\clean\test\cifake_5607\crop80.jpg
cifake_5932 (10),crop80,cifake,stable_diffusion,1,0.44180724024772644,data\cache\clean\test\cifake_5932 (10)\crop80.jpg
cifake_5943 (10),crop80,cifake,stable_diffusion,1,0.04963504523038864,data\cache\clean\test\cifake_5943 (10)\crop80.jpg
cifake_716 (9),crop80,cifake,stable_diffusion,1,0.42337092757225037,data\cache\clean\test\cifake_716 (9)\crop80.jpg
cifake_771 (8),crop80,cifake,stable_diffusion,1,0.11950837075710297,data\cache\clean\test\cifake_771 (8)\crop80.jpg
dalle_10420,crop80,dalle,dalle,1,0.26361364126205444,data\cache\clean\test\dalle_10420\crop80.jpg
dalle_12052,crop80,dalle,dalle,1,0.4926842153072357,data\cache\clean\test\dalle_12052\crop80.jpg
dalle_13895,crop80,dalle,dalle,1,0.31957653164863586,data\cache\clean\test\dalle_13895\crop80.jpg
dalle_1895b86b74caac5dad51022c3d3b33df,crop80,dalle,dalle,1,0.004286245908588171,data\cache\clean\test\dalle_1895b86b74caac5dad51022c3d3b33df\crop80.jpg
dalle_29659,crop80,dalle,dalle,1,0.19310183823108673,data\cache\clean\test\dalle_29659\crop80.jpg
dalle_33159,crop80,dalle,dalle,1,0.42206311225891113,data\cache\clean\test\dalle_33159\crop80.jpg
dalle_3469,crop80,dalle,dalle,1,0.17320071160793304,data\cache\clean\test\dalle_3469\crop80.jpg
dalle_3c589aa7fd4a6705f1fd7918daf4ffb9,crop80,dalle,dalle,1,0.4172288775444031,data\cache\clean\test\dalle_3c589aa7fd4a6705f1fd7918daf4ffb9\crop80.jpg
dalle_40387,crop80,dalle,dalle,1,0.025013534352183342,data\cache\clean\test\dalle_40387\crop80.jpg
dalle_6f0f61883f111368d770c54801f33449,crop80,dalle,dalle,1,0.011998710222542286,data\cache\clean\test\dalle_6f0f61883f111368d770c54801f33449\crop80.jpg
dalle_8017,crop80,dalle,dalle,1,0.027644187211990356,data\cache\clean\test\dalle_8017\crop80.jpg
dalle_9068,crop80,dalle,dalle,1,0.3860549330711365,data\cache\clean\test\dalle_9068\crop80.jpg
gigagan_03422,crop80,gigagan,gigagan,1,0.07037129253149033,data\cache\clean\test\gigagan_03422\crop80.jpg
gigagan_05061,crop80,gigagan,gigagan,1,0.3023863434791565,data\cache\clean\test\gigagan_05061\crop80.jpg
gigagan_05645,crop80,gigagan,gigagan,1,0.48687461018562317,data\cache\clean\test\gigagan_05645\crop80.jpg
gigagan_05738,crop80,gigagan,gigagan,1,0.22987417876720428,data\cache\clean\test\gigagan_05738\crop80.jpg
gigagan_07350,crop80,gigagan,gigagan,1,0.25627630949020386,data\cache\clean\test\gigagan_07350\crop80.jpg
gigagan_07676,crop80,gigagan,gigagan,1,0.44712018966674805,data\cache\clean\test\gigagan_07676\crop80.jpg
gigagan_07909,crop80,gigagan,gigagan,1,0.12246060371398926,data\cache\clean\test\gigagan_07909\crop80.jpg
gigagan_08193,crop80,gigagan,gigagan,1,0.27487674355506897,data\cache\clean\test\gigagan_08193\crop80.jpg
gigagan_08464,crop80,gigagan,gigagan,1,0.41138139367103577,data\cache\clean\test\gigagan_08464\crop80.jpg
gigagan_09302,crop80,gigagan,gigagan,1,0.17328931391239166,data\cache\clean\test\gigagan_09302\crop80.jpg
gigagan_10769,crop80,gigagan,gigagan,1,0.17196738719940186,data\cache\clean\test\gigagan_10769\crop80.jpg
gigagan_10914,crop80,gigagan,gigagan,1,0.019151780754327774,data\cache\clean\test\gigagan_10914\crop80.jpg
gigagan_11053,crop80,gigagan,gigagan,1,0.10891707241535187,data\cache\clean\test\gigagan_11053\crop80.jpg
gigagan_14071,crop80,gigagan,gigagan,1,0.00791214033961296,data\cache\clean\test\gigagan_14071\crop80.jpg
gigagan_15561,crop80,gigagan,gigagan,1,0.41135895252227783,data\cache\clean\test\gigagan_15561\crop80.jpg
gigagan_15694,crop80,gigagan,gigagan,1,0.0427631214261055,data\cache\clean\test\gigagan_15694\crop80.jpg
gigagan_15949,crop80,gigagan,gigagan,1,0.06745492666959763,data\cache\clean\test\gigagan_15949\crop80.jpg
gigagan_16357,crop80,gigagan,gigagan,1,0.37639686465263367,data\cache\clean\test\gigagan_16357\crop80.jpg
gigagan_17003,crop80,gigagan,gigagan,1,0.40933066606521606,data\cache\clean\test\gigagan_17003\crop80.jpg
gigagan_17666,crop80,gigagan,gigagan,1,0.057563018053770065,data\cache\clean\test\gigagan_17666\crop80.jpg
gigagan_19199,crop80,gigagan,gigagan,1,0.08975589275360107,data\cache\clean\test\gigagan_19199\crop80.jpg
gigagan_20207,crop80,gigagan,gigagan,1,0.47697463631629944,data\cache\clean\test\gigagan_20207\crop80.jpg
gigagan_20327,crop80,gigagan,gigagan,1,0.059633851051330566,data\cache\clean\test\gigagan_20327\crop80.jpg
gigagan_20516,crop80,gigagan,gigagan,1,0.09560666233301163,data\cache\clean\test\gigagan_20516\crop80.jpg
gigagan_20968,crop80,gigagan,gigagan,1,0.02929985336959362,data\cache\clean\test\gigagan_20968\crop80.jpg
gigagan_21116,crop80,gigagan,gigagan,1,0.1111438050866127,data\cache\clean\test\gigagan_21116\crop80.jpg
gigagan_21611,crop80,gigagan,gigagan,1,0.05466539040207863,data\cache\clean\test\gigagan_21611\crop80.jpg
gigagan_22418,crop80,gigagan,gigagan,1,0.08848323673009872,data\cache\clean\test\gigagan_22418\crop80.jpg
gigagan_23134,crop80,gigagan,gigagan,1,0.09143123775720596,data\cache\clean\test\gigagan_23134\crop80.jpg
gigagan_23834,crop80,gigagan,gigagan,1,0.1422157734632492,data\cache\clean\test\gigagan_23834\crop80.jpg
gigagan_24679,crop80,gigagan,gigagan,1,0.1858604997396469,data\cache\clean\test\gigagan_24679\crop80.jpg
gigagan_24933,crop80,gigagan,gigagan,1,0.11161600798368454,data\cache\clean\test\gigagan_24933\crop80.jpg
gigagan_26067,crop80,gigagan,gigagan,1,0.13051901757717133,data\cache\clean\test\gigagan_26067\crop80.jpg
gigagan_26681,crop80,gigagan,gigagan,1,0.341842383146286,data\cache\clean\test\gigagan_26681\crop80.jpg
gigagan_29456,crop80,gigagan,gigagan,1,0.21667829155921936,data\cache\clean\test\gigagan_29456\crop80.jpg
imagen3_045e6da6fd7f6fb0,crop80,imagen3,imagen3,1,0.09975283592939377,data\cache\clean\test\imagen3_045e6da6fd7f6fb0\crop80.jpg
imagen3_04e3097ac2f57647,crop80,imagen3,imagen3,1,0.4464186429977417,data\cache\clean\test\imagen3_04e3097ac2f57647\crop80.jpg
imagen3_13ed1f9391224848,crop80,imagen3,imagen3,1,0.350398987531662,data\cache\clean\test\imagen3_13ed1f9391224848\crop80.jpg
imagen3_17643da56f35c6f7,crop80,imagen3,imagen3,1,0.0414709597826004,data\cache\clean\test\imagen3_17643da56f35c6f7\crop80.jpg
imagen3_17919c9ffd792ad9,crop80,imagen3,imagen3,1,0.38358208537101746,data\cache\clean\test\imagen3_17919c9ffd792ad9\crop80.jpg
imagen3_1fe9a0379cffa709,crop80,imagen3,imagen3,1,0.24969427287578583,data\cache\clean\test\imagen3_1fe9a0379cffa709\crop80.jpg
imagen3_24e64d19ddde11cb,crop80,imagen3,imagen3,1,0.046379026025533676,data\cache\clean\test\imagen3_24e64d19ddde11cb\crop80.jpg
imagen3_260ae6b06f1f50e2,crop80,imagen3,imagen3,1,0.01892559975385666,data\cache\clean\test\imagen3_260ae6b06f1f50e2\crop80.jpg
imagen3_2be4510162a8a76e,crop80,imagen3,imagen3,1,0.1540016531944275,data\cache\clean\test\imagen3_2be4510162a8a76e\crop80.jpg
imagen3_3403b18fc93acbfc,crop80,imagen3,imagen3,1,0.23397913575172424,data\cache\clean\test\imagen3_3403b18fc93acbfc\crop80.jpg
imagen3_43058,crop80,imagen3,imagen3,1,0.15090790390968323,data\cache\clean\test\imagen3_43058\crop80.jpg
imagen3_473ffc5e3d5dc373,crop80,imagen3,imagen3,1,0.49052777886390686,data\cache\clean\test\imagen3_473ffc5e3d5dc373\crop80.jpg
imagen3_560ead164dab63a5,crop80,imagen3,imagen3,1,0.29130154848098755,data\cache\clean\test\imagen3_560ead164dab63a5\crop80.jpg
imagen3_5e95809bd47d157b,crop80,imagen3,imagen3,1,0.21627798676490784,data\cache\clean\test\imagen3_5e95809bd47d157b\crop80.jpg
imagen3_69467160e53f71bc,crop80,imagen3,imagen3,1,0.39341968297958374,data\cache\clean\test\imagen3_69467160e53f71bc\crop80.jpg
imagen3_6a8270ea182a9194,crop80,imagen3,imagen3,1,0.07062036544084549,data\cache\clean\test\imagen3_6a8270ea182a9194\crop80.jpg
imagen3_6c7624322b04ce43,crop80,imagen3,imagen3,1,0.0037068708334118128,data\cache\clean\test\imagen3_6c7624322b04ce43\crop80.jpg
imagen3_77fb2d4f372634f8,crop80,imagen3,imagen3,1,0.4597819745540619,data\cache\clean\test\imagen3_77fb2d4f372634f8\crop80.jpg
imagen3_7e3e1e738f642f1a,crop80,imagen3,imagen3,1,0.47641366720199585,data\cache\clean\test\imagen3_7e3e1e738f642f1a\crop80.jpg
imagen3_8b13dc3bff918841,crop80,imagen3,imagen3,1,0.35771414637565613,data\cache\clean\test\imagen3_8b13dc3bff918841\crop80.jpg
imagen3_9e82651e214a25c8,crop80,imagen3,imagen3,1,0.32718831300735474,data\cache\clean\test\imagen3_9e82651e214a25c8\crop80.jpg
imagen3_aa13646e437b7afa,crop80,imagen3,imagen3,1,0.2704569399356842,data\cache\clean\test\imagen3_aa13646e437b7afa\crop80.jpg
imagen3_ad860df8c2a1a848,crop80,imagen3,imagen3,1,0.1360272467136383,data\cache\clean\test\imagen3_ad860df8c2a1a848\crop80.jpg
imagen3_b69c9976ced306d1,crop80,imagen3,imagen3,1,0.3871264159679413,data\cache\clean\test\imagen3_b69c9976ced306d1\crop80.jpg
imagen3_ca44bb7db1e73a9a,crop80,imagen3,imagen3,1,0.30139386653900146,data\cache\clean\test\imagen3_ca44bb7db1e73a9a\crop80.jpg
imagen3_e63f3b6f8bdee43a,crop80,imagen3,imagen3,1,0.3386668860912323,data\cache\clean\test\imagen3_e63f3b6f8bdee43a\crop80.jpg
imagen3_ea646e585cc24088,crop80,imagen3,imagen3,1,0.4197095036506653,data\cache\clean\test\imagen3_ea646e585cc24088\crop80.jpg
imagen3_f2da05bffbe27dab,crop80,imagen3,imagen3,1,0.12130893766880035,data\cache\clean\test\imagen3_f2da05bffbe27dab\crop80.jpg
imagen3_Imagen3_1208,crop80,imagen3,imagen3,1,0.0062454454600811005,data\cache\clean\test\imagen3_Imagen3_1208\crop80.jpg
imagen3_Imagen3_3097,crop80,imagen3,imagen3,1,0.18037927150726318,data\cache\clean\test\imagen3_Imagen3_3097\crop80.jpg
imagen3_Imagen3_3235,crop80,imagen3,imagen3,1,0.3031422197818756,data\cache\clean\test\imagen3_Imagen3_3235\crop80.jpg
imagen3_Imagen3_3358,crop80,imagen3,imagen3,1,0.33706119656562805,data\cache\clean\test\imagen3_Imagen3_3358\crop80.jpg
imagen3_Imagen3_3546,crop80,imagen3,imagen3,1,0.1083545833826065,data\cache\clean\test\imagen3_Imagen3_3546\crop80.jpg
imagen3_Imagen3_468,crop80,imagen3,imagen3,1,0.32846376299858093,data\cache\clean\test\imagen3_Imagen3_468\crop80.jpg
sidset_full_synthetic_001692,crop80,sidset,full_synthetic,1,0.041315462440252304,data\cache\clean\test\sidset_full_synthetic_001692\crop80.jpg
sidset_full_synthetic_012484,crop80,sidset,full_synthetic,1,0.25901713967323303,data\cache\clean\test\sidset_full_synthetic_012484\crop80.jpg
sidset_full_synthetic_031321,crop80,sidset,full_synthetic,1,0.49621230363845825,data\cache\clean\test\sidset_full_synthetic_031321\crop80.jpg
sidset_full_synthetic_037894,crop80,sidset,full_synthetic,1,0.18996915221214294,data\cache\clean\test\sidset_full_synthetic_037894\crop80.jpg
sidset_full_synthetic_046026,crop80,sidset,full_synthetic,1,0.1795250028371811,data\cache\clean\test\sidset_full_synthetic_046026\crop80.jpg
sidset_full_synthetic_054797,crop80,sidset,full_synthetic,1,0.44644030928611755,data\cache\clean\test\sidset_full_synthetic_054797\crop80.jpg
sidset_full_synthetic_060524,crop80,sidset,full_synthetic,1,0.49863556027412415,data\cache\clean\test\sidset_full_synthetic_060524\crop80.jpg
sidset_full_synthetic_063062,crop80,sidset,full_synthetic,1,0.41805407404899597,data\cache\clean\test\sidset_full_synthetic_063062\crop80.jpg
sidset_full_synthetic_066065,crop80,sidset,full_synthetic,1,0.35083627700805664,data\cache\clean\test\sidset_full_synthetic_066065\crop80.jpg
stylegan_xl_0097a2e24789bc7a,crop80,stylegan_xl,stylegan_xl,1,0.07572781294584274,data\cache\clean\test\stylegan_xl_0097a2e24789bc7a\crop80.jpg
stylegan_xl_00a4591cf03df584,crop80,stylegan_xl,stylegan_xl,1,0.02957790717482567,data\cache\clean\test\stylegan_xl_00a4591cf03df584\crop80.jpg
stylegan_xl_0a4244f8a9185bad,crop80,stylegan_xl,stylegan_xl,1,0.3367654085159302,data\cache\clean\test\stylegan_xl_0a4244f8a9185bad\crop80.jpg
stylegan_xl_0f7efa4c31bcd8f4,crop80,stylegan_xl,stylegan_xl,1,0.029279455542564392,data\cache\clean\test\stylegan_xl_0f7efa4c31bcd8f4\crop80.jpg
stylegan_xl_1060d58257bc5130,crop80,stylegan_xl,stylegan_xl,1,0.021188220009207726,data\cache\clean\test\stylegan_xl_1060d58257bc5130\crop80.jpg
stylegan_xl_17f8bf0ef8d2f478,crop80,stylegan_xl,stylegan_xl,1,0.2977657914161682,data\cache\clean\test\stylegan_xl_17f8bf0ef8d2f478\crop80.jpg
stylegan_xl_2013fe0d44f84041,crop80,stylegan_xl,stylegan_xl,1,0.01115361787378788,data\cache\clean\test\stylegan_xl_2013fe0d44f84041\crop80.jpg
stylegan_xl_324e332686aa6966,crop80,stylegan_xl,stylegan_xl,1,0.18478550016880035,data\cache\clean\test\stylegan_xl_324e332686aa6966\crop80.jpg
stylegan_xl_3621cf0be1fc8d68,crop80,stylegan_xl,stylegan_xl,1,0.280658483505249,data\cache\clean\test\stylegan_xl_3621cf0be1fc8d68\crop80.jpg
stylegan_xl_38c489e3b0d8c700,crop80,stylegan_xl,stylegan_xl,1,0.26652291417121887,data\cache\clean\test\stylegan_xl_38c489e3b0d8c700\crop80.jpg
stylegan_xl_3b5e18f8fc06450d,crop80,stylegan_xl,stylegan_xl,1,0.002177477115765214,data\cache\clean\test\stylegan_xl_3b5e18f8fc06450d\crop80.jpg
stylegan_xl_44451,crop80,stylegan_xl,stylegan_xl,1,0.295269250869751,data\cache\clean\test\stylegan_xl_44451\crop80.jpg
stylegan_xl_45602,crop80,stylegan_xl,stylegan_xl,1,0.3443441390991211,data\cache\clean\test\stylegan_xl_45602\crop80.jpg
stylegan_xl_48611,crop80,stylegan_xl,stylegan_xl,1,0.4624671936035156,data\cache\clean\test\stylegan_xl_48611\crop80.jpg
stylegan_xl_4f991f9638e28675,crop80,stylegan_xl,stylegan_xl,1,0.074160635471344,data\cache\clean\test\stylegan_xl_4f991f9638e28675\crop80.jpg
stylegan_xl_60ed9d3511d333bf,crop80,stylegan_xl,stylegan_xl,1,0.2883202135562897,data\cache\clean\test\stylegan_xl_60ed9d3511d333bf\crop80.jpg
stylegan_xl_65bb283a1280639e,crop80,stylegan_xl,stylegan_xl,1,0.16638661921024323,data\cache\clean\test\stylegan_xl_65bb283a1280639e\crop80.jpg
stylegan_xl_729fee52c5b7f95b,crop80,stylegan_xl,stylegan_xl,1,0.13742749392986298,data\cache\clean\test\stylegan_xl_729fee52c5b7f95b\crop80.jpg
stylegan_xl_7d433e90bcd7bd53,crop80,stylegan_xl,stylegan_xl,1,0.010715299285948277,data\cache\clean\test\stylegan_xl_7d433e90bcd7bd53\crop80.jpg
stylegan_xl_7ffebe6032f8209f,crop80,stylegan_xl,stylegan_xl,1,0.30652058124542236,data\cache\clean\test\stylegan_xl_7ffebe6032f8209f\crop80.jpg
stylegan_xl_80fc8be6e7c11eb3,crop80,stylegan_xl,stylegan_xl,1,0.02903183177113533,data\cache\clean\test\stylegan_xl_80fc8be6e7c11eb3\crop80.jpg
stylegan_xl_8461b1ae87c22c20,crop80,stylegan_xl,stylegan_xl,1,0.07196521013975143,data\cache\clean\test\stylegan_xl_8461b1ae87c22c20\crop80.jpg
stylegan_xl_8f9dfd75dde8914f,crop80,stylegan_xl,stylegan_xl,1,0.2105609029531479,data\cache\clean\test\stylegan_xl_8f9dfd75dde8914f\crop80.jpg
stylegan_xl_a10d4a733f4df420,crop80,stylegan_xl,stylegan_xl,1,0.2706620693206787,data\cache\clean\test\stylegan_xl_a10d4a733f4df420\crop80.jpg
stylegan_xl_a72f3ace10a8f550,crop80,stylegan_xl,stylegan_xl,1,0.13924309611320496,data\cache\clean\test\stylegan_xl_a72f3ace10a8f550\crop80.jpg
stylegan_xl_ae09b95535340878,crop80,stylegan_xl,stylegan_xl,1,0.49847277998924255,data\cache\clean\test\stylegan_xl_ae09b95535340878\crop80.jpg
stylegan_xl_bd69757ff485d03e,crop80,stylegan_xl,stylegan_xl,1,0.33781105279922485,data\cache\clean\test\stylegan_xl_bd69757ff485d03e\crop80.jpg
stylegan_xl_c9421141bcf3a15a,crop80,stylegan_xl,stylegan_xl,1,0.4956599175930023,data\cache\clean\test\stylegan_xl_c9421141bcf3a15a\crop80.jpg
stylegan_xl_cccbc1d57a7e095e,crop80,stylegan_xl,stylegan_xl,1,0.39378637075424194,data\cache\clean\test\stylegan_xl_cccbc1d57a7e095e\crop80.jpg
stylegan_xl_cf9c332a1ebfb587,crop80,stylegan_xl,stylegan_xl,1,0.4828890860080719,data\cache\clean\test\stylegan_xl_cf9c332a1ebfb587\crop80.jpg
stylegan_xl_d7c4ece8c8a01de0,crop80,stylegan_xl,stylegan_xl,1,0.45023173093795776,data\cache\clean\test\stylegan_xl_d7c4ece8c8a01de0\crop80.jpg
stylegan_xl_e4b8e7ef72cabaf2,crop80,stylegan_xl,stylegan_xl,1,0.20159712433815002,data\cache\clean\test\stylegan_xl_e4b8e7ef72cabaf2\crop80.jpg
stylegan_xl_f4a503e24265a7e1,crop80,stylegan_xl,stylegan_xl,1,0.25584110617637634,data\cache\clean\test\stylegan_xl_f4a503e24265a7e1\crop80.jpg
stylegan_xl_fef6a66b8deaa7ab,crop80,stylegan_xl,stylegan_xl,1,0.02664279192686081,data\cache\clean\test\stylegan_xl_fef6a66b8deaa7ab\crop80.jpg
cifake_1028 (10),jpeg_q30,cifake,stable_diffusion,1,0.2886459529399872,data\cache\clean\test\cifake_1028 (10)\jpeg_q30.jpg
cifake_1088 (3),jpeg_q30,cifake,stable_diffusion,1,0.12614962458610535,data\cache\clean\test\cifake_1088 (3)\jpeg_q30.jpg
cifake_1297 (6),jpeg_q30,cifake,stable_diffusion,1,0.12293219566345215,data\cache\clean\test\cifake_1297 (6)\jpeg_q30.jpg
cifake_1468 (5),jpeg_q30,cifake,stable_diffusion,1,0.2939491271972656,data\cache\clean\test\cifake_1468 (5)\jpeg_q30.jpg
cifake_1867 (9),jpeg_q30,cifake,stable_diffusion,1,0.3074393570423126,data\cache\clean\test\cifake_1867 (9)\jpeg_q30.jpg
cifake_2947 (3),jpeg_q30,cifake,stable_diffusion,1,0.29258301854133606,data\cache\clean\test\cifake_2947 (3)\jpeg_q30.jpg
cifake_3309 (8),jpeg_q30,cifake,stable_diffusion,1,0.3834794759750366,data\cache\clean\test\cifake_3309 (8)\jpeg_q30.jpg
cifake_350 (3),jpeg_q30,cifake,stable_diffusion,1,0.36865511536598206,data\cache\clean\test\cifake_350 (3)\jpeg_q30.jpg
cifake_4127 (3),jpeg_q30,cifake,stable_diffusion,1,0.21795135736465454,data\cache\clean\test\cifake_4127 (3)\jpeg_q30.jpg
cifake_4615 (3),jpeg_q30,cifake,stable_diffusion,1,0.20586715638637543,data\cache\clean\test\cifake_4615 (3)\jpeg_q30.jpg
cifake_4670 (4),jpeg_q30,cifake,stable_diffusion,1,0.12524493038654327,data\cache\clean\test\cifake_4670 (4)\jpeg_q30.jpg
cifake_4681 (5),jpeg_q30,cifake,stable_diffusion,1,0.37449201941490173,data\cache\clean\test\cifake_4681 (5)\jpeg_q30.jpg
cifake_4682 (7),jpeg_q30,cifake,stable_diffusion,1,0.2610841989517212,data\cache\clean\test\cifake_4682 (7)\jpeg_q30.jpg
cifake_5221 (3),jpeg_q30,cifake,stable_diffusion,1,0.43920955061912537,data\cache\clean\test\cifake_5221 (3)\jpeg_q30.jpg
cifake_5607 (3),jpeg_q30,cifake,stable_diffusion,1,0.18773727118968964,data\cache\clean\test\cifake_5607 (3)\jpeg_q30.jpg
cifake_5809 (7),jpeg_q30,cifake,stable_diffusion,1,0.12660525739192963,data\cache\clean\test\cifake_5809 (7)\jpeg_q30.jpg
cifake_5943 (10),jpeg_q30,cifake,stable_diffusion,1,0.2429061383008957,data\cache\clean\test\cifake_5943 (10)\jpeg_q30.jpg
cifake_716 (9),jpeg_q30,cifake,stable_diffusion,1,0.47513633966445923,data\cache\clean\test\cifake_716 (9)\jpeg_q30.jpg
cifake_771 (8),jpeg_q30,cifake,stable_diffusion,1,0.4464648365974426,data\cache\clean\test\cifake_771 (8)\jpeg_q30.jpg
cifake_791 (6),jpeg_q30,cifake,stable_diffusion,1,0.38508567214012146,data\cache\clean\test\cifake_791 (6)\jpeg_q30.jpg
cifake_841 (4),jpeg_q30,cifake,stable_diffusion,1,0.3897727429866791,data\cache\clean\test\cifake_841 (4)\jpeg_q30.jpg
dalle_10420,jpeg_q30,dalle,dalle,1,0.09186892211437225,data\cache\clean\test\dalle_10420\jpeg_q30.jpg
dalle_12052,jpeg_q30,dalle,dalle,1,0.09925060719251633,data\cache\clean\test\dalle_12052\jpeg_q30.jpg
dalle_12171,jpeg_q30,dalle,dalle,1,0.3292173743247986,data\cache\clean\test\dalle_12171\jpeg_q30.jpg
dalle_13108,jpeg_q30,dalle,dalle,1,0.22019632160663605,data\cache\clean\test\dalle_13108\jpeg_q30.jpg
dalle_13895,jpeg_q30,dalle,dalle,1,0.3720821440219879,data\cache\clean\test\dalle_13895\jpeg_q30.jpg
dalle_1895b86b74caac5dad51022c3d3b33df,jpeg_q30,dalle,dalle,1,0.03622148931026459,data\cache\clean\test\dalle_1895b86b74caac5dad51022c3d3b33df\jpeg_q30.jpg
dalle_20855,jpeg_q30,dalle,dalle,1,0.1766280084848404,data\cache\clean\test\dalle_20855\jpeg_q30.jpg
dalle_26203,jpeg_q30,dalle,dalle,1,0.4697267711162567,data\cache\clean\test\dalle_26203\jpeg_q30.jpg
dalle_28652,jpeg_q30,dalle,dalle,1,0.49946674704551697,data\cache\clean\test\dalle_28652\jpeg_q30.jpg
dalle_29659,jpeg_q30,dalle,dalle,1,0.2784281075000763,data\cache\clean\test\dalle_29659\jpeg_q30.jpg
dalle_3469,jpeg_q30,dalle,dalle,1,0.22513996064662933,data\cache\clean\test\dalle_3469\jpeg_q30.jpg
dalle_35493,jpeg_q30,dalle,dalle,1,0.17378820478916168,data\cache\clean\test\dalle_35493\jpeg_q30.jpg
dalle_3c589aa7fd4a6705f1fd7918daf4ffb9,jpeg_q30,dalle,dalle,1,0.16016976535320282,data\cache\clean\test\dalle_3c589aa7fd4a6705f1fd7918daf4ffb9\jpeg_q30.jpg
dalle_40387,jpeg_q30,dalle,dalle,1,0.20721371471881866,data\cache\clean\test\dalle_40387\jpeg_q30.jpg
dalle_6f0f61883f111368d770c54801f33449,jpeg_q30,dalle,dalle,1,0.006464809644967318,data\cache\clean\test\dalle_6f0f61883f111368d770c54801f33449\jpeg_q30.jpg
dalle_7803,jpeg_q30,dalle,dalle,1,0.14737167954444885,data\cache\clean\test\dalle_7803\jpeg_q30.jpg
dalle_8017,jpeg_q30,dalle,dalle,1,0.00698492769151926,data\cache\clean\test\dalle_8017\jpeg_q30.jpg
dalle_9068,jpeg_q30,dalle,dalle,1,0.04684028401970863,data\cache\clean\test\dalle_9068\jpeg_q30.jpg
gigagan_03263,jpeg_q30,gigagan,gigagan,1,0.2558486759662628,data\cache\clean\test\gigagan_03263\jpeg_q30.jpg
gigagan_04662,jpeg_q30,gigagan,gigagan,1,0.19840560853481293,data\cache\clean\test\gigagan_04662\jpeg_q30.jpg
gigagan_05738,jpeg_q30,gigagan,gigagan,1,0.1686459332704544,data\cache\clean\test\gigagan_05738\jpeg_q30.jpg
gigagan_07676,jpeg_q30,gigagan,gigagan,1,0.46449053287506104,data\cache\clean\test\gigagan_07676\jpeg_q30.jpg
gigagan_07909,jpeg_q30,gigagan,gigagan,1,0.045244697481393814,data\cache\clean\test\gigagan_07909\jpeg_q30.jpg
gigagan_08193,jpeg_q30,gigagan,gigagan,1,0.15029190480709076,data\cache\clean\test\gigagan_08193\jpeg_q30.jpg
gigagan_08464,jpeg_q30,gigagan,gigagan,1,0.2890380024909973,data\cache\clean\test\gigagan_08464\jpeg_q30.jpg
gigagan_09026,jpeg_q30,gigagan,gigagan,1,0.05425136908888817,data\cache\clean\test\gigagan_09026\jpeg_q30.jpg
gigagan_09302,jpeg_q30,gigagan,gigagan,1,0.054149653762578964,data\cache\clean\test\gigagan_09302\jpeg_q30.jpg
gigagan_09418,jpeg_q30,gigagan,gigagan,1,0.3065405786037445,data\cache\clean\test\gigagan_09418\jpeg_q30.jpg
gigagan_09458,jpeg_q30,gigagan,gigagan,1,0.054458558559417725,data\cache\clean\test\gigagan_09458\jpeg_q30.jpg
gigagan_10282,jpeg_q30,gigagan,gigagan,1,0.1785416305065155,data\cache\clean\test\gigagan_10282\jpeg_q30.jpg
gigagan_10769,jpeg_q30,gigagan,gigagan,1,0.16364538669586182,data\cache\clean\test\gigagan_10769\jpeg_q30.jpg
gigagan_10914,jpeg_q30,gigagan,gigagan,1,0.009032875299453735,data\cache\clean\test\gigagan_10914\jpeg_q30.jpg
gigagan_12929,jpeg_q30,gigagan,gigagan,1,0.408634215593338,data\cache\clean\test\gigagan_12929\jpeg_q30.jpg
gigagan_13110,jpeg_q30,gigagan,gigagan,1,0.4937865436077118,data\cache\clean\test\gigagan_13110\jpeg_q30.jpg
gigagan_14071,jpeg_q30,gigagan,gigagan,1,0.006394443567842245,data\cache\clean\test\gigagan_14071\jpeg_q30.jpg
gigagan_14858,jpeg_q30,gigagan,gigagan,1,0.3572413921356201,data\cache\clean\test\gigagan_14858\jpeg_q30.jpg
gigagan_14909,jpeg_q30,gigagan,gigagan,1,0.15072683990001678,data\cache\clean\test\gigagan_14909\jpeg_q30.jpg
gigagan_15355,jpeg_q30,gigagan,gigagan,1,0.34319403767585754,data\cache\clean\test\gigagan_15355\jpeg_q30.jpg
gigagan_15412,jpeg_q30,gigagan,gigagan,1,0.4837774932384491,data\cache\clean\test\gigagan_15412\jpeg_q30.jpg
gigagan_15561,jpeg_q30,gigagan,gigagan,1,0.10753209888935089,data\cache\clean\test\gigagan_15561\jpeg_q30.jpg
gigagan_15694,jpeg_q30,gigagan,gigagan,1,0.1081964373588562,data\cache\clean\test\gigagan_15694\jpeg_q30.jpg
gigagan_15949,jpeg_q30,gigagan,gigagan,1,0.2587059736251831,data\cache\clean\test\gigagan_15949\jpeg_q30.jpg
gigagan_16357,jpeg_q30,gigagan,gigagan,1,0.126210555434227,data\cache\clean\test\gigagan_16357\jpeg_q30.jpg
gigagan_16966,jpeg_q30,gigagan,gigagan,1,0.20369596779346466,data\cache\clean\test\gigagan_16966\jpeg_q30.jpg
gigagan_17003,jpeg_q30,gigagan,gigagan,1,0.21779482066631317,data\cache\clean\test\gigagan_17003\jpeg_q30.jpg
gigagan_17666,jpeg_q30,gigagan,gigagan,1,0.02668697200715542,data\cache\clean\test\gigagan_17666\jpeg_q30.jpg
gigagan_18037,jpeg_q30,gigagan,gigagan,1,0.2093990445137024,data\cache\clean\test\gigagan_18037\jpeg_q30.jpg
gigagan_18085,jpeg_q30,gigagan,gigagan,1,0.14114470779895782,data\cache\clean\test\gigagan_18085\jpeg_q30.jpg
gigagan_19055,jpeg_q30,gigagan,gigagan,1,0.30027851462364197,data\cache\clean\test\gigagan_19055\jpeg_q30.jpg
gigagan_19199,jpeg_q30,gigagan,gigagan,1,0.049486275762319565,data\cache\clean\test\gigagan_19199\jpeg_q30.jpg
gigagan_19248,jpeg_q30,gigagan,gigagan,1,0.36505255103111267,data\cache\clean\test\gigagan_19248\jpeg_q30.jpg
gigagan_19316,jpeg_q30,gigagan,gigagan,1,0.28660085797309875,data\cache\clean\test\gigagan_19316\jpeg_q30.jpg
gigagan_19940,jpeg_q30,gigagan,gigagan,1,0.2637939751148224,data\cache\clean\test\gigagan_19940\jpeg_q30.jpg
gigagan_20207,jpeg_q30,gigagan,gigagan,1,0.3194155991077423,data\cache\clean\test\gigagan_20207\jpeg_q30.jpg
gigagan_20316,jpeg_q30,gigagan,gigagan,1,0.19746632874011993,data\cache\clean\test\gigagan_20316\jpeg_q30.jpg
gigagan_20327,jpeg_q30,gigagan,gigagan,1,0.0660184845328331,data\cache\clean\test\gigagan_20327\jpeg_q30.jpg
gigagan_20468,jpeg_q30,gigagan,gigagan,1,0.3861348628997803,data\cache\clean\test\gigagan_20468\jpeg_q30.jpg
gigagan_20516,jpeg_q30,gigagan,gigagan,1,0.16618144512176514,data\cache\clean\test\gigagan_20516\jpeg_q30.jpg
gigagan_20968,jpeg_q30,gigagan,gigagan,1,0.011121571995317936,data\cache\clean\test\gigagan_20968\jpeg_q30.jpg
gigagan_21116,jpeg_q30,gigagan,gigagan,1,0.11516641080379486,data\cache\clean\test\gigagan_21116\jpeg_q30.jpg
gigagan_21166,jpeg_q30,gigagan,gigagan,1,0.41171514987945557,data\cache\clean\test\gigagan_21166\jpeg_q30.jpg
gigagan_21611,jpeg_q30,gigagan,gigagan,1,0.1170540452003479,data\cache\clean\test\gigagan_21611\jpeg_q30.jpg
gigagan_22263,jpeg_q30,gigagan,gigagan,1,0.28532811999320984,data\cache\clean\test\gigagan_22263\jpeg_q30.jpg
gigagan_22294,jpeg_q30,gigagan,gigagan,1,0.22849322855472565,data\cache\clean\test\gigagan_22294\jpeg_q30.jpg
gigagan_22418,jpeg_q30,gigagan,gigagan,1,0.11126315593719482,data\cache\clean\test\gigagan_22418\jpeg_q30.jpg
gigagan_22533,jpeg_q30,gigagan,gigagan,1,0.38065779209136963,data\cache\clean\test\gigagan_22533\jpeg_q30.jpg
gigagan_23134,jpeg_q30,gigagan,gigagan,1,0.0470343716442585,data\cache\clean\test\gigagan_23134\jpeg_q30.jpg
gigagan_23521,jpeg_q30,gigagan,gigagan,1,0.48083680868148804,data\cache\clean\test\gigagan_23521\jpeg_q30.jpg
gigagan_23523,jpeg_q30,gigagan,gigagan,1,0.3122295141220093,data\cache\clean\test\gigagan_23523\jpeg_q30.jpg
gigagan_23834,jpeg_q30,gigagan,gigagan,1,0.13090328872203827,data\cache\clean\test\gigagan_23834\jpeg_q30.jpg
gigagan_24147,jpeg_q30,gigagan,gigagan,1,0.2452395111322403,data\cache\clean\test\gigagan_24147\jpeg_q30.jpg
gigagan_24377,jpeg_q30,gigagan,gigagan,1,0.3937477171421051,data\cache\clean\test\gigagan_24377\jpeg_q30.jpg
gigagan_24445,jpeg_q30,gigagan,gigagan,1,0.04475735127925873,data\cache\clean\test\gigagan_24445\jpeg_q30.jpg
gigagan_24679,jpeg_q30,gigagan,gigagan,1,0.1896694153547287,data\cache\clean\test\gigagan_24679\jpeg_q30.jpg
gigagan_24933,jpeg_q30,gigagan,gigagan,1,0.46553125977516174,data\cache\clean\test\gigagan_24933\jpeg_q30.jpg
gigagan_25090,jpeg_q30,gigagan,gigagan,1,0.23037374019622803,data\cache\clean\test\gigagan_25090\jpeg_q30.jpg
gigagan_25761,jpeg_q30,gigagan,gigagan,1,0.2905513644218445,data\cache\clean\test\gigagan_25761\jpeg_q30.jpg
gigagan_25801,jpeg_q30,gigagan,gigagan,1,0.29484763741493225,data\cache\clean\test\gigagan_25801\jpeg_q30.jpg
gigagan_26323,jpeg_q30,gigagan,gigagan,1,0.1499175727367401,data\cache\clean\test\gigagan_26323\jpeg_q30.jpg
gigagan_26651,jpeg_q30,gigagan,gigagan,1,0.1462908536195755,data\cache\clean\test\gigagan_26651\jpeg_q30.jpg
gigagan_26681,jpeg_q30,gigagan,gigagan,1,0.23215806484222412,data\cache\clean\test\gigagan_26681\jpeg_q30.jpg
gigagan_27589,jpeg_q30,gigagan,gigagan,1,0.1249706819653511,data\cache\clean\test\gigagan_27589\jpeg_q30.jpg
gigagan_27621,jpeg_q30,gigagan,gigagan,1,0.3616182804107666,data\cache\clean\test\gigagan_27621\jpeg_q30.jpg
gigagan_28336,jpeg_q30,gigagan,gigagan,1,0.049494821578264236,data\cache\clean\test\gigagan_28336\jpeg_q30.jpg
gigagan_28900,jpeg_q30,gigagan,gigagan,1,0.22033435106277466,data\cache\clean\test\gigagan_28900\jpeg_q30.jpg
gigagan_29456,jpeg_q30,gigagan,gigagan,1,0.11028648167848587,data\cache\clean\test\gigagan_29456\jpeg_q30.jpg
gigagan_29526,jpeg_q30,gigagan,gigagan,1,0.3972621262073517,data\cache\clean\test\gigagan_29526\jpeg_q30.jpg
imagen3_045e6da6fd7f6fb0,jpeg_q30,imagen3,imagen3,1,0.03327600285410881,data\cache\clean\test\imagen3_045e6da6fd7f6fb0\jpeg_q30.jpg
imagen3_04e3097ac2f57647,jpeg_q30,imagen3,imagen3,1,0.37591981887817383,data\cache\clean\test\imagen3_04e3097ac2f57647\jpeg_q30.jpg
imagen3_13ed1f9391224848,jpeg_q30,imagen3,imagen3,1,0.13117536902427673,data\cache\clean\test\imagen3_13ed1f9391224848\jpeg_q30.jpg
imagen3_17643da56f35c6f7,jpeg_q30,imagen3,imagen3,1,0.04393059387803078,data\cache\clean\test\imagen3_17643da56f35c6f7\jpeg_q30.jpg
imagen3_17919c9ffd792ad9,jpeg_q30,imagen3,imagen3,1,0.4446330964565277,data\cache\clean\test\imagen3_17919c9ffd792ad9\jpeg_q30.jpg
imagen3_1fe9a0379cffa709,jpeg_q30,imagen3,imagen3,1,0.4080451726913452,data\cache\clean\test\imagen3_1fe9a0379cffa709\jpeg_q30.jpg
imagen3_24e64d19ddde11cb,jpeg_q30,imagen3,imagen3,1,0.018250470981001854,data\cache\clean\test\imagen3_24e64d19ddde11cb\jpeg_q30.jpg
imagen3_260ae6b06f1f50e2,jpeg_q30,imagen3,imagen3,1,0.03264366090297699,data\cache\clean\test\imagen3_260ae6b06f1f50e2\jpeg_q30.jpg
imagen3_2be4510162a8a76e,jpeg_q30,imagen3,imagen3,1,0.04554755613207817,data\cache\clean\test\imagen3_2be4510162a8a76e\jpeg_q30.jpg
imagen3_3403b18fc93acbfc,jpeg_q30,imagen3,imagen3,1,0.06133235618472099,data\cache\clean\test\imagen3_3403b18fc93acbfc\jpeg_q30.jpg
imagen3_43058,jpeg_q30,imagen3,imagen3,1,0.023027338087558746,data\cache\clean\test\imagen3_43058\jpeg_q30.jpg
imagen3_43208,jpeg_q30,imagen3,imagen3,1,0.4282987117767334,data\cache\clean\test\imagen3_43208\jpeg_q30.jpg
imagen3_44476,jpeg_q30,imagen3,imagen3,1,0.3053205907344818,data\cache\clean\test\imagen3_44476\jpeg_q30.jpg
imagen3_46922,jpeg_q30,imagen3,imagen3,1,0.29325681924819946,data\cache\clean\test\imagen3_46922\jpeg_q30.jpg
imagen3_473ffc5e3d5dc373,jpeg_q30,imagen3,imagen3,1,0.29367220401763916,data\cache\clean\test\imagen3_473ffc5e3d5dc373\jpeg_q30.jpg
imagen3_519f5c348fe55fcd,jpeg_q30,imagen3,imagen3,1,0.13715456426143646,data\cache\clean\test\imagen3_519f5c348fe55fcd\jpeg_q30.jpg
imagen3_52520,jpeg_q30,imagen3,imagen3,1,0.3434434235095978,data\cache\clean\test\imagen3_52520\jpeg_q30.jpg
imagen3_560ead164dab63a5,jpeg_q30,imagen3,imagen3,1,0.20156942307949066,data\cache\clean\test\imagen3_560ead164dab63a5\jpeg_q30.jpg
imagen3_5e95809bd47d157b,jpeg_q30,imagen3,imagen3,1,0.14787739515304565,data\cache\clean\test\imagen3_5e95809bd47d157b\jpeg_q30.jpg
imagen3_69467160e53f71bc,jpeg_q30,imagen3,imagen3,1,0.26232385635375977,data\cache\clean\test\imagen3_69467160e53f71bc\jpeg_q30.jpg
imagen3_6a8270ea182a9194,jpeg_q30,imagen3,imagen3,1,0.0856129378080368,data\cache\clean\test\imagen3_6a8270ea182a9194\jpeg_q30.jpg
imagen3_6c7624322b04ce43,jpeg_q30,imagen3,imagen3,1,0.03762771934270859,data\cache\clean\test\imagen3_6c7624322b04ce43\jpeg_q30.jpg
imagen3_77fb2d4f372634f8,jpeg_q30,imagen3,imagen3,1,0.016564279794692993,data\cache\clean\test\imagen3_77fb2d4f372634f8\jpeg_q30.jpg
imagen3_7e3e1e738f642f1a,jpeg_q30,imagen3,imagen3,1,0.4846642017364502,data\cache\clean\test\imagen3_7e3e1e738f642f1a\jpeg_q30.jpg
imagen3_8b13dc3bff918841,jpeg_q30,imagen3,imagen3,1,0.2426757961511612,data\cache\clean\test\imagen3_8b13dc3bff918841\jpeg_q30.jpg
imagen3_8c20e4bf83ffff36,jpeg_q30,imagen3,imagen3,1,0.4907418191432953,data\cache\clean\test\imagen3_8c20e4bf83ffff36\jpeg_q30.jpg
imagen3_9e82651e214a25c8,jpeg_q30,imagen3,imagen3,1,0.30365169048309326,data\cache\clean\test\imagen3_9e82651e214a25c8\jpeg_q30.jpg
imagen3_aa13646e437b7afa,jpeg_q30,imagen3,imagen3,1,0.415071040391922,data\cache\clean\test\imagen3_aa13646e437b7afa\jpeg_q30.jpg
imagen3_ad860df8c2a1a848,jpeg_q30,imagen3,imagen3,1,0.09078741073608398,data\cache\clean\test\imagen3_ad860df8c2a1a848\jpeg_q30.jpg
imagen3_b69c9976ced306d1,jpeg_q30,imagen3,imagen3,1,0.1449088603258133,data\cache\clean\test\imagen3_b69c9976ced306d1\jpeg_q30.jpg
imagen3_ca44bb7db1e73a9a,jpeg_q30,imagen3,imagen3,1,0.09915827214717865,data\cache\clean\test\imagen3_ca44bb7db1e73a9a\jpeg_q30.jpg
imagen3_e63f3b6f8bdee43a,jpeg_q30,imagen3,imagen3,1,0.15306682884693146,data\cache\clean\test\imagen3_e63f3b6f8bdee43a\jpeg_q30.jpg
imagen3_ea646e585cc24088,jpeg_q30,imagen3,imagen3,1,0.27912086248397827,data\cache\clean\test\imagen3_ea646e585cc24088\jpeg_q30.jpg
imagen3_eaf94916ce926270,jpeg_q30,imagen3,imagen3,1,0.3628474175930023,data\cache\clean\test\imagen3_eaf94916ce926270\jpeg_q30.jpg
imagen3_f2da05bffbe27dab,jpeg_q30,imagen3,imagen3,1,0.06803371012210846,data\cache\clean\test\imagen3_f2da05bffbe27dab\jpeg_q30.jpg
imagen3_fe7048efd51b15b8,jpeg_q30,imagen3,imagen3,1,0.2558562159538269,data\cache\clean\test\imagen3_fe7048efd51b15b8\jpeg_q30.jpg
imagen3_Imagen3_1208,jpeg_q30,imagen3,imagen3,1,0.17496129870414734,data\cache\clean\test\imagen3_Imagen3_1208\jpeg_q30.jpg
imagen3_Imagen3_2762,jpeg_q30,imagen3,imagen3,1,0.45665299892425537,data\cache\clean\test\imagen3_Imagen3_2762\jpeg_q30.jpg
imagen3_Imagen3_2787,jpeg_q30,imagen3,imagen3,1,0.32413673400878906,data\cache\clean\test\imagen3_Imagen3_2787\jpeg_q30.jpg
imagen3_Imagen3_3097,jpeg_q30,imagen3,imagen3,1,0.26737746596336365,data\cache\clean\test\imagen3_Imagen3_3097\jpeg_q30.jpg
imagen3_Imagen3_3546,jpeg_q30,imagen3,imagen3,1,0.14261429011821747,data\cache\clean\test\imagen3_Imagen3_3546\jpeg_q30.jpg
sidset_full_synthetic_001692,jpeg_q30,sidset,full_synthetic,1,0.0179352518171072,data\cache\clean\test\sidset_full_synthetic_001692\jpeg_q30.jpg
sidset_full_synthetic_005710,jpeg_q30,sidset,full_synthetic,1,0.39292994141578674,data\cache\clean\test\sidset_full_synthetic_005710\jpeg_q30.jpg
sidset_full_synthetic_012484,jpeg_q30,sidset,full_synthetic,1,0.3446046710014343,data\cache\clean\test\sidset_full_synthetic_012484\jpeg_q30.jpg
sidset_full_synthetic_031321,jpeg_q30,sidset,full_synthetic,1,0.4937571585178375,data\cache\clean\test\sidset_full_synthetic_031321\jpeg_q30.jpg
sidset_full_synthetic_033528,jpeg_q30,sidset,full_synthetic,1,0.1524493247270584,data\cache\clean\test\sidset_full_synthetic_033528\jpeg_q30.jpg
sidset_full_synthetic_037894,jpeg_q30,sidset,full_synthetic,1,0.19689764082431793,data\cache\clean\test\sidset_full_synthetic_037894\jpeg_q30.jpg
sidset_full_synthetic_040891,jpeg_q30,sidset,full_synthetic,1,0.07665994018316269,data\cache\clean\test\sidset_full_synthetic_040891\jpeg_q30.jpg
sidset_full_synthetic_054797,jpeg_q30,sidset,full_synthetic,1,0.12870007753372192,data\cache\clean\test\sidset_full_synthetic_054797\jpeg_q30.jpg
sidset_full_synthetic_060524,jpeg_q30,sidset,full_synthetic,1,0.06678890436887741,data\cache\clean\test\sidset_full_synthetic_060524\jpeg_q30.jpg
sidset_full_synthetic_060650,jpeg_q30,sidset,full_synthetic,1,0.13144123554229736,data\cache\clean\test\sidset_full_synthetic_060650\jpeg_q30.jpg
sidset_full_synthetic_063062,jpeg_q30,sidset,full_synthetic,1,0.2613086700439453,data\cache\clean\test\sidset_full_synthetic_063062\jpeg_q30.jpg
sidset_full_synthetic_066065,jpeg_q30,sidset,full_synthetic,1,0.20901615917682648,data\cache\clean\test\sidset_full_synthetic_066065\jpeg_q30.jpg
stylegan_xl_0097a2e24789bc7a,jpeg_q30,stylegan_xl,stylegan_xl,1,0.0335833840072155,data\cache\clean\test\stylegan_xl_0097a2e24789bc7a\jpeg_q30.jpg
stylegan_xl_00a4591cf03df584,jpeg_q30,stylegan_xl,stylegan_xl,1,0.021486395969986916,data\cache\clean\test\stylegan_xl_00a4591cf03df584\jpeg_q30.jpg
stylegan_xl_0f7efa4c31bcd8f4,jpeg_q30,stylegan_xl,stylegan_xl,1,0.2136853039264679,data\cache\clean\test\stylegan_xl_0f7efa4c31bcd8f4\jpeg_q30.jpg
stylegan_xl_1060d58257bc5130,jpeg_q30,stylegan_xl,stylegan_xl,1,0.025786811485886574,data\cache\clean\test\stylegan_xl_1060d58257bc5130\jpeg_q30.jpg
stylegan_xl_2013fe0d44f84041,jpeg_q30,stylegan_xl,stylegan_xl,1,0.004758383147418499,data\cache\clean\test\stylegan_xl_2013fe0d44f84041\jpeg_q30.jpg
stylegan_xl_324e332686aa6966,jpeg_q30,stylegan_xl,stylegan_xl,1,0.25415775179862976,data\cache\clean\test\stylegan_xl_324e332686aa6966\jpeg_q30.jpg
stylegan_xl_3621cf0be1fc8d68,jpeg_q30,stylegan_xl,stylegan_xl,1,0.2909456193447113,data\cache\clean\test\stylegan_xl_3621cf0be1fc8d68\jpeg_q30.jpg
stylegan_xl_38c489e3b0d8c700,jpeg_q30,stylegan_xl,stylegan_xl,1,0.3423151969909668,data\cache\clean\test\stylegan_xl_38c489e3b0d8c700\jpeg_q30.jpg
stylegan_xl_3b5e18f8fc06450d,jpeg_q30,stylegan_xl,stylegan_xl,1,0.016102701425552368,data\cache\clean\test\stylegan_xl_3b5e18f8fc06450d\jpeg_q30.jpg
stylegan_xl_45602,jpeg_q30,stylegan_xl,stylegan_xl,1,0.1767897754907608,data\cache\clean\test\stylegan_xl_45602\jpeg_q30.jpg
stylegan_xl_47343,jpeg_q30,stylegan_xl,stylegan_xl,1,0.02630431577563286,data\cache\clean\test\stylegan_xl_47343\jpeg_q30.jpg
stylegan_xl_48611,jpeg_q30,stylegan_xl,stylegan_xl,1,0.07162578403949738,data\cache\clean\test\stylegan_xl_48611\jpeg_q30.jpg
stylegan_xl_4f991f9638e28675,jpeg_q30,stylegan_xl,stylegan_xl,1,0.12318779528141022,data\cache\clean\test\stylegan_xl_4f991f9638e28675\jpeg_q30.jpg
stylegan_xl_60ed9d3511d333bf,jpeg_q30,stylegan_xl,stylegan_xl,1,0.23596185445785522,data\cache\clean\test\stylegan_xl_60ed9d3511d333bf\jpeg_q30.jpg
stylegan_xl_65bb283a1280639e,jpeg_q30,stylegan_xl,stylegan_xl,1,0.14804954826831818,data\cache\clean\test\stylegan_xl_65bb283a1280639e\jpeg_q30.jpg
stylegan_xl_729fee52c5b7f95b,jpeg_q30,stylegan_xl,stylegan_xl,1,0.141972154378891,data\cache\clean\test\stylegan_xl_729fee52c5b7f95b\jpeg_q30.jpg
stylegan_xl_7d433e90bcd7bd53,jpeg_q30,stylegan_xl,stylegan_xl,1,0.006638172082602978,data\cache\clean\test\stylegan_xl_7d433e90bcd7bd53\jpeg_q30.jpg
stylegan_xl_7ffebe6032f8209f,jpeg_q30,stylegan_xl,stylegan_xl,1,0.14827141165733337,data\cache\clean\test\stylegan_xl_7ffebe6032f8209f\jpeg_q30.jpg
stylegan_xl_80fc8be6e7c11eb3,jpeg_q30,stylegan_xl,stylegan_xl,1,0.029856203123927116,data\cache\clean\test\stylegan_xl_80fc8be6e7c11eb3\jpeg_q30.jpg
stylegan_xl_8461b1ae87c22c20,jpeg_q30,stylegan_xl,stylegan_xl,1,0.24924364686012268,data\cache\clean\test\stylegan_xl_8461b1ae87c22c20\jpeg_q30.jpg
stylegan_xl_8f9dfd75dde8914f,jpeg_q30,stylegan_xl,stylegan_xl,1,0.23753081262111664,data\cache\clean\test\stylegan_xl_8f9dfd75dde8914f\jpeg_q30.jpg
stylegan_xl_91fb9195a35b7711,jpeg_q30,stylegan_xl,stylegan_xl,1,0.2957529127597809,data\cache\clean\test\stylegan_xl_91fb9195a35b7711\jpeg_q30.jpg
stylegan_xl_a10d4a733f4df420,jpeg_q30,stylegan_xl,stylegan_xl,1,0.26393693685531616,data\cache\clean\test\stylegan_xl_a10d4a733f4df420\jpeg_q30.jpg
stylegan_xl_a1ed16fffc5ecb68,jpeg_q30,stylegan_xl,stylegan_xl,1,0.04106374830007553,data\cache\clean\test\stylegan_xl_a1ed16fffc5ecb68\jpeg_q30.jpg
stylegan_xl_a72f3ace10a8f550,jpeg_q30,stylegan_xl,stylegan_xl,1,0.020118210464715958,data\cache\clean\test\stylegan_xl_a72f3ace10a8f550\jpeg_q30.jpg
stylegan_xl_b6abe358484b287a,jpeg_q30,stylegan_xl,stylegan_xl,1,0.242782324552536,data\cache\clean\test\stylegan_xl_b6abe358484b287a\jpeg_q30.jpg
stylegan_xl_bd69757ff485d03e,jpeg_q30,stylegan_xl,stylegan_xl,1,0.47230854630470276,data\cache\clean\test\stylegan_xl_bd69757ff485d03e\jpeg_q30.jpg
stylegan_xl_c9421141bcf3a15a,jpeg_q30,stylegan_xl,stylegan_xl,1,0.47306904196739197,data\cache\clean\test\stylegan_xl_c9421141bcf3a15a\jpeg_q30.jpg
stylegan_xl_cccbc1d57a7e095e,jpeg_q30,stylegan_xl,stylegan_xl,1,0.4176366925239563,data\cache\clean\test\stylegan_xl_cccbc1d57a7e095e\jpeg_q30.jpg
stylegan_xl_cf9c332a1ebfb587,jpeg_q30,stylegan_xl,stylegan_xl,1,0.08765304833650589,data\cache\clean\test\stylegan_xl_cf9c332a1ebfb587\jpeg_q30.jpg
stylegan_xl_d7c4ece8c8a01de0,jpeg_q30,stylegan_xl,stylegan_xl,1,0.29746705293655396,data\cache\clean\test\stylegan_xl_d7c4ece8c8a01de0\jpeg_q30.jpg
stylegan_xl_f4a503e24265a7e1,jpeg_q30,stylegan_xl,stylegan_xl,1,0.31390199065208435,data\cache\clean\test\stylegan_xl_f4a503e24265a7e1\jpeg_q30.jpg
stylegan_xl_fef6a66b8deaa7ab,jpeg_q30,stylegan_xl,stylegan_xl,1,0.03860122337937355,data\cache\clean\test\stylegan_xl_fef6a66b8deaa7ab\jpeg_q30.jpg
cifake_1028 (10),jpeg_q50,cifake,stable_diffusion,1,0.4452468752861023,data\cache\clean\test\cifake_1028 (10)\jpeg_q50.jpg
cifake_1088 (3),jpeg_q50,cifake,stable_diffusion,1,0.14410947263240814,data\cache\clean\test\cifake_1088 (3)\jpeg_q50.jpg
cifake_1167 (3),jpeg_q50,cifake,stable_diffusion,1,0.3244280517101288,data\cache\clean\test\cifake_1167 (3)\jpeg_q50.jpg
cifake_1842 (10),jpeg_q50,cifake,stable_diffusion,1,0.47593653202056885,data\cache\clean\test\cifake_1842 (10)\jpeg_q50.jpg
cifake_1867 (9),jpeg_q50,cifake,stable_diffusion,1,0.46751612424850464,data\cache\clean\test\cifake_1867 (9)\jpeg_q50.jpg
cifake_3379 (8),jpeg_q50,cifake,stable_diffusion,1,0.23417209088802338,data\cache\clean\test\cifake_3379 (8)\jpeg_q50.jpg
cifake_3395 (5),jpeg_q50,cifake,stable_diffusion,1,0.1399916112422943,data\cache\clean\test\cifake_3395 (5)\jpeg_q50.jpg
cifake_4127 (3),jpeg_q50,cifake,stable_diffusion,1,0.07051005959510803,data\cache\clean\test\cifake_4127 (3)\jpeg_q50.jpg
cifake_4221 (2),jpeg_q50,cifake,stable_diffusion,1,0.12992332875728607,data\cache\clean\test\cifake_4221 (2)\jpeg_q50.jpg
cifake_4615 (3),jpeg_q50,cifake,stable_diffusion,1,0.11110948771238327,data\cache\clean\test\cifake_4615 (3)\jpeg_q50.jpg
cifake_4670 (4),jpeg_q50,cifake,stable_diffusion,1,0.1372576355934143,data\cache\clean\test\cifake_4670 (4)\jpeg_q50.jpg
cifake_4681 (5),jpeg_q50,cifake,stable_diffusion,1,0.20452222228050232,data\cache\clean\test\cifake_4681 (5)\jpeg_q50.jpg
cifake_4682 (7),jpeg_q50,cifake,stable_diffusion,1,0.40610024333000183,data\cache\clean\test\cifake_4682 (7)\jpeg_q50.jpg
cifake_5110 (9),jpeg_q50,cifake,stable_diffusion,1,0.4276339113712311,data\cache\clean\test\cifake_5110 (9)\jpeg_q50.jpg
cifake_5221 (3),jpeg_q50,cifake,stable_diffusion,1,0.3437177538871765,data\cache\clean\test\cifake_5221 (3)\jpeg_q50.jpg
cifake_5607 (3),jpeg_q50,cifake,stable_diffusion,1,0.11526817083358765,data\cache\clean\test\cifake_5607 (3)\jpeg_q50.jpg
cifake_5943 (10),jpeg_q50,cifake,stable_diffusion,1,0.09960237890481949,data\cache\clean\test\cifake_5943 (10)\jpeg_q50.jpg
cifake_771 (8),jpeg_q50,cifake,stable_diffusion,1,0.1874469518661499,data\cache\clean\test\cifake_771 (8)\jpeg_q50.jpg
cifake_784 (4),jpeg_q50,cifake,stable_diffusion,1,0.46266409754753113,data\cache\clean\test\cifake_784 (4)\jpeg_q50.jpg
cifake_791 (6),jpeg_q50,cifake,stable_diffusion,1,0.26230883598327637,data\cache\clean\test\cifake_791 (6)\jpeg_q50.jpg
cifake_841 (4),jpeg_q50,cifake,stable_diffusion,1,0.39434608817100525,data\cache\clean\test\cifake_841 (4)\jpeg_q50.jpg
dalle_10420,jpeg_q50,dalle,dalle,1,0.1542099416255951,data\cache\clean\test\dalle_10420\jpeg_q50.jpg
dalle_12052,jpeg_q50,dalle,dalle,1,0.15261654555797577,data\cache\clean\test\dalle_12052\jpeg_q50.jpg
dalle_12171,jpeg_q50,dalle,dalle,1,0.35315951704978943,data\cache\clean\test\dalle_12171\jpeg_q50.jpg
dalle_13108,jpeg_q50,dalle,dalle,1,0.1578284353017807,data\cache\clean\test\dalle_13108\jpeg_q50.jpg
dalle_1895b86b74caac5dad51022c3d3b33df,jpeg_q50,dalle,dalle,1,0.04517073929309845,data\cache\clean\test\dalle_1895b86b74caac5dad51022c3d3b33df\jpeg_q50.jpg
dalle_20855,jpeg_q50,dalle,dalle,1,0.16588135063648224,data\cache\clean\test\dalle_20855\jpeg_q50.jpg
dalle_26203,jpeg_q50,dalle,dalle,1,0.32678624987602234,data\cache\clean\test\dalle_26203\jpeg_q50.jpg
dalle_29659,jpeg_q50,dalle,dalle,1,0.3883724808692932,data\cache\clean\test\dalle_29659\jpeg_q50.jpg
dalle_3469,jpeg_q50,dalle,dalle,1,0.2876542806625366,data\cache\clean\test\dalle_3469\jpeg_q50.jpg
dalle_35493,jpeg_q50,dalle,dalle,1,0.320578008890152,data\cache\clean\test\dalle_35493\jpeg_q50.jpg
dalle_3c589aa7fd4a6705f1fd7918daf4ffb9,jpeg_q50,dalle,dalle,1,0.1408127397298813,data\cache\clean\test\dalle_3c589aa7fd4a6705f1fd7918daf4ffb9\jpeg_q50.jpg
dalle_40387,jpeg_q50,dalle,dalle,1,0.08206859230995178,data\cache\clean\test\dalle_40387\jpeg_q50.jpg
dalle_6f0f61883f111368d770c54801f33449,jpeg_q50,dalle,dalle,1,0.004738851450383663,data\cache\clean\test\dalle_6f0f61883f111368d770c54801f33449\jpeg_q50.jpg
dalle_7803,jpeg_q50,dalle,dalle,1,0.2154405117034912,data\cache\clean\test\dalle_7803\jpeg_q50.jpg
dalle_8017,jpeg_q50,dalle,dalle,1,0.009550563059747219,data\cache\clean\test\dalle_8017\jpeg_q50.jpg
dalle_9068,jpeg_q50,dalle,dalle,1,0.07116525620222092,data\cache\clean\test\dalle_9068\jpeg_q50.jpg
gigagan_03263,jpeg_q50,gigagan,gigagan,1,0.4872537851333618,data\cache\clean\test\gigagan_03263\jpeg_q50.jpg
gigagan_03422,jpeg_q50,gigagan,gigagan,1,0.4137081503868103,data\cache\clean\test\gigagan_03422\jpeg_q50.jpg
gigagan_05738,jpeg_q50,gigagan,gigagan,1,0.3407287895679474,data\cache\clean\test\gigagan_05738\jpeg_q50.jpg
gigagan_06526,jpeg_q50,gigagan,gigagan,1,0.32968151569366455,data\cache\clean\test\gigagan_06526\jpeg_q50.jpg
gigagan_07177,jpeg_q50,gigagan,gigagan,1,0.14676693081855774,data\cache\clean\test\gigagan_07177\jpeg_q50.jpg
gigagan_07350,jpeg_q50,gigagan,gigagan,1,0.4426231384277344,data\cache\clean\test\gigagan_07350\jpeg_q50.jpg
gigagan_07676,jpeg_q50,gigagan,gigagan,1,0.271838515996933,data\cache\clean\test\gigagan_07676\jpeg_q50.jpg
gigagan_07909,jpeg_q50,gigagan,gigagan,1,0.05899779126048088,data\cache\clean\test\gigagan_07909\jpeg_q50.jpg
gigagan_07986,jpeg_q50,gigagan,gigagan,1,0.381924033164978,data\cache\clean\test\gigagan_07986\jpeg_q50.jpg
gigagan_08193,jpeg_q50,gigagan,gigagan,1,0.30277180671691895,data\cache\clean\test\gigagan_08193\jpeg_q50.jpg
gigagan_09026,jpeg_q50,gigagan,gigagan,1,0.12389253824949265,data\cache\clean\test\gigagan_09026\jpeg_q50.jpg
gigagan_09302,jpeg_q50,gigagan,gigagan,1,0.07193829864263535,data\cache\clean\test\gigagan_09302\jpeg_q50.jpg
gigagan_09418,jpeg_q50,gigagan,gigagan,1,0.3474215269088745,data\cache\clean\test\gigagan_09418\jpeg_q50.jpg
gigagan_09458,jpeg_q50,gigagan,gigagan,1,0.15569525957107544,data\cache\clean\test\gigagan_09458\jpeg_q50.jpg
gigagan_10282,jpeg_q50,gigagan,gigagan,1,0.42699873447418213,data\cache\clean\test\gigagan_10282\jpeg_q50.jpg
gigagan_10769,jpeg_q50,gigagan,gigagan,1,0.15515299141407013,data\cache\clean\test\gigagan_10769\jpeg_q50.jpg
gigagan_10914,jpeg_q50,gigagan,gigagan,1,0.012370808981359005,data\cache\clean\test\gigagan_10914\jpeg_q50.jpg
gigagan_12929,jpeg_q50,gigagan,gigagan,1,0.312583863735199,data\cache\clean\test\gigagan_12929\jpeg_q50.jpg
gigagan_14071,jpeg_q50,gigagan,gigagan,1,0.0057051037438213825,data\cache\clean\test\gigagan_14071\jpeg_q50.jpg
gigagan_14858,jpeg_q50,gigagan,gigagan,1,0.471649706363678,data\cache\clean\test\gigagan_14858\jpeg_q50.jpg
gigagan_14909,jpeg_q50,gigagan,gigagan,1,0.13594819605350494,data\cache\clean\test\gigagan_14909\jpeg_q50.jpg
gigagan_15561,jpeg_q50,gigagan,gigagan,1,0.1304328441619873,data\cache\clean\test\gigagan_15561\jpeg_q50.jpg
gigagan_15694,jpeg_q50,gigagan,gigagan,1,0.08611296862363815,data\cache\clean\test\gigagan_15694\jpeg_q50.jpg
gigagan_15949,jpeg_q50,gigagan,gigagan,1,0.411129355430603,data\cache\clean\test\gigagan_15949\jpeg_q50.jpg
gigagan_16357,jpeg_q50,gigagan,gigagan,1,0.2704372704029083,data\cache\clean\test\gigagan_16357\jpeg_q50.jpg
gigagan_16966,jpeg_q50,gigagan,gigagan,1,0.15953491628170013,data\cache\clean\test\gigagan_16966\jpeg_q50.jpg
gigagan_17003,jpeg_q50,gigagan,gigagan,1,0.10574094206094742,data\cache\clean\test\gigagan_17003\jpeg_q50.jpg
gigagan_17666,jpeg_q50,gigagan,gigagan,1,0.07769173383712769,data\cache\clean\test\gigagan_17666\jpeg_q50.jpg
gigagan_18037,jpeg_q50,gigagan,gigagan,1,0.14551076292991638,data\cache\clean\test\gigagan_18037\jpeg_q50.jpg
gigagan_18085,jpeg_q50,gigagan,gigagan,1,0.19148381054401398,data\cache\clean\test\gigagan_18085\jpeg_q50.jpg
gigagan_18378,jpeg_q50,gigagan,gigagan,1,0.486247181892395,data\cache\clean\test\gigagan_18378\jpeg_q50.jpg
gigagan_19055,jpeg_q50,gigagan,gigagan,1,0.3082576394081116,data\cache\clean\test\gigagan_19055\jpeg_q50.jpg
gigagan_19199,jpeg_q50,gigagan,gigagan,1,0.027422213926911354,data\cache\clean\test\gigagan_19199\jpeg_q50.jpg
gigagan_19316,jpeg_q50,gigagan,gigagan,1,0.3221416473388672,data\cache\clean\test\gigagan_19316\jpeg_q50.jpg
gigagan_19940,jpeg_q50,gigagan,gigagan,1,0.29922452569007874,data\cache\clean\test\gigagan_19940\jpeg_q50.jpg
gigagan_20207,jpeg_q50,gigagan,gigagan,1,0.3500189781188965,data\cache\clean\test\gigagan_20207\jpeg_q50.jpg
gigagan_20316,jpeg_q50,gigagan,gigagan,1,0.1549977958202362,data\cache\clean\test\gigagan_20316\jpeg_q50.jpg
gigagan_20327,jpeg_q50,gigagan,gigagan,1,0.08902470767498016,data\cache\clean\test\gigagan_20327\jpeg_q50.jpg
gigagan_20516,jpeg_q50,gigagan,gigagan,1,0.10176783055067062,data\cache\clean\test\gigagan_20516\jpeg_q50.jpg
gigagan_20968,jpeg_q50,gigagan,gigagan,1,0.011523857712745667,data\cache\clean\test\gigagan_20968\jpeg_q50.jpg
gigagan_21116,jpeg_q50,gigagan,gigagan,1,0.16068629920482635,data\cache\clean\test\gigagan_21116\jpeg_q50.jpg
gigagan_21244,jpeg_q50,gigagan,gigagan,1,0.2890109121799469,data\cache\clean\test\gigagan_21244\jpeg_q50.jpg
gigagan_21611,jpeg_q50,gigagan,gigagan,1,0.14552175998687744,data\cache\clean\test\gigagan_21611\jpeg_q50.jpg
gigagan_22263,jpeg_q50,gigagan,gigagan,1,0.3295542895793915,data\cache\clean\test\gigagan_22263\jpeg_q50.jpg
gigagan_22294,jpeg_q50,gigagan,gigagan,1,0.33007144927978516,data\cache\clean\test\gigagan_22294\jpeg_q50.jpg
gigagan_22418,jpeg_q50,gigagan,gigagan,1,0.04817015305161476,data\cache\clean\test\gigagan_22418\jpeg_q50.jpg
gigagan_22770,jpeg_q50,gigagan,gigagan,1,0.328005850315094,data\cache\clean\test\gigagan_22770\jpeg_q50.jpg
gigagan_23134,jpeg_q50,gigagan,gigagan,1,0.03607703372836113,data\cache\clean\test\gigagan_23134\jpeg_q50.jpg
gigagan_23521,jpeg_q50,gigagan,gigagan,1,0.229612797498703,data\cache\clean\test\gigagan_23521\jpeg_q50.jpg
gigagan_23834,jpeg_q50,gigagan,gigagan,1,0.14126785099506378,data\cache\clean\test\gigagan_23834\jpeg_q50.jpg
gigagan_24147,jpeg_q50,gigagan,gigagan,1,0.17611129581928253,data\cache\clean\test\gigagan_24147\jpeg_q50.jpg
gigagan_24445,jpeg_q50,gigagan,gigagan,1,0.03357892110943794,data\cache\clean\test\gigagan_24445\jpeg_q50.jpg
gigagan_24679,jpeg_q50,gigagan,gigagan,1,0.19032037258148193,data\cache\clean\test\gigagan_24679\jpeg_q50.jpg
gigagan_24933,jpeg_q50,gigagan,gigagan,1,0.13626264035701752,data\cache\clean\test\gigagan_24933\jpeg_q50.jpg
gigagan_25090,jpeg_q50,gigagan,gigagan,1,0.17378868162631989,data\cache\clean\test\gigagan_25090\jpeg_q50.jpg
gigagan_25761,jpeg_q50,gigagan,gigagan,1,0.4595121741294861,data\cache\clean\test\gigagan_25761\jpeg_q50.jpg
gigagan_26067,jpeg_q50,gigagan,gigagan,1,0.2318718582391739,data\cache\clean\test\gigagan_26067\jpeg_q50.jpg
gigagan_26323,jpeg_q50,gigagan,gigagan,1,0.3703276216983795,data\cache\clean\test\gigagan_26323\jpeg_q50.jpg
gigagan_26651,jpeg_q50,gigagan,gigagan,1,0.14201720058918,data\cache\clean\test\gigagan_26651\jpeg_q50.jpg
gigagan_26681,jpeg_q50,gigagan,gigagan,1,0.2650350332260132,data\cache\clean\test\gigagan_26681\jpeg_q50.jpg
gigagan_27589,jpeg_q50,gigagan,gigagan,1,0.2731025218963623,data\cache\clean\test\gigagan_27589\jpeg_q50.jpg
gigagan_28336,jpeg_q50,gigagan,gigagan,1,0.12648002803325653,data\cache\clean\test\gigagan_28336\jpeg_q50.jpg
gigagan_28900,jpeg_q50,gigagan,gigagan,1,0.16947883367538452,data\cache\clean\test\gigagan_28900\jpeg_q50.jpg
gigagan_29456,jpeg_q50,gigagan,gigagan,1,0.11839361488819122,data\cache\clean\test\gigagan_29456\jpeg_q50.jpg
imagen3_045e6da6fd7f6fb0,jpeg_q50,imagen3,imagen3,1,0.025612784549593925,data\cache\clean\test\imagen3_045e6da6fd7f6fb0\jpeg_q50.jpg
imagen3_04e3097ac2f57647,jpeg_q50,imagen3,imagen3,1,0.3875488042831421,data\cache\clean\test\imagen3_04e3097ac2f57647\jpeg_q50.jpg
imagen3_13ed1f9391224848,jpeg_q50,imagen3,imagen3,1,0.20888330042362213,data\cache\clean\test\imagen3_13ed1f9391224848\jpeg_q50.jpg
imagen3_15ae6310fb427bba,jpeg_q50,imagen3,imagen3,1,0.38357001543045044,data\cache\clean\test\imagen3_15ae6310fb427bba\jpeg_q50.jpg
imagen3_17643da56f35c6f7,jpeg_q50,imagen3,imagen3,1,0.02383541502058506,data\cache\clean\test\imagen3_17643da56f35c6f7\jpeg_q50.jpg
imagen3_17919c9ffd792ad9,jpeg_q50,imagen3,imagen3,1,0.48968175053596497,data\cache\clean\test\imagen3_17919c9ffd792ad9\jpeg_q50.jpg
imagen3_24e64d19ddde11cb,jpeg_q50,imagen3,imagen3,1,0.028043819591403008,data\cache\clean\test\imagen3_24e64d19ddde11cb\jpeg_q50.jpg
imagen3_260ae6b06f1f50e2,jpeg_q50,imagen3,imagen3,1,0.027114883065223694,data\cache\clean\test\imagen3_260ae6b06f1f50e2\jpeg_q50.jpg
imagen3_2be4510162a8a76e,jpeg_q50,imagen3,imagen3,1,0.016860611736774445,data\cache\clean\test\imagen3_2be4510162a8a76e\jpeg_q50.jpg
imagen3_3403b18fc93acbfc,jpeg_q50,imagen3,imagen3,1,0.06429450213909149,data\cache\clean\test\imagen3_3403b18fc93acbfc\jpeg_q50.jpg
imagen3_43058,jpeg_q50,imagen3,imagen3,1,0.29978424310684204,data\cache\clean\test\imagen3_43058\jpeg_q50.jpg
imagen3_44476,jpeg_q50,imagen3,imagen3,1,0.46959802508354187,data\cache\clean\test\imagen3_44476\jpeg_q50.jpg
imagen3_46922,jpeg_q50,imagen3,imagen3,1,0.29783767461776733,data\cache\clean\test\imagen3_46922\jpeg_q50.jpg
imagen3_473ffc5e3d5dc373,jpeg_q50,imagen3,imagen3,1,0.4122354984283447,data\cache\clean\test\imagen3_473ffc5e3d5dc373\jpeg_q50.jpg
imagen3_51659,jpeg_q50,imagen3,imagen3,1,0.31883475184440613,data\cache\clean\test\imagen3_51659\jpeg_q50.jpg
imagen3_519f5c348fe55fcd,jpeg_q50,imagen3,imagen3,1,0.09299510717391968,data\cache\clean\test\imagen3_519f5c348fe55fcd\jpeg_q50.jpg
imagen3_52520,jpeg_q50,imagen3,imagen3,1,0.3273486793041229,data\cache\clean\test\imagen3_52520\jpeg_q50.jpg
imagen3_560ead164dab63a5,jpeg_q50,imagen3,imagen3,1,0.19446732103824615,data\cache\clean\test\imagen3_560ead164dab63a5\jpeg_q50.jpg
imagen3_5e95809bd47d157b,jpeg_q50,imagen3,imagen3,1,0.09807974100112915,data\cache\clean\test\imagen3_5e95809bd47d157b\jpeg_q50.jpg
imagen3_69467160e53f71bc,jpeg_q50,imagen3,imagen3,1,0.24729907512664795,data\cache\clean\test\imagen3_69467160e53f71bc\jpeg_q50.jpg
imagen3_6a8270ea182a9194,jpeg_q50,imagen3,imagen3,1,0.10918605327606201,data\cache\clean\test\imagen3_6a8270ea182a9194\jpeg_q50.jpg
imagen3_6c7624322b04ce43,jpeg_q50,imagen3,imagen3,1,0.02371908351778984,data\cache\clean\test\imagen3_6c7624322b04ce43\jpeg_q50.jpg
imagen3_77fb2d4f372634f8,jpeg_q50,imagen3,imagen3,1,0.040255576372146606,data\cache\clean\test\imagen3_77fb2d4f372634f8\jpeg_q50.jpg
imagen3_8b13dc3bff918841,jpeg_q50,imagen3,imagen3,1,0.24085633456707,data\cache\clean\test\imagen3_8b13dc3bff918841\jpeg_q50.jpg
imagen3_8c20e4bf83ffff36,jpeg_q50,imagen3,imagen3,1,0.45271816849708557,data\cache\clean\test\imagen3_8c20e4bf83ffff36\jpeg_q50.jpg
imagen3_8e6f8acd28fd8f35,jpeg_q50,imagen3,imagen3,1,0.3908931612968445,data\cache\clean\test\imagen3_8e6f8acd28fd8f35\jpeg_q50.jpg
imagen3_9e82651e214a25c8,jpeg_q50,imagen3,imagen3,1,0.27350106835365295,data\cache\clean\test\imagen3_9e82651e214a25c8\jpeg_q50.jpg
imagen3_aa13646e437b7afa,jpeg_q50,imagen3,imagen3,1,0.34858137369155884,data\cache\clean\test\imagen3_aa13646e437b7afa\jpeg_q50.jpg
imagen3_ad860df8c2a1a848,jpeg_q50,imagen3,imagen3,1,0.13475573062896729,data\cache\clean\test\imagen3_ad860df8c2a1a848\jpeg_q50.jpg
imagen3_b69c9976ced306d1,jpeg_q50,imagen3,imagen3,1,0.1692415326833725,data\cache\clean\test\imagen3_b69c9976ced306d1\jpeg_q50.jpg
imagen3_ca44bb7db1e73a9a,jpeg_q50,imagen3,imagen3,1,0.059278152883052826,data\cache\clean\test\imagen3_ca44bb7db1e73a9a\jpeg_q50.jpg
imagen3_e63f3b6f8bdee43a,jpeg_q50,imagen3,imagen3,1,0.14384140074253082,data\cache\clean\test\imagen3_e63f3b6f8bdee43a\jpeg_q50.jpg
imagen3_ea646e585cc24088,jpeg_q50,imagen3,imagen3,1,0.4040180444717407,data\cache\clean\test\imagen3_ea646e585cc24088\jpeg_q50.jpg
imagen3_f2da05bffbe27dab,jpeg_q50,imagen3,imagen3,1,0.05915623530745506,data\cache\clean\test\imagen3_f2da05bffbe27dab\jpeg_q50.jpg
imagen3_fe7048efd51b15b8,jpeg_q50,imagen3,imagen3,1,0.26696959137916565,data\cache\clean\test\imagen3_fe7048efd51b15b8\jpeg_q50.jpg
imagen3_Imagen3_1208,jpeg_q50,imagen3,imagen3,1,0.0625208169221878,data\cache\clean\test\imagen3_Imagen3_1208\jpeg_q50.jpg
imagen3_Imagen3_2787,jpeg_q50,imagen3,imagen3,1,0.30138009786605835,data\cache\clean\test\imagen3_Imagen3_2787\jpeg_q50.jpg
imagen3_Imagen3_2877,jpeg_q50,imagen3,imagen3,1,0.46191132068634033,data\cache\clean\test\imagen3_Imagen3_2877\jpeg_q50.jpg
imagen3_Imagen3_3097,jpeg_q50,imagen3,imagen3,1,0.1154366284608841,data\cache\clean\test\imagen3_Imagen3_3097\jpeg_q50.jpg
imagen3_Imagen3_3235,jpeg_q50,imagen3,imagen3,1,0.34417998790740967,data\cache\clean\test\imagen3_Imagen3_3235\jpeg_q50.jpg
imagen3_Imagen3_3449,jpeg_q50,imagen3,imagen3,1,0.4616733193397522,data\cache\clean\test\imagen3_Imagen3_3449\jpeg_q50.jpg
imagen3_Imagen3_3546,jpeg_q50,imagen3,imagen3,1,0.13490508496761322,data\cache\clean\test\imagen3_Imagen3_3546\jpeg_q50.jpg
sidset_full_synthetic_001692,jpeg_q50,sidset,full_synthetic,1,0.02383086271584034,data\cache\clean\test\sidset_full_synthetic_001692\jpeg_q50.jpg
sidset_full_synthetic_005710,jpeg_q50,sidset,full_synthetic,1,0.45788365602493286,data\cache\clean\test\sidset_full_synthetic_005710\jpeg_q50.jpg
sidset_full_synthetic_033528,jpeg_q50,sidset,full_synthetic,1,0.25685879588127136,data\cache\clean\test\sidset_full_synthetic_033528\jpeg_q50.jpg
sidset_full_synthetic_037894,jpeg_q50,sidset,full_synthetic,1,0.3399045467376709,data\cache\clean\test\sidset_full_synthetic_037894\jpeg_q50.jpg
sidset_full_synthetic_040891,jpeg_q50,sidset,full_synthetic,1,0.26269131898880005,data\cache\clean\test\sidset_full_synthetic_040891\jpeg_q50.jpg
sidset_full_synthetic_046026,jpeg_q50,sidset,full_synthetic,1,0.36136510968208313,data\cache\clean\test\sidset_full_synthetic_046026\jpeg_q50.jpg
sidset_full_synthetic_060524,jpeg_q50,sidset,full_synthetic,1,0.16995136439800262,data\cache\clean\test\sidset_full_synthetic_060524\jpeg_q50.jpg
sidset_full_synthetic_063062,jpeg_q50,sidset,full_synthetic,1,0.22039180994033813,data\cache\clean\test\sidset_full_synthetic_063062\jpeg_q50.jpg
sidset_full_synthetic_066065,jpeg_q50,sidset,full_synthetic,1,0.22450371086597443,data\cache\clean\test\sidset_full_synthetic_066065\jpeg_q50.jpg
stylegan_xl_0097a2e24789bc7a,jpeg_q50,stylegan_xl,stylegan_xl,1,0.040866877883672714,data\cache\clean\test\stylegan_xl_0097a2e24789bc7a\jpeg_q50.jpg
stylegan_xl_00a4591cf03df584,jpeg_q50,stylegan_xl,stylegan_xl,1,0.015216712839901447,data\cache\clean\test\stylegan_xl_00a4591cf03df584\jpeg_q50.jpg
stylegan_xl_0f7efa4c31bcd8f4,jpeg_q50,stylegan_xl,stylegan_xl,1,0.2435559332370758,data\cache\clean\test\stylegan_xl_0f7efa4c31bcd8f4\jpeg_q50.jpg
stylegan_xl_1060d58257bc5130,jpeg_q50,stylegan_xl,stylegan_xl,1,0.02175542525947094,data\cache\clean\test\stylegan_xl_1060d58257bc5130\jpeg_q50.jpg
stylegan_xl_17f8bf0ef8d2f478,jpeg_q50,stylegan_xl,stylegan_xl,1,0.4505740702152252,data\cache\clean\test\stylegan_xl_17f8bf0ef8d2f478\jpeg_q50.jpg
stylegan_xl_2013fe0d44f84041,jpeg_q50,stylegan_xl,stylegan_xl,1,0.0056846728548407555,data\cache\clean\test\stylegan_xl_2013fe0d44f84041\jpeg_q50.jpg
stylegan_xl_324e332686aa6966,jpeg_q50,stylegan_xl,stylegan_xl,1,0.4061230421066284,data\cache\clean\test\stylegan_xl_324e332686aa6966\jpeg_q50.jpg
stylegan_xl_3621cf0be1fc8d68,jpeg_q50,stylegan_xl,stylegan_xl,1,0.2330140918493271,data\cache\clean\test\stylegan_xl_3621cf0be1fc8d68\jpeg_q50.jpg
stylegan_xl_38c489e3b0d8c700,jpeg_q50,stylegan_xl,stylegan_xl,1,0.23502543568611145,data\cache\clean\test\stylegan_xl_38c489e3b0d8c700\jpeg_q50.jpg
stylegan_xl_3b5e18f8fc06450d,jpeg_q50,stylegan_xl,stylegan_xl,1,0.018366849049925804,data\cache\clean\test\stylegan_xl_3b5e18f8fc06450d\jpeg_q50.jpg
stylegan_xl_45602,jpeg_q50,stylegan_xl,stylegan_xl,1,0.20287244021892548,data\cache\clean\test\stylegan_xl_45602\jpeg_q50.jpg
stylegan_xl_47343,jpeg_q50,stylegan_xl,stylegan_xl,1,0.018502695485949516,data\cache\clean\test\stylegan_xl_47343\jpeg_q50.jpg
stylegan_xl_48611,jpeg_q50,stylegan_xl,stylegan_xl,1,0.12270893901586533,data\cache\clean\test\stylegan_xl_48611\jpeg_q50.jpg
stylegan_xl_4f991f9638e28675,jpeg_q50,stylegan_xl,stylegan_xl,1,0.11321897804737091,data\cache\clean\test\stylegan_xl_4f991f9638e28675\jpeg_q50.jpg
stylegan_xl_60ed9d3511d333bf,jpeg_q50,stylegan_xl,stylegan_xl,1,0.2596077620983124,data\cache\clean\test\stylegan_xl_60ed9d3511d333bf\jpeg_q50.jpg
stylegan_xl_65bb283a1280639e,jpeg_q50,stylegan_xl,stylegan_xl,1,0.28573814034461975,data\cache\clean\test\stylegan_xl_65bb283a1280639e\jpeg_q50.jpg
stylegan_xl_729fee52c5b7f95b,jpeg_q50,stylegan_xl,stylegan_xl,1,0.1667092889547348,data\cache\clean\test\stylegan_xl_729fee52c5b7f95b\jpeg_q50.jpg
stylegan_xl_7d433e90bcd7bd53,jpeg_q50,stylegan_xl,stylegan_xl,1,0.006264441646635532,data\cache\clean\test\stylegan_xl_7d433e90bcd7bd53\jpeg_q50.jpg
stylegan_xl_7ffebe6032f8209f,jpeg_q50,stylegan_xl,stylegan_xl,1,0.2333831936120987,data\cache\clean\test\stylegan_xl_7ffebe6032f8209f\jpeg_q50.jpg
stylegan_xl_80fc8be6e7c11eb3,jpeg_q50,stylegan_xl,stylegan_xl,1,0.03412959724664688,data\cache\clean\test\stylegan_xl_80fc8be6e7c11eb3\jpeg_q50.jpg
stylegan_xl_8461b1ae87c22c20,jpeg_q50,stylegan_xl,stylegan_xl,1,0.1737436056137085,data\cache\clean\test\stylegan_xl_8461b1ae87c22c20\jpeg_q50.jpg
stylegan_xl_8f9dfd75dde8914f,jpeg_q50,stylegan_xl,stylegan_xl,1,0.38374438881874084,data\cache\clean\test\stylegan_xl_8f9dfd75dde8914f\jpeg_q50.jpg
stylegan_xl_a10d4a733f4df420,jpeg_q50,stylegan_xl,stylegan_xl,1,0.26625415682792664,data\cache\clean\test\stylegan_xl_a10d4a733f4df420\jpeg_q50.jpg
stylegan_xl_a1ed16fffc5ecb68,jpeg_q50,stylegan_xl,stylegan_xl,1,0.05543145537376404,data\cache\clean\test\stylegan_xl_a1ed16fffc5ecb68\jpeg_q50.jpg
stylegan_xl_a72f3ace10a8f550,jpeg_q50,stylegan_xl,stylegan_xl,1,0.016616247594356537,data\cache\clean\test\stylegan_xl_a72f3ace10a8f550\jpeg_q50.jpg
stylegan_xl_b6abe358484b287a,jpeg_q50,stylegan_xl,stylegan_xl,1,0.24587397277355194,data\cache\clean\test\stylegan_xl_b6abe358484b287a\jpeg_q50.jpg
stylegan_xl_bd69757ff485d03e,jpeg_q50,stylegan_xl,stylegan_xl,1,0.4311073422431946,data\cache\clean\test\stylegan_xl_bd69757ff485d03e\jpeg_q50.jpg
stylegan_xl_cccbc1d57a7e095e,jpeg_q50,stylegan_xl,stylegan_xl,1,0.38426780700683594,data\cache\clean\test\stylegan_xl_cccbc1d57a7e095e\jpeg_q50.jpg
stylegan_xl_cf9c332a1ebfb587,jpeg_q50,stylegan_xl,stylegan_xl,1,0.07983634620904922,data\cache\clean\test\stylegan_xl_cf9c332a1ebfb587\jpeg_q50.jpg
stylegan_xl_d7c4ece8c8a01de0,jpeg_q50,stylegan_xl,stylegan_xl,1,0.19632002711296082,data\cache\clean\test\stylegan_xl_d7c4ece8c8a01de0\jpeg_q50.jpg
stylegan_xl_e4b8e7ef72cabaf2,jpeg_q50,stylegan_xl,stylegan_xl,1,0.41188034415245056,data\cache\clean\test\stylegan_xl_e4b8e7ef72cabaf2\jpeg_q50.jpg
stylegan_xl_f4a503e24265a7e1,jpeg_q50,stylegan_xl,stylegan_xl,1,0.36382409930229187,data\cache\clean\test\stylegan_xl_f4a503e24265a7e1\jpeg_q50.jpg
stylegan_xl_fef6a66b8deaa7ab,jpeg_q50,stylegan_xl,stylegan_xl,1,0.04092682898044586,data\cache\clean\test\stylegan_xl_fef6a66b8deaa7ab\jpeg_q50.jpg
cifake_1028 (10),jpeg_q70,cifake,stable_diffusion,1,0.3156578838825226,data\cache\clean\test\cifake_1028 (10)\jpeg_q70.jpg
cifake_1088 (3),jpeg_q70,cifake,stable_diffusion,1,0.2010054737329483,data\cache\clean\test\cifake_1088 (3)\jpeg_q70.jpg
cifake_1167 (3),jpeg_q70,cifake,stable_diffusion,1,0.46946603059768677,data\cache\clean\test\cifake_1167 (3)\jpeg_q70.jpg
cifake_1297 (6),jpeg_q70,cifake,stable_diffusion,1,0.4372183680534363,data\cache\clean\test\cifake_1297 (6)\jpeg_q70.jpg
cifake_1612 (9),jpeg_q70,cifake,stable_diffusion,1,0.47655370831489563,data\cache\clean\test\cifake_1612 (9)\jpeg_q70.jpg
cifake_1867 (9),jpeg_q70,cifake,stable_diffusion,1,0.28537243604660034,data\cache\clean\test\cifake_1867 (9)\jpeg_q70.jpg
cifake_2286 (2),jpeg_q70,cifake,stable_diffusion,1,0.49576035141944885,data\cache\clean\test\cifake_2286 (2)\jpeg_q70.jpg
cifake_2293 (9),jpeg_q70,cifake,stable_diffusion,1,0.3692936301231384,data\cache\clean\test\cifake_2293 (9)\jpeg_q70.jpg
cifake_2790 (9),jpeg_q70,cifake,stable_diffusion,1,0.21687112748622894,data\cache\clean\test\cifake_2790 (9)\jpeg_q70.jpg
cifake_3339 (9),jpeg_q70,cifake,stable_diffusion,1,0.39913642406463623,data\cache\clean\test\cifake_3339 (9)\jpeg_q70.jpg
cifake_3395 (5),jpeg_q70,cifake,stable_diffusion,1,0.1815343201160431,data\cache\clean\test\cifake_3395 (5)\jpeg_q70.jpg
cifake_4127 (3),jpeg_q70,cifake,stable_diffusion,1,0.0186231080442667,data\cache\clean\test\cifake_4127 (3)\jpeg_q70.jpg
cifake_4221 (2),jpeg_q70,cifake,stable_diffusion,1,0.2651704251766205,data\cache\clean\test\cifake_4221 (2)\jpeg_q70.jpg
cifake_4615 (3),jpeg_q70,cifake,stable_diffusion,1,0.22715124487876892,data\cache\clean\test\cifake_4615 (3)\jpeg_q70.jpg
cifake_4670 (4),jpeg_q70,cifake,stable_diffusion,1,0.2366919219493866,data\cache\clean\test\cifake_4670 (4)\jpeg_q70.jpg
cifake_5110 (9),jpeg_q70,cifake,stable_diffusion,1,0.408873975276947,data\cache\clean\test\cifake_5110 (9)\jpeg_q70.jpg
cifake_5221 (3),jpeg_q70,cifake,stable_diffusion,1,0.4310590326786041,data\cache\clean\test\cifake_5221 (3)\jpeg_q70.jpg
cifake_5607 (3),jpeg_q70,cifake,stable_diffusion,1,0.08763081580400467,data\cache\clean\test\cifake_5607 (3)\jpeg_q70.jpg
cifake_5943 (10),jpeg_q70,cifake,stable_diffusion,1,0.026057077571749687,data\cache\clean\test\cifake_5943 (10)\jpeg_q70.jpg
cifake_771 (8),jpeg_q70,cifake,stable_diffusion,1,0.23857901990413666,data\cache\clean\test\cifake_771 (8)\jpeg_q70.jpg
cifake_791 (6),jpeg_q70,cifake,stable_diffusion,1,0.21892525255680084,data\cache\clean\test\cifake_791 (6)\jpeg_q70.jpg
cifake_841 (4),jpeg_q70,cifake,stable_diffusion,1,0.3640833795070648,data\cache\clean\test\cifake_841 (4)\jpeg_q70.jpg
dalle_12052,jpeg_q70,dalle,dalle,1,0.11586308479309082,data\cache\clean\test\dalle_12052\jpeg_q70.jpg
dalle_13108,jpeg_q70,dalle,dalle,1,0.2767634987831116,data\cache\clean\test\dalle_13108\jpeg_q70.jpg
dalle_1895b86b74caac5dad51022c3d3b33df,jpeg_q70,dalle,dalle,1,0.02134714461863041,data\cache\clean\test\dalle_1895b86b74caac5dad51022c3d3b33df\jpeg_q70.jpg
dalle_20855,jpeg_q70,dalle,dalle,1,0.33824023604393005,data\cache\clean\test\dalle_20855\jpeg_q70.jpg
dalle_26203,jpeg_q70,dalle,dalle,1,0.2644655704498291,data\cache\clean\test\dalle_26203\jpeg_q70.jpg
dalle_29659,jpeg_q70,dalle,dalle,1,0.12806792557239532,data\cache\clean\test\dalle_29659\jpeg_q70.jpg
dalle_3469,jpeg_q70,dalle,dalle,1,0.3584105670452118,data\cache\clean\test\dalle_3469\jpeg_q70.jpg
dalle_35493,jpeg_q70,dalle,dalle,1,0.34112855792045593,data\cache\clean\test\dalle_35493\jpeg_q70.jpg
dalle_3c589aa7fd4a6705f1fd7918daf4ffb9,jpeg_q70,dalle,dalle,1,0.1206735149025917,data\cache\clean\test\dalle_3c589aa7fd4a6705f1fd7918daf4ffb9\jpeg_q70.jpg
dalle_40387,jpeg_q70,dalle,dalle,1,0.04150313884019852,data\cache\clean\test\dalle_40387\jpeg_q70.jpg
dalle_6f0f61883f111368d770c54801f33449,jpeg_q70,dalle,dalle,1,0.005941519979387522,data\cache\clean\test\dalle_6f0f61883f111368d770c54801f33449\jpeg_q70.jpg
dalle_7803,jpeg_q70,dalle,dalle,1,0.31685614585876465,data\cache\clean\test\dalle_7803\jpeg_q70.jpg
dalle_8017,jpeg_q70,dalle,dalle,1,0.020331602543592453,data\cache\clean\test\dalle_8017\jpeg_q70.jpg
dalle_9068,jpeg_q70,dalle,dalle,1,0.15695588290691376,data\cache\clean\test\dalle_9068\jpeg_q70.jpg
gigagan_03236,jpeg_q70,gigagan,gigagan,1,0.46658506989479065,data\cache\clean\test\gigagan_03236\jpeg_q70.jpg
gigagan_03422,jpeg_q70,gigagan,gigagan,1,0.4323783218860626,data\cache\clean\test\gigagan_03422\jpeg_q70.jpg
gigagan_05738,jpeg_q70,gigagan,gigagan,1,0.44877392053604126,data\cache\clean\test\gigagan_05738\jpeg_q70.jpg
gigagan_06628,jpeg_q70,gigagan,gigagan,1,0.36193788051605225,data\cache\clean\test\gigagan_06628\jpeg_q70.jpg
gigagan_07177,jpeg_q70,gigagan,gigagan,1,0.28647351264953613,data\cache\clean\test\gigagan_07177\jpeg_q70.jpg
gigagan_07350,jpeg_q70,gigagan,gigagan,1,0.3881511688232422,data\cache\clean\test\gigagan_07350\jpeg_q70.jpg
gigagan_07676,jpeg_q70,gigagan,gigagan,1,0.48839765787124634,data\cache\clean\test\gigagan_07676\jpeg_q70.jpg
gigagan_07909,jpeg_q70,gigagan,gigagan,1,0.046381086111068726,data\cache\clean\test\gigagan_07909\jpeg_q70.jpg
gigagan_08193,jpeg_q70,gigagan,gigagan,1,0.2566124200820923,data\cache\clean\test\gigagan_08193\jpeg_q70.jpg
gigagan_09026,jpeg_q70,gigagan,gigagan,1,0.048339784145355225,data\cache\clean\test\gigagan_09026\jpeg_q70.jpg
gigagan_09302,jpeg_q70,gigagan,gigagan,1,0.07368199527263641,data\cache\clean\test\gigagan_09302\jpeg_q70.jpg
gigagan_09458,jpeg_q70,gigagan,gigagan,1,0.1625252664089203,data\cache\clean\test\gigagan_09458\jpeg_q70.jpg
gigagan_10769,jpeg_q70,gigagan,gigagan,1,0.20028305053710938,data\cache\clean\test\gigagan_10769\jpeg_q70.jpg
gigagan_10914,jpeg_q70,gigagan,gigagan,1,0.01587858237326145,data\cache\clean\test\gigagan_10914\jpeg_q70.jpg
gigagan_12929,jpeg_q70,gigagan,gigagan,1,0.3236513137817383,data\cache\clean\test\gigagan_12929\jpeg_q70.jpg
gigagan_14071,jpeg_q70,gigagan,gigagan,1,0.010257771238684654,data\cache\clean\test\gigagan_14071\jpeg_q70.jpg
gigagan_14858,jpeg_q70,gigagan,gigagan,1,0.20808790624141693,data\cache\clean\test\gigagan_14858\jpeg_q70.jpg
gigagan_14909,jpeg_q70,gigagan,gigagan,1,0.18680527806282043,data\cache\clean\test\gigagan_14909\jpeg_q70.jpg
gigagan_15561,jpeg_q70,gigagan,gigagan,1,0.1662444919347763,data\cache\clean\test\gigagan_15561\jpeg_q70.jpg
gigagan_15694,jpeg_q70,gigagan,gigagan,1,0.2811925709247589,data\cache\clean\test\gigagan_15694\jpeg_q70.jpg
gigagan_15949,jpeg_q70,gigagan,gigagan,1,0.4522465467453003,data\cache\clean\test\gigagan_15949\jpeg_q70.jpg
gigagan_16357,jpeg_q70,gigagan,gigagan,1,0.3011312484741211,data\cache\clean\test\gigagan_16357\jpeg_q70.jpg
gigagan_16966,jpeg_q70,gigagan,gigagan,1,0.17000216245651245,data\cache\clean\test\gigagan_16966\jpeg_q70.jpg
gigagan_17003,jpeg_q70,gigagan,gigagan,1,0.14323556423187256,data\cache\clean\test\gigagan_17003\jpeg_q70.jpg
gigagan_17666,jpeg_q70,gigagan,gigagan,1,0.1241970881819725,data\cache\clean\test\gigagan_17666\jpeg_q70.jpg
gigagan_18037,jpeg_q70,gigagan,gigagan,1,0.24277018010616302,data\cache\clean\test\gigagan_18037\jpeg_q70.jpg
gigagan_18085,jpeg_q70,gigagan,gigagan,1,0.17881371080875397,data\cache\clean\test\gigagan_18085\jpeg_q70.jpg
gigagan_19055,jpeg_q70,gigagan,gigagan,1,0.22655972838401794,data\cache\clean\test\gigagan_19055\jpeg_q70.jpg
gigagan_19199,jpeg_q70,gigagan,gigagan,1,0.02822808176279068,data\cache\clean\test\gigagan_19199\jpeg_q70.jpg
gigagan_19248,jpeg_q70,gigagan,gigagan,1,0.44024085998535156,data\cache\clean\test\gigagan_19248\jpeg_q70.jpg
gigagan_19316,jpeg_q70,gigagan,gigagan,1,0.3614596426486969,data\cache\clean\test\gigagan_19316\jpeg_q70.jpg
gigagan_19940,jpeg_q70,gigagan,gigagan,1,0.3094668388366699,data\cache\clean\test\gigagan_19940\jpeg_q70.jpg
gigagan_20207,jpeg_q70,gigagan,gigagan,1,0.48868462443351746,data\cache\clean\test\gigagan_20207\jpeg_q70.jpg
gigagan_20316,jpeg_q70,gigagan,gigagan,1,0.19335132837295532,data\cache\clean\test\gigagan_20316\jpeg_q70.jpg
gigagan_20327,jpeg_q70,gigagan,gigagan,1,0.05968255177140236,data\cache\clean\test\gigagan_20327\jpeg_q70.jpg
gigagan_20516,jpeg_q70,gigagan,gigagan,1,0.13412684202194214,data\cache\clean\test\gigagan_20516\jpeg_q70.jpg
gigagan_20968,jpeg_q70,gigagan,gigagan,1,0.010970726609230042,data\cache\clean\test\gigagan_20968\jpeg_q70.jpg
gigagan_21116,jpeg_q70,gigagan,gigagan,1,0.3216317296028137,data\cache\clean\test\gigagan_21116\jpeg_q70.jpg
gigagan_21244,jpeg_q70,gigagan,gigagan,1,0.30606698989868164,data\cache\clean\test\gigagan_21244\jpeg_q70.jpg
gigagan_21611,jpeg_q70,gigagan,gigagan,1,0.1180189847946167,data\cache\clean\test\gigagan_21611\jpeg_q70.jpg
gigagan_22418,jpeg_q70,gigagan,gigagan,1,0.041837260127067566,data\cache\clean\test\gigagan_22418\jpeg_q70.jpg
gigagan_23134,jpeg_q70,gigagan,gigagan,1,0.03438069671392441,data\cache\clean\test\gigagan_23134\jpeg_q70.jpg
gigagan_23521,jpeg_q70,gigagan,gigagan,1,0.3380296230316162,data\cache\clean\test\gigagan_23521\jpeg_q70.jpg
gigagan_23834,jpeg_q70,gigagan,gigagan,1,0.10482054948806763,data\cache\clean\test\gigagan_23834\jpeg_q70.jpg
gigagan_24147,jpeg_q70,gigagan,gigagan,1,0.13444480299949646,data\cache\clean\test\gigagan_24147\jpeg_q70.jpg
gigagan_24377,jpeg_q70,gigagan,gigagan,1,0.4781854748725891,data\cache\clean\test\gigagan_24377\jpeg_q70.jpg
gigagan_24445,jpeg_q70,gigagan,gigagan,1,0.04859163239598274,data\cache\clean\test\gigagan_24445\jpeg_q70.jpg
gigagan_24679,jpeg_q70,gigagan,gigagan,1,0.23589445650577545,data\cache\clean\test\gigagan_24679\jpeg_q70.jpg
gigagan_24726,jpeg_q70,gigagan,gigagan,1,0.4279412031173706,data\cache\clean\test\gigagan_24726\jpeg_q70.jpg
gigagan_24933,jpeg_q70,gigagan,gigagan,1,0.18394827842712402,data\cache\clean\test\gigagan_24933\jpeg_q70.jpg
gigagan_25090,jpeg_q70,gigagan,gigagan,1,0.28501027822494507,data\cache\clean\test\gigagan_25090\jpeg_q70.jpg
gigagan_26067,jpeg_q70,gigagan,gigagan,1,0.3269973695278168,data\cache\clean\test\gigagan_26067\jpeg_q70.jpg
gigagan_26651,jpeg_q70,gigagan,gigagan,1,0.1874150037765503,data\cache\clean\test\gigagan_26651\jpeg_q70.jpg
gigagan_26681,jpeg_q70,gigagan,gigagan,1,0.3822743892669678,data\cache\clean\test\gigagan_26681\jpeg_q70.jpg
gigagan_27542,jpeg_q70,gigagan,gigagan,1,0.49666422605514526,data\cache\clean\test\gigagan_27542\jpeg_q70.jpg
gigagan_27589,jpeg_q70,gigagan,gigagan,1,0.3922952711582184,data\cache\clean\test\gigagan_27589\jpeg_q70.jpg
gigagan_28336,jpeg_q70,gigagan,gigagan,1,0.18717965483665466,data\cache\clean\test\gigagan_28336\jpeg_q70.jpg
gigagan_28900,jpeg_q70,gigagan,gigagan,1,0.26448506116867065,data\cache\clean\test\gigagan_28900\jpeg_q70.jpg
gigagan_29456,jpeg_q70,gigagan,gigagan,1,0.1601574718952179,data\cache\clean\test\gigagan_29456\jpeg_q70.jpg
imagen3_045e6da6fd7f6fb0,jpeg_q70,imagen3,imagen3,1,0.03245263919234276,data\cache\clean\test\imagen3_045e6da6fd7f6fb0\jpeg_q70.jpg
imagen3_04e3097ac2f57647,jpeg_q70,imagen3,imagen3,1,0.3282957077026367,data\cache\clean\test\imagen3_04e3097ac2f57647\jpeg_q70.jpg
imagen3_13ed1f9391224848,jpeg_q70,imagen3,imagen3,1,0.20649881660938263,data\cache\clean\test\imagen3_13ed1f9391224848\jpeg_q70.jpg
imagen3_15ae6310fb427bba,jpeg_q70,imagen3,imagen3,1,0.40338486433029175,data\cache\clean\test\imagen3_15ae6310fb427bba\jpeg_q70.jpg
imagen3_17643da56f35c6f7,jpeg_q70,imagen3,imagen3,1,0.02696935087442398,data\cache\clean\test\imagen3_17643da56f35c6f7\jpeg_q70.jpg
imagen3_24e64d19ddde11cb,jpeg_q70,imagen3,imagen3,1,0.04096037894487381,data\cache\clean\test\imagen3_24e64d19ddde11cb\jpeg_q70.jpg
imagen3_260ae6b06f1f50e2,jpeg_q70,imagen3,imagen3,1,0.02348467707633972,data\cache\clean\test\imagen3_260ae6b06f1f50e2\jpeg_q70.jpg
imagen3_2be4510162a8a76e,jpeg_q70,imagen3,imagen3,1,0.02813532203435898,data\cache\clean\test\imagen3_2be4510162a8a76e\jpeg_q70.jpg
imagen3_3403b18fc93acbfc,jpeg_q70,imagen3,imagen3,1,0.05703569948673248,data\cache\clean\test\imagen3_3403b18fc93acbfc\jpeg_q70.jpg
imagen3_43058,jpeg_q70,imagen3,imagen3,1,0.46351197361946106,data\cache\clean\test\imagen3_43058\jpeg_q70.jpg
imagen3_46922,jpeg_q70,imagen3,imagen3,1,0.39862480759620667,data\cache\clean\test\imagen3_46922\jpeg_q70.jpg
imagen3_473ffc5e3d5dc373,jpeg_q70,imagen3,imagen3,1,0.19006159901618958,data\cache\clean\test\imagen3_473ffc5e3d5dc373\jpeg_q70.jpg
imagen3_51659,jpeg_q70,imagen3,imagen3,1,0.4230138659477234,data\cache\clean\test\imagen3_51659\jpeg_q70.jpg
imagen3_519f5c348fe55fcd,jpeg_q70,imagen3,imagen3,1,0.4051118493080139,data\cache\clean\test\imagen3_519f5c348fe55fcd\jpeg_q70.jpg
imagen3_52520,jpeg_q70,imagen3,imagen3,1,0.353081613779068,data\cache\clean\test\imagen3_52520\jpeg_q70.jpg
imagen3_560ead164dab63a5,jpeg_q70,imagen3,imagen3,1,0.13842029869556427,data\cache\clean\test\imagen3_560ead164dab63a5\jpeg_q70.jpg
imagen3_5e95809bd47d157b,jpeg_q70,imagen3,imagen3,1,0.08804833889007568,data\cache\clean\test\imagen3_5e95809bd47d157b\jpeg_q70.jpg
imagen3_69467160e53f71bc,jpeg_q70,imagen3,imagen3,1,0.2453259825706482,data\cache\clean\test\imagen3_69467160e53f71bc\jpeg_q70.jpg
imagen3_6a8270ea182a9194,jpeg_q70,imagen3,imagen3,1,0.08057990670204163,data\cache\clean\test\imagen3_6a8270ea182a9194\jpeg_q70.jpg
imagen3_6c7624322b04ce43,jpeg_q70,imagen3,imagen3,1,0.05984799936413765,data\cache\clean\test\imagen3_6c7624322b04ce43\jpeg_q70.jpg
imagen3_77fb2d4f372634f8,jpeg_q70,imagen3,imagen3,1,0.04640984907746315,data\cache\clean\test\imagen3_77fb2d4f372634f8\jpeg_q70.jpg
imagen3_8b13dc3bff918841,jpeg_q70,imagen3,imagen3,1,0.23205293715000153,data\cache\clean\test\imagen3_8b13dc3bff918841\jpeg_q70.jpg
imagen3_8c20e4bf83ffff36,jpeg_q70,imagen3,imagen3,1,0.447446346282959,data\cache\clean\test\imagen3_8c20e4bf83ffff36\jpeg_q70.jpg
imagen3_8e6f8acd28fd8f35,jpeg_q70,imagen3,imagen3,1,0.24095454812049866,data\cache\clean\test\imagen3_8e6f8acd28fd8f35\jpeg_q70.jpg
imagen3_9e82651e214a25c8,jpeg_q70,imagen3,imagen3,1,0.3387482762336731,data\cache\clean\test\imagen3_9e82651e214a25c8\jpeg_q70.jpg
imagen3_aa13646e437b7afa,jpeg_q70,imagen3,imagen3,1,0.12385482341051102,data\cache\clean\test\imagen3_aa13646e437b7afa\jpeg_q70.jpg
imagen3_ad860df8c2a1a848,jpeg_q70,imagen3,imagen3,1,0.14413513243198395,data\cache\clean\test\imagen3_ad860df8c2a1a848\jpeg_q70.jpg
imagen3_b69c9976ced306d1,jpeg_q70,imagen3,imagen3,1,0.22410506010055542,data\cache\clean\test\imagen3_b69c9976ced306d1\jpeg_q70.jpg
imagen3_ca44bb7db1e73a9a,jpeg_q70,imagen3,imagen3,1,0.13240836560726166,data\cache\clean\test\imagen3_ca44bb7db1e73a9a\jpeg_q70.jpg
imagen3_e63f3b6f8bdee43a,jpeg_q70,imagen3,imagen3,1,0.24409988522529602,data\cache\clean\test\imagen3_e63f3b6f8bdee43a\jpeg_q70.jpg
imagen3_ea646e585cc24088,jpeg_q70,imagen3,imagen3,1,0.2936839163303375,data\cache\clean\test\imagen3_ea646e585cc24088\jpeg_q70.jpg
imagen3_f2da05bffbe27dab,jpeg_q70,imagen3,imagen3,1,0.09198416024446487,data\cache\clean\test\imagen3_f2da05bffbe27dab\jpeg_q70.jpg
imagen3_Imagen3_1208,jpeg_q70,imagen3,imagen3,1,0.013791264966130257,data\cache\clean\test\imagen3_Imagen3_1208\jpeg_q70.jpg
imagen3_Imagen3_2787,jpeg_q70,imagen3,imagen3,1,0.4878498315811157,data\cache\clean\test\imagen3_Imagen3_2787\jpeg_q70.jpg
imagen3_Imagen3_3097,jpeg_q70,imagen3,imagen3,1,0.2744885981082916,data\cache\clean\test\imagen3_Imagen3_3097\jpeg_q70.jpg
imagen3_Imagen3_3546,jpeg_q70,imagen3,imagen3,1,0.13063645362854004,data\cache\clean\test\imagen3_Imagen3_3546\jpeg_q70.jpg
sidset_full_synthetic_001692,jpeg_q70,sidset,full_synthetic,1,0.028985749930143356,data\cache\clean\test\sidset_full_synthetic_001692\jpeg_q70.jpg
sidset_full_synthetic_031321,jpeg_q70,sidset,full_synthetic,1,0.392855703830719,data\cache\clean\test\sidset_full_synthetic_031321\jpeg_q70.jpg
sidset_full_synthetic_033528,jpeg_q70,sidset,full_synthetic,1,0.24462684988975525,data\cache\clean\test\sidset_full_synthetic_033528\jpeg_q70.jpg
sidset_full_synthetic_046026,jpeg_q70,sidset,full_synthetic,1,0.24132172763347626,data\cache\clean\test\sidset_full_synthetic_046026\jpeg_q70.jpg
sidset_full_synthetic_060524,jpeg_q70,sidset,full_synthetic,1,0.36195454001426697,data\cache\clean\test\sidset_full_synthetic_060524\jpeg_q70.jpg
sidset_full_synthetic_063062,jpeg_q70,sidset,full_synthetic,1,0.27457448840141296,data\cache\clean\test\sidset_full_synthetic_063062\jpeg_q70.jpg
sidset_full_synthetic_066065,jpeg_q70,sidset,full_synthetic,1,0.3552037477493286,data\cache\clean\test\sidset_full_synthetic_066065\jpeg_q70.jpg
stylegan_xl_0097a2e24789bc7a,jpeg_q70,stylegan_xl,stylegan_xl,1,0.04450477659702301,data\cache\clean\test\stylegan_xl_0097a2e24789bc7a\jpeg_q70.jpg
stylegan_xl_00a4591cf03df584,jpeg_q70,stylegan_xl,stylegan_xl,1,0.018948238343000412,data\cache\clean\test\stylegan_xl_00a4591cf03df584\jpeg_q70.jpg
stylegan_xl_0f7efa4c31bcd8f4,jpeg_q70,stylegan_xl,stylegan_xl,1,0.22288385033607483,data\cache\clean\test\stylegan_xl_0f7efa4c31bcd8f4\jpeg_q70.jpg
stylegan_xl_1060d58257bc5130,jpeg_q70,stylegan_xl,stylegan_xl,1,0.022195976227521896,data\cache\clean\test\stylegan_xl_1060d58257bc5130\jpeg_q70.jpg
stylegan_xl_2013fe0d44f84041,jpeg_q70,stylegan_xl,stylegan_xl,1,0.0027846009470522404,data\cache\clean\test\stylegan_xl_2013fe0d44f84041\jpeg_q70.jpg
stylegan_xl_324e332686aa6966,jpeg_q70,stylegan_xl,stylegan_xl,1,0.3410767912864685,data\cache\clean\test\stylegan_xl_324e332686aa6966\jpeg_q70.jpg
stylegan_xl_3621cf0be1fc8d68,jpeg_q70,stylegan_xl,stylegan_xl,1,0.3632432520389557,data\cache\clean\test\stylegan_xl_3621cf0be1fc8d68\jpeg_q70.jpg
stylegan_xl_38c489e3b0d8c700,jpeg_q70,stylegan_xl,stylegan_xl,1,0.2708066701889038,data\cache\clean\test\stylegan_xl_38c489e3b0d8c700\jpeg_q70.jpg
stylegan_xl_3b5e18f8fc06450d,jpeg_q70,stylegan_xl,stylegan_xl,1,0.01854678988456726,data\cache\clean\test\stylegan_xl_3b5e18f8fc06450d\jpeg_q70.jpg
stylegan_xl_45602,jpeg_q70,stylegan_xl,stylegan_xl,1,0.40458497405052185,data\cache\clean\test\stylegan_xl_45602\jpeg_q70.jpg
stylegan_xl_47343,jpeg_q70,stylegan_xl,stylegan_xl,1,0.11807304620742798,data\cache\clean\test\stylegan_xl_47343\jpeg_q70.jpg
stylegan_xl_48611,jpeg_q70,stylegan_xl,stylegan_xl,1,0.13147349655628204,data\cache\clean\test\stylegan_xl_48611\jpeg_q70.jpg
stylegan_xl_4f991f9638e28675,jpeg_q70,stylegan_xl,stylegan_xl,1,0.08173132687807083,data\cache\clean\test\stylegan_xl_4f991f9638e28675\jpeg_q70.jpg
stylegan_xl_60ed9d3511d333bf,jpeg_q70,stylegan_xl,stylegan_xl,1,0.22731049358844757,data\cache\clean\test\stylegan_xl_60ed9d3511d333bf\jpeg_q70.jpg
stylegan_xl_65bb283a1280639e,jpeg_q70,stylegan_xl,stylegan_xl,1,0.22850246727466583,data\cache\clean\test\stylegan_xl_65bb283a1280639e\jpeg_q70.jpg
stylegan_xl_729fee52c5b7f95b,jpeg_q70,stylegan_xl,stylegan_xl,1,0.10689698159694672,data\cache\clean\test\stylegan_xl_729fee52c5b7f95b\jpeg_q70.jpg
stylegan_xl_7d433e90bcd7bd53,jpeg_q70,stylegan_xl,stylegan_xl,1,0.007573476992547512,data\cache\clean\test\stylegan_xl_7d433e90bcd7bd53\jpeg_q70.jpg
stylegan_xl_7ffebe6032f8209f,jpeg_q70,stylegan_xl,stylegan_xl,1,0.18975038826465607,data\cache\clean\test\stylegan_xl_7ffebe6032f8209f\jpeg_q70.jpg
stylegan_xl_80fc8be6e7c11eb3,jpeg_q70,stylegan_xl,stylegan_xl,1,0.03711531311273575,data\cache\clean\test\stylegan_xl_80fc8be6e7c11eb3\jpeg_q70.jpg
stylegan_xl_8461b1ae87c22c20,jpeg_q70,stylegan_xl,stylegan_xl,1,0.35602203011512756,data\cache\clean\test\stylegan_xl_8461b1ae87c22c20\jpeg_q70.jpg
stylegan_xl_8f9dfd75dde8914f,jpeg_q70,stylegan_xl,stylegan_xl,1,0.3367169499397278,data\cache\clean\test\stylegan_xl_8f9dfd75dde8914f\jpeg_q70.jpg
stylegan_xl_a10d4a733f4df420,jpeg_q70,stylegan_xl,stylegan_xl,1,0.31892335414886475,data\cache\clean\test\stylegan_xl_a10d4a733f4df420\jpeg_q70.jpg
stylegan_xl_a1ed16fffc5ecb68,jpeg_q70,stylegan_xl,stylegan_xl,1,0.07321519404649734,data\cache\clean\test\stylegan_xl_a1ed16fffc5ecb68\jpeg_q70.jpg
stylegan_xl_a72f3ace10a8f550,jpeg_q70,stylegan_xl,stylegan_xl,1,0.03033839538693428,data\cache\clean\test\stylegan_xl_a72f3ace10a8f550\jpeg_q70.jpg
stylegan_xl_b6abe358484b287a,jpeg_q70,stylegan_xl,stylegan_xl,1,0.27610260248184204,data\cache\clean\test\stylegan_xl_b6abe358484b287a\jpeg_q70.jpg
stylegan_xl_bd69757ff485d03e,jpeg_q70,stylegan_xl,stylegan_xl,1,0.4530892074108124,data\cache\clean\test\stylegan_xl_bd69757ff485d03e\jpeg_q70.jpg
stylegan_xl_cf9c332a1ebfb587,jpeg_q70,stylegan_xl,stylegan_xl,1,0.10583145171403885,data\cache\clean\test\stylegan_xl_cf9c332a1ebfb587\jpeg_q70.jpg
stylegan_xl_d7c4ece8c8a01de0,jpeg_q70,stylegan_xl,stylegan_xl,1,0.2692125141620636,data\cache\clean\test\stylegan_xl_d7c4ece8c8a01de0\jpeg_q70.jpg
stylegan_xl_f4a503e24265a7e1,jpeg_q70,stylegan_xl,stylegan_xl,1,0.44431665539741516,data\cache\clean\test\stylegan_xl_f4a503e24265a7e1\jpeg_q70.jpg
stylegan_xl_fef6a66b8deaa7ab,jpeg_q70,stylegan_xl,stylegan_xl,1,0.050522174686193466,data\cache\clean\test\stylegan_xl_fef6a66b8deaa7ab\jpeg_q70.jpg
cifake_1028 (10),jpeg_q90,cifake,stable_diffusion,1,0.09609401971101761,data\cache\clean\test\cifake_1028 (10)\jpeg_q90.jpg
cifake_1088 (3),jpeg_q90,cifake,stable_diffusion,1,0.25275442004203796,data\cache\clean\test\cifake_1088 (3)\jpeg_q90.jpg
cifake_1297 (6),jpeg_q90,cifake,stable_diffusion,1,0.27972424030303955,data\cache\clean\test\cifake_1297 (6)\jpeg_q90.jpg
cifake_1867 (9),jpeg_q90,cifake,stable_diffusion,1,0.19208742678165436,data\cache\clean\test\cifake_1867 (9)\jpeg_q90.jpg
cifake_2293 (9),jpeg_q90,cifake,stable_diffusion,1,0.04027668759226799,data\cache\clean\test\cifake_2293 (9)\jpeg_q90.jpg
cifake_2790 (9),jpeg_q90,cifake,stable_diffusion,1,0.06389803439378738,data\cache\clean\test\cifake_2790 (9)\jpeg_q90.jpg
cifake_3339 (9),jpeg_q90,cifake,stable_diffusion,1,0.22385604679584503,data\cache\clean\test\cifake_3339 (9)\jpeg_q90.jpg
cifake_3379 (8),jpeg_q90,cifake,stable_diffusion,1,0.29267752170562744,data\cache\clean\test\cifake_3379 (8)\jpeg_q90.jpg
cifake_3395 (5),jpeg_q90,cifake,stable_diffusion,1,0.10079300403594971,data\cache\clean\test\cifake_3395 (5)\jpeg_q90.jpg
cifake_3971 (2),jpeg_q90,cifake,stable_diffusion,1,0.32490625977516174,data\cache\clean\test\cifake_3971 (2)\jpeg_q90.jpg
cifake_4127 (3),jpeg_q90,cifake,stable_diffusion,1,0.1947827786207199,data\cache\clean\test\cifake_4127 (3)\jpeg_q90.jpg
cifake_4221 (2),jpeg_q90,cifake,stable_diffusion,1,0.053794749081134796,data\cache\clean\test\cifake_4221 (2)\jpeg_q90.jpg
cifake_4615 (3),jpeg_q90,cifake,stable_diffusion,1,0.08507473021745682,data\cache\clean\test\cifake_4615 (3)\jpeg_q90.jpg
cifake_4670 (4),jpeg_q90,cifake,stable_diffusion,1,0.13647761940956116,data\cache\clean\test\cifake_4670 (4)\jpeg_q90.jpg
cifake_5110 (9),jpeg_q90,cifake,stable_diffusion,1,0.3670033812522888,data\cache\clean\test\cifake_5110 (9)\jpeg_q90.jpg
cifake_5607 (3),jpeg_q90,cifake,stable_diffusion,1,0.08619923889636993,data\cache\clean\test\cifake_5607 (3)\jpeg_q90.jpg
cifake_5943 (10),jpeg_q90,cifake,stable_diffusion,1,0.02370636910200119,data\cache\clean\test\cifake_5943 (10)\jpeg_q90.jpg
cifake_771 (8),jpeg_q90,cifake,stable_diffusion,1,0.08273929357528687,data\cache\clean\test\cifake_771 (8)\jpeg_q90.jpg
cifake_791 (6),jpeg_q90,cifake,stable_diffusion,1,0.34306904673576355,data\cache\clean\test\cifake_791 (6)\jpeg_q90.jpg
cifake_841 (4),jpeg_q90,cifake,stable_diffusion,1,0.31847140192985535,data\cache\clean\test\cifake_841 (4)\jpeg_q90.jpg
dalle_10420,jpeg_q90,dalle,dalle,1,0.3378790318965912,data\cache\clean\test\dalle_10420\jpeg_q90.jpg
dalle_12052,jpeg_q90,dalle,dalle,1,0.10283001512289047,data\cache\clean\test\dalle_12052\jpeg_q90.jpg
dalle_13108,jpeg_q90,dalle,dalle,1,0.24882997572422028,data\cache\clean\test\dalle_13108\jpeg_q90.jpg
dalle_1895b86b74caac5dad51022c3d3b33df,jpeg_q90,dalle,dalle,1,0.01607966050505638,data\cache\clean\test\dalle_1895b86b74caac5dad51022c3d3b33df\jpeg_q90.jpg
dalle_20855,jpeg_q90,dalle,dalle,1,0.39339813590049744,data\cache\clean\test\dalle_20855\jpeg_q90.jpg
dalle_29659,jpeg_q90,dalle,dalle,1,0.2864401936531067,data\cache\clean\test\dalle_29659\jpeg_q90.jpg
dalle_3469,jpeg_q90,dalle,dalle,1,0.2097567319869995,data\cache\clean\test\dalle_3469\jpeg_q90.jpg
dalle_35493,jpeg_q90,dalle,dalle,1,0.2574751079082489,data\cache\clean\test\dalle_35493\jpeg_q90.jpg
dalle_3c589aa7fd4a6705f1fd7918daf4ffb9,jpeg_q90,dalle,dalle,1,0.14783532917499542,data\cache\clean\test\dalle_3c589aa7fd4a6705f1fd7918daf4ffb9\jpeg_q90.jpg
dalle_40387,jpeg_q90,dalle,dalle,1,0.03842158615589142,data\cache\clean\test\dalle_40387\jpeg_q90.jpg
dalle_41791,jpeg_q90,dalle,dalle,1,0.4146471917629242,data\cache\clean\test\dalle_41791\jpeg_q90.jpg
dalle_6f0f61883f111368d770c54801f33449,jpeg_q90,dalle,dalle,1,0.006036005448549986,data\cache\clean\test\dalle_6f0f61883f111368d770c54801f33449\jpeg_q90.jpg
dalle_8017,jpeg_q90,dalle,dalle,1,0.006140090525150299,data\cache\clean\test\dalle_8017\jpeg_q90.jpg
dalle_9068,jpeg_q90,dalle,dalle,1,0.21834224462509155,data\cache\clean\test\dalle_9068\jpeg_q90.jpg
gigagan_03422,jpeg_q90,gigagan,gigagan,1,0.12111017107963562,data\cache\clean\test\gigagan_03422\jpeg_q90.jpg
gigagan_05738,jpeg_q90,gigagan,gigagan,1,0.36117875576019287,data\cache\clean\test\gigagan_05738\jpeg_q90.jpg
gigagan_07177,jpeg_q90,gigagan,gigagan,1,0.3102593719959259,data\cache\clean\test\gigagan_07177\jpeg_q90.jpg
gigagan_07676,jpeg_q90,gigagan,gigagan,1,0.427616685628891,data\cache\clean\test\gigagan_07676\jpeg_q90.jpg
gigagan_07909,jpeg_q90,gigagan,gigagan,1,0.1028224527835846,data\cache\clean\test\gigagan_07909\jpeg_q90.jpg
gigagan_07986,jpeg_q90,gigagan,gigagan,1,0.45417270064353943,data\cache\clean\test\gigagan_07986\jpeg_q90.jpg
gigagan_09026,jpeg_q90,gigagan,gigagan,1,0.08430185168981552,data\cache\clean\test\gigagan_09026\jpeg_q90.jpg
gigagan_09302,jpeg_q90,gigagan,gigagan,1,0.0704193040728569,data\cache\clean\test\gigagan_09302\jpeg_q90.jpg
gigagan_09458,jpeg_q90,gigagan,gigagan,1,0.08878998458385468,data\cache\clean\test\gigagan_09458\jpeg_q90.jpg
gigagan_10769,jpeg_q90,gigagan,gigagan,1,0.2080976516008377,data\cache\clean\test\gigagan_10769\jpeg_q90.jpg
gigagan_10914,jpeg_q90,gigagan,gigagan,1,0.01669042371213436,data\cache\clean\test\gigagan_10914\jpeg_q90.jpg
gigagan_11053,jpeg_q90,gigagan,gigagan,1,0.4346216320991516,data\cache\clean\test\gigagan_11053\jpeg_q90.jpg
gigagan_12929,jpeg_q90,gigagan,gigagan,1,0.42018261551856995,data\cache\clean\test\gigagan_12929\jpeg_q90.jpg
gigagan_14071,jpeg_q90,gigagan,gigagan,1,0.005437201354652643,data\cache\clean\test\gigagan_14071\jpeg_q90.jpg
gigagan_14909,jpeg_q90,gigagan,gigagan,1,0.19308359920978546,data\cache\clean\test\gigagan_14909\jpeg_q90.jpg
gigagan_15561,jpeg_q90,gigagan,gigagan,1,0.13734807074069977,data\cache\clean\test\gigagan_15561\jpeg_q90.jpg
gigagan_15694,jpeg_q90,gigagan,gigagan,1,0.23402740061283112,data\cache\clean\test\gigagan_15694\jpeg_q90.jpg
gigagan_15949,jpeg_q90,gigagan,gigagan,1,0.4158322811126709,data\cache\clean\test\gigagan_15949\jpeg_q90.jpg
gigagan_16357,jpeg_q90,gigagan,gigagan,1,0.27055853605270386,data\cache\clean\test\gigagan_16357\jpeg_q90.jpg
gigagan_16966,jpeg_q90,gigagan,gigagan,1,0.2946389615535736,data\cache\clean\test\gigagan_16966\jpeg_q90.jpg
gigagan_17003,jpeg_q90,gigagan,gigagan,1,0.29138901829719543,data\cache\clean\test\gigagan_17003\jpeg_q90.jpg
gigagan_17666,jpeg_q90,gigagan,gigagan,1,0.07820157706737518,data\cache\clean\test\gigagan_17666\jpeg_q90.jpg
gigagan_18037,jpeg_q90,gigagan,gigagan,1,0.25692877173423767,data\cache\clean\test\gigagan_18037\jpeg_q90.jpg
gigagan_18085,jpeg_q90,gigagan,gigagan,1,0.1844228357076645,data\cache\clean\test\gigagan_18085\jpeg_q90.jpg
gigagan_18378,jpeg_q90,gigagan,gigagan,1,0.4875023663043976,data\cache\clean\test\gigagan_18378\jpeg_q90.jpg
gigagan_19055,jpeg_q90,gigagan,gigagan,1,0.1830015480518341,data\cache\clean\test\gigagan_19055\jpeg_q90.jpg
gigagan_19199,jpeg_q90,gigagan,gigagan,1,0.023799315094947815,data\cache\clean\test\gigagan_19199\jpeg_q90.jpg
gigagan_19248,jpeg_q90,gigagan,gigagan,1,0.49159905314445496,data\cache\clean\test\gigagan_19248\jpeg_q90.jpg
gigagan_19316,jpeg_q90,gigagan,gigagan,1,0.40334686636924744,data\cache\clean\test\gigagan_19316\jpeg_q90.jpg
gigagan_20207,jpeg_q90,gigagan,gigagan,1,0.4168170690536499,data\cache\clean\test\gigagan_20207\jpeg_q90.jpg
gigagan_20316,jpeg_q90,gigagan,gigagan,1,0.23055918514728546,data\cache\clean\test\gigagan_20316\jpeg_q90.jpg
gigagan_20327,jpeg_q90,gigagan,gigagan,1,0.06444774568080902,data\cache\clean\test\gigagan_20327\jpeg_q90.jpg
gigagan_20516,jpeg_q90,gigagan,gigagan,1,0.1397896707057953,data\cache\clean\test\gigagan_20516\jpeg_q90.jpg
gigagan_20968,jpeg_q90,gigagan,gigagan,1,0.014545787125825882,data\cache\clean\test\gigagan_20968\jpeg_q90.jpg
gigagan_21116,jpeg_q90,gigagan,gigagan,1,0.2898437976837158,data\cache\clean\test\gigagan_21116\jpeg_q90.jpg
gigagan_21166,jpeg_q90,gigagan,gigagan,1,0.3741910755634308,data\cache\clean\test\gigagan_21166\jpeg_q90.jpg
gigagan_21244,jpeg_q90,gigagan,gigagan,1,0.18442416191101074,data\cache\clean\test\gigagan_21244\jpeg_q90.jpg
gigagan_21611,jpeg_q90,gigagan,gigagan,1,0.17251284420490265,data\cache\clean\test\gigagan_21611\jpeg_q90.jpg
gigagan_22418,jpeg_q90,gigagan,gigagan,1,0.05450868234038353,data\cache\clean\test\gigagan_22418\jpeg_q90.jpg
gigagan_22770,jpeg_q90,gigagan,gigagan,1,0.48268523812294006,data\cache\clean\test\gigagan_22770\jpeg_q90.jpg
gigagan_23134,jpeg_q90,gigagan,gigagan,1,0.027885692194104195,data\cache\clean\test\gigagan_23134\jpeg_q90.jpg
gigagan_23521,jpeg_q90,gigagan,gigagan,1,0.3963310122489929,data\cache\clean\test\gigagan_23521\jpeg_q90.jpg
gigagan_23834,jpeg_q90,gigagan,gigagan,1,0.11147206276655197,data\cache\clean\test\gigagan_23834\jpeg_q90.jpg
gigagan_24147,jpeg_q90,gigagan,gigagan,1,0.2191077321767807,data\cache\clean\test\gigagan_24147\jpeg_q90.jpg
gigagan_24445,jpeg_q90,gigagan,gigagan,1,0.06419148296117783,data\cache\clean\test\gigagan_24445\jpeg_q90.jpg
gigagan_24679,jpeg_q90,gigagan,gigagan,1,0.2974099814891815,data\cache\clean\test\gigagan_24679\jpeg_q90.jpg
gigagan_24726,jpeg_q90,gigagan,gigagan,1,0.41836878657341003,data\cache\clean\test\gigagan_24726\jpeg_q90.jpg
gigagan_24933,jpeg_q90,gigagan,gigagan,1,0.43670427799224854,data\cache\clean\test\gigagan_24933\jpeg_q90.jpg
gigagan_25090,jpeg_q90,gigagan,gigagan,1,0.17532280087471008,data\cache\clean\test\gigagan_25090\jpeg_q90.jpg
gigagan_25761,jpeg_q90,gigagan,gigagan,1,0.493256539106369,data\cache\clean\test\gigagan_25761\jpeg_q90.jpg
gigagan_26651,jpeg_q90,gigagan,gigagan,1,0.3490757644176483,data\cache\clean\test\gigagan_26651\jpeg_q90.jpg
gigagan_26681,jpeg_q90,gigagan,gigagan,1,0.4172373116016388,data\cache\clean\test\gigagan_26681\jpeg_q90.jpg
gigagan_27542,jpeg_q90,gigagan,gigagan,1,0.361804723739624,data\cache\clean\test\gigagan_27542\jpeg_q90.jpg
gigagan_28336,jpeg_q90,gigagan,gigagan,1,0.25037682056427,data\cache\clean\test\gigagan_28336\jpeg_q90.jpg
gigagan_28900,jpeg_q90,gigagan,gigagan,1,0.2878251075744629,data\cache\clean\test\gigagan_28900\jpeg_q90.jpg
gigagan_29456,jpeg_q90,gigagan,gigagan,1,0.14340610802173615,data\cache\clean\test\gigagan_29456\jpeg_q90.jpg
imagen3_045e6da6fd7f6fb0,jpeg_q90,imagen3,imagen3,1,0.050661660730838776,data\cache\clean\test\imagen3_045e6da6fd7f6fb0\jpeg_q90.jpg
imagen3_04e3097ac2f57647,jpeg_q90,imagen3,imagen3,1,0.4905765652656555,data\cache\clean\test\imagen3_04e3097ac2f57647\jpeg_q90.jpg
imagen3_13ed1f9391224848,jpeg_q90,imagen3,imagen3,1,0.17929545044898987,data\cache\clean\test\imagen3_13ed1f9391224848\jpeg_q90.jpg
imagen3_17643da56f35c6f7,jpeg_q90,imagen3,imagen3,1,0.022197606042027473,data\cache\clean\test\imagen3_17643da56f35c6f7\jpeg_q90.jpg
imagen3_24e64d19ddde11cb,jpeg_q90,imagen3,imagen3,1,0.019794465973973274,data\cache\clean\test\imagen3_24e64d19ddde11cb\jpeg_q90.jpg
imagen3_260ae6b06f1f50e2,jpeg_q90,imagen3,imagen3,1,0.03028055466711521,data\cache\clean\test\imagen3_260ae6b06f1f50e2\jpeg_q90.jpg
imagen3_2be4510162a8a76e,jpeg_q90,imagen3,imagen3,1,0.02227969281375408,data\cache\clean\test\imagen3_2be4510162a8a76e\jpeg_q90.jpg
imagen3_3403b18fc93acbfc,jpeg_q90,imagen3,imagen3,1,0.05676191300153732,data\cache\clean\test\imagen3_3403b18fc93acbfc\jpeg_q90.jpg
imagen3_43058,jpeg_q90,imagen3,imagen3,1,0.09943465888500214,data\cache\clean\test\imagen3_43058\jpeg_q90.jpg
imagen3_46922,jpeg_q90,imagen3,imagen3,1,0.23571978509426117,data\cache\clean\test\imagen3_46922\jpeg_q90.jpg
imagen3_473ffc5e3d5dc373,jpeg_q90,imagen3,imagen3,1,0.20701612532138824,data\cache\clean\test\imagen3_473ffc5e3d5dc373\jpeg_q90.jpg
imagen3_51659,jpeg_q90,imagen3,imagen3,1,0.18381483852863312,data\cache\clean\test\imagen3_51659\jpeg_q90.jpg
imagen3_52520,jpeg_q90,imagen3,imagen3,1,0.2987613081932068,data\cache\clean\test\imagen3_52520\jpeg_q90.jpg
imagen3_560ead164dab63a5,jpeg_q90,imagen3,imagen3,1,0.17693105340003967,data\cache\clean\test\imagen3_560ead164dab63a5\jpeg_q90.jpg
imagen3_5e95809bd47d157b,jpeg_q90,imagen3,imagen3,1,0.10769468545913696,data\cache\clean\test\imagen3_5e95809bd47d157b\jpeg_q90.jpg
imagen3_69467160e53f71bc,jpeg_q90,imagen3,imagen3,1,0.3757231831550598,data\cache\clean\test\imagen3_69467160e53f71bc\jpeg_q90.jpg
imagen3_6a8270ea182a9194,jpeg_q90,imagen3,imagen3,1,0.07570286840200424,data\cache\clean\test\imagen3_6a8270ea182a9194\jpeg_q90.jpg
imagen3_6c7624322b04ce43,jpeg_q90,imagen3,imagen3,1,0.024320365861058235,data\cache\clean\test\imagen3_6c7624322b04ce43\jpeg_q90.jpg
imagen3_77fb2d4f372634f8,jpeg_q90,imagen3,imagen3,1,0.04379912093281746,data\cache\clean\test\imagen3_77fb2d4f372634f8\jpeg_q90.jpg
imagen3_8b13dc3bff918841,jpeg_q90,imagen3,imagen3,1,0.21998216211795807,data\cache\clean\test\imagen3_8b13dc3bff918841\jpeg_q90.jpg
imagen3_8c20e4bf83ffff36,jpeg_q90,imagen3,imagen3,1,0.49508199095726013,data\cache\clean\test\imagen3_8c20e4bf83ffff36\jpeg_q90.jpg
imagen3_8e6f8acd28fd8f35,jpeg_q90,imagen3,imagen3,1,0.18120914697647095,data\cache\clean\test\imagen3_8e6f8acd28fd8f35\jpeg_q90.jpg
imagen3_9e82651e214a25c8,jpeg_q90,imagen3,imagen3,1,0.21522100269794464,data\cache\clean\test\imagen3_9e82651e214a25c8\jpeg_q90.jpg
imagen3_aa13646e437b7afa,jpeg_q90,imagen3,imagen3,1,0.16205935180187225,data\cache\clean\test\imagen3_aa13646e437b7afa\jpeg_q90.jpg
imagen3_ad860df8c2a1a848,jpeg_q90,imagen3,imagen3,1,0.09008810669183731,data\cache\clean\test\imagen3_ad860df8c2a1a848\jpeg_q90.jpg
imagen3_b69c9976ced306d1,jpeg_q90,imagen3,imagen3,1,0.26349157094955444,data\cache\clean\test\imagen3_b69c9976ced306d1\jpeg_q90.jpg
imagen3_ca44bb7db1e73a9a,jpeg_q90,imagen3,imagen3,1,0.15993547439575195,data\cache\clean\test\imagen3_ca44bb7db1e73a9a\jpeg_q90.jpg
imagen3_e63f3b6f8bdee43a,jpeg_q90,imagen3,imagen3,1,0.4031136631965637,data\cache\clean\test\imagen3_e63f3b6f8bdee43a\jpeg_q90.jpg
imagen3_ea646e585cc24088,jpeg_q90,imagen3,imagen3,1,0.3603583872318268,data\cache\clean\test\imagen3_ea646e585cc24088\jpeg_q90.jpg
imagen3_f2da05bffbe27dab,jpeg_q90,imagen3,imagen3,1,0.05571980029344559,data\cache\clean\test\imagen3_f2da05bffbe27dab\jpeg_q90.jpg
imagen3_fd568a2839353a92,jpeg_q90,imagen3,imagen3,1,0.48911648988723755,data\cache\clean\test\imagen3_fd568a2839353a92\jpeg_q90.jpg
imagen3_Imagen3_1208,jpeg_q90,imagen3,imagen3,1,0.05156624689698219,data\cache\clean\test\imagen3_Imagen3_1208\jpeg_q90.jpg
imagen3_Imagen3_3097,jpeg_q90,imagen3,imagen3,1,0.07620209455490112,data\cache\clean\test\imagen3_Imagen3_3097\jpeg_q90.jpg
imagen3_Imagen3_3546,jpeg_q90,imagen3,imagen3,1,0.34038442373275757,data\cache\clean\test\imagen3_Imagen3_3546\jpeg_q90.jpg
sidset_full_synthetic_001692,jpeg_q90,sidset,full_synthetic,1,0.06179894134402275,data\cache\clean\test\sidset_full_synthetic_001692\jpeg_q90.jpg
sidset_full_synthetic_031321,jpeg_q90,sidset,full_synthetic,1,0.3443721532821655,data\cache\clean\test\sidset_full_synthetic_031321\jpeg_q90.jpg
sidset_full_synthetic_033528,jpeg_q90,sidset,full_synthetic,1,0.1628446877002716,data\cache\clean\test\sidset_full_synthetic_033528\jpeg_q90.jpg
sidset_full_synthetic_063062,jpeg_q90,sidset,full_synthetic,1,0.37212935090065,data\cache\clean\test\sidset_full_synthetic_063062\jpeg_q90.jpg
stylegan_xl_0097a2e24789bc7a,jpeg_q90,stylegan_xl,stylegan_xl,1,0.05610164627432823,data\cache\clean\test\stylegan_xl_0097a2e24789bc7a\jpeg_q90.jpg
stylegan_xl_00a4591cf03df584,jpeg_q90,stylegan_xl,stylegan_xl,1,0.0173955000936985,data\cache\clean\test\stylegan_xl_00a4591cf03df584\jpeg_q90.jpg
stylegan_xl_0f7efa4c31bcd8f4,jpeg_q90,stylegan_xl,stylegan_xl,1,0.2126963883638382,data\cache\clean\test\stylegan_xl_0f7efa4c31bcd8f4\jpeg_q90.jpg
stylegan_xl_1060d58257bc5130,jpeg_q90,stylegan_xl,stylegan_xl,1,0.02071685716509819,data\cache\clean\test\stylegan_xl_1060d58257bc5130\jpeg_q90.jpg
stylegan_xl_2013fe0d44f84041,jpeg_q90,stylegan_xl,stylegan_xl,1,0.00586887588724494,data\cache\clean\test\stylegan_xl_2013fe0d44f84041\jpeg_q90.jpg
stylegan_xl_324e332686aa6966,jpeg_q90,stylegan_xl,stylegan_xl,1,0.4924062490463257,data\cache\clean\test\stylegan_xl_324e332686aa6966\jpeg_q90.jpg
stylegan_xl_3621cf0be1fc8d68,jpeg_q90,stylegan_xl,stylegan_xl,1,0.37695959210395813,data\cache\clean\test\stylegan_xl_3621cf0be1fc8d68\jpeg_q90.jpg
stylegan_xl_38c489e3b0d8c700,jpeg_q90,stylegan_xl,stylegan_xl,1,0.2080279290676117,data\cache\clean\test\stylegan_xl_38c489e3b0d8c700\jpeg_q90.jpg
stylegan_xl_3b5e18f8fc06450d,jpeg_q90,stylegan_xl,stylegan_xl,1,0.009563933126628399,data\cache\clean\test\stylegan_xl_3b5e18f8fc06450d\jpeg_q90.jpg
stylegan_xl_45602,jpeg_q90,stylegan_xl,stylegan_xl,1,0.4043141305446625,data\cache\clean\test\stylegan_xl_45602\jpeg_q90.jpg
stylegan_xl_47343,jpeg_q90,stylegan_xl,stylegan_xl,1,0.06333902478218079,data\cache\clean\test\stylegan_xl_47343\jpeg_q90.jpg
stylegan_xl_48611,jpeg_q90,stylegan_xl,stylegan_xl,1,0.11421655118465424,data\cache\clean\test\stylegan_xl_48611\jpeg_q90.jpg
stylegan_xl_4f991f9638e28675,jpeg_q90,stylegan_xl,stylegan_xl,1,0.1312117874622345,data\cache\clean\test\stylegan_xl_4f991f9638e28675\jpeg_q90.jpg
stylegan_xl_60ed9d3511d333bf,jpeg_q90,stylegan_xl,stylegan_xl,1,0.1663653552532196,data\cache\clean\test\stylegan_xl_60ed9d3511d333bf\jpeg_q90.jpg
stylegan_xl_65bb283a1280639e,jpeg_q90,stylegan_xl,stylegan_xl,1,0.16991214454174042,data\cache\clean\test\stylegan_xl_65bb283a1280639e\jpeg_q90.jpg
stylegan_xl_729fee52c5b7f95b,jpeg_q90,stylegan_xl,stylegan_xl,1,0.1707509458065033,data\cache\clean\test\stylegan_xl_729fee52c5b7f95b\jpeg_q90.jpg
stylegan_xl_7d433e90bcd7bd53,jpeg_q90,stylegan_xl,stylegan_xl,1,0.0074386498890817165,data\cache\clean\test\stylegan_xl_7d433e90bcd7bd53\jpeg_q90.jpg
stylegan_xl_7ffebe6032f8209f,jpeg_q90,stylegan_xl,stylegan_xl,1,0.169426828622818,data\cache\clean\test\stylegan_xl_7ffebe6032f8209f\jpeg_q90.jpg
stylegan_xl_80fc8be6e7c11eb3,jpeg_q90,stylegan_xl,stylegan_xl,1,0.026522472500801086,data\cache\clean\test\stylegan_xl_80fc8be6e7c11eb3\jpeg_q90.jpg
stylegan_xl_8461b1ae87c22c20,jpeg_q90,stylegan_xl,stylegan_xl,1,0.26044294238090515,data\cache\clean\test\stylegan_xl_8461b1ae87c22c20\jpeg_q90.jpg
stylegan_xl_8f9dfd75dde8914f,jpeg_q90,stylegan_xl,stylegan_xl,1,0.2336878776550293,data\cache\clean\test\stylegan_xl_8f9dfd75dde8914f\jpeg_q90.jpg
stylegan_xl_a10d4a733f4df420,jpeg_q90,stylegan_xl,stylegan_xl,1,0.27462974190711975,data\cache\clean\test\stylegan_xl_a10d4a733f4df420\jpeg_q90.jpg
stylegan_xl_a1ed16fffc5ecb68,jpeg_q90,stylegan_xl,stylegan_xl,1,0.04860455170273781,data\cache\clean\test\stylegan_xl_a1ed16fffc5ecb68\jpeg_q90.jpg
stylegan_xl_a72f3ace10a8f550,jpeg_q90,stylegan_xl,stylegan_xl,1,0.033728621900081635,data\cache\clean\test\stylegan_xl_a72f3ace10a8f550\jpeg_q90.jpg
stylegan_xl_b6abe358484b287a,jpeg_q90,stylegan_xl,stylegan_xl,1,0.3273031413555145,data\cache\clean\test\stylegan_xl_b6abe358484b287a\jpeg_q90.jpg
stylegan_xl_bd69757ff485d03e,jpeg_q90,stylegan_xl,stylegan_xl,1,0.4016079902648926,data\cache\clean\test\stylegan_xl_bd69757ff485d03e\jpeg_q90.jpg
stylegan_xl_cccbc1d57a7e095e,jpeg_q90,stylegan_xl,stylegan_xl,1,0.48609209060668945,data\cache\clean\test\stylegan_xl_cccbc1d57a7e095e\jpeg_q90.jpg
stylegan_xl_cf9c332a1ebfb587,jpeg_q90,stylegan_xl,stylegan_xl,1,0.1219865083694458,data\cache\clean\test\stylegan_xl_cf9c332a1ebfb587\jpeg_q90.jpg
stylegan_xl_d7c4ece8c8a01de0,jpeg_q90,stylegan_xl,stylegan_xl,1,0.21555960178375244,data\cache\clean\test\stylegan_xl_d7c4ece8c8a01de0\jpeg_q90.jpg
stylegan_xl_e4b8e7ef72cabaf2,jpeg_q90,stylegan_xl,stylegan_xl,1,0.4912461042404175,data\cache\clean\test\stylegan_xl_e4b8e7ef72cabaf2\jpeg_q90.jpg
stylegan_xl_f4a503e24265a7e1,jpeg_q90,stylegan_xl,stylegan_xl,1,0.37319689989089966,data\cache\clean\test\stylegan_xl_f4a503e24265a7e1\jpeg_q90.jpg
stylegan_xl_fef6a66b8deaa7ab,jpeg_q90,stylegan_xl,stylegan_xl,1,0.05677024647593498,data\cache\clean\test\stylegan_xl_fef6a66b8deaa7ab\jpeg_q90.jpg
cifake_1028 (10),noise_s0.02,cifake,stable_diffusion,1,0.20814161002635956,data\cache\clean\test\cifake_1028 (10)\noise_s0.02.jpg
cifake_1088 (3),noise_s0.02,cifake,stable_diffusion,1,0.019702382385730743,data\cache\clean\test\cifake_1088 (3)\noise_s0.02.jpg
cifake_1141 (9),noise_s0.02,cifake,stable_diffusion,1,0.4278731942176819,data\cache\clean\test\cifake_1141 (9)\noise_s0.02.jpg
cifake_1167 (3),noise_s0.02,cifake,stable_diffusion,1,0.058516714721918106,data\cache\clean\test\cifake_1167 (3)\noise_s0.02.jpg
cifake_1297 (6),noise_s0.02,cifake,stable_diffusion,1,0.2593673765659332,data\cache\clean\test\cifake_1297 (6)\noise_s0.02.jpg
cifake_1468 (5),noise_s0.02,cifake,stable_diffusion,1,0.36636385321617126,data\cache\clean\test\cifake_1468 (5)\noise_s0.02.jpg
cifake_1483 (8),noise_s0.02,cifake,stable_diffusion,1,0.07573924213647842,data\cache\clean\test\cifake_1483 (8)\noise_s0.02.jpg
cifake_1842 (10),noise_s0.02,cifake,stable_diffusion,1,0.42877069115638733,data\cache\clean\test\cifake_1842 (10)\noise_s0.02.jpg
cifake_2293 (9),noise_s0.02,cifake,stable_diffusion,1,0.06820356100797653,data\cache\clean\test\cifake_2293 (9)\noise_s0.02.jpg
cifake_2790 (9),noise_s0.02,cifake,stable_diffusion,1,0.27025729417800903,data\cache\clean\test\cifake_2790 (9)\noise_s0.02.jpg
cifake_3395 (5),noise_s0.02,cifake,stable_diffusion,1,0.19372236728668213,data\cache\clean\test\cifake_3395 (5)\noise_s0.02.jpg
cifake_3652 (2),noise_s0.02,cifake,stable_diffusion,1,0.16283774375915527,data\cache\clean\test\cifake_3652 (2)\noise_s0.02.jpg
cifake_3750 (6),noise_s0.02,cifake,stable_diffusion,1,0.44308269023895264,data\cache\clean\test\cifake_3750 (6)\noise_s0.02.jpg
cifake_3971 (2),noise_s0.02,cifake,stable_diffusion,1,0.38278916478157043,data\cache\clean\test\cifake_3971 (2)\noise_s0.02.jpg
cifake_4074 (3),noise_s0.02,cifake,stable_diffusion,1,0.46332308650016785,data\cache\clean\test\cifake_4074 (3)\noise_s0.02.jpg
cifake_4221 (2),noise_s0.02,cifake,stable_diffusion,1,0.13879232108592987,data\cache\clean\test\cifake_4221 (2)\noise_s0.02.jpg
cifake_4682 (7),noise_s0.02,cifake,stable_diffusion,1,0.3339904248714447,data\cache\clean\test\cifake_4682 (7)\noise_s0.02.jpg
cifake_5006 (3),noise_s0.02,cifake,stable_diffusion,1,0.22001715004444122,data\cache\clean\test\cifake_5006 (3)\noise_s0.02.jpg
cifake_5110 (9),noise_s0.02,cifake,stable_diffusion,1,0.4805642366409302,data\cache\clean\test\cifake_5110 (9)\noise_s0.02.jpg
cifake_5607,noise_s0.02,cifake,stable_diffusion,1,0.1609811782836914,data\cache\clean\test\cifake_5607\noise_s0.02.jpg
cifake_5607 (3),noise_s0.02,cifake,stable_diffusion,1,0.2761940062046051,data\cache\clean\test\cifake_5607 (3)\noise_s0.02.jpg
cifake_5816 (8),noise_s0.02,cifake,stable_diffusion,1,0.2638770043849945,data\cache\clean\test\cifake_5816 (8)\noise_s0.02.jpg
cifake_5943 (10),noise_s0.02,cifake,stable_diffusion,1,0.27801358699798584,data\cache\clean\test\cifake_5943 (10)\noise_s0.02.jpg
cifake_716 (9),noise_s0.02,cifake,stable_diffusion,1,0.4340324103832245,data\cache\clean\test\cifake_716 (9)\noise_s0.02.jpg
cifake_771 (8),noise_s0.02,cifake,stable_diffusion,1,0.1053452119231224,data\cache\clean\test\cifake_771 (8)\noise_s0.02.jpg
cifake_791 (6),noise_s0.02,cifake,stable_diffusion,1,0.316410094499588,data\cache\clean\test\cifake_791 (6)\noise_s0.02.jpg
cifake_841 (4),noise_s0.02,cifake,stable_diffusion,1,0.45049238204956055,data\cache\clean\test\cifake_841 (4)\noise_s0.02.jpg
dalle_12052,noise_s0.02,dalle,dalle,1,0.18755608797073364,data\cache\clean\test\dalle_12052\noise_s0.02.jpg
dalle_13048,noise_s0.02,dalle,dalle,1,0.4342021346092224,data\cache\clean\test\dalle_13048\noise_s0.02.jpg
dalle_13108,noise_s0.02,dalle,dalle,1,0.4163998067378998,data\cache\clean\test\dalle_13108\noise_s0.02.jpg
dalle_13895,noise_s0.02,dalle,dalle,1,0.4539024829864502,data\cache\clean\test\dalle_13895\noise_s0.02.jpg
dalle_1895b86b74caac5dad51022c3d3b33df,noise_s0.02,dalle,dalle,1,0.020326361060142517,data\cache\clean\test\dalle_1895b86b74caac5dad51022c3d3b33df\noise_s0.02.jpg
dalle_20855,noise_s0.02,dalle,dalle,1,0.23030123114585876,data\cache\clean\test\dalle_20855\noise_s0.02.jpg
dalle_26203,noise_s0.02,dalle,dalle,1,0.3677865266799927,data\cache\clean\test\dalle_26203\noise_s0.02.jpg
dalle_29659,noise_s0.02,dalle,dalle,1,0.21148809790611267,data\cache\clean\test\dalle_29659\noise_s0.02.jpg
dalle_35493,noise_s0.02,dalle,dalle,1,0.27398136258125305,data\cache\clean\test\dalle_35493\noise_s0.02.jpg
dalle_3c589aa7fd4a6705f1fd7918daf4ffb9,noise_s0.02,dalle,dalle,1,0.2510986626148224,data\cache\clean\test\dalle_3c589aa7fd4a6705f1fd7918daf4ffb9\noise_s0.02.jpg
dalle_40387,noise_s0.02,dalle,dalle,1,0.06615553051233292,data\cache\clean\test\dalle_40387\noise_s0.02.jpg
dalle_41614,noise_s0.02,dalle,dalle,1,0.2681150436401367,data\cache\clean\test\dalle_41614\noise_s0.02.jpg
dalle_41791,noise_s0.02,dalle,dalle,1,0.4087575674057007,data\cache\clean\test\dalle_41791\noise_s0.02.jpg
dalle_5051,noise_s0.02,dalle,dalle,1,0.4647984504699707,data\cache\clean\test\dalle_5051\noise_s0.02.jpg
dalle_6f0f61883f111368d770c54801f33449,noise_s0.02,dalle,dalle,1,0.007099318318068981,data\cache\clean\test\dalle_6f0f61883f111368d770c54801f33449\noise_s0.02.jpg
dalle_8017,noise_s0.02,dalle,dalle,1,0.017018653452396393,data\cache\clean\test\dalle_8017\noise_s0.02.jpg
dalle_9068,noise_s0.02,dalle,dalle,1,0.08178304135799408,data\cache\clean\test\dalle_9068\noise_s0.02.jpg
gigagan_03263,noise_s0.02,gigagan,gigagan,1,0.48839783668518066,data\cache\clean\test\gigagan_03263\noise_s0.02.jpg
gigagan_03422,noise_s0.02,gigagan,gigagan,1,0.08636869490146637,data\cache\clean\test\gigagan_03422\noise_s0.02.jpg
gigagan_05738,noise_s0.02,gigagan,gigagan,1,0.4255853295326233,data\cache\clean\test\gigagan_05738\noise_s0.02.jpg
gigagan_06526,noise_s0.02,gigagan,gigagan,1,0.4884067177772522,data\cache\clean\test\gigagan_06526\noise_s0.02.jpg
gigagan_06628,noise_s0.02,gigagan,gigagan,1,0.38414904475212097,data\cache\clean\test\gigagan_06628\noise_s0.02.jpg
gigagan_07177,noise_s0.02,gigagan,gigagan,1,0.25547879934310913,data\cache\clean\test\gigagan_07177\noise_s0.02.jpg
gigagan_07676,noise_s0.02,gigagan,gigagan,1,0.4662626087665558,data\cache\clean\test\gigagan_07676\noise_s0.02.jpg
gigagan_07909,noise_s0.02,gigagan,gigagan,1,0.06249735504388809,data\cache\clean\test\gigagan_07909\noise_s0.02.jpg
gigagan_07986,noise_s0.02,gigagan,gigagan,1,0.45337504148483276,data\cache\clean\test\gigagan_07986\noise_s0.02.jpg
gigagan_08193,noise_s0.02,gigagan,gigagan,1,0.39679649472236633,data\cache\clean\test\gigagan_08193\noise_s0.02.jpg
gigagan_09026,noise_s0.02,gigagan,gigagan,1,0.04875306412577629,data\cache\clean\test\gigagan_09026\noise_s0.02.jpg
gigagan_09302,noise_s0.02,gigagan,gigagan,1,0.09934865683317184,data\cache\clean\test\gigagan_09302\noise_s0.02.jpg
gigagan_09458,noise_s0.02,gigagan,gigagan,1,0.2979004383087158,data\cache\clean\test\gigagan_09458\noise_s0.02.jpg
gigagan_10769,noise_s0.02,gigagan,gigagan,1,0.16353383660316467,data\cache\clean\test\gigagan_10769\noise_s0.02.jpg
gigagan_10914,noise_s0.02,gigagan,gigagan,1,0.019546613097190857,data\cache\clean\test\gigagan_10914\noise_s0.02.jpg
gigagan_14071,noise_s0.02,gigagan,gigagan,1,0.005693843588232994,data\cache\clean\test\gigagan_14071\noise_s0.02.jpg
gigagan_14858,noise_s0.02,gigagan,gigagan,1,0.2661980390548706,data\cache\clean\test\gigagan_14858\noise_s0.02.jpg
gigagan_14909,noise_s0.02,gigagan,gigagan,1,0.12146961688995361,data\cache\clean\test\gigagan_14909\noise_s0.02.jpg
gigagan_15561,noise_s0.02,gigagan,gigagan,1,0.11460701376199722,data\cache\clean\test\gigagan_15561\noise_s0.02.jpg
gigagan_15694,noise_s0.02,gigagan,gigagan,1,0.04893342778086662,data\cache\clean\test\gigagan_15694\noise_s0.02.jpg
gigagan_16357,noise_s0.02,gigagan,gigagan,1,0.22525592148303986,data\cache\clean\test\gigagan_16357\noise_s0.02.jpg
gigagan_16966,noise_s0.02,gigagan,gigagan,1,0.15859122574329376,data\cache\clean\test\gigagan_16966\noise_s0.02.jpg
gigagan_17666,noise_s0.02,gigagan,gigagan,1,0.029232459142804146,data\cache\clean\test\gigagan_17666\noise_s0.02.jpg
gigagan_18037,noise_s0.02,gigagan,gigagan,1,0.3447778522968292,data\cache\clean\test\gigagan_18037\noise_s0.02.jpg
gigagan_18085,noise_s0.02,gigagan,gigagan,1,0.24580930173397064,data\cache\clean\test\gigagan_18085\noise_s0.02.jpg
gigagan_18378,noise_s0.02,gigagan,gigagan,1,0.31701046228408813,data\cache\clean\test\gigagan_18378\noise_s0.02.jpg
gigagan_19055,noise_s0.02,gigagan,gigagan,1,0.350978821516037,data\cache\clean\test\gigagan_19055\noise_s0.02.jpg
gigagan_19199,noise_s0.02,gigagan,gigagan,1,0.07387293875217438,data\cache\clean\test\gigagan_19199\noise_s0.02.jpg
gigagan_19316,noise_s0.02,gigagan,gigagan,1,0.34840551018714905,data\cache\clean\test\gigagan_19316\noise_s0.02.jpg
gigagan_19940,noise_s0.02,gigagan,gigagan,1,0.4728339612483978,data\cache\clean\test\gigagan_19940\noise_s0.02.jpg
gigagan_20207,noise_s0.02,gigagan,gigagan,1,0.2537246644496918,data\cache\clean\test\gigagan_20207\noise_s0.02.jpg
gigagan_20316,noise_s0.02,gigagan,gigagan,1,0.17055976390838623,data\cache\clean\test\gigagan_20316\noise_s0.02.jpg
gigagan_20327,noise_s0.02,gigagan,gigagan,1,0.03802940621972084,data\cache\clean\test\gigagan_20327\noise_s0.02.jpg
gigagan_20516,noise_s0.02,gigagan,gigagan,1,0.18223226070404053,data\cache\clean\test\gigagan_20516\noise_s0.02.jpg
gigagan_20968,noise_s0.02,gigagan,gigagan,1,0.03954695537686348,data\cache\clean\test\gigagan_20968\noise_s0.02.jpg
gigagan_21116,noise_s0.02,gigagan,gigagan,1,0.10401146858930588,data\cache\clean\test\gigagan_21116\noise_s0.02.jpg
gigagan_21166,noise_s0.02,gigagan,gigagan,1,0.29685890674591064,data\cache\clean\test\gigagan_21166\noise_s0.02.jpg
gigagan_21244,noise_s0.02,gigagan,gigagan,1,0.06441492587327957,data\cache\clean\test\gigagan_21244\noise_s0.02.jpg
gigagan_21611,noise_s0.02,gigagan,gigagan,1,0.08703703433275223,data\cache\clean\test\gigagan_21611\noise_s0.02.jpg
gigagan_22294,noise_s0.02,gigagan,gigagan,1,0.35013389587402344,data\cache\clean\test\gigagan_22294\noise_s0.02.jpg
gigagan_22418,noise_s0.02,gigagan,gigagan,1,0.09878118336200714,data\cache\clean\test\gigagan_22418\noise_s0.02.jpg
gigagan_23134,noise_s0.02,gigagan,gigagan,1,0.05064601078629494,data\cache\clean\test\gigagan_23134\noise_s0.02.jpg
gigagan_23521,noise_s0.02,gigagan,gigagan,1,0.15089638531208038,data\cache\clean\test\gigagan_23521\noise_s0.02.jpg
gigagan_23834,noise_s0.02,gigagan,gigagan,1,0.12341389060020447,data\cache\clean\test\gigagan_23834\noise_s0.02.jpg
gigagan_24147,noise_s0.02,gigagan,gigagan,1,0.4118175804615021,data\cache\clean\test\gigagan_24147\noise_s0.02.jpg
gigagan_24377,noise_s0.02,gigagan,gigagan,1,0.18934495747089386,data\cache\clean\test\gigagan_24377\noise_s0.02.jpg
gigagan_24445,noise_s0.02,gigagan,gigagan,1,0.02822563797235489,data\cache\clean\test\gigagan_24445\noise_s0.02.jpg
gigagan_24679,noise_s0.02,gigagan,gigagan,1,0.3158052861690521,data\cache\clean\test\gigagan_24679\noise_s0.02.jpg
gigagan_24933,noise_s0.02,gigagan,gigagan,1,0.4043257534503937,data\cache\clean\test\gigagan_24933\noise_s0.02.jpg
gigagan_25090,noise_s0.02,gigagan,gigagan,1,0.21705737709999084,data\cache\clean\test\gigagan_25090\noise_s0.02.jpg
gigagan_25761,noise_s0.02,gigagan,gigagan,1,0.3617406487464905,data\cache\clean\test\gigagan_25761\noise_s0.02.jpg
gigagan_26067,noise_s0.02,gigagan,gigagan,1,0.4094701111316681,data\cache\clean\test\gigagan_26067\noise_s0.02.jpg
gigagan_26323,noise_s0.02,gigagan,gigagan,1,0.37831225991249084,data\cache\clean\test\gigagan_26323\noise_s0.02.jpg
gigagan_26651,noise_s0.02,gigagan,gigagan,1,0.2285875678062439,data\cache\clean\test\gigagan_26651\noise_s0.02.jpg
gigagan_26681,noise_s0.02,gigagan,gigagan,1,0.15999993681907654,data\cache\clean\test\gigagan_26681\noise_s0.02.jpg
gigagan_27121,noise_s0.02,gigagan,gigagan,1,0.2386161983013153,data\cache\clean\test\gigagan_27121\noise_s0.02.jpg
gigagan_27542,noise_s0.02,gigagan,gigagan,1,0.4496457874774933,data\cache\clean\test\gigagan_27542\noise_s0.02.jpg
gigagan_27589,noise_s0.02,gigagan,gigagan,1,0.14270195364952087,data\cache\clean\test\gigagan_27589\noise_s0.02.jpg
gigagan_28336,noise_s0.02,gigagan,gigagan,1,0.0860593393445015,data\cache\clean\test\gigagan_28336\noise_s0.02.jpg
gigagan_28900,noise_s0.02,gigagan,gigagan,1,0.4938325881958008,data\cache\clean\test\gigagan_28900\noise_s0.02.jpg
gigagan_29456,noise_s0.02,gigagan,gigagan,1,0.14432311058044434,data\cache\clean\test\gigagan_29456\noise_s0.02.jpg
imagen3_045e6da6fd7f6fb0,noise_s0.02,imagen3,imagen3,1,0.069308802485466,data\cache\clean\test\imagen3_045e6da6fd7f6fb0\noise_s0.02.jpg
imagen3_04e3097ac2f57647,noise_s0.02,imagen3,imagen3,1,0.3989710807800293,data\cache\clean\test\imagen3_04e3097ac2f57647\noise_s0.02.jpg
imagen3_13ed1f9391224848,noise_s0.02,imagen3,imagen3,1,0.08192531019449234,data\cache\clean\test\imagen3_13ed1f9391224848\noise_s0.02.jpg
imagen3_17643da56f35c6f7,noise_s0.02,imagen3,imagen3,1,0.022125372663140297,data\cache\clean\test\imagen3_17643da56f35c6f7\noise_s0.02.jpg
imagen3_1fe9a0379cffa709,noise_s0.02,imagen3,imagen3,1,0.39327067136764526,data\cache\clean\test\imagen3_1fe9a0379cffa709\noise_s0.02.jpg
imagen3_24e64d19ddde11cb,noise_s0.02,imagen3,imagen3,1,0.02826528064906597,data\cache\clean\test\imagen3_24e64d19ddde11cb\noise_s0.02.jpg
imagen3_260ae6b06f1f50e2,noise_s0.02,imagen3,imagen3,1,0.0348883755505085,data\cache\clean\test\imagen3_260ae6b06f1f50e2\noise_s0.02.jpg
imagen3_2be4510162a8a76e,noise_s0.02,imagen3,imagen3,1,0.04021991044282913,data\cache\clean\test\imagen3_2be4510162a8a76e\noise_s0.02.jpg
imagen3_3403b18fc93acbfc,noise_s0.02,imagen3,imagen3,1,0.07258807867765427,data\cache\clean\test\imagen3_3403b18fc93acbfc\noise_s0.02.jpg
imagen3_43058,noise_s0.02,imagen3,imagen3,1,0.026344433426856995,data\cache\clean\test\imagen3_43058\noise_s0.02.jpg
imagen3_473ffc5e3d5dc373,noise_s0.02,imagen3,imagen3,1,0.30784448981285095,data\cache\clean\test\imagen3_473ffc5e3d5dc373\noise_s0.02.jpg
imagen3_51659,noise_s0.02,imagen3,imagen3,1,0.47215786576271057,data\cache\clean\test\imagen3_51659\noise_s0.02.jpg
imagen3_560ead164dab63a5,noise_s0.02,imagen3,imagen3,1,0.398650199174881,data\cache\clean\test\imagen3_560ead164dab63a5\noise_s0.02.jpg
imagen3_5e95809bd47d157b,noise_s0.02,imagen3,imagen3,1,0.2233254611492157,data\cache\clean\test\imagen3_5e95809bd47d157b\noise_s0.02.jpg
imagen3_69467160e53f71bc,noise_s0.02,imagen3,imagen3,1,0.4884988069534302,data\cache\clean\test\imagen3_69467160e53f71bc\noise_s0.02.jpg
imagen3_6a8270ea182a9194,noise_s0.02,imagen3,imagen3,1,0.08564036339521408,data\cache\clean\test\imagen3_6a8270ea182a9194\noise_s0.02.jpg
imagen3_6c7624322b04ce43,noise_s0.02,imagen3,imagen3,1,0.01150228176265955,data\cache\clean\test\imagen3_6c7624322b04ce43\noise_s0.02.jpg
imagen3_77fb2d4f372634f8,noise_s0.02,imagen3,imagen3,1,0.07039498537778854,data\cache\clean\test\imagen3_77fb2d4f372634f8\noise_s0.02.jpg
imagen3_8b13dc3bff918841,noise_s0.02,imagen3,imagen3,1,0.18521946668624878,data\cache\clean\test\imagen3_8b13dc3bff918841\noise_s0.02.jpg
imagen3_8c20e4bf83ffff36,noise_s0.02,imagen3,imagen3,1,0.44901809096336365,data\cache\clean\test\imagen3_8c20e4bf83ffff36\noise_s0.02.jpg
imagen3_8e6f8acd28fd8f35,noise_s0.02,imagen3,imagen3,1,0.4452323317527771,data\cache\clean\test\imagen3_8e6f8acd28fd8f35\noise_s0.02.jpg
imagen3_9e82651e214a25c8,noise_s0.02,imagen3,imagen3,1,0.16577231884002686,data\cache\clean\test\imagen3_9e82651e214a25c8\noise_s0.02.jpg
imagen3_aa13646e437b7afa,noise_s0.02,imagen3,imagen3,1,0.2724577486515045,data\cache\clean\test\imagen3_aa13646e437b7afa\noise_s0.02.jpg
imagen3_ad860df8c2a1a848,noise_s0.02,imagen3,imagen3,1,0.12039443105459213,data\cache\clean\test\imagen3_ad860df8c2a1a848\noise_s0.02.jpg
imagen3_b69c9976ced306d1,noise_s0.02,imagen3,imagen3,1,0.2912667691707611,data\cache\clean\test\imagen3_b69c9976ced306d1\noise_s0.02.jpg
imagen3_ca44bb7db1e73a9a,noise_s0.02,imagen3,imagen3,1,0.17443376779556274,data\cache\clean\test\imagen3_ca44bb7db1e73a9a\noise_s0.02.jpg
imagen3_e63f3b6f8bdee43a,noise_s0.02,imagen3,imagen3,1,0.1743314117193222,data\cache\clean\test\imagen3_e63f3b6f8bdee43a\noise_s0.02.jpg
imagen3_ea646e585cc24088,noise_s0.02,imagen3,imagen3,1,0.3787280023097992,data\cache\clean\test\imagen3_ea646e585cc24088\noise_s0.02.jpg
imagen3_f2da05bffbe27dab,noise_s0.02,imagen3,imagen3,1,0.08214327692985535,data\cache\clean\test\imagen3_f2da05bffbe27dab\noise_s0.02.jpg
imagen3_Imagen3_1208,noise_s0.02,imagen3,imagen3,1,0.4749259352684021,data\cache\clean\test\imagen3_Imagen3_1208\noise_s0.02.jpg
imagen3_Imagen3_2403,noise_s0.02,imagen3,imagen3,1,0.2294127643108368,data\cache\clean\test\imagen3_Imagen3_2403\noise_s0.02.jpg
imagen3_Imagen3_2787,noise_s0.02,imagen3,imagen3,1,0.38860830664634705,data\cache\clean\test\imagen3_Imagen3_2787\noise_s0.02.jpg
imagen3_Imagen3_2877,noise_s0.02,imagen3,imagen3,1,0.4107346534729004,data\cache\clean\test\imagen3_Imagen3_2877\noise_s0.02.jpg
imagen3_Imagen3_3097,noise_s0.02,imagen3,imagen3,1,0.08683601021766663,data\cache\clean\test\imagen3_Imagen3_3097\noise_s0.02.jpg
imagen3_Imagen3_3235,noise_s0.02,imagen3,imagen3,1,0.34938713908195496,data\cache\clean\test\imagen3_Imagen3_3235\noise_s0.02.jpg
imagen3_Imagen3_3546,noise_s0.02,imagen3,imagen3,1,0.31770020723342896,data\cache\clean\test\imagen3_Imagen3_3546\noise_s0.02.jpg
sidset_full_synthetic_001692,noise_s0.02,sidset,full_synthetic,1,0.002750840736553073,data\cache\clean\test\sidset_full_synthetic_001692\noise_s0.02.jpg
sidset_full_synthetic_005710,noise_s0.02,sidset,full_synthetic,1,0.3802694082260132,data\cache\clean\test\sidset_full_synthetic_005710\noise_s0.02.jpg
sidset_full_synthetic_012484,noise_s0.02,sidset,full_synthetic,1,0.35628658533096313,data\cache\clean\test\sidset_full_synthetic_012484\noise_s0.02.jpg
sidset_full_synthetic_031321,noise_s0.02,sidset,full_synthetic,1,0.1638602465391159,data\cache\clean\test\sidset_full_synthetic_031321\noise_s0.02.jpg
sidset_full_synthetic_033528,noise_s0.02,sidset,full_synthetic,1,0.09102347493171692,data\cache\clean\test\sidset_full_synthetic_033528\noise_s0.02.jpg
sidset_full_synthetic_033729,noise_s0.02,sidset,full_synthetic,1,0.28014785051345825,data\cache\clean\test\sidset_full_synthetic_033729\noise_s0.02.jpg
sidset_full_synthetic_037894,noise_s0.02,sidset,full_synthetic,1,0.3812102675437927,data\cache\clean\test\sidset_full_synthetic_037894\noise_s0.02.jpg
sidset_full_synthetic_040891,noise_s0.02,sidset,full_synthetic,1,0.12026026844978333,data\cache\clean\test\sidset_full_synthetic_040891\noise_s0.02.jpg
sidset_full_synthetic_046026,noise_s0.02,sidset,full_synthetic,1,0.4135898947715759,data\cache\clean\test\sidset_full_synthetic_046026\noise_s0.02.jpg
sidset_full_synthetic_048376,noise_s0.02,sidset,full_synthetic,1,0.3439064919948578,data\cache\clean\test\sidset_full_synthetic_048376\noise_s0.02.jpg
sidset_full_synthetic_049538,noise_s0.02,sidset,full_synthetic,1,0.3399140238761902,data\cache\clean\test\sidset_full_synthetic_049538\noise_s0.02.jpg
sidset_full_synthetic_053574,noise_s0.02,sidset,full_synthetic,1,0.22719745337963104,data\cache\clean\test\sidset_full_synthetic_053574\noise_s0.02.jpg
sidset_full_synthetic_053723,noise_s0.02,sidset,full_synthetic,1,0.4239155054092407,data\cache\clean\test\sidset_full_synthetic_053723\noise_s0.02.jpg
sidset_full_synthetic_054797,noise_s0.02,sidset,full_synthetic,1,0.4373793601989746,data\cache\clean\test\sidset_full_synthetic_054797\noise_s0.02.jpg
sidset_full_synthetic_060524,noise_s0.02,sidset,full_synthetic,1,0.05833762511610985,data\cache\clean\test\sidset_full_synthetic_060524\noise_s0.02.jpg
sidset_full_synthetic_060650,noise_s0.02,sidset,full_synthetic,1,0.11057953536510468,data\cache\clean\test\sidset_full_synthetic_060650\noise_s0.02.jpg
sidset_full_synthetic_063062,noise_s0.02,sidset,full_synthetic,1,0.20451344549655914,data\cache\clean\test\sidset_full_synthetic_063062\noise_s0.02.jpg
sidset_full_synthetic_066065,noise_s0.02,sidset,full_synthetic,1,0.36788877844810486,data\cache\clean\test\sidset_full_synthetic_066065\noise_s0.02.jpg
stylegan_xl_0097a2e24789bc7a,noise_s0.02,stylegan_xl,stylegan_xl,1,0.05280720070004463,data\cache\clean\test\stylegan_xl_0097a2e24789bc7a\noise_s0.02.jpg
stylegan_xl_00a4591cf03df584,noise_s0.02,stylegan_xl,stylegan_xl,1,0.023044751957058907,data\cache\clean\test\stylegan_xl_00a4591cf03df584\noise_s0.02.jpg
stylegan_xl_0a4244f8a9185bad,noise_s0.02,stylegan_xl,stylegan_xl,1,0.47861573100090027,data\cache\clean\test\stylegan_xl_0a4244f8a9185bad\noise_s0.02.jpg
stylegan_xl_0f7efa4c31bcd8f4,noise_s0.02,stylegan_xl,stylegan_xl,1,0.1444930136203766,data\cache\clean\test\stylegan_xl_0f7efa4c31bcd8f4\noise_s0.02.jpg
stylegan_xl_1060d58257bc5130,noise_s0.02,stylegan_xl,stylegan_xl,1,0.020354729145765305,data\cache\clean\test\stylegan_xl_1060d58257bc5130\noise_s0.02.jpg
stylegan_xl_17f8bf0ef8d2f478,noise_s0.02,stylegan_xl,stylegan_xl,1,0.36362332105636597,data\cache\clean\test\stylegan_xl_17f8bf0ef8d2f478\noise_s0.02.jpg
stylegan_xl_2013fe0d44f84041,noise_s0.02,stylegan_xl,stylegan_xl,1,0.005679349415004253,data\cache\clean\test\stylegan_xl_2013fe0d44f84041\noise_s0.02.jpg
stylegan_xl_324e332686aa6966,noise_s0.02,stylegan_xl,stylegan_xl,1,0.18966008722782135,data\cache\clean\test\stylegan_xl_324e332686aa6966\noise_s0.02.jpg
stylegan_xl_3621cf0be1fc8d68,noise_s0.02,stylegan_xl,stylegan_xl,1,0.3215818405151367,data\cache\clean\test\stylegan_xl_3621cf0be1fc8d68\noise_s0.02.jpg
stylegan_xl_38c489e3b0d8c700,noise_s0.02,stylegan_xl,stylegan_xl,1,0.1785634160041809,data\cache\clean\test\stylegan_xl_38c489e3b0d8c700\noise_s0.02.jpg
stylegan_xl_3b5e18f8fc06450d,noise_s0.02,stylegan_xl,stylegan_xl,1,0.005492130760103464,data\cache\clean\test\stylegan_xl_3b5e18f8fc06450d\noise_s0.02.jpg
stylegan_xl_45602,noise_s0.02,stylegan_xl,stylegan_xl,1,0.2582855224609375,data\cache\clean\test\stylegan_xl_45602\noise_s0.02.jpg
stylegan_xl_47343,noise_s0.02,stylegan_xl,stylegan_xl,1,0.08100882917642593,data\cache\clean\test\stylegan_xl_47343\noise_s0.02.jpg
stylegan_xl_48611,noise_s0.02,stylegan_xl,stylegan_xl,1,0.13557752966880798,data\cache\clean\test\stylegan_xl_48611\noise_s0.02.jpg
stylegan_xl_4f991f9638e28675,noise_s0.02,stylegan_xl,stylegan_xl,1,0.06995373219251633,data\cache\clean\test\stylegan_xl_4f991f9638e28675\noise_s0.02.jpg
stylegan_xl_60ed9d3511d333bf,noise_s0.02,stylegan_xl,stylegan_xl,1,0.16635483503341675,data\cache\clean\test\stylegan_xl_60ed9d3511d333bf\noise_s0.02.jpg
stylegan_xl_65bb283a1280639e,noise_s0.02,stylegan_xl,stylegan_xl,1,0.2600991427898407,data\cache\clean\test\stylegan_xl_65bb283a1280639e\noise_s0.02.jpg
stylegan_xl_729fee52c5b7f95b,noise_s0.02,stylegan_xl,stylegan_xl,1,0.2257310003042221,data\cache\clean\test\stylegan_xl_729fee52c5b7f95b\noise_s0.02.jpg
stylegan_xl_7d433e90bcd7bd53,noise_s0.02,stylegan_xl,stylegan_xl,1,0.007565080653876066,data\cache\clean\test\stylegan_xl_7d433e90bcd7bd53\noise_s0.02.jpg
stylegan_xl_7ffebe6032f8209f,noise_s0.02,stylegan_xl,stylegan_xl,1,0.17534393072128296,data\cache\clean\test\stylegan_xl_7ffebe6032f8209f\noise_s0.02.jpg
stylegan_xl_80fc8be6e7c11eb3,noise_s0.02,stylegan_xl,stylegan_xl,1,0.01831226609647274,data\cache\clean\test\stylegan_xl_80fc8be6e7c11eb3\noise_s0.02.jpg
stylegan_xl_8461b1ae87c22c20,noise_s0.02,stylegan_xl,stylegan_xl,1,0.37070944905281067,data\cache\clean\test\stylegan_xl_8461b1ae87c22c20\noise_s0.02.jpg
stylegan_xl_8f9dfd75dde8914f,noise_s0.02,stylegan_xl,stylegan_xl,1,0.2134172022342682,data\cache\clean\test\stylegan_xl_8f9dfd75dde8914f\noise_s0.02.jpg
stylegan_xl_91fb9195a35b7711,noise_s0.02,stylegan_xl,stylegan_xl,1,0.46332302689552307,data\cache\clean\test\stylegan_xl_91fb9195a35b7711\noise_s0.02.jpg
stylegan_xl_a10d4a733f4df420,noise_s0.02,stylegan_xl,stylegan_xl,1,0.4003329873085022,data\cache\clean\test\stylegan_xl_a10d4a733f4df420\noise_s0.02.jpg
stylegan_xl_a1ed16fffc5ecb68,noise_s0.02,stylegan_xl,stylegan_xl,1,0.05047915503382683,data\cache\clean\test\stylegan_xl_a1ed16fffc5ecb68\noise_s0.02.jpg
stylegan_xl_a72f3ace10a8f550,noise_s0.02,stylegan_xl,stylegan_xl,1,0.0273100808262825,data\cache\clean\test\stylegan_xl_a72f3ace10a8f550\noise_s0.02.jpg
stylegan_xl_b6abe358484b287a,noise_s0.02,stylegan_xl,stylegan_xl,1,0.3323911130428314,data\cache\clean\test\stylegan_xl_b6abe358484b287a\noise_s0.02.jpg
stylegan_xl_cccbc1d57a7e095e,noise_s0.02,stylegan_xl,stylegan_xl,1,0.38928335905075073,data\cache\clean\test\stylegan_xl_cccbc1d57a7e095e\noise_s0.02.jpg
stylegan_xl_cf9c332a1ebfb587,noise_s0.02,stylegan_xl,stylegan_xl,1,0.11717523634433746,data\cache\clean\test\stylegan_xl_cf9c332a1ebfb587\noise_s0.02.jpg
stylegan_xl_d7c4ece8c8a01de0,noise_s0.02,stylegan_xl,stylegan_xl,1,0.18585284054279327,data\cache\clean\test\stylegan_xl_d7c4ece8c8a01de0\noise_s0.02.jpg
stylegan_xl_f4a503e24265a7e1,noise_s0.02,stylegan_xl,stylegan_xl,1,0.4048233926296234,data\cache\clean\test\stylegan_xl_f4a503e24265a7e1\noise_s0.02.jpg
stylegan_xl_fef6a66b8deaa7ab,noise_s0.02,stylegan_xl,stylegan_xl,1,0.061275649815797806,data\cache\clean\test\stylegan_xl_fef6a66b8deaa7ab\noise_s0.02.jpg
cifake_1028 (10),noise_s0.05,cifake,stable_diffusion,1,0.27076980471611023,data\cache\clean\test\cifake_1028 (10)\noise_s0.05.jpg
cifake_1088 (3),noise_s0.05,cifake,stable_diffusion,1,0.04422555863857269,data\cache\clean\test\cifake_1088 (3)\noise_s0.05.jpg
cifake_1141 (9),noise_s0.05,cifake,stable_diffusion,1,0.46776071190834045,data\cache\clean\test\cifake_1141 (9)\noise_s0.05.jpg
cifake_1297 (6),noise_s0.05,cifake,stable_diffusion,1,0.38218292593955994,data\cache\clean\test\cifake_1297 (6)\noise_s0.05.jpg
cifake_1483 (8),noise_s0.05,cifake,stable_diffusion,1,0.4279245436191559,data\cache\clean\test\cifake_1483 (8)\noise_s0.05.jpg
cifake_1710 (5),noise_s0.05,cifake,stable_diffusion,1,0.4652602970600128,data\cache\clean\test\cifake_1710 (5)\noise_s0.05.jpg
cifake_1867 (9),noise_s0.05,cifake,stable_diffusion,1,0.3431985676288605,data\cache\clean\test\cifake_1867 (9)\noise_s0.05.jpg
cifake_3309 (8),noise_s0.05,cifake,stable_diffusion,1,0.2831186354160309,data\cache\clean\test\cifake_3309 (8)\noise_s0.05.jpg
cifake_3971 (2),noise_s0.05,cifake,stable_diffusion,1,0.09306187182664871,data\cache\clean\test\cifake_3971 (2)\noise_s0.05.jpg
cifake_4074 (3),noise_s0.05,cifake,stable_diffusion,1,0.34104081988334656,data\cache\clean\test\cifake_4074 (3)\noise_s0.05.jpg
cifake_4221 (2),noise_s0.05,cifake,stable_diffusion,1,0.34587177634239197,data\cache\clean\test\cifake_4221 (2)\noise_s0.05.jpg
cifake_4459 (9),noise_s0.05,cifake,stable_diffusion,1,0.45729637145996094,data\cache\clean\test\cifake_4459 (9)\noise_s0.05.jpg
cifake_5943 (10),noise_s0.05,cifake,stable_diffusion,1,0.10899917781352997,data\cache\clean\test\cifake_5943 (10)\noise_s0.05.jpg
cifake_771 (8),noise_s0.05,cifake,stable_diffusion,1,0.03993046656250954,data\cache\clean\test\cifake_771 (8)\noise_s0.05.jpg
dalle_12052,noise_s0.05,dalle,dalle,1,0.07967773079872131,data\cache\clean\test\dalle_12052\noise_s0.05.jpg
dalle_13895,noise_s0.05,dalle,dalle,1,0.3171738088130951,data\cache\clean\test\dalle_13895\noise_s0.05.jpg
dalle_1895b86b74caac5dad51022c3d3b33df,noise_s0.05,dalle,dalle,1,0.024217551574110985,data\cache\clean\test\dalle_1895b86b74caac5dad51022c3d3b33df\noise_s0.05.jpg
dalle_20855,noise_s0.05,dalle,dalle,1,0.4254295527935028,data\cache\clean\test\dalle_20855\noise_s0.05.jpg
dalle_26203,noise_s0.05,dalle,dalle,1,0.24910669028759003,data\cache\clean\test\dalle_26203\noise_s0.05.jpg
dalle_29659,noise_s0.05,dalle,dalle,1,0.34506580233573914,data\cache\clean\test\dalle_29659\noise_s0.05.jpg
dalle_33159,noise_s0.05,dalle,dalle,1,0.23192144930362701,data\cache\clean\test\dalle_33159\noise_s0.05.jpg
dalle_35493,noise_s0.05,dalle,dalle,1,0.1804877519607544,data\cache\clean\test\dalle_35493\noise_s0.05.jpg
dalle_40387,noise_s0.05,dalle,dalle,1,0.09104681760072708,data\cache\clean\test\dalle_40387\noise_s0.05.jpg
dalle_41614,noise_s0.05,dalle,dalle,1,0.2038099765777588,data\cache\clean\test\dalle_41614\noise_s0.05.jpg
dalle_41791,noise_s0.05,dalle,dalle,1,0.31215593218803406,data\cache\clean\test\dalle_41791\noise_s0.05.jpg
dalle_6481,noise_s0.05,dalle,dalle,1,0.24324126541614532,data\cache\clean\test\dalle_6481\noise_s0.05.jpg
dalle_6f0f61883f111368d770c54801f33449,noise_s0.05,dalle,dalle,1,0.0336589515209198,data\cache\clean\test\dalle_6f0f61883f111368d770c54801f33449\noise_s0.05.jpg
dalle_8017,noise_s0.05,dalle,dalle,1,0.01726328209042549,data\cache\clean\test\dalle_8017\noise_s0.05.jpg
dalle_9068,noise_s0.05,dalle,dalle,1,0.0519087128341198,data\cache\clean\test\dalle_9068\noise_s0.05.jpg
gigagan_03263,noise_s0.05,gigagan,gigagan,1,0.30279064178466797,data\cache\clean\test\gigagan_03263\noise_s0.05.jpg
gigagan_03422,noise_s0.05,gigagan,gigagan,1,0.35241854190826416,data\cache\clean\test\gigagan_03422\noise_s0.05.jpg
gigagan_05738,noise_s0.05,gigagan,gigagan,1,0.3458768427371979,data\cache\clean\test\gigagan_05738\noise_s0.05.jpg
gigagan_06628,noise_s0.05,gigagan,gigagan,1,0.2739538848400116,data\cache\clean\test\gigagan_06628\noise_s0.05.jpg
gigagan_07177,noise_s0.05,gigagan,gigagan,1,0.3808109760284424,data\cache\clean\test\gigagan_07177\noise_s0.05.jpg
gigagan_07909,noise_s0.05,gigagan,gigagan,1,0.1502654254436493,data\cache\clean\test\gigagan_07909\noise_s0.05.jpg
gigagan_07986,noise_s0.05,gigagan,gigagan,1,0.44211113452911377,data\cache\clean\test\gigagan_07986\noise_s0.05.jpg
gigagan_08464,noise_s0.05,gigagan,gigagan,1,0.16603215038776398,data\cache\clean\test\gigagan_08464\noise_s0.05.jpg
gigagan_09026,noise_s0.05,gigagan,gigagan,1,0.09272036701440811,data\cache\clean\test\gigagan_09026\noise_s0.05.jpg
gigagan_09302,noise_s0.05,gigagan,gigagan,1,0.2110716551542282,data\cache\clean\test\gigagan_09302\noise_s0.05.jpg
gigagan_09458,noise_s0.05,gigagan,gigagan,1,0.08817284554243088,data\cache\clean\test\gigagan_09458\noise_s0.05.jpg
gigagan_10282,noise_s0.05,gigagan,gigagan,1,0.40529102087020874,data\cache\clean\test\gigagan_10282\noise_s0.05.jpg
gigagan_10769,noise_s0.05,gigagan,gigagan,1,0.1935976892709732,data\cache\clean\test\gigagan_10769\noise_s0.05.jpg
gigagan_10914,noise_s0.05,gigagan,gigagan,1,0.028817806392908096,data\cache\clean\test\gigagan_10914\noise_s0.05.jpg
gigagan_14071,noise_s0.05,gigagan,gigagan,1,0.018890850245952606,data\cache\clean\test\gigagan_14071\noise_s0.05.jpg
gigagan_14504,noise_s0.05,gigagan,gigagan,1,0.23227664828300476,data\cache\clean\test\gigagan_14504\noise_s0.05.jpg
gigagan_14858,noise_s0.05,gigagan,gigagan,1,0.12750504910945892,data\cache\clean\test\gigagan_14858\noise_s0.05.jpg
gigagan_15355,noise_s0.05,gigagan,gigagan,1,0.1091352328658104,data\cache\clean\test\gigagan_15355\noise_s0.05.jpg
gigagan_15561,noise_s0.05,gigagan,gigagan,1,0.21670196950435638,data\cache\clean\test\gigagan_15561\noise_s0.05.jpg
gigagan_15694,noise_s0.05,gigagan,gigagan,1,0.052612073719501495,data\cache\clean\test\gigagan_15694\noise_s0.05.jpg
gigagan_16357,noise_s0.05,gigagan,gigagan,1,0.11444132775068283,data\cache\clean\test\gigagan_16357\noise_s0.05.jpg
gigagan_16966,noise_s0.05,gigagan,gigagan,1,0.10845942795276642,data\cache\clean\test\gigagan_16966\noise_s0.05.jpg
gigagan_17666,noise_s0.05,gigagan,gigagan,1,0.08353302627801895,data\cache\clean\test\gigagan_17666\noise_s0.05.jpg
gigagan_18085,noise_s0.05,gigagan,gigagan,1,0.25666847825050354,data\cache\clean\test\gigagan_18085\noise_s0.05.jpg
gigagan_19199,noise_s0.05,gigagan,gigagan,1,0.14402487874031067,data\cache\clean\test\gigagan_19199\noise_s0.05.jpg
gigagan_19316,noise_s0.05,gigagan,gigagan,1,0.3103380501270294,data\cache\clean\test\gigagan_19316\noise_s0.05.jpg
gigagan_19940,noise_s0.05,gigagan,gigagan,1,0.48595404624938965,data\cache\clean\test\gigagan_19940\noise_s0.05.jpg
gigagan_20207,noise_s0.05,gigagan,gigagan,1,0.36145323514938354,data\cache\clean\test\gigagan_20207\noise_s0.05.jpg
gigagan_20316,noise_s0.05,gigagan,gigagan,1,0.15681913495063782,data\cache\clean\test\gigagan_20316\noise_s0.05.jpg
gigagan_20327,noise_s0.05,gigagan,gigagan,1,0.11002103239297867,data\cache\clean\test\gigagan_20327\noise_s0.05.jpg
gigagan_20468,noise_s0.05,gigagan,gigagan,1,0.45744338631629944,data\cache\clean\test\gigagan_20468\noise_s0.05.jpg
gigagan_20516,noise_s0.05,gigagan,gigagan,1,0.2924153506755829,data\cache\clean\test\gigagan_20516\noise_s0.05.jpg
gigagan_20968,noise_s0.05,gigagan,gigagan,1,0.07403939217329025,data\cache\clean\test\gigagan_20968\noise_s0.05.jpg
gigagan_21116,noise_s0.05,gigagan,gigagan,1,0.10514441132545471,data\cache\clean\test\gigagan_21116\noise_s0.05.jpg
gigagan_21166,noise_s0.05,gigagan,gigagan,1,0.44576939940452576,data\cache\clean\test\gigagan_21166\noise_s0.05.jpg
gigagan_21244,noise_s0.05,gigagan,gigagan,1,0.06026434525847435,data\cache\clean\test\gigagan_21244\noise_s0.05.jpg
gigagan_21611,noise_s0.05,gigagan,gigagan,1,0.1016489788889885,data\cache\clean\test\gigagan_21611\noise_s0.05.jpg
gigagan_22294,noise_s0.05,gigagan,gigagan,1,0.4612221121788025,data\cache\clean\test\gigagan_22294\noise_s0.05.jpg
gigagan_22418,noise_s0.05,gigagan,gigagan,1,0.2298063188791275,data\cache\clean\test\gigagan_22418\noise_s0.05.jpg
gigagan_22770,noise_s0.05,gigagan,gigagan,1,0.24419409036636353,data\cache\clean\test\gigagan_22770\noise_s0.05.jpg
gigagan_23134,noise_s0.05,gigagan,gigagan,1,0.10461480915546417,data\cache\clean\test\gigagan_23134\noise_s0.05.jpg
gigagan_23521,noise_s0.05,gigagan,gigagan,1,0.3047544062137604,data\cache\clean\test\gigagan_23521\noise_s0.05.jpg
gigagan_23834,noise_s0.05,gigagan,gigagan,1,0.20761315524578094,data\cache\clean\test\gigagan_23834\noise_s0.05.jpg
gigagan_24147,noise_s0.05,gigagan,gigagan,1,0.2912508249282837,data\cache\clean\test\gigagan_24147\noise_s0.05.jpg
gigagan_24377,noise_s0.05,gigagan,gigagan,1,0.04987775906920433,data\cache\clean\test\gigagan_24377\noise_s0.05.jpg
gigagan_24445,noise_s0.05,gigagan,gigagan,1,0.05858089029788971,data\cache\clean\test\gigagan_24445\noise_s0.05.jpg
gigagan_24679,noise_s0.05,gigagan,gigagan,1,0.3924509584903717,data\cache\clean\test\gigagan_24679\noise_s0.05.jpg
gigagan_24726,noise_s0.05,gigagan,gigagan,1,0.3454155921936035,data\cache\clean\test\gigagan_24726\noise_s0.05.jpg
gigagan_24933,noise_s0.05,gigagan,gigagan,1,0.27325841784477234,data\cache\clean\test\gigagan_24933\noise_s0.05.jpg
gigagan_25761,noise_s0.05,gigagan,gigagan,1,0.2390439808368683,data\cache\clean\test\gigagan_25761\noise_s0.05.jpg
gigagan_26067,noise_s0.05,gigagan,gigagan,1,0.37150171399116516,data\cache\clean\test\gigagan_26067\noise_s0.05.jpg
gigagan_26651,noise_s0.05,gigagan,gigagan,1,0.14494432508945465,data\cache\clean\test\gigagan_26651\noise_s0.05.jpg
gigagan_27542,noise_s0.05,gigagan,gigagan,1,0.45702528953552246,data\cache\clean\test\gigagan_27542\noise_s0.05.jpg
gigagan_27589,noise_s0.05,gigagan,gigagan,1,0.38525480031967163,data\cache\clean\test\gigagan_27589\noise_s0.05.jpg
gigagan_27621,noise_s0.05,gigagan,gigagan,1,0.21365150809288025,data\cache\clean\test\gigagan_27621\noise_s0.05.jpg
gigagan_28336,noise_s0.05,gigagan,gigagan,1,0.10112688690423965,data\cache\clean\test\gigagan_28336\noise_s0.05.jpg
gigagan_29456,noise_s0.05,gigagan,gigagan,1,0.17034383118152618,data\cache\clean\test\gigagan_29456\noise_s0.05.jpg
imagen3_045e6da6fd7f6fb0,noise_s0.05,imagen3,imagen3,1,0.12490470707416534,data\cache\clean\test\imagen3_045e6da6fd7f6fb0\noise_s0.05.jpg
imagen3_13ed1f9391224848,noise_s0.05,imagen3,imagen3,1,0.11773450672626495,data\cache\clean\test\imagen3_13ed1f9391224848\noise_s0.05.jpg
imagen3_15ae6310fb427bba,noise_s0.05,imagen3,imagen3,1,0.31639665365219116,data\cache\clean\test\imagen3_15ae6310fb427bba\noise_s0.05.jpg
imagen3_17643da56f35c6f7,noise_s0.05,imagen3,imagen3,1,0.04048502817749977,data\cache\clean\test\imagen3_17643da56f35c6f7\noise_s0.05.jpg
imagen3_1fe9a0379cffa709,noise_s0.05,imagen3,imagen3,1,0.2899560034275055,data\cache\clean\test\imagen3_1fe9a0379cffa709\noise_s0.05.jpg
imagen3_24e64d19ddde11cb,noise_s0.05,imagen3,imagen3,1,0.03938762843608856,data\cache\clean\test\imagen3_24e64d19ddde11cb\noise_s0.05.jpg
imagen3_260ae6b06f1f50e2,noise_s0.05,imagen3,imagen3,1,0.04308833181858063,data\cache\clean\test\imagen3_260ae6b06f1f50e2\noise_s0.05.jpg
imagen3_2be4510162a8a76e,noise_s0.05,imagen3,imagen3,1,0.28162574768066406,data\cache\clean\test\imagen3_2be4510162a8a76e\noise_s0.05.jpg
imagen3_3403b18fc93acbfc,noise_s0.05,imagen3,imagen3,1,0.06698937714099884,data\cache\clean\test\imagen3_3403b18fc93acbfc\noise_s0.05.jpg
imagen3_43058,noise_s0.05,imagen3,imagen3,1,0.21729467809200287,data\cache\clean\test\imagen3_43058\noise_s0.05.jpg
imagen3_519f5c348fe55fcd,noise_s0.05,imagen3,imagen3,1,0.31536850333213806,data\cache\clean\test\imagen3_519f5c348fe55fcd\noise_s0.05.jpg
imagen3_5e95809bd47d157b,noise_s0.05,imagen3,imagen3,1,0.36309006810188293,data\cache\clean\test\imagen3_5e95809bd47d157b\noise_s0.05.jpg
imagen3_69467160e53f71bc,noise_s0.05,imagen3,imagen3,1,0.30586716532707214,data\cache\clean\test\imagen3_69467160e53f71bc\noise_s0.05.jpg
imagen3_6a8270ea182a9194,noise_s0.05,imagen3,imagen3,1,0.10701438039541245,data\cache\clean\test\imagen3_6a8270ea182a9194\noise_s0.05.jpg
imagen3_6c7624322b04ce43,noise_s0.05,imagen3,imagen3,1,0.07019250839948654,data\cache\clean\test\imagen3_6c7624322b04ce43\noise_s0.05.jpg
imagen3_77fb2d4f372634f8,noise_s0.05,imagen3,imagen3,1,0.09478120505809784,data\cache\clean\test\imagen3_77fb2d4f372634f8\noise_s0.05.jpg
imagen3_8b13dc3bff918841,noise_s0.05,imagen3,imagen3,1,0.19921158254146576,data\cache\clean\test\imagen3_8b13dc3bff918841\noise_s0.05.jpg
imagen3_9e82651e214a25c8,noise_s0.05,imagen3,imagen3,1,0.463680237531662,data\cache\clean\test\imagen3_9e82651e214a25c8\noise_s0.05.jpg
imagen3_ad860df8c2a1a848,noise_s0.05,imagen3,imagen3,1,0.49149468541145325,data\cache\clean\test\imagen3_ad860df8c2a1a848\noise_s0.05.jpg
imagen3_b69c9976ced306d1,noise_s0.05,imagen3,imagen3,1,0.2418982982635498,data\cache\clean\test\imagen3_b69c9976ced306d1\noise_s0.05.jpg
imagen3_ca44bb7db1e73a9a,noise_s0.05,imagen3,imagen3,1,0.08703845739364624,data\cache\clean\test\imagen3_ca44bb7db1e73a9a\noise_s0.05.jpg
imagen3_e63f3b6f8bdee43a,noise_s0.05,imagen3,imagen3,1,0.08286943286657333,data\cache\clean\test\imagen3_e63f3b6f8bdee43a\noise_s0.05.jpg
imagen3_ea646e585cc24088,noise_s0.05,imagen3,imagen3,1,0.2819686830043793,data\cache\clean\test\imagen3_ea646e585cc24088\noise_s0.05.jpg
imagen3_eaf94916ce926270,noise_s0.05,imagen3,imagen3,1,0.4122624695301056,data\cache\clean\test\imagen3_eaf94916ce926270\noise_s0.05.jpg
imagen3_f2da05bffbe27dab,noise_s0.05,imagen3,imagen3,1,0.11097124963998795,data\cache\clean\test\imagen3_f2da05bffbe27dab\noise_s0.05.jpg
imagen3_fe7048efd51b15b8,noise_s0.05,imagen3,imagen3,1,0.4276304841041565,data\cache\clean\test\imagen3_fe7048efd51b15b8\noise_s0.05.jpg
imagen3_Imagen3_2877,noise_s0.05,imagen3,imagen3,1,0.41147086024284363,data\cache\clean\test\imagen3_Imagen3_2877\noise_s0.05.jpg
imagen3_Imagen3_3097,noise_s0.05,imagen3,imagen3,1,0.41853782534599304,data\cache\clean\test\imagen3_Imagen3_3097\noise_s0.05.jpg
imagen3_Imagen3_3747,noise_s0.05,imagen3,imagen3,1,0.4502076804637909,data\cache\clean\test\imagen3_Imagen3_3747\noise_s0.05.jpg
sidset_full_synthetic_001692,noise_s0.05,sidset,full_synthetic,1,0.007812476716935635,data\cache\clean\test\sidset_full_synthetic_001692\noise_s0.05.jpg
sidset_full_synthetic_031321,noise_s0.05,sidset,full_synthetic,1,0.1454925239086151,data\cache\clean\test\sidset_full_synthetic_031321\noise_s0.05.jpg
sidset_full_synthetic_033528,noise_s0.05,sidset,full_synthetic,1,0.12469709664583206,data\cache\clean\test\sidset_full_synthetic_033528\noise_s0.05.jpg
sidset_full_synthetic_033729,noise_s0.05,sidset,full_synthetic,1,0.33182916045188904,data\cache\clean\test\sidset_full_synthetic_033729\noise_s0.05.jpg
sidset_full_synthetic_037894,noise_s0.05,sidset,full_synthetic,1,0.4198268949985504,data\cache\clean\test\sidset_full_synthetic_037894\noise_s0.05.jpg
sidset_full_synthetic_040891,noise_s0.05,sidset,full_synthetic,1,0.2886500656604767,data\cache\clean\test\sidset_full_synthetic_040891\noise_s0.05.jpg
sidset_full_synthetic_048376,noise_s0.05,sidset,full_synthetic,1,0.16576442122459412,data\cache\clean\test\sidset_full_synthetic_048376\noise_s0.05.jpg
sidset_full_synthetic_053723,noise_s0.05,sidset,full_synthetic,1,0.3119186758995056,data\cache\clean\test\sidset_full_synthetic_053723\noise_s0.05.jpg
sidset_full_synthetic_054797,noise_s0.05,sidset,full_synthetic,1,0.3319966197013855,data\cache\clean\test\sidset_full_synthetic_054797\noise_s0.05.jpg
sidset_full_synthetic_060524,noise_s0.05,sidset,full_synthetic,1,0.05801832675933838,data\cache\clean\test\sidset_full_synthetic_060524\noise_s0.05.jpg
sidset_full_synthetic_060650,noise_s0.05,sidset,full_synthetic,1,0.3299567401409149,data\cache\clean\test\sidset_full_synthetic_060650\noise_s0.05.jpg
sidset_full_synthetic_063062,noise_s0.05,sidset,full_synthetic,1,0.1559033989906311,data\cache\clean\test\sidset_full_synthetic_063062\noise_s0.05.jpg
stylegan_xl_0097a2e24789bc7a,noise_s0.05,stylegan_xl,stylegan_xl,1,0.04021912068128586,data\cache\clean\test\stylegan_xl_0097a2e24789bc7a\noise_s0.05.jpg
stylegan_xl_00a4591cf03df584,noise_s0.05,stylegan_xl,stylegan_xl,1,0.01595514640212059,data\cache\clean\test\stylegan_xl_00a4591cf03df584\noise_s0.05.jpg
stylegan_xl_031391f1ab18ab62,noise_s0.05,stylegan_xl,stylegan_xl,1,0.39847809076309204,data\cache\clean\test\stylegan_xl_031391f1ab18ab62\noise_s0.05.jpg
stylegan_xl_0f7efa4c31bcd8f4,noise_s0.05,stylegan_xl,stylegan_xl,1,0.08320832997560501,data\cache\clean\test\stylegan_xl_0f7efa4c31bcd8f4\noise_s0.05.jpg
stylegan_xl_1060d58257bc5130,noise_s0.05,stylegan_xl,stylegan_xl,1,0.01972348429262638,data\cache\clean\test\stylegan_xl_1060d58257bc5130\noise_s0.05.jpg
stylegan_xl_17f8bf0ef8d2f478,noise_s0.05,stylegan_xl,stylegan_xl,1,0.4048599302768707,data\cache\clean\test\stylegan_xl_17f8bf0ef8d2f478\noise_s0.05.jpg
stylegan_xl_2013fe0d44f84041,noise_s0.05,stylegan_xl,stylegan_xl,1,0.00957500096410513,data\cache\clean\test\stylegan_xl_2013fe0d44f84041\noise_s0.05.jpg
stylegan_xl_324e332686aa6966,noise_s0.05,stylegan_xl,stylegan_xl,1,0.26675188541412354,data\cache\clean\test\stylegan_xl_324e332686aa6966\noise_s0.05.jpg
stylegan_xl_3621cf0be1fc8d68,noise_s0.05,stylegan_xl,stylegan_xl,1,0.15690499544143677,data\cache\clean\test\stylegan_xl_3621cf0be1fc8d68\noise_s0.05.jpg
stylegan_xl_38c489e3b0d8c700,noise_s0.05,stylegan_xl,stylegan_xl,1,0.1953740119934082,data\cache\clean\test\stylegan_xl_38c489e3b0d8c700\noise_s0.05.jpg
stylegan_xl_3b5e18f8fc06450d,noise_s0.05,stylegan_xl,stylegan_xl,1,0.006889145355671644,data\cache\clean\test\stylegan_xl_3b5e18f8fc06450d\noise_s0.05.jpg
stylegan_xl_48611,noise_s0.05,stylegan_xl,stylegan_xl,1,0.11128086596727371,data\cache\clean\test\stylegan_xl_48611\noise_s0.05.jpg
stylegan_xl_4f991f9638e28675,noise_s0.05,stylegan_xl,stylegan_xl,1,0.3168002665042877,data\cache\clean\test\stylegan_xl_4f991f9638e28675\noise_s0.05.jpg
stylegan_xl_548aed682dc65ef2,noise_s0.05,stylegan_xl,stylegan_xl,1,0.49069610238075256,data\cache\clean\test\stylegan_xl_548aed682dc65ef2\noise_s0.05.jpg
stylegan_xl_60ed9d3511d333bf,noise_s0.05,stylegan_xl,stylegan_xl,1,0.17932036519050598,data\cache\clean\test\stylegan_xl_60ed9d3511d333bf\noise_s0.05.jpg
stylegan_xl_729fee52c5b7f95b,noise_s0.05,stylegan_xl,stylegan_xl,1,0.1259651929140091,data\cache\clean\test\stylegan_xl_729fee52c5b7f95b\noise_s0.05.jpg
stylegan_xl_7d433e90bcd7bd53,noise_s0.05,stylegan_xl,stylegan_xl,1,0.012174878269433975,data\cache\clean\test\stylegan_xl_7d433e90bcd7bd53\noise_s0.05.jpg
stylegan_xl_7ffebe6032f8209f,noise_s0.05,stylegan_xl,stylegan_xl,1,0.2407277524471283,data\cache\clean\test\stylegan_xl_7ffebe6032f8209f\noise_s0.05.jpg
stylegan_xl_80fc8be6e7c11eb3,noise_s0.05,stylegan_xl,stylegan_xl,1,0.021798424422740936,data\cache\clean\test\stylegan_xl_80fc8be6e7c11eb3\noise_s0.05.jpg
stylegan_xl_8f9dfd75dde8914f,noise_s0.05,stylegan_xl,stylegan_xl,1,0.26107168197631836,data\cache\clean\test\stylegan_xl_8f9dfd75dde8914f\noise_s0.05.jpg
stylegan_xl_a1ed16fffc5ecb68,noise_s0.05,stylegan_xl,stylegan_xl,1,0.05682282894849777,data\cache\clean\test\stylegan_xl_a1ed16fffc5ecb68\noise_s0.05.jpg
stylegan_xl_a72f3ace10a8f550,noise_s0.05,stylegan_xl,stylegan_xl,1,0.03676367551088333,data\cache\clean\test\stylegan_xl_a72f3ace10a8f550\noise_s0.05.jpg
stylegan_xl_b6abe358484b287a,noise_s0.05,stylegan_xl,stylegan_xl,1,0.35870280861854553,data\cache\clean\test\stylegan_xl_b6abe358484b287a\noise_s0.05.jpg
stylegan_xl_cccbc1d57a7e095e,noise_s0.05,stylegan_xl,stylegan_xl,1,0.20467127859592438,data\cache\clean\test\stylegan_xl_cccbc1d57a7e095e\noise_s0.05.jpg
stylegan_xl_cf9c332a1ebfb587,noise_s0.05,stylegan_xl,stylegan_xl,1,0.1862715631723404,data\cache\clean\test\stylegan_xl_cf9c332a1ebfb587\noise_s0.05.jpg
stylegan_xl_d7c4ece8c8a01de0,noise_s0.05,stylegan_xl,stylegan_xl,1,0.12449429929256439,data\cache\clean\test\stylegan_xl_d7c4ece8c8a01de0\noise_s0.05.jpg
stylegan_xl_f4a503e24265a7e1,noise_s0.05,stylegan_xl,stylegan_xl,1,0.2850090563297272,data\cache\clean\test\stylegan_xl_f4a503e24265a7e1\noise_s0.05.jpg
stylegan_xl_fef6a66b8deaa7ab,noise_s0.05,stylegan_xl,stylegan_xl,1,0.08150181919336319,data\cache\clean\test\stylegan_xl_fef6a66b8deaa7ab\noise_s0.05.jpg
cifake_1028 (10),noise_s0.1,cifake,stable_diffusion,1,0.445470929145813,data\cache\clean\test\cifake_1028 (10)\noise_s0.1.jpg
cifake_1088 (3),noise_s0.1,cifake,stable_diffusion,1,0.1804380863904953,data\cache\clean\test\cifake_1088 (3)\noise_s0.1.jpg
cifake_1297 (6),noise_s0.1,cifake,stable_diffusion,1,0.22863814234733582,data\cache\clean\test\cifake_1297 (6)\noise_s0.1.jpg
cifake_1710 (5),noise_s0.1,cifake,stable_diffusion,1,0.40010687708854675,data\cache\clean\test\cifake_1710 (5)\noise_s0.1.jpg
cifake_1867 (9),noise_s0.1,cifake,stable_diffusion,1,0.30152982473373413,data\cache\clean\test\cifake_1867 (9)\noise_s0.1.jpg
cifake_2588 (7),noise_s0.1,cifake,stable_diffusion,1,0.4960249364376068,data\cache\clean\test\cifake_2588 (7)\noise_s0.1.jpg
cifake_3652 (2),noise_s0.1,cifake,stable_diffusion,1,0.18770632147789001,data\cache\clean\test\cifake_3652 (2)\noise_s0.1.jpg
cifake_3971 (2),noise_s0.1,cifake,stable_diffusion,1,0.2757500112056732,data\cache\clean\test\cifake_3971 (2)\noise_s0.1.jpg
cifake_4074 (3),noise_s0.1,cifake,stable_diffusion,1,0.22887101769447327,data\cache\clean\test\cifake_4074 (3)\noise_s0.1.jpg
cifake_4746 (3),noise_s0.1,cifake,stable_diffusion,1,0.44975560903549194,data\cache\clean\test\cifake_4746 (3)\noise_s0.1.jpg
cifake_5006 (3),noise_s0.1,cifake,stable_diffusion,1,0.476742684841156,data\cache\clean\test\cifake_5006 (3)\noise_s0.1.jpg
cifake_5110 (9),noise_s0.1,cifake,stable_diffusion,1,0.4800185263156891,data\cache\clean\test\cifake_5110 (9)\noise_s0.1.jpg
cifake_5943 (10),noise_s0.1,cifake,stable_diffusion,1,0.404661625623703,data\cache\clean\test\cifake_5943 (10)\noise_s0.1.jpg
cifake_771 (8),noise_s0.1,cifake,stable_diffusion,1,0.0405362993478775,data\cache\clean\test\cifake_771 (8)\noise_s0.1.jpg
dalle_10420,noise_s0.1,dalle,dalle,1,0.48945125937461853,data\cache\clean\test\dalle_10420\noise_s0.1.jpg
dalle_12052,noise_s0.1,dalle,dalle,1,0.00350016076117754,data\cache\clean\test\dalle_12052\noise_s0.1.jpg
dalle_13048,noise_s0.1,dalle,dalle,1,0.2372029721736908,data\cache\clean\test\dalle_13048\noise_s0.1.jpg
dalle_13108,noise_s0.1,dalle,dalle,1,0.25663039088249207,data\cache\clean\test\dalle_13108\noise_s0.1.jpg
dalle_1324,noise_s0.1,dalle,dalle,1,0.4603796899318695,data\cache\clean\test\dalle_1324\noise_s0.1.jpg
dalle_13377,noise_s0.1,dalle,dalle,1,0.47320178151130676,data\cache\clean\test\dalle_13377\noise_s0.1.jpg
dalle_13895,noise_s0.1,dalle,dalle,1,0.0788179561495781,data\cache\clean\test\dalle_13895\noise_s0.1.jpg
dalle_17768,noise_s0.1,dalle,dalle,1,0.2927224040031433,data\cache\clean\test\dalle_17768\noise_s0.1.jpg
dalle_1895b86b74caac5dad51022c3d3b33df,noise_s0.1,dalle,dalle,1,0.18222856521606445,data\cache\clean\test\dalle_1895b86b74caac5dad51022c3d3b33df\noise_s0.1.jpg
dalle_24599,noise_s0.1,dalle,dalle,1,0.28629225492477417,data\cache\clean\test\dalle_24599\noise_s0.1.jpg
dalle_26203,noise_s0.1,dalle,dalle,1,0.36213093996047974,data\cache\clean\test\dalle_26203\noise_s0.1.jpg
dalle_27874,noise_s0.1,dalle,dalle,1,0.2562083303928375,data\cache\clean\test\dalle_27874\noise_s0.1.jpg
dalle_32515,noise_s0.1,dalle,dalle,1,0.3234436810016632,data\cache\clean\test\dalle_32515\noise_s0.1.jpg
dalle_33159,noise_s0.1,dalle,dalle,1,0.2857584059238434,data\cache\clean\test\dalle_33159\noise_s0.1.jpg
dalle_33964,noise_s0.1,dalle,dalle,1,0.24620629847049713,data\cache\clean\test\dalle_33964\noise_s0.1.jpg
dalle_3469,noise_s0.1,dalle,dalle,1,0.44195839762687683,data\cache\clean\test\dalle_3469\noise_s0.1.jpg
dalle_35493,noise_s0.1,dalle,dalle,1,0.14512790739536285,data\cache\clean\test\dalle_35493\noise_s0.1.jpg
dalle_40387,noise_s0.1,dalle,dalle,1,0.06404836475849152,data\cache\clean\test\dalle_40387\noise_s0.1.jpg
dalle_41614,noise_s0.1,dalle,dalle,1,0.05101587623357773,data\cache\clean\test\dalle_41614\noise_s0.1.jpg
dalle_41791,noise_s0.1,dalle,dalle,1,0.10327500104904175,data\cache\clean\test\dalle_41791\noise_s0.1.jpg
dalle_6481,noise_s0.1,dalle,dalle,1,0.3750477135181427,data\cache\clean\test\dalle_6481\noise_s0.1.jpg
dalle_6f0f61883f111368d770c54801f33449,noise_s0.1,dalle,dalle,1,0.0742223709821701,data\cache\clean\test\dalle_6f0f61883f111368d770c54801f33449\noise_s0.1.jpg
dalle_8017,noise_s0.1,dalle,dalle,1,0.030156629160046577,data\cache\clean\test\dalle_8017\noise_s0.1.jpg
dalle_9068,noise_s0.1,dalle,dalle,1,0.011354425922036171,data\cache\clean\test\dalle_9068\noise_s0.1.jpg
dalle_9639,noise_s0.1,dalle,dalle,1,0.22232525050640106,data\cache\clean\test\dalle_9639\noise_s0.1.jpg
gigagan_03263,noise_s0.1,gigagan,gigagan,1,0.1487101912498474,data\cache\clean\test\gigagan_03263\noise_s0.1.jpg
gigagan_04662,noise_s0.1,gigagan,gigagan,1,0.09665977954864502,data\cache\clean\test\gigagan_04662\noise_s0.1.jpg
gigagan_05061,noise_s0.1,gigagan,gigagan,1,0.39644724130630493,data\cache\clean\test\gigagan_05061\noise_s0.1.jpg
gigagan_05738,noise_s0.1,gigagan,gigagan,1,0.38979941606521606,data\cache\clean\test\gigagan_05738\noise_s0.1.jpg
gigagan_05849,noise_s0.1,gigagan,gigagan,1,0.4314943850040436,data\cache\clean\test\gigagan_05849\noise_s0.1.jpg
gigagan_07909,noise_s0.1,gigagan,gigagan,1,0.15069934725761414,data\cache\clean\test\gigagan_07909\noise_s0.1.jpg
gigagan_07986,noise_s0.1,gigagan,gigagan,1,0.36358442902565,data\cache\clean\test\gigagan_07986\noise_s0.1.jpg
gigagan_08464,noise_s0.1,gigagan,gigagan,1,0.03948808088898659,data\cache\clean\test\gigagan_08464\noise_s0.1.jpg
gigagan_09026,noise_s0.1,gigagan,gigagan,1,0.0553017184138298,data\cache\clean\test\gigagan_09026\noise_s0.1.jpg
gigagan_09302,noise_s0.1,gigagan,gigagan,1,0.28333666920661926,data\cache\clean\test\gigagan_09302\noise_s0.1.jpg
gigagan_09458,noise_s0.1,gigagan,gigagan,1,0.06926977634429932,data\cache\clean\test\gigagan_09458\noise_s0.1.jpg
gigagan_10282,noise_s0.1,gigagan,gigagan,1,0.23224714398384094,data\cache\clean\test\gigagan_10282\noise_s0.1.jpg
gigagan_10655,noise_s0.1,gigagan,gigagan,1,0.41846391558647156,data\cache\clean\test\gigagan_10655\noise_s0.1.jpg
gigagan_10769,noise_s0.1,gigagan,gigagan,1,0.2254818081855774,data\cache\clean\test\gigagan_10769\noise_s0.1.jpg
gigagan_10914,noise_s0.1,gigagan,gigagan,1,0.0269770585000515,data\cache\clean\test\gigagan_10914\noise_s0.1.jpg
gigagan_11896,noise_s0.1,gigagan,gigagan,1,0.36290037631988525,data\cache\clean\test\gigagan_11896\noise_s0.1.jpg
gigagan_13110,noise_s0.1,gigagan,gigagan,1,0.37643003463745117,data\cache\clean\test\gigagan_13110\noise_s0.1.jpg
gigagan_14071,noise_s0.1,gigagan,gigagan,1,0.1237892434000969,data\cache\clean\test\gigagan_14071\noise_s0.1.jpg
gigagan_14138,noise_s0.1,gigagan,gigagan,1,0.2269982546567917,data\cache\clean\test\gigagan_14138\noise_s0.1.jpg
gigagan_14858,noise_s0.1,gigagan,gigagan,1,0.1392761915922165,data\cache\clean\test\gigagan_14858\noise_s0.1.jpg
gigagan_15355,noise_s0.1,gigagan,gigagan,1,0.08329156041145325,data\cache\clean\test\gigagan_15355\noise_s0.1.jpg
gigagan_15454,noise_s0.1,gigagan,gigagan,1,0.48712995648384094,data\cache\clean\test\gigagan_15454\noise_s0.1.jpg
gigagan_15561,noise_s0.1,gigagan,gigagan,1,0.20303098857402802,data\cache\clean\test\gigagan_15561\noise_s0.1.jpg
gigagan_15694,noise_s0.1,gigagan,gigagan,1,0.02688112109899521,data\cache\clean\test\gigagan_15694\noise_s0.1.jpg
gigagan_15949,noise_s0.1,gigagan,gigagan,1,0.44780272245407104,data\cache\clean\test\gigagan_15949\noise_s0.1.jpg
gigagan_16357,noise_s0.1,gigagan,gigagan,1,0.12133675813674927,data\cache\clean\test\gigagan_16357\noise_s0.1.jpg
gigagan_16702,noise_s0.1,gigagan,gigagan,1,0.2954083979129791,data\cache\clean\test\gigagan_16702\noise_s0.1.jpg
gigagan_16966,noise_s0.1,gigagan,gigagan,1,0.28926122188568115,data\cache\clean\test\gigagan_16966\noise_s0.1.jpg
gigagan_18085,noise_s0.1,gigagan,gigagan,1,0.26738235354423523,data\cache\clean\test\gigagan_18085\noise_s0.1.jpg
gigagan_18092,noise_s0.1,gigagan,gigagan,1,0.43383166193962097,data\cache\clean\test\gigagan_18092\noise_s0.1.jpg
gigagan_18143,noise_s0.1,gigagan,gigagan,1,0.33282777667045593,data\cache\clean\test\gigagan_18143\noise_s0.1.jpg
gigagan_18704,noise_s0.1,gigagan,gigagan,1,0.24432241916656494,data\cache\clean\test\gigagan_18704\noise_s0.1.jpg
gigagan_19199,noise_s0.1,gigagan,gigagan,1,0.06713901460170746,data\cache\clean\test\gigagan_19199\noise_s0.1.jpg
gigagan_19316,noise_s0.1,gigagan,gigagan,1,0.25904086232185364,data\cache\clean\test\gigagan_19316\noise_s0.1.jpg
gigagan_20207,noise_s0.1,gigagan,gigagan,1,0.3292316496372223,data\cache\clean\test\gigagan_20207\noise_s0.1.jpg
gigagan_20316,noise_s0.1,gigagan,gigagan,1,0.4880264699459076,data\cache\clean\test\gigagan_20316\noise_s0.1.jpg
gigagan_20327,noise_s0.1,gigagan,gigagan,1,0.11869203299283981,data\cache\clean\test\gigagan_20327\noise_s0.1.jpg
gigagan_20516,noise_s0.1,gigagan,gigagan,1,0.4574190080165863,data\cache\clean\test\gigagan_20516\noise_s0.1.jpg
gigagan_20756,noise_s0.1,gigagan,gigagan,1,0.2628040909767151,data\cache\clean\test\gigagan_20756\noise_s0.1.jpg
gigagan_20968,noise_s0.1,gigagan,gigagan,1,0.04787555709481239,data\cache\clean\test\gigagan_20968\noise_s0.1.jpg
gigagan_21116,noise_s0.1,gigagan,gigagan,1,0.4727434813976288,data\cache\clean\test\gigagan_21116\noise_s0.1.jpg
gigagan_21166,noise_s0.1,gigagan,gigagan,1,0.3167230486869812,data\cache\clean\test\gigagan_21166\noise_s0.1.jpg
gigagan_21185,noise_s0.1,gigagan,gigagan,1,0.1117849349975586,data\cache\clean\test\gigagan_21185\noise_s0.1.jpg
gigagan_21244,noise_s0.1,gigagan,gigagan,1,0.05438878759741783,data\cache\clean\test\gigagan_21244\noise_s0.1.jpg
gigagan_21611,noise_s0.1,gigagan,gigagan,1,0.11164800822734833,data\cache\clean\test\gigagan_21611\noise_s0.1.jpg
gigagan_22418,noise_s0.1,gigagan,gigagan,1,0.19826507568359375,data\cache\clean\test\gigagan_22418\noise_s0.1.jpg
gigagan_22533,noise_s0.1,gigagan,gigagan,1,0.18750526010990143,data\cache\clean\test\gigagan_22533\noise_s0.1.jpg
gigagan_22698,noise_s0.1,gigagan,gigagan,1,0.3186371326446533,data\cache\clean\test\gigagan_22698\noise_s0.1.jpg
gigagan_22770,noise_s0.1,gigagan,gigagan,1,0.26594820618629456,data\cache\clean\test\gigagan_22770\noise_s0.1.jpg
gigagan_23134,noise_s0.1,gigagan,gigagan,1,0.21387116611003876,data\cache\clean\test\gigagan_23134\noise_s0.1.jpg
gigagan_23264,noise_s0.1,gigagan,gigagan,1,0.14338253438472748,data\cache\clean\test\gigagan_23264\noise_s0.1.jpg
gigagan_23523,noise_s0.1,gigagan,gigagan,1,0.24747340381145477,data\cache\clean\test\gigagan_23523\noise_s0.1.jpg
gigagan_23834,noise_s0.1,gigagan,gigagan,1,0.3579188287258148,data\cache\clean\test\gigagan_23834\noise_s0.1.jpg
gigagan_24147,noise_s0.1,gigagan,gigagan,1,0.2596404552459717,data\cache\clean\test\gigagan_24147\noise_s0.1.jpg
gigagan_24377,noise_s0.1,gigagan,gigagan,1,0.45003199577331543,data\cache\clean\test\gigagan_24377\noise_s0.1.jpg
gigagan_24445,noise_s0.1,gigagan,gigagan,1,0.24883818626403809,data\cache\clean\test\gigagan_24445\noise_s0.1.jpg
gigagan_24679,noise_s0.1,gigagan,gigagan,1,0.4827001392841339,data\cache\clean\test\gigagan_24679\noise_s0.1.jpg
gigagan_24707,noise_s0.1,gigagan,gigagan,1,0.35318952798843384,data\cache\clean\test\gigagan_24707\noise_s0.1.jpg
gigagan_24726,noise_s0.1,gigagan,gigagan,1,0.13710081577301025,data\cache\clean\test\gigagan_24726\noise_s0.1.jpg
gigagan_24933,noise_s0.1,gigagan,gigagan,1,0.32635149359703064,data\cache\clean\test\gigagan_24933\noise_s0.1.jpg
gigagan_25761,noise_s0.1,gigagan,gigagan,1,0.26473644375801086,data\cache\clean\test\gigagan_25761\noise_s0.1.jpg
gigagan_26651,noise_s0.1,gigagan,gigagan,1,0.1315782070159912,data\cache\clean\test\gigagan_26651\noise_s0.1.jpg
gigagan_27621,noise_s0.1,gigagan,gigagan,1,0.09984863549470901,data\cache\clean\test\gigagan_27621\noise_s0.1.jpg
gigagan_28336,noise_s0.1,gigagan,gigagan,1,0.41904035210609436,data\cache\clean\test\gigagan_28336\noise_s0.1.jpg
gigagan_29456,noise_s0.1,gigagan,gigagan,1,0.10056257992982864,data\cache\clean\test\gigagan_29456\noise_s0.1.jpg
gigagan_29526,noise_s0.1,gigagan,gigagan,1,0.4370203912258148,data\cache\clean\test\gigagan_29526\noise_s0.1.jpg
imagen3_045e6da6fd7f6fb0,noise_s0.1,imagen3,imagen3,1,0.43804246187210083,data\cache\clean\test\imagen3_045e6da6fd7f6fb0\noise_s0.1.jpg
imagen3_04e3097ac2f57647,noise_s0.1,imagen3,imagen3,1,0.2556318938732147,data\cache\clean\test\imagen3_04e3097ac2f57647\noise_s0.1.jpg
imagen3_13ed1f9391224848,noise_s0.1,imagen3,imagen3,1,0.2983814775943756,data\cache\clean\test\imagen3_13ed1f9391224848\noise_s0.1.jpg
imagen3_15ae6310fb427bba,noise_s0.1,imagen3,imagen3,1,0.10002493858337402,data\cache\clean\test\imagen3_15ae6310fb427bba\noise_s0.1.jpg
imagen3_17643da56f35c6f7,noise_s0.1,imagen3,imagen3,1,0.05032651871442795,data\cache\clean\test\imagen3_17643da56f35c6f7\noise_s0.1.jpg
imagen3_1fe9a0379cffa709,noise_s0.1,imagen3,imagen3,1,0.2656049430370331,data\cache\clean\test\imagen3_1fe9a0379cffa709\noise_s0.1.jpg
imagen3_24e64d19ddde11cb,noise_s0.1,imagen3,imagen3,1,0.053075842559337616,data\cache\clean\test\imagen3_24e64d19ddde11cb\noise_s0.1.jpg
imagen3_260ae6b06f1f50e2,noise_s0.1,imagen3,imagen3,1,0.05758068710565567,data\cache\clean\test\imagen3_260ae6b06f1f50e2\noise_s0.1.jpg
imagen3_28696176504334fe,noise_s0.1,imagen3,imagen3,1,0.3819783627986908,data\cache\clean\test\imagen3_28696176504334fe\noise_s0.1.jpg
imagen3_2be4510162a8a76e,noise_s0.1,imagen3,imagen3,1,0.43673428893089294,data\cache\clean\test\imagen3_2be4510162a8a76e\noise_s0.1.jpg
imagen3_3403b18fc93acbfc,noise_s0.1,imagen3,imagen3,1,0.107354536652565,data\cache\clean\test\imagen3_3403b18fc93acbfc\noise_s0.1.jpg
imagen3_43058,noise_s0.1,imagen3,imagen3,1,0.4145001769065857,data\cache\clean\test\imagen3_43058\noise_s0.1.jpg
imagen3_519f5c348fe55fcd,noise_s0.1,imagen3,imagen3,1,0.1393764317035675,data\cache\clean\test\imagen3_519f5c348fe55fcd\noise_s0.1.jpg
imagen3_53632,noise_s0.1,imagen3,imagen3,1,0.13185986876487732,data\cache\clean\test\imagen3_53632\noise_s0.1.jpg
imagen3_5e95809bd47d157b,noise_s0.1,imagen3,imagen3,1,0.4944928288459778,data\cache\clean\test\imagen3_5e95809bd47d157b\noise_s0.1.jpg
imagen3_69467160e53f71bc,noise_s0.1,imagen3,imagen3,1,0.2072196751832962,data\cache\clean\test\imagen3_69467160e53f71bc\noise_s0.1.jpg
imagen3_6a8270ea182a9194,noise_s0.1,imagen3,imagen3,1,0.0714627131819725,data\cache\clean\test\imagen3_6a8270ea182a9194\noise_s0.1.jpg
imagen3_6c7624322b04ce43,noise_s0.1,imagen3,imagen3,1,0.1000419482588768,data\cache\clean\test\imagen3_6c7624322b04ce43\noise_s0.1.jpg
imagen3_77fb2d4f372634f8,noise_s0.1,imagen3,imagen3,1,0.15470729768276215,data\cache\clean\test\imagen3_77fb2d4f372634f8\noise_s0.1.jpg
imagen3_7e3e1e738f642f1a,noise_s0.1,imagen3,imagen3,1,0.4609069526195526,data\cache\clean\test\imagen3_7e3e1e738f642f1a\noise_s0.1.jpg
imagen3_7ee1485909c59826,noise_s0.1,imagen3,imagen3,1,0.4104902446269989,data\cache\clean\test\imagen3_7ee1485909c59826\noise_s0.1.jpg
imagen3_8b13dc3bff918841,noise_s0.1,imagen3,imagen3,1,0.18673378229141235,data\cache\clean\test\imagen3_8b13dc3bff918841\noise_s0.1.jpg
imagen3_8c20e4bf83ffff36,noise_s0.1,imagen3,imagen3,1,0.39026233553886414,data\cache\clean\test\imagen3_8c20e4bf83ffff36\noise_s0.1.jpg
imagen3_8e6f8acd28fd8f35,noise_s0.1,imagen3,imagen3,1,0.3015579581260681,data\cache\clean\test\imagen3_8e6f8acd28fd8f35\noise_s0.1.jpg
imagen3_9e82651e214a25c8,noise_s0.1,imagen3,imagen3,1,0.21956400573253632,data\cache\clean\test\imagen3_9e82651e214a25c8\noise_s0.1.jpg
imagen3_aa13646e437b7afa,noise_s0.1,imagen3,imagen3,1,0.47881510853767395,data\cache\clean\test\imagen3_aa13646e437b7afa\noise_s0.1.jpg
imagen3_b69c9976ced306d1,noise_s0.1,imagen3,imagen3,1,0.24753041565418243,data\cache\clean\test\imagen3_b69c9976ced306d1\noise_s0.1.jpg
imagen3_ca44bb7db1e73a9a,noise_s0.1,imagen3,imagen3,1,0.01598396524786949,data\cache\clean\test\imagen3_ca44bb7db1e73a9a\noise_s0.1.jpg
imagen3_e63f3b6f8bdee43a,noise_s0.1,imagen3,imagen3,1,0.04586497321724892,data\cache\clean\test\imagen3_e63f3b6f8bdee43a\noise_s0.1.jpg
imagen3_ea646e585cc24088,noise_s0.1,imagen3,imagen3,1,0.48421815037727356,data\cache\clean\test\imagen3_ea646e585cc24088\noise_s0.1.jpg
imagen3_eaf94916ce926270,noise_s0.1,imagen3,imagen3,1,0.4602735936641693,data\cache\clean\test\imagen3_eaf94916ce926270\noise_s0.1.jpg
imagen3_f2da05bffbe27dab,noise_s0.1,imagen3,imagen3,1,0.22322504222393036,data\cache\clean\test\imagen3_f2da05bffbe27dab\noise_s0.1.jpg
imagen3_f69a20bda8f47fea,noise_s0.1,imagen3,imagen3,1,0.4184158742427826,data\cache\clean\test\imagen3_f69a20bda8f47fea\noise_s0.1.jpg
imagen3_fd568a2839353a92,noise_s0.1,imagen3,imagen3,1,0.4569004774093628,data\cache\clean\test\imagen3_fd568a2839353a92\noise_s0.1.jpg
imagen3_Imagen3_3747,noise_s0.1,imagen3,imagen3,1,0.21908104419708252,data\cache\clean\test\imagen3_Imagen3_3747\noise_s0.1.jpg
sidset_full_synthetic_001692,noise_s0.1,sidset,full_synthetic,1,0.24246466159820557,data\cache\clean\test\sidset_full_synthetic_001692\noise_s0.1.jpg
sidset_full_synthetic_004754,noise_s0.1,sidset,full_synthetic,1,0.4428878128528595,data\cache\clean\test\sidset_full_synthetic_004754\noise_s0.1.jpg
sidset_full_synthetic_031321,noise_s0.1,sidset,full_synthetic,1,0.23569990694522858,data\cache\clean\test\sidset_full_synthetic_031321\noise_s0.1.jpg
sidset_full_synthetic_033528,noise_s0.1,sidset,full_synthetic,1,0.10098037123680115,data\cache\clean\test\sidset_full_synthetic_033528\noise_s0.1.jpg
sidset_full_synthetic_033729,noise_s0.1,sidset,full_synthetic,1,0.34668028354644775,data\cache\clean\test\sidset_full_synthetic_033729\noise_s0.1.jpg
sidset_full_synthetic_040891,noise_s0.1,sidset,full_synthetic,1,0.17263154685497284,data\cache\clean\test\sidset_full_synthetic_040891\noise_s0.1.jpg
sidset_full_synthetic_048376,noise_s0.1,sidset,full_synthetic,1,0.4639454185962677,data\cache\clean\test\sidset_full_synthetic_048376\noise_s0.1.jpg
sidset_full_synthetic_053723,noise_s0.1,sidset,full_synthetic,1,0.30239591002464294,data\cache\clean\test\sidset_full_synthetic_053723\noise_s0.1.jpg
sidset_full_synthetic_054797,noise_s0.1,sidset,full_synthetic,1,0.07277984917163849,data\cache\clean\test\sidset_full_synthetic_054797\noise_s0.1.jpg
sidset_full_synthetic_060524,noise_s0.1,sidset,full_synthetic,1,0.04242077097296715,data\cache\clean\test\sidset_full_synthetic_060524\noise_s0.1.jpg
sidset_full_synthetic_063062,noise_s0.1,sidset,full_synthetic,1,0.1982983648777008,data\cache\clean\test\sidset_full_synthetic_063062\noise_s0.1.jpg
stylegan_xl_0097a2e24789bc7a,noise_s0.1,stylegan_xl,stylegan_xl,1,0.08879359811544418,data\cache\clean\test\stylegan_xl_0097a2e24789bc7a\noise_s0.1.jpg
stylegan_xl_00a4591cf03df584,noise_s0.1,stylegan_xl,stylegan_xl,1,0.008307881653308868,data\cache\clean\test\stylegan_xl_00a4591cf03df584\noise_s0.1.jpg
stylegan_xl_031391f1ab18ab62,noise_s0.1,stylegan_xl,stylegan_xl,1,0.29037776589393616,data\cache\clean\test\stylegan_xl_031391f1ab18ab62\noise_s0.1.jpg
stylegan_xl_0f7efa4c31bcd8f4,noise_s0.1,stylegan_xl,stylegan_xl,1,0.11422956734895706,data\cache\clean\test\stylegan_xl_0f7efa4c31bcd8f4\noise_s0.1.jpg
stylegan_xl_1060d58257bc5130,noise_s0.1,stylegan_xl,stylegan_xl,1,0.015541138127446175,data\cache\clean\test\stylegan_xl_1060d58257bc5130\noise_s0.1.jpg
stylegan_xl_17f8bf0ef8d2f478,noise_s0.1,stylegan_xl,stylegan_xl,1,0.4236682653427124,data\cache\clean\test\stylegan_xl_17f8bf0ef8d2f478\noise_s0.1.jpg
stylegan_xl_2013fe0d44f84041,noise_s0.1,stylegan_xl,stylegan_xl,1,0.02960318699479103,data\cache\clean\test\stylegan_xl_2013fe0d44f84041\noise_s0.1.jpg
stylegan_xl_324e332686aa6966,noise_s0.1,stylegan_xl,stylegan_xl,1,0.2954077124595642,data\cache\clean\test\stylegan_xl_324e332686aa6966\noise_s0.1.jpg
stylegan_xl_3621cf0be1fc8d68,noise_s0.1,stylegan_xl,stylegan_xl,1,0.09720758348703384,data\cache\clean\test\stylegan_xl_3621cf0be1fc8d68\noise_s0.1.jpg
stylegan_xl_38c489e3b0d8c700,noise_s0.1,stylegan_xl,stylegan_xl,1,0.3538650870323181,data\cache\clean\test\stylegan_xl_38c489e3b0d8c700\noise_s0.1.jpg
stylegan_xl_3b5e18f8fc06450d,noise_s0.1,stylegan_xl,stylegan_xl,1,0.1579267531633377,data\cache\clean\test\stylegan_xl_3b5e18f8fc06450d\noise_s0.1.jpg
stylegan_xl_47343,noise_s0.1,stylegan_xl,stylegan_xl,1,0.428515762090683,data\cache\clean\test\stylegan_xl_47343\noise_s0.1.jpg
stylegan_xl_48611,noise_s0.1,stylegan_xl,stylegan_xl,1,0.05126083269715309,data\cache\clean\test\stylegan_xl_48611\noise_s0.1.jpg
stylegan_xl_49074,noise_s0.1,stylegan_xl,stylegan_xl,1,0.4636029601097107,data\cache\clean\test\stylegan_xl_49074\noise_s0.1.jpg
stylegan_xl_4f991f9638e28675,noise_s0.1,stylegan_xl,stylegan_xl,1,0.33613815903663635,data\cache\clean\test\stylegan_xl_4f991f9638e28675\noise_s0.1.jpg
stylegan_xl_53453,noise_s0.1,stylegan_xl,stylegan_xl,1,0.46732297539711,data\cache\clean\test\stylegan_xl_53453\noise_s0.1.jpg
stylegan_xl_548aed682dc65ef2,noise_s0.1,stylegan_xl,stylegan_xl,1,0.3358624577522278,data\cache\clean\test\stylegan_xl_548aed682dc65ef2\noise_s0.1.jpg
stylegan_xl_60ed9d3511d333bf,noise_s0.1,stylegan_xl,stylegan_xl,1,0.12233144789934158,data\cache\clean\test\stylegan_xl_60ed9d3511d333bf\noise_s0.1.jpg
stylegan_xl_729fee52c5b7f95b,noise_s0.1,stylegan_xl,stylegan_xl,1,0.09981308877468109,data\cache\clean\test\stylegan_xl_729fee52c5b7f95b\noise_s0.1.jpg
stylegan_xl_7d433e90bcd7bd53,noise_s0.1,stylegan_xl,stylegan_xl,1,0.004874725826084614,data\cache\clean\test\stylegan_xl_7d433e90bcd7bd53\noise_s0.1.jpg
stylegan_xl_7ffebe6032f8209f,noise_s0.1,stylegan_xl,stylegan_xl,1,0.275267630815506,data\cache\clean\test\stylegan_xl_7ffebe6032f8209f\noise_s0.1.jpg
stylegan_xl_80fc8be6e7c11eb3,noise_s0.1,stylegan_xl,stylegan_xl,1,0.012530398555099964,data\cache\clean\test\stylegan_xl_80fc8be6e7c11eb3\noise_s0.1.jpg
stylegan_xl_8461b1ae87c22c20,noise_s0.1,stylegan_xl,stylegan_xl,1,0.3150220215320587,data\cache\clean\test\stylegan_xl_8461b1ae87c22c20\noise_s0.1.jpg
stylegan_xl_8f9dfd75dde8914f,noise_s0.1,stylegan_xl,stylegan_xl,1,0.19716767966747284,data\cache\clean\test\stylegan_xl_8f9dfd75dde8914f\noise_s0.1.jpg
stylegan_xl_a1ed16fffc5ecb68,noise_s0.1,stylegan_xl,stylegan_xl,1,0.0774947851896286,data\cache\clean\test\stylegan_xl_a1ed16fffc5ecb68\noise_s0.1.jpg
stylegan_xl_a72f3ace10a8f550,noise_s0.1,stylegan_xl,stylegan_xl,1,0.13057613372802734,data\cache\clean\test\stylegan_xl_a72f3ace10a8f550\noise_s0.1.jpg
stylegan_xl_ae09b95535340878,noise_s0.1,stylegan_xl,stylegan_xl,1,0.4984731376171112,data\cache\clean\test\stylegan_xl_ae09b95535340878\noise_s0.1.jpg
stylegan_xl_bd69757ff485d03e,noise_s0.1,stylegan_xl,stylegan_xl,1,0.26031187176704407,data\cache\clean\test\stylegan_xl_bd69757ff485d03e\noise_s0.1.jpg
stylegan_xl_cccbc1d57a7e095e,noise_s0.1,stylegan_xl,stylegan_xl,1,0.2057880163192749,data\cache\clean\test\stylegan_xl_cccbc1d57a7e095e\noise_s0.1.jpg
stylegan_xl_cf9c332a1ebfb587,noise_s0.1,stylegan_xl,stylegan_xl,1,0.41447263956069946,data\cache\clean\test\stylegan_xl_cf9c332a1ebfb587\noise_s0.1.jpg
stylegan_xl_d686a15f05d09472,noise_s0.1,stylegan_xl,stylegan_xl,1,0.34745755791664124,data\cache\clean\test\stylegan_xl_d686a15f05d09472\noise_s0.1.jpg
stylegan_xl_d7c4ece8c8a01de0,noise_s0.1,stylegan_xl,stylegan_xl,1,0.10304657369852066,data\cache\clean\test\stylegan_xl_d7c4ece8c8a01de0\noise_s0.1.jpg
stylegan_xl_e4b8e7ef72cabaf2,noise_s0.1,stylegan_xl,stylegan_xl,1,0.49968042969703674,data\cache\clean\test\stylegan_xl_e4b8e7ef72cabaf2\noise_s0.1.jpg
stylegan_xl_f4a503e24265a7e1,noise_s0.1,stylegan_xl,stylegan_xl,1,0.33330273628234863,data\cache\clean\test\stylegan_xl_f4a503e24265a7e1\noise_s0.1.jpg
stylegan_xl_fef6a66b8deaa7ab,noise_s0.1,stylegan_xl,stylegan_xl,1,0.027227120473980904,data\cache\clean\test\stylegan_xl_fef6a66b8deaa7ab\noise_s0.1.jpg
cifake_1028 (10),resize_0.25,cifake,stable_diffusion,1,0.3083849251270294,data\cache\clean\test\cifake_1028 (10)\resize_0.25.jpg
cifake_1088 (3),resize_0.25,cifake,stable_diffusion,1,0.16038119792938232,data\cache\clean\test\cifake_1088 (3)\resize_0.25.jpg
cifake_1297 (6),resize_0.25,cifake,stable_diffusion,1,0.30447086691856384,data\cache\clean\test\cifake_1297 (6)\resize_0.25.jpg
cifake_1867 (9),resize_0.25,cifake,stable_diffusion,1,0.16420473158359528,data\cache\clean\test\cifake_1867 (9)\resize_0.25.jpg
cifake_2293 (9),resize_0.25,cifake,stable_diffusion,1,0.05704612657427788,data\cache\clean\test\cifake_2293 (9)\resize_0.25.jpg
cifake_2790 (9),resize_0.25,cifake,stable_diffusion,1,0.07837629318237305,data\cache\clean\test\cifake_2790 (9)\resize_0.25.jpg
cifake_3339 (9),resize_0.25,cifake,stable_diffusion,1,0.23451893031597137,data\cache\clean\test\cifake_3339 (9)\resize_0.25.jpg
cifake_3379 (8),resize_0.25,cifake,stable_diffusion,1,0.41206490993499756,data\cache\clean\test\cifake_3379 (8)\resize_0.25.jpg
cifake_3395 (5),resize_0.25,cifake,stable_diffusion,1,0.22469621896743774,data\cache\clean\test\cifake_3395 (5)\resize_0.25.jpg
cifake_4127 (3),resize_0.25,cifake,stable_diffusion,1,0.26562559604644775,data\cache\clean\test\cifake_4127 (3)\resize_0.25.jpg
cifake_4221 (2),resize_0.25,cifake,stable_diffusion,1,0.0492786169052124,data\cache\clean\test\cifake_4221 (2)\resize_0.25.jpg
cifake_4615 (3),resize_0.25,cifake,stable_diffusion,1,0.15786725282669067,data\cache\clean\test\cifake_4615 (3)\resize_0.25.jpg
cifake_4670 (4),resize_0.25,cifake,stable_diffusion,1,0.28487399220466614,data\cache\clean\test\cifake_4670 (4)\resize_0.25.jpg
cifake_5110 (9),resize_0.25,cifake,stable_diffusion,1,0.3565797805786133,data\cache\clean\test\cifake_5110 (9)\resize_0.25.jpg
cifake_5607 (3),resize_0.25,cifake,stable_diffusion,1,0.048626504838466644,data\cache\clean\test\cifake_5607 (3)\resize_0.25.jpg
cifake_5943 (10),resize_0.25,cifake,stable_diffusion,1,0.030630825087428093,data\cache\clean\test\cifake_5943 (10)\resize_0.25.jpg
cifake_771 (8),resize_0.25,cifake,stable_diffusion,1,0.13718841969966888,data\cache\clean\test\cifake_771 (8)\resize_0.25.jpg
cifake_841 (4),resize_0.25,cifake,stable_diffusion,1,0.49521270394325256,data\cache\clean\test\cifake_841 (4)\resize_0.25.jpg
dalle_10420,resize_0.25,dalle,dalle,1,0.3838593065738678,data\cache\clean\test\dalle_10420\resize_0.25.jpg
dalle_12171,resize_0.25,dalle,dalle,1,0.40712904930114746,data\cache\clean\test\dalle_12171\resize_0.25.jpg
dalle_13108,resize_0.25,dalle,dalle,1,0.4028015732765198,data\cache\clean\test\dalle_13108\resize_0.25.jpg
dalle_13820,resize_0.25,dalle,dalle,1,0.47136837244033813,data\cache\clean\test\dalle_13820\resize_0.25.jpg
dalle_13895,resize_0.25,dalle,dalle,1,0.28101566433906555,data\cache\clean\test\dalle_13895\resize_0.25.jpg
dalle_1895b86b74caac5dad51022c3d3b33df,resize_0.25,dalle,dalle,1,0.10434074699878693,data\cache\clean\test\dalle_1895b86b74caac5dad51022c3d3b33df\resize_0.25.jpg
dalle_20855,resize_0.25,dalle,dalle,1,0.38933056592941284,data\cache\clean\test\dalle_20855\resize_0.25.jpg
dalle_24299,resize_0.25,dalle,dalle,1,0.4957265257835388,data\cache\clean\test\dalle_24299\resize_0.25.jpg
dalle_26611,resize_0.25,dalle,dalle,1,0.30719348788261414,data\cache\clean\test\dalle_26611\resize_0.25.jpg
dalle_29659,resize_0.25,dalle,dalle,1,0.3025079071521759,data\cache\clean\test\dalle_29659\resize_0.25.jpg
dalle_3469,resize_0.25,dalle,dalle,1,0.3095628023147583,data\cache\clean\test\dalle_3469\resize_0.25.jpg
dalle_35493,resize_0.25,dalle,dalle,1,0.25568586587905884,data\cache\clean\test\dalle_35493\resize_0.25.jpg
dalle_3c589aa7fd4a6705f1fd7918daf4ffb9,resize_0.25,dalle,dalle,1,0.4630510210990906,data\cache\clean\test\dalle_3c589aa7fd4a6705f1fd7918daf4ffb9\resize_0.25.jpg
dalle_40387,resize_0.25,dalle,dalle,1,0.01611962355673313,data\cache\clean\test\dalle_40387\resize_0.25.jpg
dalle_41791,resize_0.25,dalle,dalle,1,0.3643375337123871,data\cache\clean\test\dalle_41791\resize_0.25.jpg
dalle_6f0f61883f111368d770c54801f33449,resize_0.25,dalle,dalle,1,0.017759600654244423,data\cache\clean\test\dalle_6f0f61883f111368d770c54801f33449\resize_0.25.jpg
dalle_8017,resize_0.25,dalle,dalle,1,0.017609132453799248,data\cache\clean\test\dalle_8017\resize_0.25.jpg
dalle_9068,resize_0.25,dalle,dalle,1,0.07813163846731186,data\cache\clean\test\dalle_9068\resize_0.25.jpg
gigagan_02234,resize_0.25,gigagan,gigagan,1,0.3671746850013733,data\cache\clean\test\gigagan_02234\resize_0.25.jpg
gigagan_03263,resize_0.25,gigagan,gigagan,1,0.43629372119903564,data\cache\clean\test\gigagan_03263\resize_0.25.jpg
gigagan_03422,resize_0.25,gigagan,gigagan,1,0.14786125719547272,data\cache\clean\test\gigagan_03422\resize_0.25.jpg
gigagan_05061,resize_0.25,gigagan,gigagan,1,0.2904248535633087,data\cache\clean\test\gigagan_05061\resize_0.25.jpg
gigagan_05738,resize_0.25,gigagan,gigagan,1,0.14435046911239624,data\cache\clean\test\gigagan_05738\resize_0.25.jpg
gigagan_07177,resize_0.25,gigagan,gigagan,1,0.10409600287675858,data\cache\clean\test\gigagan_07177\resize_0.25.jpg
gigagan_07676,resize_0.25,gigagan,gigagan,1,0.27749553322792053,data\cache\clean\test\gigagan_07676\resize_0.25.jpg
gigagan_07909,resize_0.25,gigagan,gigagan,1,0.10777124762535095,data\cache\clean\test\gigagan_07909\resize_0.25.jpg
gigagan_08464,resize_0.25,gigagan,gigagan,1,0.20302031934261322,data\cache\clean\test\gigagan_08464\resize_0.25.jpg
gigagan_09026,resize_0.25,gigagan,gigagan,1,0.04550684243440628,data\cache\clean\test\gigagan_09026\resize_0.25.jpg
gigagan_09302,resize_0.25,gigagan,gigagan,1,0.09982553124427795,data\cache\clean\test\gigagan_09302\resize_0.25.jpg
gigagan_09458,resize_0.25,gigagan,gigagan,1,0.18261896073818207,data\cache\clean\test\gigagan_09458\resize_0.25.jpg
gigagan_10282,resize_0.25,gigagan,gigagan,1,0.35370567440986633,data\cache\clean\test\gigagan_10282\resize_0.25.jpg
gigagan_10769,resize_0.25,gigagan,gigagan,1,0.22695991396903992,data\cache\clean\test\gigagan_10769\resize_0.25.jpg
gigagan_10914,resize_0.25,gigagan,gigagan,1,0.008321600034832954,data\cache\clean\test\gigagan_10914\resize_0.25.jpg
gigagan_11053,resize_0.25,gigagan,gigagan,1,0.45674312114715576,data\cache\clean\test\gigagan_11053\resize_0.25.jpg
gigagan_11092,resize_0.25,gigagan,gigagan,1,0.4542693495750427,data\cache\clean\test\gigagan_11092\resize_0.25.jpg
gigagan_14071,resize_0.25,gigagan,gigagan,1,0.008715033531188965,data\cache\clean\test\gigagan_14071\resize_0.25.jpg
gigagan_14909,resize_0.25,gigagan,gigagan,1,0.16568517684936523,data\cache\clean\test\gigagan_14909\resize_0.25.jpg
gigagan_15561,resize_0.25,gigagan,gigagan,1,0.3313923180103302,data\cache\clean\test\gigagan_15561\resize_0.25.jpg
gigagan_15694,resize_0.25,gigagan,gigagan,1,0.11275464296340942,data\cache\clean\test\gigagan_15694\resize_0.25.jpg
gigagan_15949,resize_0.25,gigagan,gigagan,1,0.12218376994132996,data\cache\clean\test\gigagan_15949\resize_0.25.jpg
gigagan_17003,resize_0.25,gigagan,gigagan,1,0.28706759214401245,data\cache\clean\test\gigagan_17003\resize_0.25.jpg
gigagan_17666,resize_0.25,gigagan,gigagan,1,0.10049454122781754,data\cache\clean\test\gigagan_17666\resize_0.25.jpg
gigagan_18037,resize_0.25,gigagan,gigagan,1,0.40477702021598816,data\cache\clean\test\gigagan_18037\resize_0.25.jpg
gigagan_18085,resize_0.25,gigagan,gigagan,1,0.26603731513023376,data\cache\clean\test\gigagan_18085\resize_0.25.jpg
gigagan_19055,resize_0.25,gigagan,gigagan,1,0.1695406287908554,data\cache\clean\test\gigagan_19055\resize_0.25.jpg
gigagan_19199,resize_0.25,gigagan,gigagan,1,0.03607386723160744,data\cache\clean\test\gigagan_19199\resize_0.25.jpg
gigagan_19248,resize_0.25,gigagan,gigagan,1,0.2148158699274063,data\cache\clean\test\gigagan_19248\resize_0.25.jpg
gigagan_19458,resize_0.25,gigagan,gigagan,1,0.48668161034584045,data\cache\clean\test\gigagan_19458\resize_0.25.jpg
gigagan_20207,resize_0.25,gigagan,gigagan,1,0.3519471287727356,data\cache\clean\test\gigagan_20207\resize_0.25.jpg
gigagan_20327,resize_0.25,gigagan,gigagan,1,0.06598757952451706,data\cache\clean\test\gigagan_20327\resize_0.25.jpg
gigagan_20516,resize_0.25,gigagan,gigagan,1,0.23467345535755157,data\cache\clean\test\gigagan_20516\resize_0.25.jpg
gigagan_20756,resize_0.25,gigagan,gigagan,1,0.44187235832214355,data\cache\clean\test\gigagan_20756\resize_0.25.jpg
gigagan_20968,resize_0.25,gigagan,gigagan,1,0.028316836804151535,data\cache\clean\test\gigagan_20968\resize_0.25.jpg
gigagan_21116,resize_0.25,gigagan,gigagan,1,0.19624283909797668,data\cache\clean\test\gigagan_21116\resize_0.25.jpg
gigagan_21166,resize_0.25,gigagan,gigagan,1,0.24354201555252075,data\cache\clean\test\gigagan_21166\resize_0.25.jpg
gigagan_21244,resize_0.25,gigagan,gigagan,1,0.11871572583913803,data\cache\clean\test\gigagan_21244\resize_0.25.jpg
gigagan_21611,resize_0.25,gigagan,gigagan,1,0.2539452016353607,data\cache\clean\test\gigagan_21611\resize_0.25.jpg
gigagan_22418,resize_0.25,gigagan,gigagan,1,0.056434985250234604,data\cache\clean\test\gigagan_22418\resize_0.25.jpg
gigagan_22533,resize_0.25,gigagan,gigagan,1,0.3535758852958679,data\cache\clean\test\gigagan_22533\resize_0.25.jpg
gigagan_23134,resize_0.25,gigagan,gigagan,1,0.05154218152165413,data\cache\clean\test\gigagan_23134\resize_0.25.jpg
gigagan_23523,resize_0.25,gigagan,gigagan,1,0.45797353982925415,data\cache\clean\test\gigagan_23523\resize_0.25.jpg
gigagan_23834,resize_0.25,gigagan,gigagan,1,0.4347325563430786,data\cache\clean\test\gigagan_23834\resize_0.25.jpg
gigagan_24445,resize_0.25,gigagan,gigagan,1,0.03737489879131317,data\cache\clean\test\gigagan_24445\resize_0.25.jpg
gigagan_24679,resize_0.25,gigagan,gigagan,1,0.24460245668888092,data\cache\clean\test\gigagan_24679\resize_0.25.jpg
gigagan_24726,resize_0.25,gigagan,gigagan,1,0.19410426914691925,data\cache\clean\test\gigagan_24726\resize_0.25.jpg
gigagan_25761,resize_0.25,gigagan,gigagan,1,0.4810866713523865,data\cache\clean\test\gigagan_25761\resize_0.25.jpg
gigagan_26067,resize_0.25,gigagan,gigagan,1,0.24181166291236877,data\cache\clean\test\gigagan_26067\resize_0.25.jpg
gigagan_26681,resize_0.25,gigagan,gigagan,1,0.47562700510025024,data\cache\clean\test\gigagan_26681\resize_0.25.jpg
gigagan_27589,resize_0.25,gigagan,gigagan,1,0.29818060994148254,data\cache\clean\test\gigagan_27589\resize_0.25.jpg
gigagan_28336,resize_0.25,gigagan,gigagan,1,0.1322523057460785,data\cache\clean\test\gigagan_28336\resize_0.25.jpg
gigagan_28900,resize_0.25,gigagan,gigagan,1,0.26832231879234314,data\cache\clean\test\gigagan_28900\resize_0.25.jpg
gigagan_29456,resize_0.25,gigagan,gigagan,1,0.1483134627342224,data\cache\clean\test\gigagan_29456\resize_0.25.jpg
imagen3_045e6da6fd7f6fb0,resize_0.25,imagen3,imagen3,1,0.01723225973546505,data\cache\clean\test\imagen3_045e6da6fd7f6fb0\resize_0.25.jpg
imagen3_13ed1f9391224848,resize_0.25,imagen3,imagen3,1,0.12371235340833664,data\cache\clean\test\imagen3_13ed1f9391224848\resize_0.25.jpg
imagen3_17643da56f35c6f7,resize_0.25,imagen3,imagen3,1,0.009706620126962662,data\cache\clean\test\imagen3_17643da56f35c6f7\resize_0.25.jpg
imagen3_17919c9ffd792ad9,resize_0.25,imagen3,imagen3,1,0.336532324552536,data\cache\clean\test\imagen3_17919c9ffd792ad9\resize_0.25.jpg
imagen3_1fe9a0379cffa709,resize_0.25,imagen3,imagen3,1,0.48020505905151367,data\cache\clean\test\imagen3_1fe9a0379cffa709\resize_0.25.jpg
imagen3_24e64d19ddde11cb,resize_0.25,imagen3,imagen3,1,0.029398486018180847,data\cache\clean\test\imagen3_24e64d19ddde11cb\resize_0.25.jpg
imagen3_260ae6b06f1f50e2,resize_0.25,imagen3,imagen3,1,0.029060643166303635,data\cache\clean\test\imagen3_260ae6b06f1f50e2\resize_0.25.jpg
imagen3_2be4510162a8a76e,resize_0.25,imagen3,imagen3,1,0.058017753064632416,data\cache\clean\test\imagen3_2be4510162a8a76e\resize_0.25.jpg
imagen3_3403b18fc93acbfc,resize_0.25,imagen3,imagen3,1,0.11505252122879028,data\cache\clean\test\imagen3_3403b18fc93acbfc\resize_0.25.jpg
imagen3_43058,resize_0.25,imagen3,imagen3,1,0.06085273623466492,data\cache\clean\test\imagen3_43058\resize_0.25.jpg
imagen3_473ffc5e3d5dc373,resize_0.25,imagen3,imagen3,1,0.4192159175872803,data\cache\clean\test\imagen3_473ffc5e3d5dc373\resize_0.25.jpg
imagen3_52520,resize_0.25,imagen3,imagen3,1,0.25043395161628723,data\cache\clean\test\imagen3_52520\resize_0.25.jpg
imagen3_560ead164dab63a5,resize_0.25,imagen3,imagen3,1,0.2746174931526184,data\cache\clean\test\imagen3_560ead164dab63a5\resize_0.25.jpg
imagen3_5e95809bd47d157b,resize_0.25,imagen3,imagen3,1,0.131074458360672,data\cache\clean\test\imagen3_5e95809bd47d157b\resize_0.25.jpg
imagen3_69467160e53f71bc,resize_0.25,imagen3,imagen3,1,0.235354483127594,data\cache\clean\test\imagen3_69467160e53f71bc\resize_0.25.jpg
imagen3_6a8270ea182a9194,resize_0.25,imagen3,imagen3,1,0.05869155377149582,data\cache\clean\test\imagen3_6a8270ea182a9194\resize_0.25.jpg
imagen3_6c7624322b04ce43,resize_0.25,imagen3,imagen3,1,0.01413886807858944,data\cache\clean\test\imagen3_6c7624322b04ce43\resize_0.25.jpg
imagen3_77fb2d4f372634f8,resize_0.25,imagen3,imagen3,1,0.04025774076581001,data\cache\clean\test\imagen3_77fb2d4f372634f8\resize_0.25.jpg
imagen3_8e6f8acd28fd8f35,resize_0.25,imagen3,imagen3,1,0.11566448211669922,data\cache\clean\test\imagen3_8e6f8acd28fd8f35\resize_0.25.jpg
imagen3_9e82651e214a25c8,resize_0.25,imagen3,imagen3,1,0.2482861578464508,data\cache\clean\test\imagen3_9e82651e214a25c8\resize_0.25.jpg
imagen3_aa13646e437b7afa,resize_0.25,imagen3,imagen3,1,0.35103240609169006,data\cache\clean\test\imagen3_aa13646e437b7afa\resize_0.25.jpg
imagen3_ad860df8c2a1a848,resize_0.25,imagen3,imagen3,1,0.040088728070259094,data\cache\clean\test\imagen3_ad860df8c2a1a848\resize_0.25.jpg
imagen3_b69c9976ced306d1,resize_0.25,imagen3,imagen3,1,0.26017311215400696,data\cache\clean\test\imagen3_b69c9976ced306d1\resize_0.25.jpg
imagen3_ca44bb7db1e73a9a,resize_0.25,imagen3,imagen3,1,0.10338607430458069,data\cache\clean\test\imagen3_ca44bb7db1e73a9a\resize_0.25.jpg
imagen3_d326e7c87fb1d966,resize_0.25,imagen3,imagen3,1,0.47037696838378906,data\cache\clean\test\imagen3_d326e7c87fb1d966\resize_0.25.jpg
imagen3_e63f3b6f8bdee43a,resize_0.25,imagen3,imagen3,1,0.43897709250450134,data\cache\clean\test\imagen3_e63f3b6f8bdee43a\resize_0.25.jpg
imagen3_ea646e585cc24088,resize_0.25,imagen3,imagen3,1,0.498576283454895,data\cache\clean\test\imagen3_ea646e585cc24088\resize_0.25.jpg
imagen3_f2da05bffbe27dab,resize_0.25,imagen3,imagen3,1,0.043286968022584915,data\cache\clean\test\imagen3_f2da05bffbe27dab\resize_0.25.jpg
imagen3_fd568a2839353a92,resize_0.25,imagen3,imagen3,1,0.40026748180389404,data\cache\clean\test\imagen3_fd568a2839353a92\resize_0.25.jpg
imagen3_fe7048efd51b15b8,resize_0.25,imagen3,imagen3,1,0.288705050945282,data\cache\clean\test\imagen3_fe7048efd51b15b8\resize_0.25.jpg
imagen3_Imagen3_1208,resize_0.25,imagen3,imagen3,1,0.19217225909233093,data\cache\clean\test\imagen3_Imagen3_1208\resize_0.25.jpg
imagen3_Imagen3_2403,resize_0.25,imagen3,imagen3,1,0.22200894355773926,data\cache\clean\test\imagen3_Imagen3_2403\resize_0.25.jpg
imagen3_Imagen3_2787,resize_0.25,imagen3,imagen3,1,0.19055317342281342,data\cache\clean\test\imagen3_Imagen3_2787\resize_0.25.jpg
imagen3_Imagen3_3097,resize_0.25,imagen3,imagen3,1,0.11861636489629745,data\cache\clean\test\imagen3_Imagen3_3097\resize_0.25.jpg
imagen3_Imagen3_3358,resize_0.25,imagen3,imagen3,1,0.2401021122932434,data\cache\clean\test\imagen3_Imagen3_3358\resize_0.25.jpg
imagen3_Imagen3_3449,resize_0.25,imagen3,imagen3,1,0.17807438969612122,data\cache\clean\test\imagen3_Imagen3_3449\resize_0.25.jpg
sidset_full_synthetic_001692,resize_0.25,sidset,full_synthetic,1,0.29187366366386414,data\cache\clean\test\sidset_full_synthetic_001692\resize_0.25.jpg
sidset_full_synthetic_013529,resize_0.25,sidset,full_synthetic,1,0.42575258016586304,data\cache\clean\test\sidset_full_synthetic_013529\resize_0.25.jpg
sidset_full_synthetic_033528,resize_0.25,sidset,full_synthetic,1,0.11934109777212143,data\cache\clean\test\sidset_full_synthetic_033528\resize_0.25.jpg
sidset_full_synthetic_037894,resize_0.25,sidset,full_synthetic,1,0.4887124300003052,data\cache\clean\test\sidset_full_synthetic_037894\resize_0.25.jpg
sidset_full_synthetic_048809,resize_0.25,sidset,full_synthetic,1,0.33036890625953674,data\cache\clean\test\sidset_full_synthetic_048809\resize_0.25.jpg
sidset_full_synthetic_060524,resize_0.25,sidset,full_synthetic,1,0.10139388591051102,data\cache\clean\test\sidset_full_synthetic_060524\resize_0.25.jpg
sidset_full_synthetic_063062,resize_0.25,sidset,full_synthetic,1,0.4144810736179352,data\cache\clean\test\sidset_full_synthetic_063062\resize_0.25.jpg
sidset_full_synthetic_066065,resize_0.25,sidset,full_synthetic,1,0.4947541356086731,data\cache\clean\test\sidset_full_synthetic_066065\resize_0.25.jpg
stylegan_xl_0097a2e24789bc7a,resize_0.25,stylegan_xl,stylegan_xl,1,0.07898074388504028,data\cache\clean\test\stylegan_xl_0097a2e24789bc7a\resize_0.25.jpg
stylegan_xl_00a4591cf03df584,resize_0.25,stylegan_xl,stylegan_xl,1,0.01578030176460743,data\cache\clean\test\stylegan_xl_00a4591cf03df584\resize_0.25.jpg
stylegan_xl_031391f1ab18ab62,resize_0.25,stylegan_xl,stylegan_xl,1,0.3204391896724701,data\cache\clean\test\stylegan_xl_031391f1ab18ab62\resize_0.25.jpg
stylegan_xl_0f7efa4c31bcd8f4,resize_0.25,stylegan_xl,stylegan_xl,1,0.09735412895679474,data\cache\clean\test\stylegan_xl_0f7efa4c31bcd8f4\resize_0.25.jpg
stylegan_xl_1060d58257bc5130,resize_0.25,stylegan_xl,stylegan_xl,1,0.02967345528304577,data\cache\clean\test\stylegan_xl_1060d58257bc5130\resize_0.25.jpg
stylegan_xl_2013fe0d44f84041,resize_0.25,stylegan_xl,stylegan_xl,1,0.005762453190982342,data\cache\clean\test\stylegan_xl_2013fe0d44f84041\resize_0.25.jpg
stylegan_xl_3621cf0be1fc8d68,resize_0.25,stylegan_xl,stylegan_xl,1,0.28245681524276733,data\cache\clean\test\stylegan_xl_3621cf0be1fc8d68\resize_0.25.jpg
stylegan_xl_38c489e3b0d8c700,resize_0.25,stylegan_xl,stylegan_xl,1,0.29938381910324097,data\cache\clean\test\stylegan_xl_38c489e3b0d8c700\resize_0.25.jpg
stylegan_xl_3b5e18f8fc06450d,resize_0.25,stylegan_xl,stylegan_xl,1,0.008847304619848728,data\cache\clean\test\stylegan_xl_3b5e18f8fc06450d\resize_0.25.jpg
stylegan_xl_45602,resize_0.25,stylegan_xl,stylegan_xl,1,0.319754421710968,data\cache\clean\test\stylegan_xl_45602\resize_0.25.jpg
stylegan_xl_47343,resize_0.25,stylegan_xl,stylegan_xl,1,0.15575893223285675,data\cache\clean\test\stylegan_xl_47343\resize_0.25.jpg
stylegan_xl_48611,resize_0.25,stylegan_xl,stylegan_xl,1,0.41530081629753113,data\cache\clean\test\stylegan_xl_48611\resize_0.25.jpg
stylegan_xl_4f991f9638e28675,resize_0.25,stylegan_xl,stylegan_xl,1,0.09024123847484589,data\cache\clean\test\stylegan_xl_4f991f9638e28675\resize_0.25.jpg
stylegan_xl_60ed9d3511d333bf,resize_0.25,stylegan_xl,stylegan_xl,1,0.24519507586956024,data\cache\clean\test\stylegan_xl_60ed9d3511d333bf\resize_0.25.jpg
stylegan_xl_65bb283a1280639e,resize_0.25,stylegan_xl,stylegan_xl,1,0.16455695033073425,data\cache\clean\test\stylegan_xl_65bb283a1280639e\resize_0.25.jpg
stylegan_xl_729fee52c5b7f95b,resize_0.25,stylegan_xl,stylegan_xl,1,0.07057198137044907,data\cache\clean\test\stylegan_xl_729fee52c5b7f95b\resize_0.25.jpg
stylegan_xl_7d433e90bcd7bd53,resize_0.25,stylegan_xl,stylegan_xl,1,0.006226866971701384,data\cache\clean\test\stylegan_xl_7d433e90bcd7bd53\resize_0.25.jpg
stylegan_xl_7ffebe6032f8209f,resize_0.25,stylegan_xl,stylegan_xl,1,0.1723167598247528,data\cache\clean\test\stylegan_xl_7ffebe6032f8209f\resize_0.25.jpg
stylegan_xl_80fc8be6e7c11eb3,resize_0.25,stylegan_xl,stylegan_xl,1,0.04551389068365097,data\cache\clean\test\stylegan_xl_80fc8be6e7c11eb3\resize_0.25.jpg
stylegan_xl_8461b1ae87c22c20,resize_0.25,stylegan_xl,stylegan_xl,1,0.36923250555992126,data\cache\clean\test\stylegan_xl_8461b1ae87c22c20\resize_0.25.jpg
stylegan_xl_8f9dfd75dde8914f,resize_0.25,stylegan_xl,stylegan_xl,1,0.17219921946525574,data\cache\clean\test\stylegan_xl_8f9dfd75dde8914f\resize_0.25.jpg
stylegan_xl_a10d4a733f4df420,resize_0.25,stylegan_xl,stylegan_xl,1,0.27636513113975525,data\cache\clean\test\stylegan_xl_a10d4a733f4df420\resize_0.25.jpg
stylegan_xl_a1ed16fffc5ecb68,resize_0.25,stylegan_xl,stylegan_xl,1,0.4535680115222931,data\cache\clean\test\stylegan_xl_a1ed16fffc5ecb68\resize_0.25.jpg
stylegan_xl_a72f3ace10a8f550,resize_0.25,stylegan_xl,stylegan_xl,1,0.01896250806748867,data\cache\clean\test\stylegan_xl_a72f3ace10a8f550\resize_0.25.jpg
stylegan_xl_ae09b95535340878,resize_0.25,stylegan_xl,stylegan_xl,1,0.2367289811372757,data\cache\clean\test\stylegan_xl_ae09b95535340878\resize_0.25.jpg
stylegan_xl_b6abe358484b287a,resize_0.25,stylegan_xl,stylegan_xl,1,0.0848836749792099,data\cache\clean\test\stylegan_xl_b6abe358484b287a\resize_0.25.jpg
stylegan_xl_cf9c332a1ebfb587,resize_0.25,stylegan_xl,stylegan_xl,1,0.08632213622331619,data\cache\clean\test\stylegan_xl_cf9c332a1ebfb587\resize_0.25.jpg
stylegan_xl_d686a15f05d09472,resize_0.25,stylegan_xl,stylegan_xl,1,0.4343282878398895,data\cache\clean\test\stylegan_xl_d686a15f05d09472\resize_0.25.jpg
stylegan_xl_d7c4ece8c8a01de0,resize_0.25,stylegan_xl,stylegan_xl,1,0.3239781856536865,data\cache\clean\test\stylegan_xl_d7c4ece8c8a01de0\resize_0.25.jpg
stylegan_xl_e4b8e7ef72cabaf2,resize_0.25,stylegan_xl,stylegan_xl,1,0.44738268852233887,data\cache\clean\test\stylegan_xl_e4b8e7ef72cabaf2\resize_0.25.jpg
stylegan_xl_f4a503e24265a7e1,resize_0.25,stylegan_xl,stylegan_xl,1,0.31674888730049133,data\cache\clean\test\stylegan_xl_f4a503e24265a7e1\resize_0.25.jpg
stylegan_xl_fef6a66b8deaa7ab,resize_0.25,stylegan_xl,stylegan_xl,1,0.0685378834605217,data\cache\clean\test\stylegan_xl_fef6a66b8deaa7ab\resize_0.25.jpg
cifake_1028 (10),resize_0.5,cifake,stable_diffusion,1,0.30818989872932434,data\cache\clean\test\cifake_1028 (10)\resize_0.5.jpg
cifake_1088 (3),resize_0.5,cifake,stable_diffusion,1,0.13207046687602997,data\cache\clean\test\cifake_1088 (3)\resize_0.5.jpg
cifake_1297 (6),resize_0.5,cifake,stable_diffusion,1,0.3372434973716736,data\cache\clean\test\cifake_1297 (6)\resize_0.5.jpg
cifake_1867 (9),resize_0.5,cifake,stable_diffusion,1,0.21189813315868378,data\cache\clean\test\cifake_1867 (9)\resize_0.5.jpg
cifake_2293 (9),resize_0.5,cifake,stable_diffusion,1,0.040977537631988525,data\cache\clean\test\cifake_2293 (9)\resize_0.5.jpg
cifake_2790 (9),resize_0.5,cifake,stable_diffusion,1,0.076238714158535,data\cache\clean\test\cifake_2790 (9)\resize_0.5.jpg
cifake_3339 (9),resize_0.5,cifake,stable_diffusion,1,0.26216983795166016,data\cache\clean\test\cifake_3339 (9)\resize_0.5.jpg
cifake_3379 (8),resize_0.5,cifake,stable_diffusion,1,0.38488659262657166,data\cache\clean\test\cifake_3379 (8)\resize_0.5.jpg
cifake_3395 (5),resize_0.5,cifake,stable_diffusion,1,0.2261941134929657,data\cache\clean\test\cifake_3395 (5)\resize_0.5.jpg
cifake_4127 (3),resize_0.5,cifake,stable_diffusion,1,0.20922894775867462,data\cache\clean\test\cifake_4127 (3)\resize_0.5.jpg
cifake_4221 (2),resize_0.5,cifake,stable_diffusion,1,0.053646478801965714,data\cache\clean\test\cifake_4221 (2)\resize_0.5.jpg
cifake_4615 (3),resize_0.5,cifake,stable_diffusion,1,0.1297195702791214,data\cache\clean\test\cifake_4615 (3)\resize_0.5.jpg
cifake_4670 (4),resize_0.5,cifake,stable_diffusion,1,0.32653510570526123,data\cache\clean\test\cifake_4670 (4)\resize_0.5.jpg
cifake_5110 (9),resize_0.5,cifake,stable_diffusion,1,0.2968071401119232,data\cache\clean\test\cifake_5110 (9)\resize_0.5.jpg
cifake_5607 (3),resize_0.5,cifake,stable_diffusion,1,0.0845649465918541,data\cache\clean\test\cifake_5607 (3)\resize_0.5.jpg
cifake_5943 (10),resize_0.5,cifake,stable_diffusion,1,0.0440010167658329,data\cache\clean\test\cifake_5943 (10)\resize_0.5.jpg
cifake_771 (8),resize_0.5,cifake,stable_diffusion,1,0.060690317302942276,data\cache\clean\test\cifake_771 (8)\resize_0.5.jpg
cifake_841 (4),resize_0.5,cifake,stable_diffusion,1,0.46064287424087524,data\cache\clean\test\cifake_841 (4)\resize_0.5.jpg
dalle_12052,resize_0.5,dalle,dalle,1,0.3620558977127075,data\cache\clean\test\dalle_12052\resize_0.5.jpg
dalle_13108,resize_0.5,dalle,dalle,1,0.2041729986667633,data\cache\clean\test\dalle_13108\resize_0.5.jpg
dalle_1895b86b74caac5dad51022c3d3b33df,resize_0.5,dalle,dalle,1,0.023767860606312752,data\cache\clean\test\dalle_1895b86b74caac5dad51022c3d3b33df\resize_0.5.jpg
dalle_20855,resize_0.5,dalle,dalle,1,0.3705297112464905,data\cache\clean\test\dalle_20855\resize_0.5.jpg
dalle_29659,resize_0.5,dalle,dalle,1,0.35671740770339966,data\cache\clean\test\dalle_29659\resize_0.5.jpg
dalle_3469,resize_0.5,dalle,dalle,1,0.34441298246383667,data\cache\clean\test\dalle_3469\resize_0.5.jpg
dalle_35493,resize_0.5,dalle,dalle,1,0.4068199098110199,data\cache\clean\test\dalle_35493\resize_0.5.jpg
dalle_3c589aa7fd4a6705f1fd7918daf4ffb9,resize_0.5,dalle,dalle,1,0.2462475448846817,data\cache\clean\test\dalle_3c589aa7fd4a6705f1fd7918daf4ffb9\resize_0.5.jpg
dalle_40387,resize_0.5,dalle,dalle,1,0.07314784079790115,data\cache\clean\test\dalle_40387\resize_0.5.jpg
dalle_6f0f61883f111368d770c54801f33449,resize_0.5,dalle,dalle,1,0.009660379961133003,data\cache\clean\test\dalle_6f0f61883f111368d770c54801f33449\resize_0.5.jpg
dalle_8017,resize_0.5,dalle,dalle,1,0.026477288454771042,data\cache\clean\test\dalle_8017\resize_0.5.jpg
dalle_9068,resize_0.5,dalle,dalle,1,0.05047888308763504,data\cache\clean\test\dalle_9068\resize_0.5.jpg
gigagan_03422,resize_0.5,gigagan,gigagan,1,0.27811047434806824,data\cache\clean\test\gigagan_03422\resize_0.5.jpg
gigagan_05061,resize_0.5,gigagan,gigagan,1,0.3878546953201294,data\cache\clean\test\gigagan_05061\resize_0.5.jpg
gigagan_05738,resize_0.5,gigagan,gigagan,1,0.37481510639190674,data\cache\clean\test\gigagan_05738\resize_0.5.jpg
gigagan_07177,resize_0.5,gigagan,gigagan,1,0.24515414237976074,data\cache\clean\test\gigagan_07177\resize_0.5.jpg
gigagan_07676,resize_0.5,gigagan,gigagan,1,0.4487397372722626,data\cache\clean\test\gigagan_07676\resize_0.5.jpg
gigagan_07909,resize_0.5,gigagan,gigagan,1,0.18036064505577087,data\cache\clean\test\gigagan_07909\resize_0.5.jpg
gigagan_08464,resize_0.5,gigagan,gigagan,1,0.3830048739910126,data\cache\clean\test\gigagan_08464\resize_0.5.jpg
gigagan_09026,resize_0.5,gigagan,gigagan,1,0.10569024831056595,data\cache\clean\test\gigagan_09026\resize_0.5.jpg
gigagan_09302,resize_0.5,gigagan,gigagan,1,0.19658803939819336,data\cache\clean\test\gigagan_09302\resize_0.5.jpg
gigagan_09458,resize_0.5,gigagan,gigagan,1,0.09289201349020004,data\cache\clean\test\gigagan_09458\resize_0.5.jpg
gigagan_10769,resize_0.5,gigagan,gigagan,1,0.34731951355934143,data\cache\clean\test\gigagan_10769\resize_0.5.jpg
gigagan_10914,resize_0.5,gigagan,gigagan,1,0.012499201111495495,data\cache\clean\test\gigagan_10914\resize_0.5.jpg
gigagan_11053,resize_0.5,gigagan,gigagan,1,0.4983404576778412,data\cache\clean\test\gigagan_11053\resize_0.5.jpg
gigagan_14071,resize_0.5,gigagan,gigagan,1,0.006259263958781958,data\cache\clean\test\gigagan_14071\resize_0.5.jpg
gigagan_14858,resize_0.5,gigagan,gigagan,1,0.35512107610702515,data\cache\clean\test\gigagan_14858\resize_0.5.jpg
gigagan_14909,resize_0.5,gigagan,gigagan,1,0.17017506062984467,data\cache\clean\test\gigagan_14909\resize_0.5.jpg
gigagan_15561,resize_0.5,gigagan,gigagan,1,0.3023088574409485,data\cache\clean\test\gigagan_15561\resize_0.5.jpg
gigagan_15694,resize_0.5,gigagan,gigagan,1,0.05388038605451584,data\cache\clean\test\gigagan_15694\resize_0.5.jpg
gigagan_15949,resize_0.5,gigagan,gigagan,1,0.2947324514389038,data\cache\clean\test\gigagan_15949\resize_0.5.jpg
gigagan_16357,resize_0.5,gigagan,gigagan,1,0.32699674367904663,data\cache\clean\test\gigagan_16357\resize_0.5.jpg
gigagan_17003,resize_0.5,gigagan,gigagan,1,0.4950575828552246,data\cache\clean\test\gigagan_17003\resize_0.5.jpg
gigagan_17666,resize_0.5,gigagan,gigagan,1,0.11080310493707657,data\cache\clean\test\gigagan_17666\resize_0.5.jpg
gigagan_18037,resize_0.5,gigagan,gigagan,1,0.42097875475883484,data\cache\clean\test\gigagan_18037\resize_0.5.jpg
gigagan_18085,resize_0.5,gigagan,gigagan,1,0.43129897117614746,data\cache\clean\test\gigagan_18085\resize_0.5.jpg
gigagan_18378,resize_0.5,gigagan,gigagan,1,0.4677625298500061,data\cache\clean\test\gigagan_18378\resize_0.5.jpg
gigagan_19055,resize_0.5,gigagan,gigagan,1,0.16685989499092102,data\cache\clean\test\gigagan_19055\resize_0.5.jpg
gigagan_19199,resize_0.5,gigagan,gigagan,1,0.03217056766152382,data\cache\clean\test\gigagan_19199\resize_0.5.jpg
gigagan_20207,resize_0.5,gigagan,gigagan,1,0.32780247926712036,data\cache\clean\test\gigagan_20207\resize_0.5.jpg
gigagan_20327,resize_0.5,gigagan,gigagan,1,0.049077656120061874,data\cache\clean\test\gigagan_20327\resize_0.5.jpg
gigagan_20516,resize_0.5,gigagan,gigagan,1,0.1585557460784912,data\cache\clean\test\gigagan_20516\resize_0.5.jpg
gigagan_20968,resize_0.5,gigagan,gigagan,1,0.07922303676605225,data\cache\clean\test\gigagan_20968\resize_0.5.jpg
gigagan_21116,resize_0.5,gigagan,gigagan,1,0.18823190033435822,data\cache\clean\test\gigagan_21116\resize_0.5.jpg
gigagan_21244,resize_0.5,gigagan,gigagan,1,0.2672908902168274,data\cache\clean\test\gigagan_21244\resize_0.5.jpg
gigagan_21611,resize_0.5,gigagan,gigagan,1,0.27195245027542114,data\cache\clean\test\gigagan_21611\resize_0.5.jpg
gigagan_22418,resize_0.5,gigagan,gigagan,1,0.03262097015976906,data\cache\clean\test\gigagan_22418\resize_0.5.jpg
gigagan_23134,resize_0.5,gigagan,gigagan,1,0.04216891899704933,data\cache\clean\test\gigagan_23134\resize_0.5.jpg
gigagan_23521,resize_0.5,gigagan,gigagan,1,0.45489200949668884,data\cache\clean\test\gigagan_23521\resize_0.5.jpg
gigagan_23834,resize_0.5,gigagan,gigagan,1,0.1967880129814148,data\cache\clean\test\gigagan_23834\resize_0.5.jpg
gigagan_24377,resize_0.5,gigagan,gigagan,1,0.4666993021965027,data\cache\clean\test\gigagan_24377\resize_0.5.jpg
gigagan_24445,resize_0.5,gigagan,gigagan,1,0.074371837079525,data\cache\clean\test\gigagan_24445\resize_0.5.jpg
gigagan_24679,resize_0.5,gigagan,gigagan,1,0.1679585725069046,data\cache\clean\test\gigagan_24679\resize_0.5.jpg
gigagan_25090,resize_0.5,gigagan,gigagan,1,0.27808788418769836,data\cache\clean\test\gigagan_25090\resize_0.5.jpg
gigagan_26681,resize_0.5,gigagan,gigagan,1,0.4491541087627411,data\cache\clean\test\gigagan_26681\resize_0.5.jpg
gigagan_27589,resize_0.5,gigagan,gigagan,1,0.40674474835395813,data\cache\clean\test\gigagan_27589\resize_0.5.jpg
gigagan_28336,resize_0.5,gigagan,gigagan,1,0.3767264783382416,data\cache\clean\test\gigagan_28336\resize_0.5.jpg
gigagan_28900,resize_0.5,gigagan,gigagan,1,0.35280534625053406,data\cache\clean\test\gigagan_28900\resize_0.5.jpg
gigagan_29456,resize_0.5,gigagan,gigagan,1,0.1894419938325882,data\cache\clean\test\gigagan_29456\resize_0.5.jpg
imagen3_045e6da6fd7f6fb0,resize_0.5,imagen3,imagen3,1,0.025832826271653175,data\cache\clean\test\imagen3_045e6da6fd7f6fb0\resize_0.5.jpg
imagen3_13ed1f9391224848,resize_0.5,imagen3,imagen3,1,0.16488155722618103,data\cache\clean\test\imagen3_13ed1f9391224848\resize_0.5.jpg
imagen3_17643da56f35c6f7,resize_0.5,imagen3,imagen3,1,0.009958532638847828,data\cache\clean\test\imagen3_17643da56f35c6f7\resize_0.5.jpg
imagen3_17919c9ffd792ad9,resize_0.5,imagen3,imagen3,1,0.4495367407798767,data\cache\clean\test\imagen3_17919c9ffd792ad9\resize_0.5.jpg
imagen3_1fe9a0379cffa709,resize_0.5,imagen3,imagen3,1,0.49123415350914,data\cache\clean\test\imagen3_1fe9a0379cffa709\resize_0.5.jpg
imagen3_24e64d19ddde11cb,resize_0.5,imagen3,imagen3,1,0.020898735150694847,data\cache\clean\test\imagen3_24e64d19ddde11cb\resize_0.5.jpg
imagen3_260ae6b06f1f50e2,resize_0.5,imagen3,imagen3,1,0.026285232976078987,data\cache\clean\test\imagen3_260ae6b06f1f50e2\resize_0.5.jpg
imagen3_2be4510162a8a76e,resize_0.5,imagen3,imagen3,1,0.025364892557263374,data\cache\clean\test\imagen3_2be4510162a8a76e\resize_0.5.jpg
imagen3_3403b18fc93acbfc,resize_0.5,imagen3,imagen3,1,0.08496373146772385,data\cache\clean\test\imagen3_3403b18fc93acbfc\resize_0.5.jpg
imagen3_43058,resize_0.5,imagen3,imagen3,1,0.08109000325202942,data\cache\clean\test\imagen3_43058\resize_0.5.jpg
imagen3_44476,resize_0.5,imagen3,imagen3,1,0.4926708936691284,data\cache\clean\test\imagen3_44476\resize_0.5.jpg
imagen3_473ffc5e3d5dc373,resize_0.5,imagen3,imagen3,1,0.1921009123325348,data\cache\clean\test\imagen3_473ffc5e3d5dc373\resize_0.5.jpg
imagen3_51659,resize_0.5,imagen3,imagen3,1,0.25602537393569946,data\cache\clean\test\imagen3_51659\resize_0.5.jpg
imagen3_52520,resize_0.5,imagen3,imagen3,1,0.3740641176700592,data\cache\clean\test\imagen3_52520\resize_0.5.jpg
imagen3_560ead164dab63a5,resize_0.5,imagen3,imagen3,1,0.18925237655639648,data\cache\clean\test\imagen3_560ead164dab63a5\resize_0.5.jpg
imagen3_5e95809bd47d157b,resize_0.5,imagen3,imagen3,1,0.14651495218276978,data\cache\clean\test\imagen3_5e95809bd47d157b\resize_0.5.jpg
imagen3_69467160e53f71bc,resize_0.5,imagen3,imagen3,1,0.4161282479763031,data\cache\clean\test\imagen3_69467160e53f71bc\resize_0.5.jpg
imagen3_6a8270ea182a9194,resize_0.5,imagen3,imagen3,1,0.06904810667037964,data\cache\clean\test\imagen3_6a8270ea182a9194\resize_0.5.jpg
imagen3_6c7624322b04ce43,resize_0.5,imagen3,imagen3,1,0.01622786745429039,data\cache\clean\test\imagen3_6c7624322b04ce43\resize_0.5.jpg
imagen3_77fb2d4f372634f8,resize_0.5,imagen3,imagen3,1,0.06773710995912552,data\cache\clean\test\imagen3_77fb2d4f372634f8\resize_0.5.jpg
imagen3_8b13dc3bff918841,resize_0.5,imagen3,imagen3,1,0.3491843044757843,data\cache\clean\test\imagen3_8b13dc3bff918841\resize_0.5.jpg
imagen3_8e6f8acd28fd8f35,resize_0.5,imagen3,imagen3,1,0.2003931850194931,data\cache\clean\test\imagen3_8e6f8acd28fd8f35\resize_0.5.jpg
imagen3_9e82651e214a25c8,resize_0.5,imagen3,imagen3,1,0.24427947402000427,data\cache\clean\test\imagen3_9e82651e214a25c8\resize_0.5.jpg
imagen3_aa13646e437b7afa,resize_0.5,imagen3,imagen3,1,0.20807531476020813,data\cache\clean\test\imagen3_aa13646e437b7afa\resize_0.5.jpg
imagen3_ad860df8c2a1a848,resize_0.5,imagen3,imagen3,1,0.048905763775110245,data\cache\clean\test\imagen3_ad860df8c2a1a848\resize_0.5.jpg
imagen3_b69c9976ced306d1,resize_0.5,imagen3,imagen3,1,0.23931576311588287,data\cache\clean\test\imagen3_b69c9976ced306d1\resize_0.5.jpg
imagen3_ca44bb7db1e73a9a,resize_0.5,imagen3,imagen3,1,0.10212750732898712,data\cache\clean\test\imagen3_ca44bb7db1e73a9a\resize_0.5.jpg
imagen3_ea646e585cc24088,resize_0.5,imagen3,imagen3,1,0.39040693640708923,data\cache\clean\test\imagen3_ea646e585cc24088\resize_0.5.jpg
imagen3_f2da05bffbe27dab,resize_0.5,imagen3,imagen3,1,0.06473973393440247,data\cache\clean\test\imagen3_f2da05bffbe27dab\resize_0.5.jpg
imagen3_fd568a2839353a92,resize_0.5,imagen3,imagen3,1,0.4703952968120575,data\cache\clean\test\imagen3_fd568a2839353a92\resize_0.5.jpg
imagen3_Imagen3_1208,resize_0.5,imagen3,imagen3,1,0.08054504543542862,data\cache\clean\test\imagen3_Imagen3_1208\resize_0.5.jpg
imagen3_Imagen3_2403,resize_0.5,imagen3,imagen3,1,0.2464350014925003,data\cache\clean\test\imagen3_Imagen3_2403\resize_0.5.jpg
imagen3_Imagen3_2787,resize_0.5,imagen3,imagen3,1,0.46859049797058105,data\cache\clean\test\imagen3_Imagen3_2787\resize_0.5.jpg
imagen3_Imagen3_3097,resize_0.5,imagen3,imagen3,1,0.08675270527601242,data\cache\clean\test\imagen3_Imagen3_3097\resize_0.5.jpg
imagen3_Imagen3_3358,resize_0.5,imagen3,imagen3,1,0.48085731267929077,data\cache\clean\test\imagen3_Imagen3_3358\resize_0.5.jpg
imagen3_Imagen3_3449,resize_0.5,imagen3,imagen3,1,0.46825528144836426,data\cache\clean\test\imagen3_Imagen3_3449\resize_0.5.jpg
imagen3_Imagen3_3546,resize_0.5,imagen3,imagen3,1,0.4232887625694275,data\cache\clean\test\imagen3_Imagen3_3546\resize_0.5.jpg
sidset_full_synthetic_001692,resize_0.5,sidset,full_synthetic,1,0.15514570474624634,data\cache\clean\test\sidset_full_synthetic_001692\resize_0.5.jpg
sidset_full_synthetic_012484,resize_0.5,sidset,full_synthetic,1,0.44894835352897644,data\cache\clean\test\sidset_full_synthetic_012484\resize_0.5.jpg
sidset_full_synthetic_033528,resize_0.5,sidset,full_synthetic,1,0.18345829844474792,data\cache\clean\test\sidset_full_synthetic_033528\resize_0.5.jpg
sidset_full_synthetic_046026,resize_0.5,sidset,full_synthetic,1,0.4919806718826294,data\cache\clean\test\sidset_full_synthetic_046026\resize_0.5.jpg
sidset_full_synthetic_060524,resize_0.5,sidset,full_synthetic,1,0.20836499333381653,data\cache\clean\test\sidset_full_synthetic_060524\resize_0.5.jpg
sidset_full_synthetic_063062,resize_0.5,sidset,full_synthetic,1,0.41097140312194824,data\cache\clean\test\sidset_full_synthetic_063062\resize_0.5.jpg
sidset_full_synthetic_066065,resize_0.5,sidset,full_synthetic,1,0.4539182484149933,data\cache\clean\test\sidset_full_synthetic_066065\resize_0.5.jpg
stylegan_xl_0097a2e24789bc7a,resize_0.5,stylegan_xl,stylegan_xl,1,0.05643771216273308,data\cache\clean\test\stylegan_xl_0097a2e24789bc7a\resize_0.5.jpg
stylegan_xl_00a4591cf03df584,resize_0.5,stylegan_xl,stylegan_xl,1,0.018548661842942238,data\cache\clean\test\stylegan_xl_00a4591cf03df584\resize_0.5.jpg
stylegan_xl_0a4244f8a9185bad,resize_0.5,stylegan_xl,stylegan_xl,1,0.4809081554412842,data\cache\clean\test\stylegan_xl_0a4244f8a9185bad\resize_0.5.jpg
stylegan_xl_0f7efa4c31bcd8f4,resize_0.5,stylegan_xl,stylegan_xl,1,0.13872037827968597,data\cache\clean\test\stylegan_xl_0f7efa4c31bcd8f4\resize_0.5.jpg
stylegan_xl_1060d58257bc5130,resize_0.5,stylegan_xl,stylegan_xl,1,0.028303738683462143,data\cache\clean\test\stylegan_xl_1060d58257bc5130\resize_0.5.jpg
stylegan_xl_2013fe0d44f84041,resize_0.5,stylegan_xl,stylegan_xl,1,0.006377500481903553,data\cache\clean\test\stylegan_xl_2013fe0d44f84041\resize_0.5.jpg
stylegan_xl_324e332686aa6966,resize_0.5,stylegan_xl,stylegan_xl,1,0.22747810184955597,data\cache\clean\test\stylegan_xl_324e332686aa6966\resize_0.5.jpg
stylegan_xl_3621cf0be1fc8d68,resize_0.5,stylegan_xl,stylegan_xl,1,0.4224948287010193,data\cache\clean\test\stylegan_xl_3621cf0be1fc8d68\resize_0.5.jpg
stylegan_xl_38c489e3b0d8c700,resize_0.5,stylegan_xl,stylegan_xl,1,0.23594233393669128,data\cache\clean\test\stylegan_xl_38c489e3b0d8c700\resize_0.5.jpg
stylegan_xl_3b5e18f8fc06450d,resize_0.5,stylegan_xl,stylegan_xl,1,0.006659319158643484,data\cache\clean\test\stylegan_xl_3b5e18f8fc06450d\resize_0.5.jpg
stylegan_xl_45602,resize_0.5,stylegan_xl,stylegan_xl,1,0.416261225938797,data\cache\clean\test\stylegan_xl_45602\resize_0.5.jpg
stylegan_xl_47343,resize_0.5,stylegan_xl,stylegan_xl,1,0.11149104684591293,data\cache\clean\test\stylegan_xl_47343\resize_0.5.jpg
stylegan_xl_48611,resize_0.5,stylegan_xl,stylegan_xl,1,0.1856563240289688,data\cache\clean\test\stylegan_xl_48611\resize_0.5.jpg
stylegan_xl_4f991f9638e28675,resize_0.5,stylegan_xl,stylegan_xl,1,0.114888034760952,data\cache\clean\test\stylegan_xl_4f991f9638e28675\resize_0.5.jpg
stylegan_xl_60ed9d3511d333bf,resize_0.5,stylegan_xl,stylegan_xl,1,0.2153521329164505,data\cache\clean\test\stylegan_xl_60ed9d3511d333bf\resize_0.5.jpg
stylegan_xl_65bb283a1280639e,resize_0.5,stylegan_xl,stylegan_xl,1,0.16654182970523834,data\cache\clean\test\stylegan_xl_65bb283a1280639e\resize_0.5.jpg
stylegan_xl_729fee52c5b7f95b,resize_0.5,stylegan_xl,stylegan_xl,1,0.11353547871112823,data\cache\clean\test\stylegan_xl_729fee52c5b7f95b\resize_0.5.jpg
stylegan_xl_7d433e90bcd7bd53,resize_0.5,stylegan_xl,stylegan_xl,1,0.0064197420142591,data\cache\clean\test\stylegan_xl_7d433e90bcd7bd53\resize_0.5.jpg
stylegan_xl_7ffebe6032f8209f,resize_0.5,stylegan_xl,stylegan_xl,1,0.23647110164165497,data\cache\clean\test\stylegan_xl_7ffebe6032f8209f\resize_0.5.jpg
stylegan_xl_80fc8be6e7c11eb3,resize_0.5,stylegan_xl,stylegan_xl,1,0.02689453400671482,data\cache\clean\test\stylegan_xl_80fc8be6e7c11eb3\resize_0.5.jpg
stylegan_xl_8461b1ae87c22c20,resize_0.5,stylegan_xl,stylegan_xl,1,0.15590445697307587,data\cache\clean\test\stylegan_xl_8461b1ae87c22c20\resize_0.5.jpg
stylegan_xl_8f9dfd75dde8914f,resize_0.5,stylegan_xl,stylegan_xl,1,0.15107358992099762,data\cache\clean\test\stylegan_xl_8f9dfd75dde8914f\resize_0.5.jpg
stylegan_xl_a10d4a733f4df420,resize_0.5,stylegan_xl,stylegan_xl,1,0.3322344422340393,data\cache\clean\test\stylegan_xl_a10d4a733f4df420\resize_0.5.jpg
stylegan_xl_a1ed16fffc5ecb68,resize_0.5,stylegan_xl,stylegan_xl,1,0.3460908830165863,data\cache\clean\test\stylegan_xl_a1ed16fffc5ecb68\resize_0.5.jpg
stylegan_xl_a72f3ace10a8f550,resize_0.5,stylegan_xl,stylegan_xl,1,0.03443603217601776,data\cache\clean\test\stylegan_xl_a72f3ace10a8f550\resize_0.5.jpg
stylegan_xl_ae09b95535340878,resize_0.5,stylegan_xl,stylegan_xl,1,0.41066259145736694,data\cache\clean\test\stylegan_xl_ae09b95535340878\resize_0.5.jpg
stylegan_xl_b6abe358484b287a,resize_0.5,stylegan_xl,stylegan_xl,1,0.08932587504386902,data\cache\clean\test\stylegan_xl_b6abe358484b287a\resize_0.5.jpg
stylegan_xl_bd69757ff485d03e,resize_0.5,stylegan_xl,stylegan_xl,1,0.41337406635284424,data\cache\clean\test\stylegan_xl_bd69757ff485d03e\resize_0.5.jpg
stylegan_xl_cf9c332a1ebfb587,resize_0.5,stylegan_xl,stylegan_xl,1,0.12524108588695526,data\cache\clean\test\stylegan_xl_cf9c332a1ebfb587\resize_0.5.jpg
stylegan_xl_e4b8e7ef72cabaf2,resize_0.5,stylegan_xl,stylegan_xl,1,0.3804073631763458,data\cache\clean\test\stylegan_xl_e4b8e7ef72cabaf2\resize_0.5.jpg
stylegan_xl_f4a503e24265a7e1,resize_0.5,stylegan_xl,stylegan_xl,1,0.3184916079044342,data\cache\clean\test\stylegan_xl_f4a503e24265a7e1\resize_0.5.jpg
stylegan_xl_fef6a66b8deaa7ab,resize_0.5,stylegan_xl,stylegan_xl,1,0.05200336128473282,data\cache\clean\test\stylegan_xl_fef6a66b8deaa7ab\resize_0.5.jpg
