img_id,variant,source_dataset,generator_family,label,prob,path
cifake_0089 (3),clean,cifake,real,0,0.5890884399414062,data\cache\clean\test\cifake_0089 (3)\clean.jpg
cifake_0235,clean,cifake,real,0,0.5679527521133423,data\cache\clean\test\cifake_0235\clean.jpg
cifake_0343 (6),clean,cifake,real,0,0.9443695545196533,data\cache\clean\test\cifake_0343 (6)\clean.jpg
cifake_0567,clean,cifake,real,0,0.7008300423622131,data\cache\clean\test\cifake_0567\clean.jpg
cifake_0618 (3),clean,cifake,real,0,0.8230075240135193,data\cache\clean\test\cifake_0618 (3)\clean.jpg
cifake_0793,clean,cifake,real,0,0.8501025438308716,data\cache\clean\test\cifake_0793\clean.jpg
cifake_0967 (9),clean,cifake,real,0,0.812553346157074,data\cache\clean\test\cifake_0967 (9)\clean.jpg
cifake_1139,clean,cifake,real,0,0.8866490721702576,data\cache\clean\test\cifake_1139\clean.jpg
cifake_1308 (6),clean,cifake,real,0,0.6031959652900696,data\cache\clean\test\cifake_1308 (6)\clean.jpg
cifake_2122,clean,cifake,real,0,0.9903565049171448,data\cache\clean\test\cifake_2122\clean.jpg
cifake_2441 (4),clean,cifake,real,0,0.5029588937759399,data\cache\clean\test\cifake_2441 (4)\clean.jpg
cifake_2547,clean,cifake,real,0,0.6223049759864807,data\cache\clean\test\cifake_2547\clean.jpg
cifake_2579 (8),clean,cifake,real,0,0.581580400466919,data\cache\clean\test\cifake_2579 (8)\clean.jpg
cifake_2660,clean,cifake,real,0,0.7331621050834656,data\cache\clean\test\cifake_2660\clean.jpg
cifake_2874 (4),clean,cifake,real,0,0.5181765556335449,data\cache\clean\test\cifake_2874 (4)\clean.jpg
cifake_3049 (2),clean,cifake,real,0,0.611920952796936,data\cache\clean\test\cifake_3049 (2)\clean.jpg
cifake_4369,clean,cifake,real,0,0.6632945537567139,data\cache\clean\test\cifake_4369\clean.jpg
cifake_4660 (5),clean,cifake,real,0,0.9660824537277222,data\cache\clean\test\cifake_4660 (5)\clean.jpg
cifake_4673 (5),clean,cifake,real,0,0.8126798868179321,data\cache\clean\test\cifake_4673 (5)\clean.jpg
sidset_02eb47f790cba404,clean,sidset,real,0,0.6340123414993286,data\cache\clean\test\sidset_02eb47f790cba404\clean.jpg
sidset_036df955965cb2f9,clean,sidset,real,0,0.728024959564209,data\cache\clean\test\sidset_036df955965cb2f9\clean.jpg
sidset_04dca235b99ad328,clean,sidset,real,0,0.5287045836448669,data\cache\clean\test\sidset_04dca235b99ad328\clean.jpg
sidset_04f2ca3f7633822b,clean,sidset,real,0,0.6682291626930237,data\cache\clean\test\sidset_04f2ca3f7633822b\clean.jpg
sidset_0819e112dbbe3cb8,clean,sidset,real,0,0.5672048330307007,data\cache\clean\test\sidset_0819e112dbbe3cb8\clean.jpg
sidset_0e40f2f48ac5ec94,clean,sidset,real,0,0.5304694175720215,data\cache\clean\test\sidset_0e40f2f48ac5ec94\clean.jpg
sidset_0f8102c25fc764ea,clean,sidset,real,0,0.5859820246696472,data\cache\clean\test\sidset_0f8102c25fc764ea\clean.jpg
sidset_10074342a36207e9,clean,sidset,real,0,0.5968848466873169,data\cache\clean\test\sidset_10074342a36207e9\clean.jpg
sidset_104ed9aacca56685,clean,sidset,real,0,0.8564099073410034,data\cache\clean\test\sidset_104ed9aacca56685\clean.jpg
sidset_14312756c1c94efa,clean,sidset,real,0,0.8199746012687683,data\cache\clean\test\sidset_14312756c1c94efa\clean.jpg
sidset_165e94520f73e349,clean,sidset,real,0,0.7391876578330994,data\cache\clean\test\sidset_165e94520f73e349\clean.jpg
sidset_1b20d1ec3fd5a56f,clean,sidset,real,0,0.534949004650116,data\cache\clean\test\sidset_1b20d1ec3fd5a56f\clean.jpg
sidset_1d24e17c0f598d7a,clean,sidset,real,0,0.7082153558731079,data\cache\clean\test\sidset_1d24e17c0f598d7a\clean.jpg
sidset_1d49d26ca0273da6,clean,sidset,real,0,0.9029395580291748,data\cache\clean\test\sidset_1d49d26ca0273da6\clean.jpg
sidset_206468f74dab4d45,clean,sidset,real,0,0.5258256196975708,data\cache\clean\test\sidset_206468f74dab4d45\clean.jpg
sidset_230a893e83782a7f,clean,sidset,real,0,0.7262831330299377,data\cache\clean\test\sidset_230a893e83782a7f\clean.jpg
sidset_237f3e13b66b8d25,clean,sidset,real,0,0.5440574288368225,data\cache\clean\test\sidset_237f3e13b66b8d25\clean.jpg
sidset_240eaccddb6506ef,clean,sidset,real,0,0.5812608003616333,data\cache\clean\test\sidset_240eaccddb6506ef\clean.jpg
sidset_247241c5aa1f3f9c,clean,sidset,real,0,0.6234652996063232,data\cache\clean\test\sidset_247241c5aa1f3f9c\clean.jpg
sidset_2905198a806667f8,clean,sidset,real,0,0.5482195019721985,data\cache\clean\test\sidset_2905198a806667f8\clean.jpg
sidset_2a8fb1de6042f419,clean,sidset,real,0,0.716339647769928,data\cache\clean\test\sidset_2a8fb1de6042f419\clean.jpg
sidset_2c7cd831752d6b09,clean,sidset,real,0,0.8214870691299438,data\cache\clean\test\sidset_2c7cd831752d6b09\clean.jpg
sidset_2da45bb6ecb94767,clean,sidset,real,0,0.6767029166221619,data\cache\clean\test\sidset_2da45bb6ecb94767\clean.jpg
sidset_2e1070632f289596,clean,sidset,real,0,0.5408822894096375,data\cache\clean\test\sidset_2e1070632f289596\clean.jpg
sidset_3366fe07253694af,clean,sidset,real,0,0.5171809196472168,data\cache\clean\test\sidset_3366fe07253694af\clean.jpg
sidset_3413efa4fc47b5ac,clean,sidset,real,0,0.7988913655281067,data\cache\clean\test\sidset_3413efa4fc47b5ac\clean.jpg
sidset_351df796b93ed2b5,clean,sidset,real,0,0.8227673172950745,data\cache\clean\test\sidset_351df796b93ed2b5\clean.jpg
sidset_3beca4d6152a4aa5,clean,sidset,real,0,0.6728836894035339,data\cache\clean\test\sidset_3beca4d6152a4aa5\clean.jpg
sidset_3fbc4c1574ef987d,clean,sidset,real,0,0.5580866932868958,data\cache\clean\test\sidset_3fbc4c1574ef987d\clean.jpg
sidset_405f8f3229fd3f3a,clean,sidset,real,0,0.5271769165992737,data\cache\clean\test\sidset_405f8f3229fd3f3a\clean.jpg
sidset_40d5448c128a6537,clean,sidset,real,0,0.8001354336738586,data\cache\clean\test\sidset_40d5448c128a6537\clean.jpg
sidset_41fcb89ff22ef83c,clean,sidset,real,0,0.5385111570358276,data\cache\clean\test\sidset_41fcb89ff22ef83c\clean.jpg
sidset_4566671bd4a332e8,clean,sidset,real,0,0.962684690952301,data\cache\clean\test\sidset_4566671bd4a332e8\clean.jpg
sidset_45a6cb8b20ae57d2,clean,sidset,real,0,0.8204512596130371,data\cache\clean\test\sidset_45a6cb8b20ae57d2\clean.jpg
sidset_47927d08b0f027e7,clean,sidset,real,0,0.969639778137207,data\cache\clean\test\sidset_47927d08b0f027e7\clean.jpg
sidset_4c361533bba3cc71,clean,sidset,real,0,0.9320361614227295,data\cache\clean\test\sidset_4c361533bba3cc71\clean.jpg
sidset_4dd2dda240e479c1,clean,sidset,real,0,0.699135422706604,data\cache\clean\test\sidset_4dd2dda240e479c1\clean.jpg
sidset_52bf81b2d7f84101,clean,sidset,real,0,0.6270502805709839,data\cache\clean\test\sidset_52bf81b2d7f84101\clean.jpg
sidset_55ed6c0bbd54e07d,clean,sidset,real,0,0.9897434115409851,data\cache\clean\test\sidset_55ed6c0bbd54e07d\clean.jpg
sidset_59e78921fe0be3d3,clean,sidset,real,0,0.514995813369751,data\cache\clean\test\sidset_59e78921fe0be3d3\clean.jpg
sidset_5a165a26bf8ca4be,clean,sidset,real,0,0.9018648862838745,data\cache\clean\test\sidset_5a165a26bf8ca4be\clean.jpg
sidset_5ae51a789c118b75,clean,sidset,real,0,0.7398964762687683,data\cache\clean\test\sidset_5ae51a789c118b75\clean.jpg
sidset_5b8f12b78d13bfcd,clean,sidset,real,0,0.9282069206237793,data\cache\clean\test\sidset_5b8f12b78d13bfcd\clean.jpg
sidset_5ba522a91162ae70,clean,sidset,real,0,0.9950963854789734,data\cache\clean\test\sidset_5ba522a91162ae70\clean.jpg
sidset_5d6c80bf53edd038,clean,sidset,real,0,0.6048080921173096,data\cache\clean\test\sidset_5d6c80bf53edd038\clean.jpg
sidset_5fd49a9afbba9bd6,clean,sidset,real,0,0.9525055885314941,data\cache\clean\test\sidset_5fd49a9afbba9bd6\clean.jpg
sidset_615f67f3acd96d5c,clean,sidset,real,0,0.5845304131507874,data\cache\clean\test\sidset_615f67f3acd96d5c\clean.jpg
sidset_61788db65ec08fe7,clean,sidset,real,0,0.5418612360954285,data\cache\clean\test\sidset_61788db65ec08fe7\clean.jpg
sidset_62d3110113ec4633,clean,sidset,real,0,0.8736552596092224,data\cache\clean\test\sidset_62d3110113ec4633\clean.jpg
sidset_660fbbd053050f25,clean,sidset,real,0,0.8876484632492065,data\cache\clean\test\sidset_660fbbd053050f25\clean.jpg
sidset_67e679dca692a59d,clean,sidset,real,0,0.9770836234092712,data\cache\clean\test\sidset_67e679dca692a59d\clean.jpg
sidset_68f0479b7dde7700,clean,sidset,real,0,0.6968937516212463,data\cache\clean\test\sidset_68f0479b7dde7700\clean.jpg
sidset_6ae976e8966ec975,clean,sidset,real,0,0.7802841067314148,data\cache\clean\test\sidset_6ae976e8966ec975\clean.jpg
sidset_6b7167d906f4ff1f,clean,sidset,real,0,0.9223450422286987,data\cache\clean\test\sidset_6b7167d906f4ff1f\clean.jpg
sidset_6ca445fcf626607b,clean,sidset,real,0,0.6412926912307739,data\cache\clean\test\sidset_6ca445fcf626607b\clean.jpg
sidset_6cd755669fbaa2d8,clean,sidset,real,0,0.7055670619010925,data\cache\clean\test\sidset_6cd755669fbaa2d8\clean.jpg
sidset_6f3ce9ca0af3863c,clean,sidset,real,0,0.5916792154312134,data\cache\clean\test\sidset_6f3ce9ca0af3863c\clean.jpg
sidset_6fd040fe95578d90,clean,sidset,real,0,0.6568118333816528,data\cache\clean\test\sidset_6fd040fe95578d90\clean.jpg
sidset_759a21da57c25774,clean,sidset,real,0,0.9275819659233093,data\cache\clean\test\sidset_759a21da57c25774\clean.jpg
sidset_7974984b83c15934,clean,sidset,real,0,0.5673378109931946,data\cache\clean\test\sidset_7974984b83c15934\clean.jpg
sidset_7d3102cbae765943,clean,sidset,real,0,0.6261640191078186,data\cache\clean\test\sidset_7d3102cbae765943\clean.jpg
sidset_7f1ce0ac000e1d6c,clean,sidset,real,0,0.8274673819541931,data\cache\clean\test\sidset_7f1ce0ac000e1d6c\clean.jpg
sidset_832e43df048c6d1a,clean,sidset,real,0,0.6048035025596619,data\cache\clean\test\sidset_832e43df048c6d1a\clean.jpg
sidset_85928afd9860bcb5,clean,sidset,real,0,0.6274237632751465,data\cache\clean\test\sidset_85928afd9860bcb5\clean.jpg
sidset_8619862cda88466c,clean,sidset,real,0,0.6337459683418274,data\cache\clean\test\sidset_8619862cda88466c\clean.jpg
sidset_8c3549f9f22a8f34,clean,sidset,real,0,0.9497851729393005,data\cache\clean\test\sidset_8c3549f9f22a8f34\clean.jpg
sidset_8d2495ea75218578,clean,sidset,real,0,0.5640687942504883,data\cache\clean\test\sidset_8d2495ea75218578\clean.jpg
sidset_918190e0dd7fc829,clean,sidset,real,0,0.998765230178833,data\cache\clean\test\sidset_918190e0dd7fc829\clean.jpg
sidset_9930f532d418d193,clean,sidset,real,0,0.9082470536231995,data\cache\clean\test\sidset_9930f532d418d193\clean.jpg
sidset_995429a562f1aed2,clean,sidset,real,0,0.817112922668457,data\cache\clean\test\sidset_995429a562f1aed2\clean.jpg
sidset_9e2a9b16ff46f867,clean,sidset,real,0,0.9506093859672546,data\cache\clean\test\sidset_9e2a9b16ff46f867\clean.jpg
sidset_a3032d75347e6fa2,clean,sidset,real,0,0.9821932315826416,data\cache\clean\test\sidset_a3032d75347e6fa2\clean.jpg
sidset_a4268c0135ca2c65,clean,sidset,real,0,0.9806729555130005,data\cache\clean\test\sidset_a4268c0135ca2c65\clean.jpg
sidset_a429805728e89e7d,clean,sidset,real,0,0.9789201021194458,data\cache\clean\test\sidset_a429805728e89e7d\clean.jpg
sidset_a8ad741ef85002f3,clean,sidset,real,0,0.8315343856811523,data\cache\clean\test\sidset_a8ad741ef85002f3\clean.jpg
sidset_addaecf6bdb9e66b,clean,sidset,real,0,0.9965404272079468,data\cache\clean\test\sidset_addaecf6bdb9e66b\clean.jpg
sidset_b230de6baca8d392,clean,sidset,real,0,0.903797447681427,data\cache\clean\test\sidset_b230de6baca8d392\clean.jpg
sidset_b3d460c2a4f17eff,clean,sidset,real,0,0.5418327450752258,data\cache\clean\test\sidset_b3d460c2a4f17eff\clean.jpg
sidset_b8d2d5fcb72a3a65,clean,sidset,real,0,0.7308422923088074,data\cache\clean\test\sidset_b8d2d5fcb72a3a65\clean.jpg
sidset_bafdbc8a8d68c696,clean,sidset,real,0,0.5983943343162537,data\cache\clean\test\sidset_bafdbc8a8d68c696\clean.jpg
sidset_bc280ffeb57ce51b,clean,sidset,real,0,0.7882481217384338,data\cache\clean\test\sidset_bc280ffeb57ce51b\clean.jpg
sidset_bc70b06f0d603efd,clean,sidset,real,0,0.9998819828033447,data\cache\clean\test\sidset_bc70b06f0d603efd\clean.jpg
sidset_bddc30edb2816122,clean,sidset,real,0,0.817730188369751,data\cache\clean\test\sidset_bddc30edb2816122\clean.jpg
sidset_be1daffd2d21411d,clean,sidset,real,0,0.8254937529563904,data\cache\clean\test\sidset_be1daffd2d21411d\clean.jpg
sidset_c104d5a827c3dc84,clean,sidset,real,0,0.9320945739746094,data\cache\clean\test\sidset_c104d5a827c3dc84\clean.jpg
sidset_c3c41d4a18529a16,clean,sidset,real,0,0.6488767862319946,data\cache\clean\test\sidset_c3c41d4a18529a16\clean.jpg
sidset_c47a1c5427ee9d26,clean,sidset,real,0,0.8349393606185913,data\cache\clean\test\sidset_c47a1c5427ee9d26\clean.jpg
sidset_c5a378b0ea24d25e,clean,sidset,real,0,0.6926267147064209,data\cache\clean\test\sidset_c5a378b0ea24d25e\clean.jpg
sidset_c5f4e20e7d2e391c,clean,sidset,real,0,0.5304355025291443,data\cache\clean\test\sidset_c5f4e20e7d2e391c\clean.jpg
sidset_cac550631e35c126,clean,sidset,real,0,0.8139171600341797,data\cache\clean\test\sidset_cac550631e35c126\clean.jpg
sidset_cb68a83278e88b9d,clean,sidset,real,0,0.7122104167938232,data\cache\clean\test\sidset_cb68a83278e88b9d\clean.jpg
sidset_cc4571b1efacde65,clean,sidset,real,0,0.5746315717697144,data\cache\clean\test\sidset_cc4571b1efacde65\clean.jpg
sidset_ce09a25a50fdfe47,clean,sidset,real,0,0.7377206683158875,data\cache\clean\test\sidset_ce09a25a50fdfe47\clean.jpg
sidset_d1bccd9512c32cdc,clean,sidset,real,0,0.5003303289413452,data\cache\clean\test\sidset_d1bccd9512c32cdc\clean.jpg
sidset_d3d78752fef3f3c4,clean,sidset,real,0,0.5064919590950012,data\cache\clean\test\sidset_d3d78752fef3f3c4\clean.jpg
sidset_d482661389f951ac,clean,sidset,real,0,0.5434061884880066,data\cache\clean\test\sidset_d482661389f951ac\clean.jpg
sidset_d652dc17bb0709b8,clean,sidset,real,0,0.5468098521232605,data\cache\clean\test\sidset_d652dc17bb0709b8\clean.jpg
sidset_dcc4eb3a61fc711a,clean,sidset,real,0,0.7069162130355835,data\cache\clean\test\sidset_dcc4eb3a61fc711a\clean.jpg
sidset_df089363fbc3dff5,clean,sidset,real,0,0.9583719968795776,data\cache\clean\test\sidset_df089363fbc3dff5\clean.jpg
sidset_e14e3989daa0bebd,clean,sidset,real,0,0.602765679359436,data\cache\clean\test\sidset_e14e3989daa0bebd\clean.jpg
sidset_e19c80d7ff2e201b,clean,sidset,real,0,0.8558223247528076,data\cache\clean\test\sidset_e19c80d7ff2e201b\clean.jpg
sidset_e35ca53982ee8372,clean,sidset,real,0,0.5656530261039734,data\cache\clean\test\sidset_e35ca53982ee8372\clean.jpg
sidset_e547ceb84d50e7bf,clean,sidset,real,0,0.8623179197311401,data\cache\clean\test\sidset_e547ceb84d50e7bf\clean.jpg
sidset_e67f5961f8d7c753,clean,sidset,real,0,0.7705692648887634,data\cache\clean\test\sidset_e67f5961f8d7c753\clean.jpg
sidset_e7250acece7d41f5,clean,sidset,real,0,0.8667044639587402,data\cache\clean\test\sidset_e7250acece7d41f5\clean.jpg
sidset_e99541e9ff8fadb2,clean,sidset,real,0,0.600376307964325,data\cache\clean\test\sidset_e99541e9ff8fadb2\clean.jpg
sidset_ea40598e1128af27,clean,sidset,real,0,0.5540170669555664,data\cache\clean\test\sidset_ea40598e1128af27\clean.jpg
sidset_ec0193adf7d72f96,clean,sidset,real,0,0.5550157427787781,data\cache\clean\test\sidset_ec0193adf7d72f96\clean.jpg
sidset_ef3f636bfc78f3a5,clean,sidset,real,0,0.6651508808135986,data\cache\clean\test\sidset_ef3f636bfc78f3a5\clean.jpg
sidset_f1dcc7d3f0ff18ab,clean,sidset,real,0,0.6178817749023438,data\cache\clean\test\sidset_f1dcc7d3f0ff18ab\clean.jpg
sidset_f250696304a3be0e,clean,sidset,real,0,0.7607842087745667,data\cache\clean\test\sidset_f250696304a3be0e\clean.jpg
sidset_f5044c17014681a8,clean,sidset,real,0,0.5906237363815308,data\cache\clean\test\sidset_f5044c17014681a8\clean.jpg
sidset_fac95db1f3df9775,clean,sidset,real,0,0.972404956817627,data\cache\clean\test\sidset_fac95db1f3df9775\clean.jpg
sidset_ffb6be41271c5645,clean,sidset,real,0,0.9819163084030151,data\cache\clean\test\sidset_ffb6be41271c5645\clean.jpg
cifake_0089 (3),blur_s0.5,cifake,real,0,0.5890884399414062,data\cache\clean\test\cifake_0089 (3)\blur_s0.5.jpg
cifake_0235,blur_s0.5,cifake,real,0,0.5679527521133423,data\cache\clean\test\cifake_0235\blur_s0.5.jpg
cifake_0343 (6),blur_s0.5,cifake,real,0,0.9443695545196533,data\cache\clean\test\cifake_0343 (6)\blur_s0.5.jpg
cifake_0567,blur_s0.5,cifake,real,0,0.7008300423622131,data\cache\clean\test\cifake_0567\blur_s0.5.jpg
cifake_0618 (3),blur_s0.5,cifake,real,0,0.8230075240135193,data\cache\clean\test\cifake_0618 (3)\blur_s0.5.jpg
cifake_0793,blur_s0.5,cifake,real,0,0.8501025438308716,data\cache\clean\test\cifake_0793\blur_s0.5.jpg
cifake_0967 (9),blur_s0.5,cifake,real,0,0.812553346157074,data\cache\clean\test\cifake_0967 (9)\blur_s0.5.jpg
cifake_1139,blur_s0.5,cifake,real,0,0.8866490721702576,data\cache\clean\test\cifake_1139\blur_s0.5.jpg
cifake_1308 (6),blur_s0.5,cifake,real,0,0.6031959652900696,data\cache\clean\test\cifake_1308 (6)\blur_s0.5.jpg
cifake_2122,blur_s0.5,cifake,real,0,0.9903565049171448,data\cache\clean\test\cifake_2122\blur_s0.5.jpg
cifake_2441 (4),blur_s0.5,cifake,real,0,0.5029588937759399,data\cache\clean\test\cifake_2441 (4)\blur_s0.5.jpg
cifake_2547,blur_s0.5,cifake,real,0,0.6223049759864807,data\cache\clean\test\cifake_2547\blur_s0.5.jpg
cifake_2579 (8),blur_s0.5,cifake,real,0,0.581580400466919,data\cache\clean\test\cifake_2579 (8)\blur_s0.5.jpg
cifake_2660,blur_s0.5,cifake,real,0,0.7331621050834656,data\cache\clean\test\cifake_2660\blur_s0.5.jpg
cifake_2874 (4),blur_s0.5,cifake,real,0,0.5181765556335449,data\cache\clean\test\cifake_2874 (4)\blur_s0.5.jpg
cifake_3049 (2),blur_s0.5,cifake,real,0,0.611920952796936,data\cache\clean\test\cifake_3049 (2)\blur_s0.5.jpg
cifake_4369,blur_s0.5,cifake,real,0,0.6632945537567139,data\cache\clean\test\cifake_4369\blur_s0.5.jpg
cifake_4660 (5),blur_s0.5,cifake,real,0,0.9660824537277222,data\cache\clean\test\cifake_4660 (5)\blur_s0.5.jpg
cifake_4673 (5),blur_s0.5,cifake,real,0,0.8126798868179321,data\cache\clean\test\cifake_4673 (5)\blur_s0.5.jpg
sidset_02eb47f790cba404,blur_s0.5,sidset,real,0,0.6330848932266235,data\cache\clean\test\sidset_02eb47f790cba404\blur_s0.5.jpg
sidset_036df955965cb2f9,blur_s0.5,sidset,real,0,0.6979513764381409,data\cache\clean\test\sidset_036df955965cb2f9\blur_s0.5.jpg
sidset_04dca235b99ad328,blur_s0.5,sidset,real,0,0.548652708530426,data\cache\clean\test\sidset_04dca235b99ad328\blur_s0.5.jpg
sidset_04f2ca3f7633822b,blur_s0.5,sidset,real,0,0.6607300043106079,data\cache\clean\test\sidset_04f2ca3f7633822b\blur_s0.5.jpg
sidset_0633fbd766934905,blur_s0.5,sidset,real,0,0.5585822463035583,data\cache\clean\test\sidset_0633fbd766934905\blur_s0.5.jpg
sidset_10074342a36207e9,blur_s0.5,sidset,real,0,0.6443756818771362,data\cache\clean\test\sidset_10074342a36207e9\blur_s0.5.jpg
sidset_104ed9aacca56685,blur_s0.5,sidset,real,0,0.8521827459335327,data\cache\clean\test\sidset_104ed9aacca56685\blur_s0.5.jpg
sidset_14312756c1c94efa,blur_s0.5,sidset,real,0,0.7473369240760803,data\cache\clean\test\sidset_14312756c1c94efa\blur_s0.5.jpg
sidset_1577f06c8ee59ef0,blur_s0.5,sidset,real,0,0.5013911128044128,data\cache\clean\test\sidset_1577f06c8ee59ef0\blur_s0.5.jpg
sidset_165e94520f73e349,blur_s0.5,sidset,real,0,0.6705586314201355,data\cache\clean\test\sidset_165e94520f73e349\blur_s0.5.jpg
sidset_184bcfe0dff58976,blur_s0.5,sidset,real,0,0.5410057306289673,data\cache\clean\test\sidset_184bcfe0dff58976\blur_s0.5.jpg
sidset_1d24e17c0f598d7a,blur_s0.5,sidset,real,0,0.73293137550354,data\cache\clean\test\sidset_1d24e17c0f598d7a\blur_s0.5.jpg
sidset_1d49d26ca0273da6,blur_s0.5,sidset,real,0,0.8942127227783203,data\cache\clean\test\sidset_1d49d26ca0273da6\blur_s0.5.jpg
sidset_206468f74dab4d45,blur_s0.5,sidset,real,0,0.5325472950935364,data\cache\clean\test\sidset_206468f74dab4d45\blur_s0.5.jpg
sidset_230a893e83782a7f,blur_s0.5,sidset,real,0,0.6874573826789856,data\cache\clean\test\sidset_230a893e83782a7f\blur_s0.5.jpg
sidset_237f3e13b66b8d25,blur_s0.5,sidset,real,0,0.5022162199020386,data\cache\clean\test\sidset_237f3e13b66b8d25\blur_s0.5.jpg
sidset_240eaccddb6506ef,blur_s0.5,sidset,real,0,0.7182896733283997,data\cache\clean\test\sidset_240eaccddb6506ef\blur_s0.5.jpg
sidset_247241c5aa1f3f9c,blur_s0.5,sidset,real,0,0.5282015204429626,data\cache\clean\test\sidset_247241c5aa1f3f9c\blur_s0.5.jpg
sidset_2905198a806667f8,blur_s0.5,sidset,real,0,0.5020908117294312,data\cache\clean\test\sidset_2905198a806667f8\blur_s0.5.jpg
sidset_2a8fb1de6042f419,blur_s0.5,sidset,real,0,0.6171411871910095,data\cache\clean\test\sidset_2a8fb1de6042f419\blur_s0.5.jpg
sidset_2c7cd831752d6b09,blur_s0.5,sidset,real,0,0.7248955965042114,data\cache\clean\test\sidset_2c7cd831752d6b09\blur_s0.5.jpg
sidset_2da45bb6ecb94767,blur_s0.5,sidset,real,0,0.6957681775093079,data\cache\clean\test\sidset_2da45bb6ecb94767\blur_s0.5.jpg
sidset_2e1070632f289596,blur_s0.5,sidset,real,0,0.5113676190376282,data\cache\clean\test\sidset_2e1070632f289596\blur_s0.5.jpg
sidset_326f495eb261b65e,blur_s0.5,sidset,real,0,0.551332414150238,data\cache\clean\test\sidset_326f495eb261b65e\blur_s0.5.jpg
sidset_3366fe07253694af,blur_s0.5,sidset,real,0,0.509679913520813,data\cache\clean\test\sidset_3366fe07253694af\blur_s0.5.jpg
sidset_3413efa4fc47b5ac,blur_s0.5,sidset,real,0,0.7879851460456848,data\cache\clean\test\sidset_3413efa4fc47b5ac\blur_s0.5.jpg
sidset_351df796b93ed2b5,blur_s0.5,sidset,real,0,0.8857402801513672,data\cache\clean\test\sidset_351df796b93ed2b5\blur_s0.5.jpg
sidset_3beca4d6152a4aa5,blur_s0.5,sidset,real,0,0.6811277270317078,data\cache\clean\test\sidset_3beca4d6152a4aa5\blur_s0.5.jpg
sidset_3fbc4c1574ef987d,blur_s0.5,sidset,real,0,0.5210145711898804,data\cache\clean\test\sidset_3fbc4c1574ef987d\blur_s0.5.jpg
sidset_40d5448c128a6537,blur_s0.5,sidset,real,0,0.8122309446334839,data\cache\clean\test\sidset_40d5448c128a6537\blur_s0.5.jpg
sidset_41fcb89ff22ef83c,blur_s0.5,sidset,real,0,0.5863149166107178,data\cache\clean\test\sidset_41fcb89ff22ef83c\blur_s0.5.jpg
sidset_4566671bd4a332e8,blur_s0.5,sidset,real,0,0.5923671126365662,data\cache\clean\test\sidset_4566671bd4a332e8\blur_s0.5.jpg
sidset_45a6cb8b20ae57d2,blur_s0.5,sidset,real,0,0.8344987034797668,data\cache\clean\test\sidset_45a6cb8b20ae57d2\blur_s0.5.jpg
sidset_47927d08b0f027e7,blur_s0.5,sidset,real,0,0.969135046005249,data\cache\clean\test\sidset_47927d08b0f027e7\blur_s0.5.jpg
sidset_4c361533bba3cc71,blur_s0.5,sidset,real,0,0.9446654915809631,data\cache\clean\test\sidset_4c361533bba3cc71\blur_s0.5.jpg
sidset_4dd2dda240e479c1,blur_s0.5,sidset,real,0,0.6693134307861328,data\cache\clean\test\sidset_4dd2dda240e479c1\blur_s0.5.jpg
sidset_52bf81b2d7f84101,blur_s0.5,sidset,real,0,0.6367916464805603,data\cache\clean\test\sidset_52bf81b2d7f84101\blur_s0.5.jpg
sidset_55ed6c0bbd54e07d,blur_s0.5,sidset,real,0,0.9773855805397034,data\cache\clean\test\sidset_55ed6c0bbd54e07d\blur_s0.5.jpg
sidset_59e78921fe0be3d3,blur_s0.5,sidset,real,0,0.519221305847168,data\cache\clean\test\sidset_59e78921fe0be3d3\blur_s0.5.jpg
sidset_5a165a26bf8ca4be,blur_s0.5,sidset,real,0,0.8987129926681519,data\cache\clean\test\sidset_5a165a26bf8ca4be\blur_s0.5.jpg
sidset_5ae51a789c118b75,blur_s0.5,sidset,real,0,0.6773439645767212,data\cache\clean\test\sidset_5ae51a789c118b75\blur_s0.5.jpg
sidset_5b291a7b5ae05cf0,blur_s0.5,sidset,real,0,0.631037712097168,data\cache\clean\test\sidset_5b291a7b5ae05cf0\blur_s0.5.jpg
sidset_5b8f12b78d13bfcd,blur_s0.5,sidset,real,0,0.9025399684906006,data\cache\clean\test\sidset_5b8f12b78d13bfcd\blur_s0.5.jpg
sidset_5ba522a91162ae70,blur_s0.5,sidset,real,0,0.9944975972175598,data\cache\clean\test\sidset_5ba522a91162ae70\blur_s0.5.jpg
sidset_5d6c80bf53edd038,blur_s0.5,sidset,real,0,0.582255482673645,data\cache\clean\test\sidset_5d6c80bf53edd038\blur_s0.5.jpg
sidset_5fd49a9afbba9bd6,blur_s0.5,sidset,real,0,0.9385873079299927,data\cache\clean\test\sidset_5fd49a9afbba9bd6\blur_s0.5.jpg
sidset_615f67f3acd96d5c,blur_s0.5,sidset,real,0,0.8180561661720276,data\cache\clean\test\sidset_615f67f3acd96d5c\blur_s0.5.jpg
sidset_61788db65ec08fe7,blur_s0.5,sidset,real,0,0.5541035532951355,data\cache\clean\test\sidset_61788db65ec08fe7\blur_s0.5.jpg
sidset_62d3110113ec4633,blur_s0.5,sidset,real,0,0.6969387531280518,data\cache\clean\test\sidset_62d3110113ec4633\blur_s0.5.jpg
sidset_6431b1bc822a7f18,blur_s0.5,sidset,real,0,0.6406347155570984,data\cache\clean\test\sidset_6431b1bc822a7f18\blur_s0.5.jpg
sidset_656e08da323e3b5e,blur_s0.5,sidset,real,0,0.5161296129226685,data\cache\clean\test\sidset_656e08da323e3b5e\blur_s0.5.jpg
sidset_660fbbd053050f25,blur_s0.5,sidset,real,0,0.8620703816413879,data\cache\clean\test\sidset_660fbbd053050f25\blur_s0.5.jpg
sidset_67e679dca692a59d,blur_s0.5,sidset,real,0,0.980482816696167,data\cache\clean\test\sidset_67e679dca692a59d\blur_s0.5.jpg
sidset_68f0479b7dde7700,blur_s0.5,sidset,real,0,0.7073742151260376,data\cache\clean\test\sidset_68f0479b7dde7700\blur_s0.5.jpg
sidset_6a2ca6466f80c6c2,blur_s0.5,sidset,real,0,0.5243955850601196,data\cache\clean\test\sidset_6a2ca6466f80c6c2\blur_s0.5.jpg
sidset_6a9b88d93d860623,blur_s0.5,sidset,real,0,0.5274415016174316,data\cache\clean\test\sidset_6a9b88d93d860623\blur_s0.5.jpg
sidset_6ae976e8966ec975,blur_s0.5,sidset,real,0,0.7577269077301025,data\cache\clean\test\sidset_6ae976e8966ec975\blur_s0.5.jpg
sidset_6b7167d906f4ff1f,blur_s0.5,sidset,real,0,0.9659730195999146,data\cache\clean\test\sidset_6b7167d906f4ff1f\blur_s0.5.jpg
sidset_6ca445fcf626607b,blur_s0.5,sidset,real,0,0.6656458973884583,data\cache\clean\test\sidset_6ca445fcf626607b\blur_s0.5.jpg
sidset_6cd755669fbaa2d8,blur_s0.5,sidset,real,0,0.5811397433280945,data\cache\clean\test\sidset_6cd755669fbaa2d8\blur_s0.5.jpg
sidset_6f3ce9ca0af3863c,blur_s0.5,sidset,real,0,0.6063949465751648,data\cache\clean\test\sidset_6f3ce9ca0af3863c\blur_s0.5.jpg
sidset_6fd040fe95578d90,blur_s0.5,sidset,real,0,0.6905489563941956,data\cache\clean\test\sidset_6fd040fe95578d90\blur_s0.5.jpg
sidset_715f3c6fc6f7ef1f,blur_s0.5,sidset,real,0,0.7571180462837219,data\cache\clean\test\sidset_715f3c6fc6f7ef1f\blur_s0.5.jpg
sidset_759a21da57c25774,blur_s0.5,sidset,real,0,0.9312008023262024,data\cache\clean\test\sidset_759a21da57c25774\blur_s0.5.jpg
sidset_7974984b83c15934,blur_s0.5,sidset,real,0,0.5936636924743652,data\cache\clean\test\sidset_7974984b83c15934\blur_s0.5.jpg
sidset_7b02c62c42c0cc7f,blur_s0.5,sidset,real,0,0.5238747596740723,data\cache\clean\test\sidset_7b02c62c42c0cc7f\blur_s0.5.jpg
sidset_7d3102cbae765943,blur_s0.5,sidset,real,0,0.6163805723190308,data\cache\clean\test\sidset_7d3102cbae765943\blur_s0.5.jpg
sidset_7f1ce0ac000e1d6c,blur_s0.5,sidset,real,0,0.7725085020065308,data\cache\clean\test\sidset_7f1ce0ac000e1d6c\blur_s0.5.jpg
sidset_832e43df048c6d1a,blur_s0.5,sidset,real,0,0.6153737902641296,data\cache\clean\test\sidset_832e43df048c6d1a\blur_s0.5.jpg
sidset_85928afd9860bcb5,blur_s0.5,sidset,real,0,0.6082488894462585,data\cache\clean\test\sidset_85928afd9860bcb5\blur_s0.5.jpg
sidset_8619862cda88466c,blur_s0.5,sidset,real,0,0.5381578207015991,data\cache\clean\test\sidset_8619862cda88466c\blur_s0.5.jpg
sidset_87d1c36b80601bcb,blur_s0.5,sidset,real,0,0.5624417662620544,data\cache\clean\test\sidset_87d1c36b80601bcb\blur_s0.5.jpg
sidset_8c3549f9f22a8f34,blur_s0.5,sidset,real,0,0.9062861204147339,data\cache\clean\test\sidset_8c3549f9f22a8f34\blur_s0.5.jpg
sidset_8d2495ea75218578,blur_s0.5,sidset,real,0,0.6334028244018555,data\cache\clean\test\sidset_8d2495ea75218578\blur_s0.5.jpg
sidset_918190e0dd7fc829,blur_s0.5,sidset,real,0,0.9987190961837769,data\cache\clean\test\sidset_918190e0dd7fc829\blur_s0.5.jpg
sidset_9930f532d418d193,blur_s0.5,sidset,real,0,0.9125427007675171,data\cache\clean\test\sidset_9930f532d418d193\blur_s0.5.jpg
sidset_995429a562f1aed2,blur_s0.5,sidset,real,0,0.8779692649841309,data\cache\clean\test\sidset_995429a562f1aed2\blur_s0.5.jpg
sidset_9e2a9b16ff46f867,blur_s0.5,sidset,real,0,0.9180323481559753,data\cache\clean\test\sidset_9e2a9b16ff46f867\blur_s0.5.jpg
sidset_9fc6dd13d6dbf191,blur_s0.5,sidset,real,0,0.6042287349700928,data\cache\clean\test\sidset_9fc6dd13d6dbf191\blur_s0.5.jpg
sidset_a3032d75347e6fa2,blur_s0.5,sidset,real,0,0.9842939972877502,data\cache\clean\test\sidset_a3032d75347e6fa2\blur_s0.5.jpg
sidset_a4268c0135ca2c65,blur_s0.5,sidset,real,0,0.979743480682373,data\cache\clean\test\sidset_a4268c0135ca2c65\blur_s0.5.jpg
sidset_a429805728e89e7d,blur_s0.5,sidset,real,0,0.9361894726753235,data\cache\clean\test\sidset_a429805728e89e7d\blur_s0.5.jpg
sidset_a8ad741ef85002f3,blur_s0.5,sidset,real,0,0.7904516458511353,data\cache\clean\test\sidset_a8ad741ef85002f3\blur_s0.5.jpg
sidset_ab083d732ae4236c,blur_s0.5,sidset,real,0,0.5642254948616028,data\cache\clean\test\sidset_ab083d732ae4236c\blur_s0.5.jpg
sidset_ac54ef2834f8bc74,blur_s0.5,sidset,real,0,0.5429787039756775,data\cache\clean\test\sidset_ac54ef2834f8bc74\blur_s0.5.jpg
sidset_addaecf6bdb9e66b,blur_s0.5,sidset,real,0,0.9959049820899963,data\cache\clean\test\sidset_addaecf6bdb9e66b\blur_s0.5.jpg
sidset_b230de6baca8d392,blur_s0.5,sidset,real,0,0.9070771932601929,data\cache\clean\test\sidset_b230de6baca8d392\blur_s0.5.jpg
sidset_b3d460c2a4f17eff,blur_s0.5,sidset,real,0,0.582208514213562,data\cache\clean\test\sidset_b3d460c2a4f17eff\blur_s0.5.jpg
sidset_b8d2d5fcb72a3a65,blur_s0.5,sidset,real,0,0.6746954917907715,data\cache\clean\test\sidset_b8d2d5fcb72a3a65\blur_s0.5.jpg
sidset_bafdbc8a8d68c696,blur_s0.5,sidset,real,0,0.613287091255188,data\cache\clean\test\sidset_bafdbc8a8d68c696\blur_s0.5.jpg
sidset_bc280ffeb57ce51b,blur_s0.5,sidset,real,0,0.6863561868667603,data\cache\clean\test\sidset_bc280ffeb57ce51b\blur_s0.5.jpg
sidset_bc70b06f0d603efd,blur_s0.5,sidset,real,0,0.9998289346694946,data\cache\clean\test\sidset_bc70b06f0d603efd\blur_s0.5.jpg
sidset_bddc30edb2816122,blur_s0.5,sidset,real,0,0.8279493451118469,data\cache\clean\test\sidset_bddc30edb2816122\blur_s0.5.jpg
sidset_be1daffd2d21411d,blur_s0.5,sidset,real,0,0.8427351117134094,data\cache\clean\test\sidset_be1daffd2d21411d\blur_s0.5.jpg
sidset_c104d5a827c3dc84,blur_s0.5,sidset,real,0,0.9389289617538452,data\cache\clean\test\sidset_c104d5a827c3dc84\blur_s0.5.jpg
sidset_c3c41d4a18529a16,blur_s0.5,sidset,real,0,0.6967198252677917,data\cache\clean\test\sidset_c3c41d4a18529a16\blur_s0.5.jpg
sidset_c47a1c5427ee9d26,blur_s0.5,sidset,real,0,0.8446115255355835,data\cache\clean\test\sidset_c47a1c5427ee9d26\blur_s0.5.jpg
sidset_c5a378b0ea24d25e,blur_s0.5,sidset,real,0,0.661949872970581,data\cache\clean\test\sidset_c5a378b0ea24d25e\blur_s0.5.jpg
sidset_c5f4e20e7d2e391c,blur_s0.5,sidset,real,0,0.5540853142738342,data\cache\clean\test\sidset_c5f4e20e7d2e391c\blur_s0.5.jpg
sidset_cac550631e35c126,blur_s0.5,sidset,real,0,0.8547442555427551,data\cache\clean\test\sidset_cac550631e35c126\blur_s0.5.jpg
sidset_cb68a83278e88b9d,blur_s0.5,sidset,real,0,0.6530427932739258,data\cache\clean\test\sidset_cb68a83278e88b9d\blur_s0.5.jpg
sidset_cc4571b1efacde65,blur_s0.5,sidset,real,0,0.5735166072845459,data\cache\clean\test\sidset_cc4571b1efacde65\blur_s0.5.jpg
sidset_ce09a25a50fdfe47,blur_s0.5,sidset,real,0,0.7337109446525574,data\cache\clean\test\sidset_ce09a25a50fdfe47\blur_s0.5.jpg
sidset_d1bccd9512c32cdc,blur_s0.5,sidset,real,0,0.5386579036712646,data\cache\clean\test\sidset_d1bccd9512c32cdc\blur_s0.5.jpg
sidset_d3d78752fef3f3c4,blur_s0.5,sidset,real,0,0.5503807067871094,data\cache\clean\test\sidset_d3d78752fef3f3c4\blur_s0.5.jpg
sidset_d482661389f951ac,blur_s0.5,sidset,real,0,0.6117416620254517,data\cache\clean\test\sidset_d482661389f951ac\blur_s0.5.jpg
sidset_d652dc17bb0709b8,blur_s0.5,sidset,real,0,0.5813111066818237,data\cache\clean\test\sidset_d652dc17bb0709b8\blur_s0.5.jpg
sidset_dcc4eb3a61fc711a,blur_s0.5,sidset,real,0,0.7207610607147217,data\cache\clean\test\sidset_dcc4eb3a61fc711a\blur_s0.5.jpg
sidset_df089363fbc3dff5,blur_s0.5,sidset,real,0,0.9478759169578552,data\cache\clean\test\sidset_df089363fbc3dff5\blur_s0.5.jpg
sidset_e14e3989daa0bebd,blur_s0.5,sidset,real,0,0.6175090074539185,data\cache\clean\test\sidset_e14e3989daa0bebd\blur_s0.5.jpg
sidset_e19c80d7ff2e201b,blur_s0.5,sidset,real,0,0.9477845430374146,data\cache\clean\test\sidset_e19c80d7ff2e201b\blur_s0.5.jpg
sidset_e35ca53982ee8372,blur_s0.5,sidset,real,0,0.5162943005561829,data\cache\clean\test\sidset_e35ca53982ee8372\blur_s0.5.jpg
sidset_e547ceb84d50e7bf,blur_s0.5,sidset,real,0,0.6222954988479614,data\cache\clean\test\sidset_e547ceb84d50e7bf\blur_s0.5.jpg
sidset_e67f5961f8d7c753,blur_s0.5,sidset,real,0,0.767667829990387,data\cache\clean\test\sidset_e67f5961f8d7c753\blur_s0.5.jpg
sidset_e7250acece7d41f5,blur_s0.5,sidset,real,0,0.8739888668060303,data\cache\clean\test\sidset_e7250acece7d41f5\blur_s0.5.jpg
sidset_e99541e9ff8fadb2,blur_s0.5,sidset,real,0,0.5719680786132812,data\cache\clean\test\sidset_e99541e9ff8fadb2\blur_s0.5.jpg
sidset_ea40598e1128af27,blur_s0.5,sidset,real,0,0.5122694373130798,data\cache\clean\test\sidset_ea40598e1128af27\blur_s0.5.jpg
sidset_ec0193adf7d72f96,blur_s0.5,sidset,real,0,0.5443958640098572,data\cache\clean\test\sidset_ec0193adf7d72f96\blur_s0.5.jpg
sidset_ef3f636bfc78f3a5,blur_s0.5,sidset,real,0,0.6273577809333801,data\cache\clean\test\sidset_ef3f636bfc78f3a5\blur_s0.5.jpg
sidset_f1dcc7d3f0ff18ab,blur_s0.5,sidset,real,0,0.5898177027702332,data\cache\clean\test\sidset_f1dcc7d3f0ff18ab\blur_s0.5.jpg
sidset_f250696304a3be0e,blur_s0.5,sidset,real,0,0.7355982065200806,data\cache\clean\test\sidset_f250696304a3be0e\blur_s0.5.jpg
sidset_f5044c17014681a8,blur_s0.5,sidset,real,0,0.5835548639297485,data\cache\clean\test\sidset_f5044c17014681a8\blur_s0.5.jpg
sidset_fac95db1f3df9775,blur_s0.5,sidset,real,0,0.967926561832428,data\cache\clean\test\sidset_fac95db1f3df9775\blur_s0.5.jpg
sidset_ffb6be41271c5645,blur_s0.5,sidset,real,0,0.9835677146911621,data\cache\clean\test\sidset_ffb6be41271c5645\blur_s0.5.jpg
cifake_0089 (3),blur_s1.0,cifake,real,0,0.5836719274520874,data\cache\clean\test\cifake_0089 (3)\blur_s1.0.jpg
cifake_0235,blur_s1.0,cifake,real,0,0.5638915300369263,data\cache\clean\test\cifake_0235\blur_s1.0.jpg
cifake_0343 (6),blur_s1.0,cifake,real,0,0.9439535140991211,data\cache\clean\test\cifake_0343 (6)\blur_s1.0.jpg
cifake_0567,blur_s1.0,cifake,real,0,0.6853535175323486,data\cache\clean\test\cifake_0567\blur_s1.0.jpg
cifake_0618 (3),blur_s1.0,cifake,real,0,0.8286417126655579,data\cache\clean\test\cifake_0618 (3)\blur_s1.0.jpg
cifake_0793,blur_s1.0,cifake,real,0,0.8499263525009155,data\cache\clean\test\cifake_0793\blur_s1.0.jpg
cifake_0967 (9),blur_s1.0,cifake,real,0,0.8104875683784485,data\cache\clean\test\cifake_0967 (9)\blur_s1.0.jpg
cifake_1139,blur_s1.0,cifake,real,0,0.8853282332420349,data\cache\clean\test\cifake_1139\blur_s1.0.jpg
cifake_1308 (6),blur_s1.0,cifake,real,0,0.5893309116363525,data\cache\clean\test\cifake_1308 (6)\blur_s1.0.jpg
cifake_2122,blur_s1.0,cifake,real,0,0.9903178215026855,data\cache\clean\test\cifake_2122\blur_s1.0.jpg
cifake_2441 (4),blur_s1.0,cifake,real,0,0.5061105489730835,data\cache\clean\test\cifake_2441 (4)\blur_s1.0.jpg
cifake_2547,blur_s1.0,cifake,real,0,0.6223042607307434,data\cache\clean\test\cifake_2547\blur_s1.0.jpg
cifake_2579 (8),blur_s1.0,cifake,real,0,0.5891307592391968,data\cache\clean\test\cifake_2579 (8)\blur_s1.0.jpg
cifake_2660,blur_s1.0,cifake,real,0,0.7363448143005371,data\cache\clean\test\cifake_2660\blur_s1.0.jpg
cifake_2874 (4),blur_s1.0,cifake,real,0,0.5379360914230347,data\cache\clean\test\cifake_2874 (4)\blur_s1.0.jpg
cifake_3049 (2),blur_s1.0,cifake,real,0,0.6074337363243103,data\cache\clean\test\cifake_3049 (2)\blur_s1.0.jpg
cifake_4369,blur_s1.0,cifake,real,0,0.6651080250740051,data\cache\clean\test\cifake_4369\blur_s1.0.jpg
cifake_4660 (5),blur_s1.0,cifake,real,0,0.963365912437439,data\cache\clean\test\cifake_4660 (5)\blur_s1.0.jpg
cifake_4673 (5),blur_s1.0,cifake,real,0,0.8115771412849426,data\cache\clean\test\cifake_4673 (5)\blur_s1.0.jpg
sidset_02eb47f790cba404,blur_s1.0,sidset,real,0,0.6626265048980713,data\cache\clean\test\sidset_02eb47f790cba404\blur_s1.0.jpg
sidset_036df955965cb2f9,blur_s1.0,sidset,real,0,0.711182177066803,data\cache\clean\test\sidset_036df955965cb2f9\blur_s1.0.jpg
sidset_03a9da8756998d00,blur_s1.0,sidset,real,0,0.5632017850875854,data\cache\clean\test\sidset_03a9da8756998d00\blur_s1.0.jpg
sidset_04dca235b99ad328,blur_s1.0,sidset,real,0,0.83884596824646,data\cache\clean\test\sidset_04dca235b99ad328\blur_s1.0.jpg
sidset_04f2ca3f7633822b,blur_s1.0,sidset,real,0,0.6353256106376648,data\cache\clean\test\sidset_04f2ca3f7633822b\blur_s1.0.jpg
sidset_0633fbd766934905,blur_s1.0,sidset,real,0,0.6390371918678284,data\cache\clean\test\sidset_0633fbd766934905\blur_s1.0.jpg
sidset_10074342a36207e9,blur_s1.0,sidset,real,0,0.6493833661079407,data\cache\clean\test\sidset_10074342a36207e9\blur_s1.0.jpg
sidset_104ed9aacca56685,blur_s1.0,sidset,real,0,0.8428327441215515,data\cache\clean\test\sidset_104ed9aacca56685\blur_s1.0.jpg
sidset_13a6bf4eaf05914a,blur_s1.0,sidset,real,0,0.5140427350997925,data\cache\clean\test\sidset_13a6bf4eaf05914a\blur_s1.0.jpg
sidset_184bcfe0dff58976,blur_s1.0,sidset,real,0,0.6378078460693359,data\cache\clean\test\sidset_184bcfe0dff58976\blur_s1.0.jpg
sidset_1d24e17c0f598d7a,blur_s1.0,sidset,real,0,0.7354827523231506,data\cache\clean\test\sidset_1d24e17c0f598d7a\blur_s1.0.jpg
sidset_1d49d26ca0273da6,blur_s1.0,sidset,real,0,0.8709559440612793,data\cache\clean\test\sidset_1d49d26ca0273da6\blur_s1.0.jpg
sidset_206468f74dab4d45,blur_s1.0,sidset,real,0,0.5648853778839111,data\cache\clean\test\sidset_206468f74dab4d45\blur_s1.0.jpg
sidset_22b07f2ffcaf319c,blur_s1.0,sidset,real,0,0.5361401438713074,data\cache\clean\test\sidset_22b07f2ffcaf319c\blur_s1.0.jpg
sidset_230a893e83782a7f,blur_s1.0,sidset,real,0,0.6688479781150818,data\cache\clean\test\sidset_230a893e83782a7f\blur_s1.0.jpg
sidset_240eaccddb6506ef,blur_s1.0,sidset,real,0,0.7769787907600403,data\cache\clean\test\sidset_240eaccddb6506ef\blur_s1.0.jpg
sidset_247241c5aa1f3f9c,blur_s1.0,sidset,real,0,0.9278111457824707,data\cache\clean\test\sidset_247241c5aa1f3f9c\blur_s1.0.jpg
sidset_2905198a806667f8,blur_s1.0,sidset,real,0,0.5228736400604248,data\cache\clean\test\sidset_2905198a806667f8\blur_s1.0.jpg
sidset_2a8fb1de6042f419,blur_s1.0,sidset,real,0,0.5834748148918152,data\cache\clean\test\sidset_2a8fb1de6042f419\blur_s1.0.jpg
sidset_2c7cd831752d6b09,blur_s1.0,sidset,real,0,0.6361605525016785,data\cache\clean\test\sidset_2c7cd831752d6b09\blur_s1.0.jpg
sidset_2da45bb6ecb94767,blur_s1.0,sidset,real,0,0.6678197979927063,data\cache\clean\test\sidset_2da45bb6ecb94767\blur_s1.0.jpg
sidset_3366fe07253694af,blur_s1.0,sidset,real,0,0.534873902797699,data\cache\clean\test\sidset_3366fe07253694af\blur_s1.0.jpg
sidset_3413efa4fc47b5ac,blur_s1.0,sidset,real,0,0.7152316570281982,data\cache\clean\test\sidset_3413efa4fc47b5ac\blur_s1.0.jpg
sidset_351df796b93ed2b5,blur_s1.0,sidset,real,0,0.7402092814445496,data\cache\clean\test\sidset_351df796b93ed2b5\blur_s1.0.jpg
sidset_40d5448c128a6537,blur_s1.0,sidset,real,0,0.635740339756012,data\cache\clean\test\sidset_40d5448c128a6537\blur_s1.0.jpg
sidset_41fcb89ff22ef83c,blur_s1.0,sidset,real,0,0.6564992070198059,data\cache\clean\test\sidset_41fcb89ff22ef83c\blur_s1.0.jpg
sidset_45a6cb8b20ae57d2,blur_s1.0,sidset,real,0,0.7949802279472351,data\cache\clean\test\sidset_45a6cb8b20ae57d2\blur_s1.0.jpg
sidset_47927d08b0f027e7,blur_s1.0,sidset,real,0,0.9687979221343994,data\cache\clean\test\sidset_47927d08b0f027e7\blur_s1.0.jpg
sidset_4c361533bba3cc71,blur_s1.0,sidset,real,0,0.9456362724304199,data\cache\clean\test\sidset_4c361533bba3cc71\blur_s1.0.jpg
sidset_4dd2dda240e479c1,blur_s1.0,sidset,real,0,0.5589396953582764,data\cache\clean\test\sidset_4dd2dda240e479c1\blur_s1.0.jpg
sidset_4e4b9b1d6e8b2aca,blur_s1.0,sidset,real,0,0.6821431517601013,data\cache\clean\test\sidset_4e4b9b1d6e8b2aca\blur_s1.0.jpg
sidset_50431dd2e2a3818e,blur_s1.0,sidset,real,0,0.5454736351966858,data\cache\clean\test\sidset_50431dd2e2a3818e\blur_s1.0.jpg
sidset_523fede5def083dd,blur_s1.0,sidset,real,0,0.5080971121788025,data\cache\clean\test\sidset_523fede5def083dd\blur_s1.0.jpg
sidset_52bf81b2d7f84101,blur_s1.0,sidset,real,0,0.5966429710388184,data\cache\clean\test\sidset_52bf81b2d7f84101\blur_s1.0.jpg
sidset_55ed6c0bbd54e07d,blur_s1.0,sidset,real,0,0.8691069483757019,data\cache\clean\test\sidset_55ed6c0bbd54e07d\blur_s1.0.jpg
sidset_5a165a26bf8ca4be,blur_s1.0,sidset,real,0,0.8848592042922974,data\cache\clean\test\sidset_5a165a26bf8ca4be\blur_s1.0.jpg
sidset_5ae51a789c118b75,blur_s1.0,sidset,real,0,0.7072569727897644,data\cache\clean\test\sidset_5ae51a789c118b75\blur_s1.0.jpg
sidset_5b291a7b5ae05cf0,blur_s1.0,sidset,real,0,0.5186529159545898,data\cache\clean\test\sidset_5b291a7b5ae05cf0\blur_s1.0.jpg
sidset_5b8f12b78d13bfcd,blur_s1.0,sidset,real,0,0.8602185845375061,data\cache\clean\test\sidset_5b8f12b78d13bfcd\blur_s1.0.jpg
sidset_5ba522a91162ae70,blur_s1.0,sidset,real,0,0.9895911812782288,data\cache\clean\test\sidset_5ba522a91162ae70\blur_s1.0.jpg
sidset_5d6c80bf53edd038,blur_s1.0,sidset,real,0,0.5284487009048462,data\cache\clean\test\sidset_5d6c80bf53edd038\blur_s1.0.jpg
sidset_5fd49a9afbba9bd6,blur_s1.0,sidset,real,0,0.9516330361366272,data\cache\clean\test\sidset_5fd49a9afbba9bd6\blur_s1.0.jpg
sidset_615f67f3acd96d5c,blur_s1.0,sidset,real,0,0.9125439524650574,data\cache\clean\test\sidset_615f67f3acd96d5c\blur_s1.0.jpg
sidset_61788db65ec08fe7,blur_s1.0,sidset,real,0,0.5055703520774841,data\cache\clean\test\sidset_61788db65ec08fe7\blur_s1.0.jpg
sidset_6431b1bc822a7f18,blur_s1.0,sidset,real,0,0.6924726366996765,data\cache\clean\test\sidset_6431b1bc822a7f18\blur_s1.0.jpg
sidset_660fbbd053050f25,blur_s1.0,sidset,real,0,0.835046112537384,data\cache\clean\test\sidset_660fbbd053050f25\blur_s1.0.jpg
sidset_67e679dca692a59d,blur_s1.0,sidset,real,0,0.9868207573890686,data\cache\clean\test\sidset_67e679dca692a59d\blur_s1.0.jpg
sidset_68f0479b7dde7700,blur_s1.0,sidset,real,0,0.708603024482727,data\cache\clean\test\sidset_68f0479b7dde7700\blur_s1.0.jpg
sidset_6a2ca6466f80c6c2,blur_s1.0,sidset,real,0,0.6477047204971313,data\cache\clean\test\sidset_6a2ca6466f80c6c2\blur_s1.0.jpg
sidset_6ae976e8966ec975,blur_s1.0,sidset,real,0,0.740595281124115,data\cache\clean\test\sidset_6ae976e8966ec975\blur_s1.0.jpg
sidset_6b7167d906f4ff1f,blur_s1.0,sidset,real,0,0.9573835134506226,data\cache\clean\test\sidset_6b7167d906f4ff1f\blur_s1.0.jpg
sidset_6ca445fcf626607b,blur_s1.0,sidset,real,0,0.6711388826370239,data\cache\clean\test\sidset_6ca445fcf626607b\blur_s1.0.jpg
sidset_6fd040fe95578d90,blur_s1.0,sidset,real,0,0.6518508791923523,data\cache\clean\test\sidset_6fd040fe95578d90\blur_s1.0.jpg
sidset_715f3c6fc6f7ef1f,blur_s1.0,sidset,real,0,0.7867806553840637,data\cache\clean\test\sidset_715f3c6fc6f7ef1f\blur_s1.0.jpg
sidset_759a21da57c25774,blur_s1.0,sidset,real,0,0.9366728663444519,data\cache\clean\test\sidset_759a21da57c25774\blur_s1.0.jpg
sidset_7974984b83c15934,blur_s1.0,sidset,real,0,0.5760911107063293,data\cache\clean\test\sidset_7974984b83c15934\blur_s1.0.jpg
sidset_7d3102cbae765943,blur_s1.0,sidset,real,0,0.5788556933403015,data\cache\clean\test\sidset_7d3102cbae765943\blur_s1.0.jpg
sidset_7f1ce0ac000e1d6c,blur_s1.0,sidset,real,0,0.7891872525215149,data\cache\clean\test\sidset_7f1ce0ac000e1d6c\blur_s1.0.jpg
sidset_832e43df048c6d1a,blur_s1.0,sidset,real,0,0.6278030872344971,data\cache\clean\test\sidset_832e43df048c6d1a\blur_s1.0.jpg
sidset_87d1c36b80601bcb,blur_s1.0,sidset,real,0,0.526807963848114,data\cache\clean\test\sidset_87d1c36b80601bcb\blur_s1.0.jpg
sidset_8c3549f9f22a8f34,blur_s1.0,sidset,real,0,0.8580290675163269,data\cache\clean\test\sidset_8c3549f9f22a8f34\blur_s1.0.jpg
sidset_8d2495ea75218578,blur_s1.0,sidset,real,0,0.5625507831573486,data\cache\clean\test\sidset_8d2495ea75218578\blur_s1.0.jpg
sidset_918190e0dd7fc829,blur_s1.0,sidset,real,0,0.9987468719482422,data\cache\clean\test\sidset_918190e0dd7fc829\blur_s1.0.jpg
sidset_966e65b2c761177f,blur_s1.0,sidset,real,0,0.5211519598960876,data\cache\clean\test\sidset_966e65b2c761177f\blur_s1.0.jpg
sidset_9811f04611ad082c,blur_s1.0,sidset,real,0,0.6675391793251038,data\cache\clean\test\sidset_9811f04611ad082c\blur_s1.0.jpg
sidset_9930f532d418d193,blur_s1.0,sidset,real,0,0.7648699283599854,data\cache\clean\test\sidset_9930f532d418d193\blur_s1.0.jpg
sidset_995429a562f1aed2,blur_s1.0,sidset,real,0,0.9440835118293762,data\cache\clean\test\sidset_995429a562f1aed2\blur_s1.0.jpg
sidset_9e2a9b16ff46f867,blur_s1.0,sidset,real,0,0.8355970978736877,data\cache\clean\test\sidset_9e2a9b16ff46f867\blur_s1.0.jpg
sidset_9fc6dd13d6dbf191,blur_s1.0,sidset,real,0,0.7638531923294067,data\cache\clean\test\sidset_9fc6dd13d6dbf191\blur_s1.0.jpg
sidset_a3032d75347e6fa2,blur_s1.0,sidset,real,0,0.9861741065979004,data\cache\clean\test\sidset_a3032d75347e6fa2\blur_s1.0.jpg
sidset_a4268c0135ca2c65,blur_s1.0,sidset,real,0,0.9400889277458191,data\cache\clean\test\sidset_a4268c0135ca2c65\blur_s1.0.jpg
sidset_a429805728e89e7d,blur_s1.0,sidset,real,0,0.9086307287216187,data\cache\clean\test\sidset_a429805728e89e7d\blur_s1.0.jpg
sidset_a8ad741ef85002f3,blur_s1.0,sidset,real,0,0.7018263936042786,data\cache\clean\test\sidset_a8ad741ef85002f3\blur_s1.0.jpg
sidset_a95cb67561b0310c,blur_s1.0,sidset,real,0,0.5049296617507935,data\cache\clean\test\sidset_a95cb67561b0310c\blur_s1.0.jpg
sidset_ab083d732ae4236c,blur_s1.0,sidset,real,0,0.6088392734527588,data\cache\clean\test\sidset_ab083d732ae4236c\blur_s1.0.jpg
sidset_ac54ef2834f8bc74,blur_s1.0,sidset,real,0,0.5948587656021118,data\cache\clean\test\sidset_ac54ef2834f8bc74\blur_s1.0.jpg
sidset_addaecf6bdb9e66b,blur_s1.0,sidset,real,0,0.9926769733428955,data\cache\clean\test\sidset_addaecf6bdb9e66b\blur_s1.0.jpg
sidset_b230de6baca8d392,blur_s1.0,sidset,real,0,0.904371976852417,data\cache\clean\test\sidset_b230de6baca8d392\blur_s1.0.jpg
sidset_b3d460c2a4f17eff,blur_s1.0,sidset,real,0,0.5341427326202393,data\cache\clean\test\sidset_b3d460c2a4f17eff\blur_s1.0.jpg
sidset_b8d2d5fcb72a3a65,blur_s1.0,sidset,real,0,0.5121923685073853,data\cache\clean\test\sidset_b8d2d5fcb72a3a65\blur_s1.0.jpg
sidset_bafdbc8a8d68c696,blur_s1.0,sidset,real,0,0.6250029802322388,data\cache\clean\test\sidset_bafdbc8a8d68c696\blur_s1.0.jpg
sidset_bc70b06f0d603efd,blur_s1.0,sidset,real,0,0.9995355606079102,data\cache\clean\test\sidset_bc70b06f0d603efd\blur_s1.0.jpg
sidset_bddc30edb2816122,blur_s1.0,sidset,real,0,0.8024463653564453,data\cache\clean\test\sidset_bddc30edb2816122\blur_s1.0.jpg
sidset_be1daffd2d21411d,blur_s1.0,sidset,real,0,0.9032592177391052,data\cache\clean\test\sidset_be1daffd2d21411d\blur_s1.0.jpg
sidset_c104d5a827c3dc84,blur_s1.0,sidset,real,0,0.9472710490226746,data\cache\clean\test\sidset_c104d5a827c3dc84\blur_s1.0.jpg
sidset_c3c41d4a18529a16,blur_s1.0,sidset,real,0,0.7203630805015564,data\cache\clean\test\sidset_c3c41d4a18529a16\blur_s1.0.jpg
sidset_c47a1c5427ee9d26,blur_s1.0,sidset,real,0,0.8929731845855713,data\cache\clean\test\sidset_c47a1c5427ee9d26\blur_s1.0.jpg
sidset_c5a378b0ea24d25e,blur_s1.0,sidset,real,0,0.5997226238250732,data\cache\clean\test\sidset_c5a378b0ea24d25e\blur_s1.0.jpg
sidset_c5f4e20e7d2e391c,blur_s1.0,sidset,real,0,0.5692500472068787,data\cache\clean\test\sidset_c5f4e20e7d2e391c\blur_s1.0.jpg
sidset_cac550631e35c126,blur_s1.0,sidset,real,0,0.8153027296066284,data\cache\clean\test\sidset_cac550631e35c126\blur_s1.0.jpg
sidset_cb68a83278e88b9d,blur_s1.0,sidset,real,0,0.6660497784614563,data\cache\clean\test\sidset_cb68a83278e88b9d\blur_s1.0.jpg
sidset_ce09a25a50fdfe47,blur_s1.0,sidset,real,0,0.7851413488388062,data\cache\clean\test\sidset_ce09a25a50fdfe47\blur_s1.0.jpg
sidset_d3d78752fef3f3c4,blur_s1.0,sidset,real,0,0.6196396350860596,data\cache\clean\test\sidset_d3d78752fef3f3c4\blur_s1.0.jpg
sidset_d482661389f951ac,blur_s1.0,sidset,real,0,0.6330453157424927,data\cache\clean\test\sidset_d482661389f951ac\blur_s1.0.jpg
sidset_d652dc17bb0709b8,blur_s1.0,sidset,real,0,0.5595499873161316,data\cache\clean\test\sidset_d652dc17bb0709b8\blur_s1.0.jpg
sidset_dcc4eb3a61fc711a,blur_s1.0,sidset,real,0,0.7630983591079712,data\cache\clean\test\sidset_dcc4eb3a61fc711a\blur_s1.0.jpg
sidset_dd7f306351f863e7,blur_s1.0,sidset,real,0,0.5607596635818481,data\cache\clean\test\sidset_dd7f306351f863e7\blur_s1.0.jpg
sidset_df089363fbc3dff5,blur_s1.0,sidset,real,0,0.9336504936218262,data\cache\clean\test\sidset_df089363fbc3dff5\blur_s1.0.jpg
sidset_e14e3989daa0bebd,blur_s1.0,sidset,real,0,0.6132118701934814,data\cache\clean\test\sidset_e14e3989daa0bebd\blur_s1.0.jpg
sidset_e19c80d7ff2e201b,blur_s1.0,sidset,real,0,0.9379979968070984,data\cache\clean\test\sidset_e19c80d7ff2e201b\blur_s1.0.jpg
sidset_e1a5cac65504c6d6,blur_s1.0,sidset,real,0,0.5872196555137634,data\cache\clean\test\sidset_e1a5cac65504c6d6\blur_s1.0.jpg
sidset_e547ceb84d50e7bf,blur_s1.0,sidset,real,0,0.5316951274871826,data\cache\clean\test\sidset_e547ceb84d50e7bf\blur_s1.0.jpg
sidset_e67f5961f8d7c753,blur_s1.0,sidset,real,0,0.7111353278160095,data\cache\clean\test\sidset_e67f5961f8d7c753\blur_s1.0.jpg
sidset_e7250acece7d41f5,blur_s1.0,sidset,real,0,0.8938037157058716,data\cache\clean\test\sidset_e7250acece7d41f5\blur_s1.0.jpg
sidset_ef3f636bfc78f3a5,blur_s1.0,sidset,real,0,0.5472501516342163,data\cache\clean\test\sidset_ef3f636bfc78f3a5\blur_s1.0.jpg
sidset_f1dcc7d3f0ff18ab,blur_s1.0,sidset,real,0,0.6507948637008667,data\cache\clean\test\sidset_f1dcc7d3f0ff18ab\blur_s1.0.jpg
sidset_f20a6b1e60fc7de3,blur_s1.0,sidset,real,0,0.6183198690414429,data\cache\clean\test\sidset_f20a6b1e60fc7de3\blur_s1.0.jpg
sidset_f250696304a3be0e,blur_s1.0,sidset,real,0,0.6909746527671814,data\cache\clean\test\sidset_f250696304a3be0e\blur_s1.0.jpg
sidset_f5044c17014681a8,blur_s1.0,sidset,real,0,0.5109899640083313,data\cache\clean\test\sidset_f5044c17014681a8\blur_s1.0.jpg
sidset_fac95db1f3df9775,blur_s1.0,sidset,real,0,0.9665259122848511,data\cache\clean\test\sidset_fac95db1f3df9775\blur_s1.0.jpg
sidset_ffb6be41271c5645,blur_s1.0,sidset,real,0,0.9820517897605896,data\cache\clean\test\sidset_ffb6be41271c5645\blur_s1.0.jpg
cifake_0089 (3),blur_s2.0,cifake,real,0,0.6066153645515442,data\cache\clean\test\cifake_0089 (3)\blur_s2.0.jpg
cifake_0235,blur_s2.0,cifake,real,0,0.5490818619728088,data\cache\clean\test\cifake_0235\blur_s2.0.jpg
cifake_0343 (6),blur_s2.0,cifake,real,0,0.953689694404602,data\cache\clean\test\cifake_0343 (6)\blur_s2.0.jpg
cifake_0567,blur_s2.0,cifake,real,0,0.6500378251075745,data\cache\clean\test\cifake_0567\blur_s2.0.jpg
cifake_0618 (3),blur_s2.0,cifake,real,0,0.8101330995559692,data\cache\clean\test\cifake_0618 (3)\blur_s2.0.jpg
cifake_0793,blur_s2.0,cifake,real,0,0.8341662883758545,data\cache\clean\test\cifake_0793\blur_s2.0.jpg
cifake_0967 (9),blur_s2.0,cifake,real,0,0.8050699234008789,data\cache\clean\test\cifake_0967 (9)\blur_s2.0.jpg
cifake_1139,blur_s2.0,cifake,real,0,0.8495638370513916,data\cache\clean\test\cifake_1139\blur_s2.0.jpg
cifake_1308 (6),blur_s2.0,cifake,real,0,0.611997663974762,data\cache\clean\test\cifake_1308 (6)\blur_s2.0.jpg
cifake_2122,blur_s2.0,cifake,real,0,0.9924198985099792,data\cache\clean\test\cifake_2122\blur_s2.0.jpg
cifake_2547,blur_s2.0,cifake,real,0,0.6037701368331909,data\cache\clean\test\cifake_2547\blur_s2.0.jpg
cifake_2579 (8),blur_s2.0,cifake,real,0,0.6586726903915405,data\cache\clean\test\cifake_2579 (8)\blur_s2.0.jpg
cifake_2660,blur_s2.0,cifake,real,0,0.7709589004516602,data\cache\clean\test\cifake_2660\blur_s2.0.jpg
cifake_2874 (4),blur_s2.0,cifake,real,0,0.5320456027984619,data\cache\clean\test\cifake_2874 (4)\blur_s2.0.jpg
cifake_3049 (2),blur_s2.0,cifake,real,0,0.5275717377662659,data\cache\clean\test\cifake_3049 (2)\blur_s2.0.jpg
cifake_4369,blur_s2.0,cifake,real,0,0.6556695699691772,data\cache\clean\test\cifake_4369\blur_s2.0.jpg
cifake_4660 (5),blur_s2.0,cifake,real,0,0.9626664519309998,data\cache\clean\test\cifake_4660 (5)\blur_s2.0.jpg
cifake_4673 (5),blur_s2.0,cifake,real,0,0.8261529207229614,data\cache\clean\test\cifake_4673 (5)\blur_s2.0.jpg
sidset_02eb47f790cba404,blur_s2.0,sidset,real,0,0.5149251222610474,data\cache\clean\test\sidset_02eb47f790cba404\blur_s2.0.jpg
sidset_036df955965cb2f9,blur_s2.0,sidset,real,0,0.7710137963294983,data\cache\clean\test\sidset_036df955965cb2f9\blur_s2.0.jpg
sidset_038789965a8f7606,blur_s2.0,sidset,real,0,0.5055421590805054,data\cache\clean\test\sidset_038789965a8f7606\blur_s2.0.jpg
sidset_03a9da8756998d00,blur_s2.0,sidset,real,0,0.6631535291671753,data\cache\clean\test\sidset_03a9da8756998d00\blur_s2.0.jpg
sidset_03eaaa4033ae7bc3,blur_s2.0,sidset,real,0,0.5366998314857483,data\cache\clean\test\sidset_03eaaa4033ae7bc3\blur_s2.0.jpg
sidset_04dca235b99ad328,blur_s2.0,sidset,real,0,0.9367783069610596,data\cache\clean\test\sidset_04dca235b99ad328\blur_s2.0.jpg
sidset_04f2ca3f7633822b,blur_s2.0,sidset,real,0,0.627135157585144,data\cache\clean\test\sidset_04f2ca3f7633822b\blur_s2.0.jpg
sidset_0633fbd766934905,blur_s2.0,sidset,real,0,0.7186555862426758,data\cache\clean\test\sidset_0633fbd766934905\blur_s2.0.jpg
sidset_10074342a36207e9,blur_s2.0,sidset,real,0,0.5738505125045776,data\cache\clean\test\sidset_10074342a36207e9\blur_s2.0.jpg
sidset_104ed9aacca56685,blur_s2.0,sidset,real,0,0.7447256445884705,data\cache\clean\test\sidset_104ed9aacca56685\blur_s2.0.jpg
sidset_1577f06c8ee59ef0,blur_s2.0,sidset,real,0,0.5702812671661377,data\cache\clean\test\sidset_1577f06c8ee59ef0\blur_s2.0.jpg
sidset_184bcfe0dff58976,blur_s2.0,sidset,real,0,0.6042808294296265,data\cache\clean\test\sidset_184bcfe0dff58976\blur_s2.0.jpg
sidset_1cae0a8c943c87f1,blur_s2.0,sidset,real,0,0.5022978782653809,data\cache\clean\test\sidset_1cae0a8c943c87f1\blur_s2.0.jpg
sidset_1d24e17c0f598d7a,blur_s2.0,sidset,real,0,0.7450406551361084,data\cache\clean\test\sidset_1d24e17c0f598d7a\blur_s2.0.jpg
sidset_1d49d26ca0273da6,blur_s2.0,sidset,real,0,0.9144168496131897,data\cache\clean\test\sidset_1d49d26ca0273da6\blur_s2.0.jpg
sidset_1ea22329e992bb73,blur_s2.0,sidset,real,0,0.8868386149406433,data\cache\clean\test\sidset_1ea22329e992bb73\blur_s2.0.jpg
sidset_1ec791166ce27275,blur_s2.0,sidset,real,0,0.6468415856361389,data\cache\clean\test\sidset_1ec791166ce27275\blur_s2.0.jpg
sidset_206468f74dab4d45,blur_s2.0,sidset,real,0,0.5530052781105042,data\cache\clean\test\sidset_206468f74dab4d45\blur_s2.0.jpg
sidset_22b07f2ffcaf319c,blur_s2.0,sidset,real,0,0.8131784200668335,data\cache\clean\test\sidset_22b07f2ffcaf319c\blur_s2.0.jpg
sidset_230a893e83782a7f,blur_s2.0,sidset,real,0,0.7433923482894897,data\cache\clean\test\sidset_230a893e83782a7f\blur_s2.0.jpg
sidset_2387febf3723ff05,blur_s2.0,sidset,real,0,0.7836089134216309,data\cache\clean\test\sidset_2387febf3723ff05\blur_s2.0.jpg
sidset_240eaccddb6506ef,blur_s2.0,sidset,real,0,0.6991750001907349,data\cache\clean\test\sidset_240eaccddb6506ef\blur_s2.0.jpg
sidset_247241c5aa1f3f9c,blur_s2.0,sidset,real,0,0.8015828132629395,data\cache\clean\test\sidset_247241c5aa1f3f9c\blur_s2.0.jpg
sidset_2a8fb1de6042f419,blur_s2.0,sidset,real,0,0.5147963762283325,data\cache\clean\test\sidset_2a8fb1de6042f419\blur_s2.0.jpg
sidset_2c7cd831752d6b09,blur_s2.0,sidset,real,0,0.7937856912612915,data\cache\clean\test\sidset_2c7cd831752d6b09\blur_s2.0.jpg
sidset_2da45bb6ecb94767,blur_s2.0,sidset,real,0,0.7224720120429993,data\cache\clean\test\sidset_2da45bb6ecb94767\blur_s2.0.jpg
sidset_312728c60a9afd3b,blur_s2.0,sidset,real,0,0.7864858508110046,data\cache\clean\test\sidset_312728c60a9afd3b\blur_s2.0.jpg
sidset_3366fe07253694af,blur_s2.0,sidset,real,0,0.6620863080024719,data\cache\clean\test\sidset_3366fe07253694af\blur_s2.0.jpg
sidset_3413efa4fc47b5ac,blur_s2.0,sidset,real,0,0.5162327885627747,data\cache\clean\test\sidset_3413efa4fc47b5ac\blur_s2.0.jpg
sidset_36ec0b674a14714a,blur_s2.0,sidset,real,0,0.5535746812820435,data\cache\clean\test\sidset_36ec0b674a14714a\blur_s2.0.jpg
sidset_40d5448c128a6537,blur_s2.0,sidset,real,0,0.7270187735557556,data\cache\clean\test\sidset_40d5448c128a6537\blur_s2.0.jpg
sidset_41fcb89ff22ef83c,blur_s2.0,sidset,real,0,0.6235573291778564,data\cache\clean\test\sidset_41fcb89ff22ef83c\blur_s2.0.jpg
sidset_45a6cb8b20ae57d2,blur_s2.0,sidset,real,0,0.9190104603767395,data\cache\clean\test\sidset_45a6cb8b20ae57d2\blur_s2.0.jpg
sidset_47927d08b0f027e7,blur_s2.0,sidset,real,0,0.9715396165847778,data\cache\clean\test\sidset_47927d08b0f027e7\blur_s2.0.jpg
sidset_4c361533bba3cc71,blur_s2.0,sidset,real,0,0.9234761595726013,data\cache\clean\test\sidset_4c361533bba3cc71\blur_s2.0.jpg
sidset_4dd2dda240e479c1,blur_s2.0,sidset,real,0,0.5954281687736511,data\cache\clean\test\sidset_4dd2dda240e479c1\blur_s2.0.jpg
sidset_4e4b9b1d6e8b2aca,blur_s2.0,sidset,real,0,0.9204826951026917,data\cache\clean\test\sidset_4e4b9b1d6e8b2aca\blur_s2.0.jpg
sidset_50431dd2e2a3818e,blur_s2.0,sidset,real,0,0.7348872423171997,data\cache\clean\test\sidset_50431dd2e2a3818e\blur_s2.0.jpg
sidset_55ed6c0bbd54e07d,blur_s2.0,sidset,real,0,0.6859463453292847,data\cache\clean\test\sidset_55ed6c0bbd54e07d\blur_s2.0.jpg
sidset_5a165a26bf8ca4be,blur_s2.0,sidset,real,0,0.7706872820854187,data\cache\clean\test\sidset_5a165a26bf8ca4be\blur_s2.0.jpg
sidset_5ae51a789c118b75,blur_s2.0,sidset,real,0,0.8552606105804443,data\cache\clean\test\sidset_5ae51a789c118b75\blur_s2.0.jpg
sidset_5b8f12b78d13bfcd,blur_s2.0,sidset,real,0,0.8196035027503967,data\cache\clean\test\sidset_5b8f12b78d13bfcd\blur_s2.0.jpg
sidset_5ba522a91162ae70,blur_s2.0,sidset,real,0,0.9343327879905701,data\cache\clean\test\sidset_5ba522a91162ae70\blur_s2.0.jpg
sidset_5fd49a9afbba9bd6,blur_s2.0,sidset,real,0,0.9798718094825745,data\cache\clean\test\sidset_5fd49a9afbba9bd6\blur_s2.0.jpg
sidset_615f67f3acd96d5c,blur_s2.0,sidset,real,0,0.9215887784957886,data\cache\clean\test\sidset_615f67f3acd96d5c\blur_s2.0.jpg
sidset_61788db65ec08fe7,blur_s2.0,sidset,real,0,0.5404155254364014,data\cache\clean\test\sidset_61788db65ec08fe7\blur_s2.0.jpg
sidset_6431b1bc822a7f18,blur_s2.0,sidset,real,0,0.6415608525276184,data\cache\clean\test\sidset_6431b1bc822a7f18\blur_s2.0.jpg
sidset_656e08da323e3b5e,blur_s2.0,sidset,real,0,0.5197468996047974,data\cache\clean\test\sidset_656e08da323e3b5e\blur_s2.0.jpg
sidset_660fbbd053050f25,blur_s2.0,sidset,real,0,0.7536188960075378,data\cache\clean\test\sidset_660fbbd053050f25\blur_s2.0.jpg
sidset_67e679dca692a59d,blur_s2.0,sidset,real,0,0.9898039102554321,data\cache\clean\test\sidset_67e679dca692a59d\blur_s2.0.jpg
sidset_68f0479b7dde7700,blur_s2.0,sidset,real,0,0.7626939415931702,data\cache\clean\test\sidset_68f0479b7dde7700\blur_s2.0.jpg
sidset_6ae976e8966ec975,blur_s2.0,sidset,real,0,0.7333236336708069,data\cache\clean\test\sidset_6ae976e8966ec975\blur_s2.0.jpg
sidset_6b7167d906f4ff1f,blur_s2.0,sidset,real,0,0.9776300191879272,data\cache\clean\test\sidset_6b7167d906f4ff1f\blur_s2.0.jpg
sidset_6b8ac1d4f89a0ffa,blur_s2.0,sidset,real,0,0.5943619608879089,data\cache\clean\test\sidset_6b8ac1d4f89a0ffa\blur_s2.0.jpg
sidset_6ca445fcf626607b,blur_s2.0,sidset,real,0,0.6830211877822876,data\cache\clean\test\sidset_6ca445fcf626607b\blur_s2.0.jpg
sidset_6f3ce9ca0af3863c,blur_s2.0,sidset,real,0,0.5793964862823486,data\cache\clean\test\sidset_6f3ce9ca0af3863c\blur_s2.0.jpg
sidset_6fd040fe95578d90,blur_s2.0,sidset,real,0,0.6346222162246704,data\cache\clean\test\sidset_6fd040fe95578d90\blur_s2.0.jpg
sidset_715f3c6fc6f7ef1f,blur_s2.0,sidset,real,0,0.7244870066642761,data\cache\clean\test\sidset_715f3c6fc6f7ef1f\blur_s2.0.jpg
sidset_759a21da57c25774,blur_s2.0,sidset,real,0,0.9705457091331482,data\cache\clean\test\sidset_759a21da57c25774\blur_s2.0.jpg
sidset_7974984b83c15934,blur_s2.0,sidset,real,0,0.5841578841209412,data\cache\clean\test\sidset_7974984b83c15934\blur_s2.0.jpg
sidset_7d3102cbae765943,blur_s2.0,sidset,real,0,0.5818672180175781,data\cache\clean\test\sidset_7d3102cbae765943\blur_s2.0.jpg
sidset_7f1ce0ac000e1d6c,blur_s2.0,sidset,real,0,0.8138118386268616,data\cache\clean\test\sidset_7f1ce0ac000e1d6c\blur_s2.0.jpg
sidset_832e43df048c6d1a,blur_s2.0,sidset,real,0,0.6232560276985168,data\cache\clean\test\sidset_832e43df048c6d1a\blur_s2.0.jpg
sidset_85928afd9860bcb5,blur_s2.0,sidset,real,0,0.6551997661590576,data\cache\clean\test\sidset_85928afd9860bcb5\blur_s2.0.jpg
sidset_8beb797d107510e5,blur_s2.0,sidset,real,0,0.5665820837020874,data\cache\clean\test\sidset_8beb797d107510e5\blur_s2.0.jpg
sidset_8c3549f9f22a8f34,blur_s2.0,sidset,real,0,0.8788214325904846,data\cache\clean\test\sidset_8c3549f9f22a8f34\blur_s2.0.jpg
sidset_8d2495ea75218578,blur_s2.0,sidset,real,0,0.6110574007034302,data\cache\clean\test\sidset_8d2495ea75218578\blur_s2.0.jpg
sidset_918190e0dd7fc829,blur_s2.0,sidset,real,0,0.9987437129020691,data\cache\clean\test\sidset_918190e0dd7fc829\blur_s2.0.jpg
sidset_966e65b2c761177f,blur_s2.0,sidset,real,0,0.5096787810325623,data\cache\clean\test\sidset_966e65b2c761177f\blur_s2.0.jpg
sidset_9811f04611ad082c,blur_s2.0,sidset,real,0,0.7238717675209045,data\cache\clean\test\sidset_9811f04611ad082c\blur_s2.0.jpg
sidset_9930f532d418d193,blur_s2.0,sidset,real,0,0.6954419016838074,data\cache\clean\test\sidset_9930f532d418d193\blur_s2.0.jpg
sidset_995429a562f1aed2,blur_s2.0,sidset,real,0,0.8057413697242737,data\cache\clean\test\sidset_995429a562f1aed2\blur_s2.0.jpg
sidset_9e2a9b16ff46f867,blur_s2.0,sidset,real,0,0.7250388264656067,data\cache\clean\test\sidset_9e2a9b16ff46f867\blur_s2.0.jpg
sidset_9eee8350ba1b12f6,blur_s2.0,sidset,real,0,0.7357562184333801,data\cache\clean\test\sidset_9eee8350ba1b12f6\blur_s2.0.jpg
sidset_9fc6dd13d6dbf191,blur_s2.0,sidset,real,0,0.864220142364502,data\cache\clean\test\sidset_9fc6dd13d6dbf191\blur_s2.0.jpg
sidset_a3032d75347e6fa2,blur_s2.0,sidset,real,0,0.9826356172561646,data\cache\clean\test\sidset_a3032d75347e6fa2\blur_s2.0.jpg
sidset_a4268c0135ca2c65,blur_s2.0,sidset,real,0,0.5696529746055603,data\cache\clean\test\sidset_a4268c0135ca2c65\blur_s2.0.jpg
sidset_a429805728e89e7d,blur_s2.0,sidset,real,0,0.9478192329406738,data\cache\clean\test\sidset_a429805728e89e7d\blur_s2.0.jpg
sidset_a8ad741ef85002f3,blur_s2.0,sidset,real,0,0.8499999642372131,data\cache\clean\test\sidset_a8ad741ef85002f3\blur_s2.0.jpg
sidset_a95cb67561b0310c,blur_s2.0,sidset,real,0,0.5114977955818176,data\cache\clean\test\sidset_a95cb67561b0310c\blur_s2.0.jpg
sidset_ab083d732ae4236c,blur_s2.0,sidset,real,0,0.7964257001876831,data\cache\clean\test\sidset_ab083d732ae4236c\blur_s2.0.jpg
sidset_ab1441008986f237,blur_s2.0,sidset,real,0,0.5885012149810791,data\cache\clean\test\sidset_ab1441008986f237\blur_s2.0.jpg
sidset_ac54ef2834f8bc74,blur_s2.0,sidset,real,0,0.6518663763999939,data\cache\clean\test\sidset_ac54ef2834f8bc74\blur_s2.0.jpg
sidset_addaecf6bdb9e66b,blur_s2.0,sidset,real,0,0.9675607085227966,data\cache\clean\test\sidset_addaecf6bdb9e66b\blur_s2.0.jpg
sidset_b230de6baca8d392,blur_s2.0,sidset,real,0,0.9419060945510864,data\cache\clean\test\sidset_b230de6baca8d392\blur_s2.0.jpg
sidset_b3d460c2a4f17eff,blur_s2.0,sidset,real,0,0.5145938396453857,data\cache\clean\test\sidset_b3d460c2a4f17eff\blur_s2.0.jpg
sidset_b476dc9881140333,blur_s2.0,sidset,real,0,0.5858971476554871,data\cache\clean\test\sidset_b476dc9881140333\blur_s2.0.jpg
sidset_bafdbc8a8d68c696,blur_s2.0,sidset,real,0,0.6089109778404236,data\cache\clean\test\sidset_bafdbc8a8d68c696\blur_s2.0.jpg
sidset_bc70b06f0d603efd,blur_s2.0,sidset,real,0,0.9994896650314331,data\cache\clean\test\sidset_bc70b06f0d603efd\blur_s2.0.jpg
sidset_bddc30edb2816122,blur_s2.0,sidset,real,0,0.7069917321205139,data\cache\clean\test\sidset_bddc30edb2816122\blur_s2.0.jpg
sidset_be1daffd2d21411d,blur_s2.0,sidset,real,0,0.9428396224975586,data\cache\clean\test\sidset_be1daffd2d21411d\blur_s2.0.jpg
sidset_c104d5a827c3dc84,blur_s2.0,sidset,real,0,0.9821226596832275,data\cache\clean\test\sidset_c104d5a827c3dc84\blur_s2.0.jpg
sidset_c3c41d4a18529a16,blur_s2.0,sidset,real,0,0.5838368535041809,data\cache\clean\test\sidset_c3c41d4a18529a16\blur_s2.0.jpg
sidset_c47a1c5427ee9d26,blur_s2.0,sidset,real,0,0.9465261697769165,data\cache\clean\test\sidset_c47a1c5427ee9d26\blur_s2.0.jpg
sidset_c5a378b0ea24d25e,blur_s2.0,sidset,real,0,0.714864194393158,data\cache\clean\test\sidset_c5a378b0ea24d25e\blur_s2.0.jpg
sidset_c90419b9eb89527a,blur_s2.0,sidset,real,0,0.7479037642478943,data\cache\clean\test\sidset_c90419b9eb89527a\blur_s2.0.jpg
sidset_cac550631e35c126,blur_s2.0,sidset,real,0,0.6139630079269409,data\cache\clean\test\sidset_cac550631e35c126\blur_s2.0.jpg
sidset_cb68a83278e88b9d,blur_s2.0,sidset,real,0,0.5467795133590698,data\cache\clean\test\sidset_cb68a83278e88b9d\blur_s2.0.jpg
sidset_ce09a25a50fdfe47,blur_s2.0,sidset,real,0,0.9197346568107605,data\cache\clean\test\sidset_ce09a25a50fdfe47\blur_s2.0.jpg
sidset_d0ca13f76444d845,blur_s2.0,sidset,real,0,0.5210900902748108,data\cache\clean\test\sidset_d0ca13f76444d845\blur_s2.0.jpg
sidset_d177df42ac3e071e,blur_s2.0,sidset,real,0,0.7663585543632507,data\cache\clean\test\sidset_d177df42ac3e071e\blur_s2.0.jpg
sidset_d3d78752fef3f3c4,blur_s2.0,sidset,real,0,0.674377977848053,data\cache\clean\test\sidset_d3d78752fef3f3c4\blur_s2.0.jpg
sidset_d482661389f951ac,blur_s2.0,sidset,real,0,0.6118980646133423,data\cache\clean\test\sidset_d482661389f951ac\blur_s2.0.jpg
sidset_d652dc17bb0709b8,blur_s2.0,sidset,real,0,0.6535043716430664,data\cache\clean\test\sidset_d652dc17bb0709b8\blur_s2.0.jpg
sidset_d8a53cf21ff3ccb4,blur_s2.0,sidset,real,0,0.5169931054115295,data\cache\clean\test\sidset_d8a53cf21ff3ccb4\blur_s2.0.jpg
sidset_dcc4eb3a61fc711a,blur_s2.0,sidset,real,0,0.8517705798149109,data\cache\clean\test\sidset_dcc4eb3a61fc711a\blur_s2.0.jpg
sidset_df089363fbc3dff5,blur_s2.0,sidset,real,0,0.9166050553321838,data\cache\clean\test\sidset_df089363fbc3dff5\blur_s2.0.jpg
sidset_e19c80d7ff2e201b,blur_s2.0,sidset,real,0,0.8481602668762207,data\cache\clean\test\sidset_e19c80d7ff2e201b\blur_s2.0.jpg
sidset_e1a5cac65504c6d6,blur_s2.0,sidset,real,0,0.5879673361778259,data\cache\clean\test\sidset_e1a5cac65504c6d6\blur_s2.0.jpg
sidset_e20f8df5bc8ae19c,blur_s2.0,sidset,real,0,0.6667542457580566,data\cache\clean\test\sidset_e20f8df5bc8ae19c\blur_s2.0.jpg
sidset_e67f5961f8d7c753,blur_s2.0,sidset,real,0,0.5502555966377258,data\cache\clean\test\sidset_e67f5961f8d7c753\blur_s2.0.jpg
sidset_e7250acece7d41f5,blur_s2.0,sidset,real,0,0.9033961892127991,data\cache\clean\test\sidset_e7250acece7d41f5\blur_s2.0.jpg
sidset_ef3f636bfc78f3a5,blur_s2.0,sidset,real,0,0.521587073802948,data\cache\clean\test\sidset_ef3f636bfc78f3a5\blur_s2.0.jpg
sidset_f1dcc7d3f0ff18ab,blur_s2.0,sidset,real,0,0.7709449529647827,data\cache\clean\test\sidset_f1dcc7d3f0ff18ab\blur_s2.0.jpg
sidset_f20a6b1e60fc7de3,blur_s2.0,sidset,real,0,0.9049680829048157,data\cache\clean\test\sidset_f20a6b1e60fc7de3\blur_s2.0.jpg
sidset_f250696304a3be0e,blur_s2.0,sidset,real,0,0.665501594543457,data\cache\clean\test\sidset_f250696304a3be0e\blur_s2.0.jpg
sidset_fac95db1f3df9775,blur_s2.0,sidset,real,0,0.969150722026825,data\cache\clean\test\sidset_fac95db1f3df9775\blur_s2.0.jpg
sidset_fe0bec3214706d60,blur_s2.0,sidset,real,0,0.8581595420837402,data\cache\clean\test\sidset_fe0bec3214706d60\blur_s2.0.jpg
sidset_ffb6be41271c5645,blur_s2.0,sidset,real,0,0.9658238291740417,data\cache\clean\test\sidset_ffb6be41271c5645\blur_s2.0.jpg
cifake_0089 (3),color_down,cifake,real,0,0.8684223294258118,data\cache\clean\test\cifake_0089 (3)\color_down.jpg
cifake_0343 (6),color_down,cifake,real,0,0.9520106911659241,data\cache\clean\test\cifake_0343 (6)\color_down.jpg
cifake_0509 (3),color_down,cifake,real,0,0.6667971611022949,data\cache\clean\test\cifake_0509 (3)\color_down.jpg
cifake_0618 (3),color_down,cifake,real,0,0.7580999732017517,data\cache\clean\test\cifake_0618 (3)\color_down.jpg
cifake_0793,color_down,cifake,real,0,0.7786596417427063,data\cache\clean\test\cifake_0793\color_down.jpg
cifake_0967 (9),color_down,cifake,real,0,0.5656863451004028,data\cache\clean\test\cifake_0967 (9)\color_down.jpg
cifake_1139,color_down,cifake,real,0,0.9548805952072144,data\cache\clean\test\cifake_1139\color_down.jpg
cifake_1306 (9),color_down,cifake,real,0,0.526557981967926,data\cache\clean\test\cifake_1306 (9)\color_down.jpg
cifake_2122,color_down,cifake,real,0,0.974712073802948,data\cache\clean\test\cifake_2122\color_down.jpg
cifake_2270 (3),color_down,cifake,real,0,0.7888697981834412,data\cache\clean\test\cifake_2270 (3)\color_down.jpg
cifake_4103 (9),color_down,cifake,real,0,0.5011666417121887,data\cache\clean\test\cifake_4103 (9)\color_down.jpg
cifake_4369,color_down,cifake,real,0,0.8440784811973572,data\cache\clean\test\cifake_4369\color_down.jpg
cifake_4609 (2),color_down,cifake,real,0,0.5285287499427795,data\cache\clean\test\cifake_4609 (2)\color_down.jpg
cifake_4660 (5),color_down,cifake,real,0,0.7063952088356018,data\cache\clean\test\cifake_4660 (5)\color_down.jpg
cifake_4673 (5),color_down,cifake,real,0,0.9238293766975403,data\cache\clean\test\cifake_4673 (5)\color_down.jpg
sidset_01cc1b0f620bd54f,color_down,sidset,real,0,0.5545128583908081,data\cache\clean\test\sidset_01cc1b0f620bd54f\color_down.jpg
sidset_02eb47f790cba404,color_down,sidset,real,0,0.5132238268852234,data\cache\clean\test\sidset_02eb47f790cba404\color_down.jpg
sidset_036df955965cb2f9,color_down,sidset,real,0,0.940967857837677,data\cache\clean\test\sidset_036df955965cb2f9\color_down.jpg
sidset_04dca235b99ad328,color_down,sidset,real,0,0.9070519804954529,data\cache\clean\test\sidset_04dca235b99ad328\color_down.jpg
sidset_0819e112dbbe3cb8,color_down,sidset,real,0,0.9744252562522888,data\cache\clean\test\sidset_0819e112dbbe3cb8\color_down.jpg
sidset_0df1386082a76670,color_down,sidset,real,0,0.7335373163223267,data\cache\clean\test\sidset_0df1386082a76670\color_down.jpg
sidset_104ed9aacca56685,color_down,sidset,real,0,0.6674036979675293,data\cache\clean\test\sidset_104ed9aacca56685\color_down.jpg
sidset_1232f7869a64bb9f,color_down,sidset,real,0,0.5529400110244751,data\cache\clean\test\sidset_1232f7869a64bb9f\color_down.jpg
sidset_165e94520f73e349,color_down,sidset,real,0,0.9122164249420166,data\cache\clean\test\sidset_165e94520f73e349\color_down.jpg
sidset_1cae0a8c943c87f1,color_down,sidset,real,0,0.551861047744751,data\cache\clean\test\sidset_1cae0a8c943c87f1\color_down.jpg
sidset_1d49d26ca0273da6,color_down,sidset,real,0,0.941267192363739,data\cache\clean\test\sidset_1d49d26ca0273da6\color_down.jpg
sidset_230a893e83782a7f,color_down,sidset,real,0,0.8089978694915771,data\cache\clean\test\sidset_230a893e83782a7f\color_down.jpg
sidset_2387febf3723ff05,color_down,sidset,real,0,0.9531182050704956,data\cache\clean\test\sidset_2387febf3723ff05\color_down.jpg
sidset_2da45bb6ecb94767,color_down,sidset,real,0,0.7149828672409058,data\cache\clean\test\sidset_2da45bb6ecb94767\color_down.jpg
sidset_31d44fee2c336e78,color_down,sidset,real,0,0.5204761624336243,data\cache\clean\test\sidset_31d44fee2c336e78\color_down.jpg
sidset_326f495eb261b65e,color_down,sidset,real,0,0.8597221374511719,data\cache\clean\test\sidset_326f495eb261b65e\color_down.jpg
sidset_3413efa4fc47b5ac,color_down,sidset,real,0,0.5934440493583679,data\cache\clean\test\sidset_3413efa4fc47b5ac\color_down.jpg
sidset_351df796b93ed2b5,color_down,sidset,real,0,0.7228003740310669,data\cache\clean\test\sidset_351df796b93ed2b5\color_down.jpg
sidset_41d1e9323b7236bd,color_down,sidset,real,0,0.7899017333984375,data\cache\clean\test\sidset_41d1e9323b7236bd\color_down.jpg
sidset_41fcb89ff22ef83c,color_down,sidset,real,0,0.5296841263771057,data\cache\clean\test\sidset_41fcb89ff22ef83c\color_down.jpg
sidset_4498441c85650abb,color_down,sidset,real,0,0.5251826643943787,data\cache\clean\test\sidset_4498441c85650abb\color_down.jpg
sidset_4566671bd4a332e8,color_down,sidset,real,0,0.6259006857872009,data\cache\clean\test\sidset_4566671bd4a332e8\color_down.jpg
sidset_47927d08b0f027e7,color_down,sidset,real,0,0.6895879507064819,data\cache\clean\test\sidset_47927d08b0f027e7\color_down.jpg
sidset_4c361533bba3cc71,color_down,sidset,real,0,0.5234794616699219,data\cache\clean\test\sidset_4c361533bba3cc71\color_down.jpg
sidset_4e4b9b1d6e8b2aca,color_down,sidset,real,0,0.5025566816329956,data\cache\clean\test\sidset_4e4b9b1d6e8b2aca\color_down.jpg
sidset_55ed6c0bbd54e07d,color_down,sidset,real,0,0.8962758779525757,data\cache\clean\test\sidset_55ed6c0bbd54e07d\color_down.jpg
sidset_5a165a26bf8ca4be,color_down,sidset,real,0,0.69975346326828,data\cache\clean\test\sidset_5a165a26bf8ca4be\color_down.jpg
sidset_5b8f12b78d13bfcd,color_down,sidset,real,0,0.8826935291290283,data\cache\clean\test\sidset_5b8f12b78d13bfcd\color_down.jpg
sidset_5ba522a91162ae70,color_down,sidset,real,0,0.8324549198150635,data\cache\clean\test\sidset_5ba522a91162ae70\color_down.jpg
sidset_5fd49a9afbba9bd6,color_down,sidset,real,0,0.9154487252235413,data\cache\clean\test\sidset_5fd49a9afbba9bd6\color_down.jpg
sidset_615f67f3acd96d5c,color_down,sidset,real,0,0.8234575390815735,data\cache\clean\test\sidset_615f67f3acd96d5c\color_down.jpg
sidset_62d3110113ec4633,color_down,sidset,real,0,0.545134961605072,data\cache\clean\test\sidset_62d3110113ec4633\color_down.jpg
sidset_656e08da323e3b5e,color_down,sidset,real,0,0.6906413435935974,data\cache\clean\test\sidset_656e08da323e3b5e\color_down.jpg
sidset_660fbbd053050f25,color_down,sidset,real,0,0.6021554470062256,data\cache\clean\test\sidset_660fbbd053050f25\color_down.jpg
sidset_67e679dca692a59d,color_down,sidset,real,0,0.9379196763038635,data\cache\clean\test\sidset_67e679dca692a59d\color_down.jpg
sidset_68f0479b7dde7700,color_down,sidset,real,0,0.8134090900421143,data\cache\clean\test\sidset_68f0479b7dde7700\color_down.jpg
sidset_6cd755669fbaa2d8,color_down,sidset,real,0,0.5434401631355286,data\cache\clean\test\sidset_6cd755669fbaa2d8\color_down.jpg
sidset_759a21da57c25774,color_down,sidset,real,0,0.8945416212081909,data\cache\clean\test\sidset_759a21da57c25774\color_down.jpg
sidset_75c4b6f64d7849f6,color_down,sidset,real,0,0.5046573281288147,data\cache\clean\test\sidset_75c4b6f64d7849f6\color_down.jpg
sidset_7b550aceb5ec111f,color_down,sidset,real,0,0.9576621651649475,data\cache\clean\test\sidset_7b550aceb5ec111f\color_down.jpg
sidset_832e43df048c6d1a,color_down,sidset,real,0,0.508908212184906,data\cache\clean\test\sidset_832e43df048c6d1a\color_down.jpg
sidset_8865c586ab64c0f9,color_down,sidset,real,0,0.5978198647499084,data\cache\clean\test\sidset_8865c586ab64c0f9\color_down.jpg
sidset_8c3549f9f22a8f34,color_down,sidset,real,0,0.6613133549690247,data\cache\clean\test\sidset_8c3549f9f22a8f34\color_down.jpg
sidset_918190e0dd7fc829,color_down,sidset,real,0,0.99611496925354,data\cache\clean\test\sidset_918190e0dd7fc829\color_down.jpg
sidset_9915729405b9e03e,color_down,sidset,real,0,0.5606568455696106,data\cache\clean\test\sidset_9915729405b9e03e\color_down.jpg
sidset_995429a562f1aed2,color_down,sidset,real,0,0.9284543991088867,data\cache\clean\test\sidset_995429a562f1aed2\color_down.jpg
sidset_a3032d75347e6fa2,color_down,sidset,real,0,0.6541734933853149,data\cache\clean\test\sidset_a3032d75347e6fa2\color_down.jpg
sidset_a4268c0135ca2c65,color_down,sidset,real,0,0.9496890306472778,data\cache\clean\test\sidset_a4268c0135ca2c65\color_down.jpg
sidset_addaecf6bdb9e66b,color_down,sidset,real,0,0.892748236656189,data\cache\clean\test\sidset_addaecf6bdb9e66b\color_down.jpg
sidset_b230de6baca8d392,color_down,sidset,real,0,0.746174156665802,data\cache\clean\test\sidset_b230de6baca8d392\color_down.jpg
sidset_b8d2d5fcb72a3a65,color_down,sidset,real,0,0.6845763325691223,data\cache\clean\test\sidset_b8d2d5fcb72a3a65\color_down.jpg
sidset_bafdbc8a8d68c696,color_down,sidset,real,0,0.5635125041007996,data\cache\clean\test\sidset_bafdbc8a8d68c696\color_down.jpg
sidset_bc70b06f0d603efd,color_down,sidset,real,0,0.9982421398162842,data\cache\clean\test\sidset_bc70b06f0d603efd\color_down.jpg
sidset_bddc30edb2816122,color_down,sidset,real,0,0.5608027577400208,data\cache\clean\test\sidset_bddc30edb2816122\color_down.jpg
sidset_be1daffd2d21411d,color_down,sidset,real,0,0.5323573350906372,data\cache\clean\test\sidset_be1daffd2d21411d\color_down.jpg
sidset_c104d5a827c3dc84,color_down,sidset,real,0,0.8321874737739563,data\cache\clean\test\sidset_c104d5a827c3dc84\color_down.jpg
sidset_c2f7255d9f5d9469,color_down,sidset,real,0,0.9032816886901855,data\cache\clean\test\sidset_c2f7255d9f5d9469\color_down.jpg
sidset_c47a1c5427ee9d26,color_down,sidset,real,0,0.9678231477737427,data\cache\clean\test\sidset_c47a1c5427ee9d26\color_down.jpg
sidset_c71adf7ec32fe698,color_down,sidset,real,0,0.7435054779052734,data\cache\clean\test\sidset_c71adf7ec32fe698\color_down.jpg
sidset_cb68a83278e88b9d,color_down,sidset,real,0,0.9035909175872803,data\cache\clean\test\sidset_cb68a83278e88b9d\color_down.jpg
sidset_ce09a25a50fdfe47,color_down,sidset,real,0,0.6120931506156921,data\cache\clean\test\sidset_ce09a25a50fdfe47\color_down.jpg
sidset_d5b1f51ca14baa4e,color_down,sidset,real,0,0.6268472671508789,data\cache\clean\test\sidset_d5b1f51ca14baa4e\color_down.jpg
sidset_dcc4eb3a61fc711a,color_down,sidset,real,0,0.8973613381385803,data\cache\clean\test\sidset_dcc4eb3a61fc711a\color_down.jpg
sidset_df089363fbc3dff5,color_down,sidset,real,0,0.8765007257461548,data\cache\clean\test\sidset_df089363fbc3dff5\color_down.jpg
sidset_e19c80d7ff2e201b,color_down,sidset,real,0,0.8622602224349976,data\cache\clean\test\sidset_e19c80d7ff2e201b\color_down.jpg
sidset_e547ceb84d50e7bf,color_down,sidset,real,0,0.6749599575996399,data\cache\clean\test\sidset_e547ceb84d50e7bf\color_down.jpg
sidset_e83254d4c55675a6,color_down,sidset,real,0,0.7156943678855896,data\cache\clean\test\sidset_e83254d4c55675a6\color_down.jpg
sidset_ea40598e1128af27,color_down,sidset,real,0,0.6256553530693054,data\cache\clean\test\sidset_ea40598e1128af27\color_down.jpg
sidset_ef3f636bfc78f3a5,color_down,sidset,real,0,0.6182975769042969,data\cache\clean\test\sidset_ef3f636bfc78f3a5\color_down.jpg
sidset_f20a6b1e60fc7de3,color_down,sidset,real,0,0.6035902500152588,data\cache\clean\test\sidset_f20a6b1e60fc7de3\color_down.jpg
sidset_f250696304a3be0e,color_down,sidset,real,0,0.5507336258888245,data\cache\clean\test\sidset_f250696304a3be0e\color_down.jpg
sidset_f84d742c437fbc59,color_down,sidset,real,0,0.5268478393554688,data\cache\clean\test\sidset_f84d742c437fbc59\color_down.jpg
sidset_fac95db1f3df9775,color_down,sidset,real,0,0.5639771223068237,data\cache\clean\test\sidset_fac95db1f3df9775\color_down.jpg
cifake_0035 (4),color_up,cifake,real,0,0.5741916298866272,data\cache\clean\test\cifake_0035 (4)\color_up.jpg
cifake_0044 (6),color_up,cifake,real,0,0.6763672232627869,data\cache\clean\test\cifake_0044 (6)\color_up.jpg
cifake_0085,color_up,cifake,real,0,0.8041487336158752,data\cache\clean\test\cifake_0085\color_up.jpg
cifake_0235,color_up,cifake,real,0,0.5961167812347412,data\cache\clean\test\cifake_0235\color_up.jpg
cifake_0239 (10),color_up,cifake,real,0,0.5941240787506104,data\cache\clean\test\cifake_0239 (10)\color_up.jpg
cifake_0245 (8),color_up,cifake,real,0,0.9018718004226685,data\cache\clean\test\cifake_0245 (8)\color_up.jpg
cifake_0260 (4),color_up,cifake,real,0,0.6269078850746155,data\cache\clean\test\cifake_0260 (4)\color_up.jpg
cifake_0343 (6),color_up,cifake,real,0,0.9428777694702148,data\cache\clean\test\cifake_0343 (6)\color_up.jpg
cifake_0508 (3),color_up,cifake,real,0,0.7579015493392944,data\cache\clean\test\cifake_0508 (3)\color_up.jpg
cifake_0618 (3),color_up,cifake,real,0,0.7985563278198242,data\cache\clean\test\cifake_0618 (3)\color_up.jpg
cifake_0668 (3),color_up,cifake,real,0,0.5822968482971191,data\cache\clean\test\cifake_0668 (3)\color_up.jpg
cifake_0744 (5),color_up,cifake,real,0,0.923458456993103,data\cache\clean\test\cifake_0744 (5)\color_up.jpg
cifake_0793,color_up,cifake,real,0,0.8999225497245789,data\cache\clean\test\cifake_0793\color_up.jpg
cifake_0967 (9),color_up,cifake,real,0,0.8457071185112,data\cache\clean\test\cifake_0967 (9)\color_up.jpg
cifake_1308 (6),color_up,cifake,real,0,0.7705113291740417,data\cache\clean\test\cifake_1308 (6)\color_up.jpg
cifake_1427,color_up,cifake,real,0,0.7360034584999084,data\cache\clean\test\cifake_1427\color_up.jpg
cifake_1545 (5),color_up,cifake,real,0,0.759238600730896,data\cache\clean\test\cifake_1545 (5)\color_up.jpg
cifake_1974,color_up,cifake,real,0,0.8200082182884216,data\cache\clean\test\cifake_1974\color_up.jpg
cifake_2094 (3),color_up,cifake,real,0,0.713944137096405,data\cache\clean\test\cifake_2094 (3)\color_up.jpg
cifake_2122,color_up,cifake,real,0,0.7957789897918701,data\cache\clean\test\cifake_2122\color_up.jpg
cifake_2441 (4),color_up,cifake,real,0,0.7665030360221863,data\cache\clean\test\cifake_2441 (4)\color_up.jpg
cifake_2500 (3),color_up,cifake,real,0,0.6112381815910339,data\cache\clean\test\cifake_2500 (3)\color_up.jpg
cifake_2652 (8),color_up,cifake,real,0,0.978369414806366,data\cache\clean\test\cifake_2652 (8)\color_up.jpg
cifake_2660,color_up,cifake,real,0,0.9819669723510742,data\cache\clean\test\cifake_2660\color_up.jpg
cifake_2874 (4),color_up,cifake,real,0,0.8019555807113647,data\cache\clean\test\cifake_2874 (4)\color_up.jpg
cifake_2940 (8),color_up,cifake,real,0,0.5642203092575073,data\cache\clean\test\cifake_2940 (8)\color_up.jpg
cifake_3092 (8),color_up,cifake,real,0,0.7666089534759521,data\cache\clean\test\cifake_3092 (8)\color_up.jpg
cifake_3280 (8),color_up,cifake,real,0,0.9715625643730164,data\cache\clean\test\cifake_3280 (8)\color_up.jpg
cifake_3458 (9),color_up,cifake,real,0,0.6782966256141663,data\cache\clean\test\cifake_3458 (9)\color_up.jpg
cifake_4186 (5),color_up,cifake,real,0,0.9474760293960571,data\cache\clean\test\cifake_4186 (5)\color_up.jpg
cifake_4389,color_up,cifake,real,0,0.5709021091461182,data\cache\clean\test\cifake_4389\color_up.jpg
cifake_4414 (6),color_up,cifake,real,0,0.8852490782737732,data\cache\clean\test\cifake_4414 (6)\color_up.jpg
cifake_4609 (2),color_up,cifake,real,0,0.7927860617637634,data\cache\clean\test\cifake_4609 (2)\color_up.jpg
cifake_4660 (5),color_up,cifake,real,0,0.9538724422454834,data\cache\clean\test\cifake_4660 (5)\color_up.jpg
cifake_4673 (5),color_up,cifake,real,0,0.95933997631073,data\cache\clean\test\cifake_4673 (5)\color_up.jpg
cifake_4707,color_up,cifake,real,0,0.7223407030105591,data\cache\clean\test\cifake_4707\color_up.jpg
sidset_00c07076be39e87e,color_up,sidset,real,0,0.635845959186554,data\cache\clean\test\sidset_00c07076be39e87e\color_up.jpg
sidset_011c2e4461eb1fdc,color_up,sidset,real,0,0.9027373194694519,data\cache\clean\test\sidset_011c2e4461eb1fdc\color_up.jpg
sidset_012403dc87252ad4,color_up,sidset,real,0,0.7158796191215515,data\cache\clean\test\sidset_012403dc87252ad4\color_up.jpg
sidset_01ae2ee150f3c0e0,color_up,sidset,real,0,0.524458110332489,data\cache\clean\test\sidset_01ae2ee150f3c0e0\color_up.jpg
sidset_01e0c5a9e96c3de4,color_up,sidset,real,0,0.7743127942085266,data\cache\clean\test\sidset_01e0c5a9e96c3de4\color_up.jpg
sidset_02eb47f790cba404,color_up,sidset,real,0,0.6920543313026428,data\cache\clean\test\sidset_02eb47f790cba404\color_up.jpg
sidset_036df955965cb2f9,color_up,sidset,real,0,0.6971656084060669,data\cache\clean\test\sidset_036df955965cb2f9\color_up.jpg
sidset_038789965a8f7606,color_up,sidset,real,0,0.7570377588272095,data\cache\clean\test\sidset_038789965a8f7606\color_up.jpg
sidset_03eaaa4033ae7bc3,color_up,sidset,real,0,0.8694012761116028,data\cache\clean\test\sidset_03eaaa4033ae7bc3\color_up.jpg
sidset_04c57e00f9d1b966,color_up,sidset,real,0,0.5745037198066711,data\cache\clean\test\sidset_04c57e00f9d1b966\color_up.jpg
sidset_04f2ca3f7633822b,color_up,sidset,real,0,0.7926775217056274,data\cache\clean\test\sidset_04f2ca3f7633822b\color_up.jpg
sidset_075db643445af8e3,color_up,sidset,real,0,0.9003680944442749,data\cache\clean\test\sidset_075db643445af8e3\color_up.jpg
sidset_0819e112dbbe3cb8,color_up,sidset,real,0,0.7927523255348206,data\cache\clean\test\sidset_0819e112dbbe3cb8\color_up.jpg
sidset_09e779f2616dde26,color_up,sidset,real,0,0.9035102128982544,data\cache\clean\test\sidset_09e779f2616dde26\color_up.jpg
sidset_09f7329f0c1c9fd4,color_up,sidset,real,0,0.8160868287086487,data\cache\clean\test\sidset_09f7329f0c1c9fd4\color_up.jpg
sidset_0c4df6f098aebb13,color_up,sidset,real,0,0.5703049898147583,data\cache\clean\test\sidset_0c4df6f098aebb13\color_up.jpg
sidset_0e40f2f48ac5ec94,color_up,sidset,real,0,0.5402116775512695,data\cache\clean\test\sidset_0e40f2f48ac5ec94\color_up.jpg
sidset_0e7587aacdfcd825,color_up,sidset,real,0,0.5508378744125366,data\cache\clean\test\sidset_0e7587aacdfcd825\color_up.jpg
sidset_0e8025a1493dc563,color_up,sidset,real,0,0.5999459624290466,data\cache\clean\test\sidset_0e8025a1493dc563\color_up.jpg
sidset_0f009b4bb1761c5c,color_up,sidset,real,0,0.5084917545318604,data\cache\clean\test\sidset_0f009b4bb1761c5c\color_up.jpg
sidset_0f8102c25fc764ea,color_up,sidset,real,0,0.784377932548523,data\cache\clean\test\sidset_0f8102c25fc764ea\color_up.jpg
sidset_104ed9aacca56685,color_up,sidset,real,0,0.8314430117607117,data\cache\clean\test\sidset_104ed9aacca56685\color_up.jpg
sidset_1104eeb6fc267e5b,color_up,sidset,real,0,0.6767290234565735,data\cache\clean\test\sidset_1104eeb6fc267e5b\color_up.jpg
sidset_12e6c1530962efa7,color_up,sidset,real,0,0.5743309855461121,data\cache\clean\test\sidset_12e6c1530962efa7\color_up.jpg
sidset_1409961a28ec7db5,color_up,sidset,real,0,0.531632661819458,data\cache\clean\test\sidset_1409961a28ec7db5\color_up.jpg
sidset_14312756c1c94efa,color_up,sidset,real,0,0.862801194190979,data\cache\clean\test\sidset_14312756c1c94efa\color_up.jpg
sidset_1493e45feef507e8,color_up,sidset,real,0,0.5995763540267944,data\cache\clean\test\sidset_1493e45feef507e8\color_up.jpg
sidset_165e94520f73e349,color_up,sidset,real,0,0.8624390959739685,data\cache\clean\test\sidset_165e94520f73e349\color_up.jpg
sidset_18e31327000165d6,color_up,sidset,real,0,0.559572160243988,data\cache\clean\test\sidset_18e31327000165d6\color_up.jpg
sidset_19a1dd0dde3ed26c,color_up,sidset,real,0,0.7035683989524841,data\cache\clean\test\sidset_19a1dd0dde3ed26c\color_up.jpg
sidset_1a6249bedc3b1e71,color_up,sidset,real,0,0.5242645144462585,data\cache\clean\test\sidset_1a6249bedc3b1e71\color_up.jpg
sidset_1b20d1ec3fd5a56f,color_up,sidset,real,0,0.5818673968315125,data\cache\clean\test\sidset_1b20d1ec3fd5a56f\color_up.jpg
sidset_1bfc154f6c762c73,color_up,sidset,real,0,0.5081384181976318,data\cache\clean\test\sidset_1bfc154f6c762c73\color_up.jpg
sidset_1d24e17c0f598d7a,color_up,sidset,real,0,0.7833347916603088,data\cache\clean\test\sidset_1d24e17c0f598d7a\color_up.jpg
sidset_1d49d26ca0273da6,color_up,sidset,real,0,0.8323236703872681,data\cache\clean\test\sidset_1d49d26ca0273da6\color_up.jpg
sidset_1d901fab652728e7,color_up,sidset,real,0,0.6696269512176514,data\cache\clean\test\sidset_1d901fab652728e7\color_up.jpg
sidset_206468f74dab4d45,color_up,sidset,real,0,0.6515588164329529,data\cache\clean\test\sidset_206468f74dab4d45\color_up.jpg
sidset_22b07f2ffcaf319c,color_up,sidset,real,0,0.9975379705429077,data\cache\clean\test\sidset_22b07f2ffcaf319c\color_up.jpg
sidset_230a893e83782a7f,color_up,sidset,real,0,0.8290256261825562,data\cache\clean\test\sidset_230a893e83782a7f\color_up.jpg
sidset_231c37d4664b7de1,color_up,sidset,real,0,0.5581914186477661,data\cache\clean\test\sidset_231c37d4664b7de1\color_up.jpg
sidset_23e37d6513ac4c60,color_up,sidset,real,0,0.707635223865509,data\cache\clean\test\sidset_23e37d6513ac4c60\color_up.jpg
sidset_240eaccddb6506ef,color_up,sidset,real,0,0.5476104021072388,data\cache\clean\test\sidset_240eaccddb6506ef\color_up.jpg
sidset_247241c5aa1f3f9c,color_up,sidset,real,0,0.8856356739997864,data\cache\clean\test\sidset_247241c5aa1f3f9c\color_up.jpg
sidset_249ee9deb8b187fa,color_up,sidset,real,0,0.5265281200408936,data\cache\clean\test\sidset_249ee9deb8b187fa\color_up.jpg
sidset_2905198a806667f8,color_up,sidset,real,0,0.9952839016914368,data\cache\clean\test\sidset_2905198a806667f8\color_up.jpg
sidset_2a8fb1de6042f419,color_up,sidset,real,0,0.6326327919960022,data\cache\clean\test\sidset_2a8fb1de6042f419\color_up.jpg
sidset_2c7cd831752d6b09,color_up,sidset,real,0,0.9623430967330933,data\cache\clean\test\sidset_2c7cd831752d6b09\color_up.jpg
sidset_3192e0bd18171689,color_up,sidset,real,0,0.9109372496604919,data\cache\clean\test\sidset_3192e0bd18171689\color_up.jpg
sidset_31f7ec5269c0f867,color_up,sidset,real,0,0.5421220064163208,data\cache\clean\test\sidset_31f7ec5269c0f867\color_up.jpg
sidset_3366fe07253694af,color_up,sidset,real,0,0.6397206783294678,data\cache\clean\test\sidset_3366fe07253694af\color_up.jpg
sidset_3413efa4fc47b5ac,color_up,sidset,real,0,0.9015228748321533,data\cache\clean\test\sidset_3413efa4fc47b5ac\color_up.jpg
sidset_34cdb10173e55171,color_up,sidset,real,0,0.5211232304573059,data\cache\clean\test\sidset_34cdb10173e55171\color_up.jpg
sidset_351df796b93ed2b5,color_up,sidset,real,0,0.9146197438240051,data\cache\clean\test\sidset_351df796b93ed2b5\color_up.jpg
sidset_36ec0b674a14714a,color_up,sidset,real,0,0.5135253667831421,data\cache\clean\test\sidset_36ec0b674a14714a\color_up.jpg
sidset_375b65ca9b00f7d5,color_up,sidset,real,0,0.8392559289932251,data\cache\clean\test\sidset_375b65ca9b00f7d5\color_up.jpg
sidset_39a3f029e2e17dd3,color_up,sidset,real,0,0.7813464999198914,data\cache\clean\test\sidset_39a3f029e2e17dd3\color_up.jpg
sidset_3b1856a86cc9c637,color_up,sidset,real,0,0.6747084259986877,data\cache\clean\test\sidset_3b1856a86cc9c637\color_up.jpg
sidset_3b40649e9031e556,color_up,sidset,real,0,0.5268245339393616,data\cache\clean\test\sidset_3b40649e9031e556\color_up.jpg
sidset_3beca4d6152a4aa5,color_up,sidset,real,0,0.7870649099349976,data\cache\clean\test\sidset_3beca4d6152a4aa5\color_up.jpg
sidset_3f585c2908250b1b,color_up,sidset,real,0,0.9354791641235352,data\cache\clean\test\sidset_3f585c2908250b1b\color_up.jpg
sidset_3fbc4c1574ef987d,color_up,sidset,real,0,0.7852189540863037,data\cache\clean\test\sidset_3fbc4c1574ef987d\color_up.jpg
sidset_405f8f3229fd3f3a,color_up,sidset,real,0,0.8461504578590393,data\cache\clean\test\sidset_405f8f3229fd3f3a\color_up.jpg
sidset_40d5448c128a6537,color_up,sidset,real,0,0.8978824019432068,data\cache\clean\test\sidset_40d5448c128a6537\color_up.jpg
sidset_41d1e9323b7236bd,color_up,sidset,real,0,0.5924788117408752,data\cache\clean\test\sidset_41d1e9323b7236bd\color_up.jpg
sidset_41fb52633e2258f5,color_up,sidset,real,0,0.9729840159416199,data\cache\clean\test\sidset_41fb52633e2258f5\color_up.jpg
sidset_41fcb89ff22ef83c,color_up,sidset,real,0,0.6546365022659302,data\cache\clean\test\sidset_41fcb89ff22ef83c\color_up.jpg
sidset_4566671bd4a332e8,color_up,sidset,real,0,0.9935789108276367,data\cache\clean\test\sidset_4566671bd4a332e8\color_up.jpg
sidset_45a6cb8b20ae57d2,color_up,sidset,real,0,0.9693003296852112,data\cache\clean\test\sidset_45a6cb8b20ae57d2\color_up.jpg
sidset_4606e5e4e484cff2,color_up,sidset,real,0,0.5972009301185608,data\cache\clean\test\sidset_4606e5e4e484cff2\color_up.jpg
sidset_47927d08b0f027e7,color_up,sidset,real,0,0.974753737449646,data\cache\clean\test\sidset_47927d08b0f027e7\color_up.jpg
sidset_4c361533bba3cc71,color_up,sidset,real,0,0.9494206309318542,data\cache\clean\test\sidset_4c361533bba3cc71\color_up.jpg
sidset_4dd2dda240e479c1,color_up,sidset,real,0,0.7006795406341553,data\cache\clean\test\sidset_4dd2dda240e479c1\color_up.jpg
sidset_4e4b9b1d6e8b2aca,color_up,sidset,real,0,0.6320413947105408,data\cache\clean\test\sidset_4e4b9b1d6e8b2aca\color_up.jpg
sidset_50431dd2e2a3818e,color_up,sidset,real,0,0.5019451379776001,data\cache\clean\test\sidset_50431dd2e2a3818e\color_up.jpg
sidset_52bf81b2d7f84101,color_up,sidset,real,0,0.5014256238937378,data\cache\clean\test\sidset_52bf81b2d7f84101\color_up.jpg
sidset_551fdd5a1c3d6806,color_up,sidset,real,0,0.8056519031524658,data\cache\clean\test\sidset_551fdd5a1c3d6806\color_up.jpg
sidset_55ed6c0bbd54e07d,color_up,sidset,real,0,0.7612665891647339,data\cache\clean\test\sidset_55ed6c0bbd54e07d\color_up.jpg
sidset_59e78921fe0be3d3,color_up,sidset,real,0,0.9802320003509521,data\cache\clean\test\sidset_59e78921fe0be3d3\color_up.jpg
sidset_59fe7b3f437e993b,color_up,sidset,real,0,0.733005940914154,data\cache\clean\test\sidset_59fe7b3f437e993b\color_up.jpg
sidset_5a165a26bf8ca4be,color_up,sidset,real,0,0.8683880567550659,data\cache\clean\test\sidset_5a165a26bf8ca4be\color_up.jpg
sidset_5a412afd55fe92ef,color_up,sidset,real,0,0.5782704949378967,data\cache\clean\test\sidset_5a412afd55fe92ef\color_up.jpg
sidset_5ae51a789c118b75,color_up,sidset,real,0,0.757279098033905,data\cache\clean\test\sidset_5ae51a789c118b75\color_up.jpg
sidset_5b8f12b78d13bfcd,color_up,sidset,real,0,0.8415049910545349,data\cache\clean\test\sidset_5b8f12b78d13bfcd\color_up.jpg
sidset_5ba522a91162ae70,color_up,sidset,real,0,0.9877040386199951,data\cache\clean\test\sidset_5ba522a91162ae70\color_up.jpg
sidset_5d6c80bf53edd038,color_up,sidset,real,0,0.664678156375885,data\cache\clean\test\sidset_5d6c80bf53edd038\color_up.jpg
sidset_5fd49a9afbba9bd6,color_up,sidset,real,0,0.9930493831634521,data\cache\clean\test\sidset_5fd49a9afbba9bd6\color_up.jpg
sidset_615f67f3acd96d5c,color_up,sidset,real,0,0.7625771164894104,data\cache\clean\test\sidset_615f67f3acd96d5c\color_up.jpg
sidset_61788db65ec08fe7,color_up,sidset,real,0,0.5243217349052429,data\cache\clean\test\sidset_61788db65ec08fe7\color_up.jpg
sidset_62d3110113ec4633,color_up,sidset,real,0,0.8805232048034668,data\cache\clean\test\sidset_62d3110113ec4633\color_up.jpg
sidset_656916e9c7039df4,color_up,sidset,real,0,0.6773099303245544,data\cache\clean\test\sidset_656916e9c7039df4\color_up.jpg
sidset_660fbbd053050f25,color_up,sidset,real,0,0.968900203704834,data\cache\clean\test\sidset_660fbbd053050f25\color_up.jpg
sidset_66a67b7ddd0c1aa6,color_up,sidset,real,0,0.657930850982666,data\cache\clean\test\sidset_66a67b7ddd0c1aa6\color_up.jpg
sidset_671626a02fa03d09,color_up,sidset,real,0,0.7524923086166382,data\cache\clean\test\sidset_671626a02fa03d09\color_up.jpg
sidset_67e679dca692a59d,color_up,sidset,real,0,0.9185166954994202,data\cache\clean\test\sidset_67e679dca692a59d\color_up.jpg
sidset_6ae976e8966ec975,color_up,sidset,real,0,0.8323816061019897,data\cache\clean\test\sidset_6ae976e8966ec975\color_up.jpg
sidset_6b7167d906f4ff1f,color_up,sidset,real,0,0.9172071814537048,data\cache\clean\test\sidset_6b7167d906f4ff1f\color_up.jpg
sidset_6b8ac1d4f89a0ffa,color_up,sidset,real,0,0.6459575891494751,data\cache\clean\test\sidset_6b8ac1d4f89a0ffa\color_up.jpg
sidset_6bad0a1b36aae064,color_up,sidset,real,0,0.5639291405677795,data\cache\clean\test\sidset_6bad0a1b36aae064\color_up.jpg
sidset_6ca445fcf626607b,color_up,sidset,real,0,0.8804274797439575,data\cache\clean\test\sidset_6ca445fcf626607b\color_up.jpg
sidset_6cd755669fbaa2d8,color_up,sidset,real,0,0.8293413519859314,data\cache\clean\test\sidset_6cd755669fbaa2d8\color_up.jpg
sidset_6f3ce9ca0af3863c,color_up,sidset,real,0,0.8616986870765686,data\cache\clean\test\sidset_6f3ce9ca0af3863c\color_up.jpg
sidset_6facfe9bc72a2676,color_up,sidset,real,0,0.5127413272857666,data\cache\clean\test\sidset_6facfe9bc72a2676\color_up.jpg
sidset_6fd040fe95578d90,color_up,sidset,real,0,0.6786623597145081,data\cache\clean\test\sidset_6fd040fe95578d90\color_up.jpg
sidset_702884f2efd07c6e,color_up,sidset,real,0,0.5711398720741272,data\cache\clean\test\sidset_702884f2efd07c6e\color_up.jpg
sidset_71a3cfa241159bad,color_up,sidset,real,0,0.5238321423530579,data\cache\clean\test\sidset_71a3cfa241159bad\color_up.jpg
sidset_759a21da57c25774,color_up,sidset,real,0,0.7311803102493286,data\cache\clean\test\sidset_759a21da57c25774\color_up.jpg
sidset_7974984b83c15934,color_up,sidset,real,0,0.5981529951095581,data\cache\clean\test\sidset_7974984b83c15934\color_up.jpg
sidset_7b02c62c42c0cc7f,color_up,sidset,real,0,0.6195820569992065,data\cache\clean\test\sidset_7b02c62c42c0cc7f\color_up.jpg
sidset_7c1fff13774e270c,color_up,sidset,real,0,0.8191389441490173,data\cache\clean\test\sidset_7c1fff13774e270c\color_up.jpg
sidset_7d3102cbae765943,color_up,sidset,real,0,0.6912205219268799,data\cache\clean\test\sidset_7d3102cbae765943\color_up.jpg
sidset_7f1ce0ac000e1d6c,color_up,sidset,real,0,0.9034003615379333,data\cache\clean\test\sidset_7f1ce0ac000e1d6c\color_up.jpg
sidset_832e43df048c6d1a,color_up,sidset,real,0,0.7848969101905823,data\cache\clean\test\sidset_832e43df048c6d1a\color_up.jpg
sidset_847120c126ba55f8,color_up,sidset,real,0,0.8457826972007751,data\cache\clean\test\sidset_847120c126ba55f8\color_up.jpg
sidset_85928afd9860bcb5,color_up,sidset,real,0,0.7283904552459717,data\cache\clean\test\sidset_85928afd9860bcb5\color_up.jpg
sidset_8619862cda88466c,color_up,sidset,real,0,0.6633689403533936,data\cache\clean\test\sidset_8619862cda88466c\color_up.jpg
sidset_8c3549f9f22a8f34,color_up,sidset,real,0,0.6177952289581299,data\cache\clean\test\sidset_8c3549f9f22a8f34\color_up.jpg
sidset_8d2495ea75218578,color_up,sidset,real,0,0.5058233141899109,data\cache\clean\test\sidset_8d2495ea75218578\color_up.jpg
sidset_8dbf9399e1c82582,color_up,sidset,real,0,0.5233096480369568,data\cache\clean\test\sidset_8dbf9399e1c82582\color_up.jpg
sidset_918190e0dd7fc829,color_up,sidset,real,0,0.9991515874862671,data\cache\clean\test\sidset_918190e0dd7fc829\color_up.jpg
sidset_92e8228aca22327e,color_up,sidset,real,0,0.7127823233604431,data\cache\clean\test\sidset_92e8228aca22327e\color_up.jpg
sidset_9548acaeca2f5124,color_up,sidset,real,0,0.5628520250320435,data\cache\clean\test\sidset_9548acaeca2f5124\color_up.jpg
sidset_9915729405b9e03e,color_up,sidset,real,0,0.5579376220703125,data\cache\clean\test\sidset_9915729405b9e03e\color_up.jpg
sidset_9930f532d418d193,color_up,sidset,real,0,0.9752757549285889,data\cache\clean\test\sidset_9930f532d418d193\color_up.jpg
sidset_995429a562f1aed2,color_up,sidset,real,0,0.8063739538192749,data\cache\clean\test\sidset_995429a562f1aed2\color_up.jpg
sidset_9ad980e066bd4c5e,color_up,sidset,real,0,0.7701126337051392,data\cache\clean\test\sidset_9ad980e066bd4c5e\color_up.jpg
sidset_9e2a9b16ff46f867,color_up,sidset,real,0,0.9754201173782349,data\cache\clean\test\sidset_9e2a9b16ff46f867\color_up.jpg
sidset_9eee8350ba1b12f6,color_up,sidset,real,0,0.7624177932739258,data\cache\clean\test\sidset_9eee8350ba1b12f6\color_up.jpg
sidset_a3032d75347e6fa2,color_up,sidset,real,0,0.994273841381073,data\cache\clean\test\sidset_a3032d75347e6fa2\color_up.jpg
sidset_a429805728e89e7d,color_up,sidset,real,0,0.7214672565460205,data\cache\clean\test\sidset_a429805728e89e7d\color_up.jpg
sidset_a5b01f2aa66b2e86,color_up,sidset,real,0,0.7004016041755676,data\cache\clean\test\sidset_a5b01f2aa66b2e86\color_up.jpg
sidset_a63f5e61fd9dc5ef,color_up,sidset,real,0,0.5247159600257874,data\cache\clean\test\sidset_a63f5e61fd9dc5ef\color_up.jpg
sidset_a67f25ce72b478fc,color_up,sidset,real,0,0.5240889191627502,data\cache\clean\test\sidset_a67f25ce72b478fc\color_up.jpg
sidset_a78c3118763031c7,color_up,sidset,real,0,0.7550466656684875,data\cache\clean\test\sidset_a78c3118763031c7\color_up.jpg
sidset_a8ad741ef85002f3,color_up,sidset,real,0,0.8777621388435364,data\cache\clean\test\sidset_a8ad741ef85002f3\color_up.jpg
sidset_a95cb67561b0310c,color_up,sidset,real,0,0.7479106783866882,data\cache\clean\test\sidset_a95cb67561b0310c\color_up.jpg
sidset_ab1441008986f237,color_up,sidset,real,0,0.7332449555397034,data\cache\clean\test\sidset_ab1441008986f237\color_up.jpg
sidset_ac54ef2834f8bc74,color_up,sidset,real,0,0.6988077759742737,data\cache\clean\test\sidset_ac54ef2834f8bc74\color_up.jpg
sidset_addaecf6bdb9e66b,color_up,sidset,real,0,0.9988943934440613,data\cache\clean\test\sidset_addaecf6bdb9e66b\color_up.jpg
sidset_af41e2b6da3e7e02,color_up,sidset,real,0,0.500347912311554,data\cache\clean\test\sidset_af41e2b6da3e7e02\color_up.jpg
sidset_b230de6baca8d392,color_up,sidset,real,0,0.8714439272880554,data\cache\clean\test\sidset_b230de6baca8d392\color_up.jpg
sidset_b3d460c2a4f17eff,color_up,sidset,real,0,0.621332049369812,data\cache\clean\test\sidset_b3d460c2a4f17eff\color_up.jpg
sidset_b476dc9881140333,color_up,sidset,real,0,0.545802891254425,data\cache\clean\test\sidset_b476dc9881140333\color_up.jpg
sidset_b4f4dcd2e7617eea,color_up,sidset,real,0,0.5553122758865356,data\cache\clean\test\sidset_b4f4dcd2e7617eea\color_up.jpg
sidset_b7e2bd65518fb887,color_up,sidset,real,0,0.6258188486099243,data\cache\clean\test\sidset_b7e2bd65518fb887\color_up.jpg
sidset_b8d2d5fcb72a3a65,color_up,sidset,real,0,0.7867300510406494,data\cache\clean\test\sidset_b8d2d5fcb72a3a65\color_up.jpg
sidset_b968aac60e0c49aa,color_up,sidset,real,0,0.5297614932060242,data\cache\clean\test\sidset_b968aac60e0c49aa\color_up.jpg
sidset_bafdbc8a8d68c696,color_up,sidset,real,0,0.603367805480957,data\cache\clean\test\sidset_bafdbc8a8d68c696\color_up.jpg
sidset_bc280ffeb57ce51b,color_up,sidset,real,0,0.8414753675460815,data\cache\clean\test\sidset_bc280ffeb57ce51b\color_up.jpg
sidset_bc70b06f0d603efd,color_up,sidset,real,0,0.9986822009086609,data\cache\clean\test\sidset_bc70b06f0d603efd\color_up.jpg
sidset_bddc30edb2816122,color_up,sidset,real,0,0.7874793410301208,data\cache\clean\test\sidset_bddc30edb2816122\color_up.jpg
sidset_be1daffd2d21411d,color_up,sidset,real,0,0.8209779858589172,data\cache\clean\test\sidset_be1daffd2d21411d\color_up.jpg
sidset_c104d5a827c3dc84,color_up,sidset,real,0,0.9320089221000671,data\cache\clean\test\sidset_c104d5a827c3dc84\color_up.jpg
sidset_c1bacdc2ce938d49,color_up,sidset,real,0,0.6528000235557556,data\cache\clean\test\sidset_c1bacdc2ce938d49\color_up.jpg
sidset_c2318477854fb927,color_up,sidset,real,0,0.6965906023979187,data\cache\clean\test\sidset_c2318477854fb927\color_up.jpg
sidset_c2ea9829195e05c8,color_up,sidset,real,0,0.5604540109634399,data\cache\clean\test\sidset_c2ea9829195e05c8\color_up.jpg
sidset_c2f7255d9f5d9469,color_up,sidset,real,0,0.8047744035720825,data\cache\clean\test\sidset_c2f7255d9f5d9469\color_up.jpg
sidset_c3c41d4a18529a16,color_up,sidset,real,0,0.776731550693512,data\cache\clean\test\sidset_c3c41d4a18529a16\color_up.jpg
sidset_c3dc415a844e514c,color_up,sidset,real,0,0.6914769411087036,data\cache\clean\test\sidset_c3dc415a844e514c\color_up.jpg
sidset_c3ec16adace390aa,color_up,sidset,real,0,0.6560641527175903,data\cache\clean\test\sidset_c3ec16adace390aa\color_up.jpg
sidset_c47a1c5427ee9d26,color_up,sidset,real,0,0.8472850322723389,data\cache\clean\test\sidset_c47a1c5427ee9d26\color_up.jpg
sidset_c5a378b0ea24d25e,color_up,sidset,real,0,0.852023184299469,data\cache\clean\test\sidset_c5a378b0ea24d25e\color_up.jpg
sidset_c5f4e20e7d2e391c,color_up,sidset,real,0,0.595396101474762,data\cache\clean\test\sidset_c5f4e20e7d2e391c\color_up.jpg
sidset_c71adf7ec32fe698,color_up,sidset,real,0,0.6786583662033081,data\cache\clean\test\sidset_c71adf7ec32fe698\color_up.jpg
sidset_c7d3774f16039f96,color_up,sidset,real,0,0.5488860011100769,data\cache\clean\test\sidset_c7d3774f16039f96\color_up.jpg
sidset_c90419b9eb89527a,color_up,sidset,real,0,0.9385086297988892,data\cache\clean\test\sidset_c90419b9eb89527a\color_up.jpg
sidset_cac550631e35c126,color_up,sidset,real,0,0.6099288463592529,data\cache\clean\test\sidset_cac550631e35c126\color_up.jpg
sidset_cb68a83278e88b9d,color_up,sidset,real,0,0.8602306246757507,data\cache\clean\test\sidset_cb68a83278e88b9d\color_up.jpg
sidset_cc4571b1efacde65,color_up,sidset,real,0,0.8502112627029419,data\cache\clean\test\sidset_cc4571b1efacde65\color_up.jpg
sidset_ce09a25a50fdfe47,color_up,sidset,real,0,0.9944856762886047,data\cache\clean\test\sidset_ce09a25a50fdfe47\color_up.jpg
sidset_d16d462a77a3e94c,color_up,sidset,real,0,0.5202171206474304,data\cache\clean\test\sidset_d16d462a77a3e94c\color_up.jpg
sidset_d177df42ac3e071e,color_up,sidset,real,0,0.6090458035469055,data\cache\clean\test\sidset_d177df42ac3e071e\color_up.jpg
sidset_d1bccd9512c32cdc,color_up,sidset,real,0,0.539699375629425,data\cache\clean\test\sidset_d1bccd9512c32cdc\color_up.jpg
sidset_d3d78752fef3f3c4,color_up,sidset,real,0,0.7491350173950195,data\cache\clean\test\sidset_d3d78752fef3f3c4\color_up.jpg
sidset_d482661389f951ac,color_up,sidset,real,0,0.9835900664329529,data\cache\clean\test\sidset_d482661389f951ac\color_up.jpg
sidset_d5b1f51ca14baa4e,color_up,sidset,real,0,0.8153635859489441,data\cache\clean\test\sidset_d5b1f51ca14baa4e\color_up.jpg
sidset_d652dc17bb0709b8,color_up,sidset,real,0,0.6741870045661926,data\cache\clean\test\sidset_d652dc17bb0709b8\color_up.jpg
sidset_d7c9ba7b7774dcd9,color_up,sidset,real,0,0.6694728136062622,data\cache\clean\test\sidset_d7c9ba7b7774dcd9\color_up.jpg
sidset_d8a53cf21ff3ccb4,color_up,sidset,real,0,0.9463106989860535,data\cache\clean\test\sidset_d8a53cf21ff3ccb4\color_up.jpg
sidset_dc2319ebdea3f811,color_up,sidset,real,0,0.5477279424667358,data\cache\clean\test\sidset_dc2319ebdea3f811\color_up.jpg
sidset_dcc4eb3a61fc711a,color_up,sidset,real,0,0.9421961903572083,data\cache\clean\test\sidset_dcc4eb3a61fc711a\color_up.jpg
sidset_dd7f306351f863e7,color_up,sidset,real,0,0.9056757688522339,data\cache\clean\test\sidset_dd7f306351f863e7\color_up.jpg
sidset_de2d4b37000ff09c,color_up,sidset,real,0,0.6210508942604065,data\cache\clean\test\sidset_de2d4b37000ff09c\color_up.jpg
sidset_de57a1a3698e16cf,color_up,sidset,real,0,0.5445582270622253,data\cache\clean\test\sidset_de57a1a3698e16cf\color_up.jpg
sidset_df089363fbc3dff5,color_up,sidset,real,0,0.86782306432724,data\cache\clean\test\sidset_df089363fbc3dff5\color_up.jpg
sidset_e14e3989daa0bebd,color_up,sidset,real,0,0.714799165725708,data\cache\clean\test\sidset_e14e3989daa0bebd\color_up.jpg
sidset_e1a5cac65504c6d6,color_up,sidset,real,0,0.6515421867370605,data\cache\clean\test\sidset_e1a5cac65504c6d6\color_up.jpg
sidset_e20f8df5bc8ae19c,color_up,sidset,real,0,0.7486260533332825,data\cache\clean\test\sidset_e20f8df5bc8ae19c\color_up.jpg
sidset_e35ca53982ee8372,color_up,sidset,real,0,0.5726890563964844,data\cache\clean\test\sidset_e35ca53982ee8372\color_up.jpg
sidset_e67f5961f8d7c753,color_up,sidset,real,0,0.6648152470588684,data\cache\clean\test\sidset_e67f5961f8d7c753\color_up.jpg
sidset_e7250acece7d41f5,color_up,sidset,real,0,0.995816171169281,data\cache\clean\test\sidset_e7250acece7d41f5\color_up.jpg
sidset_e75efd006759f4d0,color_up,sidset,real,0,0.5858041644096375,data\cache\clean\test\sidset_e75efd006759f4d0\color_up.jpg
sidset_e99541e9ff8fadb2,color_up,sidset,real,0,0.8940929174423218,data\cache\clean\test\sidset_e99541e9ff8fadb2\color_up.jpg
sidset_ea40598e1128af27,color_up,sidset,real,0,0.6671167016029358,data\cache\clean\test\sidset_ea40598e1128af27\color_up.jpg
sidset_ecc82a319b4ec918,color_up,sidset,real,0,0.5133998394012451,data\cache\clean\test\sidset_ecc82a319b4ec918\color_up.jpg
sidset_ef3f636bfc78f3a5,color_up,sidset,real,0,0.7521585822105408,data\cache\clean\test\sidset_ef3f636bfc78f3a5\color_up.jpg
sidset_f04f6268869ee6fc,color_up,sidset,real,0,0.5488945245742798,data\cache\clean\test\sidset_f04f6268869ee6fc\color_up.jpg
sidset_f250696304a3be0e,color_up,sidset,real,0,0.8721797466278076,data\cache\clean\test\sidset_f250696304a3be0e\color_up.jpg
sidset_f2be8bd472d53987,color_up,sidset,real,0,0.697537362575531,data\cache\clean\test\sidset_f2be8bd472d53987\color_up.jpg
sidset_f4037827a526d8a5,color_up,sidset,real,0,0.7013993859291077,data\cache\clean\test\sidset_f4037827a526d8a5\color_up.jpg
sidset_f5044c17014681a8,color_up,sidset,real,0,0.7553597688674927,data\cache\clean\test\sidset_f5044c17014681a8\color_up.jpg
sidset_f84d742c437fbc59,color_up,sidset,real,0,0.8083999156951904,data\cache\clean\test\sidset_f84d742c437fbc59\color_up.jpg
sidset_fac95db1f3df9775,color_up,sidset,real,0,0.9914828538894653,data\cache\clean\test\sidset_fac95db1f3df9775\color_up.jpg
sidset_ffb6be41271c5645,color_up,sidset,real,0,0.991992712020874,data\cache\clean\test\sidset_ffb6be41271c5645\color_up.jpg
cifake_0235,crop80,cifake,real,0,0.9185708165168762,data\cache\clean\test\cifake_0235\crop80.jpg
cifake_0343 (6),crop80,cifake,real,0,0.9427785873413086,data\cache\clean\test\cifake_0343 (6)\crop80.jpg
cifake_0793,crop80,cifake,real,0,0.7967595458030701,data\cache\clean\test\cifake_0793\crop80.jpg
cifake_0858 (3),crop80,cifake,real,0,0.7477440237998962,data\cache\clean\test\cifake_0858 (3)\crop80.jpg
cifake_1311,crop80,cifake,real,0,0.5473949909210205,data\cache\clean\test\cifake_1311\crop80.jpg
cifake_1338 (4),crop80,cifake,real,0,0.8390296697616577,data\cache\clean\test\cifake_1338 (4)\crop80.jpg
cifake_1614 (9),crop80,cifake,real,0,0.6311548352241516,data\cache\clean\test\cifake_1614 (9)\crop80.jpg
cifake_2122,crop80,cifake,real,0,0.9597142338752747,data\cache\clean\test\cifake_2122\crop80.jpg
cifake_2940 (8),crop80,cifake,real,0,0.6524977087974548,data\cache\clean\test\cifake_2940 (8)\crop80.jpg
cifake_3049 (2),crop80,cifake,real,0,0.7908374071121216,data\cache\clean\test\cifake_3049 (2)\crop80.jpg
cifake_3696,crop80,cifake,real,0,0.6683298945426941,data\cache\clean\test\cifake_3696\crop80.jpg
cifake_3891 (3),crop80,cifake,real,0,0.8153484463691711,data\cache\clean\test\cifake_3891 (3)\crop80.jpg
cifake_3916 (8),crop80,cifake,real,0,0.589946448802948,data\cache\clean\test\cifake_3916 (8)\crop80.jpg
cifake_4369,crop80,cifake,real,0,0.6083934903144836,data\cache\clean\test\cifake_4369\crop80.jpg
cifake_4673 (5),crop80,cifake,real,0,0.54132080078125,data\cache\clean\test\cifake_4673 (5)\crop80.jpg
cifake_4707,crop80,cifake,real,0,0.5346924066543579,data\cache\clean\test\cifake_4707\crop80.jpg
sidset_01e0c5a9e96c3de4,crop80,sidset,real,0,0.9318758249282837,data\cache\clean\test\sidset_01e0c5a9e96c3de4\crop80.jpg
sidset_01e9eac7f3601b11,crop80,sidset,real,0,0.5185412764549255,data\cache\clean\test\sidset_01e9eac7f3601b11\crop80.jpg
sidset_038789965a8f7606,crop80,sidset,real,0,0.5559090971946716,data\cache\clean\test\sidset_038789965a8f7606\crop80.jpg
sidset_04c57e00f9d1b966,crop80,sidset,real,0,0.5104058980941772,data\cache\clean\test\sidset_04c57e00f9d1b966\crop80.jpg
sidset_04dca235b99ad328,crop80,sidset,real,0,0.9388733506202698,data\cache\clean\test\sidset_04dca235b99ad328\crop80.jpg
sidset_04f2ca3f7633822b,crop80,sidset,real,0,0.7181493043899536,data\cache\clean\test\sidset_04f2ca3f7633822b\crop80.jpg
sidset_075db643445af8e3,crop80,sidset,real,0,0.5299314856529236,data\cache\clean\test\sidset_075db643445af8e3\crop80.jpg
sidset_0819e112dbbe3cb8,crop80,sidset,real,0,0.8536253571510315,data\cache\clean\test\sidset_0819e112dbbe3cb8\crop80.jpg
sidset_09e779f2616dde26,crop80,sidset,real,0,0.5009872913360596,data\cache\clean\test\sidset_09e779f2616dde26\crop80.jpg
sidset_09f7329f0c1c9fd4,crop80,sidset,real,0,0.7605764865875244,data\cache\clean\test\sidset_09f7329f0c1c9fd4\crop80.jpg
sidset_0cf1d8bc81be1587,crop80,sidset,real,0,0.5915584564208984,data\cache\clean\test\sidset_0cf1d8bc81be1587\crop80.jpg
sidset_0e40f2f48ac5ec94,crop80,sidset,real,0,0.8040668964385986,data\cache\clean\test\sidset_0e40f2f48ac5ec94\crop80.jpg
sidset_0f8102c25fc764ea,crop80,sidset,real,0,0.5691640377044678,data\cache\clean\test\sidset_0f8102c25fc764ea\crop80.jpg
sidset_10074342a36207e9,crop80,sidset,real,0,0.6937177777290344,data\cache\clean\test\sidset_10074342a36207e9\crop80.jpg
sidset_14312756c1c94efa,crop80,sidset,real,0,0.8506912589073181,data\cache\clean\test\sidset_14312756c1c94efa\crop80.jpg
sidset_1577f06c8ee59ef0,crop80,sidset,real,0,0.6799107193946838,data\cache\clean\test\sidset_1577f06c8ee59ef0\crop80.jpg
sidset_165e94520f73e349,crop80,sidset,real,0,0.970960259437561,data\cache\clean\test\sidset_165e94520f73e349\crop80.jpg
sidset_1ac2b808424b8d8b,crop80,sidset,real,0,0.5647258758544922,data\cache\clean\test\sidset_1ac2b808424b8d8b\crop80.jpg
sidset_1b20d1ec3fd5a56f,crop80,sidset,real,0,0.5501170754432678,data\cache\clean\test\sidset_1b20d1ec3fd5a56f\crop80.jpg
sidset_1bbde3dbf9a7d429,crop80,sidset,real,0,0.5098681449890137,data\cache\clean\test\sidset_1bbde3dbf9a7d429\crop80.jpg
sidset_1cae0a8c943c87f1,crop80,sidset,real,0,0.5085057616233826,data\cache\clean\test\sidset_1cae0a8c943c87f1\crop80.jpg
sidset_1d24e17c0f598d7a,crop80,sidset,real,0,0.628513753414154,data\cache\clean\test\sidset_1d24e17c0f598d7a\crop80.jpg
sidset_1d49d26ca0273da6,crop80,sidset,real,0,0.9083248376846313,data\cache\clean\test\sidset_1d49d26ca0273da6\crop80.jpg
sidset_22b07f2ffcaf319c,crop80,sidset,real,0,0.984353244304657,data\cache\clean\test\sidset_22b07f2ffcaf319c\crop80.jpg
sidset_231c37d4664b7de1,crop80,sidset,real,0,0.506054162979126,data\cache\clean\test\sidset_231c37d4664b7de1\crop80.jpg
sidset_237f3e13b66b8d25,crop80,sidset,real,0,0.7001142501831055,data\cache\clean\test\sidset_237f3e13b66b8d25\crop80.jpg
sidset_2387febf3723ff05,crop80,sidset,real,0,0.5909692049026489,data\cache\clean\test\sidset_2387febf3723ff05\crop80.jpg
sidset_240eaccddb6506ef,crop80,sidset,real,0,0.7483733296394348,data\cache\clean\test\sidset_240eaccddb6506ef\crop80.jpg
sidset_247241c5aa1f3f9c,crop80,sidset,real,0,0.6488059163093567,data\cache\clean\test\sidset_247241c5aa1f3f9c\crop80.jpg
sidset_249ee9deb8b187fa,crop80,sidset,real,0,0.7601786851882935,data\cache\clean\test\sidset_249ee9deb8b187fa\crop80.jpg
sidset_2800b0abf266ffba,crop80,sidset,real,0,0.5076575875282288,data\cache\clean\test\sidset_2800b0abf266ffba\crop80.jpg
sidset_2c7cd831752d6b09,crop80,sidset,real,0,0.9307627081871033,data\cache\clean\test\sidset_2c7cd831752d6b09\crop80.jpg
sidset_2e1070632f289596,crop80,sidset,real,0,0.606116533279419,data\cache\clean\test\sidset_2e1070632f289596\crop80.jpg
sidset_3192e0bd18171689,crop80,sidset,real,0,0.6434028744697571,data\cache\clean\test\sidset_3192e0bd18171689\crop80.jpg
sidset_326f495eb261b65e,crop80,sidset,real,0,0.880362868309021,data\cache\clean\test\sidset_326f495eb261b65e\crop80.jpg
sidset_3366fe07253694af,crop80,sidset,real,0,0.6345465779304504,data\cache\clean\test\sidset_3366fe07253694af\crop80.jpg
sidset_3413efa4fc47b5ac,crop80,sidset,real,0,0.7327656149864197,data\cache\clean\test\sidset_3413efa4fc47b5ac\crop80.jpg
sidset_34cdb10173e55171,crop80,sidset,real,0,0.5076572299003601,data\cache\clean\test\sidset_34cdb10173e55171\crop80.jpg
sidset_351df796b93ed2b5,crop80,sidset,real,0,0.7785129547119141,data\cache\clean\test\sidset_351df796b93ed2b5\crop80.jpg
sidset_39a3f029e2e17dd3,crop80,sidset,real,0,0.7916073799133301,data\cache\clean\test\sidset_39a3f029e2e17dd3\crop80.jpg
sidset_3beca4d6152a4aa5,crop80,sidset,real,0,0.9231499433517456,data\cache\clean\test\sidset_3beca4d6152a4aa5\crop80.jpg
sidset_3fbc4c1574ef987d,crop80,sidset,real,0,0.7929439544677734,data\cache\clean\test\sidset_3fbc4c1574ef987d\crop80.jpg
sidset_405f8f3229fd3f3a,crop80,sidset,real,0,0.6042978167533875,data\cache\clean\test\sidset_405f8f3229fd3f3a\crop80.jpg
sidset_40d5448c128a6537,crop80,sidset,real,0,0.7304456830024719,data\cache\clean\test\sidset_40d5448c128a6537\crop80.jpg
sidset_41fb52633e2258f5,crop80,sidset,real,0,0.6659597754478455,data\cache\clean\test\sidset_41fb52633e2258f5\crop80.jpg
sidset_41fcb89ff22ef83c,crop80,sidset,real,0,0.975543737411499,data\cache\clean\test\sidset_41fcb89ff22ef83c\crop80.jpg
sidset_44062c28bab0688d,crop80,sidset,real,0,0.5104618072509766,data\cache\clean\test\sidset_44062c28bab0688d\crop80.jpg
sidset_4566671bd4a332e8,crop80,sidset,real,0,0.5837119817733765,data\cache\clean\test\sidset_4566671bd4a332e8\crop80.jpg
sidset_45ace3ac94ff5f68,crop80,sidset,real,0,0.5087482929229736,data\cache\clean\test\sidset_45ace3ac94ff5f68\crop80.jpg
sidset_47927d08b0f027e7,crop80,sidset,real,0,0.5982916355133057,data\cache\clean\test\sidset_47927d08b0f027e7\crop80.jpg
sidset_4b587c02c1897383,crop80,sidset,real,0,0.7009103894233704,data\cache\clean\test\sidset_4b587c02c1897383\crop80.jpg
sidset_4babe6eef86c29f6,crop80,sidset,real,0,0.7899402976036072,data\cache\clean\test\sidset_4babe6eef86c29f6\crop80.jpg
sidset_4c361533bba3cc71,crop80,sidset,real,0,0.9732750654220581,data\cache\clean\test\sidset_4c361533bba3cc71\crop80.jpg
sidset_4dd2dda240e479c1,crop80,sidset,real,0,0.9093117117881775,data\cache\clean\test\sidset_4dd2dda240e479c1\crop80.jpg
sidset_50431dd2e2a3818e,crop80,sidset,real,0,0.6351932883262634,data\cache\clean\test\sidset_50431dd2e2a3818e\crop80.jpg
sidset_5284d957232f537f,crop80,sidset,real,0,0.5072275996208191,data\cache\clean\test\sidset_5284d957232f537f\crop80.jpg
sidset_52bf81b2d7f84101,crop80,sidset,real,0,0.9476104974746704,data\cache\clean\test\sidset_52bf81b2d7f84101\crop80.jpg
sidset_55ed6c0bbd54e07d,crop80,sidset,real,0,0.9389575123786926,data\cache\clean\test\sidset_55ed6c0bbd54e07d\crop80.jpg
sidset_5a165a26bf8ca4be,crop80,sidset,real,0,0.7912113666534424,data\cache\clean\test\sidset_5a165a26bf8ca4be\crop80.jpg
sidset_5ae51a789c118b75,crop80,sidset,real,0,0.9932472705841064,data\cache\clean\test\sidset_5ae51a789c118b75\crop80.jpg
sidset_5b291a7b5ae05cf0,crop80,sidset,real,0,0.5829786658287048,data\cache\clean\test\sidset_5b291a7b5ae05cf0\crop80.jpg
sidset_5b8f12b78d13bfcd,crop80,sidset,real,0,0.7701018452644348,data\cache\clean\test\sidset_5b8f12b78d13bfcd\crop80.jpg
sidset_5ba522a91162ae70,crop80,sidset,real,0,0.9966390132904053,data\cache\clean\test\sidset_5ba522a91162ae70\crop80.jpg
sidset_5d6c80bf53edd038,crop80,sidset,real,0,0.640028715133667,data\cache\clean\test\sidset_5d6c80bf53edd038\crop80.jpg
sidset_5fd49a9afbba9bd6,crop80,sidset,real,0,0.9764404892921448,data\cache\clean\test\sidset_5fd49a9afbba9bd6\crop80.jpg
sidset_615f67f3acd96d5c,crop80,sidset,real,0,0.9328994154930115,data\cache\clean\test\sidset_615f67f3acd96d5c\crop80.jpg
sidset_62d3110113ec4633,crop80,sidset,real,0,0.5263603925704956,data\cache\clean\test\sidset_62d3110113ec4633\crop80.jpg
sidset_656e08da323e3b5e,crop80,sidset,real,0,0.7344425320625305,data\cache\clean\test\sidset_656e08da323e3b5e\crop80.jpg
sidset_660fbbd053050f25,crop80,sidset,real,0,0.9598770141601562,data\cache\clean\test\sidset_660fbbd053050f25\crop80.jpg
sidset_67e679dca692a59d,crop80,sidset,real,0,0.9773045778274536,data\cache\clean\test\sidset_67e679dca692a59d\crop80.jpg
sidset_68f0479b7dde7700,crop80,sidset,real,0,0.5373749136924744,data\cache\clean\test\sidset_68f0479b7dde7700\crop80.jpg
sidset_69c93f68829cd211,crop80,sidset,real,0,0.671683132648468,data\cache\clean\test\sidset_69c93f68829cd211\crop80.jpg
sidset_6a9b88d93d860623,crop80,sidset,real,0,0.7720182538032532,data\cache\clean\test\sidset_6a9b88d93d860623\crop80.jpg
sidset_6ae976e8966ec975,crop80,sidset,real,0,0.7907989621162415,data\cache\clean\test\sidset_6ae976e8966ec975\crop80.jpg
sidset_6b7167d906f4ff1f,crop80,sidset,real,0,0.7371116280555725,data\cache\clean\test\sidset_6b7167d906f4ff1f\crop80.jpg
sidset_6bad0a1b36aae064,crop80,sidset,real,0,0.5885056853294373,data\cache\clean\test\sidset_6bad0a1b36aae064\crop80.jpg
sidset_6ca445fcf626607b,crop80,sidset,real,0,0.7167684435844421,data\cache\clean\test\sidset_6ca445fcf626607b\crop80.jpg
sidset_6cd755669fbaa2d8,crop80,sidset,real,0,0.5205267071723938,data\cache\clean\test\sidset_6cd755669fbaa2d8\crop80.jpg
sidset_6f3ce9ca0af3863c,crop80,sidset,real,0,0.6542076468467712,data\cache\clean\test\sidset_6f3ce9ca0af3863c\crop80.jpg
sidset_6fd040fe95578d90,crop80,sidset,real,0,0.8365378975868225,data\cache\clean\test\sidset_6fd040fe95578d90\crop80.jpg
sidset_796b6212cfecb3de,crop80,sidset,real,0,0.7872069478034973,data\cache\clean\test\sidset_796b6212cfecb3de\crop80.jpg
sidset_7974984b83c15934,crop80,sidset,real,0,0.5570107698440552,data\cache\clean\test\sidset_7974984b83c15934\crop80.jpg
sidset_7b02c62c42c0cc7f,crop80,sidset,real,0,0.8704015612602234,data\cache\clean\test\sidset_7b02c62c42c0cc7f\crop80.jpg
sidset_7d3102cbae765943,crop80,sidset,real,0,0.6094170212745667,data\cache\clean\test\sidset_7d3102cbae765943\crop80.jpg
sidset_7e06c24631cbe6ed,crop80,sidset,real,0,0.6774072647094727,data\cache\clean\test\sidset_7e06c24631cbe6ed\crop80.jpg
sidset_7f1ce0ac000e1d6c,crop80,sidset,real,0,0.8912375569343567,data\cache\clean\test\sidset_7f1ce0ac000e1d6c\crop80.jpg
sidset_832e43df048c6d1a,crop80,sidset,real,0,0.7136596441268921,data\cache\clean\test\sidset_832e43df048c6d1a\crop80.jpg
sidset_847120c126ba55f8,crop80,sidset,real,0,0.7078680396080017,data\cache\clean\test\sidset_847120c126ba55f8\crop80.jpg
sidset_85928afd9860bcb5,crop80,sidset,real,0,0.5830950736999512,data\cache\clean\test\sidset_85928afd9860bcb5\crop80.jpg
sidset_8865c586ab64c0f9,crop80,sidset,real,0,0.6921348571777344,data\cache\clean\test\sidset_8865c586ab64c0f9\crop80.jpg
sidset_8c3549f9f22a8f34,crop80,sidset,real,0,0.5686793327331543,data\cache\clean\test\sidset_8c3549f9f22a8f34\crop80.jpg
sidset_8d2495ea75218578,crop80,sidset,real,0,0.5290278792381287,data\cache\clean\test\sidset_8d2495ea75218578\crop80.jpg
sidset_8d98f1eeb3935d09,crop80,sidset,real,0,0.7200268507003784,data\cache\clean\test\sidset_8d98f1eeb3935d09\crop80.jpg
sidset_8dbf9399e1c82582,crop80,sidset,real,0,0.5497941374778748,data\cache\clean\test\sidset_8dbf9399e1c82582\crop80.jpg
sidset_918190e0dd7fc829,crop80,sidset,real,0,0.9979605674743652,data\cache\clean\test\sidset_918190e0dd7fc829\crop80.jpg
sidset_92e8228aca22327e,crop80,sidset,real,0,0.5595090985298157,data\cache\clean\test\sidset_92e8228aca22327e\crop80.jpg
sidset_966e65b2c761177f,crop80,sidset,real,0,0.6156237721443176,data\cache\clean\test\sidset_966e65b2c761177f\crop80.jpg
sidset_9811f04611ad082c,crop80,sidset,real,0,0.6880175471305847,data\cache\clean\test\sidset_9811f04611ad082c\crop80.jpg
sidset_9930f532d418d193,crop80,sidset,real,0,0.9339703917503357,data\cache\clean\test\sidset_9930f532d418d193\crop80.jpg
sidset_995429a562f1aed2,crop80,sidset,real,0,0.8864374756813049,data\cache\clean\test\sidset_995429a562f1aed2\crop80.jpg
sidset_9ad980e066bd4c5e,crop80,sidset,real,0,0.8494530320167542,data\cache\clean\test\sidset_9ad980e066bd4c5e\crop80.jpg
sidset_9e2a9b16ff46f867,crop80,sidset,real,0,0.9101043343544006,data\cache\clean\test\sidset_9e2a9b16ff46f867\crop80.jpg
sidset_9eee8350ba1b12f6,crop80,sidset,real,0,0.8615238666534424,data\cache\clean\test\sidset_9eee8350ba1b12f6\crop80.jpg
sidset_9fc6dd13d6dbf191,crop80,sidset,real,0,0.5536453723907471,data\cache\clean\test\sidset_9fc6dd13d6dbf191\crop80.jpg
sidset_a3032d75347e6fa2,crop80,sidset,real,0,0.9985951781272888,data\cache\clean\test\sidset_a3032d75347e6fa2\crop80.jpg
sidset_a4268c0135ca2c65,crop80,sidset,real,0,0.8375678658485413,data\cache\clean\test\sidset_a4268c0135ca2c65\crop80.jpg
sidset_a429805728e89e7d,crop80,sidset,real,0,0.9926814436912537,data\cache\clean\test\sidset_a429805728e89e7d\crop80.jpg
sidset_a8ad741ef85002f3,crop80,sidset,real,0,0.597645103931427,data\cache\clean\test\sidset_a8ad741ef85002f3\crop80.jpg
sidset_a95cb67561b0310c,crop80,sidset,real,0,0.6507614254951477,data\cache\clean\test\sidset_a95cb67561b0310c\crop80.jpg
sidset_ab083d732ae4236c,crop80,sidset,real,0,0.9043827652931213,data\cache\clean\test\sidset_ab083d732ae4236c\crop80.jpg
sidset_ab1441008986f237,crop80,sidset,real,0,0.5909935235977173,data\cache\clean\test\sidset_ab1441008986f237\crop80.jpg
sidset_ab4f5a8a2f533316,crop80,sidset,real,0,0.8346568942070007,data\cache\clean\test\sidset_ab4f5a8a2f533316\crop80.jpg
sidset_abb21498da6986f6,crop80,sidset,real,0,0.6899158358573914,data\cache\clean\test\sidset_abb21498da6986f6\crop80.jpg
sidset_ac00b8c2183a906b,crop80,sidset,real,0,0.7968077659606934,data\cache\clean\test\sidset_ac00b8c2183a906b\crop80.jpg
sidset_ac54ef2834f8bc74,crop80,sidset,real,0,0.5310149788856506,data\cache\clean\test\sidset_ac54ef2834f8bc74\crop80.jpg
sidset_addaecf6bdb9e66b,crop80,sidset,real,0,0.9917952418327332,data\cache\clean\test\sidset_addaecf6bdb9e66b\crop80.jpg
sidset_b230de6baca8d392,crop80,sidset,real,0,0.7931039333343506,data\cache\clean\test\sidset_b230de6baca8d392\crop80.jpg
sidset_b476dc9881140333,crop80,sidset,real,0,0.5538107752799988,data\cache\clean\test\sidset_b476dc9881140333\crop80.jpg
sidset_b6d4573c9d24dcf3,crop80,sidset,real,0,0.6524920463562012,data\cache\clean\test\sidset_b6d4573c9d24dcf3\crop80.jpg
sidset_b8d2d5fcb72a3a65,crop80,sidset,real,0,0.536787211894989,data\cache\clean\test\sidset_b8d2d5fcb72a3a65\crop80.jpg
sidset_bc280ffeb57ce51b,crop80,sidset,real,0,0.8133047819137573,data\cache\clean\test\sidset_bc280ffeb57ce51b\crop80.jpg
sidset_bc70b06f0d603efd,crop80,sidset,real,0,0.9999375343322754,data\cache\clean\test\sidset_bc70b06f0d603efd\crop80.jpg
sidset_bddc30edb2816122,crop80,sidset,real,0,0.792218029499054,data\cache\clean\test\sidset_bddc30edb2816122\crop80.jpg
sidset_c104d5a827c3dc84,crop80,sidset,real,0,0.7166893482208252,data\cache\clean\test\sidset_c104d5a827c3dc84\crop80.jpg
sidset_c3c41d4a18529a16,crop80,sidset,real,0,0.944782018661499,data\cache\clean\test\sidset_c3c41d4a18529a16\crop80.jpg
sidset_c5f4e20e7d2e391c,crop80,sidset,real,0,0.559090793132782,data\cache\clean\test\sidset_c5f4e20e7d2e391c\crop80.jpg
sidset_cac550631e35c126,crop80,sidset,real,0,0.6114572286605835,data\cache\clean\test\sidset_cac550631e35c126\crop80.jpg
sidset_cb68a83278e88b9d,crop80,sidset,real,0,0.7816789746284485,data\cache\clean\test\sidset_cb68a83278e88b9d\crop80.jpg
sidset_cd120c52d3b96cca,crop80,sidset,real,0,0.5737385153770447,data\cache\clean\test\sidset_cd120c52d3b96cca\crop80.jpg
sidset_ce09a25a50fdfe47,crop80,sidset,real,0,0.8903628587722778,data\cache\clean\test\sidset_ce09a25a50fdfe47\crop80.jpg
sidset_d1bccd9512c32cdc,crop80,sidset,real,0,0.630328893661499,data\cache\clean\test\sidset_d1bccd9512c32cdc\crop80.jpg
sidset_d329e205592108ff,crop80,sidset,real,0,0.6582428216934204,data\cache\clean\test\sidset_d329e205592108ff\crop80.jpg
sidset_d482661389f951ac,crop80,sidset,real,0,0.764255702495575,data\cache\clean\test\sidset_d482661389f951ac\crop80.jpg
sidset_daf8f9663303b028,crop80,sidset,real,0,0.6078674793243408,data\cache\clean\test\sidset_daf8f9663303b028\crop80.jpg
sidset_dd7f306351f863e7,crop80,sidset,real,0,0.5341985821723938,data\cache\clean\test\sidset_dd7f306351f863e7\crop80.jpg
sidset_de70683f29b664e9,crop80,sidset,real,0,0.5991706252098083,data\cache\clean\test\sidset_de70683f29b664e9\crop80.jpg
sidset_df089363fbc3dff5,crop80,sidset,real,0,0.9665204882621765,data\cache\clean\test\sidset_df089363fbc3dff5\crop80.jpg
sidset_e14e3989daa0bebd,crop80,sidset,real,0,0.6225796937942505,data\cache\clean\test\sidset_e14e3989daa0bebd\crop80.jpg
sidset_e19c80d7ff2e201b,crop80,sidset,real,0,0.6571632027626038,data\cache\clean\test\sidset_e19c80d7ff2e201b\crop80.jpg
sidset_e1a5cac65504c6d6,crop80,sidset,real,0,0.9659184813499451,data\cache\clean\test\sidset_e1a5cac65504c6d6\crop80.jpg
sidset_e20f8df5bc8ae19c,crop80,sidset,real,0,0.8321790099143982,data\cache\clean\test\sidset_e20f8df5bc8ae19c\crop80.jpg
sidset_e67f5961f8d7c753,crop80,sidset,real,0,0.9657501578330994,data\cache\clean\test\sidset_e67f5961f8d7c753\crop80.jpg
sidset_e7250acece7d41f5,crop80,sidset,real,0,0.9127662181854248,data\cache\clean\test\sidset_e7250acece7d41f5\crop80.jpg
sidset_ec0193adf7d72f96,crop80,sidset,real,0,0.6722424030303955,data\cache\clean\test\sidset_ec0193adf7d72f96\crop80.jpg
sidset_ef3f636bfc78f3a5,crop80,sidset,real,0,0.7199675440788269,data\cache\clean\test\sidset_ef3f636bfc78f3a5\crop80.jpg
sidset_f1dcc7d3f0ff18ab,crop80,sidset,real,0,0.6771896481513977,data\cache\clean\test\sidset_f1dcc7d3f0ff18ab\crop80.jpg
sidset_f20a6b1e60fc7de3,crop80,sidset,real,0,0.6778035163879395,data\cache\clean\test\sidset_f20a6b1e60fc7de3\crop80.jpg
sidset_f250696304a3be0e,crop80,sidset,real,0,0.8365070223808289,data\cache\clean\test\sidset_f250696304a3be0e\crop80.jpg
sidset_f5044c17014681a8,crop80,sidset,real,0,0.8627466559410095,data\cache\clean\test\sidset_f5044c17014681a8\crop80.jpg
sidset_fac95db1f3df9775,crop80,sidset,real,0,0.9943944215774536,data\cache\clean\test\sidset_fac95db1f3df9775\crop80.jpg
sidset_fb820a8756e04447,crop80,sidset,real,0,0.6112892031669617,data\cache\clean\test\sidset_fb820a8756e04447\crop80.jpg
sidset_ffb6be41271c5645,crop80,sidset,real,0,0.9911148548126221,data\cache\clean\test\sidset_ffb6be41271c5645\crop80.jpg
cifake_0085,jpeg_q30,cifake,real,0,0.9466169476509094,data\cache\clean\test\cifake_0085\jpeg_q30.jpg
cifake_0089 (3),jpeg_q30,cifake,real,0,0.9025987386703491,data\cache\clean\test\cifake_0089 (3)\jpeg_q30.jpg
cifake_0343 (6),jpeg_q30,cifake,real,0,0.9616640210151672,data\cache\clean\test\cifake_0343 (6)\jpeg_q30.jpg
cifake_0509 (3),jpeg_q30,cifake,real,0,0.5186740756034851,data\cache\clean\test\cifake_0509 (3)\jpeg_q30.jpg
cifake_0567,jpeg_q30,cifake,real,0,0.5500116944313049,data\cache\clean\test\cifake_0567\jpeg_q30.jpg
cifake_0618 (3),jpeg_q30,cifake,real,0,0.8123787045478821,data\cache\clean\test\cifake_0618 (3)\jpeg_q30.jpg
cifake_0793,jpeg_q30,cifake,real,0,0.9774262309074402,data\cache\clean\test\cifake_0793\jpeg_q30.jpg
cifake_0967 (9),jpeg_q30,cifake,real,0,0.8390929102897644,data\cache\clean\test\cifake_0967 (9)\jpeg_q30.jpg
cifake_1139,jpeg_q30,cifake,real,0,0.9356087446212769,data\cache\clean\test\cifake_1139\jpeg_q30.jpg
cifake_2122,jpeg_q30,cifake,real,0,0.9933057427406311,data\cache\clean\test\cifake_2122\jpeg_q30.jpg
cifake_2547,jpeg_q30,cifake,real,0,0.9147270917892456,data\cache\clean\test\cifake_2547\jpeg_q30.jpg
cifake_2660,jpeg_q30,cifake,real,0,0.9819027185440063,data\cache\clean\test\cifake_2660\jpeg_q30.jpg
cifake_2784 (7),jpeg_q30,cifake,real,0,0.6428093314170837,data\cache\clean\test\cifake_2784 (7)\jpeg_q30.jpg
cifake_2874 (4),jpeg_q30,cifake,real,0,0.7819826006889343,data\cache\clean\test\cifake_2874 (4)\jpeg_q30.jpg
cifake_3029 (8),jpeg_q30,cifake,real,0,0.5479962825775146,data\cache\clean\test\cifake_3029 (8)\jpeg_q30.jpg
cifake_3872,jpeg_q30,cifake,real,0,0.7037545442581177,data\cache\clean\test\cifake_3872\jpeg_q30.jpg
cifake_3891 (3),jpeg_q30,cifake,real,0,0.5002796649932861,data\cache\clean\test\cifake_3891 (3)\jpeg_q30.jpg
cifake_4369,jpeg_q30,cifake,real,0,0.6532915830612183,data\cache\clean\test\cifake_4369\jpeg_q30.jpg
cifake_4609 (2),jpeg_q30,cifake,real,0,0.8436965942382812,data\cache\clean\test\cifake_4609 (2)\jpeg_q30.jpg
cifake_4660 (5),jpeg_q30,cifake,real,0,0.8043099641799927,data\cache\clean\test\cifake_4660 (5)\jpeg_q30.jpg
cifake_4673 (5),jpeg_q30,cifake,real,0,0.8958132266998291,data\cache\clean\test\cifake_4673 (5)\jpeg_q30.jpg
sidset_02eb47f790cba404,jpeg_q30,sidset,real,0,0.5750370621681213,data\cache\clean\test\sidset_02eb47f790cba404\jpeg_q30.jpg
sidset_036df955965cb2f9,jpeg_q30,sidset,real,0,0.8133947253227234,data\cache\clean\test\sidset_036df955965cb2f9\jpeg_q30.jpg
sidset_038789965a8f7606,jpeg_q30,sidset,real,0,0.5479917526245117,data\cache\clean\test\sidset_038789965a8f7606\jpeg_q30.jpg
sidset_04dca235b99ad328,jpeg_q30,sidset,real,0,0.7460193037986755,data\cache\clean\test\sidset_04dca235b99ad328\jpeg_q30.jpg
sidset_04f2ca3f7633822b,jpeg_q30,sidset,real,0,0.5675432085990906,data\cache\clean\test\sidset_04f2ca3f7633822b\jpeg_q30.jpg
sidset_0633fbd766934905,jpeg_q30,sidset,real,0,0.7479661703109741,data\cache\clean\test\sidset_0633fbd766934905\jpeg_q30.jpg
sidset_06a174d85dcdf2ba,jpeg_q30,sidset,real,0,0.584659218788147,data\cache\clean\test\sidset_06a174d85dcdf2ba\jpeg_q30.jpg
sidset_0819e112dbbe3cb8,jpeg_q30,sidset,real,0,0.6090219020843506,data\cache\clean\test\sidset_0819e112dbbe3cb8\jpeg_q30.jpg
sidset_09f7329f0c1c9fd4,jpeg_q30,sidset,real,0,0.5788034200668335,data\cache\clean\test\sidset_09f7329f0c1c9fd4\jpeg_q30.jpg
sidset_0f8102c25fc764ea,jpeg_q30,sidset,real,0,0.7605794072151184,data\cache\clean\test\sidset_0f8102c25fc764ea\jpeg_q30.jpg
sidset_10074342a36207e9,jpeg_q30,sidset,real,0,0.6499161124229431,data\cache\clean\test\sidset_10074342a36207e9\jpeg_q30.jpg
sidset_104ed9aacca56685,jpeg_q30,sidset,real,0,0.6156673431396484,data\cache\clean\test\sidset_104ed9aacca56685\jpeg_q30.jpg
sidset_14312756c1c94efa,jpeg_q30,sidset,real,0,0.626573920249939,data\cache\clean\test\sidset_14312756c1c94efa\jpeg_q30.jpg
sidset_165e94520f73e349,jpeg_q30,sidset,real,0,0.8716204762458801,data\cache\clean\test\sidset_165e94520f73e349\jpeg_q30.jpg
sidset_1cae0a8c943c87f1,jpeg_q30,sidset,real,0,0.5707634091377258,data\cache\clean\test\sidset_1cae0a8c943c87f1\jpeg_q30.jpg
sidset_1d24e17c0f598d7a,jpeg_q30,sidset,real,0,0.7663977146148682,data\cache\clean\test\sidset_1d24e17c0f598d7a\jpeg_q30.jpg
sidset_1d49d26ca0273da6,jpeg_q30,sidset,real,0,0.9694250822067261,data\cache\clean\test\sidset_1d49d26ca0273da6\jpeg_q30.jpg
sidset_206468f74dab4d45,jpeg_q30,sidset,real,0,0.5579044818878174,data\cache\clean\test\sidset_206468f74dab4d45\jpeg_q30.jpg
sidset_22b07f2ffcaf319c,jpeg_q30,sidset,real,0,0.8093247413635254,data\cache\clean\test\sidset_22b07f2ffcaf319c\jpeg_q30.jpg
sidset_230a893e83782a7f,jpeg_q30,sidset,real,0,0.7257111072540283,data\cache\clean\test\sidset_230a893e83782a7f\jpeg_q30.jpg
sidset_240eaccddb6506ef,jpeg_q30,sidset,real,0,0.6561787128448486,data\cache\clean\test\sidset_240eaccddb6506ef\jpeg_q30.jpg
sidset_247241c5aa1f3f9c,jpeg_q30,sidset,real,0,0.6046884059906006,data\cache\clean\test\sidset_247241c5aa1f3f9c\jpeg_q30.jpg
sidset_2905198a806667f8,jpeg_q30,sidset,real,0,0.5056210160255432,data\cache\clean\test\sidset_2905198a806667f8\jpeg_q30.jpg
sidset_2a8fb1de6042f419,jpeg_q30,sidset,real,0,0.8468450307846069,data\cache\clean\test\sidset_2a8fb1de6042f419\jpeg_q30.jpg
sidset_2c7cd831752d6b09,jpeg_q30,sidset,real,0,0.8967448472976685,data\cache\clean\test\sidset_2c7cd831752d6b09\jpeg_q30.jpg
sidset_2da45bb6ecb94767,jpeg_q30,sidset,real,0,0.9131426811218262,data\cache\clean\test\sidset_2da45bb6ecb94767\jpeg_q30.jpg
sidset_326f495eb261b65e,jpeg_q30,sidset,real,0,0.6039212346076965,data\cache\clean\test\sidset_326f495eb261b65e\jpeg_q30.jpg
sidset_3366fe07253694af,jpeg_q30,sidset,real,0,0.564471423625946,data\cache\clean\test\sidset_3366fe07253694af\jpeg_q30.jpg
sidset_3413efa4fc47b5ac,jpeg_q30,sidset,real,0,0.7198249101638794,data\cache\clean\test\sidset_3413efa4fc47b5ac\jpeg_q30.jpg
sidset_351df796b93ed2b5,jpeg_q30,sidset,real,0,0.7538247108459473,data\cache\clean\test\sidset_351df796b93ed2b5\jpeg_q30.jpg
sidset_3beca4d6152a4aa5,jpeg_q30,sidset,real,0,0.7014976143836975,data\cache\clean\test\sidset_3beca4d6152a4aa5\jpeg_q30.jpg
sidset_3fbc4c1574ef987d,jpeg_q30,sidset,real,0,0.7506226897239685,data\cache\clean\test\sidset_3fbc4c1574ef987d\jpeg_q30.jpg
sidset_40d5448c128a6537,jpeg_q30,sidset,real,0,0.7682494521141052,data\cache\clean\test\sidset_40d5448c128a6537\jpeg_q30.jpg
sidset_41fb52633e2258f5,jpeg_q30,sidset,real,0,0.8317729234695435,data\cache\clean\test\sidset_41fb52633e2258f5\jpeg_q30.jpg
sidset_41fcb89ff22ef83c,jpeg_q30,sidset,real,0,0.5486539006233215,data\cache\clean\test\sidset_41fcb89ff22ef83c\jpeg_q30.jpg
sidset_43a8a67edf9acde1,jpeg_q30,sidset,real,0,0.7312528491020203,data\cache\clean\test\sidset_43a8a67edf9acde1\jpeg_q30.jpg
sidset_4566671bd4a332e8,jpeg_q30,sidset,real,0,0.9781549572944641,data\cache\clean\test\sidset_4566671bd4a332e8\jpeg_q30.jpg
sidset_45a6cb8b20ae57d2,jpeg_q30,sidset,real,0,0.8274200558662415,data\cache\clean\test\sidset_45a6cb8b20ae57d2\jpeg_q30.jpg
sidset_47927d08b0f027e7,jpeg_q30,sidset,real,0,0.9682410359382629,data\cache\clean\test\sidset_47927d08b0f027e7\jpeg_q30.jpg
sidset_4ac34f7de95d2879,jpeg_q30,sidset,real,0,0.630591094493866,data\cache\clean\test\sidset_4ac34f7de95d2879\jpeg_q30.jpg
sidset_4c361533bba3cc71,jpeg_q30,sidset,real,0,0.9750915169715881,data\cache\clean\test\sidset_4c361533bba3cc71\jpeg_q30.jpg
sidset_4dd2dda240e479c1,jpeg_q30,sidset,real,0,0.690298318862915,data\cache\clean\test\sidset_4dd2dda240e479c1\jpeg_q30.jpg
sidset_4e4b9b1d6e8b2aca,jpeg_q30,sidset,real,0,0.7215640544891357,data\cache\clean\test\sidset_4e4b9b1d6e8b2aca\jpeg_q30.jpg
sidset_4eb96685f68dd199,jpeg_q30,sidset,real,0,0.5333818793296814,data\cache\clean\test\sidset_4eb96685f68dd199\jpeg_q30.jpg
sidset_50431dd2e2a3818e,jpeg_q30,sidset,real,0,0.62563157081604,data\cache\clean\test\sidset_50431dd2e2a3818e\jpeg_q30.jpg
sidset_52bf81b2d7f84101,jpeg_q30,sidset,real,0,0.6647211313247681,data\cache\clean\test\sidset_52bf81b2d7f84101\jpeg_q30.jpg
sidset_55ed6c0bbd54e07d,jpeg_q30,sidset,real,0,0.9886793494224548,data\cache\clean\test\sidset_55ed6c0bbd54e07d\jpeg_q30.jpg
sidset_59e78921fe0be3d3,jpeg_q30,sidset,real,0,0.7742761969566345,data\cache\clean\test\sidset_59e78921fe0be3d3\jpeg_q30.jpg
sidset_5a165a26bf8ca4be,jpeg_q30,sidset,real,0,0.9713307023048401,data\cache\clean\test\sidset_5a165a26bf8ca4be\jpeg_q30.jpg
sidset_5a412afd55fe92ef,jpeg_q30,sidset,real,0,0.5072386860847473,data\cache\clean\test\sidset_5a412afd55fe92ef\jpeg_q30.jpg
sidset_5b8f12b78d13bfcd,jpeg_q30,sidset,real,0,0.9392098188400269,data\cache\clean\test\sidset_5b8f12b78d13bfcd\jpeg_q30.jpg
sidset_5ba522a91162ae70,jpeg_q30,sidset,real,0,0.995083212852478,data\cache\clean\test\sidset_5ba522a91162ae70\jpeg_q30.jpg
sidset_5d6c80bf53edd038,jpeg_q30,sidset,real,0,0.6082093119621277,data\cache\clean\test\sidset_5d6c80bf53edd038\jpeg_q30.jpg
sidset_5ef91be22279b946,jpeg_q30,sidset,real,0,0.5714311599731445,data\cache\clean\test\sidset_5ef91be22279b946\jpeg_q30.jpg
sidset_5fd49a9afbba9bd6,jpeg_q30,sidset,real,0,0.9868371486663818,data\cache\clean\test\sidset_5fd49a9afbba9bd6\jpeg_q30.jpg
sidset_615f67f3acd96d5c,jpeg_q30,sidset,real,0,0.9254493713378906,data\cache\clean\test\sidset_615f67f3acd96d5c\jpeg_q30.jpg
sidset_61788db65ec08fe7,jpeg_q30,sidset,real,0,0.6356860399246216,data\cache\clean\test\sidset_61788db65ec08fe7\jpeg_q30.jpg
sidset_62d3110113ec4633,jpeg_q30,sidset,real,0,0.9839203953742981,data\cache\clean\test\sidset_62d3110113ec4633\jpeg_q30.jpg
sidset_6431b1bc822a7f18,jpeg_q30,sidset,real,0,0.5114327073097229,data\cache\clean\test\sidset_6431b1bc822a7f18\jpeg_q30.jpg
sidset_656e08da323e3b5e,jpeg_q30,sidset,real,0,0.5185254216194153,data\cache\clean\test\sidset_656e08da323e3b5e\jpeg_q30.jpg
sidset_65d4916b9f3f47ba,jpeg_q30,sidset,real,0,0.6335189342498779,data\cache\clean\test\sidset_65d4916b9f3f47ba\jpeg_q30.jpg
sidset_660fbbd053050f25,jpeg_q30,sidset,real,0,0.8741278648376465,data\cache\clean\test\sidset_660fbbd053050f25\jpeg_q30.jpg
sidset_67e679dca692a59d,jpeg_q30,sidset,real,0,0.9905723929405212,data\cache\clean\test\sidset_67e679dca692a59d\jpeg_q30.jpg
sidset_68f0479b7dde7700,jpeg_q30,sidset,real,0,0.6611346006393433,data\cache\clean\test\sidset_68f0479b7dde7700\jpeg_q30.jpg
sidset_6ae976e8966ec975,jpeg_q30,sidset,real,0,0.6911445260047913,data\cache\clean\test\sidset_6ae976e8966ec975\jpeg_q30.jpg
sidset_6b7167d906f4ff1f,jpeg_q30,sidset,real,0,0.7928737998008728,data\cache\clean\test\sidset_6b7167d906f4ff1f\jpeg_q30.jpg
sidset_6bad0a1b36aae064,jpeg_q30,sidset,real,0,0.5938945412635803,data\cache\clean\test\sidset_6bad0a1b36aae064\jpeg_q30.jpg
sidset_6ca445fcf626607b,jpeg_q30,sidset,real,0,0.6364161968231201,data\cache\clean\test\sidset_6ca445fcf626607b\jpeg_q30.jpg
sidset_6f3ce9ca0af3863c,jpeg_q30,sidset,real,0,0.5455809235572815,data\cache\clean\test\sidset_6f3ce9ca0af3863c\jpeg_q30.jpg
sidset_6fd040fe95578d90,jpeg_q30,sidset,real,0,0.760862410068512,data\cache\clean\test\sidset_6fd040fe95578d90\jpeg_q30.jpg
sidset_759a21da57c25774,jpeg_q30,sidset,real,0,0.9862263798713684,data\cache\clean\test\sidset_759a21da57c25774\jpeg_q30.jpg
sidset_796b6212cfecb3de,jpeg_q30,sidset,real,0,0.7378279566764832,data\cache\clean\test\sidset_796b6212cfecb3de\jpeg_q30.jpg
sidset_7974984b83c15934,jpeg_q30,sidset,real,0,0.5009139180183411,data\cache\clean\test\sidset_7974984b83c15934\jpeg_q30.jpg
sidset_7b02c62c42c0cc7f,jpeg_q30,sidset,real,0,0.5930631756782532,data\cache\clean\test\sidset_7b02c62c42c0cc7f\jpeg_q30.jpg
sidset_7d3102cbae765943,jpeg_q30,sidset,real,0,0.5725151896476746,data\cache\clean\test\sidset_7d3102cbae765943\jpeg_q30.jpg
sidset_7f1ce0ac000e1d6c,jpeg_q30,sidset,real,0,0.6976577043533325,data\cache\clean\test\sidset_7f1ce0ac000e1d6c\jpeg_q30.jpg
sidset_832e43df048c6d1a,jpeg_q30,sidset,real,0,0.5756927728652954,data\cache\clean\test\sidset_832e43df048c6d1a\jpeg_q30.jpg
sidset_847120c126ba55f8,jpeg_q30,sidset,real,0,0.5242370367050171,data\cache\clean\test\sidset_847120c126ba55f8\jpeg_q30.jpg
sidset_85928afd9860bcb5,jpeg_q30,sidset,real,0,0.5656993389129639,data\cache\clean\test\sidset_85928afd9860bcb5\jpeg_q30.jpg
sidset_8c3549f9f22a8f34,jpeg_q30,sidset,real,0,0.7678931951522827,data\cache\clean\test\sidset_8c3549f9f22a8f34\jpeg_q30.jpg
sidset_8d98f1eeb3935d09,jpeg_q30,sidset,real,0,0.6713261008262634,data\cache\clean\test\sidset_8d98f1eeb3935d09\jpeg_q30.jpg
sidset_918190e0dd7fc829,jpeg_q30,sidset,real,0,0.9990630745887756,data\cache\clean\test\sidset_918190e0dd7fc829\jpeg_q30.jpg
sidset_9548acaeca2f5124,jpeg_q30,sidset,real,0,0.5383328795433044,data\cache\clean\test\sidset_9548acaeca2f5124\jpeg_q30.jpg
sidset_981012b937df03d0,jpeg_q30,sidset,real,0,0.5831546783447266,data\cache\clean\test\sidset_981012b937df03d0\jpeg_q30.jpg
sidset_9811f04611ad082c,jpeg_q30,sidset,real,0,0.6783035397529602,data\cache\clean\test\sidset_9811f04611ad082c\jpeg_q30.jpg
sidset_9930f532d418d193,jpeg_q30,sidset,real,0,0.77720046043396,data\cache\clean\test\sidset_9930f532d418d193\jpeg_q30.jpg
sidset_9e2a9b16ff46f867,jpeg_q30,sidset,real,0,0.9386410713195801,data\cache\clean\test\sidset_9e2a9b16ff46f867\jpeg_q30.jpg
sidset_9eee8350ba1b12f6,jpeg_q30,sidset,real,0,0.6469368934631348,data\cache\clean\test\sidset_9eee8350ba1b12f6\jpeg_q30.jpg
sidset_a3032d75347e6fa2,jpeg_q30,sidset,real,0,0.9830037355422974,data\cache\clean\test\sidset_a3032d75347e6fa2\jpeg_q30.jpg
sidset_a4268c0135ca2c65,jpeg_q30,sidset,real,0,0.9872138500213623,data\cache\clean\test\sidset_a4268c0135ca2c65\jpeg_q30.jpg
sidset_a429805728e89e7d,jpeg_q30,sidset,real,0,0.9681712985038757,data\cache\clean\test\sidset_a429805728e89e7d\jpeg_q30.jpg
sidset_a8ad741ef85002f3,jpeg_q30,sidset,real,0,0.8200331926345825,data\cache\clean\test\sidset_a8ad741ef85002f3\jpeg_q30.jpg
sidset_ab083d732ae4236c,jpeg_q30,sidset,real,0,0.6011791825294495,data\cache\clean\test\sidset_ab083d732ae4236c\jpeg_q30.jpg
sidset_ab4f5a8a2f533316,jpeg_q30,sidset,real,0,0.7314059734344482,data\cache\clean\test\sidset_ab4f5a8a2f533316\jpeg_q30.jpg
sidset_ac54ef2834f8bc74,jpeg_q30,sidset,real,0,0.5305003523826599,data\cache\clean\test\sidset_ac54ef2834f8bc74\jpeg_q30.jpg
sidset_addaecf6bdb9e66b,jpeg_q30,sidset,real,0,0.9945927262306213,data\cache\clean\test\sidset_addaecf6bdb9e66b\jpeg_q30.jpg
sidset_af41e2b6da3e7e02,jpeg_q30,sidset,real,0,0.7246164083480835,data\cache\clean\test\sidset_af41e2b6da3e7e02\jpeg_q30.jpg
sidset_b230de6baca8d392,jpeg_q30,sidset,real,0,0.9121807217597961,data\cache\clean\test\sidset_b230de6baca8d392\jpeg_q30.jpg
sidset_b476dc9881140333,jpeg_q30,sidset,real,0,0.6077048182487488,data\cache\clean\test\sidset_b476dc9881140333\jpeg_q30.jpg
sidset_b7e2bd65518fb887,jpeg_q30,sidset,real,0,0.5574716925621033,data\cache\clean\test\sidset_b7e2bd65518fb887\jpeg_q30.jpg
sidset_bc70b06f0d603efd,jpeg_q30,sidset,real,0,0.9990593791007996,data\cache\clean\test\sidset_bc70b06f0d603efd\jpeg_q30.jpg
sidset_bddc30edb2816122,jpeg_q30,sidset,real,0,0.8044480681419373,data\cache\clean\test\sidset_bddc30edb2816122\jpeg_q30.jpg
sidset_be1daffd2d21411d,jpeg_q30,sidset,real,0,0.7091494798660278,data\cache\clean\test\sidset_be1daffd2d21411d\jpeg_q30.jpg
sidset_c104d5a827c3dc84,jpeg_q30,sidset,real,0,0.9401996731758118,data\cache\clean\test\sidset_c104d5a827c3dc84\jpeg_q30.jpg
sidset_c3c41d4a18529a16,jpeg_q30,sidset,real,0,0.5416299700737,data\cache\clean\test\sidset_c3c41d4a18529a16\jpeg_q30.jpg
sidset_c5a378b0ea24d25e,jpeg_q30,sidset,real,0,0.8740391135215759,data\cache\clean\test\sidset_c5a378b0ea24d25e\jpeg_q30.jpg
sidset_c7d3774f16039f96,jpeg_q30,sidset,real,0,0.8981560468673706,data\cache\clean\test\sidset_c7d3774f16039f96\jpeg_q30.jpg
sidset_cb68a83278e88b9d,jpeg_q30,sidset,real,0,0.6990308165550232,data\cache\clean\test\sidset_cb68a83278e88b9d\jpeg_q30.jpg
sidset_ce09a25a50fdfe47,jpeg_q30,sidset,real,0,0.9541130661964417,data\cache\clean\test\sidset_ce09a25a50fdfe47\jpeg_q30.jpg
sidset_cfa694ce3bb2538c,jpeg_q30,sidset,real,0,0.5921311378479004,data\cache\clean\test\sidset_cfa694ce3bb2538c\jpeg_q30.jpg
sidset_d177df42ac3e071e,jpeg_q30,sidset,real,0,0.7554752230644226,data\cache\clean\test\sidset_d177df42ac3e071e\jpeg_q30.jpg
sidset_d1bccd9512c32cdc,jpeg_q30,sidset,real,0,0.5469565987586975,data\cache\clean\test\sidset_d1bccd9512c32cdc\jpeg_q30.jpg
sidset_d3d78752fef3f3c4,jpeg_q30,sidset,real,0,0.7083693742752075,data\cache\clean\test\sidset_d3d78752fef3f3c4\jpeg_q30.jpg
sidset_d482661389f951ac,jpeg_q30,sidset,real,0,0.7998964786529541,data\cache\clean\test\sidset_d482661389f951ac\jpeg_q30.jpg
sidset_d7c9ba7b7774dcd9,jpeg_q30,sidset,real,0,0.5324308276176453,data\cache\clean\test\sidset_d7c9ba7b7774dcd9\jpeg_q30.jpg
sidset_dcc4eb3a61fc711a,jpeg_q30,sidset,real,0,0.8333181738853455,data\cache\clean\test\sidset_dcc4eb3a61fc711a\jpeg_q30.jpg
sidset_df089363fbc3dff5,jpeg_q30,sidset,real,0,0.5132575631141663,data\cache\clean\test\sidset_df089363fbc3dff5\jpeg_q30.jpg
sidset_e14e3989daa0bebd,jpeg_q30,sidset,real,0,0.8626465797424316,data\cache\clean\test\sidset_e14e3989daa0bebd\jpeg_q30.jpg
sidset_e19c80d7ff2e201b,jpeg_q30,sidset,real,0,0.8378005027770996,data\cache\clean\test\sidset_e19c80d7ff2e201b\jpeg_q30.jpg
sidset_e1a5cac65504c6d6,jpeg_q30,sidset,real,0,0.5724664330482483,data\cache\clean\test\sidset_e1a5cac65504c6d6\jpeg_q30.jpg
sidset_e35ca53982ee8372,jpeg_q30,sidset,real,0,0.8899664282798767,data\cache\clean\test\sidset_e35ca53982ee8372\jpeg_q30.jpg
sidset_e67f5961f8d7c753,jpeg_q30,sidset,real,0,0.5837017893791199,data\cache\clean\test\sidset_e67f5961f8d7c753\jpeg_q30.jpg
sidset_e7250acece7d41f5,jpeg_q30,sidset,real,0,0.9280251860618591,data\cache\clean\test\sidset_e7250acece7d41f5\jpeg_q30.jpg
sidset_e75efd006759f4d0,jpeg_q30,sidset,real,0,0.5634977221488953,data\cache\clean\test\sidset_e75efd006759f4d0\jpeg_q30.jpg
sidset_e83254d4c55675a6,jpeg_q30,sidset,real,0,0.603408694267273,data\cache\clean\test\sidset_e83254d4c55675a6\jpeg_q30.jpg
sidset_ec0193adf7d72f96,jpeg_q30,sidset,real,0,0.6810363531112671,data\cache\clean\test\sidset_ec0193adf7d72f96\jpeg_q30.jpg
sidset_ee10cfddcd14bfe8,jpeg_q30,sidset,real,0,0.6800635457038879,data\cache\clean\test\sidset_ee10cfddcd14bfe8\jpeg_q30.jpg
sidset_ef3f636bfc78f3a5,jpeg_q30,sidset,real,0,0.5866383910179138,data\cache\clean\test\sidset_ef3f636bfc78f3a5\jpeg_q30.jpg
sidset_f250696304a3be0e,jpeg_q30,sidset,real,0,0.5492455959320068,data\cache\clean\test\sidset_f250696304a3be0e\jpeg_q30.jpg
sidset_f2be8bd472d53987,jpeg_q30,sidset,real,0,0.7317566275596619,data\cache\clean\test\sidset_f2be8bd472d53987\jpeg_q30.jpg
sidset_f5044c17014681a8,jpeg_q30,sidset,real,0,0.5383334755897522,data\cache\clean\test\sidset_f5044c17014681a8\jpeg_q30.jpg
sidset_fac95db1f3df9775,jpeg_q30,sidset,real,0,0.9844979643821716,data\cache\clean\test\sidset_fac95db1f3df9775\jpeg_q30.jpg
sidset_ffb6be41271c5645,jpeg_q30,sidset,real,0,0.9556198716163635,data\cache\clean\test\sidset_ffb6be41271c5645\jpeg_q30.jpg
cifake_0085,jpeg_q50,cifake,real,0,0.9763434529304504,data\cache\clean\test\cifake_0085\jpeg_q50.jpg
cifake_0089 (3),jpeg_q50,cifake,real,0,0.8695041537284851,data\cache\clean\test\cifake_0089 (3)\jpeg_q50.jpg
cifake_0235,jpeg_q50,cifake,real,0,0.8566094040870667,data\cache\clean\test\cifake_0235\jpeg_q50.jpg
cifake_0343 (6),jpeg_q50,cifake,real,0,0.9617005586624146,data\cache\clean\test\cifake_0343 (6)\jpeg_q50.jpg
cifake_0567,jpeg_q50,cifake,real,0,0.6200641393661499,data\cache\clean\test\cifake_0567\jpeg_q50.jpg
cifake_0793,jpeg_q50,cifake,real,0,0.9789081811904907,data\cache\clean\test\cifake_0793\jpeg_q50.jpg
cifake_0967 (9),jpeg_q50,cifake,real,0,0.8689903616905212,data\cache\clean\test\cifake_0967 (9)\jpeg_q50.jpg
cifake_1139,jpeg_q50,cifake,real,0,0.7954868674278259,data\cache\clean\test\cifake_1139\jpeg_q50.jpg
cifake_1311,jpeg_q50,cifake,real,0,0.5941070318222046,data\cache\clean\test\cifake_1311\jpeg_q50.jpg
cifake_1331 (2),jpeg_q50,cifake,real,0,0.6024860739707947,data\cache\clean\test\cifake_1331 (2)\jpeg_q50.jpg
cifake_2094 (3),jpeg_q50,cifake,real,0,0.5260972380638123,data\cache\clean\test\cifake_2094 (3)\jpeg_q50.jpg
cifake_2122,jpeg_q50,cifake,real,0,0.995122492313385,data\cache\clean\test\cifake_2122\jpeg_q50.jpg
cifake_2500 (3),jpeg_q50,cifake,real,0,0.5637656450271606,data\cache\clean\test\cifake_2500 (3)\jpeg_q50.jpg
cifake_2547,jpeg_q50,cifake,real,0,0.9297025799751282,data\cache\clean\test\cifake_2547\jpeg_q50.jpg
cifake_2660,jpeg_q50,cifake,real,0,0.9844196438789368,data\cache\clean\test\cifake_2660\jpeg_q50.jpg
cifake_2874 (4),jpeg_q50,cifake,real,0,0.9127055406570435,data\cache\clean\test\cifake_2874 (4)\jpeg_q50.jpg
cifake_2934 (2),jpeg_q50,cifake,real,0,0.5640308856964111,data\cache\clean\test\cifake_2934 (2)\jpeg_q50.jpg
cifake_3280 (8),jpeg_q50,cifake,real,0,0.5837212800979614,data\cache\clean\test\cifake_3280 (8)\jpeg_q50.jpg
cifake_3872,jpeg_q50,cifake,real,0,0.6233003735542297,data\cache\clean\test\cifake_3872\jpeg_q50.jpg
cifake_4369,jpeg_q50,cifake,real,0,0.7075153589248657,data\cache\clean\test\cifake_4369\jpeg_q50.jpg
cifake_4609 (2),jpeg_q50,cifake,real,0,0.8220584392547607,data\cache\clean\test\cifake_4609 (2)\jpeg_q50.jpg
cifake_4660 (5),jpeg_q50,cifake,real,0,0.9455404281616211,data\cache\clean\test\cifake_4660 (5)\jpeg_q50.jpg
cifake_4673 (5),jpeg_q50,cifake,real,0,0.7861793637275696,data\cache\clean\test\cifake_4673 (5)\jpeg_q50.jpg
cifake_4805 (8),jpeg_q50,cifake,real,0,0.5153815150260925,data\cache\clean\test\cifake_4805 (8)\jpeg_q50.jpg
sidset_01e0c5a9e96c3de4,jpeg_q50,sidset,real,0,0.6970612406730652,data\cache\clean\test\sidset_01e0c5a9e96c3de4\jpeg_q50.jpg
sidset_02eb47f790cba404,jpeg_q50,sidset,real,0,0.8091800808906555,data\cache\clean\test\sidset_02eb47f790cba404\jpeg_q50.jpg
sidset_036df955965cb2f9,jpeg_q50,sidset,real,0,0.8917893767356873,data\cache\clean\test\sidset_036df955965cb2f9\jpeg_q50.jpg
sidset_038789965a8f7606,jpeg_q50,sidset,real,0,0.5047167539596558,data\cache\clean\test\sidset_038789965a8f7606\jpeg_q50.jpg
sidset_04dca235b99ad328,jpeg_q50,sidset,real,0,0.742522656917572,data\cache\clean\test\sidset_04dca235b99ad328\jpeg_q50.jpg
sidset_04f2ca3f7633822b,jpeg_q50,sidset,real,0,0.7713087797164917,data\cache\clean\test\sidset_04f2ca3f7633822b\jpeg_q50.jpg
sidset_0819e112dbbe3cb8,jpeg_q50,sidset,real,0,0.6576120853424072,data\cache\clean\test\sidset_0819e112dbbe3cb8\jpeg_q50.jpg
sidset_09e779f2616dde26,jpeg_q50,sidset,real,0,0.6337236166000366,data\cache\clean\test\sidset_09e779f2616dde26\jpeg_q50.jpg
sidset_09f7329f0c1c9fd4,jpeg_q50,sidset,real,0,0.5806856155395508,data\cache\clean\test\sidset_09f7329f0c1c9fd4\jpeg_q50.jpg
sidset_10074342a36207e9,jpeg_q50,sidset,real,0,0.51230788230896,data\cache\clean\test\sidset_10074342a36207e9\jpeg_q50.jpg
sidset_104ed9aacca56685,jpeg_q50,sidset,real,0,0.5639512538909912,data\cache\clean\test\sidset_104ed9aacca56685\jpeg_q50.jpg
sidset_14312756c1c94efa,jpeg_q50,sidset,real,0,0.7279174327850342,data\cache\clean\test\sidset_14312756c1c94efa\jpeg_q50.jpg
sidset_165e94520f73e349,jpeg_q50,sidset,real,0,0.7655329704284668,data\cache\clean\test\sidset_165e94520f73e349\jpeg_q50.jpg
sidset_184bcfe0dff58976,jpeg_q50,sidset,real,0,0.5643543601036072,data\cache\clean\test\sidset_184bcfe0dff58976\jpeg_q50.jpg
sidset_1cae0a8c943c87f1,jpeg_q50,sidset,real,0,0.5542915463447571,data\cache\clean\test\sidset_1cae0a8c943c87f1\jpeg_q50.jpg
sidset_1d24e17c0f598d7a,jpeg_q50,sidset,real,0,0.7273308634757996,data\cache\clean\test\sidset_1d24e17c0f598d7a\jpeg_q50.jpg
sidset_1d49d26ca0273da6,jpeg_q50,sidset,real,0,0.808142900466919,data\cache\clean\test\sidset_1d49d26ca0273da6\jpeg_q50.jpg
sidset_22b07f2ffcaf319c,jpeg_q50,sidset,real,0,0.908713698387146,data\cache\clean\test\sidset_22b07f2ffcaf319c\jpeg_q50.jpg
sidset_230a893e83782a7f,jpeg_q50,sidset,real,0,0.7878170609474182,data\cache\clean\test\sidset_230a893e83782a7f\jpeg_q50.jpg
sidset_231c37d4664b7de1,jpeg_q50,sidset,real,0,0.5551642775535583,data\cache\clean\test\sidset_231c37d4664b7de1\jpeg_q50.jpg
sidset_23e37d6513ac4c60,jpeg_q50,sidset,real,0,0.5638077259063721,data\cache\clean\test\sidset_23e37d6513ac4c60\jpeg_q50.jpg
sidset_240eaccddb6506ef,jpeg_q50,sidset,real,0,0.6142920255661011,data\cache\clean\test\sidset_240eaccddb6506ef\jpeg_q50.jpg
sidset_247241c5aa1f3f9c,jpeg_q50,sidset,real,0,0.8916907906532288,data\cache\clean\test\sidset_247241c5aa1f3f9c\jpeg_q50.jpg
sidset_2905198a806667f8,jpeg_q50,sidset,real,0,0.6032649874687195,data\cache\clean\test\sidset_2905198a806667f8\jpeg_q50.jpg
sidset_2a8fb1de6042f419,jpeg_q50,sidset,real,0,0.8342260122299194,data\cache\clean\test\sidset_2a8fb1de6042f419\jpeg_q50.jpg
sidset_2c7cd831752d6b09,jpeg_q50,sidset,real,0,0.8877602219581604,data\cache\clean\test\sidset_2c7cd831752d6b09\jpeg_q50.jpg
sidset_2da45bb6ecb94767,jpeg_q50,sidset,real,0,0.5734834671020508,data\cache\clean\test\sidset_2da45bb6ecb94767\jpeg_q50.jpg
sidset_312728c60a9afd3b,jpeg_q50,sidset,real,0,0.7127181887626648,data\cache\clean\test\sidset_312728c60a9afd3b\jpeg_q50.jpg
sidset_326f495eb261b65e,jpeg_q50,sidset,real,0,0.7523704767227173,data\cache\clean\test\sidset_326f495eb261b65e\jpeg_q50.jpg
sidset_3366fe07253694af,jpeg_q50,sidset,real,0,0.6579306721687317,data\cache\clean\test\sidset_3366fe07253694af\jpeg_q50.jpg
sidset_3413efa4fc47b5ac,jpeg_q50,sidset,real,0,0.8234230875968933,data\cache\clean\test\sidset_3413efa4fc47b5ac\jpeg_q50.jpg
sidset_351df796b93ed2b5,jpeg_q50,sidset,real,0,0.7639379501342773,data\cache\clean\test\sidset_351df796b93ed2b5\jpeg_q50.jpg
sidset_35f6c1138217d58e,jpeg_q50,sidset,real,0,0.506965160369873,data\cache\clean\test\sidset_35f6c1138217d58e\jpeg_q50.jpg
sidset_3beca4d6152a4aa5,jpeg_q50,sidset,real,0,0.5417971014976501,data\cache\clean\test\sidset_3beca4d6152a4aa5\jpeg_q50.jpg
sidset_3fbc4c1574ef987d,jpeg_q50,sidset,real,0,0.7325448989868164,data\cache\clean\test\sidset_3fbc4c1574ef987d\jpeg_q50.jpg
sidset_405f8f3229fd3f3a,jpeg_q50,sidset,real,0,0.6160087585449219,data\cache\clean\test\sidset_405f8f3229fd3f3a\jpeg_q50.jpg
sidset_40d5448c128a6537,jpeg_q50,sidset,real,0,0.700289249420166,data\cache\clean\test\sidset_40d5448c128a6537\jpeg_q50.jpg
sidset_41fb52633e2258f5,jpeg_q50,sidset,real,0,0.7718920707702637,data\cache\clean\test\sidset_41fb52633e2258f5\jpeg_q50.jpg
sidset_41fcb89ff22ef83c,jpeg_q50,sidset,real,0,0.6541699171066284,data\cache\clean\test\sidset_41fcb89ff22ef83c\jpeg_q50.jpg
sidset_43a8a67edf9acde1,jpeg_q50,sidset,real,0,0.7759105563163757,data\cache\clean\test\sidset_43a8a67edf9acde1\jpeg_q50.jpg
sidset_4566671bd4a332e8,jpeg_q50,sidset,real,0,0.7888718843460083,data\cache\clean\test\sidset_4566671bd4a332e8\jpeg_q50.jpg
sidset_45a6cb8b20ae57d2,jpeg_q50,sidset,real,0,0.905006468296051,data\cache\clean\test\sidset_45a6cb8b20ae57d2\jpeg_q50.jpg
sidset_47927d08b0f027e7,jpeg_q50,sidset,real,0,0.778085470199585,data\cache\clean\test\sidset_47927d08b0f027e7\jpeg_q50.jpg
sidset_4c361533bba3cc71,jpeg_q50,sidset,real,0,0.9605464935302734,data\cache\clean\test\sidset_4c361533bba3cc71\jpeg_q50.jpg
sidset_4dd2dda240e479c1,jpeg_q50,sidset,real,0,0.816908597946167,data\cache\clean\test\sidset_4dd2dda240e479c1\jpeg_q50.jpg
sidset_50431dd2e2a3818e,jpeg_q50,sidset,real,0,0.6868555545806885,data\cache\clean\test\sidset_50431dd2e2a3818e\jpeg_q50.jpg
sidset_52bf81b2d7f84101,jpeg_q50,sidset,real,0,0.8042547702789307,data\cache\clean\test\sidset_52bf81b2d7f84101\jpeg_q50.jpg
sidset_55ed6c0bbd54e07d,jpeg_q50,sidset,real,0,0.9865254163742065,data\cache\clean\test\sidset_55ed6c0bbd54e07d\jpeg_q50.jpg
sidset_59e78921fe0be3d3,jpeg_q50,sidset,real,0,0.5854396820068359,data\cache\clean\test\sidset_59e78921fe0be3d3\jpeg_q50.jpg
sidset_5a165a26bf8ca4be,jpeg_q50,sidset,real,0,0.9677033424377441,data\cache\clean\test\sidset_5a165a26bf8ca4be\jpeg_q50.jpg
sidset_5a412afd55fe92ef,jpeg_q50,sidset,real,0,0.5024511814117432,data\cache\clean\test\sidset_5a412afd55fe92ef\jpeg_q50.jpg
sidset_5b291a7b5ae05cf0,jpeg_q50,sidset,real,0,0.5847507119178772,data\cache\clean\test\sidset_5b291a7b5ae05cf0\jpeg_q50.jpg
sidset_5b8f12b78d13bfcd,jpeg_q50,sidset,real,0,0.9712185859680176,data\cache\clean\test\sidset_5b8f12b78d13bfcd\jpeg_q50.jpg
sidset_5ba522a91162ae70,jpeg_q50,sidset,real,0,0.9977637529373169,data\cache\clean\test\sidset_5ba522a91162ae70\jpeg_q50.jpg
sidset_5d6c80bf53edd038,jpeg_q50,sidset,real,0,0.5352476239204407,data\cache\clean\test\sidset_5d6c80bf53edd038\jpeg_q50.jpg
sidset_5fd49a9afbba9bd6,jpeg_q50,sidset,real,0,0.9882297515869141,data\cache\clean\test\sidset_5fd49a9afbba9bd6\jpeg_q50.jpg
sidset_615f67f3acd96d5c,jpeg_q50,sidset,real,0,0.845024824142456,data\cache\clean\test\sidset_615f67f3acd96d5c\jpeg_q50.jpg
sidset_61788db65ec08fe7,jpeg_q50,sidset,real,0,0.5538609027862549,data\cache\clean\test\sidset_61788db65ec08fe7\jpeg_q50.jpg
sidset_62d3110113ec4633,jpeg_q50,sidset,real,0,0.929749608039856,data\cache\clean\test\sidset_62d3110113ec4633\jpeg_q50.jpg
sidset_6431b1bc822a7f18,jpeg_q50,sidset,real,0,0.5872718691825867,data\cache\clean\test\sidset_6431b1bc822a7f18\jpeg_q50.jpg
sidset_65d4916b9f3f47ba,jpeg_q50,sidset,real,0,0.7193678617477417,data\cache\clean\test\sidset_65d4916b9f3f47ba\jpeg_q50.jpg
sidset_660fbbd053050f25,jpeg_q50,sidset,real,0,0.8519194722175598,data\cache\clean\test\sidset_660fbbd053050f25\jpeg_q50.jpg
sidset_67e679dca692a59d,jpeg_q50,sidset,real,0,0.9846898317337036,data\cache\clean\test\sidset_67e679dca692a59d\jpeg_q50.jpg
sidset_68f0479b7dde7700,jpeg_q50,sidset,real,0,0.6605969071388245,data\cache\clean\test\sidset_68f0479b7dde7700\jpeg_q50.jpg
sidset_6ae976e8966ec975,jpeg_q50,sidset,real,0,0.6659592390060425,data\cache\clean\test\sidset_6ae976e8966ec975\jpeg_q50.jpg
sidset_6b7167d906f4ff1f,jpeg_q50,sidset,real,0,0.5844388008117676,data\cache\clean\test\sidset_6b7167d906f4ff1f\jpeg_q50.jpg
sidset_6bad0a1b36aae064,jpeg_q50,sidset,real,0,0.855858564376831,data\cache\clean\test\sidset_6bad0a1b36aae064\jpeg_q50.jpg
sidset_6ca445fcf626607b,jpeg_q50,sidset,real,0,0.6227689385414124,data\cache\clean\test\sidset_6ca445fcf626607b\jpeg_q50.jpg
sidset_6fd040fe95578d90,jpeg_q50,sidset,real,0,0.5819125771522522,data\cache\clean\test\sidset_6fd040fe95578d90\jpeg_q50.jpg
sidset_759a21da57c25774,jpeg_q50,sidset,real,0,0.9892014265060425,data\cache\clean\test\sidset_759a21da57c25774\jpeg_q50.jpg
sidset_7f1ce0ac000e1d6c,jpeg_q50,sidset,real,0,0.8448824286460876,data\cache\clean\test\sidset_7f1ce0ac000e1d6c\jpeg_q50.jpg
sidset_832e43df048c6d1a,jpeg_q50,sidset,real,0,0.6655887961387634,data\cache\clean\test\sidset_832e43df048c6d1a\jpeg_q50.jpg
sidset_847120c126ba55f8,jpeg_q50,sidset,real,0,0.806702733039856,data\cache\clean\test\sidset_847120c126ba55f8\jpeg_q50.jpg
sidset_85928afd9860bcb5,jpeg_q50,sidset,real,0,0.5762002468109131,data\cache\clean\test\sidset_85928afd9860bcb5\jpeg_q50.jpg
sidset_8865c586ab64c0f9,jpeg_q50,sidset,real,0,0.5752638578414917,data\cache\clean\test\sidset_8865c586ab64c0f9\jpeg_q50.jpg
sidset_8c3549f9f22a8f34,jpeg_q50,sidset,real,0,0.8661166429519653,data\cache\clean\test\sidset_8c3549f9f22a8f34\jpeg_q50.jpg
sidset_9015299eba2ace6e,jpeg_q50,sidset,real,0,0.5849927067756653,data\cache\clean\test\sidset_9015299eba2ace6e\jpeg_q50.jpg
sidset_918190e0dd7fc829,jpeg_q50,sidset,real,0,0.9988125562667847,data\cache\clean\test\sidset_918190e0dd7fc829\jpeg_q50.jpg
sidset_92e8228aca22327e,jpeg_q50,sidset,real,0,0.5183664560317993,data\cache\clean\test\sidset_92e8228aca22327e\jpeg_q50.jpg
sidset_9930f532d418d193,jpeg_q50,sidset,real,0,0.9107881784439087,data\cache\clean\test\sidset_9930f532d418d193\jpeg_q50.jpg
sidset_9e2a9b16ff46f867,jpeg_q50,sidset,real,0,0.932276725769043,data\cache\clean\test\sidset_9e2a9b16ff46f867\jpeg_q50.jpg
sidset_9eee8350ba1b12f6,jpeg_q50,sidset,real,0,0.5399666428565979,data\cache\clean\test\sidset_9eee8350ba1b12f6\jpeg_q50.jpg
sidset_a3032d75347e6fa2,jpeg_q50,sidset,real,0,0.9811089634895325,data\cache\clean\test\sidset_a3032d75347e6fa2\jpeg_q50.jpg
sidset_a4268c0135ca2c65,jpeg_q50,sidset,real,0,0.9898603558540344,data\cache\clean\test\sidset_a4268c0135ca2c65\jpeg_q50.jpg
sidset_a429805728e89e7d,jpeg_q50,sidset,real,0,0.9820027351379395,data\cache\clean\test\sidset_a429805728e89e7d\jpeg_q50.jpg
sidset_a8ad741ef85002f3,jpeg_q50,sidset,real,0,0.7780510783195496,data\cache\clean\test\sidset_a8ad741ef85002f3\jpeg_q50.jpg
sidset_a9461d28df2d46d8,jpeg_q50,sidset,real,0,0.5398470163345337,data\cache\clean\test\sidset_a9461d28df2d46d8\jpeg_q50.jpg
sidset_ab083d732ae4236c,jpeg_q50,sidset,real,0,0.5467478632926941,data\cache\clean\test\sidset_ab083d732ae4236c\jpeg_q50.jpg
sidset_addaecf6bdb9e66b,jpeg_q50,sidset,real,0,0.9952848553657532,data\cache\clean\test\sidset_addaecf6bdb9e66b\jpeg_q50.jpg
sidset_af41e2b6da3e7e02,jpeg_q50,sidset,real,0,0.7153466939926147,data\cache\clean\test\sidset_af41e2b6da3e7e02\jpeg_q50.jpg
sidset_b230de6baca8d392,jpeg_q50,sidset,real,0,0.9369692802429199,data\cache\clean\test\sidset_b230de6baca8d392\jpeg_q50.jpg
sidset_b476dc9881140333,jpeg_q50,sidset,real,0,0.5164698958396912,data\cache\clean\test\sidset_b476dc9881140333\jpeg_q50.jpg
sidset_b6d4573c9d24dcf3,jpeg_q50,sidset,real,0,0.5204010009765625,data\cache\clean\test\sidset_b6d4573c9d24dcf3\jpeg_q50.jpg
sidset_bafdbc8a8d68c696,jpeg_q50,sidset,real,0,0.6604387760162354,data\cache\clean\test\sidset_bafdbc8a8d68c696\jpeg_q50.jpg
sidset_bc280ffeb57ce51b,jpeg_q50,sidset,real,0,0.7158569097518921,data\cache\clean\test\sidset_bc280ffeb57ce51b\jpeg_q50.jpg
sidset_bc70b06f0d603efd,jpeg_q50,sidset,real,0,0.9996298551559448,data\cache\clean\test\sidset_bc70b06f0d603efd\jpeg_q50.jpg
sidset_bddc30edb2816122,jpeg_q50,sidset,real,0,0.8381558060646057,data\cache\clean\test\sidset_bddc30edb2816122\jpeg_q50.jpg
sidset_be1daffd2d21411d,jpeg_q50,sidset,real,0,0.8087512850761414,data\cache\clean\test\sidset_be1daffd2d21411d\jpeg_q50.jpg
sidset_c104d5a827c3dc84,jpeg_q50,sidset,real,0,0.9475675225257874,data\cache\clean\test\sidset_c104d5a827c3dc84\jpeg_q50.jpg
sidset_c7d3774f16039f96,jpeg_q50,sidset,real,0,0.8145390748977661,data\cache\clean\test\sidset_c7d3774f16039f96\jpeg_q50.jpg
sidset_cb68a83278e88b9d,jpeg_q50,sidset,real,0,0.6937329769134521,data\cache\clean\test\sidset_cb68a83278e88b9d\jpeg_q50.jpg
sidset_cc4571b1efacde65,jpeg_q50,sidset,real,0,0.5198778510093689,data\cache\clean\test\sidset_cc4571b1efacde65\jpeg_q50.jpg
sidset_ce09a25a50fdfe47,jpeg_q50,sidset,real,0,0.9606574773788452,data\cache\clean\test\sidset_ce09a25a50fdfe47\jpeg_q50.jpg
sidset_cfa694ce3bb2538c,jpeg_q50,sidset,real,0,0.5105655789375305,data\cache\clean\test\sidset_cfa694ce3bb2538c\jpeg_q50.jpg
sidset_d177df42ac3e071e,jpeg_q50,sidset,real,0,0.5902343988418579,data\cache\clean\test\sidset_d177df42ac3e071e\jpeg_q50.jpg
sidset_d1bccd9512c32cdc,jpeg_q50,sidset,real,0,0.516930341720581,data\cache\clean\test\sidset_d1bccd9512c32cdc\jpeg_q50.jpg
sidset_d482661389f951ac,jpeg_q50,sidset,real,0,0.7143059968948364,data\cache\clean\test\sidset_d482661389f951ac\jpeg_q50.jpg
sidset_d7c9ba7b7774dcd9,jpeg_q50,sidset,real,0,0.507113516330719,data\cache\clean\test\sidset_d7c9ba7b7774dcd9\jpeg_q50.jpg
sidset_dcc4eb3a61fc711a,jpeg_q50,sidset,real,0,0.9175271987915039,data\cache\clean\test\sidset_dcc4eb3a61fc711a\jpeg_q50.jpg
sidset_df089363fbc3dff5,jpeg_q50,sidset,real,0,0.8669576048851013,data\cache\clean\test\sidset_df089363fbc3dff5\jpeg_q50.jpg
sidset_e14e3989daa0bebd,jpeg_q50,sidset,real,0,0.779124915599823,data\cache\clean\test\sidset_e14e3989daa0bebd\jpeg_q50.jpg
sidset_e19c80d7ff2e201b,jpeg_q50,sidset,real,0,0.6937945485115051,data\cache\clean\test\sidset_e19c80d7ff2e201b\jpeg_q50.jpg
sidset_e1a5cac65504c6d6,jpeg_q50,sidset,real,0,0.6072903275489807,data\cache\clean\test\sidset_e1a5cac65504c6d6\jpeg_q50.jpg
sidset_e20f8df5bc8ae19c,jpeg_q50,sidset,real,0,0.5129071474075317,data\cache\clean\test\sidset_e20f8df5bc8ae19c\jpeg_q50.jpg
sidset_e35ca53982ee8372,jpeg_q50,sidset,real,0,0.5481138825416565,data\cache\clean\test\sidset_e35ca53982ee8372\jpeg_q50.jpg
sidset_e547ceb84d50e7bf,jpeg_q50,sidset,real,0,0.7375063896179199,data\cache\clean\test\sidset_e547ceb84d50e7bf\jpeg_q50.jpg
sidset_e67f5961f8d7c753,jpeg_q50,sidset,real,0,0.862934410572052,data\cache\clean\test\sidset_e67f5961f8d7c753\jpeg_q50.jpg
sidset_e7250acece7d41f5,jpeg_q50,sidset,real,0,0.9465345144271851,data\cache\clean\test\sidset_e7250acece7d41f5\jpeg_q50.jpg
sidset_e75efd006759f4d0,jpeg_q50,sidset,real,0,0.6233175992965698,data\cache\clean\test\sidset_e75efd006759f4d0\jpeg_q50.jpg
sidset_ec0193adf7d72f96,jpeg_q50,sidset,real,0,0.5956175923347473,data\cache\clean\test\sidset_ec0193adf7d72f96\jpeg_q50.jpg
sidset_ef3f636bfc78f3a5,jpeg_q50,sidset,real,0,0.5525094866752625,data\cache\clean\test\sidset_ef3f636bfc78f3a5\jpeg_q50.jpg
sidset_f1dcc7d3f0ff18ab,jpeg_q50,sidset,real,0,0.5690199136734009,data\cache\clean\test\sidset_f1dcc7d3f0ff18ab\jpeg_q50.jpg
sidset_f250696304a3be0e,jpeg_q50,sidset,real,0,0.5676019787788391,data\cache\clean\test\sidset_f250696304a3be0e\jpeg_q50.jpg
sidset_f5044c17014681a8,jpeg_q50,sidset,real,0,0.8601754903793335,data\cache\clean\test\sidset_f5044c17014681a8\jpeg_q50.jpg
sidset_fac95db1f3df9775,jpeg_q50,sidset,real,0,0.991628885269165,data\cache\clean\test\sidset_fac95db1f3df9775\jpeg_q50.jpg
sidset_ffb6be41271c5645,jpeg_q50,sidset,real,0,0.9880918264389038,data\cache\clean\test\sidset_ffb6be41271c5645\jpeg_q50.jpg
cifake_0085,jpeg_q70,cifake,real,0,0.8539841175079346,data\cache\clean\test\cifake_0085\jpeg_q70.jpg
cifake_0089 (3),jpeg_q70,cifake,real,0,0.6714270114898682,data\cache\clean\test\cifake_0089 (3)\jpeg_q70.jpg
cifake_0235,jpeg_q70,cifake,real,0,0.8719516396522522,data\cache\clean\test\cifake_0235\jpeg_q70.jpg
cifake_0239 (10),jpeg_q70,cifake,real,0,0.5322809219360352,data\cache\clean\test\cifake_0239 (10)\jpeg_q70.jpg
cifake_0240 (9),jpeg_q70,cifake,real,0,0.6042879223823547,data\cache\clean\test\cifake_0240 (9)\jpeg_q70.jpg
cifake_0343 (6),jpeg_q70,cifake,real,0,0.9209397435188293,data\cache\clean\test\cifake_0343 (6)\jpeg_q70.jpg
cifake_0436 (6),jpeg_q70,cifake,real,0,0.6091054081916809,data\cache\clean\test\cifake_0436 (6)\jpeg_q70.jpg
cifake_0509 (3),jpeg_q70,cifake,real,0,0.6941137313842773,data\cache\clean\test\cifake_0509 (3)\jpeg_q70.jpg
cifake_0793,jpeg_q70,cifake,real,0,0.9544995427131653,data\cache\clean\test\cifake_0793\jpeg_q70.jpg
cifake_0967 (9),jpeg_q70,cifake,real,0,0.8891614675521851,data\cache\clean\test\cifake_0967 (9)\jpeg_q70.jpg
cifake_1139,jpeg_q70,cifake,real,0,0.7281336188316345,data\cache\clean\test\cifake_1139\jpeg_q70.jpg
cifake_1311,jpeg_q70,cifake,real,0,0.5099404454231262,data\cache\clean\test\cifake_1311\jpeg_q70.jpg
cifake_1331 (2),jpeg_q70,cifake,real,0,0.551766037940979,data\cache\clean\test\cifake_1331 (2)\jpeg_q70.jpg
cifake_1338 (4),jpeg_q70,cifake,real,0,0.5643448233604431,data\cache\clean\test\cifake_1338 (4)\jpeg_q70.jpg
cifake_1353 (9),jpeg_q70,cifake,real,0,0.5632054805755615,data\cache\clean\test\cifake_1353 (9)\jpeg_q70.jpg
cifake_2122,jpeg_q70,cifake,real,0,0.9968187808990479,data\cache\clean\test\cifake_2122\jpeg_q70.jpg
cifake_2500 (3),jpeg_q70,cifake,real,0,0.560199499130249,data\cache\clean\test\cifake_2500 (3)\jpeg_q70.jpg
cifake_2547,jpeg_q70,cifake,real,0,0.7669858932495117,data\cache\clean\test\cifake_2547\jpeg_q70.jpg
cifake_2660,jpeg_q70,cifake,real,0,0.9080358743667603,data\cache\clean\test\cifake_2660\jpeg_q70.jpg
cifake_2874 (4),jpeg_q70,cifake,real,0,0.5401773452758789,data\cache\clean\test\cifake_2874 (4)\jpeg_q70.jpg
cifake_2934 (2),jpeg_q70,cifake,real,0,0.7204726338386536,data\cache\clean\test\cifake_2934 (2)\jpeg_q70.jpg
cifake_2940 (8),jpeg_q70,cifake,real,0,0.6974678635597229,data\cache\clean\test\cifake_2940 (8)\jpeg_q70.jpg
cifake_3461 (5),jpeg_q70,cifake,real,0,0.6836009621620178,data\cache\clean\test\cifake_3461 (5)\jpeg_q70.jpg
cifake_3872,jpeg_q70,cifake,real,0,0.5452561378479004,data\cache\clean\test\cifake_3872\jpeg_q70.jpg
cifake_4369,jpeg_q70,cifake,real,0,0.69269859790802,data\cache\clean\test\cifake_4369\jpeg_q70.jpg
cifake_4660 (5),jpeg_q70,cifake,real,0,0.8099355697631836,data\cache\clean\test\cifake_4660 (5)\jpeg_q70.jpg
cifake_4673 (5),jpeg_q70,cifake,real,0,0.9102891683578491,data\cache\clean\test\cifake_4673 (5)\jpeg_q70.jpg
cifake_4805 (8),jpeg_q70,cifake,real,0,0.5367691516876221,data\cache\clean\test\cifake_4805 (8)\jpeg_q70.jpg
sidset_01e0c5a9e96c3de4,jpeg_q70,sidset,real,0,0.50551438331604,data\cache\clean\test\sidset_01e0c5a9e96c3de4\jpeg_q70.jpg
sidset_02eb47f790cba404,jpeg_q70,sidset,real,0,0.8559006452560425,data\cache\clean\test\sidset_02eb47f790cba404\jpeg_q70.jpg
sidset_036df955965cb2f9,jpeg_q70,sidset,real,0,0.9387887716293335,data\cache\clean\test\sidset_036df955965cb2f9\jpeg_q70.jpg
sidset_038789965a8f7606,jpeg_q70,sidset,real,0,0.5855855345726013,data\cache\clean\test\sidset_038789965a8f7606\jpeg_q70.jpg
sidset_03eaaa4033ae7bc3,jpeg_q70,sidset,real,0,0.5008496642112732,data\cache\clean\test\sidset_03eaaa4033ae7bc3\jpeg_q70.jpg
sidset_04dca235b99ad328,jpeg_q70,sidset,real,0,0.6250011324882507,data\cache\clean\test\sidset_04dca235b99ad328\jpeg_q70.jpg
sidset_04f2ca3f7633822b,jpeg_q70,sidset,real,0,0.6624112725257874,data\cache\clean\test\sidset_04f2ca3f7633822b\jpeg_q70.jpg
sidset_0819e112dbbe3cb8,jpeg_q70,sidset,real,0,0.5204738974571228,data\cache\clean\test\sidset_0819e112dbbe3cb8\jpeg_q70.jpg
sidset_09e779f2616dde26,jpeg_q70,sidset,real,0,0.5468707084655762,data\cache\clean\test\sidset_09e779f2616dde26\jpeg_q70.jpg
sidset_0f8102c25fc764ea,jpeg_q70,sidset,real,0,0.6691726446151733,data\cache\clean\test\sidset_0f8102c25fc764ea\jpeg_q70.jpg
sidset_10074342a36207e9,jpeg_q70,sidset,real,0,0.7157279849052429,data\cache\clean\test\sidset_10074342a36207e9\jpeg_q70.jpg
sidset_104ed9aacca56685,jpeg_q70,sidset,real,0,0.8121929168701172,data\cache\clean\test\sidset_104ed9aacca56685\jpeg_q70.jpg
sidset_14312756c1c94efa,jpeg_q70,sidset,real,0,0.7469949126243591,data\cache\clean\test\sidset_14312756c1c94efa\jpeg_q70.jpg
sidset_165e94520f73e349,jpeg_q70,sidset,real,0,0.7488223910331726,data\cache\clean\test\sidset_165e94520f73e349\jpeg_q70.jpg
sidset_1b20d1ec3fd5a56f,jpeg_q70,sidset,real,0,0.5068091750144958,data\cache\clean\test\sidset_1b20d1ec3fd5a56f\jpeg_q70.jpg
sidset_1cae0a8c943c87f1,jpeg_q70,sidset,real,0,0.5008068084716797,data\cache\clean\test\sidset_1cae0a8c943c87f1\jpeg_q70.jpg
sidset_1d24e17c0f598d7a,jpeg_q70,sidset,real,0,0.6065479516983032,data\cache\clean\test\sidset_1d24e17c0f598d7a\jpeg_q70.jpg
sidset_1d49d26ca0273da6,jpeg_q70,sidset,real,0,0.892302393913269,data\cache\clean\test\sidset_1d49d26ca0273da6\jpeg_q70.jpg
sidset_22b07f2ffcaf319c,jpeg_q70,sidset,real,0,0.763946533203125,data\cache\clean\test\sidset_22b07f2ffcaf319c\jpeg_q70.jpg
sidset_230a893e83782a7f,jpeg_q70,sidset,real,0,0.7759748101234436,data\cache\clean\test\sidset_230a893e83782a7f\jpeg_q70.jpg
sidset_237f3e13b66b8d25,jpeg_q70,sidset,real,0,0.5691241025924683,data\cache\clean\test\sidset_237f3e13b66b8d25\jpeg_q70.jpg
sidset_2387febf3723ff05,jpeg_q70,sidset,real,0,0.5423496961593628,data\cache\clean\test\sidset_2387febf3723ff05\jpeg_q70.jpg
sidset_23e37d6513ac4c60,jpeg_q70,sidset,real,0,0.5103397965431213,data\cache\clean\test\sidset_23e37d6513ac4c60\jpeg_q70.jpg
sidset_240eaccddb6506ef,jpeg_q70,sidset,real,0,0.6421170234680176,data\cache\clean\test\sidset_240eaccddb6506ef\jpeg_q70.jpg
sidset_247241c5aa1f3f9c,jpeg_q70,sidset,real,0,0.970482349395752,data\cache\clean\test\sidset_247241c5aa1f3f9c\jpeg_q70.jpg
sidset_2905198a806667f8,jpeg_q70,sidset,real,0,0.6960309743881226,data\cache\clean\test\sidset_2905198a806667f8\jpeg_q70.jpg
sidset_2a8fb1de6042f419,jpeg_q70,sidset,real,0,0.7936040163040161,data\cache\clean\test\sidset_2a8fb1de6042f419\jpeg_q70.jpg
sidset_2c7cd831752d6b09,jpeg_q70,sidset,real,0,0.8795724511146545,data\cache\clean\test\sidset_2c7cd831752d6b09\jpeg_q70.jpg
sidset_2da45bb6ecb94767,jpeg_q70,sidset,real,0,0.5347166061401367,data\cache\clean\test\sidset_2da45bb6ecb94767\jpeg_q70.jpg
sidset_2e1070632f289596,jpeg_q70,sidset,real,0,0.5599111914634705,data\cache\clean\test\sidset_2e1070632f289596\jpeg_q70.jpg
sidset_31f7ec5269c0f867,jpeg_q70,sidset,real,0,0.5502784848213196,data\cache\clean\test\sidset_31f7ec5269c0f867\jpeg_q70.jpg
sidset_326f495eb261b65e,jpeg_q70,sidset,real,0,0.6113690137863159,data\cache\clean\test\sidset_326f495eb261b65e\jpeg_q70.jpg
sidset_3366fe07253694af,jpeg_q70,sidset,real,0,0.5446827411651611,data\cache\clean\test\sidset_3366fe07253694af\jpeg_q70.jpg
sidset_3413efa4fc47b5ac,jpeg_q70,sidset,real,0,0.7825388312339783,data\cache\clean\test\sidset_3413efa4fc47b5ac\jpeg_q70.jpg
sidset_351df796b93ed2b5,jpeg_q70,sidset,real,0,0.7822322249412537,data\cache\clean\test\sidset_351df796b93ed2b5\jpeg_q70.jpg
sidset_35f6c1138217d58e,jpeg_q70,sidset,real,0,0.520257830619812,data\cache\clean\test\sidset_35f6c1138217d58e\jpeg_q70.jpg
sidset_3beca4d6152a4aa5,jpeg_q70,sidset,real,0,0.6091059446334839,data\cache\clean\test\sidset_3beca4d6152a4aa5\jpeg_q70.jpg
sidset_3fbc4c1574ef987d,jpeg_q70,sidset,real,0,0.7116945385932922,data\cache\clean\test\sidset_3fbc4c1574ef987d\jpeg_q70.jpg
sidset_405f8f3229fd3f3a,jpeg_q70,sidset,real,0,0.6208658814430237,data\cache\clean\test\sidset_405f8f3229fd3f3a\jpeg_q70.jpg
sidset_40d5448c128a6537,jpeg_q70,sidset,real,0,0.8306375741958618,data\cache\clean\test\sidset_40d5448c128a6537\jpeg_q70.jpg
sidset_41fb52633e2258f5,jpeg_q70,sidset,real,0,0.6555501222610474,data\cache\clean\test\sidset_41fb52633e2258f5\jpeg_q70.jpg
sidset_41fcb89ff22ef83c,jpeg_q70,sidset,real,0,0.7236122488975525,data\cache\clean\test\sidset_41fcb89ff22ef83c\jpeg_q70.jpg
sidset_43a8a67edf9acde1,jpeg_q70,sidset,real,0,0.6643444299697876,data\cache\clean\test\sidset_43a8a67edf9acde1\jpeg_q70.jpg
sidset_4566671bd4a332e8,jpeg_q70,sidset,real,0,0.7268271446228027,data\cache\clean\test\sidset_4566671bd4a332e8\jpeg_q70.jpg
sidset_45a6cb8b20ae57d2,jpeg_q70,sidset,real,0,0.9380693435668945,data\cache\clean\test\sidset_45a6cb8b20ae57d2\jpeg_q70.jpg
sidset_47927d08b0f027e7,jpeg_q70,sidset,real,0,0.9719222187995911,data\cache\clean\test\sidset_47927d08b0f027e7\jpeg_q70.jpg
sidset_4c361533bba3cc71,jpeg_q70,sidset,real,0,0.9578307271003723,data\cache\clean\test\sidset_4c361533bba3cc71\jpeg_q70.jpg
sidset_4dd2dda240e479c1,jpeg_q70,sidset,real,0,0.9372442960739136,data\cache\clean\test\sidset_4dd2dda240e479c1\jpeg_q70.jpg
sidset_4eb96685f68dd199,jpeg_q70,sidset,real,0,0.6066401600837708,data\cache\clean\test\sidset_4eb96685f68dd199\jpeg_q70.jpg
sidset_50431dd2e2a3818e,jpeg_q70,sidset,real,0,0.5131543874740601,data\cache\clean\test\sidset_50431dd2e2a3818e\jpeg_q70.jpg
sidset_52bf81b2d7f84101,jpeg_q70,sidset,real,0,0.6834524869918823,data\cache\clean\test\sidset_52bf81b2d7f84101\jpeg_q70.jpg
sidset_55ed6c0bbd54e07d,jpeg_q70,sidset,real,0,0.9795175790786743,data\cache\clean\test\sidset_55ed6c0bbd54e07d\jpeg_q70.jpg
sidset_5a165a26bf8ca4be,jpeg_q70,sidset,real,0,0.9669439196586609,data\cache\clean\test\sidset_5a165a26bf8ca4be\jpeg_q70.jpg
sidset_5ae51a789c118b75,jpeg_q70,sidset,real,0,0.7703903317451477,data\cache\clean\test\sidset_5ae51a789c118b75\jpeg_q70.jpg
sidset_5b291a7b5ae05cf0,jpeg_q70,sidset,real,0,0.5577174425125122,data\cache\clean\test\sidset_5b291a7b5ae05cf0\jpeg_q70.jpg
sidset_5b8f12b78d13bfcd,jpeg_q70,sidset,real,0,0.9436671137809753,data\cache\clean\test\sidset_5b8f12b78d13bfcd\jpeg_q70.jpg
sidset_5ba522a91162ae70,jpeg_q70,sidset,real,0,0.9928784966468811,data\cache\clean\test\sidset_5ba522a91162ae70\jpeg_q70.jpg
sidset_5d6c80bf53edd038,jpeg_q70,sidset,real,0,0.5904743671417236,data\cache\clean\test\sidset_5d6c80bf53edd038\jpeg_q70.jpg
sidset_5fd49a9afbba9bd6,jpeg_q70,sidset,real,0,0.9706620573997498,data\cache\clean\test\sidset_5fd49a9afbba9bd6\jpeg_q70.jpg
sidset_615f67f3acd96d5c,jpeg_q70,sidset,real,0,0.9709457159042358,data\cache\clean\test\sidset_615f67f3acd96d5c\jpeg_q70.jpg
sidset_61788db65ec08fe7,jpeg_q70,sidset,real,0,0.6077355742454529,data\cache\clean\test\sidset_61788db65ec08fe7\jpeg_q70.jpg
sidset_62d3110113ec4633,jpeg_q70,sidset,real,0,0.9535771608352661,data\cache\clean\test\sidset_62d3110113ec4633\jpeg_q70.jpg
sidset_6431b1bc822a7f18,jpeg_q70,sidset,real,0,0.5674142241477966,data\cache\clean\test\sidset_6431b1bc822a7f18\jpeg_q70.jpg
sidset_65d4916b9f3f47ba,jpeg_q70,sidset,real,0,0.6287732124328613,data\cache\clean\test\sidset_65d4916b9f3f47ba\jpeg_q70.jpg
sidset_660fbbd053050f25,jpeg_q70,sidset,real,0,0.8195030689239502,data\cache\clean\test\sidset_660fbbd053050f25\jpeg_q70.jpg
sidset_67e679dca692a59d,jpeg_q70,sidset,real,0,0.9777196645736694,data\cache\clean\test\sidset_67e679dca692a59d\jpeg_q70.jpg
sidset_68f0479b7dde7700,jpeg_q70,sidset,real,0,0.7313305139541626,data\cache\clean\test\sidset_68f0479b7dde7700\jpeg_q70.jpg
sidset_6ae976e8966ec975,jpeg_q70,sidset,real,0,0.7289383411407471,data\cache\clean\test\sidset_6ae976e8966ec975\jpeg_q70.jpg
sidset_6b7167d906f4ff1f,jpeg_q70,sidset,real,0,0.6717095971107483,data\cache\clean\test\sidset_6b7167d906f4ff1f\jpeg_q70.jpg
sidset_6bad0a1b36aae064,jpeg_q70,sidset,real,0,0.5809455513954163,data\cache\clean\test\sidset_6bad0a1b36aae064\jpeg_q70.jpg
sidset_6ca445fcf626607b,jpeg_q70,sidset,real,0,0.6402042508125305,data\cache\clean\test\sidset_6ca445fcf626607b\jpeg_q70.jpg
sidset_6fd040fe95578d90,jpeg_q70,sidset,real,0,0.7463632822036743,data\cache\clean\test\sidset_6fd040fe95578d90\jpeg_q70.jpg
sidset_759a21da57c25774,jpeg_q70,sidset,real,0,0.9797812700271606,data\cache\clean\test\sidset_759a21da57c25774\jpeg_q70.jpg
sidset_796b6212cfecb3de,jpeg_q70,sidset,real,0,0.5544756650924683,data\cache\clean\test\sidset_796b6212cfecb3de\jpeg_q70.jpg
sidset_7974984b83c15934,jpeg_q70,sidset,real,0,0.613631546497345,data\cache\clean\test\sidset_7974984b83c15934\jpeg_q70.jpg
sidset_7b550aceb5ec111f,jpeg_q70,sidset,real,0,0.5843070149421692,data\cache\clean\test\sidset_7b550aceb5ec111f\jpeg_q70.jpg
sidset_7f1ce0ac000e1d6c,jpeg_q70,sidset,real,0,0.8063077926635742,data\cache\clean\test\sidset_7f1ce0ac000e1d6c\jpeg_q70.jpg
sidset_832e43df048c6d1a,jpeg_q70,sidset,real,0,0.5891329646110535,data\cache\clean\test\sidset_832e43df048c6d1a\jpeg_q70.jpg
sidset_85928afd9860bcb5,jpeg_q70,sidset,real,0,0.5887686014175415,data\cache\clean\test\sidset_85928afd9860bcb5\jpeg_q70.jpg
sidset_8619862cda88466c,jpeg_q70,sidset,real,0,0.5465853810310364,data\cache\clean\test\sidset_8619862cda88466c\jpeg_q70.jpg
sidset_8c3549f9f22a8f34,jpeg_q70,sidset,real,0,0.8405417203903198,data\cache\clean\test\sidset_8c3549f9f22a8f34\jpeg_q70.jpg
sidset_918190e0dd7fc829,jpeg_q70,sidset,real,0,0.9959776997566223,data\cache\clean\test\sidset_918190e0dd7fc829\jpeg_q70.jpg
sidset_9811f04611ad082c,jpeg_q70,sidset,real,0,0.5343685150146484,data\cache\clean\test\sidset_9811f04611ad082c\jpeg_q70.jpg
sidset_9930f532d418d193,jpeg_q70,sidset,real,0,0.9012155532836914,data\cache\clean\test\sidset_9930f532d418d193\jpeg_q70.jpg
sidset_995429a562f1aed2,jpeg_q70,sidset,real,0,0.7279659509658813,data\cache\clean\test\sidset_995429a562f1aed2\jpeg_q70.jpg
sidset_9e2a9b16ff46f867,jpeg_q70,sidset,real,0,0.9475811719894409,data\cache\clean\test\sidset_9e2a9b16ff46f867\jpeg_q70.jpg
sidset_a3032d75347e6fa2,jpeg_q70,sidset,real,0,0.9651974439620972,data\cache\clean\test\sidset_a3032d75347e6fa2\jpeg_q70.jpg
sidset_a4268c0135ca2c65,jpeg_q70,sidset,real,0,0.9841585159301758,data\cache\clean\test\sidset_a4268c0135ca2c65\jpeg_q70.jpg
sidset_a429805728e89e7d,jpeg_q70,sidset,real,0,0.9828349351882935,data\cache\clean\test\sidset_a429805728e89e7d\jpeg_q70.jpg
sidset_a8ad741ef85002f3,jpeg_q70,sidset,real,0,0.83428555727005,data\cache\clean\test\sidset_a8ad741ef85002f3\jpeg_q70.jpg
sidset_addaecf6bdb9e66b,jpeg_q70,sidset,real,0,0.9939550757408142,data\cache\clean\test\sidset_addaecf6bdb9e66b\jpeg_q70.jpg
sidset_b230de6baca8d392,jpeg_q70,sidset,real,0,0.9082983732223511,data\cache\clean\test\sidset_b230de6baca8d392\jpeg_q70.jpg
sidset_b6d4573c9d24dcf3,jpeg_q70,sidset,real,0,0.6207917332649231,data\cache\clean\test\sidset_b6d4573c9d24dcf3\jpeg_q70.jpg
sidset_b7e2bd65518fb887,jpeg_q70,sidset,real,0,0.7268223762512207,data\cache\clean\test\sidset_b7e2bd65518fb887\jpeg_q70.jpg
sidset_b8d2d5fcb72a3a65,jpeg_q70,sidset,real,0,0.5319960713386536,data\cache\clean\test\sidset_b8d2d5fcb72a3a65\jpeg_q70.jpg
sidset_bafdbc8a8d68c696,jpeg_q70,sidset,real,0,0.6567615866661072,data\cache\clean\test\sidset_bafdbc8a8d68c696\jpeg_q70.jpg
sidset_bc280ffeb57ce51b,jpeg_q70,sidset,real,0,0.5979233980178833,data\cache\clean\test\sidset_bc280ffeb57ce51b\jpeg_q70.jpg
sidset_bc70b06f0d603efd,jpeg_q70,sidset,real,0,0.9994686245918274,data\cache\clean\test\sidset_bc70b06f0d603efd\jpeg_q70.jpg
sidset_bddc30edb2816122,jpeg_q70,sidset,real,0,0.7920452952384949,data\cache\clean\test\sidset_bddc30edb2816122\jpeg_q70.jpg
sidset_be1daffd2d21411d,jpeg_q70,sidset,real,0,0.6663426756858826,data\cache\clean\test\sidset_be1daffd2d21411d\jpeg_q70.jpg
sidset_c104d5a827c3dc84,jpeg_q70,sidset,real,0,0.9626699686050415,data\cache\clean\test\sidset_c104d5a827c3dc84\jpeg_q70.jpg
sidset_c5a378b0ea24d25e,jpeg_q70,sidset,real,0,0.8016732335090637,data\cache\clean\test\sidset_c5a378b0ea24d25e\jpeg_q70.jpg
sidset_c5f4e20e7d2e391c,jpeg_q70,sidset,real,0,0.5428833961486816,data\cache\clean\test\sidset_c5f4e20e7d2e391c\jpeg_q70.jpg
sidset_c7d3774f16039f96,jpeg_q70,sidset,real,0,0.66220623254776,data\cache\clean\test\sidset_c7d3774f16039f96\jpeg_q70.jpg
sidset_cac550631e35c126,jpeg_q70,sidset,real,0,0.5199278593063354,data\cache\clean\test\sidset_cac550631e35c126\jpeg_q70.jpg
sidset_cb68a83278e88b9d,jpeg_q70,sidset,real,0,0.6479994058609009,data\cache\clean\test\sidset_cb68a83278e88b9d\jpeg_q70.jpg
sidset_cc4571b1efacde65,jpeg_q70,sidset,real,0,0.6165606379508972,data\cache\clean\test\sidset_cc4571b1efacde65\jpeg_q70.jpg
sidset_ce09a25a50fdfe47,jpeg_q70,sidset,real,0,0.8622496724128723,data\cache\clean\test\sidset_ce09a25a50fdfe47\jpeg_q70.jpg
sidset_cfa694ce3bb2538c,jpeg_q70,sidset,real,0,0.5046966671943665,data\cache\clean\test\sidset_cfa694ce3bb2538c\jpeg_q70.jpg
sidset_d3d78752fef3f3c4,jpeg_q70,sidset,real,0,0.7196530103683472,data\cache\clean\test\sidset_d3d78752fef3f3c4\jpeg_q70.jpg
sidset_d482661389f951ac,jpeg_q70,sidset,real,0,0.744492769241333,data\cache\clean\test\sidset_d482661389f951ac\jpeg_q70.jpg
sidset_dcc4eb3a61fc711a,jpeg_q70,sidset,real,0,0.8475308418273926,data\cache\clean\test\sidset_dcc4eb3a61fc711a\jpeg_q70.jpg
sidset_df089363fbc3dff5,jpeg_q70,sidset,real,0,0.9553859829902649,data\cache\clean\test\sidset_df089363fbc3dff5\jpeg_q70.jpg
sidset_e14e3989daa0bebd,jpeg_q70,sidset,real,0,0.775373101234436,data\cache\clean\test\sidset_e14e3989daa0bebd\jpeg_q70.jpg
sidset_e19c80d7ff2e201b,jpeg_q70,sidset,real,0,0.8435429930686951,data\cache\clean\test\sidset_e19c80d7ff2e201b\jpeg_q70.jpg
sidset_e20f8df5bc8ae19c,jpeg_q70,sidset,real,0,0.5138418078422546,data\cache\clean\test\sidset_e20f8df5bc8ae19c\jpeg_q70.jpg
sidset_e35ca53982ee8372,jpeg_q70,sidset,real,0,0.6604626774787903,data\cache\clean\test\sidset_e35ca53982ee8372\jpeg_q70.jpg
sidset_e547ceb84d50e7bf,jpeg_q70,sidset,real,0,0.7859853506088257,data\cache\clean\test\sidset_e547ceb84d50e7bf\jpeg_q70.jpg
sidset_e67f5961f8d7c753,jpeg_q70,sidset,real,0,0.9208797812461853,data\cache\clean\test\sidset_e67f5961f8d7c753\jpeg_q70.jpg
sidset_e7250acece7d41f5,jpeg_q70,sidset,real,0,0.9233754277229309,data\cache\clean\test\sidset_e7250acece7d41f5\jpeg_q70.jpg
sidset_ea40598e1128af27,jpeg_q70,sidset,real,0,0.5398937463760376,data\cache\clean\test\sidset_ea40598e1128af27\jpeg_q70.jpg
sidset_ec0193adf7d72f96,jpeg_q70,sidset,real,0,0.6327741146087646,data\cache\clean\test\sidset_ec0193adf7d72f96\jpeg_q70.jpg
sidset_ecc82a319b4ec918,jpeg_q70,sidset,real,0,0.5313600301742554,data\cache\clean\test\sidset_ecc82a319b4ec918\jpeg_q70.jpg
sidset_ef3f636bfc78f3a5,jpeg_q70,sidset,real,0,0.6350775361061096,data\cache\clean\test\sidset_ef3f636bfc78f3a5\jpeg_q70.jpg
sidset_f250696304a3be0e,jpeg_q70,sidset,real,0,0.6792453527450562,data\cache\clean\test\sidset_f250696304a3be0e\jpeg_q70.jpg
sidset_f5044c17014681a8,jpeg_q70,sidset,real,0,0.6282010078430176,data\cache\clean\test\sidset_f5044c17014681a8\jpeg_q70.jpg
sidset_f84d742c437fbc59,jpeg_q70,sidset,real,0,0.6110831499099731,data\cache\clean\test\sidset_f84d742c437fbc59\jpeg_q70.jpg
sidset_fac95db1f3df9775,jpeg_q70,sidset,real,0,0.9869166612625122,data\cache\clean\test\sidset_fac95db1f3df9775\jpeg_q70.jpg
sidset_ffb6be41271c5645,jpeg_q70,sidset,real,0,0.992475688457489,data\cache\clean\test\sidset_ffb6be41271c5645\jpeg_q70.jpg
cifake_0235,jpeg_q90,cifake,real,0,0.7010748982429504,data\cache\clean\test\cifake_0235\jpeg_q90.jpg
cifake_0343 (6),jpeg_q90,cifake,real,0,0.9337452054023743,data\cache\clean\test\cifake_0343 (6)\jpeg_q90.jpg
cifake_0509 (3),jpeg_q90,cifake,real,0,0.6552380919456482,data\cache\clean\test\cifake_0509 (3)\jpeg_q90.jpg
cifake_0567,jpeg_q90,cifake,real,0,0.6425323486328125,data\cache\clean\test\cifake_0567\jpeg_q90.jpg
cifake_0618 (3),jpeg_q90,cifake,real,0,0.6264387369155884,data\cache\clean\test\cifake_0618 (3)\jpeg_q90.jpg
cifake_0793,jpeg_q90,cifake,real,0,0.9073426723480225,data\cache\clean\test\cifake_0793\jpeg_q90.jpg
cifake_0967 (9),jpeg_q90,cifake,real,0,0.8189709186553955,data\cache\clean\test\cifake_0967 (9)\jpeg_q90.jpg
cifake_1139,jpeg_q90,cifake,real,0,0.7443298697471619,data\cache\clean\test\cifake_1139\jpeg_q90.jpg
cifake_2122,jpeg_q90,cifake,real,0,0.9949126243591309,data\cache\clean\test\cifake_2122\jpeg_q90.jpg
cifake_2547,jpeg_q90,cifake,real,0,0.5989565253257751,data\cache\clean\test\cifake_2547\jpeg_q90.jpg
cifake_2660,jpeg_q90,cifake,real,0,0.7816196084022522,data\cache\clean\test\cifake_2660\jpeg_q90.jpg
cifake_2874 (4),jpeg_q90,cifake,real,0,0.6177080869674683,data\cache\clean\test\cifake_2874 (4)\jpeg_q90.jpg
cifake_4369,jpeg_q90,cifake,real,0,0.6144061088562012,data\cache\clean\test\cifake_4369\jpeg_q90.jpg
cifake_4660 (5),jpeg_q90,cifake,real,0,0.859699547290802,data\cache\clean\test\cifake_4660 (5)\jpeg_q90.jpg
cifake_4673 (5),jpeg_q90,cifake,real,0,0.5263601541519165,data\cache\clean\test\cifake_4673 (5)\jpeg_q90.jpg
sidset_02eb47f790cba404,jpeg_q90,sidset,real,0,0.795606255531311,data\cache\clean\test\sidset_02eb47f790cba404\jpeg_q90.jpg
sidset_036df955965cb2f9,jpeg_q90,sidset,real,0,0.9113710522651672,data\cache\clean\test\sidset_036df955965cb2f9\jpeg_q90.jpg
sidset_04dca235b99ad328,jpeg_q90,sidset,real,0,0.5676596164703369,data\cache\clean\test\sidset_04dca235b99ad328\jpeg_q90.jpg
sidset_04f2ca3f7633822b,jpeg_q90,sidset,real,0,0.707751452922821,data\cache\clean\test\sidset_04f2ca3f7633822b\jpeg_q90.jpg
sidset_0819e112dbbe3cb8,jpeg_q90,sidset,real,0,0.6451565623283386,data\cache\clean\test\sidset_0819e112dbbe3cb8\jpeg_q90.jpg
sidset_0f8102c25fc764ea,jpeg_q90,sidset,real,0,0.5667656660079956,data\cache\clean\test\sidset_0f8102c25fc764ea\jpeg_q90.jpg
sidset_10074342a36207e9,jpeg_q90,sidset,real,0,0.5509318709373474,data\cache\clean\test\sidset_10074342a36207e9\jpeg_q90.jpg
sidset_104ed9aacca56685,jpeg_q90,sidset,real,0,0.6874406337738037,data\cache\clean\test\sidset_104ed9aacca56685\jpeg_q90.jpg
sidset_14312756c1c94efa,jpeg_q90,sidset,real,0,0.7819129228591919,data\cache\clean\test\sidset_14312756c1c94efa\jpeg_q90.jpg
sidset_165e94520f73e349,jpeg_q90,sidset,real,0,0.8316135406494141,data\cache\clean\test\sidset_165e94520f73e349\jpeg_q90.jpg
sidset_1b20d1ec3fd5a56f,jpeg_q90,sidset,real,0,0.5395103096961975,data\cache\clean\test\sidset_1b20d1ec3fd5a56f\jpeg_q90.jpg
sidset_1d24e17c0f598d7a,jpeg_q90,sidset,real,0,0.5906901359558105,data\cache\clean\test\sidset_1d24e17c0f598d7a\jpeg_q90.jpg
sidset_1d49d26ca0273da6,jpeg_q90,sidset,real,0,0.908043622970581,data\cache\clean\test\sidset_1d49d26ca0273da6\jpeg_q90.jpg
sidset_206468f74dab4d45,jpeg_q90,sidset,real,0,0.5787709951400757,data\cache\clean\test\sidset_206468f74dab4d45\jpeg_q90.jpg
sidset_230a893e83782a7f,jpeg_q90,sidset,real,0,0.7573915123939514,data\cache\clean\test\sidset_230a893e83782a7f\jpeg_q90.jpg
sidset_240eaccddb6506ef,jpeg_q90,sidset,real,0,0.5927583575248718,data\cache\clean\test\sidset_240eaccddb6506ef\jpeg_q90.jpg
sidset_247241c5aa1f3f9c,jpeg_q90,sidset,real,0,0.7178162336349487,data\cache\clean\test\sidset_247241c5aa1f3f9c\jpeg_q90.jpg
sidset_2905198a806667f8,jpeg_q90,sidset,real,0,0.6022580862045288,data\cache\clean\test\sidset_2905198a806667f8\jpeg_q90.jpg
sidset_2a8fb1de6042f419,jpeg_q90,sidset,real,0,0.7559582591056824,data\cache\clean\test\sidset_2a8fb1de6042f419\jpeg_q90.jpg
sidset_2c7cd831752d6b09,jpeg_q90,sidset,real,0,0.9017457365989685,data\cache\clean\test\sidset_2c7cd831752d6b09\jpeg_q90.jpg
sidset_2da45bb6ecb94767,jpeg_q90,sidset,real,0,0.7121807336807251,data\cache\clean\test\sidset_2da45bb6ecb94767\jpeg_q90.jpg
sidset_2e1070632f289596,jpeg_q90,sidset,real,0,0.5308934450149536,data\cache\clean\test\sidset_2e1070632f289596\jpeg_q90.jpg
sidset_3366fe07253694af,jpeg_q90,sidset,real,0,0.5700182318687439,data\cache\clean\test\sidset_3366fe07253694af\jpeg_q90.jpg
sidset_3413efa4fc47b5ac,jpeg_q90,sidset,real,0,0.8034869432449341,data\cache\clean\test\sidset_3413efa4fc47b5ac\jpeg_q90.jpg
sidset_351df796b93ed2b5,jpeg_q90,sidset,real,0,0.7589564323425293,data\cache\clean\test\sidset_351df796b93ed2b5\jpeg_q90.jpg
sidset_3beca4d6152a4aa5,jpeg_q90,sidset,real,0,0.6850479245185852,data\cache\clean\test\sidset_3beca4d6152a4aa5\jpeg_q90.jpg
sidset_3fbc4c1574ef987d,jpeg_q90,sidset,real,0,0.6984770894050598,data\cache\clean\test\sidset_3fbc4c1574ef987d\jpeg_q90.jpg
sidset_405f8f3229fd3f3a,jpeg_q90,sidset,real,0,0.541593074798584,data\cache\clean\test\sidset_405f8f3229fd3f3a\jpeg_q90.jpg
sidset_40d5448c128a6537,jpeg_q90,sidset,real,0,0.8180472254753113,data\cache\clean\test\sidset_40d5448c128a6537\jpeg_q90.jpg
sidset_41fb52633e2258f5,jpeg_q90,sidset,real,0,0.6575434803962708,data\cache\clean\test\sidset_41fb52633e2258f5\jpeg_q90.jpg
sidset_4566671bd4a332e8,jpeg_q90,sidset,real,0,0.8895455002784729,data\cache\clean\test\sidset_4566671bd4a332e8\jpeg_q90.jpg
sidset_45a6cb8b20ae57d2,jpeg_q90,sidset,real,0,0.8644313812255859,data\cache\clean\test\sidset_45a6cb8b20ae57d2\jpeg_q90.jpg
sidset_47927d08b0f027e7,jpeg_q90,sidset,real,0,0.9734640121459961,data\cache\clean\test\sidset_47927d08b0f027e7\jpeg_q90.jpg
sidset_4c361533bba3cc71,jpeg_q90,sidset,real,0,0.9346175193786621,data\cache\clean\test\sidset_4c361533bba3cc71\jpeg_q90.jpg
sidset_4dd2dda240e479c1,jpeg_q90,sidset,real,0,0.7943896055221558,data\cache\clean\test\sidset_4dd2dda240e479c1\jpeg_q90.jpg
sidset_52bf81b2d7f84101,jpeg_q90,sidset,real,0,0.5629792809486389,data\cache\clean\test\sidset_52bf81b2d7f84101\jpeg_q90.jpg
sidset_55ed6c0bbd54e07d,jpeg_q90,sidset,real,0,0.9896020293235779,data\cache\clean\test\sidset_55ed6c0bbd54e07d\jpeg_q90.jpg
sidset_59e78921fe0be3d3,jpeg_q90,sidset,real,0,0.6171925067901611,data\cache\clean\test\sidset_59e78921fe0be3d3\jpeg_q90.jpg
sidset_5a165a26bf8ca4be,jpeg_q90,sidset,real,0,0.9379797577857971,data\cache\clean\test\sidset_5a165a26bf8ca4be\jpeg_q90.jpg
sidset_5ae51a789c118b75,jpeg_q90,sidset,real,0,0.755703330039978,data\cache\clean\test\sidset_5ae51a789c118b75\jpeg_q90.jpg
sidset_5b291a7b5ae05cf0,jpeg_q90,sidset,real,0,0.5581493377685547,data\cache\clean\test\sidset_5b291a7b5ae05cf0\jpeg_q90.jpg
sidset_5b8f12b78d13bfcd,jpeg_q90,sidset,real,0,0.9616720676422119,data\cache\clean\test\sidset_5b8f12b78d13bfcd\jpeg_q90.jpg
sidset_5ba522a91162ae70,jpeg_q90,sidset,real,0,0.9957992434501648,data\cache\clean\test\sidset_5ba522a91162ae70\jpeg_q90.jpg
sidset_5d6c80bf53edd038,jpeg_q90,sidset,real,0,0.6031709909439087,data\cache\clean\test\sidset_5d6c80bf53edd038\jpeg_q90.jpg
sidset_5fd49a9afbba9bd6,jpeg_q90,sidset,real,0,0.9660012722015381,data\cache\clean\test\sidset_5fd49a9afbba9bd6\jpeg_q90.jpg
sidset_615f67f3acd96d5c,jpeg_q90,sidset,real,0,0.9125108122825623,data\cache\clean\test\sidset_615f67f3acd96d5c\jpeg_q90.jpg
sidset_61788db65ec08fe7,jpeg_q90,sidset,real,0,0.5903098583221436,data\cache\clean\test\sidset_61788db65ec08fe7\jpeg_q90.jpg
sidset_62d3110113ec4633,jpeg_q90,sidset,real,0,0.9759624600410461,data\cache\clean\test\sidset_62d3110113ec4633\jpeg_q90.jpg
sidset_6431b1bc822a7f18,jpeg_q90,sidset,real,0,0.6043744087219238,data\cache\clean\test\sidset_6431b1bc822a7f18\jpeg_q90.jpg
sidset_65d4916b9f3f47ba,jpeg_q90,sidset,real,0,0.6647368669509888,data\cache\clean\test\sidset_65d4916b9f3f47ba\jpeg_q90.jpg
sidset_660fbbd053050f25,jpeg_q90,sidset,real,0,0.7988137006759644,data\cache\clean\test\sidset_660fbbd053050f25\jpeg_q90.jpg
sidset_67e679dca692a59d,jpeg_q90,sidset,real,0,0.9836853742599487,data\cache\clean\test\sidset_67e679dca692a59d\jpeg_q90.jpg
sidset_68f0479b7dde7700,jpeg_q90,sidset,real,0,0.6918719410896301,data\cache\clean\test\sidset_68f0479b7dde7700\jpeg_q90.jpg
sidset_6ae976e8966ec975,jpeg_q90,sidset,real,0,0.8021757006645203,data\cache\clean\test\sidset_6ae976e8966ec975\jpeg_q90.jpg
sidset_6b7167d906f4ff1f,jpeg_q90,sidset,real,0,0.8946189284324646,data\cache\clean\test\sidset_6b7167d906f4ff1f\jpeg_q90.jpg
sidset_6ca445fcf626607b,jpeg_q90,sidset,real,0,0.6049739122390747,data\cache\clean\test\sidset_6ca445fcf626607b\jpeg_q90.jpg
sidset_6cd755669fbaa2d8,jpeg_q90,sidset,real,0,0.5081713795661926,data\cache\clean\test\sidset_6cd755669fbaa2d8\jpeg_q90.jpg
sidset_6f3ce9ca0af3863c,jpeg_q90,sidset,real,0,0.5571556687355042,data\cache\clean\test\sidset_6f3ce9ca0af3863c\jpeg_q90.jpg
sidset_6fd040fe95578d90,jpeg_q90,sidset,real,0,0.6892449259757996,data\cache\clean\test\sidset_6fd040fe95578d90\jpeg_q90.jpg
sidset_759a21da57c25774,jpeg_q90,sidset,real,0,0.9859097003936768,data\cache\clean\test\sidset_759a21da57c25774\jpeg_q90.jpg
sidset_7974984b83c15934,jpeg_q90,sidset,real,0,0.5587788224220276,data\cache\clean\test\sidset_7974984b83c15934\jpeg_q90.jpg
sidset_7b02c62c42c0cc7f,jpeg_q90,sidset,real,0,0.5051617622375488,data\cache\clean\test\sidset_7b02c62c42c0cc7f\jpeg_q90.jpg
sidset_7b550aceb5ec111f,jpeg_q90,sidset,real,0,0.6801340579986572,data\cache\clean\test\sidset_7b550aceb5ec111f\jpeg_q90.jpg
sidset_7f1ce0ac000e1d6c,jpeg_q90,sidset,real,0,0.8443283438682556,data\cache\clean\test\sidset_7f1ce0ac000e1d6c\jpeg_q90.jpg
sidset_832e43df048c6d1a,jpeg_q90,sidset,real,0,0.6036232709884644,data\cache\clean\test\sidset_832e43df048c6d1a\jpeg_q90.jpg
sidset_85928afd9860bcb5,jpeg_q90,sidset,real,0,0.6026484370231628,data\cache\clean\test\sidset_85928afd9860bcb5\jpeg_q90.jpg
sidset_8619862cda88466c,jpeg_q90,sidset,real,0,0.6511082649230957,data\cache\clean\test\sidset_8619862cda88466c\jpeg_q90.jpg
sidset_87d1c36b80601bcb,jpeg_q90,sidset,real,0,0.5051476955413818,data\cache\clean\test\sidset_87d1c36b80601bcb\jpeg_q90.jpg
sidset_8c3549f9f22a8f34,jpeg_q90,sidset,real,0,0.9554981589317322,data\cache\clean\test\sidset_8c3549f9f22a8f34\jpeg_q90.jpg
sidset_918190e0dd7fc829,jpeg_q90,sidset,real,0,0.9991470575332642,data\cache\clean\test\sidset_918190e0dd7fc829\jpeg_q90.jpg
sidset_9811f04611ad082c,jpeg_q90,sidset,real,0,0.5407615900039673,data\cache\clean\test\sidset_9811f04611ad082c\jpeg_q90.jpg
sidset_9930f532d418d193,jpeg_q90,sidset,real,0,0.8908926844596863,data\cache\clean\test\sidset_9930f532d418d193\jpeg_q90.jpg
sidset_995429a562f1aed2,jpeg_q90,sidset,real,0,0.8191227912902832,data\cache\clean\test\sidset_995429a562f1aed2\jpeg_q90.jpg
sidset_9bd8ecc186d59fe9,jpeg_q90,sidset,real,0,0.5048887729644775,data\cache\clean\test\sidset_9bd8ecc186d59fe9\jpeg_q90.jpg
sidset_9e2a9b16ff46f867,jpeg_q90,sidset,real,0,0.9516417980194092,data\cache\clean\test\sidset_9e2a9b16ff46f867\jpeg_q90.jpg
sidset_a3032d75347e6fa2,jpeg_q90,sidset,real,0,0.9865568280220032,data\cache\clean\test\sidset_a3032d75347e6fa2\jpeg_q90.jpg
sidset_a4268c0135ca2c65,jpeg_q90,sidset,real,0,0.9841806888580322,data\cache\clean\test\sidset_a4268c0135ca2c65\jpeg_q90.jpg
sidset_a429805728e89e7d,jpeg_q90,sidset,real,0,0.9915169477462769,data\cache\clean\test\sidset_a429805728e89e7d\jpeg_q90.jpg
sidset_a78c3118763031c7,jpeg_q90,sidset,real,0,0.5045024156570435,data\cache\clean\test\sidset_a78c3118763031c7\jpeg_q90.jpg
sidset_a8ad741ef85002f3,jpeg_q90,sidset,real,0,0.7870516777038574,data\cache\clean\test\sidset_a8ad741ef85002f3\jpeg_q90.jpg
sidset_a95cb67561b0310c,jpeg_q90,sidset,real,0,0.5658966898918152,data\cache\clean\test\sidset_a95cb67561b0310c\jpeg_q90.jpg
sidset_ac54ef2834f8bc74,jpeg_q90,sidset,real,0,0.5478030443191528,data\cache\clean\test\sidset_ac54ef2834f8bc74\jpeg_q90.jpg
sidset_addaecf6bdb9e66b,jpeg_q90,sidset,real,0,0.9944936037063599,data\cache\clean\test\sidset_addaecf6bdb9e66b\jpeg_q90.jpg
sidset_b230de6baca8d392,jpeg_q90,sidset,real,0,0.9128748774528503,data\cache\clean\test\sidset_b230de6baca8d392\jpeg_q90.jpg
sidset_b3d460c2a4f17eff,jpeg_q90,sidset,real,0,0.5604865550994873,data\cache\clean\test\sidset_b3d460c2a4f17eff\jpeg_q90.jpg
sidset_b7e2bd65518fb887,jpeg_q90,sidset,real,0,0.5647188425064087,data\cache\clean\test\sidset_b7e2bd65518fb887\jpeg_q90.jpg
sidset_b8d2d5fcb72a3a65,jpeg_q90,sidset,real,0,0.574847936630249,data\cache\clean\test\sidset_b8d2d5fcb72a3a65\jpeg_q90.jpg
sidset_bafdbc8a8d68c696,jpeg_q90,sidset,real,0,0.6303429007530212,data\cache\clean\test\sidset_bafdbc8a8d68c696\jpeg_q90.jpg
sidset_bc280ffeb57ce51b,jpeg_q90,sidset,real,0,0.7797130346298218,data\cache\clean\test\sidset_bc280ffeb57ce51b\jpeg_q90.jpg
sidset_bc70b06f0d603efd,jpeg_q90,sidset,real,0,0.9997965693473816,data\cache\clean\test\sidset_bc70b06f0d603efd\jpeg_q90.jpg
sidset_bddc30edb2816122,jpeg_q90,sidset,real,0,0.8013226985931396,data\cache\clean\test\sidset_bddc30edb2816122\jpeg_q90.jpg
sidset_be1daffd2d21411d,jpeg_q90,sidset,real,0,0.6542750000953674,data\cache\clean\test\sidset_be1daffd2d21411d\jpeg_q90.jpg
sidset_c104d5a827c3dc84,jpeg_q90,sidset,real,0,0.9465323686599731,data\cache\clean\test\sidset_c104d5a827c3dc84\jpeg_q90.jpg
sidset_c3c41d4a18529a16,jpeg_q90,sidset,real,0,0.5093280076980591,data\cache\clean\test\sidset_c3c41d4a18529a16\jpeg_q90.jpg
sidset_c47a1c5427ee9d26,jpeg_q90,sidset,real,0,0.6085304617881775,data\cache\clean\test\sidset_c47a1c5427ee9d26\jpeg_q90.jpg
sidset_c5a378b0ea24d25e,jpeg_q90,sidset,real,0,0.6958758234977722,data\cache\clean\test\sidset_c5a378b0ea24d25e\jpeg_q90.jpg
sidset_cac550631e35c126,jpeg_q90,sidset,real,0,0.603343665599823,data\cache\clean\test\sidset_cac550631e35c126\jpeg_q90.jpg
sidset_cb68a83278e88b9d,jpeg_q90,sidset,real,0,0.8262654542922974,data\cache\clean\test\sidset_cb68a83278e88b9d\jpeg_q90.jpg
sidset_cc4571b1efacde65,jpeg_q90,sidset,real,0,0.6036455631256104,data\cache\clean\test\sidset_cc4571b1efacde65\jpeg_q90.jpg
sidset_ce09a25a50fdfe47,jpeg_q90,sidset,real,0,0.8681665658950806,data\cache\clean\test\sidset_ce09a25a50fdfe47\jpeg_q90.jpg
sidset_cfa694ce3bb2538c,jpeg_q90,sidset,real,0,0.5404959321022034,data\cache\clean\test\sidset_cfa694ce3bb2538c\jpeg_q90.jpg
sidset_d3d78752fef3f3c4,jpeg_q90,sidset,real,0,0.5646083354949951,data\cache\clean\test\sidset_d3d78752fef3f3c4\jpeg_q90.jpg
sidset_d482661389f951ac,jpeg_q90,sidset,real,0,0.607897162437439,data\cache\clean\test\sidset_d482661389f951ac\jpeg_q90.jpg
sidset_d652dc17bb0709b8,jpeg_q90,sidset,real,0,0.5314962267875671,data\cache\clean\test\sidset_d652dc17bb0709b8\jpeg_q90.jpg
sidset_dcc4eb3a61fc711a,jpeg_q90,sidset,real,0,0.8046942949295044,data\cache\clean\test\sidset_dcc4eb3a61fc711a\jpeg_q90.jpg
sidset_df089363fbc3dff5,jpeg_q90,sidset,real,0,0.9558935165405273,data\cache\clean\test\sidset_df089363fbc3dff5\jpeg_q90.jpg
sidset_e14e3989daa0bebd,jpeg_q90,sidset,real,0,0.738024115562439,data\cache\clean\test\sidset_e14e3989daa0bebd\jpeg_q90.jpg
sidset_e19c80d7ff2e201b,jpeg_q90,sidset,real,0,0.8590255379676819,data\cache\clean\test\sidset_e19c80d7ff2e201b\jpeg_q90.jpg
sidset_e1a5cac65504c6d6,jpeg_q90,sidset,real,0,0.6474600434303284,data\cache\clean\test\sidset_e1a5cac65504c6d6\jpeg_q90.jpg
sidset_e35ca53982ee8372,jpeg_q90,sidset,real,0,0.6565033197402954,data\cache\clean\test\sidset_e35ca53982ee8372\jpeg_q90.jpg
sidset_e547ceb84d50e7bf,jpeg_q90,sidset,real,0,0.7125478982925415,data\cache\clean\test\sidset_e547ceb84d50e7bf\jpeg_q90.jpg
sidset_e67f5961f8d7c753,jpeg_q90,sidset,real,0,0.8174137473106384,data\cache\clean\test\sidset_e67f5961f8d7c753\jpeg_q90.jpg
sidset_e7250acece7d41f5,jpeg_q90,sidset,real,0,0.9238322973251343,data\cache\clean\test\sidset_e7250acece7d41f5\jpeg_q90.jpg
sidset_e99541e9ff8fadb2,jpeg_q90,sidset,real,0,0.5304678678512573,data\cache\clean\test\sidset_e99541e9ff8fadb2\jpeg_q90.jpg
sidset_ea40598e1128af27,jpeg_q90,sidset,real,0,0.5939857363700867,data\cache\clean\test\sidset_ea40598e1128af27\jpeg_q90.jpg
sidset_ec0193adf7d72f96,jpeg_q90,sidset,real,0,0.5764504671096802,data\cache\clean\test\sidset_ec0193adf7d72f96\jpeg_q90.jpg
sidset_ef3f636bfc78f3a5,jpeg_q90,sidset,real,0,0.6300650835037231,data\cache\clean\test\sidset_ef3f636bfc78f3a5\jpeg_q90.jpg
sidset_f1dcc7d3f0ff18ab,jpeg_q90,sidset,real,0,0.7464407086372375,data\cache\clean\test\sidset_f1dcc7d3f0ff18ab\jpeg_q90.jpg
sidset_f250696304a3be0e,jpeg_q90,sidset,real,0,0.744138240814209,data\cache\clean\test\sidset_f250696304a3be0e\jpeg_q90.jpg
sidset_f5044c17014681a8,jpeg_q90,sidset,real,0,0.8054817914962769,data\cache\clean\test\sidset_f5044c17014681a8\jpeg_q90.jpg
sidset_f84d742c437fbc59,jpeg_q90,sidset,real,0,0.6100127696990967,data\cache\clean\test\sidset_f84d742c437fbc59\jpeg_q90.jpg
sidset_fac95db1f3df9775,jpeg_q90,sidset,real,0,0.9661391973495483,data\cache\clean\test\sidset_fac95db1f3df9775\jpeg_q90.jpg
sidset_ffb6be41271c5645,jpeg_q90,sidset,real,0,0.9836462736129761,data\cache\clean\test\sidset_ffb6be41271c5645\jpeg_q90.jpg
cifake_0239 (10),noise_s0.02,cifake,real,0,0.8017881512641907,data\cache\clean\test\cifake_0239 (10)\noise_s0.02.jpg
cifake_0260 (4),noise_s0.02,cifake,real,0,0.8047281503677368,data\cache\clean\test\cifake_0260 (4)\noise_s0.02.jpg
cifake_0343 (6),noise_s0.02,cifake,real,0,0.7097563743591309,data\cache\clean\test\cifake_0343 (6)\noise_s0.02.jpg
cifake_0793,noise_s0.02,cifake,real,0,0.9275176525115967,data\cache\clean\test\cifake_0793\noise_s0.02.jpg
cifake_0858 (3),noise_s0.02,cifake,real,0,0.9502353072166443,data\cache\clean\test\cifake_0858 (3)\noise_s0.02.jpg
cifake_0967 (9),noise_s0.02,cifake,real,0,0.9614368677139282,data\cache\clean\test\cifake_0967 (9)\noise_s0.02.jpg
cifake_1331 (2),noise_s0.02,cifake,real,0,0.5056148767471313,data\cache\clean\test\cifake_1331 (2)\noise_s0.02.jpg
cifake_2122,noise_s0.02,cifake,real,0,0.9741344451904297,data\cache\clean\test\cifake_2122\noise_s0.02.jpg
cifake_2500 (3),noise_s0.02,cifake,real,0,0.6598395109176636,data\cache\clean\test\cifake_2500 (3)\noise_s0.02.jpg
cifake_2547,noise_s0.02,cifake,real,0,0.9280064105987549,data\cache\clean\test\cifake_2547\noise_s0.02.jpg
cifake_2660,noise_s0.02,cifake,real,0,0.9866829514503479,data\cache\clean\test\cifake_2660\noise_s0.02.jpg
cifake_2884 (4),noise_s0.02,cifake,real,0,0.62433922290802,data\cache\clean\test\cifake_2884 (4)\noise_s0.02.jpg
cifake_2934 (2),noise_s0.02,cifake,real,0,0.8761001229286194,data\cache\clean\test\cifake_2934 (2)\noise_s0.02.jpg
cifake_2940 (8),noise_s0.02,cifake,real,0,0.7677237391471863,data\cache\clean\test\cifake_2940 (8)\noise_s0.02.jpg
cifake_2972 (5),noise_s0.02,cifake,real,0,0.6530517935752869,data\cache\clean\test\cifake_2972 (5)\noise_s0.02.jpg
cifake_3872,noise_s0.02,cifake,real,0,0.6154063940048218,data\cache\clean\test\cifake_3872\noise_s0.02.jpg
cifake_4103 (9),noise_s0.02,cifake,real,0,0.8031756281852722,data\cache\clean\test\cifake_4103 (9)\noise_s0.02.jpg
cifake_4389,noise_s0.02,cifake,real,0,0.7314167022705078,data\cache\clean\test\cifake_4389\noise_s0.02.jpg
cifake_4609 (2),noise_s0.02,cifake,real,0,0.5836807489395142,data\cache\clean\test\cifake_4609 (2)\noise_s0.02.jpg
cifake_4660 (5),noise_s0.02,cifake,real,0,0.8031065464019775,data\cache\clean\test\cifake_4660 (5)\noise_s0.02.jpg
cifake_4673 (5),noise_s0.02,cifake,real,0,0.7456773519515991,data\cache\clean\test\cifake_4673 (5)\noise_s0.02.jpg
sidset_01e9eac7f3601b11,noise_s0.02,sidset,real,0,0.5741537809371948,data\cache\clean\test\sidset_01e9eac7f3601b11\noise_s0.02.jpg
sidset_02eb47f790cba404,noise_s0.02,sidset,real,0,0.5097367167472839,data\cache\clean\test\sidset_02eb47f790cba404\noise_s0.02.jpg
sidset_036df955965cb2f9,noise_s0.02,sidset,real,0,0.6434066295623779,data\cache\clean\test\sidset_036df955965cb2f9\noise_s0.02.jpg
sidset_038789965a8f7606,noise_s0.02,sidset,real,0,0.5972203016281128,data\cache\clean\test\sidset_038789965a8f7606\noise_s0.02.jpg
sidset_03eaaa4033ae7bc3,noise_s0.02,sidset,real,0,0.8749608993530273,data\cache\clean\test\sidset_03eaaa4033ae7bc3\noise_s0.02.jpg
sidset_04dca235b99ad328,noise_s0.02,sidset,real,0,0.8480933904647827,data\cache\clean\test\sidset_04dca235b99ad328\noise_s0.02.jpg
sidset_09e779f2616dde26,noise_s0.02,sidset,real,0,0.5063412189483643,data\cache\clean\test\sidset_09e779f2616dde26\noise_s0.02.jpg
sidset_09f7329f0c1c9fd4,noise_s0.02,sidset,real,0,0.7165654301643372,data\cache\clean\test\sidset_09f7329f0c1c9fd4\noise_s0.02.jpg
sidset_0e40f2f48ac5ec94,noise_s0.02,sidset,real,0,0.7292259931564331,data\cache\clean\test\sidset_0e40f2f48ac5ec94\noise_s0.02.jpg
sidset_0fc18c1f120b0acb,noise_s0.02,sidset,real,0,0.5095363855361938,data\cache\clean\test\sidset_0fc18c1f120b0acb\noise_s0.02.jpg
sidset_10074342a36207e9,noise_s0.02,sidset,real,0,0.5892789959907532,data\cache\clean\test\sidset_10074342a36207e9\noise_s0.02.jpg
sidset_14312756c1c94efa,noise_s0.02,sidset,real,0,0.6875975131988525,data\cache\clean\test\sidset_14312756c1c94efa\noise_s0.02.jpg
sidset_165e94520f73e349,noise_s0.02,sidset,real,0,0.8831186294555664,data\cache\clean\test\sidset_165e94520f73e349\noise_s0.02.jpg
sidset_19a1dd0dde3ed26c,noise_s0.02,sidset,real,0,0.5950507521629333,data\cache\clean\test\sidset_19a1dd0dde3ed26c\noise_s0.02.jpg
sidset_1b20d1ec3fd5a56f,noise_s0.02,sidset,real,0,0.5473166704177856,data\cache\clean\test\sidset_1b20d1ec3fd5a56f\noise_s0.02.jpg
sidset_1cae0a8c943c87f1,noise_s0.02,sidset,real,0,0.5304669737815857,data\cache\clean\test\sidset_1cae0a8c943c87f1\noise_s0.02.jpg
sidset_1d24e17c0f598d7a,noise_s0.02,sidset,real,0,0.6185564994812012,data\cache\clean\test\sidset_1d24e17c0f598d7a\noise_s0.02.jpg
sidset_1d49d26ca0273da6,noise_s0.02,sidset,real,0,0.858453631401062,data\cache\clean\test\sidset_1d49d26ca0273da6\noise_s0.02.jpg
sidset_206468f74dab4d45,noise_s0.02,sidset,real,0,0.5418668985366821,data\cache\clean\test\sidset_206468f74dab4d45\noise_s0.02.jpg
sidset_22b07f2ffcaf319c,noise_s0.02,sidset,real,0,0.756811797618866,data\cache\clean\test\sidset_22b07f2ffcaf319c\noise_s0.02.jpg
sidset_230a893e83782a7f,noise_s0.02,sidset,real,0,0.6727169752120972,data\cache\clean\test\sidset_230a893e83782a7f\noise_s0.02.jpg
sidset_231c37d4664b7de1,noise_s0.02,sidset,real,0,0.6191566586494446,data\cache\clean\test\sidset_231c37d4664b7de1\noise_s0.02.jpg
sidset_240eaccddb6506ef,noise_s0.02,sidset,real,0,0.5809287428855896,data\cache\clean\test\sidset_240eaccddb6506ef\noise_s0.02.jpg
sidset_247241c5aa1f3f9c,noise_s0.02,sidset,real,0,0.9453853964805603,data\cache\clean\test\sidset_247241c5aa1f3f9c\noise_s0.02.jpg
sidset_26c389b400ea1653,noise_s0.02,sidset,real,0,0.5908164978027344,data\cache\clean\test\sidset_26c389b400ea1653\noise_s0.02.jpg
sidset_2a8fb1de6042f419,noise_s0.02,sidset,real,0,0.6907801628112793,data\cache\clean\test\sidset_2a8fb1de6042f419\noise_s0.02.jpg
sidset_2c7cd831752d6b09,noise_s0.02,sidset,real,0,0.8571752309799194,data\cache\clean\test\sidset_2c7cd831752d6b09\noise_s0.02.jpg
sidset_2da45bb6ecb94767,noise_s0.02,sidset,real,0,0.6984484791755676,data\cache\clean\test\sidset_2da45bb6ecb94767\noise_s0.02.jpg
sidset_2e1070632f289596,noise_s0.02,sidset,real,0,0.5946235656738281,data\cache\clean\test\sidset_2e1070632f289596\noise_s0.02.jpg
sidset_3366fe07253694af,noise_s0.02,sidset,real,0,0.5112314820289612,data\cache\clean\test\sidset_3366fe07253694af\noise_s0.02.jpg
sidset_3413efa4fc47b5ac,noise_s0.02,sidset,real,0,0.7736749649047852,data\cache\clean\test\sidset_3413efa4fc47b5ac\noise_s0.02.jpg
sidset_351df796b93ed2b5,noise_s0.02,sidset,real,0,0.7913460731506348,data\cache\clean\test\sidset_351df796b93ed2b5\noise_s0.02.jpg
sidset_36ec0b674a14714a,noise_s0.02,sidset,real,0,0.5336384773254395,data\cache\clean\test\sidset_36ec0b674a14714a\noise_s0.02.jpg
sidset_39a3f029e2e17dd3,noise_s0.02,sidset,real,0,0.5572236776351929,data\cache\clean\test\sidset_39a3f029e2e17dd3\noise_s0.02.jpg
sidset_3beca4d6152a4aa5,noise_s0.02,sidset,real,0,0.7029169201850891,data\cache\clean\test\sidset_3beca4d6152a4aa5\noise_s0.02.jpg
sidset_3fbc4c1574ef987d,noise_s0.02,sidset,real,0,0.5695423483848572,data\cache\clean\test\sidset_3fbc4c1574ef987d\noise_s0.02.jpg
sidset_405f8f3229fd3f3a,noise_s0.02,sidset,real,0,0.533801257610321,data\cache\clean\test\sidset_405f8f3229fd3f3a\noise_s0.02.jpg
sidset_40d5448c128a6537,noise_s0.02,sidset,real,0,0.7954475283622742,data\cache\clean\test\sidset_40d5448c128a6537\noise_s0.02.jpg
sidset_41fb52633e2258f5,noise_s0.02,sidset,real,0,0.6718432903289795,data\cache\clean\test\sidset_41fb52633e2258f5\noise_s0.02.jpg
sidset_41fcb89ff22ef83c,noise_s0.02,sidset,real,0,0.8046352863311768,data\cache\clean\test\sidset_41fcb89ff22ef83c\noise_s0.02.jpg
sidset_4566671bd4a332e8,noise_s0.02,sidset,real,0,0.9608080983161926,data\cache\clean\test\sidset_4566671bd4a332e8\noise_s0.02.jpg
sidset_45a6cb8b20ae57d2,noise_s0.02,sidset,real,0,0.864837110042572,data\cache\clean\test\sidset_45a6cb8b20ae57d2\noise_s0.02.jpg
sidset_47927d08b0f027e7,noise_s0.02,sidset,real,0,0.9480563998222351,data\cache\clean\test\sidset_47927d08b0f027e7\noise_s0.02.jpg
sidset_4c361533bba3cc71,noise_s0.02,sidset,real,0,0.9455137848854065,data\cache\clean\test\sidset_4c361533bba3cc71\noise_s0.02.jpg
sidset_52bf81b2d7f84101,noise_s0.02,sidset,real,0,0.7588895559310913,data\cache\clean\test\sidset_52bf81b2d7f84101\noise_s0.02.jpg
sidset_55ed6c0bbd54e07d,noise_s0.02,sidset,real,0,0.9921495914459229,data\cache\clean\test\sidset_55ed6c0bbd54e07d\noise_s0.02.jpg
sidset_59e78921fe0be3d3,noise_s0.02,sidset,real,0,0.7211365699768066,data\cache\clean\test\sidset_59e78921fe0be3d3\noise_s0.02.jpg
sidset_5a165a26bf8ca4be,noise_s0.02,sidset,real,0,0.9554193019866943,data\cache\clean\test\sidset_5a165a26bf8ca4be\noise_s0.02.jpg
sidset_5ae51a789c118b75,noise_s0.02,sidset,real,0,0.9367761015892029,data\cache\clean\test\sidset_5ae51a789c118b75\noise_s0.02.jpg
sidset_5b8f12b78d13bfcd,noise_s0.02,sidset,real,0,0.94505375623703,data\cache\clean\test\sidset_5b8f12b78d13bfcd\noise_s0.02.jpg
sidset_5ba522a91162ae70,noise_s0.02,sidset,real,0,0.9542422294616699,data\cache\clean\test\sidset_5ba522a91162ae70\noise_s0.02.jpg
sidset_5d6c80bf53edd038,noise_s0.02,sidset,real,0,0.612772524356842,data\cache\clean\test\sidset_5d6c80bf53edd038\noise_s0.02.jpg
sidset_5fd49a9afbba9bd6,noise_s0.02,sidset,real,0,0.9744929671287537,data\cache\clean\test\sidset_5fd49a9afbba9bd6\noise_s0.02.jpg
sidset_615f67f3acd96d5c,noise_s0.02,sidset,real,0,0.5495455861091614,data\cache\clean\test\sidset_615f67f3acd96d5c\noise_s0.02.jpg
sidset_61788db65ec08fe7,noise_s0.02,sidset,real,0,0.5315986275672913,data\cache\clean\test\sidset_61788db65ec08fe7\noise_s0.02.jpg
sidset_62d3110113ec4633,noise_s0.02,sidset,real,0,0.9078872203826904,data\cache\clean\test\sidset_62d3110113ec4633\noise_s0.02.jpg
sidset_656916e9c7039df4,noise_s0.02,sidset,real,0,0.544813871383667,data\cache\clean\test\sidset_656916e9c7039df4\noise_s0.02.jpg
sidset_660fbbd053050f25,noise_s0.02,sidset,real,0,0.8040330410003662,data\cache\clean\test\sidset_660fbbd053050f25\noise_s0.02.jpg
sidset_67e679dca692a59d,noise_s0.02,sidset,real,0,0.9366633296012878,data\cache\clean\test\sidset_67e679dca692a59d\noise_s0.02.jpg
sidset_68f0479b7dde7700,noise_s0.02,sidset,real,0,0.6256911158561707,data\cache\clean\test\sidset_68f0479b7dde7700\noise_s0.02.jpg
sidset_6ae976e8966ec975,noise_s0.02,sidset,real,0,0.7173957228660583,data\cache\clean\test\sidset_6ae976e8966ec975\noise_s0.02.jpg
sidset_6b7167d906f4ff1f,noise_s0.02,sidset,real,0,0.8364576697349548,data\cache\clean\test\sidset_6b7167d906f4ff1f\noise_s0.02.jpg
sidset_6bad0a1b36aae064,noise_s0.02,sidset,real,0,0.6106288433074951,data\cache\clean\test\sidset_6bad0a1b36aae064\noise_s0.02.jpg
sidset_6ca445fcf626607b,noise_s0.02,sidset,real,0,0.5771270990371704,data\cache\clean\test\sidset_6ca445fcf626607b\noise_s0.02.jpg
sidset_6fd040fe95578d90,noise_s0.02,sidset,real,0,0.7224533557891846,data\cache\clean\test\sidset_6fd040fe95578d90\noise_s0.02.jpg
sidset_759a21da57c25774,noise_s0.02,sidset,real,0,0.9069544076919556,data\cache\clean\test\sidset_759a21da57c25774\noise_s0.02.jpg
sidset_7974984b83c15934,noise_s0.02,sidset,real,0,0.562566339969635,data\cache\clean\test\sidset_7974984b83c15934\noise_s0.02.jpg
sidset_7b02c62c42c0cc7f,noise_s0.02,sidset,real,0,0.5129020810127258,data\cache\clean\test\sidset_7b02c62c42c0cc7f\noise_s0.02.jpg
sidset_7f1ce0ac000e1d6c,noise_s0.02,sidset,real,0,0.7962466478347778,data\cache\clean\test\sidset_7f1ce0ac000e1d6c\noise_s0.02.jpg
sidset_832e43df048c6d1a,noise_s0.02,sidset,real,0,0.6520965099334717,data\cache\clean\test\sidset_832e43df048c6d1a\noise_s0.02.jpg
sidset_85928afd9860bcb5,noise_s0.02,sidset,real,0,0.6450120210647583,data\cache\clean\test\sidset_85928afd9860bcb5\noise_s0.02.jpg
sidset_8619862cda88466c,noise_s0.02,sidset,real,0,0.513995349407196,data\cache\clean\test\sidset_8619862cda88466c\noise_s0.02.jpg
sidset_8d2495ea75218578,noise_s0.02,sidset,real,0,0.6902564764022827,data\cache\clean\test\sidset_8d2495ea75218578\noise_s0.02.jpg
sidset_918190e0dd7fc829,noise_s0.02,sidset,real,0,0.9994077682495117,data\cache\clean\test\sidset_918190e0dd7fc829\noise_s0.02.jpg
sidset_9915729405b9e03e,noise_s0.02,sidset,real,0,0.5439793467521667,data\cache\clean\test\sidset_9915729405b9e03e\noise_s0.02.jpg
sidset_9930f532d418d193,noise_s0.02,sidset,real,0,0.9329999089241028,data\cache\clean\test\sidset_9930f532d418d193\noise_s0.02.jpg
sidset_995429a562f1aed2,noise_s0.02,sidset,real,0,0.9326068162918091,data\cache\clean\test\sidset_995429a562f1aed2\noise_s0.02.jpg
sidset_9ad980e066bd4c5e,noise_s0.02,sidset,real,0,0.5684799551963806,data\cache\clean\test\sidset_9ad980e066bd4c5e\noise_s0.02.jpg
sidset_9bd8ecc186d59fe9,noise_s0.02,sidset,real,0,0.590827465057373,data\cache\clean\test\sidset_9bd8ecc186d59fe9\noise_s0.02.jpg
sidset_9e2a9b16ff46f867,noise_s0.02,sidset,real,0,0.8545681238174438,data\cache\clean\test\sidset_9e2a9b16ff46f867\noise_s0.02.jpg
sidset_9eee8350ba1b12f6,noise_s0.02,sidset,real,0,0.5719831585884094,data\cache\clean\test\sidset_9eee8350ba1b12f6\noise_s0.02.jpg
sidset_a3032d75347e6fa2,noise_s0.02,sidset,real,0,0.9485107064247131,data\cache\clean\test\sidset_a3032d75347e6fa2\noise_s0.02.jpg
sidset_a4268c0135ca2c65,noise_s0.02,sidset,real,0,0.9732019901275635,data\cache\clean\test\sidset_a4268c0135ca2c65\noise_s0.02.jpg
sidset_a429805728e89e7d,noise_s0.02,sidset,real,0,0.9821833372116089,data\cache\clean\test\sidset_a429805728e89e7d\noise_s0.02.jpg
sidset_a8ad741ef85002f3,noise_s0.02,sidset,real,0,0.8075788021087646,data\cache\clean\test\sidset_a8ad741ef85002f3\noise_s0.02.jpg
sidset_ab083d732ae4236c,noise_s0.02,sidset,real,0,0.6904183626174927,data\cache\clean\test\sidset_ab083d732ae4236c\noise_s0.02.jpg
sidset_addaecf6bdb9e66b,noise_s0.02,sidset,real,0,0.9890276193618774,data\cache\clean\test\sidset_addaecf6bdb9e66b\noise_s0.02.jpg
sidset_b230de6baca8d392,noise_s0.02,sidset,real,0,0.8813812732696533,data\cache\clean\test\sidset_b230de6baca8d392\noise_s0.02.jpg
sidset_b3d460c2a4f17eff,noise_s0.02,sidset,real,0,0.5813120007514954,data\cache\clean\test\sidset_b3d460c2a4f17eff\noise_s0.02.jpg
sidset_bafdbc8a8d68c696,noise_s0.02,sidset,real,0,0.6183026432991028,data\cache\clean\test\sidset_bafdbc8a8d68c696\noise_s0.02.jpg
sidset_bc280ffeb57ce51b,noise_s0.02,sidset,real,0,0.8308061361312866,data\cache\clean\test\sidset_bc280ffeb57ce51b\noise_s0.02.jpg
sidset_bc70b06f0d603efd,noise_s0.02,sidset,real,0,0.9998478889465332,data\cache\clean\test\sidset_bc70b06f0d603efd\noise_s0.02.jpg
sidset_bddc30edb2816122,noise_s0.02,sidset,real,0,0.7590290307998657,data\cache\clean\test\sidset_bddc30edb2816122\noise_s0.02.jpg
sidset_be1daffd2d21411d,noise_s0.02,sidset,real,0,0.8102126717567444,data\cache\clean\test\sidset_be1daffd2d21411d\noise_s0.02.jpg
sidset_c104d5a827c3dc84,noise_s0.02,sidset,real,0,0.976702868938446,data\cache\clean\test\sidset_c104d5a827c3dc84\noise_s0.02.jpg
sidset_c5f4e20e7d2e391c,noise_s0.02,sidset,real,0,0.5571253895759583,data\cache\clean\test\sidset_c5f4e20e7d2e391c\noise_s0.02.jpg
sidset_c7d3774f16039f96,noise_s0.02,sidset,real,0,0.5368610620498657,data\cache\clean\test\sidset_c7d3774f16039f96\noise_s0.02.jpg
sidset_cb68a83278e88b9d,noise_s0.02,sidset,real,0,0.7075194120407104,data\cache\clean\test\sidset_cb68a83278e88b9d\noise_s0.02.jpg
sidset_cc4571b1efacde65,noise_s0.02,sidset,real,0,0.5938243269920349,data\cache\clean\test\sidset_cc4571b1efacde65\noise_s0.02.jpg
sidset_ce09a25a50fdfe47,noise_s0.02,sidset,real,0,0.8424040079116821,data\cache\clean\test\sidset_ce09a25a50fdfe47\noise_s0.02.jpg
sidset_d482661389f951ac,noise_s0.02,sidset,real,0,0.7185795903205872,data\cache\clean\test\sidset_d482661389f951ac\noise_s0.02.jpg
sidset_d7c9ba7b7774dcd9,noise_s0.02,sidset,real,0,0.6379837989807129,data\cache\clean\test\sidset_d7c9ba7b7774dcd9\noise_s0.02.jpg
sidset_dcc4eb3a61fc711a,noise_s0.02,sidset,real,0,0.8952499032020569,data\cache\clean\test\sidset_dcc4eb3a61fc711a\noise_s0.02.jpg
sidset_df089363fbc3dff5,noise_s0.02,sidset,real,0,0.9260071516036987,data\cache\clean\test\sidset_df089363fbc3dff5\noise_s0.02.jpg
sidset_e14e3989daa0bebd,noise_s0.02,sidset,real,0,0.6917567849159241,data\cache\clean\test\sidset_e14e3989daa0bebd\noise_s0.02.jpg
sidset_e19c80d7ff2e201b,noise_s0.02,sidset,real,0,0.9390304684638977,data\cache\clean\test\sidset_e19c80d7ff2e201b\noise_s0.02.jpg
sidset_e20f8df5bc8ae19c,noise_s0.02,sidset,real,0,0.7581605911254883,data\cache\clean\test\sidset_e20f8df5bc8ae19c\noise_s0.02.jpg
sidset_e547ceb84d50e7bf,noise_s0.02,sidset,real,0,0.8289036750793457,data\cache\clean\test\sidset_e547ceb84d50e7bf\noise_s0.02.jpg
sidset_e7250acece7d41f5,noise_s0.02,sidset,real,0,0.902199923992157,data\cache\clean\test\sidset_e7250acece7d41f5\noise_s0.02.jpg
sidset_ea40598e1128af27,noise_s0.02,sidset,real,0,0.6303246021270752,data\cache\clean\test\sidset_ea40598e1128af27\noise_s0.02.jpg
sidset_ec0193adf7d72f96,noise_s0.02,sidset,real,0,0.6521791815757751,data\cache\clean\test\sidset_ec0193adf7d72f96\noise_s0.02.jpg
sidset_ecc82a319b4ec918,noise_s0.02,sidset,real,0,0.5579899549484253,data\cache\clean\test\sidset_ecc82a319b4ec918\noise_s0.02.jpg
sidset_ef3f636bfc78f3a5,noise_s0.02,sidset,real,0,0.7053520679473877,data\cache\clean\test\sidset_ef3f636bfc78f3a5\noise_s0.02.jpg
sidset_f1dcc7d3f0ff18ab,noise_s0.02,sidset,real,0,0.7455723881721497,data\cache\clean\test\sidset_f1dcc7d3f0ff18ab\noise_s0.02.jpg
sidset_f250696304a3be0e,noise_s0.02,sidset,real,0,0.6582541465759277,data\cache\clean\test\sidset_f250696304a3be0e\noise_s0.02.jpg
sidset_f5044c17014681a8,noise_s0.02,sidset,real,0,0.5849374532699585,data\cache\clean\test\sidset_f5044c17014681a8\noise_s0.02.jpg
sidset_fac95db1f3df9775,noise_s0.02,sidset,real,0,0.9453808069229126,data\cache\clean\test\sidset_fac95db1f3df9775\noise_s0.02.jpg
sidset_ffb6be41271c5645,noise_s0.02,sidset,real,0,0.934898853302002,data\cache\clean\test\sidset_ffb6be41271c5645\noise_s0.02.jpg
cifake_0085,noise_s0.05,cifake,real,0,0.9088945984840393,data\cache\clean\test\cifake_0085\noise_s0.05.jpg
cifake_0260 (4),noise_s0.05,cifake,real,0,0.9414811134338379,data\cache\clean\test\cifake_0260 (4)\noise_s0.05.jpg
cifake_0325 (7),noise_s0.05,cifake,real,0,0.6752232909202576,data\cache\clean\test\cifake_0325 (7)\noise_s0.05.jpg
cifake_0343 (6),noise_s0.05,cifake,real,0,0.8635191321372986,data\cache\clean\test\cifake_0343 (6)\noise_s0.05.jpg
cifake_0508 (3),noise_s0.05,cifake,real,0,0.8031348586082458,data\cache\clean\test\cifake_0508 (3)\noise_s0.05.jpg
cifake_0509 (3),noise_s0.05,cifake,real,0,0.5337929725646973,data\cache\clean\test\cifake_0509 (3)\noise_s0.05.jpg
cifake_0567,noise_s0.05,cifake,real,0,0.6643654704093933,data\cache\clean\test\cifake_0567\noise_s0.05.jpg
cifake_0618 (3),noise_s0.05,cifake,real,0,0.7146472930908203,data\cache\clean\test\cifake_0618 (3)\noise_s0.05.jpg
cifake_0669,noise_s0.05,cifake,real,0,0.61282879114151,data\cache\clean\test\cifake_0669\noise_s0.05.jpg
cifake_0745,noise_s0.05,cifake,real,0,0.5177196860313416,data\cache\clean\test\cifake_0745\noise_s0.05.jpg
cifake_0793,noise_s0.05,cifake,real,0,0.9452832341194153,data\cache\clean\test\cifake_0793\noise_s0.05.jpg
cifake_0858 (3),noise_s0.05,cifake,real,0,0.9757081866264343,data\cache\clean\test\cifake_0858 (3)\noise_s0.05.jpg
cifake_0930 (4),noise_s0.05,cifake,real,0,0.6325586438179016,data\cache\clean\test\cifake_0930 (4)\noise_s0.05.jpg
cifake_0967 (9),noise_s0.05,cifake,real,0,0.9858157634735107,data\cache\clean\test\cifake_0967 (9)\noise_s0.05.jpg
cifake_1139,noise_s0.05,cifake,real,0,0.631600022315979,data\cache\clean\test\cifake_1139\noise_s0.05.jpg
cifake_1186 (6),noise_s0.05,cifake,real,0,0.5750187039375305,data\cache\clean\test\cifake_1186 (6)\noise_s0.05.jpg
cifake_1306 (9),noise_s0.05,cifake,real,0,0.519239068031311,data\cache\clean\test\cifake_1306 (9)\noise_s0.05.jpg
cifake_1308 (6),noise_s0.05,cifake,real,0,0.678747832775116,data\cache\clean\test\cifake_1308 (6)\noise_s0.05.jpg
cifake_1338 (4),noise_s0.05,cifake,real,0,0.610842764377594,data\cache\clean\test\cifake_1338 (4)\noise_s0.05.jpg
cifake_1545 (5),noise_s0.05,cifake,real,0,0.610140323638916,data\cache\clean\test\cifake_1545 (5)\noise_s0.05.jpg
cifake_1974,noise_s0.05,cifake,real,0,0.7943427562713623,data\cache\clean\test\cifake_1974\noise_s0.05.jpg
cifake_2094 (3),noise_s0.05,cifake,real,0,0.53534996509552,data\cache\clean\test\cifake_2094 (3)\noise_s0.05.jpg
cifake_2122,noise_s0.05,cifake,real,0,0.9369027018547058,data\cache\clean\test\cifake_2122\noise_s0.05.jpg
cifake_2500 (3),noise_s0.05,cifake,real,0,0.7705539464950562,data\cache\clean\test\cifake_2500 (3)\noise_s0.05.jpg
cifake_2547,noise_s0.05,cifake,real,0,0.6697767972946167,data\cache\clean\test\cifake_2547\noise_s0.05.jpg
cifake_2660,noise_s0.05,cifake,real,0,0.9883233308792114,data\cache\clean\test\cifake_2660\noise_s0.05.jpg
cifake_2874 (4),noise_s0.05,cifake,real,0,0.7646960020065308,data\cache\clean\test\cifake_2874 (4)\noise_s0.05.jpg
cifake_2934 (2),noise_s0.05,cifake,real,0,0.6272533535957336,data\cache\clean\test\cifake_2934 (2)\noise_s0.05.jpg
cifake_2940 (8),noise_s0.05,cifake,real,0,0.7450487613677979,data\cache\clean\test\cifake_2940 (8)\noise_s0.05.jpg
cifake_2972 (5),noise_s0.05,cifake,real,0,0.9499498605728149,data\cache\clean\test\cifake_2972 (5)\noise_s0.05.jpg
cifake_3042 (4),noise_s0.05,cifake,real,0,0.5163155198097229,data\cache\clean\test\cifake_3042 (4)\noise_s0.05.jpg
cifake_3199 (2),noise_s0.05,cifake,real,0,0.6509299874305725,data\cache\clean\test\cifake_3199 (2)\noise_s0.05.jpg
cifake_3280 (8),noise_s0.05,cifake,real,0,0.7246248126029968,data\cache\clean\test\cifake_3280 (8)\noise_s0.05.jpg
cifake_3330 (4),noise_s0.05,cifake,real,0,0.8463079929351807,data\cache\clean\test\cifake_3330 (4)\noise_s0.05.jpg
cifake_3397 (6),noise_s0.05,cifake,real,0,0.5148086547851562,data\cache\clean\test\cifake_3397 (6)\noise_s0.05.jpg
cifake_3458 (9),noise_s0.05,cifake,real,0,0.7860780954360962,data\cache\clean\test\cifake_3458 (9)\noise_s0.05.jpg
cifake_4103 (9),noise_s0.05,cifake,real,0,0.7912203073501587,data\cache\clean\test\cifake_4103 (9)\noise_s0.05.jpg
cifake_4186 (5),noise_s0.05,cifake,real,0,0.9444789290428162,data\cache\clean\test\cifake_4186 (5)\noise_s0.05.jpg
cifake_4250 (9),noise_s0.05,cifake,real,0,0.5701606869697571,data\cache\clean\test\cifake_4250 (9)\noise_s0.05.jpg
cifake_4283 (2),noise_s0.05,cifake,real,0,0.5246583223342896,data\cache\clean\test\cifake_4283 (2)\noise_s0.05.jpg
cifake_4389,noise_s0.05,cifake,real,0,0.9009737372398376,data\cache\clean\test\cifake_4389\noise_s0.05.jpg
cifake_4533 (5),noise_s0.05,cifake,real,0,0.7686459422111511,data\cache\clean\test\cifake_4533 (5)\noise_s0.05.jpg
cifake_4609 (2),noise_s0.05,cifake,real,0,0.6753489375114441,data\cache\clean\test\cifake_4609 (2)\noise_s0.05.jpg
cifake_4660 (5),noise_s0.05,cifake,real,0,0.8945668935775757,data\cache\clean\test\cifake_4660 (5)\noise_s0.05.jpg
cifake_4673 (5),noise_s0.05,cifake,real,0,0.9313339591026306,data\cache\clean\test\cifake_4673 (5)\noise_s0.05.jpg
cifake_4707,noise_s0.05,cifake,real,0,0.8373463153839111,data\cache\clean\test\cifake_4707\noise_s0.05.jpg
sidset_00d6650eafabf1b3,noise_s0.05,sidset,real,0,0.5009853839874268,data\cache\clean\test\sidset_00d6650eafabf1b3\noise_s0.05.jpg
sidset_011c2e4461eb1fdc,noise_s0.05,sidset,real,0,0.5272115468978882,data\cache\clean\test\sidset_011c2e4461eb1fdc\noise_s0.05.jpg
sidset_01e0c5a9e96c3de4,noise_s0.05,sidset,real,0,0.6199168562889099,data\cache\clean\test\sidset_01e0c5a9e96c3de4\noise_s0.05.jpg
sidset_01e9eac7f3601b11,noise_s0.05,sidset,real,0,0.5622851848602295,data\cache\clean\test\sidset_01e9eac7f3601b11\noise_s0.05.jpg
sidset_02eb47f790cba404,noise_s0.05,sidset,real,0,0.7293795943260193,data\cache\clean\test\sidset_02eb47f790cba404\noise_s0.05.jpg
sidset_036df955965cb2f9,noise_s0.05,sidset,real,0,0.8195016980171204,data\cache\clean\test\sidset_036df955965cb2f9\noise_s0.05.jpg
sidset_038789965a8f7606,noise_s0.05,sidset,real,0,0.7418191432952881,data\cache\clean\test\sidset_038789965a8f7606\noise_s0.05.jpg
sidset_03eaaa4033ae7bc3,noise_s0.05,sidset,real,0,0.5539113879203796,data\cache\clean\test\sidset_03eaaa4033ae7bc3\noise_s0.05.jpg
sidset_04dca235b99ad328,noise_s0.05,sidset,real,0,0.9912211894989014,data\cache\clean\test\sidset_04dca235b99ad328\noise_s0.05.jpg
sidset_09e779f2616dde26,noise_s0.05,sidset,real,0,0.8511271476745605,data\cache\clean\test\sidset_09e779f2616dde26\noise_s0.05.jpg
sidset_09f7329f0c1c9fd4,noise_s0.05,sidset,real,0,0.692517101764679,data\cache\clean\test\sidset_09f7329f0c1c9fd4\noise_s0.05.jpg
sidset_0df1386082a76670,noise_s0.05,sidset,real,0,0.5912105441093445,data\cache\clean\test\sidset_0df1386082a76670\noise_s0.05.jpg
sidset_0e40f2f48ac5ec94,noise_s0.05,sidset,real,0,0.8637261986732483,data\cache\clean\test\sidset_0e40f2f48ac5ec94\noise_s0.05.jpg
sidset_0f8102c25fc764ea,noise_s0.05,sidset,real,0,0.7776148915290833,data\cache\clean\test\sidset_0f8102c25fc764ea\noise_s0.05.jpg
sidset_0fc18c1f120b0acb,noise_s0.05,sidset,real,0,0.8043829202651978,data\cache\clean\test\sidset_0fc18c1f120b0acb\noise_s0.05.jpg
sidset_10074342a36207e9,noise_s0.05,sidset,real,0,0.8623540997505188,data\cache\clean\test\sidset_10074342a36207e9\noise_s0.05.jpg
sidset_13a6bf4eaf05914a,noise_s0.05,sidset,real,0,0.7148591876029968,data\cache\clean\test\sidset_13a6bf4eaf05914a\noise_s0.05.jpg
sidset_14312756c1c94efa,noise_s0.05,sidset,real,0,0.5535516738891602,data\cache\clean\test\sidset_14312756c1c94efa\noise_s0.05.jpg
sidset_165e94520f73e349,noise_s0.05,sidset,real,0,0.8158888220787048,data\cache\clean\test\sidset_165e94520f73e349\noise_s0.05.jpg
sidset_18e30e95478d3da6,noise_s0.05,sidset,real,0,0.514698326587677,data\cache\clean\test\sidset_18e30e95478d3da6\noise_s0.05.jpg
sidset_19a1dd0dde3ed26c,noise_s0.05,sidset,real,0,0.7142276763916016,data\cache\clean\test\sidset_19a1dd0dde3ed26c\noise_s0.05.jpg
sidset_1cae0a8c943c87f1,noise_s0.05,sidset,real,0,0.5588020086288452,data\cache\clean\test\sidset_1cae0a8c943c87f1\noise_s0.05.jpg
sidset_1d49d26ca0273da6,noise_s0.05,sidset,real,0,0.9116822481155396,data\cache\clean\test\sidset_1d49d26ca0273da6\noise_s0.05.jpg
sidset_1dff9756ab9d9e0a,noise_s0.05,sidset,real,0,0.5640693306922913,data\cache\clean\test\sidset_1dff9756ab9d9e0a\noise_s0.05.jpg
sidset_22b07f2ffcaf319c,noise_s0.05,sidset,real,0,0.9304432272911072,data\cache\clean\test\sidset_22b07f2ffcaf319c\noise_s0.05.jpg
sidset_230a893e83782a7f,noise_s0.05,sidset,real,0,0.6229555010795593,data\cache\clean\test\sidset_230a893e83782a7f\noise_s0.05.jpg
sidset_240eaccddb6506ef,noise_s0.05,sidset,real,0,0.5063043832778931,data\cache\clean\test\sidset_240eaccddb6506ef\noise_s0.05.jpg
sidset_26c389b400ea1653,noise_s0.05,sidset,real,0,0.959521472454071,data\cache\clean\test\sidset_26c389b400ea1653\noise_s0.05.jpg
sidset_2905198a806667f8,noise_s0.05,sidset,real,0,0.5919358134269714,data\cache\clean\test\sidset_2905198a806667f8\noise_s0.05.jpg
sidset_2a8fb1de6042f419,noise_s0.05,sidset,real,0,0.7263249158859253,data\cache\clean\test\sidset_2a8fb1de6042f419\noise_s0.05.jpg
sidset_2c7cd831752d6b09,noise_s0.05,sidset,real,0,0.9133406281471252,data\cache\clean\test\sidset_2c7cd831752d6b09\noise_s0.05.jpg
sidset_2da45bb6ecb94767,noise_s0.05,sidset,real,0,0.6487378478050232,data\cache\clean\test\sidset_2da45bb6ecb94767\noise_s0.05.jpg
sidset_312728c60a9afd3b,noise_s0.05,sidset,real,0,0.8788528442382812,data\cache\clean\test\sidset_312728c60a9afd3b\noise_s0.05.jpg
sidset_3192e0bd18171689,noise_s0.05,sidset,real,0,0.6005983948707581,data\cache\clean\test\sidset_3192e0bd18171689\noise_s0.05.jpg
sidset_31d44fee2c336e78,noise_s0.05,sidset,real,0,0.541338324546814,data\cache\clean\test\sidset_31d44fee2c336e78\noise_s0.05.jpg
sidset_31f7ec5269c0f867,noise_s0.05,sidset,real,0,0.5968279838562012,data\cache\clean\test\sidset_31f7ec5269c0f867\noise_s0.05.jpg
sidset_3366fe07253694af,noise_s0.05,sidset,real,0,0.508765697479248,data\cache\clean\test\sidset_3366fe07253694af\noise_s0.05.jpg
sidset_3413efa4fc47b5ac,noise_s0.05,sidset,real,0,0.546829342842102,data\cache\clean\test\sidset_3413efa4fc47b5ac\noise_s0.05.jpg
sidset_351df796b93ed2b5,noise_s0.05,sidset,real,0,0.6033231616020203,data\cache\clean\test\sidset_351df796b93ed2b5\noise_s0.05.jpg
sidset_3beca4d6152a4aa5,noise_s0.05,sidset,real,0,0.7097340226173401,data\cache\clean\test\sidset_3beca4d6152a4aa5\noise_s0.05.jpg
sidset_41fcb89ff22ef83c,noise_s0.05,sidset,real,0,0.8496822714805603,data\cache\clean\test\sidset_41fcb89ff22ef83c\noise_s0.05.jpg
sidset_4566671bd4a332e8,noise_s0.05,sidset,real,0,0.9854734539985657,data\cache\clean\test\sidset_4566671bd4a332e8\noise_s0.05.jpg
sidset_45a6cb8b20ae57d2,noise_s0.05,sidset,real,0,0.9200892448425293,data\cache\clean\test\sidset_45a6cb8b20ae57d2\noise_s0.05.jpg
sidset_47927d08b0f027e7,noise_s0.05,sidset,real,0,0.7203403115272522,data\cache\clean\test\sidset_47927d08b0f027e7\noise_s0.05.jpg
sidset_4c361533bba3cc71,noise_s0.05,sidset,real,0,0.7760367393493652,data\cache\clean\test\sidset_4c361533bba3cc71\noise_s0.05.jpg
sidset_4dd2dda240e479c1,noise_s0.05,sidset,real,0,0.5901519060134888,data\cache\clean\test\sidset_4dd2dda240e479c1\noise_s0.05.jpg
sidset_52612414625e7f90,noise_s0.05,sidset,real,0,0.5676761865615845,data\cache\clean\test\sidset_52612414625e7f90\noise_s0.05.jpg
sidset_52bf81b2d7f84101,noise_s0.05,sidset,real,0,0.8678120374679565,data\cache\clean\test\sidset_52bf81b2d7f84101\noise_s0.05.jpg
sidset_55ed6c0bbd54e07d,noise_s0.05,sidset,real,0,0.9983189702033997,data\cache\clean\test\sidset_55ed6c0bbd54e07d\noise_s0.05.jpg
sidset_59e78921fe0be3d3,noise_s0.05,sidset,real,0,0.6981958150863647,data\cache\clean\test\sidset_59e78921fe0be3d3\noise_s0.05.jpg
sidset_5a165a26bf8ca4be,noise_s0.05,sidset,real,0,0.9307227730751038,data\cache\clean\test\sidset_5a165a26bf8ca4be\noise_s0.05.jpg
sidset_5b8f12b78d13bfcd,noise_s0.05,sidset,real,0,0.9905312657356262,data\cache\clean\test\sidset_5b8f12b78d13bfcd\noise_s0.05.jpg
sidset_5ba522a91162ae70,noise_s0.05,sidset,real,0,0.9745604395866394,data\cache\clean\test\sidset_5ba522a91162ae70\noise_s0.05.jpg
sidset_5c44352c47fabc57,noise_s0.05,sidset,real,0,0.5718705058097839,data\cache\clean\test\sidset_5c44352c47fabc57\noise_s0.05.jpg
sidset_5d6c80bf53edd038,noise_s0.05,sidset,real,0,0.5186419486999512,data\cache\clean\test\sidset_5d6c80bf53edd038\noise_s0.05.jpg
sidset_5fd49a9afbba9bd6,noise_s0.05,sidset,real,0,0.7224404811859131,data\cache\clean\test\sidset_5fd49a9afbba9bd6\noise_s0.05.jpg
sidset_615f67f3acd96d5c,noise_s0.05,sidset,real,0,0.6841772198677063,data\cache\clean\test\sidset_615f67f3acd96d5c\noise_s0.05.jpg
sidset_62d3110113ec4633,noise_s0.05,sidset,real,0,0.978604793548584,data\cache\clean\test\sidset_62d3110113ec4633\noise_s0.05.jpg
sidset_6431b1bc822a7f18,noise_s0.05,sidset,real,0,0.5200807452201843,data\cache\clean\test\sidset_6431b1bc822a7f18\noise_s0.05.jpg
sidset_65d4916b9f3f47ba,noise_s0.05,sidset,real,0,0.6102641224861145,data\cache\clean\test\sidset_65d4916b9f3f47ba\noise_s0.05.jpg
sidset_660fbbd053050f25,noise_s0.05,sidset,real,0,0.7485215663909912,data\cache\clean\test\sidset_660fbbd053050f25\noise_s0.05.jpg
sidset_67e679dca692a59d,noise_s0.05,sidset,real,0,0.9316632151603699,data\cache\clean\test\sidset_67e679dca692a59d\noise_s0.05.jpg
sidset_68f0479b7dde7700,noise_s0.05,sidset,real,0,0.7717300057411194,data\cache\clean\test\sidset_68f0479b7dde7700\noise_s0.05.jpg
sidset_6ae976e8966ec975,noise_s0.05,sidset,real,0,0.6790013313293457,data\cache\clean\test\sidset_6ae976e8966ec975\noise_s0.05.jpg
sidset_6bad0a1b36aae064,noise_s0.05,sidset,real,0,0.8242800831794739,data\cache\clean\test\sidset_6bad0a1b36aae064\noise_s0.05.jpg
sidset_6f3ce9ca0af3863c,noise_s0.05,sidset,real,0,0.8754336833953857,data\cache\clean\test\sidset_6f3ce9ca0af3863c\noise_s0.05.jpg
sidset_6fd040fe95578d90,noise_s0.05,sidset,real,0,0.6701962947845459,data\cache\clean\test\sidset_6fd040fe95578d90\noise_s0.05.jpg
sidset_715f3c6fc6f7ef1f,noise_s0.05,sidset,real,0,0.5065779089927673,data\cache\clean\test\sidset_715f3c6fc6f7ef1f\noise_s0.05.jpg
sidset_759a21da57c25774,noise_s0.05,sidset,real,0,0.8880341649055481,data\cache\clean\test\sidset_759a21da57c25774\noise_s0.05.jpg
sidset_796b6212cfecb3de,noise_s0.05,sidset,real,0,0.5531001091003418,data\cache\clean\test\sidset_796b6212cfecb3de\noise_s0.05.jpg
sidset_7b550aceb5ec111f,noise_s0.05,sidset,real,0,0.5056354403495789,data\cache\clean\test\sidset_7b550aceb5ec111f\noise_s0.05.jpg
sidset_7c1fff13774e270c,noise_s0.05,sidset,real,0,0.5206735730171204,data\cache\clean\test\sidset_7c1fff13774e270c\noise_s0.05.jpg
sidset_7f1ce0ac000e1d6c,noise_s0.05,sidset,real,0,0.6280470490455627,data\cache\clean\test\sidset_7f1ce0ac000e1d6c\noise_s0.05.jpg
sidset_85928afd9860bcb5,noise_s0.05,sidset,real,0,0.7017845511436462,data\cache\clean\test\sidset_85928afd9860bcb5\noise_s0.05.jpg
sidset_8619862cda88466c,noise_s0.05,sidset,real,0,0.6508697867393494,data\cache\clean\test\sidset_8619862cda88466c\noise_s0.05.jpg
sidset_87d1c36b80601bcb,noise_s0.05,sidset,real,0,0.6938175559043884,data\cache\clean\test\sidset_87d1c36b80601bcb\noise_s0.05.jpg
sidset_8d2495ea75218578,noise_s0.05,sidset,real,0,0.699245810508728,data\cache\clean\test\sidset_8d2495ea75218578\noise_s0.05.jpg
sidset_9015299eba2ace6e,noise_s0.05,sidset,real,0,0.7199856638908386,data\cache\clean\test\sidset_9015299eba2ace6e\noise_s0.05.jpg
sidset_918190e0dd7fc829,noise_s0.05,sidset,real,0,0.999698281288147,data\cache\clean\test\sidset_918190e0dd7fc829\noise_s0.05.jpg
sidset_9811f04611ad082c,noise_s0.05,sidset,real,0,0.5333405137062073,data\cache\clean\test\sidset_9811f04611ad082c\noise_s0.05.jpg
sidset_9915729405b9e03e,noise_s0.05,sidset,real,0,0.5356026291847229,data\cache\clean\test\sidset_9915729405b9e03e\noise_s0.05.jpg
sidset_9930f532d418d193,noise_s0.05,sidset,real,0,0.9434370994567871,data\cache\clean\test\sidset_9930f532d418d193\noise_s0.05.jpg
sidset_995429a562f1aed2,noise_s0.05,sidset,real,0,0.9315736293792725,data\cache\clean\test\sidset_995429a562f1aed2\noise_s0.05.jpg
sidset_9ad980e066bd4c5e,noise_s0.05,sidset,real,0,0.5421411395072937,data\cache\clean\test\sidset_9ad980e066bd4c5e\noise_s0.05.jpg
sidset_9bd8ecc186d59fe9,noise_s0.05,sidset,real,0,0.7468463182449341,data\cache\clean\test\sidset_9bd8ecc186d59fe9\noise_s0.05.jpg
sidset_9e2a9b16ff46f867,noise_s0.05,sidset,real,0,0.9703307151794434,data\cache\clean\test\sidset_9e2a9b16ff46f867\noise_s0.05.jpg
sidset_9eee8350ba1b12f6,noise_s0.05,sidset,real,0,0.6213624477386475,data\cache\clean\test\sidset_9eee8350ba1b12f6\noise_s0.05.jpg
sidset_a3032d75347e6fa2,noise_s0.05,sidset,real,0,0.8001999258995056,data\cache\clean\test\sidset_a3032d75347e6fa2\noise_s0.05.jpg
sidset_a4268c0135ca2c65,noise_s0.05,sidset,real,0,0.9838676452636719,data\cache\clean\test\sidset_a4268c0135ca2c65\noise_s0.05.jpg
sidset_a429805728e89e7d,noise_s0.05,sidset,real,0,0.9951568245887756,data\cache\clean\test\sidset_a429805728e89e7d\noise_s0.05.jpg
sidset_a8ad741ef85002f3,noise_s0.05,sidset,real,0,0.7914071679115295,data\cache\clean\test\sidset_a8ad741ef85002f3\noise_s0.05.jpg
sidset_a9461d28df2d46d8,noise_s0.05,sidset,real,0,0.6425206065177917,data\cache\clean\test\sidset_a9461d28df2d46d8\noise_s0.05.jpg
sidset_ab083d732ae4236c,noise_s0.05,sidset,real,0,0.5660181045532227,data\cache\clean\test\sidset_ab083d732ae4236c\noise_s0.05.jpg
sidset_ab4f5a8a2f533316,noise_s0.05,sidset,real,0,0.7471466660499573,data\cache\clean\test\sidset_ab4f5a8a2f533316\noise_s0.05.jpg
sidset_ace6b1574d0e0f60,noise_s0.05,sidset,real,0,0.5116250514984131,data\cache\clean\test\sidset_ace6b1574d0e0f60\noise_s0.05.jpg
sidset_ada487d9073d8dd5,noise_s0.05,sidset,real,0,0.7651716470718384,data\cache\clean\test\sidset_ada487d9073d8dd5\noise_s0.05.jpg
sidset_addaecf6bdb9e66b,noise_s0.05,sidset,real,0,0.8660795092582703,data\cache\clean\test\sidset_addaecf6bdb9e66b\noise_s0.05.jpg
sidset_af41e2b6da3e7e02,noise_s0.05,sidset,real,0,0.8050979971885681,data\cache\clean\test\sidset_af41e2b6da3e7e02\noise_s0.05.jpg
sidset_afe2c3d2863b693b,noise_s0.05,sidset,real,0,0.6559096574783325,data\cache\clean\test\sidset_afe2c3d2863b693b\noise_s0.05.jpg
sidset_b230de6baca8d392,noise_s0.05,sidset,real,0,0.8948928117752075,data\cache\clean\test\sidset_b230de6baca8d392\noise_s0.05.jpg
sidset_b3d460c2a4f17eff,noise_s0.05,sidset,real,0,0.5039007663726807,data\cache\clean\test\sidset_b3d460c2a4f17eff\noise_s0.05.jpg
sidset_b8d2d5fcb72a3a65,noise_s0.05,sidset,real,0,0.5233796238899231,data\cache\clean\test\sidset_b8d2d5fcb72a3a65\noise_s0.05.jpg
sidset_bc2109b500519a48,noise_s0.05,sidset,real,0,0.635356605052948,data\cache\clean\test\sidset_bc2109b500519a48\noise_s0.05.jpg
sidset_bc280ffeb57ce51b,noise_s0.05,sidset,real,0,0.9627661108970642,data\cache\clean\test\sidset_bc280ffeb57ce51b\noise_s0.05.jpg
sidset_bc70b06f0d603efd,noise_s0.05,sidset,real,0,0.9999746084213257,data\cache\clean\test\sidset_bc70b06f0d603efd\noise_s0.05.jpg
sidset_bddc30edb2816122,noise_s0.05,sidset,real,0,0.7394110560417175,data\cache\clean\test\sidset_bddc30edb2816122\noise_s0.05.jpg
sidset_be1daffd2d21411d,noise_s0.05,sidset,real,0,0.7425811886787415,data\cache\clean\test\sidset_be1daffd2d21411d\noise_s0.05.jpg
sidset_c104d5a827c3dc84,noise_s0.05,sidset,real,0,0.9954586029052734,data\cache\clean\test\sidset_c104d5a827c3dc84\noise_s0.05.jpg
sidset_c2f7255d9f5d9469,noise_s0.05,sidset,real,0,0.6425969004631042,data\cache\clean\test\sidset_c2f7255d9f5d9469\noise_s0.05.jpg
sidset_c51e9f52ce3dbd67,noise_s0.05,sidset,real,0,0.5975255370140076,data\cache\clean\test\sidset_c51e9f52ce3dbd67\noise_s0.05.jpg
sidset_c5f4e20e7d2e391c,noise_s0.05,sidset,real,0,0.7072915434837341,data\cache\clean\test\sidset_c5f4e20e7d2e391c\noise_s0.05.jpg
sidset_c7d3774f16039f96,noise_s0.05,sidset,real,0,0.8761031627655029,data\cache\clean\test\sidset_c7d3774f16039f96\noise_s0.05.jpg
sidset_cb68a83278e88b9d,noise_s0.05,sidset,real,0,0.8779962658882141,data\cache\clean\test\sidset_cb68a83278e88b9d\noise_s0.05.jpg
sidset_cd7b3621c53d1ffe,noise_s0.05,sidset,real,0,0.944643497467041,data\cache\clean\test\sidset_cd7b3621c53d1ffe\noise_s0.05.jpg
sidset_ce09a25a50fdfe47,noise_s0.05,sidset,real,0,0.8937649726867676,data\cache\clean\test\sidset_ce09a25a50fdfe47\noise_s0.05.jpg
sidset_cefabeb567a88f94,noise_s0.05,sidset,real,0,0.6468088626861572,data\cache\clean\test\sidset_cefabeb567a88f94\noise_s0.05.jpg
sidset_cfa694ce3bb2538c,noise_s0.05,sidset,real,0,0.8893911838531494,data\cache\clean\test\sidset_cfa694ce3bb2538c\noise_s0.05.jpg
sidset_d482661389f951ac,noise_s0.05,sidset,real,0,0.8323984742164612,data\cache\clean\test\sidset_d482661389f951ac\noise_s0.05.jpg
sidset_d5b1f51ca14baa4e,noise_s0.05,sidset,real,0,0.6001902222633362,data\cache\clean\test\sidset_d5b1f51ca14baa4e\noise_s0.05.jpg
sidset_d6850e9ba41f0e89,noise_s0.05,sidset,real,0,0.5043546557426453,data\cache\clean\test\sidset_d6850e9ba41f0e89\noise_s0.05.jpg
sidset_d7c9ba7b7774dcd9,noise_s0.05,sidset,real,0,0.7702485918998718,data\cache\clean\test\sidset_d7c9ba7b7774dcd9\noise_s0.05.jpg
sidset_dcc4eb3a61fc711a,noise_s0.05,sidset,real,0,0.9462062120437622,data\cache\clean\test\sidset_dcc4eb3a61fc711a\noise_s0.05.jpg
sidset_dd7f306351f863e7,noise_s0.05,sidset,real,0,0.7231742739677429,data\cache\clean\test\sidset_dd7f306351f863e7\noise_s0.05.jpg
sidset_df089363fbc3dff5,noise_s0.05,sidset,real,0,0.9850939512252808,data\cache\clean\test\sidset_df089363fbc3dff5\noise_s0.05.jpg
sidset_e14e3989daa0bebd,noise_s0.05,sidset,real,0,0.8499829769134521,data\cache\clean\test\sidset_e14e3989daa0bebd\noise_s0.05.jpg
sidset_e19c80d7ff2e201b,noise_s0.05,sidset,real,0,0.907194197177887,data\cache\clean\test\sidset_e19c80d7ff2e201b\noise_s0.05.jpg
sidset_e1a5cac65504c6d6,noise_s0.05,sidset,real,0,0.5494566559791565,data\cache\clean\test\sidset_e1a5cac65504c6d6\noise_s0.05.jpg
sidset_e20f8df5bc8ae19c,noise_s0.05,sidset,real,0,0.7673528790473938,data\cache\clean\test\sidset_e20f8df5bc8ae19c\noise_s0.05.jpg
sidset_e35ca53982ee8372,noise_s0.05,sidset,real,0,0.6119213104248047,data\cache\clean\test\sidset_e35ca53982ee8372\noise_s0.05.jpg
sidset_e547ceb84d50e7bf,noise_s0.05,sidset,real,0,0.7866529822349548,data\cache\clean\test\sidset_e547ceb84d50e7bf\noise_s0.05.jpg
sidset_e7250acece7d41f5,noise_s0.05,sidset,real,0,0.8163456320762634,data\cache\clean\test\sidset_e7250acece7d41f5\noise_s0.05.jpg
sidset_e83254d4c55675a6,noise_s0.05,sidset,real,0,0.9898833632469177,data\cache\clean\test\sidset_e83254d4c55675a6\noise_s0.05.jpg
sidset_ea40598e1128af27,noise_s0.05,sidset,real,0,0.5327687859535217,data\cache\clean\test\sidset_ea40598e1128af27\noise_s0.05.jpg
sidset_ec0193adf7d72f96,noise_s0.05,sidset,real,0,0.5270963311195374,data\cache\clean\test\sidset_ec0193adf7d72f96\noise_s0.05.jpg
sidset_ef3f636bfc78f3a5,noise_s0.05,sidset,real,0,0.5856049656867981,data\cache\clean\test\sidset_ef3f636bfc78f3a5\noise_s0.05.jpg
sidset_f1dcc7d3f0ff18ab,noise_s0.05,sidset,real,0,0.6498331427574158,data\cache\clean\test\sidset_f1dcc7d3f0ff18ab\noise_s0.05.jpg
sidset_f250696304a3be0e,noise_s0.05,sidset,real,0,0.5109856128692627,data\cache\clean\test\sidset_f250696304a3be0e\noise_s0.05.jpg
sidset_f2be8bd472d53987,noise_s0.05,sidset,real,0,0.6319888830184937,data\cache\clean\test\sidset_f2be8bd472d53987\noise_s0.05.jpg
sidset_f84d742c437fbc59,noise_s0.05,sidset,real,0,0.6077355742454529,data\cache\clean\test\sidset_f84d742c437fbc59\noise_s0.05.jpg
sidset_fac95db1f3df9775,noise_s0.05,sidset,real,0,0.9198797345161438,data\cache\clean\test\sidset_fac95db1f3df9775\noise_s0.05.jpg
sidset_ffb6be41271c5645,noise_s0.05,sidset,real,0,0.7419909834861755,data\cache\clean\test\sidset_ffb6be41271c5645\noise_s0.05.jpg
sidset_ffc66525933a388f,noise_s0.05,sidset,real,0,0.532200038433075,data\cache\clean\test\sidset_ffc66525933a388f\noise_s0.05.jpg
cifake_0005 (3),noise_s0.1,cifake,real,0,0.5301483273506165,data\cache\clean\test\cifake_0005 (3)\noise_s0.1.jpg
cifake_0044 (6),noise_s0.1,cifake,real,0,0.7430524826049805,data\cache\clean\test\cifake_0044 (6)\noise_s0.1.jpg
cifake_0083 (7),noise_s0.1,cifake,real,0,0.623755156993866,data\cache\clean\test\cifake_0083 (7)\noise_s0.1.jpg
cifake_0085,noise_s0.1,cifake,real,0,0.7969843149185181,data\cache\clean\test\cifake_0085\noise_s0.1.jpg
cifake_0140 (3),noise_s0.1,cifake,real,0,0.650341808795929,data\cache\clean\test\cifake_0140 (3)\noise_s0.1.jpg
cifake_0179 (9),noise_s0.1,cifake,real,0,0.5403991341590881,data\cache\clean\test\cifake_0179 (9)\noise_s0.1.jpg
cifake_0204 (9),noise_s0.1,cifake,real,0,0.5107647776603699,data\cache\clean\test\cifake_0204 (9)\noise_s0.1.jpg
cifake_0235,noise_s0.1,cifake,real,0,0.9109553694725037,data\cache\clean\test\cifake_0235\noise_s0.1.jpg
cifake_0245 (8),noise_s0.1,cifake,real,0,0.793163001537323,data\cache\clean\test\cifake_0245 (8)\noise_s0.1.jpg
cifake_0260 (4),noise_s0.1,cifake,real,0,0.9740108251571655,data\cache\clean\test\cifake_0260 (4)\noise_s0.1.jpg
cifake_0343 (6),noise_s0.1,cifake,real,0,0.89118891954422,data\cache\clean\test\cifake_0343 (6)\noise_s0.1.jpg
cifake_0475 (6),noise_s0.1,cifake,real,0,0.8211613297462463,data\cache\clean\test\cifake_0475 (6)\noise_s0.1.jpg
cifake_0508 (3),noise_s0.1,cifake,real,0,0.8228822946548462,data\cache\clean\test\cifake_0508 (3)\noise_s0.1.jpg
cifake_0567,noise_s0.1,cifake,real,0,0.760593056678772,data\cache\clean\test\cifake_0567\noise_s0.1.jpg
cifake_0601 (6),noise_s0.1,cifake,real,0,0.755194902420044,data\cache\clean\test\cifake_0601 (6)\noise_s0.1.jpg
cifake_0618 (3),noise_s0.1,cifake,real,0,0.5310985445976257,data\cache\clean\test\cifake_0618 (3)\noise_s0.1.jpg
cifake_0622 (2),noise_s0.1,cifake,real,0,0.5523849129676819,data\cache\clean\test\cifake_0622 (2)\noise_s0.1.jpg
cifake_0669,noise_s0.1,cifake,real,0,0.8058283925056458,data\cache\clean\test\cifake_0669\noise_s0.1.jpg
cifake_0744 (5),noise_s0.1,cifake,real,0,0.5941178798675537,data\cache\clean\test\cifake_0744 (5)\noise_s0.1.jpg
cifake_0745,noise_s0.1,cifake,real,0,0.8776401877403259,data\cache\clean\test\cifake_0745\noise_s0.1.jpg
cifake_0782,noise_s0.1,cifake,real,0,0.811998724937439,data\cache\clean\test\cifake_0782\noise_s0.1.jpg
cifake_0793,noise_s0.1,cifake,real,0,0.9613084197044373,data\cache\clean\test\cifake_0793\noise_s0.1.jpg
cifake_0811,noise_s0.1,cifake,real,0,0.7695843577384949,data\cache\clean\test\cifake_0811\noise_s0.1.jpg
cifake_0858 (3),noise_s0.1,cifake,real,0,0.7862673997879028,data\cache\clean\test\cifake_0858 (3)\noise_s0.1.jpg
cifake_0930 (4),noise_s0.1,cifake,real,0,0.797813892364502,data\cache\clean\test\cifake_0930 (4)\noise_s0.1.jpg
cifake_0967 (9),noise_s0.1,cifake,real,0,0.7565961480140686,data\cache\clean\test\cifake_0967 (9)\noise_s0.1.jpg
cifake_1072 (8),noise_s0.1,cifake,real,0,0.8125700950622559,data\cache\clean\test\cifake_1072 (8)\noise_s0.1.jpg
cifake_1139,noise_s0.1,cifake,real,0,0.9024170637130737,data\cache\clean\test\cifake_1139\noise_s0.1.jpg
cifake_1186 (6),noise_s0.1,cifake,real,0,0.5020661354064941,data\cache\clean\test\cifake_1186 (6)\noise_s0.1.jpg
cifake_1308 (6),noise_s0.1,cifake,real,0,0.6072668433189392,data\cache\clean\test\cifake_1308 (6)\noise_s0.1.jpg
cifake_1311,noise_s0.1,cifake,real,0,0.565312385559082,data\cache\clean\test\cifake_1311\noise_s0.1.jpg
cifake_1338 (4),noise_s0.1,cifake,real,0,0.5078659653663635,data\cache\clean\test\cifake_1338 (4)\noise_s0.1.jpg
cifake_1353 (9),noise_s0.1,cifake,real,0,0.5693948268890381,data\cache\clean\test\cifake_1353 (9)\noise_s0.1.jpg
cifake_1512 (6),noise_s0.1,cifake,real,0,0.5724343657493591,data\cache\clean\test\cifake_1512 (6)\noise_s0.1.jpg
cifake_1545 (5),noise_s0.1,cifake,real,0,0.898003876209259,data\cache\clean\test\cifake_1545 (5)\noise_s0.1.jpg
cifake_1608 (6),noise_s0.1,cifake,real,0,0.5792728066444397,data\cache\clean\test\cifake_1608 (6)\noise_s0.1.jpg
cifake_1974,noise_s0.1,cifake,real,0,0.881813108921051,data\cache\clean\test\cifake_1974\noise_s0.1.jpg
cifake_2122,noise_s0.1,cifake,real,0,0.9287698864936829,data\cache\clean\test\cifake_2122\noise_s0.1.jpg
cifake_2318 (6),noise_s0.1,cifake,real,0,0.5555663704872131,data\cache\clean\test\cifake_2318 (6)\noise_s0.1.jpg
cifake_2400,noise_s0.1,cifake,real,0,0.7445288300514221,data\cache\clean\test\cifake_2400\noise_s0.1.jpg
cifake_2500 (3),noise_s0.1,cifake,real,0,0.8049028515815735,data\cache\clean\test\cifake_2500 (3)\noise_s0.1.jpg
cifake_2547,noise_s0.1,cifake,real,0,0.8028059601783752,data\cache\clean\test\cifake_2547\noise_s0.1.jpg
cifake_2602 (7),noise_s0.1,cifake,real,0,0.6428400278091431,data\cache\clean\test\cifake_2602 (7)\noise_s0.1.jpg
cifake_2660,noise_s0.1,cifake,real,0,0.9814040660858154,data\cache\clean\test\cifake_2660\noise_s0.1.jpg
cifake_2698 (9),noise_s0.1,cifake,real,0,0.6726930141448975,data\cache\clean\test\cifake_2698 (9)\noise_s0.1.jpg
cifake_2874 (4),noise_s0.1,cifake,real,0,0.6259515285491943,data\cache\clean\test\cifake_2874 (4)\noise_s0.1.jpg
cifake_2884 (4),noise_s0.1,cifake,real,0,0.8986647129058838,data\cache\clean\test\cifake_2884 (4)\noise_s0.1.jpg
cifake_2934 (2),noise_s0.1,cifake,real,0,0.5710031390190125,data\cache\clean\test\cifake_2934 (2)\noise_s0.1.jpg
cifake_2940 (8),noise_s0.1,cifake,real,0,0.8997602462768555,data\cache\clean\test\cifake_2940 (8)\noise_s0.1.jpg
cifake_2972 (5),noise_s0.1,cifake,real,0,0.8922012448310852,data\cache\clean\test\cifake_2972 (5)\noise_s0.1.jpg
cifake_3049 (2),noise_s0.1,cifake,real,0,0.6369651556015015,data\cache\clean\test\cifake_3049 (2)\noise_s0.1.jpg
cifake_3092 (8),noise_s0.1,cifake,real,0,0.80646151304245,data\cache\clean\test\cifake_3092 (8)\noise_s0.1.jpg
cifake_3129 (9),noise_s0.1,cifake,real,0,0.6113107204437256,data\cache\clean\test\cifake_3129 (9)\noise_s0.1.jpg
cifake_3199 (2),noise_s0.1,cifake,real,0,0.7562904953956604,data\cache\clean\test\cifake_3199 (2)\noise_s0.1.jpg
cifake_3230 (8),noise_s0.1,cifake,real,0,0.7281847596168518,data\cache\clean\test\cifake_3230 (8)\noise_s0.1.jpg
cifake_3280 (8),noise_s0.1,cifake,real,0,0.7952151298522949,data\cache\clean\test\cifake_3280 (8)\noise_s0.1.jpg
cifake_3397 (6),noise_s0.1,cifake,real,0,0.6519179940223694,data\cache\clean\test\cifake_3397 (6)\noise_s0.1.jpg
cifake_3406,noise_s0.1,cifake,real,0,0.6510162949562073,data\cache\clean\test\cifake_3406\noise_s0.1.jpg
cifake_3446 (10),noise_s0.1,cifake,real,0,0.68439120054245,data\cache\clean\test\cifake_3446 (10)\noise_s0.1.jpg
cifake_3458 (9),noise_s0.1,cifake,real,0,0.89643794298172,data\cache\clean\test\cifake_3458 (9)\noise_s0.1.jpg
cifake_3614,noise_s0.1,cifake,real,0,0.7594842314720154,data\cache\clean\test\cifake_3614\noise_s0.1.jpg
cifake_3872,noise_s0.1,cifake,real,0,0.7319058179855347,data\cache\clean\test\cifake_3872\noise_s0.1.jpg
cifake_3916 (8),noise_s0.1,cifake,real,0,0.9260757565498352,data\cache\clean\test\cifake_3916 (8)\noise_s0.1.jpg
cifake_3979,noise_s0.1,cifake,real,0,0.7413309812545776,data\cache\clean\test\cifake_3979\noise_s0.1.jpg
cifake_4079 (3),noise_s0.1,cifake,real,0,0.5183512568473816,data\cache\clean\test\cifake_4079 (3)\noise_s0.1.jpg
cifake_4103 (9),noise_s0.1,cifake,real,0,0.6309356689453125,data\cache\clean\test\cifake_4103 (9)\noise_s0.1.jpg
cifake_4154 (7),noise_s0.1,cifake,real,0,0.8729848861694336,data\cache\clean\test\cifake_4154 (7)\noise_s0.1.jpg
cifake_4186 (5),noise_s0.1,cifake,real,0,0.8928272128105164,data\cache\clean\test\cifake_4186 (5)\noise_s0.1.jpg
cifake_4236 (3),noise_s0.1,cifake,real,0,0.6058507561683655,data\cache\clean\test\cifake_4236 (3)\noise_s0.1.jpg
cifake_4250 (9),noise_s0.1,cifake,real,0,0.5796773433685303,data\cache\clean\test\cifake_4250 (9)\noise_s0.1.jpg
cifake_4283 (2),noise_s0.1,cifake,real,0,0.75403892993927,data\cache\clean\test\cifake_4283 (2)\noise_s0.1.jpg
cifake_4337 (3),noise_s0.1,cifake,real,0,0.7050173878669739,data\cache\clean\test\cifake_4337 (3)\noise_s0.1.jpg
cifake_4389,noise_s0.1,cifake,real,0,0.8692374229431152,data\cache\clean\test\cifake_4389\noise_s0.1.jpg
cifake_4414 (6),noise_s0.1,cifake,real,0,0.728530764579773,data\cache\clean\test\cifake_4414 (6)\noise_s0.1.jpg
cifake_4496 (3),noise_s0.1,cifake,real,0,0.5599799156188965,data\cache\clean\test\cifake_4496 (3)\noise_s0.1.jpg
cifake_4533 (5),noise_s0.1,cifake,real,0,0.5498110055923462,data\cache\clean\test\cifake_4533 (5)\noise_s0.1.jpg
cifake_4592 (10),noise_s0.1,cifake,real,0,0.8411637544631958,data\cache\clean\test\cifake_4592 (10)\noise_s0.1.jpg
cifake_4609 (2),noise_s0.1,cifake,real,0,0.7838658690452576,data\cache\clean\test\cifake_4609 (2)\noise_s0.1.jpg
cifake_4648 (8),noise_s0.1,cifake,real,0,0.6046916842460632,data\cache\clean\test\cifake_4648 (8)\noise_s0.1.jpg
cifake_4660 (5),noise_s0.1,cifake,real,0,0.8987841606140137,data\cache\clean\test\cifake_4660 (5)\noise_s0.1.jpg
cifake_4673 (5),noise_s0.1,cifake,real,0,0.8648264408111572,data\cache\clean\test\cifake_4673 (5)\noise_s0.1.jpg
cifake_4707,noise_s0.1,cifake,real,0,0.5874711275100708,data\cache\clean\test\cifake_4707\noise_s0.1.jpg
cifake_4830 (10),noise_s0.1,cifake,real,0,0.6338462829589844,data\cache\clean\test\cifake_4830 (10)\noise_s0.1.jpg
cifake_4907 (6),noise_s0.1,cifake,real,0,0.6279667615890503,data\cache\clean\test\cifake_4907 (6)\noise_s0.1.jpg
sidset_00d6650eafabf1b3,noise_s0.1,sidset,real,0,0.945537269115448,data\cache\clean\test\sidset_00d6650eafabf1b3\noise_s0.1.jpg
sidset_011c2e4461eb1fdc,noise_s0.1,sidset,real,0,0.8292460441589355,data\cache\clean\test\sidset_011c2e4461eb1fdc\noise_s0.1.jpg
sidset_01cc1b0f620bd54f,noise_s0.1,sidset,real,0,0.7703972458839417,data\cache\clean\test\sidset_01cc1b0f620bd54f\noise_s0.1.jpg
sidset_01d31beadaa634e8,noise_s0.1,sidset,real,0,0.6532605886459351,data\cache\clean\test\sidset_01d31beadaa634e8\noise_s0.1.jpg
sidset_01e9eac7f3601b11,noise_s0.1,sidset,real,0,0.8438664674758911,data\cache\clean\test\sidset_01e9eac7f3601b11\noise_s0.1.jpg
sidset_0265f7ea15f24005,noise_s0.1,sidset,real,0,0.5383756756782532,data\cache\clean\test\sidset_0265f7ea15f24005\noise_s0.1.jpg
sidset_036df955965cb2f9,noise_s0.1,sidset,real,0,0.9100221395492554,data\cache\clean\test\sidset_036df955965cb2f9\noise_s0.1.jpg
sidset_038789965a8f7606,noise_s0.1,sidset,real,0,0.7695634365081787,data\cache\clean\test\sidset_038789965a8f7606\noise_s0.1.jpg
sidset_04dca235b99ad328,noise_s0.1,sidset,real,0,0.9968075752258301,data\cache\clean\test\sidset_04dca235b99ad328\noise_s0.1.jpg
sidset_06a174d85dcdf2ba,noise_s0.1,sidset,real,0,0.6663724780082703,data\cache\clean\test\sidset_06a174d85dcdf2ba\noise_s0.1.jpg
sidset_07e2c3595827cb17,noise_s0.1,sidset,real,0,0.5382179021835327,data\cache\clean\test\sidset_07e2c3595827cb17\noise_s0.1.jpg
sidset_09e779f2616dde26,noise_s0.1,sidset,real,0,0.9485676884651184,data\cache\clean\test\sidset_09e779f2616dde26\noise_s0.1.jpg
sidset_09f7329f0c1c9fd4,noise_s0.1,sidset,real,0,0.9400568008422852,data\cache\clean\test\sidset_09f7329f0c1c9fd4\noise_s0.1.jpg
sidset_0ae62e65d0469438,noise_s0.1,sidset,real,0,0.609062135219574,data\cache\clean\test\sidset_0ae62e65d0469438\noise_s0.1.jpg
sidset_0cf1d8bc81be1587,noise_s0.1,sidset,real,0,0.6505962014198303,data\cache\clean\test\sidset_0cf1d8bc81be1587\noise_s0.1.jpg
sidset_0df1386082a76670,noise_s0.1,sidset,real,0,0.9491410255432129,data\cache\clean\test\sidset_0df1386082a76670\noise_s0.1.jpg
sidset_0e40f2f48ac5ec94,noise_s0.1,sidset,real,0,0.9229941964149475,data\cache\clean\test\sidset_0e40f2f48ac5ec94\noise_s0.1.jpg
sidset_0f8102c25fc764ea,noise_s0.1,sidset,real,0,0.8687773942947388,data\cache\clean\test\sidset_0f8102c25fc764ea\noise_s0.1.jpg
sidset_0fc18c1f120b0acb,noise_s0.1,sidset,real,0,0.9218980073928833,data\cache\clean\test\sidset_0fc18c1f120b0acb\noise_s0.1.jpg
sidset_1232f7869a64bb9f,noise_s0.1,sidset,real,0,0.653293251991272,data\cache\clean\test\sidset_1232f7869a64bb9f\noise_s0.1.jpg
sidset_13a6bf4eaf05914a,noise_s0.1,sidset,real,0,0.9834417700767517,data\cache\clean\test\sidset_13a6bf4eaf05914a\noise_s0.1.jpg
sidset_13e79c12d8601494,noise_s0.1,sidset,real,0,0.7855126261711121,data\cache\clean\test\sidset_13e79c12d8601494\noise_s0.1.jpg
sidset_14312756c1c94efa,noise_s0.1,sidset,real,0,0.8858746290206909,data\cache\clean\test\sidset_14312756c1c94efa\noise_s0.1.jpg
sidset_1577f06c8ee59ef0,noise_s0.1,sidset,real,0,0.7316886186599731,data\cache\clean\test\sidset_1577f06c8ee59ef0\noise_s0.1.jpg
sidset_16fa9e4213b57ab5,noise_s0.1,sidset,real,0,0.5232400298118591,data\cache\clean\test\sidset_16fa9e4213b57ab5\noise_s0.1.jpg
sidset_18e30e95478d3da6,noise_s0.1,sidset,real,0,0.8665071725845337,data\cache\clean\test\sidset_18e30e95478d3da6\noise_s0.1.jpg
sidset_19a1dd0dde3ed26c,noise_s0.1,sidset,real,0,0.7256217002868652,data\cache\clean\test\sidset_19a1dd0dde3ed26c\noise_s0.1.jpg
sidset_1c5e2d6d698b5e89,noise_s0.1,sidset,real,0,0.6398254632949829,data\cache\clean\test\sidset_1c5e2d6d698b5e89\noise_s0.1.jpg
sidset_1cae0a8c943c87f1,noise_s0.1,sidset,real,0,0.647464394569397,data\cache\clean\test\sidset_1cae0a8c943c87f1\noise_s0.1.jpg
sidset_1d49d26ca0273da6,noise_s0.1,sidset,real,0,0.9840627908706665,data\cache\clean\test\sidset_1d49d26ca0273da6\noise_s0.1.jpg
sidset_1dff9756ab9d9e0a,noise_s0.1,sidset,real,0,0.794053316116333,data\cache\clean\test\sidset_1dff9756ab9d9e0a\noise_s0.1.jpg
sidset_210f0c6d2d849bc6,noise_s0.1,sidset,real,0,0.6512148976325989,data\cache\clean\test\sidset_210f0c6d2d849bc6\noise_s0.1.jpg
sidset_22b07f2ffcaf319c,noise_s0.1,sidset,real,0,0.8479255437850952,data\cache\clean\test\sidset_22b07f2ffcaf319c\noise_s0.1.jpg
sidset_230a893e83782a7f,noise_s0.1,sidset,real,0,0.5257488489151001,data\cache\clean\test\sidset_230a893e83782a7f\noise_s0.1.jpg
sidset_247241c5aa1f3f9c,noise_s0.1,sidset,real,0,0.836676299571991,data\cache\clean\test\sidset_247241c5aa1f3f9c\noise_s0.1.jpg
sidset_249ee9deb8b187fa,noise_s0.1,sidset,real,0,0.7820513248443604,data\cache\clean\test\sidset_249ee9deb8b187fa\noise_s0.1.jpg
sidset_24c4b5ab84223cc5,noise_s0.1,sidset,real,0,0.6987494826316833,data\cache\clean\test\sidset_24c4b5ab84223cc5\noise_s0.1.jpg
sidset_26c389b400ea1653,noise_s0.1,sidset,real,0,0.6970504522323608,data\cache\clean\test\sidset_26c389b400ea1653\noise_s0.1.jpg
sidset_2905198a806667f8,noise_s0.1,sidset,real,0,0.8900797367095947,data\cache\clean\test\sidset_2905198a806667f8\noise_s0.1.jpg
sidset_2c7cd831752d6b09,noise_s0.1,sidset,real,0,0.9911158084869385,data\cache\clean\test\sidset_2c7cd831752d6b09\noise_s0.1.jpg
sidset_312728c60a9afd3b,noise_s0.1,sidset,real,0,0.97868412733078,data\cache\clean\test\sidset_312728c60a9afd3b\noise_s0.1.jpg
sidset_31f7ec5269c0f867,noise_s0.1,sidset,real,0,0.5042182803153992,data\cache\clean\test\sidset_31f7ec5269c0f867\noise_s0.1.jpg
sidset_326f495eb261b65e,noise_s0.1,sidset,real,0,0.8007572293281555,data\cache\clean\test\sidset_326f495eb261b65e\noise_s0.1.jpg
sidset_3366fe07253694af,noise_s0.1,sidset,real,0,0.8710747361183167,data\cache\clean\test\sidset_3366fe07253694af\noise_s0.1.jpg
sidset_351df796b93ed2b5,noise_s0.1,sidset,real,0,0.5054609179496765,data\cache\clean\test\sidset_351df796b93ed2b5\noise_s0.1.jpg
sidset_3833df0f9ce8d3c3,noise_s0.1,sidset,real,0,0.9635476469993591,data\cache\clean\test\sidset_3833df0f9ce8d3c3\noise_s0.1.jpg
sidset_41fb52633e2258f5,noise_s0.1,sidset,real,0,0.5215347409248352,data\cache\clean\test\sidset_41fb52633e2258f5\noise_s0.1.jpg
sidset_41fcb89ff22ef83c,noise_s0.1,sidset,real,0,0.7371066212654114,data\cache\clean\test\sidset_41fcb89ff22ef83c\noise_s0.1.jpg
sidset_43a8a67edf9acde1,noise_s0.1,sidset,real,0,0.5155377984046936,data\cache\clean\test\sidset_43a8a67edf9acde1\noise_s0.1.jpg
sidset_4566671bd4a332e8,noise_s0.1,sidset,real,0,0.9999785423278809,data\cache\clean\test\sidset_4566671bd4a332e8\noise_s0.1.jpg
sidset_45a6cb8b20ae57d2,noise_s0.1,sidset,real,0,0.939876139163971,data\cache\clean\test\sidset_45a6cb8b20ae57d2\noise_s0.1.jpg
sidset_4c361533bba3cc71,noise_s0.1,sidset,real,0,0.6938872337341309,data\cache\clean\test\sidset_4c361533bba3cc71\noise_s0.1.jpg
sidset_4eb96685f68dd199,noise_s0.1,sidset,real,0,0.6821916699409485,data\cache\clean\test\sidset_4eb96685f68dd199\noise_s0.1.jpg
sidset_52bf81b2d7f84101,noise_s0.1,sidset,real,0,0.7688574194908142,data\cache\clean\test\sidset_52bf81b2d7f84101\noise_s0.1.jpg
sidset_53e1de4d64954e20,noise_s0.1,sidset,real,0,0.5086131691932678,data\cache\clean\test\sidset_53e1de4d64954e20\noise_s0.1.jpg
sidset_5445e0d08b367d9a,noise_s0.1,sidset,real,0,0.6197545528411865,data\cache\clean\test\sidset_5445e0d08b367d9a\noise_s0.1.jpg
sidset_55ed6c0bbd54e07d,noise_s0.1,sidset,real,0,0.9915876984596252,data\cache\clean\test\sidset_55ed6c0bbd54e07d\noise_s0.1.jpg
sidset_582098e0a64904ef,noise_s0.1,sidset,real,0,0.6645922064781189,data\cache\clean\test\sidset_582098e0a64904ef\noise_s0.1.jpg
sidset_59e78921fe0be3d3,noise_s0.1,sidset,real,0,0.8161388635635376,data\cache\clean\test\sidset_59e78921fe0be3d3\noise_s0.1.jpg
sidset_5a165a26bf8ca4be,noise_s0.1,sidset,real,0,0.8821737766265869,data\cache\clean\test\sidset_5a165a26bf8ca4be\noise_s0.1.jpg
sidset_5ae51a789c118b75,noise_s0.1,sidset,real,0,0.5858612060546875,data\cache\clean\test\sidset_5ae51a789c118b75\noise_s0.1.jpg
sidset_5b8f12b78d13bfcd,noise_s0.1,sidset,real,0,0.9513489603996277,data\cache\clean\test\sidset_5b8f12b78d13bfcd\noise_s0.1.jpg
sidset_5ba522a91162ae70,noise_s0.1,sidset,real,0,0.889765739440918,data\cache\clean\test\sidset_5ba522a91162ae70\noise_s0.1.jpg
sidset_5c44352c47fabc57,noise_s0.1,sidset,real,0,0.6965531706809998,data\cache\clean\test\sidset_5c44352c47fabc57\noise_s0.1.jpg
sidset_5fb439247718b13b,noise_s0.1,sidset,real,0,0.7389785647392273,data\cache\clean\test\sidset_5fb439247718b13b\noise_s0.1.jpg
sidset_60fd16245705a9ac,noise_s0.1,sidset,real,0,0.7416410446166992,data\cache\clean\test\sidset_60fd16245705a9ac\noise_s0.1.jpg
sidset_615f67f3acd96d5c,noise_s0.1,sidset,real,0,0.9048233032226562,data\cache\clean\test\sidset_615f67f3acd96d5c\noise_s0.1.jpg
sidset_62d3110113ec4633,noise_s0.1,sidset,real,0,0.9995139837265015,data\cache\clean\test\sidset_62d3110113ec4633\noise_s0.1.jpg
sidset_6431b1bc822a7f18,noise_s0.1,sidset,real,0,0.6047775745391846,data\cache\clean\test\sidset_6431b1bc822a7f18\noise_s0.1.jpg
sidset_65d4916b9f3f47ba,noise_s0.1,sidset,real,0,0.6257356405258179,data\cache\clean\test\sidset_65d4916b9f3f47ba\noise_s0.1.jpg
sidset_660fbbd053050f25,noise_s0.1,sidset,real,0,0.6306406855583191,data\cache\clean\test\sidset_660fbbd053050f25\noise_s0.1.jpg
sidset_67e679dca692a59d,noise_s0.1,sidset,real,0,0.7933657765388489,data\cache\clean\test\sidset_67e679dca692a59d\noise_s0.1.jpg
sidset_68f0479b7dde7700,noise_s0.1,sidset,real,0,0.6843630075454712,data\cache\clean\test\sidset_68f0479b7dde7700\noise_s0.1.jpg
sidset_69a017bb324155bc,noise_s0.1,sidset,real,0,0.807701051235199,data\cache\clean\test\sidset_69a017bb324155bc\noise_s0.1.jpg
sidset_6a9b88d93d860623,noise_s0.1,sidset,real,0,0.8206877112388611,data\cache\clean\test\sidset_6a9b88d93d860623\noise_s0.1.jpg
sidset_6ae976e8966ec975,noise_s0.1,sidset,real,0,0.6125962734222412,data\cache\clean\test\sidset_6ae976e8966ec975\noise_s0.1.jpg
sidset_6b3d59dde1be49eb,noise_s0.1,sidset,real,0,0.6116942763328552,data\cache\clean\test\sidset_6b3d59dde1be49eb\noise_s0.1.jpg
sidset_6bad0a1b36aae064,noise_s0.1,sidset,real,0,0.5431258678436279,data\cache\clean\test\sidset_6bad0a1b36aae064\noise_s0.1.jpg
sidset_6bc73a50e0d1ed04,noise_s0.1,sidset,real,0,0.646966278553009,data\cache\clean\test\sidset_6bc73a50e0d1ed04\noise_s0.1.jpg
sidset_6c4941996cd7f5fc,noise_s0.1,sidset,real,0,0.5741799473762512,data\cache\clean\test\sidset_6c4941996cd7f5fc\noise_s0.1.jpg
sidset_6e45a8ef8a8c22a0,noise_s0.1,sidset,real,0,0.6266298890113831,data\cache\clean\test\sidset_6e45a8ef8a8c22a0\noise_s0.1.jpg
sidset_6f3ce9ca0af3863c,noise_s0.1,sidset,real,0,0.7887192368507385,data\cache\clean\test\sidset_6f3ce9ca0af3863c\noise_s0.1.jpg
sidset_702884f2efd07c6e,noise_s0.1,sidset,real,0,0.5482770204544067,data\cache\clean\test\sidset_702884f2efd07c6e\noise_s0.1.jpg
sidset_715f3c6fc6f7ef1f,noise_s0.1,sidset,real,0,0.9156729578971863,data\cache\clean\test\sidset_715f3c6fc6f7ef1f\noise_s0.1.jpg
sidset_725e4f2f78a9cd86,noise_s0.1,sidset,real,0,0.6903740167617798,data\cache\clean\test\sidset_725e4f2f78a9cd86\noise_s0.1.jpg
sidset_759a21da57c25774,noise_s0.1,sidset,real,0,0.8771930932998657,data\cache\clean\test\sidset_759a21da57c25774\noise_s0.1.jpg
sidset_772850bc0fb9e17c,noise_s0.1,sidset,real,0,0.8913174867630005,data\cache\clean\test\sidset_772850bc0fb9e17c\noise_s0.1.jpg
sidset_7b02c62c42c0cc7f,noise_s0.1,sidset,real,0,0.6613979339599609,data\cache\clean\test\sidset_7b02c62c42c0cc7f\noise_s0.1.jpg
sidset_7b550aceb5ec111f,noise_s0.1,sidset,real,0,0.7264367341995239,data\cache\clean\test\sidset_7b550aceb5ec111f\noise_s0.1.jpg
sidset_847120c126ba55f8,noise_s0.1,sidset,real,0,0.6451416611671448,data\cache\clean\test\sidset_847120c126ba55f8\noise_s0.1.jpg
sidset_85928afd9860bcb5,noise_s0.1,sidset,real,0,0.8462764024734497,data\cache\clean\test\sidset_85928afd9860bcb5\noise_s0.1.jpg
sidset_8619862cda88466c,noise_s0.1,sidset,real,0,0.7133440971374512,data\cache\clean\test\sidset_8619862cda88466c\noise_s0.1.jpg
sidset_87d1c36b80601bcb,noise_s0.1,sidset,real,0,0.8374103307723999,data\cache\clean\test\sidset_87d1c36b80601bcb\noise_s0.1.jpg
sidset_8beb797d107510e5,noise_s0.1,sidset,real,0,0.7442036271095276,data\cache\clean\test\sidset_8beb797d107510e5\noise_s0.1.jpg
sidset_8c3549f9f22a8f34,noise_s0.1,sidset,real,0,0.7527614235877991,data\cache\clean\test\sidset_8c3549f9f22a8f34\noise_s0.1.jpg
sidset_8d2495ea75218578,noise_s0.1,sidset,real,0,0.5913322567939758,data\cache\clean\test\sidset_8d2495ea75218578\noise_s0.1.jpg
sidset_8d98f1eeb3935d09,noise_s0.1,sidset,real,0,0.5674327611923218,data\cache\clean\test\sidset_8d98f1eeb3935d09\noise_s0.1.jpg
sidset_8f3624cc8a5e0ffc,noise_s0.1,sidset,real,0,0.645148515701294,data\cache\clean\test\sidset_8f3624cc8a5e0ffc\noise_s0.1.jpg
sidset_918190e0dd7fc829,noise_s0.1,sidset,real,0,0.9984660148620605,data\cache\clean\test\sidset_918190e0dd7fc829\noise_s0.1.jpg
sidset_92e8228aca22327e,noise_s0.1,sidset,real,0,0.6112638711929321,data\cache\clean\test\sidset_92e8228aca22327e\noise_s0.1.jpg
sidset_9811f04611ad082c,noise_s0.1,sidset,real,0,0.5776673555374146,data\cache\clean\test\sidset_9811f04611ad082c\noise_s0.1.jpg
sidset_9915729405b9e03e,noise_s0.1,sidset,real,0,0.7809476852416992,data\cache\clean\test\sidset_9915729405b9e03e\noise_s0.1.jpg
sidset_9930f532d418d193,noise_s0.1,sidset,real,0,0.9382829666137695,data\cache\clean\test\sidset_9930f532d418d193\noise_s0.1.jpg
sidset_995429a562f1aed2,noise_s0.1,sidset,real,0,0.9360443949699402,data\cache\clean\test\sidset_995429a562f1aed2\noise_s0.1.jpg
sidset_9bd8ecc186d59fe9,noise_s0.1,sidset,real,0,0.7794147729873657,data\cache\clean\test\sidset_9bd8ecc186d59fe9\noise_s0.1.jpg
sidset_9e2a9b16ff46f867,noise_s0.1,sidset,real,0,0.9340378642082214,data\cache\clean\test\sidset_9e2a9b16ff46f867\noise_s0.1.jpg
sidset_9eee8350ba1b12f6,noise_s0.1,sidset,real,0,0.7554579973220825,data\cache\clean\test\sidset_9eee8350ba1b12f6\noise_s0.1.jpg
sidset_a1aa29047a42bb39,noise_s0.1,sidset,real,0,0.6142415404319763,data\cache\clean\test\sidset_a1aa29047a42bb39\noise_s0.1.jpg
sidset_a3e425415bb74c83,noise_s0.1,sidset,real,0,0.648762583732605,data\cache\clean\test\sidset_a3e425415bb74c83\noise_s0.1.jpg
sidset_a4268c0135ca2c65,noise_s0.1,sidset,real,0,0.9589676856994629,data\cache\clean\test\sidset_a4268c0135ca2c65\noise_s0.1.jpg
sidset_a429805728e89e7d,noise_s0.1,sidset,real,0,0.9900977611541748,data\cache\clean\test\sidset_a429805728e89e7d\noise_s0.1.jpg
sidset_a7d137c64064c794,noise_s0.1,sidset,real,0,0.5336357355117798,data\cache\clean\test\sidset_a7d137c64064c794\noise_s0.1.jpg
sidset_a8ad741ef85002f3,noise_s0.1,sidset,real,0,0.7775611877441406,data\cache\clean\test\sidset_a8ad741ef85002f3\noise_s0.1.jpg
sidset_a8c91bd501d586fa,noise_s0.1,sidset,real,0,0.9009250998497009,data\cache\clean\test\sidset_a8c91bd501d586fa\noise_s0.1.jpg
sidset_a9461d28df2d46d8,noise_s0.1,sidset,real,0,0.6707044243812561,data\cache\clean\test\sidset_a9461d28df2d46d8\noise_s0.1.jpg
sidset_ab4f5a8a2f533316,noise_s0.1,sidset,real,0,0.9050254225730896,data\cache\clean\test\sidset_ab4f5a8a2f533316\noise_s0.1.jpg
sidset_ace6b1574d0e0f60,noise_s0.1,sidset,real,0,0.6036632657051086,data\cache\clean\test\sidset_ace6b1574d0e0f60\noise_s0.1.jpg
sidset_ada487d9073d8dd5,noise_s0.1,sidset,real,0,0.6674180626869202,data\cache\clean\test\sidset_ada487d9073d8dd5\noise_s0.1.jpg
sidset_addaecf6bdb9e66b,noise_s0.1,sidset,real,0,0.8003514409065247,data\cache\clean\test\sidset_addaecf6bdb9e66b\noise_s0.1.jpg
sidset_ae0c63c6262c69cd,noise_s0.1,sidset,real,0,0.6468533277511597,data\cache\clean\test\sidset_ae0c63c6262c69cd\noise_s0.1.jpg
sidset_af41e2b6da3e7e02,noise_s0.1,sidset,real,0,0.8253957629203796,data\cache\clean\test\sidset_af41e2b6da3e7e02\noise_s0.1.jpg
sidset_afe2c3d2863b693b,noise_s0.1,sidset,real,0,0.8134801983833313,data\cache\clean\test\sidset_afe2c3d2863b693b\noise_s0.1.jpg
sidset_b230de6baca8d392,noise_s0.1,sidset,real,0,0.782124400138855,data\cache\clean\test\sidset_b230de6baca8d392\noise_s0.1.jpg
sidset_bc2109b500519a48,noise_s0.1,sidset,real,0,0.8904213905334473,data\cache\clean\test\sidset_bc2109b500519a48\noise_s0.1.jpg
sidset_bc280ffeb57ce51b,noise_s0.1,sidset,real,0,0.8420639038085938,data\cache\clean\test\sidset_bc280ffeb57ce51b\noise_s0.1.jpg
sidset_bc70b06f0d603efd,noise_s0.1,sidset,real,0,0.9999796152114868,data\cache\clean\test\sidset_bc70b06f0d603efd\noise_s0.1.jpg
sidset_bdbaa5aba127b616,noise_s0.1,sidset,real,0,0.509879469871521,data\cache\clean\test\sidset_bdbaa5aba127b616\noise_s0.1.jpg
sidset_bddc30edb2816122,noise_s0.1,sidset,real,0,0.6080219149589539,data\cache\clean\test\sidset_bddc30edb2816122\noise_s0.1.jpg
sidset_be1daffd2d21411d,noise_s0.1,sidset,real,0,0.6872699856758118,data\cache\clean\test\sidset_be1daffd2d21411d\noise_s0.1.jpg
sidset_be45822e6f2d10ff,noise_s0.1,sidset,real,0,0.5263535380363464,data\cache\clean\test\sidset_be45822e6f2d10ff\noise_s0.1.jpg
sidset_c104d5a827c3dc84,noise_s0.1,sidset,real,0,0.9966984391212463,data\cache\clean\test\sidset_c104d5a827c3dc84\noise_s0.1.jpg
sidset_c2f7255d9f5d9469,noise_s0.1,sidset,real,0,0.8911356329917908,data\cache\clean\test\sidset_c2f7255d9f5d9469\noise_s0.1.jpg
sidset_c51e9f52ce3dbd67,noise_s0.1,sidset,real,0,0.5186464190483093,data\cache\clean\test\sidset_c51e9f52ce3dbd67\noise_s0.1.jpg
sidset_c5f4e20e7d2e391c,noise_s0.1,sidset,real,0,0.6323123574256897,data\cache\clean\test\sidset_c5f4e20e7d2e391c\noise_s0.1.jpg
sidset_c7d3774f16039f96,noise_s0.1,sidset,real,0,0.5578058362007141,data\cache\clean\test\sidset_c7d3774f16039f96\noise_s0.1.jpg
sidset_cb68a83278e88b9d,noise_s0.1,sidset,real,0,0.9528437852859497,data\cache\clean\test\sidset_cb68a83278e88b9d\noise_s0.1.jpg
sidset_cd7b3621c53d1ffe,noise_s0.1,sidset,real,0,0.8247183561325073,data\cache\clean\test\sidset_cd7b3621c53d1ffe\noise_s0.1.jpg
sidset_ce09a25a50fdfe47,noise_s0.1,sidset,real,0,0.9061244130134583,data\cache\clean\test\sidset_ce09a25a50fdfe47\noise_s0.1.jpg
sidset_cefabeb567a88f94,noise_s0.1,sidset,real,0,0.756478488445282,data\cache\clean\test\sidset_cefabeb567a88f94\noise_s0.1.jpg
sidset_cfa694ce3bb2538c,noise_s0.1,sidset,real,0,0.8920602202415466,data\cache\clean\test\sidset_cfa694ce3bb2538c\noise_s0.1.jpg
sidset_d0fea44f4c3d5825,noise_s0.1,sidset,real,0,0.527748167514801,data\cache\clean\test\sidset_d0fea44f4c3d5825\noise_s0.1.jpg
sidset_d3d78752fef3f3c4,noise_s0.1,sidset,real,0,0.8067513704299927,data\cache\clean\test\sidset_d3d78752fef3f3c4\noise_s0.1.jpg
sidset_d482661389f951ac,noise_s0.1,sidset,real,0,0.6844000816345215,data\cache\clean\test\sidset_d482661389f951ac\noise_s0.1.jpg
sidset_d5b1f51ca14baa4e,noise_s0.1,sidset,real,0,0.9732477068901062,data\cache\clean\test\sidset_d5b1f51ca14baa4e\noise_s0.1.jpg
sidset_d652dc17bb0709b8,noise_s0.1,sidset,real,0,0.5044010281562805,data\cache\clean\test\sidset_d652dc17bb0709b8\noise_s0.1.jpg
sidset_d6850e9ba41f0e89,noise_s0.1,sidset,real,0,0.8680528998374939,data\cache\clean\test\sidset_d6850e9ba41f0e89\noise_s0.1.jpg
sidset_d7c9ba7b7774dcd9,noise_s0.1,sidset,real,0,0.9347238540649414,data\cache\clean\test\sidset_d7c9ba7b7774dcd9\noise_s0.1.jpg
sidset_dcc4eb3a61fc711a,noise_s0.1,sidset,real,0,0.8704466819763184,data\cache\clean\test\sidset_dcc4eb3a61fc711a\noise_s0.1.jpg
sidset_dd7f306351f863e7,noise_s0.1,sidset,real,0,0.786960244178772,data\cache\clean\test\sidset_dd7f306351f863e7\noise_s0.1.jpg
sidset_df089363fbc3dff5,noise_s0.1,sidset,real,0,0.8947080969810486,data\cache\clean\test\sidset_df089363fbc3dff5\noise_s0.1.jpg
sidset_e14e3989daa0bebd,noise_s0.1,sidset,real,0,0.8098472356796265,data\cache\clean\test\sidset_e14e3989daa0bebd\noise_s0.1.jpg
sidset_e19c80d7ff2e201b,noise_s0.1,sidset,real,0,0.7826411724090576,data\cache\clean\test\sidset_e19c80d7ff2e201b\noise_s0.1.jpg
sidset_e1a5cac65504c6d6,noise_s0.1,sidset,real,0,0.8538766503334045,data\cache\clean\test\sidset_e1a5cac65504c6d6\noise_s0.1.jpg
sidset_e20f8df5bc8ae19c,noise_s0.1,sidset,real,0,0.8609164357185364,data\cache\clean\test\sidset_e20f8df5bc8ae19c\noise_s0.1.jpg
sidset_e35ca53982ee8372,noise_s0.1,sidset,real,0,0.9233505129814148,data\cache\clean\test\sidset_e35ca53982ee8372\noise_s0.1.jpg
sidset_e547ceb84d50e7bf,noise_s0.1,sidset,real,0,0.774659276008606,data\cache\clean\test\sidset_e547ceb84d50e7bf\noise_s0.1.jpg
sidset_e7250acece7d41f5,noise_s0.1,sidset,real,0,0.7798388600349426,data\cache\clean\test\sidset_e7250acece7d41f5\noise_s0.1.jpg
sidset_e83254d4c55675a6,noise_s0.1,sidset,real,0,0.9966545104980469,data\cache\clean\test\sidset_e83254d4c55675a6\noise_s0.1.jpg
sidset_ea40598e1128af27,noise_s0.1,sidset,real,0,0.5795347094535828,data\cache\clean\test\sidset_ea40598e1128af27\noise_s0.1.jpg
sidset_ebb7d0a95dbbfb00,noise_s0.1,sidset,real,0,0.5442789196968079,data\cache\clean\test\sidset_ebb7d0a95dbbfb00\noise_s0.1.jpg
sidset_ee10cfddcd14bfe8,noise_s0.1,sidset,real,0,0.9353936314582825,data\cache\clean\test\sidset_ee10cfddcd14bfe8\noise_s0.1.jpg
sidset_ef3f636bfc78f3a5,noise_s0.1,sidset,real,0,0.5680440664291382,data\cache\clean\test\sidset_ef3f636bfc78f3a5\noise_s0.1.jpg
sidset_f1dcc7d3f0ff18ab,noise_s0.1,sidset,real,0,0.6438188552856445,data\cache\clean\test\sidset_f1dcc7d3f0ff18ab\noise_s0.1.jpg
sidset_f2be8bd472d53987,noise_s0.1,sidset,real,0,0.9476380944252014,data\cache\clean\test\sidset_f2be8bd472d53987\noise_s0.1.jpg
sidset_f4ef9cdd7b551944,noise_s0.1,sidset,real,0,0.5211315751075745,data\cache\clean\test\sidset_f4ef9cdd7b551944\noise_s0.1.jpg
sidset_fac95db1f3df9775,noise_s0.1,sidset,real,0,0.9378373622894287,data\cache\clean\test\sidset_fac95db1f3df9775\noise_s0.1.jpg
sidset_fe0bec3214706d60,noise_s0.1,sidset,real,0,0.8648067116737366,data\cache\clean\test\sidset_fe0bec3214706d60\noise_s0.1.jpg
cifake_0089 (3),resize_0.25,cifake,real,0,0.6435241103172302,data\cache\clean\test\cifake_0089 (3)\resize_0.25.jpg
cifake_0235,resize_0.25,cifake,real,0,0.6655877232551575,data\cache\clean\test\cifake_0235\resize_0.25.jpg
cifake_0343 (6),resize_0.25,cifake,real,0,0.9606369137763977,data\cache\clean\test\cifake_0343 (6)\resize_0.25.jpg
cifake_0567,resize_0.25,cifake,real,0,0.7817791104316711,data\cache\clean\test\cifake_0567\resize_0.25.jpg
cifake_0618 (3),resize_0.25,cifake,real,0,0.8185176849365234,data\cache\clean\test\cifake_0618 (3)\resize_0.25.jpg
cifake_0793,resize_0.25,cifake,real,0,0.8929654955863953,data\cache\clean\test\cifake_0793\resize_0.25.jpg
cifake_0967 (9),resize_0.25,cifake,real,0,0.7964115142822266,data\cache\clean\test\cifake_0967 (9)\resize_0.25.jpg
cifake_1139,resize_0.25,cifake,real,0,0.9151740670204163,data\cache\clean\test\cifake_1139\resize_0.25.jpg
cifake_1974,resize_0.25,cifake,real,0,0.5838868618011475,data\cache\clean\test\cifake_1974\resize_0.25.jpg
cifake_2122,resize_0.25,cifake,real,0,0.9903506636619568,data\cache\clean\test\cifake_2122\resize_0.25.jpg
cifake_2547,resize_0.25,cifake,real,0,0.6269901394844055,data\cache\clean\test\cifake_2547\resize_0.25.jpg
cifake_2579 (8),resize_0.25,cifake,real,0,0.5559418797492981,data\cache\clean\test\cifake_2579 (8)\resize_0.25.jpg
cifake_2660,resize_0.25,cifake,real,0,0.8241975903511047,data\cache\clean\test\cifake_2660\resize_0.25.jpg
cifake_2874 (4),resize_0.25,cifake,real,0,0.5756300091743469,data\cache\clean\test\cifake_2874 (4)\resize_0.25.jpg
cifake_4369,resize_0.25,cifake,real,0,0.8099511861801147,data\cache\clean\test\cifake_4369\resize_0.25.jpg
cifake_4609 (2),resize_0.25,cifake,real,0,0.5244933366775513,data\cache\clean\test\cifake_4609 (2)\resize_0.25.jpg
cifake_4660 (5),resize_0.25,cifake,real,0,0.9505048990249634,data\cache\clean\test\cifake_4660 (5)\resize_0.25.jpg
cifake_4673 (5),resize_0.25,cifake,real,0,0.7568652033805847,data\cache\clean\test\cifake_4673 (5)\resize_0.25.jpg
sidset_02eb47f790cba404,resize_0.25,sidset,real,0,0.6725131869316101,data\cache\clean\test\sidset_02eb47f790cba404\resize_0.25.jpg
sidset_036df955965cb2f9,resize_0.25,sidset,real,0,0.7483288645744324,data\cache\clean\test\sidset_036df955965cb2f9\resize_0.25.jpg
sidset_038789965a8f7606,resize_0.25,sidset,real,0,0.6168808341026306,data\cache\clean\test\sidset_038789965a8f7606\resize_0.25.jpg
sidset_03a9da8756998d00,resize_0.25,sidset,real,0,0.7029364705085754,data\cache\clean\test\sidset_03a9da8756998d00\resize_0.25.jpg
sidset_03eaaa4033ae7bc3,resize_0.25,sidset,real,0,0.5148154497146606,data\cache\clean\test\sidset_03eaaa4033ae7bc3\resize_0.25.jpg
sidset_04dca235b99ad328,resize_0.25,sidset,real,0,0.9629194736480713,data\cache\clean\test\sidset_04dca235b99ad328\resize_0.25.jpg
sidset_04f2ca3f7633822b,resize_0.25,sidset,real,0,0.6666252017021179,data\cache\clean\test\sidset_04f2ca3f7633822b\resize_0.25.jpg
sidset_0633fbd766934905,resize_0.25,sidset,real,0,0.8355094790458679,data\cache\clean\test\sidset_0633fbd766934905\resize_0.25.jpg
sidset_0819e112dbbe3cb8,resize_0.25,sidset,real,0,0.5572031736373901,data\cache\clean\test\sidset_0819e112dbbe3cb8\resize_0.25.jpg
sidset_09f7329f0c1c9fd4,resize_0.25,sidset,real,0,0.618537962436676,data\cache\clean\test\sidset_09f7329f0c1c9fd4\resize_0.25.jpg
sidset_10074342a36207e9,resize_0.25,sidset,real,0,0.6011822819709778,data\cache\clean\test\sidset_10074342a36207e9\resize_0.25.jpg
sidset_104ed9aacca56685,resize_0.25,sidset,real,0,0.8027571439743042,data\cache\clean\test\sidset_104ed9aacca56685\resize_0.25.jpg
sidset_1577f06c8ee59ef0,resize_0.25,sidset,real,0,0.6264084577560425,data\cache\clean\test\sidset_1577f06c8ee59ef0\resize_0.25.jpg
sidset_184bcfe0dff58976,resize_0.25,sidset,real,0,0.7337003946304321,data\cache\clean\test\sidset_184bcfe0dff58976\resize_0.25.jpg
sidset_18e30e95478d3da6,resize_0.25,sidset,real,0,0.6288115978240967,data\cache\clean\test\sidset_18e30e95478d3da6\resize_0.25.jpg
sidset_1cae0a8c943c87f1,resize_0.25,sidset,real,0,0.5185146927833557,data\cache\clean\test\sidset_1cae0a8c943c87f1\resize_0.25.jpg
sidset_1d24e17c0f598d7a,resize_0.25,sidset,real,0,0.8154011964797974,data\cache\clean\test\sidset_1d24e17c0f598d7a\resize_0.25.jpg
sidset_1d49d26ca0273da6,resize_0.25,sidset,real,0,0.9253004193305969,data\cache\clean\test\sidset_1d49d26ca0273da6\resize_0.25.jpg
sidset_1ea22329e992bb73,resize_0.25,sidset,real,0,0.7935001254081726,data\cache\clean\test\sidset_1ea22329e992bb73\resize_0.25.jpg
sidset_1ec791166ce27275,resize_0.25,sidset,real,0,0.6979060173034668,data\cache\clean\test\sidset_1ec791166ce27275\resize_0.25.jpg
sidset_206468f74dab4d45,resize_0.25,sidset,real,0,0.5666465163230896,data\cache\clean\test\sidset_206468f74dab4d45\resize_0.25.jpg
sidset_22b07f2ffcaf319c,resize_0.25,sidset,real,0,0.6481660604476929,data\cache\clean\test\sidset_22b07f2ffcaf319c\resize_0.25.jpg
sidset_230a893e83782a7f,resize_0.25,sidset,real,0,0.8382853865623474,data\cache\clean\test\sidset_230a893e83782a7f\resize_0.25.jpg
sidset_2387febf3723ff05,resize_0.25,sidset,real,0,0.6237795352935791,data\cache\clean\test\sidset_2387febf3723ff05\resize_0.25.jpg
sidset_240eaccddb6506ef,resize_0.25,sidset,real,0,0.7938491106033325,data\cache\clean\test\sidset_240eaccddb6506ef\resize_0.25.jpg
sidset_247241c5aa1f3f9c,resize_0.25,sidset,real,0,0.9353421926498413,data\cache\clean\test\sidset_247241c5aa1f3f9c\resize_0.25.jpg
sidset_2905198a806667f8,resize_0.25,sidset,real,0,0.5631623864173889,data\cache\clean\test\sidset_2905198a806667f8\resize_0.25.jpg
sidset_2a8fb1de6042f419,resize_0.25,sidset,real,0,0.6403727531433105,data\cache\clean\test\sidset_2a8fb1de6042f419\resize_0.25.jpg
sidset_2c7cd831752d6b09,resize_0.25,sidset,real,0,0.8475331664085388,data\cache\clean\test\sidset_2c7cd831752d6b09\resize_0.25.jpg
sidset_2da45bb6ecb94767,resize_0.25,sidset,real,0,0.7948822975158691,data\cache\clean\test\sidset_2da45bb6ecb94767\resize_0.25.jpg
sidset_312728c60a9afd3b,resize_0.25,sidset,real,0,0.6368542313575745,data\cache\clean\test\sidset_312728c60a9afd3b\resize_0.25.jpg
sidset_3366fe07253694af,resize_0.25,sidset,real,0,0.734164297580719,data\cache\clean\test\sidset_3366fe07253694af\resize_0.25.jpg
sidset_3413efa4fc47b5ac,resize_0.25,sidset,real,0,0.5987528562545776,data\cache\clean\test\sidset_3413efa4fc47b5ac\resize_0.25.jpg
sidset_351df796b93ed2b5,resize_0.25,sidset,real,0,0.5776493549346924,data\cache\clean\test\sidset_351df796b93ed2b5\resize_0.25.jpg
sidset_36ec0b674a14714a,resize_0.25,sidset,real,0,0.5292660593986511,data\cache\clean\test\sidset_36ec0b674a14714a\resize_0.25.jpg
sidset_3d21129b72399ca2,resize_0.25,sidset,real,0,0.5923657417297363,data\cache\clean\test\sidset_3d21129b72399ca2\resize_0.25.jpg
sidset_40d5448c128a6537,resize_0.25,sidset,real,0,0.8110917806625366,data\cache\clean\test\sidset_40d5448c128a6537\resize_0.25.jpg
sidset_41fcb89ff22ef83c,resize_0.25,sidset,real,0,0.642116367816925,data\cache\clean\test\sidset_41fcb89ff22ef83c\resize_0.25.jpg
sidset_4566671bd4a332e8,resize_0.25,sidset,real,0,0.544451117515564,data\cache\clean\test\sidset_4566671bd4a332e8\resize_0.25.jpg
sidset_45a6cb8b20ae57d2,resize_0.25,sidset,real,0,0.8902910351753235,data\cache\clean\test\sidset_45a6cb8b20ae57d2\resize_0.25.jpg
sidset_47927d08b0f027e7,resize_0.25,sidset,real,0,0.9826077818870544,data\cache\clean\test\sidset_47927d08b0f027e7\resize_0.25.jpg
sidset_4c361533bba3cc71,resize_0.25,sidset,real,0,0.9386926293373108,data\cache\clean\test\sidset_4c361533bba3cc71\resize_0.25.jpg
sidset_4dd2dda240e479c1,resize_0.25,sidset,real,0,0.8330414891242981,data\cache\clean\test\sidset_4dd2dda240e479c1\resize_0.25.jpg
sidset_4e4b9b1d6e8b2aca,resize_0.25,sidset,real,0,0.947226345539093,data\cache\clean\test\sidset_4e4b9b1d6e8b2aca\resize_0.25.jpg
sidset_50431dd2e2a3818e,resize_0.25,sidset,real,0,0.8296908736228943,data\cache\clean\test\sidset_50431dd2e2a3818e\resize_0.25.jpg
sidset_523fede5def083dd,resize_0.25,sidset,real,0,0.5504672527313232,data\cache\clean\test\sidset_523fede5def083dd\resize_0.25.jpg
sidset_55ed6c0bbd54e07d,resize_0.25,sidset,real,0,0.7780548334121704,data\cache\clean\test\sidset_55ed6c0bbd54e07d\resize_0.25.jpg
sidset_59e78921fe0be3d3,resize_0.25,sidset,real,0,0.5600157380104065,data\cache\clean\test\sidset_59e78921fe0be3d3\resize_0.25.jpg
sidset_5a165a26bf8ca4be,resize_0.25,sidset,real,0,0.8850846290588379,data\cache\clean\test\sidset_5a165a26bf8ca4be\resize_0.25.jpg
sidset_5ae51a789c118b75,resize_0.25,sidset,real,0,0.8677847385406494,data\cache\clean\test\sidset_5ae51a789c118b75\resize_0.25.jpg
sidset_5b291a7b5ae05cf0,resize_0.25,sidset,real,0,0.5256538391113281,data\cache\clean\test\sidset_5b291a7b5ae05cf0\resize_0.25.jpg
sidset_5b8f12b78d13bfcd,resize_0.25,sidset,real,0,0.8834617733955383,data\cache\clean\test\sidset_5b8f12b78d13bfcd\resize_0.25.jpg
sidset_5ba522a91162ae70,resize_0.25,sidset,real,0,0.9885464906692505,data\cache\clean\test\sidset_5ba522a91162ae70\resize_0.25.jpg
sidset_5d6c80bf53edd038,resize_0.25,sidset,real,0,0.5240590572357178,data\cache\clean\test\sidset_5d6c80bf53edd038\resize_0.25.jpg
sidset_5fd49a9afbba9bd6,resize_0.25,sidset,real,0,0.9751181602478027,data\cache\clean\test\sidset_5fd49a9afbba9bd6\resize_0.25.jpg
sidset_615f67f3acd96d5c,resize_0.25,sidset,real,0,0.9601125717163086,data\cache\clean\test\sidset_615f67f3acd96d5c\resize_0.25.jpg
sidset_61788db65ec08fe7,resize_0.25,sidset,real,0,0.5405267477035522,data\cache\clean\test\sidset_61788db65ec08fe7\resize_0.25.jpg
sidset_62d3110113ec4633,resize_0.25,sidset,real,0,0.6467150449752808,data\cache\clean\test\sidset_62d3110113ec4633\resize_0.25.jpg
sidset_6431b1bc822a7f18,resize_0.25,sidset,real,0,0.719264566898346,data\cache\clean\test\sidset_6431b1bc822a7f18\resize_0.25.jpg
sidset_656e08da323e3b5e,resize_0.25,sidset,real,0,0.5384302735328674,data\cache\clean\test\sidset_656e08da323e3b5e\resize_0.25.jpg
sidset_660fbbd053050f25,resize_0.25,sidset,real,0,0.8040998578071594,data\cache\clean\test\sidset_660fbbd053050f25\resize_0.25.jpg
sidset_67e679dca692a59d,resize_0.25,sidset,real,0,0.991854190826416,data\cache\clean\test\sidset_67e679dca692a59d\resize_0.25.jpg
sidset_68f0479b7dde7700,resize_0.25,sidset,real,0,0.7799856066703796,data\cache\clean\test\sidset_68f0479b7dde7700\resize_0.25.jpg
sidset_6a2ca6466f80c6c2,resize_0.25,sidset,real,0,0.6432862281799316,data\cache\clean\test\sidset_6a2ca6466f80c6c2\resize_0.25.jpg
sidset_6ae976e8966ec975,resize_0.25,sidset,real,0,0.7895485758781433,data\cache\clean\test\sidset_6ae976e8966ec975\resize_0.25.jpg
sidset_6b7167d906f4ff1f,resize_0.25,sidset,real,0,0.9867194294929504,data\cache\clean\test\sidset_6b7167d906f4ff1f\resize_0.25.jpg
sidset_6b8ac1d4f89a0ffa,resize_0.25,sidset,real,0,0.7020666003227234,data\cache\clean\test\sidset_6b8ac1d4f89a0ffa\resize_0.25.jpg
sidset_6ca445fcf626607b,resize_0.25,sidset,real,0,0.6729746460914612,data\cache\clean\test\sidset_6ca445fcf626607b\resize_0.25.jpg
sidset_6fd040fe95578d90,resize_0.25,sidset,real,0,0.6939327716827393,data\cache\clean\test\sidset_6fd040fe95578d90\resize_0.25.jpg
sidset_715f3c6fc6f7ef1f,resize_0.25,sidset,real,0,0.8562942743301392,data\cache\clean\test\sidset_715f3c6fc6f7ef1f\resize_0.25.jpg
sidset_759a21da57c25774,resize_0.25,sidset,real,0,0.9897788166999817,data\cache\clean\test\sidset_759a21da57c25774\resize_0.25.jpg
sidset_7974984b83c15934,resize_0.25,sidset,real,0,0.5627586245536804,data\cache\clean\test\sidset_7974984b83c15934\resize_0.25.jpg
sidset_7d3102cbae765943,resize_0.25,sidset,real,0,0.6459242701530457,data\cache\clean\test\sidset_7d3102cbae765943\resize_0.25.jpg
sidset_7f1ce0ac000e1d6c,resize_0.25,sidset,real,0,0.808621346950531,data\cache\clean\test\sidset_7f1ce0ac000e1d6c\resize_0.25.jpg
sidset_832e43df048c6d1a,resize_0.25,sidset,real,0,0.6391528844833374,data\cache\clean\test\sidset_832e43df048c6d1a\resize_0.25.jpg
sidset_85928afd9860bcb5,resize_0.25,sidset,real,0,0.664053201675415,data\cache\clean\test\sidset_85928afd9860bcb5\resize_0.25.jpg
sidset_8619862cda88466c,resize_0.25,sidset,real,0,0.50849848985672,data\cache\clean\test\sidset_8619862cda88466c\resize_0.25.jpg
sidset_8c3549f9f22a8f34,resize_0.25,sidset,real,0,0.9556289911270142,data\cache\clean\test\sidset_8c3549f9f22a8f34\resize_0.25.jpg
sidset_8d2495ea75218578,resize_0.25,sidset,real,0,0.5897061228752136,data\cache\clean\test\sidset_8d2495ea75218578\resize_0.25.jpg
sidset_918190e0dd7fc829,resize_0.25,sidset,real,0,0.9988774657249451,data\cache\clean\test\sidset_918190e0dd7fc829\resize_0.25.jpg
sidset_966e65b2c761177f,resize_0.25,sidset,real,0,0.5335932374000549,data\cache\clean\test\sidset_966e65b2c761177f\resize_0.25.jpg
sidset_981012b937df03d0,resize_0.25,sidset,real,0,0.556411862373352,data\cache\clean\test\sidset_981012b937df03d0\resize_0.25.jpg
sidset_9811f04611ad082c,resize_0.25,sidset,real,0,0.7754091024398804,data\cache\clean\test\sidset_9811f04611ad082c\resize_0.25.jpg
sidset_9930f532d418d193,resize_0.25,sidset,real,0,0.8537517786026001,data\cache\clean\test\sidset_9930f532d418d193\resize_0.25.jpg
sidset_995429a562f1aed2,resize_0.25,sidset,real,0,0.8768048882484436,data\cache\clean\test\sidset_995429a562f1aed2\resize_0.25.jpg
sidset_9e2a9b16ff46f867,resize_0.25,sidset,real,0,0.7838062644004822,data\cache\clean\test\sidset_9e2a9b16ff46f867\resize_0.25.jpg
sidset_9eee8350ba1b12f6,resize_0.25,sidset,real,0,0.6519692540168762,data\cache\clean\test\sidset_9eee8350ba1b12f6\resize_0.25.jpg
sidset_9fc6dd13d6dbf191,resize_0.25,sidset,real,0,0.8633698225021362,data\cache\clean\test\sidset_9fc6dd13d6dbf191\resize_0.25.jpg
sidset_a3032d75347e6fa2,resize_0.25,sidset,real,0,0.982914924621582,data\cache\clean\test\sidset_a3032d75347e6fa2\resize_0.25.jpg
sidset_a4268c0135ca2c65,resize_0.25,sidset,real,0,0.6804377436637878,data\cache\clean\test\sidset_a4268c0135ca2c65\resize_0.25.jpg
sidset_a429805728e89e7d,resize_0.25,sidset,real,0,0.9708995223045349,data\cache\clean\test\sidset_a429805728e89e7d\resize_0.25.jpg
sidset_a8ad741ef85002f3,resize_0.25,sidset,real,0,0.9207673072814941,data\cache\clean\test\sidset_a8ad741ef85002f3\resize_0.25.jpg
sidset_a95cb67561b0310c,resize_0.25,sidset,real,0,0.5300608277320862,data\cache\clean\test\sidset_a95cb67561b0310c\resize_0.25.jpg
sidset_ab083d732ae4236c,resize_0.25,sidset,real,0,0.8428409695625305,data\cache\clean\test\sidset_ab083d732ae4236c\resize_0.25.jpg
sidset_ab1441008986f237,resize_0.25,sidset,real,0,0.6297751665115356,data\cache\clean\test\sidset_ab1441008986f237\resize_0.25.jpg
sidset_ac54ef2834f8bc74,resize_0.25,sidset,real,0,0.7728506922721863,data\cache\clean\test\sidset_ac54ef2834f8bc74\resize_0.25.jpg
sidset_addaecf6bdb9e66b,resize_0.25,sidset,real,0,0.9819177985191345,data\cache\clean\test\sidset_addaecf6bdb9e66b\resize_0.25.jpg
sidset_b230de6baca8d392,resize_0.25,sidset,real,0,0.9572743773460388,data\cache\clean\test\sidset_b230de6baca8d392\resize_0.25.jpg
sidset_b3d460c2a4f17eff,resize_0.25,sidset,real,0,0.5380959510803223,data\cache\clean\test\sidset_b3d460c2a4f17eff\resize_0.25.jpg
sidset_b476dc9881140333,resize_0.25,sidset,real,0,0.6099966168403625,data\cache\clean\test\sidset_b476dc9881140333\resize_0.25.jpg
sidset_b8d2d5fcb72a3a65,resize_0.25,sidset,real,0,0.6819495558738708,data\cache\clean\test\sidset_b8d2d5fcb72a3a65\resize_0.25.jpg
sidset_bafdbc8a8d68c696,resize_0.25,sidset,real,0,0.6739979982376099,data\cache\clean\test\sidset_bafdbc8a8d68c696\resize_0.25.jpg
sidset_bc70b06f0d603efd,resize_0.25,sidset,real,0,0.9993708729743958,data\cache\clean\test\sidset_bc70b06f0d603efd\resize_0.25.jpg
sidset_bddc30edb2816122,resize_0.25,sidset,real,0,0.8577378988265991,data\cache\clean\test\sidset_bddc30edb2816122\resize_0.25.jpg
sidset_be1daffd2d21411d,resize_0.25,sidset,real,0,0.9555119872093201,data\cache\clean\test\sidset_be1daffd2d21411d\resize_0.25.jpg
sidset_c104d5a827c3dc84,resize_0.25,sidset,real,0,0.985027551651001,data\cache\clean\test\sidset_c104d5a827c3dc84\resize_0.25.jpg
sidset_c3c41d4a18529a16,resize_0.25,sidset,real,0,0.6797838807106018,data\cache\clean\test\sidset_c3c41d4a18529a16\resize_0.25.jpg
sidset_c47a1c5427ee9d26,resize_0.25,sidset,real,0,0.9715083241462708,data\cache\clean\test\sidset_c47a1c5427ee9d26\resize_0.25.jpg
sidset_c5a378b0ea24d25e,resize_0.25,sidset,real,0,0.7121691703796387,data\cache\clean\test\sidset_c5a378b0ea24d25e\resize_0.25.jpg
sidset_c7d3774f16039f96,resize_0.25,sidset,real,0,0.9193828105926514,data\cache\clean\test\sidset_c7d3774f16039f96\resize_0.25.jpg
sidset_c90419b9eb89527a,resize_0.25,sidset,real,0,0.8393046259880066,data\cache\clean\test\sidset_c90419b9eb89527a\resize_0.25.jpg
sidset_cac550631e35c126,resize_0.25,sidset,real,0,0.7954800724983215,data\cache\clean\test\sidset_cac550631e35c126\resize_0.25.jpg
sidset_cb68a83278e88b9d,resize_0.25,sidset,real,0,0.551200807094574,data\cache\clean\test\sidset_cb68a83278e88b9d\resize_0.25.jpg
sidset_ce09a25a50fdfe47,resize_0.25,sidset,real,0,0.9012050628662109,data\cache\clean\test\sidset_ce09a25a50fdfe47\resize_0.25.jpg
sidset_d177df42ac3e071e,resize_0.25,sidset,real,0,0.8235723376274109,data\cache\clean\test\sidset_d177df42ac3e071e\resize_0.25.jpg
sidset_d3d78752fef3f3c4,resize_0.25,sidset,real,0,0.7770096063613892,data\cache\clean\test\sidset_d3d78752fef3f3c4\resize_0.25.jpg
sidset_d482661389f951ac,resize_0.25,sidset,real,0,0.847103476524353,data\cache\clean\test\sidset_d482661389f951ac\resize_0.25.jpg
sidset_d652dc17bb0709b8,resize_0.25,sidset,real,0,0.7597717642784119,data\cache\clean\test\sidset_d652dc17bb0709b8\resize_0.25.jpg
sidset_d8a53cf21ff3ccb4,resize_0.25,sidset,real,0,0.5130388140678406,data\cache\clean\test\sidset_d8a53cf21ff3ccb4\resize_0.25.jpg
sidset_dcc4eb3a61fc711a,resize_0.25,sidset,real,0,0.8111047744750977,data\cache\clean\test\sidset_dcc4eb3a61fc711a\resize_0.25.jpg
sidset_de2d4b37000ff09c,resize_0.25,sidset,real,0,0.5539248585700989,data\cache\clean\test\sidset_de2d4b37000ff09c\resize_0.25.jpg
sidset_df089363fbc3dff5,resize_0.25,sidset,real,0,0.9450870752334595,data\cache\clean\test\sidset_df089363fbc3dff5\resize_0.25.jpg
sidset_e14e3989daa0bebd,resize_0.25,sidset,real,0,0.5767520070075989,data\cache\clean\test\sidset_e14e3989daa0bebd\resize_0.25.jpg
sidset_e19c80d7ff2e201b,resize_0.25,sidset,real,0,0.9154075384140015,data\cache\clean\test\sidset_e19c80d7ff2e201b\resize_0.25.jpg
sidset_e1a5cac65504c6d6,resize_0.25,sidset,real,0,0.6166483759880066,data\cache\clean\test\sidset_e1a5cac65504c6d6\resize_0.25.jpg
sidset_e20f8df5bc8ae19c,resize_0.25,sidset,real,0,0.7954649925231934,data\cache\clean\test\sidset_e20f8df5bc8ae19c\resize_0.25.jpg
sidset_e547ceb84d50e7bf,resize_0.25,sidset,real,0,0.6625701189041138,data\cache\clean\test\sidset_e547ceb84d50e7bf\resize_0.25.jpg
sidset_e67f5961f8d7c753,resize_0.25,sidset,real,0,0.6515562534332275,data\cache\clean\test\sidset_e67f5961f8d7c753\resize_0.25.jpg
sidset_e7250acece7d41f5,resize_0.25,sidset,real,0,0.8804752230644226,data\cache\clean\test\sidset_e7250acece7d41f5\resize_0.25.jpg
sidset_e75efd006759f4d0,resize_0.25,sidset,real,0,0.5003339052200317,data\cache\clean\test\sidset_e75efd006759f4d0\resize_0.25.jpg
sidset_e99541e9ff8fadb2,resize_0.25,sidset,real,0,0.5222223401069641,data\cache\clean\test\sidset_e99541e9ff8fadb2\resize_0.25.jpg
sidset_ef3f636bfc78f3a5,resize_0.25,sidset,real,0,0.5162010192871094,data\cache\clean\test\sidset_ef3f636bfc78f3a5\resize_0.25.jpg
sidset_f1dcc7d3f0ff18ab,resize_0.25,sidset,real,0,0.7945173382759094,data\cache\clean\test\sidset_f1dcc7d3f0ff18ab\resize_0.25.jpg
sidset_f20a6b1e60fc7de3,resize_0.25,sidset,real,0,0.8863541483879089,data\cache\clean\test\sidset_f20a6b1e60fc7de3\resize_0.25.jpg
sidset_f250696304a3be0e,resize_0.25,sidset,real,0,0.5895789265632629,data\cache\clean\test\sidset_f250696304a3be0e\resize_0.25.jpg
sidset_fac95db1f3df9775,resize_0.25,sidset,real,0,0.9806155562400818,data\cache\clean\test\sidset_fac95db1f3df9775\resize_0.25.jpg
sidset_fb23426a994489c5,resize_0.25,sidset,real,0,0.6141139268875122,data\cache\clean\test\sidset_fb23426a994489c5\resize_0.25.jpg
sidset_fe0bec3214706d60,resize_0.25,sidset,real,0,0.7850068807601929,data\cache\clean\test\sidset_fe0bec3214706d60\resize_0.25.jpg
sidset_ffb6be41271c5645,resize_0.25,sidset,real,0,0.9734264016151428,data\cache\clean\test\sidset_ffb6be41271c5645\resize_0.25.jpg
cifake_0089 (3),resize_0.5,cifake,real,0,0.6116129755973816,data\cache\clean\test\cifake_0089 (3)\resize_0.5.jpg
cifake_0235,resize_0.5,cifake,real,0,0.5871714353561401,data\cache\clean\test\cifake_0235\resize_0.5.jpg
cifake_0343 (6),resize_0.5,cifake,real,0,0.9482755064964294,data\cache\clean\test\cifake_0343 (6)\resize_0.5.jpg
cifake_0567,resize_0.5,cifake,real,0,0.7657775282859802,data\cache\clean\test\cifake_0567\resize_0.5.jpg
cifake_0618 (3),resize_0.5,cifake,real,0,0.76870197057724,data\cache\clean\test\cifake_0618 (3)\resize_0.5.jpg
cifake_0793,resize_0.5,cifake,real,0,0.8635148406028748,data\cache\clean\test\cifake_0793\resize_0.5.jpg
cifake_0967 (9),resize_0.5,cifake,real,0,0.8287696242332458,data\cache\clean\test\cifake_0967 (9)\resize_0.5.jpg
cifake_1139,resize_0.5,cifake,real,0,0.9278132319450378,data\cache\clean\test\cifake_1139\resize_0.5.jpg
cifake_1308 (6),resize_0.5,cifake,real,0,0.5293824076652527,data\cache\clean\test\cifake_1308 (6)\resize_0.5.jpg
cifake_1974,resize_0.5,cifake,real,0,0.5072426795959473,data\cache\clean\test\cifake_1974\resize_0.5.jpg
cifake_2122,resize_0.5,cifake,real,0,0.9909743666648865,data\cache\clean\test\cifake_2122\resize_0.5.jpg
cifake_2547,resize_0.5,cifake,real,0,0.6088975667953491,data\cache\clean\test\cifake_2547\resize_0.5.jpg
cifake_2579 (8),resize_0.5,cifake,real,0,0.5458199977874756,data\cache\clean\test\cifake_2579 (8)\resize_0.5.jpg
cifake_2652 (8),resize_0.5,cifake,real,0,0.5051108598709106,data\cache\clean\test\cifake_2652 (8)\resize_0.5.jpg
cifake_2660,resize_0.5,cifake,real,0,0.8278473615646362,data\cache\clean\test\cifake_2660\resize_0.5.jpg
cifake_2874 (4),resize_0.5,cifake,real,0,0.5735830664634705,data\cache\clean\test\cifake_2874 (4)\resize_0.5.jpg
cifake_4369,resize_0.5,cifake,real,0,0.7962477803230286,data\cache\clean\test\cifake_4369\resize_0.5.jpg
cifake_4609 (2),resize_0.5,cifake,real,0,0.5152531862258911,data\cache\clean\test\cifake_4609 (2)\resize_0.5.jpg
cifake_4660 (5),resize_0.5,cifake,real,0,0.9319840669631958,data\cache\clean\test\cifake_4660 (5)\resize_0.5.jpg
cifake_4673 (5),resize_0.5,cifake,real,0,0.7563888430595398,data\cache\clean\test\cifake_4673 (5)\resize_0.5.jpg
sidset_02eb47f790cba404,resize_0.5,sidset,real,0,0.7772745490074158,data\cache\clean\test\sidset_02eb47f790cba404\resize_0.5.jpg
sidset_036df955965cb2f9,resize_0.5,sidset,real,0,0.8254671692848206,data\cache\clean\test\sidset_036df955965cb2f9\resize_0.5.jpg
sidset_038789965a8f7606,resize_0.5,sidset,real,0,0.5355953574180603,data\cache\clean\test\sidset_038789965a8f7606\resize_0.5.jpg
sidset_03a9da8756998d00,resize_0.5,sidset,real,0,0.6619445085525513,data\cache\clean\test\sidset_03a9da8756998d00\resize_0.5.jpg
sidset_03eaaa4033ae7bc3,resize_0.5,sidset,real,0,0.5308417081832886,data\cache\clean\test\sidset_03eaaa4033ae7bc3\resize_0.5.jpg
sidset_04dca235b99ad328,resize_0.5,sidset,real,0,0.881218433380127,data\cache\clean\test\sidset_04dca235b99ad328\resize_0.5.jpg
sidset_04f2ca3f7633822b,resize_0.5,sidset,real,0,0.6715764999389648,data\cache\clean\test\sidset_04f2ca3f7633822b\resize_0.5.jpg
sidset_0633fbd766934905,resize_0.5,sidset,real,0,0.7218058705329895,data\cache\clean\test\sidset_0633fbd766934905\resize_0.5.jpg
sidset_09f7329f0c1c9fd4,resize_0.5,sidset,real,0,0.6987305283546448,data\cache\clean\test\sidset_09f7329f0c1c9fd4\resize_0.5.jpg
sidset_10074342a36207e9,resize_0.5,sidset,real,0,0.7112849950790405,data\cache\clean\test\sidset_10074342a36207e9\resize_0.5.jpg
sidset_104ed9aacca56685,resize_0.5,sidset,real,0,0.8515685796737671,data\cache\clean\test\sidset_104ed9aacca56685\resize_0.5.jpg
sidset_13a6bf4eaf05914a,resize_0.5,sidset,real,0,0.5416953563690186,data\cache\clean\test\sidset_13a6bf4eaf05914a\resize_0.5.jpg
sidset_14312756c1c94efa,resize_0.5,sidset,real,0,0.5538517832756042,data\cache\clean\test\sidset_14312756c1c94efa\resize_0.5.jpg
sidset_1577f06c8ee59ef0,resize_0.5,sidset,real,0,0.5761220455169678,data\cache\clean\test\sidset_1577f06c8ee59ef0\resize_0.5.jpg
sidset_165e94520f73e349,resize_0.5,sidset,real,0,0.787091851234436,data\cache\clean\test\sidset_165e94520f73e349\resize_0.5.jpg
sidset_184bcfe0dff58976,resize_0.5,sidset,real,0,0.793171226978302,data\cache\clean\test\sidset_184bcfe0dff58976\resize_0.5.jpg
sidset_1d24e17c0f598d7a,resize_0.5,sidset,real,0,0.8244169354438782,data\cache\clean\test\sidset_1d24e17c0f598d7a\resize_0.5.jpg
sidset_1d49d26ca0273da6,resize_0.5,sidset,real,0,0.9044405221939087,data\cache\clean\test\sidset_1d49d26ca0273da6\resize_0.5.jpg
sidset_206468f74dab4d45,resize_0.5,sidset,real,0,0.5453106164932251,data\cache\clean\test\sidset_206468f74dab4d45\resize_0.5.jpg
sidset_22b07f2ffcaf319c,resize_0.5,sidset,real,0,0.5815148949623108,data\cache\clean\test\sidset_22b07f2ffcaf319c\resize_0.5.jpg
sidset_230a893e83782a7f,resize_0.5,sidset,real,0,0.7223575711250305,data\cache\clean\test\sidset_230a893e83782a7f\resize_0.5.jpg
sidset_240eaccddb6506ef,resize_0.5,sidset,real,0,0.7562292814254761,data\cache\clean\test\sidset_240eaccddb6506ef\resize_0.5.jpg
sidset_247241c5aa1f3f9c,resize_0.5,sidset,real,0,0.9876343011856079,data\cache\clean\test\sidset_247241c5aa1f3f9c\resize_0.5.jpg
sidset_249ee9deb8b187fa,resize_0.5,sidset,real,0,0.6997000575065613,data\cache\clean\test\sidset_249ee9deb8b187fa\resize_0.5.jpg
sidset_2905198a806667f8,resize_0.5,sidset,real,0,0.6780111789703369,data\cache\clean\test\sidset_2905198a806667f8\resize_0.5.jpg
sidset_2a8fb1de6042f419,resize_0.5,sidset,real,0,0.7169138193130493,data\cache\clean\test\sidset_2a8fb1de6042f419\resize_0.5.jpg
sidset_2c7cd831752d6b09,resize_0.5,sidset,real,0,0.7361823320388794,data\cache\clean\test\sidset_2c7cd831752d6b09\resize_0.5.jpg
sidset_2da45bb6ecb94767,resize_0.5,sidset,real,0,0.7356551885604858,data\cache\clean\test\sidset_2da45bb6ecb94767\resize_0.5.jpg
sidset_31f7ec5269c0f867,resize_0.5,sidset,real,0,0.5140383839607239,data\cache\clean\test\sidset_31f7ec5269c0f867\resize_0.5.jpg
sidset_326f495eb261b65e,resize_0.5,sidset,real,0,0.6038238406181335,data\cache\clean\test\sidset_326f495eb261b65e\resize_0.5.jpg
sidset_3366fe07253694af,resize_0.5,sidset,real,0,0.5278791189193726,data\cache\clean\test\sidset_3366fe07253694af\resize_0.5.jpg
sidset_3413efa4fc47b5ac,resize_0.5,sidset,real,0,0.7431302666664124,data\cache\clean\test\sidset_3413efa4fc47b5ac\resize_0.5.jpg
sidset_351df796b93ed2b5,resize_0.5,sidset,real,0,0.8633210062980652,data\cache\clean\test\sidset_351df796b93ed2b5\resize_0.5.jpg
sidset_3beca4d6152a4aa5,resize_0.5,sidset,real,0,0.6482567191123962,data\cache\clean\test\sidset_3beca4d6152a4aa5\resize_0.5.jpg
sidset_3d21129b72399ca2,resize_0.5,sidset,real,0,0.515019416809082,data\cache\clean\test\sidset_3d21129b72399ca2\resize_0.5.jpg
sidset_3fbc4c1574ef987d,resize_0.5,sidset,real,0,0.6192912459373474,data\cache\clean\test\sidset_3fbc4c1574ef987d\resize_0.5.jpg
sidset_40d5448c128a6537,resize_0.5,sidset,real,0,0.7648131847381592,data\cache\clean\test\sidset_40d5448c128a6537\resize_0.5.jpg
sidset_41fb52633e2258f5,resize_0.5,sidset,real,0,0.6094400882720947,data\cache\clean\test\sidset_41fb52633e2258f5\resize_0.5.jpg
sidset_41fcb89ff22ef83c,resize_0.5,sidset,real,0,0.5632134079933167,data\cache\clean\test\sidset_41fcb89ff22ef83c\resize_0.5.jpg
sidset_4498441c85650abb,resize_0.5,sidset,real,0,0.5640929937362671,data\cache\clean\test\sidset_4498441c85650abb\resize_0.5.jpg
sidset_4566671bd4a332e8,resize_0.5,sidset,real,0,0.6054101586341858,data\cache\clean\test\sidset_4566671bd4a332e8\resize_0.5.jpg
sidset_45a6cb8b20ae57d2,resize_0.5,sidset,real,0,0.8840694427490234,data\cache\clean\test\sidset_45a6cb8b20ae57d2\resize_0.5.jpg
sidset_47927d08b0f027e7,resize_0.5,sidset,real,0,0.9805954694747925,data\cache\clean\test\sidset_47927d08b0f027e7\resize_0.5.jpg
sidset_4c361533bba3cc71,resize_0.5,sidset,real,0,0.9558000564575195,data\cache\clean\test\sidset_4c361533bba3cc71\resize_0.5.jpg
sidset_4dd2dda240e479c1,resize_0.5,sidset,real,0,0.7581058740615845,data\cache\clean\test\sidset_4dd2dda240e479c1\resize_0.5.jpg
sidset_4e4b9b1d6e8b2aca,resize_0.5,sidset,real,0,0.6962130069732666,data\cache\clean\test\sidset_4e4b9b1d6e8b2aca\resize_0.5.jpg
sidset_50431dd2e2a3818e,resize_0.5,sidset,real,0,0.6215327382087708,data\cache\clean\test\sidset_50431dd2e2a3818e\resize_0.5.jpg
sidset_523fede5def083dd,resize_0.5,sidset,real,0,0.6074696183204651,data\cache\clean\test\sidset_523fede5def083dd\resize_0.5.jpg
sidset_52bf81b2d7f84101,resize_0.5,sidset,real,0,0.7230551838874817,data\cache\clean\test\sidset_52bf81b2d7f84101\resize_0.5.jpg
sidset_55ed6c0bbd54e07d,resize_0.5,sidset,real,0,0.9384257197380066,data\cache\clean\test\sidset_55ed6c0bbd54e07d\resize_0.5.jpg
sidset_59e78921fe0be3d3,resize_0.5,sidset,real,0,0.5760636329650879,data\cache\clean\test\sidset_59e78921fe0be3d3\resize_0.5.jpg
sidset_5a165a26bf8ca4be,resize_0.5,sidset,real,0,0.9310015439987183,data\cache\clean\test\sidset_5a165a26bf8ca4be\resize_0.5.jpg
sidset_5ae51a789c118b75,resize_0.5,sidset,real,0,0.8611401915550232,data\cache\clean\test\sidset_5ae51a789c118b75\resize_0.5.jpg
sidset_5b291a7b5ae05cf0,resize_0.5,sidset,real,0,0.5883514285087585,data\cache\clean\test\sidset_5b291a7b5ae05cf0\resize_0.5.jpg
sidset_5b8f12b78d13bfcd,resize_0.5,sidset,real,0,0.8921361565589905,data\cache\clean\test\sidset_5b8f12b78d13bfcd\resize_0.5.jpg
sidset_5ba522a91162ae70,resize_0.5,sidset,real,0,0.9937981963157654,data\cache\clean\test\sidset_5ba522a91162ae70\resize_0.5.jpg
sidset_5d6c80bf53edd038,resize_0.5,sidset,real,0,0.5866327881813049,data\cache\clean\test\sidset_5d6c80bf53edd038\resize_0.5.jpg
sidset_5fd49a9afbba9bd6,resize_0.5,sidset,real,0,0.966704785823822,data\cache\clean\test\sidset_5fd49a9afbba9bd6\resize_0.5.jpg
sidset_615f67f3acd96d5c,resize_0.5,sidset,real,0,0.9537922739982605,data\cache\clean\test\sidset_615f67f3acd96d5c\resize_0.5.jpg
sidset_61788db65ec08fe7,resize_0.5,sidset,real,0,0.5828304290771484,data\cache\clean\test\sidset_61788db65ec08fe7\resize_0.5.jpg
sidset_62d3110113ec4633,resize_0.5,sidset,real,0,0.5333581566810608,data\cache\clean\test\sidset_62d3110113ec4633\resize_0.5.jpg
sidset_6431b1bc822a7f18,resize_0.5,sidset,real,0,0.7832198143005371,data\cache\clean\test\sidset_6431b1bc822a7f18\resize_0.5.jpg
sidset_660fbbd053050f25,resize_0.5,sidset,real,0,0.8525888323783875,data\cache\clean\test\sidset_660fbbd053050f25\resize_0.5.jpg
sidset_67e679dca692a59d,resize_0.5,sidset,real,0,0.9894962906837463,data\cache\clean\test\sidset_67e679dca692a59d\resize_0.5.jpg
sidset_68f0479b7dde7700,resize_0.5,sidset,real,0,0.7710623741149902,data\cache\clean\test\sidset_68f0479b7dde7700\resize_0.5.jpg
sidset_6a2ca6466f80c6c2,resize_0.5,sidset,real,0,0.8398478031158447,data\cache\clean\test\sidset_6a2ca6466f80c6c2\resize_0.5.jpg
sidset_6a9b88d93d860623,resize_0.5,sidset,real,0,0.8068726658821106,data\cache\clean\test\sidset_6a9b88d93d860623\resize_0.5.jpg
sidset_6ae976e8966ec975,resize_0.5,sidset,real,0,0.7542781829833984,data\cache\clean\test\sidset_6ae976e8966ec975\resize_0.5.jpg
sidset_6b7167d906f4ff1f,resize_0.5,sidset,real,0,0.9731639623641968,data\cache\clean\test\sidset_6b7167d906f4ff1f\resize_0.5.jpg
sidset_6b8ac1d4f89a0ffa,resize_0.5,sidset,real,0,0.5043230056762695,data\cache\clean\test\sidset_6b8ac1d4f89a0ffa\resize_0.5.jpg
sidset_6bad0a1b36aae064,resize_0.5,sidset,real,0,0.5832988619804382,data\cache\clean\test\sidset_6bad0a1b36aae064\resize_0.5.jpg
sidset_6ca445fcf626607b,resize_0.5,sidset,real,0,0.7167225480079651,data\cache\clean\test\sidset_6ca445fcf626607b\resize_0.5.jpg
sidset_6cd755669fbaa2d8,resize_0.5,sidset,real,0,0.6450010538101196,data\cache\clean\test\sidset_6cd755669fbaa2d8\resize_0.5.jpg
sidset_6f3ce9ca0af3863c,resize_0.5,sidset,real,0,0.6312257647514343,data\cache\clean\test\sidset_6f3ce9ca0af3863c\resize_0.5.jpg
sidset_6fd040fe95578d90,resize_0.5,sidset,real,0,0.8044107556343079,data\cache\clean\test\sidset_6fd040fe95578d90\resize_0.5.jpg
sidset_715f3c6fc6f7ef1f,resize_0.5,sidset,real,0,0.9374629855155945,data\cache\clean\test\sidset_715f3c6fc6f7ef1f\resize_0.5.jpg
sidset_759a21da57c25774,resize_0.5,sidset,real,0,0.9618563652038574,data\cache\clean\test\sidset_759a21da57c25774\resize_0.5.jpg
sidset_7974984b83c15934,resize_0.5,sidset,real,0,0.5622395277023315,data\cache\clean\test\sidset_7974984b83c15934\resize_0.5.jpg
sidset_7b02c62c42c0cc7f,resize_0.5,sidset,real,0,0.524462103843689,data\cache\clean\test\sidset_7b02c62c42c0cc7f\resize_0.5.jpg
sidset_7d3102cbae765943,resize_0.5,sidset,real,0,0.6496582627296448,data\cache\clean\test\sidset_7d3102cbae765943\resize_0.5.jpg
sidset_7f1ce0ac000e1d6c,resize_0.5,sidset,real,0,0.8701159954071045,data\cache\clean\test\sidset_7f1ce0ac000e1d6c\resize_0.5.jpg
sidset_832e43df048c6d1a,resize_0.5,sidset,real,0,0.5987492203712463,data\cache\clean\test\sidset_832e43df048c6d1a\resize_0.5.jpg
sidset_85928afd9860bcb5,resize_0.5,sidset,real,0,0.6055205464363098,data\cache\clean\test\sidset_85928afd9860bcb5\resize_0.5.jpg
sidset_8619862cda88466c,resize_0.5,sidset,real,0,0.65177321434021,data\cache\clean\test\sidset_8619862cda88466c\resize_0.5.jpg
sidset_87d1c36b80601bcb,resize_0.5,sidset,real,0,0.5498485565185547,data\cache\clean\test\sidset_87d1c36b80601bcb\resize_0.5.jpg
sidset_87e6f806902a63fc,resize_0.5,sidset,real,0,0.5804997682571411,data\cache\clean\test\sidset_87e6f806902a63fc\resize_0.5.jpg
sidset_8865c586ab64c0f9,resize_0.5,sidset,real,0,0.5653165578842163,data\cache\clean\test\sidset_8865c586ab64c0f9\resize_0.5.jpg
sidset_8c3549f9f22a8f34,resize_0.5,sidset,real,0,0.9193211793899536,data\cache\clean\test\sidset_8c3549f9f22a8f34\resize_0.5.jpg
sidset_8d2495ea75218578,resize_0.5,sidset,real,0,0.6114778518676758,data\cache\clean\test\sidset_8d2495ea75218578\resize_0.5.jpg
sidset_8d98f1eeb3935d09,resize_0.5,sidset,real,0,0.5002630352973938,data\cache\clean\test\sidset_8d98f1eeb3935d09\resize_0.5.jpg
sidset_918190e0dd7fc829,resize_0.5,sidset,real,0,0.9992270469665527,data\cache\clean\test\sidset_918190e0dd7fc829\resize_0.5.jpg
sidset_966e65b2c761177f,resize_0.5,sidset,real,0,0.5199204683303833,data\cache\clean\test\sidset_966e65b2c761177f\resize_0.5.jpg
sidset_9811f04611ad082c,resize_0.5,sidset,real,0,0.673459529876709,data\cache\clean\test\sidset_9811f04611ad082c\resize_0.5.jpg
sidset_9930f532d418d193,resize_0.5,sidset,real,0,0.9001362323760986,data\cache\clean\test\sidset_9930f532d418d193\resize_0.5.jpg
sidset_995429a562f1aed2,resize_0.5,sidset,real,0,0.9616010189056396,data\cache\clean\test\sidset_995429a562f1aed2\resize_0.5.jpg
sidset_9e2a9b16ff46f867,resize_0.5,sidset,real,0,0.914925217628479,data\cache\clean\test\sidset_9e2a9b16ff46f867\resize_0.5.jpg
sidset_9fc6dd13d6dbf191,resize_0.5,sidset,real,0,0.776643693447113,data\cache\clean\test\sidset_9fc6dd13d6dbf191\resize_0.5.jpg
sidset_a3032d75347e6fa2,resize_0.5,sidset,real,0,0.9889018535614014,data\cache\clean\test\sidset_a3032d75347e6fa2\resize_0.5.jpg
sidset_a4268c0135ca2c65,resize_0.5,sidset,real,0,0.9759929776191711,data\cache\clean\test\sidset_a4268c0135ca2c65\resize_0.5.jpg
sidset_a429805728e89e7d,resize_0.5,sidset,real,0,0.9525933861732483,data\cache\clean\test\sidset_a429805728e89e7d\resize_0.5.jpg
sidset_a8ad741ef85002f3,resize_0.5,sidset,real,0,0.8012987971305847,data\cache\clean\test\sidset_a8ad741ef85002f3\resize_0.5.jpg
sidset_a95cb67561b0310c,resize_0.5,sidset,real,0,0.6293768882751465,data\cache\clean\test\sidset_a95cb67561b0310c\resize_0.5.jpg
sidset_ab083d732ae4236c,resize_0.5,sidset,real,0,0.6194663047790527,data\cache\clean\test\sidset_ab083d732ae4236c\resize_0.5.jpg
sidset_ac54ef2834f8bc74,resize_0.5,sidset,real,0,0.6951783299446106,data\cache\clean\test\sidset_ac54ef2834f8bc74\resize_0.5.jpg
sidset_addaecf6bdb9e66b,resize_0.5,sidset,real,0,0.9963961243629456,data\cache\clean\test\sidset_addaecf6bdb9e66b\resize_0.5.jpg
sidset_b230de6baca8d392,resize_0.5,sidset,real,0,0.924812912940979,data\cache\clean\test\sidset_b230de6baca8d392\resize_0.5.jpg
sidset_b3d460c2a4f17eff,resize_0.5,sidset,real,0,0.6437698006629944,data\cache\clean\test\sidset_b3d460c2a4f17eff\resize_0.5.jpg
sidset_b476dc9881140333,resize_0.5,sidset,real,0,0.5283344984054565,data\cache\clean\test\sidset_b476dc9881140333\resize_0.5.jpg
sidset_b6c1cda22555b681,resize_0.5,sidset,real,0,0.5904687643051147,data\cache\clean\test\sidset_b6c1cda22555b681\resize_0.5.jpg
sidset_b7e2bd65518fb887,resize_0.5,sidset,real,0,0.5058006048202515,data\cache\clean\test\sidset_b7e2bd65518fb887\resize_0.5.jpg
sidset_b8d2d5fcb72a3a65,resize_0.5,sidset,real,0,0.6920334696769714,data\cache\clean\test\sidset_b8d2d5fcb72a3a65\resize_0.5.jpg
sidset_bafdbc8a8d68c696,resize_0.5,sidset,real,0,0.6841639876365662,data\cache\clean\test\sidset_bafdbc8a8d68c696\resize_0.5.jpg
sidset_bc70b06f0d603efd,resize_0.5,sidset,real,0,0.9997778534889221,data\cache\clean\test\sidset_bc70b06f0d603efd\resize_0.5.jpg
sidset_bddc30edb2816122,resize_0.5,sidset,real,0,0.8362712264060974,data\cache\clean\test\sidset_bddc30edb2816122\resize_0.5.jpg
sidset_be1daffd2d21411d,resize_0.5,sidset,real,0,0.8972292542457581,data\cache\clean\test\sidset_be1daffd2d21411d\resize_0.5.jpg
sidset_c104d5a827c3dc84,resize_0.5,sidset,real,0,0.9483727216720581,data\cache\clean\test\sidset_c104d5a827c3dc84\resize_0.5.jpg
sidset_c3c41d4a18529a16,resize_0.5,sidset,real,0,0.8468151092529297,data\cache\clean\test\sidset_c3c41d4a18529a16\resize_0.5.jpg
sidset_c47a1c5427ee9d26,resize_0.5,sidset,real,0,0.8780003786087036,data\cache\clean\test\sidset_c47a1c5427ee9d26\resize_0.5.jpg
sidset_c5a378b0ea24d25e,resize_0.5,sidset,real,0,0.680000901222229,data\cache\clean\test\sidset_c5a378b0ea24d25e\resize_0.5.jpg
sidset_c5f4e20e7d2e391c,resize_0.5,sidset,real,0,0.6112926006317139,data\cache\clean\test\sidset_c5f4e20e7d2e391c\resize_0.5.jpg
sidset_c7d3774f16039f96,resize_0.5,sidset,real,0,0.5825293064117432,data\cache\clean\test\sidset_c7d3774f16039f96\resize_0.5.jpg
sidset_c90419b9eb89527a,resize_0.5,sidset,real,0,0.6536393165588379,data\cache\clean\test\sidset_c90419b9eb89527a\resize_0.5.jpg
sidset_cac550631e35c126,resize_0.5,sidset,real,0,0.8602064847946167,data\cache\clean\test\sidset_cac550631e35c126\resize_0.5.jpg
sidset_cb68a83278e88b9d,resize_0.5,sidset,real,0,0.8130886554718018,data\cache\clean\test\sidset_cb68a83278e88b9d\resize_0.5.jpg
sidset_cc4571b1efacde65,resize_0.5,sidset,real,0,0.5868114233016968,data\cache\clean\test\sidset_cc4571b1efacde65\resize_0.5.jpg
sidset_ce09a25a50fdfe47,resize_0.5,sidset,real,0,0.8370994329452515,data\cache\clean\test\sidset_ce09a25a50fdfe47\resize_0.5.jpg
sidset_d0ca13f76444d845,resize_0.5,sidset,real,0,0.6297804713249207,data\cache\clean\test\sidset_d0ca13f76444d845\resize_0.5.jpg
sidset_d1bccd9512c32cdc,resize_0.5,sidset,real,0,0.5859037637710571,data\cache\clean\test\sidset_d1bccd9512c32cdc\resize_0.5.jpg
sidset_d3d78752fef3f3c4,resize_0.5,sidset,real,0,0.6713906526565552,data\cache\clean\test\sidset_d3d78752fef3f3c4\resize_0.5.jpg
sidset_d482661389f951ac,resize_0.5,sidset,real,0,0.8362203240394592,data\cache\clean\test\sidset_d482661389f951ac\resize_0.5.jpg
sidset_d652dc17bb0709b8,resize_0.5,sidset,real,0,0.6798542737960815,data\cache\clean\test\sidset_d652dc17bb0709b8\resize_0.5.jpg
sidset_dcc4eb3a61fc711a,resize_0.5,sidset,real,0,0.7966772317886353,data\cache\clean\test\sidset_dcc4eb3a61fc711a\resize_0.5.jpg
sidset_df089363fbc3dff5,resize_0.5,sidset,real,0,0.9547309875488281,data\cache\clean\test\sidset_df089363fbc3dff5\resize_0.5.jpg
sidset_e14e3989daa0bebd,resize_0.5,sidset,real,0,0.6909044981002808,data\cache\clean\test\sidset_e14e3989daa0bebd\resize_0.5.jpg
sidset_e19c80d7ff2e201b,resize_0.5,sidset,real,0,0.9767098426818848,data\cache\clean\test\sidset_e19c80d7ff2e201b\resize_0.5.jpg
sidset_e1a5cac65504c6d6,resize_0.5,sidset,real,0,0.7357968091964722,data\cache\clean\test\sidset_e1a5cac65504c6d6\resize_0.5.jpg
sidset_e20f8df5bc8ae19c,resize_0.5,sidset,real,0,0.6669715642929077,data\cache\clean\test\sidset_e20f8df5bc8ae19c\resize_0.5.jpg
sidset_e35ca53982ee8372,resize_0.5,sidset,real,0,0.5043293833732605,data\cache\clean\test\sidset_e35ca53982ee8372\resize_0.5.jpg
sidset_e547ceb84d50e7bf,resize_0.5,sidset,real,0,0.8083165884017944,data\cache\clean\test\sidset_e547ceb84d50e7bf\resize_0.5.jpg
sidset_e67f5961f8d7c753,resize_0.5,sidset,real,0,0.8947583436965942,data\cache\clean\test\sidset_e67f5961f8d7c753\resize_0.5.jpg
sidset_e7250acece7d41f5,resize_0.5,sidset,real,0,0.8980542421340942,data\cache\clean\test\sidset_e7250acece7d41f5\resize_0.5.jpg
sidset_e99541e9ff8fadb2,resize_0.5,sidset,real,0,0.5266024470329285,data\cache\clean\test\sidset_e99541e9ff8fadb2\resize_0.5.jpg
sidset_ea40598e1128af27,resize_0.5,sidset,real,0,0.552288830280304,data\cache\clean\test\sidset_ea40598e1128af27\resize_0.5.jpg
sidset_ef3f636bfc78f3a5,resize_0.5,sidset,real,0,0.5748529434204102,data\cache\clean\test\sidset_ef3f636bfc78f3a5\resize_0.5.jpg
sidset_f1dcc7d3f0ff18ab,resize_0.5,sidset,real,0,0.665764570236206,data\cache\clean\test\sidset_f1dcc7d3f0ff18ab\resize_0.5.jpg
sidset_f20a6b1e60fc7de3,resize_0.5,sidset,real,0,0.7723546624183655,data\cache\clean\test\sidset_f20a6b1e60fc7de3\resize_0.5.jpg
sidset_f250696304a3be0e,resize_0.5,sidset,real,0,0.7168148756027222,data\cache\clean\test\sidset_f250696304a3be0e\resize_0.5.jpg
sidset_f5044c17014681a8,resize_0.5,sidset,real,0,0.6061984300613403,data\cache\clean\test\sidset_f5044c17014681a8\resize_0.5.jpg
sidset_fac95db1f3df9775,resize_0.5,sidset,real,0,0.981367290019989,data\cache\clean\test\sidset_fac95db1f3df9775\resize_0.5.jpg
sidset_ffb6be41271c5645,resize_0.5,sidset,real,0,0.9878655076026917,data\cache\clean\test\sidset_ffb6be41271c5645\resize_0.5.jpg
